frame,n_hydrophobic,n_polar,n_pos_charged,n_neg_charged,n_other,n_total,frac_hydrophobic
0,11,3,1,0,0,15,0.7333333333333333
1,13,3,1,0,0,17,0.7647058823529411
2,12,3,1,0,0,16,0.75
3,14,2,1,0,0,17,0.8235294117647058
4,14,2,1,0,0,17,0.8235294117647058
5,13,2,1,0,0,16,0.8125
6,14,2,1,0,0,17,0.8235294117647058
7,14,2,1,0,0,17,0.8235294117647058
8,12,2,1,0,0,15,0.8
9,13,3,1,0,0,17,0.7647058823529411
10,13,2,1,0,0,16,0.8125
11,9,2,1,0,0,12,0.75
12,11,2,1,0,0,14,0.7857142857142857
13,12,2,1,0,0,15,0.8
14,12,2,1,0,0,15,0.8
15,12,2,1,0,0,15,0.8
16,12,2,1,0,0,15,0.8
17,12,2,1,0,0,15,0.8
18,11,2,1,0,0,14,0.7857142857142857
19,9,2,1,0,0,12,0.75
20,12,2,1,0,0,15,0.8
21,12,2,1,0,0,15,0.8
22,11,2,1,0,0,14,0.7857142857142857
23,9,2,1,0,0,12,0.75
24,11,2,1,0,0,14,0.7857142857142857
25,12,2,1,0,0,15,0.8
26,11,2,1,0,0,14,0.7857142857142857
27,13,2,1,0,0,16,0.8125
28,11,2,1,0,0,14,0.7857142857142857
29,13,2,1,0,0,16,0.8125
30,11,2,1,0,0,14,0.7857142857142857
31,11,2,1,0,0,14,0.7857142857142857
32,11,2,1,0,0,14,0.7857142857142857
33,11,2,1,0,0,14,0.7857142857142857
34,12,2,1,0,0,15,0.8
35,11,2,1,0,0,14,0.7857142857142857
36,12,2,1,0,0,15,0.8
37,13,2,1,0,0,16,0.8125
38,10,2,1,0,0,13,0.7692307692307693
39,12,2,1,0,0,15,0.8
40,12,2,1,0,0,15,0.8
41,12,2,1,0,0,15,0.8
42,13,2,1,0,0,16,0.8125
43,9,2,1,0,0,12,0.75
44,11,2,1,0,0,14,0.7857142857142857
45,11,2,1,0,0,14,0.7857142857142857
46,13,2,1,0,0,16,0.8125
47,11,2,1,0,0,14,0.7857142857142857
48,10,1,1,0,0,12,0.8333333333333334
49,10,2,1,0,0,13,0.7692307692307693
50,11,2,1,0,0,14,0.7857142857142857
51,13,2,1,0,0,16,0.8125
52,14,2,1,0,0,17,0.8235294117647058
53,11,2,1,0,0,14,0.7857142857142857
54,11,2,1,0,0,14,0.7857142857142857
55,11,2,1,0,0,14,0.7857142857142857
56,10,2,1,0,0,13,0.7692307692307693
57,11,1,1,0,0,13,0.8461538461538461
58,9,2,1,0,0,12,0.75
59,11,2,1,0,0,14,0.7857142857142857
60,9,2,1,0,0,12,0.75
61,9,2,1,0,0,12,0.75
62,11,2,1,0,0,14,0.7857142857142857
63,10,2,1,0,0,13,0.7692307692307693
64,10,2,1,0,0,13,0.7692307692307693
65,11,2,1,0,0,14,0.7857142857142857
66,11,2,1,0,0,14,0.7857142857142857
67,11,2,1,0,0,14,0.7857142857142857
68,10,2,1,0,0,13,0.7692307692307693
69,9,2,1,0,0,12,0.75
70,14,2,1,0,0,17,0.8235294117647058
71,11,2,1,0,0,14,0.7857142857142857
72,11,2,1,0,0,14,0.7857142857142857
73,7,2,1,0,0,10,0.7
74,9,2,1,0,0,12,0.75
75,11,2,2,0,0,15,0.7333333333333333
76,10,1,2,1,0,14,0.7142857142857143
77,13,2,2,0,0,17,0.7647058823529411
78,13,2,1,0,0,16,0.8125
79,13,2,1,0,0,16,0.8125
80,12,2,1,0,0,15,0.8
81,11,2,1,0,0,14,0.7857142857142857
82,12,2,1,0,0,15,0.8
83,11,2,1,0,0,14,0.7857142857142857
84,13,2,1,0,0,16,0.8125
85,11,1,1,0,0,13,0.8461538461538461
86,12,2,1,1,0,16,0.75
87,12,2,1,0,0,15,0.8
88,11,2,1,0,0,14,0.7857142857142857
89,12,2,1,0,0,15,0.8
90,12,2,1,0,0,15,0.8
91,14,2,1,0,0,17,0.8235294117647058
92,9,2,1,0,0,12,0.75
93,12,2,1,0,0,15,0.8
94,12,2,1,0,0,15,0.8
95,14,2,1,0,0,17,0.8235294117647058
96,13,2,1,0,0,16,0.8125
97,11,2,1,0,0,14,0.7857142857142857
98,10,2,1,0,0,13,0.7692307692307693
99,10,2,1,0,0,13,0.7692307692307693
100,10,2,1,0,0,13,0.7692307692307693
101,11,2,1,0,0,14,0.7857142857142857
102,12,2,1,0,0,15,0.8
103,11,2,1,0,0,14,0.7857142857142857
104,12,2,1,0,0,15,0.8
105,15,2,1,0,0,18,0.8333333333333334
106,13,2,1,0,0,16,0.8125
107,10,2,1,0,0,13,0.7692307692307693
108,13,2,1,0,0,16,0.8125
109,12,2,1,0,0,15,0.8
110,12,2,1,0,0,15,0.8
111,12,2,1,0,0,15,0.8
112,11,2,1,0,0,14,0.7857142857142857
113,10,2,1,0,0,13,0.7692307692307693
114,11,2,1,0,0,14,0.7857142857142857
115,12,2,1,0,0,15,0.8
116,13,2,1,0,0,16,0.8125
117,13,2,1,0,0,16,0.8125
118,11,2,1,0,0,14,0.7857142857142857
119,12,2,1,0,0,15,0.8
120,13,2,1,0,0,16,0.8125
121,11,2,1,0,0,14,0.7857142857142857
122,10,2,1,0,0,13,0.7692307692307693
123,13,2,1,0,0,16,0.8125
124,12,2,1,0,0,15,0.8
125,13,2,1,0,0,16,0.8125
126,12,2,1,0,0,15,0.8
127,12,2,1,0,0,15,0.8
128,13,2,1,0,0,16,0.8125
129,14,2,1,0,0,17,0.8235294117647058
130,10,2,1,0,0,13,0.7692307692307693
131,11,2,1,0,0,14,0.7857142857142857
132,11,2,1,0,0,14,0.7857142857142857
133,13,2,1,0,0,16,0.8125
134,11,2,1,0,0,14,0.7857142857142857
135,14,2,1,0,0,17,0.8235294117647058
136,14,2,1,0,0,17,0.8235294117647058
137,13,2,1,0,0,16,0.8125
138,11,2,1,0,0,14,0.7857142857142857
139,13,2,1,0,0,16,0.8125
140,11,2,2,0,0,15,0.7333333333333333
141,10,2,2,0,0,14,0.7142857142857143
142,11,2,2,1,0,16,0.6875
143,11,2,2,0,0,15,0.7333333333333333
144,9,2,2,0,0,13,0.6923076923076923
145,13,2,2,0,0,17,0.7647058823529411
146,11,2,2,0,0,15,0.7333333333333333
147,9,1,2,1,0,13,0.6923076923076923
148,13,2,1,0,0,16,0.8125
149,11,2,1,0,0,14,0.7857142857142857
150,13,2,1,0,0,16,0.8125
151,12,2,1,0,0,15,0.8
152,12,2,1,0,0,15,0.8
153,13,2,1,0,0,16,0.8125
154,13,2,1,0,0,16,0.8125
155,12,2,1,0,0,15,0.8
156,13,2,1,0,0,16,0.8125
157,13,2,1,0,0,16,0.8125
158,13,2,2,0,0,17,0.7647058823529411
159,14,2,2,0,0,18,0.7777777777777778
160,12,2,2,0,0,16,0.75
161,13,2,2,0,0,17,0.7647058823529411
162,11,2,1,0,0,14,0.7857142857142857
163,12,2,2,0,0,16,0.75
164,12,2,2,0,0,16,0.75
165,14,2,2,0,0,18,0.7777777777777778
166,11,2,2,1,0,16,0.6875
167,13,2,2,0,0,17,0.7647058823529411
168,10,2,2,0,0,14,0.7142857142857143
169,13,2,1,0,0,16,0.8125
170,13,2,1,0,0,16,0.8125
171,14,2,1,0,0,17,0.8235294117647058
172,13,2,1,0,0,16,0.8125
173,12,2,1,0,0,15,0.8
174,13,2,1,0,0,16,0.8125
175,14,2,1,0,0,17,0.8235294117647058
176,13,2,1,0,0,16,0.8125
177,13,2,1,0,0,16,0.8125
178,12,2,1,0,0,15,0.8
179,12,2,1,0,0,15,0.8
180,12,2,1,0,0,15,0.8
181,11,2,1,0,0,14,0.7857142857142857
182,12,2,1,0,0,15,0.8
183,14,2,1,0,0,17,0.8235294117647058
184,12,2,1,0,0,15,0.8
185,11,2,2,0,0,15,0.7333333333333333
186,13,1,1,0,0,15,0.8666666666666667
187,12,2,1,0,0,15,0.8
188,13,2,1,0,0,16,0.8125
189,12,2,1,0,0,15,0.8
190,11,2,2,0,0,15,0.7333333333333333
191,11,2,2,1,0,16,0.6875
192,10,2,2,0,0,14,0.7142857142857143
193,9,2,1,0,0,12,0.75
194,13,2,2,0,0,17,0.7647058823529411
195,10,2,2,0,0,14,0.7142857142857143
196,10,2,2,0,0,14,0.7142857142857143
197,12,2,1,0,0,15,0.8
198,13,2,1,0,0,16,0.8125
199,11,2,1,0,0,14,0.7857142857142857
200,14,2,1,0,0,17,0.8235294117647058
201,12,2,1,0,0,15,0.8
202,13,2,1,0,0,16,0.8125
203,13,2,2,0,0,17,0.7647058823529411
204,14,2,2,0,0,18,0.7777777777777778
205,14,2,2,0,0,18,0.7777777777777778
206,12,2,1,0,0,15,0.8
207,13,2,1,0,0,16,0.8125
208,10,2,1,0,0,13,0.7692307692307693
209,13,2,2,0,0,17,0.7647058823529411
210,13,2,2,0,0,17,0.7647058823529411
211,12,2,2,0,0,16,0.75
212,13,2,2,0,0,17,0.7647058823529411
213,14,2,2,0,0,18,0.7777777777777778
214,12,2,2,0,0,16,0.75
215,12,2,2,0,0,16,0.75
216,12,2,2,0,0,16,0.75
217,14,2,2,0,0,18,0.7777777777777778
218,11,2,2,0,0,15,0.7333333333333333
219,11,2,2,0,0,15,0.7333333333333333
220,14,2,2,0,0,18,0.7777777777777778
221,12,2,2,0,0,16,0.75
222,11,2,2,0,0,15,0.7333333333333333
223,14,2,2,0,0,18,0.7777777777777778
224,13,2,2,0,0,17,0.7647058823529411
225,11,2,1,0,0,14,0.7857142857142857
226,13,2,2,0,0,17,0.7647058823529411
227,14,2,1,0,0,17,0.8235294117647058
228,14,2,2,0,0,18,0.7777777777777778
229,10,2,2,0,0,14,0.7142857142857143
230,13,2,2,0,0,17,0.7647058823529411
231,13,2,2,0,0,17,0.7647058823529411
232,11,2,2,0,0,15,0.7333333333333333
233,13,1,2,0,0,16,0.8125
234,12,2,2,0,0,16,0.75
235,10,2,1,0,0,13,0.7692307692307693
236,13,2,2,0,0,17,0.7647058823529411
237,11,2,2,0,0,15,0.7333333333333333
238,12,2,2,0,0,16,0.75
239,11,1,1,0,0,13,0.8461538461538461
240,14,2,2,0,0,18,0.7777777777777778
241,13,2,2,0,0,17,0.7647058823529411
242,13,2,1,0,0,16,0.8125
243,12,2,2,0,0,16,0.75
244,13,2,2,0,0,17,0.7647058823529411
245,12,2,2,0,0,16,0.75
246,12,2,2,0,0,16,0.75
247,13,2,1,0,0,16,0.8125
248,12,2,1,0,0,15,0.8
249,13,2,1,0,0,16,0.8125
250,12,2,2,0,0,16,0.75
251,14,2,2,0,0,18,0.7777777777777778
252,13,2,1,0,0,16,0.8125
253,11,2,2,0,0,15,0.7333333333333333
254,12,2,2,0,0,16,0.75
255,11,2,2,0,0,15,0.7333333333333333
256,12,1,2,0,0,15,0.8
257,12,2,2,0,0,16,0.75
258,11,2,1,0,0,14,0.7857142857142857
259,13,2,2,0,0,17,0.7647058823529411
260,12,2,2,0,0,16,0.75
261,12,1,2,0,0,15,0.8
262,15,2,2,0,0,19,0.7894736842105263
263,13,2,2,0,0,17,0.7647058823529411
264,15,2,2,0,0,19,0.7894736842105263
265,14,2,2,0,0,18,0.7777777777777778
266,14,2,2,1,0,19,0.7368421052631579
267,14,1,2,0,0,17,0.8235294117647058
268,13,2,2,0,0,17,0.7647058823529411
269,14,3,2,0,0,19,0.7368421052631579
270,15,2,2,0,0,19,0.7894736842105263
271,13,1,2,0,0,16,0.8125
272,13,2,2,0,0,17,0.7647058823529411
273,14,2,2,0,0,18,0.7777777777777778
274,12,2,2,0,0,16,0.75
275,11,2,2,1,0,16,0.6875
276,13,1,2,0,0,16,0.8125
277,11,2,2,0,0,15,0.7333333333333333
278,10,2,2,0,0,14,0.7142857142857143
279,11,2,2,1,0,16,0.6875
280,13,2,1,0,0,16,0.8125
281,9,2,2,1,0,14,0.6428571428571429
282,12,2,2,1,0,17,0.7058823529411765
283,13,2,2,0,0,17,0.7647058823529411
284,12,2,2,0,0,16,0.75
285,14,2,2,0,0,18,0.7777777777777778
286,12,2,2,0,0,16,0.75
287,12,2,2,0,0,16,0.75
288,11,2,2,0,0,15,0.7333333333333333
289,12,2,1,0,0,15,0.8
290,13,2,2,0,0,17,0.7647058823529411
291,11,2,2,0,0,15,0.7333333333333333
292,10,2,1,0,0,13,0.7692307692307693
293,11,1,1,0,0,13,0.8461538461538461
294,11,2,2,0,0,15,0.7333333333333333
295,7,2,2,0,0,11,0.6363636363636364
296,11,2,2,0,0,15,0.7333333333333333
297,10,2,2,1,0,15,0.6666666666666666
298,12,2,1,0,0,15,0.8
299,12,2,2,0,0,16,0.75
300,12,2,2,0,0,16,0.75
301,12,2,2,0,0,16,0.75
302,11,2,1,0,0,14,0.7857142857142857
303,12,2,2,0,0,16,0.75
304,11,2,2,0,0,15,0.7333333333333333
305,12,2,2,0,0,16,0.75
306,13,2,1,0,0,16,0.8125
307,12,2,1,0,0,15,0.8
308,13,2,1,0,0,16,0.8125
309,12,2,1,0,0,15,0.8
310,11,2,2,0,0,15,0.7333333333333333
311,10,2,1,0,0,13,0.7692307692307693
312,10,2,1,0,0,13,0.7692307692307693
313,12,2,2,0,0,16,0.75
314,10,2,3,1,0,16,0.625
315,8,2,3,1,0,14,0.5714285714285714
316,12,2,2,0,0,16,0.75
317,11,2,2,0,0,15,0.7333333333333333
318,10,2,2,0,0,14,0.7142857142857143
319,14,2,2,1,0,19,0.7368421052631579
320,11,2,2,0,0,15,0.7333333333333333
321,12,2,2,0,0,16,0.75
322,10,2,3,1,0,16,0.625
323,12,2,2,0,0,16,0.75
324,10,2,2,0,0,14,0.7142857142857143
325,10,2,2,0,0,14,0.7142857142857143
326,10,2,2,0,0,14,0.7142857142857143
327,10,2,2,0,0,14,0.7142857142857143
328,12,2,2,0,0,16,0.75
329,11,2,3,1,0,17,0.6470588235294118
330,8,2,2,0,0,12,0.6666666666666666
331,12,2,2,0,0,16,0.75
332,11,2,2,1,0,16,0.6875
333,10,2,3,1,0,16,0.625
334,10,2,2,1,0,15,0.6666666666666666
335,11,2,2,1,0,16,0.6875
336,11,2,2,0,0,15,0.7333333333333333
337,8,2,2,1,0,13,0.6153846153846154
338,10,2,2,0,0,14,0.7142857142857143
339,12,2,2,1,0,17,0.7058823529411765
340,9,2,2,1,0,14,0.6428571428571429
341,12,2,2,0,0,16,0.75
342,9,2,2,0,0,13,0.6923076923076923
343,11,2,2,0,0,15,0.7333333333333333
344,11,2,2,0,0,15,0.7333333333333333
345,12,2,2,0,0,16,0.75
346,10,2,2,1,0,15,0.6666666666666666
347,10,2,2,0,0,14,0.7142857142857143
348,12,2,2,0,0,16,0.75
349,10,2,2,1,0,15,0.6666666666666666
350,13,2,2,0,0,17,0.7647058823529411
351,13,2,2,0,0,17,0.7647058823529411
352,12,2,2,0,0,16,0.75
353,11,2,2,0,0,15,0.7333333333333333
354,9,2,2,0,0,13,0.6923076923076923
355,11,2,2,0,0,15,0.7333333333333333
356,12,2,1,0,0,15,0.8
357,10,2,1,0,0,13,0.7692307692307693
358,10,2,2,0,0,14,0.7142857142857143
359,12,2,2,1,0,17,0.7058823529411765
360,10,2,3,1,0,16,0.625
361,11,2,2,0,0,15,0.7333333333333333
362,11,2,2,1,0,16,0.6875
363,10,2,2,1,0,15,0.6666666666666666
364,10,2,2,1,0,15,0.6666666666666666
365,12,2,2,1,0,17,0.7058823529411765
366,11,3,2,1,0,17,0.6470588235294118
367,10,2,3,1,0,16,0.625
368,12,2,3,1,0,18,0.6666666666666666
369,11,2,1,0,0,14,0.7857142857142857
370,10,2,2,1,0,15,0.6666666666666666
371,13,2,2,1,0,18,0.7222222222222222
372,11,2,3,1,0,17,0.6470588235294118
373,12,2,3,1,0,18,0.6666666666666666
374,13,2,2,1,0,18,0.7222222222222222
375,13,2,3,1,0,19,0.6842105263157895
376,13,2,2,1,0,18,0.7222222222222222
377,11,2,3,1,0,17,0.6470588235294118
378,13,2,2,1,0,18,0.7222222222222222
379,12,2,2,0,0,16,0.75
380,13,2,2,0,0,17,0.7647058823529411
381,12,2,2,1,0,17,0.7058823529411765
382,11,2,2,1,0,16,0.6875
383,12,2,3,1,0,18,0.6666666666666666
384,10,2,2,1,0,15,0.6666666666666666
385,12,2,2,0,0,16,0.75
386,9,2,2,1,0,14,0.6428571428571429
387,10,3,2,1,0,16,0.625
388,9,2,2,1,0,14,0.6428571428571429
389,14,2,2,0,0,18,0.7777777777777778
390,12,3,3,1,0,19,0.631578947368421
391,10,2,2,1,0,15,0.6666666666666666
392,12,2,2,1,0,17,0.7058823529411765
393,10,3,2,1,0,16,0.625
394,13,2,2,0,0,17,0.7647058823529411
395,12,2,2,0,0,16,0.75
396,10,2,2,1,0,15,0.6666666666666666
397,11,1,2,1,0,15,0.7333333333333333
398,11,2,2,1,0,16,0.6875
399,13,2,2,1,0,18,0.7222222222222222
400,12,2,2,1,0,17,0.7058823529411765
401,8,2,2,1,0,13,0.6153846153846154
402,10,2,3,1,0,16,0.625
403,9,2,2,1,0,14,0.6428571428571429
404,11,2,1,0,0,14,0.7857142857142857
405,10,2,3,1,0,16,0.625
406,13,2,2,1,0,18,0.7222222222222222
407,12,2,2,1,0,17,0.7058823529411765
408,12,2,1,1,0,16,0.75
409,10,2,1,1,0,14,0.7142857142857143
410,12,2,2,1,0,17,0.7058823529411765
411,11,2,1,1,0,15,0.7333333333333333
412,13,2,1,0,0,16,0.8125
413,12,1,1,0,0,14,0.8571428571428571
414,13,2,2,0,0,17,0.7647058823529411
415,13,2,1,0,0,16,0.8125
416,12,2,2,1,0,17,0.7058823529411765
417,10,2,1,0,0,13,0.7692307692307693
418,12,2,2,0,0,16,0.75
419,11,2,2,0,0,15,0.7333333333333333
420,11,2,2,0,0,15,0.7333333333333333
421,8,2,2,0,0,12,0.6666666666666666
422,12,2,2,1,0,17,0.7058823529411765
423,12,2,2,1,0,17,0.7058823529411765
424,13,2,2,0,0,17,0.7647058823529411
425,10,2,3,1,0,16,0.625
426,10,2,2,1,0,15,0.6666666666666666
427,10,2,2,1,0,15,0.6666666666666666
428,12,2,2,1,0,17,0.7058823529411765
429,11,2,3,1,0,17,0.6470588235294118
430,11,2,2,0,0,15,0.7333333333333333
431,11,2,2,1,0,16,0.6875
432,11,2,2,1,0,16,0.6875
433,10,2,2,1,0,15,0.6666666666666666
434,11,2,2,0,0,15,0.7333333333333333
435,11,2,2,1,0,16,0.6875
436,10,2,2,0,0,14,0.7142857142857143
437,9,2,2,1,0,14,0.6428571428571429
438,12,2,2,0,0,16,0.75
439,12,2,3,1,0,18,0.6666666666666666
440,11,2,3,0,0,16,0.6875
441,12,3,2,0,0,17,0.7058823529411765
442,12,2,2,0,0,16,0.75
443,13,2,2,0,0,17,0.7647058823529411
444,12,2,1,0,0,15,0.8
445,12,2,1,0,0,15,0.8
446,10,2,1,0,0,13,0.7692307692307693
447,13,2,1,0,0,16,0.8125
448,13,2,1,0,0,16,0.8125
449,12,2,1,0,0,15,0.8
450,10,2,1,0,0,13,0.7692307692307693
451,11,2,1,0,0,14,0.7857142857142857
452,13,2,1,0,0,16,0.8125
453,13,2,1,0,0,16,0.8125
454,11,2,1,0,0,14,0.7857142857142857
455,12,2,1,0,0,15,0.8
456,13,2,1,0,0,16,0.8125
457,12,2,1,0,0,15,0.8
458,10,2,1,0,0,13,0.7692307692307693
459,12,2,1,0,0,15,0.8
460,14,1,1,0,0,16,0.875
461,12,2,1,0,0,15,0.8
462,13,2,1,0,0,16,0.8125
463,13,2,1,0,0,16,0.8125
464,11,2,1,0,0,14,0.7857142857142857
465,12,2,1,0,0,15,0.8
466,11,2,1,0,0,14,0.7857142857142857
467,13,2,1,0,0,16,0.8125
468,13,2,1,0,0,16,0.8125
469,12,3,1,0,0,16,0.75
470,11,2,1,0,0,14,0.7857142857142857
471,12,2,1,0,0,15,0.8
472,13,2,1,0,0,16,0.8125
473,13,2,1,0,0,16,0.8125
474,12,2,1,0,0,15,0.8
475,13,3,1,0,0,17,0.7647058823529411
476,13,2,1,0,0,16,0.8125
477,11,2,1,0,0,14,0.7857142857142857
478,11,2,1,0,0,14,0.7857142857142857
479,14,1,1,0,0,16,0.875
480,14,2,1,0,0,17,0.8235294117647058
481,12,1,1,0,0,14,0.8571428571428571
482,12,2,1,0,0,15,0.8
483,8,2,1,0,0,11,0.7272727272727273
484,12,2,1,0,0,15,0.8
485,12,2,1,0,0,15,0.8
486,14,2,1,0,0,17,0.8235294117647058
487,13,2,1,0,0,16,0.8125
488,10,2,1,0,0,13,0.7692307692307693
489,12,2,1,0,0,15,0.8
490,12,2,1,0,0,15,0.8
491,15,2,1,0,0,18,0.8333333333333334
492,13,1,1,0,0,15,0.8666666666666667
493,12,2,1,0,0,15,0.8
494,10,3,1,0,0,14,0.7142857142857143
495,14,1,1,0,0,16,0.875
496,13,2,1,0,0,16,0.8125
497,10,2,1,0,0,13,0.7692307692307693
498,13,2,1,0,0,16,0.8125
499,14,3,1,0,0,18,0.7777777777777778
500,13,2,1,0,0,16,0.8125
501,14,2,1,0,0,17,0.8235294117647058
502,14,2,1,0,0,17,0.8235294117647058
503,12,2,1,0,0,15,0.8
504,13,2,1,0,0,16,0.8125
505,12,2,1,0,0,15,0.8
506,12,1,1,0,0,14,0.8571428571428571
507,14,2,1,0,0,17,0.8235294117647058
508,10,2,1,0,0,13,0.7692307692307693
509,11,2,1,0,0,14,0.7857142857142857
510,14,3,1,0,0,18,0.7777777777777778
511,12,2,1,0,0,15,0.8
512,12,2,1,0,0,15,0.8
513,12,2,1,0,0,15,0.8
514,12,3,1,0,0,16,0.75
515,12,2,1,0,0,15,0.8
516,11,2,1,0,0,14,0.7857142857142857
517,13,1,1,0,0,15,0.8666666666666667
518,11,2,1,0,0,14,0.7857142857142857
519,14,2,1,0,0,17,0.8235294117647058
520,10,2,1,0,0,13,0.7692307692307693
521,12,2,1,0,0,15,0.8
522,13,3,1,0,0,17,0.7647058823529411
523,12,2,1,0,0,15,0.8
524,12,2,1,0,0,15,0.8
525,13,2,1,0,0,16,0.8125
526,13,2,1,0,0,16,0.8125
527,15,2,1,0,0,18,0.8333333333333334
528,12,2,1,0,0,15,0.8
529,13,2,1,0,0,16,0.8125
530,10,2,1,0,0,13,0.7692307692307693
531,14,2,1,0,0,17,0.8235294117647058
532,13,1,1,0,0,15,0.8666666666666667
533,11,3,1,0,0,15,0.7333333333333333
534,13,2,1,0,0,16,0.8125
535,13,2,1,0,0,16,0.8125
536,14,2,1,0,0,17,0.8235294117647058
537,13,2,1,0,0,16,0.8125
538,10,1,1,0,0,12,0.8333333333333334
539,15,2,1,0,0,18,0.8333333333333334
540,13,2,1,0,0,16,0.8125
541,12,1,1,0,0,14,0.8571428571428571
542,15,2,1,0,0,18,0.8333333333333334
543,10,2,1,0,0,13,0.7692307692307693
544,12,2,1,0,0,15,0.8
545,13,2,1,0,0,16,0.8125
546,12,1,1,0,0,14,0.8571428571428571
547,9,2,1,0,0,12,0.75
548,11,2,1,0,0,14,0.7857142857142857
549,14,2,1,0,0,17,0.8235294117647058
550,11,2,1,0,0,14,0.7857142857142857
551,13,2,1,0,0,16,0.8125
552,9,2,1,0,0,12,0.75
553,12,2,1,0,0,15,0.8
554,10,2,1,0,0,13,0.7692307692307693
555,12,2,1,0,0,15,0.8
556,13,2,1,0,0,16,0.8125
557,14,3,1,0,0,18,0.7777777777777778
558,12,2,1,0,0,15,0.8
559,12,2,1,0,0,15,0.8
560,10,2,1,0,0,13,0.7692307692307693
561,12,1,1,0,0,14,0.8571428571428571
562,12,1,1,0,0,14,0.8571428571428571
563,11,1,1,0,0,13,0.8461538461538461
564,11,2,1,0,0,14,0.7857142857142857
565,11,1,1,0,0,13,0.8461538461538461
566,13,2,1,0,0,16,0.8125
567,10,2,2,0,0,14,0.7142857142857143
568,11,2,2,0,0,15,0.7333333333333333
569,11,2,3,1,0,17,0.6470588235294118
570,11,2,1,0,0,14,0.7857142857142857
571,12,2,1,0,0,15,0.8
572,13,2,1,0,0,16,0.8125
573,13,2,1,0,0,16,0.8125
574,14,2,1,0,0,17,0.8235294117647058
575,13,1,1,0,0,15,0.8666666666666667
576,8,2,1,0,0,11,0.7272727272727273
577,10,2,2,0,0,14,0.7142857142857143
578,9,2,1,0,0,12,0.75
579,11,2,1,0,0,14,0.7857142857142857
580,13,2,1,0,0,16,0.8125
581,9,2,2,0,0,13,0.6923076923076923
582,11,1,1,0,0,13,0.8461538461538461
583,12,2,2,0,0,16,0.75
584,12,2,2,0,0,16,0.75
585,12,2,1,0,0,15,0.8
586,13,2,1,0,0,16,0.8125
587,15,2,1,0,0,18,0.8333333333333334
588,13,2,1,0,0,16,0.8125
589,11,2,1,0,0,14,0.7857142857142857
590,13,2,1,0,0,16,0.8125
591,13,2,1,0,0,16,0.8125
592,11,2,1,0,0,14,0.7857142857142857
593,11,2,1,0,0,14,0.7857142857142857
594,14,2,1,0,0,17,0.8235294117647058
595,11,2,1,0,0,14,0.7857142857142857
596,15,2,1,0,0,18,0.8333333333333334
597,14,2,1,0,0,17,0.8235294117647058
598,13,2,1,0,0,16,0.8125
599,14,2,1,0,0,17,0.8235294117647058
600,13,2,1,0,0,16,0.8125
601,13,2,1,0,0,16,0.8125
602,12,2,1,0,0,15,0.8
603,11,2,1,0,0,14,0.7857142857142857
604,12,2,1,0,0,15,0.8
605,14,2,1,0,0,17,0.8235294117647058
606,12,2,1,0,0,15,0.8
607,13,2,1,0,0,16,0.8125
608,13,2,1,0,0,16,0.8125
609,14,2,1,0,0,17,0.8235294117647058
610,14,1,1,0,0,16,0.875
611,13,2,1,0,0,16,0.8125
612,13,2,1,0,0,16,0.8125
613,11,2,1,0,0,14,0.7857142857142857
614,13,2,1,0,0,16,0.8125
615,12,2,1,0,0,15,0.8
616,11,2,1,0,0,14,0.7857142857142857
617,14,2,1,0,0,17,0.8235294117647058
618,12,2,1,0,0,15,0.8
619,12,2,1,0,0,15,0.8
620,13,2,1,0,0,16,0.8125
621,13,2,1,0,0,16,0.8125
622,14,2,1,0,0,17,0.8235294117647058
623,14,1,1,0,0,16,0.875
624,9,2,1,0,0,12,0.75
625,15,2,1,0,0,18,0.8333333333333334
626,12,2,1,0,0,15,0.8
627,13,2,1,0,0,16,0.8125
628,13,2,2,0,0,17,0.7647058823529411
629,15,2,1,0,0,18,0.8333333333333334
630,13,2,1,0,0,16,0.8125
631,15,3,1,0,0,19,0.7894736842105263
632,12,2,1,0,0,15,0.8
633,15,2,1,0,0,18,0.8333333333333334
634,14,2,2,0,0,18,0.7777777777777778
635,13,2,1,0,0,16,0.8125
636,13,2,1,0,0,16,0.8125
637,12,2,1,0,0,15,0.8
638,13,2,1,0,0,16,0.8125
639,14,2,1,0,0,17,0.8235294117647058
640,12,2,1,0,0,15,0.8
641,13,2,1,0,0,16,0.8125
642,13,2,1,0,0,16,0.8125
643,14,2,1,0,0,17,0.8235294117647058
644,13,2,2,0,0,17,0.7647058823529411
645,11,2,2,0,0,15,0.7333333333333333
646,12,2,1,0,0,15,0.8
647,11,1,1,0,0,13,0.8461538461538461
648,12,2,1,0,0,15,0.8
649,10,2,2,0,0,14,0.7142857142857143
650,14,2,1,0,0,17,0.8235294117647058
651,15,2,1,0,0,18,0.8333333333333334
652,14,2,1,0,0,17,0.8235294117647058
653,14,2,2,0,0,18,0.7777777777777778
654,14,2,2,0,0,18,0.7777777777777778
655,13,2,2,0,0,17,0.7647058823529411
656,13,2,1,0,0,16,0.8125
657,14,2,1,0,0,17,0.8235294117647058
658,13,2,1,0,0,16,0.8125
659,12,2,2,0,0,16,0.75
660,13,2,2,0,0,17,0.7647058823529411
661,11,2,2,0,0,15,0.7333333333333333
662,12,2,2,0,0,16,0.75
663,12,2,2,0,0,16,0.75
664,14,2,2,0,0,18,0.7777777777777778
665,15,3,2,0,0,20,0.75
666,13,2,2,0,0,17,0.7647058823529411
667,14,3,2,0,0,19,0.7368421052631579
668,13,2,2,0,0,17,0.7647058823529411
669,14,2,2,0,0,18,0.7777777777777778
670,14,2,2,0,0,18,0.7777777777777778
671,14,2,2,0,0,18,0.7777777777777778
672,15,3,2,0,0,20,0.75
673,16,2,2,0,0,20,0.8
674,13,2,2,0,0,17,0.7647058823529411
675,11,2,2,0,0,15,0.7333333333333333
676,14,2,2,0,0,18,0.7777777777777778
677,14,2,2,0,0,18,0.7777777777777778
678,12,2,2,0,0,16,0.75
679,15,2,2,0,0,19,0.7894736842105263
680,15,2,2,0,0,19,0.7894736842105263
681,14,2,2,0,0,18,0.7777777777777778
682,14,3,2,0,0,19,0.7368421052631579
683,14,2,2,0,0,18,0.7777777777777778
684,15,3,2,0,0,20,0.75
685,14,3,2,0,0,19,0.7368421052631579
686,15,3,2,0,0,20,0.75
687,15,3,2,0,0,20,0.75
688,15,3,2,0,0,20,0.75
689,15,3,2,0,0,20,0.75
690,14,3,2,0,0,19,0.7368421052631579
691,13,3,2,0,0,18,0.7222222222222222
692,15,3,2,0,0,20,0.75
693,14,2,2,0,0,18,0.7777777777777778
694,14,2,2,0,0,18,0.7777777777777778
695,15,2,2,0,0,19,0.7894736842105263
696,12,2,2,0,0,16,0.75
697,14,2,2,0,0,18,0.7777777777777778
698,15,2,2,0,0,19,0.7894736842105263
699,13,3,2,0,0,18,0.7222222222222222
700,14,2,2,0,0,18,0.7777777777777778
701,12,2,2,0,0,16,0.75
702,14,2,2,0,0,18,0.7777777777777778
703,13,2,2,0,0,17,0.7647058823529411
704,15,2,2,0,0,19,0.7894736842105263
705,15,2,2,0,0,19,0.7894736842105263
706,14,2,2,0,0,18,0.7777777777777778
707,13,2,2,0,0,17,0.7647058823529411
708,15,2,2,0,0,19,0.7894736842105263
709,14,2,2,0,0,18,0.7777777777777778
710,14,2,2,0,0,18,0.7777777777777778
711,11,2,2,0,0,15,0.7333333333333333
712,14,2,2,0,0,18,0.7777777777777778
713,12,2,2,0,0,16,0.75
714,14,2,2,0,0,18,0.7777777777777778
715,12,2,2,0,0,16,0.75
716,15,2,2,0,0,19,0.7894736842105263
717,15,2,2,0,0,19,0.7894736842105263
718,12,2,2,0,0,16,0.75
719,11,2,2,0,0,15,0.7333333333333333
720,14,2,2,0,0,18,0.7777777777777778
721,12,2,2,0,0,16,0.75
722,11,3,2,0,0,16,0.6875
723,13,3,2,0,0,18,0.7222222222222222
724,13,2,2,0,0,17,0.7647058823529411
725,12,3,2,0,0,17,0.7058823529411765
726,13,3,2,0,0,18,0.7222222222222222
727,13,3,2,0,0,18,0.7222222222222222
728,12,3,2,0,0,17,0.7058823529411765
729,15,2,2,0,0,19,0.7894736842105263
730,15,3,2,0,0,20,0.75
731,14,3,2,0,0,19,0.7368421052631579
732,15,3,2,0,0,20,0.75
733,15,3,2,0,0,20,0.75
734,13,2,2,0,0,17,0.7647058823529411
735,13,3,2,0,0,18,0.7222222222222222
736,14,2,2,0,0,18,0.7777777777777778
737,15,3,2,0,0,20,0.75
738,15,2,2,0,0,19,0.7894736842105263
739,15,2,2,0,0,19,0.7894736842105263
740,16,2,2,0,0,20,0.8
741,13,2,2,0,0,17,0.7647058823529411
742,16,2,2,0,0,20,0.8
743,12,2,2,0,0,16,0.75
744,14,3,2,0,0,19,0.7368421052631579
745,14,2,2,0,0,18,0.7777777777777778
746,13,2,2,0,0,17,0.7647058823529411
747,15,3,2,0,0,20,0.75
748,15,2,2,0,0,19,0.7894736842105263
749,15,2,1,0,0,18,0.8333333333333334
750,15,2,1,0,0,18,0.8333333333333334
751,14,2,1,0,0,17,0.8235294117647058
752,15,2,1,0,0,18,0.8333333333333334
753,16,2,1,0,0,19,0.8421052631578947
754,12,2,1,0,0,15,0.8
755,15,2,1,0,0,18,0.8333333333333334
756,11,2,1,0,0,14,0.7857142857142857
757,13,2,1,0,0,16,0.8125
758,14,2,1,0,0,17,0.8235294117647058
759,13,2,1,0,0,16,0.8125
760,11,2,1,0,0,14,0.7857142857142857
761,14,2,1,0,0,17,0.8235294117647058
762,17,3,1,0,0,21,0.8095238095238095
763,15,2,1,0,0,18,0.8333333333333334
764,13,3,1,0,0,17,0.7647058823529411
765,14,2,1,0,0,17,0.8235294117647058
766,13,2,1,0,0,16,0.8125
767,15,2,1,0,0,18,0.8333333333333334
768,16,3,1,0,0,20,0.8
769,15,3,1,0,0,19,0.7894736842105263
770,14,3,1,0,0,18,0.7777777777777778
771,15,3,1,0,0,19,0.7894736842105263
772,15,2,1,0,0,18,0.8333333333333334
773,14,3,1,0,0,18,0.7777777777777778
774,15,4,1,0,0,20,0.75
775,16,3,1,0,0,20,0.8
776,16,3,1,0,0,20,0.8
777,14,3,1,0,0,18,0.7777777777777778
778,13,3,1,0,0,17,0.7647058823529411
779,14,3,1,0,0,18,0.7777777777777778
780,13,3,1,0,0,17,0.7647058823529411
781,16,3,1,0,0,20,0.8
782,14,3,1,0,0,18,0.7777777777777778
783,15,3,1,0,0,19,0.7894736842105263
784,13,3,1,0,0,17,0.7647058823529411
785,15,2,1,0,0,18,0.8333333333333334
786,14,3,1,0,0,18,0.7777777777777778
787,12,3,1,0,0,16,0.75
788,15,3,1,0,0,19,0.7894736842105263
789,14,3,1,0,0,18,0.7777777777777778
790,15,3,1,0,0,19,0.7894736842105263
791,15,3,1,0,0,19,0.7894736842105263
792,14,2,1,0,0,17,0.8235294117647058
793,15,3,1,0,0,19,0.7894736842105263
794,16,3,1,0,0,20,0.8
795,15,2,1,0,0,18,0.8333333333333334
796,15,3,1,0,0,19,0.7894736842105263
797,15,2,1,0,0,18,0.8333333333333334
798,16,2,1,0,0,19,0.8421052631578947
799,14,3,1,0,0,18,0.7777777777777778
800,15,3,1,0,0,19,0.7894736842105263
801,14,2,1,0,0,17,0.8235294117647058
802,15,3,1,0,0,19,0.7894736842105263
803,15,3,1,0,0,19,0.7894736842105263
804,11,2,1,0,0,14,0.7857142857142857
805,12,3,1,0,0,16,0.75
806,15,3,1,0,0,19,0.7894736842105263
807,13,3,1,0,0,17,0.7647058823529411
808,14,3,1,0,0,18,0.7777777777777778
809,14,3,1,0,0,18,0.7777777777777778
810,15,2,1,0,0,18,0.8333333333333334
811,14,2,1,0,0,17,0.8235294117647058
812,14,2,1,0,0,17,0.8235294117647058
813,15,3,1,0,0,19,0.7894736842105263
814,13,3,1,0,0,17,0.7647058823529411
815,14,2,1,0,0,17,0.8235294117647058
816,14,2,1,0,0,17,0.8235294117647058
817,15,3,1,0,0,19,0.7894736842105263
818,14,3,1,0,0,18,0.7777777777777778
819,16,3,1,0,0,20,0.8
820,15,2,1,0,0,18,0.8333333333333334
821,14,2,1,0,0,17,0.8235294117647058
822,15,2,1,0,0,18,0.8333333333333334
823,15,3,1,0,0,19,0.7894736842105263
824,15,3,1,0,0,19,0.7894736842105263
825,16,2,1,0,0,19,0.8421052631578947
826,15,3,1,0,0,19,0.7894736842105263
827,14,2,1,0,0,17,0.8235294117647058
828,13,2,1,0,0,16,0.8125
829,16,3,1,0,0,20,0.8
830,15,3,1,0,0,19,0.7894736842105263
831,13,3,1,0,0,17,0.7647058823529411
832,14,2,1,0,0,17,0.8235294117647058
833,14,3,1,0,0,18,0.7777777777777778
834,15,3,1,0,0,19,0.7894736842105263
835,15,3,1,0,0,19,0.7894736842105263
836,16,3,1,0,0,20,0.8
837,15,2,1,0,0,18,0.8333333333333334
838,15,4,1,0,0,20,0.75
839,14,4,1,0,0,19,0.7368421052631579
840,15,3,1,0,0,19,0.7894736842105263
841,15,4,1,0,0,20,0.75
842,14,3,1,0,0,18,0.7777777777777778
843,15,3,1,0,0,19,0.7894736842105263
844,14,4,1,0,0,19,0.7368421052631579
845,15,3,1,0,0,19,0.7894736842105263
846,15,2,1,0,0,18,0.8333333333333334
847,15,3,1,0,0,19,0.7894736842105263
848,15,3,1,0,0,19,0.7894736842105263
849,13,4,1,0,0,18,0.7222222222222222
850,15,3,1,0,0,19,0.7894736842105263
851,14,3,1,0,0,18,0.7777777777777778
852,13,3,1,0,0,17,0.7647058823529411
853,15,3,1,0,0,19,0.7894736842105263
854,12,3,1,0,0,16,0.75
855,14,2,1,0,0,17,0.8235294117647058
856,15,3,1,0,0,19,0.7894736842105263
857,15,3,1,0,0,19,0.7894736842105263
858,14,3,1,0,0,18,0.7777777777777778
859,14,3,1,0,0,18,0.7777777777777778
860,15,3,1,0,0,19,0.7894736842105263
861,15,3,1,0,0,19,0.7894736842105263
862,14,3,1,0,0,18,0.7777777777777778
863,15,3,1,0,0,19,0.7894736842105263
864,15,3,1,0,0,19,0.7894736842105263
865,15,2,1,0,0,18,0.8333333333333334
866,15,3,1,0,0,19,0.7894736842105263
867,15,3,1,0,0,19,0.7894736842105263
868,13,3,1,0,0,17,0.7647058823529411
869,13,3,1,0,0,17,0.7647058823529411
870,14,3,1,0,0,18,0.7777777777777778
871,14,3,1,0,0,18,0.7777777777777778
872,15,3,1,0,0,19,0.7894736842105263
873,16,3,1,0,0,20,0.8
874,14,2,1,0,0,17,0.8235294117647058
875,14,4,1,0,0,19,0.7368421052631579
876,15,3,1,0,0,19,0.7894736842105263
877,15,4,1,0,0,20,0.75
878,13,3,1,0,0,17,0.7647058823529411
879,14,4,1,0,0,19,0.7368421052631579
880,14,3,1,0,0,18,0.7777777777777778
881,14,3,1,0,0,18,0.7777777777777778
882,14,3,1,0,0,18,0.7777777777777778
883,14,3,1,0,0,18,0.7777777777777778
884,14,3,1,0,0,18,0.7777777777777778
885,14,3,1,0,0,18,0.7777777777777778
886,15,3,1,0,0,19,0.7894736842105263
887,14,3,1,0,0,18,0.7777777777777778
888,14,3,1,0,0,18,0.7777777777777778
889,14,3,1,0,0,18,0.7777777777777778
890,15,3,1,0,0,19,0.7894736842105263
891,15,3,1,0,0,19,0.7894736842105263
892,14,3,1,0,0,18,0.7777777777777778
893,14,3,1,0,0,18,0.7777777777777778
894,15,2,1,0,0,18,0.8333333333333334
895,15,4,1,0,0,20,0.75
896,15,4,1,0,0,20,0.75
897,14,2,1,0,0,17,0.8235294117647058
898,14,4,1,0,0,19,0.7368421052631579
899,15,3,1,0,0,19,0.7894736842105263
900,14,4,1,0,0,19,0.7368421052631579
901,14,4,1,0,0,19,0.7368421052631579
902,15,2,1,0,0,18,0.8333333333333334
903,14,3,1,0,0,18,0.7777777777777778
904,13,4,1,0,0,18,0.7222222222222222
905,14,3,1,0,0,18,0.7777777777777778
906,14,3,1,0,0,18,0.7777777777777778
907,14,3,1,0,0,18,0.7777777777777778
908,13,4,1,0,0,18,0.7222222222222222
909,14,2,1,0,0,17,0.8235294117647058
910,15,2,1,0,0,18,0.8333333333333334
911,15,4,1,0,0,20,0.75
912,14,4,1,0,0,19,0.7368421052631579
913,12,4,1,0,0,17,0.7058823529411765
914,15,3,1,0,0,19,0.7894736842105263
915,15,2,1,0,0,18,0.8333333333333334
916,13,4,1,0,0,18,0.7222222222222222
917,16,2,1,0,0,19,0.8421052631578947
918,15,3,1,0,0,19,0.7894736842105263
919,14,4,1,0,0,19,0.7368421052631579
920,14,4,1,0,0,19,0.7368421052631579
921,15,3,1,0,0,19,0.7894736842105263
922,14,4,1,0,0,19,0.7368421052631579
923,15,3,1,0,0,19,0.7894736842105263
924,14,4,1,0,0,19,0.7368421052631579
925,15,2,1,0,0,18,0.8333333333333334
926,14,4,1,0,0,19,0.7368421052631579
927,13,2,1,0,0,16,0.8125
928,16,3,1,0,0,20,0.8
929,15,4,1,0,0,20,0.75
930,14,3,1,0,0,18,0.7777777777777778
931,15,3,1,0,0,19,0.7894736842105263
932,15,3,1,0,0,19,0.7894736842105263
933,15,2,1,0,0,18,0.8333333333333334
934,14,3,1,0,0,18,0.7777777777777778
935,14,4,1,0,0,19,0.7368421052631579
936,14,3,1,0,0,18,0.7777777777777778
937,15,3,1,0,0,19,0.7894736842105263
938,14,3,1,0,0,18,0.7777777777777778
939,15,3,1,0,0,19,0.7894736842105263
940,13,3,1,0,0,17,0.7647058823529411
941,14,4,1,0,0,19,0.7368421052631579
942,15,3,1,0,0,19,0.7894736842105263
943,14,3,1,0,0,18,0.7777777777777778
944,14,3,1,0,0,18,0.7777777777777778
945,15,3,1,0,0,19,0.7894736842105263
946,15,3,1,0,0,19,0.7894736842105263
947,15,3,1,0,0,19,0.7894736842105263
948,16,3,1,0,0,20,0.8
949,14,3,1,0,0,18,0.7777777777777778
950,13,3,1,0,0,17,0.7647058823529411
951,14,3,1,0,0,18,0.7777777777777778
952,15,3,1,0,0,19,0.7894736842105263
953,15,3,1,0,0,19,0.7894736842105263
954,15,4,1,0,0,20,0.75
955,13,4,1,0,0,18,0.7222222222222222
956,12,3,1,0,0,16,0.75
957,14,4,1,0,0,19,0.7368421052631579
958,14,3,1,0,0,18,0.7777777777777778
959,15,2,1,0,0,18,0.8333333333333334
960,15,3,1,0,0,19,0.7894736842105263
961,14,3,1,0,0,18,0.7777777777777778
962,15,3,1,0,0,19,0.7894736842105263
963,14,4,1,0,0,19,0.7368421052631579
964,15,3,1,0,0,19,0.7894736842105263
965,15,3,1,0,0,19,0.7894736842105263
966,14,3,1,0,0,18,0.7777777777777778
967,15,3,1,0,0,19,0.7894736842105263
968,16,4,1,0,0,21,0.7619047619047619
969,15,4,1,0,0,20,0.75
970,15,4,1,0,0,20,0.75
971,15,3,1,0,0,19,0.7894736842105263
972,13,4,1,0,0,18,0.7222222222222222
973,15,4,1,0,0,20,0.75
974,14,4,1,0,0,19,0.7368421052631579
975,15,2,1,0,0,18,0.8333333333333334
976,14,3,1,0,0,18,0.7777777777777778
977,13,4,1,0,0,18,0.7222222222222222
978,13,3,1,0,0,17,0.7647058823529411
979,16,3,1,0,0,20,0.8
980,14,3,1,0,0,18,0.7777777777777778
981,14,2,1,0,0,17,0.8235294117647058
982,13,3,1,0,0,17,0.7647058823529411
983,14,3,1,0,0,18,0.7777777777777778
984,14,3,1,0,0,18,0.7777777777777778
985,12,3,1,0,0,16,0.75
986,15,2,1,0,0,18,0.8333333333333334
987,15,2,1,0,0,18,0.8333333333333334
988,12,4,1,0,0,17,0.7058823529411765
989,15,3,1,0,0,19,0.7894736842105263
990,14,2,1,0,0,17,0.8235294117647058
991,13,3,1,0,0,17,0.7647058823529411
992,13,3,1,0,0,17,0.7647058823529411
993,15,2,1,0,0,18,0.8333333333333334
994,15,4,1,0,0,20,0.75
995,15,4,1,0,0,20,0.75
996,15,4,1,0,0,20,0.75
997,14,3,1,0,0,18,0.7777777777777778
998,14,3,1,0,0,18,0.7777777777777778
999,14,3,1,0,0,18,0.7777777777777778
1000,14,4,1,0,0,19,0.7368421052631579
1001,15,3,1,0,0,19,0.7894736842105263
1002,14,4,1,0,0,19,0.7368421052631579
1003,13,4,1,0,0,18,0.7222222222222222
1004,12,3,1,0,0,16,0.75
1005,14,3,1,0,0,18,0.7777777777777778
1006,13,4,1,0,0,18,0.7222222222222222
1007,16,3,1,0,0,20,0.8
1008,13,3,1,0,0,17,0.7647058823529411
1009,15,3,1,0,0,19,0.7894736842105263
1010,15,3,1,0,0,19,0.7894736842105263
1011,15,3,1,0,0,19,0.7894736842105263
1012,13,3,1,0,0,17,0.7647058823529411
1013,14,3,1,0,0,18,0.7777777777777778
1014,15,4,1,0,0,20,0.75
1015,15,3,1,0,0,19,0.7894736842105263
1016,14,3,1,0,0,18,0.7777777777777778
1017,14,4,1,0,0,19,0.7368421052631579
1018,15,4,1,0,0,20,0.75
1019,14,4,1,0,0,19,0.7368421052631579
1020,14,4,1,0,0,19,0.7368421052631579
1021,14,5,1,0,0,20,0.7
1022,14,4,1,0,0,19,0.7368421052631579
1023,14,5,1,0,0,20,0.7
1024,13,4,1,0,0,18,0.7222222222222222
1025,15,4,1,0,0,20,0.75
1026,15,3,1,0,0,19,0.7894736842105263
1027,14,3,1,0,0,18,0.7777777777777778
1028,12,4,1,0,0,17,0.7058823529411765
1029,15,3,1,0,0,19,0.7894736842105263
1030,14,4,1,0,0,19,0.7368421052631579
1031,15,4,1,0,0,20,0.75
1032,14,3,1,0,0,18,0.7777777777777778
1033,14,4,1,0,0,19,0.7368421052631579
1034,15,4,1,0,0,20,0.75
1035,15,3,1,0,0,19,0.7894736842105263
1036,15,3,1,0,0,19,0.7894736842105263
1037,15,4,1,0,0,20,0.75
1038,14,4,1,0,0,19,0.7368421052631579
1039,15,4,1,0,0,20,0.75
1040,16,3,1,0,0,20,0.8
1041,14,3,1,0,0,18,0.7777777777777778
1042,15,3,1,0,0,19,0.7894736842105263
1043,15,4,1,0,0,20,0.75
1044,15,3,1,0,0,19,0.7894736842105263
1045,14,2,1,0,0,17,0.8235294117647058
1046,13,3,1,0,0,17,0.7647058823529411
1047,12,2,1,0,0,15,0.8
1048,13,3,1,0,0,17,0.7647058823529411
1049,12,2,1,0,0,15,0.8
1050,14,3,1,0,0,18,0.7777777777777778
1051,14,3,1,0,0,18,0.7777777777777778
1052,13,3,1,0,0,17,0.7647058823529411
1053,13,3,1,0,0,17,0.7647058823529411
1054,12,3,1,0,0,16,0.75
1055,14,4,1,0,0,19,0.7368421052631579
1056,15,2,1,0,0,18,0.8333333333333334
1057,13,2,1,0,0,16,0.8125
1058,13,3,1,0,0,17,0.7647058823529411
1059,14,3,1,0,0,18,0.7777777777777778
1060,13,2,1,0,0,16,0.8125
1061,14,3,1,0,0,18,0.7777777777777778
1062,13,3,1,0,0,17,0.7647058823529411
1063,12,3,1,0,0,16,0.75
1064,14,4,1,0,0,19,0.7368421052631579
1065,12,3,1,0,0,16,0.75
1066,14,3,1,0,0,18,0.7777777777777778
1067,12,4,1,0,0,17,0.7058823529411765
1068,14,4,1,0,0,19,0.7368421052631579
1069,15,3,1,0,0,19,0.7894736842105263
1070,13,3,1,0,0,17,0.7647058823529411
1071,14,2,1,0,0,17,0.8235294117647058
1072,13,3,1,0,0,17,0.7647058823529411
1073,13,2,1,0,0,16,0.8125
1074,13,3,1,0,0,17,0.7647058823529411
1075,16,4,1,0,0,21,0.7619047619047619
1076,13,3,1,0,0,17,0.7647058823529411
1077,14,3,1,0,0,18,0.7777777777777778
1078,14,3,1,0,0,18,0.7777777777777778
1079,13,3,1,0,0,17,0.7647058823529411
1080,14,3,1,0,0,18,0.7777777777777778
1081,14,3,1,0,0,18,0.7777777777777778
1082,12,3,1,0,0,16,0.75
1083,14,3,1,0,0,18,0.7777777777777778
1084,13,3,1,0,0,17,0.7647058823529411
1085,14,4,1,0,0,19,0.7368421052631579
1086,13,3,1,0,0,17,0.7647058823529411
1087,13,3,1,0,0,17,0.7647058823529411
1088,13,3,1,0,0,17,0.7647058823529411
1089,13,3,1,0,0,17,0.7647058823529411
1090,14,3,1,0,0,18,0.7777777777777778
1091,14,4,1,0,0,19,0.7368421052631579
1092,14,3,1,0,0,18,0.7777777777777778
1093,12,2,1,0,0,15,0.8
1094,14,3,1,0,0,18,0.7777777777777778
1095,15,4,1,0,0,20,0.75
1096,13,3,1,0,0,17,0.7647058823529411
1097,15,3,1,0,0,19,0.7894736842105263
1098,14,3,1,0,0,18,0.7777777777777778
1099,15,2,1,0,0,18,0.8333333333333334
1100,13,3,1,0,0,17,0.7647058823529411
1101,15,3,1,0,0,19,0.7894736842105263
1102,13,3,1,0,0,17,0.7647058823529411
1103,13,3,1,0,0,17,0.7647058823529411
1104,13,4,1,0,0,18,0.7222222222222222
1105,13,3,1,0,0,17,0.7647058823529411
1106,14,4,1,0,0,19,0.7368421052631579
1107,12,3,1,0,0,16,0.75
1108,14,4,1,0,0,19,0.7368421052631579
1109,14,3,1,0,0,18,0.7777777777777778
1110,15,4,1,0,0,20,0.75
1111,12,4,1,0,0,17,0.7058823529411765
1112,13,4,1,0,0,18,0.7222222222222222
1113,14,3,1,0,0,18,0.7777777777777778
1114,15,3,1,0,0,19,0.7894736842105263
1115,16,2,1,0,0,19,0.8421052631578947
1116,14,3,1,0,0,18,0.7777777777777778
1117,15,4,1,0,0,20,0.75
1118,13,3,1,0,0,17,0.7647058823529411
1119,15,4,1,0,0,20,0.75
1120,11,5,1,0,0,17,0.6470588235294118
1121,14,4,1,0,0,19,0.7368421052631579
1122,13,3,1,0,0,17,0.7647058823529411
1123,15,4,1,0,0,20,0.75
1124,13,4,1,0,0,18,0.7222222222222222
1125,14,3,1,0,0,18,0.7777777777777778
1126,14,4,1,0,0,19,0.7368421052631579
1127,14,3,1,0,0,18,0.7777777777777778
1128,14,3,1,0,0,18,0.7777777777777778
1129,14,3,1,0,0,18,0.7777777777777778
1130,14,3,1,0,0,18,0.7777777777777778
1131,15,4,1,0,0,20,0.75
1132,12,5,1,0,0,18,0.6666666666666666
1133,13,3,1,0,0,17,0.7647058823529411
1134,14,5,1,0,0,20,0.7
1135,13,4,1,0,0,18,0.7222222222222222
1136,13,2,1,0,0,16,0.8125
1137,12,4,1,0,0,17,0.7058823529411765
1138,16,3,1,0,0,20,0.8
1139,15,3,1,0,0,19,0.7894736842105263
1140,14,3,1,0,0,18,0.7777777777777778
1141,15,3,1,0,0,19,0.7894736842105263
1142,14,3,1,0,0,18,0.7777777777777778
1143,16,3,1,0,0,20,0.8
1144,14,3,1,0,0,18,0.7777777777777778
1145,13,3,1,0,0,17,0.7647058823529411
1146,13,3,1,0,0,17,0.7647058823529411
1147,15,4,1,0,0,20,0.75
1148,15,4,1,0,0,20,0.75
1149,14,3,1,0,0,18,0.7777777777777778
1150,15,3,1,0,0,19,0.7894736842105263
1151,13,3,1,0,0,17,0.7647058823529411
1152,13,4,1,0,0,18,0.7222222222222222
1153,13,3,1,0,0,17,0.7647058823529411
1154,13,4,1,0,0,18,0.7222222222222222
1155,15,4,1,0,0,20,0.75
1156,14,5,1,0,0,20,0.7
1157,13,4,1,0,0,18,0.7222222222222222
1158,14,3,1,0,0,18,0.7777777777777778
1159,15,5,1,0,0,21,0.7142857142857143
1160,13,4,1,0,0,18,0.7222222222222222
1161,13,4,1,0,0,18,0.7222222222222222
1162,12,4,1,0,0,17,0.7058823529411765
1163,16,4,1,0,0,21,0.7619047619047619
1164,13,3,1,0,0,17,0.7647058823529411
1165,15,4,1,0,0,20,0.75
1166,13,4,1,0,0,18,0.7222222222222222
1167,12,3,1,0,0,16,0.75
1168,15,4,1,0,0,20,0.75
1169,13,3,1,0,0,17,0.7647058823529411
1170,15,3,1,0,0,19,0.7894736842105263
1171,15,3,1,0,0,19,0.7894736842105263
1172,13,4,1,0,0,18,0.7222222222222222
1173,13,4,1,0,0,18,0.7222222222222222
1174,14,3,1,0,0,18,0.7777777777777778
1175,14,3,1,0,0,18,0.7777777777777778
1176,11,3,1,0,0,15,0.7333333333333333
1177,14,4,1,0,0,19,0.7368421052631579
1178,14,4,1,0,0,19,0.7368421052631579
1179,15,3,1,0,0,19,0.7894736842105263
1180,14,3,1,0,0,18,0.7777777777777778
1181,12,4,1,0,0,17,0.7058823529411765
1182,12,3,1,0,0,16,0.75
1183,15,4,1,0,0,20,0.75
1184,12,3,1,0,0,16,0.75
1185,13,3,1,0,0,17,0.7647058823529411
1186,13,4,1,0,0,18,0.7222222222222222
1187,14,4,1,0,0,19,0.7368421052631579
1188,14,3,1,0,0,18,0.7777777777777778
1189,13,3,1,0,0,17,0.7647058823529411
1190,15,3,1,0,0,19,0.7894736842105263
1191,12,3,1,0,0,16,0.75
1192,15,4,1,0,0,20,0.75
1193,15,3,1,0,0,19,0.7894736842105263
1194,15,3,1,0,0,19,0.7894736842105263
1195,15,3,1,0,0,19,0.7894736842105263
1196,13,4,1,0,0,18,0.7222222222222222
1197,13,3,1,0,0,17,0.7647058823529411
1198,10,4,1,0,0,15,0.6666666666666666
1199,14,3,1,0,0,18,0.7777777777777778
1200,13,4,1,0,0,18,0.7222222222222222
1201,16,3,1,0,0,20,0.8
1202,13,3,1,0,0,17,0.7647058823529411
1203,14,3,1,0,0,18,0.7777777777777778
1204,12,4,1,0,0,17,0.7058823529411765
1205,12,3,1,0,0,16,0.75
1206,16,4,1,0,0,21,0.7619047619047619
1207,14,4,1,0,0,19,0.7368421052631579
1208,14,3,1,0,0,18,0.7777777777777778
1209,15,3,1,0,0,19,0.7894736842105263
1210,14,4,1,0,0,19,0.7368421052631579
1211,14,3,1,0,0,18,0.7777777777777778
1212,15,3,1,0,0,19,0.7894736842105263
1213,12,3,1,0,0,16,0.75
1214,16,4,1,0,0,21,0.7619047619047619
1215,13,3,1,0,0,17,0.7647058823529411
1216,13,2,1,0,0,16,0.8125
1217,14,4,1,0,0,19,0.7368421052631579
1218,13,3,1,0,0,17,0.7647058823529411
1219,14,4,1,0,0,19,0.7368421052631579
1220,13,3,1,0,0,17,0.7647058823529411
1221,14,3,1,0,0,18,0.7777777777777778
1222,13,3,1,0,0,17,0.7647058823529411
1223,13,4,1,0,0,18,0.7222222222222222
1224,15,4,1,0,0,20,0.75
1225,12,4,1,0,0,17,0.7058823529411765
1226,14,3,1,0,0,18,0.7777777777777778
1227,11,3,1,0,0,15,0.7333333333333333
1228,15,3,1,0,0,19,0.7894736842105263
1229,15,3,1,0,0,19,0.7894736842105263
1230,12,3,1,0,0,16,0.75
1231,13,4,1,0,0,18,0.7222222222222222
1232,12,4,1,0,0,17,0.7058823529411765
1233,14,4,1,0,0,19,0.7368421052631579
1234,14,3,1,0,0,18,0.7777777777777778
1235,12,4,1,0,0,17,0.7058823529411765
1236,13,3,1,0,0,17,0.7647058823529411
1237,12,3,1,0,0,16,0.75
1238,14,3,1,0,0,18,0.7777777777777778
1239,13,4,1,0,0,18,0.7222222222222222
1240,13,4,1,0,0,18,0.7222222222222222
1241,14,3,1,0,0,18,0.7777777777777778
1242,13,3,1,0,0,17,0.7647058823529411
1243,12,4,1,0,0,17,0.7058823529411765
1244,15,4,1,0,0,20,0.75
1245,15,3,1,0,0,19,0.7894736842105263
1246,13,3,1,0,0,17,0.7647058823529411
1247,13,4,1,0,0,18,0.7222222222222222
1248,16,3,1,0,0,20,0.8
1249,14,3,1,0,0,18,0.7777777777777778
1250,13,4,1,0,0,18,0.7222222222222222
1251,14,4,1,0,0,19,0.7368421052631579
1252,13,3,1,0,0,17,0.7647058823529411
1253,14,3,1,0,0,18,0.7777777777777778
1254,14,3,1,0,0,18,0.7777777777777778
1255,13,3,1,0,0,17,0.7647058823529411
1256,12,5,1,0,0,18,0.6666666666666666
1257,12,5,1,0,0,18,0.6666666666666666
1258,14,4,1,0,0,19,0.7368421052631579
1259,14,3,1,0,0,18,0.7777777777777778
1260,14,4,1,0,0,19,0.7368421052631579
1261,15,3,1,0,0,19,0.7894736842105263
1262,14,4,1,0,0,19,0.7368421052631579
1263,13,3,1,0,0,17,0.7647058823529411
1264,14,4,1,0,0,19,0.7368421052631579
1265,14,3,1,0,0,18,0.7777777777777778
1266,15,3,1,0,0,19,0.7894736842105263
1267,14,3,1,0,0,18,0.7777777777777778
1268,15,3,1,0,0,19,0.7894736842105263
1269,15,2,1,0,0,18,0.8333333333333334
1270,13,3,1,0,0,17,0.7647058823529411
1271,14,3,1,0,0,18,0.7777777777777778
1272,13,3,1,0,0,17,0.7647058823529411
1273,14,3,1,0,0,18,0.7777777777777778
1274,14,3,1,0,0,18,0.7777777777777778
1275,13,3,1,0,0,17,0.7647058823529411
1276,12,4,1,0,0,17,0.7058823529411765
1277,15,4,1,0,0,20,0.75
1278,11,4,1,0,0,16,0.6875
1279,13,4,1,0,0,18,0.7222222222222222
1280,14,4,1,0,0,19,0.7368421052631579
1281,14,3,1,0,0,18,0.7777777777777778
1282,12,4,1,0,0,17,0.7058823529411765
1283,12,4,1,0,0,17,0.7058823529411765
1284,13,3,1,0,0,17,0.7647058823529411
1285,13,4,1,0,0,18,0.7222222222222222
1286,13,3,1,0,0,17,0.7647058823529411
1287,14,3,1,0,0,18,0.7777777777777778
1288,11,4,1,0,0,16,0.6875
1289,14,3,1,0,0,18,0.7777777777777778
1290,14,3,1,0,0,18,0.7777777777777778
1291,13,4,1,0,0,18,0.7222222222222222
1292,14,4,1,0,0,19,0.7368421052631579
1293,14,5,1,0,0,20,0.7
1294,13,5,1,0,0,19,0.6842105263157895
1295,13,4,1,0,0,18,0.7222222222222222
1296,12,3,1,0,0,16,0.75
1297,12,4,1,0,0,17,0.7058823529411765
1298,13,3,1,0,0,17,0.7647058823529411
1299,12,3,1,0,0,16,0.75
1300,12,3,1,0,0,16,0.75
1301,13,3,1,0,0,17,0.7647058823529411
1302,12,4,1,0,0,17,0.7058823529411765
1303,12,4,1,0,0,17,0.7058823529411765
1304,14,4,1,0,0,19,0.7368421052631579
1305,15,4,1,0,0,20,0.75
1306,14,4,1,0,0,19,0.7368421052631579
1307,15,3,1,0,0,19,0.7894736842105263
1308,12,3,1,0,0,16,0.75
1309,14,3,1,0,0,18,0.7777777777777778
1310,12,3,1,0,0,16,0.75
1311,14,3,1,0,0,18,0.7777777777777778
1312,13,3,1,0,0,17,0.7647058823529411
1313,14,4,1,0,0,19,0.7368421052631579
1314,13,4,1,0,0,18,0.7222222222222222
1315,15,3,1,0,0,19,0.7894736842105263
1316,14,3,1,0,0,18,0.7777777777777778
1317,13,4,1,0,0,18,0.7222222222222222
1318,15,3,1,0,0,19,0.7894736842105263
1319,14,5,1,0,0,20,0.7
1320,15,5,1,0,0,21,0.7142857142857143
1321,13,3,1,0,0,17,0.7647058823529411
1322,15,4,1,0,0,20,0.75
1323,15,4,1,0,0,20,0.75
1324,13,3,1,0,0,17,0.7647058823529411
1325,11,4,1,0,0,16,0.6875
1326,15,3,1,0,0,19,0.7894736842105263
1327,13,4,1,0,0,18,0.7222222222222222
1328,13,3,1,0,0,17,0.7647058823529411
1329,13,3,1,0,0,17,0.7647058823529411
1330,15,3,1,0,0,19,0.7894736842105263
1331,13,4,1,0,0,18,0.7222222222222222
1332,13,3,1,0,0,17,0.7647058823529411
1333,12,4,1,0,0,17,0.7058823529411765
1334,15,3,1,0,0,19,0.7894736842105263
1335,13,4,1,0,0,18,0.7222222222222222
1336,11,4,1,0,0,16,0.6875
1337,12,4,1,0,0,17,0.7058823529411765
1338,13,4,1,0,0,18,0.7222222222222222
1339,14,4,1,0,0,19,0.7368421052631579
1340,13,3,1,0,0,17,0.7647058823529411
1341,15,5,1,0,0,21,0.7142857142857143
1342,14,3,1,0,0,18,0.7777777777777778
1343,13,3,1,0,0,17,0.7647058823529411
1344,12,4,1,0,0,17,0.7058823529411765
1345,15,3,1,0,0,19,0.7894736842105263
1346,14,4,1,0,0,19,0.7368421052631579
1347,14,3,1,0,0,18,0.7777777777777778
1348,13,3,1,0,0,17,0.7647058823529411
1349,14,3,1,0,0,18,0.7777777777777778
1350,14,3,1,0,0,18,0.7777777777777778
1351,14,2,1,0,0,17,0.8235294117647058
1352,15,2,1,0,0,18,0.8333333333333334
1353,15,3,1,0,0,19,0.7894736842105263
1354,15,2,1,0,0,18,0.8333333333333334
1355,12,2,1,0,0,15,0.8
1356,15,4,1,0,0,20,0.75
1357,14,2,1,0,0,17,0.8235294117647058
1358,15,2,1,0,0,18,0.8333333333333334
1359,13,2,0,0,0,15,0.8666666666666667
1360,15,2,1,0,0,18,0.8333333333333334
1361,14,2,1,0,0,17,0.8235294117647058
1362,15,2,1,0,0,18,0.8333333333333334
1363,13,5,1,0,0,19,0.6842105263157895
1364,13,3,1,0,0,17,0.7647058823529411
1365,13,2,1,0,0,16,0.8125
1366,14,3,1,0,0,18,0.7777777777777778
1367,14,3,1,0,0,18,0.7777777777777778
1368,14,2,1,0,0,17,0.8235294117647058
1369,15,3,0,0,0,18,0.8333333333333334
1370,13,2,1,0,0,16,0.8125
1371,14,3,1,0,0,18,0.7777777777777778
1372,13,3,1,0,0,17,0.7647058823529411
1373,13,2,1,0,0,16,0.8125
1374,12,2,1,0,0,15,0.8
1375,13,3,1,0,0,17,0.7647058823529411
1376,12,3,1,0,0,16,0.75
1377,14,3,1,0,0,18,0.7777777777777778
1378,14,3,1,0,0,18,0.7777777777777778
1379,13,3,1,0,0,17,0.7647058823529411
1380,16,2,1,0,0,19,0.8421052631578947
1381,15,2,1,0,0,18,0.8333333333333334
1382,12,3,1,0,0,16,0.75
1383,15,3,1,0,0,19,0.7894736842105263
1384,13,3,1,0,0,17,0.7647058823529411
1385,14,3,1,0,0,18,0.7777777777777778
1386,14,2,1,0,0,17,0.8235294117647058
1387,12,4,1,0,0,17,0.7058823529411765
1388,14,3,1,0,0,18,0.7777777777777778
1389,15,3,1,0,0,19,0.7894736842105263
1390,16,3,1,0,0,20,0.8
1391,15,4,1,0,0,20,0.75
1392,15,3,1,0,0,19,0.7894736842105263
1393,14,3,1,0,0,18,0.7777777777777778
1394,14,3,1,0,0,18,0.7777777777777778
1395,13,3,1,0,0,17,0.7647058823529411
1396,12,3,1,0,0,16,0.75
1397,15,3,1,0,0,19,0.7894736842105263
1398,14,3,1,0,0,18,0.7777777777777778
1399,14,3,1,0,0,18,0.7777777777777778
1400,14,3,1,0,0,18,0.7777777777777778
1401,15,3,1,0,0,19,0.7894736842105263
1402,14,3,1,0,0,18,0.7777777777777778
1403,15,4,1,0,0,20,0.75
1404,15,3,1,0,0,19,0.7894736842105263
1405,14,3,1,0,0,18,0.7777777777777778
1406,13,3,1,0,0,17,0.7647058823529411
1407,15,4,1,0,0,20,0.75
1408,15,3,1,0,0,19,0.7894736842105263
1409,15,3,1,0,0,19,0.7894736842105263
1410,12,3,1,0,0,16,0.75
1411,15,3,1,0,0,19,0.7894736842105263
1412,14,3,1,0,0,18,0.7777777777777778
1413,13,3,1,0,0,17,0.7647058823529411
1414,14,3,1,0,0,18,0.7777777777777778
1415,14,3,1,0,0,18,0.7777777777777778
1416,14,3,1,0,0,18,0.7777777777777778
1417,13,3,1,0,0,17,0.7647058823529411
1418,15,4,1,0,0,20,0.75
1419,14,3,1,0,0,18,0.7777777777777778
1420,15,4,1,0,0,20,0.75
1421,15,3,1,0,0,19,0.7894736842105263
1422,15,3,1,0,0,19,0.7894736842105263
1423,15,2,1,0,0,18,0.8333333333333334
1424,15,3,1,0,0,19,0.7894736842105263
1425,15,3,1,0,0,19,0.7894736842105263
1426,14,3,1,0,0,18,0.7777777777777778
1427,13,3,1,0,0,17,0.7647058823529411
1428,14,3,1,0,0,18,0.7777777777777778
1429,12,4,1,0,0,17,0.7058823529411765
1430,14,3,1,0,0,18,0.7777777777777778
1431,15,3,1,0,0,19,0.7894736842105263
1432,13,3,1,0,0,17,0.7647058823529411
1433,15,3,1,0,0,19,0.7894736842105263
1434,13,3,1,0,0,17,0.7647058823529411
1435,14,4,1,0,0,19,0.7368421052631579
1436,14,4,1,0,0,19,0.7368421052631579
1437,14,4,1,0,0,19,0.7368421052631579
1438,14,3,1,0,0,18,0.7777777777777778
1439,14,4,1,0,0,19,0.7368421052631579
1440,13,4,1,0,0,18,0.7222222222222222
1441,14,3,1,0,0,18,0.7777777777777778
1442,12,2,1,0,0,15,0.8
1443,14,3,1,0,0,18,0.7777777777777778
1444,15,3,1,0,0,19,0.7894736842105263
1445,14,3,1,0,0,18,0.7777777777777778
1446,15,3,1,0,0,19,0.7894736842105263
1447,14,3,1,0,0,18,0.7777777777777778
1448,14,3,1,0,0,18,0.7777777777777778
1449,15,3,1,0,0,19,0.7894736842105263
1450,14,3,1,0,0,18,0.7777777777777778
1451,11,3,1,0,0,15,0.7333333333333333
1452,11,3,1,0,0,15,0.7333333333333333
1453,12,3,1,0,0,16,0.75
1454,13,3,1,0,0,17,0.7647058823529411
1455,13,3,1,0,0,17,0.7647058823529411
1456,12,3,1,0,0,16,0.75
1457,13,3,1,0,0,17,0.7647058823529411
1458,14,3,1,0,0,18,0.7777777777777778
1459,13,3,1,0,0,17,0.7647058823529411
1460,14,3,1,0,0,18,0.7777777777777778
1461,13,3,1,0,0,17,0.7647058823529411
1462,14,2,1,0,0,17,0.8235294117647058
1463,13,3,1,0,0,17,0.7647058823529411
1464,13,3,1,0,0,17,0.7647058823529411
1465,13,3,1,0,0,17,0.7647058823529411
1466,12,2,1,0,0,15,0.8
1467,15,3,1,0,0,19,0.7894736842105263
1468,14,4,1,0,0,19,0.7368421052631579
1469,13,3,1,0,0,17,0.7647058823529411
1470,15,3,1,0,0,19,0.7894736842105263
1471,15,3,1,0,0,19,0.7894736842105263
1472,15,3,1,0,0,19,0.7894736842105263
1473,13,4,1,0,0,18,0.7222222222222222
1474,14,4,1,0,0,19,0.7368421052631579
1475,14,3,1,0,0,18,0.7777777777777778
1476,13,3,1,0,0,17,0.7647058823529411
1477,15,3,1,0,0,19,0.7894736842105263
1478,15,3,1,0,0,19,0.7894736842105263
1479,14,2,1,0,0,17,0.8235294117647058
1480,15,3,1,0,0,19,0.7894736842105263
1481,13,2,1,0,0,16,0.8125
1482,13,4,1,0,0,18,0.7222222222222222
1483,15,3,1,0,0,19,0.7894736842105263
1484,14,2,1,0,0,17,0.8235294117647058
1485,14,2,1,0,0,17,0.8235294117647058
1486,15,3,1,0,0,19,0.7894736842105263
1487,14,3,1,0,0,18,0.7777777777777778
1488,14,3,1,0,0,18,0.7777777777777778
1489,14,3,1,0,0,18,0.7777777777777778
1490,15,3,1,0,0,19,0.7894736842105263
1491,14,3,1,0,0,18,0.7777777777777778
1492,14,3,1,0,0,18,0.7777777777777778
1493,13,3,1,0,0,17,0.7647058823529411
1494,15,3,1,0,0,19,0.7894736842105263
1495,14,3,1,0,0,18,0.7777777777777778
1496,13,3,1,0,0,17,0.7647058823529411
1497,14,3,1,0,0,18,0.7777777777777778
1498,12,3,1,0,0,16,0.75
1499,13,3,1,0,0,17,0.7647058823529411
1500,15,3,1,0,0,19,0.7894736842105263
1501,14,3,1,0,0,18,0.7777777777777778
1502,13,3,1,0,0,17,0.7647058823529411
1503,13,2,1,0,0,16,0.8125
1504,12,3,1,0,0,16,0.75
1505,13,3,1,0,0,17,0.7647058823529411
1506,15,3,1,0,0,19,0.7894736842105263
1507,14,3,1,0,0,18,0.7777777777777778
1508,15,3,1,0,0,19,0.7894736842105263
1509,14,3,1,0,0,18,0.7777777777777778
1510,15,3,1,0,0,19,0.7894736842105263
1511,14,4,1,0,0,19,0.7368421052631579
1512,13,3,1,0,0,17,0.7647058823529411
1513,14,4,1,0,0,19,0.7368421052631579
1514,13,3,1,0,0,17,0.7647058823529411
1515,13,3,1,0,0,17,0.7647058823529411
1516,13,3,1,0,0,17,0.7647058823529411
1517,14,4,1,0,0,19,0.7368421052631579
1518,14,3,1,0,0,18,0.7777777777777778
1519,14,3,1,0,0,18,0.7777777777777778
1520,14,3,1,0,0,18,0.7777777777777778
1521,14,3,1,0,0,18,0.7777777777777778
1522,15,4,1,0,0,20,0.75
1523,13,4,1,0,0,18,0.7222222222222222
1524,14,3,1,0,0,18,0.7777777777777778
1525,14,4,1,0,0,19,0.7368421052631579
1526,14,3,1,0,0,18,0.7777777777777778
1527,13,3,1,0,0,17,0.7647058823529411
1528,15,3,1,0,0,19,0.7894736842105263
1529,14,3,1,0,0,18,0.7777777777777778
1530,14,3,1,0,0,18,0.7777777777777778
1531,13,3,1,0,0,17,0.7647058823529411
1532,15,3,1,0,0,19,0.7894736842105263
1533,13,3,1,0,0,17,0.7647058823529411
1534,14,3,1,0,0,18,0.7777777777777778
1535,15,2,1,0,0,18,0.8333333333333334
1536,13,3,1,0,0,17,0.7647058823529411
1537,15,3,1,0,0,19,0.7894736842105263
1538,14,3,1,0,0,18,0.7777777777777778
1539,15,3,1,0,0,19,0.7894736842105263
1540,13,3,1,0,0,17,0.7647058823529411
1541,13,3,1,0,0,17,0.7647058823529411
1542,14,3,1,0,0,18,0.7777777777777778
1543,15,3,1,0,0,19,0.7894736842105263
1544,14,3,1,0,0,18,0.7777777777777778
1545,14,3,1,0,0,18,0.7777777777777778
1546,13,3,1,0,0,17,0.7647058823529411
1547,15,3,1,0,0,19,0.7894736842105263
1548,16,2,1,0,0,19,0.8421052631578947
1549,15,2,1,0,0,18,0.8333333333333334
1550,12,2,1,0,0,15,0.8
1551,13,3,1,0,0,17,0.7647058823529411
1552,14,3,1,0,0,18,0.7777777777777778
1553,13,3,1,0,0,17,0.7647058823529411
1554,12,3,1,0,0,16,0.75
1555,14,3,1,0,0,18,0.7777777777777778
1556,14,4,1,0,0,19,0.7368421052631579
1557,15,3,1,0,0,19,0.7894736842105263
1558,15,3,1,0,0,19,0.7894736842105263
1559,13,4,1,0,0,18,0.7222222222222222
1560,12,3,1,0,0,16,0.75
1561,14,3,1,0,0,18,0.7777777777777778
1562,15,3,1,0,0,19,0.7894736842105263
1563,13,2,1,0,0,16,0.8125
1564,14,4,1,0,0,19,0.7368421052631579
1565,15,3,1,0,0,19,0.7894736842105263
1566,14,3,1,0,0,18,0.7777777777777778
1567,14,3,1,0,0,18,0.7777777777777778
1568,15,3,1,0,0,19,0.7894736842105263
1569,14,3,1,0,0,18,0.7777777777777778
1570,14,3,1,0,0,18,0.7777777777777778
1571,13,3,1,0,0,17,0.7647058823529411
1572,14,3,1,0,0,18,0.7777777777777778
1573,14,3,1,0,0,18,0.7777777777777778
1574,13,3,1,0,0,17,0.7647058823529411
1575,13,4,1,0,0,18,0.7222222222222222
1576,15,3,1,0,0,19,0.7894736842105263
1577,14,3,1,0,0,18,0.7777777777777778
1578,12,3,1,0,0,16,0.75
1579,15,4,1,0,0,20,0.75
1580,13,3,1,0,0,17,0.7647058823529411
1581,14,4,1,0,0,19,0.7368421052631579
1582,14,3,1,0,0,18,0.7777777777777778
1583,15,3,1,0,0,19,0.7894736842105263
1584,13,3,1,0,0,17,0.7647058823529411
1585,14,3,1,0,0,18,0.7777777777777778
1586,15,3,1,0,0,19,0.7894736842105263
1587,13,3,1,0,0,17,0.7647058823529411
1588,14,3,1,0,0,18,0.7777777777777778
1589,14,2,1,0,0,17,0.8235294117647058
1590,14,3,1,0,0,18,0.7777777777777778
1591,14,3,1,0,0,18,0.7777777777777778
1592,14,3,1,0,0,18,0.7777777777777778
1593,16,2,1,0,0,19,0.8421052631578947
1594,13,3,1,0,0,17,0.7647058823529411
1595,13,3,1,0,0,17,0.7647058823529411
1596,15,3,1,0,0,19,0.7894736842105263
1597,14,3,1,0,0,18,0.7777777777777778
1598,13,3,1,0,0,17,0.7647058823529411
1599,13,4,1,0,0,18,0.7222222222222222
1600,12,3,1,0,0,16,0.75
1601,14,3,1,0,0,18,0.7777777777777778
1602,15,3,1,0,0,19,0.7894736842105263
1603,13,3,1,0,0,17,0.7647058823529411
1604,12,3,1,0,0,16,0.75
1605,12,3,1,0,0,16,0.75
1606,14,4,1,0,0,19,0.7368421052631579
1607,13,3,1,0,0,17,0.7647058823529411
1608,13,3,1,0,0,17,0.7647058823529411
1609,14,3,1,0,0,18,0.7777777777777778
1610,15,3,1,0,0,19,0.7894736842105263
1611,13,3,1,0,0,17,0.7647058823529411
1612,14,3,1,0,0,18,0.7777777777777778
1613,14,3,1,0,0,18,0.7777777777777778
1614,13,3,1,0,0,17,0.7647058823529411
1615,14,3,1,0,0,18,0.7777777777777778
1616,14,3,1,0,0,18,0.7777777777777778
1617,14,3,1,0,0,18,0.7777777777777778
1618,15,3,1,0,0,19,0.7894736842105263
1619,14,3,1,0,0,18,0.7777777777777778
1620,14,4,1,0,0,19,0.7368421052631579
1621,14,3,1,0,0,18,0.7777777777777778
1622,15,3,1,0,0,19,0.7894736842105263
1623,14,3,1,0,0,18,0.7777777777777778
1624,15,3,1,0,0,19,0.7894736842105263
1625,15,3,1,0,0,19,0.7894736842105263
1626,12,3,1,0,0,16,0.75
1627,13,3,1,0,0,17,0.7647058823529411
1628,15,3,1,0,0,19,0.7894736842105263
1629,15,3,1,0,0,19,0.7894736842105263
1630,14,3,1,0,0,18,0.7777777777777778
1631,14,3,1,0,0,18,0.7777777777777778
1632,15,2,1,0,0,18,0.8333333333333334
1633,13,3,1,0,0,17,0.7647058823529411
1634,12,3,1,0,0,16,0.75
1635,14,3,1,0,0,18,0.7777777777777778
1636,15,3,1,0,0,19,0.7894736842105263
1637,14,2,1,0,0,17,0.8235294117647058
1638,15,3,1,0,0,19,0.7894736842105263
1639,14,3,1,0,0,18,0.7777777777777778
1640,14,3,1,0,0,18,0.7777777777777778
1641,15,2,1,0,0,18,0.8333333333333334
1642,15,3,1,0,0,19,0.7894736842105263
1643,15,3,1,0,0,19,0.7894736842105263
1644,12,3,1,0,0,16,0.75
1645,14,3,1,0,0,18,0.7777777777777778
1646,15,3,1,0,0,19,0.7894736842105263
1647,15,2,1,0,0,18,0.8333333333333334
1648,15,2,1,0,0,18,0.8333333333333334
1649,15,3,1,0,0,19,0.7894736842105263
1650,14,3,1,0,0,18,0.7777777777777778
1651,14,3,1,0,0,18,0.7777777777777778
1652,13,4,1,0,0,18,0.7222222222222222
1653,13,3,1,0,0,17,0.7647058823529411
1654,15,4,1,0,0,20,0.75
1655,16,3,1,0,0,20,0.8
1656,13,4,1,0,0,18,0.7222222222222222
1657,14,3,1,0,0,18,0.7777777777777778
1658,14,4,1,0,0,19,0.7368421052631579
1659,13,4,1,0,0,18,0.7222222222222222
1660,15,4,1,0,0,20,0.75
1661,15,4,1,1,0,21,0.7142857142857143
1662,12,4,1,0,0,17,0.7058823529411765
1663,14,4,1,0,0,19,0.7368421052631579
1664,15,4,1,0,0,20,0.75
1665,13,4,1,0,0,18,0.7222222222222222
1666,14,4,1,0,0,19,0.7368421052631579
1667,15,4,1,0,0,20,0.75
1668,14,3,1,0,0,18,0.7777777777777778
1669,14,3,1,0,0,18,0.7777777777777778
1670,15,3,1,0,0,19,0.7894736842105263
1671,14,4,1,0,0,19,0.7368421052631579
1672,15,4,1,0,0,20,0.75
1673,15,3,1,0,0,19,0.7894736842105263
1674,14,3,1,0,0,18,0.7777777777777778
1675,15,3,1,0,0,19,0.7894736842105263
1676,13,3,1,0,0,17,0.7647058823529411
1677,15,3,1,0,0,19,0.7894736842105263
1678,13,3,1,0,0,17,0.7647058823529411
1679,12,3,1,0,0,16,0.75
1680,13,3,1,0,0,17,0.7647058823529411
1681,14,3,1,0,0,18,0.7777777777777778
1682,14,3,1,0,0,18,0.7777777777777778
1683,14,3,1,0,0,18,0.7777777777777778
1684,14,2,1,0,0,17,0.8235294117647058
1685,15,3,1,0,0,19,0.7894736842105263
1686,14,3,1,0,0,18,0.7777777777777778
1687,13,4,1,0,0,18,0.7222222222222222
1688,15,4,1,0,0,20,0.75
1689,14,4,1,0,0,19,0.7368421052631579
1690,14,4,1,0,0,19,0.7368421052631579
1691,16,3,1,0,0,20,0.8
1692,14,3,1,0,0,18,0.7777777777777778
1693,15,3,1,0,0,19,0.7894736842105263
1694,14,3,1,0,0,18,0.7777777777777778
1695,16,3,1,0,0,20,0.8
1696,14,3,1,0,0,18,0.7777777777777778
1697,15,3,1,0,0,19,0.7894736842105263
1698,12,4,1,0,0,17,0.7058823529411765
1699,15,3,1,0,0,19,0.7894736842105263
1700,15,4,1,0,0,20,0.75
1701,15,3,1,0,0,19,0.7894736842105263
1702,15,3,1,0,0,19,0.7894736842105263
1703,15,4,1,0,0,20,0.75
1704,15,4,1,0,0,20,0.75
1705,15,3,1,0,0,19,0.7894736842105263
1706,15,3,1,0,0,19,0.7894736842105263
1707,14,3,1,0,0,18,0.7777777777777778
1708,13,3,1,0,0,17,0.7647058823529411
1709,13,3,1,0,0,17,0.7647058823529411
1710,13,2,1,0,0,16,0.8125
1711,14,3,1,0,0,18,0.7777777777777778
1712,14,3,1,0,0,18,0.7777777777777778
1713,13,3,1,0,0,17,0.7647058823529411
1714,14,3,1,0,0,18,0.7777777777777778
1715,13,3,1,0,0,17,0.7647058823529411
1716,14,3,1,0,0,18,0.7777777777777778
1717,15,3,1,0,0,19,0.7894736842105263
1718,14,3,1,0,0,18,0.7777777777777778
1719,13,4,1,0,0,18,0.7222222222222222
1720,14,3,1,0,0,18,0.7777777777777778
1721,13,3,1,0,0,17,0.7647058823529411
1722,14,4,1,0,0,19,0.7368421052631579
1723,15,4,1,0,0,20,0.75
1724,14,4,1,0,0,19,0.7368421052631579
1725,13,3,1,0,0,17,0.7647058823529411
1726,14,2,1,0,0,17,0.8235294117647058
1727,16,2,1,0,0,19,0.8421052631578947
1728,14,3,1,0,0,18,0.7777777777777778
1729,14,3,1,0,0,18,0.7777777777777778
1730,13,3,1,0,0,17,0.7647058823529411
1731,14,3,1,0,0,18,0.7777777777777778
1732,14,3,1,0,0,18,0.7777777777777778
1733,14,4,1,0,0,19,0.7368421052631579
1734,15,3,1,0,0,19,0.7894736842105263
1735,14,4,1,0,0,19,0.7368421052631579
1736,15,4,1,0,0,20,0.75
1737,15,3,1,0,0,19,0.7894736842105263
1738,15,3,1,0,0,19,0.7894736842105263
1739,14,4,1,0,0,19,0.7368421052631579
1740,14,3,1,0,0,18,0.7777777777777778
1741,13,3,1,0,0,17,0.7647058823529411
1742,14,3,1,0,0,18,0.7777777777777778
1743,15,3,1,0,0,19,0.7894736842105263
1744,14,3,1,0,0,18,0.7777777777777778
1745,13,3,1,0,0,17,0.7647058823529411
1746,13,3,1,0,0,17,0.7647058823529411
1747,13,3,1,0,0,17,0.7647058823529411
1748,13,3,1,0,0,17,0.7647058823529411
1749,15,3,1,0,0,19,0.7894736842105263
1750,15,4,1,0,0,20,0.75
1751,15,4,1,0,0,20,0.75
1752,15,2,1,0,0,18,0.8333333333333334
1753,14,3,1,0,0,18,0.7777777777777778
1754,15,3,1,0,0,19,0.7894736842105263
1755,14,3,1,0,0,18,0.7777777777777778
1756,14,4,1,0,0,19,0.7368421052631579
1757,15,3,1,0,0,19,0.7894736842105263
1758,14,4,1,0,0,19,0.7368421052631579
1759,15,3,1,0,0,19,0.7894736842105263
1760,14,3,1,0,0,18,0.7777777777777778
1761,15,3,1,0,0,19,0.7894736842105263
1762,14,3,1,0,0,18,0.7777777777777778
1763,12,3,1,0,0,16,0.75
1764,15,4,1,0,0,20,0.75
1765,13,4,1,0,0,18,0.7222222222222222
1766,13,3,1,0,0,17,0.7647058823529411
1767,15,3,1,0,0,19,0.7894736842105263
1768,15,3,1,0,0,19,0.7894736842105263
1769,14,3,1,0,0,18,0.7777777777777778
1770,15,3,1,0,0,19,0.7894736842105263
1771,14,3,1,0,0,18,0.7777777777777778
1772,15,3,1,0,0,19,0.7894736842105263
1773,15,3,1,0,0,19,0.7894736842105263
1774,14,3,1,0,0,18,0.7777777777777778
1775,15,3,1,0,0,19,0.7894736842105263
1776,13,3,1,0,0,17,0.7647058823529411
1777,14,3,1,0,0,18,0.7777777777777778
1778,14,3,1,0,0,18,0.7777777777777778
1779,15,4,1,0,0,20,0.75
1780,15,3,1,0,0,19,0.7894736842105263
1781,16,4,1,0,0,21,0.7619047619047619
1782,14,3,1,0,0,18,0.7777777777777778
1783,14,3,1,0,0,18,0.7777777777777778
1784,14,3,1,0,0,18,0.7777777777777778
1785,15,4,1,0,0,20,0.75
1786,16,3,1,0,0,20,0.8
1787,14,3,1,0,0,18,0.7777777777777778
1788,14,4,1,0,0,19,0.7368421052631579
1789,16,4,1,0,0,21,0.7619047619047619
1790,16,3,1,0,0,20,0.8
1791,14,3,1,0,0,18,0.7777777777777778
1792,13,3,1,0,0,17,0.7647058823529411
1793,14,3,1,0,0,18,0.7777777777777778
1794,15,3,1,0,0,19,0.7894736842105263
1795,15,3,1,0,0,19,0.7894736842105263
1796,14,3,1,0,0,18,0.7777777777777778
1797,13,2,1,0,0,16,0.8125
1798,15,3,1,0,0,19,0.7894736842105263
1799,14,2,1,0,0,17,0.8235294117647058
1800,14,3,1,0,0,18,0.7777777777777778
1801,13,4,1,0,0,18,0.7222222222222222
1802,15,3,1,0,0,19,0.7894736842105263
1803,14,3,1,0,0,18,0.7777777777777778
1804,14,3,1,0,0,18,0.7777777777777778
1805,14,4,1,0,0,19,0.7368421052631579
1806,15,3,1,0,0,19,0.7894736842105263
1807,15,4,1,0,0,20,0.75
1808,14,3,1,0,0,18,0.7777777777777778
1809,16,4,1,0,0,21,0.7619047619047619
1810,15,3,1,0,0,19,0.7894736842105263
1811,15,3,1,0,0,19,0.7894736842105263
1812,14,3,1,0,0,18,0.7777777777777778
1813,15,4,1,0,0,20,0.75
1814,14,3,1,0,0,18,0.7777777777777778
1815,15,3,1,0,0,19,0.7894736842105263
1816,15,3,1,0,0,19,0.7894736842105263
1817,16,3,1,0,0,20,0.8
1818,14,3,1,0,0,18,0.7777777777777778
1819,15,3,1,0,0,19,0.7894736842105263
1820,13,4,1,0,0,18,0.7222222222222222
1821,16,4,1,0,0,21,0.7619047619047619
1822,14,4,1,0,0,19,0.7368421052631579
1823,15,4,1,0,0,20,0.75
1824,16,4,1,0,0,21,0.7619047619047619
1825,15,3,1,0,0,19,0.7894736842105263
1826,15,4,1,0,0,20,0.75
1827,15,3,1,0,0,19,0.7894736842105263
1828,16,4,1,0,0,21,0.7619047619047619
1829,16,4,1,0,0,21,0.7619047619047619
1830,13,3,1,0,0,17,0.7647058823529411
1831,16,4,1,0,0,21,0.7619047619047619
1832,15,3,1,0,0,19,0.7894736842105263
1833,14,3,1,0,0,18,0.7777777777777778
1834,14,4,1,0,0,19,0.7368421052631579
1835,15,4,1,0,0,20,0.75
1836,15,4,1,0,0,20,0.75
1837,15,4,1,0,0,20,0.75
1838,15,3,1,0,0,19,0.7894736842105263
1839,16,3,1,0,0,20,0.8
1840,16,3,1,0,0,20,0.8
1841,15,3,1,0,0,19,0.7894736842105263
1842,14,3,1,0,0,18,0.7777777777777778
1843,14,3,1,0,0,18,0.7777777777777778
1844,14,4,1,0,0,19,0.7368421052631579
1845,15,3,1,0,0,19,0.7894736842105263
1846,16,4,1,0,0,21,0.7619047619047619
1847,15,3,1,0,0,19,0.7894736842105263
1848,14,4,1,0,0,19,0.7368421052631579
1849,16,3,1,0,0,20,0.8
1850,16,3,1,0,0,20,0.8
1851,15,4,1,0,0,20,0.75
1852,16,4,1,0,0,21,0.7619047619047619
1853,16,4,1,0,0,21,0.7619047619047619
1854,13,4,1,0,0,18,0.7222222222222222
1855,13,4,1,0,0,18,0.7222222222222222
1856,14,4,1,0,0,19,0.7368421052631579
1857,15,3,1,0,0,19,0.7894736842105263
1858,15,4,1,0,0,20,0.75
1859,14,4,1,0,0,19,0.7368421052631579
1860,14,4,1,0,0,19,0.7368421052631579
1861,15,3,1,0,0,19,0.7894736842105263
1862,14,4,1,0,0,19,0.7368421052631579
1863,15,4,1,0,0,20,0.75
1864,16,3,1,0,0,20,0.8
1865,15,4,1,0,0,20,0.75
1866,14,3,1,0,0,18,0.7777777777777778
1867,15,4,1,0,0,20,0.75
1868,13,3,1,0,0,17,0.7647058823529411
1869,16,3,1,0,0,20,0.8
1870,14,4,1,0,0,19,0.7368421052631579
1871,15,3,1,0,0,19,0.7894736842105263
1872,13,4,1,0,0,18,0.7222222222222222
1873,16,2,1,0,0,19,0.8421052631578947
1874,15,4,1,0,0,20,0.75
1875,14,4,1,0,0,19,0.7368421052631579
1876,15,4,1,0,0,20,0.75
1877,14,3,1,0,0,18,0.7777777777777778
1878,14,2,1,0,0,17,0.8235294117647058
1879,15,3,1,0,0,19,0.7894736842105263
1880,16,3,1,0,0,20,0.8
1881,14,2,1,0,0,17,0.8235294117647058
1882,15,2,1,0,0,18,0.8333333333333334
1883,13,2,1,0,0,16,0.8125
1884,14,2,1,0,0,17,0.8235294117647058
1885,16,2,1,0,0,19,0.8421052631578947
1886,15,4,1,0,0,20,0.75
1887,14,3,1,0,0,18,0.7777777777777778
1888,15,2,1,0,0,18,0.8333333333333334
1889,15,2,1,0,0,18,0.8333333333333334
1890,15,3,1,0,0,19,0.7894736842105263
1891,14,3,1,0,0,18,0.7777777777777778
1892,13,3,1,0,0,17,0.7647058823529411
1893,15,3,1,0,0,19,0.7894736842105263
1894,14,4,1,0,0,19,0.7368421052631579
1895,14,4,1,0,0,19,0.7368421052631579
1896,14,4,1,0,0,19,0.7368421052631579
1897,14,4,1,0,0,19,0.7368421052631579
1898,14,4,1,0,0,19,0.7368421052631579
1899,13,4,1,0,0,18,0.7222222222222222
1900,14,4,1,0,0,19,0.7368421052631579
1901,13,4,1,0,0,18,0.7222222222222222
1902,15,2,1,1,0,19,0.7894736842105263
1903,14,4,1,0,0,19,0.7368421052631579
1904,15,4,1,0,0,20,0.75
1905,15,4,1,0,0,20,0.75
1906,15,4,1,0,0,20,0.75
1907,15,3,1,0,0,19,0.7894736842105263
1908,15,4,1,0,0,20,0.75
1909,15,3,1,0,0,19,0.7894736842105263
1910,15,4,1,0,0,20,0.75
1911,14,4,1,0,0,19,0.7368421052631579
1912,13,3,1,0,0,17,0.7647058823529411
1913,15,4,1,0,0,20,0.75
1914,14,4,1,0,0,19,0.7368421052631579
1915,13,2,1,0,0,16,0.8125
1916,15,4,1,0,0,20,0.75
1917,14,4,1,0,0,19,0.7368421052631579
1918,14,4,1,0,0,19,0.7368421052631579
1919,15,4,1,0,0,20,0.75
1920,14,3,1,0,0,18,0.7777777777777778
1921,15,3,1,0,0,19,0.7894736842105263
1922,15,3,1,0,0,19,0.7894736842105263
1923,14,2,1,0,0,17,0.8235294117647058
1924,14,3,1,0,0,18,0.7777777777777778
1925,14,3,1,0,0,18,0.7777777777777778
1926,15,4,1,0,0,20,0.75
1927,15,3,1,0,0,19,0.7894736842105263
1928,13,4,1,0,0,18,0.7222222222222222
1929,14,3,1,0,0,18,0.7777777777777778
1930,14,3,1,0,0,18,0.7777777777777778
1931,13,4,1,0,0,18,0.7222222222222222
1932,12,3,1,0,0,16,0.75
1933,12,4,1,0,0,17,0.7058823529411765
1934,14,3,1,0,0,18,0.7777777777777778
1935,13,4,1,0,0,18,0.7222222222222222
1936,14,3,1,0,0,18,0.7777777777777778
1937,13,3,1,0,0,17,0.7647058823529411
1938,14,3,1,0,0,18,0.7777777777777778
1939,12,4,1,0,0,17,0.7058823529411765
1940,14,4,1,0,0,19,0.7368421052631579
1941,14,3,1,0,0,18,0.7777777777777778
1942,12,4,1,0,0,17,0.7058823529411765
1943,14,3,1,0,0,18,0.7777777777777778
1944,12,2,1,0,0,15,0.8
1945,14,3,1,0,0,18,0.7777777777777778
1946,13,3,1,0,0,17,0.7647058823529411
1947,14,4,1,0,0,19,0.7368421052631579
1948,15,3,1,0,0,19,0.7894736842105263
1949,14,3,1,0,0,18,0.7777777777777778
1950,14,4,1,0,0,19,0.7368421052631579
1951,14,3,1,0,0,18,0.7777777777777778
1952,13,3,1,0,0,17,0.7647058823529411
1953,14,3,1,0,0,18,0.7777777777777778
1954,14,3,1,0,0,18,0.7777777777777778
1955,13,2,1,0,0,16,0.8125
1956,14,3,1,0,0,18,0.7777777777777778
1957,12,3,1,0,0,16,0.75
1958,14,3,1,0,0,18,0.7777777777777778
1959,14,3,1,0,0,18,0.7777777777777778
1960,14,4,1,0,0,19,0.7368421052631579
1961,13,3,1,0,0,17,0.7647058823529411
1962,14,3,1,0,0,18,0.7777777777777778
1963,13,3,1,0,0,17,0.7647058823529411
1964,14,2,1,0,0,17,0.8235294117647058
1965,14,3,1,0,0,18,0.7777777777777778
1966,14,2,1,0,0,17,0.8235294117647058
1967,15,2,1,0,0,18,0.8333333333333334
1968,14,3,1,0,0,18,0.7777777777777778
1969,15,3,1,0,0,19,0.7894736842105263
1970,14,2,1,0,0,17,0.8235294117647058
1971,14,3,1,0,0,18,0.7777777777777778
1972,14,3,1,0,0,18,0.7777777777777778
1973,13,3,1,0,0,17,0.7647058823529411
1974,13,2,1,0,0,16,0.8125
1975,12,2,1,0,0,15,0.8
1976,14,2,1,0,0,17,0.8235294117647058
1977,13,2,1,0,0,16,0.8125
1978,14,2,1,0,0,17,0.8235294117647058
1979,14,2,1,0,0,17,0.8235294117647058
1980,14,3,1,0,0,18,0.7777777777777778
1981,13,2,1,0,0,16,0.8125
1982,12,2,1,0,0,15,0.8
1983,13,4,1,0,0,18,0.7222222222222222
1984,14,2,1,0,0,17,0.8235294117647058
1985,14,3,1,0,0,18,0.7777777777777778
1986,12,3,1,0,0,16,0.75
1987,14,4,1,0,0,19,0.7368421052631579
1988,14,4,1,0,0,19,0.7368421052631579
1989,12,3,1,0,0,16,0.75
1990,13,3,1,0,0,17,0.7647058823529411
1991,13,3,1,0,0,17,0.7647058823529411
1992,13,4,1,0,0,18,0.7222222222222222
1993,13,4,1,0,0,18,0.7222222222222222
1994,15,3,1,0,0,19,0.7894736842105263
1995,15,4,1,0,0,20,0.75
1996,11,4,1,0,0,16,0.6875
1997,13,4,1,0,0,18,0.7222222222222222
1998,14,3,1,0,0,18,0.7777777777777778
1999,15,4,1,0,0,20,0.75
2000,14,3,1,0,0,18,0.7777777777777778
2001,15,4,1,0,0,20,0.75
2002,14,3,1,0,0,18,0.7777777777777778
2003,14,3,1,0,0,18,0.7777777777777778
2004,15,3,1,0,0,19,0.7894736842105263
2005,15,3,1,0,0,19,0.7894736842105263
2006,15,2,1,0,0,18,0.8333333333333334
2007,14,3,1,0,0,18,0.7777777777777778
2008,14,3,1,0,0,18,0.7777777777777778
2009,15,4,1,0,0,20,0.75
2010,15,3,1,0,0,19,0.7894736842105263
2011,14,3,1,0,0,18,0.7777777777777778
2012,15,4,1,0,0,20,0.75
2013,15,4,1,0,0,20,0.75
2014,15,2,1,0,0,18,0.8333333333333334
2015,14,3,1,0,0,18,0.7777777777777778
2016,15,3,1,0,0,19,0.7894736842105263
2017,14,2,1,0,0,17,0.8235294117647058
2018,13,4,1,0,0,18,0.7222222222222222
2019,12,3,1,0,0,16,0.75
2020,14,2,1,0,0,17,0.8235294117647058
2021,13,3,1,0,0,17,0.7647058823529411
2022,15,3,1,0,0,19,0.7894736842105263
2023,15,2,1,0,0,18,0.8333333333333334
2024,15,2,1,0,0,18,0.8333333333333334
2025,14,3,1,0,0,18,0.7777777777777778
2026,13,2,1,0,0,16,0.8125
2027,15,4,1,0,0,20,0.75
2028,14,2,1,0,0,17,0.8235294117647058
2029,13,4,1,0,0,18,0.7222222222222222
2030,14,2,1,0,0,17,0.8235294117647058
2031,13,2,1,0,0,16,0.8125
2032,15,2,1,0,0,18,0.8333333333333334
2033,15,3,1,0,0,19,0.7894736842105263
2034,15,3,1,0,0,19,0.7894736842105263
2035,15,3,1,0,0,19,0.7894736842105263
2036,14,3,1,0,0,18,0.7777777777777778
2037,14,3,1,0,0,18,0.7777777777777778
2038,15,2,1,0,0,18,0.8333333333333334
2039,13,4,1,0,0,18,0.7222222222222222
2040,16,3,1,0,0,20,0.8
2041,13,4,1,0,0,18,0.7222222222222222
2042,14,4,1,0,0,19,0.7368421052631579
2043,14,3,1,0,0,18,0.7777777777777778
2044,14,4,1,0,0,19,0.7368421052631579
2045,15,2,1,0,0,18,0.8333333333333334
2046,14,3,1,0,0,18,0.7777777777777778
2047,14,2,1,0,0,17,0.8235294117647058
2048,14,4,1,0,0,19,0.7368421052631579
2049,15,3,1,0,0,19,0.7894736842105263
2050,15,3,1,0,0,19,0.7894736842105263
2051,14,2,1,0,0,17,0.8235294117647058
2052,14,3,1,0,0,18,0.7777777777777778
2053,15,3,1,0,0,19,0.7894736842105263
2054,15,3,1,0,0,19,0.7894736842105263
2055,15,2,1,0,0,18,0.8333333333333334
2056,14,4,1,0,0,19,0.7368421052631579
2057,14,3,1,0,0,18,0.7777777777777778
2058,13,2,1,0,0,16,0.8125
2059,14,3,1,0,0,18,0.7777777777777778
2060,14,4,1,0,0,19,0.7368421052631579
2061,13,4,1,0,0,18,0.7222222222222222
2062,14,3,1,0,0,18,0.7777777777777778
2063,14,4,1,0,0,19,0.7368421052631579
2064,13,3,1,0,0,17,0.7647058823529411
2065,14,2,1,0,0,17,0.8235294117647058
2066,14,3,1,0,0,18,0.7777777777777778
2067,15,3,1,0,0,19,0.7894736842105263
2068,15,2,1,0,0,18,0.8333333333333334
2069,13,3,1,0,0,17,0.7647058823529411
2070,14,3,1,0,0,18,0.7777777777777778
2071,15,2,1,0,0,18,0.8333333333333334
2072,14,2,1,0,0,17,0.8235294117647058
2073,14,2,1,0,0,17,0.8235294117647058
2074,14,2,1,0,0,17,0.8235294117647058
2075,14,2,1,0,0,17,0.8235294117647058
2076,13,3,1,0,0,17,0.7647058823529411
2077,14,3,1,0,0,18,0.7777777777777778
2078,14,3,1,0,0,18,0.7777777777777778
2079,15,2,1,0,0,18,0.8333333333333334
2080,14,3,1,0,0,18,0.7777777777777778
2081,12,3,1,0,0,16,0.75
2082,15,2,1,0,0,18,0.8333333333333334
2083,14,3,1,0,0,18,0.7777777777777778
2084,12,3,1,0,0,16,0.75
2085,14,2,1,0,0,17,0.8235294117647058
2086,14,3,1,0,0,18,0.7777777777777778
2087,13,3,1,0,0,17,0.7647058823529411
2088,15,2,1,0,0,18,0.8333333333333334
2089,14,3,1,0,0,18,0.7777777777777778
2090,13,3,1,0,0,17,0.7647058823529411
2091,15,3,1,0,0,19,0.7894736842105263
2092,15,3,1,0,0,19,0.7894736842105263
2093,13,4,1,0,0,18,0.7222222222222222
2094,15,3,1,0,0,19,0.7894736842105263
2095,15,2,1,0,0,18,0.8333333333333334
2096,15,3,1,0,0,19,0.7894736842105263
2097,15,3,1,0,0,19,0.7894736842105263
2098,13,4,1,0,0,18,0.7222222222222222
2099,15,2,1,0,0,18,0.8333333333333334
2100,13,3,1,0,0,17,0.7647058823529411
2101,15,4,1,0,0,20,0.75
2102,14,2,1,0,0,17,0.8235294117647058
2103,13,2,1,0,0,16,0.8125
2104,14,2,1,0,0,17,0.8235294117647058
2105,11,3,1,0,0,15,0.7333333333333333
2106,16,2,1,0,0,19,0.8421052631578947
2107,15,4,1,0,0,20,0.75
2108,14,2,1,0,0,17,0.8235294117647058
2109,15,2,1,0,0,18,0.8333333333333334
2110,14,2,1,0,0,17,0.8235294117647058
2111,13,2,1,0,0,16,0.8125
2112,15,2,1,0,0,18,0.8333333333333334
2113,13,3,1,0,0,17,0.7647058823529411
2114,14,4,1,0,0,19,0.7368421052631579
2115,14,3,1,0,0,18,0.7777777777777778
2116,12,2,1,0,0,15,0.8
2117,13,3,1,0,0,17,0.7647058823529411
2118,14,2,1,0,0,17,0.8235294117647058
2119,13,2,1,0,0,16,0.8125
2120,14,2,1,0,0,17,0.8235294117647058
2121,15,2,1,0,0,18,0.8333333333333334
2122,15,3,1,0,0,19,0.7894736842105263
2123,12,2,1,0,0,15,0.8
2124,14,2,1,0,0,17,0.8235294117647058
2125,14,2,1,0,0,17,0.8235294117647058
2126,12,3,1,0,0,16,0.75
2127,14,2,1,0,0,17,0.8235294117647058
2128,13,3,1,0,0,17,0.7647058823529411
2129,14,3,1,0,0,18,0.7777777777777778
2130,13,3,1,0,0,17,0.7647058823529411
2131,14,3,1,0,0,18,0.7777777777777778
2132,14,3,1,0,0,18,0.7777777777777778
2133,14,3,1,0,0,18,0.7777777777777778
2134,13,3,1,0,0,17,0.7647058823529411
2135,13,4,1,0,0,18,0.7222222222222222
2136,12,2,1,0,0,15,0.8
2137,14,3,1,0,0,18,0.7777777777777778
2138,14,2,1,0,0,17,0.8235294117647058
2139,14,3,1,0,0,18,0.7777777777777778
2140,13,3,1,0,0,17,0.7647058823529411
2141,13,4,1,1,0,19,0.6842105263157895
2142,13,2,1,0,0,16,0.8125
2143,14,3,1,0,0,18,0.7777777777777778
2144,12,2,1,0,0,15,0.8
2145,14,2,1,0,0,17,0.8235294117647058
2146,14,2,1,0,0,17,0.8235294117647058
2147,12,3,1,0,0,16,0.75
2148,13,2,1,0,0,16,0.8125
2149,13,2,1,0,0,16,0.8125
2150,13,3,1,0,0,17,0.7647058823529411
2151,14,4,1,0,0,19,0.7368421052631579
2152,15,3,1,0,0,19,0.7894736842105263
2153,12,3,1,0,0,16,0.75
2154,12,2,1,0,0,15,0.8
2155,13,3,1,0,0,17,0.7647058823529411
2156,13,4,1,0,0,18,0.7222222222222222
2157,14,3,1,0,0,18,0.7777777777777778
2158,15,2,1,0,0,18,0.8333333333333334
2159,14,3,1,0,0,18,0.7777777777777778
2160,14,4,1,0,0,19,0.7368421052631579
2161,15,3,1,0,0,19,0.7894736842105263
2162,14,3,1,0,0,18,0.7777777777777778
2163,14,3,1,0,0,18,0.7777777777777778
2164,14,3,1,0,0,18,0.7777777777777778
2165,14,2,1,0,0,17,0.8235294117647058
2166,13,3,1,0,0,17,0.7647058823529411
2167,13,3,1,0,0,17,0.7647058823529411
2168,15,2,1,0,0,18,0.8333333333333334
2169,13,3,1,0,0,17,0.7647058823529411
2170,14,3,1,0,0,18,0.7777777777777778
2171,14,3,1,0,0,18,0.7777777777777778
2172,15,3,1,0,0,19,0.7894736842105263
2173,15,3,1,0,0,19,0.7894736842105263
2174,14,3,1,0,0,18,0.7777777777777778
2175,15,3,1,0,0,19,0.7894736842105263
2176,15,4,1,0,0,20,0.75
2177,14,4,1,0,0,19,0.7368421052631579
2178,14,4,1,0,0,19,0.7368421052631579
2179,14,4,1,0,0,19,0.7368421052631579
2180,15,3,1,0,0,19,0.7894736842105263
2181,15,3,1,0,0,19,0.7894736842105263
2182,15,2,1,0,0,18,0.8333333333333334
2183,15,3,1,0,0,19,0.7894736842105263
2184,14,4,1,0,0,19,0.7368421052631579
2185,15,4,1,0,0,20,0.75
2186,13,2,1,0,0,16,0.8125
2187,15,3,1,0,0,19,0.7894736842105263
2188,14,3,1,0,0,18,0.7777777777777778
2189,15,3,1,0,0,19,0.7894736842105263
2190,13,4,1,0,0,18,0.7222222222222222
2191,12,4,1,0,0,17,0.7058823529411765
2192,15,3,1,0,0,19,0.7894736842105263
2193,14,3,1,0,0,18,0.7777777777777778
2194,15,4,1,0,0,20,0.75
2195,15,4,1,0,0,20,0.75
2196,16,3,1,0,0,20,0.8
2197,13,4,1,0,0,18,0.7222222222222222
2198,15,3,1,0,0,19,0.7894736842105263
2199,14,3,1,0,0,18,0.7777777777777778
2200,14,3,1,0,0,18,0.7777777777777778
2201,14,4,1,0,0,19,0.7368421052631579
2202,13,4,1,0,0,18,0.7222222222222222
2203,14,4,1,0,0,19,0.7368421052631579
2204,15,3,1,0,0,19,0.7894736842105263
2205,14,4,1,0,0,19,0.7368421052631579
2206,13,4,1,0,0,18,0.7222222222222222
2207,14,3,1,0,0,18,0.7777777777777778
2208,14,4,1,0,0,19,0.7368421052631579
2209,13,4,1,0,0,18,0.7222222222222222
2210,13,4,1,0,0,18,0.7222222222222222
2211,14,4,1,0,0,19,0.7368421052631579
2212,14,2,1,0,0,17,0.8235294117647058
2213,15,4,1,0,0,20,0.75
2214,13,4,1,0,0,18,0.7222222222222222
2215,15,4,1,0,0,20,0.75
2216,12,3,1,0,0,16,0.75
2217,15,3,1,0,0,19,0.7894736842105263
2218,14,3,1,0,0,18,0.7777777777777778
2219,15,4,1,0,0,20,0.75
2220,13,3,1,0,0,17,0.7647058823529411
2221,15,4,1,0,0,20,0.75
2222,13,4,1,0,0,18,0.7222222222222222
2223,15,3,1,0,0,19,0.7894736842105263
2224,14,3,1,0,0,18,0.7777777777777778
2225,12,3,1,0,0,16,0.75
2226,14,3,1,0,0,18,0.7777777777777778
2227,15,3,1,0,0,19,0.7894736842105263
2228,12,4,1,0,0,17,0.7058823529411765
2229,14,3,1,0,0,18,0.7777777777777778
2230,13,3,1,0,0,17,0.7647058823529411
2231,14,4,1,0,0,19,0.7368421052631579
2232,13,3,1,0,0,17,0.7647058823529411
2233,15,4,1,0,0,20,0.75
2234,15,4,1,0,0,20,0.75
2235,14,3,1,0,0,18,0.7777777777777778
2236,15,4,1,0,0,20,0.75
2237,15,4,1,0,0,20,0.75
2238,14,2,1,0,0,17,0.8235294117647058
2239,14,3,1,0,0,18,0.7777777777777778
2240,15,3,1,0,0,19,0.7894736842105263
2241,13,3,1,0,0,17,0.7647058823529411
2242,14,3,1,0,0,18,0.7777777777777778
2243,13,3,1,0,0,17,0.7647058823529411
2244,14,4,1,0,0,19,0.7368421052631579
2245,14,4,1,0,0,19,0.7368421052631579
2246,12,4,1,0,0,17,0.7058823529411765
2247,14,3,1,0,0,18,0.7777777777777778
2248,14,2,1,0,0,17,0.8235294117647058
2249,15,4,1,0,0,20,0.75
2250,14,3,1,0,0,18,0.7777777777777778
2251,12,4,1,0,0,17,0.7058823529411765
2252,12,4,1,0,0,17,0.7058823529411765
2253,14,3,1,0,0,18,0.7777777777777778
2254,12,3,1,0,0,16,0.75
2255,13,3,1,0,0,17,0.7647058823529411
2256,15,3,1,0,0,19,0.7894736842105263
2257,15,3,1,0,0,19,0.7894736842105263
2258,13,4,1,0,0,18,0.7222222222222222
2259,14,4,1,0,0,19,0.7368421052631579
2260,15,4,1,0,0,20,0.75
2261,15,4,1,0,0,20,0.75
2262,15,2,1,0,0,18,0.8333333333333334
2263,14,3,1,0,0,18,0.7777777777777778
2264,13,3,1,0,0,17,0.7647058823529411
2265,14,3,1,0,0,18,0.7777777777777778
2266,15,3,1,0,0,19,0.7894736842105263
2267,12,3,1,0,0,16,0.75
2268,13,3,1,0,0,17,0.7647058823529411
2269,13,3,1,0,0,17,0.7647058823529411
2270,13,3,1,0,0,17,0.7647058823529411
2271,13,3,1,0,0,17,0.7647058823529411
2272,13,3,1,0,0,17,0.7647058823529411
2273,15,3,1,0,0,19,0.7894736842105263
2274,15,4,1,0,0,20,0.75
2275,15,3,1,0,0,19,0.7894736842105263
2276,15,3,1,0,0,19,0.7894736842105263
2277,14,4,1,0,0,19,0.7368421052631579
2278,16,3,1,0,0,20,0.8
2279,15,4,1,0,0,20,0.75
2280,14,3,1,0,0,18,0.7777777777777778
2281,15,2,1,0,0,18,0.8333333333333334
2282,15,2,1,0,0,18,0.8333333333333334
2283,14,3,1,0,0,18,0.7777777777777778
2284,13,4,1,0,0,18,0.7222222222222222
2285,15,3,1,0,0,19,0.7894736842105263
2286,13,4,1,0,0,18,0.7222222222222222
2287,14,4,1,0,0,19,0.7368421052631579
2288,14,3,1,0,0,18,0.7777777777777778
2289,14,4,1,0,0,19,0.7368421052631579
2290,14,5,1,0,0,20,0.7
2291,15,3,1,0,0,19,0.7894736842105263
2292,13,3,1,0,0,17,0.7647058823529411
2293,15,4,1,0,0,20,0.75
2294,14,3,1,0,0,18,0.7777777777777778
2295,14,4,1,0,0,19,0.7368421052631579
2296,15,4,1,0,0,20,0.75
2297,13,4,1,0,0,18,0.7222222222222222
2298,13,4,1,0,0,18,0.7222222222222222
2299,15,4,1,0,0,20,0.75
2300,13,4,1,0,0,18,0.7222222222222222
2301,15,4,1,0,0,20,0.75
2302,14,4,1,0,0,19,0.7368421052631579
2303,15,3,1,0,0,19,0.7894736842105263
2304,15,4,1,0,0,20,0.75
2305,14,3,1,0,0,18,0.7777777777777778
2306,15,3,1,0,0,19,0.7894736842105263
2307,13,3,1,0,0,17,0.7647058823529411
2308,14,4,1,0,0,19,0.7368421052631579
2309,14,4,1,0,0,19,0.7368421052631579
2310,14,4,1,0,0,19,0.7368421052631579
2311,13,3,1,0,0,17,0.7647058823529411
2312,13,3,1,0,0,17,0.7647058823529411
2313,13,3,1,0,0,17,0.7647058823529411
2314,14,3,1,0,0,18,0.7777777777777778
2315,15,3,1,0,0,19,0.7894736842105263
2316,14,3,1,0,0,18,0.7777777777777778
2317,14,3,1,0,0,18,0.7777777777777778
2318,14,3,1,0,0,18,0.7777777777777778
2319,14,4,1,0,0,19,0.7368421052631579
2320,14,4,1,0,0,19,0.7368421052631579
2321,15,3,1,0,0,19,0.7894736842105263
2322,14,4,1,0,0,19,0.7368421052631579
2323,15,2,1,0,0,18,0.8333333333333334
2324,15,3,1,0,0,19,0.7894736842105263
2325,15,2,1,0,0,18,0.8333333333333334
2326,13,4,1,0,0,18,0.7222222222222222
2327,12,2,1,0,0,15,0.8
2328,14,4,1,0,0,19,0.7368421052631579
2329,14,3,1,0,0,18,0.7777777777777778
2330,14,4,1,0,0,19,0.7368421052631579
2331,13,4,1,0,0,18,0.7222222222222222
2332,14,3,1,0,0,18,0.7777777777777778
2333,13,3,1,0,0,17,0.7647058823529411
2334,15,2,1,0,0,18,0.8333333333333334
2335,13,4,1,0,0,18,0.7222222222222222
2336,14,3,1,0,0,18,0.7777777777777778
2337,15,2,1,0,0,18,0.8333333333333334
2338,15,3,1,0,0,19,0.7894736842105263
2339,13,4,1,0,0,18,0.7222222222222222
2340,13,3,1,0,0,17,0.7647058823529411
2341,15,3,1,0,0,19,0.7894736842105263
2342,14,4,1,0,0,19,0.7368421052631579
2343,14,3,1,0,0,18,0.7777777777777778
2344,14,4,1,1,0,20,0.7
2345,15,4,1,0,0,20,0.75
2346,15,3,1,0,0,19,0.7894736842105263
2347,15,3,1,0,0,19,0.7894736842105263
2348,15,3,1,0,0,19,0.7894736842105263
2349,15,4,1,0,0,20,0.75
2350,14,3,1,0,0,18,0.7777777777777778
2351,15,3,1,0,0,19,0.7894736842105263
2352,14,3,1,0,0,18,0.7777777777777778
2353,13,4,1,0,0,18,0.7222222222222222
2354,15,5,1,0,0,21,0.7142857142857143
2355,15,2,1,0,0,18,0.8333333333333334
2356,14,3,1,0,0,18,0.7777777777777778
2357,14,3,1,0,0,18,0.7777777777777778
2358,15,4,1,0,0,20,0.75
2359,14,4,1,0,0,19,0.7368421052631579
2360,15,3,1,0,0,19,0.7894736842105263
2361,14,2,1,0,0,17,0.8235294117647058
2362,14,3,1,0,0,18,0.7777777777777778
2363,13,3,1,0,0,17,0.7647058823529411
2364,14,3,1,0,0,18,0.7777777777777778
2365,14,3,1,0,0,18,0.7777777777777778
2366,14,2,1,0,0,17,0.8235294117647058
2367,15,2,1,0,0,18,0.8333333333333334
2368,14,3,1,0,0,18,0.7777777777777778
2369,15,3,1,0,0,19,0.7894736842105263
2370,14,3,1,0,0,18,0.7777777777777778
2371,15,2,1,0,0,18,0.8333333333333334
2372,15,2,1,0,0,18,0.8333333333333334
2373,15,3,1,0,0,19,0.7894736842105263
2374,14,3,1,0,0,18,0.7777777777777778
2375,15,3,1,0,0,19,0.7894736842105263
2376,14,4,1,0,0,19,0.7368421052631579
2377,14,3,1,0,0,18,0.7777777777777778
2378,14,3,1,0,0,18,0.7777777777777778
2379,15,3,1,0,0,19,0.7894736842105263
2380,15,3,1,0,0,19,0.7894736842105263
2381,14,3,1,0,0,18,0.7777777777777778
2382,13,2,1,0,0,16,0.8125
2383,14,3,1,0,0,18,0.7777777777777778
2384,14,3,1,0,0,18,0.7777777777777778
2385,14,4,1,0,0,19,0.7368421052631579
2386,15,4,1,0,0,20,0.75
2387,15,4,1,0,0,20,0.75
2388,14,3,1,0,0,18,0.7777777777777778
2389,14,3,1,0,0,18,0.7777777777777778
2390,13,3,1,0,0,17,0.7647058823529411
2391,14,3,1,0,0,18,0.7777777777777778
2392,15,3,1,0,0,19,0.7894736842105263
2393,15,3,1,0,0,19,0.7894736842105263
2394,15,3,1,0,0,19,0.7894736842105263
2395,14,3,1,0,0,18,0.7777777777777778
2396,16,4,1,0,0,21,0.7619047619047619
2397,11,2,1,0,0,14,0.7857142857142857
2398,15,3,1,0,0,19,0.7894736842105263
2399,13,4,1,0,0,18,0.7222222222222222
2400,13,3,1,0,0,17,0.7647058823529411
2401,12,4,1,0,0,17,0.7058823529411765
2402,15,4,1,0,0,20,0.75
2403,13,3,1,0,0,17,0.7647058823529411
2404,15,3,1,0,0,19,0.7894736842105263
2405,12,4,1,0,0,17,0.7058823529411765
2406,14,4,1,0,0,19,0.7368421052631579
2407,15,3,1,0,0,19,0.7894736842105263
2408,14,4,1,0,0,19,0.7368421052631579
2409,14,3,1,0,0,18,0.7777777777777778
2410,13,3,1,0,0,17,0.7647058823529411
2411,13,4,1,0,0,18,0.7222222222222222
2412,15,2,1,0,0,18,0.8333333333333334
2413,15,3,1,0,0,19,0.7894736842105263
2414,14,4,1,0,0,19,0.7368421052631579
2415,15,3,1,0,0,19,0.7894736842105263
2416,15,4,1,0,0,20,0.75
2417,13,3,1,0,0,17,0.7647058823529411
2418,14,4,1,0,0,19,0.7368421052631579
2419,15,4,1,0,0,20,0.75
2420,13,4,1,0,0,18,0.7222222222222222
2421,13,4,1,0,0,18,0.7222222222222222
2422,15,3,1,0,0,19,0.7894736842105263
2423,15,3,1,0,0,19,0.7894736842105263
2424,14,4,1,0,0,19,0.7368421052631579
2425,12,3,1,0,0,16,0.75
2426,13,3,1,0,0,17,0.7647058823529411
2427,15,4,1,0,0,20,0.75
2428,15,4,1,0,0,20,0.75
2429,15,4,1,0,0,20,0.75
2430,14,5,1,0,0,20,0.7
2431,13,3,1,0,0,17,0.7647058823529411
2432,12,4,1,0,0,17,0.7058823529411765
2433,14,4,1,0,0,19,0.7368421052631579
2434,15,4,1,0,0,20,0.75
2435,15,3,1,0,0,19,0.7894736842105263
2436,14,4,1,0,0,19,0.7368421052631579
2437,14,4,1,0,0,19,0.7368421052631579
2438,15,4,1,0,0,20,0.75
2439,14,3,1,0,0,18,0.7777777777777778
2440,15,4,1,0,0,20,0.75
2441,14,4,1,0,0,19,0.7368421052631579
2442,15,3,1,0,0,19,0.7894736842105263
2443,14,4,1,0,0,19,0.7368421052631579
2444,14,3,1,0,0,18,0.7777777777777778
2445,15,3,1,0,0,19,0.7894736842105263
2446,13,5,1,0,0,19,0.6842105263157895
2447,15,4,1,0,0,20,0.75
2448,15,4,1,0,0,20,0.75
2449,15,2,1,0,0,18,0.8333333333333334
2450,14,4,1,0,0,19,0.7368421052631579
2451,15,4,1,0,0,20,0.75
2452,14,4,1,0,0,19,0.7368421052631579
2453,15,4,1,0,0,20,0.75
2454,14,3,1,0,0,18,0.7777777777777778
2455,14,4,1,0,0,19,0.7368421052631579
2456,14,3,1,0,0,18,0.7777777777777778
2457,15,3,1,0,0,19,0.7894736842105263
2458,14,3,1,0,0,18,0.7777777777777778
2459,15,3,1,0,0,19,0.7894736842105263
2460,15,4,1,0,0,20,0.75
2461,15,3,1,0,0,19,0.7894736842105263
2462,14,2,1,0,0,17,0.8235294117647058
2463,15,4,1,0,0,20,0.75
2464,15,3,1,0,0,19,0.7894736842105263
2465,15,3,1,0,0,19,0.7894736842105263
2466,15,4,1,0,0,20,0.75
2467,15,2,1,0,0,18,0.8333333333333334
2468,15,3,1,1,0,20,0.75
2469,14,4,1,0,0,19,0.7368421052631579
2470,15,4,1,0,0,20,0.75
2471,15,3,1,0,0,19,0.7894736842105263
2472,15,4,1,0,0,20,0.75
2473,14,3,1,0,0,18,0.7777777777777778
2474,15,2,1,0,0,18,0.8333333333333334
2475,15,2,1,0,0,18,0.8333333333333334
2476,12,3,1,0,0,16,0.75
2477,14,4,1,0,0,19,0.7368421052631579
2478,15,4,1,0,0,20,0.75
2479,15,3,1,0,0,19,0.7894736842105263
2480,14,3,1,0,0,18,0.7777777777777778
2481,15,3,1,0,0,19,0.7894736842105263
2482,14,4,1,0,0,19,0.7368421052631579
2483,15,2,1,0,0,18,0.8333333333333334
2484,15,4,1,0,0,20,0.75
2485,15,3,1,0,0,19,0.7894736842105263
2486,13,3,1,0,0,17,0.7647058823529411
2487,15,2,1,0,0,18,0.8333333333333334
2488,14,2,1,0,0,17,0.8235294117647058
2489,15,4,1,0,0,20,0.75
2490,14,4,1,0,0,19,0.7368421052631579
2491,14,4,1,0,0,19,0.7368421052631579
2492,15,4,1,0,0,20,0.75
2493,13,4,1,0,0,18,0.7222222222222222
2494,15,3,1,0,0,19,0.7894736842105263
2495,14,4,1,0,0,19,0.7368421052631579
2496,14,3,1,0,0,18,0.7777777777777778
2497,15,3,1,0,0,19,0.7894736842105263
2498,14,3,1,0,0,18,0.7777777777777778
2499,14,4,1,0,0,19,0.7368421052631579
2500,14,3,1,0,0,18,0.7777777777777778
2501,13,4,1,0,0,18,0.7222222222222222
2502,15,4,1,0,0,20,0.75
2503,13,3,1,0,0,17,0.7647058823529411
2504,13,3,1,0,0,17,0.7647058823529411
2505,14,3,1,0,0,18,0.7777777777777778
2506,14,4,1,0,0,19,0.7368421052631579
2507,13,4,1,0,0,18,0.7222222222222222
2508,14,3,1,0,0,18,0.7777777777777778
2509,13,4,1,0,0,18,0.7222222222222222
2510,13,3,1,0,0,17,0.7647058823529411
2511,13,4,1,0,0,18,0.7222222222222222
2512,13,3,1,0,0,17,0.7647058823529411
2513,14,3,1,0,0,18,0.7777777777777778
2514,13,4,1,0,0,18,0.7222222222222222
2515,14,4,1,0,0,19,0.7368421052631579
2516,14,4,1,0,0,19,0.7368421052631579
2517,14,4,1,0,0,19,0.7368421052631579
2518,14,3,1,0,0,18,0.7777777777777778
2519,12,3,1,0,0,16,0.75
2520,14,4,1,0,0,19,0.7368421052631579
2521,15,2,1,0,0,18,0.8333333333333334
2522,13,3,1,0,0,17,0.7647058823529411
2523,12,5,1,0,0,18,0.6666666666666666
2524,14,4,1,1,0,20,0.7
2525,14,2,1,0,0,17,0.8235294117647058
2526,14,3,1,0,0,18,0.7777777777777778
2527,13,3,1,0,0,17,0.7647058823529411
2528,14,3,1,0,0,18,0.7777777777777778
2529,15,2,1,0,0,18,0.8333333333333334
2530,14,4,1,0,0,19,0.7368421052631579
2531,15,3,1,0,0,19,0.7894736842105263
2532,15,3,1,0,0,19,0.7894736842105263
2533,15,3,1,0,0,19,0.7894736842105263
2534,12,4,1,0,0,17,0.7058823529411765
2535,14,3,1,0,0,18,0.7777777777777778
2536,15,2,1,0,0,18,0.8333333333333334
2537,14,3,1,0,0,18,0.7777777777777778
2538,14,2,1,0,0,17,0.8235294117647058
2539,15,3,1,0,0,19,0.7894736842105263
2540,14,3,1,0,0,18,0.7777777777777778
2541,15,4,1,0,0,20,0.75
2542,14,2,1,0,0,17,0.8235294117647058
2543,14,2,1,0,0,17,0.8235294117647058
2544,15,3,1,0,0,19,0.7894736842105263
2545,14,3,1,0,0,18,0.7777777777777778
2546,13,3,1,0,0,17,0.7647058823529411
2547,15,2,1,0,0,18,0.8333333333333334
2548,14,4,1,0,0,19,0.7368421052631579
2549,15,4,1,0,0,20,0.75
2550,14,3,1,0,0,18,0.7777777777777778
2551,15,2,1,0,0,18,0.8333333333333334
2552,15,2,1,0,0,18,0.8333333333333334
2553,13,3,1,0,0,17,0.7647058823529411
2554,14,4,1,0,0,19,0.7368421052631579
2555,13,3,1,0,0,17,0.7647058823529411
2556,14,3,1,0,0,18,0.7777777777777778
2557,13,3,1,0,0,17,0.7647058823529411
2558,14,2,1,0,0,17,0.8235294117647058
2559,14,4,1,0,0,19,0.7368421052631579
2560,15,3,1,0,0,19,0.7894736842105263
2561,14,2,1,0,0,17,0.8235294117647058
2562,15,3,1,0,0,19,0.7894736842105263
2563,14,4,1,0,0,19,0.7368421052631579
2564,15,4,1,0,0,20,0.75
2565,15,4,1,0,0,20,0.75
2566,14,4,1,0,0,19,0.7368421052631579
2567,14,3,1,0,0,18,0.7777777777777778
2568,13,4,1,0,0,18,0.7222222222222222
2569,13,4,1,0,0,18,0.7222222222222222
2570,14,3,1,0,0,18,0.7777777777777778
2571,13,3,1,0,0,17,0.7647058823529411
2572,15,3,1,0,0,19,0.7894736842105263
2573,14,3,1,0,0,18,0.7777777777777778
2574,13,4,1,0,0,18,0.7222222222222222
2575,14,3,1,0,0,18,0.7777777777777778
2576,14,4,1,0,0,19,0.7368421052631579
2577,14,4,1,0,0,19,0.7368421052631579
2578,13,3,1,0,0,17,0.7647058823529411
2579,13,3,1,0,0,17,0.7647058823529411
2580,15,2,1,0,0,18,0.8333333333333334
2581,14,3,1,0,0,18,0.7777777777777778
2582,14,4,1,0,0,19,0.7368421052631579
2583,13,4,1,0,0,18,0.7222222222222222
2584,13,4,1,0,0,18,0.7222222222222222
2585,13,4,1,0,0,18,0.7222222222222222
2586,13,3,1,0,0,17,0.7647058823529411
2587,13,3,1,0,0,17,0.7647058823529411
2588,14,4,1,0,0,19,0.7368421052631579
2589,14,4,1,0,0,19,0.7368421052631579
2590,12,3,1,0,0,16,0.75
2591,14,3,1,0,0,18,0.7777777777777778
2592,13,4,1,0,0,18,0.7222222222222222
2593,13,4,1,0,0,18,0.7222222222222222
2594,14,4,1,0,0,19,0.7368421052631579
2595,14,4,1,0,0,19,0.7368421052631579
2596,13,4,1,0,0,18,0.7222222222222222
2597,13,3,1,0,0,17,0.7647058823529411
2598,13,3,1,0,0,17,0.7647058823529411
2599,14,3,1,0,0,18,0.7777777777777778
2600,13,4,1,0,0,18,0.7222222222222222
2601,14,3,1,0,0,18,0.7777777777777778
2602,13,3,1,0,0,17,0.7647058823529411
2603,14,3,1,0,0,18,0.7777777777777778
2604,14,4,1,0,0,19,0.7368421052631579
2605,13,3,1,0,0,17,0.7647058823529411
2606,14,4,1,0,0,19,0.7368421052631579
2607,15,3,1,0,0,19,0.7894736842105263
2608,14,4,1,0,0,19,0.7368421052631579
2609,13,2,1,0,0,16,0.8125
2610,13,3,1,0,0,17,0.7647058823529411
2611,13,3,1,0,0,17,0.7647058823529411
2612,15,4,1,0,0,20,0.75
2613,15,4,1,0,0,20,0.75
2614,13,3,1,0,0,17,0.7647058823529411
2615,16,4,1,0,0,21,0.7619047619047619
2616,15,3,1,0,0,19,0.7894736842105263
2617,14,3,1,0,0,18,0.7777777777777778
2618,15,3,1,0,0,19,0.7894736842105263
2619,15,2,1,0,0,18,0.8333333333333334
2620,13,4,1,0,0,18,0.7222222222222222
2621,15,4,1,0,0,20,0.75
2622,15,3,1,0,0,19,0.7894736842105263
2623,14,2,1,0,0,17,0.8235294117647058
2624,12,3,1,0,0,16,0.75
2625,16,2,1,0,0,19,0.8421052631578947
2626,14,2,1,0,0,17,0.8235294117647058
2627,14,3,1,0,0,18,0.7777777777777778
2628,14,4,1,0,0,19,0.7368421052631579
2629,13,3,1,0,0,17,0.7647058823529411
2630,14,3,1,0,0,18,0.7777777777777778
2631,13,4,1,0,0,18,0.7222222222222222
2632,14,2,1,0,0,17,0.8235294117647058
2633,12,1,1,0,0,14,0.8571428571428571
2634,12,2,1,0,0,15,0.8
2635,12,3,1,0,0,16,0.75
2636,13,4,1,0,0,18,0.7222222222222222
2637,13,3,1,0,0,17,0.7647058823529411
2638,14,1,1,0,0,16,0.875
2639,13,2,1,0,0,16,0.8125
2640,13,3,1,0,0,17,0.7647058823529411
2641,15,3,1,0,0,19,0.7894736842105263
2642,14,2,1,0,0,17,0.8235294117647058
2643,15,3,1,0,0,19,0.7894736842105263
2644,14,3,1,0,0,18,0.7777777777777778
2645,14,2,1,0,0,17,0.8235294117647058
2646,15,2,1,0,0,18,0.8333333333333334
2647,15,2,1,0,0,18,0.8333333333333334
2648,13,3,1,0,0,17,0.7647058823529411
2649,13,4,1,0,0,18,0.7222222222222222
2650,14,3,1,0,0,18,0.7777777777777778
2651,14,4,1,0,0,19,0.7368421052631579
2652,15,3,1,0,0,19,0.7894736842105263
2653,13,2,1,0,0,16,0.8125
2654,13,3,1,0,0,17,0.7647058823529411
2655,13,3,1,0,0,17,0.7647058823529411
2656,14,2,1,0,0,17,0.8235294117647058
2657,12,3,1,0,0,16,0.75
2658,15,3,1,0,0,19,0.7894736842105263
2659,14,3,1,0,0,18,0.7777777777777778
2660,14,3,1,0,0,18,0.7777777777777778
2661,14,3,1,0,0,18,0.7777777777777778
2662,15,3,1,0,0,19,0.7894736842105263
2663,14,3,1,0,0,18,0.7777777777777778
2664,14,2,1,0,0,17,0.8235294117647058
2665,15,3,1,0,0,19,0.7894736842105263
2666,14,3,1,0,0,18,0.7777777777777778
2667,13,3,1,0,0,17,0.7647058823529411
2668,14,3,1,0,0,18,0.7777777777777778
2669,14,3,1,0,0,18,0.7777777777777778
2670,14,2,1,0,0,17,0.8235294117647058
2671,13,3,1,0,0,17,0.7647058823529411
2672,15,3,1,0,0,19,0.7894736842105263
2673,14,3,1,0,0,18,0.7777777777777778
2674,15,3,1,0,0,19,0.7894736842105263
2675,13,3,1,0,0,17,0.7647058823529411
2676,14,3,1,0,0,18,0.7777777777777778
2677,14,3,1,0,0,18,0.7777777777777778
2678,14,3,1,0,0,18,0.7777777777777778
2679,14,2,1,0,0,17,0.8235294117647058
2680,14,3,1,0,0,18,0.7777777777777778
2681,14,3,1,0,0,18,0.7777777777777778
2682,12,3,1,0,0,16,0.75
2683,15,3,0,0,0,18,0.8333333333333334
2684,15,3,1,0,0,19,0.7894736842105263
2685,14,3,1,0,0,18,0.7777777777777778
2686,14,3,1,0,0,18,0.7777777777777778
2687,13,4,1,0,0,18,0.7222222222222222
2688,15,4,1,0,0,20,0.75
2689,15,4,1,0,0,20,0.75
2690,14,2,1,0,0,17,0.8235294117647058
2691,13,4,1,0,0,18,0.7222222222222222
2692,15,3,1,0,0,19,0.7894736842105263
2693,15,2,1,0,0,18,0.8333333333333334
2694,15,3,1,0,0,19,0.7894736842105263
2695,13,3,1,0,0,17,0.7647058823529411
2696,11,4,1,0,0,16,0.6875
2697,14,4,1,0,0,19,0.7368421052631579
2698,15,3,1,0,0,19,0.7894736842105263
2699,15,4,1,0,0,20,0.75
2700,15,4,1,0,0,20,0.75
2701,12,3,1,0,0,16,0.75
2702,14,3,1,0,0,18,0.7777777777777778
2703,13,2,1,0,0,16,0.8125
2704,12,3,1,0,0,16,0.75
2705,13,3,1,0,0,17,0.7647058823529411
2706,13,3,1,0,0,17,0.7647058823529411
2707,13,2,1,0,0,16,0.8125
2708,13,4,1,0,0,18,0.7222222222222222
2709,15,4,1,0,0,20,0.75
2710,14,3,1,0,0,18,0.7777777777777778
2711,14,3,1,0,0,18,0.7777777777777778
2712,14,3,1,0,0,18,0.7777777777777778
2713,14,3,1,0,0,18,0.7777777777777778
2714,13,3,1,0,0,17,0.7647058823529411
2715,13,3,1,0,0,17,0.7647058823529411
2716,13,4,1,0,0,18,0.7222222222222222
2717,12,4,1,0,0,17,0.7058823529411765
2718,15,4,1,0,0,20,0.75
2719,14,3,1,0,0,18,0.7777777777777778
2720,12,3,1,0,0,16,0.75
2721,12,3,1,0,0,16,0.75
2722,13,3,1,0,0,17,0.7647058823529411
2723,13,3,0,0,0,16,0.8125
2724,14,3,1,0,0,18,0.7777777777777778
2725,14,2,1,0,0,17,0.8235294117647058
2726,15,3,1,0,0,19,0.7894736842105263
2727,14,2,1,0,0,17,0.8235294117647058
2728,13,3,1,0,0,17,0.7647058823529411
2729,15,4,1,0,0,20,0.75
2730,13,4,1,0,0,18,0.7222222222222222
2731,11,3,1,0,0,15,0.7333333333333333
2732,12,3,1,0,0,16,0.75
2733,13,3,1,0,0,17,0.7647058823529411
2734,14,3,1,0,0,18,0.7777777777777778
2735,12,4,1,0,0,17,0.7058823529411765
2736,14,3,1,0,0,18,0.7777777777777778
2737,13,2,1,0,0,16,0.8125
2738,14,3,1,0,0,18,0.7777777777777778
2739,14,3,1,0,0,18,0.7777777777777778
2740,14,3,1,0,0,18,0.7777777777777778
2741,14,3,1,0,0,18,0.7777777777777778
2742,15,3,1,0,0,19,0.7894736842105263
2743,14,3,1,0,0,18,0.7777777777777778
2744,14,3,1,0,0,18,0.7777777777777778
2745,13,3,1,0,0,17,0.7647058823529411
2746,14,3,1,0,0,18,0.7777777777777778
2747,13,3,1,0,0,17,0.7647058823529411
2748,14,3,1,0,0,18,0.7777777777777778
2749,14,3,1,0,0,18,0.7777777777777778
2750,14,3,1,0,0,18,0.7777777777777778
2751,13,2,1,0,0,16,0.8125
2752,14,3,1,0,0,18,0.7777777777777778
2753,13,3,1,0,0,17,0.7647058823529411
2754,14,3,1,0,0,18,0.7777777777777778
2755,14,2,1,0,0,17,0.8235294117647058
2756,12,4,1,0,0,17,0.7058823529411765
2757,15,2,1,0,0,18,0.8333333333333334
2758,14,3,1,0,0,18,0.7777777777777778
2759,12,4,1,0,0,17,0.7058823529411765
2760,11,2,1,0,0,14,0.7857142857142857
2761,13,3,1,0,0,17,0.7647058823529411
2762,12,3,1,0,0,16,0.75
2763,14,2,1,0,0,17,0.8235294117647058
2764,14,1,1,0,0,16,0.875
2765,14,2,1,0,0,17,0.8235294117647058
2766,12,3,1,0,0,16,0.75
2767,13,3,1,0,0,17,0.7647058823529411
2768,14,4,1,0,0,19,0.7368421052631579
2769,12,2,1,0,0,15,0.8
2770,14,3,1,0,0,18,0.7777777777777778
2771,12,3,1,0,0,16,0.75
2772,12,4,1,0,0,17,0.7058823529411765
2773,13,3,1,0,0,17,0.7647058823529411
2774,11,4,1,0,0,16,0.6875
2775,14,2,1,0,0,17,0.8235294117647058
2776,13,4,1,0,0,18,0.7222222222222222
2777,13,3,1,0,0,17,0.7647058823529411
2778,13,2,1,0,0,16,0.8125
2779,12,2,1,0,0,15,0.8
2780,13,3,1,0,0,17,0.7647058823529411
2781,12,3,1,0,0,16,0.75
2782,10,4,1,0,0,15,0.6666666666666666
2783,12,4,1,0,0,17,0.7058823529411765
2784,13,4,1,0,0,18,0.7222222222222222
2785,12,4,1,0,0,17,0.7058823529411765
2786,13,3,1,0,0,17,0.7647058823529411
2787,14,4,1,0,0,19,0.7368421052631579
2788,14,2,1,0,0,17,0.8235294117647058
2789,14,2,1,0,0,17,0.8235294117647058
2790,12,2,1,0,0,15,0.8
2791,12,2,1,0,0,15,0.8
2792,13,4,1,0,0,18,0.7222222222222222
2793,12,3,1,0,0,16,0.75
2794,11,3,1,0,0,15,0.7333333333333333
2795,13,3,1,0,0,17,0.7647058823529411
2796,14,4,1,0,0,19,0.7368421052631579
2797,12,3,1,0,0,16,0.75
2798,12,3,1,0,0,16,0.75
2799,14,3,1,0,0,18,0.7777777777777778
2800,12,2,1,0,0,15,0.8
2801,14,3,1,0,0,18,0.7777777777777778
2802,14,3,1,0,0,18,0.7777777777777778
2803,14,3,1,0,0,18,0.7777777777777778
2804,14,3,1,0,0,18,0.7777777777777778
2805,15,2,1,0,0,18,0.8333333333333334
2806,14,3,1,0,0,18,0.7777777777777778
2807,13,2,1,0,0,16,0.8125
2808,14,4,1,0,0,19,0.7368421052631579
2809,13,4,1,0,0,18,0.7222222222222222
2810,15,3,1,0,0,19,0.7894736842105263
2811,15,3,1,0,0,19,0.7894736842105263
2812,15,3,1,0,0,19,0.7894736842105263
2813,14,2,1,0,0,17,0.8235294117647058
2814,15,3,1,0,0,19,0.7894736842105263
2815,15,3,1,0,0,19,0.7894736842105263
2816,15,2,1,0,0,18,0.8333333333333334
2817,14,2,1,0,0,17,0.8235294117647058
2818,11,2,1,0,0,14,0.7857142857142857
2819,12,4,1,0,0,17,0.7058823529411765
2820,12,2,1,0,0,15,0.8
2821,15,2,1,0,0,18,0.8333333333333334
2822,13,2,1,0,0,16,0.8125
2823,13,2,1,0,0,16,0.8125
2824,12,3,1,0,0,16,0.75
2825,13,2,1,0,0,16,0.8125
2826,12,2,1,0,0,15,0.8
2827,13,2,1,0,0,16,0.8125
2828,14,2,1,0,0,17,0.8235294117647058
2829,14,3,1,0,0,18,0.7777777777777778
2830,14,3,1,0,0,18,0.7777777777777778
2831,13,3,1,0,0,17,0.7647058823529411
2832,13,3,1,0,0,17,0.7647058823529411
2833,11,3,1,0,0,15,0.7333333333333333
2834,13,3,1,0,0,17,0.7647058823529411
2835,15,2,1,0,0,18,0.8333333333333334
2836,13,3,1,0,0,17,0.7647058823529411
2837,10,3,1,0,0,14,0.7142857142857143
2838,13,2,1,0,0,16,0.8125
2839,13,4,1,0,0,18,0.7222222222222222
2840,15,2,0,0,0,17,0.8823529411764706
2841,13,4,1,0,0,18,0.7222222222222222
2842,16,2,1,0,0,19,0.8421052631578947
2843,12,4,1,0,0,17,0.7058823529411765
2844,13,3,1,0,0,17,0.7647058823529411
2845,13,3,1,0,0,17,0.7647058823529411
2846,12,3,1,0,0,16,0.75
2847,12,4,1,0,0,17,0.7058823529411765
2848,14,4,1,0,0,19,0.7368421052631579
2849,14,4,1,0,0,19,0.7368421052631579
2850,14,3,1,0,0,18,0.7777777777777778
2851,14,3,1,0,0,18,0.7777777777777778
2852,13,3,1,0,0,17,0.7647058823529411
2853,12,3,1,0,0,16,0.75
2854,13,3,1,0,0,17,0.7647058823529411
2855,14,2,1,0,0,17,0.8235294117647058
2856,14,3,1,0,0,18,0.7777777777777778
2857,15,3,1,0,0,19,0.7894736842105263
2858,14,3,1,0,0,18,0.7777777777777778
2859,15,3,1,0,0,19,0.7894736842105263
2860,14,3,1,0,0,18,0.7777777777777778
2861,13,3,1,0,0,17,0.7647058823529411
2862,13,4,1,0,0,18,0.7222222222222222
2863,14,3,1,0,0,18,0.7777777777777778
2864,15,4,1,0,0,20,0.75
2865,14,3,1,0,0,18,0.7777777777777778
2866,14,3,1,0,0,18,0.7777777777777778
2867,14,4,1,0,0,19,0.7368421052631579
2868,14,2,1,0,0,17,0.8235294117647058
2869,14,3,1,0,0,18,0.7777777777777778
2870,15,3,1,0,0,19,0.7894736842105263
2871,14,3,1,0,0,18,0.7777777777777778
2872,14,4,1,0,0,19,0.7368421052631579
2873,14,3,1,0,0,18,0.7777777777777778
2874,15,4,1,0,0,20,0.75
2875,13,2,1,0,0,16,0.8125
2876,14,4,1,0,0,19,0.7368421052631579
2877,15,2,1,0,0,18,0.8333333333333334
2878,13,3,1,0,0,17,0.7647058823529411
2879,14,4,1,0,0,19,0.7368421052631579
2880,14,4,1,0,0,19,0.7368421052631579
2881,14,3,1,0,0,18,0.7777777777777778
2882,14,5,1,0,0,20,0.7
2883,13,3,1,0,0,17,0.7647058823529411
2884,12,4,1,0,0,17,0.7058823529411765
2885,13,4,1,0,0,18,0.7222222222222222
2886,12,4,1,0,0,17,0.7058823529411765
2887,15,2,1,0,0,18,0.8333333333333334
2888,14,3,1,0,0,18,0.7777777777777778
2889,14,3,1,0,0,18,0.7777777777777778
2890,13,3,1,0,0,17,0.7647058823529411
2891,14,2,1,0,0,17,0.8235294117647058
2892,15,2,1,0,0,18,0.8333333333333334
2893,14,4,1,0,0,19,0.7368421052631579
2894,14,3,1,0,0,18,0.7777777777777778
2895,15,3,1,0,0,19,0.7894736842105263
2896,15,4,1,0,0,20,0.75
2897,14,4,1,0,0,19,0.7368421052631579
2898,15,4,1,0,0,20,0.75
2899,14,4,1,0,0,19,0.7368421052631579
2900,14,4,1,0,0,19,0.7368421052631579
2901,14,3,1,0,0,18,0.7777777777777778
2902,12,4,1,0,0,17,0.7058823529411765
2903,14,3,1,0,0,18,0.7777777777777778
2904,14,3,1,0,0,18,0.7777777777777778
2905,14,4,1,0,0,19,0.7368421052631579
2906,14,3,1,0,0,18,0.7777777777777778
2907,15,4,1,0,0,20,0.75
2908,15,4,1,0,0,20,0.75
2909,13,3,1,0,0,17,0.7647058823529411
2910,14,4,1,0,0,19,0.7368421052631579
2911,14,3,1,0,0,18,0.7777777777777778
2912,14,2,1,0,0,17,0.8235294117647058
2913,14,3,1,0,0,18,0.7777777777777778
2914,14,3,1,0,0,18,0.7777777777777778
2915,15,4,1,0,0,20,0.75
2916,13,4,1,0,0,18,0.7222222222222222
2917,13,3,1,0,0,17,0.7647058823529411
2918,15,3,1,0,0,19,0.7894736842105263
2919,14,3,1,0,0,18,0.7777777777777778
2920,15,3,1,0,0,19,0.7894736842105263
2921,14,3,1,0,0,18,0.7777777777777778
2922,14,3,1,0,0,18,0.7777777777777778
2923,13,3,1,0,0,17,0.7647058823529411
2924,13,3,1,0,0,17,0.7647058823529411
2925,13,3,1,0,0,17,0.7647058823529411
2926,15,3,1,0,0,19,0.7894736842105263
2927,15,3,1,0,0,19,0.7894736842105263
2928,15,2,1,0,0,18,0.8333333333333334
2929,15,2,1,0,0,18,0.8333333333333334
2930,14,3,1,0,0,18,0.7777777777777778
2931,14,3,1,0,0,18,0.7777777777777778
2932,15,3,1,0,0,19,0.7894736842105263
2933,13,3,1,0,0,17,0.7647058823529411
2934,15,3,1,0,0,19,0.7894736842105263
2935,14,3,1,0,0,18,0.7777777777777778
2936,13,3,1,0,0,17,0.7647058823529411
2937,15,3,1,0,0,19,0.7894736842105263
2938,15,3,1,0,0,19,0.7894736842105263
2939,14,3,1,0,0,18,0.7777777777777778
2940,13,3,1,0,0,17,0.7647058823529411
2941,12,3,1,0,0,16,0.75
2942,12,2,1,0,0,15,0.8
2943,12,3,1,0,0,16,0.75
2944,13,3,1,0,0,17,0.7647058823529411
2945,14,3,1,0,0,18,0.7777777777777778
2946,13,3,1,0,0,17,0.7647058823529411
2947,15,3,1,0,0,19,0.7894736842105263
2948,14,3,1,0,0,18,0.7777777777777778
2949,15,3,1,0,0,19,0.7894736842105263
2950,14,3,1,0,0,18,0.7777777777777778
2951,12,3,1,0,0,16,0.75
2952,15,4,1,0,0,20,0.75
2953,15,3,1,0,0,19,0.7894736842105263
2954,14,3,1,0,0,18,0.7777777777777778
2955,13,3,1,0,0,17,0.7647058823529411
2956,15,2,1,0,0,18,0.8333333333333334
2957,15,3,1,0,0,19,0.7894736842105263
2958,14,3,1,0,0,18,0.7777777777777778
2959,15,3,1,0,0,19,0.7894736842105263
2960,15,3,1,0,0,19,0.7894736842105263
2961,15,3,1,0,0,19,0.7894736842105263
2962,14,3,1,0,0,18,0.7777777777777778
2963,15,3,1,0,0,19,0.7894736842105263
2964,14,3,1,0,0,18,0.7777777777777778
2965,14,3,1,0,0,18,0.7777777777777778
2966,15,3,1,0,0,19,0.7894736842105263
2967,14,4,1,0,0,19,0.7368421052631579
2968,14,4,1,0,0,19,0.7368421052631579
2969,15,3,1,0,0,19,0.7894736842105263
2970,14,3,1,0,0,18,0.7777777777777778
2971,12,3,1,0,0,16,0.75
2972,14,4,1,0,0,19,0.7368421052631579
2973,14,3,1,0,0,18,0.7777777777777778
2974,15,2,1,0,0,18,0.8333333333333334
2975,13,3,1,0,0,17,0.7647058823529411
2976,15,3,1,0,0,19,0.7894736842105263
2977,14,3,1,0,0,18,0.7777777777777778
2978,15,3,1,0,0,19,0.7894736842105263
2979,15,3,1,0,0,19,0.7894736842105263
2980,15,3,1,0,0,19,0.7894736842105263
2981,15,3,1,0,0,19,0.7894736842105263
2982,14,3,1,0,0,18,0.7777777777777778
2983,15,3,1,0,0,19,0.7894736842105263
2984,15,3,1,0,0,19,0.7894736842105263
2985,15,3,1,0,0,19,0.7894736842105263
2986,14,3,1,0,0,18,0.7777777777777778
2987,11,2,1,0,0,14,0.7857142857142857
2988,14,3,1,0,0,18,0.7777777777777778
2989,16,3,1,0,0,20,0.8
2990,15,3,1,0,0,19,0.7894736842105263
2991,15,3,1,0,0,19,0.7894736842105263
2992,14,4,1,0,0,19,0.7368421052631579
2993,15,3,1,0,0,19,0.7894736842105263
2994,14,3,1,0,0,18,0.7777777777777778
2995,16,3,1,0,0,20,0.8
2996,12,3,1,0,0,16,0.75
2997,14,3,1,0,0,18,0.7777777777777778
2998,13,3,1,0,0,17,0.7647058823529411
2999,15,4,1,0,0,20,0.75
3000,13,3,1,0,0,17,0.7647058823529411
3001,14,3,1,0,0,18,0.7777777777777778
3002,15,3,1,0,0,19,0.7894736842105263
3003,16,3,1,0,0,20,0.8
3004,14,3,1,0,0,18,0.7777777777777778
3005,13,2,1,0,0,16,0.8125
3006,15,3,1,0,0,19,0.7894736842105263
3007,14,3,1,0,0,18,0.7777777777777778
3008,13,3,1,0,0,17,0.7647058823529411
3009,13,3,1,0,0,17,0.7647058823529411
3010,15,4,1,0,0,20,0.75
3011,14,3,1,0,0,18,0.7777777777777778
3012,14,3,1,0,0,18,0.7777777777777778
3013,14,3,1,0,0,18,0.7777777777777778
3014,14,2,1,0,0,17,0.8235294117647058
3015,14,3,1,0,0,18,0.7777777777777778
3016,12,3,1,0,0,16,0.75
3017,15,3,1,0,0,19,0.7894736842105263
3018,14,4,1,0,0,19,0.7368421052631579
3019,13,3,1,0,0,17,0.7647058823529411
3020,12,4,1,0,0,17,0.7058823529411765
3021,15,3,1,0,0,19,0.7894736842105263
3022,15,4,1,0,0,20,0.75
3023,14,3,1,0,0,18,0.7777777777777778
3024,14,3,1,0,0,18,0.7777777777777778
3025,14,4,1,0,0,19,0.7368421052631579
3026,14,3,1,0,0,18,0.7777777777777778
3027,13,4,1,0,0,18,0.7222222222222222
3028,12,4,1,0,0,17,0.7058823529411765
3029,15,3,1,0,0,19,0.7894736842105263
3030,15,3,1,0,0,19,0.7894736842105263
3031,14,3,1,0,0,18,0.7777777777777778
3032,14,3,1,0,0,18,0.7777777777777778
3033,13,4,1,0,0,18,0.7222222222222222
3034,14,4,1,0,0,19,0.7368421052631579
3035,13,3,1,0,0,17,0.7647058823529411
3036,15,3,1,0,0,19,0.7894736842105263
3037,13,4,1,0,0,18,0.7222222222222222
3038,15,3,1,0,0,19,0.7894736842105263
3039,15,2,1,0,0,18,0.8333333333333334
3040,15,3,1,0,0,19,0.7894736842105263
3041,14,3,1,0,0,18,0.7777777777777778
3042,14,3,1,0,0,18,0.7777777777777778
3043,14,3,1,0,0,18,0.7777777777777778
3044,13,3,1,0,0,17,0.7647058823529411
3045,14,2,1,0,0,17,0.8235294117647058
3046,14,3,1,0,0,18,0.7777777777777778
3047,15,3,1,0,0,19,0.7894736842105263
3048,14,3,1,0,0,18,0.7777777777777778
3049,13,3,1,0,0,17,0.7647058823529411
3050,15,3,1,0,0,19,0.7894736842105263
3051,13,3,1,0,0,17,0.7647058823529411
3052,15,4,1,0,0,20,0.75
3053,15,4,1,0,0,20,0.75
3054,15,3,1,0,0,19,0.7894736842105263
3055,15,4,1,0,0,20,0.75
3056,14,4,1,0,0,19,0.7368421052631579
3057,14,4,1,0,0,19,0.7368421052631579
3058,14,3,1,0,0,18,0.7777777777777778
3059,15,3,1,0,0,19,0.7894736842105263
3060,13,4,1,0,0,18,0.7222222222222222
3061,15,4,1,0,0,20,0.75
3062,15,4,1,0,0,20,0.75
3063,13,4,1,0,0,18,0.7222222222222222
3064,14,3,1,0,0,18,0.7777777777777778
3065,15,4,1,0,0,20,0.75
3066,14,3,1,0,0,18,0.7777777777777778
3067,14,4,1,0,0,19,0.7368421052631579
3068,14,4,1,0,0,19,0.7368421052631579
3069,14,3,1,0,0,18,0.7777777777777778
3070,14,2,1,0,0,17,0.8235294117647058
3071,14,3,1,0,0,18,0.7777777777777778
3072,15,2,1,0,0,18,0.8333333333333334
3073,14,2,1,0,0,17,0.8235294117647058
3074,14,4,1,0,0,19,0.7368421052631579
3075,14,3,1,0,0,18,0.7777777777777778
3076,14,3,1,0,0,18,0.7777777777777778
3077,14,2,1,0,0,17,0.8235294117647058
3078,14,2,1,0,0,17,0.8235294117647058
3079,11,3,1,0,0,15,0.7333333333333333
3080,14,2,1,0,0,17,0.8235294117647058
3081,15,2,1,0,0,18,0.8333333333333334
3082,15,3,1,0,0,19,0.7894736842105263
3083,13,2,1,0,0,16,0.8125
3084,15,2,1,0,0,18,0.8333333333333334
3085,15,3,1,0,0,19,0.7894736842105263
3086,14,3,1,0,0,18,0.7777777777777778
3087,14,3,1,0,0,18,0.7777777777777778
3088,15,2,1,0,0,18,0.8333333333333334
3089,14,2,1,0,0,17,0.8235294117647058
3090,15,3,1,0,0,19,0.7894736842105263
3091,16,2,1,0,0,19,0.8421052631578947
3092,16,2,1,0,0,19,0.8421052631578947
3093,15,3,1,0,0,19,0.7894736842105263
3094,15,2,1,0,0,18,0.8333333333333334
3095,14,2,1,0,0,17,0.8235294117647058
3096,15,3,1,0,0,19,0.7894736842105263
3097,14,2,1,0,0,17,0.8235294117647058
3098,15,2,1,0,0,18,0.8333333333333334
3099,15,2,1,0,0,18,0.8333333333333334
3100,14,2,1,0,0,17,0.8235294117647058
3101,14,4,1,0,0,19,0.7368421052631579
3102,14,3,1,0,0,18,0.7777777777777778
3103,15,3,1,0,0,19,0.7894736842105263
3104,14,2,1,0,0,17,0.8235294117647058
3105,13,3,1,0,0,17,0.7647058823529411
3106,15,3,1,0,0,19,0.7894736842105263
3107,16,2,1,0,0,19,0.8421052631578947
3108,15,3,1,0,0,19,0.7894736842105263
3109,14,3,1,0,0,18,0.7777777777777778
3110,14,3,1,0,0,18,0.7777777777777778
3111,14,3,1,0,0,18,0.7777777777777778
3112,15,3,1,0,0,19,0.7894736842105263
3113,14,2,1,0,0,17,0.8235294117647058
3114,15,4,1,0,0,20,0.75
3115,15,3,1,0,0,19,0.7894736842105263
3116,16,2,1,0,0,19,0.8421052631578947
3117,15,4,1,0,0,20,0.75
3118,15,3,1,0,0,19,0.7894736842105263
3119,13,3,1,0,0,17,0.7647058823529411
3120,14,2,1,0,0,17,0.8235294117647058
3121,14,4,1,0,0,19,0.7368421052631579
3122,13,3,1,0,0,17,0.7647058823529411
3123,14,3,1,0,0,18,0.7777777777777778
3124,13,2,1,0,0,16,0.8125
3125,14,3,1,0,0,18,0.7777777777777778
3126,13,3,1,0,0,17,0.7647058823529411
3127,15,3,1,0,0,19,0.7894736842105263
3128,13,3,1,0,0,17,0.7647058823529411
3129,13,3,1,0,0,17,0.7647058823529411
3130,13,3,1,0,0,17,0.7647058823529411
3131,14,4,1,0,0,19,0.7368421052631579
3132,14,3,1,0,0,18,0.7777777777777778
3133,15,3,1,0,0,19,0.7894736842105263
3134,15,3,1,0,0,19,0.7894736842105263
3135,15,4,1,0,0,20,0.75
3136,14,3,1,0,0,18,0.7777777777777778
3137,15,3,1,0,0,19,0.7894736842105263
3138,14,4,1,0,0,19,0.7368421052631579
3139,12,4,1,0,0,17,0.7058823529411765
3140,15,2,1,0,0,18,0.8333333333333334
3141,14,3,1,0,0,18,0.7777777777777778
3142,14,4,1,0,0,19,0.7368421052631579
3143,13,3,1,0,0,17,0.7647058823529411
3144,13,3,1,0,0,17,0.7647058823529411
3145,12,2,1,0,0,15,0.8
3146,12,3,1,0,0,16,0.75
3147,14,3,1,0,0,18,0.7777777777777778
3148,14,4,1,0,0,19,0.7368421052631579
3149,15,3,1,0,0,19,0.7894736842105263
3150,14,3,1,0,0,18,0.7777777777777778
3151,14,3,1,0,0,18,0.7777777777777778
3152,13,4,1,0,0,18,0.7222222222222222
3153,14,3,1,0,0,18,0.7777777777777778
3154,14,4,1,0,0,19,0.7368421052631579
3155,14,4,1,0,0,19,0.7368421052631579
3156,15,3,1,0,0,19,0.7894736842105263
3157,14,4,1,0,0,19,0.7368421052631579
3158,14,4,1,0,0,19,0.7368421052631579
3159,14,2,1,0,0,17,0.8235294117647058
3160,14,3,1,0,0,18,0.7777777777777778
3161,13,3,1,0,0,17,0.7647058823529411
3162,15,5,1,0,0,21,0.7142857142857143
3163,14,3,1,0,0,18,0.7777777777777778
3164,13,4,1,0,0,18,0.7222222222222222
3165,14,4,1,0,0,19,0.7368421052631579
3166,12,4,1,0,0,17,0.7058823529411765
3167,15,4,1,0,0,20,0.75
3168,13,4,1,0,0,18,0.7222222222222222
3169,15,3,1,0,0,19,0.7894736842105263
3170,15,4,1,0,0,20,0.75
3171,15,4,1,0,0,20,0.75
3172,15,3,1,0,0,19,0.7894736842105263
3173,14,4,1,0,0,19,0.7368421052631579
3174,14,4,1,0,0,19,0.7368421052631579
3175,15,4,1,0,0,20,0.75
3176,14,3,1,0,0,18,0.7777777777777778
3177,13,3,1,0,0,17,0.7647058823529411
3178,14,3,1,0,0,18,0.7777777777777778
3179,14,3,1,0,0,18,0.7777777777777778
3180,15,4,1,0,0,20,0.75
3181,14,3,1,0,0,18,0.7777777777777778
3182,14,4,1,0,0,19,0.7368421052631579
3183,14,3,1,0,0,18,0.7777777777777778
3184,12,3,1,0,0,16,0.75
3185,14,4,1,0,0,19,0.7368421052631579
3186,13,3,1,0,0,17,0.7647058823529411
3187,14,3,1,0,0,18,0.7777777777777778
3188,13,4,1,0,0,18,0.7222222222222222
3189,14,3,1,0,0,18,0.7777777777777778
3190,14,4,1,0,0,19,0.7368421052631579
3191,14,5,1,0,0,20,0.7
3192,14,4,1,0,0,19,0.7368421052631579
3193,14,5,1,0,0,20,0.7
3194,12,5,1,0,0,18,0.6666666666666666
3195,15,4,1,0,0,20,0.75
3196,14,4,1,0,0,19,0.7368421052631579
3197,14,5,1,0,0,20,0.7
3198,14,4,1,0,0,19,0.7368421052631579
3199,15,4,1,0,0,20,0.75
3200,15,5,1,0,0,21,0.7142857142857143
3201,15,4,1,0,0,20,0.75
3202,14,4,1,0,0,19,0.7368421052631579
3203,12,4,1,0,0,17,0.7058823529411765
3204,13,4,1,0,0,18,0.7222222222222222
3205,15,4,1,0,0,20,0.75
3206,14,4,1,0,0,19,0.7368421052631579
3207,13,3,1,0,0,17,0.7647058823529411
3208,14,4,1,0,0,19,0.7368421052631579
3209,14,5,1,0,0,20,0.7
3210,14,5,1,0,0,20,0.7
3211,12,5,1,0,0,18,0.6666666666666666
3212,13,4,1,0,0,18,0.7222222222222222
3213,14,5,1,0,0,20,0.7
3214,15,5,1,0,0,21,0.7142857142857143
3215,13,5,1,0,0,19,0.6842105263157895
3216,15,4,1,0,0,20,0.75
3217,14,4,1,0,0,19,0.7368421052631579
3218,13,5,1,0,0,19,0.6842105263157895
3219,13,4,1,0,0,18,0.7222222222222222
3220,14,4,1,0,0,19,0.7368421052631579
3221,15,4,1,0,0,20,0.75
3222,13,4,1,0,0,18,0.7222222222222222
3223,13,4,1,0,0,18,0.7222222222222222
3224,15,3,1,0,0,19,0.7894736842105263
3225,15,4,1,0,0,20,0.75
3226,14,4,1,0,0,19,0.7368421052631579
3227,15,5,1,0,0,21,0.7142857142857143
3228,13,3,1,0,0,17,0.7647058823529411
3229,14,4,1,0,0,19,0.7368421052631579
3230,14,4,1,0,0,19,0.7368421052631579
3231,15,4,1,0,0,20,0.75
3232,15,4,1,0,0,20,0.75
3233,15,4,1,0,0,20,0.75
3234,15,4,1,0,0,20,0.75
3235,15,3,1,0,0,19,0.7894736842105263
3236,15,4,1,0,0,20,0.75
3237,15,3,1,0,0,19,0.7894736842105263
3238,13,4,1,0,0,18,0.7222222222222222
3239,12,3,1,0,0,16,0.75
3240,13,3,1,0,0,17,0.7647058823529411
3241,12,3,1,0,0,16,0.75
3242,13,2,1,0,0,16,0.8125
3243,13,4,1,0,0,18,0.7222222222222222
3244,14,3,1,0,0,18,0.7777777777777778
3245,14,3,1,0,0,18,0.7777777777777778
3246,12,3,1,0,0,16,0.75
3247,13,3,1,0,0,17,0.7647058823529411
3248,15,3,1,0,0,19,0.7894736842105263
3249,13,4,1,0,0,18,0.7222222222222222
3250,12,3,1,0,0,16,0.75
3251,13,4,1,0,0,18,0.7222222222222222
3252,14,4,1,0,0,19,0.7368421052631579
3253,14,3,1,0,0,18,0.7777777777777778
3254,12,3,1,0,0,16,0.75
3255,14,3,1,0,0,18,0.7777777777777778
3256,11,3,1,0,0,15,0.7333333333333333
3257,14,4,1,0,0,19,0.7368421052631579
3258,12,3,1,0,0,16,0.75
3259,11,4,1,0,0,16,0.6875
3260,12,4,1,0,0,17,0.7058823529411765
3261,12,4,1,0,0,17,0.7058823529411765
3262,12,5,1,0,0,18,0.6666666666666666
3263,13,5,1,0,0,19,0.6842105263157895
3264,15,4,1,0,0,20,0.75
3265,12,4,1,0,0,17,0.7058823529411765
3266,12,3,1,0,0,16,0.75
3267,14,4,1,0,0,19,0.7368421052631579
3268,11,4,1,0,0,16,0.6875
3269,14,3,1,0,0,18,0.7777777777777778
3270,13,3,1,0,0,17,0.7647058823529411
3271,13,4,1,0,0,18,0.7222222222222222
3272,13,5,1,0,0,19,0.6842105263157895
3273,13,4,1,0,0,18,0.7222222222222222
3274,13,4,1,0,0,18,0.7222222222222222
3275,12,3,1,0,0,16,0.75
3276,13,3,1,0,0,17,0.7647058823529411
3277,13,3,1,0,0,17,0.7647058823529411
3278,12,3,1,0,0,16,0.75
3279,13,3,1,0,0,17,0.7647058823529411
3280,14,3,1,0,0,18,0.7777777777777778
3281,13,4,1,0,0,18,0.7222222222222222
3282,14,3,1,0,0,18,0.7777777777777778
3283,14,4,1,0,0,19,0.7368421052631579
3284,13,4,1,0,0,18,0.7222222222222222
3285,13,4,1,0,0,18,0.7222222222222222
3286,13,3,1,0,0,17,0.7647058823529411
3287,15,4,1,0,0,20,0.75
3288,12,3,1,0,0,16,0.75
3289,13,3,1,0,0,17,0.7647058823529411
3290,13,3,1,0,0,17,0.7647058823529411
3291,14,3,1,0,0,18,0.7777777777777778
3292,13,3,1,0,0,17,0.7647058823529411
3293,13,3,1,0,0,17,0.7647058823529411
3294,12,3,1,0,0,16,0.75
3295,13,3,1,0,0,17,0.7647058823529411
3296,14,3,1,0,0,18,0.7777777777777778
3297,13,3,1,0,0,17,0.7647058823529411
3298,13,4,1,0,0,18,0.7222222222222222
3299,13,3,1,0,0,17,0.7647058823529411
3300,14,3,1,0,0,18,0.7777777777777778
3301,13,3,1,0,0,17,0.7647058823529411
3302,14,4,1,0,0,19,0.7368421052631579
3303,13,3,1,0,0,17,0.7647058823529411
3304,14,4,1,0,0,19,0.7368421052631579
3305,14,4,1,0,0,19,0.7368421052631579
3306,14,3,1,0,0,18,0.7777777777777778
3307,14,3,1,0,0,18,0.7777777777777778
3308,15,3,1,0,0,19,0.7894736842105263
3309,14,4,1,0,0,19,0.7368421052631579
3310,14,3,1,0,0,18,0.7777777777777778
3311,14,3,1,0,0,18,0.7777777777777778
3312,14,3,1,0,0,18,0.7777777777777778
3313,15,4,1,0,0,20,0.75
3314,13,4,1,0,0,18,0.7222222222222222
3315,14,3,1,0,0,18,0.7777777777777778
3316,13,4,1,0,0,18,0.7222222222222222
3317,15,4,1,0,0,20,0.75
3318,15,3,1,0,0,19,0.7894736842105263
3319,14,4,1,0,0,19,0.7368421052631579
3320,14,3,1,0,0,18,0.7777777777777778
3321,13,3,1,0,0,17,0.7647058823529411
3322,14,4,1,0,0,19,0.7368421052631579
3323,14,4,1,0,0,19,0.7368421052631579
3324,14,3,1,0,0,18,0.7777777777777778
3325,13,3,1,0,0,17,0.7647058823529411
3326,12,3,1,0,0,16,0.75
3327,12,3,1,0,0,16,0.75
3328,14,4,1,0,0,19,0.7368421052631579
3329,13,4,1,0,0,18,0.7222222222222222
3330,14,3,1,0,0,18,0.7777777777777778
3331,13,3,1,0,0,17,0.7647058823529411
3332,14,4,1,0,0,19,0.7368421052631579
3333,12,3,1,0,0,16,0.75
3334,14,3,1,0,0,18,0.7777777777777778
3335,14,3,1,0,0,18,0.7777777777777778
3336,14,4,1,0,0,19,0.7368421052631579
3337,12,3,1,0,0,16,0.75
3338,14,4,1,0,0,19,0.7368421052631579
3339,13,3,1,0,0,17,0.7647058823529411
3340,13,3,1,0,0,17,0.7647058823529411
3341,14,3,1,0,0,18,0.7777777777777778
3342,14,3,1,0,0,18,0.7777777777777778
3343,14,4,1,0,0,19,0.7368421052631579
3344,14,4,1,0,0,19,0.7368421052631579
3345,15,4,1,0,0,20,0.75
3346,11,3,1,0,0,15,0.7333333333333333
3347,12,3,1,0,0,16,0.75
3348,13,3,1,0,0,17,0.7647058823529411
3349,13,3,1,0,0,17,0.7647058823529411
3350,13,3,1,0,0,17,0.7647058823529411
3351,14,5,1,0,0,20,0.7
3352,11,3,1,0,0,15,0.7333333333333333
3353,15,3,1,0,0,19,0.7894736842105263
3354,14,3,1,0,0,18,0.7777777777777778
3355,12,3,1,0,0,16,0.75
3356,14,2,1,0,0,17,0.8235294117647058
3357,12,3,1,0,0,16,0.75
3358,12,4,1,0,0,17,0.7058823529411765
3359,14,2,1,0,0,17,0.8235294117647058
3360,12,3,1,0,0,16,0.75
3361,13,4,1,0,0,18,0.7222222222222222
3362,11,4,1,0,0,16,0.6875
3363,9,2,1,0,0,12,0.75
3364,12,3,1,0,0,16,0.75
3365,14,4,1,0,0,19,0.7368421052631579
3366,15,4,1,0,0,20,0.75
3367,14,3,1,0,0,18,0.7777777777777778
3368,13,3,1,0,0,17,0.7647058823529411
3369,13,3,1,0,0,17,0.7647058823529411
3370,15,2,1,0,0,18,0.8333333333333334
3371,12,3,1,0,0,16,0.75
3372,14,3,1,0,0,18,0.7777777777777778
3373,13,3,1,0,0,17,0.7647058823529411
3374,13,3,1,0,0,17,0.7647058823529411
3375,14,3,1,0,0,18,0.7777777777777778
3376,14,4,1,0,0,19,0.7368421052631579
3377,13,3,1,0,0,17,0.7647058823529411
3378,15,4,1,0,0,20,0.75
3379,14,4,1,0,0,19,0.7368421052631579
3380,14,4,1,0,0,19,0.7368421052631579
3381,14,3,1,0,0,18,0.7777777777777778
3382,13,2,1,0,0,16,0.8125
3383,15,4,1,0,0,20,0.75
3384,14,4,1,0,0,19,0.7368421052631579
3385,15,3,1,0,0,19,0.7894736842105263
3386,15,4,1,0,0,20,0.75
3387,15,3,1,0,0,19,0.7894736842105263
3388,15,4,1,0,0,20,0.75
3389,13,5,1,0,0,19,0.6842105263157895
3390,14,5,1,0,0,20,0.7
3391,13,5,1,0,0,19,0.6842105263157895
3392,13,3,1,0,0,17,0.7647058823529411
3393,13,3,1,0,0,17,0.7647058823529411
3394,14,4,1,0,0,19,0.7368421052631579
3395,14,5,1,0,0,20,0.7
3396,15,4,1,0,0,20,0.75
3397,14,3,1,0,0,18,0.7777777777777778
3398,14,3,1,0,0,18,0.7777777777777778
3399,14,4,1,0,0,19,0.7368421052631579
3400,13,4,1,0,0,18,0.7222222222222222
3401,15,3,1,0,0,19,0.7894736842105263
3402,14,4,1,0,0,19,0.7368421052631579
3403,14,4,1,0,0,19,0.7368421052631579
3404,15,3,1,0,0,19,0.7894736842105263
3405,15,5,1,0,0,21,0.7142857142857143
3406,13,4,1,0,0,18,0.7222222222222222
3407,15,4,1,0,0,20,0.75
3408,15,3,1,0,0,19,0.7894736842105263
3409,12,3,1,0,0,16,0.75
3410,14,3,1,0,0,18,0.7777777777777778
3411,14,4,1,0,0,19,0.7368421052631579
3412,14,5,1,0,0,20,0.7
3413,14,5,1,0,0,20,0.7
3414,12,3,1,0,0,16,0.75
3415,14,4,1,0,0,19,0.7368421052631579
3416,14,5,1,0,0,20,0.7
3417,13,4,1,0,0,18,0.7222222222222222
3418,14,5,1,0,0,20,0.7
3419,15,5,1,0,0,21,0.7142857142857143
3420,13,5,1,0,0,19,0.6842105263157895
3421,12,4,1,0,0,17,0.7058823529411765
3422,13,3,1,0,0,17,0.7647058823529411
3423,14,3,1,0,0,18,0.7777777777777778
3424,13,4,1,0,0,18,0.7222222222222222
3425,14,4,1,0,0,19,0.7368421052631579
3426,14,4,1,0,0,19,0.7368421052631579
3427,14,4,1,0,0,19,0.7368421052631579
3428,15,5,1,0,0,21,0.7142857142857143
3429,12,4,1,0,0,17,0.7058823529411765
3430,13,3,1,0,0,17,0.7647058823529411
3431,15,3,1,0,0,19,0.7894736842105263
3432,15,2,1,0,0,18,0.8333333333333334
3433,12,2,1,0,0,15,0.8
3434,12,3,1,0,0,16,0.75
3435,13,3,1,0,0,17,0.7647058823529411
3436,16,2,1,0,0,19,0.8421052631578947
3437,14,4,1,0,0,19,0.7368421052631579
3438,14,3,1,0,0,18,0.7777777777777778
3439,15,4,1,0,0,20,0.75
3440,15,4,1,0,0,20,0.75
3441,15,3,1,0,0,19,0.7894736842105263
3442,14,3,1,0,0,18,0.7777777777777778
3443,13,3,1,0,0,17,0.7647058823529411
3444,15,2,1,0,0,18,0.8333333333333334
3445,14,4,1,0,0,19,0.7368421052631579
3446,13,4,1,0,0,18,0.7222222222222222
3447,14,5,1,0,0,20,0.7
3448,14,4,1,0,0,19,0.7368421052631579
3449,14,4,1,0,0,19,0.7368421052631579
3450,12,4,1,0,0,17,0.7058823529411765
3451,13,3,1,0,0,17,0.7647058823529411
3452,14,4,1,0,0,19,0.7368421052631579
3453,15,4,1,0,0,20,0.75
3454,15,4,1,0,0,20,0.75
3455,12,4,1,0,0,17,0.7058823529411765
3456,11,4,1,0,0,16,0.6875
3457,14,4,1,0,0,19,0.7368421052631579
3458,14,4,1,0,0,19,0.7368421052631579
3459,14,3,1,0,0,18,0.7777777777777778
3460,15,2,1,0,0,18,0.8333333333333334
3461,15,3,1,0,0,19,0.7894736842105263
3462,14,4,1,0,0,19,0.7368421052631579
3463,14,4,1,0,0,19,0.7368421052631579
3464,13,3,1,0,0,17,0.7647058823529411
3465,14,3,1,0,0,18,0.7777777777777778
3466,15,4,1,0,0,20,0.75
3467,15,3,1,0,0,19,0.7894736842105263
3468,13,4,1,0,0,18,0.7222222222222222
3469,15,3,1,0,0,19,0.7894736842105263
3470,13,4,1,0,0,18,0.7222222222222222
3471,14,3,1,0,0,18,0.7777777777777778
3472,14,3,1,0,0,18,0.7777777777777778
3473,14,3,1,0,0,18,0.7777777777777778
3474,15,3,1,0,0,19,0.7894736842105263
3475,14,4,1,0,0,19,0.7368421052631579
3476,13,4,1,0,0,18,0.7222222222222222
3477,14,3,1,0,0,18,0.7777777777777778
3478,14,3,1,0,0,18,0.7777777777777778
3479,15,4,1,0,0,20,0.75
3480,12,4,1,0,0,17,0.7058823529411765
3481,13,5,1,0,0,19,0.6842105263157895
3482,12,4,1,0,0,17,0.7058823529411765
3483,13,3,1,0,0,17,0.7647058823529411
3484,14,3,1,0,0,18,0.7777777777777778
3485,11,3,1,0,0,15,0.7333333333333333
3486,15,3,1,0,0,19,0.7894736842105263
3487,14,4,1,0,0,19,0.7368421052631579
3488,12,5,1,0,0,18,0.6666666666666666
3489,14,4,1,0,0,19,0.7368421052631579
3490,14,4,1,0,0,19,0.7368421052631579
3491,15,4,1,0,0,20,0.75
3492,15,3,1,0,0,19,0.7894736842105263
3493,15,4,1,0,0,20,0.75
3494,15,4,1,0,0,20,0.75
3495,14,3,1,0,0,18,0.7777777777777778
3496,11,4,1,0,0,16,0.6875
3497,14,4,1,0,0,19,0.7368421052631579
3498,15,3,1,0,0,19,0.7894736842105263
3499,14,4,1,0,0,19,0.7368421052631579
3500,13,4,1,0,0,18,0.7222222222222222
3501,14,3,1,0,0,18,0.7777777777777778
3502,12,3,1,0,0,16,0.75
3503,14,3,1,0,0,18,0.7777777777777778
3504,14,3,1,0,0,18,0.7777777777777778
3505,12,4,1,0,0,17,0.7058823529411765
3506,13,3,1,0,0,17,0.7647058823529411
3507,15,3,1,0,0,19,0.7894736842105263
3508,15,3,1,0,0,19,0.7894736842105263
3509,14,2,1,0,0,17,0.8235294117647058
3510,15,4,1,0,0,20,0.75
3511,14,4,1,0,0,19,0.7368421052631579
3512,15,3,1,0,0,19,0.7894736842105263
3513,15,3,1,0,0,19,0.7894736842105263
3514,12,4,1,0,0,17,0.7058823529411765
3515,14,4,1,0,0,19,0.7368421052631579
3516,14,4,1,0,0,19,0.7368421052631579
3517,16,4,1,0,0,21,0.7619047619047619
3518,14,4,1,0,0,19,0.7368421052631579
3519,14,4,1,0,0,19,0.7368421052631579
3520,14,4,1,0,0,19,0.7368421052631579
3521,15,4,1,0,0,20,0.75
3522,14,5,1,0,0,20,0.7
3523,15,5,1,0,0,21,0.7142857142857143
3524,13,3,1,0,0,17,0.7647058823529411
3525,14,4,1,0,0,19,0.7368421052631579
3526,12,3,1,0,0,16,0.75
3527,13,3,1,0,0,17,0.7647058823529411
3528,14,3,1,0,0,18,0.7777777777777778
3529,15,3,1,0,0,19,0.7894736842105263
3530,14,4,1,0,0,19,0.7368421052631579
3531,15,4,1,0,0,20,0.75
3532,15,4,1,0,0,20,0.75
3533,15,4,1,0,0,20,0.75
3534,14,4,1,0,0,19,0.7368421052631579
3535,15,4,1,0,0,20,0.75
3536,14,4,1,0,0,19,0.7368421052631579
3537,13,3,1,0,0,17,0.7647058823529411
3538,14,5,1,0,0,20,0.7
3539,15,4,1,0,0,20,0.75
3540,15,4,1,0,0,20,0.75
3541,14,2,1,0,0,17,0.8235294117647058
3542,15,3,1,0,0,19,0.7894736842105263
3543,11,4,1,0,0,16,0.6875
3544,15,4,1,0,0,20,0.75
3545,15,4,1,0,0,20,0.75
3546,15,3,1,0,0,19,0.7894736842105263
3547,15,4,1,0,0,20,0.75
3548,15,3,1,0,0,19,0.7894736842105263
3549,14,3,1,0,0,18,0.7777777777777778
3550,12,4,1,0,0,17,0.7058823529411765
3551,15,3,1,0,0,19,0.7894736842105263
3552,13,3,1,0,0,17,0.7647058823529411
3553,13,3,1,0,0,17,0.7647058823529411
3554,13,3,1,0,0,17,0.7647058823529411
3555,13,5,1,0,0,19,0.6842105263157895
3556,10,4,1,0,0,15,0.6666666666666666
3557,14,4,1,0,0,19,0.7368421052631579
3558,12,3,1,0,0,16,0.75
3559,13,4,1,0,0,18,0.7222222222222222
3560,14,4,1,0,0,19,0.7368421052631579
3561,14,4,1,0,0,19,0.7368421052631579
3562,14,4,1,0,0,19,0.7368421052631579
3563,14,4,1,0,0,19,0.7368421052631579
3564,14,5,1,0,0,20,0.7
3565,15,4,1,0,0,20,0.75
3566,14,3,1,0,0,18,0.7777777777777778
3567,14,3,1,0,0,18,0.7777777777777778
3568,13,4,1,0,0,18,0.7222222222222222
3569,15,4,1,0,0,20,0.75
3570,11,4,1,0,0,16,0.6875
3571,14,3,1,0,0,18,0.7777777777777778
3572,14,3,1,0,0,18,0.7777777777777778
3573,15,3,1,0,0,19,0.7894736842105263
3574,15,3,1,0,0,19,0.7894736842105263
3575,15,3,1,0,0,19,0.7894736842105263
3576,13,3,1,0,0,17,0.7647058823529411
3577,14,3,1,0,0,18,0.7777777777777778
3578,12,3,1,0,0,16,0.75
3579,15,3,1,0,0,19,0.7894736842105263
3580,14,3,1,0,0,18,0.7777777777777778
3581,14,4,1,0,0,19,0.7368421052631579
3582,13,3,1,0,0,17,0.7647058823529411
3583,15,3,1,0,0,19,0.7894736842105263
3584,13,4,1,0,0,18,0.7222222222222222
3585,15,4,1,0,0,20,0.75
3586,14,3,1,0,0,18,0.7777777777777778
3587,15,4,1,0,0,20,0.75
3588,14,4,1,0,0,19,0.7368421052631579
3589,13,2,1,0,0,16,0.8125
3590,14,4,1,0,0,19,0.7368421052631579
3591,13,3,1,0,0,17,0.7647058823529411
3592,15,4,1,0,0,20,0.75
3593,14,4,1,0,0,19,0.7368421052631579
3594,14,4,1,0,0,19,0.7368421052631579
3595,13,4,1,0,0,18,0.7222222222222222
3596,15,3,1,0,0,19,0.7894736842105263
3597,14,5,1,0,0,20,0.7
3598,14,4,1,0,0,19,0.7368421052631579
3599,14,4,1,0,0,19,0.7368421052631579
3600,15,4,1,0,0,20,0.75
3601,15,4,1,0,0,20,0.75
3602,12,3,1,0,0,16,0.75
3603,14,4,1,0,0,19,0.7368421052631579
3604,14,3,1,0,0,18,0.7777777777777778
3605,14,4,1,0,0,19,0.7368421052631579
3606,15,4,1,0,0,20,0.75
3607,12,3,1,0,0,16,0.75
3608,15,4,1,0,0,20,0.75
3609,15,4,1,0,0,20,0.75
3610,13,5,1,0,0,19,0.6842105263157895
3611,14,4,1,0,0,19,0.7368421052631579
3612,14,4,1,0,0,19,0.7368421052631579
3613,11,3,1,0,0,15,0.7333333333333333
3614,13,5,1,0,0,19,0.6842105263157895
3615,14,4,1,0,0,19,0.7368421052631579
3616,13,4,1,0,0,18,0.7222222222222222
3617,14,3,1,0,0,18,0.7777777777777778
3618,14,4,1,0,0,19,0.7368421052631579
3619,15,4,1,0,0,20,0.75
3620,14,4,1,0,0,19,0.7368421052631579
3621,14,5,1,0,0,20,0.7
3622,14,3,1,0,0,18,0.7777777777777778
3623,15,3,1,0,0,19,0.7894736842105263
3624,13,3,1,0,0,17,0.7647058823529411
3625,15,4,1,0,0,20,0.75
3626,13,3,1,0,0,17,0.7647058823529411
3627,14,4,1,0,0,19,0.7368421052631579
3628,15,3,1,0,0,19,0.7894736842105263
3629,14,4,1,0,0,19,0.7368421052631579
3630,13,3,1,0,0,17,0.7647058823529411
3631,13,3,1,0,0,17,0.7647058823529411
3632,14,3,1,0,0,18,0.7777777777777778
3633,12,4,1,0,0,17,0.7058823529411765
3634,12,4,1,0,0,17,0.7058823529411765
3635,12,4,1,0,0,17,0.7058823529411765
3636,12,4,1,0,0,17,0.7058823529411765
3637,15,4,1,0,0,20,0.75
3638,12,3,1,0,0,16,0.75
3639,14,4,1,0,0,19,0.7368421052631579
3640,15,3,1,0,0,19,0.7894736842105263
3641,13,4,1,0,0,18,0.7222222222222222
3642,13,4,1,0,0,18,0.7222222222222222
3643,12,3,1,0,0,16,0.75
3644,13,4,1,0,0,18,0.7222222222222222
3645,12,4,1,0,0,17,0.7058823529411765
3646,14,4,1,0,0,19,0.7368421052631579
3647,13,4,1,0,0,18,0.7222222222222222
3648,15,3,1,0,0,19,0.7894736842105263
3649,14,5,1,0,0,20,0.7
3650,14,3,1,0,0,18,0.7777777777777778
3651,13,4,1,0,0,18,0.7222222222222222
3652,15,4,1,0,0,20,0.75
3653,11,4,1,0,0,16,0.6875
3654,14,4,1,0,0,19,0.7368421052631579
3655,14,5,1,0,0,20,0.7
3656,13,4,1,0,0,18,0.7222222222222222
3657,15,4,1,0,0,20,0.75
3658,14,4,1,0,0,19,0.7368421052631579
3659,14,4,1,0,0,19,0.7368421052631579
3660,13,4,1,0,0,18,0.7222222222222222
3661,12,4,1,0,0,17,0.7058823529411765
3662,14,3,1,0,0,18,0.7777777777777778
3663,13,4,1,0,0,18,0.7222222222222222
3664,14,4,1,0,0,19,0.7368421052631579
3665,15,4,1,0,0,20,0.75
3666,13,4,1,0,0,18,0.7222222222222222
3667,13,4,1,0,0,18,0.7222222222222222
3668,13,4,1,0,0,18,0.7222222222222222
3669,14,3,1,0,0,18,0.7777777777777778
3670,14,5,1,0,0,20,0.7
3671,13,4,1,0,0,18,0.7222222222222222
3672,14,3,1,0,0,18,0.7777777777777778
3673,14,3,1,0,0,18,0.7777777777777778
3674,14,3,1,0,0,18,0.7777777777777778
3675,15,4,1,0,0,20,0.75
3676,14,4,1,0,0,19,0.7368421052631579
3677,14,3,1,0,0,18,0.7777777777777778
3678,15,4,1,0,0,20,0.75
3679,15,4,1,0,0,20,0.75
3680,13,4,1,0,0,18,0.7222222222222222
3681,14,4,1,0,0,19,0.7368421052631579
3682,14,3,1,0,0,18,0.7777777777777778
3683,15,3,1,0,0,19,0.7894736842105263
3684,14,3,1,0,0,18,0.7777777777777778
3685,13,4,1,0,0,18,0.7222222222222222
3686,14,3,1,0,0,18,0.7777777777777778
3687,14,4,1,0,0,19,0.7368421052631579
3688,14,3,1,0,0,18,0.7777777777777778
3689,14,4,1,0,0,19,0.7368421052631579
3690,14,3,1,0,0,18,0.7777777777777778
3691,15,3,1,0,0,19,0.7894736842105263
3692,15,3,1,0,0,19,0.7894736842105263
3693,15,4,1,0,0,20,0.75
3694,13,3,1,0,0,17,0.7647058823529411
3695,14,4,1,0,0,19,0.7368421052631579
3696,13,3,1,0,0,17,0.7647058823529411
3697,13,3,1,0,0,17,0.7647058823529411
3698,14,3,1,0,0,18,0.7777777777777778
3699,14,4,1,0,0,19,0.7368421052631579
3700,14,3,1,0,0,18,0.7777777777777778
3701,15,3,1,0,0,19,0.7894736842105263
3702,15,4,1,0,0,20,0.75
3703,13,2,1,0,0,16,0.8125
3704,14,3,1,0,0,18,0.7777777777777778
3705,16,2,1,0,0,19,0.8421052631578947
3706,14,3,1,0,0,18,0.7777777777777778
3707,15,4,1,0,0,20,0.75
3708,15,4,1,0,0,20,0.75
3709,15,3,1,0,0,19,0.7894736842105263
3710,14,3,1,0,0,18,0.7777777777777778
3711,14,3,1,0,0,18,0.7777777777777778
3712,15,3,1,0,0,19,0.7894736842105263
3713,14,4,1,0,0,19,0.7368421052631579
3714,14,3,1,0,0,18,0.7777777777777778
3715,15,3,1,0,0,19,0.7894736842105263
3716,14,4,1,0,0,19,0.7368421052631579
3717,15,4,1,0,0,20,0.75
3718,13,3,1,0,0,17,0.7647058823529411
3719,15,2,1,0,0,18,0.8333333333333334
3720,15,3,1,0,0,19,0.7894736842105263
3721,14,4,1,0,0,19,0.7368421052631579
3722,15,3,1,0,0,19,0.7894736842105263
3723,14,3,1,0,0,18,0.7777777777777778
3724,13,5,1,0,0,19,0.6842105263157895
3725,13,4,1,0,0,18,0.7222222222222222
3726,14,4,1,0,0,19,0.7368421052631579
3727,15,4,1,0,0,20,0.75
3728,14,3,1,0,0,18,0.7777777777777778
3729,13,4,1,0,0,18,0.7222222222222222
3730,15,4,1,0,0,20,0.75
3731,14,4,1,0,0,19,0.7368421052631579
3732,13,4,1,0,0,18,0.7222222222222222
3733,13,5,1,0,0,19,0.6842105263157895
3734,15,4,1,0,0,20,0.75
3735,11,4,1,0,0,16,0.6875
3736,13,3,1,0,0,17,0.7647058823529411
3737,14,3,1,0,0,18,0.7777777777777778
3738,15,5,1,0,0,21,0.7142857142857143
3739,13,5,1,0,0,19,0.6842105263157895
3740,14,4,1,0,0,19,0.7368421052631579
3741,14,3,1,0,0,18,0.7777777777777778
3742,15,3,1,0,0,19,0.7894736842105263
3743,12,3,1,0,0,16,0.75
3744,14,2,1,0,0,17,0.8235294117647058
3745,13,4,1,0,0,18,0.7222222222222222
3746,14,4,1,0,0,19,0.7368421052631579
3747,15,4,1,0,0,20,0.75
3748,15,4,1,0,0,20,0.75
3749,12,3,1,0,0,16,0.75
3750,13,4,1,0,0,18,0.7222222222222222
3751,15,4,1,0,0,20,0.75
3752,14,2,1,0,0,17,0.8235294117647058
3753,15,4,1,0,0,20,0.75
3754,14,4,1,0,0,19,0.7368421052631579
3755,13,4,1,0,0,18,0.7222222222222222
3756,15,4,1,0,0,20,0.75
3757,15,4,1,0,0,20,0.75
3758,15,4,1,0,0,20,0.75
3759,15,4,1,0,0,20,0.75
3760,14,3,1,0,0,18,0.7777777777777778
3761,13,4,1,0,0,18,0.7222222222222222
3762,15,3,1,0,0,19,0.7894736842105263
3763,13,4,1,0,0,18,0.7222222222222222
3764,15,4,1,0,0,20,0.75
3765,15,3,1,0,0,19,0.7894736842105263
3766,14,3,1,0,0,18,0.7777777777777778
3767,15,4,1,0,0,20,0.75
3768,13,4,1,0,0,18,0.7222222222222222
3769,13,4,1,0,0,18,0.7222222222222222
3770,13,4,1,0,0,18,0.7222222222222222
3771,14,3,1,0,0,18,0.7777777777777778
3772,14,3,1,0,0,18,0.7777777777777778
3773,14,4,1,0,0,19,0.7368421052631579
3774,14,4,1,0,0,19,0.7368421052631579
3775,15,2,1,0,0,18,0.8333333333333334
3776,13,4,1,0,0,18,0.7222222222222222
3777,14,3,1,0,0,18,0.7777777777777778
3778,13,3,1,0,0,17,0.7647058823529411
3779,15,4,1,0,0,20,0.75
3780,14,3,1,0,0,18,0.7777777777777778
3781,15,3,1,0,0,19,0.7894736842105263
3782,14,3,1,0,0,18,0.7777777777777778
3783,14,3,1,0,0,18,0.7777777777777778
3784,13,4,1,0,0,18,0.7222222222222222
3785,14,3,1,0,0,18,0.7777777777777778
3786,15,3,1,0,0,19,0.7894736842105263
3787,14,3,1,0,0,18,0.7777777777777778
3788,14,3,1,0,0,18,0.7777777777777778
3789,15,3,1,0,0,19,0.7894736842105263
3790,14,3,1,0,0,18,0.7777777777777778
3791,13,4,1,0,0,18,0.7222222222222222
3792,13,4,1,0,0,18,0.7222222222222222
3793,14,4,1,0,0,19,0.7368421052631579
3794,14,4,1,0,0,19,0.7368421052631579
3795,15,3,1,0,0,19,0.7894736842105263
3796,14,4,1,0,0,19,0.7368421052631579
3797,12,4,1,0,0,17,0.7058823529411765
3798,15,3,1,0,0,19,0.7894736842105263
3799,13,3,1,0,0,17,0.7647058823529411
3800,14,3,1,0,0,18,0.7777777777777778
3801,15,3,1,0,0,19,0.7894736842105263
3802,12,3,1,0,0,16,0.75
3803,14,3,1,0,0,18,0.7777777777777778
3804,14,3,1,0,0,18,0.7777777777777778
3805,14,4,1,0,0,19,0.7368421052631579
3806,13,2,1,0,0,16,0.8125
3807,12,4,1,0,0,17,0.7058823529411765
3808,14,3,1,0,0,18,0.7777777777777778
3809,14,4,1,0,0,19,0.7368421052631579
3810,12,3,1,0,0,16,0.75
3811,14,3,1,0,0,18,0.7777777777777778
3812,15,4,1,0,0,20,0.75
3813,15,4,1,0,0,20,0.75
3814,13,3,1,0,0,17,0.7647058823529411
3815,15,2,1,0,0,18,0.8333333333333334
3816,15,3,1,0,0,19,0.7894736842105263
3817,14,3,1,0,0,18,0.7777777777777778
3818,13,4,1,0,0,18,0.7222222222222222
3819,13,4,1,0,0,18,0.7222222222222222
3820,14,3,1,0,0,18,0.7777777777777778
3821,14,4,1,0,0,19,0.7368421052631579
3822,15,3,1,0,0,19,0.7894736842105263
3823,14,4,1,0,0,19,0.7368421052631579
3824,13,4,1,0,0,18,0.7222222222222222
3825,15,3,1,0,0,19,0.7894736842105263
3826,13,3,1,0,0,17,0.7647058823529411
3827,15,3,1,0,0,19,0.7894736842105263
3828,12,3,1,0,0,16,0.75
3829,14,3,1,0,0,18,0.7777777777777778
3830,15,4,1,0,0,20,0.75
3831,15,3,1,0,0,19,0.7894736842105263
3832,14,4,1,0,0,19,0.7368421052631579
3833,13,4,1,0,0,18,0.7222222222222222
3834,14,3,1,0,0,18,0.7777777777777778
3835,15,3,1,0,0,19,0.7894736842105263
3836,14,4,1,0,0,19,0.7368421052631579
3837,15,3,1,0,0,19,0.7894736842105263
3838,15,4,1,0,0,20,0.75
3839,14,3,1,0,0,18,0.7777777777777778
3840,14,3,1,0,0,18,0.7777777777777778
3841,14,3,1,0,0,18,0.7777777777777778
3842,14,3,1,0,0,18,0.7777777777777778
3843,15,4,1,0,0,20,0.75
3844,12,3,1,0,0,16,0.75
3845,15,3,1,0,0,19,0.7894736842105263
3846,14,3,1,0,0,18,0.7777777777777778
3847,15,3,1,0,0,19,0.7894736842105263
3848,15,3,1,0,0,19,0.7894736842105263
3849,13,3,1,0,0,17,0.7647058823529411
3850,13,3,1,0,0,17,0.7647058823529411
3851,14,3,1,0,0,18,0.7777777777777778
3852,15,3,1,0,0,19,0.7894736842105263
3853,13,2,1,0,0,16,0.8125
3854,13,3,1,0,0,17,0.7647058823529411
3855,14,3,1,0,0,18,0.7777777777777778
3856,14,4,1,0,0,19,0.7368421052631579
3857,14,4,1,0,0,19,0.7368421052631579
3858,15,4,1,0,0,20,0.75
3859,15,3,1,0,0,19,0.7894736842105263
3860,14,3,1,0,0,18,0.7777777777777778
3861,15,3,1,0,0,19,0.7894736842105263
3862,14,3,1,0,0,18,0.7777777777777778
3863,14,3,1,0,0,18,0.7777777777777778
3864,13,3,1,0,0,17,0.7647058823529411
3865,12,3,1,0,0,16,0.75
3866,14,3,1,0,0,18,0.7777777777777778
3867,15,3,1,0,0,19,0.7894736842105263
3868,15,3,1,0,0,19,0.7894736842105263
3869,14,3,1,0,0,18,0.7777777777777778
3870,15,2,1,0,0,18,0.8333333333333334
3871,13,4,1,0,0,18,0.7222222222222222
3872,15,3,1,0,0,19,0.7894736842105263
3873,14,3,1,0,0,18,0.7777777777777778
3874,14,3,1,0,0,18,0.7777777777777778
3875,14,3,1,0,0,18,0.7777777777777778
3876,15,3,1,0,0,19,0.7894736842105263
3877,15,3,1,0,0,19,0.7894736842105263
3878,14,3,1,0,0,18,0.7777777777777778
3879,12,3,1,0,0,16,0.75
3880,13,3,1,0,0,17,0.7647058823529411
3881,14,3,1,0,0,18,0.7777777777777778
3882,12,3,1,0,0,16,0.75
3883,13,3,1,0,0,17,0.7647058823529411
3884,13,3,1,0,0,17,0.7647058823529411
3885,14,4,1,0,0,19,0.7368421052631579
3886,14,3,1,0,0,18,0.7777777777777778
3887,14,4,1,0,0,19,0.7368421052631579
3888,15,5,1,0,0,21,0.7142857142857143
3889,14,4,1,0,0,19,0.7368421052631579
3890,11,3,1,0,0,15,0.7333333333333333
3891,14,3,1,0,0,18,0.7777777777777778
3892,14,4,1,0,0,19,0.7368421052631579
3893,12,4,1,0,0,17,0.7058823529411765
3894,14,3,1,0,0,18,0.7777777777777778
3895,12,3,1,0,0,16,0.75
3896,14,3,1,0,0,18,0.7777777777777778
3897,12,3,1,0,0,16,0.75
3898,12,3,1,0,0,16,0.75
3899,13,2,1,0,0,16,0.8125
3900,14,4,1,0,0,19,0.7368421052631579
3901,14,3,1,0,0,18,0.7777777777777778
3902,12,4,1,0,0,17,0.7058823529411765
3903,15,3,1,0,0,19,0.7894736842105263
3904,13,3,1,0,0,17,0.7647058823529411
3905,16,2,1,0,0,19,0.8421052631578947
3906,14,4,1,0,0,19,0.7368421052631579
3907,13,3,1,0,0,17,0.7647058823529411
3908,15,3,1,0,0,19,0.7894736842105263
3909,14,3,1,0,0,18,0.7777777777777778
3910,15,3,1,0,0,19,0.7894736842105263
3911,15,3,1,0,0,19,0.7894736842105263
3912,14,4,1,0,0,19,0.7368421052631579
3913,13,3,1,0,0,17,0.7647058823529411
3914,15,3,1,0,0,19,0.7894736842105263
3915,13,3,1,0,0,17,0.7647058823529411
3916,14,3,1,0,0,18,0.7777777777777778
3917,15,3,1,0,0,19,0.7894736842105263
3918,14,3,1,0,0,18,0.7777777777777778
3919,14,3,1,0,0,18,0.7777777777777778
3920,15,3,1,0,0,19,0.7894736842105263
3921,14,3,1,0,0,18,0.7777777777777778
3922,12,4,1,0,0,17,0.7058823529411765
3923,15,4,1,0,0,20,0.75
3924,15,3,1,0,0,19,0.7894736842105263
3925,14,3,1,0,0,18,0.7777777777777778
3926,15,4,1,0,0,20,0.75
3927,14,3,1,0,0,18,0.7777777777777778
3928,14,3,1,0,0,18,0.7777777777777778
3929,13,3,1,0,0,17,0.7647058823529411
3930,15,3,1,0,0,19,0.7894736842105263
3931,13,3,1,0,0,17,0.7647058823529411
3932,13,3,1,0,0,17,0.7647058823529411
3933,12,3,1,0,0,16,0.75
3934,13,5,1,0,0,19,0.6842105263157895
3935,15,3,1,0,0,19,0.7894736842105263
3936,14,3,1,0,0,18,0.7777777777777778
3937,15,4,1,0,0,20,0.75
3938,14,3,1,0,0,18,0.7777777777777778
3939,13,3,1,0,0,17,0.7647058823529411
3940,14,3,1,0,0,18,0.7777777777777778
3941,13,3,1,0,0,17,0.7647058823529411
3942,14,3,1,0,0,18,0.7777777777777778
3943,14,3,1,0,0,18,0.7777777777777778
3944,13,3,1,0,0,17,0.7647058823529411
3945,15,3,1,0,0,19,0.7894736842105263
3946,15,3,1,0,0,19,0.7894736842105263
3947,14,3,1,0,0,18,0.7777777777777778
3948,15,2,1,0,0,18,0.8333333333333334
3949,14,3,1,0,0,18,0.7777777777777778
3950,15,3,1,0,0,19,0.7894736842105263
3951,14,3,1,0,0,18,0.7777777777777778
3952,13,3,1,0,0,17,0.7647058823529411
3953,15,3,1,0,0,19,0.7894736842105263
3954,13,3,1,0,0,17,0.7647058823529411
3955,13,3,1,0,0,17,0.7647058823529411
3956,14,3,1,0,0,18,0.7777777777777778
3957,15,3,1,0,0,19,0.7894736842105263
3958,14,3,1,0,0,18,0.7777777777777778
3959,14,3,1,0,0,18,0.7777777777777778
3960,15,3,1,0,0,19,0.7894736842105263
3961,14,3,1,0,0,18,0.7777777777777778
3962,13,3,1,0,0,17,0.7647058823529411
3963,14,3,1,0,0,18,0.7777777777777778
3964,14,3,1,0,0,18,0.7777777777777778
3965,15,4,1,0,0,20,0.75
3966,13,3,1,0,0,17,0.7647058823529411
3967,14,3,1,0,0,18,0.7777777777777778
3968,12,3,1,0,0,16,0.75
3969,13,2,1,0,0,16,0.8125
3970,15,3,1,0,0,19,0.7894736842105263
3971,15,4,1,0,0,20,0.75
3972,15,3,1,0,0,19,0.7894736842105263
3973,14,3,1,0,0,18,0.7777777777777778
3974,14,3,1,0,0,18,0.7777777777777778
3975,16,3,1,0,0,20,0.8
3976,13,3,1,0,0,17,0.7647058823529411
3977,14,4,1,0,0,19,0.7368421052631579
3978,13,5,1,0,0,19,0.6842105263157895
3979,15,4,1,0,0,20,0.75
3980,16,4,1,0,0,21,0.7619047619047619
3981,15,3,1,0,0,19,0.7894736842105263
3982,15,2,1,0,0,18,0.8333333333333334
3983,14,3,1,0,0,18,0.7777777777777778
3984,14,2,1,0,0,17,0.8235294117647058
3985,15,2,1,0,0,18,0.8333333333333334
3986,14,3,1,0,0,18,0.7777777777777778
3987,14,3,1,0,0,18,0.7777777777777778
3988,14,4,1,0,0,19,0.7368421052631579
3989,15,3,1,0,0,19,0.7894736842105263
3990,14,4,1,0,0,19,0.7368421052631579
3991,12,3,1,0,0,16,0.75
3992,13,4,1,0,0,18,0.7222222222222222
3993,12,3,1,0,0,16,0.75
3994,14,3,1,0,0,18,0.7777777777777778
3995,13,3,1,0,0,17,0.7647058823529411
3996,13,3,1,0,0,17,0.7647058823529411
3997,14,3,1,0,0,18,0.7777777777777778
3998,13,3,1,0,0,17,0.7647058823529411
3999,15,3,1,0,0,19,0.7894736842105263
4000,14,3,1,0,0,18,0.7777777777777778
4001,14,4,1,0,0,19,0.7368421052631579
4002,14,3,1,0,0,18,0.7777777777777778
4003,14,3,1,0,0,18,0.7777777777777778
4004,14,3,1,0,0,18,0.7777777777777778
4005,14,4,1,0,0,19,0.7368421052631579
4006,15,3,1,0,0,19,0.7894736842105263
4007,14,4,1,0,0,19,0.7368421052631579
4008,13,3,1,0,0,17,0.7647058823529411
4009,14,2,1,0,0,17,0.8235294117647058
4010,15,4,1,0,0,20,0.75
4011,12,3,1,0,0,16,0.75
4012,15,3,1,0,0,19,0.7894736842105263
4013,15,2,1,0,0,18,0.8333333333333334
4014,12,3,1,0,0,16,0.75
4015,13,4,1,0,0,18,0.7222222222222222
4016,15,3,1,0,0,19,0.7894736842105263
4017,14,2,1,0,0,17,0.8235294117647058
4018,15,2,1,0,0,18,0.8333333333333334
4019,13,2,1,0,0,16,0.8125
4020,14,3,1,0,0,18,0.7777777777777778
4021,14,3,1,0,0,18,0.7777777777777778
4022,14,3,1,0,0,18,0.7777777777777778
4023,15,4,1,0,0,20,0.75
4024,13,3,1,0,0,17,0.7647058823529411
4025,13,3,1,0,0,17,0.7647058823529411
4026,14,2,1,0,0,17,0.8235294117647058
4027,15,3,1,0,0,19,0.7894736842105263
4028,15,2,1,0,0,18,0.8333333333333334
4029,16,3,1,0,0,20,0.8
4030,15,2,1,0,0,18,0.8333333333333334
4031,15,2,1,0,0,18,0.8333333333333334
4032,14,4,1,0,0,19,0.7368421052631579
4033,14,3,1,0,0,18,0.7777777777777778
4034,14,3,1,0,0,18,0.7777777777777778
4035,13,4,1,0,0,18,0.7222222222222222
4036,14,3,1,0,0,18,0.7777777777777778
4037,14,3,1,0,0,18,0.7777777777777778
4038,15,4,1,0,0,20,0.75
4039,14,3,1,0,0,18,0.7777777777777778
4040,14,3,1,0,0,18,0.7777777777777778
4041,14,3,1,0,0,18,0.7777777777777778
4042,14,4,1,0,0,19,0.7368421052631579
4043,14,4,1,0,0,19,0.7368421052631579
4044,15,4,1,0,0,20,0.75
4045,14,3,1,0,0,18,0.7777777777777778
4046,15,3,1,0,0,19,0.7894736842105263
4047,15,3,1,0,0,19,0.7894736842105263
4048,15,3,1,0,0,19,0.7894736842105263
4049,14,3,1,0,0,18,0.7777777777777778
4050,15,3,1,0,0,19,0.7894736842105263
4051,14,4,1,0,0,19,0.7368421052631579
4052,15,4,1,0,0,20,0.75
4053,14,4,1,0,0,19,0.7368421052631579
4054,14,3,1,0,0,18,0.7777777777777778
4055,14,2,1,0,0,17,0.8235294117647058
4056,14,4,1,0,0,19,0.7368421052631579
4057,14,3,1,0,0,18,0.7777777777777778
4058,14,4,1,0,0,19,0.7368421052631579
4059,14,1,1,0,0,16,0.875
4060,14,3,1,0,0,18,0.7777777777777778
4061,15,2,1,0,0,18,0.8333333333333334
4062,14,3,1,0,0,18,0.7777777777777778
4063,14,2,1,0,0,17,0.8235294117647058
4064,13,3,1,0,0,17,0.7647058823529411
4065,14,3,1,0,0,18,0.7777777777777778
4066,14,3,1,0,0,18,0.7777777777777778
4067,15,2,1,0,0,18,0.8333333333333334
4068,15,3,1,0,0,19,0.7894736842105263
4069,13,3,1,0,0,17,0.7647058823529411
4070,14,2,1,0,0,17,0.8235294117647058
4071,13,3,1,1,0,18,0.7222222222222222
4072,14,3,1,0,0,18,0.7777777777777778
4073,14,3,1,0,0,18,0.7777777777777778
4074,15,3,1,0,0,19,0.7894736842105263
4075,15,2,1,0,0,18,0.8333333333333334
4076,11,4,1,1,0,17,0.6470588235294118
4077,14,3,1,0,0,18,0.7777777777777778
4078,13,4,1,0,0,18,0.7222222222222222
4079,15,3,1,0,0,19,0.7894736842105263
4080,12,4,1,1,0,18,0.6666666666666666
4081,14,4,1,0,0,19,0.7368421052631579
4082,14,4,1,0,0,19,0.7368421052631579
4083,15,3,1,0,0,19,0.7894736842105263
4084,15,3,1,0,0,19,0.7894736842105263
4085,15,2,1,0,0,18,0.8333333333333334
4086,13,4,1,0,0,18,0.7222222222222222
4087,14,3,1,0,0,18,0.7777777777777778
4088,14,2,1,0,0,17,0.8235294117647058
4089,14,3,1,0,0,18,0.7777777777777778
4090,15,3,1,0,0,19,0.7894736842105263
4091,15,2,1,0,0,18,0.8333333333333334
4092,15,3,1,0,0,19,0.7894736842105263
4093,15,2,1,0,0,18,0.8333333333333334
4094,15,3,1,0,0,19,0.7894736842105263
4095,13,3,1,0,0,17,0.7647058823529411
4096,14,4,1,0,0,19,0.7368421052631579
4097,15,3,1,0,0,19,0.7894736842105263
4098,14,3,1,0,0,18,0.7777777777777778
4099,15,4,1,0,0,20,0.75
4100,15,4,1,0,0,20,0.75
4101,15,3,1,0,0,19,0.7894736842105263
4102,14,4,1,0,0,19,0.7368421052631579
4103,15,3,1,0,0,19,0.7894736842105263
4104,15,2,1,0,0,18,0.8333333333333334
4105,15,5,1,0,0,21,0.7142857142857143
4106,14,4,1,0,0,19,0.7368421052631579
4107,15,3,1,0,0,19,0.7894736842105263
4108,15,4,1,1,0,21,0.7142857142857143
4109,14,3,1,0,0,18,0.7777777777777778
4110,15,3,1,0,0,19,0.7894736842105263
4111,14,4,1,0,0,19,0.7368421052631579
4112,15,4,1,0,0,20,0.75
4113,14,3,1,0,0,18,0.7777777777777778
4114,14,2,1,0,0,17,0.8235294117647058
4115,15,3,1,0,0,19,0.7894736842105263
4116,14,4,1,0,0,19,0.7368421052631579
4117,14,4,1,0,0,19,0.7368421052631579
4118,13,3,1,0,0,17,0.7647058823529411
4119,15,3,1,0,0,19,0.7894736842105263
4120,15,3,1,0,0,19,0.7894736842105263
4121,13,4,1,0,0,18,0.7222222222222222
4122,15,3,1,0,0,19,0.7894736842105263
4123,15,3,1,0,0,19,0.7894736842105263
4124,15,3,1,0,0,19,0.7894736842105263
4125,15,4,1,0,0,20,0.75
4126,13,4,1,0,0,18,0.7222222222222222
4127,15,3,1,0,0,19,0.7894736842105263
4128,13,3,1,0,0,17,0.7647058823529411
4129,14,4,1,0,0,19,0.7368421052631579
4130,15,3,1,0,0,19,0.7894736842105263
4131,15,3,1,0,0,19,0.7894736842105263
4132,15,4,1,0,0,20,0.75
4133,15,2,1,0,0,18,0.8333333333333334
4134,14,4,1,0,0,19,0.7368421052631579
4135,14,4,1,0,0,19,0.7368421052631579
4136,15,3,1,0,0,19,0.7894736842105263
4137,15,4,1,0,0,20,0.75
4138,15,4,1,1,0,21,0.7142857142857143
4139,14,3,1,0,0,18,0.7777777777777778
4140,15,3,1,0,0,19,0.7894736842105263
4141,13,4,1,0,0,18,0.7222222222222222
4142,12,4,1,0,0,17,0.7058823529411765
4143,14,3,1,0,0,18,0.7777777777777778
4144,15,4,1,0,0,20,0.75
4145,15,3,1,0,0,19,0.7894736842105263
4146,15,3,1,0,0,19,0.7894736842105263
4147,15,3,1,0,0,19,0.7894736842105263
4148,14,3,1,0,0,18,0.7777777777777778
4149,14,3,1,0,0,18,0.7777777777777778
4150,15,4,1,0,0,20,0.75
4151,15,3,1,0,0,19,0.7894736842105263
4152,15,3,1,0,0,19,0.7894736842105263
4153,15,4,1,0,0,20,0.75
4154,13,2,1,0,0,16,0.8125
4155,13,4,1,0,0,18,0.7222222222222222
4156,14,2,1,0,0,17,0.8235294117647058
4157,13,2,1,0,0,16,0.8125
4158,13,3,1,0,0,17,0.7647058823529411
4159,13,3,1,0,0,17,0.7647058823529411
4160,15,4,1,0,0,20,0.75
4161,14,4,1,0,0,19,0.7368421052631579
4162,13,4,1,0,0,18,0.7222222222222222
4163,14,4,1,0,0,19,0.7368421052631579
4164,15,4,1,1,0,21,0.7142857142857143
4165,13,4,1,0,0,18,0.7222222222222222
4166,15,3,1,0,0,19,0.7894736842105263
4167,15,2,1,0,0,18,0.8333333333333334
4168,15,4,1,0,0,20,0.75
4169,15,3,1,0,0,19,0.7894736842105263
4170,14,2,1,0,0,17,0.8235294117647058
4171,15,2,1,0,0,18,0.8333333333333334
4172,12,2,1,0,0,15,0.8
4173,15,4,1,0,0,20,0.75
4174,15,4,1,1,0,21,0.7142857142857143
4175,15,4,1,0,0,20,0.75
4176,15,3,1,0,0,19,0.7894736842105263
4177,13,4,1,0,0,18,0.7222222222222222
4178,15,2,1,0,0,18,0.8333333333333334
4179,13,2,1,0,0,16,0.8125
4180,15,2,1,0,0,18,0.8333333333333334
4181,14,3,1,0,0,18,0.7777777777777778
4182,15,3,1,0,0,19,0.7894736842105263
4183,15,2,1,0,0,18,0.8333333333333334
4184,14,2,1,0,0,17,0.8235294117647058
4185,14,3,1,0,0,18,0.7777777777777778
4186,14,3,1,0,0,18,0.7777777777777778
4187,15,2,1,0,0,18,0.8333333333333334
4188,15,2,1,0,0,18,0.8333333333333334
4189,14,3,1,0,0,18,0.7777777777777778
4190,15,2,1,0,0,18,0.8333333333333334
4191,15,3,1,0,0,19,0.7894736842105263
4192,15,4,1,0,0,20,0.75
4193,14,3,1,0,0,18,0.7777777777777778
4194,14,4,1,0,0,19,0.7368421052631579
4195,15,3,1,0,0,19,0.7894736842105263
4196,14,3,1,1,0,19,0.7368421052631579
4197,13,3,1,1,0,18,0.7222222222222222
4198,15,3,1,0,0,19,0.7894736842105263
4199,14,4,1,0,0,19,0.7368421052631579
4200,14,3,1,0,0,18,0.7777777777777778
4201,14,3,1,0,0,18,0.7777777777777778
4202,14,3,1,0,0,18,0.7777777777777778
4203,13,3,1,0,0,17,0.7647058823529411
4204,15,2,1,0,0,18,0.8333333333333334
4205,15,3,1,0,0,19,0.7894736842105263
4206,14,2,1,0,0,17,0.8235294117647058
4207,15,2,1,0,0,18,0.8333333333333334
4208,15,2,1,0,0,18,0.8333333333333334
4209,11,2,1,0,0,14,0.7857142857142857
4210,14,3,1,0,0,18,0.7777777777777778
4211,15,2,1,0,0,18,0.8333333333333334
4212,13,2,1,0,0,16,0.8125
4213,13,2,1,0,0,16,0.8125
4214,15,2,1,0,0,18,0.8333333333333334
4215,15,4,1,0,0,20,0.75
4216,13,4,1,0,0,18,0.7222222222222222
4217,15,4,1,0,0,20,0.75
4218,13,3,1,0,0,17,0.7647058823529411
4219,13,3,1,0,0,17,0.7647058823529411
4220,13,4,1,0,0,18,0.7222222222222222
4221,14,4,1,0,0,19,0.7368421052631579
4222,14,3,1,0,0,18,0.7777777777777778
4223,12,5,1,0,0,18,0.6666666666666666
4224,14,4,1,0,0,19,0.7368421052631579
4225,14,4,1,0,0,19,0.7368421052631579
4226,14,3,1,0,0,18,0.7777777777777778
4227,14,4,1,0,0,19,0.7368421052631579
4228,14,3,1,0,0,18,0.7777777777777778
4229,9,2,1,0,0,12,0.75
4230,14,3,1,0,0,18,0.7777777777777778
4231,15,3,1,0,0,19,0.7894736842105263
4232,14,2,1,0,0,17,0.8235294117647058
4233,12,3,1,0,0,16,0.75
4234,13,2,1,0,0,16,0.8125
4235,15,4,1,0,0,20,0.75
4236,14,3,1,0,0,18,0.7777777777777778
4237,15,2,1,0,0,18,0.8333333333333334
4238,14,2,1,0,0,17,0.8235294117647058
4239,14,2,1,0,0,17,0.8235294117647058
4240,14,4,1,0,0,19,0.7368421052631579
4241,14,3,1,0,0,18,0.7777777777777778
4242,14,3,1,1,0,19,0.7368421052631579
4243,15,3,1,0,0,19,0.7894736842105263
4244,13,4,1,0,0,18,0.7222222222222222
4245,14,3,1,0,0,18,0.7777777777777778
4246,14,3,1,0,0,18,0.7777777777777778
4247,15,2,1,0,0,18,0.8333333333333334
4248,13,3,1,0,0,17,0.7647058823529411
4249,15,4,1,0,0,20,0.75
4250,15,3,1,0,0,19,0.7894736842105263
4251,12,4,1,0,0,17,0.7058823529411765
4252,15,4,1,1,0,21,0.7142857142857143
4253,15,4,1,0,0,20,0.75
4254,14,4,1,0,0,19,0.7368421052631579
4255,13,4,1,0,0,18,0.7222222222222222
4256,14,4,1,0,0,19,0.7368421052631579
4257,14,4,1,1,0,20,0.7
4258,15,4,1,0,0,20,0.75
4259,15,4,1,1,0,21,0.7142857142857143
4260,14,4,1,0,0,19,0.7368421052631579
4261,15,4,1,1,0,21,0.7142857142857143
4262,14,4,1,0,0,19,0.7368421052631579
4263,15,3,1,0,0,19,0.7894736842105263
4264,12,2,1,0,0,15,0.8
4265,13,4,1,0,0,18,0.7222222222222222
4266,14,4,1,0,0,19,0.7368421052631579
4267,14,3,1,0,0,18,0.7777777777777778
4268,14,3,1,0,0,18,0.7777777777777778
4269,14,5,1,0,0,20,0.7
4270,12,4,1,0,0,17,0.7058823529411765
4271,14,4,1,0,0,19,0.7368421052631579
4272,14,4,1,1,0,20,0.7
4273,11,3,1,0,0,15,0.7333333333333333
4274,15,3,1,0,0,19,0.7894736842105263
4275,14,4,1,0,0,19,0.7368421052631579
4276,14,3,1,0,0,18,0.7777777777777778
4277,13,3,1,1,0,18,0.7222222222222222
4278,14,3,1,0,0,18,0.7777777777777778
4279,15,4,1,1,0,21,0.7142857142857143
4280,15,4,1,0,0,20,0.75
4281,14,5,1,0,0,20,0.7
4282,12,4,1,0,0,17,0.7058823529411765
4283,13,4,1,0,0,18,0.7222222222222222
4284,14,4,1,0,0,19,0.7368421052631579
4285,14,2,1,0,0,17,0.8235294117647058
4286,14,3,1,0,0,18,0.7777777777777778
4287,14,2,1,0,0,17,0.8235294117647058
4288,15,4,1,0,0,20,0.75
4289,13,4,1,0,0,18,0.7222222222222222
4290,15,4,1,0,0,20,0.75
4291,15,2,1,0,0,18,0.8333333333333334
4292,15,4,1,1,0,21,0.7142857142857143
4293,15,4,1,1,0,21,0.7142857142857143
4294,12,4,1,0,0,17,0.7058823529411765
4295,15,3,1,0,0,19,0.7894736842105263
4296,14,4,1,0,0,19,0.7368421052631579
4297,14,4,1,0,0,19,0.7368421052631579
4298,15,4,1,0,0,20,0.75
4299,15,4,1,1,0,21,0.7142857142857143
4300,12,4,1,0,0,17,0.7058823529411765
4301,15,5,1,0,0,21,0.7142857142857143
4302,14,4,1,0,0,19,0.7368421052631579
4303,14,4,1,1,0,20,0.7
4304,15,4,1,0,0,20,0.75
4305,14,4,1,0,0,19,0.7368421052631579
4306,13,3,1,0,0,17,0.7647058823529411
4307,13,3,1,0,0,17,0.7647058823529411
4308,14,4,1,0,0,19,0.7368421052631579
4309,15,3,1,0,0,19,0.7894736842105263
4310,14,5,1,0,0,20,0.7
4311,15,4,1,0,0,20,0.75
4312,15,5,1,1,0,22,0.6818181818181818
4313,15,4,1,0,0,20,0.75
4314,14,4,1,0,0,19,0.7368421052631579
4315,14,4,1,0,0,19,0.7368421052631579
4316,14,4,1,0,0,19,0.7368421052631579
4317,14,4,1,0,0,19,0.7368421052631579
4318,15,5,1,0,0,21,0.7142857142857143
4319,14,4,1,0,0,19,0.7368421052631579
4320,14,3,1,0,0,18,0.7777777777777778
4321,12,4,1,0,0,17,0.7058823529411765
4322,15,4,1,0,0,20,0.75
4323,14,4,1,0,0,19,0.7368421052631579
4324,12,3,1,0,0,16,0.75
4325,15,4,1,0,0,20,0.75
4326,13,3,1,0,0,17,0.7647058823529411
4327,15,4,1,0,0,20,0.75
4328,13,4,1,0,0,18,0.7222222222222222
4329,14,4,1,0,0,19,0.7368421052631579
4330,12,2,1,0,0,15,0.8
4331,14,3,1,0,0,18,0.7777777777777778
4332,12,3,1,0,0,16,0.75
4333,13,3,1,0,0,17,0.7647058823529411
4334,13,4,1,0,0,18,0.7222222222222222
4335,15,4,1,0,0,20,0.75
4336,13,2,1,0,0,16,0.8125
4337,15,2,1,0,0,18,0.8333333333333334
4338,11,3,1,0,0,15,0.7333333333333333
4339,13,3,1,0,0,17,0.7647058823529411
4340,13,4,1,0,0,18,0.7222222222222222
4341,12,4,1,0,0,17,0.7058823529411765
4342,13,3,1,0,0,17,0.7647058823529411
4343,14,2,1,0,0,17,0.8235294117647058
4344,13,3,1,0,0,17,0.7647058823529411
4345,14,4,1,0,0,19,0.7368421052631579
4346,15,4,1,1,0,21,0.7142857142857143
4347,15,4,1,1,0,21,0.7142857142857143
4348,13,5,1,0,0,19,0.6842105263157895
4349,13,4,1,0,0,18,0.7222222222222222
4350,13,4,1,0,0,18,0.7222222222222222
4351,15,4,1,0,0,20,0.75
4352,13,4,1,1,0,19,0.6842105263157895
4353,14,5,1,0,0,20,0.7
4354,15,2,1,0,0,18,0.8333333333333334
4355,14,3,1,0,0,18,0.7777777777777778
4356,15,4,1,0,0,20,0.75
4357,15,4,1,0,0,20,0.75
4358,14,3,1,0,0,18,0.7777777777777778
4359,14,3,1,1,0,19,0.7368421052631579
4360,14,3,1,0,0,18,0.7777777777777778
4361,15,4,1,0,0,20,0.75
4362,14,4,1,0,0,19,0.7368421052631579
4363,15,4,1,0,0,20,0.75
4364,15,4,1,0,0,20,0.75
4365,14,3,1,0,0,18,0.7777777777777778
4366,13,3,1,0,0,17,0.7647058823529411
4367,14,4,1,0,0,19,0.7368421052631579
4368,15,4,1,0,0,20,0.75
4369,15,4,1,0,0,20,0.75
4370,15,4,1,0,0,20,0.75
4371,13,4,1,0,0,18,0.7222222222222222
4372,14,4,1,0,0,19,0.7368421052631579
4373,13,5,1,0,0,19,0.6842105263157895
4374,14,4,1,0,0,19,0.7368421052631579
4375,14,3,1,0,0,18,0.7777777777777778
4376,14,4,1,1,0,20,0.7
4377,14,4,1,0,0,19,0.7368421052631579
4378,13,4,1,0,0,18,0.7222222222222222
4379,15,3,1,0,0,19,0.7894736842105263
4380,15,4,1,0,0,20,0.75
4381,13,3,1,0,0,17,0.7647058823529411
4382,13,4,1,0,0,18,0.7222222222222222
4383,14,4,1,0,0,19,0.7368421052631579
4384,14,3,1,0,0,18,0.7777777777777778
4385,14,2,1,0,0,17,0.8235294117647058
4386,14,4,1,0,0,19,0.7368421052631579
4387,15,4,1,1,0,21,0.7142857142857143
4388,15,4,1,0,0,20,0.75
4389,14,2,1,0,0,17,0.8235294117647058
4390,15,4,1,1,0,21,0.7142857142857143
4391,14,3,1,0,0,18,0.7777777777777778
4392,14,3,1,0,0,18,0.7777777777777778
4393,12,4,1,0,0,17,0.7058823529411765
4394,15,3,1,0,0,19,0.7894736842105263
4395,14,3,1,0,0,18,0.7777777777777778
4396,13,3,1,0,0,17,0.7647058823529411
4397,14,3,1,0,0,18,0.7777777777777778
4398,14,4,1,0,0,19,0.7368421052631579
4399,14,2,1,0,0,17,0.8235294117647058
4400,14,2,1,0,0,17,0.8235294117647058
4401,14,4,1,0,0,19,0.7368421052631579
4402,15,4,1,0,0,20,0.75
4403,15,4,1,0,0,20,0.75
4404,14,5,1,0,0,20,0.7
4405,12,3,1,0,0,16,0.75
4406,15,3,1,0,0,19,0.7894736842105263
4407,13,3,1,0,0,17,0.7647058823529411
4408,13,4,1,0,0,18,0.7222222222222222
4409,14,4,1,0,0,19,0.7368421052631579
4410,14,4,1,1,0,20,0.7
4411,15,3,1,0,0,19,0.7894736842105263
4412,15,3,1,0,0,19,0.7894736842105263
4413,15,5,1,0,0,21,0.7142857142857143
4414,15,4,1,0,0,20,0.75
4415,15,3,1,0,0,19,0.7894736842105263
4416,15,3,1,0,0,19,0.7894736842105263
4417,13,4,1,0,0,18,0.7222222222222222
4418,15,3,1,0,0,19,0.7894736842105263
4419,15,4,1,1,0,21,0.7142857142857143
4420,12,4,1,0,0,17,0.7058823529411765
4421,13,4,1,0,0,18,0.7222222222222222
4422,14,4,1,0,0,19,0.7368421052631579
4423,15,4,1,0,0,20,0.75
4424,15,4,1,0,0,20,0.75
4425,15,4,1,0,0,20,0.75
4426,15,4,1,0,0,20,0.75
4427,15,4,1,0,0,20,0.75
4428,14,3,1,0,0,18,0.7777777777777778
4429,14,4,1,0,0,19,0.7368421052631579
4430,15,4,1,0,0,20,0.75
4431,15,3,1,0,0,19,0.7894736842105263
4432,14,3,1,0,0,18,0.7777777777777778
4433,14,3,1,0,0,18,0.7777777777777778
4434,15,3,1,0,0,19,0.7894736842105263
4435,15,3,1,0,0,19,0.7894736842105263
4436,12,4,1,0,0,17,0.7058823529411765
4437,14,3,1,0,0,18,0.7777777777777778
4438,14,4,1,0,0,19,0.7368421052631579
4439,14,3,1,0,0,18,0.7777777777777778
4440,14,3,1,0,0,18,0.7777777777777778
4441,15,4,1,0,0,20,0.75
4442,15,2,1,0,0,18,0.8333333333333334
4443,15,3,1,0,0,19,0.7894736842105263
4444,14,4,1,0,0,19,0.7368421052631579
4445,13,4,1,0,0,18,0.7222222222222222
4446,13,4,1,0,0,18,0.7222222222222222
4447,12,3,1,0,0,16,0.75
4448,12,4,1,0,0,17,0.7058823529411765
4449,15,4,1,0,0,20,0.75
4450,15,4,1,0,0,20,0.75
4451,15,4,1,0,0,20,0.75
4452,14,5,1,0,0,20,0.7
4453,13,3,1,0,0,17,0.7647058823529411
4454,15,4,1,0,0,20,0.75
4455,15,4,1,0,0,20,0.75
4456,15,4,1,0,0,20,0.75
4457,15,4,1,0,0,20,0.75
4458,15,4,1,0,0,20,0.75
4459,14,3,1,0,0,18,0.7777777777777778
4460,14,4,1,0,0,19,0.7368421052631579
4461,13,3,1,0,0,17,0.7647058823529411
4462,15,2,1,0,0,18,0.8333333333333334
4463,15,4,1,0,0,20,0.75
4464,12,4,1,0,0,17,0.7058823529411765
4465,15,4,1,0,0,20,0.75
4466,15,2,1,0,0,18,0.8333333333333334
4467,14,3,1,0,0,18,0.7777777777777778
4468,14,4,1,0,0,19,0.7368421052631579
4469,15,4,1,0,0,20,0.75
4470,12,4,1,0,0,17,0.7058823529411765
4471,12,4,1,0,0,17,0.7058823529411765
4472,14,4,1,0,0,19,0.7368421052631579
4473,15,3,1,0,0,19,0.7894736842105263
4474,13,4,1,0,0,18,0.7222222222222222
4475,13,2,1,0,0,16,0.8125
4476,12,3,1,0,0,16,0.75
4477,14,4,1,0,0,19,0.7368421052631579
4478,15,4,1,0,0,20,0.75
4479,15,4,1,0,0,20,0.75
4480,12,3,1,0,0,16,0.75
4481,15,3,1,0,0,19,0.7894736842105263
4482,15,3,1,0,0,19,0.7894736842105263
4483,13,3,1,0,0,17,0.7647058823529411
4484,15,3,1,0,0,19,0.7894736842105263
4485,14,3,1,0,0,18,0.7777777777777778
4486,11,3,1,0,0,15,0.7333333333333333
4487,11,2,1,0,0,14,0.7857142857142857
4488,14,4,1,0,0,19,0.7368421052631579
4489,13,4,1,0,0,18,0.7222222222222222
4490,14,3,1,0,0,18,0.7777777777777778
4491,15,4,1,0,0,20,0.75
4492,14,4,1,0,0,19,0.7368421052631579
4493,14,4,1,0,0,19,0.7368421052631579
4494,15,4,1,0,0,20,0.75
4495,11,3,1,0,0,15,0.7333333333333333
4496,15,3,1,0,0,19,0.7894736842105263
4497,14,3,1,0,0,18,0.7777777777777778
4498,14,3,1,0,0,18,0.7777777777777778
4499,13,4,1,0,0,18,0.7222222222222222
4500,13,5,1,0,0,19,0.6842105263157895
4501,11,3,1,0,0,15,0.7333333333333333
4502,13,4,1,0,0,18,0.7222222222222222
4503,13,4,1,0,0,18,0.7222222222222222
4504,11,4,1,0,0,16,0.6875
4505,12,4,1,0,0,17,0.7058823529411765
4506,15,4,1,0,0,20,0.75
4507,14,4,1,0,0,19,0.7368421052631579
4508,14,3,1,0,0,18,0.7777777777777778
4509,14,3,1,0,0,18,0.7777777777777778
4510,15,3,1,0,0,19,0.7894736842105263
4511,15,5,1,0,0,21,0.7142857142857143
4512,12,3,1,0,0,16,0.75
4513,13,4,1,0,0,18,0.7222222222222222
4514,12,4,1,0,0,17,0.7058823529411765
4515,13,4,1,0,0,18,0.7222222222222222
4516,13,5,1,0,0,19,0.6842105263157895
4517,15,4,1,0,0,20,0.75
4518,15,4,1,0,0,20,0.75
4519,14,3,1,0,0,18,0.7777777777777778
4520,13,4,1,0,0,18,0.7222222222222222
4521,14,3,1,0,0,18,0.7777777777777778
4522,14,3,1,0,0,18,0.7777777777777778
4523,14,4,1,0,0,19,0.7368421052631579
4524,15,4,1,0,0,20,0.75
4525,15,3,1,0,0,19,0.7894736842105263
4526,12,4,1,0,0,17,0.7058823529411765
4527,13,4,1,0,0,18,0.7222222222222222
4528,13,4,1,0,0,18,0.7222222222222222
4529,13,4,1,0,0,18,0.7222222222222222
4530,13,4,1,0,0,18,0.7222222222222222
4531,14,3,1,0,0,18,0.7777777777777778
4532,14,3,1,0,0,18,0.7777777777777778
4533,14,4,1,0,0,19,0.7368421052631579
4534,15,4,1,0,0,20,0.75
4535,15,4,1,0,0,20,0.75
4536,14,4,1,0,0,19,0.7368421052631579
4537,15,4,1,0,0,20,0.75
4538,15,5,1,0,0,21,0.7142857142857143
4539,15,3,1,0,0,19,0.7894736842105263
4540,14,4,1,0,0,19,0.7368421052631579
4541,15,4,1,0,0,20,0.75
4542,12,4,1,0,0,17,0.7058823529411765
4543,14,4,1,0,0,19,0.7368421052631579
4544,14,4,1,0,0,19,0.7368421052631579
4545,14,4,1,0,0,19,0.7368421052631579
4546,13,3,1,0,0,17,0.7647058823529411
4547,13,4,1,0,0,18,0.7222222222222222
4548,14,3,1,0,0,18,0.7777777777777778
4549,14,4,1,0,0,19,0.7368421052631579
4550,14,5,1,0,0,20,0.7
4551,15,4,1,0,0,20,0.75
4552,14,4,1,0,0,19,0.7368421052631579
4553,15,4,1,0,0,20,0.75
4554,15,3,1,0,0,19,0.7894736842105263
4555,13,4,1,0,0,18,0.7222222222222222
4556,14,4,1,0,0,19,0.7368421052631579
4557,13,4,1,0,0,18,0.7222222222222222
4558,15,2,1,0,0,18,0.8333333333333334
4559,12,3,1,0,0,16,0.75
4560,13,3,1,0,0,17,0.7647058823529411
4561,13,3,1,0,0,17,0.7647058823529411
4562,12,4,1,0,0,17,0.7058823529411765
4563,13,4,1,0,0,18,0.7222222222222222
4564,14,4,1,0,0,19,0.7368421052631579
4565,14,4,1,0,0,19,0.7368421052631579
4566,14,4,1,0,0,19,0.7368421052631579
4567,13,3,1,0,0,17,0.7647058823529411
4568,14,2,1,0,0,17,0.8235294117647058
4569,13,4,1,0,0,18,0.7222222222222222
4570,15,4,1,0,0,20,0.75
4571,15,2,1,0,0,18,0.8333333333333334
4572,15,3,1,0,0,19,0.7894736842105263
4573,15,3,1,0,0,19,0.7894736842105263
4574,14,3,1,0,0,18,0.7777777777777778
4575,14,3,1,0,0,18,0.7777777777777778
4576,13,3,1,0,0,17,0.7647058823529411
4577,15,4,1,0,0,20,0.75
4578,14,4,1,0,0,19,0.7368421052631579
4579,15,4,1,0,0,20,0.75
4580,15,4,1,0,0,20,0.75
4581,14,3,1,0,0,18,0.7777777777777778
4582,13,4,1,0,0,18,0.7222222222222222
4583,15,3,1,0,0,19,0.7894736842105263
4584,12,3,1,0,0,16,0.75
4585,15,4,1,0,0,20,0.75
4586,13,4,1,0,0,18,0.7222222222222222
4587,13,3,1,0,0,17,0.7647058823529411
4588,13,3,1,0,0,17,0.7647058823529411
4589,14,4,1,0,0,19,0.7368421052631579
4590,15,4,1,0,0,20,0.75
4591,13,2,1,0,0,16,0.8125
4592,11,2,1,0,0,14,0.7857142857142857
4593,15,3,1,0,0,19,0.7894736842105263
4594,12,3,1,0,0,16,0.75
4595,12,2,1,0,0,15,0.8
4596,14,4,1,0,0,19,0.7368421052631579
4597,12,3,1,0,0,16,0.75
4598,14,2,1,0,0,17,0.8235294117647058
4599,14,4,1,0,0,19,0.7368421052631579
4600,14,3,1,0,0,18,0.7777777777777778
4601,14,3,1,0,0,18,0.7777777777777778
4602,14,3,1,0,0,18,0.7777777777777778
4603,14,2,1,0,0,17,0.8235294117647058
4604,15,4,1,0,0,20,0.75
4605,14,4,1,0,0,19,0.7368421052631579
4606,14,3,1,0,0,18,0.7777777777777778
4607,14,3,1,0,0,18,0.7777777777777778
4608,15,3,1,0,0,19,0.7894736842105263
4609,15,3,1,0,0,19,0.7894736842105263
4610,14,3,1,0,0,18,0.7777777777777778
4611,13,3,1,0,0,17,0.7647058823529411
4612,16,5,1,0,0,22,0.7272727272727273
4613,14,4,1,0,0,19,0.7368421052631579
4614,15,3,1,0,0,19,0.7894736842105263
4615,13,4,1,0,0,18,0.7222222222222222
4616,14,3,1,0,0,18,0.7777777777777778
4617,14,3,1,0,0,18,0.7777777777777778
4618,13,3,1,0,0,17,0.7647058823529411
4619,12,4,1,0,0,17,0.7058823529411765
4620,15,3,1,0,0,19,0.7894736842105263
4621,14,3,1,0,0,18,0.7777777777777778
4622,11,4,1,0,0,16,0.6875
4623,14,4,1,0,0,19,0.7368421052631579
4624,14,3,1,0,0,18,0.7777777777777778
4625,14,4,1,0,0,19,0.7368421052631579
4626,13,4,1,0,0,18,0.7222222222222222
4627,12,4,1,0,0,17,0.7058823529411765
4628,13,3,1,0,0,17,0.7647058823529411
4629,15,3,1,0,0,19,0.7894736842105263
4630,14,3,1,0,0,18,0.7777777777777778
4631,13,4,1,0,0,18,0.7222222222222222
4632,14,3,1,0,0,18,0.7777777777777778
4633,14,3,1,0,0,18,0.7777777777777778
4634,13,3,1,0,0,17,0.7647058823529411
4635,14,4,1,0,0,19,0.7368421052631579
4636,13,3,1,0,0,17,0.7647058823529411
4637,13,4,1,0,0,18,0.7222222222222222
4638,14,3,1,0,0,18,0.7777777777777778
4639,14,4,1,0,0,19,0.7368421052631579
4640,14,3,1,0,0,18,0.7777777777777778
4641,13,4,1,0,0,18,0.7222222222222222
4642,14,3,1,0,0,18,0.7777777777777778
4643,14,2,1,0,0,17,0.8235294117647058
4644,14,3,1,0,0,18,0.7777777777777778
4645,13,3,1,0,0,17,0.7647058823529411
4646,15,3,1,0,0,19,0.7894736842105263
4647,15,4,1,0,0,20,0.75
4648,12,3,1,0,0,16,0.75
4649,13,3,1,0,0,17,0.7647058823529411
4650,14,4,1,0,0,19,0.7368421052631579
4651,15,4,1,0,0,20,0.75
4652,13,4,1,0,0,18,0.7222222222222222
4653,14,4,1,0,0,19,0.7368421052631579
4654,13,4,1,0,0,18,0.7222222222222222
4655,14,4,1,0,0,19,0.7368421052631579
4656,14,3,1,0,0,18,0.7777777777777778
4657,14,4,1,0,0,19,0.7368421052631579
4658,14,4,1,0,0,19,0.7368421052631579
4659,14,3,1,0,0,18,0.7777777777777778
4660,14,2,1,0,0,17,0.8235294117647058
4661,14,3,1,0,0,18,0.7777777777777778
4662,14,3,1,0,0,18,0.7777777777777778
4663,15,3,1,0,0,19,0.7894736842105263
4664,13,5,1,0,0,19,0.6842105263157895
4665,14,2,1,0,0,17,0.8235294117647058
4666,14,5,1,0,0,20,0.7
4667,12,3,1,0,0,16,0.75
4668,15,3,1,0,0,19,0.7894736842105263
4669,14,3,1,0,0,18,0.7777777777777778
4670,14,3,1,0,0,18,0.7777777777777778
4671,14,5,1,0,0,20,0.7
4672,15,2,1,0,0,18,0.8333333333333334
4673,15,4,1,0,0,20,0.75
4674,13,3,1,0,0,17,0.7647058823529411
4675,14,3,1,0,0,18,0.7777777777777778
4676,14,3,1,0,0,18,0.7777777777777778
4677,16,4,1,0,0,21,0.7619047619047619
4678,15,4,1,0,0,20,0.75
4679,15,5,1,0,0,21,0.7142857142857143
4680,14,3,1,0,0,18,0.7777777777777778
4681,15,3,1,0,0,19,0.7894736842105263
4682,13,3,1,0,0,17,0.7647058823529411
4683,13,3,1,0,0,17,0.7647058823529411
4684,15,3,1,0,0,19,0.7894736842105263
4685,15,4,1,0,0,20,0.75
4686,14,3,1,0,0,18,0.7777777777777778
4687,15,4,1,0,0,20,0.75
4688,14,3,1,0,0,18,0.7777777777777778
4689,15,3,1,0,0,19,0.7894736842105263
4690,14,3,1,0,0,18,0.7777777777777778
4691,15,4,1,0,0,20,0.75
4692,14,3,1,0,0,18,0.7777777777777778
4693,14,4,1,0,0,19,0.7368421052631579
4694,15,4,1,0,0,20,0.75
4695,15,3,1,0,0,19,0.7894736842105263
4696,14,2,1,0,0,17,0.8235294117647058
4697,15,3,1,0,0,19,0.7894736842105263
4698,14,3,1,0,0,18,0.7777777777777778
4699,15,3,1,0,0,19,0.7894736842105263
4700,15,3,1,0,0,19,0.7894736842105263
4701,14,3,1,0,0,18,0.7777777777777778
4702,14,4,1,0,0,19,0.7368421052631579
4703,15,3,1,0,0,19,0.7894736842105263
4704,15,3,1,0,0,19,0.7894736842105263
4705,15,4,1,0,0,20,0.75
4706,15,3,1,0,0,19,0.7894736842105263
4707,14,4,1,0,0,19,0.7368421052631579
4708,13,4,1,0,0,18,0.7222222222222222
4709,15,4,1,0,0,20,0.75
4710,15,4,1,0,0,20,0.75
4711,15,3,1,0,0,19,0.7894736842105263
4712,15,4,1,0,0,20,0.75
4713,15,4,1,0,0,20,0.75
4714,14,5,1,0,0,20,0.7
4715,15,4,1,0,0,20,0.75
4716,15,4,1,0,0,20,0.75
4717,13,3,1,0,0,17,0.7647058823529411
4718,14,3,1,0,0,18,0.7777777777777778
4719,15,2,1,0,0,18,0.8333333333333334
4720,14,4,1,0,0,19,0.7368421052631579
4721,12,4,1,0,0,17,0.7058823529411765
4722,16,3,1,0,0,20,0.8
4723,15,4,1,0,0,20,0.75
4724,15,4,1,0,0,20,0.75
4725,15,3,1,0,0,19,0.7894736842105263
4726,14,3,1,0,0,18,0.7777777777777778
4727,13,3,1,0,0,17,0.7647058823529411
4728,15,3,1,0,0,19,0.7894736842105263
4729,15,3,1,0,0,19,0.7894736842105263
4730,14,3,1,0,0,18,0.7777777777777778
4731,14,3,1,0,0,18,0.7777777777777778
4732,15,3,1,0,0,19,0.7894736842105263
4733,15,4,1,0,0,20,0.75
4734,14,4,1,0,0,19,0.7368421052631579
4735,13,3,1,0,0,17,0.7647058823529411
4736,15,3,1,0,0,19,0.7894736842105263
4737,14,4,1,0,0,19,0.7368421052631579
4738,14,3,1,0,0,18,0.7777777777777778
4739,15,4,1,0,0,20,0.75
4740,15,3,1,0,0,19,0.7894736842105263
4741,15,4,1,0,0,20,0.75
4742,13,4,1,0,0,18,0.7222222222222222
4743,15,4,1,0,0,20,0.75
4744,14,3,1,0,0,18,0.7777777777777778
4745,14,4,1,0,0,19,0.7368421052631579
4746,14,3,1,0,0,18,0.7777777777777778
4747,15,3,1,0,0,19,0.7894736842105263
4748,15,4,1,0,0,20,0.75
4749,15,4,1,0,0,20,0.75
4750,15,3,1,0,0,19,0.7894736842105263
4751,14,4,1,0,0,19,0.7368421052631579
4752,13,4,1,0,0,18,0.7222222222222222
4753,14,4,1,0,0,19,0.7368421052631579
4754,14,4,1,0,0,19,0.7368421052631579
4755,15,3,1,0,0,19,0.7894736842105263
4756,14,4,1,0,0,19,0.7368421052631579
4757,13,4,1,0,0,18,0.7222222222222222
4758,15,4,1,0,0,20,0.75
4759,15,4,1,0,0,20,0.75
4760,13,4,1,0,0,18,0.7222222222222222
4761,15,3,1,0,0,19,0.7894736842105263
4762,15,4,1,0,0,20,0.75
4763,14,5,1,0,0,20,0.7
4764,15,3,1,0,0,19,0.7894736842105263
4765,13,3,1,0,0,17,0.7647058823529411
4766,15,3,1,0,0,19,0.7894736842105263
4767,15,3,1,0,0,19,0.7894736842105263
4768,14,4,1,0,0,19,0.7368421052631579
4769,15,3,1,0,0,19,0.7894736842105263
4770,15,3,1,0,0,19,0.7894736842105263
4771,15,3,1,0,0,19,0.7894736842105263
4772,15,3,1,0,0,19,0.7894736842105263
4773,14,4,1,0,0,19,0.7368421052631579
4774,15,4,1,0,0,20,0.75
4775,14,3,1,0,0,18,0.7777777777777778
4776,15,4,1,0,0,20,0.75
4777,15,4,1,0,0,20,0.75
4778,15,3,1,0,0,19,0.7894736842105263
4779,15,4,1,0,0,20,0.75
4780,14,4,1,0,0,19,0.7368421052631579
4781,14,4,1,0,0,19,0.7368421052631579
4782,14,3,1,0,0,18,0.7777777777777778
4783,15,4,1,0,0,20,0.75
4784,14,4,1,0,0,19,0.7368421052631579
4785,15,3,1,0,0,19,0.7894736842105263
4786,14,4,1,0,0,19,0.7368421052631579
4787,14,3,1,0,0,18,0.7777777777777778
4788,15,4,1,0,0,20,0.75
4789,15,3,1,0,0,19,0.7894736842105263
4790,14,4,1,0,0,19,0.7368421052631579
4791,15,4,1,0,0,20,0.75
4792,13,3,1,0,0,17,0.7647058823529411
4793,14,4,1,0,0,19,0.7368421052631579
4794,15,3,1,0,0,19,0.7894736842105263
4795,14,3,1,0,0,18,0.7777777777777778
4796,14,3,1,0,0,18,0.7777777777777778
4797,13,4,1,0,0,18,0.7222222222222222
4798,14,4,1,0,0,19,0.7368421052631579
4799,14,4,1,0,0,19,0.7368421052631579
4800,15,3,1,0,0,19,0.7894736842105263
4801,13,4,1,0,0,18,0.7222222222222222
4802,14,3,1,0,0,18,0.7777777777777778
4803,15,4,1,0,0,20,0.75
4804,15,3,1,0,0,19,0.7894736842105263
4805,15,3,1,0,0,19,0.7894736842105263
4806,15,3,1,0,0,19,0.7894736842105263
4807,14,3,1,0,0,18,0.7777777777777778
4808,15,3,1,0,0,19,0.7894736842105263
4809,15,4,1,0,0,20,0.75
4810,15,3,1,0,0,19,0.7894736842105263
4811,15,3,1,0,0,19,0.7894736842105263
4812,15,4,1,0,0,20,0.75
4813,15,3,1,0,0,19,0.7894736842105263
4814,15,3,1,0,0,19,0.7894736842105263
4815,15,3,1,0,0,19,0.7894736842105263
4816,14,3,1,0,0,18,0.7777777777777778
4817,13,3,1,0,0,17,0.7647058823529411
4818,14,4,1,0,0,19,0.7368421052631579
4819,14,3,1,0,0,18,0.7777777777777778
4820,15,2,1,0,0,18,0.8333333333333334
4821,15,3,1,0,0,19,0.7894736842105263
4822,15,3,1,0,0,19,0.7894736842105263
4823,14,4,1,0,0,19,0.7368421052631579
4824,14,4,1,0,0,19,0.7368421052631579
4825,15,3,1,0,0,19,0.7894736842105263
4826,15,3,1,0,0,19,0.7894736842105263
4827,15,4,1,0,0,20,0.75
4828,15,3,1,0,0,19,0.7894736842105263
4829,15,4,1,0,0,20,0.75
4830,14,4,1,0,0,19,0.7368421052631579
4831,14,4,1,0,0,19,0.7368421052631579
4832,13,4,1,0,0,18,0.7222222222222222
4833,15,3,1,0,0,19,0.7894736842105263
4834,15,2,1,0,0,18,0.8333333333333334
4835,15,4,1,0,0,20,0.75
4836,15,3,1,0,0,19,0.7894736842105263
4837,15,4,1,0,0,20,0.75
4838,15,3,1,0,0,19,0.7894736842105263
4839,15,4,1,0,0,20,0.75
4840,15,3,1,0,0,19,0.7894736842105263
4841,13,4,1,0,0,18,0.7222222222222222
4842,15,3,1,0,0,19,0.7894736842105263
4843,15,5,1,0,0,21,0.7142857142857143
4844,14,4,1,0,0,19,0.7368421052631579
4845,14,5,1,0,0,20,0.7
4846,15,4,1,0,0,20,0.75
4847,14,3,1,0,0,18,0.7777777777777778
4848,15,4,1,0,0,20,0.75
4849,15,3,1,0,0,19,0.7894736842105263
4850,13,4,1,0,0,18,0.7222222222222222
4851,14,4,1,0,0,19,0.7368421052631579
4852,12,3,1,0,0,16,0.75
4853,14,4,1,0,0,19,0.7368421052631579
4854,13,4,1,0,0,18,0.7222222222222222
4855,14,4,1,0,0,19,0.7368421052631579
4856,14,4,1,0,0,19,0.7368421052631579
4857,14,4,1,0,0,19,0.7368421052631579
4858,14,4,1,0,0,19,0.7368421052631579
4859,15,4,1,0,0,20,0.75
4860,15,4,1,0,0,20,0.75
4861,15,4,1,0,0,20,0.75
4862,15,4,1,0,0,20,0.75
4863,15,4,1,0,0,20,0.75
4864,14,4,1,0,0,19,0.7368421052631579
4865,15,4,1,0,0,20,0.75
4866,15,4,1,0,0,20,0.75
4867,14,4,1,0,0,19,0.7368421052631579
4868,15,4,1,0,0,20,0.75
4869,14,4,1,0,0,19,0.7368421052631579
4870,14,5,1,0,0,20,0.7
4871,14,4,1,0,0,19,0.7368421052631579
4872,14,3,1,0,0,18,0.7777777777777778
4873,14,4,1,0,0,19,0.7368421052631579
4874,14,4,1,0,0,19,0.7368421052631579
4875,15,2,1,0,0,18,0.8333333333333334
4876,14,3,1,0,0,18,0.7777777777777778
4877,15,4,1,0,0,20,0.75
4878,15,3,1,0,0,19,0.7894736842105263
4879,14,4,1,0,0,19,0.7368421052631579
4880,15,4,1,0,0,20,0.75
4881,15,4,1,0,0,20,0.75
4882,14,3,1,0,0,18,0.7777777777777778
4883,14,4,1,0,0,19,0.7368421052631579
4884,13,4,1,0,0,18,0.7222222222222222
4885,15,3,1,0,0,19,0.7894736842105263
4886,15,3,1,0,0,19,0.7894736842105263
4887,13,4,1,0,0,18,0.7222222222222222
4888,14,3,1,0,0,18,0.7777777777777778
4889,15,4,1,0,0,20,0.75
4890,15,3,1,0,0,19,0.7894736842105263
4891,14,4,1,0,0,19,0.7368421052631579
4892,15,3,1,0,0,19,0.7894736842105263
4893,15,3,1,0,0,19,0.7894736842105263
4894,15,3,1,0,0,19,0.7894736842105263
4895,14,4,1,0,0,19,0.7368421052631579
4896,14,3,1,0,0,18,0.7777777777777778
4897,15,3,1,0,0,19,0.7894736842105263
4898,14,3,1,0,0,18,0.7777777777777778
4899,11,4,1,0,0,16,0.6875
4900,13,3,1,0,0,17,0.7647058823529411
4901,14,3,1,0,0,18,0.7777777777777778
4902,15,3,1,0,0,19,0.7894736842105263
4903,15,3,1,0,0,19,0.7894736842105263
4904,15,4,1,0,0,20,0.75
4905,15,2,1,0,0,18,0.8333333333333334
4906,14,3,1,0,0,18,0.7777777777777778
4907,15,3,1,0,0,19,0.7894736842105263
4908,14,3,1,0,0,18,0.7777777777777778
4909,15,2,1,0,0,18,0.8333333333333334
4910,14,4,1,0,0,19,0.7368421052631579
4911,14,4,1,0,0,19,0.7368421052631579
4912,15,4,1,0,0,20,0.75
4913,15,2,1,0,0,18,0.8333333333333334
4914,15,3,1,0,0,19,0.7894736842105263
4915,14,3,1,0,0,18,0.7777777777777778
4916,14,3,1,0,0,18,0.7777777777777778
4917,15,3,1,0,0,19,0.7894736842105263
4918,14,3,1,0,0,18,0.7777777777777778
4919,14,2,1,0,0,17,0.8235294117647058
4920,15,2,1,0,0,18,0.8333333333333334
4921,14,3,1,0,0,18,0.7777777777777778
4922,13,3,1,0,0,17,0.7647058823529411
4923,15,3,1,0,0,19,0.7894736842105263
4924,15,2,1,0,0,18,0.8333333333333334
4925,15,2,1,0,0,18,0.8333333333333334
4926,15,2,1,0,0,18,0.8333333333333334
4927,14,4,1,0,0,19,0.7368421052631579
4928,15,4,1,0,0,20,0.75
4929,14,3,1,0,0,18,0.7777777777777778
4930,14,3,1,0,0,18,0.7777777777777778
4931,15,3,1,0,0,19,0.7894736842105263
4932,15,4,1,0,0,20,0.75
4933,13,3,1,0,0,17,0.7647058823529411
4934,15,3,1,0,0,19,0.7894736842105263
4935,14,4,1,0,0,19,0.7368421052631579
4936,15,3,1,0,0,19,0.7894736842105263
4937,14,4,1,0,0,19,0.7368421052631579
4938,15,2,1,0,0,18,0.8333333333333334
4939,15,2,1,0,0,18,0.8333333333333334
4940,15,4,1,0,0,20,0.75
4941,13,3,1,0,0,17,0.7647058823529411
4942,15,3,1,0,0,19,0.7894736842105263
4943,13,4,1,0,0,18,0.7222222222222222
4944,15,3,1,0,0,19,0.7894736842105263
4945,15,4,1,0,0,20,0.75
4946,14,3,1,0,0,18,0.7777777777777778
4947,12,4,1,0,0,17,0.7058823529411765
4948,12,2,1,0,0,15,0.8
4949,14,3,1,0,0,18,0.7777777777777778
4950,14,2,1,0,0,17,0.8235294117647058
4951,15,2,1,0,0,18,0.8333333333333334
4952,14,2,1,0,0,17,0.8235294117647058
4953,15,3,1,0,0,19,0.7894736842105263
4954,15,3,1,0,0,19,0.7894736842105263
4955,14,4,1,0,0,19,0.7368421052631579
4956,15,3,1,0,0,19,0.7894736842105263
4957,15,4,1,0,0,20,0.75
4958,14,2,1,0,0,17,0.8235294117647058
4959,14,3,1,0,0,18,0.7777777777777778
4960,14,3,1,0,0,18,0.7777777777777778
4961,14,3,1,0,0,18,0.7777777777777778
4962,14,3,1,0,0,18,0.7777777777777778
4963,14,2,1,0,0,17,0.8235294117647058
4964,15,3,1,0,0,19,0.7894736842105263
4965,16,2,1,0,0,19,0.8421052631578947
4966,14,3,1,0,0,18,0.7777777777777778
4967,15,3,1,0,0,19,0.7894736842105263
4968,15,3,1,0,0,19,0.7894736842105263
4969,14,2,1,0,0,17,0.8235294117647058
4970,15,2,1,0,0,18,0.8333333333333334
4971,14,2,1,0,0,17,0.8235294117647058
4972,14,2,1,0,0,17,0.8235294117647058
4973,15,2,1,0,0,18,0.8333333333333334
4974,14,4,1,0,0,19,0.7368421052631579
4975,14,4,1,0,0,19,0.7368421052631579
4976,14,3,1,0,0,18,0.7777777777777778
4977,15,3,1,0,0,19,0.7894736842105263
4978,14,2,1,0,0,17,0.8235294117647058
4979,15,2,1,0,0,18,0.8333333333333334
4980,13,2,1,0,0,16,0.8125
4981,15,3,1,0,0,19,0.7894736842105263
4982,14,3,1,0,0,18,0.7777777777777778
4983,15,1,1,0,0,17,0.8823529411764706
4984,12,4,1,0,0,17,0.7058823529411765
4985,15,2,1,0,0,18,0.8333333333333334
4986,15,2,1,0,0,18,0.8333333333333334
4987,13,2,1,0,0,16,0.8125
4988,15,2,1,0,0,18,0.8333333333333334
4989,13,4,1,0,0,18,0.7222222222222222
4990,13,2,1,0,0,16,0.8125
4991,15,2,1,0,0,18,0.8333333333333334
4992,14,2,1,0,0,17,0.8235294117647058
4993,14,4,1,0,0,19,0.7368421052631579
4994,14,3,1,0,0,18,0.7777777777777778
4995,13,2,1,0,0,16,0.8125
4996,14,2,1,0,0,17,0.8235294117647058
4997,14,2,1,0,0,17,0.8235294117647058
4998,15,3,1,0,0,19,0.7894736842105263
4999,14,2,1,0,0,17,0.8235294117647058
5000,15,2,1,0,0,18,0.8333333333333334
5001,14,2,0,0,0,16,0.875
5002,15,3,1,0,0,19,0.7894736842105263
5003,13,3,1,0,0,17,0.7647058823529411
5004,13,3,1,0,0,17,0.7647058823529411
5005,14,3,1,0,0,18,0.7777777777777778
5006,15,2,1,0,0,18,0.8333333333333334
5007,15,3,1,0,0,19,0.7894736842105263
5008,13,2,1,0,0,16,0.8125
5009,15,2,1,0,0,18,0.8333333333333334
5010,14,3,1,0,0,18,0.7777777777777778
5011,15,3,1,0,0,19,0.7894736842105263
5012,15,3,1,0,0,19,0.7894736842105263
5013,13,4,1,0,0,18,0.7222222222222222
5014,14,4,1,0,0,19,0.7368421052631579
5015,15,2,1,0,0,18,0.8333333333333334
5016,14,3,1,0,0,18,0.7777777777777778
5017,14,3,1,0,0,18,0.7777777777777778
5018,14,3,1,0,0,18,0.7777777777777778
5019,15,2,1,0,0,18,0.8333333333333334
5020,15,3,1,0,0,19,0.7894736842105263
5021,15,2,1,0,0,18,0.8333333333333334
5022,14,4,1,0,0,19,0.7368421052631579
5023,14,3,1,0,0,18,0.7777777777777778
5024,14,3,1,0,0,18,0.7777777777777778
5025,15,2,1,0,0,18,0.8333333333333334
5026,15,2,1,0,0,18,0.8333333333333334
5027,15,2,1,0,0,18,0.8333333333333334
5028,14,3,1,0,0,18,0.7777777777777778
5029,14,3,1,0,0,18,0.7777777777777778
5030,14,3,1,0,0,18,0.7777777777777778
5031,15,4,1,0,0,20,0.75
5032,12,3,1,0,0,16,0.75
5033,15,3,1,0,0,19,0.7894736842105263
5034,13,3,1,0,0,17,0.7647058823529411
5035,14,3,1,0,0,18,0.7777777777777778
5036,15,2,1,0,0,18,0.8333333333333334
5037,13,2,1,0,0,16,0.8125
5038,15,2,1,0,0,18,0.8333333333333334
5039,16,2,1,0,0,19,0.8421052631578947
5040,15,3,1,0,0,19,0.7894736842105263
5041,14,2,1,0,0,17,0.8235294117647058
5042,15,2,1,0,0,18,0.8333333333333334
5043,15,3,1,0,0,19,0.7894736842105263
5044,15,3,1,0,0,19,0.7894736842105263
5045,12,3,1,0,0,16,0.75
5046,15,3,1,0,0,19,0.7894736842105263
5047,14,4,1,0,0,19,0.7368421052631579
5048,15,2,1,0,0,18,0.8333333333333334
5049,15,3,1,0,0,19,0.7894736842105263
5050,15,3,1,0,0,19,0.7894736842105263
5051,13,3,1,0,0,17,0.7647058823529411
5052,15,2,1,0,0,18,0.8333333333333334
5053,14,3,1,0,0,18,0.7777777777777778
5054,14,2,1,0,0,17,0.8235294117647058
5055,15,2,1,0,0,18,0.8333333333333334
5056,13,2,1,0,0,16,0.8125
5057,15,2,1,0,0,18,0.8333333333333334
5058,14,2,1,0,0,17,0.8235294117647058
5059,15,3,1,0,0,19,0.7894736842105263
5060,15,3,1,0,0,19,0.7894736842105263
5061,15,2,1,0,0,18,0.8333333333333334
5062,14,2,1,0,0,17,0.8235294117647058
5063,15,4,1,0,0,20,0.75
5064,14,2,1,0,0,17,0.8235294117647058
5065,14,3,1,0,0,18,0.7777777777777778
5066,16,2,1,0,0,19,0.8421052631578947
5067,14,2,1,0,0,17,0.8235294117647058
5068,16,4,1,0,0,21,0.7619047619047619
5069,15,2,1,0,0,18,0.8333333333333334
5070,14,2,1,0,0,17,0.8235294117647058
5071,14,3,1,0,0,18,0.7777777777777778
5072,14,3,1,0,0,18,0.7777777777777778
5073,15,3,1,0,0,19,0.7894736842105263
5074,15,4,1,0,0,20,0.75
5075,15,3,1,0,0,19,0.7894736842105263
5076,13,4,1,0,0,18,0.7222222222222222
5077,15,3,1,0,0,19,0.7894736842105263
5078,15,3,1,0,0,19,0.7894736842105263
5079,14,3,1,0,0,18,0.7777777777777778
5080,14,3,1,0,0,18,0.7777777777777778
5081,14,3,1,0,0,18,0.7777777777777778
5082,14,3,1,0,0,18,0.7777777777777778
5083,14,3,1,0,0,18,0.7777777777777778
5084,14,2,1,0,0,17,0.8235294117647058
5085,15,2,1,0,0,18,0.8333333333333334
5086,15,2,1,0,0,18,0.8333333333333334
5087,14,3,1,0,0,18,0.7777777777777778
5088,14,2,1,0,0,17,0.8235294117647058
5089,15,2,1,0,0,18,0.8333333333333334
5090,14,3,1,0,0,18,0.7777777777777778
5091,15,2,1,0,0,18,0.8333333333333334
5092,14,3,1,0,0,18,0.7777777777777778
5093,12,3,1,0,0,16,0.75
5094,13,3,1,0,0,17,0.7647058823529411
5095,14,3,1,0,0,18,0.7777777777777778
5096,15,2,1,0,0,18,0.8333333333333334
5097,14,3,1,0,0,18,0.7777777777777778
5098,15,2,1,0,0,18,0.8333333333333334
5099,15,3,1,0,0,19,0.7894736842105263
5100,14,3,1,0,0,18,0.7777777777777778
5101,14,3,1,0,0,18,0.7777777777777778
5102,15,3,1,0,0,19,0.7894736842105263
5103,15,4,1,0,0,20,0.75
5104,15,2,1,0,0,18,0.8333333333333334
5105,15,2,1,0,0,18,0.8333333333333334
5106,15,3,1,0,0,19,0.7894736842105263
5107,15,4,1,0,0,20,0.75
5108,14,2,1,0,0,17,0.8235294117647058
5109,14,3,1,0,0,18,0.7777777777777778
5110,15,2,1,0,0,18,0.8333333333333334
5111,15,3,1,0,0,19,0.7894736842105263
5112,14,3,1,0,0,18,0.7777777777777778
5113,15,3,1,0,0,19,0.7894736842105263
5114,15,2,1,0,0,18,0.8333333333333334
5115,15,2,1,0,0,18,0.8333333333333334
5116,15,2,1,0,0,18,0.8333333333333334
5117,15,2,1,0,0,18,0.8333333333333334
5118,15,2,1,0,0,18,0.8333333333333334
5119,15,3,1,0,0,19,0.7894736842105263
5120,15,2,1,0,0,18,0.8333333333333334
5121,15,2,1,0,0,18,0.8333333333333334
5122,15,3,1,0,0,19,0.7894736842105263
5123,15,2,1,0,0,18,0.8333333333333334
5124,15,2,1,0,0,18,0.8333333333333334
5125,15,2,1,0,0,18,0.8333333333333334
5126,14,2,1,0,0,17,0.8235294117647058
5127,15,2,1,0,0,18,0.8333333333333334
5128,14,3,1,0,0,18,0.7777777777777778
5129,14,3,1,0,0,18,0.7777777777777778
5130,14,3,1,0,0,18,0.7777777777777778
5131,15,2,1,0,0,18,0.8333333333333334
5132,13,4,1,0,0,18,0.7222222222222222
5133,14,2,1,0,0,17,0.8235294117647058
5134,15,2,1,0,0,18,0.8333333333333334
5135,14,3,1,0,0,18,0.7777777777777778
5136,14,3,1,0,0,18,0.7777777777777778
5137,13,3,1,0,0,17,0.7647058823529411
5138,14,3,1,0,0,18,0.7777777777777778
5139,13,2,1,0,0,16,0.8125
5140,14,3,1,0,0,18,0.7777777777777778
5141,14,3,1,0,0,18,0.7777777777777778
5142,15,2,1,0,0,18,0.8333333333333334
5143,15,2,1,0,0,18,0.8333333333333334
5144,14,2,1,0,0,17,0.8235294117647058
5145,14,2,1,0,0,17,0.8235294117647058
5146,14,3,1,0,0,18,0.7777777777777778
5147,15,3,1,0,0,19,0.7894736842105263
5148,15,3,1,0,0,19,0.7894736842105263
5149,14,3,1,0,0,18,0.7777777777777778
5150,14,3,1,0,0,18,0.7777777777777778
5151,15,4,1,0,0,20,0.75
5152,13,3,1,0,0,17,0.7647058823529411
5153,15,4,1,0,0,20,0.75
5154,15,4,1,0,0,20,0.75
5155,15,3,1,0,0,19,0.7894736842105263
5156,14,4,1,0,0,19,0.7368421052631579
5157,14,3,1,0,0,18,0.7777777777777778
5158,14,2,1,0,0,17,0.8235294117647058
5159,15,4,1,0,0,20,0.75
5160,14,3,1,0,0,18,0.7777777777777778
5161,13,4,1,0,0,18,0.7222222222222222
5162,14,3,1,0,0,18,0.7777777777777778
5163,14,4,1,0,0,19,0.7368421052631579
5164,14,4,1,0,0,19,0.7368421052631579
5165,13,4,1,0,0,18,0.7222222222222222
5166,13,3,1,0,0,17,0.7647058823529411
5167,15,3,1,0,0,19,0.7894736842105263
5168,15,4,1,0,0,20,0.75
5169,14,3,1,0,0,18,0.7777777777777778
5170,14,4,1,0,0,19,0.7368421052631579
5171,14,4,1,0,0,19,0.7368421052631579
5172,15,2,1,0,0,18,0.8333333333333334
5173,15,3,1,0,0,19,0.7894736842105263
5174,15,2,1,0,0,18,0.8333333333333334
5175,13,3,1,0,0,17,0.7647058823529411
5176,15,2,1,0,0,18,0.8333333333333334
5177,14,4,1,0,0,19,0.7368421052631579
5178,14,4,1,0,0,19,0.7368421052631579
5179,13,4,1,0,0,18,0.7222222222222222
5180,14,3,1,0,0,18,0.7777777777777778
5181,14,3,1,0,0,18,0.7777777777777778
5182,14,3,1,0,0,18,0.7777777777777778
5183,14,4,1,0,0,19,0.7368421052631579
5184,13,3,1,0,0,17,0.7647058823529411
5185,14,3,1,0,0,18,0.7777777777777778
5186,15,3,1,0,0,19,0.7894736842105263
5187,15,4,1,0,0,20,0.75
5188,15,4,1,0,0,20,0.75
5189,15,3,1,0,0,19,0.7894736842105263
5190,15,2,1,0,0,18,0.8333333333333334
5191,15,3,1,0,0,19,0.7894736842105263
5192,14,2,1,0,0,17,0.8235294117647058
5193,15,3,1,0,0,19,0.7894736842105263
5194,14,3,1,0,0,18,0.7777777777777778
5195,15,3,1,0,0,19,0.7894736842105263
5196,14,4,1,0,0,19,0.7368421052631579
5197,15,3,1,0,0,19,0.7894736842105263
5198,16,3,1,0,0,20,0.8
5199,14,3,1,0,0,18,0.7777777777777778
5200,16,3,1,0,0,20,0.8
5201,15,2,1,0,0,18,0.8333333333333334
5202,15,4,1,0,0,20,0.75
5203,13,3,1,1,0,18,0.7222222222222222
5204,13,2,1,0,0,16,0.8125
5205,14,2,1,0,0,17,0.8235294117647058
5206,14,2,1,0,0,17,0.8235294117647058
5207,15,4,1,0,0,20,0.75
5208,14,3,1,0,0,18,0.7777777777777778
5209,15,2,1,0,0,18,0.8333333333333334
5210,15,3,1,0,0,19,0.7894736842105263
5211,14,3,1,0,0,18,0.7777777777777778
5212,15,3,1,0,0,19,0.7894736842105263
5213,15,3,1,0,0,19,0.7894736842105263
5214,13,3,1,0,0,17,0.7647058823529411
5215,15,2,1,0,0,18,0.8333333333333334
5216,14,3,1,0,0,18,0.7777777777777778
5217,14,3,1,0,0,18,0.7777777777777778
5218,13,2,1,0,0,16,0.8125
5219,13,2,1,0,0,16,0.8125
5220,14,3,1,0,0,18,0.7777777777777778
5221,13,3,1,0,0,17,0.7647058823529411
5222,14,3,1,0,0,18,0.7777777777777778
5223,15,3,1,0,0,19,0.7894736842105263
5224,14,3,1,0,0,18,0.7777777777777778
5225,15,3,1,0,0,19,0.7894736842105263
5226,15,3,1,0,0,19,0.7894736842105263
5227,14,4,1,0,0,19,0.7368421052631579
5228,14,3,1,0,0,18,0.7777777777777778
5229,14,3,1,0,0,18,0.7777777777777778
5230,15,3,1,0,0,19,0.7894736842105263
5231,15,3,1,0,0,19,0.7894736842105263
5232,15,2,1,0,0,18,0.8333333333333334
5233,15,2,1,0,0,18,0.8333333333333334
5234,14,3,1,0,0,18,0.7777777777777778
5235,15,3,1,0,0,19,0.7894736842105263
5236,14,4,1,0,0,19,0.7368421052631579
5237,15,2,1,0,0,18,0.8333333333333334
5238,13,3,1,0,0,17,0.7647058823529411
5239,15,4,1,0,0,20,0.75
5240,15,3,1,0,0,19,0.7894736842105263
5241,15,3,1,0,0,19,0.7894736842105263
5242,14,3,1,0,0,18,0.7777777777777778
5243,14,4,1,0,0,19,0.7368421052631579
5244,14,3,1,0,0,18,0.7777777777777778
5245,16,2,1,0,0,19,0.8421052631578947
5246,15,3,1,0,0,19,0.7894736842105263
5247,14,3,1,0,0,18,0.7777777777777778
5248,13,4,1,0,0,18,0.7222222222222222
5249,14,4,1,0,0,19,0.7368421052631579
5250,14,3,1,0,0,18,0.7777777777777778
5251,15,4,1,0,0,20,0.75
5252,14,3,1,0,0,18,0.7777777777777778
5253,15,4,1,0,0,20,0.75
5254,15,3,1,0,0,19,0.7894736842105263
5255,13,3,1,0,0,17,0.7647058823529411
5256,14,4,1,0,0,19,0.7368421052631579
5257,13,3,1,0,0,17,0.7647058823529411
5258,14,4,1,0,0,19,0.7368421052631579
5259,13,4,1,0,0,18,0.7222222222222222
5260,15,4,1,0,0,20,0.75
5261,15,4,1,0,0,20,0.75
5262,14,3,1,0,0,18,0.7777777777777778
5263,14,3,1,0,0,18,0.7777777777777778
5264,14,3,1,0,0,18,0.7777777777777778
5265,15,4,1,0,0,20,0.75
5266,15,3,1,0,0,19,0.7894736842105263
5267,14,4,1,0,0,19,0.7368421052631579
5268,15,3,1,0,0,19,0.7894736842105263
5269,15,3,1,0,0,19,0.7894736842105263
5270,14,4,1,0,0,19,0.7368421052631579
5271,15,3,1,0,0,19,0.7894736842105263
5272,15,3,1,0,0,19,0.7894736842105263
5273,15,3,1,0,0,19,0.7894736842105263
5274,15,2,1,0,0,18,0.8333333333333334
5275,15,4,1,0,0,20,0.75
5276,13,3,1,0,0,17,0.7647058823529411
5277,15,4,1,0,0,20,0.75
5278,14,3,1,0,0,18,0.7777777777777778
5279,14,3,1,0,0,18,0.7777777777777778
5280,14,4,1,0,0,19,0.7368421052631579
5281,15,3,1,0,0,19,0.7894736842105263
5282,14,4,1,0,0,19,0.7368421052631579
5283,14,3,1,0,0,18,0.7777777777777778
5284,15,4,1,0,0,20,0.75
5285,15,3,1,0,0,19,0.7894736842105263
5286,14,3,1,0,0,18,0.7777777777777778
5287,16,3,1,0,0,20,0.8
5288,13,4,1,0,0,18,0.7222222222222222
5289,15,4,1,0,0,20,0.75
5290,15,3,1,0,0,19,0.7894736842105263
5291,15,3,1,0,0,19,0.7894736842105263
5292,14,3,1,0,0,18,0.7777777777777778
5293,15,3,1,0,0,19,0.7894736842105263
5294,15,3,1,0,0,19,0.7894736842105263
5295,15,3,1,0,0,19,0.7894736842105263
5296,13,3,1,0,0,17,0.7647058823529411
5297,13,4,1,0,0,18,0.7222222222222222
5298,13,3,1,0,0,17,0.7647058823529411
5299,14,3,1,0,0,18,0.7777777777777778
5300,14,4,1,0,0,19,0.7368421052631579
5301,15,3,1,0,0,19,0.7894736842105263
5302,14,4,1,0,0,19,0.7368421052631579
5303,15,3,1,0,0,19,0.7894736842105263
5304,14,2,1,0,0,17,0.8235294117647058
5305,14,4,1,0,0,19,0.7368421052631579
5306,15,3,1,0,0,19,0.7894736842105263
5307,15,3,1,0,0,19,0.7894736842105263
5308,14,4,1,0,0,19,0.7368421052631579
5309,15,3,1,0,0,19,0.7894736842105263
5310,14,3,1,0,0,18,0.7777777777777778
5311,14,3,1,0,0,18,0.7777777777777778
5312,15,4,1,0,0,20,0.75
5313,14,3,1,0,0,18,0.7777777777777778
5314,14,2,1,0,0,17,0.8235294117647058
5315,15,4,1,0,0,20,0.75
5316,13,4,1,0,0,18,0.7222222222222222
5317,15,3,1,0,0,19,0.7894736842105263
5318,15,2,1,0,0,18,0.8333333333333334
5319,14,3,1,0,0,18,0.7777777777777778
5320,14,4,1,0,0,19,0.7368421052631579
5321,14,4,1,0,0,19,0.7368421052631579
5322,15,4,1,0,0,20,0.75
5323,15,4,1,0,0,20,0.75
5324,15,4,1,0,0,20,0.75
5325,15,5,1,0,0,21,0.7142857142857143
5326,15,3,1,0,0,19,0.7894736842105263
5327,15,4,1,0,0,20,0.75
5328,15,4,1,0,0,20,0.75
5329,15,4,1,0,0,20,0.75
5330,15,4,1,0,0,20,0.75
5331,14,3,1,0,0,18,0.7777777777777778
5332,15,4,1,0,0,20,0.75
5333,15,3,1,0,0,19,0.7894736842105263
5334,15,3,1,0,0,19,0.7894736842105263
5335,14,3,1,0,0,18,0.7777777777777778
5336,13,3,1,0,0,17,0.7647058823529411
5337,14,2,1,0,0,17,0.8235294117647058
5338,14,2,1,0,0,17,0.8235294117647058
5339,15,2,1,0,0,18,0.8333333333333334
5340,15,3,1,0,0,19,0.7894736842105263
5341,15,2,1,0,0,18,0.8333333333333334
5342,14,2,1,0,0,17,0.8235294117647058
5343,15,3,1,0,0,19,0.7894736842105263
5344,15,2,1,0,0,18,0.8333333333333334
5345,15,2,1,0,0,18,0.8333333333333334
5346,14,3,1,0,0,18,0.7777777777777778
5347,15,4,1,0,0,20,0.75
5348,14,2,1,0,0,17,0.8235294117647058
5349,15,3,1,0,0,19,0.7894736842105263
5350,15,3,1,0,0,19,0.7894736842105263
5351,14,3,1,0,0,18,0.7777777777777778
5352,14,2,1,0,0,17,0.8235294117647058
5353,12,3,1,0,0,16,0.75
5354,15,2,1,0,0,18,0.8333333333333334
5355,13,2,1,0,0,16,0.8125
5356,14,2,1,0,0,17,0.8235294117647058
5357,15,2,1,0,0,18,0.8333333333333334
5358,16,2,1,0,0,19,0.8421052631578947
5359,15,2,1,0,0,18,0.8333333333333334
5360,14,3,1,0,0,18,0.7777777777777778
5361,13,3,1,0,0,17,0.7647058823529411
5362,13,4,1,0,0,18,0.7222222222222222
5363,10,2,1,0,0,13,0.7692307692307693
5364,13,3,1,0,0,17,0.7647058823529411
5365,11,2,1,0,0,14,0.7857142857142857
5366,14,2,1,0,0,17,0.8235294117647058
5367,14,2,1,0,0,17,0.8235294117647058
5368,14,3,1,0,0,18,0.7777777777777778
5369,13,2,1,0,0,16,0.8125
5370,14,3,1,0,0,18,0.7777777777777778
5371,14,3,1,0,0,18,0.7777777777777778
5372,15,2,1,0,0,18,0.8333333333333334
5373,13,2,1,0,0,16,0.8125
5374,13,2,1,0,0,16,0.8125
5375,14,3,1,0,0,18,0.7777777777777778
5376,14,3,1,0,0,18,0.7777777777777778
5377,13,2,1,0,0,16,0.8125
5378,14,3,1,0,0,18,0.7777777777777778
5379,14,2,1,0,0,17,0.8235294117647058
5380,15,4,1,0,0,20,0.75
5381,14,2,1,0,0,17,0.8235294117647058
5382,14,3,1,0,0,18,0.7777777777777778
5383,14,3,1,0,0,18,0.7777777777777778
5384,14,2,1,0,0,17,0.8235294117647058
5385,13,2,1,0,0,16,0.8125
5386,14,3,1,0,0,18,0.7777777777777778
5387,10,3,1,0,0,14,0.7142857142857143
5388,13,2,1,0,0,16,0.8125
5389,13,2,1,0,0,16,0.8125
5390,14,3,1,0,0,18,0.7777777777777778
5391,13,4,1,0,0,18,0.7222222222222222
5392,14,4,1,0,0,19,0.7368421052631579
5393,15,3,1,0,0,19,0.7894736842105263
5394,14,3,1,0,0,18,0.7777777777777778
5395,15,3,1,0,0,19,0.7894736842105263
5396,14,4,1,0,0,19,0.7368421052631579
5397,14,3,1,0,0,18,0.7777777777777778
5398,14,3,1,0,0,18,0.7777777777777778
5399,15,4,1,0,0,20,0.75
5400,14,4,1,0,0,19,0.7368421052631579
5401,15,4,1,1,0,21,0.7142857142857143
5402,14,2,1,0,0,17,0.8235294117647058
5403,15,4,1,0,0,20,0.75
5404,14,2,1,0,0,17,0.8235294117647058
5405,15,3,1,1,0,20,0.75
5406,14,4,1,0,0,19,0.7368421052631579
5407,12,4,1,0,0,17,0.7058823529411765
5408,12,3,1,0,0,16,0.75
5409,13,3,1,0,0,17,0.7647058823529411
5410,15,3,1,0,0,19,0.7894736842105263
5411,14,3,1,0,0,18,0.7777777777777778
5412,14,3,1,0,0,18,0.7777777777777778
5413,12,4,1,0,0,17,0.7058823529411765
5414,13,2,1,0,0,16,0.8125
5415,13,3,1,0,0,17,0.7647058823529411
5416,13,3,1,0,0,17,0.7647058823529411
5417,14,2,1,0,0,17,0.8235294117647058
5418,14,3,1,0,0,18,0.7777777777777778
5419,15,2,1,0,0,18,0.8333333333333334
5420,14,2,1,0,0,17,0.8235294117647058
5421,15,3,1,0,0,19,0.7894736842105263
5422,14,3,1,0,0,18,0.7777777777777778
5423,15,4,1,0,0,20,0.75
5424,14,4,1,0,0,19,0.7368421052631579
5425,14,4,1,0,0,19,0.7368421052631579
5426,15,4,1,0,0,20,0.75
5427,14,3,1,0,0,18,0.7777777777777778
5428,13,3,1,0,0,17,0.7647058823529411
5429,14,3,1,0,0,18,0.7777777777777778
5430,15,2,1,0,0,18,0.8333333333333334
5431,13,4,1,0,0,18,0.7222222222222222
5432,15,4,1,0,0,20,0.75
5433,14,2,1,0,0,17,0.8235294117647058
5434,14,2,1,0,0,17,0.8235294117647058
5435,14,4,1,0,0,19,0.7368421052631579
5436,15,3,1,0,0,19,0.7894736842105263
5437,13,3,1,0,0,17,0.7647058823529411
5438,14,4,1,0,0,19,0.7368421052631579
5439,14,3,1,0,0,18,0.7777777777777778
5440,13,2,1,0,0,16,0.8125
5441,11,4,1,0,0,16,0.6875
5442,14,3,1,0,0,18,0.7777777777777778
5443,14,2,1,0,0,17,0.8235294117647058
5444,13,3,1,0,0,17,0.7647058823529411
5445,15,2,1,0,0,18,0.8333333333333334
5446,16,2,1,0,0,19,0.8421052631578947
5447,14,3,1,0,0,18,0.7777777777777778
5448,14,2,1,0,0,17,0.8235294117647058
5449,14,3,1,0,0,18,0.7777777777777778
5450,14,2,1,0,0,17,0.8235294117647058
5451,15,2,1,0,0,18,0.8333333333333334
5452,15,3,1,0,0,19,0.7894736842105263
5453,14,2,1,0,0,17,0.8235294117647058
5454,15,2,1,0,0,18,0.8333333333333334
5455,15,2,1,0,0,18,0.8333333333333334
5456,13,2,1,0,0,16,0.8125
5457,14,2,1,0,0,17,0.8235294117647058
5458,14,4,1,0,0,19,0.7368421052631579
5459,14,2,1,0,0,17,0.8235294117647058
5460,14,3,1,0,0,18,0.7777777777777778
5461,14,4,1,0,0,19,0.7368421052631579
5462,15,3,1,0,0,19,0.7894736842105263
5463,15,3,1,0,0,19,0.7894736842105263
5464,12,3,1,0,0,16,0.75
5465,14,3,1,0,0,18,0.7777777777777778
5466,11,4,1,0,0,16,0.6875
5467,11,3,1,0,0,15,0.7333333333333333
5468,13,3,1,0,0,17,0.7647058823529411
5469,12,2,1,0,0,15,0.8
5470,10,4,1,0,0,15,0.6666666666666666
5471,15,2,1,0,0,18,0.8333333333333334
5472,14,2,1,0,0,17,0.8235294117647058
5473,13,3,1,0,0,17,0.7647058823529411
5474,15,3,1,0,0,19,0.7894736842105263
5475,15,2,1,0,0,18,0.8333333333333334
5476,14,2,1,0,0,17,0.8235294117647058
5477,15,3,1,0,0,19,0.7894736842105263
5478,14,3,1,0,0,18,0.7777777777777778
5479,15,3,1,0,0,19,0.7894736842105263
5480,14,4,1,0,0,19,0.7368421052631579
5481,14,4,1,0,0,19,0.7368421052631579
5482,14,2,1,0,0,17,0.8235294117647058
5483,15,3,1,0,0,19,0.7894736842105263
5484,15,3,1,0,0,19,0.7894736842105263
5485,15,2,1,0,0,18,0.8333333333333334
5486,14,5,1,0,0,20,0.7
5487,13,4,1,0,0,18,0.7222222222222222
5488,14,2,1,0,0,17,0.8235294117647058
5489,15,4,1,0,0,20,0.75
5490,15,4,1,0,0,20,0.75
5491,14,4,1,0,0,19,0.7368421052631579
5492,13,2,1,0,0,16,0.8125
5493,11,4,1,0,0,16,0.6875
5494,15,4,1,0,0,20,0.75
5495,14,3,1,0,0,18,0.7777777777777778
5496,14,3,1,0,0,18,0.7777777777777778
5497,14,4,1,0,0,19,0.7368421052631579
5498,14,2,1,0,0,17,0.8235294117647058
5499,14,4,1,0,0,19,0.7368421052631579
5500,15,3,1,0,0,19,0.7894736842105263
5501,13,1,1,0,0,15,0.8666666666666667
5502,13,5,1,0,0,19,0.6842105263157895
5503,15,2,1,0,0,18,0.8333333333333334
5504,13,4,1,0,0,18,0.7222222222222222
5505,14,2,1,0,0,17,0.8235294117647058
5506,15,2,1,0,0,18,0.8333333333333334
5507,15,3,1,0,0,19,0.7894736842105263
5508,14,3,1,0,0,18,0.7777777777777778
5509,14,3,1,0,0,18,0.7777777777777778
5510,14,2,1,0,0,17,0.8235294117647058
5511,14,4,1,0,0,19,0.7368421052631579
5512,14,2,1,0,0,17,0.8235294117647058
5513,15,2,1,0,0,18,0.8333333333333334
5514,14,2,1,0,0,17,0.8235294117647058
5515,14,4,1,0,0,19,0.7368421052631579
5516,14,2,1,0,0,17,0.8235294117647058
5517,15,3,1,0,0,19,0.7894736842105263
5518,15,2,1,0,0,18,0.8333333333333334
5519,15,2,1,0,0,18,0.8333333333333334
5520,12,3,1,0,0,16,0.75
5521,15,2,1,0,0,18,0.8333333333333334
5522,15,3,1,0,0,19,0.7894736842105263
5523,15,2,1,0,0,18,0.8333333333333334
5524,15,2,1,0,0,18,0.8333333333333334
5525,13,4,1,0,0,18,0.7222222222222222
5526,11,3,1,0,0,15,0.7333333333333333
5527,14,3,1,0,0,18,0.7777777777777778
5528,14,4,1,0,0,19,0.7368421052631579
5529,15,3,1,0,0,19,0.7894736842105263
5530,14,2,1,1,0,18,0.7777777777777778
5531,14,3,1,0,0,18,0.7777777777777778
5532,15,4,1,1,0,21,0.7142857142857143
5533,15,4,1,0,0,20,0.75
5534,14,4,1,0,0,19,0.7368421052631579
5535,14,4,1,0,0,19,0.7368421052631579
5536,14,3,1,0,0,18,0.7777777777777778
5537,14,4,1,0,0,19,0.7368421052631579
5538,14,4,1,0,0,19,0.7368421052631579
5539,13,2,1,0,0,16,0.8125
5540,14,2,1,0,0,17,0.8235294117647058
5541,12,2,1,0,0,15,0.8
5542,15,4,1,0,0,20,0.75
5543,13,4,1,0,0,18,0.7222222222222222
5544,12,5,1,0,0,18,0.6666666666666666
5545,15,4,1,0,0,20,0.75
5546,14,5,1,0,0,20,0.7
5547,14,5,1,0,0,20,0.7
5548,15,4,1,0,0,20,0.75
5549,15,3,1,0,0,19,0.7894736842105263
5550,15,4,1,0,0,20,0.75
5551,15,3,1,1,0,20,0.75
5552,14,3,1,0,0,18,0.7777777777777778
5553,15,4,1,0,0,20,0.75
5554,15,4,1,1,0,21,0.7142857142857143
5555,15,3,1,0,0,19,0.7894736842105263
5556,15,3,1,1,0,20,0.75
5557,15,3,1,0,0,19,0.7894736842105263
5558,14,3,1,0,0,18,0.7777777777777778
5559,15,3,1,0,0,19,0.7894736842105263
5560,13,3,1,0,0,17,0.7647058823529411
5561,15,3,1,0,0,19,0.7894736842105263
5562,14,4,1,0,0,19,0.7368421052631579
5563,14,4,1,1,0,20,0.7
5564,14,5,1,0,0,20,0.7
5565,15,3,1,1,0,20,0.75
5566,15,4,1,0,0,20,0.75
5567,14,4,1,0,0,19,0.7368421052631579
5568,15,5,1,0,0,21,0.7142857142857143
5569,15,4,1,0,0,20,0.75
5570,14,4,1,1,0,20,0.7
5571,15,3,1,0,0,19,0.7894736842105263
5572,14,4,1,0,0,19,0.7368421052631579
5573,15,4,1,0,0,20,0.75
5574,15,3,1,1,0,20,0.75
5575,16,4,1,1,0,22,0.7272727272727273
5576,14,3,1,0,0,18,0.7777777777777778
5577,15,4,1,0,0,20,0.75
5578,14,3,1,0,0,18,0.7777777777777778
5579,15,4,1,0,0,20,0.75
5580,14,4,1,1,0,20,0.7
5581,15,4,1,0,0,20,0.75
5582,15,4,1,0,0,20,0.75
5583,14,4,1,1,0,20,0.7
5584,15,3,1,0,0,19,0.7894736842105263
5585,14,3,1,1,0,19,0.7368421052631579
5586,14,3,1,1,0,19,0.7368421052631579
5587,12,5,1,1,0,19,0.631578947368421
5588,15,4,1,0,0,20,0.75
5589,15,3,1,1,0,20,0.75
5590,15,4,1,0,0,20,0.75
5591,15,3,1,0,0,19,0.7894736842105263
5592,14,3,1,1,0,19,0.7368421052631579
5593,15,3,1,0,0,19,0.7894736842105263
5594,15,3,1,1,0,20,0.75
5595,13,3,1,0,0,17,0.7647058823529411
5596,15,4,1,1,0,21,0.7142857142857143
5597,15,3,1,1,0,20,0.75
5598,14,4,1,0,0,19,0.7368421052631579
5599,15,3,1,0,0,19,0.7894736842105263
