frame,n_hydrophobic,n_polar,n_pos_charged,n_neg_charged,n_other,n_total,frac_hydrophobic
0,13,2,2,0,0,17,0.7647058823529411
1,13,0,0,0,0,13,1.0
2,13,0,2,0,0,15,0.8666666666666667
3,13,0,2,0,0,15,0.8666666666666667
4,14,4,1,0,0,19,0.7368421052631579
5,14,2,1,0,0,17,0.8235294117647058
6,14,2,1,0,0,17,0.8235294117647058
7,10,1,1,0,0,12,0.8333333333333334
8,15,0,0,0,0,15,1.0
9,15,1,1,0,0,17,0.8823529411764706
10,14,1,2,0,0,17,0.8235294117647058
11,11,0,2,0,0,13,0.8461538461538461
12,12,1,1,0,0,14,0.8571428571428571
13,13,0,3,0,0,16,0.8125
14,14,0,1,0,0,15,0.9333333333333333
15,13,0,2,0,0,15,0.8666666666666667
16,12,4,1,0,0,17,0.7058823529411765
17,12,2,2,0,0,16,0.75
18,13,2,2,0,0,17,0.7647058823529411
19,12,1,1,0,0,14,0.8571428571428571
20,14,1,2,0,0,17,0.8235294117647058
21,13,2,3,0,0,18,0.7222222222222222
22,15,1,1,0,0,17,0.8823529411764706
23,13,3,2,0,0,18,0.7222222222222222
24,13,1,2,0,0,16,0.8125
25,14,2,1,0,0,17,0.8235294117647058
26,13,1,1,0,0,15,0.8666666666666667
27,13,1,2,0,0,16,0.8125
28,13,1,3,0,0,17,0.7647058823529411
29,13,1,2,0,0,16,0.8125
30,13,1,3,0,0,17,0.7647058823529411
31,12,3,1,0,0,16,0.75
32,14,3,1,0,0,18,0.7777777777777778
33,11,1,3,0,0,15,0.7333333333333333
34,14,2,2,0,0,18,0.7777777777777778
35,12,1,2,0,0,15,0.8
36,14,3,2,0,0,19,0.7368421052631579
37,11,3,2,0,0,16,0.6875
38,14,3,2,0,0,19,0.7368421052631579
39,14,1,3,0,0,18,0.7777777777777778
40,14,1,3,0,0,18,0.7777777777777778
41,12,3,1,0,0,16,0.75
42,12,1,3,0,0,16,0.75
43,12,1,3,0,0,16,0.75
44,15,2,1,0,0,18,0.8333333333333334
45,14,2,1,0,0,17,0.8235294117647058
46,12,2,2,0,0,16,0.75
47,13,2,1,0,0,16,0.8125
48,12,3,2,0,0,17,0.7058823529411765
49,15,0,1,0,0,16,0.9375
50,14,2,2,0,0,18,0.7777777777777778
51,13,1,1,0,0,15,0.8666666666666667
52,12,2,1,0,0,15,0.8
53,14,1,1,0,0,16,0.875
54,13,1,3,0,0,17,0.7647058823529411
55,13,1,2,0,0,16,0.8125
56,14,1,1,0,0,16,0.875
57,13,1,2,0,0,16,0.8125
58,13,1,2,0,0,16,0.8125
59,13,1,1,0,0,15,0.8666666666666667
60,13,2,2,0,0,17,0.7647058823529411
61,15,2,3,0,0,20,0.75
62,12,1,1,0,0,14,0.8571428571428571
63,13,2,1,0,0,16,0.8125
64,13,2,1,0,0,16,0.8125
65,11,1,2,0,0,14,0.7857142857142857
66,15,1,2,0,0,18,0.8333333333333334
67,11,1,2,0,0,14,0.7857142857142857
68,14,1,1,0,0,16,0.875
69,13,1,1,0,0,15,0.8666666666666667
70,13,3,1,0,0,17,0.7647058823529411
71,13,2,2,0,0,17,0.7647058823529411
72,14,1,2,0,0,17,0.8235294117647058
73,13,1,1,0,0,15,0.8666666666666667
74,10,3,2,0,0,15,0.6666666666666666
75,14,2,2,0,0,18,0.7777777777777778
76,14,2,1,0,0,17,0.8235294117647058
77,12,0,3,0,0,15,0.8
78,14,0,3,0,0,17,0.8235294117647058
79,13,0,1,0,0,14,0.9285714285714286
80,12,1,2,0,0,15,0.8
81,15,1,2,0,0,18,0.8333333333333334
82,13,1,3,0,0,17,0.7647058823529411
83,15,3,1,0,0,19,0.7894736842105263
84,14,3,1,0,0,18,0.7777777777777778
85,13,1,2,0,0,16,0.8125
86,13,1,2,0,0,16,0.8125
87,10,0,2,0,0,12,0.8333333333333334
88,10,1,2,0,0,13,0.7692307692307693
89,11,1,2,0,0,14,0.7857142857142857
90,14,1,3,0,0,18,0.7777777777777778
91,13,3,3,0,0,19,0.6842105263157895
92,13,1,1,0,0,15,0.8666666666666667
93,13,1,3,0,0,17,0.7647058823529411
94,11,1,2,0,0,14,0.7857142857142857
95,12,3,2,0,0,17,0.7058823529411765
96,11,3,2,0,0,16,0.6875
97,12,2,1,0,0,15,0.8
98,14,1,2,0,0,17,0.8235294117647058
99,13,1,2,0,0,16,0.8125
100,13,2,2,0,0,17,0.7647058823529411
101,15,0,2,0,0,17,0.8823529411764706
102,13,1,3,0,0,17,0.7647058823529411
103,13,1,3,0,0,17,0.7647058823529411
104,12,0,3,0,0,15,0.8
105,11,0,3,0,0,14,0.7857142857142857
106,14,2,2,0,0,18,0.7777777777777778
107,13,0,1,0,0,14,0.9285714285714286
108,13,3,1,0,0,17,0.7647058823529411
109,12,3,2,0,0,17,0.7058823529411765
110,12,3,1,0,0,16,0.75
111,12,1,1,0,0,14,0.8571428571428571
112,13,0,1,0,0,14,0.9285714285714286
113,14,1,2,0,0,17,0.8235294117647058
114,13,1,1,0,0,15,0.8666666666666667
115,15,1,1,0,0,17,0.8823529411764706
116,12,1,1,0,0,14,0.8571428571428571
117,13,2,2,0,0,17,0.7647058823529411
118,13,3,2,0,0,18,0.7222222222222222
119,12,3,1,0,0,16,0.75
120,14,2,2,0,0,18,0.7777777777777778
121,12,1,2,0,0,15,0.8
122,13,0,1,0,0,14,0.9285714285714286
123,12,0,1,0,0,13,0.9230769230769231
124,12,0,1,0,0,13,0.9230769230769231
125,12,1,2,0,0,15,0.8
126,14,1,2,0,0,17,0.8235294117647058
127,13,2,1,0,0,16,0.8125
128,12,0,2,0,0,14,0.8571428571428571
129,13,1,2,0,0,16,0.8125
130,14,3,2,0,0,19,0.7368421052631579
131,12,0,1,0,0,13,0.9230769230769231
132,14,1,1,0,0,16,0.875
133,14,2,2,0,0,18,0.7777777777777778
134,11,2,1,0,0,14,0.7857142857142857
135,15,3,1,0,0,19,0.7894736842105263
136,13,1,1,0,0,15,0.8666666666666667
137,15,0,1,0,0,16,0.9375
138,15,1,1,0,0,17,0.8823529411764706
139,13,2,2,0,0,17,0.7647058823529411
140,15,2,1,0,0,18,0.8333333333333334
141,16,2,1,0,0,19,0.8421052631578947
142,15,1,2,0,0,18,0.8333333333333334
143,15,2,1,0,0,18,0.8333333333333334
144,12,1,2,0,0,15,0.8
145,14,1,2,0,0,17,0.8235294117647058
146,15,1,2,0,0,18,0.8333333333333334
147,15,1,2,0,0,18,0.8333333333333334
148,14,1,2,0,0,17,0.8235294117647058
149,15,2,3,0,0,20,0.75
150,15,0,3,0,0,18,0.8333333333333334
151,14,0,3,0,0,17,0.8235294117647058
152,14,0,3,0,0,17,0.8235294117647058
153,12,0,4,0,0,16,0.75
154,13,0,3,0,0,16,0.8125
155,15,1,3,0,0,19,0.7894736842105263
156,14,0,3,0,0,17,0.8235294117647058
157,13,1,3,0,0,17,0.7647058823529411
158,13,0,4,0,0,17,0.7647058823529411
159,10,0,4,0,0,14,0.7142857142857143
160,12,1,3,0,0,16,0.75
161,14,0,3,0,0,17,0.8235294117647058
162,16,1,2,0,0,19,0.8421052631578947
163,16,0,3,0,0,19,0.8421052631578947
164,14,1,1,0,0,16,0.875
165,14,0,3,0,0,17,0.8235294117647058
166,16,1,3,0,0,20,0.8
167,15,1,4,0,0,20,0.75
168,14,0,3,0,0,17,0.8235294117647058
169,14,1,4,0,0,19,0.7368421052631579
170,13,1,2,0,0,16,0.8125
171,13,1,3,0,0,17,0.7647058823529411
172,12,0,4,0,0,16,0.75
173,14,0,3,0,0,17,0.8235294117647058
174,14,0,3,0,0,17,0.8235294117647058
175,14,0,3,0,0,17,0.8235294117647058
176,14,0,3,0,0,17,0.8235294117647058
177,14,0,3,0,0,17,0.8235294117647058
178,14,0,3,0,0,17,0.8235294117647058
179,14,0,4,0,0,18,0.7777777777777778
180,12,0,4,0,0,16,0.75
181,14,0,3,0,0,17,0.8235294117647058
182,12,0,3,0,0,15,0.8
183,13,0,3,0,0,16,0.8125
184,12,0,3,0,0,15,0.8
185,12,1,3,0,0,16,0.75
186,12,0,4,0,0,16,0.75
187,13,0,3,0,0,16,0.8125
188,13,1,3,0,0,17,0.7647058823529411
189,10,1,4,0,0,15,0.6666666666666666
190,13,0,4,0,0,17,0.7647058823529411
191,12,0,4,0,0,16,0.75
192,13,0,4,0,0,17,0.7647058823529411
193,15,0,3,0,0,18,0.8333333333333334
194,13,0,4,0,0,17,0.7647058823529411
195,14,0,4,0,0,18,0.7777777777777778
196,11,0,3,0,0,14,0.7857142857142857
197,14,1,4,0,0,19,0.7368421052631579
198,14,1,3,0,0,18,0.7777777777777778
199,14,1,3,0,0,18,0.7777777777777778
200,15,1,3,0,0,19,0.7894736842105263
201,15,2,2,0,0,19,0.7894736842105263
202,10,0,2,0,0,12,0.8333333333333334
203,13,0,3,0,0,16,0.8125
204,12,0,2,0,0,14,0.8571428571428571
205,15,0,4,0,0,19,0.7894736842105263
206,15,0,3,0,0,18,0.8333333333333334
207,15,0,3,0,0,18,0.8333333333333334
208,14,1,2,0,0,17,0.8235294117647058
209,12,1,3,0,0,16,0.75
210,15,1,3,0,0,19,0.7894736842105263
211,15,1,4,0,0,20,0.75
212,14,0,3,0,0,17,0.8235294117647058
213,13,0,4,0,0,17,0.7647058823529411
214,15,0,4,0,0,19,0.7894736842105263
215,12,0,4,0,0,16,0.75
216,13,0,2,0,0,15,0.8666666666666667
217,13,0,2,0,0,15,0.8666666666666667
218,12,1,3,0,0,16,0.75
219,13,1,2,0,0,16,0.8125
220,15,0,3,0,0,18,0.8333333333333334
221,15,0,3,0,0,18,0.8333333333333334
222,14,1,3,0,0,18,0.7777777777777778
223,14,1,2,0,0,17,0.8235294117647058
224,12,0,3,0,0,15,0.8
225,13,0,4,0,0,17,0.7647058823529411
226,12,0,4,0,0,16,0.75
227,14,0,4,0,0,18,0.7777777777777778
228,13,1,4,0,0,18,0.7222222222222222
229,14,0,4,0,0,18,0.7777777777777778
230,13,1,4,0,0,18,0.7222222222222222
231,12,0,4,0,0,16,0.75
232,12,0,4,0,0,16,0.75
233,14,0,4,0,0,18,0.7777777777777778
234,14,0,4,0,0,18,0.7777777777777778
235,11,0,4,0,0,15,0.7333333333333333
236,14,0,4,0,0,18,0.7777777777777778
237,13,0,3,0,0,16,0.8125
238,13,0,3,0,0,16,0.8125
239,12,0,4,0,0,16,0.75
240,13,0,4,0,0,17,0.7647058823529411
241,14,0,4,0,0,18,0.7777777777777778
242,13,0,3,0,0,16,0.8125
243,14,0,3,0,0,17,0.8235294117647058
244,15,0,3,0,0,18,0.8333333333333334
245,14,0,3,0,0,17,0.8235294117647058
246,14,0,4,0,0,18,0.7777777777777778
247,14,0,4,0,0,18,0.7777777777777778
248,13,0,4,0,0,17,0.7647058823529411
249,14,0,4,0,0,18,0.7777777777777778
250,12,0,4,0,0,16,0.75
251,12,0,2,0,0,14,0.8571428571428571
252,15,0,4,0,0,19,0.7894736842105263
253,12,0,4,0,0,16,0.75
254,11,0,4,0,0,15,0.7333333333333333
255,12,0,4,0,0,16,0.75
256,12,0,4,0,0,16,0.75
257,11,0,4,0,0,15,0.7333333333333333
258,13,0,3,0,0,16,0.8125
259,13,0,5,0,0,18,0.7222222222222222
260,12,0,5,0,0,17,0.7058823529411765
261,14,0,4,0,0,18,0.7777777777777778
262,13,0,4,0,0,17,0.7647058823529411
263,14,0,4,0,0,18,0.7777777777777778
264,13,0,4,0,0,17,0.7647058823529411
265,11,0,4,0,0,15,0.7333333333333333
266,11,0,4,0,0,15,0.7333333333333333
267,11,0,4,0,0,15,0.7333333333333333
268,12,0,4,0,0,16,0.75
269,13,0,4,0,0,17,0.7647058823529411
270,13,0,4,0,0,17,0.7647058823529411
271,13,0,4,0,0,17,0.7647058823529411
272,15,0,4,0,0,19,0.7894736842105263
273,14,0,4,0,0,18,0.7777777777777778
274,12,0,4,0,0,16,0.75
275,15,0,4,0,0,19,0.7894736842105263
276,13,0,4,0,0,17,0.7647058823529411
277,13,0,4,0,0,17,0.7647058823529411
278,12,0,4,0,0,16,0.75
279,12,0,4,0,0,16,0.75
280,13,0,4,0,0,17,0.7647058823529411
281,12,0,3,0,0,15,0.8
282,13,0,4,0,0,17,0.7647058823529411
283,12,0,3,0,0,15,0.8
284,14,0,4,0,0,18,0.7777777777777778
285,13,0,4,0,0,17,0.7647058823529411
286,13,0,4,0,0,17,0.7647058823529411
287,13,0,4,0,0,17,0.7647058823529411
288,12,0,4,0,0,16,0.75
289,14,0,4,0,0,18,0.7777777777777778
290,13,0,4,0,0,17,0.7647058823529411
291,12,0,4,0,0,16,0.75
292,13,0,4,0,0,17,0.7647058823529411
293,14,0,4,0,0,18,0.7777777777777778
294,13,0,4,0,0,17,0.7647058823529411
295,13,0,4,0,0,17,0.7647058823529411
296,12,0,4,0,0,16,0.75
297,12,0,4,0,0,16,0.75
298,13,0,4,0,0,17,0.7647058823529411
299,14,0,4,0,0,18,0.7777777777777778
300,14,1,4,0,0,19,0.7368421052631579
301,14,0,3,0,0,17,0.8235294117647058
302,13,1,3,0,0,17,0.7647058823529411
303,12,1,1,0,0,14,0.8571428571428571
304,11,2,2,0,0,15,0.7333333333333333
305,10,2,2,0,0,14,0.7142857142857143
306,13,2,2,0,0,17,0.7647058823529411
307,14,1,3,0,0,18,0.7777777777777778
308,15,2,2,0,0,19,0.7894736842105263
309,12,2,2,0,0,16,0.75
310,14,1,3,0,0,18,0.7777777777777778
311,14,0,2,0,0,16,0.875
312,11,1,2,0,0,14,0.7857142857142857
313,14,1,2,0,0,17,0.8235294117647058
314,11,2,2,0,0,15,0.7333333333333333
315,10,0,3,0,0,13,0.7692307692307693
316,15,0,2,0,0,17,0.8823529411764706
317,14,2,1,0,0,17,0.8235294117647058
318,15,2,3,0,0,20,0.75
319,15,0,3,0,0,18,0.8333333333333334
320,14,0,3,0,0,17,0.8235294117647058
321,12,2,2,0,0,16,0.75
322,14,1,2,0,0,17,0.8235294117647058
323,11,2,3,0,0,16,0.6875
324,12,2,3,0,0,17,0.7058823529411765
325,13,2,3,0,0,18,0.7222222222222222
326,12,0,3,0,0,15,0.8
327,11,2,3,0,0,16,0.6875
328,13,1,2,0,0,16,0.8125
329,9,2,3,0,0,14,0.6428571428571429
330,13,2,3,0,0,18,0.7222222222222222
331,13,1,2,0,0,16,0.8125
332,15,1,3,0,0,19,0.7894736842105263
333,13,1,2,0,0,16,0.8125
334,13,0,1,0,0,14,0.9285714285714286
335,13,1,1,0,0,15,0.8666666666666667
336,12,1,2,0,0,15,0.8
337,14,1,1,0,0,16,0.875
338,13,1,2,0,0,16,0.8125
339,11,2,1,0,0,14,0.7857142857142857
340,12,2,2,0,0,16,0.75
341,12,0,2,0,0,14,0.8571428571428571
342,13,1,2,0,0,16,0.8125
343,13,1,2,1,0,17,0.7647058823529411
344,14,0,2,1,0,17,0.8235294117647058
345,14,1,2,0,0,17,0.8235294117647058
346,13,1,2,0,0,16,0.8125
347,12,1,2,1,0,16,0.75
348,13,1,2,0,0,16,0.8125
349,12,0,2,0,0,14,0.8571428571428571
350,14,2,2,0,0,18,0.7777777777777778
351,13,2,2,0,0,17,0.7647058823529411
352,11,1,2,0,0,14,0.7857142857142857
353,10,2,2,0,0,14,0.7142857142857143
354,13,2,2,0,0,17,0.7647058823529411
355,11,3,2,1,0,17,0.6470588235294118
356,12,0,1,0,0,13,0.9230769230769231
357,14,1,2,0,0,17,0.8235294117647058
358,11,3,3,0,0,17,0.6470588235294118
359,13,0,2,0,0,15,0.8666666666666667
360,14,1,2,0,0,17,0.8235294117647058
361,14,1,2,0,0,17,0.8235294117647058
362,14,2,2,0,0,18,0.7777777777777778
363,14,1,2,0,0,17,0.8235294117647058
364,13,2,2,0,0,17,0.7647058823529411
365,13,1,3,0,0,17,0.7647058823529411
366,14,0,2,0,0,16,0.875
367,13,2,2,0,0,17,0.7647058823529411
368,13,1,2,0,0,16,0.8125
369,16,1,2,0,0,19,0.8421052631578947
370,15,3,2,0,0,20,0.75
371,14,1,2,0,0,17,0.8235294117647058
372,15,0,3,0,0,18,0.8333333333333334
373,14,1,3,0,0,18,0.7777777777777778
374,13,1,3,0,0,17,0.7647058823529411
375,12,2,2,0,0,16,0.75
376,13,2,1,0,0,16,0.8125
377,14,0,1,0,0,15,0.9333333333333333
378,14,2,2,0,0,18,0.7777777777777778
379,13,1,1,0,0,15,0.8666666666666667
380,12,2,3,0,0,17,0.7058823529411765
381,13,1,2,0,0,16,0.8125
382,12,2,3,0,0,17,0.7058823529411765
383,14,1,2,0,0,17,0.8235294117647058
384,11,1,2,0,0,14,0.7857142857142857
385,13,1,1,0,0,15,0.8666666666666667
386,13,1,2,0,0,16,0.8125
387,13,1,1,0,0,15,0.8666666666666667
388,14,0,3,0,0,17,0.8235294117647058
389,12,0,2,0,0,14,0.8571428571428571
390,12,1,2,0,0,15,0.8
391,14,0,2,0,0,16,0.875
392,14,1,3,0,0,18,0.7777777777777778
393,11,1,2,0,0,14,0.7857142857142857
394,13,0,1,0,0,14,0.9285714285714286
395,12,0,2,0,0,14,0.8571428571428571
396,13,1,1,0,0,15,0.8666666666666667
397,14,1,1,0,0,16,0.875
398,13,0,2,0,0,15,0.8666666666666667
399,12,1,2,0,0,15,0.8
400,14,1,3,0,0,18,0.7777777777777778
401,13,0,3,0,0,16,0.8125
402,14,0,4,0,0,18,0.7777777777777778
403,14,0,4,0,0,18,0.7777777777777778
404,13,0,4,0,0,17,0.7647058823529411
405,15,1,2,0,0,18,0.8333333333333334
406,12,0,4,0,0,16,0.75
407,13,0,4,0,0,17,0.7647058823529411
408,11,0,4,0,0,15,0.7333333333333333
409,14,0,4,0,0,18,0.7777777777777778
410,11,0,4,0,0,15,0.7333333333333333
411,13,0,3,0,0,16,0.8125
412,13,0,4,0,0,17,0.7647058823529411
413,14,0,3,0,0,17,0.8235294117647058
414,14,0,3,0,0,17,0.8235294117647058
415,12,1,4,0,0,17,0.7058823529411765
416,11,0,4,0,0,15,0.7333333333333333
417,13,1,2,0,0,16,0.8125
418,13,1,3,0,0,17,0.7647058823529411
419,13,1,3,0,0,17,0.7647058823529411
420,14,2,4,0,0,20,0.7
421,12,1,4,0,0,17,0.7058823529411765
422,10,1,3,0,0,14,0.7142857142857143
423,12,1,3,0,0,16,0.75
424,14,1,3,0,0,18,0.7777777777777778
425,11,1,3,0,0,15,0.7333333333333333
426,14,1,3,0,0,18,0.7777777777777778
427,12,1,2,0,0,15,0.8
428,12,1,3,0,0,16,0.75
429,14,1,4,0,0,19,0.7368421052631579
430,14,1,4,0,0,19,0.7368421052631579
431,14,0,3,0,0,17,0.8235294117647058
432,12,0,4,0,0,16,0.75
433,15,0,4,0,0,19,0.7894736842105263
434,12,1,4,0,0,17,0.7058823529411765
435,13,0,3,0,0,16,0.8125
436,14,0,2,0,0,16,0.875
437,14,1,4,0,0,19,0.7368421052631579
438,15,0,3,0,0,18,0.8333333333333334
439,12,1,2,0,0,15,0.8
440,12,1,4,0,0,17,0.7058823529411765
441,11,1,4,0,0,16,0.6875
442,12,1,3,0,0,16,0.75
443,13,0,3,0,0,16,0.8125
444,9,1,3,0,0,13,0.6923076923076923
445,14,1,3,0,0,18,0.7777777777777778
446,13,1,3,0,0,17,0.7647058823529411
447,12,1,3,0,0,16,0.75
448,11,1,4,0,0,16,0.6875
449,9,1,4,0,0,14,0.6428571428571429
450,12,0,4,0,0,16,0.75
451,12,1,4,0,0,17,0.7058823529411765
452,14,1,4,0,0,19,0.7368421052631579
453,13,1,3,0,0,17,0.7647058823529411
454,13,0,3,0,0,16,0.8125
455,13,1,4,0,0,18,0.7222222222222222
456,15,1,2,0,0,18,0.8333333333333334
457,14,1,4,0,0,19,0.7368421052631579
458,11,1,3,0,0,15,0.7333333333333333
459,12,1,4,0,0,17,0.7058823529411765
460,13,1,4,0,0,18,0.7222222222222222
461,11,2,3,0,0,16,0.6875
462,13,1,4,0,0,18,0.7222222222222222
463,13,1,3,0,0,17,0.7647058823529411
464,14,1,4,0,0,19,0.7368421052631579
465,12,1,4,0,0,17,0.7058823529411765
466,11,2,4,0,0,17,0.6470588235294118
467,12,1,4,0,0,17,0.7058823529411765
468,13,0,4,0,0,17,0.7647058823529411
469,13,1,3,0,0,17,0.7647058823529411
470,12,1,4,0,0,17,0.7058823529411765
471,14,1,4,0,0,19,0.7368421052631579
472,13,2,4,0,0,19,0.6842105263157895
473,13,2,4,0,0,19,0.6842105263157895
474,15,1,4,0,0,20,0.75
475,14,1,4,0,0,19,0.7368421052631579
476,12,1,3,0,0,16,0.75
477,16,0,3,0,0,19,0.8421052631578947
478,12,1,3,0,0,16,0.75
479,13,1,4,0,0,18,0.7222222222222222
480,11,0,4,0,0,15,0.7333333333333333
481,12,0,4,0,0,16,0.75
482,13,1,4,0,0,18,0.7222222222222222
483,13,0,4,0,0,17,0.7647058823529411
484,14,0,4,0,0,18,0.7777777777777778
485,15,0,4,0,0,19,0.7894736842105263
486,15,0,4,0,0,19,0.7894736842105263
487,12,0,4,0,0,16,0.75
488,16,0,3,0,0,19,0.8421052631578947
489,14,0,4,0,0,18,0.7777777777777778
490,12,0,4,0,0,16,0.75
491,16,0,2,0,0,18,0.8888888888888888
492,13,1,4,0,0,18,0.7222222222222222
493,15,0,4,0,0,19,0.7894736842105263
494,13,0,4,0,0,17,0.7647058823529411
495,14,2,3,0,0,19,0.7368421052631579
496,13,0,4,0,0,17,0.7647058823529411
497,14,1,2,0,0,17,0.8235294117647058
498,11,1,4,0,0,16,0.6875
499,14,1,4,0,0,19,0.7368421052631579
500,13,1,3,0,0,17,0.7647058823529411
501,15,1,4,0,0,20,0.75
502,15,1,3,0,0,19,0.7894736842105263
503,11,1,4,0,0,16,0.6875
504,13,1,3,0,0,17,0.7647058823529411
505,13,1,4,0,0,18,0.7222222222222222
506,13,1,4,0,0,18,0.7222222222222222
507,13,1,4,0,0,18,0.7222222222222222
508,12,1,3,0,0,16,0.75
509,14,0,3,0,0,17,0.8235294117647058
510,12,1,4,0,0,17,0.7058823529411765
511,11,1,4,0,0,16,0.6875
512,12,1,4,0,0,17,0.7058823529411765
513,12,1,4,0,0,17,0.7058823529411765
514,13,1,4,0,0,18,0.7222222222222222
515,12,2,3,0,0,17,0.7058823529411765
516,14,0,3,0,0,17,0.8235294117647058
517,13,2,4,0,0,19,0.6842105263157895
518,13,1,3,0,0,17,0.7647058823529411
519,13,1,4,0,0,18,0.7222222222222222
520,14,1,4,0,0,19,0.7368421052631579
521,14,1,4,0,0,19,0.7368421052631579
522,11,1,4,0,0,16,0.6875
523,11,1,4,0,0,16,0.6875
524,14,1,3,0,0,18,0.7777777777777778
525,12,1,3,0,0,16,0.75
526,10,1,4,0,0,15,0.6666666666666666
527,13,1,3,0,0,17,0.7647058823529411
528,13,1,4,0,0,18,0.7222222222222222
529,13,1,4,0,0,18,0.7222222222222222
530,14,1,3,0,0,18,0.7777777777777778
531,12,1,3,0,0,16,0.75
532,13,0,3,0,0,16,0.8125
533,13,1,4,0,0,18,0.7222222222222222
534,14,0,4,0,0,18,0.7777777777777778
535,13,3,3,0,0,19,0.6842105263157895
536,11,1,3,0,0,15,0.7333333333333333
537,14,1,3,0,0,18,0.7777777777777778
538,15,2,2,0,0,19,0.7894736842105263
539,12,2,2,0,0,16,0.75
540,14,1,3,0,0,18,0.7777777777777778
541,13,1,3,0,0,17,0.7647058823529411
542,14,0,2,0,0,16,0.875
543,13,1,2,0,0,16,0.8125
544,14,0,3,0,0,17,0.8235294117647058
545,12,1,3,0,0,16,0.75
546,11,0,3,0,0,14,0.7857142857142857
547,12,0,3,0,0,15,0.8
548,14,0,2,0,0,16,0.875
549,13,1,2,0,0,16,0.8125
550,10,0,3,0,0,13,0.7692307692307693
551,12,3,3,0,0,18,0.6666666666666666
552,14,2,1,0,0,17,0.8235294117647058
553,14,1,2,0,0,17,0.8235294117647058
554,14,2,3,0,0,19,0.7368421052631579
555,13,3,2,0,0,18,0.7222222222222222
556,13,3,2,0,0,18,0.7222222222222222
557,12,0,2,0,0,14,0.8571428571428571
558,15,1,3,0,0,19,0.7894736842105263
559,13,2,1,0,0,16,0.8125
560,13,1,3,0,0,17,0.7647058823529411
561,11,3,3,0,0,17,0.6470588235294118
562,12,1,3,0,0,16,0.75
563,13,2,2,0,0,17,0.7647058823529411
564,15,3,2,0,0,20,0.75
565,13,0,1,0,0,14,0.9285714285714286
566,14,3,1,0,0,18,0.7777777777777778
567,14,0,2,0,0,16,0.875
568,15,1,2,0,0,18,0.8333333333333334
569,11,2,3,0,0,16,0.6875
570,14,2,1,0,0,17,0.8235294117647058
571,12,2,2,0,0,16,0.75
572,13,3,2,0,0,18,0.7222222222222222
573,13,1,2,0,0,16,0.8125
574,12,2,3,0,0,17,0.7058823529411765
575,15,1,1,0,0,17,0.8823529411764706
576,11,2,2,0,0,15,0.7333333333333333
577,15,3,2,0,0,20,0.75
578,16,0,2,0,0,18,0.8888888888888888
579,13,2,1,0,0,16,0.8125
580,16,1,2,0,0,19,0.8421052631578947
581,14,0,1,0,0,15,0.9333333333333333
582,14,3,2,0,0,19,0.7368421052631579
583,13,1,2,0,0,16,0.8125
584,14,0,1,0,0,15,0.9333333333333333
585,15,0,2,0,0,17,0.8823529411764706
586,13,1,2,0,0,16,0.8125
587,15,0,2,0,0,17,0.8823529411764706
588,12,0,2,0,0,14,0.8571428571428571
589,13,2,2,0,0,17,0.7647058823529411
590,12,1,3,0,0,16,0.75
591,13,0,3,0,0,16,0.8125
592,13,0,2,0,0,15,0.8666666666666667
593,13,1,3,0,0,17,0.7647058823529411
594,14,0,2,0,0,16,0.875
595,15,1,1,0,0,17,0.8823529411764706
596,13,0,2,0,0,15,0.8666666666666667
597,14,1,2,0,0,17,0.8235294117647058
598,13,2,2,0,0,17,0.7647058823529411
599,14,1,1,0,0,16,0.875
600,14,2,2,0,0,18,0.7777777777777778
601,14,1,2,0,0,17,0.8235294117647058
602,14,1,2,0,0,17,0.8235294117647058
603,13,1,2,0,0,16,0.8125
604,14,2,2,0,0,18,0.7777777777777778
605,12,1,2,0,0,15,0.8
606,16,2,2,0,0,20,0.8
607,16,1,2,0,0,19,0.8421052631578947
608,14,0,2,0,0,16,0.875
609,15,0,2,0,0,17,0.8823529411764706
610,16,1,4,0,0,21,0.7619047619047619
611,14,1,1,0,0,16,0.875
612,17,0,1,0,0,18,0.9444444444444444
613,14,1,1,0,0,16,0.875
614,14,0,1,0,0,15,0.9333333333333333
615,16,0,3,0,0,19,0.8421052631578947
616,15,1,2,0,0,18,0.8333333333333334
617,14,0,3,0,0,17,0.8235294117647058
618,16,1,2,0,0,19,0.8421052631578947
619,11,0,2,0,0,13,0.8461538461538461
620,13,0,4,0,0,17,0.7647058823529411
621,12,1,2,0,0,15,0.8
622,11,1,3,0,0,15,0.7333333333333333
623,11,1,3,0,0,15,0.7333333333333333
624,13,1,2,0,0,16,0.8125
625,14,0,2,0,0,16,0.875
626,14,1,2,0,0,17,0.8235294117647058
627,13,0,2,0,0,15,0.8666666666666667
628,14,0,2,0,0,16,0.875
629,14,1,2,0,0,17,0.8235294117647058
630,16,0,2,0,0,18,0.8888888888888888
631,12,1,2,0,0,15,0.8
632,13,1,2,0,0,16,0.8125
633,13,1,3,0,0,17,0.7647058823529411
634,14,0,2,0,0,16,0.875
635,14,1,2,0,0,17,0.8235294117647058
636,13,1,2,0,0,16,0.8125
637,13,2,1,0,0,16,0.8125
638,11,2,2,0,0,15,0.7333333333333333
639,12,1,3,0,0,16,0.75
640,12,0,3,0,0,15,0.8
641,10,1,3,0,0,14,0.7142857142857143
642,12,1,2,0,0,15,0.8
643,11,0,3,0,0,14,0.7857142857142857
644,12,0,2,0,0,14,0.8571428571428571
645,12,1,2,0,0,15,0.8
646,15,0,2,0,0,17,0.8823529411764706
647,12,1,1,0,0,14,0.8571428571428571
648,13,0,4,0,0,17,0.7647058823529411
649,14,1,0,0,0,15,0.9333333333333333
650,13,0,2,0,0,15,0.8666666666666667
651,13,1,2,0,0,16,0.8125
652,14,0,1,0,0,15,0.9333333333333333
653,14,1,1,0,0,16,0.875
654,14,0,2,0,0,16,0.875
655,13,0,3,0,0,16,0.8125
656,14,2,2,0,0,18,0.7777777777777778
657,13,0,3,0,0,16,0.8125
658,14,2,2,0,0,18,0.7777777777777778
659,14,1,2,0,0,17,0.8235294117647058
660,13,0,2,0,0,15,0.8666666666666667
661,11,1,0,0,0,12,0.9166666666666666
662,12,0,3,0,0,15,0.8
663,13,0,2,0,0,15,0.8666666666666667
664,13,0,2,0,0,15,0.8666666666666667
665,12,0,4,0,0,16,0.75
666,12,1,2,0,0,15,0.8
667,13,0,4,0,0,17,0.7647058823529411
668,13,0,4,0,0,17,0.7647058823529411
669,13,0,3,0,0,16,0.8125
670,13,2,3,0,0,18,0.7222222222222222
671,16,0,3,0,0,19,0.8421052631578947
672,12,0,4,0,0,16,0.75
673,13,0,4,0,0,17,0.7647058823529411
674,14,0,4,0,0,18,0.7777777777777778
675,14,0,4,0,0,18,0.7777777777777778
676,14,1,3,0,0,18,0.7777777777777778
677,15,1,3,0,0,19,0.7894736842105263
678,14,0,2,0,0,16,0.875
679,13,1,3,0,0,17,0.7647058823529411
680,15,0,2,0,0,17,0.8823529411764706
681,15,0,3,0,0,18,0.8333333333333334
682,16,1,2,0,0,19,0.8421052631578947
683,16,0,3,0,0,19,0.8421052631578947
684,14,2,1,0,0,17,0.8235294117647058
685,15,2,2,0,0,19,0.7894736842105263
686,15,3,2,0,0,20,0.75
687,14,1,3,0,0,18,0.7777777777777778
688,16,2,3,0,0,21,0.7619047619047619
689,14,1,2,0,0,17,0.8235294117647058
690,16,1,3,0,0,20,0.8
691,14,2,3,0,0,19,0.7368421052631579
692,13,1,2,0,0,16,0.8125
693,14,2,2,0,0,18,0.7777777777777778
694,12,0,3,0,0,15,0.8
695,15,0,3,0,0,18,0.8333333333333334
696,16,0,4,0,0,20,0.8
697,15,0,3,0,0,18,0.8333333333333334
698,15,1,2,0,0,18,0.8333333333333334
699,12,0,3,0,0,15,0.8
700,14,1,3,0,0,18,0.7777777777777778
701,14,0,2,0,0,16,0.875
702,14,1,2,0,0,17,0.8235294117647058
703,14,0,3,0,0,17,0.8235294117647058
704,16,1,1,0,0,18,0.8888888888888888
705,16,1,2,0,0,19,0.8421052631578947
706,16,0,3,0,0,19,0.8421052631578947
707,15,0,2,0,0,17,0.8823529411764706
708,12,0,3,0,0,15,0.8
709,13,0,2,0,0,15,0.8666666666666667
710,13,1,3,0,0,17,0.7647058823529411
711,13,0,4,0,0,17,0.7647058823529411
712,11,0,4,0,0,15,0.7333333333333333
713,13,1,2,0,0,16,0.8125
714,12,1,2,0,0,15,0.8
715,11,0,4,0,0,15,0.7333333333333333
716,14,1,1,0,0,16,0.875
717,14,0,1,0,0,15,0.9333333333333333
718,13,0,2,0,0,15,0.8666666666666667
719,11,2,4,0,0,17,0.6470588235294118
720,13,1,2,0,0,16,0.8125
721,12,0,2,0,0,14,0.8571428571428571
722,13,0,4,0,0,17,0.7647058823529411
723,10,0,3,0,0,13,0.7692307692307693
724,13,0,2,0,0,15,0.8666666666666667
725,11,0,2,0,0,13,0.8461538461538461
726,13,0,3,0,0,16,0.8125
727,12,0,3,0,0,15,0.8
728,12,0,3,0,0,15,0.8
729,12,0,3,0,0,15,0.8
730,14,2,3,0,0,19,0.7368421052631579
731,13,0,3,0,0,16,0.8125
732,11,0,3,0,0,14,0.7857142857142857
733,14,0,2,0,0,16,0.875
734,13,0,3,0,0,16,0.8125
735,12,0,3,0,0,15,0.8
736,14,0,3,0,0,17,0.8235294117647058
737,11,0,4,0,0,15,0.7333333333333333
738,13,0,3,0,0,16,0.8125
739,14,0,3,0,0,17,0.8235294117647058
740,13,0,2,0,0,15,0.8666666666666667
741,16,0,4,0,0,20,0.8
742,15,0,3,0,0,18,0.8333333333333334
743,14,0,4,0,0,18,0.7777777777777778
744,13,0,3,0,0,16,0.8125
745,14,0,2,0,0,16,0.875
746,12,0,4,0,0,16,0.75
747,12,0,4,0,0,16,0.75
748,13,0,3,0,0,16,0.8125
749,12,0,3,0,0,15,0.8
750,13,0,3,0,0,16,0.8125
751,11,1,4,0,0,16,0.6875
752,14,1,3,0,0,18,0.7777777777777778
753,15,0,3,0,0,18,0.8333333333333334
754,13,0,2,0,0,15,0.8666666666666667
755,12,0,3,0,0,15,0.8
756,15,0,3,0,0,18,0.8333333333333334
757,15,0,4,0,0,19,0.7894736842105263
758,12,0,3,0,0,15,0.8
759,17,0,4,0,0,21,0.8095238095238095
760,16,0,3,0,0,19,0.8421052631578947
761,13,1,3,0,0,17,0.7647058823529411
762,13,1,4,0,0,18,0.7222222222222222
763,12,1,4,0,0,17,0.7058823529411765
764,14,1,3,0,0,18,0.7777777777777778
765,12,1,4,0,0,17,0.7058823529411765
766,13,1,4,0,0,18,0.7222222222222222
767,14,1,3,0,0,18,0.7777777777777778
768,14,1,4,0,0,19,0.7368421052631579
769,13,1,4,0,0,18,0.7222222222222222
770,12,1,3,0,0,16,0.75
771,14,2,4,0,0,20,0.7
772,12,1,4,0,0,17,0.7058823529411765
773,14,1,4,0,0,19,0.7368421052631579
774,13,1,4,0,0,18,0.7222222222222222
775,13,1,3,0,0,17,0.7647058823529411
776,13,1,3,0,0,17,0.7647058823529411
777,14,1,4,0,0,19,0.7368421052631579
778,14,1,4,0,0,19,0.7368421052631579
779,14,1,3,0,0,18,0.7777777777777778
780,12,0,4,0,0,16,0.75
781,13,1,3,0,0,17,0.7647058823529411
782,12,0,3,0,0,15,0.8
783,12,1,3,0,0,16,0.75
784,14,1,3,0,0,18,0.7777777777777778
785,14,1,3,0,0,18,0.7777777777777778
786,14,1,3,0,0,18,0.7777777777777778
787,14,1,4,0,0,19,0.7368421052631579
788,12,1,2,0,0,15,0.8
789,12,1,4,0,0,17,0.7058823529411765
790,14,2,3,0,0,19,0.7368421052631579
791,14,1,4,0,0,19,0.7368421052631579
792,13,1,4,0,0,18,0.7222222222222222
793,12,1,3,0,0,16,0.75
794,11,1,4,0,0,16,0.6875
795,13,1,3,0,0,17,0.7647058823529411
796,12,1,3,0,0,16,0.75
797,14,1,4,0,0,19,0.7368421052631579
798,12,1,3,0,0,16,0.75
799,13,1,3,0,0,17,0.7647058823529411
800,12,1,4,0,0,17,0.7058823529411765
801,14,1,3,0,0,18,0.7777777777777778
802,14,1,4,0,0,19,0.7368421052631579
803,12,1,3,0,0,16,0.75
804,13,1,4,0,0,18,0.7222222222222222
805,13,1,3,0,0,17,0.7647058823529411
806,11,1,3,0,0,15,0.7333333333333333
807,14,1,3,0,0,18,0.7777777777777778
808,14,0,4,0,0,18,0.7777777777777778
809,13,1,3,0,0,17,0.7647058823529411
810,13,1,3,0,0,17,0.7647058823529411
811,14,1,2,0,0,17,0.8235294117647058
812,13,1,3,0,0,17,0.7647058823529411
813,15,1,3,0,0,19,0.7894736842105263
814,13,1,3,0,0,17,0.7647058823529411
815,14,1,3,0,0,18,0.7777777777777778
816,14,1,4,0,0,19,0.7368421052631579
817,12,1,4,0,0,17,0.7058823529411765
818,13,1,2,0,0,16,0.8125
819,15,1,4,0,0,20,0.75
820,13,2,3,0,0,18,0.7222222222222222
821,12,1,3,0,0,16,0.75
822,14,1,3,0,0,18,0.7777777777777778
823,14,1,4,0,0,19,0.7368421052631579
824,14,1,3,0,0,18,0.7777777777777778
825,12,1,3,0,0,16,0.75
826,13,0,3,0,0,16,0.8125
827,13,1,4,0,0,18,0.7222222222222222
828,15,1,3,0,0,19,0.7894736842105263
829,13,1,4,0,0,18,0.7222222222222222
830,12,1,3,0,0,16,0.75
831,12,1,2,0,0,15,0.8
832,12,1,3,0,0,16,0.75
833,13,1,3,0,0,17,0.7647058823529411
834,13,1,3,0,0,17,0.7647058823529411
835,13,1,4,0,0,18,0.7222222222222222
836,13,1,3,0,0,17,0.7647058823529411
837,13,1,3,0,0,17,0.7647058823529411
838,13,1,3,0,0,17,0.7647058823529411
839,13,1,3,0,0,17,0.7647058823529411
840,13,1,3,0,0,17,0.7647058823529411
841,14,1,3,0,0,18,0.7777777777777778
842,13,1,3,0,0,17,0.7647058823529411
843,13,1,4,0,0,18,0.7222222222222222
844,14,1,4,0,0,19,0.7368421052631579
845,13,1,2,0,0,16,0.8125
846,12,1,4,0,0,17,0.7058823529411765
847,14,1,3,0,0,18,0.7777777777777778
848,14,1,4,0,0,19,0.7368421052631579
849,13,1,3,0,0,17,0.7647058823529411
850,12,1,3,0,0,16,0.75
851,12,1,3,0,0,16,0.75
852,13,2,4,0,0,19,0.6842105263157895
853,14,1,3,0,0,18,0.7777777777777778
854,13,1,3,0,0,17,0.7647058823529411
855,15,0,3,0,0,18,0.8333333333333334
856,14,1,3,0,0,18,0.7777777777777778
857,14,1,2,0,0,17,0.8235294117647058
858,12,0,3,0,0,15,0.8
859,13,1,3,0,0,17,0.7647058823529411
860,13,1,3,0,0,17,0.7647058823529411
861,13,1,3,0,0,17,0.7647058823529411
862,14,1,2,0,0,17,0.8235294117647058
863,14,1,4,0,0,19,0.7368421052631579
864,13,1,4,0,0,18,0.7222222222222222
865,12,1,3,0,0,16,0.75
866,11,1,3,0,0,15,0.7333333333333333
867,11,1,3,0,0,15,0.7333333333333333
868,12,1,4,0,0,17,0.7058823529411765
869,15,0,4,0,0,19,0.7894736842105263
870,13,1,2,0,0,16,0.8125
871,14,1,3,0,0,18,0.7777777777777778
872,14,1,3,0,0,18,0.7777777777777778
873,12,1,3,0,0,16,0.75
874,12,3,3,0,0,18,0.6666666666666666
875,14,1,2,0,0,17,0.8235294117647058
876,12,1,3,0,0,16,0.75
877,14,1,2,0,0,17,0.8235294117647058
878,13,1,4,0,0,18,0.7222222222222222
879,13,1,4,0,0,18,0.7222222222222222
880,14,1,3,0,0,18,0.7777777777777778
881,10,0,3,0,0,13,0.7692307692307693
882,14,1,3,0,0,18,0.7777777777777778
883,13,1,3,0,0,17,0.7647058823529411
884,13,1,3,0,0,17,0.7647058823529411
885,12,1,3,0,0,16,0.75
886,13,1,4,0,0,18,0.7222222222222222
887,14,1,3,0,0,18,0.7777777777777778
888,13,1,3,0,0,17,0.7647058823529411
889,10,1,3,0,0,14,0.7142857142857143
890,12,1,3,0,0,16,0.75
891,15,1,3,0,0,19,0.7894736842105263
892,12,1,3,0,0,16,0.75
893,12,1,2,0,0,15,0.8
894,13,1,2,0,0,16,0.8125
895,13,0,3,0,0,16,0.8125
896,11,1,3,0,0,15,0.7333333333333333
897,12,1,3,0,0,16,0.75
898,10,2,4,0,0,16,0.625
899,12,1,2,0,0,15,0.8
900,13,1,3,0,0,17,0.7647058823529411
901,12,1,2,0,0,15,0.8
902,13,1,2,0,0,16,0.8125
903,11,1,2,0,0,14,0.7857142857142857
904,13,1,2,0,0,16,0.8125
905,12,1,2,0,0,15,0.8
906,12,1,2,0,0,15,0.8
907,14,1,3,0,0,18,0.7777777777777778
908,14,0,3,0,0,17,0.8235294117647058
909,13,1,3,0,0,17,0.7647058823529411
910,12,1,4,0,0,17,0.7058823529411765
911,12,2,3,0,0,17,0.7058823529411765
912,11,1,3,0,0,15,0.7333333333333333
913,14,0,3,0,0,17,0.8235294117647058
914,13,0,3,0,0,16,0.8125
915,12,1,2,0,0,15,0.8
916,13,1,3,0,0,17,0.7647058823529411
917,13,2,3,0,0,18,0.7222222222222222
918,11,2,3,0,0,16,0.6875
919,14,1,4,0,0,19,0.7368421052631579
920,13,1,3,0,0,17,0.7647058823529411
921,12,1,3,0,0,16,0.75
922,13,0,4,0,0,17,0.7647058823529411
923,14,0,3,0,0,17,0.8235294117647058
924,13,0,4,0,0,17,0.7647058823529411
925,12,0,4,0,0,16,0.75
926,13,1,4,0,0,18,0.7222222222222222
927,12,1,4,0,0,17,0.7058823529411765
928,12,1,3,0,0,16,0.75
929,12,0,4,0,0,16,0.75
930,12,0,4,0,0,16,0.75
931,14,1,3,0,0,18,0.7777777777777778
932,12,0,3,0,0,15,0.8
933,12,0,3,0,0,15,0.8
934,12,1,2,0,0,15,0.8
935,14,0,2,0,0,16,0.875
936,13,0,4,0,0,17,0.7647058823529411
937,13,2,1,0,0,16,0.8125
938,9,3,1,0,0,13,0.6923076923076923
939,13,2,3,0,0,18,0.7222222222222222
940,12,2,2,0,0,16,0.75
941,13,2,2,0,0,17,0.7647058823529411
942,13,2,2,0,0,17,0.7647058823529411
943,12,1,1,0,0,14,0.8571428571428571
944,10,3,2,0,0,15,0.6666666666666666
945,12,1,2,0,0,15,0.8
946,14,1,2,0,0,17,0.8235294117647058
947,12,1,2,0,0,15,0.8
948,12,1,3,0,0,16,0.75
949,13,1,3,0,0,17,0.7647058823529411
950,12,1,3,0,0,16,0.75
951,13,1,3,0,0,17,0.7647058823529411
952,13,0,3,0,0,16,0.8125
953,13,1,3,0,0,17,0.7647058823529411
954,12,1,4,0,0,17,0.7058823529411765
955,13,1,4,0,0,18,0.7222222222222222
956,12,1,2,0,0,15,0.8
957,13,1,3,0,0,17,0.7647058823529411
958,11,1,4,0,0,16,0.6875
959,13,1,4,0,0,18,0.7222222222222222
960,12,1,2,0,0,15,0.8
961,12,1,4,0,0,17,0.7058823529411765
962,12,2,4,0,0,18,0.6666666666666666
963,12,1,4,0,0,17,0.7058823529411765
964,12,1,4,0,0,17,0.7058823529411765
965,13,1,4,0,0,18,0.7222222222222222
966,13,1,4,0,0,18,0.7222222222222222
967,13,1,4,0,0,18,0.7222222222222222
968,14,1,3,0,0,18,0.7777777777777778
969,13,1,3,0,0,17,0.7647058823529411
970,13,1,4,0,0,18,0.7222222222222222
971,14,1,3,0,0,18,0.7777777777777778
972,12,1,3,0,0,16,0.75
973,14,1,3,0,0,18,0.7777777777777778
974,14,1,3,0,0,18,0.7777777777777778
975,14,1,3,0,0,18,0.7777777777777778
976,13,1,3,0,0,17,0.7647058823529411
977,14,1,3,0,0,18,0.7777777777777778
978,12,1,3,0,0,16,0.75
979,13,1,3,0,0,17,0.7647058823529411
980,14,1,4,0,0,19,0.7368421052631579
981,13,1,3,0,0,17,0.7647058823529411
982,14,1,3,0,0,18,0.7777777777777778
983,13,1,4,0,0,18,0.7222222222222222
984,13,0,3,0,0,16,0.8125
985,14,1,4,0,0,19,0.7368421052631579
986,13,1,3,0,0,17,0.7647058823529411
987,13,1,3,0,0,17,0.7647058823529411
988,11,1,3,0,0,15,0.7333333333333333
989,13,0,4,0,0,17,0.7647058823529411
990,12,1,3,0,0,16,0.75
991,14,2,2,0,0,18,0.7777777777777778
992,13,1,3,0,0,17,0.7647058823529411
993,14,1,3,0,0,18,0.7777777777777778
994,12,1,4,0,0,17,0.7058823529411765
995,11,1,4,0,0,16,0.6875
996,12,1,3,0,0,16,0.75
997,12,1,4,0,0,17,0.7058823529411765
998,11,1,3,0,0,15,0.7333333333333333
999,14,1,3,0,0,18,0.7777777777777778
1000,12,1,4,0,0,17,0.7058823529411765
1001,14,1,3,0,0,18,0.7777777777777778
1002,13,1,4,0,0,18,0.7222222222222222
1003,13,0,3,0,0,16,0.8125
1004,13,1,3,0,0,17,0.7647058823529411
1005,14,1,3,0,0,18,0.7777777777777778
1006,13,2,3,0,0,18,0.7222222222222222
1007,14,2,2,0,0,18,0.7777777777777778
1008,13,1,3,0,0,17,0.7647058823529411
1009,14,1,3,0,0,18,0.7777777777777778
1010,14,2,3,0,0,19,0.7368421052631579
1011,15,1,3,0,0,19,0.7894736842105263
1012,12,2,3,0,0,17,0.7058823529411765
1013,13,1,4,0,0,18,0.7222222222222222
1014,12,1,3,0,0,16,0.75
1015,13,1,4,0,0,18,0.7222222222222222
1016,10,1,4,0,0,15,0.6666666666666666
1017,14,1,3,0,0,18,0.7777777777777778
1018,14,1,4,0,0,19,0.7368421052631579
1019,13,1,3,0,0,17,0.7647058823529411
1020,13,1,2,0,0,16,0.8125
1021,13,1,3,0,0,17,0.7647058823529411
1022,11,1,4,0,0,16,0.6875
1023,14,1,4,0,0,19,0.7368421052631579
1024,13,1,3,0,0,17,0.7647058823529411
1025,14,1,4,0,0,19,0.7368421052631579
1026,13,1,3,0,0,17,0.7647058823529411
1027,12,1,3,0,0,16,0.75
1028,13,0,4,0,0,17,0.7647058823529411
1029,13,1,3,0,0,17,0.7647058823529411
1030,12,1,3,0,0,16,0.75
1031,14,0,4,0,0,18,0.7777777777777778
1032,16,0,4,0,0,20,0.8
1033,14,0,4,0,0,18,0.7777777777777778
1034,11,0,3,0,0,14,0.7857142857142857
1035,14,0,3,0,0,17,0.8235294117647058
1036,13,0,4,0,0,17,0.7647058823529411
1037,11,1,4,0,0,16,0.6875
1038,12,0,3,0,0,15,0.8
1039,12,0,4,0,0,16,0.75
1040,15,0,4,0,0,19,0.7894736842105263
1041,14,0,4,0,0,18,0.7777777777777778
1042,14,0,4,0,0,18,0.7777777777777778
1043,13,0,4,0,0,17,0.7647058823529411
1044,15,0,4,0,0,19,0.7894736842105263
1045,13,0,4,0,0,17,0.7647058823529411
1046,14,0,3,0,0,17,0.8235294117647058
1047,13,0,3,0,0,16,0.8125
1048,13,0,3,0,0,16,0.8125
1049,14,0,3,0,0,17,0.8235294117647058
1050,14,0,3,0,0,17,0.8235294117647058
1051,13,0,4,0,0,17,0.7647058823529411
1052,12,1,3,0,0,16,0.75
1053,12,0,4,0,0,16,0.75
1054,14,1,3,0,0,18,0.7777777777777778
1055,15,1,2,0,0,18,0.8333333333333334
1056,12,1,2,0,0,15,0.8
1057,15,1,3,0,0,19,0.7894736842105263
1058,11,1,4,0,0,16,0.6875
1059,12,1,3,0,0,16,0.75
1060,13,0,3,0,0,16,0.8125
1061,14,0,3,0,0,17,0.8235294117647058
1062,12,0,3,0,0,15,0.8
1063,13,1,4,0,0,18,0.7222222222222222
1064,12,0,4,0,0,16,0.75
1065,13,0,3,0,0,16,0.8125
1066,10,0,3,0,0,13,0.7692307692307693
1067,13,0,4,0,0,17,0.7647058823529411
1068,11,0,4,0,0,15,0.7333333333333333
1069,13,0,4,0,0,17,0.7647058823529411
1070,14,0,3,0,0,17,0.8235294117647058
1071,12,1,3,0,0,16,0.75
1072,10,0,4,0,0,14,0.7142857142857143
1073,13,0,3,0,0,16,0.8125
1074,11,1,3,0,0,15,0.7333333333333333
1075,12,1,4,0,0,17,0.7058823529411765
1076,14,0,3,0,0,17,0.8235294117647058
1077,12,1,3,0,0,16,0.75
1078,13,1,4,0,0,18,0.7222222222222222
1079,13,1,3,0,0,17,0.7647058823529411
1080,15,1,3,0,0,19,0.7894736842105263
1081,11,1,3,0,0,15,0.7333333333333333
1082,14,1,3,0,0,18,0.7777777777777778
1083,14,1,3,0,0,18,0.7777777777777778
1084,12,1,3,0,0,16,0.75
1085,14,2,2,0,0,18,0.7777777777777778
1086,14,0,3,0,0,17,0.8235294117647058
1087,13,0,3,0,0,16,0.8125
1088,13,0,3,0,0,16,0.8125
1089,13,0,3,0,0,16,0.8125
1090,12,0,3,0,0,15,0.8
1091,13,0,3,0,0,16,0.8125
1092,13,1,3,0,0,17,0.7647058823529411
1093,12,2,3,0,0,17,0.7058823529411765
1094,12,1,3,0,0,16,0.75
1095,15,1,2,0,0,18,0.8333333333333334
1096,12,2,3,0,0,17,0.7058823529411765
1097,13,2,3,0,0,18,0.7222222222222222
1098,13,0,4,0,0,17,0.7647058823529411
1099,13,0,4,0,0,17,0.7647058823529411
1100,14,0,4,0,0,18,0.7777777777777778
1101,15,0,3,0,0,18,0.8333333333333334
1102,14,1,3,0,0,18,0.7777777777777778
1103,14,1,3,0,0,18,0.7777777777777778
1104,12,1,3,0,0,16,0.75
1105,13,1,3,0,0,17,0.7647058823529411
1106,15,1,3,0,0,19,0.7894736842105263
1107,15,0,4,0,0,19,0.7894736842105263
1108,15,1,3,0,0,19,0.7894736842105263
1109,12,0,2,0,0,14,0.8571428571428571
1110,12,1,3,0,0,16,0.75
1111,13,0,3,0,0,16,0.8125
1112,12,1,3,0,0,16,0.75
1113,13,1,3,0,0,17,0.7647058823529411
1114,12,0,3,0,0,15,0.8
1115,14,1,2,0,0,17,0.8235294117647058
1116,14,1,3,0,0,18,0.7777777777777778
1117,13,0,3,0,0,16,0.8125
1118,12,0,3,0,0,15,0.8
1119,13,0,3,0,0,16,0.8125
1120,12,0,3,0,0,15,0.8
1121,11,1,4,0,0,16,0.6875
1122,13,1,3,0,0,17,0.7647058823529411
1123,13,0,3,0,0,16,0.8125
1124,13,0,4,0,0,17,0.7647058823529411
1125,13,0,3,0,0,16,0.8125
1126,13,0,3,0,0,16,0.8125
1127,12,0,4,0,0,16,0.75
1128,13,0,2,0,0,15,0.8666666666666667
1129,13,0,3,0,0,16,0.8125
1130,12,1,4,0,0,17,0.7058823529411765
1131,14,1,3,0,0,18,0.7777777777777778
1132,12,0,3,0,0,15,0.8
1133,12,0,4,0,0,16,0.75
1134,14,0,4,0,0,18,0.7777777777777778
1135,14,0,3,0,0,17,0.8235294117647058
1136,12,2,3,0,0,17,0.7058823529411765
1137,12,0,3,0,0,15,0.8
1138,13,0,3,0,0,16,0.8125
1139,13,0,3,0,0,16,0.8125
1140,13,0,3,0,0,16,0.8125
1141,11,1,3,0,0,15,0.7333333333333333
1142,13,0,3,0,0,16,0.8125
1143,13,1,2,0,0,16,0.8125
1144,14,1,2,0,0,17,0.8235294117647058
1145,13,1,3,0,0,17,0.7647058823529411
1146,12,0,2,0,0,14,0.8571428571428571
1147,11,1,3,0,0,15,0.7333333333333333
1148,13,0,1,0,0,14,0.9285714285714286
1149,13,0,3,0,0,16,0.8125
1150,12,2,4,0,0,18,0.6666666666666666
1151,9,0,4,0,0,13,0.6923076923076923
1152,12,0,3,0,0,15,0.8
1153,12,1,3,0,0,16,0.75
1154,11,0,3,0,0,14,0.7857142857142857
1155,12,0,3,0,0,15,0.8
1156,13,0,4,0,0,17,0.7647058823529411
1157,13,0,4,0,0,17,0.7647058823529411
1158,13,0,4,0,0,17,0.7647058823529411
1159,12,0,4,0,0,16,0.75
1160,14,0,4,0,0,18,0.7777777777777778
1161,14,0,4,0,0,18,0.7777777777777778
1162,12,0,4,0,0,16,0.75
1163,13,0,4,0,0,17,0.7647058823529411
1164,14,1,3,0,0,18,0.7777777777777778
1165,10,0,4,0,0,14,0.7142857142857143
1166,12,1,3,0,0,16,0.75
1167,14,0,4,0,0,18,0.7777777777777778
1168,12,0,4,0,0,16,0.75
1169,12,0,4,0,0,16,0.75
1170,10,0,4,0,0,14,0.7142857142857143
1171,10,0,4,0,0,14,0.7142857142857143
1172,12,0,4,0,0,16,0.75
1173,12,0,4,0,0,16,0.75
1174,14,0,2,0,0,16,0.875
1175,15,0,4,0,0,19,0.7894736842105263
1176,15,0,3,0,0,18,0.8333333333333334
1177,15,0,4,0,0,19,0.7894736842105263
1178,14,0,4,0,0,18,0.7777777777777778
1179,13,0,3,0,0,16,0.8125
1180,13,0,4,0,0,17,0.7647058823529411
1181,9,0,4,0,0,13,0.6923076923076923
1182,14,0,4,0,0,18,0.7777777777777778
1183,15,0,4,0,0,19,0.7894736842105263
1184,13,0,1,0,0,14,0.9285714285714286
1185,13,0,3,0,0,16,0.8125
1186,13,0,4,0,0,17,0.7647058823529411
1187,13,0,4,0,0,17,0.7647058823529411
1188,13,1,4,0,0,18,0.7222222222222222
1189,13,0,4,0,0,17,0.7647058823529411
1190,16,0,4,0,0,20,0.8
1191,12,0,4,0,0,16,0.75
1192,13,0,4,0,0,17,0.7647058823529411
1193,13,0,4,0,0,17,0.7647058823529411
1194,15,0,4,0,0,19,0.7894736842105263
1195,10,0,4,0,0,14,0.7142857142857143
1196,14,0,4,0,0,18,0.7777777777777778
1197,13,1,4,0,0,18,0.7222222222222222
1198,13,0,4,0,0,17,0.7647058823529411
1199,11,1,4,0,0,16,0.6875
1200,14,1,3,0,0,18,0.7777777777777778
1201,14,1,2,0,0,17,0.8235294117647058
1202,14,2,3,0,0,19,0.7368421052631579
1203,13,1,4,0,0,18,0.7222222222222222
1204,13,2,2,0,0,17,0.7647058823529411
1205,14,1,3,0,0,18,0.7777777777777778
1206,15,0,3,0,0,18,0.8333333333333334
1207,11,0,2,0,0,13,0.8461538461538461
1208,13,0,4,0,0,17,0.7647058823529411
1209,15,1,2,0,0,18,0.8333333333333334
1210,13,2,2,0,0,17,0.7647058823529411
1211,12,1,3,0,0,16,0.75
1212,13,1,4,0,0,18,0.7222222222222222
1213,14,1,3,0,0,18,0.7777777777777778
1214,11,1,3,0,0,15,0.7333333333333333
1215,12,2,4,0,0,18,0.6666666666666666
1216,12,1,4,0,0,17,0.7058823529411765
1217,12,1,2,0,0,15,0.8
1218,13,1,3,0,0,17,0.7647058823529411
1219,11,1,3,0,0,15,0.7333333333333333
1220,12,1,2,0,0,15,0.8
1221,14,1,2,0,0,17,0.8235294117647058
1222,15,1,2,0,0,18,0.8333333333333334
1223,15,2,2,0,0,19,0.7894736842105263
1224,14,0,1,0,0,15,0.9333333333333333
1225,11,0,3,0,0,14,0.7857142857142857
1226,12,0,2,0,0,14,0.8571428571428571
1227,12,2,1,0,0,15,0.8
1228,13,0,1,0,0,14,0.9285714285714286
1229,14,0,3,0,0,17,0.8235294117647058
1230,13,1,3,0,0,17,0.7647058823529411
1231,12,3,3,0,0,18,0.6666666666666666
1232,10,1,4,0,0,15,0.6666666666666666
1233,12,2,3,0,0,17,0.7058823529411765
1234,15,1,2,0,0,18,0.8333333333333334
1235,13,3,1,0,0,17,0.7647058823529411
1236,14,2,2,0,0,18,0.7777777777777778
1237,13,1,4,0,0,18,0.7222222222222222
1238,11,1,2,0,0,14,0.7857142857142857
1239,12,1,2,0,0,15,0.8
1240,14,1,4,0,0,19,0.7368421052631579
1241,13,1,2,0,0,16,0.8125
1242,13,0,2,0,0,15,0.8666666666666667
1243,12,2,2,0,0,16,0.75
1244,11,3,2,0,0,16,0.6875
1245,14,1,3,0,0,18,0.7777777777777778
1246,11,1,2,0,0,14,0.7857142857142857
1247,12,2,2,0,0,16,0.75
1248,11,1,4,0,0,16,0.6875
1249,13,0,2,0,0,15,0.8666666666666667
1250,11,2,4,0,0,17,0.6470588235294118
1251,13,0,3,0,0,16,0.8125
1252,10,1,2,0,0,13,0.7692307692307693
1253,13,1,3,0,0,17,0.7647058823529411
1254,12,1,3,0,0,16,0.75
1255,10,1,3,0,0,14,0.7142857142857143
1256,12,1,3,0,0,16,0.75
1257,10,1,3,0,0,14,0.7142857142857143
1258,12,1,2,0,0,15,0.8
1259,13,2,3,0,0,18,0.7222222222222222
1260,14,1,3,0,0,18,0.7777777777777778
1261,10,2,2,0,0,14,0.7142857142857143
1262,11,0,3,0,0,14,0.7857142857142857
1263,12,2,2,0,0,16,0.75
1264,11,0,3,0,0,14,0.7857142857142857
1265,11,1,3,0,0,15,0.7333333333333333
1266,13,1,2,0,0,16,0.8125
1267,13,1,3,0,0,17,0.7647058823529411
1268,13,2,2,0,0,17,0.7647058823529411
1269,11,3,2,0,0,16,0.6875
1270,15,1,1,0,0,17,0.8823529411764706
1271,15,0,2,0,0,17,0.8823529411764706
1272,14,0,4,0,0,18,0.7777777777777778
1273,13,0,2,0,0,15,0.8666666666666667
1274,14,0,2,0,0,16,0.875
1275,11,1,2,0,0,14,0.7857142857142857
1276,12,0,2,0,0,14,0.8571428571428571
1277,13,1,2,0,0,16,0.8125
1278,12,0,2,0,0,14,0.8571428571428571
1279,13,1,2,0,0,16,0.8125
1280,13,0,4,0,0,17,0.7647058823529411
1281,12,0,4,0,0,16,0.75
1282,13,0,3,0,0,16,0.8125
1283,14,0,4,0,0,18,0.7777777777777778
1284,10,0,4,0,0,14,0.7142857142857143
1285,11,0,4,0,0,15,0.7333333333333333
1286,14,0,4,0,0,18,0.7777777777777778
1287,14,0,4,0,0,18,0.7777777777777778
1288,11,0,5,0,0,16,0.6875
1289,12,0,4,0,0,16,0.75
1290,11,0,3,0,0,14,0.7857142857142857
1291,13,0,4,0,0,17,0.7647058823529411
1292,13,0,4,0,0,17,0.7647058823529411
1293,13,1,3,0,0,17,0.7647058823529411
1294,13,0,4,0,0,17,0.7647058823529411
1295,10,0,3,0,0,13,0.7692307692307693
1296,11,1,3,0,0,15,0.7333333333333333
1297,14,0,3,0,0,17,0.8235294117647058
1298,13,0,3,0,0,16,0.8125
1299,14,0,3,0,0,17,0.8235294117647058
1300,14,0,3,0,0,17,0.8235294117647058
1301,14,0,3,0,0,17,0.8235294117647058
1302,13,1,3,0,0,17,0.7647058823529411
1303,14,0,3,0,0,17,0.8235294117647058
1304,13,0,3,0,0,16,0.8125
1305,15,1,3,0,0,19,0.7894736842105263
1306,14,0,4,0,0,18,0.7777777777777778
1307,12,0,4,0,0,16,0.75
1308,12,0,4,0,0,16,0.75
1309,14,0,3,0,0,17,0.8235294117647058
1310,13,0,3,0,0,16,0.8125
1311,11,0,4,0,0,15,0.7333333333333333
1312,14,0,5,0,0,19,0.7368421052631579
1313,12,0,4,0,0,16,0.75
1314,12,0,3,0,0,15,0.8
1315,13,0,5,0,0,18,0.7222222222222222
1316,12,1,3,0,0,16,0.75
1317,12,0,3,0,0,15,0.8
1318,13,0,3,0,0,16,0.8125
1319,14,0,4,0,0,18,0.7777777777777778
1320,15,0,3,0,0,18,0.8333333333333334
1321,11,1,3,0,0,15,0.7333333333333333
1322,11,1,2,0,0,14,0.7857142857142857
1323,12,2,2,0,0,16,0.75
1324,12,0,2,0,0,14,0.8571428571428571
1325,13,1,3,0,0,17,0.7647058823529411
1326,11,2,2,0,0,15,0.7333333333333333
1327,14,1,3,0,0,18,0.7777777777777778
1328,13,1,2,0,0,16,0.8125
1329,14,1,3,0,0,18,0.7777777777777778
1330,12,1,4,0,0,17,0.7058823529411765
1331,12,1,1,0,0,14,0.8571428571428571
1332,10,1,2,0,0,13,0.7692307692307693
1333,14,0,4,0,0,18,0.7777777777777778
1334,13,1,2,0,0,16,0.8125
1335,11,1,1,0,0,13,0.8461538461538461
1336,12,2,3,0,0,17,0.7058823529411765
1337,11,1,3,0,0,15,0.7333333333333333
1338,13,0,2,0,0,15,0.8666666666666667
1339,12,1,3,0,0,16,0.75
1340,14,2,2,0,0,18,0.7777777777777778
1341,12,1,1,0,0,14,0.8571428571428571
1342,10,0,2,0,0,12,0.8333333333333334
1343,12,2,2,0,0,16,0.75
1344,11,2,2,0,0,15,0.7333333333333333
1345,11,2,3,0,0,16,0.6875
1346,11,1,2,0,0,14,0.7857142857142857
1347,13,0,2,0,0,15,0.8666666666666667
1348,10,2,4,0,0,16,0.625
1349,14,0,2,0,0,16,0.875
1350,13,0,1,0,0,14,0.9285714285714286
1351,12,0,3,0,0,15,0.8
1352,15,1,3,0,0,19,0.7894736842105263
1353,11,1,4,0,0,16,0.6875
1354,12,1,2,0,0,15,0.8
1355,11,1,2,0,0,14,0.7857142857142857
1356,13,0,4,0,0,17,0.7647058823529411
1357,11,2,2,0,0,15,0.7333333333333333
1358,11,2,2,0,0,15,0.7333333333333333
1359,10,1,2,0,0,13,0.7692307692307693
1360,11,0,3,0,0,14,0.7857142857142857
1361,11,1,3,0,0,15,0.7333333333333333
1362,11,0,3,0,0,14,0.7857142857142857
1363,12,0,3,0,0,15,0.8
1364,12,1,4,0,0,17,0.7058823529411765
1365,11,1,3,0,0,15,0.7333333333333333
1366,12,1,3,0,0,16,0.75
1367,13,0,3,0,0,16,0.8125
1368,14,1,2,0,0,17,0.8235294117647058
1369,13,0,5,0,0,18,0.7222222222222222
1370,13,0,4,0,0,17,0.7647058823529411
1371,13,2,3,0,0,18,0.7222222222222222
1372,10,1,4,0,0,15,0.6666666666666666
1373,13,2,2,0,0,17,0.7647058823529411
1374,12,1,2,0,0,15,0.8
1375,14,0,2,0,0,16,0.875
1376,12,1,2,0,0,15,0.8
1377,12,0,3,0,0,15,0.8
1378,13,0,3,0,0,16,0.8125
1379,12,0,3,0,0,15,0.8
1380,11,2,2,0,0,15,0.7333333333333333
1381,12,0,3,0,0,15,0.8
1382,13,1,3,0,0,17,0.7647058823529411
1383,15,1,3,0,0,19,0.7894736842105263
1384,14,0,3,0,0,17,0.8235294117647058
1385,12,1,3,0,0,16,0.75
1386,13,1,4,0,0,18,0.7222222222222222
1387,15,2,2,0,0,19,0.7894736842105263
1388,15,1,1,0,0,17,0.8823529411764706
1389,15,1,3,0,0,19,0.7894736842105263
1390,14,1,2,0,0,17,0.8235294117647058
1391,14,1,2,0,0,17,0.8235294117647058
1392,13,0,2,0,0,15,0.8666666666666667
1393,14,1,4,0,0,19,0.7368421052631579
1394,12,2,1,0,0,15,0.8
1395,12,2,2,0,0,16,0.75
1396,13,1,3,0,0,17,0.7647058823529411
1397,12,2,1,0,0,15,0.8
1398,13,0,3,0,0,16,0.8125
1399,14,0,2,0,0,16,0.875
1400,12,1,4,0,0,17,0.7058823529411765
1401,14,1,3,0,0,18,0.7777777777777778
1402,13,2,2,0,0,17,0.7647058823529411
1403,13,1,3,0,0,17,0.7647058823529411
1404,10,1,3,0,0,14,0.7142857142857143
1405,13,1,2,0,0,16,0.8125
1406,13,2,2,0,0,17,0.7647058823529411
1407,14,0,3,0,0,17,0.8235294117647058
1408,12,1,2,0,0,15,0.8
1409,11,0,3,0,0,14,0.7857142857142857
1410,9,0,2,0,0,11,0.8181818181818182
1411,11,1,3,0,0,15,0.7333333333333333
1412,13,0,3,0,0,16,0.8125
1413,12,0,3,0,0,15,0.8
1414,12,1,2,0,0,15,0.8
1415,12,1,1,0,0,14,0.8571428571428571
1416,12,0,1,0,0,13,0.9230769230769231
1417,13,0,2,0,0,15,0.8666666666666667
1418,12,1,3,0,0,16,0.75
1419,13,1,1,0,0,15,0.8666666666666667
1420,13,1,2,0,0,16,0.8125
1421,13,0,1,0,0,14,0.9285714285714286
1422,11,0,3,0,0,14,0.7857142857142857
1423,9,0,3,0,0,12,0.75
1424,12,2,2,0,0,16,0.75
1425,14,0,2,0,0,16,0.875
1426,12,1,3,0,0,16,0.75
1427,11,2,2,0,0,15,0.7333333333333333
1428,13,2,0,0,0,15,0.8666666666666667
1429,11,2,0,0,0,13,0.8461538461538461
1430,12,1,1,0,0,14,0.8571428571428571
1431,13,2,1,0,0,16,0.8125
1432,10,2,3,0,0,15,0.6666666666666666
1433,12,0,1,0,0,13,0.9230769230769231
1434,13,1,2,0,0,16,0.8125
1435,12,0,2,0,0,14,0.8571428571428571
1436,12,0,3,0,0,15,0.8
1437,13,1,2,0,0,16,0.8125
1438,11,2,1,0,0,14,0.7857142857142857
1439,13,2,0,0,0,15,0.8666666666666667
1440,12,0,2,0,0,14,0.8571428571428571
1441,12,0,1,0,0,13,0.9230769230769231
1442,10,2,3,0,0,15,0.6666666666666666
1443,11,0,3,0,0,14,0.7857142857142857
1444,12,2,2,0,0,16,0.75
1445,12,2,2,0,0,16,0.75
1446,11,0,2,0,0,13,0.8461538461538461
1447,11,2,1,0,0,14,0.7857142857142857
1448,13,2,2,0,0,17,0.7647058823529411
1449,12,3,2,0,0,17,0.7058823529411765
1450,14,2,2,0,0,18,0.7777777777777778
1451,14,3,1,0,0,18,0.7777777777777778
1452,13,2,1,0,0,16,0.8125
1453,11,2,1,0,0,14,0.7857142857142857
1454,12,3,1,0,0,16,0.75
1455,11,1,3,0,0,15,0.7333333333333333
1456,10,3,2,0,0,15,0.6666666666666666
1457,14,2,2,0,0,18,0.7777777777777778
1458,13,2,1,0,0,16,0.8125
1459,14,1,2,0,0,17,0.8235294117647058
1460,13,2,3,0,0,18,0.7222222222222222
1461,14,1,1,0,0,16,0.875
1462,12,3,2,0,0,17,0.7058823529411765
1463,11,2,2,0,0,15,0.7333333333333333
1464,14,4,2,0,0,20,0.7
1465,10,3,2,0,0,15,0.6666666666666666
1466,13,4,1,0,0,18,0.7222222222222222
1467,14,4,3,0,0,21,0.6666666666666666
1468,12,2,2,0,0,16,0.75
1469,11,3,2,0,0,16,0.6875
1470,10,4,1,0,0,15,0.6666666666666666
1471,10,3,1,0,0,14,0.7142857142857143
1472,13,2,2,0,0,17,0.7647058823529411
1473,12,1,1,0,0,14,0.8571428571428571
1474,10,4,2,0,0,16,0.625
1475,11,3,1,0,0,15,0.7333333333333333
1476,11,2,1,0,0,14,0.7857142857142857
1477,11,2,2,0,0,15,0.7333333333333333
1478,13,3,3,0,0,19,0.6842105263157895
1479,14,1,3,0,0,18,0.7777777777777778
1480,12,2,2,0,0,16,0.75
1481,11,2,3,0,0,16,0.6875
1482,13,0,1,0,0,14,0.9285714285714286
1483,13,1,1,0,0,15,0.8666666666666667
1484,15,1,2,0,0,18,0.8333333333333334
1485,12,2,2,0,0,16,0.75
1486,11,1,2,0,0,14,0.7857142857142857
1487,11,1,4,0,0,16,0.6875
1488,12,2,1,0,0,15,0.8
1489,12,1,3,0,0,16,0.75
1490,11,2,2,0,0,15,0.7333333333333333
1491,15,1,2,0,0,18,0.8333333333333334
1492,14,2,2,0,0,18,0.7777777777777778
1493,14,2,1,0,0,17,0.8235294117647058
1494,14,1,3,0,0,18,0.7777777777777778
1495,13,2,2,0,0,17,0.7647058823529411
1496,13,2,1,0,0,16,0.8125
1497,15,2,1,0,0,18,0.8333333333333334
1498,15,2,1,0,0,18,0.8333333333333334
1499,14,1,3,0,0,18,0.7777777777777778
1500,15,3,3,0,0,21,0.7142857142857143
1501,15,2,2,0,0,19,0.7894736842105263
1502,9,3,1,0,0,13,0.6923076923076923
1503,13,1,3,0,0,17,0.7647058823529411
1504,14,1,3,0,0,18,0.7777777777777778
1505,13,2,1,0,0,16,0.8125
1506,14,3,4,0,0,21,0.6666666666666666
1507,14,2,2,0,0,18,0.7777777777777778
1508,13,2,1,0,0,16,0.8125
1509,12,2,1,0,0,15,0.8
1510,12,3,2,0,0,17,0.7058823529411765
1511,12,4,1,0,0,17,0.7058823529411765
1512,12,2,1,0,0,15,0.8
1513,11,2,2,0,0,15,0.7333333333333333
1514,12,1,3,0,0,16,0.75
1515,11,2,2,0,0,15,0.7333333333333333
1516,9,3,2,0,0,14,0.6428571428571429
1517,10,3,1,0,0,14,0.7142857142857143
1518,11,1,3,0,0,15,0.7333333333333333
1519,9,1,3,0,0,13,0.6923076923076923
1520,10,3,3,0,0,16,0.625
1521,11,2,3,0,0,16,0.6875
1522,12,3,1,0,0,16,0.75
1523,11,1,2,0,0,14,0.7857142857142857
1524,13,2,1,0,0,16,0.8125
1525,12,1,2,0,0,15,0.8
1526,11,3,4,0,0,18,0.6111111111111112
1527,12,2,1,0,0,15,0.8
1528,10,1,2,0,0,13,0.7692307692307693
1529,12,3,1,0,0,16,0.75
1530,11,1,2,0,0,14,0.7857142857142857
1531,11,1,1,0,0,13,0.8461538461538461
1532,12,1,1,0,0,14,0.8571428571428571
1533,11,2,1,0,0,14,0.7857142857142857
1534,9,2,2,0,0,13,0.6923076923076923
1535,12,1,1,0,0,14,0.8571428571428571
1536,11,1,2,0,0,14,0.7857142857142857
1537,13,2,1,0,0,16,0.8125
1538,11,1,3,0,0,15,0.7333333333333333
1539,11,1,2,0,0,14,0.7857142857142857
1540,12,1,3,0,0,16,0.75
1541,13,1,2,0,0,16,0.8125
1542,11,2,1,0,0,14,0.7857142857142857
1543,11,1,1,0,0,13,0.8461538461538461
1544,11,1,1,0,0,13,0.8461538461538461
1545,12,1,3,0,0,16,0.75
1546,10,1,2,0,0,13,0.7692307692307693
1547,13,1,2,0,0,16,0.8125
1548,13,2,3,0,0,18,0.7222222222222222
1549,12,1,2,0,0,15,0.8
1550,12,2,2,0,0,16,0.75
1551,11,2,1,0,0,14,0.7857142857142857
1552,11,2,3,0,0,16,0.6875
1553,11,3,2,0,0,16,0.6875
1554,13,2,2,0,0,17,0.7647058823529411
1555,12,3,1,0,0,16,0.75
1556,11,3,2,0,0,16,0.6875
1557,11,1,2,0,0,14,0.7857142857142857
1558,13,1,1,0,0,15,0.8666666666666667
1559,14,1,0,0,0,15,0.9333333333333333
1560,10,3,1,0,0,14,0.7142857142857143
1561,12,2,2,0,0,16,0.75
1562,13,2,1,0,0,16,0.8125
1563,12,1,1,0,0,14,0.8571428571428571
1564,14,2,1,0,0,17,0.8235294117647058
1565,10,2,1,0,0,13,0.7692307692307693
1566,12,2,1,0,0,15,0.8
1567,11,1,1,0,0,13,0.8461538461538461
1568,9,2,2,0,0,13,0.6923076923076923
1569,11,1,0,0,0,12,0.9166666666666666
1570,11,3,2,0,0,16,0.6875
1571,11,1,1,0,0,13,0.8461538461538461
1572,10,1,1,0,0,12,0.8333333333333334
1573,11,1,1,0,0,13,0.8461538461538461
1574,11,0,2,0,0,13,0.8461538461538461
1575,12,1,1,0,0,14,0.8571428571428571
1576,11,1,2,0,0,14,0.7857142857142857
1577,12,0,3,0,0,15,0.8
1578,10,2,2,0,0,14,0.7142857142857143
1579,14,2,1,0,0,17,0.8235294117647058
1580,11,1,1,0,0,13,0.8461538461538461
1581,13,2,0,0,0,15,0.8666666666666667
1582,11,1,2,0,0,14,0.7857142857142857
1583,13,1,1,0,0,15,0.8666666666666667
1584,12,1,1,0,0,14,0.8571428571428571
1585,12,1,1,0,0,14,0.8571428571428571
1586,13,2,1,0,0,16,0.8125
1587,13,2,0,0,0,15,0.8666666666666667
1588,12,0,1,0,0,13,0.9230769230769231
1589,15,1,2,0,0,18,0.8333333333333334
1590,14,2,2,0,0,18,0.7777777777777778
1591,12,1,1,0,0,14,0.8571428571428571
1592,14,3,1,0,0,18,0.7777777777777778
1593,9,3,2,0,0,14,0.6428571428571429
1594,11,3,1,0,0,15,0.7333333333333333
1595,14,1,1,0,0,16,0.875
1596,14,1,2,0,0,17,0.8235294117647058
1597,11,3,1,0,0,15,0.7333333333333333
1598,13,3,1,0,0,17,0.7647058823529411
1599,12,1,1,0,0,14,0.8571428571428571
1600,13,3,1,0,0,17,0.7647058823529411
1601,11,3,1,0,0,15,0.7333333333333333
1602,10,2,1,0,0,13,0.7692307692307693
1603,13,2,1,0,0,16,0.8125
1604,14,1,1,0,0,16,0.875
1605,10,2,1,0,0,13,0.7692307692307693
1606,10,3,0,0,0,13,0.7692307692307693
1607,11,3,1,0,0,15,0.7333333333333333
1608,10,2,1,0,0,13,0.7692307692307693
1609,14,2,1,0,0,17,0.8235294117647058
1610,13,2,1,0,0,16,0.8125
1611,15,2,1,0,0,18,0.8333333333333334
1612,12,2,2,0,0,16,0.75
1613,14,1,1,0,0,16,0.875
1614,13,0,0,0,0,13,1.0
1615,11,1,3,0,0,15,0.7333333333333333
1616,15,0,2,0,0,17,0.8823529411764706
1617,10,0,3,0,0,13,0.7692307692307693
1618,13,0,3,0,0,16,0.8125
1619,13,0,1,0,0,14,0.9285714285714286
1620,11,0,3,0,0,14,0.7857142857142857
1621,13,1,2,0,0,16,0.8125
1622,13,1,2,0,0,16,0.8125
1623,12,2,1,0,0,15,0.8
1624,12,0,1,0,0,13,0.9230769230769231
1625,12,1,0,0,0,13,0.9230769230769231
1626,12,1,3,0,0,16,0.75
1627,10,1,2,0,0,13,0.7692307692307693
1628,14,1,3,0,0,18,0.7777777777777778
1629,12,1,4,0,0,17,0.7058823529411765
1630,10,0,2,0,0,12,0.8333333333333334
1631,11,1,3,0,0,15,0.7333333333333333
1632,12,0,3,0,0,15,0.8
1633,11,2,3,0,0,16,0.6875
1634,9,1,2,0,0,12,0.75
1635,10,0,2,0,0,12,0.8333333333333334
1636,9,1,2,0,0,12,0.75
1637,12,0,3,0,0,15,0.8
1638,13,2,2,0,0,17,0.7647058823529411
1639,12,2,2,0,0,16,0.75
1640,12,1,2,0,0,15,0.8
1641,12,2,3,0,0,17,0.7058823529411765
1642,15,1,2,0,0,18,0.8333333333333334
1643,15,0,1,0,0,16,0.9375
1644,12,1,2,0,0,15,0.8
1645,12,1,1,0,0,14,0.8571428571428571
1646,12,1,3,0,0,16,0.75
1647,12,0,2,0,0,14,0.8571428571428571
1648,12,2,3,0,0,17,0.7058823529411765
1649,11,1,4,0,0,16,0.6875
1650,11,1,3,0,0,15,0.7333333333333333
1651,12,2,2,0,0,16,0.75
1652,12,2,3,0,0,17,0.7058823529411765
1653,12,2,3,0,0,17,0.7058823529411765
1654,11,0,3,0,0,14,0.7857142857142857
1655,11,2,3,0,0,16,0.6875
1656,13,2,1,0,0,16,0.8125
1657,11,1,3,0,0,15,0.7333333333333333
1658,13,2,3,0,0,18,0.7222222222222222
1659,13,2,3,0,0,18,0.7222222222222222
1660,14,2,2,0,0,18,0.7777777777777778
1661,14,0,3,0,0,17,0.8235294117647058
1662,12,1,3,0,0,16,0.75
1663,11,0,3,0,0,14,0.7857142857142857
1664,13,0,4,0,0,17,0.7647058823529411
1665,16,1,1,0,0,18,0.8888888888888888
1666,9,1,1,0,0,11,0.8181818181818182
1667,12,2,1,0,0,15,0.8
1668,13,3,0,0,0,16,0.8125
1669,13,2,1,0,0,16,0.8125
1670,12,2,0,0,0,14,0.8571428571428571
1671,12,2,1,0,0,15,0.8
1672,12,1,2,0,0,15,0.8
1673,12,2,0,0,0,14,0.8571428571428571
1674,14,2,0,0,0,16,0.875
1675,11,1,3,0,0,15,0.7333333333333333
1676,12,1,2,0,0,15,0.8
1677,14,0,2,0,0,16,0.875
1678,10,2,2,0,0,14,0.7142857142857143
1679,13,0,4,0,0,17,0.7647058823529411
1680,14,2,1,0,0,17,0.8235294117647058
1681,11,3,2,0,0,16,0.6875
1682,12,2,1,0,0,15,0.8
1683,10,1,2,0,0,13,0.7692307692307693
1684,9,2,2,0,0,13,0.6923076923076923
1685,12,2,3,0,0,17,0.7058823529411765
1686,14,0,3,0,0,17,0.8235294117647058
1687,11,1,2,0,0,14,0.7857142857142857
1688,12,2,3,0,0,17,0.7058823529411765
1689,10,2,3,0,0,15,0.6666666666666666
1690,13,2,1,0,0,16,0.8125
1691,11,1,3,0,0,15,0.7333333333333333
1692,11,2,1,0,0,14,0.7857142857142857
1693,11,3,2,0,0,16,0.6875
1694,13,2,2,0,0,17,0.7647058823529411
1695,11,2,3,0,0,16,0.6875
1696,11,1,2,0,0,14,0.7857142857142857
1697,10,2,2,0,0,14,0.7142857142857143
1698,13,1,1,0,0,15,0.8666666666666667
1699,10,1,1,0,0,12,0.8333333333333334
1700,9,2,2,0,0,13,0.6923076923076923
1701,12,0,3,0,0,15,0.8
1702,12,2,1,0,0,15,0.8
1703,11,2,0,0,0,13,0.8461538461538461
1704,12,2,1,0,0,15,0.8
1705,10,2,1,0,0,13,0.7692307692307693
1706,10,1,2,0,0,13,0.7692307692307693
1707,12,3,2,0,0,17,0.7058823529411765
1708,12,1,1,0,0,14,0.8571428571428571
1709,14,1,1,0,0,16,0.875
1710,12,2,2,0,0,16,0.75
1711,11,2,1,0,0,14,0.7857142857142857
1712,11,1,2,0,0,14,0.7857142857142857
1713,12,2,2,0,0,16,0.75
1714,12,4,1,0,0,17,0.7058823529411765
1715,9,4,2,0,0,15,0.6
1716,11,1,1,0,0,13,0.8461538461538461
1717,11,1,1,0,0,13,0.8461538461538461
1718,12,0,1,0,0,13,0.9230769230769231
1719,11,1,1,0,0,13,0.8461538461538461
1720,11,2,1,0,0,14,0.7857142857142857
1721,10,3,1,0,0,14,0.7142857142857143
1722,12,1,1,0,0,14,0.8571428571428571
1723,10,2,1,0,0,13,0.7692307692307693
1724,10,1,2,0,0,13,0.7692307692307693
1725,11,1,3,0,0,15,0.7333333333333333
1726,12,1,0,0,0,13,0.9230769230769231
1727,10,1,2,0,0,13,0.7692307692307693
1728,10,2,2,0,0,14,0.7142857142857143
1729,10,2,2,0,0,14,0.7142857142857143
1730,10,2,1,0,0,13,0.7692307692307693
1731,10,2,1,0,0,13,0.7692307692307693
1732,12,2,1,0,0,15,0.8
1733,11,2,3,0,0,16,0.6875
1734,11,1,3,0,0,15,0.7333333333333333
1735,10,1,1,0,0,12,0.8333333333333334
1736,10,3,3,0,0,16,0.625
1737,11,1,2,0,0,14,0.7857142857142857
1738,11,1,2,0,0,14,0.7857142857142857
1739,11,3,2,0,0,16,0.6875
1740,12,1,2,0,0,15,0.8
1741,10,1,2,0,0,13,0.7692307692307693
1742,10,3,1,0,0,14,0.7142857142857143
1743,13,3,1,0,0,17,0.7647058823529411
1744,11,0,2,0,0,13,0.8461538461538461
1745,12,1,3,0,0,16,0.75
1746,12,1,4,0,0,17,0.7058823529411765
1747,13,1,3,0,0,17,0.7647058823529411
1748,12,0,2,0,0,14,0.8571428571428571
1749,12,0,2,0,0,14,0.8571428571428571
1750,12,0,3,0,0,15,0.8
1751,12,1,3,0,0,16,0.75
1752,12,2,3,0,0,17,0.7058823529411765
1753,12,0,3,0,0,15,0.8
1754,12,1,4,0,0,17,0.7058823529411765
1755,10,0,3,0,0,13,0.7692307692307693
1756,12,2,1,0,0,15,0.8
1757,12,2,2,0,0,16,0.75
1758,10,0,3,0,0,13,0.7692307692307693
1759,11,1,4,0,0,16,0.6875
1760,11,1,4,0,0,16,0.6875
1761,11,2,3,0,0,16,0.6875
1762,11,1,3,0,0,15,0.7333333333333333
1763,12,0,2,0,0,14,0.8571428571428571
1764,12,1,4,0,0,17,0.7058823529411765
1765,11,1,4,0,0,16,0.6875
1766,11,0,3,0,0,14,0.7857142857142857
1767,11,0,4,0,0,15,0.7333333333333333
1768,12,1,4,0,0,17,0.7058823529411765
1769,11,1,3,0,0,15,0.7333333333333333
1770,12,0,4,0,0,16,0.75
1771,12,1,3,0,0,16,0.75
1772,11,0,4,0,0,15,0.7333333333333333
1773,12,1,3,0,0,16,0.75
1774,12,2,3,0,0,17,0.7058823529411765
1775,11,0,4,0,0,15,0.7333333333333333
1776,13,1,4,0,0,18,0.7222222222222222
1777,12,2,4,0,0,18,0.6666666666666666
1778,12,0,4,0,0,16,0.75
1779,13,1,3,0,0,17,0.7647058823529411
1780,11,0,4,0,0,15,0.7333333333333333
1781,10,1,4,0,0,15,0.6666666666666666
1782,9,1,4,0,0,14,0.6428571428571429
1783,12,0,4,0,0,16,0.75
1784,11,1,4,0,0,16,0.6875
1785,12,1,4,0,0,17,0.7058823529411765
1786,12,0,3,0,0,15,0.8
1787,11,1,4,0,0,16,0.6875
1788,10,0,4,0,0,14,0.7142857142857143
1789,10,0,4,0,0,14,0.7142857142857143
1790,12,1,4,0,0,17,0.7058823529411765
1791,12,1,4,0,0,17,0.7058823529411765
1792,12,1,2,0,0,15,0.8
1793,11,1,4,0,0,16,0.6875
1794,12,0,4,0,0,16,0.75
1795,10,2,4,0,0,16,0.625
1796,11,1,2,0,0,14,0.7857142857142857
1797,11,1,3,0,0,15,0.7333333333333333
1798,11,1,4,0,0,16,0.6875
1799,11,1,4,0,0,16,0.6875
1800,10,1,4,0,0,15,0.6666666666666666
1801,10,1,4,0,0,15,0.6666666666666666
1802,11,1,4,0,0,16,0.6875
1803,11,1,4,0,0,16,0.6875
1804,12,1,3,0,0,16,0.75
1805,12,0,4,0,0,16,0.75
1806,11,1,3,0,0,15,0.7333333333333333
1807,12,0,3,0,0,15,0.8
1808,10,0,4,0,0,14,0.7142857142857143
1809,11,1,4,0,0,16,0.6875
1810,11,2,2,0,0,15,0.7333333333333333
1811,11,1,3,0,0,15,0.7333333333333333
1812,12,1,3,0,0,16,0.75
1813,12,1,3,0,0,16,0.75
1814,12,1,3,0,0,16,0.75
1815,11,2,3,0,0,16,0.6875
1816,13,1,4,0,0,18,0.7222222222222222
1817,10,1,3,0,0,14,0.7142857142857143
1818,10,0,4,0,0,14,0.7142857142857143
1819,10,1,3,0,0,14,0.7142857142857143
1820,12,1,4,0,0,17,0.7058823529411765
1821,11,2,4,0,0,17,0.6470588235294118
1822,11,1,3,0,0,15,0.7333333333333333
1823,12,1,3,0,0,16,0.75
1824,12,1,3,0,0,16,0.75
1825,12,1,3,0,0,16,0.75
1826,10,1,3,0,0,14,0.7142857142857143
1827,11,1,4,0,0,16,0.6875
1828,11,2,3,0,0,16,0.6875
1829,13,2,3,0,0,18,0.7222222222222222
1830,14,0,3,0,0,17,0.8235294117647058
1831,12,2,3,0,0,17,0.7058823529411765
1832,12,1,3,0,0,16,0.75
1833,10,2,3,0,0,15,0.6666666666666666
1834,12,1,3,0,0,16,0.75
1835,12,1,3,0,0,16,0.75
1836,12,1,3,0,0,16,0.75
1837,11,0,3,0,0,14,0.7857142857142857
1838,12,1,3,0,0,16,0.75
1839,12,1,3,0,0,16,0.75
1840,12,1,3,0,0,16,0.75
1841,11,1,3,0,0,15,0.7333333333333333
1842,11,1,3,0,0,15,0.7333333333333333
1843,12,1,3,0,0,16,0.75
1844,12,2,3,0,0,17,0.7058823529411765
1845,12,2,3,0,0,17,0.7058823529411765
1846,12,1,3,0,0,16,0.75
1847,10,1,3,0,0,14,0.7142857142857143
1848,11,1,2,0,0,14,0.7857142857142857
1849,11,0,3,0,0,14,0.7857142857142857
1850,13,0,3,0,0,16,0.8125
1851,12,1,3,0,0,16,0.75
1852,11,1,3,0,0,15,0.7333333333333333
1853,11,1,3,0,0,15,0.7333333333333333
1854,12,1,3,0,0,16,0.75
1855,8,1,3,0,0,12,0.6666666666666666
1856,12,1,3,0,0,16,0.75
1857,11,2,3,0,0,16,0.6875
1858,12,1,3,0,0,16,0.75
1859,12,1,3,0,0,16,0.75
1860,10,1,3,0,0,14,0.7142857142857143
1861,13,1,3,0,0,17,0.7647058823529411
1862,10,2,2,0,0,14,0.7142857142857143
1863,10,1,2,0,0,13,0.7692307692307693
1864,11,1,3,0,0,15,0.7333333333333333
1865,11,0,3,0,0,14,0.7857142857142857
1866,12,0,3,0,0,15,0.8
1867,10,1,3,0,0,14,0.7142857142857143
1868,12,1,4,0,0,17,0.7058823529411765
1869,12,1,4,0,0,17,0.7058823529411765
1870,12,1,3,0,0,16,0.75
1871,11,1,3,0,0,15,0.7333333333333333
1872,11,1,3,0,0,15,0.7333333333333333
1873,12,1,3,0,0,16,0.75
1874,10,1,3,0,0,14,0.7142857142857143
1875,11,1,4,0,0,16,0.6875
1876,12,1,3,0,0,16,0.75
1877,12,1,3,0,0,16,0.75
1878,11,1,3,0,0,15,0.7333333333333333
1879,13,0,3,0,0,16,0.8125
1880,12,1,3,0,0,16,0.75
1881,11,1,3,0,0,15,0.7333333333333333
1882,12,1,3,0,0,16,0.75
1883,11,1,4,0,0,16,0.6875
1884,12,1,3,0,0,16,0.75
1885,13,1,3,0,0,17,0.7647058823529411
1886,12,1,3,0,0,16,0.75
1887,12,0,3,0,0,15,0.8
1888,11,1,3,0,0,15,0.7333333333333333
1889,9,1,3,0,0,13,0.6923076923076923
1890,11,1,3,0,0,15,0.7333333333333333
1891,11,1,3,0,0,15,0.7333333333333333
1892,11,2,3,0,0,16,0.6875
1893,11,1,3,0,0,15,0.7333333333333333
1894,11,1,3,0,0,15,0.7333333333333333
1895,12,0,3,0,0,15,0.8
1896,11,1,3,0,0,15,0.7333333333333333
1897,11,1,3,0,0,15,0.7333333333333333
1898,13,1,3,0,0,17,0.7647058823529411
1899,12,1,3,0,0,16,0.75
1900,12,1,3,0,0,16,0.75
1901,11,2,3,0,0,16,0.6875
1902,12,1,3,0,0,16,0.75
1903,13,1,3,0,0,17,0.7647058823529411
1904,12,3,3,0,0,18,0.6666666666666666
1905,10,1,4,0,0,15,0.6666666666666666
1906,11,2,3,0,0,16,0.6875
1907,12,2,3,0,0,17,0.7058823529411765
1908,12,1,3,0,0,16,0.75
1909,10,1,3,0,0,14,0.7142857142857143
1910,12,1,3,0,0,16,0.75
1911,11,1,3,0,0,15,0.7333333333333333
1912,11,1,2,0,0,14,0.7857142857142857
1913,9,1,3,0,0,13,0.6923076923076923
1914,10,1,3,0,0,14,0.7142857142857143
1915,11,1,3,0,0,15,0.7333333333333333
1916,10,1,4,0,0,15,0.6666666666666666
1917,9,1,3,0,0,13,0.6923076923076923
1918,12,2,3,0,0,17,0.7058823529411765
1919,10,1,3,0,0,14,0.7142857142857143
1920,11,1,3,0,0,15,0.7333333333333333
1921,12,1,3,0,0,16,0.75
1922,11,1,3,0,0,15,0.7333333333333333
1923,8,2,3,0,0,13,0.6153846153846154
1924,12,0,3,0,0,15,0.8
1925,10,1,4,0,0,15,0.6666666666666666
1926,13,1,3,0,0,17,0.7647058823529411
1927,12,2,3,0,0,17,0.7058823529411765
1928,12,1,3,0,0,16,0.75
1929,11,2,3,0,0,16,0.6875
1930,11,1,3,0,0,15,0.7333333333333333
1931,10,1,3,0,0,14,0.7142857142857143
1932,11,1,3,0,0,15,0.7333333333333333
1933,12,1,4,0,0,17,0.7058823529411765
1934,11,1,3,0,0,15,0.7333333333333333
1935,11,1,3,0,0,15,0.7333333333333333
1936,11,1,3,0,0,15,0.7333333333333333
1937,10,1,3,0,0,14,0.7142857142857143
1938,13,1,3,0,0,17,0.7647058823529411
1939,12,1,3,0,0,16,0.75
1940,12,2,3,0,0,17,0.7058823529411765
1941,12,1,3,0,0,16,0.75
1942,10,1,3,0,0,14,0.7142857142857143
1943,11,0,3,0,0,14,0.7857142857142857
1944,12,1,4,0,0,17,0.7058823529411765
1945,11,1,3,0,0,15,0.7333333333333333
1946,11,1,3,0,0,15,0.7333333333333333
1947,9,2,3,0,0,14,0.6428571428571429
1948,10,1,3,0,0,14,0.7142857142857143
1949,10,1,3,0,0,14,0.7142857142857143
1950,10,1,4,0,0,15,0.6666666666666666
1951,11,1,3,0,0,15,0.7333333333333333
1952,11,1,3,0,0,15,0.7333333333333333
1953,11,1,3,0,0,15,0.7333333333333333
1954,12,1,4,0,0,17,0.7058823529411765
1955,13,1,3,0,0,17,0.7647058823529411
1956,11,1,3,0,0,15,0.7333333333333333
1957,12,1,4,0,0,17,0.7058823529411765
1958,12,1,3,0,0,16,0.75
1959,11,1,3,0,0,15,0.7333333333333333
1960,11,1,3,0,0,15,0.7333333333333333
1961,12,2,3,0,0,17,0.7058823529411765
1962,9,1,3,0,0,13,0.6923076923076923
1963,11,1,3,0,0,15,0.7333333333333333
1964,11,1,3,0,0,15,0.7333333333333333
1965,10,1,3,0,0,14,0.7142857142857143
1966,12,1,3,0,0,16,0.75
1967,11,1,3,0,0,15,0.7333333333333333
1968,9,0,3,0,0,12,0.75
1969,12,1,3,0,0,16,0.75
1970,11,1,3,0,0,15,0.7333333333333333
1971,11,1,3,0,0,15,0.7333333333333333
1972,12,0,4,0,0,16,0.75
1973,9,1,3,0,0,13,0.6923076923076923
1974,11,1,3,0,0,15,0.7333333333333333
1975,11,1,3,0,0,15,0.7333333333333333
1976,11,2,3,0,0,16,0.6875
1977,11,1,3,0,0,15,0.7333333333333333
1978,11,1,3,0,0,15,0.7333333333333333
1979,11,2,3,0,0,16,0.6875
1980,12,2,3,0,0,17,0.7058823529411765
1981,11,2,3,0,0,16,0.6875
1982,11,2,3,0,0,16,0.6875
1983,12,2,3,0,0,17,0.7058823529411765
1984,12,1,3,0,0,16,0.75
1985,12,1,3,0,0,16,0.75
1986,9,1,3,0,0,13,0.6923076923076923
1987,12,2,3,0,0,17,0.7058823529411765
1988,11,2,3,0,0,16,0.6875
1989,11,2,3,0,0,16,0.6875
1990,11,2,3,0,0,16,0.6875
1991,12,1,4,0,0,17,0.7058823529411765
1992,10,0,4,0,0,14,0.7142857142857143
1993,11,2,3,0,0,16,0.6875
1994,11,2,3,0,0,16,0.6875
1995,11,1,3,0,0,15,0.7333333333333333
1996,10,1,3,0,0,14,0.7142857142857143
1997,9,1,3,0,0,13,0.6923076923076923
1998,11,1,3,0,0,15,0.7333333333333333
1999,10,2,3,0,0,15,0.6666666666666666
2000,8,1,3,0,0,12,0.6666666666666666
2001,10,1,4,0,0,15,0.6666666666666666
2002,10,2,3,0,0,15,0.6666666666666666
2003,10,1,4,0,0,15,0.6666666666666666
2004,11,3,3,0,0,17,0.6470588235294118
2005,11,1,3,0,0,15,0.7333333333333333
2006,10,0,3,0,0,13,0.7692307692307693
2007,11,1,3,0,0,15,0.7333333333333333
2008,10,2,3,0,0,15,0.6666666666666666
2009,12,0,3,0,0,15,0.8
2010,11,1,3,0,0,15,0.7333333333333333
2011,9,2,3,0,0,14,0.6428571428571429
2012,10,1,3,0,0,14,0.7142857142857143
2013,10,1,3,0,0,14,0.7142857142857143
2014,11,1,3,0,0,15,0.7333333333333333
2015,9,1,3,0,0,13,0.6923076923076923
2016,11,1,3,0,0,15,0.7333333333333333
2017,11,0,3,0,0,14,0.7857142857142857
2018,11,1,3,0,0,15,0.7333333333333333
2019,10,1,3,0,0,14,0.7142857142857143
2020,12,1,3,0,0,16,0.75
2021,11,2,3,0,0,16,0.6875
2022,11,1,3,0,0,15,0.7333333333333333
2023,12,1,3,0,0,16,0.75
2024,12,1,3,0,0,16,0.75
2025,11,1,3,0,0,15,0.7333333333333333
2026,11,1,3,0,0,15,0.7333333333333333
2027,13,1,3,0,0,17,0.7647058823529411
2028,10,1,3,0,0,14,0.7142857142857143
2029,10,0,3,0,0,13,0.7692307692307693
2030,9,1,3,0,0,13,0.6923076923076923
2031,9,1,3,0,0,13,0.6923076923076923
2032,11,1,3,0,0,15,0.7333333333333333
2033,10,1,3,0,0,14,0.7142857142857143
2034,10,1,3,0,0,14,0.7142857142857143
2035,11,2,3,0,0,16,0.6875
2036,12,2,3,0,0,17,0.7058823529411765
2037,11,1,3,0,0,15,0.7333333333333333
2038,11,1,3,0,0,15,0.7333333333333333
2039,11,1,2,0,0,14,0.7857142857142857
2040,12,0,2,0,0,14,0.8571428571428571
2041,10,1,2,0,0,13,0.7692307692307693
2042,8,1,3,0,0,12,0.6666666666666666
2043,11,1,3,0,0,15,0.7333333333333333
2044,9,1,3,0,0,13,0.6923076923076923
2045,12,1,3,0,0,16,0.75
2046,9,1,4,0,0,14,0.6428571428571429
2047,10,3,3,0,0,16,0.625
2048,10,1,3,0,0,14,0.7142857142857143
2049,11,1,3,0,0,15,0.7333333333333333
2050,9,1,3,0,0,13,0.6923076923076923
2051,9,1,3,0,0,13,0.6923076923076923
2052,12,0,4,0,0,16,0.75
2053,11,2,3,0,0,16,0.6875
2054,11,0,3,0,0,14,0.7857142857142857
2055,12,0,3,0,0,15,0.8
2056,10,3,3,0,0,16,0.625
2057,9,1,3,0,0,13,0.6923076923076923
2058,12,2,3,0,0,17,0.7058823529411765
2059,12,1,3,0,0,16,0.75
2060,9,1,3,0,0,13,0.6923076923076923
2061,11,1,3,0,0,15,0.7333333333333333
2062,10,1,3,0,0,14,0.7142857142857143
2063,10,1,3,0,0,14,0.7142857142857143
2064,10,1,3,0,0,14,0.7142857142857143
2065,11,1,4,0,0,16,0.6875
2066,11,1,3,0,0,15,0.7333333333333333
2067,10,1,3,0,0,14,0.7142857142857143
2068,10,1,3,0,0,14,0.7142857142857143
2069,12,1,3,0,0,16,0.75
2070,11,1,3,0,0,15,0.7333333333333333
2071,10,2,3,0,0,15,0.6666666666666666
2072,11,1,3,0,0,15,0.7333333333333333
2073,9,0,3,0,0,12,0.75
2074,9,1,3,0,0,13,0.6923076923076923
2075,9,1,3,0,0,13,0.6923076923076923
2076,11,2,3,0,0,16,0.6875
2077,11,1,3,0,0,15,0.7333333333333333
2078,12,1,4,0,0,17,0.7058823529411765
2079,12,1,4,0,0,17,0.7058823529411765
2080,10,1,3,0,0,14,0.7142857142857143
2081,10,1,3,0,0,14,0.7142857142857143
2082,9,1,3,0,0,13,0.6923076923076923
2083,11,1,3,0,0,15,0.7333333333333333
2084,11,1,4,0,0,16,0.6875
2085,11,1,4,0,0,16,0.6875
2086,12,1,3,0,0,16,0.75
2087,13,1,3,0,0,17,0.7647058823529411
2088,11,1,3,0,0,15,0.7333333333333333
2089,9,1,3,0,0,13,0.6923076923076923
2090,10,0,3,0,0,13,0.7692307692307693
2091,13,1,3,0,0,17,0.7647058823529411
2092,10,1,4,0,0,15,0.6666666666666666
2093,10,1,3,0,0,14,0.7142857142857143
2094,11,2,3,0,0,16,0.6875
2095,11,1,3,0,0,15,0.7333333333333333
2096,10,1,3,0,0,14,0.7142857142857143
2097,11,1,3,0,0,15,0.7333333333333333
2098,10,1,3,0,0,14,0.7142857142857143
2099,10,0,3,0,0,13,0.7692307692307693
2100,8,1,3,0,0,12,0.6666666666666666
2101,9,1,3,0,0,13,0.6923076923076923
2102,10,1,3,0,0,14,0.7142857142857143
2103,9,1,3,0,0,13,0.6923076923076923
2104,10,1,3,0,0,14,0.7142857142857143
2105,10,2,3,0,0,15,0.6666666666666666
2106,10,1,3,0,0,14,0.7142857142857143
2107,11,1,3,0,0,15,0.7333333333333333
2108,11,2,3,0,0,16,0.6875
2109,10,1,3,0,0,14,0.7142857142857143
2110,11,1,2,0,0,14,0.7857142857142857
2111,12,1,3,0,0,16,0.75
2112,11,2,3,0,0,16,0.6875
2113,11,1,3,0,0,15,0.7333333333333333
2114,12,1,3,0,0,16,0.75
2115,10,1,3,0,0,14,0.7142857142857143
2116,9,1,4,0,0,14,0.6428571428571429
2117,9,1,3,0,0,13,0.6923076923076923
2118,9,2,3,0,0,14,0.6428571428571429
2119,12,2,3,0,0,17,0.7058823529411765
2120,12,2,4,0,0,18,0.6666666666666666
2121,11,2,3,0,0,16,0.6875
2122,12,2,3,0,0,17,0.7058823529411765
2123,9,1,3,0,0,13,0.6923076923076923
2124,11,2,3,0,0,16,0.6875
2125,11,1,3,0,0,15,0.7333333333333333
2126,10,1,3,0,0,14,0.7142857142857143
2127,11,0,3,0,0,14,0.7857142857142857
2128,12,2,3,0,0,17,0.7058823529411765
2129,10,3,3,0,0,16,0.625
2130,12,1,3,0,0,16,0.75
2131,10,1,3,0,0,14,0.7142857142857143
2132,10,1,3,0,0,14,0.7142857142857143
2133,11,3,3,0,0,17,0.6470588235294118
2134,10,2,3,0,0,15,0.6666666666666666
2135,11,3,3,0,0,17,0.6470588235294118
2136,10,1,3,0,0,14,0.7142857142857143
2137,10,1,3,0,0,14,0.7142857142857143
2138,12,3,3,0,0,18,0.6666666666666666
2139,11,2,3,0,0,16,0.6875
2140,9,3,3,0,0,15,0.6
2141,11,1,3,0,0,15,0.7333333333333333
2142,11,2,3,0,0,16,0.6875
2143,10,4,2,0,0,16,0.625
2144,11,2,3,0,0,16,0.6875
2145,12,2,3,0,0,17,0.7058823529411765
2146,8,1,3,0,0,12,0.6666666666666666
2147,11,1,4,0,0,16,0.6875
2148,9,2,4,0,0,15,0.6
2149,10,2,3,0,0,15,0.6666666666666666
2150,10,1,4,0,0,15,0.6666666666666666
2151,10,2,3,0,0,15,0.6666666666666666
2152,12,2,3,0,0,17,0.7058823529411765
2153,10,1,3,0,0,14,0.7142857142857143
2154,9,2,3,0,0,14,0.6428571428571429
2155,11,1,3,0,0,15,0.7333333333333333
2156,9,1,3,0,0,13,0.6923076923076923
2157,11,1,3,0,0,15,0.7333333333333333
2158,9,1,3,0,0,13,0.6923076923076923
2159,9,1,3,0,0,13,0.6923076923076923
2160,11,1,3,0,0,15,0.7333333333333333
2161,11,1,3,0,0,15,0.7333333333333333
2162,11,0,3,0,0,14,0.7857142857142857
2163,10,0,3,0,0,13,0.7692307692307693
2164,11,1,3,0,0,15,0.7333333333333333
2165,11,2,3,0,0,16,0.6875
2166,9,2,3,0,0,14,0.6428571428571429
2167,9,1,3,0,0,13,0.6923076923076923
2168,12,1,3,0,0,16,0.75
2169,14,1,3,0,0,18,0.7777777777777778
2170,12,0,3,0,0,15,0.8
2171,15,1,2,0,0,18,0.8333333333333334
2172,11,1,3,0,0,15,0.7333333333333333
2173,11,2,3,0,0,16,0.6875
2174,12,1,3,0,0,16,0.75
2175,11,1,3,0,0,15,0.7333333333333333
2176,12,1,3,0,0,16,0.75
2177,11,1,2,0,0,14,0.7857142857142857
2178,11,1,3,0,0,15,0.7333333333333333
2179,12,2,2,0,0,16,0.75
2180,14,1,2,0,0,17,0.8235294117647058
2181,11,3,2,0,0,16,0.6875
2182,13,2,2,0,0,17,0.7647058823529411
2183,11,3,2,0,0,16,0.6875
2184,11,2,2,0,0,15,0.7333333333333333
2185,14,1,2,0,0,17,0.8235294117647058
2186,15,2,2,0,0,19,0.7894736842105263
2187,14,3,2,0,0,19,0.7368421052631579
2188,12,2,2,0,0,16,0.75
2189,12,3,2,0,0,17,0.7058823529411765
2190,11,1,2,0,0,14,0.7857142857142857
2191,13,2,3,0,0,18,0.7222222222222222
2192,13,1,3,0,0,17,0.7647058823529411
2193,11,1,3,0,0,15,0.7333333333333333
2194,13,1,3,0,0,17,0.7647058823529411
2195,13,0,2,0,0,15,0.8666666666666667
2196,12,0,3,0,0,15,0.8
2197,12,0,3,0,0,15,0.8
2198,12,1,3,0,0,16,0.75
2199,13,0,3,0,0,16,0.8125
2200,12,0,3,0,0,15,0.8
2201,13,0,3,0,0,16,0.8125
2202,12,0,3,0,0,15,0.8
2203,12,0,3,0,0,15,0.8
2204,13,1,3,0,0,17,0.7647058823529411
2205,13,1,3,0,0,17,0.7647058823529411
2206,12,0,2,0,0,14,0.8571428571428571
2207,14,0,3,0,0,17,0.8235294117647058
2208,13,0,3,0,0,16,0.8125
2209,14,1,3,0,0,18,0.7777777777777778
2210,16,1,3,0,0,20,0.8
2211,13,1,3,0,0,17,0.7647058823529411
2212,12,0,3,0,0,15,0.8
2213,13,1,3,0,0,17,0.7647058823529411
2214,14,0,3,0,0,17,0.8235294117647058
2215,13,1,3,0,0,17,0.7647058823529411
2216,11,0,3,0,0,14,0.7857142857142857
2217,13,0,3,0,0,16,0.8125
2218,13,0,2,0,0,15,0.8666666666666667
2219,12,0,3,0,0,15,0.8
2220,13,1,3,0,0,17,0.7647058823529411
2221,10,1,3,0,0,14,0.7142857142857143
2222,13,1,4,0,0,18,0.7222222222222222
2223,12,2,3,0,0,17,0.7058823529411765
2224,8,1,3,0,0,12,0.6666666666666666
2225,9,1,3,0,0,13,0.6923076923076923
2226,11,1,3,0,0,15,0.7333333333333333
2227,11,2,3,0,0,16,0.6875
2228,10,1,3,0,0,14,0.7142857142857143
2229,10,2,3,0,0,15,0.6666666666666666
2230,9,1,3,0,0,13,0.6923076923076923
2231,11,0,3,0,0,14,0.7857142857142857
2232,11,1,3,0,0,15,0.7333333333333333
2233,9,1,3,0,0,13,0.6923076923076923
2234,12,1,3,0,0,16,0.75
2235,10,2,3,0,0,15,0.6666666666666666
2236,12,1,3,0,0,16,0.75
2237,11,1,4,0,0,16,0.6875
2238,11,0,3,0,0,14,0.7857142857142857
2239,12,0,3,0,0,15,0.8
2240,11,1,3,0,0,15,0.7333333333333333
2241,10,0,3,0,0,13,0.7692307692307693
2242,10,2,3,0,0,15,0.6666666666666666
2243,11,2,3,0,0,16,0.6875
2244,14,1,3,0,0,18,0.7777777777777778
2245,10,1,3,0,0,14,0.7142857142857143
2246,12,1,3,0,0,16,0.75
2247,11,1,3,0,0,15,0.7333333333333333
2248,11,1,3,0,0,15,0.7333333333333333
2249,11,0,3,0,0,14,0.7857142857142857
2250,11,1,3,0,0,15,0.7333333333333333
2251,10,1,3,0,0,14,0.7142857142857143
2252,10,1,3,0,0,14,0.7142857142857143
2253,11,2,3,0,0,16,0.6875
2254,10,1,3,0,0,14,0.7142857142857143
2255,11,1,3,0,0,15,0.7333333333333333
2256,12,2,3,0,0,17,0.7058823529411765
2257,9,3,3,0,0,15,0.6
2258,12,2,3,0,0,17,0.7058823529411765
2259,13,1,3,0,0,17,0.7647058823529411
2260,12,1,3,0,0,16,0.75
2261,12,1,3,0,0,16,0.75
2262,11,2,3,0,0,16,0.6875
2263,9,1,3,0,0,13,0.6923076923076923
2264,11,2,3,0,0,16,0.6875
2265,12,1,3,0,0,16,0.75
2266,11,1,3,0,0,15,0.7333333333333333
2267,9,2,3,0,0,14,0.6428571428571429
2268,9,2,3,0,0,14,0.6428571428571429
2269,11,1,3,0,0,15,0.7333333333333333
2270,9,1,3,0,0,13,0.6923076923076923
2271,10,1,3,0,0,14,0.7142857142857143
2272,11,1,3,0,0,15,0.7333333333333333
2273,11,2,3,0,0,16,0.6875
2274,10,2,3,0,0,15,0.6666666666666666
2275,13,1,3,0,0,17,0.7647058823529411
2276,11,0,3,0,0,14,0.7857142857142857
2277,10,2,3,0,0,15,0.6666666666666666
2278,10,0,3,0,0,13,0.7692307692307693
2279,11,1,3,0,0,15,0.7333333333333333
2280,10,1,3,0,0,14,0.7142857142857143
2281,10,1,3,0,0,14,0.7142857142857143
2282,10,1,3,0,0,14,0.7142857142857143
2283,13,1,3,0,0,17,0.7647058823529411
2284,10,0,3,0,0,13,0.7692307692307693
2285,11,1,3,0,0,15,0.7333333333333333
2286,9,1,3,0,0,13,0.6923076923076923
2287,12,1,3,0,0,16,0.75
2288,11,1,3,0,0,15,0.7333333333333333
2289,10,1,4,0,0,15,0.6666666666666666
2290,13,1,4,0,0,18,0.7222222222222222
2291,11,1,3,0,0,15,0.7333333333333333
2292,12,1,4,0,0,17,0.7058823529411765
2293,11,1,3,0,0,15,0.7333333333333333
2294,12,1,3,0,0,16,0.75
2295,12,2,3,0,0,17,0.7058823529411765
2296,11,1,3,0,0,15,0.7333333333333333
2297,11,1,3,0,0,15,0.7333333333333333
2298,11,1,3,0,0,15,0.7333333333333333
2299,11,1,3,0,0,15,0.7333333333333333
2300,12,2,3,0,0,17,0.7058823529411765
2301,11,1,3,0,0,15,0.7333333333333333
2302,10,2,3,0,0,15,0.6666666666666666
2303,10,2,3,0,0,15,0.6666666666666666
2304,12,3,3,0,0,18,0.6666666666666666
2305,10,1,3,0,0,14,0.7142857142857143
2306,9,3,3,0,0,15,0.6
2307,10,2,3,0,0,15,0.6666666666666666
2308,10,1,3,0,0,14,0.7142857142857143
2309,11,1,3,0,0,15,0.7333333333333333
2310,11,2,3,0,0,16,0.6875
2311,12,1,3,0,0,16,0.75
2312,10,1,3,0,0,14,0.7142857142857143
2313,11,1,3,0,0,15,0.7333333333333333
2314,11,1,3,0,0,15,0.7333333333333333
2315,11,1,3,0,0,15,0.7333333333333333
2316,14,2,3,0,0,19,0.7368421052631579
2317,12,2,3,0,0,17,0.7058823529411765
2318,10,3,3,0,0,16,0.625
2319,11,1,3,0,0,15,0.7333333333333333
2320,10,2,3,0,0,15,0.6666666666666666
2321,9,1,3,0,0,13,0.6923076923076923
2322,10,2,3,0,0,15,0.6666666666666666
2323,11,1,3,0,0,15,0.7333333333333333
2324,12,1,3,0,0,16,0.75
2325,11,1,3,0,0,15,0.7333333333333333
2326,10,1,4,0,0,15,0.6666666666666666
2327,9,1,3,0,0,13,0.6923076923076923
2328,10,3,3,0,0,16,0.625
2329,10,4,3,0,0,17,0.5882352941176471
2330,12,3,2,0,0,17,0.7058823529411765
2331,10,2,2,0,0,14,0.7142857142857143
2332,10,4,1,0,0,15,0.6666666666666666
2333,11,3,2,0,0,16,0.6875
2334,11,3,2,0,0,16,0.6875
2335,9,4,2,0,0,15,0.6
2336,10,4,2,0,0,16,0.625
2337,10,3,2,0,0,15,0.6666666666666666
2338,11,3,2,0,0,16,0.6875
2339,10,2,2,0,0,14,0.7142857142857143
2340,11,3,2,0,0,16,0.6875
2341,10,3,2,0,0,15,0.6666666666666666
2342,11,2,2,0,0,15,0.7333333333333333
2343,9,3,2,0,0,14,0.6428571428571429
2344,10,4,2,0,0,16,0.625
2345,9,3,2,0,0,14,0.6428571428571429
2346,11,3,2,0,0,16,0.6875
2347,11,4,2,0,0,17,0.6470588235294118
2348,10,3,1,0,0,14,0.7142857142857143
2349,10,3,2,0,0,15,0.6666666666666666
2350,10,2,2,0,0,14,0.7142857142857143
2351,11,3,2,0,0,16,0.6875
2352,10,5,2,0,0,17,0.5882352941176471
2353,12,1,3,0,0,16,0.75
2354,10,2,2,0,0,14,0.7142857142857143
2355,11,1,2,0,0,14,0.7857142857142857
2356,10,3,2,0,0,15,0.6666666666666666
2357,11,4,2,0,0,17,0.6470588235294118
2358,10,3,2,0,0,15,0.6666666666666666
2359,12,2,2,0,0,16,0.75
2360,11,3,2,0,0,16,0.6875
2361,10,3,1,0,0,14,0.7142857142857143
2362,12,2,1,0,0,15,0.8
2363,10,3,2,0,0,15,0.6666666666666666
2364,11,2,3,0,0,16,0.6875
2365,9,3,2,0,0,14,0.6428571428571429
2366,10,2,2,0,0,14,0.7142857142857143
2367,12,3,2,0,0,17,0.7058823529411765
2368,11,2,3,0,0,16,0.6875
2369,12,3,2,0,0,17,0.7058823529411765
2370,11,2,1,0,0,14,0.7857142857142857
2371,10,2,2,0,0,14,0.7142857142857143
2372,10,4,2,0,0,16,0.625
2373,11,2,2,0,0,15,0.7333333333333333
2374,11,3,1,0,0,15,0.7333333333333333
2375,10,3,3,0,0,16,0.625
2376,11,3,3,0,0,17,0.6470588235294118
2377,10,2,3,0,0,15,0.6666666666666666
2378,13,2,3,0,0,18,0.7222222222222222
2379,11,2,3,0,0,16,0.6875
2380,10,2,2,0,0,14,0.7142857142857143
2381,11,3,3,0,0,17,0.6470588235294118
2382,11,2,3,0,0,16,0.6875
2383,12,2,3,0,0,17,0.7058823529411765
2384,13,2,3,0,0,18,0.7222222222222222
2385,11,2,3,0,0,16,0.6875
2386,11,2,3,0,0,16,0.6875
2387,10,2,3,0,0,15,0.6666666666666666
2388,11,2,3,0,0,16,0.6875
2389,12,2,3,0,0,17,0.7058823529411765
2390,10,2,3,0,0,15,0.6666666666666666
2391,11,2,3,0,0,16,0.6875
2392,13,2,3,0,0,18,0.7222222222222222
2393,12,2,3,0,0,17,0.7058823529411765
2394,14,2,2,0,0,18,0.7777777777777778
2395,13,3,3,0,0,19,0.6842105263157895
2396,12,2,3,0,0,17,0.7058823529411765
2397,10,2,2,0,0,14,0.7142857142857143
2398,11,2,3,0,0,16,0.6875
2399,9,2,3,0,0,14,0.6428571428571429
2400,10,3,3,0,0,16,0.625
2401,10,3,2,0,0,15,0.6666666666666666
2402,11,1,3,0,0,15,0.7333333333333333
2403,11,2,2,0,0,15,0.7333333333333333
2404,8,1,3,0,0,12,0.6666666666666666
2405,10,4,3,0,0,17,0.5882352941176471
2406,10,2,3,0,0,15,0.6666666666666666
2407,11,3,3,0,0,17,0.6470588235294118
2408,11,2,3,0,0,16,0.6875
2409,10,2,3,0,0,15,0.6666666666666666
2410,11,2,2,0,0,15,0.7333333333333333
2411,9,2,3,0,0,14,0.6428571428571429
2412,10,2,3,0,0,15,0.6666666666666666
2413,10,2,3,0,0,15,0.6666666666666666
2414,9,2,3,0,0,14,0.6428571428571429
2415,10,3,3,0,0,16,0.625
2416,11,2,3,0,0,16,0.6875
2417,10,2,3,0,0,15,0.6666666666666666
2418,11,1,3,0,0,15,0.7333333333333333
2419,11,1,3,0,0,15,0.7333333333333333
2420,11,2,3,0,0,16,0.6875
2421,11,2,3,0,0,16,0.6875
2422,10,2,3,0,0,15,0.6666666666666666
2423,12,2,3,0,0,17,0.7058823529411765
2424,11,4,3,0,0,18,0.6111111111111112
2425,10,3,2,0,0,15,0.6666666666666666
2426,10,3,3,0,0,16,0.625
2427,11,3,3,0,0,17,0.6470588235294118
2428,9,2,3,0,0,14,0.6428571428571429
2429,10,2,3,0,0,15,0.6666666666666666
2430,11,3,3,0,0,17,0.6470588235294118
2431,12,3,3,0,0,18,0.6666666666666666
2432,10,2,3,0,0,15,0.6666666666666666
2433,10,2,3,0,0,15,0.6666666666666666
2434,10,2,3,0,0,15,0.6666666666666666
2435,9,3,3,0,0,15,0.6
2436,10,3,3,0,0,16,0.625
2437,11,2,3,0,0,16,0.6875
2438,12,3,3,0,0,18,0.6666666666666666
2439,10,2,2,0,0,14,0.7142857142857143
2440,10,4,2,0,0,16,0.625
2441,10,3,3,0,0,16,0.625
2442,12,2,2,0,0,16,0.75
2443,11,3,3,0,0,17,0.6470588235294118
2444,11,2,3,0,0,16,0.6875
2445,10,2,3,0,0,15,0.6666666666666666
2446,10,2,2,0,0,14,0.7142857142857143
2447,10,3,3,0,0,16,0.625
2448,12,3,3,0,0,18,0.6666666666666666
2449,11,2,3,0,0,16,0.6875
2450,11,2,3,0,0,16,0.6875
2451,12,3,3,0,0,18,0.6666666666666666
2452,12,4,3,0,0,19,0.631578947368421
2453,10,2,3,0,0,15,0.6666666666666666
2454,12,2,3,0,0,17,0.7058823529411765
2455,12,3,3,0,0,18,0.6666666666666666
2456,12,2,3,0,0,17,0.7058823529411765
2457,11,2,3,0,0,16,0.6875
2458,10,2,3,0,0,15,0.6666666666666666
2459,11,2,2,0,0,15,0.7333333333333333
2460,10,2,3,0,0,15,0.6666666666666666
2461,11,2,3,0,0,16,0.6875
2462,11,2,4,0,0,17,0.6470588235294118
2463,11,2,3,0,0,16,0.6875
2464,12,2,3,0,0,17,0.7058823529411765
2465,13,2,3,0,0,18,0.7222222222222222
2466,12,2,3,0,0,17,0.7058823529411765
2467,12,3,3,0,0,18,0.6666666666666666
2468,12,2,3,0,0,17,0.7058823529411765
2469,11,2,3,0,0,16,0.6875
2470,11,2,3,0,0,16,0.6875
2471,12,2,3,0,0,17,0.7058823529411765
2472,11,2,3,0,0,16,0.6875
2473,12,3,3,0,0,18,0.6666666666666666
2474,11,1,3,0,0,15,0.7333333333333333
2475,10,2,4,0,0,16,0.625
2476,11,3,3,0,0,17,0.6470588235294118
2477,11,2,3,0,0,16,0.6875
2478,11,2,3,0,0,16,0.6875
2479,12,2,3,0,0,17,0.7058823529411765
2480,9,2,3,0,0,14,0.6428571428571429
2481,10,2,3,0,0,15,0.6666666666666666
2482,9,2,3,0,0,14,0.6428571428571429
2483,10,3,3,0,0,16,0.625
2484,11,2,3,0,0,16,0.6875
2485,11,2,3,0,0,16,0.6875
2486,11,2,3,0,0,16,0.6875
2487,13,2,3,0,0,18,0.7222222222222222
2488,9,2,3,0,0,14,0.6428571428571429
2489,10,2,3,0,0,15,0.6666666666666666
2490,10,2,3,0,0,15,0.6666666666666666
2491,11,2,3,0,0,16,0.6875
2492,10,3,3,0,0,16,0.625
2493,11,2,3,0,0,16,0.6875
2494,11,2,3,0,0,16,0.6875
2495,12,2,3,0,0,17,0.7058823529411765
2496,10,2,3,0,0,15,0.6666666666666666
2497,9,2,2,0,0,13,0.6923076923076923
2498,12,1,3,0,0,16,0.75
2499,11,2,3,0,0,16,0.6875
2500,10,2,3,0,0,15,0.6666666666666666
2501,12,3,3,0,0,18,0.6666666666666666
2502,12,3,3,0,0,18,0.6666666666666666
2503,12,2,2,0,0,16,0.75
2504,12,2,2,0,0,16,0.75
2505,13,2,3,0,0,18,0.7222222222222222
2506,11,2,3,0,0,16,0.6875
2507,10,3,3,0,0,16,0.625
2508,12,2,3,0,0,17,0.7058823529411765
2509,10,2,3,0,0,15,0.6666666666666666
2510,10,3,3,0,0,16,0.625
2511,12,2,3,0,0,17,0.7058823529411765
2512,12,2,3,0,0,17,0.7058823529411765
2513,12,2,3,0,0,17,0.7058823529411765
2514,9,3,3,0,0,15,0.6
2515,11,2,3,0,0,16,0.6875
2516,12,3,3,0,0,18,0.6666666666666666
2517,11,2,3,0,0,16,0.6875
2518,11,2,3,0,0,16,0.6875
2519,12,1,2,0,0,15,0.8
2520,11,2,3,0,0,16,0.6875
2521,11,2,3,0,0,16,0.6875
2522,11,2,3,0,0,16,0.6875
2523,11,2,3,0,0,16,0.6875
2524,11,3,3,0,0,17,0.6470588235294118
2525,12,2,3,0,0,17,0.7058823529411765
2526,10,3,3,0,0,16,0.625
2527,11,2,3,0,0,16,0.6875
2528,10,3,3,0,0,16,0.625
2529,13,2,3,0,0,18,0.7222222222222222
2530,12,3,3,0,0,18,0.6666666666666666
2531,11,2,3,0,0,16,0.6875
2532,12,2,3,0,0,17,0.7058823529411765
2533,12,2,3,0,0,17,0.7058823529411765
2534,11,1,3,0,0,15,0.7333333333333333
2535,10,2,3,0,0,15,0.6666666666666666
2536,13,3,3,0,0,19,0.6842105263157895
2537,11,2,3,0,0,16,0.6875
2538,11,3,3,0,0,17,0.6470588235294118
2539,10,2,3,0,0,15,0.6666666666666666
2540,11,3,2,0,0,16,0.6875
2541,11,1,3,0,0,15,0.7333333333333333
2542,12,2,3,0,0,17,0.7058823529411765
2543,9,2,3,0,0,14,0.6428571428571429
2544,11,2,3,0,0,16,0.6875
2545,11,2,3,0,0,16,0.6875
2546,11,2,2,0,0,15,0.7333333333333333
2547,11,3,3,0,0,17,0.6470588235294118
2548,11,3,3,0,0,17,0.6470588235294118
2549,11,4,3,0,0,18,0.6111111111111112
2550,12,3,3,0,0,18,0.6666666666666666
2551,12,3,2,0,0,17,0.7058823529411765
2552,12,2,2,0,0,16,0.75
2553,11,3,3,0,0,17,0.6470588235294118
2554,11,3,3,0,0,17,0.6470588235294118
2555,11,4,3,0,0,18,0.6111111111111112
2556,13,3,3,0,0,19,0.6842105263157895
2557,12,3,3,0,0,18,0.6666666666666666
2558,11,2,2,0,0,15,0.7333333333333333
2559,13,2,3,0,0,18,0.7222222222222222
2560,12,2,3,0,0,17,0.7058823529411765
2561,12,3,3,0,0,18,0.6666666666666666
2562,11,2,3,0,0,16,0.6875
2563,13,2,3,0,0,18,0.7222222222222222
2564,12,2,3,0,0,17,0.7058823529411765
2565,13,2,3,0,0,18,0.7222222222222222
2566,12,3,3,0,0,18,0.6666666666666666
2567,11,1,3,0,0,15,0.7333333333333333
2568,11,3,3,0,0,17,0.6470588235294118
2569,12,2,3,0,0,17,0.7058823529411765
2570,11,2,3,0,0,16,0.6875
2571,10,2,3,0,0,15,0.6666666666666666
2572,11,3,3,0,0,17,0.6470588235294118
2573,11,2,3,0,0,16,0.6875
2574,11,2,3,0,0,16,0.6875
2575,10,2,3,0,0,15,0.6666666666666666
2576,11,2,3,0,0,16,0.6875
2577,11,2,3,0,0,16,0.6875
2578,10,2,3,0,0,15,0.6666666666666666
2579,10,3,3,0,0,16,0.625
2580,11,2,3,0,0,16,0.6875
2581,12,3,3,0,0,18,0.6666666666666666
2582,11,1,3,0,0,15,0.7333333333333333
2583,11,2,3,0,0,16,0.6875
2584,11,3,4,0,0,18,0.6111111111111112
2585,11,3,3,0,0,17,0.6470588235294118
2586,11,1,4,0,0,16,0.6875
2587,11,2,3,0,0,16,0.6875
2588,11,2,3,0,0,16,0.6875
2589,12,2,3,0,0,17,0.7058823529411765
2590,10,3,3,0,0,16,0.625
2591,11,3,3,0,0,17,0.6470588235294118
2592,12,4,3,0,0,19,0.631578947368421
2593,11,2,3,0,0,16,0.6875
2594,13,3,3,0,0,19,0.6842105263157895
2595,11,3,3,0,0,17,0.6470588235294118
2596,11,3,3,0,0,17,0.6470588235294118
2597,11,3,3,0,0,17,0.6470588235294118
2598,11,3,3,0,0,17,0.6470588235294118
2599,11,2,3,0,0,16,0.6875
2600,11,2,2,0,0,15,0.7333333333333333
2601,13,1,3,0,0,17,0.7647058823529411
2602,12,1,3,1,0,17,0.7058823529411765
2603,14,1,3,1,0,19,0.7368421052631579
2604,11,2,3,0,0,16,0.6875
2605,11,1,3,0,0,15,0.7333333333333333
2606,11,2,3,0,0,16,0.6875
2607,12,2,3,0,0,17,0.7058823529411765
2608,11,2,3,0,0,16,0.6875
2609,10,2,3,0,0,15,0.6666666666666666
2610,10,2,3,0,0,15,0.6666666666666666
2611,11,1,3,0,0,15,0.7333333333333333
2612,10,1,3,0,0,14,0.7142857142857143
2613,11,2,3,0,0,16,0.6875
2614,11,3,3,0,0,17,0.6470588235294118
2615,12,3,3,0,0,18,0.6666666666666666
2616,11,4,3,0,0,18,0.6111111111111112
2617,12,4,3,0,0,19,0.631578947368421
2618,12,3,3,0,0,18,0.6666666666666666
2619,12,2,3,0,0,17,0.7058823529411765
2620,12,3,3,0,0,18,0.6666666666666666
2621,13,3,3,0,0,19,0.6842105263157895
2622,12,3,3,0,0,18,0.6666666666666666
2623,12,3,3,0,0,18,0.6666666666666666
2624,12,3,3,0,0,18,0.6666666666666666
2625,11,4,3,0,0,18,0.6111111111111112
2626,12,3,3,0,0,18,0.6666666666666666
2627,11,3,3,0,0,17,0.6470588235294118
2628,12,3,3,0,0,18,0.6666666666666666
2629,12,3,3,0,0,18,0.6666666666666666
2630,11,3,3,0,0,17,0.6470588235294118
2631,11,4,3,0,0,18,0.6111111111111112
2632,11,3,3,0,0,17,0.6470588235294118
2633,12,3,3,0,0,18,0.6666666666666666
2634,11,3,3,0,0,17,0.6470588235294118
2635,12,3,3,0,0,18,0.6666666666666666
2636,11,5,3,0,0,19,0.5789473684210527
2637,12,3,3,0,0,18,0.6666666666666666
2638,11,3,3,0,0,17,0.6470588235294118
2639,10,4,3,0,0,17,0.5882352941176471
2640,13,3,3,0,0,19,0.6842105263157895
2641,10,4,3,0,0,17,0.5882352941176471
2642,11,3,3,0,0,17,0.6470588235294118
2643,11,3,3,0,0,17,0.6470588235294118
2644,13,4,3,0,0,20,0.65
2645,12,4,2,0,0,18,0.6666666666666666
2646,12,3,3,0,0,18,0.6666666666666666
2647,12,3,3,0,0,18,0.6666666666666666
2648,14,3,2,0,0,19,0.7368421052631579
2649,13,1,2,0,0,16,0.8125
2650,13,3,2,0,0,18,0.7222222222222222
2651,12,3,3,0,0,18,0.6666666666666666
2652,11,3,2,0,0,16,0.6875
2653,13,3,3,0,0,19,0.6842105263157895
2654,12,3,3,0,0,18,0.6666666666666666
2655,12,3,3,0,0,18,0.6666666666666666
2656,13,3,3,0,0,19,0.6842105263157895
2657,12,3,2,0,0,17,0.7058823529411765
2658,11,3,3,0,0,17,0.6470588235294118
2659,12,2,3,0,0,17,0.7058823529411765
2660,14,3,3,0,0,20,0.7
2661,11,3,3,0,0,17,0.6470588235294118
2662,12,3,3,0,0,18,0.6666666666666666
2663,12,3,3,0,0,18,0.6666666666666666
2664,14,2,3,0,0,19,0.7368421052631579
2665,12,2,2,0,0,16,0.75
2666,11,2,3,0,0,16,0.6875
2667,9,1,3,0,0,13,0.6923076923076923
2668,12,1,3,0,0,16,0.75
2669,14,2,3,0,0,19,0.7368421052631579
2670,11,2,3,0,0,16,0.6875
2671,12,1,3,0,0,16,0.75
2672,13,1,3,0,0,17,0.7647058823529411
2673,13,1,3,0,0,17,0.7647058823529411
2674,10,1,3,1,0,15,0.6666666666666666
2675,10,2,2,0,0,14,0.7142857142857143
2676,10,2,2,0,0,14,0.7142857142857143
2677,11,3,2,0,0,16,0.6875
2678,10,1,2,0,0,13,0.7692307692307693
2679,12,1,2,0,0,15,0.8
2680,10,3,2,0,0,15,0.6666666666666666
2681,11,1,2,0,0,14,0.7857142857142857
2682,13,2,2,0,0,17,0.7647058823529411
2683,13,1,3,0,0,17,0.7647058823529411
2684,12,1,2,0,0,15,0.8
2685,12,2,2,0,0,16,0.75
2686,12,2,3,0,0,17,0.7058823529411765
2687,10,1,3,0,0,14,0.7142857142857143
2688,11,1,3,0,0,15,0.7333333333333333
2689,11,1,3,0,0,15,0.7333333333333333
2690,11,2,3,0,0,16,0.6875
2691,9,1,4,0,0,14,0.6428571428571429
2692,12,2,3,0,0,17,0.7058823529411765
2693,11,3,3,0,0,17,0.6470588235294118
2694,13,2,3,0,0,18,0.7222222222222222
2695,11,2,3,0,0,16,0.6875
2696,11,2,3,0,0,16,0.6875
2697,11,2,3,0,0,16,0.6875
2698,9,2,3,0,0,14,0.6428571428571429
2699,11,2,3,1,0,17,0.6470588235294118
2700,11,2,3,0,0,16,0.6875
2701,12,1,3,0,0,16,0.75
2702,11,1,3,0,0,15,0.7333333333333333
2703,12,1,3,0,0,16,0.75
2704,10,2,2,0,0,14,0.7142857142857143
2705,11,1,3,0,0,15,0.7333333333333333
2706,12,1,2,0,0,15,0.8
2707,12,1,2,0,0,15,0.8
2708,14,1,2,0,0,17,0.8235294117647058
2709,11,1,2,0,0,14,0.7857142857142857
2710,11,2,2,0,0,15,0.7333333333333333
2711,13,2,2,0,0,17,0.7647058823529411
2712,12,2,2,0,0,16,0.75
2713,13,2,2,0,0,17,0.7647058823529411
2714,14,2,2,0,0,18,0.7777777777777778
2715,12,1,2,0,0,15,0.8
2716,13,1,2,0,0,16,0.8125
2717,12,1,2,0,0,15,0.8
2718,11,1,2,1,0,15,0.7333333333333333
2719,10,2,2,1,0,15,0.6666666666666666
2720,13,1,2,1,0,17,0.7647058823529411
2721,12,2,2,1,0,17,0.7058823529411765
2722,12,1,2,1,0,16,0.75
2723,11,1,2,0,0,14,0.7857142857142857
2724,13,1,2,0,0,16,0.8125
2725,13,3,2,0,0,18,0.7222222222222222
2726,12,2,3,0,0,17,0.7058823529411765
2727,12,2,2,1,0,17,0.7058823529411765
2728,12,2,2,0,0,16,0.75
2729,13,2,2,0,0,17,0.7647058823529411
2730,14,1,2,0,0,17,0.8235294117647058
2731,12,1,2,0,0,15,0.8
2732,13,1,2,0,0,16,0.8125
2733,13,2,2,0,0,17,0.7647058823529411
2734,13,1,2,0,0,16,0.8125
2735,14,1,2,0,0,17,0.8235294117647058
2736,14,1,2,0,0,17,0.8235294117647058
2737,13,3,2,0,0,18,0.7222222222222222
2738,14,1,2,0,0,17,0.8235294117647058
2739,14,1,2,0,0,17,0.8235294117647058
2740,13,2,2,0,0,17,0.7647058823529411
2741,12,1,2,1,0,16,0.75
2742,12,1,2,1,0,16,0.75
2743,13,1,2,1,0,17,0.7647058823529411
2744,11,1,2,1,0,15,0.7333333333333333
2745,11,2,2,0,0,15,0.7333333333333333
2746,11,1,2,1,0,15,0.7333333333333333
2747,12,1,2,1,0,16,0.75
2748,12,1,3,1,0,17,0.7058823529411765
2749,11,2,2,1,0,16,0.6875
2750,12,2,2,1,0,17,0.7058823529411765
2751,11,2,2,0,0,15,0.7333333333333333
2752,11,1,2,0,0,14,0.7857142857142857
2753,12,1,3,0,0,16,0.75
2754,11,2,2,0,0,15,0.7333333333333333
2755,13,1,2,0,0,16,0.8125
2756,14,1,2,1,0,18,0.7777777777777778
2757,12,1,2,0,0,15,0.8
2758,12,1,2,1,0,16,0.75
2759,12,1,2,0,0,15,0.8
2760,13,2,2,1,0,18,0.7222222222222222
2761,13,3,2,1,0,19,0.6842105263157895
2762,13,2,2,0,0,17,0.7647058823529411
2763,13,1,2,1,0,17,0.7647058823529411
2764,13,3,2,1,0,19,0.6842105263157895
2765,14,2,2,0,0,18,0.7777777777777778
2766,11,1,2,1,0,15,0.7333333333333333
2767,13,2,2,0,0,17,0.7647058823529411
2768,12,3,2,1,0,18,0.6666666666666666
2769,12,2,2,1,0,17,0.7058823529411765
2770,12,2,2,1,0,17,0.7058823529411765
2771,11,2,2,0,0,15,0.7333333333333333
2772,14,2,2,0,0,18,0.7777777777777778
2773,12,1,2,1,0,16,0.75
2774,13,1,2,1,0,17,0.7647058823529411
2775,12,2,2,0,0,16,0.75
2776,12,1,2,1,0,16,0.75
2777,14,1,3,1,0,19,0.7368421052631579
2778,11,2,2,0,0,15,0.7333333333333333
2779,12,1,3,1,0,17,0.7058823529411765
2780,13,2,2,1,0,18,0.7222222222222222
2781,11,1,2,0,0,14,0.7857142857142857
2782,12,2,3,0,0,17,0.7058823529411765
2783,12,1,2,1,0,16,0.75
2784,12,1,2,0,0,15,0.8
2785,12,1,3,0,0,16,0.75
2786,12,1,2,0,0,15,0.8
2787,10,2,3,0,0,15,0.6666666666666666
2788,11,1,2,0,0,14,0.7857142857142857
2789,13,2,3,0,0,18,0.7222222222222222
2790,10,1,3,0,0,14,0.7142857142857143
2791,12,3,3,0,0,18,0.6666666666666666
2792,13,3,2,0,0,18,0.7222222222222222
2793,11,2,2,0,0,15,0.7333333333333333
2794,11,3,2,0,0,16,0.6875
2795,13,2,2,0,0,17,0.7647058823529411
2796,13,1,3,1,0,18,0.7222222222222222
2797,10,2,3,0,0,15,0.6666666666666666
2798,13,1,2,1,0,17,0.7647058823529411
2799,11,1,2,0,0,14,0.7857142857142857
2800,12,3,2,0,0,17,0.7058823529411765
2801,12,2,2,0,0,16,0.75
2802,11,1,2,0,0,14,0.7857142857142857
2803,10,1,2,0,0,13,0.7692307692307693
2804,14,2,2,0,0,18,0.7777777777777778
2805,12,2,2,0,0,16,0.75
2806,11,1,2,0,0,14,0.7857142857142857
2807,11,2,2,0,0,15,0.7333333333333333
2808,13,1,3,0,0,17,0.7647058823529411
2809,12,2,2,0,0,16,0.75
2810,12,1,2,0,0,15,0.8
2811,13,2,2,1,0,18,0.7222222222222222
2812,12,1,2,0,0,15,0.8
2813,13,1,2,0,0,16,0.8125
2814,12,1,2,0,0,15,0.8
2815,13,1,2,0,0,16,0.8125
2816,14,1,2,0,0,17,0.8235294117647058
2817,13,2,2,0,0,17,0.7647058823529411
2818,12,2,2,0,0,16,0.75
2819,12,1,2,0,0,15,0.8
2820,12,1,2,0,0,15,0.8
2821,13,1,2,0,0,16,0.8125
2822,13,3,2,0,0,18,0.7222222222222222
2823,13,2,2,0,0,17,0.7647058823529411
2824,13,3,2,0,0,18,0.7222222222222222
2825,12,1,2,0,0,15,0.8
2826,13,1,2,0,0,16,0.8125
2827,13,3,2,0,0,18,0.7222222222222222
2828,14,3,2,0,0,19,0.7368421052631579
2829,11,2,2,0,0,15,0.7333333333333333
2830,12,2,2,0,0,16,0.75
2831,11,2,2,0,0,15,0.7333333333333333
2832,11,2,2,0,0,15,0.7333333333333333
2833,12,3,3,0,0,18,0.6666666666666666
2834,13,3,2,0,0,18,0.7222222222222222
2835,11,3,2,0,0,16,0.6875
2836,11,2,3,0,0,16,0.6875
2837,10,2,3,0,0,15,0.6666666666666666
2838,10,3,2,0,0,15,0.6666666666666666
2839,12,3,2,0,0,17,0.7058823529411765
2840,13,3,2,0,0,18,0.7222222222222222
2841,11,1,3,0,0,15,0.7333333333333333
2842,13,2,2,0,0,17,0.7647058823529411
2843,11,3,2,0,0,16,0.6875
2844,12,3,2,0,0,17,0.7058823529411765
2845,10,2,3,0,0,15,0.6666666666666666
2846,10,1,3,0,0,14,0.7142857142857143
2847,13,3,3,0,0,19,0.6842105263157895
2848,13,2,2,0,0,17,0.7647058823529411
2849,11,2,3,0,0,16,0.6875
2850,11,1,3,0,0,15,0.7333333333333333
2851,11,2,3,0,0,16,0.6875
2852,12,2,3,0,0,17,0.7058823529411765
2853,13,2,2,0,0,17,0.7647058823529411
2854,12,2,2,0,0,16,0.75
2855,11,1,2,0,0,14,0.7857142857142857
2856,11,2,2,0,0,15,0.7333333333333333
2857,12,1,2,0,0,15,0.8
2858,12,2,2,0,0,16,0.75
2859,12,3,2,0,0,17,0.7058823529411765
2860,12,2,2,0,0,16,0.75
2861,13,4,2,0,0,19,0.6842105263157895
2862,13,2,2,0,0,17,0.7647058823529411
2863,11,2,3,0,0,16,0.6875
2864,11,1,2,0,0,14,0.7857142857142857
2865,12,2,2,0,0,16,0.75
2866,11,3,2,0,0,16,0.6875
2867,13,4,2,0,0,19,0.6842105263157895
2868,12,1,2,0,0,15,0.8
2869,12,4,2,0,0,18,0.6666666666666666
2870,12,2,2,0,0,16,0.75
2871,11,2,2,0,0,15,0.7333333333333333
2872,13,1,2,0,0,16,0.8125
2873,12,2,3,0,0,17,0.7058823529411765
2874,10,1,2,0,0,13,0.7692307692307693
2875,12,3,2,0,0,17,0.7058823529411765
2876,13,2,3,0,0,18,0.7222222222222222
2877,13,2,2,0,0,17,0.7647058823529411
2878,13,3,2,0,0,18,0.7222222222222222
2879,12,2,2,0,0,16,0.75
2880,15,1,3,0,0,19,0.7894736842105263
2881,15,1,2,1,0,19,0.7894736842105263
2882,12,1,2,0,0,15,0.8
2883,13,1,2,0,0,16,0.8125
2884,14,2,2,1,0,19,0.7368421052631579
2885,14,1,2,0,0,17,0.8235294117647058
2886,13,2,2,0,0,17,0.7647058823529411
2887,14,2,2,0,0,18,0.7777777777777778
2888,12,3,3,0,0,18,0.6666666666666666
2889,13,2,2,0,0,17,0.7647058823529411
2890,11,1,3,0,0,15,0.7333333333333333
2891,14,2,2,0,0,18,0.7777777777777778
2892,13,3,3,1,0,20,0.65
2893,12,2,2,0,0,16,0.75
2894,13,2,1,0,0,16,0.8125
2895,14,2,2,0,0,18,0.7777777777777778
2896,12,2,2,0,0,16,0.75
2897,12,1,2,0,0,15,0.8
2898,13,1,2,0,0,16,0.8125
2899,14,2,1,0,0,17,0.8235294117647058
2900,14,3,2,0,0,19,0.7368421052631579
2901,12,3,2,0,0,17,0.7058823529411765
2902,11,3,2,0,0,16,0.6875
2903,13,3,2,0,0,18,0.7222222222222222
2904,12,3,2,0,0,17,0.7058823529411765
2905,10,2,2,0,0,14,0.7142857142857143
2906,13,3,2,0,0,18,0.7222222222222222
2907,13,2,2,0,0,17,0.7647058823529411
2908,12,1,3,0,0,16,0.75
2909,13,2,2,0,0,17,0.7647058823529411
2910,12,2,2,0,0,16,0.75
2911,13,2,2,0,0,17,0.7647058823529411
2912,14,2,2,0,0,18,0.7777777777777778
2913,10,2,3,0,0,15,0.6666666666666666
2914,11,2,2,0,0,15,0.7333333333333333
2915,11,1,2,0,0,14,0.7857142857142857
2916,13,3,2,0,0,18,0.7222222222222222
2917,14,2,1,0,0,17,0.8235294117647058
2918,10,4,2,0,0,16,0.625
2919,12,3,2,0,0,17,0.7058823529411765
2920,10,3,2,0,0,15,0.6666666666666666
2921,11,2,3,0,0,16,0.6875
2922,12,2,2,0,0,16,0.75
2923,12,3,2,0,0,17,0.7058823529411765
2924,11,2,2,0,0,15,0.7333333333333333
2925,12,1,2,0,0,15,0.8
2926,11,3,2,0,0,16,0.6875
2927,13,2,2,0,0,17,0.7647058823529411
2928,12,3,2,0,0,17,0.7058823529411765
2929,13,2,2,0,0,17,0.7647058823529411
2930,13,2,3,0,0,18,0.7222222222222222
2931,12,1,2,0,0,15,0.8
2932,13,2,3,0,0,18,0.7222222222222222
2933,9,2,2,0,0,13,0.6923076923076923
2934,12,2,2,0,0,16,0.75
2935,12,2,2,0,0,16,0.75
2936,12,2,2,0,0,16,0.75
2937,13,3,3,0,0,19,0.6842105263157895
2938,12,1,3,0,0,16,0.75
2939,13,3,2,0,0,18,0.7222222222222222
2940,12,2,2,0,0,16,0.75
2941,12,3,2,0,0,17,0.7058823529411765
2942,11,1,2,0,0,14,0.7857142857142857
2943,13,2,3,0,0,18,0.7222222222222222
2944,12,2,3,0,0,17,0.7058823529411765
2945,11,3,2,0,0,16,0.6875
2946,12,2,1,0,0,15,0.8
2947,12,2,2,0,0,16,0.75
2948,11,3,2,0,0,16,0.6875
2949,11,1,2,0,0,14,0.7857142857142857
2950,10,3,2,0,0,15,0.6666666666666666
2951,13,2,3,0,0,18,0.7222222222222222
2952,10,2,2,0,0,14,0.7142857142857143
2953,12,1,2,0,0,15,0.8
2954,11,2,2,0,0,15,0.7333333333333333
2955,11,2,2,0,0,15,0.7333333333333333
2956,10,2,3,0,0,15,0.6666666666666666
2957,14,3,2,0,0,19,0.7368421052631579
2958,11,1,3,0,0,15,0.7333333333333333
2959,12,3,3,0,0,18,0.6666666666666666
2960,12,2,4,0,0,18,0.6666666666666666
2961,12,1,3,0,0,16,0.75
2962,13,2,2,0,0,17,0.7647058823529411
2963,10,1,3,0,0,14,0.7142857142857143
2964,12,2,2,0,0,16,0.75
2965,13,2,2,0,0,17,0.7647058823529411
2966,11,2,2,0,0,15,0.7333333333333333
2967,12,3,2,0,0,17,0.7058823529411765
2968,11,1,2,0,0,14,0.7857142857142857
2969,11,2,3,0,0,16,0.6875
2970,11,1,2,0,0,14,0.7857142857142857
2971,11,2,2,0,0,15,0.7333333333333333
2972,11,2,2,0,0,15,0.7333333333333333
2973,11,2,2,0,0,15,0.7333333333333333
2974,11,1,2,0,0,14,0.7857142857142857
2975,12,2,2,0,0,16,0.75
2976,12,3,2,0,0,17,0.7058823529411765
2977,12,2,2,0,0,16,0.75
2978,13,2,3,0,0,18,0.7222222222222222
2979,13,3,2,0,0,18,0.7222222222222222
2980,12,2,2,0,0,16,0.75
2981,12,2,2,0,0,16,0.75
2982,12,2,2,0,0,16,0.75
2983,13,1,2,0,0,16,0.8125
2984,12,3,3,0,0,18,0.6666666666666666
2985,10,2,3,0,0,15,0.6666666666666666
2986,11,3,3,0,0,17,0.6470588235294118
2987,11,3,2,0,0,16,0.6875
2988,13,3,3,0,0,19,0.6842105263157895
2989,12,2,2,0,0,16,0.75
2990,11,2,2,0,0,15,0.7333333333333333
2991,11,2,3,0,0,16,0.6875
2992,12,2,3,0,0,17,0.7058823529411765
2993,13,3,3,0,0,19,0.6842105263157895
2994,10,2,2,0,0,14,0.7142857142857143
2995,12,2,2,0,0,16,0.75
2996,12,2,2,0,0,16,0.75
2997,12,2,2,0,0,16,0.75
2998,13,2,3,0,0,18,0.7222222222222222
2999,13,2,2,0,0,17,0.7647058823529411
3000,12,2,2,0,0,16,0.75
3001,10,2,2,0,0,14,0.7142857142857143
3002,11,2,2,0,0,15,0.7333333333333333
3003,11,2,3,0,0,16,0.6875
3004,10,2,2,0,0,14,0.7142857142857143
3005,12,3,2,0,0,17,0.7058823529411765
3006,12,3,2,0,0,17,0.7058823529411765
3007,11,3,2,0,0,16,0.6875
3008,11,2,2,0,0,15,0.7333333333333333
3009,12,2,2,0,0,16,0.75
3010,13,2,2,0,0,17,0.7647058823529411
3011,13,2,2,0,0,17,0.7647058823529411
3012,11,2,2,0,0,15,0.7333333333333333
3013,11,2,2,0,0,15,0.7333333333333333
3014,13,2,2,0,0,17,0.7647058823529411
3015,12,3,2,0,0,17,0.7058823529411765
3016,11,3,2,0,0,16,0.6875
3017,10,3,2,0,0,15,0.6666666666666666
3018,11,3,2,0,0,16,0.6875
3019,13,3,2,0,0,18,0.7222222222222222
3020,10,3,2,0,0,15,0.6666666666666666
3021,12,3,2,0,0,17,0.7058823529411765
3022,13,3,2,0,0,18,0.7222222222222222
3023,10,2,2,0,0,14,0.7142857142857143
3024,12,2,2,0,0,16,0.75
3025,10,3,2,0,0,15,0.6666666666666666
3026,11,3,2,0,0,16,0.6875
3027,12,3,2,0,0,17,0.7058823529411765
3028,13,2,2,0,0,17,0.7647058823529411
3029,11,2,2,0,0,15,0.7333333333333333
3030,10,2,2,0,0,14,0.7142857142857143
3031,11,2,2,0,0,15,0.7333333333333333
3032,11,2,2,0,0,15,0.7333333333333333
3033,10,2,2,0,0,14,0.7142857142857143
3034,12,2,2,0,0,16,0.75
3035,12,2,2,0,0,16,0.75
3036,11,2,2,0,0,15,0.7333333333333333
3037,12,2,2,0,0,16,0.75
3038,14,3,2,0,0,19,0.7368421052631579
3039,11,3,2,0,0,16,0.6875
3040,12,4,2,0,0,18,0.6666666666666666
3041,11,1,2,0,0,14,0.7857142857142857
3042,13,1,3,0,0,17,0.7647058823529411
3043,12,1,4,0,0,17,0.7058823529411765
3044,13,0,4,0,0,17,0.7647058823529411
3045,12,2,4,0,0,18,0.6666666666666666
3046,11,2,3,0,0,16,0.6875
3047,14,2,2,0,0,18,0.7777777777777778
3048,12,3,3,0,0,18,0.6666666666666666
3049,12,1,2,0,0,15,0.8
3050,13,2,2,0,0,17,0.7647058823529411
3051,13,2,2,0,0,17,0.7647058823529411
3052,14,2,3,0,0,19,0.7368421052631579
3053,13,2,3,0,0,18,0.7222222222222222
3054,11,2,2,0,0,15,0.7333333333333333
3055,14,1,3,0,0,18,0.7777777777777778
3056,11,1,4,0,0,16,0.6875
3057,12,1,3,0,0,16,0.75
3058,12,1,4,0,0,17,0.7058823529411765
3059,11,1,4,0,0,16,0.6875
3060,13,0,3,0,0,16,0.8125
3061,13,2,4,0,0,19,0.6842105263157895
3062,12,1,4,0,0,17,0.7058823529411765
3063,12,1,4,0,0,17,0.7058823529411765
3064,11,2,3,0,0,16,0.6875
3065,10,1,3,0,0,14,0.7142857142857143
3066,12,2,3,0,0,17,0.7058823529411765
3067,13,3,2,0,0,18,0.7222222222222222
3068,11,4,2,0,0,17,0.6470588235294118
3069,12,3,2,0,0,17,0.7058823529411765
3070,12,1,2,0,0,15,0.8
3071,12,0,4,0,0,16,0.75
3072,10,2,4,0,0,16,0.625
3073,11,1,4,0,0,16,0.6875
3074,12,1,4,0,0,17,0.7058823529411765
3075,12,1,5,0,0,18,0.6666666666666666
3076,12,1,4,0,0,17,0.7058823529411765
3077,14,1,3,0,0,18,0.7777777777777778
3078,13,1,4,0,0,18,0.7222222222222222
3079,14,0,5,0,0,19,0.7368421052631579
3080,12,0,4,0,0,16,0.75
3081,11,1,5,0,0,17,0.6470588235294118
3082,11,0,5,0,0,16,0.6875
3083,13,0,5,0,0,18,0.7222222222222222
3084,13,1,3,0,0,17,0.7647058823529411
3085,13,0,4,0,0,17,0.7647058823529411
3086,12,0,4,0,0,16,0.75
3087,12,0,4,0,0,16,0.75
3088,14,0,4,0,0,18,0.7777777777777778
3089,13,1,4,0,0,18,0.7222222222222222
3090,15,0,4,0,0,19,0.7894736842105263
3091,11,0,4,0,0,15,0.7333333333333333
3092,14,1,3,0,0,18,0.7777777777777778
3093,15,1,4,0,0,20,0.75
3094,13,1,4,0,0,18,0.7222222222222222
3095,14,3,3,0,0,20,0.7
3096,15,0,3,0,0,18,0.8333333333333334
3097,11,1,5,0,0,17,0.6470588235294118
3098,13,1,3,0,0,17,0.7647058823529411
3099,14,0,3,0,0,17,0.8235294117647058
3100,13,0,4,0,0,17,0.7647058823529411
3101,12,0,4,0,0,16,0.75
3102,13,0,4,0,0,17,0.7647058823529411
3103,12,0,5,0,0,17,0.7058823529411765
3104,13,0,4,0,0,17,0.7647058823529411
3105,13,0,3,0,0,16,0.8125
3106,13,0,4,0,0,17,0.7647058823529411
3107,13,0,5,0,0,18,0.7222222222222222
3108,13,0,5,0,0,18,0.7222222222222222
3109,12,0,4,0,0,16,0.75
3110,13,0,4,1,0,18,0.7222222222222222
3111,13,1,4,0,0,18,0.7222222222222222
3112,13,0,4,0,0,17,0.7647058823529411
3113,12,1,4,0,0,17,0.7058823529411765
3114,11,0,4,0,0,15,0.7333333333333333
3115,12,0,4,0,0,16,0.75
3116,13,1,3,0,0,17,0.7647058823529411
3117,13,1,5,0,0,19,0.6842105263157895
3118,9,1,4,0,0,14,0.6428571428571429
3119,13,0,5,0,0,18,0.7222222222222222
3120,12,0,5,0,0,17,0.7058823529411765
3121,15,0,4,0,0,19,0.7894736842105263
3122,12,1,5,0,0,18,0.6666666666666666
3123,12,1,5,0,0,18,0.6666666666666666
3124,12,0,4,1,0,17,0.7058823529411765
3125,13,0,3,1,0,17,0.7647058823529411
3126,15,0,3,1,0,19,0.7894736842105263
3127,13,0,3,0,0,16,0.8125
3128,13,1,3,0,0,17,0.7647058823529411
3129,12,0,4,1,0,17,0.7058823529411765
3130,15,1,4,0,0,20,0.75
3131,14,0,3,0,0,17,0.8235294117647058
3132,15,0,3,1,0,19,0.7894736842105263
3133,14,0,3,1,0,18,0.7777777777777778
3134,13,0,3,0,0,16,0.8125
3135,13,1,3,1,0,18,0.7222222222222222
3136,14,0,5,1,0,20,0.7
3137,13,1,5,0,0,19,0.6842105263157895
3138,13,1,4,1,0,19,0.6842105263157895
3139,12,0,3,1,0,16,0.75
3140,13,0,5,1,0,19,0.6842105263157895
3141,13,0,4,1,0,18,0.7222222222222222
3142,11,1,3,1,0,16,0.6875
3143,14,0,3,1,0,18,0.7777777777777778
3144,13,0,4,0,0,17,0.7647058823529411
3145,16,0,3,1,0,20,0.8
3146,16,1,3,0,0,20,0.8
3147,14,0,3,1,0,18,0.7777777777777778
3148,14,0,3,0,0,17,0.8235294117647058
3149,13,0,3,0,0,16,0.8125
3150,15,0,3,0,0,18,0.8333333333333334
3151,14,1,3,0,0,18,0.7777777777777778
3152,15,0,4,0,0,19,0.7894736842105263
3153,15,2,4,0,0,21,0.7142857142857143
3154,15,1,3,0,0,19,0.7894736842105263
3155,13,2,4,1,0,20,0.65
3156,13,1,0,0,0,14,0.9285714285714286
3157,12,1,1,0,0,14,0.8571428571428571
3158,14,1,3,0,0,18,0.7777777777777778
3159,13,2,1,0,0,16,0.8125
3160,11,2,1,0,0,14,0.7857142857142857
3161,13,3,0,0,0,16,0.8125
3162,13,3,0,0,0,16,0.8125
3163,13,2,0,0,0,15,0.8666666666666667
3164,14,2,0,0,0,16,0.875
3165,14,1,2,0,0,17,0.8235294117647058
3166,14,1,3,0,0,18,0.7777777777777778
3167,13,2,1,0,0,16,0.8125
3168,15,1,1,0,0,17,0.8823529411764706
3169,13,2,0,0,0,15,0.8666666666666667
3170,12,2,1,0,0,15,0.8
3171,13,3,0,0,0,16,0.8125
3172,14,2,0,0,0,16,0.875
3173,15,3,0,0,0,18,0.8333333333333334
3174,12,3,0,0,0,15,0.8
3175,13,2,1,0,0,16,0.8125
3176,13,3,1,0,0,17,0.7647058823529411
3177,13,2,1,0,0,16,0.8125
3178,11,1,1,0,0,13,0.8461538461538461
3179,12,3,0,0,0,15,0.8
3180,10,3,1,0,0,14,0.7142857142857143
3181,12,3,0,0,0,15,0.8
3182,15,3,0,0,0,18,0.8333333333333334
3183,13,3,0,0,0,16,0.8125
3184,14,3,0,0,0,17,0.8235294117647058
3185,13,3,0,0,0,16,0.8125
3186,14,3,0,0,0,17,0.8235294117647058
3187,14,3,1,0,0,18,0.7777777777777778
3188,13,3,0,0,0,16,0.8125
3189,14,3,1,0,0,18,0.7777777777777778
3190,15,3,0,0,0,18,0.8333333333333334
3191,12,3,1,0,0,16,0.75
3192,14,3,0,0,0,17,0.8235294117647058
3193,11,3,1,0,0,15,0.7333333333333333
3194,14,3,0,0,0,17,0.8235294117647058
3195,14,3,0,0,0,17,0.8235294117647058
3196,14,3,0,0,0,17,0.8235294117647058
3197,11,3,1,0,0,15,0.7333333333333333
3198,13,3,1,0,0,17,0.7647058823529411
3199,13,2,1,0,0,16,0.8125
3200,12,2,1,0,0,15,0.8
3201,13,3,0,0,0,16,0.8125
3202,13,3,1,0,0,17,0.7647058823529411
3203,12,3,1,0,0,16,0.75
3204,13,3,1,0,0,17,0.7647058823529411
3205,13,3,1,0,0,17,0.7647058823529411
3206,13,3,2,0,0,18,0.7222222222222222
3207,13,3,1,0,0,17,0.7647058823529411
3208,13,3,1,0,0,17,0.7647058823529411
3209,11,2,1,0,0,14,0.7857142857142857
3210,12,3,2,0,0,17,0.7058823529411765
3211,11,3,2,0,0,16,0.6875
3212,13,3,2,0,0,18,0.7222222222222222
3213,14,3,1,0,0,18,0.7777777777777778
3214,14,3,1,0,0,18,0.7777777777777778
3215,13,2,1,0,0,16,0.8125
3216,15,3,1,0,0,19,0.7894736842105263
3217,11,3,2,0,0,16,0.6875
3218,13,4,2,0,0,19,0.6842105263157895
3219,14,2,1,0,0,17,0.8235294117647058
3220,13,4,1,0,0,18,0.7222222222222222
3221,14,3,0,0,0,17,0.8235294117647058
3222,11,3,0,0,0,14,0.7857142857142857
3223,13,2,1,0,0,16,0.8125
3224,14,4,0,0,0,18,0.7777777777777778
3225,14,3,0,0,0,17,0.8235294117647058
3226,13,2,0,0,0,15,0.8666666666666667
3227,15,4,0,0,0,19,0.7894736842105263
3228,14,3,2,0,0,19,0.7368421052631579
3229,12,3,1,0,0,16,0.75
3230,14,3,0,0,0,17,0.8235294117647058
3231,14,3,2,0,0,19,0.7368421052631579
3232,15,3,0,0,0,18,0.8333333333333334
3233,12,2,2,0,0,16,0.75
3234,14,3,2,0,0,19,0.7368421052631579
3235,15,3,1,0,0,19,0.7894736842105263
3236,14,3,2,0,0,19,0.7368421052631579
3237,13,3,1,0,0,17,0.7647058823529411
3238,13,3,1,0,0,17,0.7647058823529411
3239,14,3,2,0,0,19,0.7368421052631579
3240,14,2,3,0,0,19,0.7368421052631579
3241,14,3,2,0,0,19,0.7368421052631579
3242,14,3,2,0,0,19,0.7368421052631579
3243,14,3,2,0,0,19,0.7368421052631579
3244,14,3,2,0,0,19,0.7368421052631579
3245,14,3,0,0,0,17,0.8235294117647058
3246,13,3,1,0,0,17,0.7647058823529411
3247,14,3,0,0,0,17,0.8235294117647058
3248,15,3,1,0,0,19,0.7894736842105263
3249,13,3,1,0,0,17,0.7647058823529411
3250,14,4,1,0,0,19,0.7368421052631579
3251,14,3,0,0,0,17,0.8235294117647058
3252,15,3,1,0,0,19,0.7894736842105263
3253,15,3,0,0,0,18,0.8333333333333334
3254,13,3,0,0,0,16,0.8125
3255,15,3,1,0,0,19,0.7894736842105263
3256,14,3,0,0,0,17,0.8235294117647058
3257,11,3,2,0,0,16,0.6875
3258,14,3,1,0,0,18,0.7777777777777778
3259,13,4,0,0,0,17,0.7647058823529411
3260,12,3,0,0,0,15,0.8
3261,13,3,2,0,0,18,0.7222222222222222
3262,13,3,0,0,0,16,0.8125
3263,13,3,0,0,0,16,0.8125
3264,11,3,1,0,0,15,0.7333333333333333
3265,15,3,0,0,0,18,0.8333333333333334
3266,11,3,1,0,0,15,0.7333333333333333
3267,12,3,0,0,0,15,0.8
3268,13,3,1,0,0,17,0.7647058823529411
3269,12,3,0,0,0,15,0.8
3270,12,3,0,0,0,15,0.8
3271,13,3,1,0,0,17,0.7647058823529411
3272,12,3,0,0,0,15,0.8
3273,12,3,0,0,0,15,0.8
3274,11,3,0,0,0,14,0.7857142857142857
3275,15,2,0,0,0,17,0.8823529411764706
3276,13,3,1,1,0,18,0.7222222222222222
3277,13,3,0,0,0,16,0.8125
3278,12,3,0,1,0,16,0.75
3279,13,4,0,0,0,17,0.7647058823529411
3280,14,3,0,0,0,17,0.8235294117647058
3281,14,3,0,0,0,17,0.8235294117647058
3282,13,3,0,0,0,16,0.8125
3283,12,3,0,0,0,15,0.8
3284,14,3,0,0,0,17,0.8235294117647058
3285,11,3,0,0,0,14,0.7857142857142857
3286,12,3,0,0,0,15,0.8
3287,14,3,0,0,0,17,0.8235294117647058
3288,13,2,0,0,0,15,0.8666666666666667
3289,12,4,0,0,0,16,0.75
3290,14,3,0,0,0,17,0.8235294117647058
3291,12,3,1,0,0,16,0.75
3292,13,2,1,0,0,16,0.8125
3293,15,3,0,0,0,18,0.8333333333333334
3294,13,3,1,0,0,17,0.7647058823529411
3295,12,3,1,0,0,16,0.75
3296,13,3,1,0,0,17,0.7647058823529411
3297,16,3,1,0,0,20,0.8
3298,11,3,1,0,0,15,0.7333333333333333
3299,13,3,1,0,0,17,0.7647058823529411
3300,12,3,1,0,0,16,0.75
3301,14,2,1,0,0,17,0.8235294117647058
3302,13,3,1,0,0,17,0.7647058823529411
3303,12,3,1,0,0,16,0.75
3304,13,3,1,0,0,17,0.7647058823529411
3305,13,3,1,0,0,17,0.7647058823529411
3306,13,3,1,0,0,17,0.7647058823529411
3307,13,3,1,0,0,17,0.7647058823529411
3308,12,3,1,0,0,16,0.75
3309,12,2,1,0,0,15,0.8
3310,14,3,1,0,0,18,0.7777777777777778
3311,14,3,1,0,0,18,0.7777777777777778
3312,15,3,1,0,0,19,0.7894736842105263
3313,13,3,1,0,0,17,0.7647058823529411
3314,14,3,1,0,0,18,0.7777777777777778
3315,15,3,2,0,0,20,0.75
3316,15,2,1,0,0,18,0.8333333333333334
3317,14,2,1,0,0,17,0.8235294117647058
3318,14,3,1,0,0,18,0.7777777777777778
3319,12,3,0,0,0,15,0.8
3320,12,3,1,0,0,16,0.75
3321,13,3,1,0,0,17,0.7647058823529411
3322,13,3,2,0,0,18,0.7222222222222222
3323,12,3,1,0,0,16,0.75
3324,12,2,2,0,0,16,0.75
3325,13,1,2,0,0,16,0.8125
3326,10,1,2,0,0,13,0.7692307692307693
3327,13,3,2,0,0,18,0.7222222222222222
3328,16,2,2,0,0,20,0.8
3329,14,3,1,0,0,18,0.7777777777777778
3330,12,2,1,0,0,15,0.8
3331,13,3,1,0,0,17,0.7647058823529411
3332,15,3,1,0,0,19,0.7894736842105263
3333,13,3,1,0,0,17,0.7647058823529411
3334,13,3,1,0,0,17,0.7647058823529411
3335,15,2,1,0,0,18,0.8333333333333334
3336,12,3,1,0,0,16,0.75
3337,14,3,2,0,0,19,0.7368421052631579
3338,13,3,1,0,0,17,0.7647058823529411
3339,15,1,1,0,0,17,0.8823529411764706
3340,15,3,1,0,0,19,0.7894736842105263
3341,14,3,1,0,0,18,0.7777777777777778
3342,13,3,1,0,0,17,0.7647058823529411
3343,14,2,1,0,0,17,0.8235294117647058
3344,12,3,1,0,0,16,0.75
3345,14,3,2,0,0,19,0.7368421052631579
3346,12,3,1,0,0,16,0.75
3347,12,3,1,0,0,16,0.75
3348,11,3,1,0,0,15,0.7333333333333333
3349,13,3,1,0,0,17,0.7647058823529411
3350,12,3,1,0,0,16,0.75
3351,12,3,1,0,0,16,0.75
3352,14,3,1,0,0,18,0.7777777777777778
3353,13,3,1,0,0,17,0.7647058823529411
3354,13,3,1,0,0,17,0.7647058823529411
3355,11,3,1,0,0,15,0.7333333333333333
3356,13,3,1,0,0,17,0.7647058823529411
3357,14,3,1,0,0,18,0.7777777777777778
3358,13,3,1,0,0,17,0.7647058823529411
3359,14,3,1,0,0,18,0.7777777777777778
3360,15,3,1,0,0,19,0.7894736842105263
3361,16,3,1,0,0,20,0.8
3362,14,3,1,0,0,18,0.7777777777777778
3363,12,3,1,0,0,16,0.75
3364,14,3,1,0,0,18,0.7777777777777778
3365,14,3,1,0,0,18,0.7777777777777778
3366,12,4,2,0,0,18,0.6666666666666666
3367,15,3,2,0,0,20,0.75
3368,15,3,1,0,0,19,0.7894736842105263
3369,14,3,1,0,0,18,0.7777777777777778
3370,15,2,1,0,0,18,0.8333333333333334
3371,15,2,1,0,0,18,0.8333333333333334
3372,12,3,1,0,0,16,0.75
3373,14,3,1,0,0,18,0.7777777777777778
3374,14,3,1,0,0,18,0.7777777777777778
3375,14,3,1,0,0,18,0.7777777777777778
3376,15,3,1,0,0,19,0.7894736842105263
3377,15,3,1,0,0,19,0.7894736842105263
3378,14,3,0,0,0,17,0.8235294117647058
3379,15,3,0,0,0,18,0.8333333333333334
3380,14,3,0,0,0,17,0.8235294117647058
3381,11,3,1,0,0,15,0.7333333333333333
3382,15,3,0,0,0,18,0.8333333333333334
3383,14,3,1,0,0,18,0.7777777777777778
3384,13,3,1,0,0,17,0.7647058823529411
3385,15,3,0,0,0,18,0.8333333333333334
3386,13,2,1,0,0,16,0.8125
3387,13,3,0,0,0,16,0.8125
3388,13,3,1,0,0,17,0.7647058823529411
3389,13,3,1,0,0,17,0.7647058823529411
3390,15,2,1,0,0,18,0.8333333333333334
3391,13,3,2,0,0,18,0.7222222222222222
3392,14,3,0,0,0,17,0.8235294117647058
3393,15,3,0,0,0,18,0.8333333333333334
3394,13,3,0,0,0,16,0.8125
3395,13,3,1,0,0,17,0.7647058823529411
3396,14,3,0,0,0,17,0.8235294117647058
3397,13,3,1,0,0,17,0.7647058823529411
3398,13,3,0,0,0,16,0.8125
3399,13,3,1,0,0,17,0.7647058823529411
3400,12,3,1,0,0,16,0.75
3401,12,1,2,0,0,15,0.8
3402,14,2,2,0,0,18,0.7777777777777778
3403,12,2,4,0,0,18,0.6666666666666666
3404,14,1,4,0,0,19,0.7368421052631579
3405,12,2,2,0,0,16,0.75
3406,14,2,4,0,0,20,0.7
3407,12,1,3,0,0,16,0.75
3408,12,0,4,0,0,16,0.75
3409,15,2,3,0,0,20,0.75
3410,15,0,3,0,0,18,0.8333333333333334
3411,12,1,1,0,0,14,0.8571428571428571
3412,12,1,3,0,0,16,0.75
3413,14,2,2,0,0,18,0.7777777777777778
3414,13,0,2,0,0,15,0.8666666666666667
3415,15,1,3,0,0,19,0.7894736842105263
3416,13,1,2,0,0,16,0.8125
3417,14,0,3,0,0,17,0.8235294117647058
3418,15,3,3,0,0,21,0.7142857142857143
3419,16,1,3,0,0,20,0.8
3420,14,1,3,0,0,18,0.7777777777777778
3421,13,1,3,0,0,17,0.7647058823529411
3422,14,1,2,0,0,17,0.8235294117647058
3423,11,1,3,0,0,15,0.7333333333333333
3424,14,1,3,0,0,18,0.7777777777777778
3425,14,0,3,0,0,17,0.8235294117647058
3426,15,1,2,0,0,18,0.8333333333333334
3427,13,2,2,0,0,17,0.7647058823529411
3428,14,1,2,0,0,17,0.8235294117647058
3429,14,3,3,0,0,20,0.7
3430,14,2,2,0,0,18,0.7777777777777778
3431,13,2,1,0,0,16,0.8125
3432,15,2,1,0,0,18,0.8333333333333334
3433,14,2,3,0,0,19,0.7368421052631579
3434,14,1,3,0,0,18,0.7777777777777778
3435,12,1,3,0,0,16,0.75
3436,15,0,3,0,0,18,0.8333333333333334
3437,14,0,2,0,0,16,0.875
3438,12,0,2,0,0,14,0.8571428571428571
3439,15,1,2,0,0,18,0.8333333333333334
3440,13,3,2,0,0,18,0.7222222222222222
3441,13,2,1,0,0,16,0.8125
3442,15,0,4,0,0,19,0.7894736842105263
3443,15,2,2,0,0,19,0.7894736842105263
3444,15,1,3,0,0,19,0.7894736842105263
3445,14,0,3,0,0,17,0.8235294117647058
3446,14,0,2,0,0,16,0.875
3447,15,2,1,0,0,18,0.8333333333333334
3448,15,0,3,0,0,18,0.8333333333333334
3449,14,0,3,0,0,17,0.8235294117647058
3450,14,3,3,0,0,20,0.7
3451,16,1,3,0,0,20,0.8
3452,14,2,1,0,0,17,0.8235294117647058
3453,14,1,3,0,0,18,0.7777777777777778
3454,13,1,3,0,0,17,0.7647058823529411
3455,13,1,3,0,0,17,0.7647058823529411
3456,14,1,3,0,0,18,0.7777777777777778
3457,13,0,3,0,0,16,0.8125
3458,15,0,3,0,0,18,0.8333333333333334
3459,14,3,3,0,0,20,0.7
3460,16,0,2,0,0,18,0.8888888888888888
3461,13,1,2,0,0,16,0.8125
3462,15,1,2,0,0,18,0.8333333333333334
3463,16,1,1,0,0,18,0.8888888888888888
3464,14,1,3,0,0,18,0.7777777777777778
3465,14,1,4,0,0,19,0.7368421052631579
3466,13,0,1,0,0,14,0.9285714285714286
3467,14,2,3,0,0,19,0.7368421052631579
3468,12,3,3,0,0,18,0.6666666666666666
3469,14,1,3,0,0,18,0.7777777777777778
3470,12,1,3,0,0,16,0.75
3471,15,1,3,0,0,19,0.7894736842105263
3472,16,1,2,0,0,19,0.8421052631578947
3473,16,2,3,0,0,21,0.7619047619047619
3474,13,1,2,0,0,16,0.8125
3475,14,2,2,0,0,18,0.7777777777777778
3476,14,2,3,0,0,19,0.7368421052631579
3477,14,1,3,0,0,18,0.7777777777777778
3478,13,1,2,0,0,16,0.8125
3479,15,2,3,0,0,20,0.75
3480,14,2,4,0,0,20,0.7
3481,15,3,3,0,0,21,0.7142857142857143
3482,14,2,2,0,0,18,0.7777777777777778
3483,13,0,2,0,0,15,0.8666666666666667
3484,14,1,2,0,0,17,0.8235294117647058
3485,17,0,3,0,0,20,0.85
3486,14,2,1,0,0,17,0.8235294117647058
3487,15,1,1,0,0,17,0.8823529411764706
3488,15,0,2,0,0,17,0.8823529411764706
3489,14,1,2,0,0,17,0.8235294117647058
3490,14,1,1,0,0,16,0.875
3491,14,2,2,0,0,18,0.7777777777777778
3492,16,2,1,0,0,19,0.8421052631578947
3493,15,2,1,0,0,18,0.8333333333333334
3494,13,1,1,0,0,15,0.8666666666666667
3495,17,2,2,0,0,21,0.8095238095238095
3496,14,2,1,0,0,17,0.8235294117647058
3497,17,2,1,0,0,20,0.85
3498,16,2,1,0,0,19,0.8421052631578947
3499,16,1,2,0,0,19,0.8421052631578947
3500,15,2,1,0,0,18,0.8333333333333334
3501,15,1,1,0,0,17,0.8823529411764706
3502,14,1,2,0,0,17,0.8235294117647058
3503,14,2,2,0,0,18,0.7777777777777778
3504,13,2,2,0,0,17,0.7647058823529411
3505,15,3,2,0,0,20,0.75
3506,14,2,2,0,0,18,0.7777777777777778
3507,15,1,2,0,0,18,0.8333333333333334
3508,16,2,2,0,0,20,0.8
3509,16,1,2,0,0,19,0.8421052631578947
3510,17,1,2,0,0,20,0.85
3511,15,1,1,0,0,17,0.8823529411764706
3512,13,2,2,0,0,17,0.7647058823529411
3513,14,1,1,0,0,16,0.875
3514,15,2,2,0,0,19,0.7894736842105263
3515,13,2,2,0,0,17,0.7647058823529411
3516,14,2,1,0,0,17,0.8235294117647058
3517,16,2,2,0,0,20,0.8
3518,16,1,2,0,0,19,0.8421052631578947
3519,15,1,1,0,0,17,0.8823529411764706
3520,12,1,2,0,0,15,0.8
3521,15,2,2,0,0,19,0.7894736842105263
3522,14,1,2,0,0,17,0.8235294117647058
3523,16,1,1,0,0,18,0.8888888888888888
3524,15,1,2,0,0,18,0.8333333333333334
3525,14,1,1,0,0,16,0.875
3526,15,1,2,0,0,18,0.8333333333333334
3527,16,1,2,0,0,19,0.8421052631578947
3528,14,1,1,0,0,16,0.875
3529,15,2,2,0,0,19,0.7894736842105263
3530,14,1,2,0,0,17,0.8235294117647058
3531,13,1,2,0,0,16,0.8125
3532,12,1,1,0,0,14,0.8571428571428571
3533,14,1,1,0,0,16,0.875
3534,14,1,1,0,0,16,0.875
3535,13,2,2,0,0,17,0.7647058823529411
3536,14,1,1,0,0,16,0.875
3537,14,1,1,0,0,16,0.875
3538,12,1,2,0,0,15,0.8
3539,14,2,1,0,0,17,0.8235294117647058
3540,14,2,1,0,0,17,0.8235294117647058
3541,15,2,1,0,0,18,0.8333333333333334
3542,15,1,1,0,0,17,0.8823529411764706
3543,12,2,1,0,0,15,0.8
3544,14,1,2,0,0,17,0.8235294117647058
3545,13,1,1,0,0,15,0.8666666666666667
3546,14,1,1,0,0,16,0.875
3547,15,1,2,0,0,18,0.8333333333333334
3548,13,1,1,0,0,15,0.8666666666666667
3549,16,1,1,0,0,18,0.8888888888888888
3550,15,1,1,0,0,17,0.8823529411764706
3551,15,2,2,0,0,19,0.7894736842105263
3552,14,1,2,0,0,17,0.8235294117647058
3553,15,2,2,0,0,19,0.7894736842105263
3554,15,1,1,0,0,17,0.8823529411764706
3555,15,1,2,0,0,18,0.8333333333333334
3556,15,1,1,0,0,17,0.8823529411764706
3557,15,1,1,0,0,17,0.8823529411764706
3558,15,1,2,0,0,18,0.8333333333333334
3559,15,1,2,0,0,18,0.8333333333333334
3560,15,1,2,0,0,18,0.8333333333333334
3561,14,1,2,0,0,17,0.8235294117647058
3562,16,1,2,0,0,19,0.8421052631578947
3563,16,1,1,0,0,18,0.8888888888888888
3564,14,2,2,0,0,18,0.7777777777777778
3565,16,1,2,0,0,19,0.8421052631578947
3566,15,1,2,0,0,18,0.8333333333333334
3567,16,1,1,0,0,18,0.8888888888888888
3568,15,0,1,0,0,16,0.9375
3569,14,1,1,0,0,16,0.875
3570,15,2,1,0,0,18,0.8333333333333334
3571,15,3,1,0,0,19,0.7894736842105263
3572,13,3,0,0,0,16,0.8125
3573,14,4,1,0,0,19,0.7368421052631579
3574,15,3,0,0,0,18,0.8333333333333334
3575,15,3,1,0,0,19,0.7894736842105263
3576,12,3,1,0,0,16,0.75
3577,12,3,2,0,0,17,0.7058823529411765
3578,14,4,0,0,0,18,0.7777777777777778
3579,12,3,2,0,0,17,0.7058823529411765
3580,15,3,1,0,0,19,0.7894736842105263
3581,13,2,1,0,0,16,0.8125
3582,13,3,1,0,0,17,0.7647058823529411
3583,12,4,1,0,0,17,0.7058823529411765
3584,12,4,2,0,0,18,0.6666666666666666
3585,15,1,2,0,0,18,0.8333333333333334
3586,15,1,1,0,0,17,0.8823529411764706
3587,15,1,2,0,0,18,0.8333333333333334
3588,15,2,2,0,0,19,0.7894736842105263
3589,16,1,1,0,0,18,0.8888888888888888
3590,15,2,1,0,0,18,0.8333333333333334
3591,17,1,2,0,0,20,0.85
3592,15,1,1,0,0,17,0.8823529411764706
3593,13,1,1,0,0,15,0.8666666666666667
3594,13,1,2,0,0,16,0.8125
3595,15,1,1,0,0,17,0.8823529411764706
3596,15,1,1,0,0,17,0.8823529411764706
3597,15,2,1,0,0,18,0.8333333333333334
3598,13,1,1,0,0,15,0.8666666666666667
3599,16,1,1,0,0,18,0.8888888888888888
3600,15,1,2,0,0,18,0.8333333333333334
3601,11,1,1,0,0,13,0.8461538461538461
3602,14,2,2,0,0,18,0.7777777777777778
3603,12,1,2,0,0,15,0.8
3604,15,1,2,0,0,18,0.8333333333333334
3605,12,1,2,0,0,15,0.8
3606,12,1,2,0,0,15,0.8
3607,14,2,2,0,0,18,0.7777777777777778
3608,14,1,1,0,0,16,0.875
3609,14,1,2,0,0,17,0.8235294117647058
3610,14,1,2,0,0,17,0.8235294117647058
3611,16,1,2,0,0,19,0.8421052631578947
3612,14,1,2,0,0,17,0.8235294117647058
3613,14,2,1,0,0,17,0.8235294117647058
3614,15,2,0,0,0,17,0.8823529411764706
3615,14,2,1,0,0,17,0.8235294117647058
3616,14,1,2,0,0,17,0.8235294117647058
3617,15,1,2,0,0,18,0.8333333333333334
3618,15,2,2,0,0,19,0.7894736842105263
3619,14,1,1,0,0,16,0.875
3620,15,1,1,0,0,17,0.8823529411764706
3621,14,1,2,0,0,17,0.8235294117647058
3622,15,1,2,0,0,18,0.8333333333333334
3623,14,1,1,0,0,16,0.875
3624,14,1,2,0,0,17,0.8235294117647058
3625,12,2,2,0,0,16,0.75
3626,13,2,1,0,0,16,0.8125
3627,15,1,1,0,0,17,0.8823529411764706
3628,13,1,2,0,0,16,0.8125
3629,13,1,2,0,0,16,0.8125
3630,13,1,1,0,0,15,0.8666666666666667
3631,16,1,1,0,0,18,0.8888888888888888
3632,14,1,1,0,0,16,0.875
3633,13,2,2,0,0,17,0.7647058823529411
3634,13,2,1,0,0,16,0.8125
3635,15,1,2,0,0,18,0.8333333333333334
3636,14,1,2,0,0,17,0.8235294117647058
3637,14,1,2,0,0,17,0.8235294117647058
3638,15,1,2,0,0,18,0.8333333333333334
3639,13,2,2,0,0,17,0.7647058823529411
3640,15,1,2,0,0,18,0.8333333333333334
3641,12,1,2,0,0,15,0.8
3642,15,1,2,0,0,18,0.8333333333333334
3643,13,1,1,0,0,15,0.8666666666666667
3644,15,1,2,0,0,18,0.8333333333333334
3645,12,2,2,0,0,16,0.75
3646,14,3,1,0,0,18,0.7777777777777778
3647,15,1,1,0,0,17,0.8823529411764706
3648,14,1,1,0,0,16,0.875
3649,15,2,2,0,0,19,0.7894736842105263
3650,15,2,2,0,0,19,0.7894736842105263
3651,13,1,2,0,0,16,0.8125
3652,16,1,2,0,0,19,0.8421052631578947
3653,14,1,2,0,0,17,0.8235294117647058
3654,14,1,1,0,0,16,0.875
3655,14,1,1,0,0,16,0.875
3656,14,1,1,0,0,16,0.875
3657,17,1,1,0,0,19,0.8947368421052632
3658,13,2,1,0,0,16,0.8125
3659,13,2,1,0,0,16,0.8125
3660,14,1,1,0,0,16,0.875
3661,12,1,2,0,0,15,0.8
3662,15,1,2,0,0,18,0.8333333333333334
3663,15,1,1,0,0,17,0.8823529411764706
3664,12,1,1,0,0,14,0.8571428571428571
3665,15,1,2,0,0,18,0.8333333333333334
3666,15,1,2,0,0,18,0.8333333333333334
3667,14,1,2,0,0,17,0.8235294117647058
3668,13,2,2,0,0,17,0.7647058823529411
3669,14,1,2,0,0,17,0.8235294117647058
3670,14,1,1,0,0,16,0.875
3671,12,1,1,0,0,14,0.8571428571428571
3672,11,1,1,0,0,13,0.8461538461538461
3673,14,2,2,0,0,18,0.7777777777777778
3674,13,2,2,0,0,17,0.7647058823529411
3675,16,1,2,0,0,19,0.8421052631578947
3676,15,1,2,0,0,18,0.8333333333333334
3677,14,2,2,0,0,18,0.7777777777777778
3678,14,1,2,0,0,17,0.8235294117647058
3679,12,1,2,0,0,15,0.8
3680,14,1,2,0,0,17,0.8235294117647058
3681,13,2,2,0,0,17,0.7647058823529411
3682,16,2,2,0,0,20,0.8
3683,17,1,2,0,0,20,0.85
3684,16,2,2,0,0,20,0.8
3685,14,2,2,0,0,18,0.7777777777777778
3686,15,2,2,0,0,19,0.7894736842105263
3687,16,2,2,0,0,20,0.8
3688,16,1,2,0,0,19,0.8421052631578947
3689,15,1,2,0,0,18,0.8333333333333334
3690,15,1,2,0,0,18,0.8333333333333334
3691,13,1,2,0,0,16,0.8125
3692,13,3,2,0,0,18,0.7222222222222222
3693,14,1,2,0,0,17,0.8235294117647058
3694,15,1,2,0,0,18,0.8333333333333334
3695,16,1,2,0,0,19,0.8421052631578947
3696,14,1,2,0,0,17,0.8235294117647058
3697,13,2,1,0,0,16,0.8125
3698,12,1,2,0,0,15,0.8
3699,15,2,2,0,0,19,0.7894736842105263
3700,13,3,1,0,0,17,0.7647058823529411
3701,13,2,2,0,0,17,0.7647058823529411
3702,14,2,2,0,0,18,0.7777777777777778
3703,14,1,2,0,0,17,0.8235294117647058
3704,14,1,2,0,0,17,0.8235294117647058
3705,16,2,2,0,0,20,0.8
3706,13,2,2,0,0,17,0.7647058823529411
3707,15,1,2,0,0,18,0.8333333333333334
3708,11,2,2,0,0,15,0.7333333333333333
3709,14,1,2,0,0,17,0.8235294117647058
3710,15,2,2,0,0,19,0.7894736842105263
3711,12,1,1,0,0,14,0.8571428571428571
3712,14,2,2,0,0,18,0.7777777777777778
3713,13,1,1,0,0,15,0.8666666666666667
3714,12,2,1,0,0,15,0.8
3715,15,2,2,0,0,19,0.7894736842105263
3716,13,1,2,0,0,16,0.8125
3717,12,1,2,0,0,15,0.8
3718,14,1,1,0,0,16,0.875
3719,13,1,3,0,0,17,0.7647058823529411
3720,14,1,2,0,0,17,0.8235294117647058
3721,15,2,1,0,0,18,0.8333333333333334
3722,14,0,2,0,0,16,0.875
3723,15,2,1,0,0,18,0.8333333333333334
3724,14,1,1,0,0,16,0.875
3725,14,3,2,0,0,19,0.7368421052631579
3726,13,1,2,0,0,16,0.8125
3727,13,1,3,0,0,17,0.7647058823529411
3728,16,1,3,0,0,20,0.8
3729,14,1,2,0,0,17,0.8235294117647058
3730,12,1,2,0,0,15,0.8
3731,15,2,2,0,0,19,0.7894736842105263
3732,17,1,1,0,0,19,0.8947368421052632
3733,13,1,2,0,0,16,0.8125
3734,15,1,2,0,0,18,0.8333333333333334
3735,16,1,2,0,0,19,0.8421052631578947
3736,14,1,2,0,0,17,0.8235294117647058
3737,16,1,2,0,0,19,0.8421052631578947
3738,14,1,2,0,0,17,0.8235294117647058
3739,11,2,2,0,0,15,0.7333333333333333
3740,14,1,2,0,0,17,0.8235294117647058
3741,14,2,1,0,0,17,0.8235294117647058
3742,13,2,2,0,0,17,0.7647058823529411
3743,15,1,3,0,0,19,0.7894736842105263
3744,14,1,3,0,0,18,0.7777777777777778
3745,13,1,4,0,0,18,0.7222222222222222
3746,13,1,4,0,0,18,0.7222222222222222
3747,14,2,2,0,0,18,0.7777777777777778
3748,15,1,2,0,0,18,0.8333333333333334
3749,12,2,2,0,0,16,0.75
3750,13,1,2,0,0,16,0.8125
3751,14,1,3,0,0,18,0.7777777777777778
3752,13,1,3,0,0,17,0.7647058823529411
3753,14,2,2,0,0,18,0.7777777777777778
3754,12,1,2,0,0,15,0.8
3755,14,1,2,0,0,17,0.8235294117647058
3756,15,1,2,0,0,18,0.8333333333333334
3757,15,1,2,0,0,18,0.8333333333333334
3758,13,1,2,0,0,16,0.8125
3759,14,1,2,0,0,17,0.8235294117647058
3760,14,1,2,0,0,17,0.8235294117647058
3761,16,1,1,0,0,18,0.8888888888888888
3762,12,1,1,0,0,14,0.8571428571428571
3763,13,1,2,0,0,16,0.8125
3764,15,1,2,0,0,18,0.8333333333333334
3765,14,1,1,0,0,16,0.875
3766,16,1,1,0,0,18,0.8888888888888888
3767,11,1,3,0,0,15,0.7333333333333333
3768,14,1,1,0,0,16,0.875
3769,16,1,2,0,0,19,0.8421052631578947
3770,16,1,1,0,0,18,0.8888888888888888
3771,14,1,2,0,0,17,0.8235294117647058
3772,16,1,1,0,0,18,0.8888888888888888
3773,14,1,2,0,0,17,0.8235294117647058
3774,13,1,1,0,0,15,0.8666666666666667
3775,15,1,2,0,0,18,0.8333333333333334
3776,15,1,1,0,0,17,0.8823529411764706
3777,14,1,1,0,0,16,0.875
3778,15,1,1,0,0,17,0.8823529411764706
3779,12,1,1,0,0,14,0.8571428571428571
3780,14,2,0,0,0,16,0.875
3781,16,1,2,0,0,19,0.8421052631578947
3782,15,1,1,0,0,17,0.8823529411764706
3783,15,1,1,0,0,17,0.8823529411764706
3784,15,1,3,0,0,19,0.7894736842105263
3785,15,1,1,0,0,17,0.8823529411764706
3786,15,1,2,0,0,18,0.8333333333333334
3787,15,1,3,0,0,19,0.7894736842105263
3788,15,1,2,0,0,18,0.8333333333333334
3789,15,1,1,0,0,17,0.8823529411764706
3790,15,1,2,0,0,18,0.8333333333333334
3791,15,1,1,0,0,17,0.8823529411764706
3792,16,1,0,0,0,17,0.9411764705882353
3793,16,1,1,0,0,18,0.8888888888888888
3794,16,1,0,0,0,17,0.9411764705882353
3795,15,1,2,0,0,18,0.8333333333333334
3796,12,1,2,0,0,15,0.8
3797,15,1,4,0,0,20,0.75
3798,14,1,2,0,0,17,0.8235294117647058
3799,16,1,3,0,0,20,0.8
3800,14,1,4,0,0,19,0.7368421052631579
3801,15,1,2,0,0,18,0.8333333333333334
3802,15,1,3,0,0,19,0.7894736842105263
3803,16,1,3,0,0,20,0.8
3804,14,1,1,0,0,16,0.875
3805,15,2,1,0,0,18,0.8333333333333334
3806,15,1,1,0,0,17,0.8823529411764706
3807,16,1,1,0,0,18,0.8888888888888888
3808,15,1,3,0,0,19,0.7894736842105263
3809,14,1,1,0,0,16,0.875
3810,15,1,1,0,0,17,0.8823529411764706
3811,14,1,2,0,0,17,0.8235294117647058
3812,16,1,0,0,0,17,0.9411764705882353
3813,14,1,1,0,0,16,0.875
3814,14,1,1,0,0,16,0.875
3815,13,1,3,0,0,17,0.7647058823529411
3816,15,1,2,0,0,18,0.8333333333333334
3817,16,1,1,0,0,18,0.8888888888888888
3818,14,1,1,0,0,16,0.875
3819,15,1,2,0,0,18,0.8333333333333334
3820,16,1,1,0,0,18,0.8888888888888888
3821,16,1,1,0,0,18,0.8888888888888888
3822,15,1,2,0,0,18,0.8333333333333334
3823,14,1,2,0,0,17,0.8235294117647058
3824,14,1,4,0,0,19,0.7368421052631579
3825,17,1,0,0,0,18,0.9444444444444444
3826,14,1,2,0,0,17,0.8235294117647058
3827,14,1,1,0,0,16,0.875
3828,14,1,2,0,0,17,0.8235294117647058
3829,15,1,2,0,0,18,0.8333333333333334
3830,16,1,2,0,0,19,0.8421052631578947
3831,14,1,1,0,0,16,0.875
3832,15,1,1,0,0,17,0.8823529411764706
3833,16,1,2,0,0,19,0.8421052631578947
3834,15,1,2,0,0,18,0.8333333333333334
3835,16,1,1,0,0,18,0.8888888888888888
3836,15,1,1,0,0,17,0.8823529411764706
3837,15,1,1,0,0,17,0.8823529411764706
3838,16,1,1,0,0,18,0.8888888888888888
3839,14,1,1,0,0,16,0.875
3840,13,1,0,0,0,14,0.9285714285714286
3841,15,1,1,0,0,17,0.8823529411764706
3842,16,1,1,0,0,18,0.8888888888888888
3843,15,2,2,0,0,19,0.7894736842105263
3844,17,1,2,0,0,20,0.85
3845,14,1,2,0,0,17,0.8235294117647058
3846,15,2,2,0,0,19,0.7894736842105263
3847,16,1,2,0,0,19,0.8421052631578947
3848,15,1,2,0,0,18,0.8333333333333334
3849,14,1,2,0,0,17,0.8235294117647058
3850,14,1,2,0,0,17,0.8235294117647058
3851,15,1,2,0,0,18,0.8333333333333334
3852,17,1,2,0,0,20,0.85
3853,13,1,0,0,0,14,0.9285714285714286
3854,16,1,2,0,0,19,0.8421052631578947
3855,16,2,3,0,0,21,0.7619047619047619
3856,15,1,3,0,0,19,0.7894736842105263
3857,16,1,1,0,0,18,0.8888888888888888
3858,14,1,1,0,0,16,0.875
3859,15,1,1,0,0,17,0.8823529411764706
3860,15,2,1,0,0,18,0.8333333333333334
3861,15,1,1,0,0,17,0.8823529411764706
3862,16,1,1,0,0,18,0.8888888888888888
3863,14,1,1,0,0,16,0.875
3864,13,1,2,0,0,16,0.8125
3865,15,1,3,0,0,19,0.7894736842105263
3866,16,2,2,0,0,20,0.8
3867,14,1,2,0,0,17,0.8235294117647058
3868,14,1,2,0,0,17,0.8235294117647058
3869,13,1,2,0,0,16,0.8125
3870,15,1,2,0,0,18,0.8333333333333334
3871,13,2,1,0,0,16,0.8125
3872,14,1,2,0,0,17,0.8235294117647058
3873,14,1,4,0,0,19,0.7368421052631579
3874,15,1,1,0,0,17,0.8823529411764706
3875,15,1,1,0,0,17,0.8823529411764706
3876,15,1,1,0,0,17,0.8823529411764706
3877,14,1,2,0,0,17,0.8235294117647058
3878,13,1,1,0,0,15,0.8666666666666667
3879,14,1,1,0,0,16,0.875
3880,14,1,2,0,0,17,0.8235294117647058
3881,12,1,2,0,0,15,0.8
3882,15,1,1,0,0,17,0.8823529411764706
3883,14,1,1,0,0,16,0.875
3884,12,2,1,0,0,15,0.8
3885,16,1,0,1,0,18,0.8888888888888888
3886,14,1,1,1,0,17,0.8235294117647058
3887,14,1,2,0,0,17,0.8235294117647058
3888,16,1,1,0,0,18,0.8888888888888888
3889,15,1,2,0,0,18,0.8333333333333334
3890,15,1,1,0,0,17,0.8823529411764706
3891,16,2,1,0,0,19,0.8421052631578947
3892,17,1,0,0,0,18,0.9444444444444444
3893,15,1,2,0,0,18,0.8333333333333334
3894,14,1,2,0,0,17,0.8235294117647058
3895,14,1,2,0,0,17,0.8235294117647058
3896,13,1,2,0,0,16,0.8125
3897,12,1,3,0,0,16,0.75
3898,15,1,2,0,0,18,0.8333333333333334
3899,15,1,2,0,0,18,0.8333333333333334
3900,16,1,3,0,0,20,0.8
3901,15,1,2,0,0,18,0.8333333333333334
3902,13,1,2,0,0,16,0.8125
3903,14,1,2,0,0,17,0.8235294117647058
3904,17,1,2,0,0,20,0.85
3905,15,1,2,0,0,18,0.8333333333333334
3906,13,1,2,0,0,16,0.8125
3907,10,1,2,0,0,13,0.7692307692307693
3908,13,1,2,0,0,16,0.8125
3909,15,1,2,0,0,18,0.8333333333333334
3910,15,2,2,0,0,19,0.7894736842105263
3911,12,1,2,0,0,15,0.8
3912,14,1,2,0,0,17,0.8235294117647058
3913,13,2,2,0,0,17,0.7647058823529411
3914,12,1,2,0,0,15,0.8
3915,16,1,2,0,0,19,0.8421052631578947
3916,14,2,0,0,0,16,0.875
3917,14,1,2,0,0,17,0.8235294117647058
3918,16,1,2,0,0,19,0.8421052631578947
3919,13,1,2,0,0,16,0.8125
3920,13,1,2,0,0,16,0.8125
3921,14,1,2,0,0,17,0.8235294117647058
3922,15,2,2,0,0,19,0.7894736842105263
3923,15,2,1,0,0,18,0.8333333333333334
3924,15,2,1,0,0,18,0.8333333333333334
3925,12,1,0,0,0,13,0.9230769230769231
3926,15,2,1,0,0,18,0.8333333333333334
3927,15,2,0,0,0,17,0.8823529411764706
3928,14,1,2,0,0,17,0.8235294117647058
3929,16,1,1,0,0,18,0.8888888888888888
3930,14,1,1,0,0,16,0.875
3931,13,1,1,0,0,15,0.8666666666666667
3932,14,1,1,0,0,16,0.875
3933,14,1,2,0,0,17,0.8235294117647058
3934,14,1,2,0,0,17,0.8235294117647058
3935,15,2,1,0,0,18,0.8333333333333334
3936,15,1,2,0,0,18,0.8333333333333334
3937,16,2,1,0,0,19,0.8421052631578947
3938,15,1,2,0,0,18,0.8333333333333334
3939,15,1,2,0,0,18,0.8333333333333334
3940,14,1,2,0,0,17,0.8235294117647058
3941,15,2,2,0,0,19,0.7894736842105263
3942,14,1,1,0,0,16,0.875
3943,14,1,1,0,0,16,0.875
3944,14,1,3,0,0,18,0.7777777777777778
3945,14,1,2,0,0,17,0.8235294117647058
3946,13,1,2,0,0,16,0.8125
3947,12,1,1,0,0,14,0.8571428571428571
3948,15,1,1,0,0,17,0.8823529411764706
3949,15,1,2,0,0,18,0.8333333333333334
3950,12,1,2,0,0,15,0.8
3951,14,2,2,0,0,18,0.7777777777777778
3952,16,1,2,0,0,19,0.8421052631578947
3953,16,1,2,0,0,19,0.8421052631578947
3954,14,1,2,0,0,17,0.8235294117647058
3955,14,1,2,0,0,17,0.8235294117647058
3956,16,0,3,0,0,19,0.8421052631578947
3957,14,0,2,0,0,16,0.875
3958,15,1,2,0,0,18,0.8333333333333334
3959,15,1,1,0,0,17,0.8823529411764706
3960,12,1,2,0,0,15,0.8
3961,14,1,1,0,0,16,0.875
3962,14,0,2,0,0,16,0.875
3963,15,1,2,0,0,18,0.8333333333333334
3964,15,1,1,0,0,17,0.8823529411764706
3965,16,1,1,0,0,18,0.8888888888888888
3966,15,1,2,0,0,18,0.8333333333333334
3967,16,0,2,0,0,18,0.8888888888888888
3968,15,0,1,0,0,16,0.9375
3969,14,1,2,0,0,17,0.8235294117647058
3970,16,1,2,0,0,19,0.8421052631578947
3971,16,1,2,0,0,19,0.8421052631578947
3972,14,0,3,0,0,17,0.8235294117647058
3973,17,1,1,0,0,19,0.8947368421052632
3974,15,3,2,0,0,20,0.75
3975,16,1,1,0,0,18,0.8888888888888888
3976,16,2,1,0,0,19,0.8421052631578947
3977,16,1,1,0,0,18,0.8888888888888888
3978,15,3,1,0,0,19,0.7894736842105263
3979,14,1,1,0,0,16,0.875
3980,13,1,1,0,0,15,0.8666666666666667
3981,12,1,1,0,0,14,0.8571428571428571
3982,13,2,1,0,0,16,0.8125
3983,16,2,1,0,0,19,0.8421052631578947
3984,16,1,1,0,0,18,0.8888888888888888
3985,16,1,1,0,0,18,0.8888888888888888
3986,15,1,0,0,0,16,0.9375
3987,13,1,1,0,0,15,0.8666666666666667
3988,15,1,1,0,0,17,0.8823529411764706
3989,16,2,1,0,0,19,0.8421052631578947
3990,12,1,0,0,0,13,0.9230769230769231
3991,16,2,0,0,0,18,0.8888888888888888
3992,14,1,2,0,0,17,0.8235294117647058
3993,16,2,1,0,0,19,0.8421052631578947
3994,15,2,1,0,0,18,0.8333333333333334
3995,16,1,1,0,0,18,0.8888888888888888
3996,14,1,1,0,0,16,0.875
3997,15,2,2,0,0,19,0.7894736842105263
3998,15,2,1,0,0,18,0.8333333333333334
3999,15,2,2,0,0,19,0.7894736842105263
4000,16,2,1,0,0,19,0.8421052631578947
4001,16,2,1,0,0,19,0.8421052631578947
4002,16,2,1,0,0,19,0.8421052631578947
4003,16,2,1,0,0,19,0.8421052631578947
4004,16,1,1,0,0,18,0.8888888888888888
4005,13,2,1,0,0,16,0.8125
4006,15,1,2,0,0,18,0.8333333333333334
4007,14,1,2,0,0,17,0.8235294117647058
4008,15,1,1,0,0,17,0.8823529411764706
4009,16,1,2,0,0,19,0.8421052631578947
4010,15,1,3,0,0,19,0.7894736842105263
4011,15,2,1,0,0,18,0.8333333333333334
4012,16,1,2,0,0,19,0.8421052631578947
4013,15,1,2,0,0,18,0.8333333333333334
4014,16,2,1,0,0,19,0.8421052631578947
4015,15,1,2,0,0,18,0.8333333333333334
4016,14,1,2,0,0,17,0.8235294117647058
4017,13,1,2,0,0,16,0.8125
4018,14,1,2,0,0,17,0.8235294117647058
4019,13,1,1,0,0,15,0.8666666666666667
4020,14,2,2,0,0,18,0.7777777777777778
4021,15,1,2,0,0,18,0.8333333333333334
4022,15,1,1,0,0,17,0.8823529411764706
4023,14,1,2,0,0,17,0.8235294117647058
4024,16,1,1,0,0,18,0.8888888888888888
4025,14,1,1,0,0,16,0.875
4026,13,2,1,0,0,16,0.8125
4027,11,1,2,0,0,14,0.7857142857142857
4028,15,2,0,0,0,17,0.8823529411764706
4029,16,1,2,0,0,19,0.8421052631578947
4030,14,1,1,0,0,16,0.875
4031,16,1,1,0,0,18,0.8888888888888888
4032,16,0,2,0,0,18,0.8888888888888888
4033,16,2,1,0,0,19,0.8421052631578947
4034,14,1,1,0,0,16,0.875
4035,15,2,2,0,0,19,0.7894736842105263
4036,15,2,1,0,0,18,0.8333333333333334
4037,15,1,2,0,0,18,0.8333333333333334
4038,15,2,1,0,0,18,0.8333333333333334
4039,12,1,2,0,0,15,0.8
4040,16,2,1,0,0,19,0.8421052631578947
4041,13,1,1,0,0,15,0.8666666666666667
4042,15,1,2,0,0,18,0.8333333333333334
4043,13,2,2,0,0,17,0.7647058823529411
4044,16,2,2,0,0,20,0.8
4045,16,1,1,0,0,18,0.8888888888888888
4046,16,1,2,0,0,19,0.8421052631578947
4047,15,2,1,0,0,18,0.8333333333333334
4048,17,2,2,0,0,21,0.8095238095238095
4049,15,2,1,0,0,18,0.8333333333333334
4050,15,3,1,0,0,19,0.7894736842105263
4051,15,1,2,0,0,18,0.8333333333333334
4052,15,1,3,0,0,19,0.7894736842105263
4053,13,1,1,0,0,15,0.8666666666666667
4054,15,2,1,0,0,18,0.8333333333333334
4055,15,2,2,0,0,19,0.7894736842105263
4056,16,2,1,0,0,19,0.8421052631578947
4057,16,2,1,0,0,19,0.8421052631578947
4058,14,2,1,0,0,17,0.8235294117647058
4059,16,1,1,0,0,18,0.8888888888888888
4060,15,1,2,0,0,18,0.8333333333333334
4061,15,1,1,0,0,17,0.8823529411764706
4062,13,1,2,0,0,16,0.8125
4063,16,1,1,0,0,18,0.8888888888888888
4064,17,1,1,0,0,19,0.8947368421052632
4065,15,1,2,0,0,18,0.8333333333333334
4066,15,1,1,0,0,17,0.8823529411764706
4067,16,2,1,0,0,19,0.8421052631578947
4068,15,1,1,0,0,17,0.8823529411764706
4069,15,1,1,0,0,17,0.8823529411764706
4070,15,1,1,0,0,17,0.8823529411764706
4071,14,1,1,0,0,16,0.875
4072,15,2,0,0,0,17,0.8823529411764706
4073,14,2,2,0,0,18,0.7777777777777778
4074,14,2,0,0,0,16,0.875
4075,15,2,2,0,0,19,0.7894736842105263
4076,13,2,2,0,0,17,0.7647058823529411
4077,15,2,1,0,0,18,0.8333333333333334
4078,13,1,1,0,0,15,0.8666666666666667
4079,16,1,1,0,0,18,0.8888888888888888
4080,14,1,1,0,0,16,0.875
4081,15,1,1,0,0,17,0.8823529411764706
4082,15,1,1,0,0,17,0.8823529411764706
4083,17,1,1,0,0,19,0.8947368421052632
4084,16,1,1,0,0,18,0.8888888888888888
4085,15,1,2,0,0,18,0.8333333333333334
4086,16,2,2,0,0,20,0.8
4087,16,1,2,0,0,19,0.8421052631578947
4088,15,1,1,0,0,17,0.8823529411764706
4089,14,1,3,0,0,18,0.7777777777777778
4090,15,1,2,0,0,18,0.8333333333333334
4091,14,1,2,0,0,17,0.8235294117647058
4092,14,1,1,0,0,16,0.875
4093,12,1,1,0,0,14,0.8571428571428571
4094,15,2,1,0,0,18,0.8333333333333334
4095,14,1,1,0,0,16,0.875
4096,12,1,1,0,0,14,0.8571428571428571
4097,15,2,1,0,0,18,0.8333333333333334
4098,13,1,1,0,0,15,0.8666666666666667
4099,14,1,2,0,0,17,0.8235294117647058
4100,16,1,1,0,0,18,0.8888888888888888
4101,15,1,1,0,0,17,0.8823529411764706
4102,13,2,2,0,0,17,0.7647058823529411
4103,15,1,2,0,0,18,0.8333333333333334
4104,14,1,1,0,0,16,0.875
4105,14,1,1,0,0,16,0.875
4106,13,2,1,0,0,16,0.8125
4107,14,2,2,0,0,18,0.7777777777777778
4108,11,1,2,0,0,14,0.7857142857142857
4109,12,1,2,0,0,15,0.8
4110,14,1,1,0,0,16,0.875
4111,13,2,1,0,0,16,0.8125
4112,12,1,1,0,0,14,0.8571428571428571
4113,13,1,1,0,0,15,0.8666666666666667
4114,11,1,2,0,0,14,0.7857142857142857
4115,11,1,1,0,0,13,0.8461538461538461
4116,15,1,1,0,0,17,0.8823529411764706
4117,14,2,1,0,0,17,0.8235294117647058
4118,14,1,2,0,0,17,0.8235294117647058
4119,14,1,1,0,0,16,0.875
4120,14,1,1,0,0,16,0.875
4121,15,1,1,0,0,17,0.8823529411764706
4122,15,1,1,0,0,17,0.8823529411764706
4123,14,1,1,0,0,16,0.875
4124,12,1,2,0,0,15,0.8
4125,12,1,1,0,0,14,0.8571428571428571
4126,14,1,1,0,0,16,0.875
4127,12,2,1,0,0,15,0.8
4128,13,2,1,0,0,16,0.8125
4129,12,2,1,0,0,15,0.8
4130,14,1,1,0,0,16,0.875
4131,14,0,1,0,0,15,0.9333333333333333
4132,13,1,2,0,0,16,0.8125
4133,14,1,1,0,0,16,0.875
4134,13,1,1,0,0,15,0.8666666666666667
4135,14,2,1,0,0,17,0.8235294117647058
4136,15,1,1,0,0,17,0.8823529411764706
4137,14,2,1,0,0,17,0.8235294117647058
4138,14,1,1,0,0,16,0.875
4139,16,2,1,0,0,19,0.8421052631578947
4140,16,1,2,0,0,19,0.8421052631578947
4141,15,1,2,0,0,18,0.8333333333333334
4142,15,1,1,0,0,17,0.8823529411764706
4143,15,2,2,0,0,19,0.7894736842105263
4144,16,1,1,0,0,18,0.8888888888888888
4145,14,1,2,0,0,17,0.8235294117647058
4146,17,1,1,0,0,19,0.8947368421052632
4147,15,2,2,0,0,19,0.7894736842105263
4148,15,1,1,0,0,17,0.8823529411764706
4149,16,1,1,0,0,18,0.8888888888888888
4150,15,2,2,0,0,19,0.7894736842105263
4151,15,1,2,0,0,18,0.8333333333333334
4152,16,1,1,0,0,18,0.8888888888888888
4153,14,1,2,0,0,17,0.8235294117647058
4154,15,2,0,0,0,17,0.8823529411764706
4155,15,1,2,0,0,18,0.8333333333333334
4156,15,1,2,0,0,18,0.8333333333333334
4157,15,2,1,0,0,18,0.8333333333333334
4158,13,1,2,0,0,16,0.8125
4159,13,1,2,0,0,16,0.8125
4160,16,1,1,0,0,18,0.8888888888888888
4161,16,1,2,0,0,19,0.8421052631578947
4162,15,1,2,0,0,18,0.8333333333333334
4163,15,1,2,0,0,18,0.8333333333333334
4164,16,1,1,0,0,18,0.8888888888888888
4165,15,2,2,0,0,19,0.7894736842105263
4166,16,2,2,0,0,20,0.8
4167,13,1,1,0,0,15,0.8666666666666667
4168,16,1,1,0,0,18,0.8888888888888888
4169,15,2,1,0,0,18,0.8333333333333334
4170,14,2,1,0,0,17,0.8235294117647058
4171,15,2,1,0,0,18,0.8333333333333334
4172,16,1,1,0,0,18,0.8888888888888888
4173,12,2,1,0,0,15,0.8
4174,15,2,1,0,0,18,0.8333333333333334
4175,15,1,2,0,0,18,0.8333333333333334
4176,16,2,2,0,0,20,0.8
4177,15,2,2,0,0,19,0.7894736842105263
4178,14,1,2,0,0,17,0.8235294117647058
4179,14,2,2,0,0,18,0.7777777777777778
4180,14,2,1,0,0,17,0.8235294117647058
4181,16,1,2,0,0,19,0.8421052631578947
4182,15,2,2,0,0,19,0.7894736842105263
4183,13,1,2,0,0,16,0.8125
4184,15,1,2,0,0,18,0.8333333333333334
4185,16,1,2,0,0,19,0.8421052631578947
4186,16,1,1,0,0,18,0.8888888888888888
4187,14,1,1,0,0,16,0.875
4188,16,2,1,0,0,19,0.8421052631578947
4189,14,1,1,0,0,16,0.875
4190,14,2,1,0,0,17,0.8235294117647058
4191,15,1,1,0,0,17,0.8823529411764706
4192,14,1,1,0,0,16,0.875
4193,13,1,2,0,0,16,0.8125
4194,14,1,1,0,0,16,0.875
4195,15,1,1,0,0,17,0.8823529411764706
4196,15,1,1,0,0,17,0.8823529411764706
4197,14,1,1,0,0,16,0.875
4198,16,1,2,0,0,19,0.8421052631578947
4199,13,1,1,0,0,15,0.8666666666666667
4200,16,2,2,0,0,20,0.8
4201,13,2,1,0,0,16,0.8125
4202,15,2,2,0,0,19,0.7894736842105263
4203,15,1,1,0,0,17,0.8823529411764706
4204,15,2,2,0,0,19,0.7894736842105263
4205,15,1,1,0,0,17,0.8823529411764706
4206,17,1,1,0,0,19,0.8947368421052632
4207,14,2,2,0,0,18,0.7777777777777778
4208,14,1,2,0,0,17,0.8235294117647058
4209,15,1,2,0,0,18,0.8333333333333334
4210,16,1,2,0,0,19,0.8421052631578947
4211,15,1,1,0,0,17,0.8823529411764706
4212,15,1,1,0,0,17,0.8823529411764706
4213,17,1,1,0,0,19,0.8947368421052632
4214,12,2,1,0,0,15,0.8
4215,14,1,2,0,0,17,0.8235294117647058
4216,12,1,2,0,0,15,0.8
4217,15,2,1,0,0,18,0.8333333333333334
4218,14,1,1,0,0,16,0.875
4219,16,2,1,0,0,19,0.8421052631578947
4220,15,1,1,0,0,17,0.8823529411764706
4221,16,2,1,0,0,19,0.8421052631578947
4222,15,2,1,0,0,18,0.8333333333333334
4223,15,1,1,0,0,17,0.8823529411764706
4224,16,1,2,0,0,19,0.8421052631578947
4225,14,2,1,0,0,17,0.8235294117647058
4226,13,1,1,0,0,15,0.8666666666666667
4227,13,1,2,0,0,16,0.8125
4228,13,1,1,0,0,15,0.8666666666666667
4229,15,1,2,0,0,18,0.8333333333333334
4230,15,1,1,0,0,17,0.8823529411764706
4231,16,1,2,0,0,19,0.8421052631578947
4232,16,1,1,1,0,19,0.8421052631578947
4233,16,1,2,1,0,20,0.8
4234,16,1,2,1,0,20,0.8
4235,14,1,2,0,0,17,0.8235294117647058
4236,15,1,2,0,0,18,0.8333333333333334
4237,15,2,2,0,0,19,0.7894736842105263
4238,15,1,1,0,0,17,0.8823529411764706
4239,16,1,1,0,0,18,0.8888888888888888
4240,15,1,2,0,0,18,0.8333333333333334
4241,16,1,2,0,0,19,0.8421052631578947
4242,16,1,1,0,0,18,0.8888888888888888
4243,14,1,2,0,0,17,0.8235294117647058
4244,16,1,2,0,0,19,0.8421052631578947
4245,15,1,2,0,0,18,0.8333333333333334
4246,15,2,1,0,0,18,0.8333333333333334
4247,14,1,2,0,0,17,0.8235294117647058
4248,15,2,2,0,0,19,0.7894736842105263
4249,16,1,2,0,0,19,0.8421052631578947
4250,15,1,2,0,0,18,0.8333333333333334
4251,14,1,2,0,0,17,0.8235294117647058
4252,16,1,1,0,0,18,0.8888888888888888
4253,15,1,2,0,0,18,0.8333333333333334
4254,15,1,1,0,0,17,0.8823529411764706
4255,14,1,2,0,0,17,0.8235294117647058
4256,13,1,2,0,0,16,0.8125
4257,13,1,2,0,0,16,0.8125
4258,15,1,2,0,0,18,0.8333333333333334
4259,13,1,2,0,0,16,0.8125
4260,13,1,2,0,0,16,0.8125
4261,13,1,2,0,0,16,0.8125
4262,13,1,1,0,0,15,0.8666666666666667
4263,14,2,2,0,0,18,0.7777777777777778
4264,16,1,1,0,0,18,0.8888888888888888
4265,15,1,2,0,0,18,0.8333333333333334
4266,15,1,3,0,0,19,0.7894736842105263
4267,13,2,1,0,0,16,0.8125
4268,15,1,2,0,0,18,0.8333333333333334
4269,16,1,2,0,0,19,0.8421052631578947
4270,16,1,2,0,0,19,0.8421052631578947
4271,16,1,1,0,0,18,0.8888888888888888
4272,16,1,2,0,0,19,0.8421052631578947
4273,14,1,2,0,0,17,0.8235294117647058
4274,17,1,2,0,0,20,0.85
4275,15,1,1,0,0,17,0.8823529411764706
4276,15,1,2,0,0,18,0.8333333333333334
4277,16,1,2,0,0,19,0.8421052631578947
4278,15,1,1,0,0,17,0.8823529411764706
4279,14,1,2,0,0,17,0.8235294117647058
4280,14,1,2,0,0,17,0.8235294117647058
4281,14,1,2,0,0,17,0.8235294117647058
4282,16,1,2,0,0,19,0.8421052631578947
4283,15,1,1,0,0,17,0.8823529411764706
4284,14,2,1,0,0,17,0.8235294117647058
4285,16,1,2,0,0,19,0.8421052631578947
4286,14,1,2,0,0,17,0.8235294117647058
4287,14,1,2,0,0,17,0.8235294117647058
4288,15,1,2,0,0,18,0.8333333333333334
4289,15,1,2,0,0,18,0.8333333333333334
4290,16,1,2,0,0,19,0.8421052631578947
4291,15,1,2,0,0,18,0.8333333333333334
4292,15,1,1,0,0,17,0.8823529411764706
4293,15,0,1,0,0,16,0.9375
4294,13,2,1,0,0,16,0.8125
4295,15,1,2,0,0,18,0.8333333333333334
4296,14,2,1,0,0,17,0.8235294117647058
4297,13,1,2,0,0,16,0.8125
4298,15,1,1,0,0,17,0.8823529411764706
4299,16,1,1,0,0,18,0.8888888888888888
4300,14,1,2,0,0,17,0.8235294117647058
4301,16,1,1,0,0,18,0.8888888888888888
4302,13,1,1,0,0,15,0.8666666666666667
4303,15,2,1,0,0,18,0.8333333333333334
4304,16,1,2,0,0,19,0.8421052631578947
4305,16,1,1,0,0,18,0.8888888888888888
4306,13,2,2,0,0,17,0.7647058823529411
4307,15,1,1,0,0,17,0.8823529411764706
4308,13,1,2,0,0,16,0.8125
4309,15,2,1,0,0,18,0.8333333333333334
4310,16,1,1,0,0,18,0.8888888888888888
4311,14,2,1,0,0,17,0.8235294117647058
4312,14,1,2,0,0,17,0.8235294117647058
4313,13,1,1,0,0,15,0.8666666666666667
4314,12,1,1,0,0,14,0.8571428571428571
4315,15,2,2,0,0,19,0.7894736842105263
4316,15,1,2,0,0,18,0.8333333333333334
4317,15,2,2,0,0,19,0.7894736842105263
4318,14,1,1,0,0,16,0.875
4319,14,1,2,0,0,17,0.8235294117647058
4320,15,1,1,0,0,17,0.8823529411764706
4321,14,1,2,0,0,17,0.8235294117647058
4322,15,1,2,0,0,18,0.8333333333333334
4323,16,1,3,0,0,20,0.8
4324,15,1,1,0,0,17,0.8823529411764706
4325,16,1,2,0,0,19,0.8421052631578947
4326,13,2,1,0,0,16,0.8125
4327,14,1,2,0,0,17,0.8235294117647058
4328,14,1,2,0,0,17,0.8235294117647058
4329,14,2,2,0,0,18,0.7777777777777778
4330,15,2,2,0,0,19,0.7894736842105263
4331,13,1,1,0,0,15,0.8666666666666667
4332,14,1,2,0,0,17,0.8235294117647058
4333,15,2,1,0,0,18,0.8333333333333334
4334,13,2,2,0,0,17,0.7647058823529411
4335,15,2,2,0,0,19,0.7894736842105263
4336,13,2,1,0,0,16,0.8125
4337,13,2,2,0,0,17,0.7647058823529411
4338,16,1,1,0,0,18,0.8888888888888888
4339,15,2,1,0,0,18,0.8333333333333334
4340,16,2,1,0,0,19,0.8421052631578947
4341,13,2,2,0,0,17,0.7647058823529411
4342,13,1,2,0,0,16,0.8125
4343,16,1,2,0,0,19,0.8421052631578947
4344,15,1,1,0,0,17,0.8823529411764706
4345,14,1,2,0,0,17,0.8235294117647058
4346,15,3,1,1,0,20,0.75
4347,16,1,1,0,0,18,0.8888888888888888
4348,15,1,1,0,0,17,0.8823529411764706
4349,16,2,1,0,0,19,0.8421052631578947
4350,15,0,1,0,0,16,0.9375
4351,15,2,2,0,0,19,0.7894736842105263
4352,15,1,1,1,0,18,0.8333333333333334
4353,16,2,1,0,0,19,0.8421052631578947
4354,16,2,2,0,0,20,0.8
4355,14,2,2,0,0,18,0.7777777777777778
4356,16,2,2,1,0,21,0.7619047619047619
4357,15,2,2,0,0,19,0.7894736842105263
4358,14,1,1,0,0,16,0.875
4359,16,1,1,0,0,18,0.8888888888888888
4360,14,1,1,0,0,16,0.875
4361,15,2,2,0,0,19,0.7894736842105263
4362,16,1,2,0,0,19,0.8421052631578947
4363,15,1,1,0,0,17,0.8823529411764706
4364,15,1,2,0,0,18,0.8333333333333334
4365,15,1,2,0,0,18,0.8333333333333334
4366,14,1,2,0,0,17,0.8235294117647058
4367,16,1,2,0,0,19,0.8421052631578947
4368,15,1,2,0,0,18,0.8333333333333334
4369,16,1,2,0,0,19,0.8421052631578947
4370,15,2,1,0,0,18,0.8333333333333334
4371,15,2,2,0,0,19,0.7894736842105263
4372,14,1,2,0,0,17,0.8235294117647058
4373,15,2,1,0,0,18,0.8333333333333334
4374,14,2,1,0,0,17,0.8235294117647058
4375,15,2,1,0,0,18,0.8333333333333334
4376,15,1,1,0,0,17,0.8823529411764706
4377,16,2,1,0,0,19,0.8421052631578947
4378,13,3,2,0,0,18,0.7222222222222222
4379,16,1,1,0,0,18,0.8888888888888888
4380,16,1,1,0,0,18,0.8888888888888888
4381,14,1,2,0,0,17,0.8235294117647058
4382,16,1,2,0,0,19,0.8421052631578947
4383,13,1,0,0,0,14,0.9285714285714286
4384,16,1,1,0,0,18,0.8888888888888888
4385,14,1,1,0,0,16,0.875
4386,15,1,2,0,0,18,0.8333333333333334
4387,13,1,1,0,0,15,0.8666666666666667
4388,15,1,2,0,0,18,0.8333333333333334
4389,16,1,1,0,0,18,0.8888888888888888
4390,11,1,2,0,0,14,0.7857142857142857
4391,16,1,1,0,0,18,0.8888888888888888
4392,14,1,2,0,0,17,0.8235294117647058
4393,15,1,2,0,0,18,0.8333333333333334
4394,16,1,1,0,0,18,0.8888888888888888
4395,16,1,2,0,0,19,0.8421052631578947
4396,15,1,1,0,0,17,0.8823529411764706
4397,14,1,2,0,0,17,0.8235294117647058
4398,16,2,1,0,0,19,0.8421052631578947
4399,15,1,2,0,0,18,0.8333333333333334
4400,15,2,2,0,0,19,0.7894736842105263
4401,14,1,3,0,0,18,0.7777777777777778
4402,13,1,2,0,0,16,0.8125
4403,15,2,2,0,0,19,0.7894736842105263
4404,14,1,1,0,0,16,0.875
4405,13,2,2,0,0,17,0.7647058823529411
4406,14,1,1,0,0,16,0.875
4407,16,2,1,0,0,19,0.8421052631578947
4408,13,1,2,0,0,16,0.8125
4409,14,1,2,0,0,17,0.8235294117647058
4410,11,2,2,0,0,15,0.7333333333333333
4411,15,2,2,0,0,19,0.7894736842105263
4412,15,2,2,0,0,19,0.7894736842105263
4413,13,2,2,0,0,17,0.7647058823529411
4414,13,1,2,0,0,16,0.8125
4415,14,2,2,0,0,18,0.7777777777777778
4416,14,2,2,0,0,18,0.7777777777777778
4417,14,1,1,0,0,16,0.875
4418,13,1,1,0,0,15,0.8666666666666667
4419,14,1,3,0,0,18,0.7777777777777778
4420,10,1,1,0,0,12,0.8333333333333334
4421,13,1,1,0,0,15,0.8666666666666667
4422,14,1,2,0,0,17,0.8235294117647058
4423,14,1,1,0,0,16,0.875
4424,15,1,1,0,0,17,0.8823529411764706
4425,13,1,0,0,0,14,0.9285714285714286
4426,14,1,2,0,0,17,0.8235294117647058
4427,14,2,2,0,0,18,0.7777777777777778
4428,15,2,1,0,0,18,0.8333333333333334
4429,14,2,2,0,0,18,0.7777777777777778
4430,14,1,1,0,0,16,0.875
4431,13,3,1,0,0,17,0.7647058823529411
4432,14,2,1,0,0,17,0.8235294117647058
4433,14,2,0,0,0,16,0.875
4434,14,3,2,0,0,19,0.7368421052631579
4435,15,2,2,0,0,19,0.7894736842105263
4436,16,3,3,0,0,22,0.7272727272727273
4437,15,3,2,0,0,20,0.75
4438,15,3,2,0,0,20,0.75
4439,14,3,2,0,0,19,0.7368421052631579
4440,15,3,2,0,0,20,0.75
4441,13,3,2,0,0,18,0.7222222222222222
4442,14,3,2,0,0,19,0.7368421052631579
4443,15,3,2,0,0,20,0.75
4444,15,3,1,0,0,19,0.7894736842105263
4445,15,3,1,0,0,19,0.7894736842105263
4446,13,3,1,0,0,17,0.7647058823529411
4447,14,3,2,0,0,19,0.7368421052631579
4448,13,3,1,0,0,17,0.7647058823529411
4449,14,3,2,0,0,19,0.7368421052631579
4450,15,3,2,0,0,20,0.75
4451,15,3,3,0,0,21,0.7142857142857143
4452,14,3,1,0,0,18,0.7777777777777778
4453,15,3,2,0,0,20,0.75
4454,15,3,2,0,0,20,0.75
4455,14,3,2,0,0,19,0.7368421052631579
4456,15,3,1,0,0,19,0.7894736842105263
4457,14,3,1,0,0,18,0.7777777777777778
4458,15,3,1,0,0,19,0.7894736842105263
4459,15,3,1,0,0,19,0.7894736842105263
4460,15,3,1,0,0,19,0.7894736842105263
4461,15,3,1,0,0,19,0.7894736842105263
4462,15,3,1,0,0,19,0.7894736842105263
4463,16,3,0,0,0,19,0.8421052631578947
4464,15,3,1,0,0,19,0.7894736842105263
4465,15,2,1,0,0,18,0.8333333333333334
4466,15,3,1,0,0,19,0.7894736842105263
4467,15,3,0,0,0,18,0.8333333333333334
4468,14,3,1,0,0,18,0.7777777777777778
4469,13,3,1,0,0,17,0.7647058823529411
4470,15,3,1,1,0,20,0.75
4471,15,3,2,0,0,20,0.75
4472,14,3,1,0,0,18,0.7777777777777778
4473,15,3,1,0,0,19,0.7894736842105263
4474,15,3,1,0,0,19,0.7894736842105263
4475,16,3,1,0,0,20,0.8
4476,15,3,0,0,0,18,0.8333333333333334
4477,15,3,1,0,0,19,0.7894736842105263
4478,14,3,1,0,0,18,0.7777777777777778
4479,15,3,1,0,0,19,0.7894736842105263
4480,15,3,1,0,0,19,0.7894736842105263
4481,13,3,0,1,0,17,0.7647058823529411
4482,13,3,1,0,0,17,0.7647058823529411
4483,14,3,1,0,0,18,0.7777777777777778
4484,14,3,2,1,0,20,0.7
4485,15,2,1,0,0,18,0.8333333333333334
4486,15,3,1,1,0,20,0.75
4487,15,3,1,1,0,20,0.75
4488,14,3,0,1,0,18,0.7777777777777778
4489,15,3,2,1,0,21,0.7142857142857143
4490,15,3,2,1,0,21,0.7142857142857143
4491,15,2,1,1,0,19,0.7894736842105263
4492,15,3,1,1,0,20,0.75
4493,14,3,0,1,0,18,0.7777777777777778
4494,13,3,0,1,0,17,0.7647058823529411
4495,15,3,0,1,0,19,0.7894736842105263
4496,15,3,1,1,0,20,0.75
4497,15,3,1,1,0,20,0.75
4498,14,3,1,1,0,19,0.7368421052631579
4499,15,3,0,1,0,19,0.7894736842105263
4500,13,3,0,1,0,17,0.7647058823529411
4501,14,3,1,1,0,19,0.7368421052631579
4502,14,3,0,1,0,18,0.7777777777777778
4503,15,3,0,1,0,19,0.7894736842105263
4504,14,3,1,1,0,19,0.7368421052631579
4505,13,2,1,1,0,17,0.7647058823529411
4506,15,3,1,1,0,20,0.75
4507,15,3,0,1,0,19,0.7894736842105263
4508,13,3,0,1,0,17,0.7647058823529411
4509,15,3,0,1,0,19,0.7894736842105263
4510,14,3,1,1,0,19,0.7368421052631579
4511,14,3,1,1,0,19,0.7368421052631579
4512,14,3,1,1,0,19,0.7368421052631579
4513,14,3,2,1,0,20,0.7
4514,15,3,1,1,0,20,0.75
4515,16,3,2,1,0,22,0.7272727272727273
4516,14,3,2,1,0,20,0.7
4517,12,3,1,1,0,17,0.7058823529411765
4518,14,3,1,1,0,19,0.7368421052631579
4519,14,3,0,1,0,18,0.7777777777777778
4520,14,3,2,1,0,20,0.7
4521,15,3,0,1,0,19,0.7894736842105263
4522,13,3,2,1,0,19,0.6842105263157895
4523,14,3,0,1,0,18,0.7777777777777778
4524,15,3,1,1,0,20,0.75
4525,15,3,2,1,0,21,0.7142857142857143
4526,14,3,3,1,0,21,0.6666666666666666
4527,15,3,1,1,0,20,0.75
4528,14,3,1,1,0,19,0.7368421052631579
4529,13,3,1,1,0,18,0.7222222222222222
4530,14,3,1,1,0,19,0.7368421052631579
4531,14,3,1,1,0,19,0.7368421052631579
4532,14,3,1,1,0,19,0.7368421052631579
4533,14,3,2,1,0,20,0.7
4534,14,3,3,1,0,21,0.6666666666666666
4535,12,3,3,1,0,19,0.631578947368421
4536,15,3,1,1,0,20,0.75
4537,15,3,2,1,0,21,0.7142857142857143
4538,14,3,1,1,0,19,0.7368421052631579
4539,15,3,2,1,0,21,0.7142857142857143
4540,14,3,2,1,0,20,0.7
4541,14,3,2,1,0,20,0.7
4542,14,3,2,1,0,20,0.7
4543,14,3,2,1,0,20,0.7
4544,15,3,2,1,0,21,0.7142857142857143
4545,14,3,1,1,0,19,0.7368421052631579
4546,13,3,2,1,0,19,0.6842105263157895
4547,14,3,2,1,0,20,0.7
4548,14,3,1,1,0,19,0.7368421052631579
4549,15,3,1,1,0,20,0.75
4550,13,3,1,1,0,18,0.7222222222222222
4551,12,3,2,1,0,18,0.6666666666666666
4552,13,3,2,1,0,19,0.6842105263157895
4553,14,3,1,1,0,19,0.7368421052631579
4554,14,3,1,1,0,19,0.7368421052631579
4555,13,2,1,1,0,17,0.7647058823529411
4556,13,3,2,1,0,19,0.6842105263157895
4557,12,3,1,1,0,17,0.7058823529411765
4558,13,3,1,1,0,18,0.7222222222222222
4559,12,3,2,1,0,18,0.6666666666666666
4560,12,2,1,1,0,16,0.75
4561,11,3,2,1,0,17,0.6470588235294118
4562,13,3,2,1,0,19,0.6842105263157895
4563,12,2,2,1,0,17,0.7058823529411765
4564,12,3,1,1,0,17,0.7058823529411765
4565,10,3,2,1,0,16,0.625
4566,12,3,1,1,0,17,0.7058823529411765
4567,12,3,1,1,0,17,0.7058823529411765
4568,9,1,2,1,0,13,0.6923076923076923
4569,11,2,2,1,0,16,0.6875
4570,12,3,2,1,0,18,0.6666666666666666
4571,12,2,3,1,0,18,0.6666666666666666
4572,12,2,3,1,0,18,0.6666666666666666
4573,13,3,2,1,0,19,0.6842105263157895
4574,13,3,2,1,0,19,0.6842105263157895
4575,14,1,2,0,0,17,0.8235294117647058
4576,13,2,2,0,0,17,0.7647058823529411
4577,13,2,2,0,0,17,0.7647058823529411
4578,11,3,3,0,0,17,0.6470588235294118
4579,12,3,1,0,0,16,0.75
4580,11,3,2,0,0,16,0.6875
4581,11,3,2,0,0,16,0.6875
4582,13,3,2,0,0,18,0.7222222222222222
4583,13,3,2,0,0,18,0.7222222222222222
4584,12,3,2,0,0,17,0.7058823529411765
4585,10,3,1,0,0,14,0.7142857142857143
4586,12,3,1,0,0,16,0.75
4587,12,2,1,0,0,15,0.8
4588,13,1,3,0,0,17,0.7647058823529411
4589,12,2,3,0,0,17,0.7058823529411765
4590,13,2,2,0,0,17,0.7647058823529411
4591,13,2,2,0,0,17,0.7647058823529411
4592,10,2,2,0,0,14,0.7142857142857143
4593,13,1,3,0,0,17,0.7647058823529411
4594,14,2,2,0,0,18,0.7777777777777778
4595,12,2,2,0,0,16,0.75
4596,12,1,2,0,0,15,0.8
4597,13,2,2,0,0,17,0.7647058823529411
4598,11,1,2,0,0,14,0.7857142857142857
4599,12,2,2,0,0,16,0.75
4600,14,2,3,0,0,19,0.7368421052631579
4601,11,2,2,0,0,15,0.7333333333333333
4602,14,2,3,0,0,19,0.7368421052631579
4603,13,2,2,0,0,17,0.7647058823529411
4604,14,2,2,0,0,18,0.7777777777777778
4605,11,3,2,0,0,16,0.6875
4606,11,2,2,1,0,16,0.6875
4607,12,2,2,1,0,17,0.7058823529411765
4608,11,2,2,0,0,15,0.7333333333333333
4609,12,1,2,0,0,15,0.8
4610,13,1,2,0,0,16,0.8125
4611,13,2,4,0,0,19,0.6842105263157895
4612,9,1,5,0,0,15,0.6
4613,12,2,2,0,0,16,0.75
4614,12,2,2,0,0,16,0.75
4615,13,2,2,0,0,17,0.7647058823529411
4616,12,1,2,0,0,15,0.8
4617,12,2,3,0,0,17,0.7058823529411765
4618,15,2,1,0,0,18,0.8333333333333334
4619,14,2,3,0,0,19,0.7368421052631579
4620,12,2,2,0,0,16,0.75
4621,13,2,2,0,0,17,0.7647058823529411
4622,12,3,2,0,0,17,0.7058823529411765
4623,12,2,2,0,0,16,0.75
4624,12,1,3,0,0,16,0.75
4625,12,2,1,1,0,16,0.75
4626,12,2,2,0,0,16,0.75
4627,13,2,2,1,0,18,0.7222222222222222
4628,11,1,1,0,0,13,0.8461538461538461
4629,13,2,1,1,0,17,0.7647058823529411
4630,14,2,2,1,0,19,0.7368421052631579
4631,13,2,1,0,0,16,0.8125
4632,11,3,2,0,0,16,0.6875
4633,12,2,2,0,0,16,0.75
4634,12,3,2,0,0,17,0.7058823529411765
4635,12,2,2,1,0,17,0.7058823529411765
4636,11,2,2,0,0,15,0.7333333333333333
4637,12,3,2,1,0,18,0.6666666666666666
4638,11,3,2,1,0,17,0.6470588235294118
4639,12,3,1,0,0,16,0.75
4640,9,2,2,0,0,13,0.6923076923076923
4641,14,2,2,0,0,18,0.7777777777777778
4642,10,2,2,0,0,14,0.7142857142857143
4643,14,3,2,1,0,20,0.7
4644,12,2,2,0,0,16,0.75
4645,11,2,2,0,0,15,0.7333333333333333
4646,15,2,3,0,0,20,0.75
4647,13,2,2,0,0,17,0.7647058823529411
4648,12,2,2,1,0,17,0.7058823529411765
4649,11,2,3,1,0,17,0.6470588235294118
4650,12,2,2,1,0,17,0.7058823529411765
4651,11,2,3,1,0,17,0.6470588235294118
4652,14,2,2,0,0,18,0.7777777777777778
4653,13,1,2,0,0,16,0.8125
4654,14,3,2,1,0,20,0.7
4655,13,2,2,1,0,18,0.7222222222222222
4656,13,1,2,1,0,17,0.7647058823529411
4657,12,1,2,1,0,16,0.75
4658,14,1,2,1,0,18,0.7777777777777778
4659,14,1,2,1,0,18,0.7777777777777778
4660,13,2,1,0,0,16,0.8125
4661,15,2,1,0,0,18,0.8333333333333334
4662,13,2,1,0,0,16,0.8125
4663,14,1,2,0,0,17,0.8235294117647058
4664,13,2,2,0,0,17,0.7647058823529411
4665,13,1,2,0,0,16,0.8125
4666,10,2,2,0,0,14,0.7142857142857143
4667,14,1,2,0,0,17,0.8235294117647058
4668,14,2,2,0,0,18,0.7777777777777778
4669,14,2,1,1,0,18,0.7777777777777778
4670,15,1,2,0,0,18,0.8333333333333334
4671,15,1,1,0,0,17,0.8823529411764706
4672,12,1,2,0,0,15,0.8
4673,14,2,1,0,0,17,0.8235294117647058
4674,13,2,2,1,0,18,0.7222222222222222
4675,14,1,2,0,0,17,0.8235294117647058
4676,14,1,2,0,0,17,0.8235294117647058
4677,14,2,2,0,0,18,0.7777777777777778
4678,11,2,2,0,0,15,0.7333333333333333
4679,14,1,1,1,0,17,0.8235294117647058
4680,14,1,2,0,0,17,0.8235294117647058
4681,15,2,1,0,0,18,0.8333333333333334
4682,14,1,1,0,0,16,0.875
4683,14,2,2,0,0,18,0.7777777777777778
4684,14,1,2,0,0,17,0.8235294117647058
4685,14,2,2,0,0,18,0.7777777777777778
4686,15,2,2,0,0,19,0.7894736842105263
4687,12,2,2,0,0,16,0.75
4688,15,1,2,0,0,18,0.8333333333333334
4689,14,2,2,0,0,18,0.7777777777777778
4690,15,1,3,0,0,19,0.7894736842105263
4691,13,3,3,0,0,19,0.6842105263157895
4692,15,2,2,0,0,19,0.7894736842105263
4693,15,2,2,0,0,19,0.7894736842105263
4694,12,2,2,0,0,16,0.75
4695,13,2,2,0,0,17,0.7647058823529411
4696,11,3,2,0,0,16,0.6875
4697,11,3,2,0,0,16,0.6875
4698,12,3,2,0,0,17,0.7058823529411765
4699,14,1,2,0,0,17,0.8235294117647058
4700,13,2,2,0,0,17,0.7647058823529411
4701,12,3,2,0,0,17,0.7058823529411765
4702,12,3,2,0,0,17,0.7058823529411765
4703,14,3,2,0,0,19,0.7368421052631579
4704,11,3,2,0,0,16,0.6875
4705,13,2,2,0,0,17,0.7647058823529411
4706,13,2,2,0,0,17,0.7647058823529411
4707,13,3,2,0,0,18,0.7222222222222222
4708,12,2,2,0,0,16,0.75
4709,16,2,2,0,0,20,0.8
4710,11,3,2,0,0,16,0.6875
4711,13,2,2,0,0,17,0.7647058823529411
4712,14,2,2,0,0,18,0.7777777777777778
4713,15,1,2,0,0,18,0.8333333333333334
4714,15,2,2,0,0,19,0.7894736842105263
4715,13,2,2,0,0,17,0.7647058823529411
4716,11,2,2,0,0,15,0.7333333333333333
4717,12,1,2,0,0,15,0.8
4718,14,2,2,0,0,18,0.7777777777777778
4719,13,3,2,0,0,18,0.7222222222222222
4720,12,2,2,0,0,16,0.75
4721,14,3,2,0,0,19,0.7368421052631579
4722,12,3,2,0,0,17,0.7058823529411765
4723,11,3,2,0,0,16,0.6875
4724,11,3,2,0,0,16,0.6875
4725,13,3,2,0,0,18,0.7222222222222222
4726,11,2,2,0,0,15,0.7333333333333333
4727,13,2,2,0,0,17,0.7647058823529411
4728,13,3,2,0,0,18,0.7222222222222222
4729,14,3,2,0,0,19,0.7368421052631579
4730,14,2,2,0,0,18,0.7777777777777778
4731,13,1,2,0,0,16,0.8125
4732,13,3,2,0,0,18,0.7222222222222222
4733,14,2,2,0,0,18,0.7777777777777778
4734,14,2,2,0,0,18,0.7777777777777778
4735,12,2,2,0,0,16,0.75
4736,14,2,2,0,0,18,0.7777777777777778
4737,12,3,2,0,0,17,0.7058823529411765
4738,14,3,2,0,0,19,0.7368421052631579
4739,13,2,2,0,0,17,0.7647058823529411
4740,12,2,2,0,0,16,0.75
4741,12,3,2,0,0,17,0.7058823529411765
4742,11,2,2,0,0,15,0.7333333333333333
4743,11,2,2,0,0,15,0.7333333333333333
4744,12,2,2,0,0,16,0.75
4745,14,3,2,0,0,19,0.7368421052631579
4746,11,3,2,0,0,16,0.6875
4747,12,3,2,0,0,17,0.7058823529411765
4748,13,2,2,0,0,17,0.7647058823529411
4749,11,3,2,0,0,16,0.6875
4750,14,1,2,0,0,17,0.8235294117647058
4751,12,3,2,0,0,17,0.7058823529411765
4752,14,3,2,0,0,19,0.7368421052631579
4753,12,3,2,0,0,17,0.7058823529411765
4754,12,3,2,0,0,17,0.7058823529411765
4755,15,1,2,0,0,18,0.8333333333333334
4756,10,3,2,0,0,15,0.6666666666666666
4757,11,2,2,0,0,15,0.7333333333333333
4758,12,2,2,0,0,16,0.75
4759,11,4,2,0,0,17,0.6470588235294118
4760,15,3,2,0,0,20,0.75
4761,14,3,2,0,0,19,0.7368421052631579
4762,14,4,2,0,0,20,0.7
4763,15,2,2,0,0,19,0.7894736842105263
4764,13,2,2,0,0,17,0.7647058823529411
4765,14,3,2,0,0,19,0.7368421052631579
4766,12,3,2,0,0,17,0.7058823529411765
4767,12,2,2,0,0,16,0.75
4768,14,2,2,0,0,18,0.7777777777777778
4769,17,2,2,0,0,21,0.8095238095238095
4770,14,3,2,0,0,19,0.7368421052631579
4771,13,3,2,0,0,18,0.7222222222222222
4772,15,2,2,0,0,19,0.7894736842105263
4773,16,1,2,0,0,19,0.8421052631578947
4774,14,2,2,0,0,18,0.7777777777777778
4775,10,3,2,0,0,15,0.6666666666666666
4776,12,2,2,0,0,16,0.75
4777,13,3,2,0,0,18,0.7222222222222222
4778,15,2,2,0,0,19,0.7894736842105263
4779,13,1,2,0,0,16,0.8125
4780,14,3,2,0,0,19,0.7368421052631579
4781,14,2,2,0,0,18,0.7777777777777778
4782,14,3,2,0,0,19,0.7368421052631579
4783,16,3,2,0,0,21,0.7619047619047619
4784,15,3,2,0,0,20,0.75
4785,15,2,2,0,0,19,0.7894736842105263
4786,11,2,2,0,0,15,0.7333333333333333
4787,13,3,2,0,0,18,0.7222222222222222
4788,10,2,2,0,0,14,0.7142857142857143
4789,12,2,2,0,0,16,0.75
4790,14,2,2,0,0,18,0.7777777777777778
4791,15,2,2,0,0,19,0.7894736842105263
4792,11,3,2,0,0,16,0.6875
4793,12,2,2,0,0,16,0.75
4794,14,2,2,0,0,18,0.7777777777777778
4795,16,2,3,0,0,21,0.7619047619047619
4796,13,1,3,0,0,17,0.7647058823529411
4797,13,2,2,0,0,17,0.7647058823529411
4798,14,1,3,0,0,18,0.7777777777777778
4799,12,3,3,0,0,18,0.6666666666666666
4800,13,3,3,0,0,19,0.6842105263157895
4801,15,2,3,0,0,20,0.75
4802,12,2,2,0,0,16,0.75
4803,13,2,3,0,0,18,0.7222222222222222
4804,13,3,2,0,0,18,0.7222222222222222
4805,13,2,2,0,0,17,0.7647058823529411
4806,14,2,2,0,0,18,0.7777777777777778
4807,15,2,2,0,0,19,0.7894736842105263
4808,15,3,2,0,0,20,0.75
4809,11,3,2,0,0,16,0.6875
4810,12,1,3,0,0,16,0.75
4811,12,2,3,0,0,17,0.7058823529411765
4812,13,2,3,0,0,18,0.7222222222222222
4813,15,2,3,0,0,20,0.75
4814,12,1,3,0,0,16,0.75
4815,15,1,3,0,0,19,0.7894736842105263
4816,12,1,3,0,0,16,0.75
4817,15,2,3,0,0,20,0.75
4818,15,1,3,0,0,19,0.7894736842105263
4819,13,1,3,0,0,17,0.7647058823529411
4820,15,0,3,0,0,18,0.8333333333333334
4821,11,2,3,0,0,16,0.6875
4822,14,2,3,0,0,19,0.7368421052631579
4823,14,1,3,0,0,18,0.7777777777777778
4824,14,1,3,0,0,18,0.7777777777777778
4825,13,1,3,0,0,17,0.7647058823529411
4826,12,3,3,0,0,18,0.6666666666666666
4827,14,1,3,0,0,18,0.7777777777777778
4828,11,2,3,0,0,16,0.6875
4829,11,2,3,0,0,16,0.6875
4830,14,2,3,0,0,19,0.7368421052631579
4831,15,2,3,0,0,20,0.75
4832,15,2,3,0,0,20,0.75
4833,11,1,3,0,0,15,0.7333333333333333
4834,12,1,3,0,0,16,0.75
4835,11,2,3,0,0,16,0.6875
4836,14,1,3,0,0,18,0.7777777777777778
4837,11,1,3,0,0,15,0.7333333333333333
4838,14,2,3,0,0,19,0.7368421052631579
4839,13,2,3,0,0,18,0.7222222222222222
4840,14,1,3,0,0,18,0.7777777777777778
4841,14,2,3,0,0,19,0.7368421052631579
4842,11,1,3,0,0,15,0.7333333333333333
4843,11,1,3,0,0,15,0.7333333333333333
4844,11,1,3,0,0,15,0.7333333333333333
4845,13,0,3,0,0,16,0.8125
4846,11,1,3,0,0,15,0.7333333333333333
4847,13,2,3,0,0,18,0.7222222222222222
4848,11,2,2,0,0,15,0.7333333333333333
4849,13,2,2,0,0,17,0.7647058823529411
4850,13,2,2,0,0,17,0.7647058823529411
4851,12,3,2,0,0,17,0.7058823529411765
4852,11,3,2,0,0,16,0.6875
4853,11,3,2,0,0,16,0.6875
4854,13,3,2,0,0,18,0.7222222222222222
4855,13,1,2,0,0,16,0.8125
4856,12,2,2,0,0,16,0.75
4857,15,3,2,0,0,20,0.75
4858,14,3,2,0,0,19,0.7368421052631579
4859,13,2,2,0,0,17,0.7647058823529411
4860,14,2,2,0,0,18,0.7777777777777778
4861,12,2,2,0,0,16,0.75
4862,12,2,2,0,0,16,0.75
4863,11,3,2,0,0,16,0.6875
4864,13,2,3,0,0,18,0.7222222222222222
4865,11,2,2,0,0,15,0.7333333333333333
4866,15,3,2,0,0,20,0.75
4867,14,1,2,0,0,17,0.8235294117647058
4868,12,2,2,0,0,16,0.75
4869,16,1,2,0,0,19,0.8421052631578947
4870,16,1,2,0,0,19,0.8421052631578947
4871,15,1,3,0,0,19,0.7894736842105263
4872,11,2,2,0,0,15,0.7333333333333333
4873,13,0,3,0,0,16,0.8125
4874,17,0,3,0,0,20,0.85
4875,15,1,3,0,0,19,0.7894736842105263
4876,14,1,3,0,0,18,0.7777777777777778
4877,14,1,3,0,0,18,0.7777777777777778
4878,14,1,2,0,0,17,0.8235294117647058
4879,14,3,2,0,0,19,0.7368421052631579
4880,11,3,2,0,0,16,0.6875
4881,16,2,2,0,0,20,0.8
4882,14,3,2,0,0,19,0.7368421052631579
4883,11,1,2,0,0,14,0.7857142857142857
4884,14,2,2,0,0,18,0.7777777777777778
4885,13,2,2,0,0,17,0.7647058823529411
4886,11,2,2,0,0,15,0.7333333333333333
4887,13,2,2,0,0,17,0.7647058823529411
4888,11,2,2,0,0,15,0.7333333333333333
4889,14,1,2,0,0,17,0.8235294117647058
4890,11,3,2,0,0,16,0.6875
4891,12,1,3,0,0,16,0.75
4892,13,2,3,0,0,18,0.7222222222222222
4893,13,1,3,0,0,17,0.7647058823529411
4894,12,2,2,0,0,16,0.75
4895,13,2,3,0,0,18,0.7222222222222222
4896,14,0,3,0,0,17,0.8235294117647058
4897,12,2,3,0,0,17,0.7058823529411765
4898,14,2,3,0,0,19,0.7368421052631579
4899,13,0,3,0,0,16,0.8125
4900,13,0,3,0,0,16,0.8125
4901,12,1,2,0,0,15,0.8
4902,11,2,2,0,0,15,0.7333333333333333
4903,14,2,3,0,0,19,0.7368421052631579
4904,11,1,3,0,0,15,0.7333333333333333
4905,14,2,3,0,0,19,0.7368421052631579
4906,13,0,3,0,0,16,0.8125
4907,14,1,3,0,0,18,0.7777777777777778
4908,11,2,3,0,0,16,0.6875
4909,11,3,3,0,0,17,0.6470588235294118
4910,11,3,3,0,0,17,0.6470588235294118
4911,13,4,3,0,0,20,0.65
4912,14,3,2,0,0,19,0.7368421052631579
4913,14,1,2,0,0,17,0.8235294117647058
4914,11,2,2,0,0,15,0.7333333333333333
4915,13,1,2,0,0,16,0.8125
4916,11,3,2,0,0,16,0.6875
4917,13,3,2,0,0,18,0.7222222222222222
4918,12,3,2,0,0,17,0.7058823529411765
4919,12,3,3,0,0,18,0.6666666666666666
4920,12,3,2,0,0,17,0.7058823529411765
4921,12,1,3,0,0,16,0.75
4922,12,2,2,0,0,16,0.75
4923,15,2,2,0,0,19,0.7894736842105263
4924,14,3,2,0,0,19,0.7368421052631579
4925,14,2,2,0,0,18,0.7777777777777778
4926,13,3,3,0,0,19,0.6842105263157895
4927,14,2,2,0,0,18,0.7777777777777778
4928,14,2,3,0,0,19,0.7368421052631579
4929,13,4,3,0,0,20,0.65
4930,12,1,2,0,0,15,0.8
4931,16,3,2,0,0,21,0.7619047619047619
4932,14,1,2,0,0,17,0.8235294117647058
4933,14,2,2,0,0,18,0.7777777777777778
4934,13,1,3,0,0,17,0.7647058823529411
4935,14,2,2,0,0,18,0.7777777777777778
4936,14,1,3,0,0,18,0.7777777777777778
4937,14,2,3,0,0,19,0.7368421052631579
4938,14,2,1,0,0,17,0.8235294117647058
4939,13,2,1,0,0,16,0.8125
4940,14,3,2,0,0,19,0.7368421052631579
4941,13,3,1,0,0,17,0.7647058823529411
4942,14,3,1,0,0,18,0.7777777777777778
4943,14,2,2,0,0,18,0.7777777777777778
4944,14,2,2,0,0,18,0.7777777777777778
4945,15,2,2,0,0,19,0.7894736842105263
4946,13,3,2,0,0,18,0.7222222222222222
4947,10,3,2,0,0,15,0.6666666666666666
4948,11,2,2,0,0,15,0.7333333333333333
4949,13,2,2,0,0,17,0.7647058823529411
4950,15,3,2,0,0,20,0.75
4951,13,3,2,0,0,18,0.7222222222222222
4952,15,2,3,0,0,20,0.75
4953,13,3,2,0,0,18,0.7222222222222222
4954,12,4,2,0,0,18,0.6666666666666666
4955,11,3,2,0,0,16,0.6875
4956,10,2,2,0,0,14,0.7142857142857143
4957,13,3,2,0,0,18,0.7222222222222222
4958,14,2,2,0,0,18,0.7777777777777778
4959,12,2,2,0,0,16,0.75
4960,16,3,2,0,0,21,0.7619047619047619
4961,13,3,2,0,0,18,0.7222222222222222
4962,14,3,2,0,0,19,0.7368421052631579
4963,14,3,2,0,0,19,0.7368421052631579
4964,14,2,2,0,0,18,0.7777777777777778
4965,13,3,2,0,0,18,0.7222222222222222
4966,14,3,2,0,0,19,0.7368421052631579
4967,14,3,2,0,0,19,0.7368421052631579
4968,14,1,3,0,0,18,0.7777777777777778
4969,15,1,3,0,0,19,0.7894736842105263
4970,13,0,3,0,0,16,0.8125
4971,14,1,3,0,0,18,0.7777777777777778
4972,14,2,3,0,0,19,0.7368421052631579
4973,12,2,3,0,0,17,0.7058823529411765
4974,13,3,2,0,0,18,0.7222222222222222
4975,12,3,3,0,0,18,0.6666666666666666
4976,14,3,3,0,0,20,0.7
4977,14,1,3,0,0,18,0.7777777777777778
4978,13,1,2,0,0,16,0.8125
4979,14,1,2,0,0,17,0.8235294117647058
4980,15,1,2,0,0,18,0.8333333333333334
4981,13,1,2,0,0,16,0.8125
4982,12,2,2,0,0,16,0.75
4983,13,1,1,0,0,15,0.8666666666666667
4984,15,2,2,0,0,19,0.7894736842105263
4985,14,2,2,0,0,18,0.7777777777777778
4986,13,1,1,0,0,15,0.8666666666666667
4987,12,1,2,0,0,15,0.8
4988,12,1,2,0,0,15,0.8
4989,13,1,1,0,0,15,0.8666666666666667
4990,12,1,1,0,0,14,0.8571428571428571
4991,13,1,2,0,0,16,0.8125
4992,10,1,1,0,0,12,0.8333333333333334
4993,12,1,2,0,0,15,0.8
4994,14,1,2,0,0,17,0.8235294117647058
4995,12,1,2,0,0,15,0.8
4996,12,1,2,0,0,15,0.8
4997,13,1,2,0,0,16,0.8125
4998,13,1,2,0,0,16,0.8125
4999,13,1,1,0,0,15,0.8666666666666667
5000,13,1,1,0,0,15,0.8666666666666667
5001,15,1,1,0,0,17,0.8823529411764706
5002,14,1,2,0,0,17,0.8235294117647058
5003,12,1,2,0,0,15,0.8
5004,12,1,2,0,0,15,0.8
5005,11,1,2,0,0,14,0.7857142857142857
5006,12,2,1,0,0,15,0.8
5007,11,1,2,0,0,14,0.7857142857142857
5008,14,1,1,0,0,16,0.875
5009,11,1,2,0,0,14,0.7857142857142857
5010,12,1,1,0,0,14,0.8571428571428571
5011,14,1,2,0,0,17,0.8235294117647058
5012,13,1,2,0,0,16,0.8125
5013,13,1,2,0,0,16,0.8125
5014,12,1,1,0,0,14,0.8571428571428571
5015,12,1,1,0,0,14,0.8571428571428571
5016,11,1,2,0,0,14,0.7857142857142857
5017,13,1,3,0,0,17,0.7647058823529411
5018,13,1,2,0,0,16,0.8125
5019,11,1,2,0,0,14,0.7857142857142857
5020,13,1,2,0,0,16,0.8125
5021,13,2,1,0,0,16,0.8125
5022,13,2,1,0,0,16,0.8125
5023,11,1,1,0,0,13,0.8461538461538461
5024,14,1,2,0,0,17,0.8235294117647058
5025,12,1,2,0,0,15,0.8
5026,13,2,1,0,0,16,0.8125
5027,11,1,1,0,0,13,0.8461538461538461
5028,12,1,1,0,0,14,0.8571428571428571
5029,12,2,2,0,0,16,0.75
5030,12,1,1,0,0,14,0.8571428571428571
5031,13,2,2,0,0,17,0.7647058823529411
5032,13,1,2,0,0,16,0.8125
5033,12,0,0,0,0,12,1.0
5034,14,2,1,0,0,17,0.8235294117647058
5035,13,1,1,0,0,15,0.8666666666666667
5036,13,1,2,0,0,16,0.8125
5037,11,2,2,0,0,15,0.7333333333333333
5038,12,2,2,0,0,16,0.75
5039,13,1,2,0,0,16,0.8125
5040,12,1,1,0,0,14,0.8571428571428571
5041,13,2,1,0,0,16,0.8125
5042,13,2,1,0,0,16,0.8125
5043,13,1,2,0,0,16,0.8125
5044,11,1,2,0,0,14,0.7857142857142857
5045,12,1,2,0,0,15,0.8
5046,12,2,2,0,0,16,0.75
5047,12,2,1,0,0,15,0.8
5048,12,1,1,0,0,14,0.8571428571428571
5049,11,1,2,0,0,14,0.7857142857142857
5050,13,2,2,0,0,17,0.7647058823529411
5051,12,2,1,0,0,15,0.8
5052,12,1,1,0,0,14,0.8571428571428571
5053,10,1,2,0,0,13,0.7692307692307693
5054,12,1,2,0,0,15,0.8
5055,11,1,1,0,0,13,0.8461538461538461
5056,12,1,2,0,0,15,0.8
5057,12,1,1,0,0,14,0.8571428571428571
5058,14,1,2,0,0,17,0.8235294117647058
5059,12,2,2,0,0,16,0.75
5060,13,2,2,0,0,17,0.7647058823529411
5061,13,1,1,0,0,15,0.8666666666666667
5062,12,1,2,0,0,15,0.8
5063,12,1,3,0,0,16,0.75
5064,11,1,1,0,0,13,0.8461538461538461
5065,12,1,1,0,0,14,0.8571428571428571
5066,9,1,2,0,0,12,0.75
5067,11,1,2,0,0,14,0.7857142857142857
5068,13,2,2,0,0,17,0.7647058823529411
5069,12,1,1,0,0,14,0.8571428571428571
5070,13,1,1,0,0,15,0.8666666666666667
5071,11,2,2,0,0,15,0.7333333333333333
5072,13,2,2,0,0,17,0.7647058823529411
5073,13,1,1,0,0,15,0.8666666666666667
5074,11,1,2,0,0,14,0.7857142857142857
5075,12,3,2,0,0,17,0.7058823529411765
5076,12,1,2,0,0,15,0.8
5077,14,1,2,0,0,17,0.8235294117647058
5078,10,1,2,0,0,13,0.7692307692307693
5079,11,1,2,0,0,14,0.7857142857142857
5080,12,1,1,0,0,14,0.8571428571428571
5081,13,1,2,0,0,16,0.8125
5082,11,2,2,0,0,15,0.7333333333333333
5083,11,2,1,0,0,14,0.7857142857142857
5084,13,1,2,0,0,16,0.8125
5085,13,1,2,0,0,16,0.8125
5086,13,1,1,0,0,15,0.8666666666666667
5087,11,1,3,0,0,15,0.7333333333333333
5088,13,1,2,0,0,16,0.8125
5089,13,1,2,0,0,16,0.8125
5090,12,1,1,0,0,14,0.8571428571428571
5091,10,1,1,0,0,12,0.8333333333333334
5092,11,1,2,0,0,14,0.7857142857142857
5093,13,1,1,0,0,15,0.8666666666666667
5094,12,1,2,0,0,15,0.8
5095,13,1,2,0,0,16,0.8125
5096,11,1,2,0,0,14,0.7857142857142857
5097,12,1,2,0,0,15,0.8
5098,12,2,2,0,0,16,0.75
5099,12,1,2,0,0,15,0.8
5100,13,1,2,0,0,16,0.8125
5101,11,2,1,0,0,14,0.7857142857142857
5102,9,2,2,0,0,13,0.6923076923076923
5103,13,2,2,0,0,17,0.7647058823529411
5104,12,1,2,0,0,15,0.8
5105,12,2,2,0,0,16,0.75
5106,12,1,1,0,0,14,0.8571428571428571
5107,10,1,2,0,0,13,0.7692307692307693
5108,12,1,2,0,0,15,0.8
5109,12,1,1,0,0,14,0.8571428571428571
5110,12,1,2,0,0,15,0.8
5111,11,2,2,0,0,15,0.7333333333333333
5112,11,1,2,0,0,14,0.7857142857142857
5113,10,2,2,0,0,14,0.7142857142857143
5114,12,2,1,0,0,15,0.8
5115,13,0,1,0,0,14,0.9285714285714286
5116,13,2,1,0,0,16,0.8125
5117,12,1,1,0,0,14,0.8571428571428571
5118,12,1,1,0,0,14,0.8571428571428571
5119,13,2,1,0,0,16,0.8125
5120,12,1,1,0,0,14,0.8571428571428571
5121,12,1,2,0,0,15,0.8
5122,13,2,2,0,0,17,0.7647058823529411
5123,12,2,1,0,0,15,0.8
5124,12,1,2,0,0,15,0.8
5125,11,1,1,0,0,13,0.8461538461538461
5126,12,2,2,0,0,16,0.75
5127,11,0,3,0,0,14,0.7857142857142857
5128,12,1,1,0,0,14,0.8571428571428571
5129,13,1,1,0,0,15,0.8666666666666667
5130,13,1,1,0,0,15,0.8666666666666667
5131,12,0,1,0,0,13,0.9230769230769231
5132,11,1,2,0,0,14,0.7857142857142857
5133,13,1,1,0,0,15,0.8666666666666667
5134,12,1,1,0,0,14,0.8571428571428571
5135,12,1,1,0,0,14,0.8571428571428571
5136,13,1,1,0,0,15,0.8666666666666667
5137,12,1,1,0,0,14,0.8571428571428571
5138,11,1,1,0,0,13,0.8461538461538461
5139,11,2,1,0,0,14,0.7857142857142857
5140,10,1,2,0,0,13,0.7692307692307693
5141,12,1,1,0,0,14,0.8571428571428571
5142,13,1,2,0,0,16,0.8125
5143,12,1,2,0,0,15,0.8
5144,13,1,2,0,0,16,0.8125
5145,13,1,1,0,0,15,0.8666666666666667
5146,12,1,2,0,0,15,0.8
5147,12,1,1,0,0,14,0.8571428571428571
5148,12,1,1,0,0,14,0.8571428571428571
5149,13,1,1,0,0,15,0.8666666666666667
5150,13,0,2,0,0,15,0.8666666666666667
5151,13,1,2,0,0,16,0.8125
5152,12,1,2,0,0,15,0.8
5153,13,1,2,0,0,16,0.8125
5154,13,1,1,0,0,15,0.8666666666666667
5155,13,1,2,0,0,16,0.8125
5156,13,1,2,0,0,16,0.8125
5157,13,1,2,0,0,16,0.8125
5158,11,1,1,0,0,13,0.8461538461538461
5159,13,1,1,0,0,15,0.8666666666666667
5160,11,1,1,0,0,13,0.8461538461538461
5161,10,0,1,0,0,11,0.9090909090909091
5162,12,1,1,0,0,14,0.8571428571428571
5163,11,1,2,0,0,14,0.7857142857142857
5164,10,1,2,0,0,13,0.7692307692307693
5165,12,1,2,0,0,15,0.8
5166,12,1,3,0,0,16,0.75
5167,13,2,2,0,0,17,0.7647058823529411
5168,11,1,3,0,0,15,0.7333333333333333
5169,11,1,1,0,0,13,0.8461538461538461
5170,12,1,2,0,0,15,0.8
5171,13,1,2,0,0,16,0.8125
5172,13,1,2,0,0,16,0.8125
5173,12,1,2,0,0,15,0.8
5174,13,1,1,0,0,15,0.8666666666666667
5175,13,1,1,0,0,15,0.8666666666666667
5176,13,1,1,0,0,15,0.8666666666666667
5177,11,1,2,0,0,14,0.7857142857142857
5178,13,1,2,0,0,16,0.8125
5179,12,1,2,0,0,15,0.8
5180,13,2,2,0,0,17,0.7647058823529411
5181,12,2,2,0,0,16,0.75
5182,11,1,1,0,0,13,0.8461538461538461
5183,12,1,1,0,0,14,0.8571428571428571
5184,12,1,1,0,0,14,0.8571428571428571
5185,11,1,1,0,0,13,0.8461538461538461
5186,13,1,2,0,0,16,0.8125
5187,13,1,2,0,0,16,0.8125
5188,11,1,2,0,0,14,0.7857142857142857
5189,13,1,1,0,0,15,0.8666666666666667
5190,12,1,2,0,0,15,0.8
5191,11,1,1,0,0,13,0.8461538461538461
5192,12,1,1,0,0,14,0.8571428571428571
5193,10,1,2,0,0,13,0.7692307692307693
5194,13,1,0,0,0,14,0.9285714285714286
5195,13,1,1,0,0,15,0.8666666666666667
5196,13,1,1,0,0,15,0.8666666666666667
5197,13,1,1,0,0,15,0.8666666666666667
5198,12,1,1,1,0,15,0.8
5199,13,1,1,0,0,15,0.8666666666666667
5200,13,1,2,0,0,16,0.8125
5201,12,1,1,0,0,14,0.8571428571428571
5202,13,1,1,0,0,15,0.8666666666666667
5203,13,1,2,0,0,16,0.8125
5204,12,1,2,0,0,15,0.8
5205,12,2,1,0,0,15,0.8
5206,13,2,1,0,0,16,0.8125
5207,10,0,1,0,0,11,0.9090909090909091
5208,12,0,1,0,0,13,0.9230769230769231
5209,13,1,1,0,0,15,0.8666666666666667
5210,12,1,1,0,0,14,0.8571428571428571
5211,11,1,0,0,0,12,0.9166666666666666
5212,12,2,2,0,0,16,0.75
5213,11,2,2,0,0,15,0.7333333333333333
5214,12,1,1,0,0,14,0.8571428571428571
5215,13,1,1,0,0,15,0.8666666666666667
5216,11,2,0,0,0,13,0.8461538461538461
5217,12,0,1,0,0,13,0.9230769230769231
5218,12,0,1,0,0,13,0.9230769230769231
5219,12,0,1,0,0,13,0.9230769230769231
5220,12,2,1,0,0,15,0.8
5221,12,0,1,0,0,13,0.9230769230769231
5222,11,2,1,0,0,14,0.7857142857142857
5223,13,1,1,0,0,15,0.8666666666666667
5224,9,1,0,0,0,10,0.9
5225,12,1,1,0,0,14,0.8571428571428571
5226,12,0,1,0,0,13,0.9230769230769231
5227,12,1,1,0,0,14,0.8571428571428571
5228,11,0,2,0,0,13,0.8461538461538461
5229,12,0,1,0,0,13,0.9230769230769231
5230,12,1,1,0,0,14,0.8571428571428571
5231,12,1,1,0,0,14,0.8571428571428571
5232,11,2,2,0,0,15,0.7333333333333333
5233,10,2,2,0,0,14,0.7142857142857143
5234,11,1,2,0,0,14,0.7857142857142857
5235,13,1,2,0,0,16,0.8125
5236,12,1,2,0,0,15,0.8
5237,11,1,3,0,0,15,0.7333333333333333
5238,12,0,3,0,0,15,0.8
5239,11,2,1,0,0,14,0.7857142857142857
5240,11,1,2,0,0,14,0.7857142857142857
5241,11,2,1,0,0,14,0.7857142857142857
5242,10,1,3,0,0,14,0.7142857142857143
5243,12,0,2,0,0,14,0.8571428571428571
5244,12,1,2,0,0,15,0.8
5245,11,1,3,0,0,15,0.7333333333333333
5246,12,2,1,0,0,15,0.8
5247,12,1,1,0,0,14,0.8571428571428571
5248,11,1,1,0,0,13,0.8461538461538461
5249,12,1,1,0,0,14,0.8571428571428571
5250,11,1,1,0,0,13,0.8461538461538461
5251,11,1,1,0,0,13,0.8461538461538461
5252,12,1,2,0,0,15,0.8
5253,11,1,1,0,0,13,0.8461538461538461
5254,12,1,1,0,0,14,0.8571428571428571
5255,12,1,1,0,0,14,0.8571428571428571
5256,13,0,1,0,0,14,0.9285714285714286
5257,11,0,1,0,0,12,0.9166666666666666
5258,12,1,1,0,0,14,0.8571428571428571
5259,11,1,2,0,0,14,0.7857142857142857
5260,10,1,1,0,0,12,0.8333333333333334
5261,9,0,2,0,0,11,0.8181818181818182
5262,12,2,1,0,0,15,0.8
5263,12,1,1,0,0,14,0.8571428571428571
5264,10,1,1,0,0,12,0.8333333333333334
5265,11,1,2,0,0,14,0.7857142857142857
5266,12,2,2,0,0,16,0.75
5267,10,2,1,0,0,13,0.7692307692307693
5268,12,1,1,0,0,14,0.8571428571428571
5269,11,1,1,0,0,13,0.8461538461538461
5270,12,0,1,0,0,13,0.9230769230769231
5271,11,1,1,0,0,13,0.8461538461538461
5272,12,1,2,0,0,15,0.8
5273,11,1,1,0,0,13,0.8461538461538461
5274,12,1,1,0,0,14,0.8571428571428571
5275,13,1,1,0,0,15,0.8666666666666667
5276,11,2,2,0,0,15,0.7333333333333333
5277,9,1,1,0,0,11,0.8181818181818182
5278,12,1,1,0,0,14,0.8571428571428571
5279,11,2,2,0,0,15,0.7333333333333333
5280,11,1,1,0,0,13,0.8461538461538461
5281,12,2,1,0,0,15,0.8
5282,11,2,1,0,0,14,0.7857142857142857
5283,12,1,1,0,0,14,0.8571428571428571
5284,11,1,1,0,0,13,0.8461538461538461
5285,11,1,2,0,0,14,0.7857142857142857
5286,11,1,1,0,0,13,0.8461538461538461
5287,12,1,1,0,0,14,0.8571428571428571
5288,11,1,1,0,0,13,0.8461538461538461
5289,13,2,1,0,0,16,0.8125
5290,11,1,1,0,0,13,0.8461538461538461
5291,12,1,2,0,0,15,0.8
5292,12,1,2,0,0,15,0.8
5293,13,2,1,0,0,16,0.8125
5294,13,1,2,0,0,16,0.8125
5295,13,2,1,0,0,16,0.8125
5296,11,3,1,0,0,15,0.7333333333333333
5297,10,0,1,0,0,11,0.9090909090909091
5298,12,2,1,0,0,15,0.8
5299,13,1,1,0,0,15,0.8666666666666667
5300,12,0,1,0,0,13,0.9230769230769231
5301,13,0,1,0,0,14,0.9285714285714286
5302,12,1,1,0,0,14,0.8571428571428571
5303,12,1,1,0,0,14,0.8571428571428571
5304,13,0,1,0,0,14,0.9285714285714286
5305,12,1,2,0,0,15,0.8
5306,11,1,1,0,0,13,0.8461538461538461
5307,12,2,1,0,0,15,0.8
5308,13,2,1,0,0,16,0.8125
5309,12,2,0,0,0,14,0.8571428571428571
5310,13,2,0,0,0,15,0.8666666666666667
5311,11,2,1,0,0,14,0.7857142857142857
5312,13,2,1,0,0,16,0.8125
5313,11,1,1,0,0,13,0.8461538461538461
5314,12,2,1,0,0,15,0.8
5315,10,1,1,0,0,12,0.8333333333333334
5316,12,1,1,0,0,14,0.8571428571428571
5317,12,2,1,0,0,15,0.8
5318,12,2,1,0,0,15,0.8
5319,13,2,1,0,0,16,0.8125
5320,13,2,1,0,0,16,0.8125
5321,12,2,1,0,0,15,0.8
5322,14,2,1,0,0,17,0.8235294117647058
5323,10,1,1,0,0,12,0.8333333333333334
5324,12,1,1,0,0,14,0.8571428571428571
5325,12,1,1,0,0,14,0.8571428571428571
5326,13,1,1,0,0,15,0.8666666666666667
5327,12,1,1,0,0,14,0.8571428571428571
5328,10,2,2,0,0,14,0.7142857142857143
5329,11,1,2,0,0,14,0.7857142857142857
5330,13,2,1,0,0,16,0.8125
5331,14,2,1,0,0,17,0.8235294117647058
5332,13,1,1,0,0,15,0.8666666666666667
5333,13,1,1,0,0,15,0.8666666666666667
5334,11,1,1,0,0,13,0.8461538461538461
5335,12,1,1,0,0,14,0.8571428571428571
5336,11,1,1,0,0,13,0.8461538461538461
5337,11,1,1,0,0,13,0.8461538461538461
5338,11,2,1,0,0,14,0.7857142857142857
5339,13,1,1,0,0,15,0.8666666666666667
5340,13,1,1,0,0,15,0.8666666666666667
5341,12,1,1,0,0,14,0.8571428571428571
5342,13,2,1,0,0,16,0.8125
5343,13,2,1,0,0,16,0.8125
5344,12,1,2,0,0,15,0.8
5345,12,1,1,0,0,14,0.8571428571428571
5346,13,2,1,0,0,16,0.8125
5347,12,1,1,0,0,14,0.8571428571428571
5348,9,1,1,0,0,11,0.8181818181818182
5349,13,1,2,0,0,16,0.8125
5350,12,1,1,0,0,14,0.8571428571428571
5351,11,1,2,0,0,14,0.7857142857142857
5352,11,2,2,0,0,15,0.7333333333333333
5353,12,2,1,0,0,15,0.8
5354,13,1,1,0,0,15,0.8666666666666667
5355,11,2,1,0,0,14,0.7857142857142857
5356,12,1,1,0,0,14,0.8571428571428571
5357,14,0,1,0,0,15,0.9333333333333333
5358,11,1,1,0,0,13,0.8461538461538461
5359,13,2,1,0,0,16,0.8125
5360,12,1,1,0,0,14,0.8571428571428571
5361,11,1,1,0,0,13,0.8461538461538461
5362,13,1,2,0,0,16,0.8125
5363,13,1,3,0,0,17,0.7647058823529411
5364,10,1,3,0,0,14,0.7142857142857143
5365,13,1,2,0,0,16,0.8125
5366,13,2,1,0,0,16,0.8125
5367,12,1,3,0,0,16,0.75
5368,12,1,2,0,0,15,0.8
5369,13,1,2,0,0,16,0.8125
5370,13,1,2,0,0,16,0.8125
5371,13,3,2,0,0,18,0.7222222222222222
5372,14,2,1,0,0,17,0.8235294117647058
5373,12,1,1,0,0,14,0.8571428571428571
5374,12,2,2,0,0,16,0.75
5375,13,1,2,0,0,16,0.8125
5376,11,1,3,0,0,15,0.7333333333333333
5377,12,1,4,0,0,17,0.7058823529411765
5378,10,1,4,0,0,15,0.6666666666666666
5379,10,1,3,0,0,14,0.7142857142857143
5380,10,1,4,0,0,15,0.6666666666666666
5381,12,2,3,0,0,17,0.7058823529411765
5382,14,1,2,0,0,17,0.8235294117647058
5383,11,3,4,0,0,18,0.6111111111111112
5384,13,2,2,0,0,17,0.7647058823529411
5385,13,2,2,0,0,17,0.7647058823529411
5386,13,2,2,0,0,17,0.7647058823529411
5387,14,2,1,0,0,17,0.8235294117647058
5388,11,2,2,0,0,15,0.7333333333333333
5389,11,2,2,0,0,15,0.7333333333333333
5390,13,1,1,0,0,15,0.8666666666666667
5391,12,3,2,0,0,17,0.7058823529411765
5392,12,2,2,0,0,16,0.75
5393,13,2,2,0,0,17,0.7647058823529411
5394,11,3,1,0,0,15,0.7333333333333333
5395,12,2,1,0,0,15,0.8
5396,13,1,0,0,0,14,0.9285714285714286
5397,14,1,0,0,0,15,0.9333333333333333
5398,12,2,2,0,0,16,0.75
5399,12,1,2,0,0,15,0.8
5400,13,1,1,0,0,15,0.8666666666666667
5401,13,2,1,0,0,16,0.8125
5402,14,2,1,0,0,17,0.8235294117647058
5403,14,1,2,0,0,17,0.8235294117647058
5404,12,1,1,0,0,14,0.8571428571428571
5405,10,1,1,0,0,12,0.8333333333333334
5406,10,2,1,0,0,13,0.7692307692307693
5407,13,1,2,0,0,16,0.8125
5408,14,1,2,0,0,17,0.8235294117647058
5409,14,1,2,0,0,17,0.8235294117647058
5410,13,1,1,0,0,15,0.8666666666666667
5411,13,1,1,0,0,15,0.8666666666666667
5412,14,1,1,0,0,16,0.875
5413,14,1,2,0,0,17,0.8235294117647058
5414,13,1,2,0,0,16,0.8125
5415,14,1,2,0,0,17,0.8235294117647058
5416,13,2,2,0,0,17,0.7647058823529411
5417,12,2,2,0,0,16,0.75
5418,12,1,2,0,0,15,0.8
5419,12,1,2,0,0,15,0.8
5420,12,1,2,0,0,15,0.8
5421,13,1,2,0,0,16,0.8125
5422,12,1,2,0,0,15,0.8
5423,13,1,2,0,0,16,0.8125
5424,12,2,2,0,0,16,0.75
5425,13,1,2,0,0,16,0.8125
5426,13,1,2,0,0,16,0.8125
5427,13,1,2,0,0,16,0.8125
5428,14,2,2,0,0,18,0.7777777777777778
5429,14,1,2,0,0,17,0.8235294117647058
5430,13,1,2,0,0,16,0.8125
5431,14,1,2,0,0,17,0.8235294117647058
5432,14,1,2,0,0,17,0.8235294117647058
5433,12,1,2,0,0,15,0.8
5434,12,1,2,0,0,15,0.8
5435,12,1,2,0,0,15,0.8
5436,13,2,2,0,0,17,0.7647058823529411
5437,14,1,2,0,0,17,0.8235294117647058
5438,13,2,2,0,0,17,0.7647058823529411
5439,13,2,1,0,0,16,0.8125
5440,13,1,2,0,0,16,0.8125
5441,12,1,2,0,0,15,0.8
5442,14,1,2,0,0,17,0.8235294117647058
5443,13,1,2,0,0,16,0.8125
5444,11,1,2,0,0,14,0.7857142857142857
5445,11,1,2,0,0,14,0.7857142857142857
5446,13,1,4,0,0,18,0.7222222222222222
5447,12,1,4,0,0,17,0.7058823529411765
5448,14,1,2,0,0,17,0.8235294117647058
5449,13,1,2,0,0,16,0.8125
5450,13,1,2,0,0,16,0.8125
5451,14,1,2,0,0,17,0.8235294117647058
5452,11,1,2,0,0,14,0.7857142857142857
5453,14,1,2,0,0,17,0.8235294117647058
5454,12,1,2,0,0,15,0.8
5455,13,1,2,0,0,16,0.8125
5456,13,1,3,0,0,17,0.7647058823529411
5457,14,2,2,0,0,18,0.7777777777777778
5458,13,1,2,0,0,16,0.8125
5459,15,1,1,0,0,17,0.8823529411764706
5460,13,2,0,0,0,15,0.8666666666666667
5461,12,1,2,0,0,15,0.8
5462,12,3,2,0,0,17,0.7058823529411765
5463,14,1,2,0,0,17,0.8235294117647058
5464,13,1,1,0,0,15,0.8666666666666667
5465,13,1,2,0,0,16,0.8125
5466,14,2,2,0,0,18,0.7777777777777778
5467,12,2,1,0,0,15,0.8
5468,13,2,1,0,0,16,0.8125
5469,14,1,2,0,0,17,0.8235294117647058
5470,12,2,1,0,0,15,0.8
5471,13,2,1,0,0,16,0.8125
5472,13,1,2,0,0,16,0.8125
5473,12,1,2,0,0,15,0.8
5474,15,2,0,0,0,17,0.8823529411764706
5475,13,1,2,0,0,16,0.8125
5476,13,1,2,0,0,16,0.8125
5477,12,1,2,0,0,15,0.8
5478,12,1,2,0,0,15,0.8
5479,14,1,1,0,0,16,0.875
5480,13,1,2,0,0,16,0.8125
5481,14,2,2,0,0,18,0.7777777777777778
5482,14,1,2,0,0,17,0.8235294117647058
5483,11,2,2,0,0,15,0.7333333333333333
5484,14,1,0,0,0,15,0.9333333333333333
5485,12,1,1,0,0,14,0.8571428571428571
5486,11,2,2,0,0,15,0.7333333333333333
5487,12,1,2,0,0,15,0.8
5488,14,2,1,0,0,17,0.8235294117647058
5489,14,2,1,0,0,17,0.8235294117647058
5490,14,2,2,0,0,18,0.7777777777777778
5491,13,2,1,0,0,16,0.8125
5492,11,2,2,0,0,15,0.7333333333333333
5493,15,2,1,0,0,18,0.8333333333333334
5494,15,2,2,0,0,19,0.7894736842105263
5495,13,2,2,0,0,17,0.7647058823529411
5496,14,2,2,0,0,18,0.7777777777777778
5497,14,2,1,0,0,17,0.8235294117647058
5498,13,2,2,0,0,17,0.7647058823529411
5499,14,1,1,0,0,16,0.875
5500,13,1,2,0,0,16,0.8125
5501,12,2,1,0,0,15,0.8
5502,13,2,2,0,0,17,0.7647058823529411
5503,13,2,1,0,0,16,0.8125
5504,15,2,0,0,0,17,0.8823529411764706
5505,14,2,1,0,0,17,0.8235294117647058
5506,14,2,1,0,0,17,0.8235294117647058
5507,12,2,1,0,0,15,0.8
5508,13,1,1,0,0,15,0.8666666666666667
5509,13,3,1,0,0,17,0.7647058823529411
5510,13,3,1,0,0,17,0.7647058823529411
5511,13,3,1,0,0,17,0.7647058823529411
5512,13,3,1,0,0,17,0.7647058823529411
5513,15,3,2,0,0,20,0.75
5514,11,3,1,0,0,15,0.7333333333333333
5515,13,2,1,0,0,16,0.8125
5516,14,1,1,0,0,16,0.875
5517,14,3,1,0,0,18,0.7777777777777778
5518,12,3,1,0,0,16,0.75
5519,11,4,1,0,0,16,0.6875
5520,14,3,1,0,0,18,0.7777777777777778
5521,13,3,1,0,0,17,0.7647058823529411
5522,15,4,2,0,0,21,0.7142857142857143
5523,14,4,1,0,0,19,0.7368421052631579
5524,11,3,2,0,0,16,0.6875
5525,10,4,1,0,0,15,0.6666666666666666
5526,14,2,2,0,0,18,0.7777777777777778
5527,13,4,1,0,0,18,0.7222222222222222
5528,14,3,2,0,0,19,0.7368421052631579
5529,12,4,1,0,0,17,0.7058823529411765
5530,14,2,2,0,0,18,0.7777777777777778
5531,14,2,1,0,0,17,0.8235294117647058
5532,14,3,1,0,0,18,0.7777777777777778
5533,14,4,1,0,0,19,0.7368421052631579
5534,13,2,1,0,0,16,0.8125
5535,13,2,1,0,0,16,0.8125
5536,14,4,1,0,0,19,0.7368421052631579
5537,13,3,1,0,0,17,0.7647058823529411
5538,15,3,1,0,0,19,0.7894736842105263
5539,14,4,1,0,0,19,0.7368421052631579
5540,14,4,1,0,0,19,0.7368421052631579
5541,12,3,2,0,0,17,0.7058823529411765
5542,14,1,2,0,0,17,0.8235294117647058
5543,13,2,2,0,0,17,0.7647058823529411
5544,13,0,3,0,0,16,0.8125
5545,13,0,2,0,0,15,0.8666666666666667
5546,14,0,2,0,0,16,0.875
5547,13,1,2,0,0,16,0.8125
5548,14,2,2,0,0,18,0.7777777777777778
5549,13,2,2,0,0,17,0.7647058823529411
5550,14,3,2,0,0,19,0.7368421052631579
5551,13,2,3,0,0,18,0.7222222222222222
5552,11,2,2,0,0,15,0.7333333333333333
5553,13,3,2,0,0,18,0.7222222222222222
5554,14,2,2,0,0,18,0.7777777777777778
5555,11,2,1,0,0,14,0.7857142857142857
5556,12,2,2,0,0,16,0.75
5557,12,2,2,0,0,16,0.75
5558,13,2,2,0,0,17,0.7647058823529411
5559,14,2,3,0,0,19,0.7368421052631579
5560,13,2,2,0,0,17,0.7647058823529411
5561,12,2,2,0,0,16,0.75
5562,13,2,2,0,0,17,0.7647058823529411
5563,13,2,2,0,0,17,0.7647058823529411
5564,13,2,2,0,0,17,0.7647058823529411
5565,12,2,2,0,0,16,0.75
5566,12,1,2,0,0,15,0.8
5567,13,2,2,0,0,17,0.7647058823529411
5568,14,2,1,0,0,17,0.8235294117647058
5569,12,2,2,0,0,16,0.75
5570,14,3,2,0,0,19,0.7368421052631579
5571,14,3,2,0,0,19,0.7368421052631579
5572,13,2,2,0,0,17,0.7647058823529411
5573,15,2,1,0,0,18,0.8333333333333334
5574,14,3,2,0,0,19,0.7368421052631579
5575,14,2,2,0,0,18,0.7777777777777778
5576,15,2,2,0,0,19,0.7894736842105263
5577,13,3,2,0,0,18,0.7222222222222222
5578,13,1,1,0,0,15,0.8666666666666667
5579,13,3,1,0,0,17,0.7647058823529411
5580,12,1,1,0,0,14,0.8571428571428571
5581,13,2,2,0,0,17,0.7647058823529411
5582,13,2,1,0,0,16,0.8125
5583,14,1,1,0,0,16,0.875
5584,12,2,2,0,0,16,0.75
5585,13,2,1,0,0,16,0.8125
5586,12,1,2,0,0,15,0.8
5587,14,1,1,0,0,16,0.875
5588,13,2,2,0,0,17,0.7647058823529411
5589,12,2,1,0,0,15,0.8
5590,15,2,1,0,0,18,0.8333333333333334
5591,12,2,2,0,0,16,0.75
5592,14,2,2,0,0,18,0.7777777777777778
5593,13,1,0,0,0,14,0.9285714285714286
5594,13,2,2,0,0,17,0.7647058823529411
5595,13,2,2,0,0,17,0.7647058823529411
5596,13,2,2,0,0,17,0.7647058823529411
5597,11,2,3,0,0,16,0.6875
5598,14,2,2,0,0,18,0.7777777777777778
5599,14,2,1,0,0,17,0.8235294117647058
