frame,n_hydrophobic,n_polar,n_pos_charged,n_neg_charged,n_other,n_total,frac_hydrophobic
0,18,3,1,0,0,22,0.8181818181818182
1,18,3,1,0,0,22,0.8181818181818182
2,17,3,1,0,0,21,0.8095238095238095
3,17,3,1,0,0,21,0.8095238095238095
4,16,3,1,0,0,20,0.8
5,14,3,1,0,0,18,0.7777777777777778
6,18,3,1,0,0,22,0.8181818181818182
7,21,3,1,0,0,25,0.84
8,17,3,1,0,0,21,0.8095238095238095
9,16,3,1,0,0,20,0.8
10,17,3,1,0,0,21,0.8095238095238095
11,16,3,1,0,0,20,0.8
12,17,3,1,0,0,21,0.8095238095238095
13,15,3,1,0,0,19,0.7894736842105263
14,17,3,1,0,0,21,0.8095238095238095
15,18,3,1,0,0,22,0.8181818181818182
16,15,3,1,0,0,19,0.7894736842105263
17,17,3,1,0,0,21,0.8095238095238095
18,18,3,1,0,0,22,0.8181818181818182
19,17,3,1,0,0,21,0.8095238095238095
20,16,3,1,0,0,20,0.8
21,20,3,1,0,0,24,0.8333333333333334
22,17,3,1,0,0,21,0.8095238095238095
23,15,3,1,0,0,19,0.7894736842105263
24,15,3,1,0,0,19,0.7894736842105263
25,18,3,1,0,0,22,0.8181818181818182
26,17,3,1,0,0,21,0.8095238095238095
27,18,3,1,0,0,22,0.8181818181818182
28,18,3,1,0,0,22,0.8181818181818182
29,20,3,1,0,0,24,0.8333333333333334
30,16,3,1,0,0,20,0.8
31,18,3,1,0,0,22,0.8181818181818182
32,17,3,1,0,0,21,0.8095238095238095
33,19,2,1,0,0,22,0.8636363636363636
34,16,3,1,0,0,20,0.8
35,19,3,1,0,0,23,0.8260869565217391
36,17,3,1,0,0,21,0.8095238095238095
37,17,3,1,0,0,21,0.8095238095238095
38,19,3,1,0,0,23,0.8260869565217391
39,13,3,1,0,0,17,0.7647058823529411
40,17,3,1,0,0,21,0.8095238095238095
41,17,3,1,0,0,21,0.8095238095238095
42,17,3,1,0,0,21,0.8095238095238095
43,16,3,1,0,0,20,0.8
44,16,3,1,0,0,20,0.8
45,19,3,1,0,0,23,0.8260869565217391
46,16,3,1,0,0,20,0.8
47,17,2,1,0,0,20,0.85
48,17,3,1,0,0,21,0.8095238095238095
49,18,3,1,0,0,22,0.8181818181818182
50,18,3,1,0,0,22,0.8181818181818182
51,17,3,1,0,0,21,0.8095238095238095
52,17,3,1,0,0,21,0.8095238095238095
53,18,3,1,0,0,22,0.8181818181818182
54,19,3,1,0,0,23,0.8260869565217391
55,16,3,1,0,0,20,0.8
56,13,3,1,0,0,17,0.7647058823529411
57,17,3,1,0,0,21,0.8095238095238095
58,15,3,1,0,0,19,0.7894736842105263
59,17,3,1,0,0,21,0.8095238095238095
60,18,3,1,0,0,22,0.8181818181818182
61,17,3,1,0,0,21,0.8095238095238095
62,17,3,1,0,0,21,0.8095238095238095
63,15,3,1,0,0,19,0.7894736842105263
64,17,3,1,0,0,21,0.8095238095238095
65,16,3,1,0,0,20,0.8
66,18,3,1,0,0,22,0.8181818181818182
67,15,3,1,0,0,19,0.7894736842105263
68,16,3,1,0,0,20,0.8
69,17,3,1,0,0,21,0.8095238095238095
70,16,3,1,0,0,20,0.8
71,21,3,1,0,0,25,0.84
72,14,3,1,0,0,18,0.7777777777777778
73,15,3,1,0,0,19,0.7894736842105263
74,17,3,1,0,0,21,0.8095238095238095
75,19,3,1,0,0,23,0.8260869565217391
76,19,3,1,0,0,23,0.8260869565217391
77,15,3,1,0,0,19,0.7894736842105263
78,18,3,1,0,0,22,0.8181818181818182
79,17,3,1,0,0,21,0.8095238095238095
80,17,3,1,0,0,21,0.8095238095238095
81,18,3,1,0,0,22,0.8181818181818182
82,16,3,1,0,0,20,0.8
83,17,3,1,0,0,21,0.8095238095238095
84,16,3,1,0,0,20,0.8
85,17,3,1,0,0,21,0.8095238095238095
86,19,3,1,0,0,23,0.8260869565217391
87,17,3,1,0,0,21,0.8095238095238095
88,15,3,1,0,0,19,0.7894736842105263
89,18,3,1,0,0,22,0.8181818181818182
90,18,3,1,0,0,22,0.8181818181818182
91,14,3,1,0,0,18,0.7777777777777778
92,16,3,1,0,0,20,0.8
93,19,3,1,0,0,23,0.8260869565217391
94,18,3,1,0,0,22,0.8181818181818182
95,15,3,1,0,0,19,0.7894736842105263
96,16,3,1,0,0,20,0.8
97,15,3,1,0,0,19,0.7894736842105263
98,17,3,1,0,0,21,0.8095238095238095
99,18,2,1,0,0,21,0.8571428571428571
100,19,3,1,0,0,23,0.8260869565217391
101,14,3,1,0,0,18,0.7777777777777778
102,13,3,1,0,0,17,0.7647058823529411
103,15,3,1,0,0,19,0.7894736842105263
104,14,3,1,0,0,18,0.7777777777777778
105,16,3,1,0,0,20,0.8
106,16,3,1,0,0,20,0.8
107,17,3,1,0,0,21,0.8095238095238095
108,15,3,1,0,0,19,0.7894736842105263
109,17,3,1,0,0,21,0.8095238095238095
110,17,2,1,0,0,20,0.85
111,18,3,1,0,0,22,0.8181818181818182
112,18,3,1,0,0,22,0.8181818181818182
113,16,3,1,0,0,20,0.8
114,15,3,1,0,0,19,0.7894736842105263
115,19,3,1,0,0,23,0.8260869565217391
116,16,3,1,0,0,20,0.8
117,14,3,1,0,0,18,0.7777777777777778
118,18,3,1,0,0,22,0.8181818181818182
119,19,3,1,0,0,23,0.8260869565217391
120,15,3,1,0,0,19,0.7894736842105263
121,16,3,1,0,0,20,0.8
122,18,3,1,0,0,22,0.8181818181818182
123,17,3,1,0,0,21,0.8095238095238095
124,18,3,1,0,0,22,0.8181818181818182
125,18,3,1,0,0,22,0.8181818181818182
126,16,3,1,0,0,20,0.8
127,18,3,1,0,0,22,0.8181818181818182
128,19,3,1,0,0,23,0.8260869565217391
129,17,3,1,0,0,21,0.8095238095238095
130,15,3,1,0,0,19,0.7894736842105263
131,18,3,1,0,0,22,0.8181818181818182
132,18,3,1,0,0,22,0.8181818181818182
133,16,3,1,0,0,20,0.8
134,15,3,1,0,0,19,0.7894736842105263
135,15,3,1,0,0,19,0.7894736842105263
136,18,3,1,0,0,22,0.8181818181818182
137,14,3,1,0,0,18,0.7777777777777778
138,17,3,1,0,0,21,0.8095238095238095
139,19,3,1,0,0,23,0.8260869565217391
140,15,3,1,0,0,19,0.7894736842105263
141,17,3,1,0,0,21,0.8095238095238095
142,17,3,1,0,0,21,0.8095238095238095
143,16,3,1,0,0,20,0.8
144,17,3,1,0,0,21,0.8095238095238095
145,16,3,1,0,0,20,0.8
146,13,3,1,0,0,17,0.7647058823529411
147,16,3,1,0,0,20,0.8
148,17,3,1,0,0,21,0.8095238095238095
149,17,3,1,0,0,21,0.8095238095238095
150,18,3,1,0,0,22,0.8181818181818182
151,18,3,1,0,0,22,0.8181818181818182
152,16,3,1,0,0,20,0.8
153,18,3,1,0,0,22,0.8181818181818182
154,15,3,1,0,0,19,0.7894736842105263
155,19,3,1,0,0,23,0.8260869565217391
156,18,3,1,0,0,22,0.8181818181818182
157,18,3,1,0,0,22,0.8181818181818182
158,16,3,1,0,0,20,0.8
159,16,3,1,0,0,20,0.8
160,16,3,1,0,0,20,0.8
161,18,3,1,0,0,22,0.8181818181818182
162,16,3,1,0,0,20,0.8
163,17,3,1,0,0,21,0.8095238095238095
164,15,3,1,0,0,19,0.7894736842105263
165,17,3,1,0,0,21,0.8095238095238095
166,15,3,1,0,0,19,0.7894736842105263
167,18,3,1,0,0,22,0.8181818181818182
168,16,3,1,0,0,20,0.8
169,17,3,1,0,0,21,0.8095238095238095
170,16,3,1,0,0,20,0.8
171,15,3,1,0,0,19,0.7894736842105263
172,15,2,1,0,0,18,0.8333333333333334
173,16,3,1,0,0,20,0.8
174,18,3,1,0,0,22,0.8181818181818182
175,17,3,1,0,0,21,0.8095238095238095
176,19,3,1,0,0,23,0.8260869565217391
177,21,3,1,0,0,25,0.84
178,19,3,1,0,0,23,0.8260869565217391
179,17,3,1,0,0,21,0.8095238095238095
180,19,3,1,0,0,23,0.8260869565217391
181,17,3,1,0,0,21,0.8095238095238095
182,16,3,1,0,0,20,0.8
183,18,3,1,0,0,22,0.8181818181818182
184,17,3,1,0,0,21,0.8095238095238095
185,17,3,1,0,0,21,0.8095238095238095
186,17,3,1,0,0,21,0.8095238095238095
187,19,3,1,0,0,23,0.8260869565217391
188,17,3,1,0,0,21,0.8095238095238095
189,19,3,1,0,0,23,0.8260869565217391
190,20,2,1,0,0,23,0.8695652173913043
191,17,3,1,0,0,21,0.8095238095238095
192,17,3,1,0,0,21,0.8095238095238095
193,16,3,1,0,0,20,0.8
194,16,3,1,0,0,20,0.8
195,18,3,1,0,0,22,0.8181818181818182
196,14,3,1,0,0,18,0.7777777777777778
197,16,3,1,0,0,20,0.8
198,18,3,1,0,0,22,0.8181818181818182
199,16,3,1,0,0,20,0.8
200,17,3,1,0,0,21,0.8095238095238095
201,18,3,1,0,0,22,0.8181818181818182
202,19,3,1,0,0,23,0.8260869565217391
203,17,3,1,0,0,21,0.8095238095238095
204,18,3,1,0,0,22,0.8181818181818182
205,19,3,1,0,0,23,0.8260869565217391
206,20,3,1,0,0,24,0.8333333333333334
207,16,3,1,0,0,20,0.8
208,17,3,1,0,0,21,0.8095238095238095
209,18,3,1,0,0,22,0.8181818181818182
210,15,3,1,0,0,19,0.7894736842105263
211,14,3,1,0,0,18,0.7777777777777778
212,20,3,1,0,0,24,0.8333333333333334
213,19,3,1,0,0,23,0.8260869565217391
214,14,3,1,0,0,18,0.7777777777777778
215,17,3,1,0,0,21,0.8095238095238095
216,18,3,1,0,0,22,0.8181818181818182
217,15,3,1,0,0,19,0.7894736842105263
218,16,3,1,0,0,20,0.8
219,18,3,1,0,0,22,0.8181818181818182
220,13,3,1,0,0,17,0.7647058823529411
221,18,3,1,0,0,22,0.8181818181818182
222,14,3,1,0,0,18,0.7777777777777778
223,18,3,1,0,0,22,0.8181818181818182
224,21,3,1,0,0,25,0.84
225,16,3,1,0,0,20,0.8
226,16,3,1,0,0,20,0.8
227,18,3,1,0,0,22,0.8181818181818182
228,20,3,1,0,0,24,0.8333333333333334
229,18,3,1,0,0,22,0.8181818181818182
230,17,3,1,0,0,21,0.8095238095238095
231,18,3,1,0,0,22,0.8181818181818182
232,19,3,1,0,0,23,0.8260869565217391
233,17,3,1,0,0,21,0.8095238095238095
234,20,3,1,0,0,24,0.8333333333333334
235,16,3,1,0,0,20,0.8
236,17,3,1,0,0,21,0.8095238095238095
237,17,3,1,0,0,21,0.8095238095238095
238,18,3,1,0,0,22,0.8181818181818182
239,19,3,1,0,0,23,0.8260869565217391
240,16,3,1,0,0,20,0.8
241,18,3,1,0,0,22,0.8181818181818182
242,16,3,1,0,0,20,0.8
243,17,3,1,0,0,21,0.8095238095238095
244,18,3,1,0,0,22,0.8181818181818182
245,18,3,1,0,0,22,0.8181818181818182
246,18,3,1,0,0,22,0.8181818181818182
247,18,3,1,0,0,22,0.8181818181818182
248,16,3,1,0,0,20,0.8
249,15,3,1,0,0,19,0.7894736842105263
250,19,3,1,0,0,23,0.8260869565217391
251,18,3,1,0,0,22,0.8181818181818182
252,18,3,1,0,0,22,0.8181818181818182
253,16,3,1,0,0,20,0.8
254,18,3,1,0,0,22,0.8181818181818182
255,16,2,1,0,0,19,0.8421052631578947
256,20,3,1,0,0,24,0.8333333333333334
257,18,3,1,0,0,22,0.8181818181818182
258,17,3,1,0,0,21,0.8095238095238095
259,18,2,1,0,0,21,0.8571428571428571
260,17,3,1,0,0,21,0.8095238095238095
261,18,3,1,0,0,22,0.8181818181818182
262,18,3,1,0,0,22,0.8181818181818182
263,18,3,1,0,0,22,0.8181818181818182
264,20,3,1,0,0,24,0.8333333333333334
265,16,3,1,0,0,20,0.8
266,17,3,1,0,0,21,0.8095238095238095
267,16,3,1,0,0,20,0.8
268,18,3,1,0,0,22,0.8181818181818182
269,20,3,1,0,0,24,0.8333333333333334
270,18,3,1,0,0,22,0.8181818181818182
271,16,3,1,0,0,20,0.8
272,20,3,1,0,0,24,0.8333333333333334
273,20,3,1,0,0,24,0.8333333333333334
274,17,3,1,0,0,21,0.8095238095238095
275,21,3,1,0,0,25,0.84
276,20,3,1,0,0,24,0.8333333333333334
277,17,3,1,0,0,21,0.8095238095238095
278,18,3,1,0,0,22,0.8181818181818182
279,19,3,1,0,0,23,0.8260869565217391
280,17,3,1,0,0,21,0.8095238095238095
281,18,3,1,0,0,22,0.8181818181818182
282,19,3,1,0,0,23,0.8260869565217391
283,22,3,1,0,0,26,0.8461538461538461
284,18,3,1,0,0,22,0.8181818181818182
285,17,3,1,0,0,21,0.8095238095238095
286,20,3,1,0,0,24,0.8333333333333334
287,18,3,1,0,0,22,0.8181818181818182
288,19,3,1,0,0,23,0.8260869565217391
289,16,3,1,0,0,20,0.8
290,18,3,1,0,0,22,0.8181818181818182
291,20,3,1,0,0,24,0.8333333333333334
292,20,3,1,0,0,24,0.8333333333333334
293,19,3,1,0,0,23,0.8260869565217391
294,15,3,1,0,0,19,0.7894736842105263
295,18,3,1,0,0,22,0.8181818181818182
296,20,3,1,0,0,24,0.8333333333333334
297,20,3,1,0,0,24,0.8333333333333334
298,19,3,1,0,0,23,0.8260869565217391
299,19,3,1,0,0,23,0.8260869565217391
300,18,3,1,0,0,22,0.8181818181818182
301,18,3,1,0,0,22,0.8181818181818182
302,17,3,1,0,0,21,0.8095238095238095
303,18,3,1,0,0,22,0.8181818181818182
304,19,3,1,0,0,23,0.8260869565217391
305,16,3,1,0,0,20,0.8
306,20,3,1,0,0,24,0.8333333333333334
307,21,3,1,0,0,25,0.84
308,20,3,1,0,0,24,0.8333333333333334
309,19,3,1,0,0,23,0.8260869565217391
310,20,3,1,0,0,24,0.8333333333333334
311,21,3,1,0,0,25,0.84
312,19,3,1,0,0,23,0.8260869565217391
313,20,3,1,0,0,24,0.8333333333333334
314,18,3,1,0,0,22,0.8181818181818182
315,20,3,1,0,0,24,0.8333333333333334
316,18,3,1,0,0,22,0.8181818181818182
317,19,3,1,0,0,23,0.8260869565217391
318,19,3,1,0,0,23,0.8260869565217391
319,16,3,1,0,0,20,0.8
320,17,3,1,0,0,21,0.8095238095238095
321,18,3,1,0,0,22,0.8181818181818182
322,19,3,1,0,0,23,0.8260869565217391
323,19,3,1,0,0,23,0.8260869565217391
324,18,3,1,0,0,22,0.8181818181818182
325,21,3,1,0,0,25,0.84
326,17,3,1,0,0,21,0.8095238095238095
327,18,3,1,0,0,22,0.8181818181818182
328,18,3,1,0,0,22,0.8181818181818182
329,20,3,1,0,0,24,0.8333333333333334
330,14,3,1,0,0,18,0.7777777777777778
331,21,3,1,0,0,25,0.84
332,19,3,1,0,0,23,0.8260869565217391
333,18,3,1,0,0,22,0.8181818181818182
334,20,3,1,0,0,24,0.8333333333333334
335,18,3,1,0,0,22,0.8181818181818182
336,19,3,1,0,0,23,0.8260869565217391
337,19,3,1,0,0,23,0.8260869565217391
338,19,3,1,0,0,23,0.8260869565217391
339,18,3,1,0,0,22,0.8181818181818182
340,20,3,1,0,0,24,0.8333333333333334
341,15,3,1,0,0,19,0.7894736842105263
342,13,3,1,0,0,17,0.7647058823529411
343,16,3,1,0,0,20,0.8
344,18,3,1,0,0,22,0.8181818181818182
345,16,3,1,0,0,20,0.8
346,18,3,1,0,0,22,0.8181818181818182
347,17,3,1,0,0,21,0.8095238095238095
348,19,3,1,0,0,23,0.8260869565217391
349,14,3,1,0,0,18,0.7777777777777778
350,17,3,1,0,0,21,0.8095238095238095
351,17,3,1,0,0,21,0.8095238095238095
352,17,3,1,0,0,21,0.8095238095238095
353,17,3,1,0,0,21,0.8095238095238095
354,18,3,1,0,0,22,0.8181818181818182
355,13,3,1,0,0,17,0.7647058823529411
356,18,3,1,0,0,22,0.8181818181818182
357,17,3,1,0,0,21,0.8095238095238095
358,20,3,1,0,0,24,0.8333333333333334
359,19,3,1,0,0,23,0.8260869565217391
360,18,3,1,0,0,22,0.8181818181818182
361,18,2,1,0,0,21,0.8571428571428571
362,15,3,1,0,0,19,0.7894736842105263
363,18,3,1,0,0,22,0.8181818181818182
364,20,3,1,0,0,24,0.8333333333333334
365,18,3,1,0,0,22,0.8181818181818182
366,17,3,1,0,0,21,0.8095238095238095
367,18,3,1,0,0,22,0.8181818181818182
368,20,3,1,0,0,24,0.8333333333333334
369,18,3,1,0,0,22,0.8181818181818182
370,18,3,1,0,0,22,0.8181818181818182
371,18,3,1,0,0,22,0.8181818181818182
372,14,3,1,0,0,18,0.7777777777777778
373,18,3,1,0,0,22,0.8181818181818182
374,19,3,1,0,0,23,0.8260869565217391
375,19,3,1,0,0,23,0.8260869565217391
376,16,3,1,0,0,20,0.8
377,18,3,1,0,0,22,0.8181818181818182
378,17,3,1,0,0,21,0.8095238095238095
379,19,3,1,0,0,23,0.8260869565217391
380,17,3,1,0,0,21,0.8095238095238095
381,19,3,1,0,0,23,0.8260869565217391
382,16,3,1,0,0,20,0.8
383,17,3,1,0,0,21,0.8095238095238095
384,15,3,1,0,0,19,0.7894736842105263
385,16,3,1,0,0,20,0.8
386,18,3,1,0,0,22,0.8181818181818182
387,15,3,1,0,0,19,0.7894736842105263
388,18,3,1,0,0,22,0.8181818181818182
389,16,3,1,0,0,20,0.8
390,19,3,1,0,0,23,0.8260869565217391
391,16,3,1,0,0,20,0.8
392,18,3,1,0,0,22,0.8181818181818182
393,16,3,1,0,0,20,0.8
394,19,3,1,0,0,23,0.8260869565217391
395,18,3,1,0,0,22,0.8181818181818182
396,19,3,1,0,0,23,0.8260869565217391
397,18,3,1,0,0,22,0.8181818181818182
398,20,3,1,0,0,24,0.8333333333333334
399,18,3,1,0,0,22,0.8181818181818182
400,17,3,1,0,0,21,0.8095238095238095
401,16,3,1,0,0,20,0.8
402,16,3,1,0,0,20,0.8
403,17,3,1,0,0,21,0.8095238095238095
404,18,3,1,0,0,22,0.8181818181818182
405,18,3,1,0,0,22,0.8181818181818182
406,19,3,1,0,0,23,0.8260869565217391
407,19,3,1,0,0,23,0.8260869565217391
408,16,3,1,0,0,20,0.8
409,18,3,1,0,0,22,0.8181818181818182
410,17,3,1,0,0,21,0.8095238095238095
411,18,3,1,0,0,22,0.8181818181818182
412,14,3,1,0,0,18,0.7777777777777778
413,15,3,1,0,0,19,0.7894736842105263
414,17,3,1,0,0,21,0.8095238095238095
415,16,3,1,0,0,20,0.8
416,17,3,1,0,0,21,0.8095238095238095
417,16,3,1,0,0,20,0.8
418,17,3,1,0,0,21,0.8095238095238095
419,17,3,1,0,0,21,0.8095238095238095
420,13,3,1,0,0,17,0.7647058823529411
421,17,3,1,0,0,21,0.8095238095238095
422,15,3,1,0,0,19,0.7894736842105263
423,16,3,1,0,0,20,0.8
424,15,3,1,0,0,19,0.7894736842105263
425,14,3,1,0,0,18,0.7777777777777778
426,15,3,1,0,0,19,0.7894736842105263
427,13,3,1,0,0,17,0.7647058823529411
428,17,3,1,0,0,21,0.8095238095238095
429,17,3,1,0,0,21,0.8095238095238095
430,17,3,1,0,0,21,0.8095238095238095
431,16,3,1,0,0,20,0.8
432,15,3,1,0,0,19,0.7894736842105263
433,16,3,1,0,0,20,0.8
434,16,3,1,0,0,20,0.8
435,16,3,1,0,0,20,0.8
436,18,3,1,0,0,22,0.8181818181818182
437,16,3,1,0,0,20,0.8
438,15,3,1,0,0,19,0.7894736842105263
439,17,4,1,0,0,22,0.7727272727272727
440,18,3,1,0,0,22,0.8181818181818182
441,16,3,1,0,0,20,0.8
442,17,3,1,0,0,21,0.8095238095238095
443,16,3,1,0,0,20,0.8
444,16,3,1,0,0,20,0.8
445,19,3,1,0,0,23,0.8260869565217391
446,17,3,1,0,0,21,0.8095238095238095
447,16,3,1,0,0,20,0.8
448,17,3,1,0,0,21,0.8095238095238095
449,17,3,1,0,0,21,0.8095238095238095
450,16,3,1,0,0,20,0.8
451,16,3,1,0,0,20,0.8
452,16,3,1,0,0,20,0.8
453,17,3,1,0,0,21,0.8095238095238095
454,19,3,1,0,0,23,0.8260869565217391
455,17,3,1,0,0,21,0.8095238095238095
456,19,3,1,0,0,23,0.8260869565217391
457,19,3,1,0,0,23,0.8260869565217391
458,17,3,2,0,0,22,0.7727272727272727
459,18,3,1,0,0,22,0.8181818181818182
460,17,3,1,0,0,21,0.8095238095238095
461,16,3,1,0,0,20,0.8
462,17,4,1,0,0,22,0.7727272727272727
463,17,4,1,0,0,22,0.7727272727272727
464,16,3,1,0,0,20,0.8
465,15,4,1,0,0,20,0.75
466,18,3,1,0,0,22,0.8181818181818182
467,20,3,1,0,0,24,0.8333333333333334
468,19,3,1,0,0,23,0.8260869565217391
469,17,4,1,0,0,22,0.7727272727272727
470,16,3,1,0,0,20,0.8
471,15,3,1,0,0,19,0.7894736842105263
472,16,4,1,0,0,21,0.7619047619047619
473,17,3,1,0,0,21,0.8095238095238095
474,16,3,1,0,0,20,0.8
475,17,3,2,0,0,22,0.7727272727272727
476,17,3,1,0,0,21,0.8095238095238095
477,16,3,1,0,0,20,0.8
478,18,3,2,0,0,23,0.782608695652174
479,18,3,1,0,0,22,0.8181818181818182
480,17,3,1,0,0,21,0.8095238095238095
481,17,3,1,0,0,21,0.8095238095238095
482,17,3,1,0,0,21,0.8095238095238095
483,17,3,1,0,0,21,0.8095238095238095
484,17,3,1,0,0,21,0.8095238095238095
485,15,3,2,0,0,20,0.75
486,17,3,1,0,0,21,0.8095238095238095
487,16,3,1,0,0,20,0.8
488,17,3,1,0,0,21,0.8095238095238095
489,16,3,1,0,0,20,0.8
490,16,3,1,0,0,20,0.8
491,16,3,1,0,0,20,0.8
492,20,3,1,0,0,24,0.8333333333333334
493,18,3,1,0,0,22,0.8181818181818182
494,17,3,1,0,0,21,0.8095238095238095
495,18,3,1,0,0,22,0.8181818181818182
496,17,3,1,0,0,21,0.8095238095238095
497,17,3,1,0,0,21,0.8095238095238095
498,16,3,1,0,0,20,0.8
499,16,3,1,0,0,20,0.8
500,17,3,2,0,0,22,0.7727272727272727
501,17,3,1,0,0,21,0.8095238095238095
502,18,3,1,0,0,22,0.8181818181818182
503,17,3,1,0,0,21,0.8095238095238095
504,19,3,1,0,0,23,0.8260869565217391
505,17,3,1,0,0,21,0.8095238095238095
506,17,3,1,0,0,21,0.8095238095238095
507,21,3,1,0,0,25,0.84
508,18,3,1,0,0,22,0.8181818181818182
509,18,3,1,0,0,22,0.8181818181818182
510,19,3,1,0,0,23,0.8260869565217391
511,17,3,1,0,0,21,0.8095238095238095
512,17,3,2,0,0,22,0.7727272727272727
513,17,3,1,0,0,21,0.8095238095238095
514,17,3,1,0,0,21,0.8095238095238095
515,17,3,1,0,0,21,0.8095238095238095
516,17,3,1,0,0,21,0.8095238095238095
517,17,3,1,0,0,21,0.8095238095238095
518,15,3,1,0,0,19,0.7894736842105263
519,17,3,1,0,0,21,0.8095238095238095
520,16,3,1,0,0,20,0.8
521,16,3,1,0,0,20,0.8
522,16,3,1,0,0,20,0.8
523,19,3,1,0,0,23,0.8260869565217391
524,16,3,1,0,0,20,0.8
525,17,3,1,0,0,21,0.8095238095238095
526,17,3,1,0,0,21,0.8095238095238095
527,17,3,1,0,0,21,0.8095238095238095
528,18,3,1,0,0,22,0.8181818181818182
529,18,3,1,0,0,22,0.8181818181818182
530,16,3,1,0,0,20,0.8
531,16,3,2,0,0,21,0.7619047619047619
532,18,3,1,0,0,22,0.8181818181818182
533,18,3,1,0,0,22,0.8181818181818182
534,18,3,1,0,0,22,0.8181818181818182
535,16,3,1,0,0,20,0.8
536,17,3,1,0,0,21,0.8095238095238095
537,19,3,1,0,0,23,0.8260869565217391
538,18,3,1,0,0,22,0.8181818181818182
539,17,3,1,0,0,21,0.8095238095238095
540,17,3,1,0,0,21,0.8095238095238095
541,16,3,1,0,0,20,0.8
542,17,3,1,0,0,21,0.8095238095238095
543,15,3,1,0,0,19,0.7894736842105263
544,18,4,1,0,0,23,0.782608695652174
545,16,3,1,0,0,20,0.8
546,18,3,1,0,0,22,0.8181818181818182
547,15,3,1,0,0,19,0.7894736842105263
548,18,3,1,0,0,22,0.8181818181818182
549,19,3,1,0,0,23,0.8260869565217391
550,16,3,1,0,0,20,0.8
551,17,4,1,0,0,22,0.7727272727272727
552,17,3,1,0,0,21,0.8095238095238095
553,16,3,1,0,0,20,0.8
554,17,3,1,0,0,21,0.8095238095238095
555,16,3,1,0,0,20,0.8
556,16,3,1,0,0,20,0.8
557,19,3,1,0,0,23,0.8260869565217391
558,18,3,1,0,0,22,0.8181818181818182
559,19,3,1,0,0,23,0.8260869565217391
560,16,3,1,0,0,20,0.8
561,17,3,1,0,0,21,0.8095238095238095
562,16,3,1,0,0,20,0.8
563,18,3,1,0,0,22,0.8181818181818182
564,15,3,1,0,0,19,0.7894736842105263
565,15,3,1,0,0,19,0.7894736842105263
566,16,3,1,0,0,20,0.8
567,17,3,1,0,0,21,0.8095238095238095
568,15,3,1,0,0,19,0.7894736842105263
569,16,3,1,0,0,20,0.8
570,14,3,1,0,0,18,0.7777777777777778
571,14,3,1,0,0,18,0.7777777777777778
572,18,3,1,0,0,22,0.8181818181818182
573,15,3,1,0,0,19,0.7894736842105263
574,17,3,1,0,0,21,0.8095238095238095
575,17,3,1,0,0,21,0.8095238095238095
576,14,3,1,0,0,18,0.7777777777777778
577,16,3,1,0,0,20,0.8
578,15,3,1,0,0,19,0.7894736842105263
579,14,3,1,0,0,18,0.7777777777777778
580,16,3,1,0,0,20,0.8
581,18,3,1,0,0,22,0.8181818181818182
582,16,3,1,0,0,20,0.8
583,17,3,1,0,0,21,0.8095238095238095
584,15,3,1,0,0,19,0.7894736842105263
585,14,3,1,0,0,18,0.7777777777777778
586,17,3,1,0,0,21,0.8095238095238095
587,15,3,1,0,0,19,0.7894736842105263
588,17,4,1,0,0,22,0.7727272727272727
589,15,3,1,0,0,19,0.7894736842105263
590,15,3,1,0,0,19,0.7894736842105263
591,18,3,1,0,0,22,0.8181818181818182
592,16,3,1,0,0,20,0.8
593,19,3,1,0,0,23,0.8260869565217391
594,17,3,1,0,0,21,0.8095238095238095
595,17,3,1,0,0,21,0.8095238095238095
596,16,3,1,0,0,20,0.8
597,15,3,1,0,0,19,0.7894736842105263
598,17,3,1,0,0,21,0.8095238095238095
599,17,3,1,0,0,21,0.8095238095238095
600,18,3,1,0,0,22,0.8181818181818182
601,15,3,1,0,0,19,0.7894736842105263
602,17,3,1,0,0,21,0.8095238095238095
603,18,3,1,0,0,22,0.8181818181818182
604,15,3,1,0,0,19,0.7894736842105263
605,17,3,1,0,0,21,0.8095238095238095
606,14,3,1,0,0,18,0.7777777777777778
607,19,3,1,0,0,23,0.8260869565217391
608,15,3,1,0,0,19,0.7894736842105263
609,16,3,1,0,0,20,0.8
610,16,3,1,0,0,20,0.8
611,16,3,1,0,0,20,0.8
612,17,3,1,0,0,21,0.8095238095238095
613,19,3,1,0,0,23,0.8260869565217391
614,20,3,1,0,0,24,0.8333333333333334
615,17,4,2,0,0,23,0.7391304347826086
616,17,4,2,0,0,23,0.7391304347826086
617,15,3,1,0,0,19,0.7894736842105263
618,15,3,1,0,0,19,0.7894736842105263
619,16,3,2,0,0,21,0.7619047619047619
620,18,3,2,0,0,23,0.782608695652174
621,16,3,2,0,0,21,0.7619047619047619
622,17,3,2,0,0,22,0.7727272727272727
623,14,3,2,0,0,19,0.7368421052631579
624,18,3,1,0,0,22,0.8181818181818182
625,18,3,1,0,0,22,0.8181818181818182
626,16,3,1,0,0,20,0.8
627,17,3,1,0,0,21,0.8095238095238095
628,18,3,1,0,0,22,0.8181818181818182
629,16,3,1,0,0,20,0.8
630,17,3,1,0,0,21,0.8095238095238095
631,16,3,1,0,0,20,0.8
632,14,3,1,0,0,18,0.7777777777777778
633,17,3,1,0,0,21,0.8095238095238095
634,16,3,1,0,0,20,0.8
635,18,3,1,0,0,22,0.8181818181818182
636,18,3,1,0,0,22,0.8181818181818182
637,19,3,1,0,0,23,0.8260869565217391
638,17,3,1,0,0,21,0.8095238095238095
639,16,3,1,0,0,20,0.8
640,19,3,1,0,0,23,0.8260869565217391
641,20,3,1,0,0,24,0.8333333333333334
642,14,3,1,0,0,18,0.7777777777777778
643,20,3,1,0,0,24,0.8333333333333334
644,15,3,1,0,0,19,0.7894736842105263
645,19,3,1,0,0,23,0.8260869565217391
646,18,3,1,0,0,22,0.8181818181818182
647,18,3,1,0,0,22,0.8181818181818182
648,18,3,1,0,0,22,0.8181818181818182
649,17,3,1,0,0,21,0.8095238095238095
650,19,3,1,0,0,23,0.8260869565217391
651,16,3,1,0,0,20,0.8
652,19,3,1,0,0,23,0.8260869565217391
653,20,3,1,0,0,24,0.8333333333333334
654,21,3,1,0,0,25,0.84
655,19,3,1,0,0,23,0.8260869565217391
656,18,3,1,0,0,22,0.8181818181818182
657,19,3,1,0,0,23,0.8260869565217391
658,18,3,1,0,0,22,0.8181818181818182
659,17,3,1,0,0,21,0.8095238095238095
660,19,3,1,0,0,23,0.8260869565217391
661,17,3,1,0,0,21,0.8095238095238095
662,18,3,1,0,0,22,0.8181818181818182
663,15,3,1,0,0,19,0.7894736842105263
664,19,3,1,0,0,23,0.8260869565217391
665,19,3,1,0,0,23,0.8260869565217391
666,17,3,1,0,0,21,0.8095238095238095
667,17,3,1,0,0,21,0.8095238095238095
668,18,3,1,0,0,22,0.8181818181818182
669,15,3,1,0,0,19,0.7894736842105263
670,17,3,1,0,0,21,0.8095238095238095
671,16,3,1,0,0,20,0.8
672,18,4,1,0,0,23,0.782608695652174
673,18,3,1,0,0,22,0.8181818181818182
674,18,3,1,0,0,22,0.8181818181818182
675,16,3,1,0,0,20,0.8
676,18,3,1,0,0,22,0.8181818181818182
677,20,3,1,0,0,24,0.8333333333333334
678,19,3,1,0,0,23,0.8260869565217391
679,16,3,1,0,0,20,0.8
680,20,3,1,0,0,24,0.8333333333333334
681,18,3,1,0,0,22,0.8181818181818182
682,18,3,1,0,0,22,0.8181818181818182
683,18,3,1,0,0,22,0.8181818181818182
684,19,3,1,0,0,23,0.8260869565217391
685,19,3,1,0,0,23,0.8260869565217391
686,18,3,1,0,0,22,0.8181818181818182
687,17,3,1,0,0,21,0.8095238095238095
688,17,3,1,0,0,21,0.8095238095238095
689,14,3,1,0,0,18,0.7777777777777778
690,20,3,1,0,0,24,0.8333333333333334
691,18,3,1,0,0,22,0.8181818181818182
692,20,3,1,0,0,24,0.8333333333333334
693,17,3,1,0,0,21,0.8095238095238095
694,18,3,1,0,0,22,0.8181818181818182
695,20,2,1,0,0,23,0.8695652173913043
696,19,3,1,0,0,23,0.8260869565217391
697,18,3,1,0,0,22,0.8181818181818182
698,17,3,1,0,0,21,0.8095238095238095
699,20,3,1,0,0,24,0.8333333333333334
700,15,3,1,0,0,19,0.7894736842105263
701,19,3,1,0,0,23,0.8260869565217391
702,20,3,1,0,0,24,0.8333333333333334
703,19,3,1,0,0,23,0.8260869565217391
704,18,3,1,0,0,22,0.8181818181818182
705,18,3,1,0,0,22,0.8181818181818182
706,18,3,1,0,0,22,0.8181818181818182
707,18,3,1,0,0,22,0.8181818181818182
708,19,3,1,0,0,23,0.8260869565217391
709,19,3,1,0,0,23,0.8260869565217391
710,17,3,1,0,0,21,0.8095238095238095
711,17,3,1,0,0,21,0.8095238095238095
712,17,3,1,0,0,21,0.8095238095238095
713,19,3,1,0,0,23,0.8260869565217391
714,16,3,1,0,0,20,0.8
715,15,3,1,0,0,19,0.7894736842105263
716,20,3,1,0,0,24,0.8333333333333334
717,17,3,1,0,0,21,0.8095238095238095
718,18,3,1,0,0,22,0.8181818181818182
719,18,3,1,0,0,22,0.8181818181818182
720,19,3,1,0,0,23,0.8260869565217391
721,18,3,1,0,0,22,0.8181818181818182
722,17,3,1,0,0,21,0.8095238095238095
723,18,3,1,0,0,22,0.8181818181818182
724,14,3,1,0,0,18,0.7777777777777778
725,19,2,1,0,0,22,0.8636363636363636
726,18,3,1,0,0,22,0.8181818181818182
727,18,3,1,0,0,22,0.8181818181818182
728,18,3,1,0,0,22,0.8181818181818182
729,18,3,1,0,0,22,0.8181818181818182
730,18,3,1,0,0,22,0.8181818181818182
731,20,3,1,0,0,24,0.8333333333333334
732,17,2,1,0,0,20,0.85
733,15,3,1,0,0,19,0.7894736842105263
734,15,3,1,0,0,19,0.7894736842105263
735,20,3,1,0,0,24,0.8333333333333334
736,18,2,1,0,0,21,0.8571428571428571
737,22,3,1,0,0,26,0.8461538461538461
738,17,3,1,0,0,21,0.8095238095238095
739,18,3,1,0,0,22,0.8181818181818182
740,19,3,1,0,0,23,0.8260869565217391
741,20,3,1,0,0,24,0.8333333333333334
742,19,3,1,0,0,23,0.8260869565217391
743,17,4,1,0,0,22,0.7727272727272727
744,20,3,1,0,0,24,0.8333333333333334
745,17,3,1,0,0,21,0.8095238095238095
746,18,4,1,0,0,23,0.782608695652174
747,17,4,1,0,0,22,0.7727272727272727
748,18,4,1,0,0,23,0.782608695652174
749,17,4,1,0,0,22,0.7727272727272727
750,19,3,1,0,0,23,0.8260869565217391
751,18,4,1,0,0,23,0.782608695652174
752,18,4,1,0,0,23,0.782608695652174
753,17,4,1,0,0,22,0.7727272727272727
754,17,4,1,0,0,22,0.7727272727272727
755,19,4,1,0,0,24,0.7916666666666666
756,18,4,1,0,0,23,0.782608695652174
757,19,4,1,0,0,24,0.7916666666666666
758,18,4,1,0,0,23,0.782608695652174
759,16,4,1,0,0,21,0.7619047619047619
760,19,4,1,0,0,24,0.7916666666666666
761,16,4,1,0,0,21,0.7619047619047619
762,17,4,1,0,0,22,0.7727272727272727
763,18,4,1,0,0,23,0.782608695652174
764,18,4,1,0,0,23,0.782608695652174
765,17,4,1,0,0,22,0.7727272727272727
766,18,4,1,0,0,23,0.782608695652174
767,17,4,1,0,0,22,0.7727272727272727
768,19,4,1,0,0,24,0.7916666666666666
769,17,4,1,0,0,22,0.7727272727272727
770,18,4,1,0,0,23,0.782608695652174
771,14,4,1,0,0,19,0.7368421052631579
772,17,4,1,0,0,22,0.7727272727272727
773,16,4,1,0,0,21,0.7619047619047619
774,16,4,1,0,0,21,0.7619047619047619
775,17,4,1,0,0,22,0.7727272727272727
776,15,4,1,0,0,20,0.75
777,16,4,1,0,0,21,0.7619047619047619
778,17,4,1,0,0,22,0.7727272727272727
779,19,4,1,0,0,24,0.7916666666666666
780,18,4,1,0,0,23,0.782608695652174
781,18,4,1,0,0,23,0.782608695652174
782,19,4,1,0,0,24,0.7916666666666666
783,18,4,1,0,0,23,0.782608695652174
784,18,4,1,0,0,23,0.782608695652174
785,16,4,1,0,0,21,0.7619047619047619
786,16,4,1,0,0,21,0.7619047619047619
787,16,4,1,0,0,21,0.7619047619047619
788,18,4,1,0,0,23,0.782608695652174
789,18,4,1,0,0,23,0.782608695652174
790,18,4,1,0,0,23,0.782608695652174
791,18,4,1,0,0,23,0.782608695652174
792,13,4,1,0,0,18,0.7222222222222222
793,17,4,1,0,0,22,0.7727272727272727
794,18,4,1,0,0,23,0.782608695652174
795,17,4,1,0,0,22,0.7727272727272727
796,18,4,1,0,0,23,0.782608695652174
797,18,4,1,0,0,23,0.782608695652174
798,19,4,1,0,0,24,0.7916666666666666
799,17,4,1,0,0,22,0.7727272727272727
800,18,4,1,0,0,23,0.782608695652174
801,14,4,1,0,0,19,0.7368421052631579
802,18,4,1,0,0,23,0.782608695652174
803,18,4,1,0,0,23,0.782608695652174
804,18,4,1,0,0,23,0.782608695652174
805,16,4,1,0,0,21,0.7619047619047619
806,19,4,1,0,0,24,0.7916666666666666
807,17,4,1,0,0,22,0.7727272727272727
808,18,4,1,0,0,23,0.782608695652174
809,15,4,1,0,0,20,0.75
810,16,4,1,0,0,21,0.7619047619047619
811,18,4,1,0,0,23,0.782608695652174
812,17,4,1,0,0,22,0.7727272727272727
813,15,3,1,0,0,19,0.7894736842105263
814,17,4,1,0,0,22,0.7727272727272727
815,16,4,1,0,0,21,0.7619047619047619
816,18,4,1,0,0,23,0.782608695652174
817,17,4,1,0,0,22,0.7727272727272727
818,17,4,1,0,0,22,0.7727272727272727
819,18,4,1,0,0,23,0.782608695652174
820,19,4,1,0,0,24,0.7916666666666666
821,18,4,1,0,0,23,0.782608695652174
822,17,4,1,0,0,22,0.7727272727272727
823,18,4,1,0,0,23,0.782608695652174
824,17,4,1,0,0,22,0.7727272727272727
825,16,4,1,0,0,21,0.7619047619047619
826,19,4,1,0,0,24,0.7916666666666666
827,17,4,1,0,0,22,0.7727272727272727
828,17,4,1,0,0,22,0.7727272727272727
829,17,4,1,0,0,22,0.7727272727272727
830,16,4,1,0,0,21,0.7619047619047619
831,15,4,1,0,0,20,0.75
832,17,4,1,0,0,22,0.7727272727272727
833,17,4,1,0,0,22,0.7727272727272727
834,16,4,1,0,0,21,0.7619047619047619
835,13,4,1,0,0,18,0.7222222222222222
836,19,4,1,0,0,24,0.7916666666666666
837,17,4,1,0,0,22,0.7727272727272727
838,18,4,1,0,0,23,0.782608695652174
839,17,3,2,0,0,22,0.7727272727272727
840,17,4,1,0,0,22,0.7727272727272727
841,17,4,1,0,0,22,0.7727272727272727
842,16,4,1,0,0,21,0.7619047619047619
843,16,4,1,0,0,21,0.7619047619047619
844,19,4,1,0,0,24,0.7916666666666666
845,17,4,1,0,0,22,0.7727272727272727
846,18,4,1,0,0,23,0.782608695652174
847,18,4,1,0,0,23,0.782608695652174
848,18,4,1,0,0,23,0.782608695652174
849,19,4,1,0,0,24,0.7916666666666666
850,19,4,1,0,0,24,0.7916666666666666
851,15,4,1,0,0,20,0.75
852,16,4,1,0,0,21,0.7619047619047619
853,18,4,1,0,0,23,0.782608695652174
854,15,4,1,0,0,20,0.75
855,18,4,1,0,0,23,0.782608695652174
856,16,4,1,0,0,21,0.7619047619047619
857,17,4,1,0,0,22,0.7727272727272727
858,17,4,1,0,0,22,0.7727272727272727
859,20,4,1,0,0,25,0.8
860,18,4,1,0,0,23,0.782608695652174
861,19,4,1,0,0,24,0.7916666666666666
862,17,4,1,0,0,22,0.7727272727272727
863,15,4,1,0,0,20,0.75
864,18,4,1,0,0,23,0.782608695652174
865,19,4,1,0,0,24,0.7916666666666666
866,16,4,1,0,0,21,0.7619047619047619
867,16,4,1,0,0,21,0.7619047619047619
868,19,4,1,0,0,24,0.7916666666666666
869,19,4,1,0,0,24,0.7916666666666666
870,17,4,1,0,0,22,0.7727272727272727
871,19,4,1,0,0,24,0.7916666666666666
872,19,4,1,0,0,24,0.7916666666666666
873,20,4,1,0,0,25,0.8
874,19,4,1,0,0,24,0.7916666666666666
875,18,4,1,0,0,23,0.782608695652174
876,17,4,1,0,0,22,0.7727272727272727
877,18,4,1,0,0,23,0.782608695652174
878,17,4,1,0,0,22,0.7727272727272727
879,18,4,1,0,0,23,0.782608695652174
880,17,4,1,0,0,22,0.7727272727272727
881,16,4,1,0,0,21,0.7619047619047619
882,17,4,1,0,0,22,0.7727272727272727
883,18,4,1,0,0,23,0.782608695652174
884,17,4,1,0,0,22,0.7727272727272727
885,17,4,1,0,0,22,0.7727272727272727
886,18,4,1,0,0,23,0.782608695652174
887,19,4,1,0,0,24,0.7916666666666666
888,15,4,1,0,0,20,0.75
889,18,4,1,0,0,23,0.782608695652174
890,17,3,1,0,0,21,0.8095238095238095
891,17,4,1,0,0,22,0.7727272727272727
892,18,4,1,0,0,23,0.782608695652174
893,19,5,1,0,0,25,0.76
894,16,4,1,0,0,21,0.7619047619047619
895,17,4,1,0,0,22,0.7727272727272727
896,18,4,1,0,0,23,0.782608695652174
897,17,4,1,0,0,22,0.7727272727272727
898,16,4,1,0,0,21,0.7619047619047619
899,18,4,1,0,0,23,0.782608695652174
900,18,4,1,0,0,23,0.782608695652174
901,18,4,1,0,0,23,0.782608695652174
902,18,4,1,0,0,23,0.782608695652174
903,17,4,1,0,0,22,0.7727272727272727
904,15,4,1,0,0,20,0.75
905,17,4,1,0,0,22,0.7727272727272727
906,17,3,1,0,0,21,0.8095238095238095
907,18,3,1,0,0,22,0.8181818181818182
908,17,4,1,0,0,22,0.7727272727272727
909,18,4,1,0,0,23,0.782608695652174
910,16,4,1,0,0,21,0.7619047619047619
911,19,4,1,0,0,24,0.7916666666666666
912,17,4,1,0,0,22,0.7727272727272727
913,16,4,1,0,0,21,0.7619047619047619
914,19,4,1,0,0,24,0.7916666666666666
915,16,4,1,0,0,21,0.7619047619047619
916,15,4,1,0,0,20,0.75
917,18,4,1,0,0,23,0.782608695652174
918,17,3,1,0,0,21,0.8095238095238095
919,16,3,1,0,0,20,0.8
920,18,4,1,0,0,23,0.782608695652174
921,17,4,1,0,0,22,0.7727272727272727
922,20,4,1,0,0,25,0.8
923,17,4,1,0,0,22,0.7727272727272727
924,20,3,1,0,0,24,0.8333333333333334
925,18,3,1,0,0,22,0.8181818181818182
926,17,3,1,0,0,21,0.8095238095238095
927,20,4,1,0,0,25,0.8
928,19,3,1,0,0,23,0.8260869565217391
929,18,4,1,0,0,23,0.782608695652174
930,17,4,1,0,0,22,0.7727272727272727
931,19,4,1,0,0,24,0.7916666666666666
932,18,4,1,0,0,23,0.782608695652174
933,17,4,1,0,0,22,0.7727272727272727
934,18,4,1,0,0,23,0.782608695652174
935,16,4,1,0,0,21,0.7619047619047619
936,16,4,1,0,0,21,0.7619047619047619
937,16,4,1,0,0,21,0.7619047619047619
938,17,4,1,0,0,22,0.7727272727272727
939,16,4,1,0,0,21,0.7619047619047619
940,17,4,1,0,0,22,0.7727272727272727
941,16,4,1,0,0,21,0.7619047619047619
942,17,4,1,0,0,22,0.7727272727272727
943,16,4,1,0,0,21,0.7619047619047619
944,17,4,1,0,0,22,0.7727272727272727
945,18,4,1,0,0,23,0.782608695652174
946,16,2,1,0,0,19,0.8421052631578947
947,17,3,1,0,0,21,0.8095238095238095
948,17,4,1,0,0,22,0.7727272727272727
949,17,3,2,0,0,22,0.7727272727272727
950,18,4,1,0,0,23,0.782608695652174
951,18,2,1,0,0,21,0.8571428571428571
952,18,3,2,0,0,23,0.782608695652174
953,19,4,1,0,0,24,0.7916666666666666
954,14,1,2,0,0,17,0.8235294117647058
955,17,2,2,0,0,21,0.8095238095238095
956,19,1,1,0,0,21,0.9047619047619048
957,18,3,1,0,0,22,0.8181818181818182
958,17,3,2,0,0,22,0.7727272727272727
959,17,2,2,0,0,21,0.8095238095238095
960,18,3,1,0,0,22,0.8181818181818182
961,15,2,1,0,0,18,0.8333333333333334
962,17,2,2,0,0,21,0.8095238095238095
963,15,2,2,0,0,19,0.7894736842105263
964,19,2,1,0,0,22,0.8636363636363636
965,15,2,1,0,0,18,0.8333333333333334
966,17,4,1,0,0,22,0.7727272727272727
967,17,3,2,0,0,22,0.7727272727272727
968,16,4,2,0,0,22,0.7272727272727273
969,18,4,1,0,0,23,0.782608695652174
970,18,4,1,0,0,23,0.782608695652174
971,15,4,1,0,0,20,0.75
972,18,4,1,0,0,23,0.782608695652174
973,14,4,1,0,0,19,0.7368421052631579
974,18,4,2,0,0,24,0.75
975,18,4,1,0,0,23,0.782608695652174
976,17,4,1,0,0,22,0.7727272727272727
977,19,4,1,0,0,24,0.7916666666666666
978,17,4,1,0,0,22,0.7727272727272727
979,16,4,1,0,0,21,0.7619047619047619
980,18,4,2,0,0,24,0.75
981,15,4,1,0,0,20,0.75
982,17,4,1,0,0,22,0.7727272727272727
983,17,4,1,0,0,22,0.7727272727272727
984,19,4,1,0,0,24,0.7916666666666666
985,19,4,1,0,0,24,0.7916666666666666
986,16,3,1,0,0,20,0.8
987,18,4,1,0,0,23,0.782608695652174
988,18,4,1,0,0,23,0.782608695652174
989,18,4,1,0,0,23,0.782608695652174
990,18,4,1,0,0,23,0.782608695652174
991,22,4,1,0,0,27,0.8148148148148148
992,18,4,1,0,0,23,0.782608695652174
993,18,4,1,0,0,23,0.782608695652174
994,18,4,1,0,0,23,0.782608695652174
995,18,4,1,0,0,23,0.782608695652174
996,18,4,1,0,0,23,0.782608695652174
997,17,4,1,0,0,22,0.7727272727272727
998,17,4,1,0,0,22,0.7727272727272727
999,18,4,1,0,0,23,0.782608695652174
1000,18,4,1,0,0,23,0.782608695652174
1001,20,4,1,0,0,25,0.8
1002,18,4,1,0,0,23,0.782608695652174
1003,18,3,1,0,0,22,0.8181818181818182
1004,19,3,1,0,0,23,0.8260869565217391
1005,19,4,1,0,0,24,0.7916666666666666
1006,17,4,1,0,0,22,0.7727272727272727
1007,16,3,1,0,0,20,0.8
1008,14,3,1,0,0,18,0.7777777777777778
1009,15,2,1,0,0,18,0.8333333333333334
1010,17,3,1,0,0,21,0.8095238095238095
1011,17,4,1,0,0,22,0.7727272727272727
1012,16,4,2,0,0,22,0.7272727272727273
1013,15,2,1,1,0,19,0.7894736842105263
1014,17,4,1,1,0,23,0.7391304347826086
1015,15,2,1,1,0,19,0.7894736842105263
1016,18,2,1,1,0,22,0.8181818181818182
1017,16,2,2,1,0,21,0.7619047619047619
1018,15,2,1,1,0,19,0.7894736842105263
1019,18,2,1,1,0,22,0.8181818181818182
1020,16,3,1,1,0,21,0.7619047619047619
1021,17,2,1,0,0,20,0.85
1022,16,3,1,0,0,20,0.8
1023,17,2,1,1,0,21,0.8095238095238095
1024,15,3,1,1,0,20,0.75
1025,15,2,1,1,0,19,0.7894736842105263
1026,14,3,1,0,0,18,0.7777777777777778
1027,17,3,1,1,0,22,0.7727272727272727
1028,17,2,1,1,0,21,0.8095238095238095
1029,17,3,1,0,0,21,0.8095238095238095
1030,17,2,1,1,0,21,0.8095238095238095
1031,16,3,1,1,0,21,0.7619047619047619
1032,17,2,1,0,0,20,0.85
1033,17,3,1,1,0,22,0.7727272727272727
1034,16,2,1,0,0,19,0.8421052631578947
1035,17,3,1,1,0,22,0.7727272727272727
1036,16,2,1,0,0,19,0.8421052631578947
1037,14,2,1,1,0,18,0.7777777777777778
1038,18,2,1,0,0,21,0.8571428571428571
1039,16,2,1,0,0,19,0.8421052631578947
1040,15,2,1,0,0,18,0.8333333333333334
1041,18,3,1,1,0,23,0.782608695652174
1042,15,2,1,1,0,19,0.7894736842105263
1043,16,2,1,1,0,20,0.8
1044,17,3,1,1,0,22,0.7727272727272727
1045,16,2,1,0,0,19,0.8421052631578947
1046,15,2,1,1,0,19,0.7894736842105263
1047,15,3,1,1,0,20,0.75
1048,15,3,1,1,0,20,0.75
1049,17,2,1,1,0,21,0.8095238095238095
1050,16,2,1,0,0,19,0.8421052631578947
1051,16,4,1,0,0,21,0.7619047619047619
1052,20,3,1,1,0,25,0.8
1053,15,3,1,1,0,20,0.75
1054,17,3,1,0,0,21,0.8095238095238095
1055,18,3,1,1,0,23,0.782608695652174
1056,17,3,1,1,0,22,0.7727272727272727
1057,15,2,1,1,0,19,0.7894736842105263
1058,20,3,1,1,0,25,0.8
1059,16,3,1,1,0,21,0.7619047619047619
1060,17,3,1,0,0,21,0.8095238095238095
1061,16,2,1,0,0,19,0.8421052631578947
1062,19,3,1,1,0,24,0.7916666666666666
1063,16,3,2,1,0,22,0.7272727272727273
1064,18,4,1,0,0,23,0.782608695652174
1065,15,3,1,0,0,19,0.7894736842105263
1066,15,3,1,1,0,20,0.75
1067,16,3,1,1,0,21,0.7619047619047619
1068,17,2,1,1,0,21,0.8095238095238095
1069,17,2,1,1,0,21,0.8095238095238095
1070,16,3,1,1,0,21,0.7619047619047619
1071,18,2,1,1,0,22,0.8181818181818182
1072,16,3,1,1,0,21,0.7619047619047619
1073,16,3,1,1,0,21,0.7619047619047619
1074,15,2,1,0,0,18,0.8333333333333334
1075,18,3,1,1,0,23,0.782608695652174
1076,16,2,1,1,0,20,0.8
1077,17,2,1,0,0,20,0.85
1078,17,3,1,1,0,22,0.7727272727272727
1079,15,2,1,0,0,18,0.8333333333333334
1080,14,3,1,1,0,19,0.7368421052631579
1081,19,4,1,0,0,24,0.7916666666666666
1082,18,2,1,1,0,22,0.8181818181818182
1083,16,2,1,1,0,20,0.8
1084,13,3,1,1,0,18,0.7222222222222222
1085,16,3,1,0,0,20,0.8
1086,16,3,1,0,0,20,0.8
1087,17,3,1,1,0,22,0.7727272727272727
1088,16,2,1,1,0,20,0.8
1089,14,2,1,1,0,18,0.7777777777777778
1090,16,3,1,0,0,20,0.8
1091,17,2,1,1,0,21,0.8095238095238095
1092,16,2,1,0,0,19,0.8421052631578947
1093,14,2,1,0,0,17,0.8235294117647058
1094,18,2,1,1,0,22,0.8181818181818182
1095,17,2,1,0,0,20,0.85
1096,18,3,1,1,0,23,0.782608695652174
1097,16,2,1,0,0,19,0.8421052631578947
1098,17,3,1,1,0,22,0.7727272727272727
1099,18,2,1,1,0,22,0.8181818181818182
1100,16,2,1,1,0,20,0.8
1101,16,3,1,1,0,21,0.7619047619047619
1102,18,2,1,0,0,21,0.8571428571428571
1103,17,2,1,0,0,20,0.85
1104,15,3,1,1,0,20,0.75
1105,15,2,1,1,0,19,0.7894736842105263
1106,15,2,1,0,0,18,0.8333333333333334
1107,17,3,1,0,0,21,0.8095238095238095
1108,17,2,1,0,0,20,0.85
1109,19,2,1,1,0,23,0.8260869565217391
1110,18,2,1,0,0,21,0.8571428571428571
1111,16,2,1,1,0,20,0.8
1112,14,2,1,1,0,18,0.7777777777777778
1113,15,3,1,0,0,19,0.7894736842105263
1114,15,3,1,0,0,19,0.7894736842105263
1115,15,2,1,0,0,18,0.8333333333333334
1116,16,3,1,0,0,20,0.8
1117,14,3,1,0,0,18,0.7777777777777778
1118,18,2,1,1,0,22,0.8181818181818182
1119,16,2,1,0,0,19,0.8421052631578947
1120,18,2,1,0,0,21,0.8571428571428571
1121,17,3,1,1,0,22,0.7727272727272727
1122,15,2,1,1,0,19,0.7894736842105263
1123,17,2,1,1,0,21,0.8095238095238095
1124,17,4,1,1,0,23,0.7391304347826086
1125,17,2,1,0,0,20,0.85
1126,14,2,1,0,0,17,0.8235294117647058
1127,16,3,1,1,0,21,0.7619047619047619
1128,15,2,1,0,0,18,0.8333333333333334
1129,16,2,1,1,0,20,0.8
1130,17,3,1,0,0,21,0.8095238095238095
1131,17,2,1,0,0,20,0.85
1132,15,3,1,0,0,19,0.7894736842105263
1133,14,2,1,1,0,18,0.7777777777777778
1134,14,3,1,1,0,19,0.7368421052631579
1135,15,3,1,1,0,20,0.75
1136,16,3,1,1,0,21,0.7619047619047619
1137,16,2,1,1,0,20,0.8
1138,15,2,1,1,0,19,0.7894736842105263
1139,17,3,1,1,0,22,0.7727272727272727
1140,16,3,1,1,0,21,0.7619047619047619
1141,16,2,1,1,0,20,0.8
1142,14,2,1,0,0,17,0.8235294117647058
1143,17,2,1,0,0,20,0.85
1144,16,2,1,1,0,20,0.8
1145,16,2,1,1,0,20,0.8
1146,16,3,1,1,0,21,0.7619047619047619
1147,16,2,1,0,0,19,0.8421052631578947
1148,17,2,1,1,0,21,0.8095238095238095
1149,17,3,1,1,0,22,0.7727272727272727
1150,17,2,1,1,0,21,0.8095238095238095
1151,16,3,1,0,0,20,0.8
1152,15,3,1,1,0,20,0.75
1153,19,3,1,0,0,23,0.8260869565217391
1154,18,3,1,1,0,23,0.782608695652174
1155,16,3,1,0,0,20,0.8
1156,18,3,1,0,0,22,0.8181818181818182
1157,17,3,1,0,0,21,0.8095238095238095
1158,16,3,1,1,0,21,0.7619047619047619
1159,16,2,1,1,0,20,0.8
1160,18,2,1,0,0,21,0.8571428571428571
1161,16,2,1,1,0,20,0.8
1162,17,2,1,0,0,20,0.85
1163,18,3,1,1,0,23,0.782608695652174
1164,15,2,1,1,0,19,0.7894736842105263
1165,15,2,1,0,0,18,0.8333333333333334
1166,17,2,1,0,0,20,0.85
1167,16,3,2,1,0,22,0.7272727272727273
1168,15,2,1,0,0,18,0.8333333333333334
1169,18,2,1,0,0,21,0.8571428571428571
1170,16,2,2,1,0,21,0.7619047619047619
1171,15,2,1,0,0,18,0.8333333333333334
1172,17,2,1,0,0,20,0.85
1173,16,2,1,1,0,20,0.8
1174,17,2,1,0,0,20,0.85
1175,15,3,1,0,0,19,0.7894736842105263
1176,15,3,1,0,0,19,0.7894736842105263
1177,16,2,1,1,0,20,0.8
1178,14,3,1,1,0,19,0.7368421052631579
1179,15,2,1,0,0,18,0.8333333333333334
1180,14,3,1,0,0,18,0.7777777777777778
1181,16,2,1,0,0,19,0.8421052631578947
1182,13,3,1,0,0,17,0.7647058823529411
1183,15,2,1,1,0,19,0.7894736842105263
1184,14,3,1,0,0,18,0.7777777777777778
1185,17,2,1,1,0,21,0.8095238095238095
1186,17,3,1,1,0,22,0.7727272727272727
1187,16,2,1,1,0,20,0.8
1188,17,3,1,0,0,21,0.8095238095238095
1189,18,3,1,1,0,23,0.782608695652174
1190,17,2,1,0,0,20,0.85
1191,17,2,1,1,0,21,0.8095238095238095
1192,16,3,1,0,0,20,0.8
1193,18,3,1,1,0,23,0.782608695652174
1194,16,2,1,0,0,19,0.8421052631578947
1195,16,3,1,1,0,21,0.7619047619047619
1196,17,3,1,0,0,21,0.8095238095238095
1197,17,2,1,1,0,21,0.8095238095238095
1198,18,3,1,1,0,23,0.782608695652174
1199,17,3,1,0,0,21,0.8095238095238095
1200,16,3,1,1,0,21,0.7619047619047619
1201,18,2,1,0,0,21,0.8571428571428571
1202,18,3,1,0,0,22,0.8181818181818182
1203,17,3,1,0,0,21,0.8095238095238095
1204,16,3,1,1,0,21,0.7619047619047619
1205,16,3,1,0,0,20,0.8
1206,16,3,1,0,0,20,0.8
1207,14,2,1,1,0,18,0.7777777777777778
1208,17,3,1,1,0,22,0.7727272727272727
1209,16,4,1,0,0,21,0.7619047619047619
1210,17,2,1,0,0,20,0.85
1211,16,3,1,0,0,20,0.8
1212,17,3,1,1,0,22,0.7727272727272727
1213,18,2,1,0,0,21,0.8571428571428571
1214,16,3,1,0,0,20,0.8
1215,17,3,1,0,0,21,0.8095238095238095
1216,17,2,1,0,0,20,0.85
1217,16,2,1,0,0,19,0.8421052631578947
1218,15,1,1,0,0,17,0.8823529411764706
1219,16,1,1,0,0,18,0.8888888888888888
1220,17,1,1,0,0,19,0.8947368421052632
1221,16,3,1,0,0,20,0.8
1222,18,2,1,0,0,21,0.8571428571428571
1223,18,3,1,0,0,22,0.8181818181818182
1224,15,3,1,0,0,19,0.7894736842105263
1225,18,1,1,0,0,20,0.9
1226,17,2,1,0,0,20,0.85
1227,19,1,1,0,0,21,0.9047619047619048
1228,17,1,1,0,0,19,0.8947368421052632
1229,16,2,1,0,0,19,0.8421052631578947
1230,17,2,1,0,0,20,0.85
1231,17,2,1,0,0,20,0.85
1232,19,2,1,0,0,22,0.8636363636363636
1233,17,1,1,1,0,20,0.85
1234,15,2,1,0,0,18,0.8333333333333334
1235,19,3,1,0,0,23,0.8260869565217391
1236,18,0,1,0,0,19,0.9473684210526315
1237,17,2,1,0,0,20,0.85
1238,16,2,1,0,0,19,0.8421052631578947
1239,17,3,1,0,0,21,0.8095238095238095
1240,19,2,1,0,0,22,0.8636363636363636
1241,18,2,1,0,0,21,0.8571428571428571
1242,19,2,1,0,0,22,0.8636363636363636
1243,17,2,1,0,0,20,0.85
1244,16,1,1,0,0,18,0.8888888888888888
1245,20,3,1,0,0,24,0.8333333333333334
1246,16,3,1,0,0,20,0.8
1247,18,1,1,0,0,20,0.9
1248,17,1,1,0,0,19,0.8947368421052632
1249,17,3,1,1,0,22,0.7727272727272727
1250,17,2,1,1,0,21,0.8095238095238095
1251,18,2,1,0,0,21,0.8571428571428571
1252,16,1,1,0,0,18,0.8888888888888888
1253,17,2,1,0,0,20,0.85
1254,16,3,1,0,0,20,0.8
1255,14,1,1,1,0,17,0.8235294117647058
1256,16,2,1,1,0,20,0.8
1257,17,2,1,1,0,21,0.8095238095238095
1258,16,2,1,1,0,20,0.8
1259,17,3,1,0,0,21,0.8095238095238095
1260,16,2,1,0,0,19,0.8421052631578947
1261,15,2,1,0,0,18,0.8333333333333334
1262,18,2,1,0,0,21,0.8571428571428571
1263,18,2,1,1,0,22,0.8181818181818182
1264,16,3,1,1,0,21,0.7619047619047619
1265,18,3,1,0,0,22,0.8181818181818182
1266,17,4,1,0,0,22,0.7727272727272727
1267,18,2,1,1,0,22,0.8181818181818182
1268,15,2,1,0,0,18,0.8333333333333334
1269,16,2,1,1,0,20,0.8
1270,14,3,1,0,0,18,0.7777777777777778
1271,20,2,1,1,0,24,0.8333333333333334
1272,16,3,1,1,0,21,0.7619047619047619
1273,17,3,2,0,0,22,0.7727272727272727
1274,17,3,1,1,0,22,0.7727272727272727
1275,16,4,1,1,0,22,0.7272727272727273
1276,16,3,1,1,0,21,0.7619047619047619
1277,16,3,1,1,0,21,0.7619047619047619
1278,15,4,1,1,0,21,0.7142857142857143
1279,15,3,1,1,0,20,0.75
1280,14,3,1,1,0,19,0.7368421052631579
1281,18,4,1,0,0,23,0.782608695652174
1282,15,4,1,0,0,20,0.75
1283,16,4,1,0,0,21,0.7619047619047619
1284,17,4,1,1,0,23,0.7391304347826086
1285,18,4,1,0,0,23,0.782608695652174
1286,17,4,1,0,0,22,0.7727272727272727
1287,14,4,1,0,0,19,0.7368421052631579
1288,17,4,1,0,0,22,0.7727272727272727
1289,17,5,1,0,0,23,0.7391304347826086
1290,17,4,1,0,0,22,0.7727272727272727
1291,18,4,1,0,0,23,0.782608695652174
1292,18,4,1,0,0,23,0.782608695652174
1293,16,4,1,0,0,21,0.7619047619047619
1294,15,4,1,0,0,20,0.75
1295,15,4,1,0,0,20,0.75
1296,17,4,1,1,0,23,0.7391304347826086
1297,16,4,1,0,0,21,0.7619047619047619
1298,16,4,1,0,0,21,0.7619047619047619
1299,18,4,1,0,0,23,0.782608695652174
1300,18,4,1,0,0,23,0.782608695652174
1301,14,4,1,0,0,19,0.7368421052631579
1302,18,4,1,1,0,24,0.75
1303,17,4,1,1,0,23,0.7391304347826086
1304,19,4,1,0,0,24,0.7916666666666666
1305,18,4,1,0,0,23,0.782608695652174
1306,18,4,1,0,0,23,0.782608695652174
1307,17,4,1,0,0,22,0.7727272727272727
1308,18,4,1,0,0,23,0.782608695652174
1309,18,4,1,0,0,23,0.782608695652174
1310,17,4,1,0,0,22,0.7727272727272727
1311,15,4,1,1,0,21,0.7142857142857143
1312,17,4,1,0,0,22,0.7727272727272727
1313,18,4,1,0,0,23,0.782608695652174
1314,17,4,1,0,0,22,0.7727272727272727
1315,16,4,1,0,0,21,0.7619047619047619
1316,19,4,1,0,0,24,0.7916666666666666
1317,16,4,1,0,0,21,0.7619047619047619
1318,18,4,1,0,0,23,0.782608695652174
1319,17,4,1,0,0,22,0.7727272727272727
1320,20,3,1,1,0,25,0.8
1321,16,4,1,1,0,22,0.7272727272727273
1322,18,4,1,0,0,23,0.782608695652174
1323,14,3,1,0,0,18,0.7777777777777778
1324,15,3,1,1,0,20,0.75
1325,17,3,1,0,0,21,0.8095238095238095
1326,17,4,1,0,0,22,0.7727272727272727
1327,15,2,1,1,0,19,0.7894736842105263
1328,18,4,1,0,0,23,0.782608695652174
1329,15,4,1,0,0,20,0.75
1330,16,4,1,0,0,21,0.7619047619047619
1331,15,4,1,0,0,20,0.75
1332,16,4,1,0,0,21,0.7619047619047619
1333,18,4,1,0,0,23,0.782608695652174
1334,18,4,1,0,0,23,0.782608695652174
1335,17,4,1,0,0,22,0.7727272727272727
1336,17,4,1,1,0,23,0.7391304347826086
1337,18,4,1,0,0,23,0.782608695652174
1338,17,4,1,0,0,22,0.7727272727272727
1339,20,4,1,0,0,25,0.8
1340,17,4,1,0,0,22,0.7727272727272727
1341,16,4,1,0,0,21,0.7619047619047619
1342,16,4,1,0,0,21,0.7619047619047619
1343,16,4,1,0,0,21,0.7619047619047619
1344,17,4,1,0,0,22,0.7727272727272727
1345,16,4,1,0,0,21,0.7619047619047619
1346,16,4,2,0,0,22,0.7272727272727273
1347,17,4,1,0,0,22,0.7727272727272727
1348,18,4,1,0,0,23,0.782608695652174
1349,19,5,1,0,0,25,0.76
1350,19,4,1,0,0,24,0.7916666666666666
1351,15,4,1,1,0,21,0.7142857142857143
1352,16,4,1,0,0,21,0.7619047619047619
1353,18,4,1,0,0,23,0.782608695652174
1354,15,4,1,0,0,20,0.75
1355,17,4,1,0,0,22,0.7727272727272727
1356,16,4,1,0,0,21,0.7619047619047619
1357,15,4,1,0,0,20,0.75
1358,15,4,1,0,0,20,0.75
1359,16,4,1,0,0,21,0.7619047619047619
1360,16,4,1,0,0,21,0.7619047619047619
1361,17,4,1,0,0,22,0.7727272727272727
1362,16,4,1,0,0,21,0.7619047619047619
1363,16,4,1,0,0,21,0.7619047619047619
1364,17,4,1,0,0,22,0.7727272727272727
1365,16,4,1,0,0,21,0.7619047619047619
1366,14,4,1,0,0,19,0.7368421052631579
1367,17,4,1,0,0,22,0.7727272727272727
1368,16,3,1,0,0,20,0.8
1369,16,4,1,0,0,21,0.7619047619047619
1370,18,4,1,0,0,23,0.782608695652174
1371,16,4,1,0,0,21,0.7619047619047619
1372,18,4,1,0,0,23,0.782608695652174
1373,17,4,1,0,0,22,0.7727272727272727
1374,19,4,1,0,0,24,0.7916666666666666
1375,18,4,1,0,0,23,0.782608695652174
1376,16,4,1,0,0,21,0.7619047619047619
1377,17,4,1,0,0,22,0.7727272727272727
1378,16,4,1,0,0,21,0.7619047619047619
1379,16,4,1,0,0,21,0.7619047619047619
1380,15,3,1,0,0,19,0.7894736842105263
1381,18,4,1,0,0,23,0.782608695652174
1382,16,4,1,0,0,21,0.7619047619047619
1383,18,4,1,0,0,23,0.782608695652174
1384,17,4,1,0,0,22,0.7727272727272727
1385,18,4,1,0,0,23,0.782608695652174
1386,16,3,1,0,0,20,0.8
1387,16,4,1,0,0,21,0.7619047619047619
1388,15,4,1,0,0,20,0.75
1389,18,4,1,0,0,23,0.782608695652174
1390,18,3,1,0,0,22,0.8181818181818182
1391,17,3,1,0,0,21,0.8095238095238095
1392,16,2,1,0,0,19,0.8421052631578947
1393,17,4,1,1,0,23,0.7391304347826086
1394,15,4,1,0,0,20,0.75
1395,17,4,1,0,0,22,0.7727272727272727
1396,15,3,1,0,0,19,0.7894736842105263
1397,19,4,1,0,0,24,0.7916666666666666
1398,19,4,1,0,0,24,0.7916666666666666
1399,18,4,1,0,0,23,0.782608695652174
1400,18,4,1,0,0,23,0.782608695652174
1401,18,4,1,0,0,23,0.782608695652174
1402,17,4,1,0,0,22,0.7727272727272727
1403,17,4,1,0,0,22,0.7727272727272727
1404,18,4,1,0,0,23,0.782608695652174
1405,17,4,1,0,0,22,0.7727272727272727
1406,17,4,1,0,0,22,0.7727272727272727
1407,17,4,1,0,0,22,0.7727272727272727
1408,17,4,1,1,0,23,0.7391304347826086
1409,17,4,1,0,0,22,0.7727272727272727
1410,16,3,1,0,0,20,0.8
1411,18,4,1,0,0,23,0.782608695652174
1412,14,3,1,0,0,18,0.7777777777777778
1413,14,4,1,0,0,19,0.7368421052631579
1414,14,4,1,1,0,20,0.7
1415,15,4,1,0,0,20,0.75
1416,19,4,1,0,0,24,0.7916666666666666
1417,18,4,1,0,0,23,0.782608695652174
1418,17,4,1,0,0,22,0.7727272727272727
1419,16,4,1,0,0,21,0.7619047619047619
1420,17,4,1,0,0,22,0.7727272727272727
1421,19,4,1,0,0,24,0.7916666666666666
1422,17,4,1,0,0,22,0.7727272727272727
1423,18,4,1,0,0,23,0.782608695652174
1424,18,4,1,0,0,23,0.782608695652174
1425,18,4,1,0,0,23,0.782608695652174
1426,15,4,1,0,0,20,0.75
1427,15,4,1,0,0,20,0.75
1428,16,4,1,0,0,21,0.7619047619047619
1429,17,4,1,0,0,22,0.7727272727272727
1430,17,4,1,0,0,22,0.7727272727272727
1431,17,4,1,0,0,22,0.7727272727272727
1432,18,4,1,1,0,24,0.75
1433,16,4,1,0,0,21,0.7619047619047619
1434,17,4,2,0,0,23,0.7391304347826086
1435,17,3,1,0,0,21,0.8095238095238095
1436,16,4,1,0,0,21,0.7619047619047619
1437,16,4,1,0,0,21,0.7619047619047619
1438,17,4,1,1,0,23,0.7391304347826086
1439,18,4,1,1,0,24,0.75
1440,18,4,1,0,0,23,0.782608695652174
1441,18,4,1,0,0,23,0.782608695652174
1442,15,4,1,0,0,20,0.75
1443,12,4,1,0,0,17,0.7058823529411765
1444,17,4,1,0,0,22,0.7727272727272727
1445,15,4,1,0,0,20,0.75
1446,15,4,1,0,0,20,0.75
1447,18,4,1,0,0,23,0.782608695652174
1448,18,4,1,1,0,24,0.75
1449,17,4,1,1,0,23,0.7391304347826086
1450,16,4,1,0,0,21,0.7619047619047619
1451,18,4,1,0,0,23,0.782608695652174
1452,18,4,1,0,0,23,0.782608695652174
1453,20,3,1,1,0,25,0.8
1454,16,4,1,0,0,21,0.7619047619047619
1455,16,4,1,0,0,21,0.7619047619047619
1456,18,4,1,0,0,23,0.782608695652174
1457,17,4,1,0,0,22,0.7727272727272727
1458,17,4,1,0,0,22,0.7727272727272727
1459,17,4,1,1,0,23,0.7391304347826086
1460,18,4,1,0,0,23,0.782608695652174
1461,16,4,1,0,0,21,0.7619047619047619
1462,16,4,1,1,0,22,0.7272727272727273
1463,18,4,1,0,0,23,0.782608695652174
1464,19,4,1,0,0,24,0.7916666666666666
1465,18,4,1,0,0,23,0.782608695652174
1466,19,4,1,0,0,24,0.7916666666666666
1467,20,4,1,0,0,25,0.8
1468,18,3,1,1,0,23,0.782608695652174
1469,18,4,1,0,0,23,0.782608695652174
1470,17,4,1,0,0,22,0.7727272727272727
1471,16,4,1,0,0,21,0.7619047619047619
1472,20,4,1,0,0,25,0.8
1473,19,4,1,0,0,24,0.7916666666666666
1474,19,2,1,0,0,22,0.8636363636363636
1475,16,4,1,0,0,21,0.7619047619047619
1476,19,4,1,1,0,25,0.76
1477,16,4,1,0,0,21,0.7619047619047619
1478,18,4,1,1,0,24,0.75
1479,19,4,1,0,0,24,0.7916666666666666
1480,20,3,1,0,0,24,0.8333333333333334
1481,18,4,1,0,0,23,0.782608695652174
1482,19,4,1,0,0,24,0.7916666666666666
1483,17,4,1,0,0,22,0.7727272727272727
1484,20,4,1,0,0,25,0.8
1485,21,4,1,0,0,26,0.8076923076923077
1486,18,4,1,1,0,24,0.75
1487,18,4,1,0,0,23,0.782608695652174
1488,16,3,1,1,0,21,0.7619047619047619
1489,17,4,1,0,0,22,0.7727272727272727
1490,17,4,1,0,0,22,0.7727272727272727
1491,19,4,1,0,0,24,0.7916666666666666
1492,19,4,1,1,0,25,0.76
1493,16,4,1,1,0,22,0.7272727272727273
1494,19,4,1,1,0,25,0.76
1495,16,4,1,1,0,22,0.7272727272727273
1496,18,3,1,0,0,22,0.8181818181818182
1497,19,4,1,1,0,25,0.76
1498,17,4,1,0,0,22,0.7727272727272727
1499,19,4,1,1,0,25,0.76
1500,18,3,1,1,0,23,0.782608695652174
1501,17,4,1,0,0,22,0.7727272727272727
1502,18,4,1,0,0,23,0.782608695652174
1503,20,4,1,1,0,26,0.7692307692307693
1504,19,4,2,0,0,25,0.76
1505,18,4,1,1,0,24,0.75
1506,17,3,1,0,0,21,0.8095238095238095
1507,18,3,1,0,0,22,0.8181818181818182
1508,17,4,1,1,0,23,0.7391304347826086
1509,20,3,1,0,0,24,0.8333333333333334
1510,17,4,1,0,0,22,0.7727272727272727
1511,17,4,1,0,0,22,0.7727272727272727
1512,15,4,1,0,0,20,0.75
1513,17,3,1,0,0,21,0.8095238095238095
1514,18,4,1,0,0,23,0.782608695652174
1515,17,4,1,1,0,23,0.7391304347826086
1516,17,4,1,0,0,22,0.7727272727272727
1517,19,4,1,0,0,24,0.7916666666666666
1518,18,4,2,0,0,24,0.75
1519,18,3,1,0,0,22,0.8181818181818182
1520,17,3,1,0,0,21,0.8095238095238095
1521,14,4,1,0,0,19,0.7368421052631579
1522,16,4,1,0,0,21,0.7619047619047619
1523,16,3,1,0,0,20,0.8
1524,17,4,1,0,0,22,0.7727272727272727
1525,19,4,1,0,0,24,0.7916666666666666
1526,14,3,1,0,0,18,0.7777777777777778
1527,15,4,1,0,0,20,0.75
1528,17,4,1,0,0,22,0.7727272727272727
1529,16,4,1,0,0,21,0.7619047619047619
1530,17,3,1,0,0,21,0.8095238095238095
1531,16,3,1,0,0,20,0.8
1532,18,4,1,0,0,23,0.782608695652174
1533,17,4,1,0,0,22,0.7727272727272727
1534,16,4,1,0,0,21,0.7619047619047619
1535,18,4,1,0,0,23,0.782608695652174
1536,17,4,1,0,0,22,0.7727272727272727
1537,18,4,1,0,0,23,0.782608695652174
1538,17,4,1,0,0,22,0.7727272727272727
1539,18,4,1,1,0,24,0.75
1540,16,4,2,0,0,22,0.7272727272727273
1541,15,4,1,0,0,20,0.75
1542,16,4,1,1,0,22,0.7272727272727273
1543,17,4,1,0,0,22,0.7727272727272727
1544,18,4,2,1,0,25,0.72
1545,18,5,1,0,0,24,0.75
1546,18,4,1,0,0,23,0.782608695652174
1547,17,4,1,1,0,23,0.7391304347826086
1548,17,4,1,0,0,22,0.7727272727272727
1549,17,3,1,0,0,21,0.8095238095238095
1550,18,4,1,1,0,24,0.75
1551,16,4,1,0,0,21,0.7619047619047619
1552,17,4,1,0,0,22,0.7727272727272727
1553,17,4,1,0,0,22,0.7727272727272727
1554,18,4,1,0,0,23,0.782608695652174
1555,17,4,2,0,0,23,0.7391304347826086
1556,17,5,1,1,0,24,0.7083333333333334
1557,15,4,1,0,0,20,0.75
1558,17,4,1,0,0,22,0.7727272727272727
1559,16,4,1,0,0,21,0.7619047619047619
1560,16,4,1,0,0,21,0.7619047619047619
1561,16,3,1,0,0,20,0.8
1562,19,3,1,0,0,23,0.8260869565217391
1563,15,3,1,1,0,20,0.75
1564,15,3,1,0,0,19,0.7894736842105263
1565,15,4,1,1,0,21,0.7142857142857143
1566,18,3,1,0,0,22,0.8181818181818182
1567,16,4,1,0,0,21,0.7619047619047619
1568,17,4,1,1,0,23,0.7391304347826086
1569,15,3,1,0,0,19,0.7894736842105263
1570,18,4,1,0,0,23,0.782608695652174
1571,16,3,1,0,0,20,0.8
1572,16,2,1,0,0,19,0.8421052631578947
1573,17,4,1,0,0,22,0.7727272727272727
1574,18,3,1,0,0,22,0.8181818181818182
1575,18,3,1,0,0,22,0.8181818181818182
1576,19,3,1,0,0,23,0.8260869565217391
1577,17,3,2,0,0,22,0.7727272727272727
1578,15,4,1,0,0,20,0.75
1579,15,4,1,0,0,20,0.75
1580,17,4,1,0,0,22,0.7727272727272727
1581,19,3,1,0,0,23,0.8260869565217391
1582,14,3,1,0,0,18,0.7777777777777778
1583,16,4,1,1,0,22,0.7272727272727273
1584,17,4,1,1,0,23,0.7391304347826086
1585,18,4,1,0,0,23,0.782608695652174
1586,16,4,1,0,0,21,0.7619047619047619
1587,16,4,1,0,0,21,0.7619047619047619
1588,16,4,1,0,0,21,0.7619047619047619
1589,17,4,1,0,0,22,0.7727272727272727
1590,18,4,1,1,0,24,0.75
1591,17,4,1,1,0,23,0.7391304347826086
1592,17,3,1,0,0,21,0.8095238095238095
1593,16,4,1,0,0,21,0.7619047619047619
1594,17,4,1,0,0,22,0.7727272727272727
1595,16,4,1,1,0,22,0.7272727272727273
1596,18,4,1,0,0,23,0.782608695652174
1597,18,3,1,0,0,22,0.8181818181818182
1598,15,3,1,1,0,20,0.75
1599,17,4,1,1,0,23,0.7391304347826086
1600,19,3,1,1,0,24,0.7916666666666666
1601,16,4,1,1,0,22,0.7272727272727273
1602,18,4,1,1,0,24,0.75
1603,16,4,1,1,0,22,0.7272727272727273
1604,16,4,1,1,0,22,0.7272727272727273
1605,17,3,1,0,0,21,0.8095238095238095
1606,14,4,1,1,0,20,0.7
1607,16,4,1,1,0,22,0.7272727272727273
1608,16,4,1,0,0,21,0.7619047619047619
1609,13,4,1,1,0,19,0.6842105263157895
1610,17,4,1,1,0,23,0.7391304347826086
1611,17,4,1,1,0,23,0.7391304347826086
1612,16,4,1,1,0,22,0.7272727272727273
1613,18,4,1,1,0,24,0.75
1614,18,4,1,0,0,23,0.782608695652174
1615,17,4,1,1,0,23,0.7391304347826086
1616,17,4,1,0,0,22,0.7727272727272727
1617,15,4,1,0,0,20,0.75
1618,19,4,1,0,0,24,0.7916666666666666
1619,18,4,1,0,0,23,0.782608695652174
1620,18,4,1,0,0,23,0.782608695652174
1621,16,4,1,1,0,22,0.7272727272727273
1622,15,4,1,0,0,20,0.75
1623,17,4,1,1,0,23,0.7391304347826086
1624,16,4,1,0,0,21,0.7619047619047619
1625,18,4,1,0,0,23,0.782608695652174
1626,18,4,1,0,0,23,0.782608695652174
1627,16,4,1,0,0,21,0.7619047619047619
1628,18,4,1,0,0,23,0.782608695652174
1629,17,4,1,0,0,22,0.7727272727272727
1630,15,4,1,0,0,20,0.75
1631,13,4,1,0,0,18,0.7222222222222222
1632,15,4,1,0,0,20,0.75
1633,16,4,1,0,0,21,0.7619047619047619
1634,15,3,1,1,0,20,0.75
1635,15,4,1,0,0,20,0.75
1636,17,4,1,0,0,22,0.7727272727272727
1637,15,4,1,0,0,20,0.75
1638,15,4,1,0,0,20,0.75
1639,17,3,1,0,0,21,0.8095238095238095
1640,19,4,1,0,0,24,0.7916666666666666
1641,18,3,1,0,0,22,0.8181818181818182
1642,17,2,2,0,0,21,0.8095238095238095
1643,17,3,1,0,0,21,0.8095238095238095
1644,17,3,1,0,0,21,0.8095238095238095
1645,15,4,1,0,0,20,0.75
1646,14,4,1,1,0,20,0.7
1647,17,4,1,0,0,22,0.7727272727272727
1648,16,4,1,0,0,21,0.7619047619047619
1649,18,4,1,0,0,23,0.782608695652174
1650,18,4,1,0,0,23,0.782608695652174
1651,15,4,1,0,0,20,0.75
1652,17,4,1,0,0,22,0.7727272727272727
1653,17,4,1,0,0,22,0.7727272727272727
1654,16,4,1,1,0,22,0.7272727272727273
1655,16,4,1,0,0,21,0.7619047619047619
1656,15,3,1,0,0,19,0.7894736842105263
1657,16,4,1,1,0,22,0.7272727272727273
1658,16,5,1,1,0,23,0.6956521739130435
1659,17,4,1,1,0,23,0.7391304347826086
1660,18,3,1,0,0,22,0.8181818181818182
1661,19,4,1,1,0,25,0.76
1662,17,4,1,1,0,23,0.7391304347826086
1663,19,4,1,0,0,24,0.7916666666666666
1664,16,4,1,1,0,22,0.7272727272727273
1665,20,4,1,0,0,25,0.8
1666,18,4,1,0,0,23,0.782608695652174
1667,15,4,1,0,0,20,0.75
1668,16,4,1,1,0,22,0.7272727272727273
1669,15,4,1,0,0,20,0.75
1670,13,4,1,0,0,18,0.7222222222222222
1671,17,4,1,1,0,23,0.7391304347826086
1672,16,4,1,0,0,21,0.7619047619047619
1673,17,4,1,0,0,22,0.7727272727272727
1674,18,4,1,0,0,23,0.782608695652174
1675,16,4,1,0,0,21,0.7619047619047619
1676,18,4,1,1,0,24,0.75
1677,16,4,1,0,0,21,0.7619047619047619
1678,18,4,1,0,0,23,0.782608695652174
1679,17,4,1,0,0,22,0.7727272727272727
1680,14,4,1,0,0,19,0.7368421052631579
1681,16,3,1,0,0,20,0.8
1682,16,3,1,0,0,20,0.8
1683,17,4,1,0,0,22,0.7727272727272727
1684,16,4,1,0,0,21,0.7619047619047619
1685,15,4,1,0,0,20,0.75
1686,18,3,1,0,0,22,0.8181818181818182
1687,16,3,1,0,0,20,0.8
1688,13,4,1,0,0,18,0.7222222222222222
1689,17,4,1,0,0,22,0.7727272727272727
1690,17,4,1,0,0,22,0.7727272727272727
1691,15,3,1,0,0,19,0.7894736842105263
1692,17,4,2,0,0,23,0.7391304347826086
1693,17,3,1,0,0,21,0.8095238095238095
1694,16,3,1,0,0,20,0.8
1695,18,4,1,0,0,23,0.782608695652174
1696,17,4,1,0,0,22,0.7727272727272727
1697,16,4,1,0,0,21,0.7619047619047619
1698,17,4,1,0,0,22,0.7727272727272727
1699,18,4,1,0,0,23,0.782608695652174
1700,15,4,1,0,0,20,0.75
1701,15,4,1,0,0,20,0.75
1702,17,4,1,0,0,22,0.7727272727272727
1703,16,4,1,0,0,21,0.7619047619047619
1704,16,4,1,0,0,21,0.7619047619047619
1705,15,4,1,0,0,20,0.75
1706,15,4,1,0,0,20,0.75
1707,17,4,1,0,0,22,0.7727272727272727
1708,18,4,1,0,0,23,0.782608695652174
1709,17,4,1,0,0,22,0.7727272727272727
1710,15,3,1,0,0,19,0.7894736842105263
1711,17,4,1,0,0,22,0.7727272727272727
1712,16,4,1,0,0,21,0.7619047619047619
1713,17,4,1,0,0,22,0.7727272727272727
1714,19,4,1,0,0,24,0.7916666666666666
1715,18,4,1,0,0,23,0.782608695652174
1716,18,4,1,0,0,23,0.782608695652174
1717,15,4,1,0,0,20,0.75
1718,16,4,1,0,0,21,0.7619047619047619
1719,18,4,1,0,0,23,0.782608695652174
1720,16,4,1,0,0,21,0.7619047619047619
1721,17,4,1,0,0,22,0.7727272727272727
1722,18,4,1,0,0,23,0.782608695652174
1723,15,4,1,0,0,20,0.75
1724,16,4,1,0,0,21,0.7619047619047619
1725,17,4,1,0,0,22,0.7727272727272727
1726,17,4,1,0,0,22,0.7727272727272727
1727,17,4,1,0,0,22,0.7727272727272727
1728,13,4,1,0,0,18,0.7222222222222222
1729,17,4,2,0,0,23,0.7391304347826086
1730,14,4,1,0,0,19,0.7368421052631579
1731,17,4,1,0,0,22,0.7727272727272727
1732,16,4,1,0,0,21,0.7619047619047619
1733,16,5,1,0,0,22,0.7272727272727273
1734,18,4,1,0,0,23,0.782608695652174
1735,17,4,1,0,0,22,0.7727272727272727
1736,14,4,1,0,0,19,0.7368421052631579
1737,17,4,1,0,0,22,0.7727272727272727
1738,19,4,1,0,0,24,0.7916666666666666
1739,16,4,2,0,0,22,0.7272727272727273
1740,16,4,1,0,0,21,0.7619047619047619
1741,15,4,1,0,0,20,0.75
1742,15,4,1,0,0,20,0.75
1743,17,4,1,0,0,22,0.7727272727272727
1744,15,4,1,0,0,20,0.75
1745,17,4,1,0,0,22,0.7727272727272727
1746,18,4,1,0,0,23,0.782608695652174
1747,19,4,1,0,0,24,0.7916666666666666
1748,17,4,1,0,0,22,0.7727272727272727
1749,19,4,1,0,0,24,0.7916666666666666
1750,19,4,1,1,0,25,0.76
1751,19,4,1,1,0,25,0.76
1752,17,4,1,0,0,22,0.7727272727272727
1753,17,4,1,0,0,22,0.7727272727272727
1754,16,4,1,0,0,21,0.7619047619047619
1755,18,4,1,0,0,23,0.782608695652174
1756,19,4,1,0,0,24,0.7916666666666666
1757,17,4,1,0,0,22,0.7727272727272727
1758,16,4,1,0,0,21,0.7619047619047619
1759,16,4,1,0,0,21,0.7619047619047619
1760,17,4,1,0,0,22,0.7727272727272727
1761,18,4,1,0,0,23,0.782608695652174
1762,19,4,1,0,0,24,0.7916666666666666
1763,15,4,1,0,0,20,0.75
1764,16,3,1,0,0,20,0.8
1765,17,3,1,0,0,21,0.8095238095238095
1766,17,4,1,0,0,22,0.7727272727272727
1767,19,3,1,0,0,23,0.8260869565217391
1768,18,4,1,0,0,23,0.782608695652174
1769,16,4,1,0,0,21,0.7619047619047619
1770,19,4,1,1,0,25,0.76
1771,18,4,1,0,0,23,0.782608695652174
1772,19,4,1,1,0,25,0.76
1773,16,4,1,0,0,21,0.7619047619047619
1774,17,4,2,0,0,23,0.7391304347826086
1775,17,4,1,0,0,22,0.7727272727272727
1776,18,4,1,0,0,23,0.782608695652174
1777,19,4,1,0,0,24,0.7916666666666666
1778,18,4,1,0,0,23,0.782608695652174
1779,19,4,1,0,0,24,0.7916666666666666
1780,18,4,1,0,0,23,0.782608695652174
1781,14,5,1,0,0,20,0.7
1782,16,4,1,0,0,21,0.7619047619047619
1783,16,4,1,0,0,21,0.7619047619047619
1784,18,4,1,0,0,23,0.782608695652174
1785,16,4,1,0,0,21,0.7619047619047619
1786,18,4,1,0,0,23,0.782608695652174
1787,15,4,1,0,0,20,0.75
1788,15,4,1,0,0,20,0.75
1789,17,4,1,0,0,22,0.7727272727272727
1790,17,4,1,0,0,22,0.7727272727272727
1791,16,4,1,0,0,21,0.7619047619047619
1792,18,3,1,0,0,22,0.8181818181818182
1793,16,4,1,0,0,21,0.7619047619047619
1794,16,4,1,0,0,21,0.7619047619047619
1795,15,4,1,0,0,20,0.75
1796,15,4,1,0,0,20,0.75
1797,18,4,1,0,0,23,0.782608695652174
1798,15,4,1,0,0,20,0.75
1799,18,4,1,0,0,23,0.782608695652174
1800,19,5,1,0,0,25,0.76
1801,17,4,1,0,0,22,0.7727272727272727
1802,16,4,1,0,0,21,0.7619047619047619
1803,17,4,1,0,0,22,0.7727272727272727
1804,18,4,1,0,0,23,0.782608695652174
1805,15,4,1,0,0,20,0.75
1806,15,4,1,0,0,20,0.75
1807,19,4,1,0,0,24,0.7916666666666666
1808,19,4,1,0,0,24,0.7916666666666666
1809,17,4,2,0,0,23,0.7391304347826086
1810,16,4,1,0,0,21,0.7619047619047619
1811,17,4,1,0,0,22,0.7727272727272727
1812,16,4,1,0,0,21,0.7619047619047619
1813,15,4,1,0,0,20,0.75
1814,16,4,1,0,0,21,0.7619047619047619
1815,16,4,1,0,0,21,0.7619047619047619
1816,16,4,2,0,0,22,0.7272727272727273
1817,17,5,1,0,0,23,0.7391304347826086
1818,17,5,1,0,0,23,0.7391304347826086
1819,17,4,1,0,0,22,0.7727272727272727
1820,16,4,1,0,0,21,0.7619047619047619
1821,18,4,1,0,0,23,0.782608695652174
1822,17,4,1,0,0,22,0.7727272727272727
1823,16,5,1,0,0,22,0.7272727272727273
1824,16,4,1,0,0,21,0.7619047619047619
1825,16,4,1,0,0,21,0.7619047619047619
1826,18,3,1,0,0,22,0.8181818181818182
1827,14,4,2,0,0,20,0.7
1828,15,4,1,0,0,20,0.75
1829,14,4,1,0,0,19,0.7368421052631579
1830,18,4,1,0,0,23,0.782608695652174
1831,17,4,1,0,0,22,0.7727272727272727
1832,18,4,1,0,0,23,0.782608695652174
1833,15,4,2,0,0,21,0.7142857142857143
1834,16,4,1,0,0,21,0.7619047619047619
1835,17,4,1,0,0,22,0.7727272727272727
1836,15,5,1,0,0,21,0.7142857142857143
1837,16,4,1,0,0,21,0.7619047619047619
1838,15,4,1,0,0,20,0.75
1839,18,4,1,0,0,23,0.782608695652174
1840,17,4,2,0,0,23,0.7391304347826086
1841,18,4,1,0,0,23,0.782608695652174
1842,16,3,1,0,0,20,0.8
1843,14,4,1,0,0,19,0.7368421052631579
1844,16,4,1,0,0,21,0.7619047619047619
1845,16,4,1,0,0,21,0.7619047619047619
1846,15,4,1,0,0,20,0.75
1847,14,4,1,0,0,19,0.7368421052631579
1848,15,4,2,0,0,21,0.7142857142857143
1849,17,4,1,0,0,22,0.7727272727272727
1850,18,4,1,0,0,23,0.782608695652174
1851,17,4,1,0,0,22,0.7727272727272727
1852,16,4,1,0,0,21,0.7619047619047619
1853,17,4,2,0,0,23,0.7391304347826086
1854,17,4,1,0,0,22,0.7727272727272727
1855,17,3,1,0,0,21,0.8095238095238095
1856,19,4,1,0,0,24,0.7916666666666666
1857,18,3,1,0,0,22,0.8181818181818182
1858,16,3,1,0,0,20,0.8
1859,18,4,1,0,0,23,0.782608695652174
1860,15,4,1,0,0,20,0.75
1861,15,4,1,0,0,20,0.75
1862,15,4,1,0,0,20,0.75
1863,15,4,1,0,0,20,0.75
1864,16,4,2,0,0,22,0.7272727272727273
1865,14,4,1,0,0,19,0.7368421052631579
1866,17,4,1,0,0,22,0.7727272727272727
1867,17,3,1,0,0,21,0.8095238095238095
1868,15,4,2,0,0,21,0.7142857142857143
1869,17,5,1,0,0,23,0.7391304347826086
1870,17,3,1,0,0,21,0.8095238095238095
1871,17,4,1,0,0,22,0.7727272727272727
1872,19,4,1,0,0,24,0.7916666666666666
1873,19,4,1,0,0,24,0.7916666666666666
1874,18,3,1,1,0,23,0.782608695652174
1875,18,4,1,0,0,23,0.782608695652174
1876,18,4,1,0,0,23,0.782608695652174
1877,19,4,1,0,0,24,0.7916666666666666
1878,16,3,1,0,0,20,0.8
1879,17,4,1,0,0,22,0.7727272727272727
1880,18,4,1,0,0,23,0.782608695652174
1881,18,4,1,0,0,23,0.782608695652174
1882,20,5,1,0,0,26,0.7692307692307693
1883,18,4,1,0,0,23,0.782608695652174
1884,17,5,1,0,0,23,0.7391304347826086
1885,17,4,2,0,0,23,0.7391304347826086
1886,16,3,1,0,0,20,0.8
1887,16,4,1,0,0,21,0.7619047619047619
1888,18,3,2,0,0,23,0.782608695652174
1889,17,4,1,0,0,22,0.7727272727272727
1890,18,4,1,0,0,23,0.782608695652174
1891,14,4,1,0,0,19,0.7368421052631579
1892,15,4,1,0,0,20,0.75
1893,16,4,1,0,0,21,0.7619047619047619
1894,17,4,1,0,0,22,0.7727272727272727
1895,16,4,2,0,0,22,0.7272727272727273
1896,17,4,2,0,0,23,0.7391304347826086
1897,16,4,2,0,0,22,0.7272727272727273
1898,17,4,1,0,0,22,0.7727272727272727
1899,18,4,1,0,0,23,0.782608695652174
1900,16,4,2,0,0,22,0.7272727272727273
1901,17,4,1,0,0,22,0.7727272727272727
1902,16,4,2,0,0,22,0.7272727272727273
1903,18,4,2,1,0,25,0.72
1904,17,4,1,0,0,22,0.7727272727272727
1905,17,4,1,0,0,22,0.7727272727272727
1906,17,4,1,0,0,22,0.7727272727272727
1907,17,4,1,0,0,22,0.7727272727272727
1908,16,4,2,0,0,22,0.7272727272727273
1909,18,4,1,1,0,24,0.75
1910,16,4,1,0,0,21,0.7619047619047619
1911,17,4,1,0,0,22,0.7727272727272727
1912,15,4,1,0,0,20,0.75
1913,16,4,1,0,0,21,0.7619047619047619
1914,18,4,1,0,0,23,0.782608695652174
1915,17,3,1,0,0,21,0.8095238095238095
1916,14,3,2,0,0,19,0.7368421052631579
1917,15,4,2,0,0,21,0.7142857142857143
1918,18,4,1,0,0,23,0.782608695652174
1919,17,4,2,0,0,23,0.7391304347826086
1920,16,4,2,0,0,22,0.7272727272727273
1921,15,4,1,0,0,20,0.75
1922,16,4,1,0,0,21,0.7619047619047619
1923,16,4,1,0,0,21,0.7619047619047619
1924,17,3,1,0,0,21,0.8095238095238095
1925,17,4,2,0,0,23,0.7391304347826086
1926,16,4,2,0,0,22,0.7272727272727273
1927,17,4,1,0,0,22,0.7727272727272727
1928,17,4,1,0,0,22,0.7727272727272727
1929,16,4,1,0,0,21,0.7619047619047619
1930,18,4,1,0,0,23,0.782608695652174
1931,15,4,2,0,0,21,0.7142857142857143
1932,17,4,2,0,0,23,0.7391304347826086
1933,15,4,1,0,0,20,0.75
1934,17,4,1,0,0,22,0.7727272727272727
1935,17,4,2,0,0,23,0.7391304347826086
1936,18,4,1,0,0,23,0.782608695652174
1937,16,3,1,0,0,20,0.8
1938,15,4,1,0,0,20,0.75
1939,16,4,2,0,0,22,0.7272727272727273
1940,15,4,1,0,0,20,0.75
1941,17,4,1,0,0,22,0.7727272727272727
1942,16,4,1,0,0,21,0.7619047619047619
1943,17,4,1,0,0,22,0.7727272727272727
1944,15,4,1,0,0,20,0.75
1945,16,4,1,0,0,21,0.7619047619047619
1946,17,4,1,0,0,22,0.7727272727272727
1947,19,4,1,0,0,24,0.7916666666666666
1948,16,4,1,0,0,21,0.7619047619047619
1949,18,4,1,0,0,23,0.782608695652174
1950,17,4,2,0,0,23,0.7391304347826086
1951,17,4,1,0,0,22,0.7727272727272727
1952,16,4,1,0,0,21,0.7619047619047619
1953,16,4,1,0,0,21,0.7619047619047619
1954,14,4,2,0,0,20,0.7
1955,17,4,1,0,0,22,0.7727272727272727
1956,17,4,1,0,0,22,0.7727272727272727
1957,17,4,1,0,0,22,0.7727272727272727
1958,17,4,1,0,0,22,0.7727272727272727
1959,15,4,1,0,0,20,0.75
1960,16,4,1,0,0,21,0.7619047619047619
1961,18,4,1,0,0,23,0.782608695652174
1962,17,4,1,0,0,22,0.7727272727272727
1963,16,3,1,0,0,20,0.8
1964,15,4,1,0,0,20,0.75
1965,17,4,1,0,0,22,0.7727272727272727
1966,16,4,2,0,0,22,0.7272727272727273
1967,17,4,1,0,0,22,0.7727272727272727
1968,15,4,1,0,0,20,0.75
1969,17,5,1,0,0,23,0.7391304347826086
1970,16,4,1,0,0,21,0.7619047619047619
1971,17,4,1,0,0,22,0.7727272727272727
1972,14,4,1,0,0,19,0.7368421052631579
1973,16,4,1,0,0,21,0.7619047619047619
1974,15,4,2,0,0,21,0.7142857142857143
1975,17,3,1,0,0,21,0.8095238095238095
1976,15,3,1,0,0,19,0.7894736842105263
1977,17,3,2,0,0,22,0.7727272727272727
1978,18,3,1,0,0,22,0.8181818181818182
1979,14,3,1,0,0,18,0.7777777777777778
1980,16,3,1,0,0,20,0.8
1981,17,4,1,1,0,23,0.7391304347826086
1982,13,4,2,0,0,19,0.6842105263157895
1983,13,3,2,0,0,18,0.7222222222222222
1984,17,3,1,0,0,21,0.8095238095238095
1985,16,3,1,0,0,20,0.8
1986,16,3,1,0,0,20,0.8
1987,18,3,1,0,0,22,0.8181818181818182
1988,15,3,1,0,0,19,0.7894736842105263
1989,17,4,1,0,0,22,0.7727272727272727
1990,19,3,1,0,0,23,0.8260869565217391
1991,17,3,1,0,0,21,0.8095238095238095
1992,17,3,1,0,0,21,0.8095238095238095
1993,18,4,1,0,0,23,0.782608695652174
1994,15,3,1,0,0,19,0.7894736842105263
1995,16,3,1,0,0,20,0.8
1996,17,3,1,0,0,21,0.8095238095238095
1997,19,4,1,0,0,24,0.7916666666666666
1998,17,4,1,0,0,22,0.7727272727272727
1999,18,3,1,0,0,22,0.8181818181818182
2000,16,4,1,0,0,21,0.7619047619047619
2001,17,5,1,0,0,23,0.7391304347826086
2002,17,3,1,0,0,21,0.8095238095238095
2003,14,3,1,0,0,18,0.7777777777777778
2004,17,3,1,0,0,21,0.8095238095238095
2005,18,4,1,0,0,23,0.782608695652174
2006,16,4,1,0,0,21,0.7619047619047619
2007,18,2,1,0,0,21,0.8571428571428571
2008,18,4,1,0,0,23,0.782608695652174
2009,18,4,1,1,0,24,0.75
2010,17,4,1,1,0,23,0.7391304347826086
2011,18,4,1,0,0,23,0.782608695652174
2012,16,4,1,1,0,22,0.7272727272727273
2013,17,3,1,1,0,22,0.7727272727272727
2014,15,4,1,0,0,20,0.75
2015,15,3,1,0,0,19,0.7894736842105263
2016,17,4,1,0,0,22,0.7727272727272727
2017,15,4,1,0,0,20,0.75
2018,17,4,1,1,0,23,0.7391304347826086
2019,16,4,1,0,0,21,0.7619047619047619
2020,16,4,1,0,0,21,0.7619047619047619
2021,17,4,1,0,0,22,0.7727272727272727
2022,15,3,1,1,0,20,0.75
2023,16,4,1,0,0,21,0.7619047619047619
2024,16,4,1,0,0,21,0.7619047619047619
2025,15,4,1,1,0,21,0.7142857142857143
2026,16,4,1,0,0,21,0.7619047619047619
2027,14,4,1,0,0,19,0.7368421052631579
2028,17,4,1,0,0,22,0.7727272727272727
2029,18,4,1,0,0,23,0.782608695652174
2030,18,4,1,0,0,23,0.782608695652174
2031,18,4,1,1,0,24,0.75
2032,18,4,1,0,0,23,0.782608695652174
2033,15,4,2,0,0,21,0.7142857142857143
2034,17,3,1,0,0,21,0.8095238095238095
2035,15,4,1,0,0,20,0.75
2036,18,4,2,0,0,24,0.75
2037,18,3,1,0,0,22,0.8181818181818182
2038,16,4,1,1,0,22,0.7272727272727273
2039,16,4,1,1,0,22,0.7272727272727273
2040,15,4,1,1,0,21,0.7142857142857143
2041,15,4,1,1,0,21,0.7142857142857143
2042,17,4,1,0,0,22,0.7727272727272727
2043,17,3,2,0,0,22,0.7727272727272727
2044,17,4,1,0,0,22,0.7727272727272727
2045,17,5,1,0,0,23,0.7391304347826086
2046,16,4,1,0,0,21,0.7619047619047619
2047,17,4,1,0,0,22,0.7727272727272727
2048,18,3,2,1,0,24,0.75
2049,18,4,1,0,0,23,0.782608695652174
2050,17,4,1,0,0,22,0.7727272727272727
2051,18,4,1,0,0,23,0.782608695652174
2052,17,4,1,0,0,22,0.7727272727272727
2053,16,4,1,1,0,22,0.7272727272727273
2054,17,4,1,0,0,22,0.7727272727272727
2055,17,4,1,1,0,23,0.7391304347826086
2056,16,4,1,0,0,21,0.7619047619047619
2057,16,4,1,0,0,21,0.7619047619047619
2058,17,4,1,0,0,22,0.7727272727272727
2059,17,4,1,1,0,23,0.7391304347826086
2060,18,4,1,0,0,23,0.782608695652174
2061,18,4,1,1,0,24,0.75
2062,17,3,1,0,0,21,0.8095238095238095
2063,16,4,1,0,0,21,0.7619047619047619
2064,19,3,1,0,0,23,0.8260869565217391
2065,18,3,1,0,0,22,0.8181818181818182
2066,18,3,1,0,0,22,0.8181818181818182
2067,18,4,1,1,0,24,0.75
2068,19,4,1,0,0,24,0.7916666666666666
2069,19,4,1,0,0,24,0.7916666666666666
2070,17,4,1,1,0,23,0.7391304347826086
2071,18,4,1,0,0,23,0.782608695652174
2072,17,4,1,0,0,22,0.7727272727272727
2073,18,4,1,0,0,23,0.782608695652174
2074,18,4,1,1,0,24,0.75
2075,16,4,1,1,0,22,0.7272727272727273
2076,17,5,1,0,0,23,0.7391304347826086
2077,16,4,1,0,0,21,0.7619047619047619
2078,17,4,1,0,0,22,0.7727272727272727
2079,16,3,1,0,0,20,0.8
2080,17,3,1,0,0,21,0.8095238095238095
2081,16,4,2,0,0,22,0.7272727272727273
2082,17,3,1,0,0,21,0.8095238095238095
2083,18,4,2,0,0,24,0.75
2084,19,4,2,1,0,26,0.7307692307692307
2085,17,5,2,0,0,24,0.7083333333333334
2086,17,4,1,1,0,23,0.7391304347826086
2087,19,5,2,0,0,26,0.7307692307692307
2088,20,4,1,0,0,25,0.8
2089,18,4,1,0,0,23,0.782608695652174
2090,17,3,1,1,0,22,0.7727272727272727
2091,18,4,1,0,0,23,0.782608695652174
2092,19,4,1,0,0,24,0.7916666666666666
2093,18,2,1,0,0,21,0.8571428571428571
2094,16,4,1,0,0,21,0.7619047619047619
2095,18,4,1,0,0,23,0.782608695652174
2096,18,3,1,1,0,23,0.782608695652174
2097,19,4,1,0,0,24,0.7916666666666666
2098,18,3,1,0,0,22,0.8181818181818182
2099,16,4,1,0,0,21,0.7619047619047619
2100,19,4,1,1,0,25,0.76
2101,19,3,1,0,0,23,0.8260869565217391
2102,15,3,1,1,0,20,0.75
2103,19,2,2,1,0,24,0.7916666666666666
2104,19,3,2,1,0,25,0.76
2105,17,2,2,1,0,22,0.7727272727272727
2106,16,4,2,1,0,23,0.6956521739130435
2107,17,2,1,1,0,21,0.8095238095238095
2108,17,2,2,1,0,22,0.7727272727272727
2109,18,3,1,0,0,22,0.8181818181818182
2110,18,4,2,1,0,25,0.72
2111,18,1,1,1,0,21,0.8571428571428571
2112,16,4,1,1,0,22,0.7272727272727273
2113,17,3,2,0,0,22,0.7727272727272727
2114,16,4,2,1,0,23,0.6956521739130435
2115,15,3,2,1,0,21,0.7142857142857143
2116,15,3,1,1,0,20,0.75
2117,16,2,1,1,0,20,0.8
2118,14,3,2,1,0,20,0.7
2119,15,5,2,1,0,23,0.6521739130434783
2120,15,3,2,1,0,21,0.7142857142857143
2121,17,4,1,1,0,23,0.7391304347826086
2122,18,5,2,0,0,25,0.72
2123,15,5,2,0,0,22,0.6818181818181818
2124,13,3,2,1,0,19,0.6842105263157895
2125,18,4,2,0,0,24,0.75
2126,18,4,2,0,0,24,0.75
2127,18,4,2,0,0,24,0.75
2128,20,4,2,1,0,27,0.7407407407407407
2129,18,1,1,0,0,20,0.9
2130,18,4,2,1,0,25,0.72
2131,17,4,1,0,0,22,0.7727272727272727
2132,17,2,2,0,0,21,0.8095238095238095
2133,20,3,2,0,0,25,0.8
2134,18,2,1,1,0,22,0.8181818181818182
2135,17,2,2,0,0,21,0.8095238095238095
2136,18,4,2,1,0,25,0.72
2137,19,4,2,1,0,26,0.7307692307692307
2138,18,3,2,1,0,24,0.75
2139,18,3,2,0,0,23,0.782608695652174
2140,18,4,2,1,0,25,0.72
2141,19,2,2,1,0,24,0.7916666666666666
2142,19,3,2,0,0,24,0.7916666666666666
2143,19,3,2,1,0,25,0.76
2144,19,2,2,1,0,24,0.7916666666666666
2145,19,3,2,1,0,25,0.76
2146,17,4,1,0,0,22,0.7727272727272727
2147,16,2,2,0,0,20,0.8
2148,16,4,1,0,0,21,0.7619047619047619
2149,13,4,2,1,0,20,0.65
2150,16,3,2,1,0,22,0.7272727272727273
2151,16,4,2,0,0,22,0.7272727272727273
2152,17,4,2,1,0,24,0.7083333333333334
2153,17,2,1,1,0,21,0.8095238095238095
2154,17,4,2,1,0,24,0.7083333333333334
2155,19,2,2,1,0,24,0.7916666666666666
2156,15,3,2,1,0,21,0.7142857142857143
2157,17,4,2,1,0,24,0.7083333333333334
2158,19,3,2,1,0,25,0.76
2159,17,4,2,1,0,24,0.7083333333333334
2160,16,3,2,0,0,21,0.7619047619047619
2161,18,2,1,1,0,22,0.8181818181818182
2162,18,3,1,1,0,23,0.782608695652174
2163,18,4,2,1,0,25,0.72
2164,18,2,2,1,0,23,0.782608695652174
2165,17,5,2,1,0,25,0.68
2166,19,3,2,1,0,25,0.76
2167,19,3,2,1,0,25,0.76
2168,19,4,1,1,0,25,0.76
2169,16,5,2,1,0,24,0.6666666666666666
2170,17,3,1,1,0,22,0.7727272727272727
2171,15,4,2,1,0,22,0.6818181818181818
2172,17,3,2,0,0,22,0.7727272727272727
2173,16,4,2,1,0,23,0.6956521739130435
2174,17,4,2,1,0,24,0.7083333333333334
2175,17,4,2,1,0,24,0.7083333333333334
2176,17,3,1,1,0,22,0.7727272727272727
2177,17,2,2,1,0,22,0.7727272727272727
2178,16,4,2,0,0,22,0.7272727272727273
2179,17,4,2,1,0,24,0.7083333333333334
2180,18,4,2,1,0,25,0.72
2181,18,5,1,0,0,24,0.75
2182,16,3,1,1,0,21,0.7619047619047619
2183,16,4,2,1,0,23,0.6956521739130435
2184,15,3,2,1,0,21,0.7142857142857143
2185,17,4,2,0,0,23,0.7391304347826086
2186,17,2,2,1,0,22,0.7727272727272727
2187,18,2,1,1,0,22,0.8181818181818182
2188,15,2,2,0,0,19,0.7894736842105263
2189,17,3,1,1,0,22,0.7727272727272727
2190,17,4,1,1,0,23,0.7391304347826086
2191,15,5,2,1,0,23,0.6521739130434783
2192,17,4,2,1,0,24,0.7083333333333334
2193,15,4,2,1,0,22,0.6818181818181818
2194,14,4,2,1,0,21,0.6666666666666666
2195,16,4,1,1,0,22,0.7272727272727273
2196,17,4,2,1,0,24,0.7083333333333334
2197,17,4,2,1,0,24,0.7083333333333334
2198,16,3,1,1,0,21,0.7619047619047619
2199,16,3,2,1,0,22,0.7272727272727273
2200,16,4,2,1,0,23,0.6956521739130435
2201,16,3,2,1,0,22,0.7272727272727273
2202,14,4,1,1,0,20,0.7
2203,16,4,2,0,0,22,0.7272727272727273
2204,17,3,2,1,0,23,0.7391304347826086
2205,17,2,2,1,0,22,0.7727272727272727
2206,14,3,2,1,0,20,0.7
2207,16,2,2,1,0,21,0.7619047619047619
2208,15,4,2,1,0,22,0.6818181818181818
2209,17,2,2,1,0,22,0.7727272727272727
2210,16,3,1,0,0,20,0.8
2211,19,2,1,1,0,23,0.8260869565217391
2212,15,3,2,1,0,21,0.7142857142857143
2213,16,3,1,1,0,21,0.7619047619047619
2214,16,3,2,1,0,22,0.7272727272727273
2215,18,4,2,1,0,25,0.72
2216,17,3,1,1,0,22,0.7727272727272727
2217,15,5,2,1,0,23,0.6521739130434783
2218,17,4,2,1,0,24,0.7083333333333334
2219,15,5,2,1,0,23,0.6521739130434783
2220,19,3,2,1,0,25,0.76
2221,15,5,1,1,0,22,0.6818181818181818
2222,15,4,2,1,0,22,0.6818181818181818
2223,16,5,1,1,0,23,0.6956521739130435
2224,16,3,1,1,0,21,0.7619047619047619
2225,17,3,1,1,0,22,0.7727272727272727
2226,17,2,1,1,0,21,0.8095238095238095
2227,16,2,2,1,0,21,0.7619047619047619
2228,18,2,2,1,0,23,0.782608695652174
2229,17,4,1,1,0,23,0.7391304347826086
2230,17,5,2,1,0,25,0.68
2231,16,4,2,1,0,23,0.6956521739130435
2232,15,4,2,1,0,22,0.6818181818181818
2233,18,2,1,1,0,22,0.8181818181818182
2234,15,4,2,1,0,22,0.6818181818181818
2235,16,4,2,1,0,23,0.6956521739130435
2236,18,4,2,1,0,25,0.72
2237,17,3,2,1,0,23,0.7391304347826086
2238,17,4,2,1,0,24,0.7083333333333334
2239,18,3,2,1,0,24,0.75
2240,17,2,2,1,0,22,0.7727272727272727
2241,16,3,2,1,0,22,0.7272727272727273
2242,17,3,2,1,0,23,0.7391304347826086
2243,17,3,2,1,0,23,0.7391304347826086
2244,18,3,2,1,0,24,0.75
2245,17,3,1,1,0,22,0.7727272727272727
2246,18,2,1,1,0,22,0.8181818181818182
2247,18,3,2,1,0,24,0.75
2248,16,4,2,1,0,23,0.6956521739130435
2249,16,5,2,1,0,24,0.6666666666666666
2250,15,2,1,1,0,19,0.7894736842105263
2251,17,2,2,0,0,21,0.8095238095238095
2252,18,3,1,1,0,23,0.782608695652174
2253,17,3,1,1,0,22,0.7727272727272727
2254,16,2,2,1,0,21,0.7619047619047619
2255,16,2,2,1,0,21,0.7619047619047619
2256,17,2,2,1,0,22,0.7727272727272727
2257,18,2,2,1,0,23,0.782608695652174
2258,15,2,1,1,0,19,0.7894736842105263
2259,16,2,1,1,0,20,0.8
2260,15,3,1,0,0,19,0.7894736842105263
2261,17,3,2,1,0,23,0.7391304347826086
2262,13,2,2,1,0,18,0.7222222222222222
2263,17,1,1,1,0,20,0.85
2264,17,2,1,1,0,21,0.8095238095238095
2265,16,3,2,1,0,22,0.7272727272727273
2266,15,2,2,1,0,20,0.75
2267,16,4,2,0,0,22,0.7272727272727273
2268,16,3,1,1,0,21,0.7619047619047619
2269,16,3,1,1,0,21,0.7619047619047619
2270,17,3,2,1,0,23,0.7391304347826086
2271,17,4,2,1,0,24,0.7083333333333334
2272,18,3,2,1,0,24,0.75
2273,16,2,1,1,0,20,0.8
2274,16,4,2,1,0,23,0.6956521739130435
2275,15,2,2,1,0,20,0.75
2276,15,2,2,1,0,20,0.75
2277,15,4,2,1,0,22,0.6818181818181818
2278,17,4,1,1,0,23,0.7391304347826086
2279,16,3,2,1,0,22,0.7272727272727273
2280,15,2,1,1,0,19,0.7894736842105263
2281,17,2,1,1,0,21,0.8095238095238095
2282,16,2,1,1,0,20,0.8
2283,17,2,1,1,0,21,0.8095238095238095
2284,16,3,1,1,0,21,0.7619047619047619
2285,15,3,2,1,0,21,0.7142857142857143
2286,16,2,2,1,0,21,0.7619047619047619
2287,14,3,2,1,0,20,0.7
2288,16,3,2,1,0,22,0.7272727272727273
2289,16,3,1,1,0,21,0.7619047619047619
2290,15,3,2,1,0,21,0.7142857142857143
2291,16,2,2,1,0,21,0.7619047619047619
2292,16,4,2,1,0,23,0.6956521739130435
2293,16,3,1,1,0,21,0.7619047619047619
2294,16,3,1,1,0,21,0.7619047619047619
2295,17,3,2,1,0,23,0.7391304347826086
2296,16,3,1,1,0,21,0.7619047619047619
2297,17,4,2,1,0,24,0.7083333333333334
2298,15,2,2,1,0,20,0.75
2299,17,2,1,1,0,21,0.8095238095238095
2300,16,3,2,1,0,22,0.7272727272727273
2301,15,4,2,1,0,22,0.6818181818181818
2302,15,2,2,1,0,20,0.75
2303,16,2,2,1,0,21,0.7619047619047619
2304,16,3,2,1,0,22,0.7272727272727273
2305,16,5,2,1,0,24,0.6666666666666666
2306,16,4,1,1,0,22,0.7272727272727273
2307,16,3,2,1,0,22,0.7272727272727273
2308,16,4,2,1,0,23,0.6956521739130435
2309,14,4,2,1,0,21,0.6666666666666666
2310,17,4,2,1,0,24,0.7083333333333334
2311,15,2,2,1,0,20,0.75
2312,17,3,2,1,0,23,0.7391304347826086
2313,14,2,1,1,0,18,0.7777777777777778
2314,18,3,1,1,0,23,0.782608695652174
2315,14,2,1,1,0,18,0.7777777777777778
2316,18,4,2,1,0,25,0.72
2317,14,3,2,0,0,19,0.7368421052631579
2318,16,3,1,1,0,21,0.7619047619047619
2319,16,3,1,1,0,21,0.7619047619047619
2320,16,4,1,1,0,22,0.7272727272727273
2321,17,3,2,1,0,23,0.7391304347826086
2322,16,2,1,1,0,20,0.8
2323,18,2,1,1,0,22,0.8181818181818182
2324,16,4,1,1,0,22,0.7272727272727273
2325,16,2,1,1,0,20,0.8
2326,15,2,1,1,0,19,0.7894736842105263
2327,15,2,1,1,0,19,0.7894736842105263
2328,16,3,2,1,0,22,0.7272727272727273
2329,16,2,2,1,0,21,0.7619047619047619
2330,16,4,1,1,0,22,0.7272727272727273
2331,17,2,2,1,0,22,0.7727272727272727
2332,15,2,1,1,0,19,0.7894736842105263
2333,16,5,2,1,0,24,0.6666666666666666
2334,17,3,1,1,0,22,0.7727272727272727
2335,16,4,2,1,0,23,0.6956521739130435
2336,16,4,2,0,0,22,0.7272727272727273
2337,16,3,2,1,0,22,0.7272727272727273
2338,15,2,2,0,0,19,0.7894736842105263
2339,16,2,2,1,0,21,0.7619047619047619
2340,16,2,1,1,0,20,0.8
2341,17,2,2,1,0,22,0.7727272727272727
2342,14,2,2,1,0,19,0.7368421052631579
2343,16,2,2,1,0,21,0.7619047619047619
2344,15,2,2,1,0,20,0.75
2345,15,2,2,1,0,20,0.75
2346,15,1,2,1,0,19,0.7894736842105263
2347,15,1,2,1,0,19,0.7894736842105263
2348,17,2,2,0,0,21,0.8095238095238095
2349,15,2,2,1,0,20,0.75
2350,16,2,2,1,0,21,0.7619047619047619
2351,16,4,2,1,0,23,0.6956521739130435
2352,16,2,1,1,0,20,0.8
2353,16,2,2,1,0,21,0.7619047619047619
2354,15,2,1,1,0,19,0.7894736842105263
2355,15,2,1,1,0,19,0.7894736842105263
2356,18,3,2,1,0,24,0.75
2357,15,2,2,1,0,20,0.75
2358,16,1,2,1,0,20,0.8
2359,17,4,1,1,0,23,0.7391304347826086
2360,14,3,1,1,0,19,0.7368421052631579
2361,16,3,1,1,0,21,0.7619047619047619
2362,18,2,2,0,0,22,0.8181818181818182
2363,19,3,1,1,0,24,0.7916666666666666
2364,17,2,1,1,0,21,0.8095238095238095
2365,16,2,1,1,0,20,0.8
2366,16,2,1,1,0,20,0.8
2367,18,3,1,1,0,23,0.782608695652174
2368,15,3,2,1,0,21,0.7142857142857143
2369,14,3,2,1,0,20,0.7
2370,16,2,1,1,0,20,0.8
2371,16,2,1,1,0,20,0.8
2372,16,2,1,1,0,20,0.8
2373,17,2,1,1,0,21,0.8095238095238095
2374,15,2,2,1,0,20,0.75
2375,15,3,2,1,0,21,0.7142857142857143
2376,16,2,2,1,0,21,0.7619047619047619
2377,17,2,2,1,0,22,0.7727272727272727
2378,16,2,1,1,0,20,0.8
2379,17,2,2,1,0,22,0.7727272727272727
2380,16,1,2,1,0,20,0.8
2381,18,2,2,1,0,23,0.782608695652174
2382,16,2,2,0,0,20,0.8
2383,18,1,2,1,0,22,0.8181818181818182
2384,14,2,2,0,0,18,0.7777777777777778
2385,16,1,2,1,0,20,0.8
2386,15,2,2,1,0,20,0.75
2387,16,1,2,1,0,20,0.8
2388,16,1,2,1,0,20,0.8
2389,17,3,2,1,0,23,0.7391304347826086
2390,17,3,2,1,0,23,0.7391304347826086
2391,16,3,2,1,0,22,0.7272727272727273
2392,17,1,2,1,0,21,0.8095238095238095
2393,18,3,2,1,0,24,0.75
2394,17,2,2,1,0,22,0.7727272727272727
2395,17,2,2,1,0,22,0.7727272727272727
2396,18,2,1,1,0,22,0.8181818181818182
2397,19,3,2,1,0,25,0.76
2398,16,4,1,1,0,22,0.7272727272727273
2399,15,3,2,1,0,21,0.7142857142857143
2400,15,4,1,1,0,21,0.7142857142857143
2401,17,4,1,1,0,23,0.7391304347826086
2402,17,4,2,1,0,24,0.7083333333333334
2403,17,4,2,1,0,24,0.7083333333333334
2404,16,3,1,1,0,21,0.7619047619047619
2405,19,1,1,1,0,22,0.8636363636363636
2406,17,4,1,1,0,23,0.7391304347826086
2407,15,2,1,1,0,19,0.7894736842105263
2408,18,4,2,1,0,25,0.72
2409,16,3,2,0,0,21,0.7619047619047619
2410,15,5,2,0,0,22,0.6818181818181818
2411,16,4,2,1,0,23,0.6956521739130435
2412,18,2,2,1,0,23,0.782608695652174
2413,16,2,1,1,0,20,0.8
2414,13,2,2,1,0,18,0.7222222222222222
2415,18,5,1,1,0,25,0.72
2416,15,3,2,1,0,21,0.7142857142857143
2417,16,3,1,1,0,21,0.7619047619047619
2418,15,3,1,1,0,20,0.75
2419,15,3,2,1,0,21,0.7142857142857143
2420,18,3,2,0,0,23,0.782608695652174
2421,19,3,2,1,0,25,0.76
2422,17,2,1,1,0,21,0.8095238095238095
2423,16,2,2,1,0,21,0.7619047619047619
2424,17,4,2,1,0,24,0.7083333333333334
2425,17,3,1,1,0,22,0.7727272727272727
2426,16,4,2,1,0,23,0.6956521739130435
2427,18,3,2,1,0,24,0.75
2428,16,2,1,1,0,20,0.8
2429,17,2,1,1,0,21,0.8095238095238095
2430,14,3,2,1,0,20,0.7
2431,17,1,2,1,0,21,0.8095238095238095
2432,15,3,1,1,0,20,0.75
2433,18,1,1,1,0,21,0.8571428571428571
2434,17,1,2,1,0,21,0.8095238095238095
2435,16,1,1,1,0,19,0.8421052631578947
2436,17,2,1,1,0,21,0.8095238095238095
2437,14,3,1,1,0,19,0.7368421052631579
2438,19,2,1,1,0,23,0.8260869565217391
2439,18,2,1,1,0,22,0.8181818181818182
2440,17,1,1,1,0,20,0.85
2441,15,2,1,1,0,19,0.7894736842105263
2442,15,2,1,1,0,19,0.7894736842105263
2443,17,3,2,1,0,23,0.7391304347826086
2444,17,1,2,1,0,21,0.8095238095238095
2445,15,3,2,1,0,21,0.7142857142857143
2446,15,1,1,1,0,18,0.8333333333333334
2447,15,2,1,1,0,19,0.7894736842105263
2448,17,2,1,1,0,21,0.8095238095238095
2449,17,2,1,1,0,21,0.8095238095238095
2450,16,3,2,1,0,22,0.7272727272727273
2451,18,3,2,1,0,24,0.75
2452,17,4,2,1,0,24,0.7083333333333334
2453,17,1,1,1,0,20,0.85
2454,15,1,1,1,0,18,0.8333333333333334
2455,18,4,2,1,0,25,0.72
2456,17,2,1,1,0,21,0.8095238095238095
2457,18,1,1,1,0,21,0.8571428571428571
2458,17,3,2,1,0,23,0.7391304347826086
2459,16,5,2,1,0,24,0.6666666666666666
2460,17,2,1,1,0,21,0.8095238095238095
2461,14,2,1,1,0,18,0.7777777777777778
2462,19,1,1,1,0,22,0.8636363636363636
2463,16,3,2,1,0,22,0.7272727272727273
2464,16,4,2,1,0,23,0.6956521739130435
2465,16,2,1,1,0,20,0.8
2466,17,2,1,1,0,21,0.8095238095238095
2467,18,1,2,1,0,22,0.8181818181818182
2468,16,3,2,1,0,22,0.7272727272727273
2469,16,3,2,0,0,21,0.7619047619047619
2470,16,1,1,1,0,19,0.8421052631578947
2471,18,2,2,1,0,23,0.782608695652174
2472,18,1,1,1,0,21,0.8571428571428571
2473,16,2,1,1,0,20,0.8
2474,18,3,1,1,0,23,0.782608695652174
2475,18,1,1,1,0,21,0.8571428571428571
2476,17,3,1,1,0,22,0.7727272727272727
2477,15,2,1,1,0,19,0.7894736842105263
2478,18,2,2,1,0,23,0.782608695652174
2479,17,2,1,1,0,21,0.8095238095238095
2480,18,2,1,1,0,22,0.8181818181818182
2481,18,2,1,1,0,22,0.8181818181818182
2482,17,2,1,1,0,21,0.8095238095238095
2483,16,2,2,1,0,21,0.7619047619047619
2484,15,3,2,0,0,20,0.75
2485,16,3,2,1,0,22,0.7272727272727273
2486,18,2,1,1,0,22,0.8181818181818182
2487,15,2,2,1,0,20,0.75
2488,17,4,2,1,0,24,0.7083333333333334
2489,16,3,2,0,0,21,0.7619047619047619
2490,16,3,2,0,0,21,0.7619047619047619
2491,17,4,2,1,0,24,0.7083333333333334
2492,14,2,2,0,0,18,0.7777777777777778
2493,17,3,2,0,0,22,0.7727272727272727
2494,18,3,2,1,0,24,0.75
2495,17,3,2,1,0,23,0.7391304347826086
2496,15,2,2,1,0,20,0.75
2497,16,1,2,1,0,20,0.8
2498,16,2,2,1,0,21,0.7619047619047619
2499,17,1,2,1,0,21,0.8095238095238095
2500,16,3,2,1,0,22,0.7272727272727273
2501,14,2,2,0,0,18,0.7777777777777778
2502,17,1,1,1,0,20,0.85
2503,17,1,1,1,0,20,0.85
2504,16,1,2,1,0,20,0.8
2505,16,3,2,0,0,21,0.7619047619047619
2506,16,3,2,1,0,22,0.7272727272727273
2507,18,2,2,0,0,22,0.8181818181818182
2508,14,3,2,1,0,20,0.7
2509,18,3,2,1,0,24,0.75
2510,13,2,2,0,0,17,0.7647058823529411
2511,17,1,2,1,0,21,0.8095238095238095
2512,16,2,2,1,0,21,0.7619047619047619
2513,17,1,2,1,0,21,0.8095238095238095
2514,15,2,2,1,0,20,0.75
2515,15,3,2,1,0,21,0.7142857142857143
2516,15,2,2,1,0,20,0.75
2517,16,2,2,1,0,21,0.7619047619047619
2518,17,1,2,1,0,21,0.8095238095238095
2519,17,2,2,1,0,22,0.7727272727272727
2520,17,1,2,1,0,21,0.8095238095238095
2521,14,3,2,0,0,19,0.7368421052631579
2522,18,3,2,0,0,23,0.782608695652174
2523,14,1,2,0,0,17,0.8235294117647058
2524,14,2,2,1,0,19,0.7368421052631579
2525,15,2,2,1,0,20,0.75
2526,17,3,2,1,0,23,0.7391304347826086
2527,15,2,2,0,0,19,0.7894736842105263
2528,15,1,2,1,0,19,0.7894736842105263
2529,16,3,2,1,0,22,0.7272727272727273
2530,17,3,2,1,0,23,0.7391304347826086
2531,18,2,2,1,0,23,0.782608695652174
2532,16,2,1,1,0,20,0.8
2533,16,2,1,1,0,20,0.8
2534,15,1,2,1,0,19,0.7894736842105263
2535,17,2,2,0,0,21,0.8095238095238095
2536,15,2,2,1,0,20,0.75
2537,16,2,2,0,0,20,0.8
2538,15,3,2,1,0,21,0.7142857142857143
2539,14,1,2,0,0,17,0.8235294117647058
2540,14,3,2,1,0,20,0.7
2541,15,3,2,0,0,20,0.75
2542,16,3,2,1,0,22,0.7272727272727273
2543,16,2,2,0,0,20,0.8
2544,19,2,2,1,0,24,0.7916666666666666
2545,17,2,1,0,0,20,0.85
2546,17,1,1,1,0,20,0.85
2547,16,3,2,0,0,21,0.7619047619047619
2548,16,2,1,0,0,19,0.8421052631578947
2549,16,3,1,1,0,21,0.7619047619047619
2550,16,1,1,1,0,19,0.8421052631578947
2551,18,3,2,0,0,23,0.782608695652174
2552,17,2,1,1,0,21,0.8095238095238095
2553,16,2,1,0,0,19,0.8421052631578947
2554,15,3,1,1,0,20,0.75
2555,16,1,1,1,0,19,0.8421052631578947
2556,17,3,2,0,0,22,0.7727272727272727
2557,16,4,2,1,0,23,0.6956521739130435
2558,15,3,2,1,0,21,0.7142857142857143
2559,13,2,1,1,0,17,0.7647058823529411
2560,15,2,1,0,0,18,0.8333333333333334
2561,18,4,2,1,0,25,0.72
2562,17,2,1,1,0,21,0.8095238095238095
2563,17,3,1,1,0,22,0.7727272727272727
2564,18,2,1,1,0,22,0.8181818181818182
2565,15,2,1,1,0,19,0.7894736842105263
2566,15,2,2,1,0,20,0.75
2567,17,2,1,1,0,21,0.8095238095238095
2568,18,3,2,1,0,24,0.75
2569,19,2,2,0,0,23,0.8260869565217391
2570,17,4,1,1,0,23,0.7391304347826086
2571,16,4,2,1,0,23,0.6956521739130435
2572,16,3,2,1,0,22,0.7272727272727273
2573,15,2,2,1,0,20,0.75
2574,17,2,2,1,0,22,0.7727272727272727
2575,17,3,2,1,0,23,0.7391304347826086
2576,18,2,1,1,0,22,0.8181818181818182
2577,16,2,2,1,0,21,0.7619047619047619
2578,17,4,2,1,0,24,0.7083333333333334
2579,16,2,1,1,0,20,0.8
2580,16,3,2,1,0,22,0.7272727272727273
2581,16,3,2,1,0,22,0.7272727272727273
2582,17,3,1,1,0,22,0.7727272727272727
2583,16,3,2,1,0,22,0.7272727272727273
2584,17,3,2,1,0,23,0.7391304347826086
2585,18,4,1,1,0,24,0.75
2586,17,3,1,0,0,21,0.8095238095238095
2587,16,2,2,1,0,21,0.7619047619047619
2588,19,4,2,1,0,26,0.7307692307692307
2589,15,4,2,1,0,22,0.6818181818181818
2590,17,2,1,1,0,21,0.8095238095238095
2591,17,4,2,1,0,24,0.7083333333333334
2592,17,3,2,0,0,22,0.7727272727272727
2593,19,3,1,1,0,24,0.7916666666666666
2594,19,4,2,1,0,26,0.7307692307692307
2595,17,4,2,1,0,24,0.7083333333333334
2596,17,2,1,1,0,21,0.8095238095238095
2597,18,4,1,0,0,23,0.782608695652174
2598,18,4,2,1,0,25,0.72
2599,17,3,2,1,0,23,0.7391304347826086
2600,17,3,2,1,0,23,0.7391304347826086
2601,18,3,2,1,0,24,0.75
2602,15,3,2,1,0,21,0.7142857142857143
2603,18,4,2,1,0,25,0.72
2604,18,4,1,1,0,24,0.75
2605,14,2,2,1,0,19,0.7368421052631579
2606,18,4,1,1,0,24,0.75
2607,18,2,2,1,0,23,0.782608695652174
2608,16,2,2,1,0,21,0.7619047619047619
2609,16,2,1,1,0,20,0.8
2610,17,2,1,1,0,21,0.8095238095238095
2611,16,2,1,1,0,20,0.8
2612,16,2,1,1,0,20,0.8
2613,19,3,2,1,0,25,0.76
2614,20,4,2,1,0,27,0.7407407407407407
2615,17,3,1,1,0,22,0.7727272727272727
2616,20,3,1,1,0,25,0.8
2617,19,2,1,1,0,23,0.8260869565217391
2618,17,3,1,1,0,22,0.7727272727272727
2619,19,3,2,1,0,25,0.76
2620,16,2,2,1,0,21,0.7619047619047619
2621,16,3,2,0,0,21,0.7619047619047619
2622,17,2,2,1,0,22,0.7727272727272727
2623,18,2,2,1,0,23,0.782608695652174
2624,17,2,2,1,0,22,0.7727272727272727
2625,18,3,2,1,0,24,0.75
2626,15,2,2,0,0,19,0.7894736842105263
2627,18,4,2,0,0,24,0.75
2628,18,2,2,1,0,23,0.782608695652174
2629,17,3,2,1,0,23,0.7391304347826086
2630,19,2,1,1,0,23,0.8260869565217391
2631,18,2,2,1,0,23,0.782608695652174
2632,19,1,1,1,0,22,0.8636363636363636
2633,17,3,2,1,0,23,0.7391304347826086
2634,16,3,2,1,0,22,0.7272727272727273
2635,17,3,2,0,0,22,0.7727272727272727
2636,19,3,2,1,0,25,0.76
2637,16,3,2,1,0,22,0.7272727272727273
2638,18,1,2,1,0,22,0.8181818181818182
2639,15,4,2,1,0,22,0.6818181818181818
2640,19,1,2,1,0,23,0.8260869565217391
2641,15,4,2,1,0,22,0.6818181818181818
2642,17,4,2,1,0,24,0.7083333333333334
2643,16,2,2,1,0,21,0.7619047619047619
2644,18,3,2,1,0,24,0.75
2645,18,3,2,1,0,24,0.75
2646,18,3,1,0,0,22,0.8181818181818182
2647,19,4,2,1,0,26,0.7307692307692307
2648,16,3,2,1,0,22,0.7272727272727273
2649,18,2,2,1,0,23,0.782608695652174
2650,16,2,2,1,0,21,0.7619047619047619
2651,20,3,2,1,0,26,0.7692307692307693
2652,17,4,2,1,0,24,0.7083333333333334
2653,18,4,2,1,0,25,0.72
2654,19,5,2,0,0,26,0.7307692307692307
2655,18,4,2,1,0,25,0.72
2656,18,4,2,0,0,24,0.75
2657,18,5,2,0,0,25,0.72
2658,16,3,1,0,0,20,0.8
2659,17,3,1,1,0,22,0.7727272727272727
2660,18,5,1,1,0,25,0.72
2661,16,4,2,1,0,23,0.6956521739130435
2662,17,4,2,1,0,24,0.7083333333333334
2663,18,3,2,1,0,24,0.75
2664,17,2,2,1,0,22,0.7727272727272727
2665,18,4,2,1,0,25,0.72
2666,17,3,2,1,0,23,0.7391304347826086
2667,15,3,2,0,0,20,0.75
2668,16,3,2,1,0,22,0.7272727272727273
2669,17,2,2,1,0,22,0.7727272727272727
2670,16,2,2,1,0,21,0.7619047619047619
2671,17,2,2,1,0,22,0.7727272727272727
2672,18,3,2,1,0,24,0.75
2673,16,3,2,1,0,22,0.7272727272727273
2674,19,4,2,1,0,26,0.7307692307692307
2675,18,4,2,1,0,25,0.72
2676,15,4,2,1,0,22,0.6818181818181818
2677,17,4,2,0,0,23,0.7391304347826086
2678,16,4,2,1,0,23,0.6956521739130435
2679,18,3,2,1,0,24,0.75
2680,17,4,2,1,0,24,0.7083333333333334
2681,17,4,1,1,0,23,0.7391304347826086
2682,16,3,2,1,0,22,0.7272727272727273
2683,16,4,2,1,0,23,0.6956521739130435
2684,18,4,2,1,0,25,0.72
2685,17,4,2,1,0,24,0.7083333333333334
2686,19,3,1,0,0,23,0.8260869565217391
2687,17,5,2,1,0,25,0.68
2688,18,4,1,1,0,24,0.75
2689,16,4,1,1,0,22,0.7272727272727273
2690,17,3,1,1,0,22,0.7727272727272727
2691,19,5,2,1,0,27,0.7037037037037037
2692,18,5,2,1,0,26,0.6923076923076923
2693,15,4,2,1,0,22,0.6818181818181818
2694,17,4,2,0,0,23,0.7391304347826086
2695,18,4,1,1,0,24,0.75
2696,17,4,2,1,0,24,0.7083333333333334
2697,18,3,2,1,0,24,0.75
2698,17,4,2,1,0,24,0.7083333333333334
2699,17,2,2,0,0,21,0.8095238095238095
2700,20,5,1,0,0,26,0.7692307692307693
2701,17,4,2,0,0,23,0.7391304347826086
2702,16,4,2,1,0,23,0.6956521739130435
2703,18,4,2,1,0,25,0.72
2704,17,3,2,1,0,23,0.7391304347826086
2705,19,4,1,1,0,25,0.76
2706,17,4,2,0,0,23,0.7391304347826086
2707,15,5,2,1,0,23,0.6521739130434783
2708,17,2,2,1,0,22,0.7727272727272727
2709,18,5,2,1,0,26,0.6923076923076923
2710,18,3,2,1,0,24,0.75
2711,19,4,2,0,0,25,0.76
2712,16,3,1,1,0,21,0.7619047619047619
2713,18,4,1,1,0,24,0.75
2714,17,4,2,1,0,24,0.7083333333333334
2715,16,5,1,1,0,23,0.6956521739130435
2716,15,3,2,1,0,21,0.7142857142857143
2717,17,4,1,0,0,22,0.7727272727272727
2718,16,4,2,1,0,23,0.6956521739130435
2719,16,5,1,0,0,22,0.7272727272727273
2720,18,3,1,1,0,23,0.782608695652174
2721,16,5,1,1,0,23,0.6956521739130435
2722,18,3,1,0,0,22,0.8181818181818182
2723,15,5,1,1,0,22,0.6818181818181818
2724,15,4,1,1,0,21,0.7142857142857143
2725,16,4,2,1,0,23,0.6956521739130435
2726,17,4,1,0,0,22,0.7727272727272727
2727,18,4,1,1,0,24,0.75
2728,17,4,1,1,0,23,0.7391304347826086
2729,16,3,1,1,0,21,0.7619047619047619
2730,16,3,2,1,0,22,0.7272727272727273
2731,19,5,1,1,0,26,0.7307692307692307
2732,17,5,1,1,0,24,0.7083333333333334
2733,16,4,2,1,0,23,0.6956521739130435
2734,18,4,1,1,0,24,0.75
2735,17,4,1,1,0,23,0.7391304347826086
2736,20,5,1,1,0,27,0.7407407407407407
2737,18,4,1,1,0,24,0.75
2738,18,4,2,1,0,25,0.72
2739,15,3,2,1,0,21,0.7142857142857143
2740,15,3,2,0,0,20,0.75
2741,15,5,1,1,0,22,0.6818181818181818
2742,17,4,1,0,0,22,0.7727272727272727
2743,18,4,1,0,0,23,0.782608695652174
2744,16,3,2,0,0,21,0.7619047619047619
2745,17,4,2,0,0,23,0.7391304347826086
2746,19,4,2,0,0,25,0.76
2747,17,3,2,0,0,22,0.7727272727272727
2748,17,4,2,1,0,24,0.7083333333333334
2749,16,4,1,1,0,22,0.7272727272727273
2750,15,5,2,1,0,23,0.6521739130434783
2751,16,5,2,1,0,24,0.6666666666666666
2752,19,4,2,1,0,26,0.7307692307692307
2753,15,5,2,1,0,23,0.6521739130434783
2754,15,3,1,0,0,19,0.7894736842105263
2755,15,5,1,1,0,22,0.6818181818181818
2756,17,4,2,0,0,23,0.7391304347826086
2757,17,4,2,1,0,24,0.7083333333333334
2758,15,5,1,1,0,22,0.6818181818181818
2759,17,3,1,1,0,22,0.7727272727272727
2760,16,4,1,0,0,21,0.7619047619047619
2761,17,4,1,0,0,22,0.7727272727272727
2762,16,4,2,0,0,22,0.7272727272727273
2763,18,4,1,0,0,23,0.782608695652174
2764,18,3,2,0,0,23,0.782608695652174
2765,17,5,2,1,0,25,0.68
2766,18,4,2,1,0,25,0.72
2767,17,5,2,1,0,25,0.68
2768,16,4,2,1,0,23,0.6956521739130435
2769,16,4,1,1,0,22,0.7272727272727273
2770,17,5,1,0,0,23,0.7391304347826086
2771,18,4,2,1,0,25,0.72
2772,17,4,2,1,0,24,0.7083333333333334
2773,16,4,2,1,0,23,0.6956521739130435
2774,18,4,2,1,0,25,0.72
2775,17,5,1,1,0,24,0.7083333333333334
2776,19,4,2,1,0,26,0.7307692307692307
2777,17,5,1,0,0,23,0.7391304347826086
2778,16,4,2,1,0,23,0.6956521739130435
2779,17,2,2,1,0,22,0.7727272727272727
2780,16,4,2,0,0,22,0.7272727272727273
2781,19,4,1,0,0,24,0.7916666666666666
2782,17,4,2,1,0,24,0.7083333333333334
2783,18,4,2,1,0,25,0.72
2784,18,4,2,1,0,25,0.72
2785,18,4,1,1,0,24,0.75
2786,18,3,1,1,0,23,0.782608695652174
2787,16,3,2,0,0,21,0.7619047619047619
2788,17,5,1,1,0,24,0.7083333333333334
2789,15,4,1,1,0,21,0.7142857142857143
2790,19,5,2,0,0,26,0.7307692307692307
2791,18,5,1,0,0,24,0.75
2792,18,4,1,1,0,24,0.75
2793,16,5,1,1,0,23,0.6956521739130435
2794,18,4,2,1,0,25,0.72
2795,17,4,1,1,0,23,0.7391304347826086
2796,18,3,2,1,0,24,0.75
2797,17,5,2,1,0,25,0.68
2798,17,4,2,1,0,24,0.7083333333333334
2799,17,5,1,1,0,24,0.7083333333333334
2800,17,4,2,1,0,24,0.7083333333333334
2801,18,4,1,1,0,24,0.75
2802,18,4,2,1,0,25,0.72
2803,17,5,2,1,0,25,0.68
2804,18,5,1,1,0,25,0.72
2805,17,5,2,1,0,25,0.68
2806,15,4,2,1,0,22,0.6818181818181818
2807,16,4,2,1,0,23,0.6956521739130435
2808,17,4,1,1,0,23,0.7391304347826086
2809,16,5,1,0,0,22,0.7272727272727273
2810,17,5,2,1,0,25,0.68
2811,18,4,1,0,0,23,0.782608695652174
2812,18,4,1,1,0,24,0.75
2813,15,5,2,1,0,23,0.6521739130434783
2814,18,6,1,1,0,26,0.6923076923076923
2815,15,5,2,1,0,23,0.6521739130434783
2816,16,4,2,0,0,22,0.7272727272727273
2817,16,4,1,1,0,22,0.7272727272727273
2818,14,4,2,1,0,21,0.6666666666666666
2819,19,3,1,1,0,24,0.7916666666666666
2820,17,3,1,1,0,22,0.7727272727272727
2821,15,3,1,1,0,20,0.75
2822,19,4,1,1,0,25,0.76
2823,17,4,1,1,0,23,0.7391304347826086
2824,18,4,2,0,0,24,0.75
2825,19,3,2,1,0,25,0.76
2826,18,5,2,1,0,26,0.6923076923076923
2827,19,4,2,1,0,26,0.7307692307692307
2828,19,3,1,0,0,23,0.8260869565217391
2829,18,3,2,1,0,24,0.75
2830,16,2,1,1,0,20,0.8
2831,16,4,1,1,0,22,0.7272727272727273
2832,15,4,1,1,0,21,0.7142857142857143
2833,18,5,2,0,0,25,0.72
2834,17,5,1,1,0,24,0.7083333333333334
2835,17,5,2,1,0,25,0.68
2836,17,3,1,0,0,21,0.8095238095238095
2837,18,3,2,0,0,23,0.782608695652174
2838,18,3,1,1,0,23,0.782608695652174
2839,18,3,2,1,0,24,0.75
2840,18,5,1,0,0,24,0.75
2841,15,2,1,1,0,19,0.7894736842105263
2842,18,4,2,0,0,24,0.75
2843,18,5,1,1,0,25,0.72
2844,17,4,2,1,0,24,0.7083333333333334
2845,16,4,2,1,0,23,0.6956521739130435
2846,17,3,2,1,0,23,0.7391304347826086
2847,18,5,1,0,0,24,0.75
2848,17,4,1,0,0,22,0.7727272727272727
2849,19,4,2,1,0,26,0.7307692307692307
2850,18,4,2,1,0,25,0.72
2851,14,5,1,0,0,20,0.7
2852,17,3,1,1,0,22,0.7727272727272727
2853,16,4,2,1,0,23,0.6956521739130435
2854,16,4,1,1,0,22,0.7272727272727273
2855,17,5,2,1,0,25,0.68
2856,18,4,2,1,0,25,0.72
2857,17,4,2,0,0,23,0.7391304347826086
2858,18,5,2,0,0,25,0.72
2859,17,3,1,1,0,22,0.7727272727272727
2860,18,3,1,1,0,23,0.782608695652174
2861,18,4,2,1,0,25,0.72
2862,15,3,2,1,0,21,0.7142857142857143
2863,19,3,2,1,0,25,0.76
2864,15,4,2,1,0,22,0.6818181818181818
2865,16,2,2,1,0,21,0.7619047619047619
2866,18,2,1,1,0,22,0.8181818181818182
2867,18,4,1,0,0,23,0.782608695652174
2868,19,3,1,0,0,23,0.8260869565217391
2869,18,5,2,1,0,26,0.6923076923076923
2870,15,4,2,1,0,22,0.6818181818181818
2871,16,4,1,1,0,22,0.7272727272727273
2872,19,5,1,1,0,26,0.7307692307692307
2873,17,4,2,1,0,24,0.7083333333333334
2874,16,4,2,1,0,23,0.6956521739130435
2875,19,5,2,1,0,27,0.7037037037037037
2876,18,2,1,1,0,22,0.8181818181818182
2877,17,3,1,1,0,22,0.7727272727272727
2878,18,2,1,1,0,22,0.8181818181818182
2879,18,2,1,1,0,22,0.8181818181818182
2880,14,4,2,1,0,21,0.6666666666666666
2881,18,4,2,0,0,24,0.75
2882,16,3,1,1,0,21,0.7619047619047619
2883,18,4,2,1,0,25,0.72
2884,17,4,1,0,0,22,0.7727272727272727
2885,18,4,1,1,0,24,0.75
2886,17,3,2,0,0,22,0.7727272727272727
2887,18,4,1,0,0,23,0.782608695652174
2888,17,4,1,0,0,22,0.7727272727272727
2889,17,5,2,0,0,24,0.7083333333333334
2890,16,3,2,1,0,22,0.7272727272727273
2891,15,5,1,1,0,22,0.6818181818181818
2892,17,4,1,1,0,23,0.7391304347826086
2893,15,4,2,1,0,22,0.6818181818181818
2894,16,3,2,1,0,22,0.7272727272727273
2895,17,4,1,1,0,23,0.7391304347826086
2896,16,4,2,0,0,22,0.7272727272727273
2897,16,5,2,1,0,24,0.6666666666666666
2898,14,5,2,1,0,22,0.6363636363636364
2899,18,4,1,1,0,24,0.75
2900,18,4,2,1,0,25,0.72
2901,16,4,2,1,0,23,0.6956521739130435
2902,19,4,1,1,0,25,0.76
2903,17,4,2,0,0,23,0.7391304347826086
2904,18,4,1,0,0,23,0.782608695652174
2905,15,4,2,1,0,22,0.6818181818181818
2906,16,4,1,1,0,22,0.7272727272727273
2907,17,4,1,1,0,23,0.7391304347826086
2908,18,4,1,1,0,24,0.75
2909,14,4,1,1,0,20,0.7
2910,18,4,2,1,0,25,0.72
2911,16,4,2,1,0,23,0.6956521739130435
2912,16,4,1,1,0,22,0.7272727272727273
2913,15,3,1,1,0,20,0.75
2914,17,5,2,0,0,24,0.7083333333333334
2915,16,4,2,1,0,23,0.6956521739130435
2916,16,5,1,1,0,23,0.6956521739130435
2917,16,3,2,1,0,22,0.7272727272727273
2918,16,3,2,0,0,21,0.7619047619047619
2919,16,4,2,1,0,23,0.6956521739130435
2920,15,4,1,1,0,21,0.7142857142857143
2921,15,4,1,1,0,21,0.7142857142857143
2922,13,3,2,1,0,19,0.6842105263157895
2923,17,3,1,1,0,22,0.7727272727272727
2924,15,3,1,1,0,20,0.75
2925,17,4,1,1,0,23,0.7391304347826086
2926,16,5,1,1,0,23,0.6956521739130435
2927,16,4,2,1,0,23,0.6956521739130435
2928,16,4,1,1,0,22,0.7272727272727273
2929,14,5,2,1,0,22,0.6363636363636364
2930,16,4,1,0,0,21,0.7619047619047619
2931,17,4,1,1,0,23,0.7391304347826086
2932,18,2,1,0,0,21,0.8571428571428571
2933,15,4,2,1,0,22,0.6818181818181818
2934,17,3,2,0,0,22,0.7727272727272727
2935,15,1,2,1,0,19,0.7894736842105263
2936,18,4,2,0,0,24,0.75
2937,18,5,2,1,0,26,0.6923076923076923
2938,17,2,1,1,0,21,0.8095238095238095
2939,15,4,1,1,0,21,0.7142857142857143
2940,18,3,1,1,0,23,0.782608695652174
2941,17,4,2,1,0,24,0.7083333333333334
2942,16,3,1,1,0,21,0.7619047619047619
2943,15,4,1,1,0,21,0.7142857142857143
2944,17,3,1,1,0,22,0.7727272727272727
2945,15,3,1,1,0,20,0.75
2946,17,5,1,1,0,24,0.7083333333333334
2947,16,3,1,1,0,21,0.7619047619047619
2948,16,4,2,1,0,23,0.6956521739130435
2949,16,4,1,1,0,22,0.7272727272727273
2950,18,4,2,1,0,25,0.72
2951,15,5,2,1,0,23,0.6521739130434783
2952,14,5,1,1,0,21,0.6666666666666666
2953,14,4,2,1,0,21,0.6666666666666666
2954,17,5,1,0,0,23,0.7391304347826086
2955,18,3,1,1,0,23,0.782608695652174
2956,17,4,2,1,0,24,0.7083333333333334
2957,17,4,2,0,0,23,0.7391304347826086
2958,17,3,2,1,0,23,0.7391304347826086
2959,16,4,2,1,0,23,0.6956521739130435
2960,19,1,1,1,0,22,0.8636363636363636
2961,16,5,1,0,0,22,0.7272727272727273
2962,18,4,1,1,0,24,0.75
2963,18,4,2,1,0,25,0.72
2964,17,3,2,1,0,23,0.7391304347826086
2965,16,4,2,1,0,23,0.6956521739130435
2966,16,4,1,0,0,21,0.7619047619047619
2967,18,2,2,1,0,23,0.782608695652174
2968,18,4,1,1,0,24,0.75
2969,17,4,1,1,0,23,0.7391304347826086
2970,17,4,2,0,0,23,0.7391304347826086
2971,17,4,1,1,0,23,0.7391304347826086
2972,18,2,2,1,0,23,0.782608695652174
2973,16,4,1,1,0,22,0.7272727272727273
2974,16,4,2,0,0,22,0.7272727272727273
2975,19,4,1,1,0,25,0.76
2976,17,3,2,0,0,22,0.7727272727272727
2977,20,3,1,1,0,25,0.8
2978,17,3,2,1,0,23,0.7391304347826086
2979,17,3,2,0,0,22,0.7727272727272727
2980,19,3,2,1,0,25,0.76
2981,20,3,2,1,0,26,0.7692307692307693
2982,18,4,2,1,0,25,0.72
2983,17,3,2,1,0,23,0.7391304347826086
2984,18,5,1,1,0,25,0.72
2985,19,4,2,0,0,25,0.76
2986,19,4,2,1,0,26,0.7307692307692307
2987,19,2,1,1,0,23,0.8260869565217391
2988,18,3,2,1,0,24,0.75
2989,15,4,2,1,0,22,0.6818181818181818
2990,16,3,2,0,0,21,0.7619047619047619
2991,17,4,2,1,0,24,0.7083333333333334
2992,18,4,1,1,0,24,0.75
2993,19,3,1,1,0,24,0.7916666666666666
2994,18,4,2,1,0,25,0.72
2995,17,2,1,1,0,21,0.8095238095238095
2996,18,3,1,0,0,22,0.8181818181818182
2997,17,3,2,1,0,23,0.7391304347826086
2998,18,3,2,1,0,24,0.75
2999,17,3,2,1,0,23,0.7391304347826086
3000,20,3,2,1,0,26,0.7692307692307693
3001,19,3,2,1,0,25,0.76
3002,19,3,1,0,0,23,0.8260869565217391
3003,20,3,2,1,0,26,0.7692307692307693
3004,18,2,2,0,0,22,0.8181818181818182
3005,19,2,1,1,0,23,0.8260869565217391
3006,20,3,2,1,0,26,0.7692307692307693
3007,17,3,1,1,0,22,0.7727272727272727
3008,19,3,2,0,0,24,0.7916666666666666
3009,18,3,2,1,0,24,0.75
3010,18,2,1,0,0,21,0.8571428571428571
3011,17,4,2,1,0,24,0.7083333333333334
3012,17,3,2,1,0,23,0.7391304347826086
3013,19,4,2,1,0,26,0.7307692307692307
3014,18,4,2,1,0,25,0.72
3015,20,3,2,1,0,26,0.7692307692307693
3016,18,4,3,1,0,26,0.6923076923076923
3017,18,3,2,0,0,23,0.782608695652174
3018,19,1,2,1,0,23,0.8260869565217391
3019,18,4,2,0,0,24,0.75
3020,18,3,2,1,0,24,0.75
3021,16,5,2,0,0,23,0.6956521739130435
3022,17,3,2,0,0,22,0.7727272727272727
3023,17,4,2,1,0,24,0.7083333333333334
3024,18,3,2,0,0,23,0.782608695652174
3025,17,4,2,1,0,24,0.7083333333333334
3026,16,4,2,0,0,22,0.7272727272727273
3027,14,4,2,1,0,21,0.6666666666666666
3028,18,3,2,1,0,24,0.75
3029,18,4,2,0,0,24,0.75
3030,17,4,2,1,0,24,0.7083333333333334
3031,17,4,2,1,0,24,0.7083333333333334
3032,16,4,1,1,0,22,0.7272727272727273
3033,15,4,2,1,0,22,0.6818181818181818
3034,14,3,2,1,0,20,0.7
3035,16,5,2,1,0,24,0.6666666666666666
3036,16,4,2,1,0,23,0.6956521739130435
3037,16,4,2,0,0,22,0.7272727272727273
3038,18,4,2,1,0,25,0.72
3039,17,3,2,1,0,23,0.7391304347826086
3040,18,2,2,0,0,22,0.8181818181818182
3041,16,2,1,1,0,20,0.8
3042,17,4,2,0,0,23,0.7391304347826086
3043,15,4,2,1,0,22,0.6818181818181818
3044,17,5,2,1,0,25,0.68
3045,16,5,2,1,0,24,0.6666666666666666
3046,17,5,2,1,0,25,0.68
3047,18,5,2,1,0,26,0.6923076923076923
3048,15,5,2,1,0,23,0.6521739130434783
3049,17,3,2,0,0,22,0.7727272727272727
3050,15,4,2,0,0,21,0.7142857142857143
3051,16,5,2,1,0,24,0.6666666666666666
3052,15,4,2,1,0,22,0.6818181818181818
3053,16,4,2,1,0,23,0.6956521739130435
3054,17,3,1,1,0,22,0.7727272727272727
3055,18,4,2,1,0,25,0.72
3056,17,3,2,1,0,23,0.7391304347826086
3057,16,3,2,1,0,22,0.7272727272727273
3058,15,3,2,1,0,21,0.7142857142857143
3059,18,3,2,0,0,23,0.782608695652174
3060,16,4,2,1,0,23,0.6956521739130435
3061,16,4,2,0,0,22,0.7272727272727273
3062,16,3,1,1,0,21,0.7619047619047619
3063,17,3,1,1,0,22,0.7727272727272727
3064,18,3,1,1,0,23,0.782608695652174
3065,16,3,2,0,0,21,0.7619047619047619
3066,17,3,2,1,0,23,0.7391304347826086
3067,14,4,2,1,0,21,0.6666666666666666
3068,16,4,2,1,0,23,0.6956521739130435
3069,19,4,2,1,0,26,0.7307692307692307
3070,16,4,2,0,0,22,0.7272727272727273
3071,18,4,2,1,0,25,0.72
3072,18,4,2,1,0,25,0.72
3073,16,4,2,0,0,22,0.7272727272727273
3074,15,4,2,1,0,22,0.6818181818181818
3075,15,4,2,0,0,21,0.7142857142857143
3076,17,3,2,1,0,23,0.7391304347826086
3077,16,3,2,1,0,22,0.7272727272727273
3078,17,3,2,0,0,22,0.7727272727272727
3079,18,2,2,1,0,23,0.782608695652174
3080,17,3,1,1,0,22,0.7727272727272727
3081,18,2,2,1,0,23,0.782608695652174
3082,16,3,2,1,0,22,0.7272727272727273
3083,16,2,2,1,0,21,0.7619047619047619
3084,18,3,2,1,0,24,0.75
3085,18,4,2,0,0,24,0.75
3086,17,5,2,1,0,25,0.68
3087,16,2,2,1,0,21,0.7619047619047619
3088,16,1,2,1,0,20,0.8
3089,17,3,2,0,0,22,0.7727272727272727
3090,15,4,2,1,0,22,0.6818181818181818
3091,17,3,2,1,0,23,0.7391304347826086
3092,16,4,2,0,0,22,0.7272727272727273
3093,18,3,2,1,0,24,0.75
3094,17,4,2,1,0,24,0.7083333333333334
3095,16,3,2,1,0,22,0.7272727272727273
3096,17,3,2,1,0,23,0.7391304347826086
3097,15,3,1,1,0,20,0.75
3098,16,1,2,1,0,20,0.8
3099,14,2,2,0,0,18,0.7777777777777778
3100,18,4,2,1,0,25,0.72
3101,17,4,2,1,0,24,0.7083333333333334
3102,17,4,2,0,0,23,0.7391304347826086
3103,17,4,2,1,0,24,0.7083333333333334
3104,16,3,2,0,0,21,0.7619047619047619
3105,17,2,2,1,0,22,0.7727272727272727
3106,16,2,2,1,0,21,0.7619047619047619
3107,17,3,2,1,0,23,0.7391304347826086
3108,18,3,2,1,0,24,0.75
3109,17,4,2,1,0,24,0.7083333333333334
3110,16,5,2,0,0,23,0.6956521739130435
3111,18,3,2,0,0,23,0.782608695652174
3112,16,3,2,0,0,21,0.7619047619047619
3113,18,4,2,1,0,25,0.72
3114,17,4,2,0,0,23,0.7391304347826086
3115,16,4,2,0,0,22,0.7272727272727273
3116,16,4,2,0,0,22,0.7272727272727273
3117,16,3,2,1,0,22,0.7272727272727273
3118,16,4,2,1,0,23,0.6956521739130435
3119,16,4,2,0,0,22,0.7272727272727273
3120,17,4,2,1,0,24,0.7083333333333334
3121,18,4,2,1,0,25,0.72
3122,17,3,1,1,0,22,0.7727272727272727
3123,18,2,1,1,0,22,0.8181818181818182
3124,18,3,2,0,0,23,0.782608695652174
3125,17,3,1,1,0,22,0.7727272727272727
3126,16,4,2,1,0,23,0.6956521739130435
3127,15,4,2,0,0,21,0.7142857142857143
3128,18,4,2,1,0,25,0.72
3129,16,2,2,0,0,20,0.8
3130,14,4,2,1,0,21,0.6666666666666666
3131,18,4,1,0,0,23,0.782608695652174
3132,15,4,2,0,0,21,0.7142857142857143
3133,16,5,1,1,0,23,0.6956521739130435
3134,16,3,2,1,0,22,0.7272727272727273
3135,17,3,1,1,0,22,0.7727272727272727
3136,16,4,1,1,0,22,0.7272727272727273
3137,17,5,2,0,0,24,0.7083333333333334
3138,16,3,2,1,0,22,0.7272727272727273
3139,14,3,2,0,0,19,0.7368421052631579
3140,15,3,2,0,0,20,0.75
3141,16,5,2,0,0,23,0.6956521739130435
3142,16,5,1,1,0,23,0.6956521739130435
3143,16,4,2,1,0,23,0.6956521739130435
3144,17,4,2,1,0,24,0.7083333333333334
3145,18,5,1,1,0,25,0.72
3146,14,3,2,0,0,19,0.7368421052631579
3147,17,2,1,1,0,21,0.8095238095238095
3148,18,1,1,1,0,21,0.8571428571428571
3149,18,1,2,1,0,22,0.8181818181818182
3150,17,2,1,1,0,21,0.8095238095238095
3151,17,2,1,1,0,21,0.8095238095238095
3152,18,2,1,1,0,22,0.8181818181818182
3153,18,1,1,1,0,21,0.8571428571428571
3154,18,2,1,1,0,22,0.8181818181818182
3155,18,2,1,1,0,22,0.8181818181818182
3156,17,1,1,1,0,20,0.85
3157,18,2,1,1,0,22,0.8181818181818182
3158,17,1,1,1,0,20,0.85
3159,18,2,1,1,0,22,0.8181818181818182
3160,17,2,1,1,0,21,0.8095238095238095
3161,18,2,1,1,0,22,0.8181818181818182
3162,17,2,1,1,0,21,0.8095238095238095
3163,19,1,1,1,0,22,0.8636363636363636
3164,19,1,1,1,0,22,0.8636363636363636
3165,19,1,1,1,0,22,0.8636363636363636
3166,17,2,1,1,0,21,0.8095238095238095
3167,18,2,1,1,0,22,0.8181818181818182
3168,16,1,2,1,0,20,0.8
3169,17,1,2,1,0,21,0.8095238095238095
3170,17,2,2,1,0,22,0.7727272727272727
3171,19,2,2,1,0,24,0.7916666666666666
3172,17,2,2,1,0,22,0.7727272727272727
3173,16,2,2,1,0,21,0.7619047619047619
3174,15,1,2,1,0,19,0.7894736842105263
3175,18,1,2,1,0,22,0.8181818181818182
3176,15,1,2,1,0,19,0.7894736842105263
3177,17,1,2,1,0,21,0.8095238095238095
3178,18,1,2,1,0,22,0.8181818181818182
3179,18,1,2,1,0,22,0.8181818181818182
3180,17,1,2,1,0,21,0.8095238095238095
3181,17,1,2,1,0,21,0.8095238095238095
3182,14,2,2,1,0,19,0.7368421052631579
3183,19,1,2,1,0,23,0.8260869565217391
3184,18,2,2,1,0,23,0.782608695652174
3185,19,1,2,1,0,23,0.8260869565217391
3186,18,1,2,1,0,22,0.8181818181818182
3187,17,1,1,1,0,20,0.85
3188,14,1,2,1,0,18,0.7777777777777778
3189,17,1,2,1,0,21,0.8095238095238095
3190,17,1,2,1,0,21,0.8095238095238095
3191,16,1,2,1,0,20,0.8
3192,18,1,1,1,0,21,0.8571428571428571
3193,16,1,2,1,0,20,0.8
3194,18,1,2,1,0,22,0.8181818181818182
3195,18,2,2,1,0,23,0.782608695652174
3196,18,2,2,1,0,23,0.782608695652174
3197,18,1,2,1,0,22,0.8181818181818182
3198,17,1,2,1,0,21,0.8095238095238095
3199,15,2,2,1,0,20,0.75
3200,18,1,2,0,0,21,0.8571428571428571
3201,17,2,2,1,0,22,0.7727272727272727
3202,16,1,2,1,0,20,0.8
3203,18,1,2,1,0,22,0.8181818181818182
3204,15,1,2,1,0,19,0.7894736842105263
3205,16,2,2,1,0,21,0.7619047619047619
3206,18,2,2,1,0,23,0.782608695652174
3207,16,1,2,1,0,20,0.8
3208,16,3,2,1,0,22,0.7272727272727273
3209,17,2,2,1,0,22,0.7727272727272727
3210,18,1,2,1,0,22,0.8181818181818182
3211,19,2,2,1,0,24,0.7916666666666666
3212,16,3,2,1,0,22,0.7272727272727273
3213,14,3,2,1,0,20,0.7
3214,15,3,2,0,0,20,0.75
3215,17,2,2,1,0,22,0.7727272727272727
3216,17,2,2,1,0,22,0.7727272727272727
3217,16,3,2,1,0,22,0.7272727272727273
3218,14,3,2,0,0,19,0.7368421052631579
3219,15,3,2,1,0,21,0.7142857142857143
3220,18,3,2,1,0,24,0.75
3221,19,3,2,1,0,25,0.76
3222,16,2,2,1,0,21,0.7619047619047619
3223,14,2,2,1,0,19,0.7368421052631579
3224,13,3,1,1,0,18,0.7222222222222222
3225,14,1,1,1,0,17,0.8235294117647058
3226,19,1,2,1,0,23,0.8260869565217391
3227,17,2,2,1,0,22,0.7727272727272727
3228,15,1,2,1,0,19,0.7894736842105263
3229,15,1,2,1,0,19,0.7894736842105263
3230,15,2,2,1,0,20,0.75
3231,16,2,2,1,0,21,0.7619047619047619
3232,15,1,2,1,0,19,0.7894736842105263
3233,14,2,2,1,0,19,0.7368421052631579
3234,15,2,1,1,0,19,0.7894736842105263
3235,13,2,2,1,0,18,0.7222222222222222
3236,15,3,1,1,0,20,0.75
3237,16,3,1,1,0,21,0.7619047619047619
3238,18,3,2,1,0,24,0.75
3239,17,2,2,1,0,22,0.7727272727272727
3240,17,2,2,1,0,22,0.7727272727272727
3241,16,3,2,1,0,22,0.7272727272727273
3242,17,3,2,1,0,23,0.7391304347826086
3243,16,3,1,1,0,21,0.7619047619047619
3244,15,2,1,1,0,19,0.7894736842105263
3245,15,3,1,0,0,19,0.7894736842105263
3246,15,2,1,1,0,19,0.7894736842105263
3247,14,1,2,1,0,18,0.7777777777777778
3248,16,2,1,1,0,20,0.8
3249,18,2,1,1,0,22,0.8181818181818182
3250,17,2,1,1,0,21,0.8095238095238095
3251,14,2,1,1,0,18,0.7777777777777778
3252,16,1,1,1,0,19,0.8421052631578947
3253,13,2,1,1,0,17,0.7647058823529411
3254,14,1,2,1,0,18,0.7777777777777778
3255,16,1,0,1,0,18,0.8888888888888888
3256,18,1,1,1,0,21,0.8571428571428571
3257,18,1,1,1,0,21,0.8571428571428571
3258,19,2,1,1,0,23,0.8260869565217391
3259,17,1,0,1,0,19,0.8947368421052632
3260,17,1,0,1,0,19,0.8947368421052632
3261,18,1,0,1,0,20,0.9
3262,18,1,1,1,0,21,0.8571428571428571
3263,19,1,2,1,0,23,0.8260869565217391
3264,19,1,1,1,0,22,0.8636363636363636
3265,19,1,1,1,0,22,0.8636363636363636
3266,19,1,2,1,0,23,0.8260869565217391
3267,17,1,2,1,0,21,0.8095238095238095
3268,18,1,2,1,0,22,0.8181818181818182
3269,19,1,2,1,0,23,0.8260869565217391
3270,15,2,1,1,0,19,0.7894736842105263
3271,17,1,2,1,0,21,0.8095238095238095
3272,21,1,2,1,0,25,0.84
3273,19,1,1,1,0,22,0.8636363636363636
3274,20,1,1,1,0,23,0.8695652173913043
3275,19,1,0,0,0,20,0.95
3276,16,1,2,1,0,20,0.8
3277,18,1,1,1,0,21,0.8571428571428571
3278,19,1,2,1,0,23,0.8260869565217391
3279,18,1,0,1,0,20,0.9
3280,18,1,1,1,0,21,0.8571428571428571
3281,17,1,1,1,0,20,0.85
3282,19,1,2,1,0,23,0.8260869565217391
3283,16,1,1,1,0,19,0.8421052631578947
3284,17,1,1,1,0,20,0.85
3285,19,1,1,1,0,22,0.8636363636363636
3286,16,1,1,1,0,19,0.8421052631578947
3287,17,1,1,0,0,19,0.8947368421052632
3288,16,1,1,1,0,19,0.8421052631578947
3289,16,2,1,1,0,20,0.8
3290,18,1,0,1,0,20,0.9
3291,17,1,0,1,0,19,0.8947368421052632
3292,19,1,1,1,0,22,0.8636363636363636
3293,18,1,1,0,0,20,0.9
3294,17,1,2,1,0,21,0.8095238095238095
3295,17,1,2,1,0,21,0.8095238095238095
3296,17,1,1,1,0,20,0.85
3297,17,1,1,1,0,20,0.85
3298,18,1,1,1,0,21,0.8571428571428571
3299,16,1,1,1,0,19,0.8421052631578947
3300,19,1,1,1,0,22,0.8636363636363636
3301,17,1,1,1,0,20,0.85
3302,18,1,2,1,0,22,0.8181818181818182
3303,18,1,2,1,0,22,0.8181818181818182
3304,19,1,1,1,0,22,0.8636363636363636
3305,17,1,1,1,0,20,0.85
3306,16,1,2,1,0,20,0.8
3307,17,1,2,1,0,21,0.8095238095238095
3308,17,1,2,1,0,21,0.8095238095238095
3309,17,1,2,1,0,21,0.8095238095238095
3310,18,2,1,1,0,22,0.8181818181818182
3311,15,1,2,1,0,19,0.7894736842105263
3312,15,1,1,1,0,18,0.8333333333333334
3313,17,1,2,1,0,21,0.8095238095238095
3314,17,1,2,1,0,21,0.8095238095238095
3315,17,1,3,1,0,22,0.7727272727272727
3316,17,1,2,1,0,21,0.8095238095238095
3317,18,1,2,1,0,22,0.8181818181818182
3318,18,1,1,0,0,20,0.9
3319,16,1,2,1,0,20,0.8
3320,16,1,2,1,0,20,0.8
3321,17,1,2,1,0,21,0.8095238095238095
3322,16,1,1,1,0,19,0.8421052631578947
3323,17,1,1,1,0,20,0.85
3324,17,1,1,1,0,20,0.85
3325,17,1,1,1,0,20,0.85
3326,18,1,2,1,0,22,0.8181818181818182
3327,15,1,2,1,0,19,0.7894736842105263
3328,14,2,2,1,0,19,0.7368421052631579
3329,16,1,2,1,0,20,0.8
3330,14,1,2,1,0,18,0.7777777777777778
3331,15,2,2,1,0,20,0.75
3332,16,1,2,1,0,20,0.8
3333,18,1,2,1,0,22,0.8181818181818182
3334,15,1,2,1,0,19,0.7894736842105263
3335,18,1,2,1,0,22,0.8181818181818182
3336,16,1,2,1,0,20,0.8
3337,15,1,2,1,0,19,0.7894736842105263
3338,12,1,2,1,0,16,0.75
3339,13,1,2,1,0,17,0.7647058823529411
3340,16,1,2,1,0,20,0.8
3341,16,2,2,1,0,21,0.7619047619047619
3342,14,1,2,1,0,18,0.7777777777777778
3343,16,1,2,1,0,20,0.8
3344,16,1,2,1,0,20,0.8
3345,16,1,2,0,0,19,0.8421052631578947
3346,14,1,2,1,0,18,0.7777777777777778
3347,15,1,1,0,0,17,0.8823529411764706
3348,14,2,2,1,0,19,0.7368421052631579
3349,15,1,2,0,0,18,0.8333333333333334
3350,14,2,2,1,0,19,0.7368421052631579
3351,14,1,2,0,0,17,0.8235294117647058
3352,15,1,2,1,0,19,0.7894736842105263
3353,14,1,2,1,0,18,0.7777777777777778
3354,15,1,2,1,0,19,0.7894736842105263
3355,14,1,2,1,0,18,0.7777777777777778
3356,15,1,2,1,0,19,0.7894736842105263
3357,17,1,2,1,0,21,0.8095238095238095
3358,15,1,1,1,0,18,0.8333333333333334
3359,16,2,2,1,0,21,0.7619047619047619
3360,15,1,2,0,0,18,0.8333333333333334
3361,16,3,2,0,0,21,0.7619047619047619
3362,15,3,2,1,0,21,0.7142857142857143
3363,16,2,2,1,0,21,0.7619047619047619
3364,15,3,2,1,0,21,0.7142857142857143
3365,15,2,2,1,0,20,0.75
3366,17,2,2,1,0,22,0.7727272727272727
3367,15,1,2,1,0,19,0.7894736842105263
3368,19,2,2,1,0,24,0.7916666666666666
3369,16,1,2,0,0,19,0.8421052631578947
3370,17,1,2,1,0,21,0.8095238095238095
3371,16,1,2,1,0,20,0.8
3372,15,1,2,0,0,18,0.8333333333333334
3373,17,1,2,1,0,21,0.8095238095238095
3374,15,1,2,0,0,18,0.8333333333333334
3375,14,2,2,0,0,18,0.7777777777777778
3376,17,1,2,1,0,21,0.8095238095238095
3377,19,2,1,0,0,22,0.8636363636363636
3378,17,2,2,1,0,22,0.7727272727272727
3379,18,2,2,1,0,23,0.782608695652174
3380,17,3,2,1,0,23,0.7391304347826086
3381,15,5,2,0,0,22,0.6818181818181818
3382,14,3,2,1,0,20,0.7
3383,14,3,2,1,0,20,0.7
3384,14,2,2,1,0,19,0.7368421052631579
3385,14,3,2,0,0,19,0.7368421052631579
3386,18,3,2,0,0,23,0.782608695652174
3387,16,4,2,1,0,23,0.6956521739130435
3388,15,3,2,1,0,21,0.7142857142857143
3389,14,2,2,1,0,19,0.7368421052631579
3390,15,2,2,1,0,20,0.75
3391,15,2,2,0,0,19,0.7894736842105263
3392,16,2,2,1,0,21,0.7619047619047619
3393,19,2,1,1,0,23,0.8260869565217391
3394,17,2,2,0,0,21,0.8095238095238095
3395,18,2,1,1,0,22,0.8181818181818182
3396,16,4,1,1,0,22,0.7272727272727273
3397,14,4,2,0,0,20,0.7
3398,17,1,1,1,0,20,0.85
3399,17,2,2,1,0,22,0.7727272727272727
3400,18,2,2,1,0,23,0.782608695652174
3401,17,3,1,1,0,22,0.7727272727272727
3402,18,2,2,1,0,23,0.782608695652174
3403,18,3,2,1,0,24,0.75
3404,18,2,1,1,0,22,0.8181818181818182
3405,17,4,2,1,0,24,0.7083333333333334
3406,16,3,2,1,0,22,0.7272727272727273
3407,17,2,2,1,0,22,0.7727272727272727
3408,15,2,2,1,0,20,0.75
3409,16,2,2,1,0,21,0.7619047619047619
3410,16,2,1,1,0,20,0.8
3411,16,3,1,1,0,21,0.7619047619047619
3412,13,3,1,0,0,17,0.7647058823529411
3413,14,3,1,0,0,18,0.7777777777777778
3414,15,4,2,0,0,21,0.7142857142857143
3415,17,3,1,1,0,22,0.7727272727272727
3416,17,2,1,0,0,20,0.85
3417,13,3,1,1,0,18,0.7222222222222222
3418,15,3,1,0,0,19,0.7894736842105263
3419,16,3,1,0,0,20,0.8
3420,15,2,1,1,0,19,0.7894736842105263
3421,13,3,1,1,0,18,0.7222222222222222
3422,16,2,1,1,0,20,0.8
3423,16,2,1,1,0,20,0.8
3424,15,3,1,1,0,20,0.75
3425,18,4,1,0,0,23,0.782608695652174
3426,14,2,1,1,0,18,0.7777777777777778
3427,17,4,1,1,0,23,0.7391304347826086
3428,17,2,1,1,0,21,0.8095238095238095
3429,14,3,1,0,0,18,0.7777777777777778
3430,16,1,1,1,0,19,0.8421052631578947
3431,17,2,1,0,0,20,0.85
3432,17,2,1,1,0,21,0.8095238095238095
3433,16,2,1,1,0,20,0.8
3434,18,2,1,1,0,22,0.8181818181818182
3435,15,3,1,1,0,20,0.75
3436,15,3,1,0,0,19,0.7894736842105263
3437,17,4,1,0,0,22,0.7727272727272727
3438,16,3,1,0,0,20,0.8
3439,14,3,1,1,0,19,0.7368421052631579
3440,15,4,1,1,0,21,0.7142857142857143
3441,14,3,1,0,0,18,0.7777777777777778
3442,17,4,2,0,0,23,0.7391304347826086
3443,15,4,2,1,0,22,0.6818181818181818
3444,16,3,1,0,0,20,0.8
3445,16,4,1,0,0,21,0.7619047619047619
3446,13,2,1,0,0,16,0.8125
3447,11,2,1,0,0,14,0.7857142857142857
3448,15,3,1,0,0,19,0.7894736842105263
3449,15,4,1,0,0,20,0.75
3450,15,2,1,1,0,19,0.7894736842105263
3451,16,4,1,1,0,22,0.7272727272727273
3452,15,2,2,0,0,19,0.7894736842105263
3453,14,3,2,1,0,20,0.7
3454,17,3,1,0,0,21,0.8095238095238095
3455,17,3,1,1,0,22,0.7727272727272727
3456,17,2,1,1,0,21,0.8095238095238095
3457,15,3,2,1,0,21,0.7142857142857143
3458,16,3,1,1,0,21,0.7619047619047619
3459,15,1,1,0,0,17,0.8823529411764706
3460,18,2,1,0,0,21,0.8571428571428571
3461,17,2,1,1,0,21,0.8095238095238095
3462,14,3,1,0,0,18,0.7777777777777778
3463,16,4,1,0,0,21,0.7619047619047619
3464,17,3,1,1,0,22,0.7727272727272727
3465,15,2,1,1,0,19,0.7894736842105263
3466,16,2,1,1,0,20,0.8
3467,15,3,1,1,0,20,0.75
3468,17,3,1,1,0,22,0.7727272727272727
3469,17,3,1,1,0,22,0.7727272727272727
3470,13,3,1,1,0,18,0.7222222222222222
3471,16,3,1,1,0,21,0.7619047619047619
3472,16,3,1,1,0,21,0.7619047619047619
3473,18,3,1,0,0,22,0.8181818181818182
3474,16,3,1,1,0,21,0.7619047619047619
3475,16,2,1,1,0,20,0.8
3476,17,3,1,1,0,22,0.7727272727272727
3477,16,3,1,1,0,21,0.7619047619047619
3478,16,3,1,1,0,21,0.7619047619047619
3479,18,3,1,0,0,22,0.8181818181818182
3480,16,3,1,0,0,20,0.8
3481,15,3,1,0,0,19,0.7894736842105263
3482,17,2,1,0,0,20,0.85
3483,15,3,1,0,0,19,0.7894736842105263
3484,14,4,1,0,0,19,0.7368421052631579
3485,15,4,1,0,0,20,0.75
3486,15,3,1,0,0,19,0.7894736842105263
3487,14,3,1,1,0,19,0.7368421052631579
3488,15,4,1,0,0,20,0.75
3489,17,3,1,1,0,22,0.7727272727272727
3490,16,3,1,1,0,21,0.7619047619047619
3491,16,2,1,0,0,19,0.8421052631578947
3492,16,3,1,0,0,20,0.8
3493,18,4,1,0,0,23,0.782608695652174
3494,17,3,1,1,0,22,0.7727272727272727
3495,16,4,1,1,0,22,0.7272727272727273
3496,13,4,1,0,0,18,0.7222222222222222
3497,15,3,1,1,0,20,0.75
3498,16,3,1,1,0,21,0.7619047619047619
3499,16,4,1,0,0,21,0.7619047619047619
3500,12,3,1,0,0,16,0.75
3501,15,4,1,0,0,20,0.75
3502,18,3,1,1,0,23,0.782608695652174
3503,17,3,1,1,0,22,0.7727272727272727
3504,16,3,1,0,0,20,0.8
3505,14,3,1,0,0,18,0.7777777777777778
3506,15,3,1,1,0,20,0.75
3507,15,3,1,1,0,20,0.75
3508,15,3,1,1,0,20,0.75
3509,15,3,1,1,0,20,0.75
3510,16,3,1,1,0,21,0.7619047619047619
3511,16,3,1,1,0,21,0.7619047619047619
3512,17,2,1,0,0,20,0.85
3513,18,3,1,1,0,23,0.782608695652174
3514,17,1,1,1,0,20,0.85
3515,16,1,1,1,0,19,0.8421052631578947
3516,17,1,1,1,0,20,0.85
3517,13,1,2,0,0,16,0.8125
3518,17,2,1,0,0,20,0.85
3519,16,1,1,1,0,19,0.8421052631578947
3520,18,1,2,1,0,22,0.8181818181818182
3521,18,1,1,1,0,21,0.8571428571428571
3522,16,1,1,0,0,18,0.8888888888888888
3523,16,1,1,1,0,19,0.8421052631578947
3524,18,1,1,1,0,21,0.8571428571428571
3525,17,1,1,1,0,20,0.85
3526,19,1,1,1,0,22,0.8636363636363636
3527,17,1,1,0,0,19,0.8947368421052632
3528,19,1,1,1,0,22,0.8636363636363636
3529,14,2,1,1,0,18,0.7777777777777778
3530,17,1,1,1,0,20,0.85
3531,16,3,1,0,0,20,0.8
3532,15,3,1,0,0,19,0.7894736842105263
3533,17,2,1,1,0,21,0.8095238095238095
3534,17,2,1,1,0,21,0.8095238095238095
3535,16,3,1,0,0,20,0.8
3536,18,1,1,0,0,20,0.9
3537,14,2,1,0,0,17,0.8235294117647058
3538,14,1,1,1,0,17,0.8235294117647058
3539,14,3,1,0,0,18,0.7777777777777778
3540,15,4,1,0,0,20,0.75
3541,15,3,1,0,0,19,0.7894736842105263
3542,15,3,1,1,0,20,0.75
3543,14,3,1,0,0,18,0.7777777777777778
3544,16,2,1,1,0,20,0.8
3545,17,2,1,1,0,21,0.8095238095238095
3546,14,3,1,1,0,19,0.7368421052631579
3547,14,3,1,1,0,19,0.7368421052631579
3548,15,3,1,0,0,19,0.7894736842105263
3549,13,3,1,1,0,18,0.7222222222222222
3550,17,3,1,1,0,22,0.7727272727272727
3551,13,3,1,0,0,17,0.7647058823529411
3552,17,2,1,1,0,21,0.8095238095238095
3553,16,2,2,1,0,21,0.7619047619047619
3554,16,2,1,1,0,20,0.8
3555,18,1,1,0,0,20,0.9
3556,17,3,2,0,0,22,0.7727272727272727
3557,14,2,2,1,0,19,0.7368421052631579
3558,17,2,2,1,0,22,0.7727272727272727
3559,14,1,1,1,0,17,0.8235294117647058
3560,17,1,1,1,0,20,0.85
3561,18,1,2,0,0,21,0.8571428571428571
3562,17,2,1,0,0,20,0.85
3563,15,2,2,1,0,20,0.75
3564,17,2,2,0,0,21,0.8095238095238095
3565,19,1,2,1,0,23,0.8260869565217391
3566,18,2,1,0,0,21,0.8571428571428571
3567,17,1,1,1,0,20,0.85
3568,16,1,0,0,0,17,0.9411764705882353
3569,19,3,2,0,0,24,0.7916666666666666
3570,18,1,1,0,0,20,0.9
3571,17,1,1,1,0,20,0.85
3572,19,2,2,1,0,24,0.7916666666666666
3573,19,2,2,1,0,24,0.7916666666666666
3574,19,1,1,1,0,22,0.8636363636363636
3575,18,1,1,1,0,21,0.8571428571428571
3576,17,2,1,0,0,20,0.85
3577,16,1,1,0,0,18,0.8888888888888888
3578,18,1,1,0,0,20,0.9
3579,19,1,1,1,0,22,0.8636363636363636
3580,17,1,0,0,0,18,0.9444444444444444
3581,19,1,0,0,0,20,0.95
3582,20,1,2,0,0,23,0.8695652173913043
3583,17,3,0,0,0,20,0.85
3584,18,2,2,0,0,22,0.8181818181818182
3585,19,1,1,1,0,22,0.8636363636363636
3586,18,0,0,0,0,18,1.0
3587,19,1,2,0,0,22,0.8636363636363636
3588,19,1,1,0,0,21,0.9047619047619048
3589,19,1,0,0,0,20,0.95
3590,19,0,0,0,0,19,1.0
3591,19,0,2,0,0,21,0.9047619047619048
3592,18,0,0,0,0,18,1.0
3593,19,1,1,1,0,22,0.8636363636363636
3594,19,1,2,1,0,23,0.8260869565217391
3595,17,1,0,0,0,18,0.9444444444444444
3596,18,1,1,1,0,21,0.8571428571428571
3597,19,1,1,0,0,21,0.9047619047619048
3598,19,1,1,0,0,21,0.9047619047619048
3599,17,1,2,1,0,21,0.8095238095238095
3600,19,1,2,1,0,23,0.8260869565217391
3601,18,1,3,1,0,23,0.782608695652174
3602,18,1,3,1,0,23,0.782608695652174
3603,19,1,1,1,0,22,0.8636363636363636
3604,18,1,1,1,0,21,0.8571428571428571
3605,19,1,0,0,0,20,0.95
3606,17,3,2,1,0,23,0.7391304347826086
3607,18,2,1,1,0,22,0.8181818181818182
3608,17,2,1,1,0,21,0.8095238095238095
3609,17,2,3,1,0,23,0.7391304347826086
3610,17,2,2,1,0,22,0.7727272727272727
3611,19,1,0,1,0,21,0.9047619047619048
3612,18,2,1,1,0,22,0.8181818181818182
3613,18,1,1,1,0,21,0.8571428571428571
3614,17,1,1,1,0,20,0.85
3615,18,1,1,1,0,21,0.8571428571428571
3616,18,1,0,1,0,20,0.9
3617,16,1,2,0,0,19,0.8421052631578947
3618,16,1,1,1,0,19,0.8421052631578947
3619,17,1,2,1,0,21,0.8095238095238095
3620,17,1,2,1,0,21,0.8095238095238095
3621,17,1,1,1,0,20,0.85
3622,17,1,2,0,0,20,0.85
3623,19,1,0,1,0,21,0.9047619047619048
3624,18,1,0,0,0,19,0.9473684210526315
3625,17,1,1,1,0,20,0.85
3626,15,1,2,1,0,19,0.7894736842105263
3627,17,1,2,1,0,21,0.8095238095238095
3628,16,1,2,0,0,19,0.8421052631578947
3629,18,1,1,1,0,21,0.8571428571428571
3630,17,2,2,1,0,22,0.7727272727272727
3631,15,1,2,1,0,19,0.7894736842105263
3632,14,2,2,1,0,19,0.7368421052631579
3633,12,1,2,1,0,16,0.75
3634,13,1,2,1,0,17,0.7647058823529411
3635,14,1,2,1,0,18,0.7777777777777778
3636,16,2,2,1,0,21,0.7619047619047619
3637,16,1,2,1,0,20,0.8
3638,13,1,1,1,0,16,0.8125
3639,15,1,0,1,0,17,0.8823529411764706
3640,17,1,1,1,0,20,0.85
3641,16,1,1,1,0,19,0.8421052631578947
3642,16,1,2,1,0,20,0.8
3643,15,1,1,1,0,18,0.8333333333333334
3644,17,1,2,0,0,20,0.85
3645,13,1,2,1,0,17,0.7647058823529411
3646,15,1,3,1,0,20,0.75
3647,17,1,0,1,0,19,0.8947368421052632
3648,15,1,3,1,0,20,0.75
3649,19,1,3,0,0,23,0.8260869565217391
3650,17,1,2,1,0,21,0.8095238095238095
3651,16,0,1,0,0,17,0.9411764705882353
3652,15,1,2,1,0,19,0.7894736842105263
3653,15,1,1,1,0,18,0.8333333333333334
3654,17,1,1,1,0,20,0.85
3655,14,1,2,1,0,18,0.7777777777777778
3656,15,1,2,1,0,19,0.7894736842105263
3657,15,1,2,1,0,19,0.7894736842105263
3658,17,1,1,1,0,20,0.85
3659,17,1,2,1,0,21,0.8095238095238095
3660,17,1,1,1,0,20,0.85
3661,14,1,2,1,0,18,0.7777777777777778
3662,14,1,2,1,0,18,0.7777777777777778
3663,15,1,2,1,0,19,0.7894736842105263
3664,14,1,1,1,0,17,0.8235294117647058
3665,17,1,1,1,0,20,0.85
3666,17,1,1,1,0,20,0.85
3667,16,1,1,1,0,19,0.8421052631578947
3668,17,1,1,1,0,20,0.85
3669,17,1,2,1,0,21,0.8095238095238095
3670,15,1,1,1,0,18,0.8333333333333334
3671,16,1,1,1,0,19,0.8421052631578947
3672,14,1,1,1,0,17,0.8235294117647058
3673,15,1,1,1,0,18,0.8333333333333334
3674,16,1,1,1,0,19,0.8421052631578947
3675,14,1,1,1,0,17,0.8235294117647058
3676,15,1,1,1,0,18,0.8333333333333334
3677,14,1,1,1,0,17,0.8235294117647058
3678,17,1,2,1,0,21,0.8095238095238095
3679,16,1,1,1,0,19,0.8421052631578947
3680,15,1,1,1,0,18,0.8333333333333334
3681,18,1,1,1,0,21,0.8571428571428571
3682,16,1,1,1,0,19,0.8421052631578947
3683,15,1,2,1,0,19,0.7894736842105263
3684,16,1,2,1,0,20,0.8
3685,16,1,2,1,0,20,0.8
3686,16,1,1,1,0,19,0.8421052631578947
3687,15,1,2,1,0,19,0.7894736842105263
3688,17,1,0,1,0,19,0.8947368421052632
3689,16,1,0,1,0,18,0.8888888888888888
3690,15,1,0,1,0,17,0.8823529411764706
3691,14,1,1,1,0,17,0.8235294117647058
3692,15,1,2,0,0,18,0.8333333333333334
3693,16,1,2,1,0,20,0.8
3694,17,1,1,1,0,20,0.85
3695,15,2,2,1,0,20,0.75
3696,14,2,1,1,0,18,0.7777777777777778
3697,18,1,2,1,0,22,0.8181818181818182
3698,15,1,2,1,0,19,0.7894736842105263
3699,16,1,2,1,0,20,0.8
3700,18,1,1,1,0,21,0.8571428571428571
3701,16,2,2,1,0,21,0.7619047619047619
3702,16,2,2,1,0,21,0.7619047619047619
3703,16,1,1,1,0,19,0.8421052631578947
3704,16,1,1,1,0,19,0.8421052631578947
3705,16,1,1,1,0,19,0.8421052631578947
3706,13,2,2,1,0,18,0.7222222222222222
3707,17,1,1,1,0,20,0.85
3708,16,2,1,0,0,19,0.8421052631578947
3709,15,1,1,1,0,18,0.8333333333333334
3710,14,1,0,1,0,16,0.875
3711,17,1,1,0,0,19,0.8947368421052632
3712,17,1,1,0,0,19,0.8947368421052632
3713,16,1,1,1,0,19,0.8421052631578947
3714,17,1,1,1,0,20,0.85
3715,17,1,2,1,0,21,0.8095238095238095
3716,18,2,1,1,0,22,0.8181818181818182
3717,17,2,1,1,0,21,0.8095238095238095
3718,15,1,1,1,0,18,0.8333333333333334
3719,18,1,0,1,0,20,0.9
3720,16,1,0,1,0,18,0.8888888888888888
3721,16,1,1,1,0,19,0.8421052631578947
3722,15,1,1,1,0,18,0.8333333333333334
3723,17,1,1,1,0,20,0.85
3724,16,1,2,1,0,20,0.8
3725,16,1,1,1,0,19,0.8421052631578947
3726,16,1,1,1,0,19,0.8421052631578947
3727,15,1,1,1,0,18,0.8333333333333334
3728,17,1,1,1,0,20,0.85
3729,18,1,1,1,0,21,0.8571428571428571
3730,15,2,2,1,0,20,0.75
3731,18,1,1,1,0,21,0.8571428571428571
3732,17,1,1,1,0,20,0.85
3733,15,1,1,1,0,18,0.8333333333333334
3734,15,1,1,1,0,18,0.8333333333333334
3735,17,1,1,1,0,20,0.85
3736,15,1,2,1,0,19,0.7894736842105263
3737,15,1,1,1,0,18,0.8333333333333334
3738,16,1,1,1,0,19,0.8421052631578947
3739,17,1,2,1,0,21,0.8095238095238095
3740,16,1,1,1,0,19,0.8421052631578947
3741,15,1,2,1,0,19,0.7894736842105263
3742,17,1,1,1,0,20,0.85
3743,16,1,1,1,0,19,0.8421052631578947
3744,15,1,1,1,0,18,0.8333333333333334
3745,16,1,1,1,0,19,0.8421052631578947
3746,16,1,1,1,0,19,0.8421052631578947
3747,17,1,0,1,0,19,0.8947368421052632
3748,15,1,1,1,0,18,0.8333333333333334
3749,16,1,2,1,0,20,0.8
3750,16,1,1,1,0,19,0.8421052631578947
3751,16,1,1,1,0,19,0.8421052631578947
3752,17,1,1,1,0,20,0.85
3753,17,1,1,1,0,20,0.85
3754,14,1,1,1,0,17,0.8235294117647058
3755,16,1,1,1,0,19,0.8421052631578947
3756,18,1,2,0,0,21,0.8571428571428571
3757,18,1,0,1,0,20,0.9
3758,17,1,1,1,0,20,0.85
3759,15,1,1,1,0,18,0.8333333333333334
3760,18,1,0,1,0,20,0.9
3761,16,1,0,1,0,18,0.8888888888888888
3762,18,1,1,1,0,21,0.8571428571428571
3763,16,1,0,1,0,18,0.8888888888888888
3764,18,1,1,1,0,21,0.8571428571428571
3765,18,1,2,1,0,22,0.8181818181818182
3766,16,1,1,1,0,19,0.8421052631578947
3767,18,1,1,1,0,21,0.8571428571428571
3768,17,1,1,1,0,20,0.85
3769,17,1,1,1,0,20,0.85
3770,17,1,0,1,0,19,0.8947368421052632
3771,17,1,1,1,0,20,0.85
3772,20,1,2,1,0,24,0.8333333333333334
3773,16,1,1,1,0,19,0.8421052631578947
3774,15,1,1,1,0,18,0.8333333333333334
3775,17,1,1,1,0,20,0.85
3776,17,1,1,1,0,20,0.85
3777,18,1,1,1,0,21,0.8571428571428571
3778,19,1,1,1,0,22,0.8636363636363636
3779,18,1,1,1,0,21,0.8571428571428571
3780,17,1,1,1,0,20,0.85
3781,16,1,1,1,0,19,0.8421052631578947
3782,16,1,1,1,0,19,0.8421052631578947
3783,17,1,1,1,0,20,0.85
3784,17,1,2,1,0,21,0.8095238095238095
3785,18,1,2,1,0,22,0.8181818181818182
3786,12,1,1,1,0,15,0.8
3787,16,1,0,1,0,18,0.8888888888888888
3788,17,1,2,1,0,21,0.8095238095238095
3789,17,1,2,0,0,20,0.85
3790,17,1,1,0,0,19,0.8947368421052632
3791,16,1,2,1,0,20,0.8
3792,19,1,1,1,0,22,0.8636363636363636
3793,19,1,1,1,0,22,0.8636363636363636
3794,17,1,2,1,0,21,0.8095238095238095
3795,19,1,0,1,0,21,0.9047619047619048
3796,16,1,2,1,0,20,0.8
3797,19,1,1,1,0,22,0.8636363636363636
3798,18,1,0,1,0,20,0.9
3799,18,1,2,1,0,22,0.8181818181818182
3800,18,1,0,1,0,20,0.9
3801,17,1,1,1,0,20,0.85
3802,18,2,2,0,0,22,0.8181818181818182
3803,18,2,2,1,0,23,0.782608695652174
3804,17,1,0,0,0,18,0.9444444444444444
3805,18,1,2,1,0,22,0.8181818181818182
3806,16,1,2,1,0,20,0.8
3807,18,1,1,1,0,21,0.8571428571428571
3808,16,1,0,1,0,18,0.8888888888888888
3809,18,1,1,1,0,21,0.8571428571428571
3810,16,1,0,1,0,18,0.8888888888888888
3811,15,1,2,1,0,19,0.7894736842105263
3812,17,1,1,1,0,20,0.85
3813,15,1,1,1,0,18,0.8333333333333334
3814,16,1,1,0,0,18,0.8888888888888888
3815,15,1,2,1,0,19,0.7894736842105263
3816,17,1,3,1,0,22,0.7727272727272727
3817,18,2,2,1,0,23,0.782608695652174
3818,16,1,1,1,0,19,0.8421052631578947
3819,16,1,1,1,0,19,0.8421052631578947
3820,18,1,2,1,0,22,0.8181818181818182
3821,19,1,1,1,0,22,0.8636363636363636
3822,18,1,2,1,0,22,0.8181818181818182
3823,14,1,2,1,0,18,0.7777777777777778
3824,18,1,2,1,0,22,0.8181818181818182
3825,15,1,1,1,0,18,0.8333333333333334
3826,19,1,1,1,0,22,0.8636363636363636
3827,18,1,2,1,0,22,0.8181818181818182
3828,17,1,1,1,0,20,0.85
3829,19,1,1,1,0,22,0.8636363636363636
3830,19,1,1,1,0,22,0.8636363636363636
3831,19,1,0,1,0,21,0.9047619047619048
3832,19,1,1,0,0,21,0.9047619047619048
3833,18,1,1,1,0,21,0.8571428571428571
3834,16,1,0,1,0,18,0.8888888888888888
3835,18,1,1,1,0,21,0.8571428571428571
3836,17,1,0,1,0,19,0.8947368421052632
3837,17,1,1,1,0,20,0.85
3838,16,1,0,1,0,18,0.8888888888888888
3839,15,1,0,1,0,17,0.8823529411764706
3840,16,1,0,1,0,18,0.8888888888888888
3841,17,1,1,1,0,20,0.85
3842,19,1,1,1,0,22,0.8636363636363636
3843,17,1,1,1,0,20,0.85
3844,17,1,1,1,0,20,0.85
3845,19,1,0,1,0,21,0.9047619047619048
3846,19,1,0,1,0,21,0.9047619047619048
3847,18,1,1,1,0,21,0.8571428571428571
3848,18,1,0,1,0,20,0.9
3849,18,0,2,0,0,20,0.9
3850,19,1,3,1,0,24,0.7916666666666666
3851,16,1,0,1,0,18,0.8888888888888888
3852,16,1,2,1,0,20,0.8
3853,18,1,1,1,0,21,0.8571428571428571
3854,19,1,2,1,0,23,0.8260869565217391
3855,18,1,2,1,0,22,0.8181818181818182
3856,17,1,2,1,0,21,0.8095238095238095
3857,17,1,2,1,0,21,0.8095238095238095
3858,19,1,2,1,0,23,0.8260869565217391
3859,17,1,0,1,0,19,0.8947368421052632
3860,18,1,1,1,0,21,0.8571428571428571
3861,17,1,2,1,0,21,0.8095238095238095
3862,17,1,0,1,0,19,0.8947368421052632
3863,18,1,2,1,0,22,0.8181818181818182
3864,19,1,1,1,0,22,0.8636363636363636
3865,20,1,1,0,0,22,0.9090909090909091
3866,19,1,1,1,0,22,0.8636363636363636
3867,17,1,1,1,0,20,0.85
3868,18,1,1,1,0,21,0.8571428571428571
3869,20,1,1,1,0,23,0.8695652173913043
3870,17,1,1,1,0,20,0.85
3871,19,1,2,1,0,23,0.8260869565217391
3872,17,1,2,1,0,21,0.8095238095238095
3873,16,1,1,1,0,19,0.8421052631578947
3874,17,1,1,1,0,20,0.85
3875,16,1,2,1,0,20,0.8
3876,17,1,1,1,0,20,0.85
3877,19,1,0,1,0,21,0.9047619047619048
3878,18,1,2,1,0,22,0.8181818181818182
3879,15,1,1,1,0,18,0.8333333333333334
3880,17,1,2,1,0,21,0.8095238095238095
3881,15,1,1,1,0,18,0.8333333333333334
3882,17,1,2,1,0,21,0.8095238095238095
3883,15,1,0,1,0,17,0.8823529411764706
3884,17,1,0,1,0,19,0.8947368421052632
3885,17,1,1,0,0,19,0.8947368421052632
3886,16,1,1,1,0,19,0.8421052631578947
3887,17,1,1,1,0,20,0.85
3888,17,1,0,1,0,19,0.8947368421052632
3889,18,1,1,1,0,21,0.8571428571428571
3890,17,1,1,1,0,20,0.85
3891,18,1,1,1,0,21,0.8571428571428571
3892,16,1,0,1,0,18,0.8888888888888888
3893,17,1,1,1,0,20,0.85
3894,17,1,1,1,0,20,0.85
3895,19,1,2,1,0,23,0.8260869565217391
3896,19,1,1,1,0,22,0.8636363636363636
3897,17,1,1,1,0,20,0.85
3898,17,1,1,1,0,20,0.85
3899,20,1,2,1,0,24,0.8333333333333334
3900,17,1,1,1,0,20,0.85
3901,18,1,1,1,0,21,0.8571428571428571
3902,17,1,1,1,0,20,0.85
3903,18,1,1,0,0,20,0.9
3904,19,1,2,1,0,23,0.8260869565217391
3905,18,1,0,1,0,20,0.9
3906,19,1,0,1,0,21,0.9047619047619048
3907,18,1,2,1,0,22,0.8181818181818182
3908,18,1,2,1,0,22,0.8181818181818182
3909,19,1,0,1,0,21,0.9047619047619048
3910,19,1,2,1,0,23,0.8260869565217391
3911,18,1,1,1,0,21,0.8571428571428571
3912,18,1,0,1,0,20,0.9
3913,18,1,0,1,0,20,0.9
3914,19,1,3,0,0,23,0.8260869565217391
3915,18,1,0,1,0,20,0.9
3916,19,1,2,1,0,23,0.8260869565217391
3917,19,1,3,1,0,24,0.7916666666666666
3918,17,1,2,1,0,21,0.8095238095238095
3919,17,1,1,1,0,20,0.85
3920,17,1,0,1,0,19,0.8947368421052632
3921,19,1,0,1,0,21,0.9047619047619048
3922,18,1,1,1,0,21,0.8571428571428571
3923,20,1,1,1,0,23,0.8695652173913043
3924,18,1,1,1,0,21,0.8571428571428571
3925,16,1,0,1,0,18,0.8888888888888888
3926,16,1,0,1,0,18,0.8888888888888888
3927,17,1,2,1,0,21,0.8095238095238095
3928,18,1,1,1,0,21,0.8571428571428571
3929,18,1,2,1,0,22,0.8181818181818182
3930,17,1,1,1,0,20,0.85
3931,19,1,2,1,0,23,0.8260869565217391
3932,19,1,1,1,0,22,0.8636363636363636
3933,18,1,3,1,0,23,0.782608695652174
3934,18,1,1,1,0,21,0.8571428571428571
3935,19,1,2,1,0,23,0.8260869565217391
3936,18,1,1,0,0,20,0.9
3937,15,1,3,1,0,20,0.75
3938,17,1,2,1,0,21,0.8095238095238095
3939,20,1,1,1,0,23,0.8695652173913043
3940,19,1,2,1,0,23,0.8260869565217391
3941,18,1,2,0,0,21,0.8571428571428571
3942,17,1,3,1,0,22,0.7727272727272727
3943,16,1,1,1,0,19,0.8421052631578947
3944,16,1,1,1,0,19,0.8421052631578947
3945,17,1,2,0,0,20,0.85
3946,17,1,1,1,0,20,0.85
3947,19,1,1,1,0,22,0.8636363636363636
3948,18,1,2,1,0,22,0.8181818181818182
3949,17,1,1,1,0,20,0.85
3950,17,1,1,1,0,20,0.85
3951,18,1,2,1,0,22,0.8181818181818182
3952,17,1,1,1,0,20,0.85
3953,18,1,1,1,0,21,0.8571428571428571
3954,17,1,1,1,0,20,0.85
3955,16,1,1,1,0,19,0.8421052631578947
3956,17,1,1,1,0,20,0.85
3957,18,1,3,1,0,23,0.782608695652174
3958,18,1,1,1,0,21,0.8571428571428571
3959,18,1,1,1,0,21,0.8571428571428571
3960,17,1,1,0,0,19,0.8947368421052632
3961,17,1,2,1,0,21,0.8095238095238095
3962,18,1,2,1,0,22,0.8181818181818182
3963,19,1,2,1,0,23,0.8260869565217391
3964,17,1,1,1,0,20,0.85
3965,18,1,2,1,0,22,0.8181818181818182
3966,15,1,2,1,0,19,0.7894736842105263
3967,16,1,2,1,0,20,0.8
3968,16,1,0,1,0,18,0.8888888888888888
3969,17,1,3,0,0,21,0.8095238095238095
3970,17,1,2,1,0,21,0.8095238095238095
3971,16,1,1,1,0,19,0.8421052631578947
3972,18,1,2,1,0,22,0.8181818181818182
3973,18,1,2,1,0,22,0.8181818181818182
3974,17,1,2,1,0,21,0.8095238095238095
3975,18,1,2,1,0,22,0.8181818181818182
3976,17,1,1,1,0,20,0.85
3977,19,1,0,1,0,21,0.9047619047619048
3978,19,1,0,1,0,21,0.9047619047619048
3979,18,1,2,1,0,22,0.8181818181818182
3980,16,1,1,1,0,19,0.8421052631578947
3981,17,1,1,1,0,20,0.85
3982,18,1,2,1,0,22,0.8181818181818182
3983,18,1,1,1,0,21,0.8571428571428571
3984,19,1,1,1,0,22,0.8636363636363636
3985,15,1,1,1,0,18,0.8333333333333334
3986,17,1,1,1,0,20,0.85
3987,17,1,1,1,0,20,0.85
3988,19,1,1,1,0,22,0.8636363636363636
3989,18,1,1,1,0,21,0.8571428571428571
3990,19,1,0,1,0,21,0.9047619047619048
3991,16,1,1,1,0,19,0.8421052631578947
3992,17,1,2,1,0,21,0.8095238095238095
3993,17,1,1,1,0,20,0.85
3994,18,1,2,0,0,21,0.8571428571428571
3995,18,1,2,1,0,22,0.8181818181818182
3996,18,1,3,1,0,23,0.782608695652174
3997,19,1,1,1,0,22,0.8636363636363636
3998,16,1,1,1,0,19,0.8421052631578947
3999,19,1,1,1,0,22,0.8636363636363636
4000,16,1,1,1,0,19,0.8421052631578947
4001,19,1,2,1,0,23,0.8260869565217391
4002,16,1,2,1,0,20,0.8
4003,18,1,1,1,0,21,0.8571428571428571
4004,19,1,3,1,0,24,0.7916666666666666
4005,17,1,3,1,0,22,0.7727272727272727
4006,18,1,1,1,0,21,0.8571428571428571
4007,18,1,2,1,0,22,0.8181818181818182
4008,17,1,1,1,0,20,0.85
4009,19,1,2,1,0,23,0.8260869565217391
4010,17,1,2,1,0,21,0.8095238095238095
4011,17,2,2,1,0,22,0.7727272727272727
4012,17,1,1,1,0,20,0.85
4013,17,1,1,1,0,20,0.85
4014,16,1,3,1,0,21,0.7619047619047619
4015,15,1,1,1,0,18,0.8333333333333334
4016,16,1,1,1,0,19,0.8421052631578947
4017,18,1,2,1,0,22,0.8181818181818182
4018,17,1,1,1,0,20,0.85
4019,16,2,1,1,0,20,0.8
4020,19,1,3,1,0,24,0.7916666666666666
4021,17,1,3,1,0,22,0.7727272727272727
4022,17,1,2,1,0,21,0.8095238095238095
4023,17,1,2,1,0,21,0.8095238095238095
4024,19,0,2,0,0,21,0.9047619047619048
4025,19,0,1,0,0,20,0.95
4026,17,1,2,1,0,21,0.8095238095238095
4027,16,1,2,1,0,20,0.8
4028,18,1,2,1,0,22,0.8181818181818182
4029,18,1,1,1,0,21,0.8571428571428571
4030,18,1,1,1,0,21,0.8571428571428571
4031,18,1,2,1,0,22,0.8181818181818182
4032,18,1,3,0,0,22,0.8181818181818182
4033,20,1,3,1,0,25,0.8
4034,16,1,3,1,0,21,0.7619047619047619
4035,18,1,2,1,0,22,0.8181818181818182
4036,17,1,2,1,0,21,0.8095238095238095
4037,18,1,1,1,0,21,0.8571428571428571
4038,19,1,2,1,0,23,0.8260869565217391
4039,16,1,3,1,0,21,0.7619047619047619
4040,18,1,1,1,0,21,0.8571428571428571
4041,18,1,2,1,0,22,0.8181818181818182
4042,16,1,1,1,0,19,0.8421052631578947
4043,18,1,1,1,0,21,0.8571428571428571
4044,17,1,2,1,0,21,0.8095238095238095
4045,18,1,3,1,0,23,0.782608695652174
4046,15,1,2,1,0,19,0.7894736842105263
4047,17,1,2,1,0,21,0.8095238095238095
4048,16,1,3,1,0,21,0.7619047619047619
4049,18,1,3,1,0,23,0.782608695652174
4050,16,1,0,1,0,18,0.8888888888888888
4051,17,1,2,1,0,21,0.8095238095238095
4052,16,2,2,1,0,21,0.7619047619047619
4053,17,2,2,0,0,21,0.8095238095238095
4054,15,2,1,1,0,19,0.7894736842105263
4055,15,1,2,1,0,19,0.7894736842105263
4056,18,1,2,1,0,22,0.8181818181818182
4057,16,2,2,1,0,21,0.7619047619047619
4058,18,1,0,1,0,20,0.9
4059,16,2,2,1,0,21,0.7619047619047619
4060,18,1,2,1,0,22,0.8181818181818182
4061,18,1,2,0,0,21,0.8571428571428571
4062,17,1,2,1,0,21,0.8095238095238095
4063,15,1,1,1,0,18,0.8333333333333334
4064,14,1,2,1,0,18,0.7777777777777778
4065,15,1,1,1,0,18,0.8333333333333334
4066,16,1,1,1,0,19,0.8421052631578947
4067,17,1,1,1,0,20,0.85
4068,18,1,1,1,0,21,0.8571428571428571
4069,17,1,2,1,0,21,0.8095238095238095
4070,18,1,1,1,0,21,0.8571428571428571
4071,18,1,2,1,0,22,0.8181818181818182
4072,17,1,1,1,0,20,0.85
4073,17,2,2,1,0,22,0.7727272727272727
4074,18,1,1,1,0,21,0.8571428571428571
4075,18,2,0,1,0,21,0.8571428571428571
4076,17,1,2,1,0,21,0.8095238095238095
4077,17,2,1,1,0,21,0.8095238095238095
4078,17,1,0,1,0,19,0.8947368421052632
4079,19,2,2,1,0,24,0.7916666666666666
4080,17,2,2,1,0,22,0.7727272727272727
4081,17,1,1,1,0,20,0.85
4082,18,1,2,1,0,22,0.8181818181818182
4083,19,2,1,0,0,22,0.8636363636363636
4084,17,1,1,1,0,20,0.85
4085,19,2,2,1,0,24,0.7916666666666666
4086,17,1,0,1,0,19,0.8947368421052632
4087,16,1,0,1,0,18,0.8888888888888888
4088,16,1,1,1,0,19,0.8421052631578947
4089,17,1,2,1,0,21,0.8095238095238095
4090,15,1,0,1,0,17,0.8823529411764706
4091,18,2,1,1,0,22,0.8181818181818182
4092,18,1,2,1,0,22,0.8181818181818182
4093,18,1,2,1,0,22,0.8181818181818182
4094,16,2,2,1,0,21,0.7619047619047619
4095,17,1,2,1,0,21,0.8095238095238095
4096,18,2,0,0,0,20,0.9
4097,19,1,0,1,0,21,0.9047619047619048
4098,17,1,1,1,0,20,0.85
4099,18,2,2,1,0,23,0.782608695652174
4100,18,2,3,1,0,24,0.75
4101,16,1,1,1,0,19,0.8421052631578947
4102,18,1,2,1,0,22,0.8181818181818182
4103,17,1,1,1,0,20,0.85
4104,19,1,1,1,0,22,0.8636363636363636
4105,17,1,1,1,0,20,0.85
4106,17,1,2,1,0,21,0.8095238095238095
4107,16,1,2,1,0,20,0.8
4108,16,1,3,0,0,20,0.8
4109,16,1,1,1,0,19,0.8421052631578947
4110,18,1,2,1,0,22,0.8181818181818182
4111,15,1,1,1,0,18,0.8333333333333334
4112,17,0,1,0,0,18,0.9444444444444444
4113,16,1,2,1,0,20,0.8
4114,17,1,1,1,0,20,0.85
4115,19,1,1,1,0,22,0.8636363636363636
4116,17,1,2,1,0,21,0.8095238095238095
4117,19,1,1,1,0,22,0.8636363636363636
4118,17,1,0,1,0,19,0.8947368421052632
4119,20,1,0,1,0,22,0.9090909090909091
4120,19,1,1,1,0,22,0.8636363636363636
4121,18,2,2,0,0,22,0.8181818181818182
4122,18,2,0,1,0,21,0.8571428571428571
4123,18,2,2,1,0,23,0.782608695652174
4124,17,1,1,1,0,20,0.85
4125,16,1,2,1,0,20,0.8
4126,16,2,3,1,0,22,0.7272727272727273
4127,17,1,1,1,0,20,0.85
4128,15,1,1,1,0,18,0.8333333333333334
4129,15,1,1,0,0,17,0.8823529411764706
4130,16,1,2,1,0,20,0.8
4131,14,1,2,1,0,18,0.7777777777777778
4132,18,2,1,1,0,22,0.8181818181818182
4133,18,1,0,1,0,20,0.9
4134,18,1,1,1,0,21,0.8571428571428571
4135,18,2,2,1,0,23,0.782608695652174
4136,15,1,2,1,0,19,0.7894736842105263
4137,15,1,1,1,0,18,0.8333333333333334
4138,17,1,2,1,0,21,0.8095238095238095
4139,17,1,1,1,0,20,0.85
4140,17,1,1,1,0,20,0.85
4141,16,1,2,1,0,20,0.8
4142,19,1,2,0,0,22,0.8636363636363636
4143,13,1,1,1,0,16,0.8125
4144,15,1,2,1,0,19,0.7894736842105263
4145,17,1,2,1,0,21,0.8095238095238095
4146,16,1,0,1,0,18,0.8888888888888888
4147,17,1,0,1,0,19,0.8947368421052632
4148,15,1,1,1,0,18,0.8333333333333334
4149,17,1,2,0,0,20,0.85
4150,17,1,2,1,0,21,0.8095238095238095
4151,14,2,2,1,0,19,0.7368421052631579
4152,16,1,2,0,0,19,0.8421052631578947
4153,17,1,2,1,0,21,0.8095238095238095
4154,13,1,2,0,0,16,0.8125
4155,15,1,2,1,0,19,0.7894736842105263
4156,16,1,2,0,0,19,0.8421052631578947
4157,17,1,1,1,0,20,0.85
4158,13,1,1,1,0,16,0.8125
4159,13,1,2,1,0,17,0.7647058823529411
4160,17,1,2,1,0,21,0.8095238095238095
4161,15,1,2,1,0,19,0.7894736842105263
4162,13,1,2,0,0,16,0.8125
4163,16,1,2,1,0,20,0.8
4164,15,1,2,1,0,19,0.7894736842105263
4165,13,1,2,1,0,17,0.7647058823529411
4166,15,1,2,1,0,19,0.7894736842105263
4167,17,1,2,1,0,21,0.8095238095238095
4168,18,1,2,1,0,22,0.8181818181818182
4169,14,1,2,0,0,17,0.8235294117647058
4170,19,1,2,1,0,23,0.8260869565217391
4171,16,1,1,1,0,19,0.8421052631578947
4172,17,1,2,1,0,21,0.8095238095238095
4173,19,2,1,1,0,23,0.8260869565217391
4174,16,1,2,0,0,19,0.8421052631578947
4175,17,0,2,0,0,19,0.8947368421052632
4176,18,0,2,0,0,20,0.9
4177,18,0,1,0,0,19,0.9473684210526315
4178,17,1,3,0,0,21,0.8095238095238095
4179,16,1,3,0,0,20,0.8
4180,17,0,2,0,0,19,0.8947368421052632
4181,16,0,2,0,0,18,0.8888888888888888
4182,17,0,3,0,0,20,0.85
4183,18,0,2,0,0,20,0.9
4184,19,0,2,0,0,21,0.9047619047619048
4185,18,1,3,0,0,22,0.8181818181818182
4186,17,0,2,0,0,19,0.8947368421052632
4187,17,0,2,0,0,19,0.8947368421052632
4188,16,1,3,0,0,20,0.8
4189,18,0,3,0,0,21,0.8571428571428571
4190,19,0,1,0,0,20,0.95
4191,17,1,3,0,0,21,0.8095238095238095
4192,17,0,3,0,0,20,0.85
4193,19,0,2,0,0,21,0.9047619047619048
4194,19,0,3,0,0,22,0.8636363636363636
4195,18,1,2,0,0,21,0.8571428571428571
4196,18,1,2,0,0,21,0.8571428571428571
4197,18,1,3,0,0,22,0.8181818181818182
4198,19,0,2,0,0,21,0.9047619047619048
4199,16,1,3,0,0,20,0.8
4200,17,1,3,0,0,21,0.8095238095238095
4201,18,0,3,0,0,21,0.8571428571428571
4202,19,0,3,0,0,22,0.8636363636363636
4203,17,1,3,0,0,21,0.8095238095238095
4204,18,1,3,0,0,22,0.8181818181818182
4205,17,1,3,0,0,21,0.8095238095238095
4206,16,0,2,0,0,18,0.8888888888888888
4207,20,0,3,0,0,23,0.8695652173913043
4208,18,0,3,0,0,21,0.8571428571428571
4209,18,0,2,0,0,20,0.9
4210,17,0,3,0,0,20,0.85
4211,16,0,3,0,0,19,0.8421052631578947
4212,18,0,2,0,0,20,0.9
4213,16,1,3,0,0,20,0.8
4214,17,1,3,0,0,21,0.8095238095238095
4215,15,0,3,0,0,18,0.8333333333333334
4216,17,0,3,0,0,20,0.85
4217,17,1,3,0,0,21,0.8095238095238095
4218,16,0,3,0,0,19,0.8421052631578947
4219,18,1,3,0,0,22,0.8181818181818182
4220,19,1,3,0,0,23,0.8260869565217391
4221,17,1,3,0,0,21,0.8095238095238095
4222,15,1,2,0,0,18,0.8333333333333334
4223,16,2,3,0,0,21,0.7619047619047619
4224,17,2,3,0,0,22,0.7727272727272727
4225,18,1,2,0,0,21,0.8571428571428571
4226,16,0,3,0,0,19,0.8421052631578947
4227,17,1,2,0,0,20,0.85
4228,16,0,2,0,0,18,0.8888888888888888
4229,16,1,2,0,0,19,0.8421052631578947
4230,16,1,3,0,0,20,0.8
4231,16,1,2,0,0,19,0.8421052631578947
4232,18,1,3,0,0,22,0.8181818181818182
4233,16,1,2,0,0,19,0.8421052631578947
4234,15,0,2,0,0,17,0.8823529411764706
4235,18,0,3,0,0,21,0.8571428571428571
4236,15,0,2,0,0,17,0.8823529411764706
4237,16,1,2,0,0,19,0.8421052631578947
4238,18,0,3,0,0,21,0.8571428571428571
4239,15,0,3,0,0,18,0.8333333333333334
4240,16,0,1,0,0,17,0.9411764705882353
4241,19,0,3,0,0,22,0.8636363636363636
4242,17,0,3,0,0,20,0.85
4243,18,0,2,0,0,20,0.9
4244,17,0,3,0,0,20,0.85
4245,16,0,2,0,0,18,0.8888888888888888
4246,17,0,3,0,0,20,0.85
4247,17,0,2,0,0,19,0.8947368421052632
4248,17,0,3,0,0,20,0.85
4249,17,0,3,0,0,20,0.85
4250,16,0,3,0,0,19,0.8421052631578947
4251,16,0,3,0,0,19,0.8421052631578947
4252,16,0,2,0,0,18,0.8888888888888888
4253,15,0,3,0,0,18,0.8333333333333334
4254,18,0,3,0,0,21,0.8571428571428571
4255,16,0,3,0,0,19,0.8421052631578947
4256,16,0,3,0,0,19,0.8421052631578947
4257,16,1,3,0,0,20,0.8
4258,17,0,1,0,0,18,0.9444444444444444
4259,17,0,3,0,0,20,0.85
4260,20,1,2,0,0,23,0.8695652173913043
4261,15,0,2,0,0,17,0.8823529411764706
4262,14,0,1,0,0,15,0.9333333333333333
4263,16,0,2,0,0,18,0.8888888888888888
4264,18,1,3,0,0,22,0.8181818181818182
4265,15,1,3,0,0,19,0.7894736842105263
4266,17,1,2,0,0,20,0.85
4267,15,1,3,0,0,19,0.7894736842105263
4268,16,0,3,0,0,19,0.8421052631578947
4269,18,0,3,0,0,21,0.8571428571428571
4270,17,0,2,0,0,19,0.8947368421052632
4271,15,0,3,0,0,18,0.8333333333333334
4272,18,0,3,0,0,21,0.8571428571428571
4273,14,0,3,0,0,17,0.8235294117647058
4274,16,0,2,0,0,18,0.8888888888888888
4275,17,1,2,0,0,20,0.85
4276,18,0,2,0,0,20,0.9
4277,15,1,3,0,0,19,0.7894736842105263
4278,17,1,3,0,0,21,0.8095238095238095
4279,18,0,3,0,0,21,0.8571428571428571
4280,15,0,3,0,0,18,0.8333333333333334
4281,17,0,2,0,0,19,0.8947368421052632
4282,17,0,3,0,0,20,0.85
4283,18,0,3,0,0,21,0.8571428571428571
4284,17,0,3,0,0,20,0.85
4285,15,0,3,0,0,18,0.8333333333333334
4286,19,0,3,0,0,22,0.8636363636363636
4287,17,0,3,0,0,20,0.85
4288,17,0,3,0,0,20,0.85
4289,17,0,3,0,0,20,0.85
4290,16,0,3,0,0,19,0.8421052631578947
4291,18,0,3,0,0,21,0.8571428571428571
4292,17,0,3,0,0,20,0.85
4293,17,0,3,0,0,20,0.85
4294,16,2,3,0,0,21,0.7619047619047619
4295,17,1,2,0,0,20,0.85
4296,17,2,2,0,0,21,0.8095238095238095
4297,18,0,3,0,0,21,0.8571428571428571
4298,17,0,2,0,0,19,0.8947368421052632
4299,19,0,3,0,0,22,0.8636363636363636
4300,18,1,2,0,0,21,0.8571428571428571
4301,14,1,3,0,0,18,0.7777777777777778
4302,18,0,3,0,0,21,0.8571428571428571
4303,16,0,3,0,0,19,0.8421052631578947
4304,16,1,3,0,0,20,0.8
4305,18,1,3,0,0,22,0.8181818181818182
4306,19,1,3,0,0,23,0.8260869565217391
4307,15,0,2,0,0,17,0.8823529411764706
4308,14,1,3,0,0,18,0.7777777777777778
4309,18,1,3,0,0,22,0.8181818181818182
4310,17,0,3,0,0,20,0.85
4311,17,1,3,0,0,21,0.8095238095238095
4312,17,1,3,0,0,21,0.8095238095238095
4313,18,0,3,0,0,21,0.8571428571428571
4314,17,0,3,0,0,20,0.85
4315,15,1,3,0,0,19,0.7894736842105263
4316,16,0,3,0,0,19,0.8421052631578947
4317,17,1,3,0,0,21,0.8095238095238095
4318,17,0,3,0,0,20,0.85
4319,15,1,3,0,0,19,0.7894736842105263
4320,17,0,2,0,0,19,0.8947368421052632
4321,15,1,3,0,0,19,0.7894736842105263
4322,17,0,2,0,0,19,0.8947368421052632
4323,16,1,3,0,0,20,0.8
4324,15,0,3,0,0,18,0.8333333333333334
4325,17,0,2,0,0,19,0.8947368421052632
4326,14,0,3,0,0,17,0.8235294117647058
4327,18,0,3,0,0,21,0.8571428571428571
4328,16,0,3,0,0,19,0.8421052631578947
4329,17,0,2,0,0,19,0.8947368421052632
4330,18,0,3,0,0,21,0.8571428571428571
4331,18,1,3,0,0,22,0.8181818181818182
4332,16,0,3,0,0,19,0.8421052631578947
4333,17,0,3,0,0,20,0.85
4334,15,0,3,0,0,18,0.8333333333333334
4335,17,1,3,0,0,21,0.8095238095238095
4336,18,0,3,0,0,21,0.8571428571428571
4337,16,1,3,0,0,20,0.8
4338,19,0,3,0,0,22,0.8636363636363636
4339,15,0,3,0,0,18,0.8333333333333334
4340,18,0,3,0,0,21,0.8571428571428571
4341,16,1,3,0,0,20,0.8
4342,17,0,3,0,0,20,0.85
4343,18,0,3,0,0,21,0.8571428571428571
4344,17,0,3,0,0,20,0.85
4345,19,0,3,0,0,22,0.8636363636363636
4346,17,0,3,0,0,20,0.85
4347,17,0,3,0,0,20,0.85
4348,15,0,3,0,0,18,0.8333333333333334
4349,17,0,2,0,0,19,0.8947368421052632
4350,17,0,3,0,0,20,0.85
4351,18,1,3,0,0,22,0.8181818181818182
4352,18,0,3,0,0,21,0.8571428571428571
4353,17,0,2,0,0,19,0.8947368421052632
4354,18,1,3,0,0,22,0.8181818181818182
4355,18,0,3,0,0,21,0.8571428571428571
4356,18,0,3,0,0,21,0.8571428571428571
4357,15,1,3,0,0,19,0.7894736842105263
4358,16,0,3,0,0,19,0.8421052631578947
4359,18,0,3,0,0,21,0.8571428571428571
4360,18,0,2,0,0,20,0.9
4361,18,0,2,0,0,20,0.9
4362,17,1,3,0,0,21,0.8095238095238095
4363,16,1,3,0,0,20,0.8
4364,18,0,1,0,0,19,0.9473684210526315
4365,18,0,2,0,0,20,0.9
4366,16,0,2,0,0,18,0.8888888888888888
4367,17,0,3,0,0,20,0.85
4368,20,0,3,0,0,23,0.8695652173913043
4369,17,1,2,0,0,20,0.85
4370,17,1,3,0,0,21,0.8095238095238095
4371,16,0,3,0,0,19,0.8421052631578947
4372,15,0,3,0,0,18,0.8333333333333334
4373,16,0,3,0,0,19,0.8421052631578947
4374,15,0,3,0,0,18,0.8333333333333334
4375,17,0,3,0,0,20,0.85
4376,17,0,3,0,0,20,0.85
4377,17,0,3,0,0,20,0.85
4378,19,0,3,0,0,22,0.8636363636363636
4379,19,0,3,0,0,22,0.8636363636363636
4380,18,1,2,0,0,21,0.8571428571428571
4381,15,1,3,0,0,19,0.7894736842105263
4382,17,0,2,0,0,19,0.8947368421052632
4383,17,0,3,0,0,20,0.85
4384,16,1,2,0,0,19,0.8421052631578947
4385,18,1,3,0,0,22,0.8181818181818182
4386,16,1,1,0,0,18,0.8888888888888888
4387,18,0,3,0,0,21,0.8571428571428571
4388,18,1,3,0,0,22,0.8181818181818182
4389,18,0,3,0,0,21,0.8571428571428571
4390,19,0,3,0,0,22,0.8636363636363636
4391,18,0,3,0,0,21,0.8571428571428571
4392,16,1,2,0,0,19,0.8421052631578947
4393,16,0,3,0,0,19,0.8421052631578947
4394,16,0,2,0,0,18,0.8888888888888888
4395,19,0,2,0,0,21,0.9047619047619048
4396,16,0,3,0,0,19,0.8421052631578947
4397,19,0,3,0,0,22,0.8636363636363636
4398,17,0,3,0,0,20,0.85
4399,18,0,3,0,0,21,0.8571428571428571
4400,16,0,3,0,0,19,0.8421052631578947
4401,17,1,3,0,0,21,0.8095238095238095
4402,16,1,2,0,0,19,0.8421052631578947
4403,17,1,2,0,0,20,0.85
4404,19,0,2,0,0,21,0.9047619047619048
4405,17,0,3,0,0,20,0.85
4406,16,0,3,0,0,19,0.8421052631578947
4407,14,1,2,0,0,17,0.8235294117647058
4408,16,1,3,0,0,20,0.8
4409,18,2,2,0,0,22,0.8181818181818182
4410,18,0,2,0,0,20,0.9
4411,16,0,3,0,0,19,0.8421052631578947
4412,18,1,2,0,0,21,0.8571428571428571
4413,17,1,2,0,0,20,0.85
4414,16,1,3,0,0,20,0.8
4415,18,0,3,0,0,21,0.8571428571428571
4416,17,0,3,0,0,20,0.85
4417,17,1,3,0,0,21,0.8095238095238095
4418,17,0,2,0,0,19,0.8947368421052632
4419,18,0,3,0,0,21,0.8571428571428571
4420,19,1,3,0,0,23,0.8260869565217391
4421,14,1,3,0,0,18,0.7777777777777778
4422,17,0,2,0,0,19,0.8947368421052632
4423,18,0,2,0,0,20,0.9
4424,16,0,3,0,0,19,0.8421052631578947
4425,18,0,3,0,0,21,0.8571428571428571
4426,16,2,3,0,0,21,0.7619047619047619
4427,16,1,2,0,0,19,0.8421052631578947
4428,15,0,3,0,0,18,0.8333333333333334
4429,17,1,2,0,0,20,0.85
4430,18,0,3,0,0,21,0.8571428571428571
4431,16,1,2,0,0,19,0.8421052631578947
4432,17,0,2,0,0,19,0.8947368421052632
4433,16,1,2,0,0,19,0.8421052631578947
4434,17,0,3,0,0,20,0.85
4435,16,1,3,0,0,20,0.8
4436,17,1,3,0,0,21,0.8095238095238095
4437,17,0,3,0,0,20,0.85
4438,14,0,3,0,0,17,0.8235294117647058
4439,16,0,2,0,0,18,0.8888888888888888
4440,16,0,2,0,0,18,0.8888888888888888
4441,16,1,3,0,0,20,0.8
4442,17,0,3,0,0,20,0.85
4443,16,0,2,0,0,18,0.8888888888888888
4444,16,1,3,0,0,20,0.8
4445,17,0,2,0,0,19,0.8947368421052632
4446,17,0,3,0,0,20,0.85
4447,14,0,3,0,0,17,0.8235294117647058
4448,13,1,3,0,0,17,0.7647058823529411
4449,18,0,3,0,0,21,0.8571428571428571
4450,15,0,3,0,0,18,0.8333333333333334
4451,18,1,3,0,0,22,0.8181818181818182
4452,17,0,3,0,0,20,0.85
4453,17,0,3,0,0,20,0.85
4454,16,0,3,0,0,19,0.8421052631578947
4455,15,1,2,0,0,18,0.8333333333333334
4456,18,0,2,0,0,20,0.9
4457,18,0,3,0,0,21,0.8571428571428571
4458,16,1,3,0,0,20,0.8
4459,19,1,3,0,0,23,0.8260869565217391
4460,16,1,3,0,0,20,0.8
4461,18,1,2,0,0,21,0.8571428571428571
4462,14,2,2,0,0,18,0.7777777777777778
4463,17,0,3,0,0,20,0.85
4464,15,1,2,0,0,18,0.8333333333333334
4465,16,1,2,0,0,19,0.8421052631578947
4466,16,1,3,0,0,20,0.8
4467,15,0,3,0,0,18,0.8333333333333334
4468,15,0,2,0,0,17,0.8823529411764706
4469,16,0,3,0,0,19,0.8421052631578947
4470,16,0,0,0,0,16,1.0
4471,17,0,2,0,0,19,0.8947368421052632
4472,17,1,0,0,0,18,0.9444444444444444
4473,18,2,2,0,0,22,0.8181818181818182
4474,16,1,3,1,0,21,0.7619047619047619
4475,16,0,3,0,0,19,0.8421052631578947
4476,16,1,2,0,0,19,0.8421052631578947
4477,14,0,2,0,0,16,0.875
4478,16,0,2,0,0,18,0.8888888888888888
4479,17,1,3,0,0,21,0.8095238095238095
4480,16,0,3,0,0,19,0.8421052631578947
4481,19,1,3,0,0,23,0.8260869565217391
4482,18,0,2,0,0,20,0.9
4483,17,0,2,0,0,19,0.8947368421052632
4484,16,0,3,0,0,19,0.8421052631578947
4485,19,1,3,0,0,23,0.8260869565217391
4486,16,1,3,0,0,20,0.8
4487,15,0,3,0,0,18,0.8333333333333334
4488,16,0,3,0,0,19,0.8421052631578947
4489,17,0,2,0,0,19,0.8947368421052632
4490,19,0,3,0,0,22,0.8636363636363636
4491,19,0,3,0,0,22,0.8636363636363636
4492,15,0,3,0,0,18,0.8333333333333334
4493,19,1,2,0,0,22,0.8636363636363636
4494,15,1,2,0,0,18,0.8333333333333334
4495,18,0,3,0,0,21,0.8571428571428571
4496,19,0,2,0,0,21,0.9047619047619048
4497,16,1,2,0,0,19,0.8421052631578947
4498,17,0,2,0,0,19,0.8947368421052632
4499,19,0,3,0,0,22,0.8636363636363636
4500,19,0,3,0,0,22,0.8636363636363636
4501,18,0,2,0,0,20,0.9
4502,17,0,3,0,0,20,0.85
4503,18,0,3,0,0,21,0.8571428571428571
4504,18,0,3,0,0,21,0.8571428571428571
4505,19,0,2,0,0,21,0.9047619047619048
4506,17,1,3,0,0,21,0.8095238095238095
4507,18,1,3,0,0,22,0.8181818181818182
4508,20,0,2,0,0,22,0.9090909090909091
4509,18,0,3,0,0,21,0.8571428571428571
4510,18,1,3,0,0,22,0.8181818181818182
4511,16,0,3,0,0,19,0.8421052631578947
4512,18,0,3,0,0,21,0.8571428571428571
4513,17,1,3,0,0,21,0.8095238095238095
4514,14,0,3,0,0,17,0.8235294117647058
4515,17,0,3,0,0,20,0.85
4516,14,1,3,0,0,18,0.7777777777777778
4517,17,0,2,0,0,19,0.8947368421052632
4518,17,1,3,0,0,21,0.8095238095238095
4519,19,0,2,0,0,21,0.9047619047619048
4520,16,0,3,0,0,19,0.8421052631578947
4521,18,2,2,0,0,22,0.8181818181818182
4522,17,1,2,0,0,20,0.85
4523,17,2,3,0,0,22,0.7727272727272727
4524,15,1,3,0,0,19,0.7894736842105263
4525,16,0,3,0,0,19,0.8421052631578947
4526,16,1,3,0,0,20,0.8
4527,18,1,2,0,0,21,0.8571428571428571
4528,17,1,3,0,0,21,0.8095238095238095
4529,19,0,3,0,0,22,0.8636363636363636
4530,17,0,3,0,0,20,0.85
4531,16,1,2,0,0,19,0.8421052631578947
4532,18,0,3,0,0,21,0.8571428571428571
4533,18,0,3,0,0,21,0.8571428571428571
4534,18,1,3,0,0,22,0.8181818181818182
4535,17,0,3,0,0,20,0.85
4536,20,0,3,0,0,23,0.8695652173913043
4537,20,0,3,0,0,23,0.8695652173913043
4538,17,0,2,0,0,19,0.8947368421052632
4539,17,1,2,0,0,20,0.85
4540,17,0,3,0,0,20,0.85
4541,19,1,3,0,0,23,0.8260869565217391
4542,17,1,3,0,0,21,0.8095238095238095
4543,18,0,3,0,0,21,0.8571428571428571
4544,18,0,3,0,0,21,0.8571428571428571
4545,17,0,3,0,0,20,0.85
4546,18,0,3,0,0,21,0.8571428571428571
4547,17,1,3,0,0,21,0.8095238095238095
4548,17,2,3,0,0,22,0.7727272727272727
4549,19,0,3,0,0,22,0.8636363636363636
4550,18,0,3,0,0,21,0.8571428571428571
4551,18,0,3,0,0,21,0.8571428571428571
4552,16,1,1,0,0,18,0.8888888888888888
4553,19,0,3,0,0,22,0.8636363636363636
4554,18,0,3,0,0,21,0.8571428571428571
4555,16,2,3,0,0,21,0.7619047619047619
4556,18,2,3,0,0,23,0.782608695652174
4557,17,1,3,0,0,21,0.8095238095238095
4558,19,0,3,0,0,22,0.8636363636363636
4559,18,1,2,0,0,21,0.8571428571428571
4560,19,0,2,0,0,21,0.9047619047619048
4561,19,2,2,0,0,23,0.8260869565217391
4562,15,1,3,0,0,19,0.7894736842105263
4563,18,1,2,0,0,21,0.8571428571428571
4564,18,1,1,1,0,21,0.8571428571428571
4565,19,0,3,0,0,22,0.8636363636363636
4566,18,0,2,0,0,20,0.9
4567,18,1,3,0,0,22,0.8181818181818182
4568,17,1,3,0,0,21,0.8095238095238095
4569,18,1,3,0,0,22,0.8181818181818182
4570,19,1,3,0,0,23,0.8260869565217391
4571,17,1,2,0,0,20,0.85
4572,18,0,3,0,0,21,0.8571428571428571
4573,17,1,3,0,0,21,0.8095238095238095
4574,18,0,2,0,0,20,0.9
4575,17,0,3,0,0,20,0.85
4576,16,1,3,0,0,20,0.8
4577,17,0,3,0,0,20,0.85
4578,17,1,3,0,0,21,0.8095238095238095
4579,19,1,3,0,0,23,0.8260869565217391
4580,18,0,3,0,0,21,0.8571428571428571
4581,17,0,2,0,0,19,0.8947368421052632
4582,19,1,3,0,0,23,0.8260869565217391
4583,19,0,3,0,0,22,0.8636363636363636
4584,19,0,3,0,0,22,0.8636363636363636
4585,17,1,3,0,0,21,0.8095238095238095
4586,19,1,3,0,0,23,0.8260869565217391
4587,18,1,1,0,0,20,0.9
4588,17,2,3,0,0,22,0.7727272727272727
4589,19,0,3,0,0,22,0.8636363636363636
4590,17,0,2,0,0,19,0.8947368421052632
4591,19,0,2,0,0,21,0.9047619047619048
4592,19,0,3,0,0,22,0.8636363636363636
4593,18,1,3,0,0,22,0.8181818181818182
4594,19,0,2,0,0,21,0.9047619047619048
4595,18,0,3,0,0,21,0.8571428571428571
4596,18,0,3,0,0,21,0.8571428571428571
4597,20,0,3,0,0,23,0.8695652173913043
4598,17,0,3,0,0,20,0.85
4599,18,0,3,0,0,21,0.8571428571428571
4600,18,1,3,0,0,22,0.8181818181818182
4601,16,0,3,0,0,19,0.8421052631578947
4602,16,0,3,0,0,19,0.8421052631578947
4603,18,0,3,0,0,21,0.8571428571428571
4604,17,0,3,0,0,20,0.85
4605,18,0,2,0,0,20,0.9
4606,18,0,3,0,0,21,0.8571428571428571
4607,17,0,3,0,0,20,0.85
4608,20,0,3,0,0,23,0.8695652173913043
4609,16,1,2,0,0,19,0.8421052631578947
4610,18,0,3,0,0,21,0.8571428571428571
4611,19,0,2,0,0,21,0.9047619047619048
4612,19,0,1,0,0,20,0.95
4613,18,1,2,0,0,21,0.8571428571428571
4614,17,0,3,0,0,20,0.85
4615,18,0,2,0,0,20,0.9
4616,18,0,3,0,0,21,0.8571428571428571
4617,18,0,3,0,0,21,0.8571428571428571
4618,20,1,2,0,0,23,0.8695652173913043
4619,19,0,2,0,0,21,0.9047619047619048
4620,19,0,3,0,0,22,0.8636363636363636
4621,18,0,2,0,0,20,0.9
4622,18,0,3,0,0,21,0.8571428571428571
4623,19,0,3,0,0,22,0.8636363636363636
4624,17,0,2,0,0,19,0.8947368421052632
4625,16,1,3,0,0,20,0.8
4626,17,0,3,0,0,20,0.85
4627,17,1,3,0,0,21,0.8095238095238095
4628,19,0,3,0,0,22,0.8636363636363636
4629,19,1,2,0,0,22,0.8636363636363636
4630,19,1,3,0,0,23,0.8260869565217391
4631,17,1,3,0,0,21,0.8095238095238095
4632,17,2,3,0,0,22,0.7727272727272727
4633,20,0,3,0,0,23,0.8695652173913043
4634,19,0,3,0,0,22,0.8636363636363636
4635,20,0,3,0,0,23,0.8695652173913043
4636,20,0,3,0,0,23,0.8695652173913043
4637,17,1,3,0,0,21,0.8095238095238095
4638,18,0,3,0,0,21,0.8571428571428571
4639,19,0,3,0,0,22,0.8636363636363636
4640,19,0,3,0,0,22,0.8636363636363636
4641,18,0,3,0,0,21,0.8571428571428571
4642,18,1,3,0,0,22,0.8181818181818182
4643,18,1,3,0,0,22,0.8181818181818182
4644,19,0,3,0,0,22,0.8636363636363636
4645,19,0,3,0,0,22,0.8636363636363636
4646,19,1,3,0,0,23,0.8260869565217391
4647,17,0,3,0,0,20,0.85
4648,19,0,2,0,0,21,0.9047619047619048
4649,18,1,3,0,0,22,0.8181818181818182
4650,17,0,3,0,0,20,0.85
4651,18,0,3,0,0,21,0.8571428571428571
4652,18,0,3,0,0,21,0.8571428571428571
4653,18,0,3,0,0,21,0.8571428571428571
4654,18,1,3,0,0,22,0.8181818181818182
4655,15,1,3,0,0,19,0.7894736842105263
4656,20,0,3,0,0,23,0.8695652173913043
4657,19,1,3,0,0,23,0.8260869565217391
4658,19,0,3,0,0,22,0.8636363636363636
4659,19,0,3,0,0,22,0.8636363636363636
4660,17,0,3,0,0,20,0.85
4661,17,1,3,0,0,21,0.8095238095238095
4662,17,0,1,0,0,18,0.9444444444444444
4663,18,0,2,0,0,20,0.9
4664,18,1,3,0,0,22,0.8181818181818182
4665,18,0,3,0,0,21,0.8571428571428571
4666,17,0,3,0,0,20,0.85
4667,19,1,3,0,0,23,0.8260869565217391
4668,19,0,2,0,0,21,0.9047619047619048
4669,18,0,3,0,0,21,0.8571428571428571
4670,17,0,3,0,0,20,0.85
4671,18,1,3,0,0,22,0.8181818181818182
4672,19,1,2,0,0,22,0.8636363636363636
4673,18,0,2,0,0,20,0.9
4674,17,1,3,0,0,21,0.8095238095238095
4675,19,0,3,0,0,22,0.8636363636363636
4676,19,0,3,0,0,22,0.8636363636363636
4677,18,0,3,0,0,21,0.8571428571428571
4678,18,0,3,0,0,21,0.8571428571428571
4679,18,0,3,0,0,21,0.8571428571428571
4680,19,1,2,0,0,22,0.8636363636363636
4681,18,0,3,0,0,21,0.8571428571428571
4682,18,0,3,0,0,21,0.8571428571428571
4683,17,1,3,0,0,21,0.8095238095238095
4684,19,0,3,0,0,22,0.8636363636363636
4685,18,0,2,0,0,20,0.9
4686,19,0,3,0,0,22,0.8636363636363636
4687,17,2,3,0,0,22,0.7727272727272727
4688,16,1,3,0,0,20,0.8
4689,17,0,3,0,0,20,0.85
4690,20,1,3,0,0,24,0.8333333333333334
4691,19,1,2,0,0,22,0.8636363636363636
4692,18,1,3,0,0,22,0.8181818181818182
4693,20,0,3,0,0,23,0.8695652173913043
4694,16,0,3,0,0,19,0.8421052631578947
4695,19,1,3,0,0,23,0.8260869565217391
4696,16,1,3,0,0,20,0.8
4697,17,1,2,0,0,20,0.85
4698,18,0,2,0,0,20,0.9
4699,18,0,3,0,0,21,0.8571428571428571
4700,18,0,2,0,0,20,0.9
4701,18,0,3,0,0,21,0.8571428571428571
4702,20,0,2,0,0,22,0.9090909090909091
4703,18,1,3,0,0,22,0.8181818181818182
4704,19,1,2,0,0,22,0.8636363636363636
4705,19,1,3,0,0,23,0.8260869565217391
4706,16,1,2,0,0,19,0.8421052631578947
4707,19,0,3,0,0,22,0.8636363636363636
4708,18,0,3,0,0,21,0.8571428571428571
4709,19,0,3,0,0,22,0.8636363636363636
4710,19,1,2,0,0,22,0.8636363636363636
4711,17,0,2,0,0,19,0.8947368421052632
4712,17,1,3,0,0,21,0.8095238095238095
4713,17,1,3,0,0,21,0.8095238095238095
4714,17,1,0,1,0,19,0.8947368421052632
4715,17,0,3,0,0,20,0.85
4716,18,0,3,0,0,21,0.8571428571428571
4717,19,0,3,0,0,22,0.8636363636363636
4718,18,1,3,0,0,22,0.8181818181818182
4719,19,1,3,0,0,23,0.8260869565217391
4720,18,0,3,0,0,21,0.8571428571428571
4721,20,0,3,0,0,23,0.8695652173913043
4722,18,0,3,0,0,21,0.8571428571428571
4723,18,0,3,0,0,21,0.8571428571428571
4724,16,1,2,0,0,19,0.8421052631578947
4725,17,0,3,0,0,20,0.85
4726,17,0,2,0,0,19,0.8947368421052632
4727,15,1,3,0,0,19,0.7894736842105263
4728,18,0,3,0,0,21,0.8571428571428571
4729,18,0,2,0,0,20,0.9
4730,19,0,2,0,0,21,0.9047619047619048
4731,17,1,1,0,0,19,0.8947368421052632
4732,19,0,2,0,0,21,0.9047619047619048
4733,20,0,3,0,0,23,0.8695652173913043
4734,17,0,3,0,0,20,0.85
4735,16,1,1,1,0,19,0.8421052631578947
4736,18,1,2,0,0,21,0.8571428571428571
4737,20,1,1,1,0,23,0.8695652173913043
4738,20,0,1,0,0,21,0.9523809523809523
4739,17,1,3,0,0,21,0.8095238095238095
4740,19,0,3,0,0,22,0.8636363636363636
4741,19,0,3,0,0,22,0.8636363636363636
4742,17,1,3,0,0,21,0.8095238095238095
4743,17,0,3,0,0,20,0.85
4744,19,0,3,0,0,22,0.8636363636363636
4745,16,0,3,0,0,19,0.8421052631578947
4746,17,0,3,0,0,20,0.85
4747,17,1,3,0,0,21,0.8095238095238095
4748,19,0,3,0,0,22,0.8636363636363636
4749,17,0,3,0,0,20,0.85
4750,20,0,3,0,0,23,0.8695652173913043
4751,16,0,3,0,0,19,0.8421052631578947
4752,20,0,3,0,0,23,0.8695652173913043
4753,18,0,3,0,0,21,0.8571428571428571
4754,20,0,2,0,0,22,0.9090909090909091
4755,17,0,1,0,0,18,0.9444444444444444
4756,18,1,3,0,0,22,0.8181818181818182
4757,17,0,3,0,0,20,0.85
4758,19,0,3,0,0,22,0.8636363636363636
4759,18,0,3,0,0,21,0.8571428571428571
4760,17,0,2,0,0,19,0.8947368421052632
4761,17,0,3,0,0,20,0.85
4762,18,0,3,0,0,21,0.8571428571428571
4763,19,0,3,0,0,22,0.8636363636363636
4764,19,0,3,0,0,22,0.8636363636363636
4765,17,0,3,0,0,20,0.85
4766,17,1,3,0,0,21,0.8095238095238095
4767,18,0,3,0,0,21,0.8571428571428571
4768,17,0,3,0,0,20,0.85
4769,17,0,3,0,0,20,0.85
4770,17,0,3,0,0,20,0.85
4771,19,1,3,0,0,23,0.8260869565217391
4772,17,1,3,0,0,21,0.8095238095238095
4773,17,0,3,0,0,20,0.85
4774,18,1,2,0,0,21,0.8571428571428571
4775,17,0,3,0,0,20,0.85
4776,18,0,2,0,0,20,0.9
4777,18,0,3,0,0,21,0.8571428571428571
4778,18,0,2,0,0,20,0.9
4779,18,0,3,0,0,21,0.8571428571428571
4780,17,1,3,0,0,21,0.8095238095238095
4781,17,0,2,0,0,19,0.8947368421052632
4782,17,0,2,0,0,19,0.8947368421052632
4783,19,0,2,0,0,21,0.9047619047619048
4784,17,0,3,0,0,20,0.85
4785,18,0,3,0,0,21,0.8571428571428571
4786,17,1,2,0,0,20,0.85
4787,18,0,3,0,0,21,0.8571428571428571
4788,19,1,3,0,0,23,0.8260869565217391
4789,17,0,2,0,0,19,0.8947368421052632
4790,19,0,2,0,0,21,0.9047619047619048
4791,18,0,3,0,0,21,0.8571428571428571
4792,17,0,2,0,0,19,0.8947368421052632
4793,20,2,0,0,0,22,0.9090909090909091
4794,17,1,1,0,0,19,0.8947368421052632
4795,15,2,1,0,0,18,0.8333333333333334
4796,19,0,3,0,0,22,0.8636363636363636
4797,19,0,3,0,0,22,0.8636363636363636
4798,16,0,2,0,0,18,0.8888888888888888
4799,18,1,2,0,0,21,0.8571428571428571
4800,20,1,3,0,0,24,0.8333333333333334
4801,19,1,3,0,0,23,0.8260869565217391
4802,20,0,3,0,0,23,0.8695652173913043
4803,18,0,2,0,0,20,0.9
4804,18,0,3,0,0,21,0.8571428571428571
4805,18,1,3,0,0,22,0.8181818181818182
4806,19,1,0,0,0,20,0.95
4807,20,0,2,0,0,22,0.9090909090909091
4808,20,1,3,0,0,24,0.8333333333333334
4809,18,1,3,0,0,22,0.8181818181818182
4810,19,0,3,0,0,22,0.8636363636363636
4811,18,1,3,0,0,22,0.8181818181818182
4812,18,1,3,0,0,22,0.8181818181818182
4813,19,1,3,0,0,23,0.8260869565217391
4814,19,0,3,0,0,22,0.8636363636363636
4815,17,1,3,0,0,21,0.8095238095238095
4816,20,0,2,0,0,22,0.9090909090909091
4817,18,1,3,0,0,22,0.8181818181818182
4818,19,0,3,0,0,22,0.8636363636363636
4819,20,0,3,0,0,23,0.8695652173913043
4820,18,1,3,0,0,22,0.8181818181818182
4821,16,1,3,0,0,20,0.8
4822,19,1,3,0,0,23,0.8260869565217391
4823,19,0,3,0,0,22,0.8636363636363636
4824,18,0,3,0,0,21,0.8571428571428571
4825,18,0,3,0,0,21,0.8571428571428571
4826,18,1,3,0,0,22,0.8181818181818182
4827,17,1,3,0,0,21,0.8095238095238095
4828,17,1,3,0,0,21,0.8095238095238095
4829,18,0,3,0,0,21,0.8571428571428571
4830,17,0,2,0,0,19,0.8947368421052632
4831,17,1,3,0,0,21,0.8095238095238095
4832,18,1,3,0,0,22,0.8181818181818182
4833,19,0,3,0,0,22,0.8636363636363636
4834,18,0,2,0,0,20,0.9
4835,14,0,2,0,0,16,0.875
4836,18,1,3,0,0,22,0.8181818181818182
4837,21,1,3,0,0,25,0.84
4838,17,1,3,0,0,21,0.8095238095238095
4839,17,0,3,0,0,20,0.85
4840,17,0,3,0,0,20,0.85
4841,18,0,3,0,0,21,0.8571428571428571
4842,17,0,3,0,0,20,0.85
4843,17,0,2,0,0,19,0.8947368421052632
4844,20,0,3,0,0,23,0.8695652173913043
4845,15,0,3,0,0,18,0.8333333333333334
4846,16,1,3,0,0,20,0.8
4847,18,0,3,0,0,21,0.8571428571428571
4848,15,0,2,0,0,17,0.8823529411764706
4849,17,0,3,0,0,20,0.85
4850,19,1,2,0,0,22,0.8636363636363636
4851,19,1,3,0,0,23,0.8260869565217391
4852,17,1,3,0,0,21,0.8095238095238095
4853,17,0,2,0,0,19,0.8947368421052632
4854,18,1,3,0,0,22,0.8181818181818182
4855,16,1,3,0,0,20,0.8
4856,19,0,2,0,0,21,0.9047619047619048
4857,18,0,3,0,0,21,0.8571428571428571
4858,17,0,2,0,0,19,0.8947368421052632
4859,18,0,3,0,0,21,0.8571428571428571
4860,19,0,2,0,0,21,0.9047619047619048
4861,16,0,3,0,0,19,0.8421052631578947
4862,18,0,3,0,0,21,0.8571428571428571
4863,19,0,3,0,0,22,0.8636363636363636
4864,19,0,3,0,0,22,0.8636363636363636
4865,18,0,3,0,0,21,0.8571428571428571
4866,17,1,3,0,0,21,0.8095238095238095
4867,19,0,2,0,0,21,0.9047619047619048
4868,17,0,3,0,0,20,0.85
4869,17,0,3,0,0,20,0.85
4870,19,1,1,0,0,21,0.9047619047619048
4871,18,1,2,0,0,21,0.8571428571428571
4872,18,1,3,0,0,22,0.8181818181818182
4873,20,0,2,0,0,22,0.9090909090909091
4874,18,0,3,0,0,21,0.8571428571428571
4875,18,0,3,0,0,21,0.8571428571428571
4876,19,1,3,0,0,23,0.8260869565217391
4877,19,0,3,0,0,22,0.8636363636363636
4878,20,1,1,0,0,22,0.9090909090909091
4879,18,0,3,0,0,21,0.8571428571428571
4880,18,0,3,0,0,21,0.8571428571428571
4881,16,1,2,0,0,19,0.8421052631578947
4882,18,0,3,0,0,21,0.8571428571428571
4883,18,0,2,0,0,20,0.9
4884,17,1,3,0,0,21,0.8095238095238095
4885,18,1,2,0,0,21,0.8571428571428571
4886,19,1,3,0,0,23,0.8260869565217391
4887,17,1,2,0,0,20,0.85
4888,19,0,3,0,0,22,0.8636363636363636
4889,19,1,3,0,0,23,0.8260869565217391
4890,17,0,3,0,0,20,0.85
4891,19,0,3,0,0,22,0.8636363636363636
4892,15,1,3,0,0,19,0.7894736842105263
4893,18,0,3,0,0,21,0.8571428571428571
4894,18,1,3,0,0,22,0.8181818181818182
4895,18,1,3,0,0,22,0.8181818181818182
4896,18,0,1,0,0,19,0.9473684210526315
4897,19,0,3,0,0,22,0.8636363636363636
4898,18,0,2,0,0,20,0.9
4899,17,0,3,0,0,20,0.85
4900,18,2,2,0,0,22,0.8181818181818182
4901,20,0,3,0,0,23,0.8695652173913043
4902,18,0,3,0,0,21,0.8571428571428571
4903,17,1,3,0,0,21,0.8095238095238095
4904,18,1,2,0,0,21,0.8571428571428571
4905,18,0,3,0,0,21,0.8571428571428571
4906,16,0,3,0,0,19,0.8421052631578947
4907,18,0,3,0,0,21,0.8571428571428571
4908,20,1,3,0,0,24,0.8333333333333334
4909,18,0,3,0,0,21,0.8571428571428571
4910,19,1,2,0,0,22,0.8636363636363636
4911,18,1,2,0,0,21,0.8571428571428571
4912,20,0,2,0,0,22,0.9090909090909091
4913,19,0,2,0,0,21,0.9047619047619048
4914,20,1,3,0,0,24,0.8333333333333334
4915,19,0,3,0,0,22,0.8636363636363636
4916,18,0,2,0,0,20,0.9
4917,19,1,3,0,0,23,0.8260869565217391
4918,18,0,3,0,0,21,0.8571428571428571
4919,18,2,3,0,0,23,0.782608695652174
4920,16,0,2,0,0,18,0.8888888888888888
4921,18,1,3,0,0,22,0.8181818181818182
4922,17,0,2,0,0,19,0.8947368421052632
4923,17,0,3,0,0,20,0.85
4924,18,0,3,0,0,21,0.8571428571428571
4925,19,1,2,0,0,22,0.8636363636363636
4926,18,1,3,0,0,22,0.8181818181818182
4927,17,0,3,0,0,20,0.85
4928,19,1,3,0,0,23,0.8260869565217391
4929,16,1,3,0,0,20,0.8
4930,20,0,2,0,0,22,0.9090909090909091
4931,19,1,2,0,0,22,0.8636363636363636
4932,18,0,3,0,0,21,0.8571428571428571
4933,19,1,3,0,0,23,0.8260869565217391
4934,16,0,2,0,0,18,0.8888888888888888
4935,18,0,3,0,0,21,0.8571428571428571
4936,18,0,2,0,0,20,0.9
4937,17,0,3,0,0,20,0.85
4938,17,0,2,0,0,19,0.8947368421052632
4939,20,0,1,0,0,21,0.9523809523809523
4940,19,1,3,0,0,23,0.8260869565217391
4941,17,2,3,0,0,22,0.7727272727272727
4942,17,0,2,0,0,19,0.8947368421052632
4943,16,1,3,0,0,20,0.8
4944,17,0,2,0,0,19,0.8947368421052632
4945,15,1,1,0,0,17,0.8823529411764706
4946,19,0,2,0,0,21,0.9047619047619048
4947,16,1,3,0,0,20,0.8
4948,17,0,3,0,0,20,0.85
4949,20,0,1,0,0,21,0.9523809523809523
4950,16,1,3,0,0,20,0.8
4951,18,1,3,0,0,22,0.8181818181818182
4952,19,0,2,0,0,21,0.9047619047619048
4953,17,1,2,0,0,20,0.85
4954,18,1,3,0,0,22,0.8181818181818182
4955,20,0,2,0,0,22,0.9090909090909091
4956,18,1,3,0,0,22,0.8181818181818182
4957,18,1,2,0,0,21,0.8571428571428571
4958,18,1,3,0,0,22,0.8181818181818182
4959,18,1,3,0,0,22,0.8181818181818182
4960,18,1,3,0,0,22,0.8181818181818182
4961,20,0,2,0,0,22,0.9090909090909091
4962,17,1,2,0,0,20,0.85
4963,18,1,2,0,0,21,0.8571428571428571
4964,18,1,2,0,0,21,0.8571428571428571
4965,17,1,3,0,0,21,0.8095238095238095
4966,21,1,1,0,0,23,0.9130434782608695
4967,18,0,2,0,0,20,0.9
4968,19,1,3,0,0,23,0.8260869565217391
4969,19,1,1,0,0,21,0.9047619047619048
4970,16,0,3,0,0,19,0.8421052631578947
4971,19,0,3,0,0,22,0.8636363636363636
4972,17,0,2,0,0,19,0.8947368421052632
4973,17,1,3,0,0,21,0.8095238095238095
4974,19,0,3,0,0,22,0.8636363636363636
4975,18,1,3,0,0,22,0.8181818181818182
4976,19,1,2,0,0,22,0.8636363636363636
4977,19,1,3,0,0,23,0.8260869565217391
4978,17,0,3,0,0,20,0.85
4979,16,1,3,0,0,20,0.8
4980,17,1,3,0,0,21,0.8095238095238095
4981,17,0,2,0,0,19,0.8947368421052632
4982,19,1,3,0,0,23,0.8260869565217391
4983,18,0,2,0,0,20,0.9
4984,19,0,2,0,0,21,0.9047619047619048
4985,18,2,2,0,0,22,0.8181818181818182
4986,17,1,3,0,0,21,0.8095238095238095
4987,17,1,3,0,0,21,0.8095238095238095
4988,18,1,3,0,0,22,0.8181818181818182
4989,17,1,2,0,0,20,0.85
4990,15,0,3,0,0,18,0.8333333333333334
4991,16,1,3,0,0,20,0.8
4992,17,0,2,0,0,19,0.8947368421052632
4993,17,0,3,0,0,20,0.85
4994,19,0,2,0,0,21,0.9047619047619048
4995,16,1,3,0,0,20,0.8
4996,18,1,3,0,0,22,0.8181818181818182
4997,17,1,2,0,0,20,0.85
4998,15,1,3,0,0,19,0.7894736842105263
4999,17,1,3,0,0,21,0.8095238095238095
5000,17,1,3,0,0,21,0.8095238095238095
5001,19,0,2,0,0,21,0.9047619047619048
5002,16,1,2,0,0,19,0.8421052631578947
5003,18,1,2,0,0,21,0.8571428571428571
5004,19,1,3,0,0,23,0.8260869565217391
5005,15,1,3,0,0,19,0.7894736842105263
5006,20,1,3,0,0,24,0.8333333333333334
5007,18,1,3,0,0,22,0.8181818181818182
5008,17,0,3,0,0,20,0.85
5009,17,0,3,0,0,20,0.85
5010,18,0,3,0,0,21,0.8571428571428571
5011,18,1,2,0,0,21,0.8571428571428571
5012,17,1,3,0,0,21,0.8095238095238095
5013,17,0,3,0,0,20,0.85
5014,18,0,3,0,0,21,0.8571428571428571
5015,17,1,3,0,0,21,0.8095238095238095
5016,15,1,3,0,0,19,0.7894736842105263
5017,16,1,2,0,0,19,0.8421052631578947
5018,17,1,3,0,0,21,0.8095238095238095
5019,18,1,3,0,0,22,0.8181818181818182
5020,17,1,3,0,0,21,0.8095238095238095
5021,15,1,3,0,0,19,0.7894736842105263
5022,18,1,3,0,0,22,0.8181818181818182
5023,19,1,3,0,0,23,0.8260869565217391
5024,17,1,3,0,0,21,0.8095238095238095
5025,15,0,3,0,0,18,0.8333333333333334
5026,17,0,2,0,0,19,0.8947368421052632
5027,16,0,3,0,0,19,0.8421052631578947
5028,19,0,3,0,0,22,0.8636363636363636
5029,18,1,3,0,0,22,0.8181818181818182
5030,19,1,3,0,0,23,0.8260869565217391
5031,18,0,1,0,0,19,0.9473684210526315
5032,19,0,3,0,0,22,0.8636363636363636
5033,17,0,3,0,0,20,0.85
5034,17,0,3,0,0,20,0.85
5035,19,0,3,0,0,22,0.8636363636363636
5036,18,1,3,0,0,22,0.8181818181818182
5037,15,1,3,0,0,19,0.7894736842105263
5038,16,1,3,0,0,20,0.8
5039,18,1,3,0,0,22,0.8181818181818182
5040,17,0,3,0,0,20,0.85
5041,19,0,2,0,0,21,0.9047619047619048
5042,16,1,2,0,0,19,0.8421052631578947
5043,16,1,3,0,0,20,0.8
5044,15,1,3,0,0,19,0.7894736842105263
5045,17,1,3,0,0,21,0.8095238095238095
5046,16,1,3,0,0,20,0.8
5047,17,1,3,0,0,21,0.8095238095238095
5048,16,1,3,0,0,20,0.8
5049,17,1,2,0,0,20,0.85
5050,17,1,3,0,0,21,0.8095238095238095
5051,17,0,3,0,0,20,0.85
5052,17,1,3,0,0,21,0.8095238095238095
5053,18,0,2,0,0,20,0.9
5054,17,0,3,0,0,20,0.85
5055,16,1,3,0,0,20,0.8
5056,16,1,3,0,0,20,0.8
5057,17,1,3,0,0,21,0.8095238095238095
5058,16,1,2,0,0,19,0.8421052631578947
5059,16,0,3,0,0,19,0.8421052631578947
5060,16,1,3,0,0,20,0.8
5061,17,1,2,0,0,20,0.85
5062,17,1,3,0,0,21,0.8095238095238095
5063,18,1,3,0,0,22,0.8181818181818182
5064,16,1,3,0,0,20,0.8
5065,18,1,3,0,0,22,0.8181818181818182
5066,15,1,3,0,0,19,0.7894736842105263
5067,17,1,3,0,0,21,0.8095238095238095
5068,17,1,3,0,0,21,0.8095238095238095
5069,17,2,3,0,0,22,0.7727272727272727
5070,17,1,3,0,0,21,0.8095238095238095
5071,18,1,3,0,0,22,0.8181818181818182
5072,14,1,3,0,0,18,0.7777777777777778
5073,18,1,3,0,0,22,0.8181818181818182
5074,16,1,2,0,0,19,0.8421052631578947
5075,17,1,3,0,0,21,0.8095238095238095
5076,16,0,3,0,0,19,0.8421052631578947
5077,16,1,3,0,0,20,0.8
5078,18,0,3,0,0,21,0.8571428571428571
5079,16,1,3,0,0,20,0.8
5080,18,1,3,0,0,22,0.8181818181818182
5081,16,0,3,0,0,19,0.8421052631578947
5082,20,0,2,0,0,22,0.9090909090909091
5083,18,1,3,0,0,22,0.8181818181818182
5084,19,0,2,0,0,21,0.9047619047619048
5085,18,1,3,0,0,22,0.8181818181818182
5086,18,1,3,0,0,22,0.8181818181818182
5087,18,1,3,0,0,22,0.8181818181818182
5088,15,2,3,0,0,20,0.75
5089,18,1,3,0,0,22,0.8181818181818182
5090,19,1,3,0,0,23,0.8260869565217391
5091,18,1,3,0,0,22,0.8181818181818182
5092,19,1,3,0,0,23,0.8260869565217391
5093,20,1,3,0,0,24,0.8333333333333334
5094,17,1,3,0,0,21,0.8095238095238095
5095,18,1,3,0,0,22,0.8181818181818182
5096,19,0,3,0,0,22,0.8636363636363636
5097,19,0,3,0,0,22,0.8636363636363636
5098,17,1,2,0,0,20,0.85
5099,18,1,2,0,0,21,0.8571428571428571
5100,19,2,3,0,0,24,0.7916666666666666
5101,19,0,3,0,0,22,0.8636363636363636
5102,19,1,2,0,0,22,0.8636363636363636
5103,19,0,2,0,0,21,0.9047619047619048
5104,18,0,3,0,0,21,0.8571428571428571
5105,18,1,2,0,0,21,0.8571428571428571
5106,17,1,3,0,0,21,0.8095238095238095
5107,18,0,3,0,0,21,0.8571428571428571
5108,19,0,3,0,0,22,0.8636363636363636
5109,19,1,3,0,0,23,0.8260869565217391
5110,19,2,2,0,0,23,0.8260869565217391
5111,17,2,2,0,0,21,0.8095238095238095
5112,18,0,3,0,0,21,0.8571428571428571
5113,18,1,3,0,0,22,0.8181818181818182
5114,19,0,3,0,0,22,0.8636363636363636
5115,19,1,2,0,0,22,0.8636363636363636
5116,18,1,3,0,0,22,0.8181818181818182
5117,17,1,3,0,0,21,0.8095238095238095
5118,18,1,2,0,0,21,0.8571428571428571
5119,17,1,3,0,0,21,0.8095238095238095
5120,16,1,3,0,0,20,0.8
5121,18,1,3,0,0,22,0.8181818181818182
5122,15,1,3,0,0,19,0.7894736842105263
5123,19,1,3,0,0,23,0.8260869565217391
5124,16,1,3,0,0,20,0.8
5125,18,0,3,0,0,21,0.8571428571428571
5126,16,0,3,0,0,19,0.8421052631578947
5127,16,1,2,0,0,19,0.8421052631578947
5128,17,1,3,0,0,21,0.8095238095238095
5129,17,0,3,0,0,20,0.85
5130,18,0,3,0,0,21,0.8571428571428571
5131,18,1,3,0,0,22,0.8181818181818182
5132,17,1,3,0,0,21,0.8095238095238095
5133,15,0,2,0,0,17,0.8823529411764706
5134,16,1,3,0,0,20,0.8
5135,18,1,3,0,0,22,0.8181818181818182
5136,18,1,3,0,0,22,0.8181818181818182
5137,16,1,3,0,0,20,0.8
5138,17,1,3,0,0,21,0.8095238095238095
5139,18,0,3,0,0,21,0.8571428571428571
5140,18,1,3,0,0,22,0.8181818181818182
5141,18,1,3,0,0,22,0.8181818181818182
5142,16,1,3,0,0,20,0.8
5143,17,1,3,0,0,21,0.8095238095238095
5144,18,1,3,0,0,22,0.8181818181818182
5145,16,0,2,0,0,18,0.8888888888888888
5146,15,0,3,0,0,18,0.8333333333333334
5147,18,1,2,0,0,21,0.8571428571428571
5148,17,1,3,0,0,21,0.8095238095238095
5149,18,2,3,0,0,23,0.782608695652174
5150,16,1,2,0,0,19,0.8421052631578947
5151,17,1,3,0,0,21,0.8095238095238095
5152,18,2,3,0,0,23,0.782608695652174
5153,18,1,3,0,0,22,0.8181818181818182
5154,16,1,3,0,0,20,0.8
5155,19,1,3,0,0,23,0.8260869565217391
5156,18,1,3,0,0,22,0.8181818181818182
5157,17,2,3,0,0,22,0.7727272727272727
5158,17,2,3,0,0,22,0.7727272727272727
5159,19,1,2,0,0,22,0.8636363636363636
5160,18,1,2,0,0,21,0.8571428571428571
5161,15,2,3,0,0,20,0.75
5162,17,0,2,0,0,19,0.8947368421052632
5163,18,2,3,0,0,23,0.782608695652174
5164,18,1,3,0,0,22,0.8181818181818182
5165,19,2,3,0,0,24,0.7916666666666666
5166,15,0,3,0,0,18,0.8333333333333334
5167,17,1,3,0,0,21,0.8095238095238095
5168,20,1,3,0,0,24,0.8333333333333334
5169,19,1,3,0,0,23,0.8260869565217391
5170,20,0,3,0,0,23,0.8695652173913043
5171,17,1,3,0,0,21,0.8095238095238095
5172,17,1,3,0,0,21,0.8095238095238095
5173,18,1,3,0,0,22,0.8181818181818182
5174,19,1,3,0,0,23,0.8260869565217391
5175,19,1,3,0,0,23,0.8260869565217391
5176,18,1,3,0,0,22,0.8181818181818182
5177,18,1,3,0,0,22,0.8181818181818182
5178,19,1,2,0,0,22,0.8636363636363636
5179,17,0,3,0,0,20,0.85
5180,18,1,2,0,0,21,0.8571428571428571
5181,17,0,3,0,0,20,0.85
5182,19,0,3,0,0,22,0.8636363636363636
5183,17,1,3,0,0,21,0.8095238095238095
5184,19,1,3,0,0,23,0.8260869565217391
5185,19,1,2,0,0,22,0.8636363636363636
5186,17,1,2,0,0,20,0.85
5187,20,0,2,0,0,22,0.9090909090909091
5188,19,0,3,0,0,22,0.8636363636363636
5189,18,1,3,0,0,22,0.8181818181818182
5190,18,2,3,0,0,23,0.782608695652174
5191,17,2,3,0,0,22,0.7727272727272727
5192,18,0,3,0,0,21,0.8571428571428571
5193,18,1,3,0,0,22,0.8181818181818182
5194,15,1,3,0,0,19,0.7894736842105263
5195,16,1,2,0,0,19,0.8421052631578947
5196,18,1,3,0,0,22,0.8181818181818182
5197,18,1,2,0,0,21,0.8571428571428571
5198,16,0,3,0,0,19,0.8421052631578947
5199,16,0,2,0,0,18,0.8888888888888888
5200,17,1,3,0,0,21,0.8095238095238095
5201,16,1,3,0,0,20,0.8
5202,18,0,3,0,0,21,0.8571428571428571
5203,19,1,3,0,0,23,0.8260869565217391
5204,17,0,3,0,0,20,0.85
5205,18,1,3,0,0,22,0.8181818181818182
5206,16,1,2,0,0,19,0.8421052631578947
5207,17,1,3,0,0,21,0.8095238095238095
5208,19,1,3,0,0,23,0.8260869565217391
5209,19,0,3,0,0,22,0.8636363636363636
5210,19,0,3,0,0,22,0.8636363636363636
5211,19,0,3,0,0,22,0.8636363636363636
5212,17,0,3,0,0,20,0.85
5213,19,1,3,0,0,23,0.8260869565217391
5214,18,0,3,0,0,21,0.8571428571428571
5215,19,1,3,0,0,23,0.8260869565217391
5216,17,1,3,0,0,21,0.8095238095238095
5217,16,1,3,0,0,20,0.8
5218,16,1,3,0,0,20,0.8
5219,17,1,3,0,0,21,0.8095238095238095
5220,18,1,3,0,0,22,0.8181818181818182
5221,20,1,3,0,0,24,0.8333333333333334
5222,17,0,3,0,0,20,0.85
5223,17,1,3,0,0,21,0.8095238095238095
5224,17,1,3,0,0,21,0.8095238095238095
5225,17,1,3,0,0,21,0.8095238095238095
5226,17,1,3,0,0,21,0.8095238095238095
5227,18,1,1,0,0,20,0.9
5228,18,0,3,0,0,21,0.8571428571428571
5229,19,1,2,0,0,22,0.8636363636363636
5230,17,0,3,0,0,20,0.85
5231,18,1,3,0,0,22,0.8181818181818182
5232,18,1,3,0,0,22,0.8181818181818182
5233,17,1,2,0,0,20,0.85
5234,18,1,3,0,0,22,0.8181818181818182
5235,17,1,3,0,0,21,0.8095238095238095
5236,18,1,3,0,0,22,0.8181818181818182
5237,19,1,3,0,0,23,0.8260869565217391
5238,17,1,3,0,0,21,0.8095238095238095
5239,18,1,3,0,0,22,0.8181818181818182
5240,17,1,3,0,0,21,0.8095238095238095
5241,20,1,0,0,0,21,0.9523809523809523
5242,20,1,3,0,0,24,0.8333333333333334
5243,16,2,1,0,0,19,0.8421052631578947
5244,19,0,2,0,0,21,0.9047619047619048
5245,15,0,2,0,0,17,0.8823529411764706
5246,18,2,1,0,0,21,0.8571428571428571
5247,18,1,2,0,0,21,0.8571428571428571
5248,18,1,3,0,0,22,0.8181818181818182
5249,17,1,3,0,0,21,0.8095238095238095
5250,18,1,3,0,0,22,0.8181818181818182
5251,19,1,2,0,0,22,0.8636363636363636
5252,18,1,3,0,0,22,0.8181818181818182
5253,16,1,2,0,0,19,0.8421052631578947
5254,18,0,1,0,0,19,0.9473684210526315
5255,19,0,2,0,0,21,0.9047619047619048
5256,17,1,3,0,0,21,0.8095238095238095
5257,17,2,2,0,0,21,0.8095238095238095
5258,17,1,2,0,0,20,0.85
5259,19,1,2,0,0,22,0.8636363636363636
5260,17,0,3,0,0,20,0.85
5261,18,1,3,0,0,22,0.8181818181818182
5262,18,0,3,0,0,21,0.8571428571428571
5263,18,1,3,0,0,22,0.8181818181818182
5264,16,1,3,0,0,20,0.8
5265,20,0,3,0,0,23,0.8695652173913043
5266,19,1,3,0,0,23,0.8260869565217391
5267,17,1,2,0,0,20,0.85
5268,17,1,3,0,0,21,0.8095238095238095
5269,17,0,3,0,0,20,0.85
5270,18,0,2,0,0,20,0.9
5271,17,1,2,0,0,20,0.85
5272,18,0,3,0,0,21,0.8571428571428571
5273,18,0,2,0,0,20,0.9
5274,18,0,3,0,0,21,0.8571428571428571
5275,17,1,2,0,0,20,0.85
5276,18,0,2,0,0,20,0.9
5277,16,1,3,0,0,20,0.8
5278,19,1,2,0,0,22,0.8636363636363636
5279,19,0,3,0,0,22,0.8636363636363636
5280,17,1,3,0,0,21,0.8095238095238095
5281,18,0,3,0,0,21,0.8571428571428571
5282,17,1,2,0,0,20,0.85
5283,16,2,3,0,0,21,0.7619047619047619
5284,19,0,3,0,0,22,0.8636363636363636
5285,19,0,3,0,0,22,0.8636363636363636
5286,18,1,3,0,0,22,0.8181818181818182
5287,18,0,2,0,0,20,0.9
5288,18,1,3,0,0,22,0.8181818181818182
5289,17,0,3,0,0,20,0.85
5290,17,1,3,0,0,21,0.8095238095238095
5291,16,0,3,0,0,19,0.8421052631578947
5292,17,1,2,0,0,20,0.85
5293,18,0,3,0,0,21,0.8571428571428571
5294,16,0,3,0,0,19,0.8421052631578947
5295,16,0,3,0,0,19,0.8421052631578947
5296,19,0,3,0,0,22,0.8636363636363636
5297,17,1,3,0,0,21,0.8095238095238095
5298,18,0,2,0,0,20,0.9
5299,17,1,3,0,0,21,0.8095238095238095
5300,18,1,3,0,0,22,0.8181818181818182
5301,17,1,2,0,0,20,0.85
5302,18,0,3,0,0,21,0.8571428571428571
5303,16,0,3,0,0,19,0.8421052631578947
5304,16,0,2,0,0,18,0.8888888888888888
5305,20,1,3,0,0,24,0.8333333333333334
5306,16,1,3,0,0,20,0.8
5307,17,0,3,0,0,20,0.85
5308,20,0,3,0,0,23,0.8695652173913043
5309,17,1,3,0,0,21,0.8095238095238095
5310,19,1,3,0,0,23,0.8260869565217391
5311,19,1,3,0,0,23,0.8260869565217391
5312,19,1,3,0,0,23,0.8260869565217391
5313,18,1,3,0,0,22,0.8181818181818182
5314,19,1,3,0,0,23,0.8260869565217391
5315,17,1,3,0,0,21,0.8095238095238095
5316,18,1,3,0,0,22,0.8181818181818182
5317,19,0,3,0,0,22,0.8636363636363636
5318,17,1,3,0,0,21,0.8095238095238095
5319,19,1,2,0,0,22,0.8636363636363636
5320,19,0,3,0,0,22,0.8636363636363636
5321,19,1,3,0,0,23,0.8260869565217391
5322,19,0,3,0,0,22,0.8636363636363636
5323,18,0,3,0,0,21,0.8571428571428571
5324,17,1,3,0,0,21,0.8095238095238095
5325,18,0,3,0,0,21,0.8571428571428571
5326,19,0,3,0,0,22,0.8636363636363636
5327,17,1,2,0,0,20,0.85
5328,17,0,3,0,0,20,0.85
5329,19,0,3,0,0,22,0.8636363636363636
5330,19,1,3,0,0,23,0.8260869565217391
5331,18,1,3,0,0,22,0.8181818181818182
5332,17,1,3,0,0,21,0.8095238095238095
5333,19,1,2,0,0,22,0.8636363636363636
5334,18,0,3,0,0,21,0.8571428571428571
5335,19,0,3,0,0,22,0.8636363636363636
5336,17,0,3,0,0,20,0.85
5337,18,1,2,0,0,21,0.8571428571428571
5338,19,1,3,0,0,23,0.8260869565217391
5339,18,0,2,0,0,20,0.9
5340,18,1,3,0,0,22,0.8181818181818182
5341,18,0,3,0,0,21,0.8571428571428571
5342,18,0,3,0,0,21,0.8571428571428571
5343,18,1,3,0,0,22,0.8181818181818182
5344,19,0,2,0,0,21,0.9047619047619048
5345,18,1,3,0,0,22,0.8181818181818182
5346,18,1,2,0,0,21,0.8571428571428571
5347,17,1,3,0,0,21,0.8095238095238095
5348,18,0,3,0,0,21,0.8571428571428571
5349,19,0,3,0,0,22,0.8636363636363636
5350,19,0,3,0,0,22,0.8636363636363636
5351,17,1,3,0,0,21,0.8095238095238095
5352,18,1,3,0,0,22,0.8181818181818182
5353,18,1,3,0,0,22,0.8181818181818182
5354,18,1,3,0,0,22,0.8181818181818182
5355,18,0,2,0,0,20,0.9
5356,19,0,3,0,0,22,0.8636363636363636
5357,17,1,3,0,0,21,0.8095238095238095
5358,19,1,3,0,0,23,0.8260869565217391
5359,18,1,2,0,0,21,0.8571428571428571
5360,17,0,2,0,0,19,0.8947368421052632
5361,18,0,2,0,0,20,0.9
5362,19,1,3,0,0,23,0.8260869565217391
5363,18,1,2,0,0,21,0.8571428571428571
5364,18,1,3,0,0,22,0.8181818181818182
5365,16,0,3,0,0,19,0.8421052631578947
5366,16,1,3,0,0,20,0.8
5367,18,0,3,0,0,21,0.8571428571428571
5368,18,1,3,0,0,22,0.8181818181818182
5369,17,1,3,0,0,21,0.8095238095238095
5370,17,2,2,0,0,21,0.8095238095238095
5371,17,0,3,0,0,20,0.85
5372,18,1,3,0,0,22,0.8181818181818182
5373,18,1,3,0,0,22,0.8181818181818182
5374,18,1,3,0,0,22,0.8181818181818182
5375,19,1,2,0,0,22,0.8636363636363636
5376,19,1,3,0,0,23,0.8260869565217391
5377,17,1,3,0,0,21,0.8095238095238095
5378,18,0,1,0,0,19,0.9473684210526315
5379,17,0,2,0,0,19,0.8947368421052632
5380,19,1,3,0,0,23,0.8260869565217391
5381,18,1,3,0,0,22,0.8181818181818182
5382,18,1,3,0,0,22,0.8181818181818182
5383,18,1,2,0,0,21,0.8571428571428571
5384,19,0,3,0,0,22,0.8636363636363636
5385,19,0,2,0,0,21,0.9047619047619048
5386,18,1,3,0,0,22,0.8181818181818182
5387,18,0,3,0,0,21,0.8571428571428571
5388,18,0,3,0,0,21,0.8571428571428571
5389,19,1,3,0,0,23,0.8260869565217391
5390,19,1,3,0,0,23,0.8260869565217391
5391,18,1,2,0,0,21,0.8571428571428571
5392,17,1,3,0,0,21,0.8095238095238095
5393,17,1,3,0,0,21,0.8095238095238095
5394,19,0,1,0,0,20,0.95
5395,17,0,1,0,0,18,0.9444444444444444
5396,20,0,2,0,0,22,0.9090909090909091
5397,20,0,3,0,0,23,0.8695652173913043
5398,17,1,2,0,0,20,0.85
5399,18,0,3,0,0,21,0.8571428571428571
5400,19,1,3,0,0,23,0.8260869565217391
5401,16,1,3,0,0,20,0.8
5402,18,1,2,0,0,21,0.8571428571428571
5403,17,0,3,0,0,20,0.85
5404,18,1,3,0,0,22,0.8181818181818182
5405,19,0,3,0,0,22,0.8636363636363636
5406,16,0,3,0,0,19,0.8421052631578947
5407,18,1,2,0,0,21,0.8571428571428571
5408,18,0,3,0,0,21,0.8571428571428571
5409,18,0,3,0,0,21,0.8571428571428571
5410,17,0,3,0,0,20,0.85
5411,19,1,3,0,0,23,0.8260869565217391
5412,19,2,3,0,0,24,0.7916666666666666
5413,17,1,2,0,0,20,0.85
5414,19,1,3,0,0,23,0.8260869565217391
5415,18,1,2,0,0,21,0.8571428571428571
5416,18,1,3,0,0,22,0.8181818181818182
5417,19,1,3,0,0,23,0.8260869565217391
5418,18,1,3,0,0,22,0.8181818181818182
5419,18,1,2,0,0,21,0.8571428571428571
5420,18,1,3,0,0,22,0.8181818181818182
5421,18,1,3,0,0,22,0.8181818181818182
5422,18,0,2,0,0,20,0.9
5423,18,0,2,0,0,20,0.9
5424,18,0,3,0,0,21,0.8571428571428571
5425,17,1,2,0,0,20,0.85
5426,19,1,2,0,0,22,0.8636363636363636
5427,18,1,3,0,0,22,0.8181818181818182
5428,18,1,3,0,0,22,0.8181818181818182
5429,17,0,2,0,0,19,0.8947368421052632
5430,18,1,2,0,0,21,0.8571428571428571
5431,18,0,3,0,0,21,0.8571428571428571
5432,17,1,3,0,0,21,0.8095238095238095
5433,19,0,3,0,0,22,0.8636363636363636
5434,18,1,3,0,0,22,0.8181818181818182
5435,17,1,3,0,0,21,0.8095238095238095
5436,19,1,3,0,0,23,0.8260869565217391
5437,19,0,3,0,0,22,0.8636363636363636
5438,18,1,3,0,0,22,0.8181818181818182
5439,18,1,3,0,0,22,0.8181818181818182
5440,17,1,3,0,0,21,0.8095238095238095
5441,14,1,2,0,0,17,0.8235294117647058
5442,16,0,3,0,0,19,0.8421052631578947
5443,18,2,3,0,0,23,0.782608695652174
5444,15,1,2,0,0,18,0.8333333333333334
5445,17,1,3,0,0,21,0.8095238095238095
5446,16,2,2,0,0,20,0.8
5447,18,0,3,0,0,21,0.8571428571428571
5448,19,2,2,0,0,23,0.8260869565217391
5449,18,1,2,0,0,21,0.8571428571428571
5450,20,0,2,0,0,22,0.9090909090909091
5451,17,0,3,0,0,20,0.85
5452,18,0,3,0,0,21,0.8571428571428571
5453,16,0,2,0,0,18,0.8888888888888888
5454,18,2,3,0,0,23,0.782608695652174
5455,16,1,3,0,0,20,0.8
5456,16,0,3,0,0,19,0.8421052631578947
5457,17,1,3,0,0,21,0.8095238095238095
5458,17,2,2,0,0,21,0.8095238095238095
5459,18,2,2,0,0,22,0.8181818181818182
5460,20,0,1,0,0,21,0.9523809523809523
5461,18,0,1,0,0,19,0.9473684210526315
5462,18,1,2,0,0,21,0.8571428571428571
5463,19,0,2,0,0,21,0.9047619047619048
5464,19,1,2,0,0,22,0.8636363636363636
5465,19,0,3,0,0,22,0.8636363636363636
5466,16,0,1,0,0,17,0.9411764705882353
5467,18,0,3,0,0,21,0.8571428571428571
5468,16,0,3,0,0,19,0.8421052631578947
5469,18,0,3,0,0,21,0.8571428571428571
5470,18,0,3,0,0,21,0.8571428571428571
5471,15,1,2,0,0,18,0.8333333333333334
5472,18,1,2,0,0,21,0.8571428571428571
5473,19,0,3,0,0,22,0.8636363636363636
5474,19,1,2,0,0,22,0.8636363636363636
5475,18,0,3,0,0,21,0.8571428571428571
5476,19,1,2,0,0,22,0.8636363636363636
5477,19,0,1,0,0,20,0.95
5478,19,1,2,0,0,22,0.8636363636363636
5479,17,1,3,0,0,21,0.8095238095238095
5480,17,0,3,0,0,20,0.85
5481,19,2,2,0,0,23,0.8260869565217391
5482,19,0,1,0,0,20,0.95
5483,18,0,2,0,0,20,0.9
5484,19,0,2,0,0,21,0.9047619047619048
5485,19,0,1,0,0,20,0.95
5486,18,0,1,0,0,19,0.9473684210526315
5487,19,0,3,0,0,22,0.8636363636363636
5488,17,0,2,0,0,19,0.8947368421052632
5489,17,0,2,0,0,19,0.8947368421052632
5490,19,0,3,0,0,22,0.8636363636363636
5491,19,0,3,0,0,22,0.8636363636363636
5492,19,0,3,0,0,22,0.8636363636363636
5493,18,0,3,0,0,21,0.8571428571428571
5494,19,0,3,0,0,22,0.8636363636363636
5495,20,0,1,0,0,21,0.9523809523809523
5496,19,1,2,0,0,22,0.8636363636363636
5497,17,0,3,0,0,20,0.85
5498,17,0,3,0,0,20,0.85
5499,18,0,2,0,0,20,0.9
5500,19,0,2,0,0,21,0.9047619047619048
5501,16,0,3,0,0,19,0.8421052631578947
5502,19,0,2,0,0,21,0.9047619047619048
5503,18,0,3,0,0,21,0.8571428571428571
5504,17,0,3,0,0,20,0.85
5505,18,1,3,0,0,22,0.8181818181818182
5506,19,0,3,0,0,22,0.8636363636363636
5507,19,1,3,0,0,23,0.8260869565217391
5508,19,1,3,0,0,23,0.8260869565217391
5509,18,0,2,0,0,20,0.9
5510,18,0,3,0,0,21,0.8571428571428571
5511,19,1,3,0,0,23,0.8260869565217391
5512,19,0,2,0,0,21,0.9047619047619048
5513,20,0,2,0,0,22,0.9090909090909091
5514,17,1,3,0,0,21,0.8095238095238095
5515,17,0,3,0,0,20,0.85
5516,19,1,3,0,0,23,0.8260869565217391
5517,17,0,3,0,0,20,0.85
5518,19,0,3,0,0,22,0.8636363636363636
5519,20,0,2,0,0,22,0.9090909090909091
5520,18,0,3,0,0,21,0.8571428571428571
5521,20,0,3,0,0,23,0.8695652173913043
5522,19,0,3,0,0,22,0.8636363636363636
5523,17,0,3,0,0,20,0.85
5524,19,0,3,0,0,22,0.8636363636363636
5525,19,0,2,0,0,21,0.9047619047619048
5526,19,1,3,0,0,23,0.8260869565217391
5527,20,1,2,0,0,23,0.8695652173913043
5528,20,0,3,0,0,23,0.8695652173913043
5529,20,0,3,0,0,23,0.8695652173913043
5530,20,0,2,0,0,22,0.9090909090909091
5531,18,0,2,0,0,20,0.9
5532,16,0,3,0,0,19,0.8421052631578947
5533,17,1,2,0,0,20,0.85
5534,19,0,2,0,0,21,0.9047619047619048
5535,20,1,3,0,0,24,0.8333333333333334
5536,18,0,3,0,0,21,0.8571428571428571
5537,17,0,3,0,0,20,0.85
5538,18,0,3,0,0,21,0.8571428571428571
5539,17,0,1,0,0,18,0.9444444444444444
5540,19,1,3,0,0,23,0.8260869565217391
5541,18,1,3,0,0,22,0.8181818181818182
5542,18,0,3,0,0,21,0.8571428571428571
5543,20,0,3,0,0,23,0.8695652173913043
5544,21,0,3,0,0,24,0.875
5545,18,1,3,0,0,22,0.8181818181818182
5546,19,0,3,0,0,22,0.8636363636363636
5547,18,0,3,0,0,21,0.8571428571428571
5548,18,1,2,0,0,21,0.8571428571428571
5549,19,1,3,0,0,23,0.8260869565217391
5550,16,1,3,0,0,20,0.8
5551,19,0,3,0,0,22,0.8636363636363636
5552,19,0,2,0,0,21,0.9047619047619048
5553,17,0,2,0,0,19,0.8947368421052632
5554,19,0,3,0,0,22,0.8636363636363636
5555,17,0,3,0,0,20,0.85
5556,18,1,2,0,0,21,0.8571428571428571
5557,18,0,3,0,0,21,0.8571428571428571
5558,16,0,3,0,0,19,0.8421052631578947
5559,17,1,3,0,0,21,0.8095238095238095
5560,17,0,2,0,0,19,0.8947368421052632
5561,16,1,3,0,0,20,0.8
5562,18,1,3,0,0,22,0.8181818181818182
5563,20,1,2,0,0,23,0.8695652173913043
5564,16,1,2,0,0,19,0.8421052631578947
5565,18,0,2,0,0,20,0.9
5566,19,1,2,0,0,22,0.8636363636363636
5567,16,1,3,0,0,20,0.8
5568,16,0,3,0,0,19,0.8421052631578947
5569,17,0,2,0,0,19,0.8947368421052632
5570,19,0,2,0,0,21,0.9047619047619048
5571,18,1,2,0,0,21,0.8571428571428571
5572,19,0,1,0,0,20,0.95
5573,18,1,3,0,0,22,0.8181818181818182
5574,20,0,3,0,0,23,0.8695652173913043
5575,19,1,3,0,0,23,0.8260869565217391
5576,17,1,3,0,0,21,0.8095238095238095
5577,19,0,3,0,0,22,0.8636363636363636
5578,16,0,2,0,0,18,0.8888888888888888
5579,19,0,3,0,0,22,0.8636363636363636
5580,19,0,3,0,0,22,0.8636363636363636
5581,18,1,3,0,0,22,0.8181818181818182
5582,19,0,3,0,0,22,0.8636363636363636
5583,19,0,3,0,0,22,0.8636363636363636
5584,18,0,3,0,0,21,0.8571428571428571
5585,17,0,1,0,0,18,0.9444444444444444
5586,19,1,3,0,0,23,0.8260869565217391
5587,18,0,2,0,0,20,0.9
5588,19,0,2,0,0,21,0.9047619047619048
5589,19,0,2,0,0,21,0.9047619047619048
5590,19,0,3,0,0,22,0.8636363636363636
5591,18,1,3,0,0,22,0.8181818181818182
5592,18,0,2,0,0,20,0.9
5593,18,0,3,0,0,21,0.8571428571428571
5594,18,1,3,0,0,22,0.8181818181818182
5595,17,1,3,0,0,21,0.8095238095238095
5596,17,1,2,0,0,20,0.85
5597,18,0,2,0,0,20,0.9
5598,19,1,3,0,0,23,0.8260869565217391
5599,17,0,3,0,0,20,0.85
