frame,n_hydrophobic,n_polar,n_pos_charged,n_neg_charged,n_other,n_total,frac_hydrophobic
0,14,1,3,0,0,18,0.7777777777777778
1,14,1,3,0,0,18,0.7777777777777778
2,13,3,2,0,0,18,0.7222222222222222
3,13,1,2,0,0,16,0.8125
4,13,1,2,0,0,16,0.8125
5,16,1,3,0,0,20,0.8
6,14,1,2,0,0,17,0.8235294117647058
7,13,1,2,0,0,16,0.8125
8,13,1,2,0,0,16,0.8125
9,13,1,2,0,0,16,0.8125
10,14,1,3,0,0,18,0.7777777777777778
11,13,1,1,0,0,15,0.8666666666666667
12,12,1,3,0,0,16,0.75
13,13,1,2,0,0,16,0.8125
14,13,2,2,0,0,17,0.7647058823529411
15,13,1,3,0,0,17,0.7647058823529411
16,15,1,2,0,0,18,0.8333333333333334
17,13,1,2,0,0,16,0.8125
18,13,2,2,0,0,17,0.7647058823529411
19,12,1,2,0,0,15,0.8
20,15,2,2,0,0,19,0.7894736842105263
21,14,1,2,0,0,17,0.8235294117647058
22,13,1,2,0,0,16,0.8125
23,14,1,2,0,0,17,0.8235294117647058
24,14,1,2,0,0,17,0.8235294117647058
25,13,1,3,0,0,17,0.7647058823529411
26,14,1,3,0,0,18,0.7777777777777778
27,12,1,2,0,0,15,0.8
28,14,1,2,0,0,17,0.8235294117647058
29,14,1,3,0,0,18,0.7777777777777778
30,13,2,3,0,0,18,0.7222222222222222
31,16,1,3,0,0,20,0.8
32,15,2,2,0,0,19,0.7894736842105263
33,10,1,2,0,0,13,0.7692307692307693
34,14,1,2,0,0,17,0.8235294117647058
35,13,2,3,0,0,18,0.7222222222222222
36,15,1,3,0,0,19,0.7894736842105263
37,13,1,3,0,0,17,0.7647058823529411
38,12,1,3,0,0,16,0.75
39,14,0,3,0,0,17,0.8235294117647058
40,17,1,3,0,0,21,0.8095238095238095
41,15,2,3,0,0,20,0.75
42,15,3,3,0,0,21,0.7142857142857143
43,14,2,2,0,0,18,0.7777777777777778
44,15,1,2,0,0,18,0.8333333333333334
45,12,1,3,0,0,16,0.75
46,15,1,3,0,0,19,0.7894736842105263
47,13,2,2,0,0,17,0.7647058823529411
48,14,2,2,0,0,18,0.7777777777777778
49,11,1,3,0,0,15,0.7333333333333333
50,12,3,3,0,0,18,0.6666666666666666
51,12,2,3,0,0,17,0.7058823529411765
52,15,3,2,0,0,20,0.75
53,13,3,3,0,0,19,0.6842105263157895
54,16,1,3,0,0,20,0.8
55,15,1,3,0,0,19,0.7894736842105263
56,15,3,3,0,0,21,0.7142857142857143
57,15,2,2,0,0,19,0.7894736842105263
58,15,2,3,0,0,20,0.75
59,14,3,2,0,0,19,0.7368421052631579
60,15,1,2,0,0,18,0.8333333333333334
61,13,1,2,0,0,16,0.8125
62,11,1,3,0,0,15,0.7333333333333333
63,14,1,3,0,0,18,0.7777777777777778
64,13,1,2,0,0,16,0.8125
65,15,1,2,0,0,18,0.8333333333333334
66,13,1,3,0,0,17,0.7647058823529411
67,12,1,3,0,0,16,0.75
68,14,1,3,0,0,18,0.7777777777777778
69,14,1,3,0,0,18,0.7777777777777778
70,14,2,2,0,0,18,0.7777777777777778
71,13,1,3,0,0,17,0.7647058823529411
72,15,1,3,0,0,19,0.7894736842105263
73,12,1,3,0,0,16,0.75
74,15,2,2,0,0,19,0.7894736842105263
75,13,3,2,0,0,18,0.7222222222222222
76,14,3,3,0,0,20,0.7
77,15,1,2,0,0,18,0.8333333333333334
78,14,2,3,0,0,19,0.7368421052631579
79,12,1,2,0,0,15,0.8
80,14,2,3,0,0,19,0.7368421052631579
81,17,2,3,0,0,22,0.7727272727272727
82,14,1,2,0,0,17,0.8235294117647058
83,16,2,2,0,0,20,0.8
84,12,4,3,0,0,19,0.631578947368421
85,15,2,2,0,0,19,0.7894736842105263
86,15,3,3,0,0,21,0.7142857142857143
87,15,2,2,0,0,19,0.7894736842105263
88,14,2,3,0,0,19,0.7368421052631579
89,15,1,2,0,0,18,0.8333333333333334
90,13,1,2,0,0,16,0.8125
91,15,3,3,0,0,21,0.7142857142857143
92,12,1,2,0,0,15,0.8
93,15,2,2,0,0,19,0.7894736842105263
94,15,2,2,0,0,19,0.7894736842105263
95,14,3,3,0,0,20,0.7
96,15,2,2,0,0,19,0.7894736842105263
97,14,3,2,0,0,19,0.7368421052631579
98,16,3,2,0,0,21,0.7619047619047619
99,15,2,2,0,0,19,0.7894736842105263
100,16,3,2,0,0,21,0.7619047619047619
101,12,3,2,0,0,17,0.7058823529411765
102,15,3,2,0,0,20,0.75
103,16,4,2,0,0,22,0.7272727272727273
104,15,3,3,0,0,21,0.7142857142857143
105,11,2,3,0,0,16,0.6875
106,14,4,3,0,0,21,0.6666666666666666
107,15,2,3,0,0,20,0.75
108,14,3,3,0,0,20,0.7
109,16,2,2,0,0,20,0.8
110,14,2,3,0,0,19,0.7368421052631579
111,14,3,3,0,0,20,0.7
112,14,3,3,0,0,20,0.7
113,14,3,3,0,0,20,0.7
114,14,3,3,0,0,20,0.7
115,15,3,3,0,0,21,0.7142857142857143
116,16,2,3,0,0,21,0.7619047619047619
117,16,4,2,0,0,22,0.7272727272727273
118,13,2,2,0,0,17,0.7647058823529411
119,14,2,3,0,0,19,0.7368421052631579
120,14,3,2,0,0,19,0.7368421052631579
121,15,2,2,0,0,19,0.7894736842105263
122,15,3,3,0,0,21,0.7142857142857143
123,17,2,2,0,0,21,0.8095238095238095
124,14,3,2,0,0,19,0.7368421052631579
125,15,3,2,0,0,20,0.75
126,15,2,3,0,0,20,0.75
127,15,2,3,0,0,20,0.75
128,14,2,2,0,0,18,0.7777777777777778
129,15,2,2,0,0,19,0.7894736842105263
130,13,3,2,0,0,18,0.7222222222222222
131,14,3,2,0,0,19,0.7368421052631579
132,14,2,2,0,0,18,0.7777777777777778
133,11,2,3,0,0,16,0.6875
134,13,2,3,0,0,18,0.7222222222222222
135,15,3,2,0,0,20,0.75
136,15,3,3,0,0,21,0.7142857142857143
137,15,2,2,0,0,19,0.7894736842105263
138,14,2,2,0,0,18,0.7777777777777778
139,12,2,2,0,0,16,0.75
140,13,2,2,0,0,17,0.7647058823529411
141,13,2,2,0,0,17,0.7647058823529411
142,14,2,3,0,0,19,0.7368421052631579
143,12,2,2,0,0,16,0.75
144,13,1,3,0,0,17,0.7647058823529411
145,15,2,2,0,0,19,0.7894736842105263
146,15,2,3,0,0,20,0.75
147,13,2,3,0,0,18,0.7222222222222222
148,15,3,2,0,0,20,0.75
149,16,3,2,0,0,21,0.7619047619047619
150,15,1,3,0,0,19,0.7894736842105263
151,13,1,2,0,0,16,0.8125
152,15,2,2,0,0,19,0.7894736842105263
153,16,1,2,0,0,19,0.8421052631578947
154,13,1,2,0,0,16,0.8125
155,14,3,2,0,0,19,0.7368421052631579
156,14,2,3,0,0,19,0.7368421052631579
157,14,1,2,0,0,17,0.8235294117647058
158,14,2,2,0,0,18,0.7777777777777778
159,16,1,3,0,0,20,0.8
160,15,2,3,0,0,20,0.75
161,14,1,2,0,0,17,0.8235294117647058
162,15,2,3,0,0,20,0.75
163,14,3,3,0,0,20,0.7
164,14,2,2,0,0,18,0.7777777777777778
165,15,4,2,0,0,21,0.7142857142857143
166,15,3,3,0,0,21,0.7142857142857143
167,13,3,2,0,0,18,0.7222222222222222
168,12,3,3,0,0,18,0.6666666666666666
169,14,3,2,0,0,19,0.7368421052631579
170,14,2,2,0,0,18,0.7777777777777778
171,13,2,3,0,0,18,0.7222222222222222
172,14,2,2,0,0,18,0.7777777777777778
173,14,1,2,0,0,17,0.8235294117647058
174,14,1,2,0,0,17,0.8235294117647058
175,15,3,2,0,0,20,0.75
176,15,1,3,0,0,19,0.7894736842105263
177,14,2,3,0,0,19,0.7368421052631579
178,15,1,2,0,0,18,0.8333333333333334
179,12,1,2,0,0,15,0.8
180,15,1,3,0,0,19,0.7894736842105263
181,17,1,2,0,0,20,0.85
182,16,2,2,0,0,20,0.8
183,16,1,2,0,0,19,0.8421052631578947
184,14,2,2,0,0,18,0.7777777777777778
185,15,2,3,0,0,20,0.75
186,13,2,2,0,0,17,0.7647058823529411
187,14,2,2,1,0,19,0.7368421052631579
188,16,1,3,0,0,20,0.8
189,12,1,3,0,0,16,0.75
190,12,1,3,0,0,16,0.75
191,15,2,3,0,0,20,0.75
192,12,2,3,0,0,17,0.7058823529411765
193,13,1,3,0,0,17,0.7647058823529411
194,13,2,3,0,0,18,0.7222222222222222
195,11,1,3,0,0,15,0.7333333333333333
196,15,1,3,0,0,19,0.7894736842105263
197,13,1,2,0,0,16,0.8125
198,11,1,2,0,0,14,0.7857142857142857
199,14,1,2,0,0,17,0.8235294117647058
200,13,2,3,0,0,18,0.7222222222222222
201,14,1,2,0,0,17,0.8235294117647058
202,13,1,2,0,0,16,0.8125
203,15,1,3,0,0,19,0.7894736842105263
204,14,2,3,0,0,19,0.7368421052631579
205,12,1,2,0,0,15,0.8
206,13,3,3,0,0,19,0.6842105263157895
207,16,3,2,0,0,21,0.7619047619047619
208,15,3,2,0,0,20,0.75
209,14,2,3,0,0,19,0.7368421052631579
210,13,2,2,0,0,17,0.7647058823529411
211,15,3,3,0,0,21,0.7142857142857143
212,14,3,2,0,0,19,0.7368421052631579
213,14,3,2,0,0,19,0.7368421052631579
214,12,3,3,0,0,18,0.6666666666666666
215,15,3,3,0,0,21,0.7142857142857143
216,15,1,3,0,0,19,0.7894736842105263
217,15,3,3,0,0,21,0.7142857142857143
218,13,3,2,0,0,18,0.7222222222222222
219,15,2,2,0,0,19,0.7894736842105263
220,15,3,2,0,0,20,0.75
221,15,3,2,0,0,20,0.75
222,15,2,1,0,0,18,0.8333333333333334
223,13,3,2,0,0,18,0.7222222222222222
224,14,2,2,0,0,18,0.7777777777777778
225,12,3,3,0,0,18,0.6666666666666666
226,14,3,3,0,0,20,0.7
227,14,3,2,0,0,19,0.7368421052631579
228,14,1,3,0,0,18,0.7777777777777778
229,14,3,3,0,0,20,0.7
230,14,1,3,0,0,18,0.7777777777777778
231,12,1,3,0,0,16,0.75
232,15,2,2,0,0,19,0.7894736842105263
233,14,1,3,0,0,18,0.7777777777777778
234,14,3,2,0,0,19,0.7368421052631579
235,14,2,3,0,0,19,0.7368421052631579
236,14,2,3,0,0,19,0.7368421052631579
237,16,2,3,0,0,21,0.7619047619047619
238,14,2,3,0,0,19,0.7368421052631579
239,14,2,3,0,0,19,0.7368421052631579
240,14,2,3,0,0,19,0.7368421052631579
241,14,3,3,0,0,20,0.7
242,17,1,3,0,0,21,0.8095238095238095
243,15,2,3,0,0,20,0.75
244,15,2,2,0,0,19,0.7894736842105263
245,14,3,3,0,0,20,0.7
246,14,1,2,0,0,17,0.8235294117647058
247,16,1,2,0,0,19,0.8421052631578947
248,16,1,2,0,0,19,0.8421052631578947
249,14,2,3,0,0,19,0.7368421052631579
250,15,2,2,0,0,19,0.7894736842105263
251,14,3,3,0,0,20,0.7
252,16,2,3,0,0,21,0.7619047619047619
253,16,1,3,0,0,20,0.8
254,12,1,2,0,0,15,0.8
255,10,1,3,0,0,14,0.7142857142857143
256,13,1,2,0,0,16,0.8125
257,15,3,2,0,0,20,0.75
258,14,2,2,0,0,18,0.7777777777777778
259,15,1,3,0,0,19,0.7894736842105263
260,14,1,3,0,0,18,0.7777777777777778
261,15,1,2,0,0,18,0.8333333333333334
262,14,1,3,0,0,18,0.7777777777777778
263,13,1,3,0,0,17,0.7647058823529411
264,14,1,2,0,0,17,0.8235294117647058
265,15,1,3,0,0,19,0.7894736842105263
266,16,2,3,0,0,21,0.7619047619047619
267,12,2,2,0,0,16,0.75
268,14,2,3,0,0,19,0.7368421052631579
269,13,2,3,0,0,18,0.7222222222222222
270,12,2,2,0,0,16,0.75
271,15,1,2,0,0,18,0.8333333333333334
272,14,1,3,0,0,18,0.7777777777777778
273,14,1,2,0,0,17,0.8235294117647058
274,13,1,3,0,0,17,0.7647058823529411
275,15,1,3,0,0,19,0.7894736842105263
276,12,1,3,0,0,16,0.75
277,14,3,3,0,0,20,0.7
278,16,3,3,0,0,22,0.7272727272727273
279,15,1,3,0,0,19,0.7894736842105263
280,14,1,2,0,0,17,0.8235294117647058
281,16,1,3,0,0,20,0.8
282,13,2,2,0,0,17,0.7647058823529411
283,15,2,2,0,0,19,0.7894736842105263
284,15,1,3,0,0,19,0.7894736842105263
285,12,1,2,0,0,15,0.8
286,15,1,2,0,0,18,0.8333333333333334
287,15,2,3,0,0,20,0.75
288,13,2,2,0,0,17,0.7647058823529411
289,11,2,2,0,0,15,0.7333333333333333
290,15,1,3,0,0,19,0.7894736842105263
291,14,2,2,0,0,18,0.7777777777777778
292,14,1,2,0,0,17,0.8235294117647058
293,14,2,3,0,0,19,0.7368421052631579
294,14,3,2,0,0,19,0.7368421052631579
295,14,2,2,0,0,18,0.7777777777777778
296,14,2,2,0,0,18,0.7777777777777778
297,14,1,3,0,0,18,0.7777777777777778
298,13,2,2,0,0,17,0.7647058823529411
299,12,2,3,0,0,17,0.7058823529411765
300,11,1,2,0,0,14,0.7857142857142857
301,14,2,3,0,0,19,0.7368421052631579
302,11,2,2,0,0,15,0.7333333333333333
303,11,1,3,0,0,15,0.7333333333333333
304,14,2,3,0,0,19,0.7368421052631579
305,14,2,3,0,0,19,0.7368421052631579
306,16,1,3,0,0,20,0.8
307,16,2,3,0,0,21,0.7619047619047619
308,13,1,3,0,0,17,0.7647058823529411
309,13,1,2,0,0,16,0.8125
310,13,1,2,0,0,16,0.8125
311,14,1,3,0,0,18,0.7777777777777778
312,16,1,2,0,0,19,0.8421052631578947
313,15,3,3,0,0,21,0.7142857142857143
314,16,2,2,0,0,20,0.8
315,13,1,3,0,0,17,0.7647058823529411
316,14,2,2,0,0,18,0.7777777777777778
317,15,1,2,0,0,18,0.8333333333333334
318,14,1,2,0,0,17,0.8235294117647058
319,12,1,3,0,0,16,0.75
320,13,2,3,0,0,18,0.7222222222222222
321,13,2,2,0,0,17,0.7647058823529411
322,14,1,2,0,0,17,0.8235294117647058
323,14,1,2,0,0,17,0.8235294117647058
324,14,2,2,0,0,18,0.7777777777777778
325,13,1,3,0,0,17,0.7647058823529411
326,13,1,3,0,0,17,0.7647058823529411
327,14,1,3,0,0,18,0.7777777777777778
328,13,1,3,0,0,17,0.7647058823529411
329,15,1,3,0,0,19,0.7894736842105263
330,16,1,2,0,0,19,0.8421052631578947
331,14,2,3,0,0,19,0.7368421052631579
332,15,1,2,0,0,18,0.8333333333333334
333,13,2,3,0,0,18,0.7222222222222222
334,16,2,3,0,0,21,0.7619047619047619
335,14,1,3,0,0,18,0.7777777777777778
336,14,1,2,0,0,17,0.8235294117647058
337,15,1,2,0,0,18,0.8333333333333334
338,15,1,3,0,0,19,0.7894736842105263
339,12,2,2,0,0,16,0.75
340,15,2,2,0,0,19,0.7894736842105263
341,12,2,2,0,0,16,0.75
342,11,2,2,0,0,15,0.7333333333333333
343,14,2,2,0,0,18,0.7777777777777778
344,15,1,2,0,0,18,0.8333333333333334
345,15,1,2,0,0,18,0.8333333333333334
346,12,1,2,0,0,15,0.8
347,15,2,2,0,0,19,0.7894736842105263
348,16,2,3,0,0,21,0.7619047619047619
349,15,1,3,0,0,19,0.7894736842105263
350,13,1,2,0,0,16,0.8125
351,14,2,2,0,0,18,0.7777777777777778
352,14,1,3,0,0,18,0.7777777777777778
353,15,2,2,0,0,19,0.7894736842105263
354,14,2,3,0,0,19,0.7368421052631579
355,13,1,3,0,0,17,0.7647058823529411
356,13,2,2,0,0,17,0.7647058823529411
357,13,1,3,0,0,17,0.7647058823529411
358,13,1,3,0,0,17,0.7647058823529411
359,12,1,3,0,0,16,0.75
360,12,2,3,0,0,17,0.7058823529411765
361,13,2,3,0,0,18,0.7222222222222222
362,14,1,2,0,0,17,0.8235294117647058
363,15,2,2,0,0,19,0.7894736842105263
364,15,2,2,0,0,19,0.7894736842105263
365,13,2,2,0,0,17,0.7647058823529411
366,15,1,2,0,0,18,0.8333333333333334
367,15,1,2,0,0,18,0.8333333333333334
368,15,1,3,0,0,19,0.7894736842105263
369,13,3,3,0,0,19,0.6842105263157895
370,15,1,2,0,0,18,0.8333333333333334
371,16,2,2,0,0,20,0.8
372,15,1,3,0,0,19,0.7894736842105263
373,15,3,2,0,0,20,0.75
374,13,1,2,0,0,16,0.8125
375,13,1,3,0,0,17,0.7647058823529411
376,13,2,2,0,0,17,0.7647058823529411
377,12,3,2,0,0,17,0.7058823529411765
378,14,2,2,0,0,18,0.7777777777777778
379,16,1,2,0,0,19,0.8421052631578947
380,11,2,2,0,0,15,0.7333333333333333
381,14,2,2,0,0,18,0.7777777777777778
382,15,1,2,0,0,18,0.8333333333333334
383,15,1,2,0,0,18,0.8333333333333334
384,11,1,2,0,0,14,0.7857142857142857
385,12,2,2,0,0,16,0.75
386,11,2,2,0,0,15,0.7333333333333333
387,12,2,2,0,0,16,0.75
388,15,1,2,0,0,18,0.8333333333333334
389,13,2,2,0,0,17,0.7647058823529411
390,16,1,2,0,0,19,0.8421052631578947
391,11,2,2,0,0,15,0.7333333333333333
392,12,1,2,0,0,15,0.8
393,12,1,2,0,0,15,0.8
394,13,2,2,0,0,17,0.7647058823529411
395,12,2,2,0,0,16,0.75
396,11,3,2,0,0,16,0.6875
397,14,2,2,0,0,18,0.7777777777777778
398,15,2,2,0,0,19,0.7894736842105263
399,14,1,2,0,0,17,0.8235294117647058
400,14,2,2,0,0,18,0.7777777777777778
401,15,2,2,0,0,19,0.7894736842105263
402,12,2,2,0,0,16,0.75
403,15,1,3,0,0,19,0.7894736842105263
404,14,2,2,0,0,18,0.7777777777777778
405,16,1,2,0,0,19,0.8421052631578947
406,15,0,2,0,0,17,0.8823529411764706
407,15,1,2,0,0,18,0.8333333333333334
408,14,2,2,0,0,18,0.7777777777777778
409,13,2,2,0,0,17,0.7647058823529411
410,12,1,3,0,0,16,0.75
411,13,0,3,0,0,16,0.8125
412,15,0,3,0,0,18,0.8333333333333334
413,13,3,3,0,0,19,0.6842105263157895
414,14,1,2,0,0,17,0.8235294117647058
415,15,1,2,0,0,18,0.8333333333333334
416,15,1,3,0,0,19,0.7894736842105263
417,14,1,2,0,0,17,0.8235294117647058
418,13,1,2,0,0,16,0.8125
419,15,1,2,0,0,18,0.8333333333333334
420,14,1,3,0,0,18,0.7777777777777778
421,14,1,3,0,0,18,0.7777777777777778
422,16,2,2,0,0,20,0.8
423,15,2,2,0,0,19,0.7894736842105263
424,13,2,3,0,0,18,0.7222222222222222
425,14,1,2,0,0,17,0.8235294117647058
426,15,1,3,0,0,19,0.7894736842105263
427,15,1,2,0,0,18,0.8333333333333334
428,14,1,2,0,0,17,0.8235294117647058
429,15,1,2,0,0,18,0.8333333333333334
430,15,2,2,0,0,19,0.7894736842105263
431,14,1,2,0,0,17,0.8235294117647058
432,15,1,2,0,0,18,0.8333333333333334
433,15,3,1,0,0,19,0.7894736842105263
434,14,1,2,0,0,17,0.8235294117647058
435,15,2,2,0,0,19,0.7894736842105263
436,15,1,2,0,0,18,0.8333333333333334
437,14,2,2,0,0,18,0.7777777777777778
438,15,1,2,0,0,18,0.8333333333333334
439,15,1,2,0,0,18,0.8333333333333334
440,14,2,2,0,0,18,0.7777777777777778
441,16,1,2,0,0,19,0.8421052631578947
442,16,1,2,0,0,19,0.8421052631578947
443,15,1,2,0,0,18,0.8333333333333334
444,15,1,2,0,0,18,0.8333333333333334
445,14,2,2,0,0,18,0.7777777777777778
446,16,2,2,0,0,20,0.8
447,15,1,3,0,0,19,0.7894736842105263
448,16,1,3,0,0,20,0.8
449,16,1,3,0,0,20,0.8
450,15,1,3,0,0,19,0.7894736842105263
451,15,2,2,0,0,19,0.7894736842105263
452,16,1,3,0,0,20,0.8
453,16,1,3,0,0,20,0.8
454,16,2,3,0,0,21,0.7619047619047619
455,12,1,3,0,0,16,0.75
456,15,1,3,0,0,19,0.7894736842105263
457,17,1,2,0,0,20,0.85
458,16,2,2,0,0,20,0.8
459,16,2,2,0,0,20,0.8
460,16,2,2,0,0,20,0.8
461,15,3,2,0,0,20,0.75
462,16,1,2,0,0,19,0.8421052631578947
463,13,1,3,0,0,17,0.7647058823529411
464,13,1,3,0,0,17,0.7647058823529411
465,14,1,3,0,0,18,0.7777777777777778
466,15,1,3,0,0,19,0.7894736842105263
467,15,1,2,0,0,18,0.8333333333333334
468,15,2,2,0,0,19,0.7894736842105263
469,15,3,2,0,0,20,0.75
470,16,4,3,0,0,23,0.6956521739130435
471,16,3,2,0,0,21,0.7619047619047619
472,17,2,2,0,0,21,0.8095238095238095
473,14,1,3,0,0,18,0.7777777777777778
474,13,1,3,0,0,17,0.7647058823529411
475,16,1,3,0,0,20,0.8
476,14,1,2,0,0,17,0.8235294117647058
477,15,1,2,0,0,18,0.8333333333333334
478,16,1,2,0,0,19,0.8421052631578947
479,17,3,2,0,0,22,0.7727272727272727
480,16,1,3,0,0,20,0.8
481,16,2,3,0,0,21,0.7619047619047619
482,17,2,3,0,0,22,0.7727272727272727
483,15,2,2,0,0,19,0.7894736842105263
484,15,3,2,0,0,20,0.75
485,16,3,2,0,0,21,0.7619047619047619
486,15,1,3,0,0,19,0.7894736842105263
487,17,2,2,0,0,21,0.8095238095238095
488,16,1,2,0,0,19,0.8421052631578947
489,16,2,2,0,0,20,0.8
490,16,1,2,0,0,19,0.8421052631578947
491,15,2,2,0,0,19,0.7894736842105263
492,15,2,2,0,0,19,0.7894736842105263
493,16,3,2,0,0,21,0.7619047619047619
494,13,3,2,0,0,18,0.7222222222222222
495,14,1,2,0,0,17,0.8235294117647058
496,14,1,2,0,0,17,0.8235294117647058
497,13,1,3,0,0,17,0.7647058823529411
498,16,2,3,0,0,21,0.7619047619047619
499,17,2,2,0,0,21,0.8095238095238095
500,16,1,2,0,0,19,0.8421052631578947
501,16,2,2,0,0,20,0.8
502,14,1,2,0,0,17,0.8235294117647058
503,15,1,2,0,0,18,0.8333333333333334
504,17,1,2,0,0,20,0.85
505,14,1,2,0,0,17,0.8235294117647058
506,16,2,2,0,0,20,0.8
507,14,3,2,0,0,19,0.7368421052631579
508,16,1,2,0,0,19,0.8421052631578947
509,14,1,2,0,0,17,0.8235294117647058
510,17,2,2,0,0,21,0.8095238095238095
511,16,1,3,0,0,20,0.8
512,15,1,2,0,0,18,0.8333333333333334
513,16,2,2,0,0,20,0.8
514,17,1,2,0,0,20,0.85
515,15,1,2,0,0,18,0.8333333333333334
516,16,1,2,0,0,19,0.8421052631578947
517,16,1,1,0,0,18,0.8888888888888888
518,15,2,2,0,0,19,0.7894736842105263
519,16,2,3,0,0,21,0.7619047619047619
520,16,1,2,0,0,19,0.8421052631578947
521,16,3,2,0,0,21,0.7619047619047619
522,15,3,3,0,0,21,0.7142857142857143
523,17,2,3,0,0,22,0.7727272727272727
524,15,1,3,0,0,19,0.7894736842105263
525,16,1,3,0,0,20,0.8
526,15,3,2,0,0,20,0.75
527,16,1,2,0,0,19,0.8421052631578947
528,16,3,2,0,0,21,0.7619047619047619
529,14,2,2,0,0,18,0.7777777777777778
530,15,3,2,0,0,20,0.75
531,15,3,2,0,0,20,0.75
532,16,1,2,0,0,19,0.8421052631578947
533,16,3,2,0,0,21,0.7619047619047619
534,16,2,2,0,0,20,0.8
535,16,2,1,0,0,19,0.8421052631578947
536,17,2,2,0,0,21,0.8095238095238095
537,17,2,2,0,0,21,0.8095238095238095
538,14,2,1,0,0,17,0.8235294117647058
539,16,1,2,0,0,19,0.8421052631578947
540,15,2,2,0,0,19,0.7894736842105263
541,16,3,2,0,0,21,0.7619047619047619
542,15,1,2,0,0,18,0.8333333333333334
543,13,2,2,0,0,17,0.7647058823529411
544,13,3,2,0,0,18,0.7222222222222222
545,15,1,2,0,0,18,0.8333333333333334
546,15,1,2,0,0,18,0.8333333333333334
547,15,1,2,0,0,18,0.8333333333333334
548,14,2,2,0,0,18,0.7777777777777778
549,14,2,2,0,0,18,0.7777777777777778
550,15,2,2,0,0,19,0.7894736842105263
551,16,1,2,0,0,19,0.8421052631578947
552,15,1,2,0,0,18,0.8333333333333334
553,13,1,2,0,0,16,0.8125
554,13,3,2,0,0,18,0.7222222222222222
555,14,1,2,0,0,17,0.8235294117647058
556,16,1,2,0,0,19,0.8421052631578947
557,17,1,2,0,0,20,0.85
558,15,2,2,0,0,19,0.7894736842105263
559,16,1,2,0,0,19,0.8421052631578947
560,14,2,2,0,0,18,0.7777777777777778
561,16,2,2,0,0,20,0.8
562,16,2,1,0,0,19,0.8421052631578947
563,17,2,2,0,0,21,0.8095238095238095
564,15,1,2,0,0,18,0.8333333333333334
565,15,1,2,0,0,18,0.8333333333333334
566,13,2,2,0,0,17,0.7647058823529411
567,15,2,2,0,0,19,0.7894736842105263
568,17,1,2,0,0,20,0.85
569,16,2,2,0,0,20,0.8
570,17,1,2,0,0,20,0.85
571,16,1,2,0,0,19,0.8421052631578947
572,14,1,2,0,0,17,0.8235294117647058
573,15,1,2,0,0,18,0.8333333333333334
574,15,1,2,0,0,18,0.8333333333333334
575,15,2,2,0,0,19,0.7894736842105263
576,13,2,2,0,0,17,0.7647058823529411
577,16,1,2,0,0,19,0.8421052631578947
578,15,1,2,0,0,18,0.8333333333333334
579,15,2,3,0,0,20,0.75
580,13,1,3,0,0,17,0.7647058823529411
581,11,1,3,0,0,15,0.7333333333333333
582,13,1,2,0,0,16,0.8125
583,14,1,3,0,0,18,0.7777777777777778
584,13,0,3,0,0,16,0.8125
585,14,1,3,0,0,18,0.7777777777777778
586,13,1,3,0,0,17,0.7647058823529411
587,15,1,3,0,0,19,0.7894736842105263
588,15,1,1,0,0,17,0.8823529411764706
589,12,1,1,0,0,14,0.8571428571428571
590,12,1,3,0,0,16,0.75
591,16,2,3,0,0,21,0.7619047619047619
592,17,1,3,0,0,21,0.8095238095238095
593,14,1,3,0,0,18,0.7777777777777778
594,16,1,2,0,0,19,0.8421052631578947
595,15,2,1,0,0,18,0.8333333333333334
596,16,1,1,0,0,18,0.8888888888888888
597,16,2,1,0,0,19,0.8421052631578947
598,14,1,2,0,0,17,0.8235294117647058
599,14,1,2,0,0,17,0.8235294117647058
600,15,2,1,0,0,18,0.8333333333333334
601,15,2,3,0,0,20,0.75
602,12,2,3,0,0,17,0.7058823529411765
603,16,2,2,0,0,20,0.8
604,15,2,2,0,0,19,0.7894736842105263
605,15,3,2,0,0,20,0.75
606,15,2,1,0,0,18,0.8333333333333334
607,14,3,1,0,0,18,0.7777777777777778
608,14,2,1,0,0,17,0.8235294117647058
609,14,3,3,0,0,20,0.7
610,11,1,3,0,0,15,0.7333333333333333
611,15,1,3,0,0,19,0.7894736842105263
612,11,1,3,0,0,15,0.7333333333333333
613,10,2,3,0,0,15,0.6666666666666666
614,14,1,1,0,0,16,0.875
615,14,2,1,0,0,17,0.8235294117647058
616,12,1,2,0,0,15,0.8
617,14,1,1,0,0,16,0.875
618,13,1,2,0,0,16,0.8125
619,12,1,3,0,0,16,0.75
620,15,1,2,0,0,18,0.8333333333333334
621,13,1,1,0,0,15,0.8666666666666667
622,15,1,1,0,0,17,0.8823529411764706
623,14,1,3,0,0,18,0.7777777777777778
624,13,1,3,0,0,17,0.7647058823529411
625,14,1,3,0,0,18,0.7777777777777778
626,15,3,3,0,0,21,0.7142857142857143
627,14,2,3,0,0,19,0.7368421052631579
628,14,2,3,0,0,19,0.7368421052631579
629,15,2,3,0,0,20,0.75
630,15,2,3,0,0,20,0.75
631,16,3,3,0,0,22,0.7272727272727273
632,12,2,3,0,0,17,0.7058823529411765
633,14,2,3,0,0,19,0.7368421052631579
634,13,2,3,0,0,18,0.7222222222222222
635,14,1,3,0,0,18,0.7777777777777778
636,15,4,2,0,0,21,0.7142857142857143
637,16,4,2,0,0,22,0.7272727272727273
638,13,1,2,0,0,16,0.8125
639,9,1,3,0,0,13,0.6923076923076923
640,13,3,2,0,0,18,0.7222222222222222
641,15,1,3,0,0,19,0.7894736842105263
642,15,2,3,0,0,20,0.75
643,11,1,3,0,0,15,0.7333333333333333
644,15,2,2,0,0,19,0.7894736842105263
645,13,1,1,0,0,15,0.8666666666666667
646,12,1,3,0,0,16,0.75
647,14,3,2,0,0,19,0.7368421052631579
648,16,1,2,0,0,19,0.8421052631578947
649,14,1,3,0,0,18,0.7777777777777778
650,13,2,2,0,0,17,0.7647058823529411
651,15,2,2,0,0,19,0.7894736842105263
652,16,2,2,0,0,20,0.8
653,15,3,2,0,0,20,0.75
654,16,2,3,0,0,21,0.7619047619047619
655,15,1,1,0,0,17,0.8823529411764706
656,13,2,2,0,0,17,0.7647058823529411
657,13,1,2,0,0,16,0.8125
658,15,1,2,0,0,18,0.8333333333333334
659,15,1,3,0,0,19,0.7894736842105263
660,15,1,3,0,0,19,0.7894736842105263
661,15,1,3,0,0,19,0.7894736842105263
662,14,2,3,0,0,19,0.7368421052631579
663,11,2,3,0,0,16,0.6875
664,15,2,3,0,0,20,0.75
665,15,1,3,0,0,19,0.7894736842105263
666,16,3,3,0,0,22,0.7272727272727273
667,15,1,3,0,0,19,0.7894736842105263
668,16,1,3,0,0,20,0.8
669,12,3,3,0,0,18,0.6666666666666666
670,13,2,2,0,0,17,0.7647058823529411
671,13,1,2,0,0,16,0.8125
672,15,3,2,0,0,20,0.75
673,10,1,2,0,0,13,0.7692307692307693
674,12,1,2,0,0,15,0.8
675,14,2,2,0,0,18,0.7777777777777778
676,14,1,3,0,0,18,0.7777777777777778
677,12,1,2,0,0,15,0.8
678,13,1,3,0,0,17,0.7647058823529411
679,10,1,3,0,0,14,0.7142857142857143
680,12,1,3,0,0,16,0.75
681,13,1,3,0,0,17,0.7647058823529411
682,12,1,1,0,0,14,0.8571428571428571
683,14,1,2,0,0,17,0.8235294117647058
684,13,1,1,0,0,15,0.8666666666666667
685,13,1,2,0,0,16,0.8125
686,13,1,2,0,0,16,0.8125
687,12,1,3,0,0,16,0.75
688,13,2,3,0,0,18,0.7222222222222222
689,15,3,1,0,0,19,0.7894736842105263
690,14,4,1,0,0,19,0.7368421052631579
691,15,1,2,0,0,18,0.8333333333333334
692,11,1,2,0,0,14,0.7857142857142857
693,13,1,1,0,0,15,0.8666666666666667
694,14,1,1,0,0,16,0.875
695,13,1,1,0,0,15,0.8666666666666667
696,14,2,1,0,0,17,0.8235294117647058
697,16,2,2,0,0,20,0.8
698,14,3,2,0,0,19,0.7368421052631579
699,14,2,2,0,0,18,0.7777777777777778
700,11,2,3,0,0,16,0.6875
701,13,2,2,0,0,17,0.7647058823529411
702,14,2,3,0,0,19,0.7368421052631579
703,13,1,1,0,0,15,0.8666666666666667
704,13,1,1,0,0,15,0.8666666666666667
705,12,2,1,0,0,15,0.8
706,15,2,2,0,0,19,0.7894736842105263
707,12,2,2,0,0,16,0.75
708,15,2,1,0,0,18,0.8333333333333334
709,14,2,3,0,0,19,0.7368421052631579
710,12,1,3,0,0,16,0.75
711,15,1,3,0,0,19,0.7894736842105263
712,12,1,3,0,0,16,0.75
713,14,2,1,0,0,17,0.8235294117647058
714,14,2,2,0,0,18,0.7777777777777778
715,13,1,1,0,0,15,0.8666666666666667
716,13,1,2,0,0,16,0.8125
717,14,1,2,0,0,17,0.8235294117647058
718,13,0,1,0,0,14,0.9285714285714286
719,12,1,2,0,0,15,0.8
720,15,1,2,0,0,18,0.8333333333333334
721,14,1,3,0,0,18,0.7777777777777778
722,12,1,2,0,0,15,0.8
723,9,1,3,0,0,13,0.6923076923076923
724,12,1,2,0,0,15,0.8
725,11,1,2,0,0,14,0.7857142857142857
726,13,1,2,0,0,16,0.8125
727,15,2,3,0,0,20,0.75
728,13,2,3,0,0,18,0.7222222222222222
729,12,2,3,0,0,17,0.7058823529411765
730,13,1,2,0,0,16,0.8125
731,13,1,3,0,0,17,0.7647058823529411
732,14,2,3,0,0,19,0.7368421052631579
733,10,1,3,0,0,14,0.7142857142857143
734,12,1,3,0,0,16,0.75
735,11,1,3,0,0,15,0.7333333333333333
736,10,2,2,0,0,14,0.7142857142857143
737,15,3,2,0,0,20,0.75
738,9,2,3,0,0,14,0.6428571428571429
739,14,3,3,0,0,20,0.7
740,12,2,3,0,0,17,0.7058823529411765
741,12,2,2,0,0,16,0.75
742,10,1,3,0,0,14,0.7142857142857143
743,15,1,3,0,0,19,0.7894736842105263
744,13,2,3,0,0,18,0.7222222222222222
745,12,2,2,0,0,16,0.75
746,13,2,3,0,0,18,0.7222222222222222
747,10,2,3,0,0,15,0.6666666666666666
748,13,2,3,0,0,18,0.7222222222222222
749,9,2,3,0,0,14,0.6428571428571429
750,12,1,2,0,0,15,0.8
751,13,2,2,0,0,17,0.7647058823529411
752,11,2,2,0,0,15,0.7333333333333333
753,16,2,3,0,0,21,0.7619047619047619
754,11,3,3,0,0,17,0.6470588235294118
755,14,2,2,0,0,18,0.7777777777777778
756,14,2,2,0,0,18,0.7777777777777778
757,15,2,3,0,0,20,0.75
758,13,1,3,0,0,17,0.7647058823529411
759,11,1,3,0,0,15,0.7333333333333333
760,15,1,3,0,0,19,0.7894736842105263
761,10,1,3,0,0,14,0.7142857142857143
762,14,1,3,0,0,18,0.7777777777777778
763,14,2,2,0,0,18,0.7777777777777778
764,13,2,2,0,0,17,0.7647058823529411
765,14,2,2,0,0,18,0.7777777777777778
766,12,2,1,0,0,15,0.8
767,12,1,3,0,0,16,0.75
768,14,2,2,0,0,18,0.7777777777777778
769,12,1,2,0,0,15,0.8
770,13,1,2,0,0,16,0.8125
771,10,1,2,0,0,13,0.7692307692307693
772,13,1,3,0,0,17,0.7647058823529411
773,13,1,2,0,0,16,0.8125
774,13,2,3,0,0,18,0.7222222222222222
775,13,2,3,0,0,18,0.7222222222222222
776,11,1,2,0,0,14,0.7857142857142857
777,13,1,2,0,0,16,0.8125
778,12,2,2,0,0,16,0.75
779,12,2,1,0,0,15,0.8
780,13,3,1,0,0,17,0.7647058823529411
781,10,3,3,0,0,16,0.625
782,12,1,2,0,0,15,0.8
783,10,2,3,0,0,15,0.6666666666666666
784,10,1,2,0,0,13,0.7692307692307693
785,12,1,3,0,0,16,0.75
786,13,3,2,0,0,18,0.7222222222222222
787,14,1,2,0,0,17,0.8235294117647058
788,12,2,1,0,0,15,0.8
789,14,1,2,0,0,17,0.8235294117647058
790,12,1,2,0,0,15,0.8
791,12,1,2,0,0,15,0.8
792,11,2,2,0,0,15,0.7333333333333333
793,11,2,2,0,0,15,0.7333333333333333
794,12,2,1,0,0,15,0.8
795,14,1,2,0,0,17,0.8235294117647058
796,12,2,3,0,0,17,0.7058823529411765
797,15,3,3,0,0,21,0.7142857142857143
798,13,2,2,0,0,17,0.7647058823529411
799,12,3,3,0,0,18,0.6666666666666666
800,12,2,3,0,0,17,0.7058823529411765
801,13,2,3,0,0,18,0.7222222222222222
802,13,3,3,1,0,20,0.65
803,15,3,2,1,0,21,0.7142857142857143
804,14,3,1,0,0,18,0.7777777777777778
805,13,3,3,0,0,19,0.6842105263157895
806,13,2,3,0,0,18,0.7222222222222222
807,15,3,3,0,0,21,0.7142857142857143
808,12,2,3,0,0,17,0.7058823529411765
809,12,3,3,0,0,18,0.6666666666666666
810,13,2,3,0,0,18,0.7222222222222222
811,9,2,3,0,0,14,0.6428571428571429
812,14,2,2,0,0,18,0.7777777777777778
813,13,3,3,0,0,19,0.6842105263157895
814,13,4,2,0,0,19,0.6842105263157895
815,16,3,2,0,0,21,0.7619047619047619
816,13,3,2,0,0,18,0.7222222222222222
817,15,1,3,0,0,19,0.7894736842105263
818,10,3,2,0,0,15,0.6666666666666666
819,12,2,3,0,0,17,0.7058823529411765
820,14,3,1,0,0,18,0.7777777777777778
821,13,3,2,0,0,18,0.7222222222222222
822,12,3,2,0,0,17,0.7058823529411765
823,13,3,3,0,0,19,0.6842105263157895
824,11,3,3,0,0,17,0.6470588235294118
825,15,2,2,0,0,19,0.7894736842105263
826,14,3,3,0,0,20,0.7
827,14,2,3,0,0,19,0.7368421052631579
828,14,1,2,0,0,17,0.8235294117647058
829,16,1,3,0,0,20,0.8
830,13,2,3,0,0,18,0.7222222222222222
831,14,1,2,0,0,17,0.8235294117647058
832,16,1,3,0,0,20,0.8
833,17,2,2,0,0,21,0.8095238095238095
834,12,3,2,0,0,17,0.7058823529411765
835,15,1,2,0,0,18,0.8333333333333334
836,15,1,2,0,0,18,0.8333333333333334
837,13,1,2,0,0,16,0.8125
838,15,1,2,0,0,18,0.8333333333333334
839,13,2,3,0,0,18,0.7222222222222222
840,13,1,2,0,0,16,0.8125
841,15,1,3,0,0,19,0.7894736842105263
842,13,2,2,0,0,17,0.7647058823529411
843,15,3,2,0,0,20,0.75
844,14,1,1,0,0,16,0.875
845,14,1,1,0,0,16,0.875
846,14,1,1,0,0,16,0.875
847,14,2,2,0,0,18,0.7777777777777778
848,15,2,2,0,0,19,0.7894736842105263
849,15,2,1,0,0,18,0.8333333333333334
850,14,3,1,0,0,18,0.7777777777777778
851,15,2,2,0,0,19,0.7894736842105263
852,15,2,1,0,0,18,0.8333333333333334
853,14,2,1,0,0,17,0.8235294117647058
854,16,2,1,0,0,19,0.8421052631578947
855,16,2,2,0,0,20,0.8
856,16,2,1,0,0,19,0.8421052631578947
857,12,2,3,0,0,17,0.7058823529411765
858,14,2,1,0,0,17,0.8235294117647058
859,14,2,2,0,0,18,0.7777777777777778
860,16,2,1,0,0,19,0.8421052631578947
861,16,3,1,0,0,20,0.8
862,15,1,2,0,0,18,0.8333333333333334
863,15,3,1,0,0,19,0.7894736842105263
864,13,2,1,0,0,16,0.8125
865,16,2,2,0,0,20,0.8
866,16,2,2,0,0,20,0.8
867,14,1,2,0,0,17,0.8235294117647058
868,16,1,2,0,0,19,0.8421052631578947
869,15,1,1,0,0,17,0.8823529411764706
870,15,1,1,0,0,17,0.8823529411764706
871,11,2,2,0,0,15,0.7333333333333333
872,15,2,2,0,0,19,0.7894736842105263
873,14,2,2,0,0,18,0.7777777777777778
874,15,3,2,0,0,20,0.75
875,15,3,3,0,0,21,0.7142857142857143
876,15,2,1,0,0,18,0.8333333333333334
877,15,3,2,0,0,20,0.75
878,14,2,2,0,0,18,0.7777777777777778
879,14,3,3,0,0,20,0.7
880,14,2,3,0,0,19,0.7368421052631579
881,14,2,1,0,0,17,0.8235294117647058
882,13,3,3,0,0,19,0.6842105263157895
883,15,2,3,0,0,20,0.75
884,15,2,2,0,0,19,0.7894736842105263
885,13,3,2,0,0,18,0.7222222222222222
886,15,2,1,0,0,18,0.8333333333333334
887,14,2,2,0,0,18,0.7777777777777778
888,16,3,1,0,0,20,0.8
889,15,3,3,0,0,21,0.7142857142857143
890,14,3,3,0,0,20,0.7
891,14,1,2,0,0,17,0.8235294117647058
892,13,3,3,0,0,19,0.6842105263157895
893,13,2,3,0,0,18,0.7222222222222222
894,14,2,2,0,0,18,0.7777777777777778
895,15,2,2,0,0,19,0.7894736842105263
896,14,3,3,0,0,20,0.7
897,11,3,3,0,0,17,0.6470588235294118
898,13,3,3,0,0,19,0.6842105263157895
899,13,2,3,0,0,18,0.7222222222222222
900,15,2,3,0,0,20,0.75
901,14,2,2,0,0,18,0.7777777777777778
902,13,2,3,0,0,18,0.7222222222222222
903,15,2,3,0,0,20,0.75
904,15,3,2,0,0,20,0.75
905,16,3,2,0,0,21,0.7619047619047619
906,15,3,2,0,0,20,0.75
907,14,3,3,0,0,20,0.7
908,14,2,1,0,0,17,0.8235294117647058
909,14,4,1,0,0,19,0.7368421052631579
910,15,4,1,0,0,20,0.75
911,15,3,1,0,0,19,0.7894736842105263
912,14,2,3,0,0,19,0.7368421052631579
913,14,2,3,0,0,19,0.7368421052631579
914,14,3,1,0,0,18,0.7777777777777778
915,13,2,2,0,0,17,0.7647058823529411
916,16,2,1,0,0,19,0.8421052631578947
917,13,3,1,0,0,17,0.7647058823529411
918,13,2,1,0,0,16,0.8125
919,16,2,1,0,0,19,0.8421052631578947
920,13,3,1,0,0,17,0.7647058823529411
921,15,4,1,0,0,20,0.75
922,13,3,1,0,0,17,0.7647058823529411
923,14,3,2,0,0,19,0.7368421052631579
924,12,3,2,0,0,17,0.7058823529411765
925,13,4,1,0,0,18,0.7222222222222222
926,14,2,2,0,0,18,0.7777777777777778
927,16,3,1,0,0,20,0.8
928,17,3,1,0,0,21,0.8095238095238095
929,15,2,1,0,0,18,0.8333333333333334
930,15,3,2,0,0,20,0.75
931,14,3,1,0,0,18,0.7777777777777778
932,15,2,2,0,0,19,0.7894736842105263
933,15,2,2,0,0,19,0.7894736842105263
934,15,2,2,0,0,19,0.7894736842105263
935,14,2,2,0,0,18,0.7777777777777778
936,13,2,2,0,0,17,0.7647058823529411
937,16,3,2,0,0,21,0.7619047619047619
938,13,2,1,0,0,16,0.8125
939,14,2,2,0,0,18,0.7777777777777778
940,14,2,2,0,0,18,0.7777777777777778
941,13,3,1,0,0,17,0.7647058823529411
942,15,2,1,0,0,18,0.8333333333333334
943,12,3,2,0,0,17,0.7058823529411765
944,14,2,2,0,0,18,0.7777777777777778
945,14,3,2,0,0,19,0.7368421052631579
946,15,3,1,0,0,19,0.7894736842105263
947,16,3,1,0,0,20,0.8
948,13,3,1,0,0,17,0.7647058823529411
949,13,2,1,0,0,16,0.8125
950,13,2,3,0,0,18,0.7222222222222222
951,13,1,2,0,0,16,0.8125
952,14,1,2,0,0,17,0.8235294117647058
953,13,2,2,0,0,17,0.7647058823529411
954,13,2,2,0,0,17,0.7647058823529411
955,12,2,3,0,0,17,0.7058823529411765
956,13,1,2,0,0,16,0.8125
957,14,1,1,0,0,16,0.875
958,14,1,3,0,0,18,0.7777777777777778
959,14,2,1,0,0,17,0.8235294117647058
960,12,2,3,0,0,17,0.7058823529411765
961,14,3,1,0,0,18,0.7777777777777778
962,16,3,1,0,0,20,0.8
963,15,3,1,0,0,19,0.7894736842105263
964,14,3,1,0,0,18,0.7777777777777778
965,11,2,1,0,0,14,0.7857142857142857
966,12,2,1,0,0,15,0.8
967,17,3,1,0,0,21,0.8095238095238095
968,14,2,2,0,0,18,0.7777777777777778
969,14,3,2,0,0,19,0.7368421052631579
970,15,4,1,0,0,20,0.75
971,14,2,1,0,0,17,0.8235294117647058
972,14,3,1,0,0,18,0.7777777777777778
973,15,3,1,0,0,19,0.7894736842105263
974,16,3,1,0,0,20,0.8
975,15,2,1,0,0,18,0.8333333333333334
976,13,3,1,0,0,17,0.7647058823529411
977,15,3,1,0,0,19,0.7894736842105263
978,16,4,1,0,0,21,0.7619047619047619
979,14,2,2,0,0,18,0.7777777777777778
980,14,2,2,0,0,18,0.7777777777777778
981,13,3,2,0,0,18,0.7222222222222222
982,12,3,1,0,0,16,0.75
983,13,2,1,0,0,16,0.8125
984,14,1,1,0,0,16,0.875
985,12,2,1,0,0,15,0.8
986,13,2,1,0,0,16,0.8125
987,14,3,2,0,0,19,0.7368421052631579
988,13,1,2,0,0,16,0.8125
989,12,1,2,0,0,15,0.8
990,13,3,1,0,0,17,0.7647058823529411
991,14,2,1,0,0,17,0.8235294117647058
992,15,2,2,0,0,19,0.7894736842105263
993,15,2,1,0,0,18,0.8333333333333334
994,13,2,1,0,0,16,0.8125
995,15,4,1,0,0,20,0.75
996,14,2,1,0,0,17,0.8235294117647058
997,13,1,1,0,0,15,0.8666666666666667
998,12,3,1,0,0,16,0.75
999,12,2,2,0,0,16,0.75
1000,14,2,1,0,0,17,0.8235294117647058
1001,14,1,2,0,0,17,0.8235294117647058
1002,14,2,1,0,0,17,0.8235294117647058
1003,13,2,2,0,0,17,0.7647058823529411
1004,12,2,2,0,0,16,0.75
1005,15,2,2,0,0,19,0.7894736842105263
1006,14,2,1,0,0,17,0.8235294117647058
1007,15,2,2,0,0,19,0.7894736842105263
1008,13,2,3,0,0,18,0.7222222222222222
1009,16,3,3,0,0,22,0.7272727272727273
1010,15,2,3,0,0,20,0.75
1011,13,2,2,0,0,17,0.7647058823529411
1012,13,2,3,0,0,18,0.7222222222222222
1013,15,4,2,0,0,21,0.7142857142857143
1014,13,3,3,0,0,19,0.6842105263157895
1015,13,2,3,0,0,18,0.7222222222222222
1016,15,2,2,0,0,19,0.7894736842105263
1017,13,2,3,0,0,18,0.7222222222222222
1018,15,2,3,0,0,20,0.75
1019,14,2,3,0,0,19,0.7368421052631579
1020,12,2,2,0,0,16,0.75
1021,14,3,2,0,0,19,0.7368421052631579
1022,15,4,2,0,0,21,0.7142857142857143
1023,15,2,3,0,0,20,0.75
1024,13,2,3,0,0,18,0.7222222222222222
1025,14,2,3,0,0,19,0.7368421052631579
1026,13,3,1,0,0,17,0.7647058823529411
1027,14,3,2,0,0,19,0.7368421052631579
1028,13,2,3,0,0,18,0.7222222222222222
1029,12,2,3,0,0,17,0.7058823529411765
1030,15,2,3,0,0,20,0.75
1031,14,3,2,0,0,19,0.7368421052631579
1032,14,2,3,0,0,19,0.7368421052631579
1033,10,1,3,0,0,14,0.7142857142857143
1034,14,1,2,0,0,17,0.8235294117647058
1035,15,1,3,0,0,19,0.7894736842105263
1036,14,1,3,0,0,18,0.7777777777777778
1037,13,1,2,0,0,16,0.8125
1038,11,1,3,0,0,15,0.7333333333333333
1039,14,1,3,0,0,18,0.7777777777777778
1040,12,1,3,0,0,16,0.75
1041,13,1,3,0,0,17,0.7647058823529411
1042,14,1,3,0,0,18,0.7777777777777778
1043,12,1,2,0,0,15,0.8
1044,14,1,3,0,0,18,0.7777777777777778
1045,12,1,3,0,0,16,0.75
1046,13,1,3,0,0,17,0.7647058823529411
1047,14,1,3,0,0,18,0.7777777777777778
1048,14,1,3,0,0,18,0.7777777777777778
1049,16,2,3,0,0,21,0.7619047619047619
1050,15,2,3,0,0,20,0.75
1051,13,2,3,0,0,18,0.7222222222222222
1052,14,2,3,0,0,19,0.7368421052631579
1053,13,4,2,0,0,19,0.6842105263157895
1054,13,3,3,0,0,19,0.6842105263157895
1055,13,3,3,0,0,19,0.6842105263157895
1056,14,3,3,0,0,20,0.7
1057,10,3,3,0,0,16,0.625
1058,14,2,2,0,0,18,0.7777777777777778
1059,14,2,2,0,0,18,0.7777777777777778
1060,14,3,2,0,0,19,0.7368421052631579
1061,14,4,3,0,0,21,0.6666666666666666
1062,14,3,3,0,0,20,0.7
1063,13,3,3,0,0,19,0.6842105263157895
1064,12,3,2,0,0,17,0.7058823529411765
1065,14,2,2,0,0,18,0.7777777777777778
1066,9,3,3,0,0,15,0.6
1067,14,2,3,0,0,19,0.7368421052631579
1068,11,5,3,0,0,19,0.5789473684210527
1069,13,3,3,0,0,19,0.6842105263157895
1070,12,3,3,0,0,18,0.6666666666666666
1071,14,5,3,0,0,22,0.6363636363636364
1072,14,4,2,0,0,20,0.7
1073,13,4,2,0,0,19,0.6842105263157895
1074,14,3,2,0,0,19,0.7368421052631579
1075,13,3,2,0,0,18,0.7222222222222222
1076,15,4,3,0,0,22,0.6818181818181818
1077,13,4,2,0,0,19,0.6842105263157895
1078,12,4,2,0,0,18,0.6666666666666666
1079,14,4,3,0,0,21,0.6666666666666666
1080,12,4,2,0,0,18,0.6666666666666666
1081,13,3,3,0,0,19,0.6842105263157895
1082,12,4,3,0,0,19,0.631578947368421
1083,14,4,2,0,0,20,0.7
1084,9,4,3,0,0,16,0.5625
1085,12,2,2,0,0,16,0.75
1086,11,3,3,0,0,17,0.6470588235294118
1087,12,4,3,0,0,19,0.631578947368421
1088,10,3,3,0,0,16,0.625
1089,12,3,3,0,0,18,0.6666666666666666
1090,12,3,3,0,0,18,0.6666666666666666
1091,12,2,2,0,0,16,0.75
1092,12,2,3,0,0,17,0.7058823529411765
1093,12,3,2,0,0,17,0.7058823529411765
1094,11,3,3,0,0,17,0.6470588235294118
1095,13,3,3,0,0,19,0.6842105263157895
1096,14,2,2,0,0,18,0.7777777777777778
1097,10,3,2,0,0,15,0.6666666666666666
1098,11,3,2,0,0,16,0.6875
1099,14,3,2,0,0,19,0.7368421052631579
1100,16,3,2,0,0,21,0.7619047619047619
1101,15,3,3,0,0,21,0.7142857142857143
1102,13,2,2,0,0,17,0.7647058823529411
1103,13,2,2,0,0,17,0.7647058823529411
1104,12,2,3,0,0,17,0.7058823529411765
1105,12,2,2,0,0,16,0.75
1106,13,2,2,0,0,17,0.7647058823529411
1107,10,2,3,0,0,15,0.6666666666666666
1108,14,3,3,0,0,20,0.7
1109,13,2,2,0,0,17,0.7647058823529411
1110,13,2,3,0,0,18,0.7222222222222222
1111,12,3,2,0,0,17,0.7058823529411765
1112,13,3,3,0,0,19,0.6842105263157895
1113,14,2,3,0,0,19,0.7368421052631579
1114,14,2,3,0,0,19,0.7368421052631579
1115,13,2,3,0,0,18,0.7222222222222222
1116,13,2,2,0,0,17,0.7647058823529411
1117,14,4,2,0,0,20,0.7
1118,15,3,2,0,0,20,0.75
1119,13,2,2,0,0,17,0.7647058823529411
1120,13,2,2,0,0,17,0.7647058823529411
1121,12,3,1,0,0,16,0.75
1122,16,3,2,0,0,21,0.7619047619047619
1123,14,3,3,0,0,20,0.7
1124,12,2,3,0,0,17,0.7058823529411765
1125,14,3,3,0,0,20,0.7
1126,13,2,3,0,0,18,0.7222222222222222
1127,14,3,2,0,0,19,0.7368421052631579
1128,14,2,3,0,0,19,0.7368421052631579
1129,14,2,2,0,0,18,0.7777777777777778
1130,13,2,3,0,0,18,0.7222222222222222
1131,12,2,2,0,0,16,0.75
1132,12,1,2,0,0,15,0.8
1133,13,2,2,0,0,17,0.7647058823529411
1134,13,2,1,0,0,16,0.8125
1135,12,3,2,0,0,17,0.7058823529411765
1136,13,2,2,0,0,17,0.7647058823529411
1137,12,3,3,0,0,18,0.6666666666666666
1138,13,2,3,0,0,18,0.7222222222222222
1139,15,2,1,0,0,18,0.8333333333333334
1140,14,2,3,0,0,19,0.7368421052631579
1141,15,2,2,0,0,19,0.7894736842105263
1142,14,2,2,0,0,18,0.7777777777777778
1143,11,3,3,0,0,17,0.6470588235294118
1144,12,3,3,0,0,18,0.6666666666666666
1145,13,2,2,0,0,17,0.7647058823529411
1146,14,2,2,0,0,18,0.7777777777777778
1147,14,2,3,0,0,19,0.7368421052631579
1148,14,2,2,0,0,18,0.7777777777777778
1149,16,2,2,0,0,20,0.8
1150,15,2,3,0,0,20,0.75
1151,12,2,3,0,0,17,0.7058823529411765
1152,14,3,1,0,0,18,0.7777777777777778
1153,13,3,3,0,0,19,0.6842105263157895
1154,15,2,3,0,0,20,0.75
1155,14,2,3,0,0,19,0.7368421052631579
1156,15,3,2,0,0,20,0.75
1157,14,2,1,0,0,17,0.8235294117647058
1158,14,2,2,0,0,18,0.7777777777777778
1159,14,2,2,0,0,18,0.7777777777777778
1160,12,2,2,0,0,16,0.75
1161,11,2,3,0,0,16,0.6875
1162,15,2,3,0,0,20,0.75
1163,15,3,3,0,0,21,0.7142857142857143
1164,13,2,3,0,0,18,0.7222222222222222
1165,14,2,3,0,0,19,0.7368421052631579
1166,14,3,2,0,0,19,0.7368421052631579
1167,15,2,2,0,0,19,0.7894736842105263
1168,14,3,2,0,0,19,0.7368421052631579
1169,15,2,1,0,0,18,0.8333333333333334
1170,14,2,2,0,0,18,0.7777777777777778
1171,14,3,3,0,0,20,0.7
1172,14,3,2,0,0,19,0.7368421052631579
1173,14,2,2,0,0,18,0.7777777777777778
1174,14,3,2,0,0,19,0.7368421052631579
1175,14,3,2,0,0,19,0.7368421052631579
1176,13,2,3,0,0,18,0.7222222222222222
1177,14,2,2,0,0,18,0.7777777777777778
1178,15,2,2,0,0,19,0.7894736842105263
1179,13,4,1,0,0,18,0.7222222222222222
1180,14,2,2,0,0,18,0.7777777777777778
1181,14,3,2,0,0,19,0.7368421052631579
1182,14,4,3,0,0,21,0.6666666666666666
1183,12,3,2,0,0,17,0.7058823529411765
1184,13,2,2,0,0,17,0.7647058823529411
1185,15,3,2,0,0,20,0.75
1186,14,2,2,0,0,18,0.7777777777777778
1187,15,3,1,0,0,19,0.7894736842105263
1188,14,3,2,0,0,19,0.7368421052631579
1189,14,2,2,0,0,18,0.7777777777777778
1190,15,5,2,0,0,22,0.6818181818181818
1191,13,2,1,0,0,16,0.8125
1192,13,4,2,0,0,19,0.6842105263157895
1193,16,3,2,0,0,21,0.7619047619047619
1194,14,4,3,0,0,21,0.6666666666666666
1195,15,4,2,0,0,21,0.7142857142857143
1196,13,3,3,0,0,19,0.6842105263157895
1197,12,4,3,0,0,19,0.631578947368421
1198,14,2,2,0,0,18,0.7777777777777778
1199,10,4,3,0,0,17,0.5882352941176471
1200,14,4,3,0,0,21,0.6666666666666666
1201,14,3,3,0,0,20,0.7
1202,15,4,2,0,0,21,0.7142857142857143
1203,14,3,2,0,0,19,0.7368421052631579
1204,12,4,2,0,0,18,0.6666666666666666
1205,13,4,2,0,0,19,0.6842105263157895
1206,15,2,2,0,0,19,0.7894736842105263
1207,14,2,3,0,0,19,0.7368421052631579
1208,12,3,2,0,0,17,0.7058823529411765
1209,10,2,2,0,0,14,0.7142857142857143
1210,13,2,2,0,0,17,0.7647058823529411
1211,14,2,1,0,0,17,0.8235294117647058
1212,14,4,2,0,0,20,0.7
1213,14,3,2,0,0,19,0.7368421052631579
1214,14,2,1,0,0,17,0.8235294117647058
1215,14,4,2,0,0,20,0.7
1216,13,3,2,0,0,18,0.7222222222222222
1217,16,4,2,0,0,22,0.7272727272727273
1218,14,3,2,0,0,19,0.7368421052631579
1219,14,4,2,0,0,20,0.7
1220,12,3,1,0,0,16,0.75
1221,12,4,2,0,0,18,0.6666666666666666
1222,16,2,2,0,0,20,0.8
1223,14,2,1,0,0,17,0.8235294117647058
1224,15,2,1,0,0,18,0.8333333333333334
1225,14,2,3,0,0,19,0.7368421052631579
1226,12,2,2,0,0,16,0.75
1227,15,4,1,0,0,20,0.75
1228,13,4,1,0,0,18,0.7222222222222222
1229,12,2,3,0,0,17,0.7058823529411765
1230,16,3,3,0,0,22,0.7272727272727273
1231,13,2,3,0,0,18,0.7222222222222222
1232,13,2,3,0,0,18,0.7222222222222222
1233,15,4,3,0,0,22,0.6818181818181818
1234,15,2,2,0,0,19,0.7894736842105263
1235,15,2,3,0,0,20,0.75
1236,15,4,3,0,0,22,0.6818181818181818
1237,14,4,1,0,0,19,0.7368421052631579
1238,14,4,3,0,0,21,0.6666666666666666
1239,12,2,3,0,0,17,0.7058823529411765
1240,13,3,3,0,0,19,0.6842105263157895
1241,13,4,3,0,0,20,0.65
1242,11,2,3,0,0,16,0.6875
1243,14,2,3,0,0,19,0.7368421052631579
1244,14,2,2,0,0,18,0.7777777777777778
1245,11,2,2,0,0,15,0.7333333333333333
1246,13,4,3,0,0,20,0.65
1247,14,2,2,0,0,18,0.7777777777777778
1248,12,4,3,0,0,19,0.631578947368421
1249,14,1,3,0,0,18,0.7777777777777778
1250,15,2,3,0,0,20,0.75
1251,14,3,3,0,0,20,0.7
1252,12,2,2,0,0,16,0.75
1253,12,3,2,0,0,17,0.7058823529411765
1254,13,2,2,0,0,17,0.7647058823529411
1255,13,4,3,0,0,20,0.65
1256,15,3,1,0,0,19,0.7894736842105263
1257,13,2,2,0,0,17,0.7647058823529411
1258,14,4,2,0,0,20,0.7
1259,13,2,2,0,0,17,0.7647058823529411
1260,14,2,2,0,0,18,0.7777777777777778
1261,15,4,3,0,0,22,0.6818181818181818
1262,12,4,2,0,0,18,0.6666666666666666
1263,13,2,1,0,0,16,0.8125
1264,13,2,3,0,0,18,0.7222222222222222
1265,14,3,3,0,0,20,0.7
1266,13,2,3,0,0,18,0.7222222222222222
1267,15,2,3,0,0,20,0.75
1268,13,2,2,0,0,17,0.7647058823529411
1269,15,2,2,0,0,19,0.7894736842105263
1270,14,2,1,0,0,17,0.8235294117647058
1271,13,3,2,0,0,18,0.7222222222222222
1272,13,2,3,0,0,18,0.7222222222222222
1273,11,3,2,0,0,16,0.6875
1274,12,2,3,0,0,17,0.7058823529411765
1275,13,2,3,0,0,18,0.7222222222222222
1276,11,2,3,0,0,16,0.6875
1277,14,3,2,0,0,19,0.7368421052631579
1278,13,2,3,0,0,18,0.7222222222222222
1279,12,2,3,0,0,17,0.7058823529411765
1280,10,2,3,0,0,15,0.6666666666666666
1281,9,4,2,0,0,15,0.6
1282,14,3,2,0,0,19,0.7368421052631579
1283,13,3,3,0,0,19,0.6842105263157895
1284,14,2,3,0,0,19,0.7368421052631579
1285,15,2,3,0,0,20,0.75
1286,14,3,1,0,0,18,0.7777777777777778
1287,13,3,2,0,0,18,0.7222222222222222
1288,14,2,3,0,0,19,0.7368421052631579
1289,14,3,3,0,0,20,0.7
1290,8,2,3,0,0,13,0.6153846153846154
1291,10,4,3,0,0,17,0.5882352941176471
1292,9,3,3,0,0,15,0.6
1293,9,3,3,0,0,15,0.6
1294,11,5,3,0,0,19,0.5789473684210527
1295,13,2,2,0,0,17,0.7647058823529411
1296,12,1,3,0,0,16,0.75
1297,14,1,3,0,0,18,0.7777777777777778
1298,14,1,3,0,0,18,0.7777777777777778
1299,13,2,3,0,0,18,0.7222222222222222
1300,13,1,3,0,0,17,0.7647058823529411
1301,14,1,2,0,0,17,0.8235294117647058
1302,12,1,3,0,0,16,0.75
1303,11,2,3,0,0,16,0.6875
1304,11,2,3,0,0,16,0.6875
1305,11,2,3,0,0,16,0.6875
1306,12,3,3,0,0,18,0.6666666666666666
1307,11,1,3,0,0,15,0.7333333333333333
1308,14,1,3,0,0,18,0.7777777777777778
1309,13,1,2,0,0,16,0.8125
1310,13,1,3,0,0,17,0.7647058823529411
1311,15,1,2,0,0,18,0.8333333333333334
1312,14,1,2,0,0,17,0.8235294117647058
1313,12,1,3,0,0,16,0.75
1314,12,4,2,0,0,18,0.6666666666666666
1315,16,3,2,0,0,21,0.7619047619047619
1316,12,2,3,0,0,17,0.7058823529411765
1317,14,3,3,0,0,20,0.7
1318,14,3,3,0,0,20,0.7
1319,14,2,2,0,0,18,0.7777777777777778
1320,12,3,3,0,0,18,0.6666666666666666
1321,14,3,2,0,0,19,0.7368421052631579
1322,16,2,3,0,0,21,0.7619047619047619
1323,16,2,3,0,0,21,0.7619047619047619
1324,12,3,3,0,0,18,0.6666666666666666
1325,11,3,2,0,0,16,0.6875
1326,13,3,3,0,0,19,0.6842105263157895
1327,14,3,2,0,0,19,0.7368421052631579
1328,14,3,3,0,0,20,0.7
1329,13,3,3,0,0,19,0.6842105263157895
1330,12,3,2,0,0,17,0.7058823529411765
1331,12,2,3,0,0,17,0.7058823529411765
1332,15,2,3,0,0,20,0.75
1333,13,2,2,0,0,17,0.7647058823529411
1334,11,3,2,0,0,16,0.6875
1335,12,3,3,0,0,18,0.6666666666666666
1336,13,2,3,0,0,18,0.7222222222222222
1337,14,3,3,0,0,20,0.7
1338,14,2,3,0,0,19,0.7368421052631579
1339,12,2,3,0,0,17,0.7058823529411765
1340,13,3,2,0,0,18,0.7222222222222222
1341,13,3,2,0,0,18,0.7222222222222222
1342,14,2,2,0,0,18,0.7777777777777778
1343,14,3,2,0,0,19,0.7368421052631579
1344,13,2,3,0,0,18,0.7222222222222222
1345,14,2,2,0,0,18,0.7777777777777778
1346,14,3,2,0,0,19,0.7368421052631579
1347,11,4,3,0,0,18,0.6111111111111112
1348,12,3,3,0,0,18,0.6666666666666666
1349,12,3,2,0,0,17,0.7058823529411765
1350,12,2,3,0,0,17,0.7058823529411765
1351,13,2,3,0,0,18,0.7222222222222222
1352,12,3,3,0,0,18,0.6666666666666666
1353,12,4,3,0,0,19,0.631578947368421
1354,11,2,3,0,0,16,0.6875
1355,13,3,3,0,0,19,0.6842105263157895
1356,12,2,3,0,0,17,0.7058823529411765
1357,14,2,2,0,0,18,0.7777777777777778
1358,12,2,3,0,0,17,0.7058823529411765
1359,13,2,3,0,0,18,0.7222222222222222
1360,13,2,2,0,0,17,0.7647058823529411
1361,12,2,3,0,0,17,0.7058823529411765
1362,12,4,3,0,0,19,0.631578947368421
1363,15,4,3,0,0,22,0.6818181818181818
1364,12,2,3,0,0,17,0.7058823529411765
1365,12,2,3,0,0,17,0.7058823529411765
1366,11,4,2,0,0,17,0.6470588235294118
1367,14,4,3,0,0,21,0.6666666666666666
1368,12,4,3,0,0,19,0.631578947368421
1369,13,3,3,0,0,19,0.6842105263157895
1370,13,3,3,0,0,19,0.6842105263157895
1371,12,4,3,0,0,19,0.631578947368421
1372,12,2,3,0,0,17,0.7058823529411765
1373,12,2,2,0,0,16,0.75
1374,12,2,2,0,0,16,0.75
1375,12,2,2,0,0,16,0.75
1376,13,3,2,0,0,18,0.7222222222222222
1377,12,4,2,0,0,18,0.6666666666666666
1378,12,2,3,0,0,17,0.7058823529411765
1379,14,2,3,0,0,19,0.7368421052631579
1380,13,2,2,0,0,17,0.7647058823529411
1381,12,3,2,0,0,17,0.7058823529411765
1382,11,2,3,0,0,16,0.6875
1383,13,2,2,0,0,17,0.7647058823529411
1384,13,3,3,0,0,19,0.6842105263157895
1385,13,2,3,0,0,18,0.7222222222222222
1386,14,3,3,0,0,20,0.7
1387,13,2,3,0,0,18,0.7222222222222222
1388,13,3,3,0,0,19,0.6842105263157895
1389,14,3,3,0,0,20,0.7
1390,13,2,3,0,0,18,0.7222222222222222
1391,13,2,2,0,0,17,0.7647058823529411
1392,13,2,2,0,0,17,0.7647058823529411
1393,13,3,2,0,0,18,0.7222222222222222
1394,14,3,2,0,0,19,0.7368421052631579
1395,12,4,3,0,0,19,0.631578947368421
1396,12,2,3,0,0,17,0.7058823529411765
1397,13,2,2,0,0,17,0.7647058823529411
1398,13,4,2,0,0,19,0.6842105263157895
1399,13,4,3,0,0,20,0.65
1400,13,3,3,0,0,19,0.6842105263157895
1401,13,3,3,0,0,19,0.6842105263157895
1402,11,3,3,0,0,17,0.6470588235294118
1403,13,4,2,0,0,19,0.6842105263157895
1404,13,5,3,0,0,21,0.6190476190476191
1405,12,4,3,0,0,19,0.631578947368421
1406,12,4,2,0,0,18,0.6666666666666666
1407,12,2,3,0,0,17,0.7058823529411765
1408,14,3,2,0,0,19,0.7368421052631579
1409,13,4,2,0,0,19,0.6842105263157895
1410,10,4,1,0,0,15,0.6666666666666666
1411,14,2,2,0,0,18,0.7777777777777778
1412,12,3,3,0,0,18,0.6666666666666666
1413,14,2,2,0,0,18,0.7777777777777778
1414,14,2,2,0,0,18,0.7777777777777778
1415,12,2,3,0,0,17,0.7058823529411765
1416,12,2,2,0,0,16,0.75
1417,13,3,3,0,0,19,0.6842105263157895
1418,11,3,3,0,0,17,0.6470588235294118
1419,11,3,3,0,0,17,0.6470588235294118
1420,12,3,3,0,0,18,0.6666666666666666
1421,13,3,3,0,0,19,0.6842105263157895
1422,15,2,3,0,0,20,0.75
1423,11,1,3,0,0,15,0.7333333333333333
1424,12,2,3,0,0,17,0.7058823529411765
1425,13,4,2,0,0,19,0.6842105263157895
1426,13,4,3,0,0,20,0.65
1427,13,3,3,0,0,19,0.6842105263157895
1428,13,2,3,0,0,18,0.7222222222222222
1429,13,2,2,0,0,17,0.7647058823529411
1430,11,3,3,0,0,17,0.6470588235294118
1431,13,4,2,0,0,19,0.6842105263157895
1432,12,3,3,0,0,18,0.6666666666666666
1433,13,3,3,0,0,19,0.6842105263157895
1434,12,3,2,0,0,17,0.7058823529411765
1435,14,3,3,0,0,20,0.7
1436,13,4,3,0,0,20,0.65
1437,12,2,3,0,0,17,0.7058823529411765
1438,12,2,2,0,0,16,0.75
1439,13,4,3,0,0,20,0.65
1440,13,5,2,0,0,20,0.65
1441,12,3,3,0,0,18,0.6666666666666666
1442,13,2,2,0,0,17,0.7647058823529411
1443,11,3,3,0,0,17,0.6470588235294118
1444,13,1,3,0,0,17,0.7647058823529411
1445,13,5,2,0,0,20,0.65
1446,11,4,3,0,0,18,0.6111111111111112
1447,14,4,3,0,0,21,0.6666666666666666
1448,14,2,2,0,0,18,0.7777777777777778
1449,13,2,3,0,0,18,0.7222222222222222
1450,13,3,2,0,0,18,0.7222222222222222
1451,12,4,3,0,0,19,0.631578947368421
1452,11,2,2,0,0,15,0.7333333333333333
1453,11,3,2,0,0,16,0.6875
1454,13,4,2,0,0,19,0.6842105263157895
1455,12,2,2,0,0,16,0.75
1456,11,3,3,0,0,17,0.6470588235294118
1457,14,4,3,0,0,21,0.6666666666666666
1458,13,3,3,0,0,19,0.6842105263157895
1459,12,2,3,0,0,17,0.7058823529411765
1460,13,2,2,0,0,17,0.7647058823529411
1461,12,4,2,0,0,18,0.6666666666666666
1462,10,2,3,0,0,15,0.6666666666666666
1463,13,2,3,0,0,18,0.7222222222222222
1464,13,2,2,0,0,17,0.7647058823529411
1465,12,4,2,0,0,18,0.6666666666666666
1466,13,2,3,0,0,18,0.7222222222222222
1467,13,3,3,0,0,19,0.6842105263157895
1468,13,2,2,0,0,17,0.7647058823529411
1469,13,2,2,0,0,17,0.7647058823529411
1470,13,2,2,0,0,17,0.7647058823529411
1471,13,2,2,0,0,17,0.7647058823529411
1472,13,2,2,0,0,17,0.7647058823529411
1473,13,3,2,0,0,18,0.7222222222222222
1474,11,3,2,0,0,16,0.6875
1475,13,3,3,0,0,19,0.6842105263157895
1476,14,3,3,0,0,20,0.7
1477,13,3,3,0,0,19,0.6842105263157895
1478,15,2,3,0,0,20,0.75
1479,13,2,2,0,0,17,0.7647058823529411
1480,14,2,2,0,0,18,0.7777777777777778
1481,13,3,2,0,0,18,0.7222222222222222
1482,13,2,2,0,0,17,0.7647058823529411
1483,13,2,2,0,0,17,0.7647058823529411
1484,12,3,2,0,0,17,0.7058823529411765
1485,13,2,2,0,0,17,0.7647058823529411
1486,13,4,2,0,0,19,0.6842105263157895
1487,12,2,2,0,0,16,0.75
1488,13,2,2,0,0,17,0.7647058823529411
1489,13,2,2,0,0,17,0.7647058823529411
1490,13,3,2,0,0,18,0.7222222222222222
1491,11,4,3,0,0,18,0.6111111111111112
1492,14,3,2,0,0,19,0.7368421052631579
1493,12,2,3,0,0,17,0.7058823529411765
1494,13,3,3,0,0,19,0.6842105263157895
1495,13,2,2,0,0,17,0.7647058823529411
1496,13,3,2,0,0,18,0.7222222222222222
1497,12,2,3,0,0,17,0.7058823529411765
1498,13,2,2,0,0,17,0.7647058823529411
1499,13,4,3,0,0,20,0.65
1500,13,3,3,0,0,19,0.6842105263157895
1501,14,3,2,0,0,19,0.7368421052631579
1502,12,4,2,0,0,18,0.6666666666666666
1503,11,3,3,0,0,17,0.6470588235294118
1504,14,3,3,0,0,20,0.7
1505,12,2,3,0,0,17,0.7058823529411765
1506,12,2,2,0,0,16,0.75
1507,12,5,3,0,0,20,0.6
1508,13,3,2,0,0,18,0.7222222222222222
1509,13,2,2,0,0,17,0.7647058823529411
1510,11,2,3,0,0,16,0.6875
1511,12,4,2,0,0,18,0.6666666666666666
1512,12,3,3,0,0,18,0.6666666666666666
1513,14,4,3,0,0,21,0.6666666666666666
1514,13,3,2,0,0,18,0.7222222222222222
1515,12,4,3,0,0,19,0.631578947368421
1516,13,2,3,0,0,18,0.7222222222222222
1517,12,4,2,0,0,18,0.6666666666666666
1518,13,4,2,0,0,19,0.6842105263157895
1519,14,3,1,0,0,18,0.7777777777777778
1520,12,3,2,0,0,17,0.7058823529411765
1521,13,3,3,0,0,19,0.6842105263157895
1522,12,3,3,0,0,18,0.6666666666666666
1523,12,3,2,0,0,17,0.7058823529411765
1524,14,4,1,0,0,19,0.7368421052631579
1525,15,4,2,0,0,21,0.7142857142857143
1526,12,2,2,0,0,16,0.75
1527,14,2,2,0,0,18,0.7777777777777778
1528,13,4,3,0,0,20,0.65
1529,9,3,3,0,0,15,0.6
1530,8,4,3,0,0,15,0.5333333333333333
1531,10,4,3,0,0,17,0.5882352941176471
1532,13,3,3,0,0,19,0.6842105263157895
1533,9,3,3,0,0,15,0.6
1534,12,3,3,0,0,18,0.6666666666666666
1535,11,3,2,0,0,16,0.6875
1536,12,3,2,0,0,17,0.7058823529411765
1537,14,2,3,0,0,19,0.7368421052631579
1538,11,2,1,0,0,14,0.7857142857142857
1539,14,2,2,0,0,18,0.7777777777777778
1540,14,3,2,0,0,19,0.7368421052631579
1541,13,4,2,0,0,19,0.6842105263157895
1542,14,3,3,0,0,20,0.7
1543,13,4,2,0,0,19,0.6842105263157895
1544,14,2,1,0,0,17,0.8235294117647058
1545,12,2,3,0,0,17,0.7058823529411765
1546,12,2,3,0,0,17,0.7058823529411765
1547,13,2,2,0,0,17,0.7647058823529411
1548,12,2,2,0,0,16,0.75
1549,13,3,2,0,0,18,0.7222222222222222
1550,14,4,3,0,0,21,0.6666666666666666
1551,14,2,2,0,0,18,0.7777777777777778
1552,13,2,2,0,0,17,0.7647058823529411
1553,13,3,2,0,0,18,0.7222222222222222
1554,14,2,3,0,0,19,0.7368421052631579
1555,12,2,3,0,0,17,0.7058823529411765
1556,13,2,3,0,0,18,0.7222222222222222
1557,13,2,2,0,0,17,0.7647058823529411
1558,16,3,2,0,0,21,0.7619047619047619
1559,13,2,2,0,0,17,0.7647058823529411
1560,13,2,2,0,0,17,0.7647058823529411
1561,13,3,2,0,0,18,0.7222222222222222
1562,14,3,3,0,0,20,0.7
1563,9,2,3,0,0,14,0.6428571428571429
1564,13,4,1,0,0,18,0.7222222222222222
1565,12,2,2,0,0,16,0.75
1566,14,4,2,0,0,20,0.7
1567,13,2,2,0,0,17,0.7647058823529411
1568,13,2,3,0,0,18,0.7222222222222222
1569,14,2,2,0,0,18,0.7777777777777778
1570,14,2,3,0,0,19,0.7368421052631579
1571,12,3,3,0,0,18,0.6666666666666666
1572,13,4,2,0,0,19,0.6842105263157895
1573,12,2,2,0,0,16,0.75
1574,13,3,3,0,0,19,0.6842105263157895
1575,13,4,3,0,0,20,0.65
1576,12,3,3,0,0,18,0.6666666666666666
1577,14,3,1,0,0,18,0.7777777777777778
1578,13,4,3,0,0,20,0.65
1579,13,4,2,0,0,19,0.6842105263157895
1580,10,4,2,0,0,16,0.625
1581,12,4,3,0,0,19,0.631578947368421
1582,12,5,3,0,0,20,0.6
1583,14,3,2,0,0,19,0.7368421052631579
1584,12,4,3,0,0,19,0.631578947368421
1585,13,2,3,0,0,18,0.7222222222222222
1586,11,2,1,0,0,14,0.7857142857142857
1587,13,3,3,0,0,19,0.6842105263157895
1588,13,2,3,0,0,18,0.7222222222222222
1589,15,3,3,0,0,21,0.7142857142857143
1590,14,3,2,0,0,19,0.7368421052631579
1591,14,4,2,0,0,20,0.7
1592,14,3,3,0,0,20,0.7
1593,14,5,3,0,0,22,0.6363636363636364
1594,15,4,2,0,0,21,0.7142857142857143
1595,12,4,2,0,0,18,0.6666666666666666
1596,13,4,3,0,0,20,0.65
1597,13,2,2,0,0,17,0.7647058823529411
1598,13,4,2,0,0,19,0.6842105263157895
1599,13,3,2,0,0,18,0.7222222222222222
1600,13,3,2,0,0,18,0.7222222222222222
1601,14,4,2,0,0,20,0.7
1602,15,3,2,0,0,20,0.75
1603,13,4,3,0,0,20,0.65
1604,13,3,2,0,0,18,0.7222222222222222
1605,14,4,2,0,0,20,0.7
1606,14,2,3,0,0,19,0.7368421052631579
1607,14,4,2,0,0,20,0.7
1608,14,3,3,0,0,20,0.7
1609,12,2,3,0,0,17,0.7058823529411765
1610,16,3,2,0,0,21,0.7619047619047619
1611,13,2,3,0,0,18,0.7222222222222222
1612,14,2,2,0,0,18,0.7777777777777778
1613,14,3,3,0,0,20,0.7
1614,14,4,2,0,0,20,0.7
1615,15,4,2,0,0,21,0.7142857142857143
1616,14,4,2,0,0,20,0.7
1617,14,4,2,0,0,20,0.7
1618,13,4,2,0,0,19,0.6842105263157895
1619,12,4,2,0,0,18,0.6666666666666666
1620,13,2,2,0,0,17,0.7647058823529411
1621,13,3,3,0,0,19,0.6842105263157895
1622,13,3,2,0,0,18,0.7222222222222222
1623,14,3,2,0,0,19,0.7368421052631579
1624,12,3,2,0,0,17,0.7058823529411765
1625,13,4,3,0,0,20,0.65
1626,13,3,2,0,0,18,0.7222222222222222
1627,14,3,3,0,0,20,0.7
1628,13,2,3,0,0,18,0.7222222222222222
1629,15,4,3,0,0,22,0.6818181818181818
1630,13,4,3,0,0,20,0.65
1631,12,3,3,0,0,18,0.6666666666666666
1632,14,4,3,0,0,21,0.6666666666666666
1633,10,4,3,0,0,17,0.5882352941176471
1634,14,2,2,0,0,18,0.7777777777777778
1635,14,4,3,0,0,21,0.6666666666666666
1636,13,3,3,0,0,19,0.6842105263157895
1637,12,4,3,0,0,19,0.631578947368421
1638,14,4,3,0,0,21,0.6666666666666666
1639,13,2,3,0,0,18,0.7222222222222222
1640,13,4,2,0,0,19,0.6842105263157895
1641,12,2,3,0,0,17,0.7058823529411765
1642,14,4,2,0,0,20,0.7
1643,13,3,2,0,0,18,0.7222222222222222
1644,15,4,2,0,0,21,0.7142857142857143
1645,14,4,3,0,0,21,0.6666666666666666
1646,12,4,3,0,0,19,0.631578947368421
1647,14,4,3,0,0,21,0.6666666666666666
1648,12,5,3,0,0,20,0.6
1649,14,4,2,0,0,20,0.7
1650,13,2,2,0,0,17,0.7647058823529411
1651,13,4,3,0,0,20,0.65
1652,12,2,3,0,0,17,0.7058823529411765
1653,13,3,3,0,0,19,0.6842105263157895
1654,13,2,2,0,0,17,0.7647058823529411
1655,13,3,3,0,0,19,0.6842105263157895
1656,12,3,3,0,0,18,0.6666666666666666
1657,14,2,2,0,0,18,0.7777777777777778
1658,14,3,3,0,0,20,0.7
1659,14,3,2,0,0,19,0.7368421052631579
1660,10,2,3,0,0,15,0.6666666666666666
1661,13,5,3,0,0,21,0.6190476190476191
1662,13,2,3,0,0,18,0.7222222222222222
1663,14,1,3,0,0,18,0.7777777777777778
1664,14,4,3,0,0,21,0.6666666666666666
1665,13,2,2,0,0,17,0.7647058823529411
1666,12,2,2,0,0,16,0.75
1667,13,3,1,0,0,17,0.7647058823529411
1668,14,3,3,0,0,20,0.7
1669,14,3,3,0,0,20,0.7
1670,13,4,1,0,0,18,0.7222222222222222
1671,14,4,2,0,0,20,0.7
1672,11,4,2,0,0,17,0.6470588235294118
1673,14,3,3,0,0,20,0.7
1674,13,3,2,0,0,18,0.7222222222222222
1675,12,3,2,0,0,17,0.7058823529411765
1676,14,3,3,0,0,20,0.7
1677,14,3,2,0,0,19,0.7368421052631579
1678,13,3,2,0,0,18,0.7222222222222222
1679,14,1,3,0,0,18,0.7777777777777778
1680,15,2,3,0,0,20,0.75
1681,12,2,3,0,0,17,0.7058823529411765
1682,13,3,2,0,0,18,0.7222222222222222
1683,14,3,3,0,0,20,0.7
1684,13,4,2,0,0,19,0.6842105263157895
1685,13,3,2,0,0,18,0.7222222222222222
1686,14,3,3,0,0,20,0.7
1687,14,4,3,0,0,21,0.6666666666666666
1688,11,4,3,0,0,18,0.6111111111111112
1689,14,3,3,0,0,20,0.7
1690,14,3,2,0,0,19,0.7368421052631579
1691,13,4,3,0,0,20,0.65
1692,14,4,3,0,0,21,0.6666666666666666
1693,15,2,3,0,0,20,0.75
1694,12,2,3,0,0,17,0.7058823529411765
1695,13,3,3,0,0,19,0.6842105263157895
1696,13,2,2,0,0,17,0.7647058823529411
1697,12,4,2,0,0,18,0.6666666666666666
1698,11,3,3,0,0,17,0.6470588235294118
1699,14,4,2,0,0,20,0.7
1700,12,4,3,0,0,19,0.631578947368421
1701,13,3,3,0,0,19,0.6842105263157895
1702,12,4,3,0,0,19,0.631578947368421
1703,13,2,3,0,0,18,0.7222222222222222
1704,12,4,3,0,0,19,0.631578947368421
1705,15,4,2,0,0,21,0.7142857142857143
1706,14,3,3,0,0,20,0.7
1707,14,3,3,0,0,20,0.7
1708,13,3,3,0,0,19,0.6842105263157895
1709,15,4,3,0,0,22,0.6818181818181818
1710,14,3,2,0,0,19,0.7368421052631579
1711,13,4,3,0,0,20,0.65
1712,12,2,3,0,0,17,0.7058823529411765
1713,13,2,3,0,0,18,0.7222222222222222
1714,14,3,2,0,0,19,0.7368421052631579
1715,13,3,2,0,0,18,0.7222222222222222
1716,12,4,3,0,0,19,0.631578947368421
1717,14,3,3,0,0,20,0.7
1718,14,2,3,0,0,19,0.7368421052631579
1719,14,2,3,0,0,19,0.7368421052631579
1720,13,2,2,0,0,17,0.7647058823529411
1721,14,3,2,0,0,19,0.7368421052631579
1722,11,4,2,0,0,17,0.6470588235294118
1723,13,2,3,0,0,18,0.7222222222222222
1724,13,4,2,0,0,19,0.6842105263157895
1725,14,4,3,0,0,21,0.6666666666666666
1726,13,2,2,0,0,17,0.7647058823529411
1727,13,2,2,0,0,17,0.7647058823529411
1728,12,2,2,0,0,16,0.75
1729,13,3,2,0,0,18,0.7222222222222222
1730,14,4,2,0,0,20,0.7
1731,13,3,2,0,0,18,0.7222222222222222
1732,14,4,1,0,0,19,0.7368421052631579
1733,12,2,2,0,0,16,0.75
1734,13,4,1,0,0,18,0.7222222222222222
1735,13,2,1,0,0,16,0.8125
1736,13,4,3,0,0,20,0.65
1737,12,4,2,0,0,18,0.6666666666666666
1738,13,2,2,0,0,17,0.7647058823529411
1739,14,4,2,0,0,20,0.7
1740,14,2,2,0,0,18,0.7777777777777778
1741,13,4,2,0,0,19,0.6842105263157895
1742,12,2,2,0,0,16,0.75
1743,12,4,2,0,0,18,0.6666666666666666
1744,13,4,2,0,0,19,0.6842105263157895
1745,14,2,3,0,0,19,0.7368421052631579
1746,13,3,2,0,0,18,0.7222222222222222
1747,12,3,2,0,0,17,0.7058823529411765
1748,13,3,2,0,0,18,0.7222222222222222
1749,12,1,2,0,0,15,0.8
1750,12,2,2,0,0,16,0.75
1751,14,2,3,0,0,19,0.7368421052631579
1752,12,2,2,0,0,16,0.75
1753,14,2,2,0,0,18,0.7777777777777778
1754,12,1,2,0,0,15,0.8
1755,9,1,2,0,0,12,0.75
1756,14,3,2,0,0,19,0.7368421052631579
1757,13,2,2,0,0,17,0.7647058823529411
1758,14,3,2,0,0,19,0.7368421052631579
1759,12,3,3,0,0,18,0.6666666666666666
1760,13,3,2,0,0,18,0.7222222222222222
1761,15,3,2,0,0,20,0.75
1762,13,4,2,0,0,19,0.6842105263157895
1763,12,4,2,0,0,18,0.6666666666666666
1764,13,4,2,0,0,19,0.6842105263157895
1765,14,4,2,0,0,20,0.7
1766,11,2,2,0,0,15,0.7333333333333333
1767,11,4,2,0,0,17,0.6470588235294118
1768,15,4,2,0,0,21,0.7142857142857143
1769,14,2,2,0,0,18,0.7777777777777778
1770,12,4,2,0,0,18,0.6666666666666666
1771,13,3,2,0,0,18,0.7222222222222222
1772,11,2,2,0,0,15,0.7333333333333333
1773,12,3,2,0,0,17,0.7058823529411765
1774,12,2,2,0,0,16,0.75
1775,14,3,2,0,0,19,0.7368421052631579
1776,11,3,2,0,0,16,0.6875
1777,14,3,2,0,0,19,0.7368421052631579
1778,13,3,2,0,0,18,0.7222222222222222
1779,13,2,2,0,0,17,0.7647058823529411
1780,14,2,2,0,0,18,0.7777777777777778
1781,12,3,2,0,0,17,0.7058823529411765
1782,13,3,2,0,0,18,0.7222222222222222
1783,13,4,2,0,0,19,0.6842105263157895
1784,12,4,2,0,0,18,0.6666666666666666
1785,13,4,2,0,0,19,0.6842105263157895
1786,13,2,2,0,0,17,0.7647058823529411
1787,12,3,2,0,0,17,0.7058823529411765
1788,13,3,1,0,0,17,0.7647058823529411
1789,13,3,1,0,0,17,0.7647058823529411
1790,12,3,2,0,0,17,0.7058823529411765
1791,14,4,2,0,0,20,0.7
1792,11,2,2,0,0,15,0.7333333333333333
1793,15,2,1,0,0,18,0.8333333333333334
1794,14,4,2,0,0,20,0.7
1795,11,3,2,0,0,16,0.6875
1796,12,3,1,0,0,16,0.75
1797,12,4,1,0,0,17,0.7058823529411765
1798,14,2,2,0,0,18,0.7777777777777778
1799,13,2,2,0,0,17,0.7647058823529411
1800,15,2,1,0,0,18,0.8333333333333334
1801,13,3,1,0,0,17,0.7647058823529411
1802,12,2,2,0,0,16,0.75
1803,11,2,2,0,0,15,0.7333333333333333
1804,14,3,2,0,0,19,0.7368421052631579
1805,11,3,2,0,0,16,0.6875
1806,10,2,2,0,0,14,0.7142857142857143
1807,14,2,2,0,0,18,0.7777777777777778
1808,14,3,1,0,0,18,0.7777777777777778
1809,15,3,1,0,0,19,0.7894736842105263
1810,14,3,2,0,0,19,0.7368421052631579
1811,12,1,1,0,0,14,0.8571428571428571
1812,12,2,2,0,0,16,0.75
1813,11,2,2,0,0,15,0.7333333333333333
1814,14,2,2,0,0,18,0.7777777777777778
1815,13,2,3,0,0,18,0.7222222222222222
1816,13,4,2,0,0,19,0.6842105263157895
1817,15,4,2,0,0,21,0.7142857142857143
1818,12,3,2,0,0,17,0.7058823529411765
1819,11,3,3,0,0,17,0.6470588235294118
1820,11,1,2,0,0,14,0.7857142857142857
1821,14,2,2,0,0,18,0.7777777777777778
1822,13,4,2,0,0,19,0.6842105263157895
1823,13,2,2,0,0,17,0.7647058823529411
1824,12,3,1,0,0,16,0.75
1825,15,4,2,0,0,21,0.7142857142857143
1826,14,3,3,0,0,20,0.7
1827,15,4,1,0,0,20,0.75
1828,13,4,3,0,0,20,0.65
1829,13,3,3,0,0,19,0.6842105263157895
1830,13,4,3,0,0,20,0.65
1831,13,2,3,0,0,18,0.7222222222222222
1832,11,2,3,0,0,16,0.6875
1833,13,2,3,0,0,18,0.7222222222222222
1834,12,2,3,0,0,17,0.7058823529411765
1835,13,3,3,0,0,19,0.6842105263157895
1836,10,2,3,0,0,15,0.6666666666666666
1837,13,1,2,0,0,16,0.8125
1838,14,2,3,0,0,19,0.7368421052631579
1839,12,2,2,0,0,16,0.75
1840,13,1,3,0,0,17,0.7647058823529411
1841,14,2,3,0,0,19,0.7368421052631579
1842,13,4,3,0,0,20,0.65
1843,12,2,2,0,0,16,0.75
1844,13,2,2,0,0,17,0.7647058823529411
1845,14,2,3,0,0,19,0.7368421052631579
1846,13,3,2,0,0,18,0.7222222222222222
1847,12,3,2,0,0,17,0.7058823529411765
1848,13,3,3,0,0,19,0.6842105263157895
1849,12,2,3,0,0,17,0.7058823529411765
1850,13,4,2,0,0,19,0.6842105263157895
1851,11,4,3,0,0,18,0.6111111111111112
1852,12,4,3,0,0,19,0.631578947368421
1853,14,3,2,0,0,19,0.7368421052631579
1854,13,3,3,0,0,19,0.6842105263157895
1855,13,2,3,0,0,18,0.7222222222222222
1856,13,4,3,0,0,20,0.65
1857,13,3,3,0,0,19,0.6842105263157895
1858,14,2,1,0,0,17,0.8235294117647058
1859,12,2,2,0,0,16,0.75
1860,13,4,3,0,0,20,0.65
1861,14,2,3,0,0,19,0.7368421052631579
1862,13,2,2,0,0,17,0.7647058823529411
1863,13,3,1,0,0,17,0.7647058823529411
1864,13,2,3,0,0,18,0.7222222222222222
1865,12,3,1,0,0,16,0.75
1866,13,4,1,0,0,18,0.7222222222222222
1867,12,4,2,0,0,18,0.6666666666666666
1868,13,3,3,0,0,19,0.6842105263157895
1869,13,4,3,0,0,20,0.65
1870,13,2,2,0,0,17,0.7647058823529411
1871,13,4,2,0,0,19,0.6842105263157895
1872,14,3,2,0,0,19,0.7368421052631579
1873,12,2,2,0,0,16,0.75
1874,12,4,3,0,0,19,0.631578947368421
1875,13,4,2,0,0,19,0.6842105263157895
1876,11,2,3,0,0,16,0.6875
1877,12,2,2,0,0,16,0.75
1878,12,2,3,0,0,17,0.7058823529411765
1879,14,3,2,0,0,19,0.7368421052631579
1880,15,2,3,0,0,20,0.75
1881,13,3,3,0,0,19,0.6842105263157895
1882,11,3,3,0,0,17,0.6470588235294118
1883,12,3,2,0,0,17,0.7058823529411765
1884,11,2,2,0,0,15,0.7333333333333333
1885,13,2,3,0,0,18,0.7222222222222222
1886,13,2,2,0,0,17,0.7647058823529411
1887,14,2,3,0,0,19,0.7368421052631579
1888,11,4,2,0,0,17,0.6470588235294118
1889,13,2,2,0,0,17,0.7647058823529411
1890,11,4,3,0,0,18,0.6111111111111112
1891,10,3,3,0,0,16,0.625
1892,12,4,2,0,0,18,0.6666666666666666
1893,11,3,3,0,0,17,0.6470588235294118
1894,15,2,3,0,0,20,0.75
1895,12,3,2,0,0,17,0.7058823529411765
1896,13,4,2,0,0,19,0.6842105263157895
1897,13,2,3,0,0,18,0.7222222222222222
1898,11,2,3,0,0,16,0.6875
1899,12,2,3,0,0,17,0.7058823529411765
1900,13,4,2,0,0,19,0.6842105263157895
1901,13,2,3,0,0,18,0.7222222222222222
1902,12,3,2,0,0,17,0.7058823529411765
1903,11,2,3,0,0,16,0.6875
1904,14,2,3,0,0,19,0.7368421052631579
1905,15,4,3,0,0,22,0.6818181818181818
1906,12,2,3,0,0,17,0.7058823529411765
1907,14,4,3,0,0,21,0.6666666666666666
1908,12,4,2,0,0,18,0.6666666666666666
1909,13,3,3,0,0,19,0.6842105263157895
1910,11,2,3,0,0,16,0.6875
1911,11,2,3,0,0,16,0.6875
1912,11,2,1,0,0,14,0.7857142857142857
1913,13,4,3,0,0,20,0.65
1914,13,3,3,0,0,19,0.6842105263157895
1915,15,2,2,0,0,19,0.7894736842105263
1916,14,2,2,0,0,18,0.7777777777777778
1917,13,2,2,0,0,17,0.7647058823529411
1918,13,2,2,0,0,17,0.7647058823529411
1919,12,4,3,0,0,19,0.631578947368421
1920,12,4,2,0,0,18,0.6666666666666666
1921,11,3,1,0,0,15,0.7333333333333333
1922,14,4,2,0,0,20,0.7
1923,12,2,1,0,0,15,0.8
1924,15,4,1,0,0,20,0.75
1925,14,2,2,0,0,18,0.7777777777777778
1926,11,2,2,0,0,15,0.7333333333333333
1927,14,2,1,0,0,17,0.8235294117647058
1928,14,3,3,0,0,20,0.7
1929,12,1,2,0,0,15,0.8
1930,13,2,3,0,0,18,0.7222222222222222
1931,13,3,3,0,0,19,0.6842105263157895
1932,12,2,3,0,0,17,0.7058823529411765
1933,15,3,2,0,0,20,0.75
1934,15,4,3,0,0,22,0.6818181818181818
1935,11,2,3,0,0,16,0.6875
1936,12,2,2,0,0,16,0.75
1937,14,3,3,0,0,20,0.7
1938,12,2,3,0,0,17,0.7058823529411765
1939,12,2,3,0,0,17,0.7058823529411765
1940,13,4,3,0,0,20,0.65
1941,14,3,3,0,0,20,0.7
1942,13,3,2,0,0,18,0.7222222222222222
1943,11,2,3,0,0,16,0.6875
1944,13,3,3,0,0,19,0.6842105263157895
1945,11,2,3,0,0,16,0.6875
1946,12,2,3,0,0,17,0.7058823529411765
1947,13,2,3,0,0,18,0.7222222222222222
1948,12,2,3,0,0,17,0.7058823529411765
1949,14,2,2,0,0,18,0.7777777777777778
1950,13,3,3,0,0,19,0.6842105263157895
1951,14,1,2,0,0,17,0.8235294117647058
1952,12,1,3,0,0,16,0.75
1953,15,4,3,0,0,22,0.6818181818181818
1954,10,3,3,0,0,16,0.625
1955,14,3,2,0,0,19,0.7368421052631579
1956,11,2,3,0,0,16,0.6875
1957,15,2,2,0,0,19,0.7894736842105263
1958,12,3,3,0,0,18,0.6666666666666666
1959,10,2,3,0,0,15,0.6666666666666666
1960,14,3,2,0,0,19,0.7368421052631579
1961,14,3,3,0,0,20,0.7
1962,11,2,2,0,0,15,0.7333333333333333
1963,13,4,3,0,0,20,0.65
1964,11,3,3,0,0,17,0.6470588235294118
1965,12,2,3,0,0,17,0.7058823529411765
1966,15,2,3,0,0,20,0.75
1967,13,4,3,0,0,20,0.65
1968,13,2,3,0,0,18,0.7222222222222222
1969,15,4,1,0,0,20,0.75
1970,12,3,2,0,0,17,0.7058823529411765
1971,13,2,3,0,0,18,0.7222222222222222
1972,13,3,2,0,0,18,0.7222222222222222
1973,10,2,3,0,0,15,0.6666666666666666
1974,15,2,2,0,0,19,0.7894736842105263
1975,13,2,3,0,0,18,0.7222222222222222
1976,11,2,3,0,0,16,0.6875
1977,15,3,3,0,0,21,0.7142857142857143
1978,14,2,3,0,0,19,0.7368421052631579
1979,11,1,3,0,0,15,0.7333333333333333
1980,14,1,3,0,0,18,0.7777777777777778
1981,11,1,3,0,0,15,0.7333333333333333
1982,13,2,2,0,0,17,0.7647058823529411
1983,14,2,3,0,0,19,0.7368421052631579
1984,13,1,2,0,0,16,0.8125
1985,13,1,3,0,0,17,0.7647058823529411
1986,14,1,3,0,0,18,0.7777777777777778
1987,13,2,2,0,0,17,0.7647058823529411
1988,13,1,3,0,0,17,0.7647058823529411
1989,13,2,3,0,0,18,0.7222222222222222
1990,12,2,3,0,0,17,0.7058823529411765
1991,11,1,2,0,0,14,0.7857142857142857
1992,12,2,2,0,0,16,0.75
1993,14,4,3,0,0,21,0.6666666666666666
1994,14,2,1,0,0,17,0.8235294117647058
1995,14,3,2,0,0,19,0.7368421052631579
1996,12,3,2,0,0,17,0.7058823529411765
1997,16,3,2,0,0,21,0.7619047619047619
1998,16,2,3,0,0,21,0.7619047619047619
1999,14,2,2,0,0,18,0.7777777777777778
2000,13,3,2,0,0,18,0.7222222222222222
2001,15,3,1,0,0,19,0.7894736842105263
2002,13,2,2,0,0,17,0.7647058823529411
2003,13,2,2,0,0,17,0.7647058823529411
2004,11,1,3,0,0,15,0.7333333333333333
2005,11,2,2,0,0,15,0.7333333333333333
2006,11,1,3,0,0,15,0.7333333333333333
2007,12,2,2,0,0,16,0.75
2008,10,2,2,0,0,14,0.7142857142857143
2009,11,1,3,0,0,15,0.7333333333333333
2010,13,1,1,0,0,15,0.8666666666666667
2011,10,3,3,0,0,16,0.625
2012,10,1,3,0,0,14,0.7142857142857143
2013,12,2,2,0,0,16,0.75
2014,11,2,3,0,0,16,0.6875
2015,11,1,2,0,0,14,0.7857142857142857
2016,16,3,2,0,0,21,0.7619047619047619
2017,13,2,3,0,0,18,0.7222222222222222
2018,12,3,3,0,0,18,0.6666666666666666
2019,14,4,2,0,0,20,0.7
2020,13,4,2,0,0,19,0.6842105263157895
2021,13,4,2,0,0,19,0.6842105263157895
2022,9,2,3,0,0,14,0.6428571428571429
2023,10,3,3,0,0,16,0.625
2024,10,1,3,0,0,14,0.7142857142857143
2025,10,3,2,0,0,15,0.6666666666666666
2026,13,3,3,0,0,19,0.6842105263157895
2027,12,3,3,0,0,18,0.6666666666666666
2028,12,2,3,0,0,17,0.7058823529411765
2029,11,2,2,0,0,15,0.7333333333333333
2030,13,3,3,0,0,19,0.6842105263157895
2031,11,2,2,0,0,15,0.7333333333333333
2032,13,3,2,0,0,18,0.7222222222222222
2033,16,2,2,0,0,20,0.8
2034,12,4,2,0,0,18,0.6666666666666666
2035,11,3,3,0,0,17,0.6470588235294118
2036,13,2,2,0,0,17,0.7647058823529411
2037,14,2,2,0,0,18,0.7777777777777778
2038,12,3,2,0,0,17,0.7058823529411765
2039,11,2,3,0,0,16,0.6875
2040,10,2,1,0,0,13,0.7692307692307693
2041,12,3,3,0,0,18,0.6666666666666666
2042,12,3,1,0,0,16,0.75
2043,12,3,1,0,0,16,0.75
2044,14,4,1,0,0,19,0.7368421052631579
2045,10,4,1,0,0,15,0.6666666666666666
2046,13,2,1,0,0,16,0.8125
2047,10,3,1,0,0,14,0.7142857142857143
2048,12,2,1,0,0,15,0.8
2049,13,2,2,0,0,17,0.7647058823529411
2050,10,3,1,0,0,14,0.7142857142857143
2051,12,2,2,0,0,16,0.75
2052,15,3,1,0,0,19,0.7894736842105263
2053,12,4,2,0,0,18,0.6666666666666666
2054,11,1,3,0,0,15,0.7333333333333333
2055,12,1,3,0,0,16,0.75
2056,11,1,3,0,0,15,0.7333333333333333
2057,13,1,3,0,0,17,0.7647058823529411
2058,12,2,3,0,0,17,0.7058823529411765
2059,14,2,1,0,0,17,0.8235294117647058
2060,14,2,2,0,0,18,0.7777777777777778
2061,10,2,3,0,0,15,0.6666666666666666
2062,13,3,3,0,0,19,0.6842105263157895
2063,12,3,3,0,0,18,0.6666666666666666
2064,11,2,2,0,0,15,0.7333333333333333
2065,13,3,3,0,0,19,0.6842105263157895
2066,10,2,3,0,0,15,0.6666666666666666
2067,13,2,3,0,0,18,0.7222222222222222
2068,12,2,3,0,0,17,0.7058823529411765
2069,9,3,2,0,0,14,0.6428571428571429
2070,13,2,2,0,0,17,0.7647058823529411
2071,12,2,3,0,0,17,0.7058823529411765
2072,16,2,2,0,0,20,0.8
2073,13,3,3,0,0,19,0.6842105263157895
2074,13,2,2,0,0,17,0.7647058823529411
2075,13,2,3,0,0,18,0.7222222222222222
2076,13,3,3,0,0,19,0.6842105263157895
2077,15,4,2,0,0,21,0.7142857142857143
2078,15,2,2,0,0,19,0.7894736842105263
2079,14,2,3,0,0,19,0.7368421052631579
2080,12,3,3,0,0,18,0.6666666666666666
2081,14,4,2,0,0,20,0.7
2082,13,2,2,0,0,17,0.7647058823529411
2083,13,2,3,0,0,18,0.7222222222222222
2084,15,3,2,0,0,20,0.75
2085,13,3,1,0,0,17,0.7647058823529411
2086,11,4,2,0,0,17,0.6470588235294118
2087,11,4,2,0,0,17,0.6470588235294118
2088,14,2,2,0,0,18,0.7777777777777778
2089,14,2,2,0,0,18,0.7777777777777778
2090,13,3,3,0,0,19,0.6842105263157895
2091,10,2,3,0,0,15,0.6666666666666666
2092,14,2,3,0,0,19,0.7368421052631579
2093,12,3,2,0,0,17,0.7058823529411765
2094,13,2,2,0,0,17,0.7647058823529411
2095,14,2,2,0,0,18,0.7777777777777778
2096,15,4,1,0,0,20,0.75
2097,13,2,3,0,0,18,0.7222222222222222
2098,14,2,1,0,0,17,0.8235294117647058
2099,15,3,1,0,0,19,0.7894736842105263
2100,16,2,2,0,0,20,0.8
2101,14,2,1,0,0,17,0.8235294117647058
2102,12,1,2,0,0,15,0.8
2103,12,1,2,0,0,15,0.8
2104,11,1,2,0,0,14,0.7857142857142857
2105,15,1,1,0,0,17,0.8823529411764706
2106,13,1,2,0,0,16,0.8125
2107,12,1,3,0,0,16,0.75
2108,12,1,3,0,0,16,0.75
2109,11,1,3,0,0,15,0.7333333333333333
2110,12,1,3,0,0,16,0.75
2111,14,2,3,0,0,19,0.7368421052631579
2112,12,2,2,0,0,16,0.75
2113,12,2,1,0,0,15,0.8
2114,14,3,1,0,0,18,0.7777777777777778
2115,13,2,2,0,0,17,0.7647058823529411
2116,11,3,1,0,0,15,0.7333333333333333
2117,13,2,2,0,0,17,0.7647058823529411
2118,12,3,1,0,0,16,0.75
2119,13,4,2,0,0,19,0.6842105263157895
2120,12,2,3,0,0,17,0.7058823529411765
2121,11,3,2,0,0,16,0.6875
2122,11,3,3,0,0,17,0.6470588235294118
2123,12,2,3,0,0,17,0.7058823529411765
2124,14,2,3,0,0,19,0.7368421052631579
2125,13,2,2,0,0,17,0.7647058823529411
2126,12,2,3,0,0,17,0.7058823529411765
2127,10,3,3,0,0,16,0.625
2128,12,4,2,0,0,18,0.6666666666666666
2129,12,3,2,0,0,17,0.7058823529411765
2130,12,2,2,0,0,16,0.75
2131,12,2,2,0,0,16,0.75
2132,10,3,3,0,0,16,0.625
2133,12,2,3,0,0,17,0.7058823529411765
2134,11,2,3,0,0,16,0.6875
2135,12,2,2,0,0,16,0.75
2136,14,4,2,0,0,20,0.7
2137,14,4,3,0,0,21,0.6666666666666666
2138,15,3,1,0,0,19,0.7894736842105263
2139,13,3,2,0,0,18,0.7222222222222222
2140,14,2,3,0,0,19,0.7368421052631579
2141,14,4,2,0,0,20,0.7
2142,14,3,3,0,0,20,0.7
2143,12,3,2,0,0,17,0.7058823529411765
2144,13,3,3,0,0,19,0.6842105263157895
2145,14,3,2,0,0,19,0.7368421052631579
2146,14,3,2,0,0,19,0.7368421052631579
2147,11,4,3,0,0,18,0.6111111111111112
2148,13,2,2,0,0,17,0.7647058823529411
2149,12,3,2,0,0,17,0.7058823529411765
2150,11,3,2,0,0,16,0.6875
2151,12,2,3,0,0,17,0.7058823529411765
2152,14,3,2,0,0,19,0.7368421052631579
2153,13,2,2,0,0,17,0.7647058823529411
2154,8,3,3,0,0,14,0.5714285714285714
2155,12,2,2,0,0,16,0.75
2156,11,3,3,0,0,17,0.6470588235294118
2157,13,2,3,0,0,18,0.7222222222222222
2158,12,3,3,0,0,18,0.6666666666666666
2159,12,2,3,0,0,17,0.7058823529411765
2160,8,3,2,0,0,13,0.6153846153846154
2161,10,2,3,0,0,15,0.6666666666666666
2162,10,2,3,0,0,15,0.6666666666666666
2163,11,2,3,0,0,16,0.6875
2164,10,2,3,0,0,15,0.6666666666666666
2165,10,2,2,0,0,14,0.7142857142857143
2166,11,2,2,0,0,15,0.7333333333333333
2167,12,2,3,0,0,17,0.7058823529411765
2168,13,4,3,0,0,20,0.65
2169,11,2,3,0,0,16,0.6875
2170,12,3,3,0,0,18,0.6666666666666666
2171,11,2,3,0,0,16,0.6875
2172,10,3,3,0,0,16,0.625
2173,14,3,1,0,0,18,0.7777777777777778
2174,13,2,2,0,0,17,0.7647058823529411
2175,12,2,3,0,0,17,0.7058823529411765
2176,12,3,3,0,0,18,0.6666666666666666
2177,14,2,3,0,0,19,0.7368421052631579
2178,13,2,3,0,0,18,0.7222222222222222
2179,14,3,3,0,0,20,0.7
2180,15,3,3,0,0,21,0.7142857142857143
2181,15,4,3,0,0,22,0.6818181818181818
2182,13,2,2,0,0,17,0.7647058823529411
2183,15,2,2,0,0,19,0.7894736842105263
2184,15,4,1,0,0,20,0.75
2185,14,2,3,0,0,19,0.7368421052631579
2186,12,2,2,0,0,16,0.75
2187,14,2,1,0,0,17,0.8235294117647058
2188,12,2,3,0,0,17,0.7058823529411765
2189,13,3,2,0,0,18,0.7222222222222222
2190,12,2,1,0,0,15,0.8
2191,12,2,1,0,0,15,0.8
2192,14,3,1,0,0,18,0.7777777777777778
2193,16,2,1,0,0,19,0.8421052631578947
2194,15,2,1,0,0,18,0.8333333333333334
2195,12,2,1,0,0,15,0.8
2196,16,3,1,0,0,20,0.8
2197,14,2,1,0,0,17,0.8235294117647058
2198,15,2,1,0,0,18,0.8333333333333334
2199,14,4,1,0,0,19,0.7368421052631579
2200,14,2,1,0,0,17,0.8235294117647058
2201,14,2,1,0,0,17,0.8235294117647058
2202,13,2,2,0,0,17,0.7647058823529411
2203,11,2,3,0,0,16,0.6875
2204,13,3,2,0,0,18,0.7222222222222222
2205,13,2,2,0,0,17,0.7647058823529411
2206,16,2,2,0,0,20,0.8
2207,14,2,2,0,0,18,0.7777777777777778
2208,13,2,1,0,0,16,0.8125
2209,14,2,2,0,0,18,0.7777777777777778
2210,15,4,1,0,0,20,0.75
2211,13,2,1,0,0,16,0.8125
2212,13,2,3,0,0,18,0.7222222222222222
2213,12,1,3,0,0,16,0.75
2214,13,3,2,0,0,18,0.7222222222222222
2215,15,3,2,0,0,20,0.75
2216,15,2,2,0,0,19,0.7894736842105263
2217,13,2,2,0,0,17,0.7647058823529411
2218,13,2,3,0,0,18,0.7222222222222222
2219,12,2,3,0,0,17,0.7058823529411765
2220,15,2,2,0,0,19,0.7894736842105263
2221,14,2,1,0,0,17,0.8235294117647058
2222,13,4,1,0,0,18,0.7222222222222222
2223,13,4,2,0,0,19,0.6842105263157895
2224,15,3,1,0,0,19,0.7894736842105263
2225,13,2,1,0,0,16,0.8125
2226,12,2,1,0,0,15,0.8
2227,14,2,1,0,0,17,0.8235294117647058
2228,14,3,1,0,0,18,0.7777777777777778
2229,14,3,1,0,0,18,0.7777777777777778
2230,15,2,1,0,0,18,0.8333333333333334
2231,12,3,2,0,0,17,0.7058823529411765
2232,13,4,3,0,0,20,0.65
2233,12,3,3,0,0,18,0.6666666666666666
2234,10,2,2,0,0,14,0.7142857142857143
2235,14,2,2,0,0,18,0.7777777777777778
2236,10,2,2,0,0,14,0.7142857142857143
2237,13,2,2,0,0,17,0.7647058823529411
2238,14,4,1,0,0,19,0.7368421052631579
2239,11,4,2,0,0,17,0.6470588235294118
2240,13,2,1,0,0,16,0.8125
2241,14,3,2,0,0,19,0.7368421052631579
2242,14,2,1,0,0,17,0.8235294117647058
2243,13,4,1,0,0,18,0.7222222222222222
2244,15,2,1,0,0,18,0.8333333333333334
2245,13,3,1,0,0,17,0.7647058823529411
2246,13,2,1,0,0,16,0.8125
2247,15,3,1,0,0,19,0.7894736842105263
2248,14,3,1,0,0,18,0.7777777777777778
2249,15,2,1,0,0,18,0.8333333333333334
2250,14,3,1,0,0,18,0.7777777777777778
2251,11,2,2,0,0,15,0.7333333333333333
2252,11,4,2,0,0,17,0.6470588235294118
2253,13,2,1,0,0,16,0.8125
2254,15,2,1,0,0,18,0.8333333333333334
2255,13,2,3,0,0,18,0.7222222222222222
2256,10,2,2,0,0,14,0.7142857142857143
2257,12,2,2,0,0,16,0.75
2258,12,2,1,0,0,15,0.8
2259,14,3,2,0,0,19,0.7368421052631579
2260,11,1,2,0,0,14,0.7857142857142857
2261,12,4,2,0,0,18,0.6666666666666666
2262,14,3,2,0,0,19,0.7368421052631579
2263,14,2,1,0,0,17,0.8235294117647058
2264,15,2,1,0,0,18,0.8333333333333334
2265,14,3,1,0,0,18,0.7777777777777778
2266,11,2,3,0,0,16,0.6875
2267,15,2,2,0,0,19,0.7894736842105263
2268,16,2,1,0,0,19,0.8421052631578947
2269,14,2,2,0,0,18,0.7777777777777778
2270,14,2,1,0,0,17,0.8235294117647058
2271,15,2,2,0,0,19,0.7894736842105263
2272,15,2,1,0,0,18,0.8333333333333334
2273,15,2,1,0,0,18,0.8333333333333334
2274,14,3,2,0,0,19,0.7368421052631579
2275,14,4,1,0,0,19,0.7368421052631579
2276,17,3,1,0,0,21,0.8095238095238095
2277,12,3,2,0,0,17,0.7058823529411765
2278,15,3,1,0,0,19,0.7894736842105263
2279,15,2,1,0,0,18,0.8333333333333334
2280,16,2,2,0,0,20,0.8
2281,17,3,1,0,0,21,0.8095238095238095
2282,16,2,1,0,0,19,0.8421052631578947
2283,15,2,1,0,0,18,0.8333333333333334
2284,14,3,1,0,0,18,0.7777777777777778
2285,14,3,1,0,0,18,0.7777777777777778
2286,13,2,1,0,0,16,0.8125
2287,16,3,2,0,0,21,0.7619047619047619
2288,14,2,1,0,0,17,0.8235294117647058
2289,14,2,2,0,0,18,0.7777777777777778
2290,16,4,1,0,0,21,0.7619047619047619
2291,15,2,1,0,0,18,0.8333333333333334
2292,14,2,1,0,0,17,0.8235294117647058
2293,13,2,2,0,0,17,0.7647058823529411
2294,15,4,2,0,0,21,0.7142857142857143
2295,12,4,2,0,0,18,0.6666666666666666
2296,10,2,2,0,0,14,0.7142857142857143
2297,15,2,1,0,0,18,0.8333333333333334
2298,14,2,1,0,0,17,0.8235294117647058
2299,12,2,2,0,0,16,0.75
2300,14,3,1,0,0,18,0.7777777777777778
2301,15,2,1,0,0,18,0.8333333333333334
2302,15,4,1,0,0,20,0.75
2303,17,3,1,0,0,21,0.8095238095238095
2304,15,3,1,0,0,19,0.7894736842105263
2305,13,3,2,0,0,18,0.7222222222222222
2306,10,4,2,0,0,16,0.625
2307,12,3,1,0,0,16,0.75
2308,13,3,2,0,0,18,0.7222222222222222
2309,14,2,2,0,0,18,0.7777777777777778
2310,10,3,2,0,0,15,0.6666666666666666
2311,11,2,2,0,0,15,0.7333333333333333
2312,10,3,2,0,0,15,0.6666666666666666
2313,13,2,2,0,0,17,0.7647058823529411
2314,14,2,2,0,0,18,0.7777777777777778
2315,15,2,2,0,0,19,0.7894736842105263
2316,14,2,2,0,0,18,0.7777777777777778
2317,11,4,2,0,0,17,0.6470588235294118
2318,13,3,1,0,0,17,0.7647058823529411
2319,13,3,2,0,0,18,0.7222222222222222
2320,12,3,3,0,0,18,0.6666666666666666
2321,14,3,2,0,0,19,0.7368421052631579
2322,13,3,2,0,0,18,0.7222222222222222
2323,12,2,2,0,0,16,0.75
2324,14,3,2,0,0,19,0.7368421052631579
2325,15,2,2,0,0,19,0.7894736842105263
2326,13,2,1,0,0,16,0.8125
2327,14,2,2,0,0,18,0.7777777777777778
2328,11,4,2,0,0,17,0.6470588235294118
2329,13,4,1,0,0,18,0.7222222222222222
2330,13,5,1,0,0,19,0.6842105263157895
2331,10,2,2,0,0,14,0.7142857142857143
2332,10,3,2,0,0,15,0.6666666666666666
2333,11,2,2,0,0,15,0.7333333333333333
2334,11,3,2,0,0,16,0.6875
2335,10,2,2,0,0,14,0.7142857142857143
2336,11,3,2,0,0,16,0.6875
2337,11,2,2,0,0,15,0.7333333333333333
2338,10,3,2,0,0,15,0.6666666666666666
2339,11,2,2,0,0,15,0.7333333333333333
2340,11,2,1,0,0,14,0.7857142857142857
2341,15,2,2,0,0,19,0.7894736842105263
2342,12,3,1,0,0,16,0.75
2343,14,3,2,0,0,19,0.7368421052631579
2344,14,2,2,0,0,18,0.7777777777777778
2345,13,3,2,0,0,18,0.7222222222222222
2346,12,4,2,0,0,18,0.6666666666666666
2347,12,3,2,0,0,17,0.7058823529411765
2348,11,3,2,0,0,16,0.6875
2349,13,2,2,0,0,17,0.7647058823529411
2350,12,3,2,0,0,17,0.7058823529411765
2351,13,2,2,0,0,17,0.7647058823529411
2352,10,2,2,0,0,14,0.7142857142857143
2353,8,3,2,0,0,13,0.6153846153846154
2354,11,2,2,0,0,15,0.7333333333333333
2355,10,3,1,0,0,14,0.7142857142857143
2356,11,3,1,0,0,15,0.7333333333333333
2357,10,3,2,0,0,15,0.6666666666666666
2358,13,3,2,0,0,18,0.7222222222222222
2359,14,2,2,0,0,18,0.7777777777777778
2360,13,3,2,0,0,18,0.7222222222222222
2361,9,2,2,0,0,13,0.6923076923076923
2362,11,2,2,0,0,15,0.7333333333333333
2363,15,2,2,0,0,19,0.7894736842105263
2364,9,3,3,0,0,15,0.6
2365,12,2,1,0,0,15,0.8
2366,10,2,2,0,0,14,0.7142857142857143
2367,12,2,2,0,0,16,0.75
2368,13,3,2,0,0,18,0.7222222222222222
2369,12,2,2,0,0,16,0.75
2370,13,2,2,0,0,17,0.7647058823529411
2371,14,3,2,0,0,19,0.7368421052631579
2372,13,3,2,0,0,18,0.7222222222222222
2373,13,3,2,0,0,18,0.7222222222222222
2374,15,2,2,0,0,19,0.7894736842105263
2375,13,4,2,0,0,19,0.6842105263157895
2376,15,3,2,0,0,20,0.75
2377,13,3,2,0,0,18,0.7222222222222222
2378,9,4,2,0,0,15,0.6
2379,12,2,1,0,0,15,0.8
2380,12,2,3,0,0,17,0.7058823529411765
2381,11,4,2,0,0,17,0.6470588235294118
2382,11,3,2,0,0,16,0.6875
2383,10,3,2,0,0,15,0.6666666666666666
2384,11,2,2,0,0,15,0.7333333333333333
2385,14,3,2,0,0,19,0.7368421052631579
2386,12,2,2,0,0,16,0.75
2387,14,3,2,0,0,19,0.7368421052631579
2388,15,2,2,0,0,19,0.7894736842105263
2389,13,2,2,0,0,17,0.7647058823529411
2390,9,2,2,0,0,13,0.6923076923076923
2391,13,2,2,0,0,17,0.7647058823529411
2392,12,2,2,0,0,16,0.75
2393,11,2,3,0,0,16,0.6875
2394,10,2,2,0,0,14,0.7142857142857143
2395,11,2,2,0,0,15,0.7333333333333333
2396,14,2,2,0,0,18,0.7777777777777778
2397,12,3,2,0,0,17,0.7058823529411765
2398,13,2,2,0,0,17,0.7647058823529411
2399,11,2,2,0,0,15,0.7333333333333333
2400,10,2,2,0,0,14,0.7142857142857143
2401,11,2,2,0,0,15,0.7333333333333333
2402,12,2,2,0,0,16,0.75
2403,15,3,2,0,0,20,0.75
2404,15,2,2,0,0,19,0.7894736842105263
2405,15,3,2,0,0,20,0.75
2406,10,2,2,0,0,14,0.7142857142857143
2407,11,3,2,0,0,16,0.6875
2408,11,2,2,0,0,15,0.7333333333333333
2409,11,2,2,0,0,15,0.7333333333333333
2410,11,2,1,0,0,14,0.7857142857142857
2411,13,3,2,0,0,18,0.7222222222222222
2412,13,2,2,0,0,17,0.7647058823529411
2413,10,2,3,0,0,15,0.6666666666666666
2414,15,3,2,0,0,20,0.75
2415,10,3,2,0,0,15,0.6666666666666666
2416,13,2,2,0,0,17,0.7647058823529411
2417,13,2,3,0,0,18,0.7222222222222222
2418,13,3,2,0,0,18,0.7222222222222222
2419,14,2,1,0,0,17,0.8235294117647058
2420,12,3,2,0,0,17,0.7058823529411765
2421,14,3,2,0,0,19,0.7368421052631579
2422,13,2,2,0,0,17,0.7647058823529411
2423,12,2,2,0,0,16,0.75
2424,11,3,2,0,0,16,0.6875
2425,12,2,2,0,0,16,0.75
2426,12,3,2,0,0,17,0.7058823529411765
2427,10,2,2,0,0,14,0.7142857142857143
2428,7,3,2,0,0,12,0.5833333333333334
2429,11,2,3,0,0,16,0.6875
2430,11,2,3,0,0,16,0.6875
2431,12,3,1,0,0,16,0.75
2432,12,2,3,0,0,17,0.7058823529411765
2433,12,4,2,0,0,18,0.6666666666666666
2434,15,2,2,0,0,19,0.7894736842105263
2435,11,3,2,0,0,16,0.6875
2436,13,2,2,0,0,17,0.7647058823529411
2437,13,2,2,0,0,17,0.7647058823529411
2438,13,3,1,0,0,17,0.7647058823529411
2439,15,2,2,0,0,19,0.7894736842105263
2440,14,2,2,0,0,18,0.7777777777777778
2441,14,2,2,0,0,18,0.7777777777777778
2442,13,2,1,0,0,16,0.8125
2443,14,3,2,0,0,19,0.7368421052631579
2444,15,3,1,0,0,19,0.7894736842105263
2445,13,3,2,0,0,18,0.7222222222222222
2446,10,4,1,0,0,15,0.6666666666666666
2447,13,2,1,0,0,16,0.8125
2448,12,4,1,0,0,17,0.7058823529411765
2449,12,2,1,0,0,15,0.8
2450,14,3,1,0,0,18,0.7777777777777778
2451,14,2,2,0,0,18,0.7777777777777778
2452,12,3,2,0,0,17,0.7058823529411765
2453,14,3,2,0,0,19,0.7368421052631579
2454,11,2,2,0,0,15,0.7333333333333333
2455,12,3,2,0,0,17,0.7058823529411765
2456,13,2,2,0,0,17,0.7647058823529411
2457,13,2,2,0,0,17,0.7647058823529411
2458,14,2,2,0,0,18,0.7777777777777778
2459,14,2,1,0,0,17,0.8235294117647058
2460,13,3,2,0,0,18,0.7222222222222222
2461,12,2,2,0,0,16,0.75
2462,13,1,1,0,0,15,0.8666666666666667
2463,15,2,2,0,0,19,0.7894736842105263
2464,13,2,2,0,0,17,0.7647058823529411
2465,12,2,2,0,0,16,0.75
2466,14,2,2,0,0,18,0.7777777777777778
2467,13,2,2,0,0,17,0.7647058823529411
2468,15,2,1,0,0,18,0.8333333333333334
2469,16,2,1,0,0,19,0.8421052631578947
2470,13,2,1,0,0,16,0.8125
2471,12,3,2,0,0,17,0.7058823529411765
2472,12,2,3,0,0,17,0.7058823529411765
2473,14,2,1,0,0,17,0.8235294117647058
2474,14,3,3,0,0,20,0.7
2475,14,2,3,0,0,19,0.7368421052631579
2476,13,2,3,0,0,18,0.7222222222222222
2477,13,4,3,0,0,20,0.65
2478,14,2,2,0,0,18,0.7777777777777778
2479,15,2,3,0,0,20,0.75
2480,12,2,3,0,0,17,0.7058823529411765
2481,14,2,2,0,0,18,0.7777777777777778
2482,13,2,2,0,0,17,0.7647058823529411
2483,14,3,2,0,0,19,0.7368421052631579
2484,10,3,2,0,0,15,0.6666666666666666
2485,10,2,1,0,0,13,0.7692307692307693
2486,13,2,3,0,0,18,0.7222222222222222
2487,11,2,3,0,0,16,0.6875
2488,13,2,1,0,0,16,0.8125
2489,13,2,1,0,0,16,0.8125
2490,15,2,2,0,0,19,0.7894736842105263
2491,13,2,1,0,0,16,0.8125
2492,14,2,1,0,0,17,0.8235294117647058
2493,12,3,1,0,0,16,0.75
2494,13,2,2,0,0,17,0.7647058823529411
2495,14,2,2,0,0,18,0.7777777777777778
2496,14,2,2,0,0,18,0.7777777777777778
2497,12,2,2,0,0,16,0.75
2498,15,2,2,0,0,19,0.7894736842105263
2499,11,3,1,0,0,15,0.7333333333333333
2500,15,2,2,0,0,19,0.7894736842105263
2501,12,2,2,0,0,16,0.75
2502,11,2,2,0,0,15,0.7333333333333333
2503,12,2,2,0,0,16,0.75
2504,9,2,2,0,0,13,0.6923076923076923
2505,10,2,1,0,0,13,0.7692307692307693
2506,8,4,3,0,0,15,0.5333333333333333
2507,10,4,2,0,0,16,0.625
2508,12,1,2,0,0,15,0.8
2509,12,3,2,0,0,17,0.7058823529411765
2510,13,2,2,0,0,17,0.7647058823529411
2511,12,3,3,0,0,18,0.6666666666666666
2512,11,2,2,0,0,15,0.7333333333333333
2513,10,2,2,0,0,14,0.7142857142857143
2514,11,3,2,0,0,16,0.6875
2515,14,2,2,0,0,18,0.7777777777777778
2516,13,2,2,0,0,17,0.7647058823529411
2517,12,2,1,0,0,15,0.8
2518,10,3,3,0,0,16,0.625
2519,13,3,2,0,0,18,0.7222222222222222
2520,12,3,2,0,0,17,0.7058823529411765
2521,9,3,2,0,0,14,0.6428571428571429
2522,11,2,2,0,0,15,0.7333333333333333
2523,12,2,2,0,0,16,0.75
2524,13,2,2,0,0,17,0.7647058823529411
2525,12,3,2,0,0,17,0.7058823529411765
2526,12,3,2,0,0,17,0.7058823529411765
2527,13,2,3,0,0,18,0.7222222222222222
2528,12,2,3,0,0,17,0.7058823529411765
2529,13,2,2,0,0,17,0.7647058823529411
2530,14,3,1,0,0,18,0.7777777777777778
2531,13,3,2,0,0,18,0.7222222222222222
2532,13,1,3,0,0,17,0.7647058823529411
2533,13,1,2,0,0,16,0.8125
2534,13,1,2,0,0,16,0.8125
2535,11,1,2,0,0,14,0.7857142857142857
2536,14,1,2,0,0,17,0.8235294117647058
2537,13,1,2,0,0,16,0.8125
2538,11,1,2,0,0,14,0.7857142857142857
2539,10,1,2,0,0,13,0.7692307692307693
2540,14,3,2,0,0,19,0.7368421052631579
2541,13,1,2,0,0,16,0.8125
2542,12,1,2,0,0,15,0.8
2543,12,1,1,0,0,14,0.8571428571428571
2544,12,1,2,0,0,15,0.8
2545,13,1,2,0,0,16,0.8125
2546,13,1,2,0,0,16,0.8125
2547,10,2,2,0,0,14,0.7142857142857143
2548,12,1,2,0,0,15,0.8
2549,14,1,2,0,0,17,0.8235294117647058
2550,13,2,2,0,0,17,0.7647058823529411
2551,11,3,2,0,0,16,0.6875
2552,13,2,2,0,0,17,0.7647058823529411
2553,14,2,1,0,0,17,0.8235294117647058
2554,15,1,2,0,0,18,0.8333333333333334
2555,13,2,2,0,0,17,0.7647058823529411
2556,14,2,2,0,0,18,0.7777777777777778
2557,12,3,2,0,0,17,0.7058823529411765
2558,15,3,1,0,0,19,0.7894736842105263
2559,13,2,1,0,0,16,0.8125
2560,13,2,2,0,0,17,0.7647058823529411
2561,14,2,2,0,0,18,0.7777777777777778
2562,13,3,2,0,0,18,0.7222222222222222
2563,14,2,2,0,0,18,0.7777777777777778
2564,13,4,2,0,0,19,0.6842105263157895
2565,13,3,2,0,0,18,0.7222222222222222
2566,15,2,2,0,0,19,0.7894736842105263
2567,14,2,2,0,0,18,0.7777777777777778
2568,15,3,2,0,0,20,0.75
2569,14,2,2,0,0,18,0.7777777777777778
2570,12,2,2,0,0,16,0.75
2571,14,2,2,0,0,18,0.7777777777777778
2572,12,2,2,0,0,16,0.75
2573,12,2,2,0,0,16,0.75
2574,12,2,2,0,0,16,0.75
2575,14,2,2,0,0,18,0.7777777777777778
2576,13,3,2,0,0,18,0.7222222222222222
2577,15,2,2,0,0,19,0.7894736842105263
2578,13,2,2,0,0,17,0.7647058823529411
2579,13,2,2,0,0,17,0.7647058823529411
2580,13,4,2,0,0,19,0.6842105263157895
2581,12,3,2,0,0,17,0.7058823529411765
2582,11,3,2,0,0,16,0.6875
2583,13,4,2,0,0,19,0.6842105263157895
2584,16,3,1,0,0,20,0.8
2585,13,2,1,0,0,16,0.8125
2586,15,2,2,0,0,19,0.7894736842105263
2587,15,4,2,0,0,21,0.7142857142857143
2588,14,3,2,0,0,19,0.7368421052631579
2589,13,2,2,0,0,17,0.7647058823529411
2590,16,3,1,0,0,20,0.8
2591,14,3,2,0,0,19,0.7368421052631579
2592,16,3,1,0,0,20,0.8
2593,14,2,1,0,0,17,0.8235294117647058
2594,16,3,1,0,0,20,0.8
2595,16,3,1,0,0,20,0.8
2596,16,2,2,0,0,20,0.8
2597,17,3,1,0,0,21,0.8095238095238095
2598,14,4,1,0,0,19,0.7368421052631579
2599,13,2,1,0,0,16,0.8125
2600,15,2,2,0,0,19,0.7894736842105263
2601,13,3,1,0,0,17,0.7647058823529411
2602,14,4,1,0,0,19,0.7368421052631579
2603,16,3,1,0,0,20,0.8
2604,13,3,2,0,0,18,0.7222222222222222
2605,12,2,2,0,0,16,0.75
2606,13,2,1,0,0,16,0.8125
2607,11,4,2,0,0,17,0.6470588235294118
2608,13,3,2,0,0,18,0.7222222222222222
2609,14,2,2,0,0,18,0.7777777777777778
2610,13,3,2,0,0,18,0.7222222222222222
2611,15,3,2,0,0,20,0.75
2612,13,2,1,0,0,16,0.8125
2613,14,2,1,0,0,17,0.8235294117647058
2614,14,2,1,0,0,17,0.8235294117647058
2615,15,3,1,0,0,19,0.7894736842105263
2616,16,2,1,0,0,19,0.8421052631578947
2617,13,3,2,0,0,18,0.7222222222222222
2618,15,2,1,0,0,18,0.8333333333333334
2619,16,2,1,0,0,19,0.8421052631578947
2620,15,2,2,0,0,19,0.7894736842105263
2621,14,2,1,0,0,17,0.8235294117647058
2622,16,4,1,0,0,21,0.7619047619047619
2623,11,2,2,0,0,15,0.7333333333333333
2624,16,2,1,0,0,19,0.8421052631578947
2625,15,4,1,0,0,20,0.75
2626,15,4,1,0,0,20,0.75
2627,14,2,1,0,0,17,0.8235294117647058
2628,14,2,1,0,0,17,0.8235294117647058
2629,16,2,1,0,0,19,0.8421052631578947
2630,16,2,1,0,0,19,0.8421052631578947
2631,15,3,1,0,0,19,0.7894736842105263
2632,15,2,2,0,0,19,0.7894736842105263
2633,16,2,1,0,0,19,0.8421052631578947
2634,16,2,2,0,0,20,0.8
2635,15,2,1,0,0,18,0.8333333333333334
2636,15,2,1,0,0,18,0.8333333333333334
2637,17,2,1,0,0,20,0.85
2638,15,3,1,0,0,19,0.7894736842105263
2639,16,2,1,0,0,19,0.8421052631578947
2640,16,2,1,0,0,19,0.8421052631578947
2641,17,3,1,0,0,21,0.8095238095238095
2642,17,3,1,0,0,21,0.8095238095238095
2643,16,4,1,0,0,21,0.7619047619047619
2644,15,2,2,0,0,19,0.7894736842105263
2645,14,2,1,0,0,17,0.8235294117647058
2646,13,2,1,0,0,16,0.8125
2647,14,2,1,0,0,17,0.8235294117647058
2648,14,2,1,0,0,17,0.8235294117647058
2649,14,3,1,0,0,18,0.7777777777777778
2650,16,2,1,0,0,19,0.8421052631578947
2651,15,3,1,0,0,19,0.7894736842105263
2652,14,3,1,0,0,18,0.7777777777777778
2653,14,4,1,0,0,19,0.7368421052631579
2654,15,3,1,0,0,19,0.7894736842105263
2655,14,2,2,0,0,18,0.7777777777777778
2656,15,2,2,0,0,19,0.7894736842105263
2657,13,2,2,0,0,17,0.7647058823529411
2658,13,2,1,0,0,16,0.8125
2659,11,2,2,0,0,15,0.7333333333333333
2660,15,3,1,0,0,19,0.7894736842105263
2661,15,2,1,0,0,18,0.8333333333333334
2662,16,2,2,0,0,20,0.8
2663,12,2,2,0,0,16,0.75
2664,15,3,1,0,0,19,0.7894736842105263
2665,13,2,1,0,0,16,0.8125
2666,16,2,1,0,0,19,0.8421052631578947
2667,12,2,1,0,0,15,0.8
2668,16,2,1,0,0,19,0.8421052631578947
2669,15,2,2,0,0,19,0.7894736842105263
2670,16,2,1,0,0,19,0.8421052631578947
2671,12,2,1,0,0,15,0.8
2672,11,2,1,0,0,14,0.7857142857142857
2673,15,2,1,0,0,18,0.8333333333333334
2674,13,2,1,0,0,16,0.8125
2675,13,2,1,0,0,16,0.8125
2676,15,2,2,0,0,19,0.7894736842105263
2677,14,2,3,0,0,19,0.7368421052631579
2678,10,3,2,0,0,15,0.6666666666666666
2679,15,2,1,0,0,18,0.8333333333333334
2680,15,2,1,0,0,18,0.8333333333333334
2681,17,2,1,0,0,20,0.85
2682,15,3,1,0,0,19,0.7894736842105263
2683,15,2,1,0,0,18,0.8333333333333334
2684,16,2,1,0,0,19,0.8421052631578947
2685,15,2,1,0,0,18,0.8333333333333334
2686,15,3,1,0,0,19,0.7894736842105263
2687,15,2,2,0,0,19,0.7894736842105263
2688,12,2,2,0,0,16,0.75
2689,13,2,1,0,0,16,0.8125
2690,14,2,1,0,0,17,0.8235294117647058
2691,15,3,1,0,0,19,0.7894736842105263
2692,14,4,1,0,0,19,0.7368421052631579
2693,16,3,1,0,0,20,0.8
2694,16,3,1,0,0,20,0.8
2695,16,3,1,0,0,20,0.8
2696,14,2,1,0,0,17,0.8235294117647058
2697,15,2,1,0,0,18,0.8333333333333334
2698,15,2,1,0,0,18,0.8333333333333334
2699,17,2,1,0,0,20,0.85
2700,15,3,1,0,0,19,0.7894736842105263
2701,14,2,1,0,0,17,0.8235294117647058
2702,17,4,2,0,0,23,0.7391304347826086
2703,16,2,1,0,0,19,0.8421052631578947
2704,16,3,1,0,0,20,0.8
2705,16,2,1,0,0,19,0.8421052631578947
2706,17,2,1,0,0,20,0.85
2707,14,3,1,0,0,18,0.7777777777777778
2708,16,3,2,0,0,21,0.7619047619047619
2709,15,3,1,0,0,19,0.7894736842105263
2710,15,2,2,0,0,19,0.7894736842105263
2711,15,2,1,0,0,18,0.8333333333333334
2712,16,4,2,0,0,22,0.7272727272727273
2713,17,2,2,0,0,21,0.8095238095238095
2714,12,4,1,0,0,17,0.7058823529411765
2715,17,4,1,0,0,22,0.7727272727272727
2716,16,2,2,0,0,20,0.8
2717,14,2,1,0,0,17,0.8235294117647058
2718,16,2,1,0,0,19,0.8421052631578947
2719,16,3,2,0,0,21,0.7619047619047619
2720,16,4,2,0,0,22,0.7272727272727273
2721,15,2,1,0,0,18,0.8333333333333334
2722,17,2,2,0,0,21,0.8095238095238095
2723,14,2,1,0,0,17,0.8235294117647058
2724,16,4,1,0,0,21,0.7619047619047619
2725,16,2,1,0,0,19,0.8421052631578947
2726,14,2,2,0,0,18,0.7777777777777778
2727,16,2,1,0,0,19,0.8421052631578947
2728,16,2,1,0,0,19,0.8421052631578947
2729,15,2,2,0,0,19,0.7894736842105263
2730,14,2,2,0,0,18,0.7777777777777778
2731,15,2,2,0,0,19,0.7894736842105263
2732,15,3,1,0,0,19,0.7894736842105263
2733,14,4,2,0,0,20,0.7
2734,14,3,2,0,0,19,0.7368421052631579
2735,16,2,1,0,0,19,0.8421052631578947
2736,15,2,1,0,0,18,0.8333333333333334
2737,15,2,2,0,0,19,0.7894736842105263
2738,15,2,2,0,0,19,0.7894736842105263
2739,17,2,1,0,0,20,0.85
2740,11,2,1,0,0,14,0.7857142857142857
2741,16,2,1,0,0,19,0.8421052631578947
2742,13,2,1,0,0,16,0.8125
2743,17,3,1,0,0,21,0.8095238095238095
2744,16,3,1,0,0,20,0.8
2745,15,3,1,0,0,19,0.7894736842105263
2746,16,2,2,0,0,20,0.8
2747,15,4,1,0,0,20,0.75
2748,16,2,1,0,0,19,0.8421052631578947
2749,14,2,1,0,0,17,0.8235294117647058
2750,15,2,2,0,0,19,0.7894736842105263
2751,15,3,1,0,0,19,0.7894736842105263
2752,18,2,1,0,0,21,0.8571428571428571
2753,15,2,1,0,0,18,0.8333333333333334
2754,15,2,1,0,0,18,0.8333333333333334
2755,15,2,1,0,0,18,0.8333333333333334
2756,14,3,2,0,0,19,0.7368421052631579
2757,14,2,1,0,0,17,0.8235294117647058
2758,13,4,2,0,0,19,0.6842105263157895
2759,15,3,2,0,0,20,0.75
2760,15,2,1,0,0,18,0.8333333333333334
2761,12,2,1,0,0,15,0.8
2762,12,2,1,0,0,15,0.8
2763,13,2,2,0,0,17,0.7647058823529411
2764,14,2,1,0,0,17,0.8235294117647058
2765,15,2,2,0,0,19,0.7894736842105263
2766,13,2,1,0,0,16,0.8125
2767,13,4,1,0,0,18,0.7222222222222222
2768,13,2,1,0,0,16,0.8125
2769,14,2,3,0,0,19,0.7368421052631579
2770,15,2,2,0,0,19,0.7894736842105263
2771,12,3,3,0,0,18,0.6666666666666666
2772,15,2,2,0,0,19,0.7894736842105263
2773,14,2,2,0,0,18,0.7777777777777778
2774,15,2,1,0,0,18,0.8333333333333334
2775,12,3,1,0,0,16,0.75
2776,13,3,2,0,0,18,0.7222222222222222
2777,16,4,3,0,0,23,0.6956521739130435
2778,13,2,2,0,0,17,0.7647058823529411
2779,16,2,2,0,0,20,0.8
2780,15,3,1,0,0,19,0.7894736842105263
2781,13,2,2,0,0,17,0.7647058823529411
2782,12,2,2,0,0,16,0.75
2783,15,3,2,0,0,20,0.75
2784,15,2,2,0,0,19,0.7894736842105263
2785,15,2,1,0,0,18,0.8333333333333334
2786,14,2,1,0,0,17,0.8235294117647058
2787,16,2,2,0,0,20,0.8
2788,16,4,1,0,0,21,0.7619047619047619
2789,12,2,2,0,0,16,0.75
2790,14,2,2,0,0,18,0.7777777777777778
2791,12,2,2,0,0,16,0.75
2792,15,2,2,0,0,19,0.7894736842105263
2793,14,2,2,0,0,18,0.7777777777777778
2794,15,2,1,0,0,18,0.8333333333333334
2795,14,2,2,0,0,18,0.7777777777777778
2796,11,2,2,0,0,15,0.7333333333333333
2797,13,2,1,0,0,16,0.8125
2798,14,3,3,0,0,20,0.7
2799,13,2,1,0,0,16,0.8125
2800,14,2,1,0,0,17,0.8235294117647058
2801,16,2,2,0,0,20,0.8
2802,14,2,2,0,0,18,0.7777777777777778
2803,15,2,1,0,0,18,0.8333333333333334
2804,14,2,1,0,0,17,0.8235294117647058
2805,15,2,2,0,0,19,0.7894736842105263
2806,15,2,1,0,0,18,0.8333333333333334
2807,14,3,2,0,0,19,0.7368421052631579
2808,10,2,3,0,0,15,0.6666666666666666
2809,13,2,2,0,0,17,0.7647058823529411
2810,13,3,2,0,0,18,0.7222222222222222
2811,12,3,1,0,0,16,0.75
2812,13,3,1,0,0,17,0.7647058823529411
2813,15,3,2,0,0,20,0.75
2814,14,2,1,0,0,17,0.8235294117647058
2815,15,3,2,0,0,20,0.75
2816,14,2,3,0,0,19,0.7368421052631579
2817,12,2,2,0,0,16,0.75
2818,15,2,1,0,0,18,0.8333333333333334
2819,12,2,2,0,0,16,0.75
2820,12,3,2,0,0,17,0.7058823529411765
2821,13,2,2,0,0,17,0.7647058823529411
2822,15,3,1,0,0,19,0.7894736842105263
2823,13,3,1,0,0,17,0.7647058823529411
2824,13,2,1,0,0,16,0.8125
2825,12,3,1,0,0,16,0.75
2826,15,2,1,0,0,18,0.8333333333333334
2827,14,2,1,0,0,17,0.8235294117647058
2828,13,2,2,0,0,17,0.7647058823529411
2829,15,2,1,0,0,18,0.8333333333333334
2830,15,2,1,0,0,18,0.8333333333333334
2831,14,3,1,0,0,18,0.7777777777777778
2832,14,4,2,0,0,20,0.7
2833,14,3,2,0,0,19,0.7368421052631579
2834,13,2,2,0,0,17,0.7647058823529411
2835,14,3,2,0,0,19,0.7368421052631579
2836,13,3,2,0,0,18,0.7222222222222222
2837,14,2,2,0,0,18,0.7777777777777778
2838,13,3,2,0,0,18,0.7222222222222222
2839,15,2,1,0,0,18,0.8333333333333334
2840,14,3,1,0,0,18,0.7777777777777778
2841,14,2,1,0,0,17,0.8235294117647058
2842,15,2,1,0,0,18,0.8333333333333334
2843,13,3,2,0,0,18,0.7222222222222222
2844,14,3,1,0,0,18,0.7777777777777778
2845,14,3,2,0,0,19,0.7368421052631579
2846,15,2,2,0,0,19,0.7894736842105263
2847,12,2,2,0,0,16,0.75
2848,15,2,2,0,0,19,0.7894736842105263
2849,14,2,1,0,0,17,0.8235294117647058
2850,14,2,1,0,0,17,0.8235294117647058
2851,11,3,2,0,0,16,0.6875
2852,14,2,1,0,0,17,0.8235294117647058
2853,15,3,2,0,0,20,0.75
2854,15,2,1,0,0,18,0.8333333333333334
2855,13,3,1,0,0,17,0.7647058823529411
2856,15,3,1,0,0,19,0.7894736842105263
2857,14,2,1,0,0,17,0.8235294117647058
2858,15,4,1,0,0,20,0.75
2859,16,2,1,0,0,19,0.8421052631578947
2860,13,2,1,0,0,16,0.8125
2861,15,2,2,0,0,19,0.7894736842105263
2862,14,3,1,0,0,18,0.7777777777777778
2863,12,3,3,0,0,18,0.6666666666666666
2864,12,2,3,0,0,17,0.7058823529411765
2865,10,2,1,0,0,13,0.7692307692307693
2866,11,3,2,0,0,16,0.6875
2867,14,2,1,0,0,17,0.8235294117647058
2868,14,2,1,0,0,17,0.8235294117647058
2869,13,2,1,0,0,16,0.8125
2870,15,2,1,0,0,18,0.8333333333333334
2871,14,2,1,0,0,17,0.8235294117647058
2872,13,2,1,0,0,16,0.8125
2873,14,4,1,0,0,19,0.7368421052631579
2874,14,2,1,0,0,17,0.8235294117647058
2875,13,3,1,0,0,17,0.7647058823529411
2876,13,3,1,0,0,17,0.7647058823529411
2877,14,4,2,0,0,20,0.7
2878,15,2,1,0,0,18,0.8333333333333334
2879,15,2,1,0,0,18,0.8333333333333334
2880,13,2,2,0,0,17,0.7647058823529411
2881,15,2,2,0,0,19,0.7894736842105263
2882,14,2,2,0,0,18,0.7777777777777778
2883,13,4,2,0,0,19,0.6842105263157895
2884,13,2,2,0,0,17,0.7647058823529411
2885,12,2,2,0,0,16,0.75
2886,14,2,1,0,0,17,0.8235294117647058
2887,15,2,1,0,0,18,0.8333333333333334
2888,14,2,1,0,0,17,0.8235294117647058
2889,13,3,1,0,0,17,0.7647058823529411
2890,15,3,1,0,0,19,0.7894736842105263
2891,15,2,2,0,0,19,0.7894736842105263
2892,14,3,1,0,0,18,0.7777777777777778
2893,14,2,3,0,0,19,0.7368421052631579
2894,14,2,1,0,0,17,0.8235294117647058
2895,12,2,1,0,0,15,0.8
2896,13,3,1,0,0,17,0.7647058823529411
2897,14,2,2,0,0,18,0.7777777777777778
2898,13,4,2,0,0,19,0.6842105263157895
2899,14,2,2,0,0,18,0.7777777777777778
2900,13,3,1,0,0,17,0.7647058823529411
2901,12,3,2,0,0,17,0.7058823529411765
2902,14,3,3,0,0,20,0.7
2903,12,2,3,0,0,17,0.7058823529411765
2904,15,3,2,0,0,20,0.75
2905,10,2,3,0,0,15,0.6666666666666666
2906,15,3,1,0,0,19,0.7894736842105263
2907,15,3,1,0,0,19,0.7894736842105263
2908,14,2,2,0,0,18,0.7777777777777778
2909,15,3,1,0,0,19,0.7894736842105263
2910,14,2,2,0,0,18,0.7777777777777778
2911,13,4,1,0,0,18,0.7222222222222222
2912,14,2,1,0,0,17,0.8235294117647058
2913,14,3,2,0,0,19,0.7368421052631579
2914,14,2,2,0,0,18,0.7777777777777778
2915,14,3,1,0,0,18,0.7777777777777778
2916,11,2,2,0,0,15,0.7333333333333333
2917,12,2,2,0,0,16,0.75
2918,13,2,3,0,0,18,0.7222222222222222
2919,12,2,3,0,0,17,0.7058823529411765
2920,13,3,2,0,0,18,0.7222222222222222
2921,15,2,1,0,0,18,0.8333333333333334
2922,15,2,2,0,0,19,0.7894736842105263
2923,15,2,2,0,0,19,0.7894736842105263
2924,15,2,1,0,0,18,0.8333333333333334
2925,14,3,1,0,0,18,0.7777777777777778
2926,15,3,2,0,0,20,0.75
2927,15,2,1,0,0,18,0.8333333333333334
2928,16,2,1,0,0,19,0.8421052631578947
2929,15,2,1,0,0,18,0.8333333333333334
2930,14,4,1,0,0,19,0.7368421052631579
2931,16,2,1,0,0,19,0.8421052631578947
2932,16,2,1,0,0,19,0.8421052631578947
2933,13,2,2,0,0,17,0.7647058823529411
2934,14,3,1,0,0,18,0.7777777777777778
2935,14,2,2,0,0,18,0.7777777777777778
2936,15,4,1,0,0,20,0.75
2937,15,3,1,0,0,19,0.7894736842105263
2938,14,2,1,0,0,17,0.8235294117647058
2939,15,2,1,0,0,18,0.8333333333333334
2940,15,2,3,0,0,20,0.75
2941,17,2,1,0,0,20,0.85
2942,16,3,1,0,0,20,0.8
2943,17,2,2,0,0,21,0.8095238095238095
2944,14,3,1,0,0,18,0.7777777777777778
2945,13,2,1,0,0,16,0.8125
2946,15,3,1,0,0,19,0.7894736842105263
2947,16,3,1,0,0,20,0.8
2948,13,3,1,0,0,17,0.7647058823529411
2949,15,2,1,0,0,18,0.8333333333333334
2950,13,2,1,0,0,16,0.8125
2951,15,2,1,0,0,18,0.8333333333333334
2952,14,2,2,0,0,18,0.7777777777777778
2953,10,3,1,0,0,14,0.7142857142857143
2954,14,2,1,0,0,17,0.8235294117647058
2955,14,2,1,0,0,17,0.8235294117647058
2956,15,2,1,0,0,18,0.8333333333333334
2957,10,3,3,0,0,16,0.625
2958,15,2,1,0,0,18,0.8333333333333334
2959,15,2,1,0,0,18,0.8333333333333334
2960,15,3,1,0,0,19,0.7894736842105263
2961,12,2,1,0,0,15,0.8
2962,13,2,1,0,0,16,0.8125
2963,14,2,1,0,0,17,0.8235294117647058
2964,15,2,1,0,0,18,0.8333333333333334
2965,9,2,1,0,0,12,0.75
2966,14,2,1,0,0,17,0.8235294117647058
2967,12,2,1,0,0,15,0.8
2968,14,2,1,0,0,17,0.8235294117647058
2969,15,2,2,0,0,19,0.7894736842105263
2970,15,2,1,0,0,18,0.8333333333333334
2971,15,3,1,0,0,19,0.7894736842105263
2972,15,2,1,0,0,18,0.8333333333333334
2973,11,2,2,0,0,15,0.7333333333333333
2974,12,2,2,0,0,16,0.75
2975,15,2,1,0,0,18,0.8333333333333334
2976,14,2,1,0,0,17,0.8235294117647058
2977,16,2,2,0,0,20,0.8
2978,13,2,3,0,0,18,0.7222222222222222
2979,15,3,1,0,0,19,0.7894736842105263
2980,13,2,1,0,0,16,0.8125
2981,16,2,1,0,0,19,0.8421052631578947
2982,14,2,1,0,0,17,0.8235294117647058
2983,13,2,1,0,0,16,0.8125
2984,14,2,1,0,0,17,0.8235294117647058
2985,13,2,1,0,0,16,0.8125
2986,15,2,1,0,0,18,0.8333333333333334
2987,13,2,1,0,0,16,0.8125
2988,13,2,1,0,0,16,0.8125
2989,14,2,1,0,0,17,0.8235294117647058
2990,13,2,1,0,0,16,0.8125
2991,15,2,2,0,0,19,0.7894736842105263
2992,13,4,1,0,0,18,0.7222222222222222
2993,15,2,1,0,0,18,0.8333333333333334
2994,14,2,1,0,0,17,0.8235294117647058
2995,16,3,1,0,0,20,0.8
2996,13,2,2,0,0,17,0.7647058823529411
2997,14,4,2,0,0,20,0.7
2998,13,2,2,0,0,17,0.7647058823529411
2999,15,2,1,0,0,18,0.8333333333333334
3000,14,2,2,0,0,18,0.7777777777777778
3001,16,3,2,0,0,21,0.7619047619047619
3002,14,2,1,0,0,17,0.8235294117647058
3003,14,2,1,0,0,17,0.8235294117647058
3004,14,2,1,0,0,17,0.8235294117647058
3005,15,2,1,0,0,18,0.8333333333333334
3006,14,2,1,0,0,17,0.8235294117647058
3007,13,3,2,0,0,18,0.7222222222222222
3008,15,2,2,0,0,19,0.7894736842105263
3009,12,2,2,0,0,16,0.75
3010,14,2,2,0,0,18,0.7777777777777778
3011,13,2,1,0,0,16,0.8125
3012,15,2,1,0,0,18,0.8333333333333334
3013,15,2,1,0,0,18,0.8333333333333334
3014,14,2,2,0,0,18,0.7777777777777778
3015,13,3,2,0,0,18,0.7222222222222222
3016,14,2,1,0,0,17,0.8235294117647058
3017,16,4,2,0,0,22,0.7272727272727273
3018,13,3,2,0,0,18,0.7222222222222222
3019,15,2,2,0,0,19,0.7894736842105263
3020,14,3,1,0,0,18,0.7777777777777778
3021,13,2,2,0,0,17,0.7647058823529411
3022,13,2,1,0,0,16,0.8125
3023,15,3,1,0,0,19,0.7894736842105263
3024,14,2,1,0,0,17,0.8235294117647058
3025,15,2,2,0,0,19,0.7894736842105263
3026,14,2,2,0,0,18,0.7777777777777778
3027,11,2,3,0,0,16,0.6875
3028,14,2,2,0,0,18,0.7777777777777778
3029,13,2,2,0,0,17,0.7647058823529411
3030,14,2,2,0,0,18,0.7777777777777778
3031,13,3,1,0,0,17,0.7647058823529411
3032,12,4,2,0,0,18,0.6666666666666666
3033,14,2,2,0,0,18,0.7777777777777778
3034,13,3,1,0,0,17,0.7647058823529411
3035,10,2,1,0,0,13,0.7692307692307693
3036,14,2,1,0,0,17,0.8235294117647058
3037,15,3,1,0,0,19,0.7894736842105263
3038,16,2,1,0,0,19,0.8421052631578947
3039,11,2,1,0,0,14,0.7857142857142857
3040,15,2,1,0,0,18,0.8333333333333334
3041,16,2,1,0,0,19,0.8421052631578947
3042,13,3,1,0,0,17,0.7647058823529411
3043,15,2,1,0,0,18,0.8333333333333334
3044,14,3,1,0,0,18,0.7777777777777778
3045,15,2,1,0,0,18,0.8333333333333334
3046,14,2,1,0,0,17,0.8235294117647058
3047,13,2,1,0,0,16,0.8125
3048,15,2,1,0,0,18,0.8333333333333334
3049,14,2,1,0,0,17,0.8235294117647058
3050,15,2,2,0,0,19,0.7894736842105263
3051,16,2,2,0,0,20,0.8
3052,13,2,2,0,0,17,0.7647058823529411
3053,15,2,1,0,0,18,0.8333333333333334
3054,17,2,1,0,0,20,0.85
3055,13,4,1,0,0,18,0.7222222222222222
3056,14,2,1,0,0,17,0.8235294117647058
3057,14,3,1,0,0,18,0.7777777777777778
3058,13,2,2,0,0,17,0.7647058823529411
3059,16,2,1,0,0,19,0.8421052631578947
3060,14,2,1,0,0,17,0.8235294117647058
3061,13,2,1,0,0,16,0.8125
3062,14,2,1,0,0,17,0.8235294117647058
3063,15,4,1,0,0,20,0.75
3064,15,2,1,0,0,18,0.8333333333333334
3065,14,2,2,0,0,18,0.7777777777777778
3066,15,2,1,0,0,18,0.8333333333333334
3067,14,2,1,0,0,17,0.8235294117647058
3068,16,2,1,0,0,19,0.8421052631578947
3069,15,2,1,0,0,18,0.8333333333333334
3070,16,2,1,0,0,19,0.8421052631578947
3071,14,2,1,0,0,17,0.8235294117647058
3072,14,2,1,0,0,17,0.8235294117647058
3073,14,2,1,0,0,17,0.8235294117647058
3074,14,2,1,0,0,17,0.8235294117647058
3075,15,2,1,0,0,18,0.8333333333333334
3076,16,2,1,0,0,19,0.8421052631578947
3077,15,2,2,0,0,19,0.7894736842105263
3078,17,2,1,0,0,20,0.85
3079,15,3,1,0,0,19,0.7894736842105263
3080,14,2,1,0,0,17,0.8235294117647058
3081,15,2,1,0,0,18,0.8333333333333334
3082,15,3,1,0,0,19,0.7894736842105263
3083,13,3,1,0,0,17,0.7647058823529411
3084,16,2,2,0,0,20,0.8
3085,15,2,2,0,0,19,0.7894736842105263
3086,13,2,1,0,0,16,0.8125
3087,15,2,1,0,0,18,0.8333333333333334
3088,15,3,1,0,0,19,0.7894736842105263
3089,16,3,2,0,0,21,0.7619047619047619
3090,14,2,2,0,0,18,0.7777777777777778
3091,16,2,2,0,0,20,0.8
3092,15,2,1,0,0,18,0.8333333333333334
3093,13,2,1,0,0,16,0.8125
3094,15,2,1,0,0,18,0.8333333333333334
3095,14,2,1,0,0,17,0.8235294117647058
3096,16,3,2,0,0,21,0.7619047619047619
3097,14,2,1,0,0,17,0.8235294117647058
3098,15,2,1,0,0,18,0.8333333333333334
3099,15,2,1,0,0,18,0.8333333333333334
3100,14,2,1,0,0,17,0.8235294117647058
3101,15,2,1,0,0,18,0.8333333333333334
3102,16,2,2,0,0,20,0.8
3103,12,2,2,0,0,16,0.75
3104,13,2,2,0,0,17,0.7647058823529411
3105,15,4,1,0,0,20,0.75
3106,15,2,1,0,0,18,0.8333333333333334
3107,12,3,1,0,0,16,0.75
3108,16,2,2,0,0,20,0.8
3109,15,2,1,0,0,18,0.8333333333333334
3110,16,2,1,0,0,19,0.8421052631578947
3111,15,2,2,0,0,19,0.7894736842105263
3112,14,2,1,0,0,17,0.8235294117647058
3113,10,2,1,0,0,13,0.7692307692307693
3114,14,2,1,0,0,17,0.8235294117647058
3115,14,3,1,0,0,18,0.7777777777777778
3116,12,3,1,0,0,16,0.75
3117,12,3,1,0,0,16,0.75
3118,15,2,1,0,0,18,0.8333333333333334
3119,12,2,1,0,0,15,0.8
3120,15,2,1,0,0,18,0.8333333333333334
3121,15,2,1,0,0,18,0.8333333333333334
3122,13,2,1,0,0,16,0.8125
3123,12,2,1,0,0,15,0.8
3124,12,2,3,0,0,17,0.7058823529411765
3125,11,4,3,0,0,18,0.6111111111111112
3126,12,3,3,0,0,18,0.6666666666666666
3127,13,1,3,0,0,17,0.7647058823529411
3128,13,4,3,0,0,20,0.65
3129,13,2,3,0,0,18,0.7222222222222222
3130,9,2,3,0,0,14,0.6428571428571429
3131,12,3,3,0,0,18,0.6666666666666666
3132,12,2,3,0,0,17,0.7058823529411765
3133,10,2,3,0,0,15,0.6666666666666666
3134,12,2,3,0,0,17,0.7058823529411765
3135,10,2,3,0,0,15,0.6666666666666666
3136,10,2,3,0,0,15,0.6666666666666666
3137,9,2,2,0,0,13,0.6923076923076923
3138,12,2,2,0,0,16,0.75
3139,11,2,3,0,0,16,0.6875
3140,10,4,2,0,0,16,0.625
3141,12,2,3,0,0,17,0.7058823529411765
3142,12,2,2,0,0,16,0.75
3143,12,2,2,0,0,16,0.75
3144,11,3,3,0,0,17,0.6470588235294118
3145,11,2,3,0,0,16,0.6875
3146,11,2,2,0,0,15,0.7333333333333333
3147,12,2,2,0,0,16,0.75
3148,14,2,3,0,0,19,0.7368421052631579
3149,12,3,2,0,0,17,0.7058823529411765
3150,14,2,3,0,0,19,0.7368421052631579
3151,15,2,2,0,0,19,0.7894736842105263
3152,13,2,3,0,0,18,0.7222222222222222
3153,15,3,2,0,0,20,0.75
3154,11,2,3,0,0,16,0.6875
3155,13,1,3,0,0,17,0.7647058823529411
3156,13,2,2,0,0,17,0.7647058823529411
3157,13,2,2,0,0,17,0.7647058823529411
3158,11,2,3,0,0,16,0.6875
3159,12,2,1,0,0,15,0.8
3160,13,2,2,0,0,17,0.7647058823529411
3161,14,2,3,0,0,19,0.7368421052631579
3162,13,3,3,0,0,19,0.6842105263157895
3163,12,2,3,0,0,17,0.7058823529411765
3164,13,4,2,0,0,19,0.6842105263157895
3165,14,1,3,0,0,18,0.7777777777777778
3166,14,2,3,0,0,19,0.7368421052631579
3167,13,3,3,0,0,19,0.6842105263157895
3168,13,2,2,0,0,17,0.7647058823529411
3169,14,3,2,0,0,19,0.7368421052631579
3170,13,4,3,0,0,20,0.65
3171,14,2,2,0,0,18,0.7777777777777778
3172,15,2,2,0,0,19,0.7894736842105263
3173,14,3,3,0,0,20,0.7
3174,13,2,3,0,0,18,0.7222222222222222
3175,13,2,2,0,0,17,0.7647058823529411
3176,14,3,3,0,0,20,0.7
3177,13,2,2,0,0,17,0.7647058823529411
3178,14,2,2,0,0,18,0.7777777777777778
3179,11,2,2,0,0,15,0.7333333333333333
3180,13,2,3,0,0,18,0.7222222222222222
3181,12,2,2,0,0,16,0.75
3182,13,3,3,0,0,19,0.6842105263157895
3183,14,2,3,0,0,19,0.7368421052631579
3184,13,2,3,0,0,18,0.7222222222222222
3185,13,2,2,0,0,17,0.7647058823529411
3186,13,2,2,0,0,17,0.7647058823529411
3187,15,2,2,0,0,19,0.7894736842105263
3188,15,3,2,0,0,20,0.75
3189,13,3,3,0,0,19,0.6842105263157895
3190,14,2,3,0,0,19,0.7368421052631579
3191,13,2,3,0,0,18,0.7222222222222222
3192,14,2,2,0,0,18,0.7777777777777778
3193,15,3,2,0,0,20,0.75
3194,14,3,3,0,0,20,0.7
3195,14,2,3,0,0,19,0.7368421052631579
3196,13,2,3,0,0,18,0.7222222222222222
3197,14,2,3,0,0,19,0.7368421052631579
3198,15,3,3,0,0,21,0.7142857142857143
3199,13,2,3,0,0,18,0.7222222222222222
3200,13,2,3,0,0,18,0.7222222222222222
3201,14,2,1,0,0,17,0.8235294117647058
3202,14,2,3,0,0,19,0.7368421052631579
3203,12,2,3,0,0,17,0.7058823529411765
3204,13,3,2,0,0,18,0.7222222222222222
3205,12,3,2,0,0,17,0.7058823529411765
3206,11,3,3,0,0,17,0.6470588235294118
3207,13,2,3,0,0,18,0.7222222222222222
3208,14,2,2,0,0,18,0.7777777777777778
3209,12,3,3,0,0,18,0.6666666666666666
3210,11,2,3,0,0,16,0.6875
3211,11,2,3,0,0,16,0.6875
3212,13,2,3,0,0,18,0.7222222222222222
3213,11,3,3,0,0,17,0.6470588235294118
3214,12,2,3,0,0,17,0.7058823529411765
3215,13,2,3,0,0,18,0.7222222222222222
3216,12,2,2,0,0,16,0.75
3217,11,2,3,0,0,16,0.6875
3218,13,2,3,0,0,18,0.7222222222222222
3219,10,2,3,0,0,15,0.6666666666666666
3220,10,2,2,0,0,14,0.7142857142857143
3221,12,4,2,0,0,18,0.6666666666666666
3222,14,2,3,0,0,19,0.7368421052631579
3223,11,2,3,0,0,16,0.6875
3224,12,2,3,0,0,17,0.7058823529411765
3225,12,4,2,0,0,18,0.6666666666666666
3226,10,4,3,0,0,17,0.5882352941176471
3227,12,2,3,0,0,17,0.7058823529411765
3228,13,2,2,0,0,17,0.7647058823529411
3229,11,3,3,0,0,17,0.6470588235294118
3230,11,2,3,0,0,16,0.6875
3231,12,3,3,0,0,18,0.6666666666666666
3232,14,4,2,0,0,20,0.7
3233,13,2,3,0,0,18,0.7222222222222222
3234,12,2,2,0,0,16,0.75
3235,12,2,3,0,0,17,0.7058823529411765
3236,13,4,1,0,0,18,0.7222222222222222
3237,14,2,3,0,0,19,0.7368421052631579
3238,14,2,3,0,0,19,0.7368421052631579
3239,12,2,2,0,0,16,0.75
3240,13,2,3,0,0,18,0.7222222222222222
3241,11,3,3,0,0,17,0.6470588235294118
3242,11,2,3,0,0,16,0.6875
3243,12,3,3,0,0,18,0.6666666666666666
3244,12,3,3,0,0,18,0.6666666666666666
3245,12,3,3,0,0,18,0.6666666666666666
3246,12,3,3,0,0,18,0.6666666666666666
3247,13,2,2,0,0,17,0.7647058823529411
3248,13,3,3,0,0,19,0.6842105263157895
3249,15,3,3,0,0,21,0.7142857142857143
3250,11,2,3,0,0,16,0.6875
3251,14,3,3,0,0,20,0.7
3252,14,2,2,0,0,18,0.7777777777777778
3253,11,2,2,0,0,15,0.7333333333333333
3254,11,2,2,0,0,15,0.7333333333333333
3255,13,4,2,0,0,19,0.6842105263157895
3256,13,4,1,0,0,18,0.7222222222222222
3257,13,2,3,0,0,18,0.7222222222222222
3258,12,3,2,0,0,17,0.7058823529411765
3259,14,3,2,0,0,19,0.7368421052631579
3260,14,2,2,0,0,18,0.7777777777777778
3261,13,2,3,0,0,18,0.7222222222222222
3262,14,3,1,0,0,18,0.7777777777777778
3263,11,2,2,0,0,15,0.7333333333333333
3264,12,2,3,0,0,17,0.7058823529411765
3265,13,2,2,0,0,17,0.7647058823529411
3266,13,3,2,0,0,18,0.7222222222222222
3267,13,2,2,0,0,17,0.7647058823529411
3268,14,2,2,0,0,18,0.7777777777777778
3269,15,2,2,0,0,19,0.7894736842105263
3270,13,3,3,0,0,19,0.6842105263157895
3271,13,3,3,0,0,19,0.6842105263157895
3272,15,3,2,0,0,20,0.75
3273,13,2,2,0,0,17,0.7647058823529411
3274,14,2,2,0,0,18,0.7777777777777778
3275,13,2,2,0,0,17,0.7647058823529411
3276,12,2,3,0,0,17,0.7058823529411765
3277,13,2,2,0,0,17,0.7647058823529411
3278,13,3,2,0,0,18,0.7222222222222222
3279,16,2,1,0,0,19,0.8421052631578947
3280,13,2,3,0,0,18,0.7222222222222222
3281,15,2,3,0,0,20,0.75
3282,14,2,3,0,0,19,0.7368421052631579
3283,13,2,2,0,0,17,0.7647058823529411
3284,12,2,3,0,0,17,0.7058823529411765
3285,14,2,1,0,0,17,0.8235294117647058
3286,13,2,3,0,0,18,0.7222222222222222
3287,11,3,2,0,0,16,0.6875
3288,12,2,2,0,0,16,0.75
3289,13,2,2,0,0,17,0.7647058823529411
3290,11,3,2,0,0,16,0.6875
3291,15,2,1,0,0,18,0.8333333333333334
3292,13,2,1,0,0,16,0.8125
3293,13,3,3,0,0,19,0.6842105263157895
3294,13,2,3,0,0,18,0.7222222222222222
3295,15,2,3,0,0,20,0.75
3296,14,2,3,0,0,19,0.7368421052631579
3297,16,2,2,0,0,20,0.8
3298,13,3,3,0,0,19,0.6842105263157895
3299,14,2,3,0,0,19,0.7368421052631579
3300,13,2,2,0,0,17,0.7647058823529411
3301,15,2,2,0,0,19,0.7894736842105263
3302,12,2,2,0,0,16,0.75
3303,14,2,2,0,0,18,0.7777777777777778
3304,12,3,2,0,0,17,0.7058823529411765
3305,14,2,3,0,0,19,0.7368421052631579
3306,14,2,2,0,0,18,0.7777777777777778
3307,15,2,2,0,0,19,0.7894736842105263
3308,14,2,2,0,0,18,0.7777777777777778
3309,13,2,3,0,0,18,0.7222222222222222
3310,13,2,2,0,0,17,0.7647058823529411
3311,15,2,1,0,0,18,0.8333333333333334
3312,14,2,1,0,0,17,0.8235294117647058
3313,15,2,1,0,0,18,0.8333333333333334
3314,14,2,2,0,0,18,0.7777777777777778
3315,14,3,2,0,0,19,0.7368421052631579
3316,13,2,3,0,0,18,0.7222222222222222
3317,13,2,3,0,0,18,0.7222222222222222
3318,14,2,3,0,0,19,0.7368421052631579
3319,15,2,2,0,0,19,0.7894736842105263
3320,15,4,2,0,0,21,0.7142857142857143
3321,12,4,3,0,0,19,0.631578947368421
3322,13,3,1,0,0,17,0.7647058823529411
3323,13,2,3,0,0,18,0.7222222222222222
3324,16,2,2,0,0,20,0.8
3325,12,2,2,0,0,16,0.75
3326,16,2,2,0,0,20,0.8
3327,14,4,1,0,0,19,0.7368421052631579
3328,14,4,2,0,0,20,0.7
3329,14,2,3,0,0,19,0.7368421052631579
3330,14,3,2,0,0,19,0.7368421052631579
3331,12,2,3,0,0,17,0.7058823529411765
3332,15,2,3,0,0,20,0.75
3333,14,3,3,0,0,20,0.7
3334,13,2,3,0,0,18,0.7222222222222222
3335,15,3,2,0,0,20,0.75
3336,14,2,2,0,0,18,0.7777777777777778
3337,13,3,2,0,0,18,0.7222222222222222
3338,13,2,1,0,0,16,0.8125
3339,13,2,1,0,0,16,0.8125
3340,14,3,3,0,0,20,0.7
3341,17,2,1,0,0,20,0.85
3342,14,4,3,0,0,21,0.6666666666666666
3343,13,3,3,0,0,19,0.6842105263157895
3344,15,3,2,0,0,20,0.75
3345,11,2,1,0,0,14,0.7857142857142857
3346,12,2,2,0,0,16,0.75
3347,13,2,2,0,0,17,0.7647058823529411
3348,12,3,3,0,0,18,0.6666666666666666
3349,14,3,1,0,0,18,0.7777777777777778
3350,12,2,3,0,0,17,0.7058823529411765
3351,15,4,1,0,0,20,0.75
3352,12,2,3,0,0,17,0.7058823529411765
3353,14,2,3,0,0,19,0.7368421052631579
3354,14,2,3,0,0,19,0.7368421052631579
3355,14,2,2,0,0,18,0.7777777777777778
3356,12,3,2,0,0,17,0.7058823529411765
3357,14,2,2,0,0,18,0.7777777777777778
3358,14,2,2,0,0,18,0.7777777777777778
3359,14,4,1,0,0,19,0.7368421052631579
3360,14,3,2,0,0,19,0.7368421052631579
3361,10,2,2,0,0,14,0.7142857142857143
3362,15,4,1,0,0,20,0.75
3363,13,2,1,0,0,16,0.8125
3364,15,2,2,0,0,19,0.7894736842105263
3365,10,2,2,0,0,14,0.7142857142857143
3366,14,3,2,0,0,19,0.7368421052631579
3367,14,2,3,0,0,19,0.7368421052631579
3368,14,2,3,0,0,19,0.7368421052631579
3369,11,2,3,0,0,16,0.6875
3370,12,2,2,0,0,16,0.75
3371,13,2,2,0,0,17,0.7647058823529411
3372,12,3,3,0,0,18,0.6666666666666666
3373,13,4,2,0,0,19,0.6842105263157895
3374,13,3,2,0,0,18,0.7222222222222222
3375,12,2,2,0,0,16,0.75
3376,14,2,2,0,0,18,0.7777777777777778
3377,11,3,2,0,0,16,0.6875
3378,13,2,2,0,0,17,0.7647058823529411
3379,14,2,2,0,0,18,0.7777777777777778
3380,12,4,3,0,0,19,0.631578947368421
3381,12,2,1,0,0,15,0.8
3382,13,2,2,0,0,17,0.7647058823529411
3383,14,3,2,0,0,19,0.7368421052631579
3384,14,2,2,0,0,18,0.7777777777777778
3385,14,2,2,0,0,18,0.7777777777777778
3386,13,2,3,0,0,18,0.7222222222222222
3387,14,3,2,0,0,19,0.7368421052631579
3388,12,2,2,0,0,16,0.75
3389,13,3,2,0,0,18,0.7222222222222222
3390,15,2,2,0,0,19,0.7894736842105263
3391,12,2,3,0,0,17,0.7058823529411765
3392,13,2,2,0,0,17,0.7647058823529411
3393,12,2,3,0,0,17,0.7058823529411765
3394,14,3,1,0,0,18,0.7777777777777778
3395,14,2,1,0,0,17,0.8235294117647058
3396,15,3,2,0,0,20,0.75
3397,14,2,2,0,0,18,0.7777777777777778
3398,12,2,3,0,0,17,0.7058823529411765
3399,10,2,3,0,0,15,0.6666666666666666
3400,13,2,3,0,0,18,0.7222222222222222
3401,14,3,2,0,0,19,0.7368421052631579
3402,13,2,2,0,0,17,0.7647058823529411
3403,12,3,2,0,0,17,0.7058823529411765
3404,12,2,2,0,0,16,0.75
3405,12,2,3,0,0,17,0.7058823529411765
3406,13,2,3,0,0,18,0.7222222222222222
3407,13,2,3,0,0,18,0.7222222222222222
3408,13,2,3,0,0,18,0.7222222222222222
3409,13,2,2,0,0,17,0.7647058823529411
3410,13,4,2,0,0,19,0.6842105263157895
3411,14,2,2,0,0,18,0.7777777777777778
3412,13,4,2,0,0,19,0.6842105263157895
3413,11,3,3,0,0,17,0.6470588235294118
3414,10,3,3,0,0,16,0.625
3415,13,2,2,0,0,17,0.7647058823529411
3416,11,2,3,0,0,16,0.6875
3417,13,2,1,0,0,16,0.8125
3418,13,3,2,0,0,18,0.7222222222222222
3419,13,2,2,0,0,17,0.7647058823529411
3420,14,2,3,0,0,19,0.7368421052631579
3421,13,2,3,0,0,18,0.7222222222222222
3422,15,3,2,0,0,20,0.75
3423,15,2,2,0,0,19,0.7894736842105263
3424,14,2,2,0,0,18,0.7777777777777778
3425,12,2,2,0,0,16,0.75
3426,12,2,3,0,0,17,0.7058823529411765
3427,14,2,3,0,0,19,0.7368421052631579
3428,14,2,3,0,0,19,0.7368421052631579
3429,12,3,2,0,0,17,0.7058823529411765
3430,13,2,1,0,0,16,0.8125
3431,15,3,3,0,0,21,0.7142857142857143
3432,15,2,1,0,0,18,0.8333333333333334
3433,12,3,2,0,0,17,0.7058823529411765
3434,14,2,2,0,0,18,0.7777777777777778
3435,13,2,2,0,0,17,0.7647058823529411
3436,13,2,2,0,0,17,0.7647058823529411
3437,14,2,2,0,0,18,0.7777777777777778
3438,14,3,2,0,0,19,0.7368421052631579
3439,15,4,3,0,0,22,0.6818181818181818
3440,12,2,3,0,0,17,0.7058823529411765
3441,15,2,2,0,0,19,0.7894736842105263
3442,10,2,3,0,0,15,0.6666666666666666
3443,14,2,2,0,0,18,0.7777777777777778
3444,15,3,2,0,0,20,0.75
3445,14,2,2,0,0,18,0.7777777777777778
3446,13,3,3,0,0,19,0.6842105263157895
3447,11,2,2,0,0,15,0.7333333333333333
3448,14,3,2,0,0,19,0.7368421052631579
3449,15,2,3,0,0,20,0.75
3450,12,2,3,0,0,17,0.7058823529411765
3451,15,2,2,0,0,19,0.7894736842105263
3452,14,3,2,0,0,19,0.7368421052631579
3453,14,2,2,0,0,18,0.7777777777777778
3454,16,3,2,0,0,21,0.7619047619047619
3455,13,2,3,0,0,18,0.7222222222222222
3456,14,2,2,0,0,18,0.7777777777777778
3457,13,4,2,0,0,19,0.6842105263157895
3458,13,2,3,0,0,18,0.7222222222222222
3459,13,2,3,0,0,18,0.7222222222222222
3460,14,2,2,0,0,18,0.7777777777777778
3461,12,3,2,0,0,17,0.7058823529411765
3462,14,3,3,0,0,20,0.7
3463,13,2,2,0,0,17,0.7647058823529411
3464,15,2,3,0,0,20,0.75
3465,13,2,3,0,0,18,0.7222222222222222
3466,15,2,2,0,0,19,0.7894736842105263
3467,14,2,2,0,0,18,0.7777777777777778
3468,10,2,3,0,0,15,0.6666666666666666
3469,13,2,2,0,0,17,0.7647058823529411
3470,13,2,2,0,0,17,0.7647058823529411
3471,13,3,3,0,0,19,0.6842105263157895
3472,14,3,2,0,0,19,0.7368421052631579
3473,14,3,1,0,0,18,0.7777777777777778
3474,15,2,2,0,0,19,0.7894736842105263
3475,13,2,2,0,0,17,0.7647058823529411
3476,16,4,1,0,0,21,0.7619047619047619
3477,12,3,3,0,0,18,0.6666666666666666
3478,14,3,3,0,0,20,0.7
3479,15,2,2,0,0,19,0.7894736842105263
3480,13,2,1,0,0,16,0.8125
3481,15,3,3,0,0,21,0.7142857142857143
3482,13,2,3,0,0,18,0.7222222222222222
3483,13,2,3,0,0,18,0.7222222222222222
3484,14,2,2,0,0,18,0.7777777777777778
3485,14,2,3,0,0,19,0.7368421052631579
3486,12,2,3,0,0,17,0.7058823529411765
3487,12,2,3,0,0,17,0.7058823529411765
3488,15,4,3,0,0,22,0.6818181818181818
3489,12,2,2,0,0,16,0.75
3490,11,3,3,0,0,17,0.6470588235294118
3491,12,2,3,0,0,17,0.7058823529411765
3492,11,2,3,0,0,16,0.6875
3493,15,2,1,0,0,18,0.8333333333333334
3494,10,2,3,0,0,15,0.6666666666666666
3495,14,3,3,0,0,20,0.7
3496,13,2,3,0,0,18,0.7222222222222222
3497,13,2,3,0,0,18,0.7222222222222222
3498,12,2,2,0,0,16,0.75
3499,13,2,2,0,0,17,0.7647058823529411
3500,14,2,3,0,0,19,0.7368421052631579
3501,14,2,2,0,0,18,0.7777777777777778
3502,12,2,2,0,0,16,0.75
3503,11,2,2,0,0,15,0.7333333333333333
3504,14,2,3,0,0,19,0.7368421052631579
3505,11,2,3,0,0,16,0.6875
3506,14,2,2,0,0,18,0.7777777777777778
3507,13,2,2,0,0,17,0.7647058823529411
3508,13,2,3,0,0,18,0.7222222222222222
3509,12,3,3,0,0,18,0.6666666666666666
3510,14,2,3,0,0,19,0.7368421052631579
3511,13,2,2,0,0,17,0.7647058823529411
3512,12,2,3,0,0,17,0.7058823529411765
3513,14,2,3,0,0,19,0.7368421052631579
3514,13,2,3,0,0,18,0.7222222222222222
3515,15,4,3,0,0,22,0.6818181818181818
3516,11,4,3,0,0,18,0.6111111111111112
3517,13,2,2,0,0,17,0.7647058823529411
3518,13,2,3,0,0,18,0.7222222222222222
3519,14,2,3,0,0,19,0.7368421052631579
3520,12,3,3,0,0,18,0.6666666666666666
3521,15,3,2,0,0,20,0.75
3522,14,2,3,0,0,19,0.7368421052631579
3523,13,2,2,0,0,17,0.7647058823529411
3524,15,2,3,0,0,20,0.75
3525,13,2,3,0,0,18,0.7222222222222222
3526,11,3,2,0,0,16,0.6875
3527,13,2,3,0,0,18,0.7222222222222222
3528,13,4,3,0,0,20,0.65
3529,14,2,3,0,0,19,0.7368421052631579
3530,13,3,3,0,0,19,0.6842105263157895
3531,13,4,3,0,0,20,0.65
3532,15,3,3,0,0,21,0.7142857142857143
3533,12,3,3,0,0,18,0.6666666666666666
3534,15,3,1,0,0,19,0.7894736842105263
3535,13,2,2,0,0,17,0.7647058823529411
3536,13,2,2,0,0,17,0.7647058823529411
3537,12,3,3,0,0,18,0.6666666666666666
3538,14,4,2,0,0,20,0.7
3539,13,4,3,0,0,20,0.65
3540,15,2,2,0,0,19,0.7894736842105263
3541,13,2,3,0,0,18,0.7222222222222222
3542,11,2,3,0,0,16,0.6875
3543,12,2,3,0,0,17,0.7058823529411765
3544,13,3,2,0,0,18,0.7222222222222222
3545,13,2,1,0,0,16,0.8125
3546,12,2,3,0,0,17,0.7058823529411765
3547,15,2,2,0,0,19,0.7894736842105263
3548,13,2,3,0,0,18,0.7222222222222222
3549,13,3,3,0,0,19,0.6842105263157895
3550,15,2,3,0,0,20,0.75
3551,15,2,3,0,0,20,0.75
3552,16,2,2,0,0,20,0.8
3553,14,2,3,0,0,19,0.7368421052631579
3554,11,2,2,0,0,15,0.7333333333333333
3555,15,4,2,0,0,21,0.7142857142857143
3556,13,3,3,0,0,19,0.6842105263157895
3557,16,2,3,0,0,21,0.7619047619047619
3558,12,2,3,0,0,17,0.7058823529411765
3559,15,2,2,0,0,19,0.7894736842105263
3560,14,2,3,0,0,19,0.7368421052631579
3561,14,2,3,0,0,19,0.7368421052631579
3562,13,2,3,0,0,18,0.7222222222222222
3563,12,2,3,0,0,17,0.7058823529411765
3564,14,2,2,0,0,18,0.7777777777777778
3565,13,2,3,0,0,18,0.7222222222222222
3566,15,2,3,0,0,20,0.75
3567,13,2,3,0,0,18,0.7222222222222222
3568,13,3,3,0,0,19,0.6842105263157895
3569,13,2,2,0,0,17,0.7647058823529411
3570,15,4,2,0,0,21,0.7142857142857143
3571,14,2,3,0,0,19,0.7368421052631579
3572,15,2,2,0,0,19,0.7894736842105263
3573,11,2,3,0,0,16,0.6875
3574,14,2,3,0,0,19,0.7368421052631579
3575,16,3,1,0,0,20,0.8
3576,16,2,1,0,0,19,0.8421052631578947
3577,13,3,3,0,0,19,0.6842105263157895
3578,15,2,3,0,0,20,0.75
3579,14,2,1,0,0,17,0.8235294117647058
3580,13,2,3,0,0,18,0.7222222222222222
3581,14,3,3,0,0,20,0.7
3582,14,2,3,0,0,19,0.7368421052631579
3583,13,2,3,0,0,18,0.7222222222222222
3584,14,2,3,0,0,19,0.7368421052631579
3585,13,3,2,0,0,18,0.7222222222222222
3586,12,2,2,0,0,16,0.75
3587,14,4,2,0,0,20,0.7
3588,14,3,1,0,0,18,0.7777777777777778
3589,11,3,3,0,0,17,0.6470588235294118
3590,12,2,3,0,0,17,0.7058823529411765
3591,12,4,2,0,0,18,0.6666666666666666
3592,12,3,3,0,0,18,0.6666666666666666
3593,13,2,3,0,0,18,0.7222222222222222
3594,13,2,3,0,0,18,0.7222222222222222
3595,14,2,2,0,0,18,0.7777777777777778
3596,13,2,3,0,0,18,0.7222222222222222
3597,12,3,2,0,0,17,0.7058823529411765
3598,16,2,3,0,0,21,0.7619047619047619
3599,15,2,3,0,0,20,0.75
3600,13,2,3,0,0,18,0.7222222222222222
3601,12,3,2,0,0,17,0.7058823529411765
3602,14,3,2,0,0,19,0.7368421052631579
3603,13,2,3,0,0,18,0.7222222222222222
3604,14,4,3,0,0,21,0.6666666666666666
3605,16,3,2,0,0,21,0.7619047619047619
3606,12,2,3,0,0,17,0.7058823529411765
3607,14,3,3,0,0,20,0.7
3608,14,4,3,0,0,21,0.6666666666666666
3609,12,2,3,0,0,17,0.7058823529411765
3610,14,3,2,0,0,19,0.7368421052631579
3611,12,2,2,0,0,16,0.75
3612,13,2,2,0,0,17,0.7647058823529411
3613,14,3,3,0,0,20,0.7
3614,13,2,3,0,0,18,0.7222222222222222
3615,15,2,3,0,0,20,0.75
3616,14,4,3,0,0,21,0.6666666666666666
3617,14,2,3,0,0,19,0.7368421052631579
3618,12,3,3,0,0,18,0.6666666666666666
3619,14,2,3,0,0,19,0.7368421052631579
3620,15,4,2,0,0,21,0.7142857142857143
3621,12,2,2,0,0,16,0.75
3622,14,2,3,0,0,19,0.7368421052631579
3623,13,2,3,0,0,18,0.7222222222222222
3624,14,3,3,0,0,20,0.7
3625,15,2,2,0,0,19,0.7894736842105263
3626,15,2,3,0,0,20,0.75
3627,14,2,2,0,0,18,0.7777777777777778
3628,13,2,2,0,0,17,0.7647058823529411
3629,16,2,2,0,0,20,0.8
3630,14,2,3,0,0,19,0.7368421052631579
3631,13,2,3,0,0,18,0.7222222222222222
3632,16,2,3,0,0,21,0.7619047619047619
3633,16,2,2,0,0,20,0.8
3634,15,2,3,0,0,20,0.75
3635,16,2,2,0,0,20,0.8
3636,16,2,3,0,0,21,0.7619047619047619
3637,14,2,3,0,0,19,0.7368421052631579
3638,15,3,2,0,0,20,0.75
3639,15,4,2,0,0,21,0.7142857142857143
3640,15,2,3,0,0,20,0.75
3641,15,3,3,0,0,21,0.7142857142857143
3642,16,2,2,0,0,20,0.8
3643,16,2,2,0,0,20,0.8
3644,16,2,3,0,0,21,0.7619047619047619
3645,16,2,2,0,0,20,0.8
3646,15,2,3,0,0,20,0.75
3647,13,2,3,0,0,18,0.7222222222222222
3648,14,3,3,0,0,20,0.7
3649,15,2,3,0,0,20,0.75
3650,15,2,2,0,0,19,0.7894736842105263
3651,15,2,2,0,0,19,0.7894736842105263
3652,13,4,3,0,0,20,0.65
3653,14,2,2,0,0,18,0.7777777777777778
3654,13,2,3,0,0,18,0.7222222222222222
3655,15,2,3,0,0,20,0.75
3656,15,2,2,0,0,19,0.7894736842105263
3657,15,2,2,0,0,19,0.7894736842105263
3658,15,2,3,0,0,20,0.75
3659,12,2,3,0,0,17,0.7058823529411765
3660,14,3,2,0,0,19,0.7368421052631579
3661,14,2,3,0,0,19,0.7368421052631579
3662,14,2,2,0,0,18,0.7777777777777778
3663,14,2,3,0,0,19,0.7368421052631579
3664,14,2,2,0,0,18,0.7777777777777778
3665,13,2,3,0,0,18,0.7222222222222222
3666,13,2,2,0,0,17,0.7647058823529411
3667,15,3,3,0,0,21,0.7142857142857143
3668,12,2,3,0,0,17,0.7058823529411765
3669,13,3,3,0,0,19,0.6842105263157895
3670,14,2,3,0,0,19,0.7368421052631579
3671,14,2,3,0,0,19,0.7368421052631579
3672,11,3,3,0,0,17,0.6470588235294118
3673,14,2,3,0,0,19,0.7368421052631579
3674,15,2,2,0,0,19,0.7894736842105263
3675,14,2,3,0,0,19,0.7368421052631579
3676,13,2,3,0,0,18,0.7222222222222222
3677,15,2,3,0,0,20,0.75
3678,11,2,3,0,0,16,0.6875
3679,13,2,3,0,0,18,0.7222222222222222
3680,13,2,3,0,0,18,0.7222222222222222
3681,14,2,3,0,0,19,0.7368421052631579
3682,13,3,3,0,0,19,0.6842105263157895
3683,13,2,3,0,0,18,0.7222222222222222
3684,13,4,2,0,0,19,0.6842105263157895
3685,12,2,3,0,0,17,0.7058823529411765
3686,15,2,3,0,0,20,0.75
3687,11,3,3,0,0,17,0.6470588235294118
3688,12,2,3,0,0,17,0.7058823529411765
3689,14,2,2,0,0,18,0.7777777777777778
3690,12,3,3,0,0,18,0.6666666666666666
3691,12,3,3,0,0,18,0.6666666666666666
3692,13,3,3,0,0,19,0.6842105263157895
3693,12,2,2,0,0,16,0.75
3694,11,2,3,0,0,16,0.6875
3695,12,2,2,0,0,16,0.75
3696,15,2,2,0,0,19,0.7894736842105263
3697,13,2,1,0,0,16,0.8125
3698,13,2,3,0,0,18,0.7222222222222222
3699,14,4,3,0,0,21,0.6666666666666666
3700,14,2,3,0,0,19,0.7368421052631579
3701,15,2,3,0,0,20,0.75
3702,15,2,2,0,0,19,0.7894736842105263
3703,14,3,2,0,0,19,0.7368421052631579
3704,14,3,2,0,0,19,0.7368421052631579
3705,15,2,3,0,0,20,0.75
3706,13,4,2,0,0,19,0.6842105263157895
3707,16,3,2,0,0,21,0.7619047619047619
3708,13,2,3,0,0,18,0.7222222222222222
3709,14,2,3,0,0,19,0.7368421052631579
3710,13,3,3,0,0,19,0.6842105263157895
3711,14,2,3,0,0,19,0.7368421052631579
3712,13,2,2,0,0,17,0.7647058823529411
3713,15,3,2,0,0,20,0.75
3714,14,2,3,0,0,19,0.7368421052631579
3715,13,2,3,0,0,18,0.7222222222222222
3716,15,4,3,0,0,22,0.6818181818181818
3717,15,4,3,0,0,22,0.6818181818181818
3718,14,2,2,0,0,18,0.7777777777777778
3719,15,3,3,0,0,21,0.7142857142857143
3720,13,3,3,0,0,19,0.6842105263157895
3721,13,3,3,0,0,19,0.6842105263157895
3722,14,3,3,0,0,20,0.7
3723,13,2,3,0,0,18,0.7222222222222222
3724,14,2,3,0,0,19,0.7368421052631579
3725,14,2,3,0,0,19,0.7368421052631579
3726,11,3,3,0,0,17,0.6470588235294118
3727,14,3,2,0,0,19,0.7368421052631579
3728,13,2,3,0,0,18,0.7222222222222222
3729,13,2,3,0,0,18,0.7222222222222222
3730,12,3,3,0,0,18,0.6666666666666666
3731,13,2,3,0,0,18,0.7222222222222222
3732,15,3,2,0,0,20,0.75
3733,13,2,3,0,0,18,0.7222222222222222
3734,14,2,3,0,0,19,0.7368421052631579
3735,12,2,3,0,0,17,0.7058823529411765
3736,14,2,2,0,0,18,0.7777777777777778
3737,11,2,2,0,0,15,0.7333333333333333
3738,14,3,3,0,0,20,0.7
3739,15,3,3,0,0,21,0.7142857142857143
3740,14,2,2,0,0,18,0.7777777777777778
3741,16,4,3,0,0,23,0.6956521739130435
3742,14,2,2,0,0,18,0.7777777777777778
3743,14,2,2,0,0,18,0.7777777777777778
3744,14,2,2,0,0,18,0.7777777777777778
3745,13,2,2,0,0,17,0.7647058823529411
3746,13,2,3,0,0,18,0.7222222222222222
3747,14,2,2,0,0,18,0.7777777777777778
3748,13,2,3,0,0,18,0.7222222222222222
3749,15,2,3,0,0,20,0.75
3750,15,2,2,0,0,19,0.7894736842105263
3751,13,3,2,0,0,18,0.7222222222222222
3752,12,2,3,0,0,17,0.7058823529411765
3753,13,2,2,0,0,17,0.7647058823529411
3754,13,2,3,0,0,18,0.7222222222222222
3755,15,3,3,0,0,21,0.7142857142857143
3756,13,2,3,0,0,18,0.7222222222222222
3757,14,2,3,0,0,19,0.7368421052631579
3758,13,3,2,0,0,18,0.7222222222222222
3759,11,2,3,0,0,16,0.6875
3760,12,2,2,0,0,16,0.75
3761,10,3,3,0,0,16,0.625
3762,13,2,3,0,0,18,0.7222222222222222
3763,14,2,2,0,0,18,0.7777777777777778
3764,14,2,2,0,0,18,0.7777777777777778
3765,10,2,2,0,0,14,0.7142857142857143
3766,15,2,2,0,0,19,0.7894736842105263
3767,11,2,3,0,0,16,0.6875
3768,16,3,2,0,0,21,0.7619047619047619
3769,14,2,1,0,0,17,0.8235294117647058
3770,15,2,2,0,0,19,0.7894736842105263
3771,15,3,3,0,0,21,0.7142857142857143
3772,10,3,3,0,0,16,0.625
3773,13,2,2,0,0,17,0.7647058823529411
3774,14,2,3,0,0,19,0.7368421052631579
3775,13,2,3,0,0,18,0.7222222222222222
3776,13,2,3,0,0,18,0.7222222222222222
3777,14,2,2,0,0,18,0.7777777777777778
3778,13,2,3,0,0,18,0.7222222222222222
3779,14,2,1,0,0,17,0.8235294117647058
3780,12,2,2,0,0,16,0.75
3781,11,2,3,0,0,16,0.6875
3782,12,2,3,0,0,17,0.7058823529411765
3783,14,2,2,0,0,18,0.7777777777777778
3784,14,2,2,0,0,18,0.7777777777777778
3785,12,2,3,0,0,17,0.7058823529411765
3786,15,2,2,0,0,19,0.7894736842105263
3787,14,2,3,0,0,19,0.7368421052631579
3788,15,2,3,0,0,20,0.75
3789,16,2,2,0,0,20,0.8
3790,12,2,3,0,0,17,0.7058823529411765
3791,14,3,2,0,0,19,0.7368421052631579
3792,11,2,2,0,0,15,0.7333333333333333
3793,13,3,3,0,0,19,0.6842105263157895
3794,12,2,3,0,0,17,0.7058823529411765
3795,15,3,3,0,0,21,0.7142857142857143
3796,12,2,3,0,0,17,0.7058823529411765
3797,15,2,2,0,0,19,0.7894736842105263
3798,11,2,2,0,0,15,0.7333333333333333
3799,15,2,2,0,0,19,0.7894736842105263
3800,16,2,2,0,0,20,0.8
3801,14,3,3,0,0,20,0.7
3802,11,2,3,0,0,16,0.6875
3803,12,2,3,0,0,17,0.7058823529411765
3804,14,2,2,0,0,18,0.7777777777777778
3805,13,2,3,0,0,18,0.7222222222222222
3806,14,3,2,0,0,19,0.7368421052631579
3807,13,2,2,0,0,17,0.7647058823529411
3808,13,2,3,0,0,18,0.7222222222222222
3809,11,2,2,0,0,15,0.7333333333333333
3810,14,2,1,0,0,17,0.8235294117647058
3811,14,2,2,0,0,18,0.7777777777777778
3812,15,3,2,0,0,20,0.75
3813,14,2,2,0,0,18,0.7777777777777778
3814,13,2,3,0,0,18,0.7222222222222222
3815,11,2,3,0,0,16,0.6875
3816,14,3,3,0,0,20,0.7
3817,14,3,2,0,0,19,0.7368421052631579
3818,16,2,2,0,0,20,0.8
3819,14,2,2,0,0,18,0.7777777777777778
3820,12,2,3,0,0,17,0.7058823529411765
3821,13,2,3,0,0,18,0.7222222222222222
3822,13,2,3,0,0,18,0.7222222222222222
3823,14,2,2,0,0,18,0.7777777777777778
3824,12,2,3,0,0,17,0.7058823529411765
3825,14,3,2,0,0,19,0.7368421052631579
3826,14,2,3,0,0,19,0.7368421052631579
3827,16,2,2,0,0,20,0.8
3828,14,2,2,0,0,18,0.7777777777777778
3829,13,2,2,0,0,17,0.7647058823529411
3830,15,2,3,0,0,20,0.75
3831,14,2,3,0,0,19,0.7368421052631579
3832,13,2,3,0,0,18,0.7222222222222222
3833,15,3,2,0,0,20,0.75
3834,14,2,3,0,0,19,0.7368421052631579
3835,12,3,3,0,0,18,0.6666666666666666
3836,13,2,3,0,0,18,0.7222222222222222
3837,15,2,2,0,0,19,0.7894736842105263
3838,14,2,2,0,0,18,0.7777777777777778
3839,12,2,3,0,0,17,0.7058823529411765
3840,13,3,2,0,0,18,0.7222222222222222
3841,13,2,3,0,0,18,0.7222222222222222
3842,12,2,3,0,0,17,0.7058823529411765
3843,15,3,3,0,0,21,0.7142857142857143
3844,14,2,3,0,0,19,0.7368421052631579
3845,14,2,3,0,0,19,0.7368421052631579
3846,12,2,3,0,0,17,0.7058823529411765
3847,13,2,3,0,0,18,0.7222222222222222
3848,13,2,3,0,0,18,0.7222222222222222
3849,11,2,3,0,0,16,0.6875
3850,14,2,1,0,0,17,0.8235294117647058
3851,13,2,3,0,0,18,0.7222222222222222
3852,14,3,3,0,0,20,0.7
3853,12,2,3,0,0,17,0.7058823529411765
3854,14,4,2,0,0,20,0.7
3855,12,2,1,0,0,15,0.8
3856,14,2,2,0,0,18,0.7777777777777778
3857,13,2,3,0,0,18,0.7222222222222222
3858,14,3,2,0,0,19,0.7368421052631579
3859,13,2,2,0,0,17,0.7647058823529411
3860,13,2,3,0,0,18,0.7222222222222222
3861,14,3,3,0,0,20,0.7
3862,15,2,3,0,0,20,0.75
3863,14,2,3,0,0,19,0.7368421052631579
3864,11,2,3,0,0,16,0.6875
3865,16,4,2,0,0,22,0.7272727272727273
3866,15,2,2,0,0,19,0.7894736842105263
3867,12,2,3,0,0,17,0.7058823529411765
3868,12,2,3,0,0,17,0.7058823529411765
3869,15,2,3,0,0,20,0.75
3870,14,2,3,0,0,19,0.7368421052631579
3871,13,2,2,0,0,17,0.7647058823529411
3872,13,2,3,0,0,18,0.7222222222222222
3873,14,2,3,0,0,19,0.7368421052631579
3874,12,2,2,0,0,16,0.75
3875,14,3,2,0,0,19,0.7368421052631579
3876,12,3,3,0,0,18,0.6666666666666666
3877,13,2,3,0,0,18,0.7222222222222222
3878,11,2,3,0,0,16,0.6875
3879,11,2,3,0,0,16,0.6875
3880,13,2,2,0,0,17,0.7647058823529411
3881,14,2,2,0,0,18,0.7777777777777778
3882,14,2,3,0,0,19,0.7368421052631579
3883,13,2,3,0,0,18,0.7222222222222222
3884,12,2,3,0,0,17,0.7058823529411765
3885,14,2,3,0,0,19,0.7368421052631579
3886,13,2,3,0,0,18,0.7222222222222222
3887,13,2,3,0,0,18,0.7222222222222222
3888,14,2,3,0,0,19,0.7368421052631579
3889,10,2,3,0,0,15,0.6666666666666666
3890,11,2,3,0,0,16,0.6875
3891,14,2,2,0,0,18,0.7777777777777778
3892,12,2,3,0,0,17,0.7058823529411765
3893,13,2,2,0,0,17,0.7647058823529411
3894,13,2,3,0,0,18,0.7222222222222222
3895,9,2,3,0,0,14,0.6428571428571429
3896,14,3,3,0,0,20,0.7
3897,14,2,3,0,0,19,0.7368421052631579
3898,14,2,3,0,0,19,0.7368421052631579
3899,11,2,3,0,0,16,0.6875
3900,10,2,2,0,0,14,0.7142857142857143
3901,13,2,3,0,0,18,0.7222222222222222
3902,11,3,3,0,0,17,0.6470588235294118
3903,10,3,3,0,0,16,0.625
3904,14,3,3,0,0,20,0.7
3905,11,2,3,0,0,16,0.6875
3906,12,3,3,0,0,18,0.6666666666666666
3907,13,2,3,0,0,18,0.7222222222222222
3908,14,2,3,0,0,19,0.7368421052631579
3909,13,2,3,0,0,18,0.7222222222222222
3910,14,3,3,0,0,20,0.7
3911,11,4,3,0,0,18,0.6111111111111112
3912,13,2,3,0,0,18,0.7222222222222222
3913,12,2,3,0,0,17,0.7058823529411765
3914,12,2,3,0,0,17,0.7058823529411765
3915,12,2,3,0,0,17,0.7058823529411765
3916,12,2,3,0,0,17,0.7058823529411765
3917,12,3,3,0,0,18,0.6666666666666666
3918,14,2,3,0,0,19,0.7368421052631579
3919,14,2,2,0,0,18,0.7777777777777778
3920,13,2,3,0,0,18,0.7222222222222222
3921,14,4,3,0,0,21,0.6666666666666666
3922,14,2,2,0,0,18,0.7777777777777778
3923,12,2,3,0,0,17,0.7058823529411765
3924,11,2,3,0,0,16,0.6875
3925,14,2,2,0,0,18,0.7777777777777778
3926,13,2,2,0,0,17,0.7647058823529411
3927,12,2,3,0,0,17,0.7058823529411765
3928,15,4,3,0,0,22,0.6818181818181818
3929,13,2,3,0,0,18,0.7222222222222222
3930,14,3,3,0,0,20,0.7
3931,13,2,2,0,0,17,0.7647058823529411
3932,13,3,3,0,0,19,0.6842105263157895
3933,14,2,2,0,0,18,0.7777777777777778
3934,13,2,3,0,0,18,0.7222222222222222
3935,13,2,2,0,0,17,0.7647058823529411
3936,14,2,2,0,0,18,0.7777777777777778
3937,14,2,2,0,0,18,0.7777777777777778
3938,9,4,3,0,0,16,0.5625
3939,14,2,2,0,0,18,0.7777777777777778
3940,12,3,2,0,0,17,0.7058823529411765
3941,13,2,2,0,0,17,0.7647058823529411
3942,13,2,3,0,0,18,0.7222222222222222
3943,14,3,2,0,0,19,0.7368421052631579
3944,9,2,3,0,0,14,0.6428571428571429
3945,12,2,2,0,0,16,0.75
3946,14,3,3,0,0,20,0.7
3947,13,4,2,0,0,19,0.6842105263157895
3948,13,3,2,0,0,18,0.7222222222222222
3949,11,4,3,0,0,18,0.6111111111111112
3950,12,3,3,0,0,18,0.6666666666666666
3951,11,2,3,0,0,16,0.6875
3952,12,2,3,0,0,17,0.7058823529411765
3953,13,2,2,0,0,17,0.7647058823529411
3954,13,2,2,0,0,17,0.7647058823529411
3955,13,3,3,0,0,19,0.6842105263157895
3956,12,2,3,0,0,17,0.7058823529411765
3957,12,3,2,0,0,17,0.7058823529411765
3958,12,2,3,0,0,17,0.7058823529411765
3959,14,3,3,0,0,20,0.7
3960,11,2,2,0,0,15,0.7333333333333333
3961,13,2,2,0,0,17,0.7647058823529411
3962,12,2,3,0,0,17,0.7058823529411765
3963,13,2,3,0,0,18,0.7222222222222222
3964,13,3,3,0,0,19,0.6842105263157895
3965,15,4,3,0,0,22,0.6818181818181818
3966,10,2,3,0,0,15,0.6666666666666666
3967,11,3,3,0,0,17,0.6470588235294118
3968,12,3,3,0,0,18,0.6666666666666666
3969,15,2,2,0,0,19,0.7894736842105263
3970,15,3,2,0,0,20,0.75
3971,14,3,2,0,0,19,0.7368421052631579
3972,12,2,3,0,0,17,0.7058823529411765
3973,12,2,3,0,0,17,0.7058823529411765
3974,13,2,2,0,0,17,0.7647058823529411
3975,15,3,2,0,0,20,0.75
3976,13,4,3,0,0,20,0.65
3977,13,2,3,0,0,18,0.7222222222222222
3978,14,3,2,0,0,19,0.7368421052631579
3979,11,3,3,0,0,17,0.6470588235294118
3980,11,3,2,0,0,16,0.6875
3981,11,2,1,0,0,14,0.7857142857142857
3982,12,3,3,0,0,18,0.6666666666666666
3983,12,3,1,0,0,16,0.75
3984,9,2,3,0,0,14,0.6428571428571429
3985,8,4,3,0,0,15,0.5333333333333333
3986,13,3,3,0,0,19,0.6842105263157895
3987,12,3,2,0,0,17,0.7058823529411765
3988,10,3,2,0,0,15,0.6666666666666666
3989,14,2,3,0,0,19,0.7368421052631579
3990,11,2,3,0,0,16,0.6875
3991,13,2,3,0,0,18,0.7222222222222222
3992,13,2,3,0,0,18,0.7222222222222222
3993,12,3,3,0,0,18,0.6666666666666666
3994,13,2,3,0,0,18,0.7222222222222222
3995,11,2,3,0,0,16,0.6875
3996,11,2,3,0,0,16,0.6875
3997,13,3,3,0,0,19,0.6842105263157895
3998,13,2,2,0,0,17,0.7647058823529411
3999,13,2,2,0,0,17,0.7647058823529411
4000,14,2,3,0,0,19,0.7368421052631579
4001,14,2,3,0,0,19,0.7368421052631579
4002,13,2,3,0,0,18,0.7222222222222222
4003,13,4,3,0,0,20,0.65
4004,13,2,3,0,0,18,0.7222222222222222
4005,14,2,3,0,0,19,0.7368421052631579
4006,15,3,3,0,0,21,0.7142857142857143
4007,14,2,2,0,0,18,0.7777777777777778
4008,14,2,3,0,0,19,0.7368421052631579
4009,13,4,3,0,0,20,0.65
4010,12,2,3,0,0,17,0.7058823529411765
4011,13,2,2,0,0,17,0.7647058823529411
4012,13,3,3,0,0,19,0.6842105263157895
4013,14,2,2,0,0,18,0.7777777777777778
4014,14,2,3,0,0,19,0.7368421052631579
4015,14,2,2,0,0,18,0.7777777777777778
4016,14,2,2,0,0,18,0.7777777777777778
4017,15,2,2,0,0,19,0.7894736842105263
4018,12,4,2,0,0,18,0.6666666666666666
4019,11,2,3,0,0,16,0.6875
4020,13,3,3,0,0,19,0.6842105263157895
4021,14,4,3,0,0,21,0.6666666666666666
4022,13,2,3,0,0,18,0.7222222222222222
4023,14,3,3,0,0,20,0.7
4024,14,2,2,0,0,18,0.7777777777777778
4025,13,4,2,0,0,19,0.6842105263157895
4026,13,3,2,0,0,18,0.7222222222222222
4027,14,4,2,0,0,20,0.7
4028,13,4,3,0,0,20,0.65
4029,13,2,3,0,0,18,0.7222222222222222
4030,13,2,2,0,0,17,0.7647058823529411
4031,14,3,3,0,0,20,0.7
4032,13,2,3,0,0,18,0.7222222222222222
4033,14,2,1,0,0,17,0.8235294117647058
4034,12,2,3,0,0,17,0.7058823529411765
4035,12,3,3,0,0,18,0.6666666666666666
4036,13,3,3,0,0,19,0.6842105263157895
4037,15,2,3,0,0,20,0.75
4038,14,2,3,0,0,19,0.7368421052631579
4039,13,2,3,0,0,18,0.7222222222222222
4040,13,2,3,0,0,18,0.7222222222222222
4041,11,2,3,0,0,16,0.6875
4042,14,2,3,0,0,19,0.7368421052631579
4043,14,2,2,0,0,18,0.7777777777777778
4044,11,2,3,0,0,16,0.6875
4045,13,2,2,0,0,17,0.7647058823529411
4046,13,2,3,0,0,18,0.7222222222222222
4047,13,2,3,0,0,18,0.7222222222222222
4048,13,2,2,0,0,17,0.7647058823529411
4049,13,2,2,0,0,17,0.7647058823529411
4050,12,2,3,0,0,17,0.7058823529411765
4051,13,2,3,0,0,18,0.7222222222222222
4052,14,2,3,0,0,19,0.7368421052631579
4053,13,3,3,0,0,19,0.6842105263157895
4054,9,2,3,0,0,14,0.6428571428571429
4055,11,3,3,0,0,17,0.6470588235294118
4056,13,2,3,0,0,18,0.7222222222222222
4057,15,3,3,0,0,21,0.7142857142857143
4058,15,2,3,0,0,20,0.75
4059,13,3,3,0,0,19,0.6842105263157895
4060,14,2,3,0,0,19,0.7368421052631579
4061,14,2,3,0,0,19,0.7368421052631579
4062,10,2,2,0,0,14,0.7142857142857143
4063,13,2,3,0,0,18,0.7222222222222222
4064,12,3,2,0,0,17,0.7058823529411765
4065,14,4,2,0,0,20,0.7
4066,12,2,2,0,0,16,0.75
4067,12,2,3,0,0,17,0.7058823529411765
4068,15,2,2,0,0,19,0.7894736842105263
4069,12,2,3,0,0,17,0.7058823529411765
4070,13,2,3,0,0,18,0.7222222222222222
4071,12,2,3,0,0,17,0.7058823529411765
4072,14,2,2,0,0,18,0.7777777777777778
4073,13,2,2,0,0,17,0.7647058823529411
4074,12,2,3,0,0,17,0.7058823529411765
4075,13,3,3,0,0,19,0.6842105263157895
4076,13,2,3,0,0,18,0.7222222222222222
4077,13,2,3,0,0,18,0.7222222222222222
4078,14,2,3,0,0,19,0.7368421052631579
4079,13,3,3,0,0,19,0.6842105263157895
4080,12,2,3,0,0,17,0.7058823529411765
4081,13,2,3,0,0,18,0.7222222222222222
4082,11,2,3,0,0,16,0.6875
4083,14,2,2,0,0,18,0.7777777777777778
4084,12,2,3,0,0,17,0.7058823529411765
4085,13,2,3,0,0,18,0.7222222222222222
4086,14,2,3,0,0,19,0.7368421052631579
4087,13,3,2,0,0,18,0.7222222222222222
4088,12,2,3,0,0,17,0.7058823529411765
4089,14,3,3,0,0,20,0.7
4090,12,3,3,0,0,18,0.6666666666666666
4091,14,3,3,0,0,20,0.7
4092,13,2,2,0,0,17,0.7647058823529411
4093,13,2,3,0,0,18,0.7222222222222222
4094,14,2,3,0,0,19,0.7368421052631579
4095,14,3,3,0,0,20,0.7
4096,12,3,3,0,0,18,0.6666666666666666
4097,13,2,3,0,0,18,0.7222222222222222
4098,13,2,3,0,0,18,0.7222222222222222
4099,13,2,2,0,0,17,0.7647058823529411
4100,13,2,2,0,0,17,0.7647058823529411
4101,11,2,3,0,0,16,0.6875
4102,15,2,3,0,0,20,0.75
4103,11,2,3,0,0,16,0.6875
4104,15,3,2,0,0,20,0.75
4105,12,2,3,0,0,17,0.7058823529411765
4106,14,2,2,0,0,18,0.7777777777777778
4107,12,2,3,0,0,17,0.7058823529411765
4108,15,2,3,0,0,20,0.75
4109,14,2,3,0,0,19,0.7368421052631579
4110,13,3,3,0,0,19,0.6842105263157895
4111,13,2,3,0,0,18,0.7222222222222222
4112,12,2,3,0,0,17,0.7058823529411765
4113,14,2,3,0,0,19,0.7368421052631579
4114,11,2,2,0,0,15,0.7333333333333333
4115,12,2,2,0,0,16,0.75
4116,14,4,2,0,0,20,0.7
4117,12,2,3,0,0,17,0.7058823529411765
4118,14,3,2,0,0,19,0.7368421052631579
4119,12,3,3,0,0,18,0.6666666666666666
4120,14,4,2,0,0,20,0.7
4121,11,2,3,0,0,16,0.6875
4122,12,2,3,0,0,17,0.7058823529411765
4123,10,2,3,0,0,15,0.6666666666666666
4124,13,3,2,0,0,18,0.7222222222222222
4125,14,2,3,0,0,19,0.7368421052631579
4126,12,2,2,0,0,16,0.75
4127,15,2,2,0,0,19,0.7894736842105263
4128,14,2,2,0,0,18,0.7777777777777778
4129,14,2,2,0,0,18,0.7777777777777778
4130,12,3,2,0,0,17,0.7058823529411765
4131,13,2,3,0,0,18,0.7222222222222222
4132,12,2,1,0,0,15,0.8
4133,12,2,3,0,0,17,0.7058823529411765
4134,14,2,2,0,0,18,0.7777777777777778
4135,13,2,3,0,0,18,0.7222222222222222
4136,13,2,1,0,0,16,0.8125
4137,13,1,3,0,0,17,0.7647058823529411
4138,13,2,3,0,0,18,0.7222222222222222
4139,13,2,1,0,0,16,0.8125
4140,14,3,1,0,0,18,0.7777777777777778
4141,14,2,2,0,0,18,0.7777777777777778
4142,10,2,3,0,0,15,0.6666666666666666
4143,11,2,2,0,0,15,0.7333333333333333
4144,12,2,3,0,0,17,0.7058823529411765
4145,13,4,2,0,0,19,0.6842105263157895
4146,13,2,3,0,0,18,0.7222222222222222
4147,12,2,2,0,0,16,0.75
4148,14,2,2,0,0,18,0.7777777777777778
4149,13,2,2,0,0,17,0.7647058823529411
4150,14,2,2,0,0,18,0.7777777777777778
4151,14,4,1,0,0,19,0.7368421052631579
4152,12,2,3,0,0,17,0.7058823529411765
4153,13,2,2,0,0,17,0.7647058823529411
4154,15,2,2,0,0,19,0.7894736842105263
4155,13,4,2,0,0,19,0.6842105263157895
4156,14,2,3,0,0,19,0.7368421052631579
4157,14,3,2,0,0,19,0.7368421052631579
4158,13,2,3,0,0,18,0.7222222222222222
4159,13,2,3,0,0,18,0.7222222222222222
4160,15,2,2,0,0,19,0.7894736842105263
4161,12,2,3,0,0,17,0.7058823529411765
4162,13,2,2,0,0,17,0.7647058823529411
4163,14,2,2,0,0,18,0.7777777777777778
4164,13,2,3,0,0,18,0.7222222222222222
4165,12,2,3,0,0,17,0.7058823529411765
4166,12,3,2,0,0,17,0.7058823529411765
4167,12,3,3,0,0,18,0.6666666666666666
4168,13,3,3,0,0,19,0.6842105263157895
4169,14,2,2,0,0,18,0.7777777777777778
4170,12,2,3,0,0,17,0.7058823529411765
4171,13,2,2,0,0,17,0.7647058823529411
4172,15,3,2,0,0,20,0.75
4173,12,4,3,0,0,19,0.631578947368421
4174,12,4,3,0,0,19,0.631578947368421
4175,14,3,2,0,0,19,0.7368421052631579
4176,14,2,3,0,0,19,0.7368421052631579
4177,13,3,1,0,0,17,0.7647058823529411
4178,16,2,2,0,0,20,0.8
4179,14,2,2,0,0,18,0.7777777777777778
4180,12,2,2,0,0,16,0.75
4181,13,2,3,0,0,18,0.7222222222222222
4182,14,3,3,0,0,20,0.7
4183,12,4,2,0,0,18,0.6666666666666666
4184,11,2,3,0,0,16,0.6875
4185,14,2,2,0,0,18,0.7777777777777778
4186,12,2,3,0,0,17,0.7058823529411765
4187,10,3,3,0,0,16,0.625
4188,13,2,2,0,0,17,0.7647058823529411
4189,14,3,3,0,0,20,0.7
4190,14,3,3,0,0,20,0.7
4191,12,3,1,0,0,16,0.75
4192,12,3,2,0,0,17,0.7058823529411765
4193,11,2,2,0,0,15,0.7333333333333333
4194,14,3,3,0,0,20,0.7
4195,11,2,3,0,0,16,0.6875
4196,13,3,2,0,0,18,0.7222222222222222
4197,12,2,2,0,0,16,0.75
4198,12,3,1,0,0,16,0.75
4199,11,2,2,0,0,15,0.7333333333333333
4200,14,2,1,0,0,17,0.8235294117647058
4201,13,2,3,0,0,18,0.7222222222222222
4202,15,3,2,0,0,20,0.75
4203,11,3,2,0,0,16,0.6875
4204,13,2,3,0,0,18,0.7222222222222222
4205,13,4,3,0,0,20,0.65
4206,13,2,1,0,0,16,0.8125
4207,14,4,2,0,0,20,0.7
4208,11,2,2,0,0,15,0.7333333333333333
4209,15,3,2,0,0,20,0.75
4210,13,3,1,0,0,17,0.7647058823529411
4211,13,2,2,0,0,17,0.7647058823529411
4212,12,3,2,0,0,17,0.7058823529411765
4213,12,2,3,0,0,17,0.7058823529411765
4214,14,2,2,0,0,18,0.7777777777777778
4215,14,2,2,0,0,18,0.7777777777777778
4216,15,2,2,0,0,19,0.7894736842105263
4217,16,4,1,0,0,21,0.7619047619047619
4218,14,4,2,0,0,20,0.7
4219,14,4,1,0,0,19,0.7368421052631579
4220,13,3,2,0,0,18,0.7222222222222222
4221,14,3,1,0,0,18,0.7777777777777778
4222,12,2,2,0,0,16,0.75
4223,14,4,1,0,0,19,0.7368421052631579
4224,14,3,2,0,0,19,0.7368421052631579
4225,12,2,2,0,0,16,0.75
4226,13,3,3,0,0,19,0.6842105263157895
4227,13,2,3,0,0,18,0.7222222222222222
4228,13,2,3,0,0,18,0.7222222222222222
4229,13,2,2,0,0,17,0.7647058823529411
4230,13,3,3,0,0,19,0.6842105263157895
4231,12,3,3,0,0,18,0.6666666666666666
4232,14,3,2,0,0,19,0.7368421052631579
4233,14,2,3,0,0,19,0.7368421052631579
4234,13,3,2,0,0,18,0.7222222222222222
4235,12,3,2,0,0,17,0.7058823529411765
4236,13,3,3,0,0,19,0.6842105263157895
4237,13,3,3,0,0,19,0.6842105263157895
4238,11,2,3,0,0,16,0.6875
4239,14,2,3,0,0,19,0.7368421052631579
4240,13,2,2,0,0,17,0.7647058823529411
4241,12,2,3,0,0,17,0.7058823529411765
4242,13,2,2,0,0,17,0.7647058823529411
4243,12,2,2,0,0,16,0.75
4244,14,2,3,0,0,19,0.7368421052631579
4245,12,2,3,0,0,17,0.7058823529411765
4246,14,3,2,0,0,19,0.7368421052631579
4247,13,3,2,0,0,18,0.7222222222222222
4248,12,4,2,0,0,18,0.6666666666666666
4249,14,4,2,0,0,20,0.7
4250,12,4,3,0,0,19,0.631578947368421
4251,13,2,2,0,0,17,0.7647058823529411
4252,14,2,2,0,0,18,0.7777777777777778
4253,13,3,2,0,0,18,0.7222222222222222
4254,11,2,3,0,0,16,0.6875
4255,12,2,2,0,0,16,0.75
4256,13,3,3,0,0,19,0.6842105263157895
4257,15,2,2,0,0,19,0.7894736842105263
4258,10,2,1,0,0,13,0.7692307692307693
4259,14,2,3,0,0,19,0.7368421052631579
4260,13,2,2,0,0,17,0.7647058823529411
4261,13,3,2,0,0,18,0.7222222222222222
4262,13,2,3,0,0,18,0.7222222222222222
4263,13,3,2,0,0,18,0.7222222222222222
4264,14,2,1,0,0,17,0.8235294117647058
4265,15,2,3,0,0,20,0.75
4266,14,3,3,0,0,20,0.7
4267,11,2,3,0,0,16,0.6875
4268,14,3,2,0,0,19,0.7368421052631579
4269,14,2,2,0,0,18,0.7777777777777778
4270,12,2,3,0,0,17,0.7058823529411765
4271,13,3,2,0,0,18,0.7222222222222222
4272,11,2,2,0,0,15,0.7333333333333333
4273,12,2,2,0,0,16,0.75
4274,13,2,2,0,0,17,0.7647058823529411
4275,13,2,3,0,0,18,0.7222222222222222
4276,13,3,2,0,0,18,0.7222222222222222
4277,12,4,2,0,0,18,0.6666666666666666
4278,14,3,2,0,0,19,0.7368421052631579
4279,13,2,2,0,0,17,0.7647058823529411
4280,15,3,2,0,0,20,0.75
4281,12,3,3,0,0,18,0.6666666666666666
4282,14,3,1,0,0,18,0.7777777777777778
4283,14,2,2,0,0,18,0.7777777777777778
4284,14,2,2,0,0,18,0.7777777777777778
4285,14,3,2,0,0,19,0.7368421052631579
4286,10,2,3,0,0,15,0.6666666666666666
4287,11,3,1,0,0,15,0.7333333333333333
4288,13,3,2,0,0,18,0.7222222222222222
4289,14,3,3,0,0,20,0.7
4290,13,2,2,0,0,17,0.7647058823529411
4291,14,3,3,0,0,20,0.7
4292,13,2,3,0,0,18,0.7222222222222222
4293,14,2,2,0,0,18,0.7777777777777778
4294,14,2,2,0,0,18,0.7777777777777778
4295,11,3,3,0,0,17,0.6470588235294118
4296,14,2,3,0,0,19,0.7368421052631579
4297,13,2,2,0,0,17,0.7647058823529411
4298,13,2,2,0,0,17,0.7647058823529411
4299,13,2,1,0,0,16,0.8125
4300,14,3,3,0,0,20,0.7
4301,11,3,3,0,0,17,0.6470588235294118
4302,12,3,1,0,0,16,0.75
4303,13,2,3,0,0,18,0.7222222222222222
4304,11,2,2,0,0,15,0.7333333333333333
4305,14,2,1,0,0,17,0.8235294117647058
4306,14,4,2,0,0,20,0.7
4307,15,3,1,0,0,19,0.7894736842105263
4308,14,2,1,0,0,17,0.8235294117647058
4309,14,2,3,0,0,19,0.7368421052631579
4310,11,4,3,0,0,18,0.6111111111111112
4311,12,2,3,0,0,17,0.7058823529411765
4312,13,2,2,0,0,17,0.7647058823529411
4313,13,2,2,0,0,17,0.7647058823529411
4314,13,4,2,0,0,19,0.6842105263157895
4315,14,2,3,0,0,19,0.7368421052631579
4316,13,4,3,0,0,20,0.65
4317,13,2,2,0,0,17,0.7647058823529411
4318,14,2,3,0,0,19,0.7368421052631579
4319,14,3,3,0,0,20,0.7
4320,12,2,3,0,0,17,0.7058823529411765
4321,13,3,3,0,0,19,0.6842105263157895
4322,13,2,2,0,0,17,0.7647058823529411
4323,15,3,2,0,0,20,0.75
4324,13,2,3,0,0,18,0.7222222222222222
4325,11,2,3,0,0,16,0.6875
4326,13,3,3,0,0,19,0.6842105263157895
4327,14,2,3,0,0,19,0.7368421052631579
4328,13,3,2,0,0,18,0.7222222222222222
4329,11,3,1,0,0,15,0.7333333333333333
4330,12,2,2,0,0,16,0.75
4331,13,2,2,0,0,17,0.7647058823529411
4332,14,2,3,0,0,19,0.7368421052631579
4333,14,3,2,0,0,19,0.7368421052631579
4334,15,2,3,0,0,20,0.75
4335,14,4,2,0,0,20,0.7
4336,13,2,3,0,0,18,0.7222222222222222
4337,13,2,3,0,0,18,0.7222222222222222
4338,14,2,1,0,0,17,0.8235294117647058
4339,12,2,3,0,0,17,0.7058823529411765
4340,14,3,3,0,0,20,0.7
4341,12,3,3,0,0,18,0.6666666666666666
4342,13,4,3,0,0,20,0.65
4343,14,3,3,0,0,20,0.7
4344,15,3,3,0,0,21,0.7142857142857143
4345,13,3,3,0,0,19,0.6842105263157895
4346,12,2,3,0,0,17,0.7058823529411765
4347,13,3,2,0,0,18,0.7222222222222222
4348,13,4,2,0,0,19,0.6842105263157895
4349,14,4,3,0,0,21,0.6666666666666666
4350,13,2,2,0,0,17,0.7647058823529411
4351,13,2,3,0,0,18,0.7222222222222222
4352,15,3,3,0,0,21,0.7142857142857143
4353,11,3,3,0,0,17,0.6470588235294118
4354,12,2,3,0,0,17,0.7058823529411765
4355,12,4,3,0,0,19,0.631578947368421
4356,13,3,3,0,0,19,0.6842105263157895
4357,11,2,2,0,0,15,0.7333333333333333
4358,13,2,2,0,0,17,0.7647058823529411
4359,14,4,3,0,0,21,0.6666666666666666
4360,13,3,3,0,0,19,0.6842105263157895
4361,12,4,3,0,0,19,0.631578947368421
4362,12,3,2,0,0,17,0.7058823529411765
4363,12,4,2,0,0,18,0.6666666666666666
4364,14,2,3,0,0,19,0.7368421052631579
4365,13,2,3,0,0,18,0.7222222222222222
4366,13,2,3,0,0,18,0.7222222222222222
4367,11,2,2,0,0,15,0.7333333333333333
4368,13,4,2,0,0,19,0.6842105263157895
4369,13,2,2,0,0,17,0.7647058823529411
4370,13,2,3,0,0,18,0.7222222222222222
4371,10,2,3,0,0,15,0.6666666666666666
4372,14,2,3,0,0,19,0.7368421052631579
4373,12,2,3,0,0,17,0.7058823529411765
4374,13,4,2,0,0,19,0.6842105263157895
4375,13,1,3,0,0,17,0.7647058823529411
4376,11,1,3,0,0,15,0.7333333333333333
4377,13,1,1,0,0,15,0.8666666666666667
4378,14,1,3,0,0,18,0.7777777777777778
4379,12,1,3,0,0,16,0.75
4380,14,1,2,0,0,17,0.8235294117647058
4381,11,1,3,0,0,15,0.7333333333333333
4382,14,1,3,0,0,18,0.7777777777777778
4383,13,2,3,0,0,18,0.7222222222222222
4384,14,2,3,0,0,19,0.7368421052631579
4385,14,2,3,0,0,19,0.7368421052631579
4386,15,1,3,0,0,19,0.7894736842105263
4387,13,1,3,0,0,17,0.7647058823529411
4388,12,1,2,0,0,15,0.8
4389,12,2,3,0,0,17,0.7058823529411765
4390,12,1,2,0,0,15,0.8
4391,14,1,3,0,0,18,0.7777777777777778
4392,12,2,3,0,0,17,0.7058823529411765
4393,14,1,3,0,0,18,0.7777777777777778
4394,13,2,3,0,0,18,0.7222222222222222
4395,12,3,2,0,0,17,0.7058823529411765
4396,14,2,3,0,0,19,0.7368421052631579
4397,13,2,2,0,0,17,0.7647058823529411
4398,11,2,3,0,0,16,0.6875
4399,12,3,3,0,0,18,0.6666666666666666
4400,10,2,2,0,0,14,0.7142857142857143
4401,13,2,3,0,0,18,0.7222222222222222
4402,10,2,3,0,0,15,0.6666666666666666
4403,11,4,3,0,0,18,0.6111111111111112
4404,12,2,2,0,0,16,0.75
4405,12,2,3,0,0,17,0.7058823529411765
4406,11,3,2,0,0,16,0.6875
4407,14,4,3,0,0,21,0.6666666666666666
4408,12,1,3,0,0,16,0.75
4409,12,2,3,0,0,17,0.7058823529411765
4410,13,2,2,0,0,17,0.7647058823529411
4411,12,3,3,0,0,18,0.6666666666666666
4412,14,1,3,0,0,18,0.7777777777777778
4413,13,2,3,0,0,18,0.7222222222222222
4414,11,1,3,0,0,15,0.7333333333333333
4415,12,1,3,0,0,16,0.75
4416,11,1,3,0,0,15,0.7333333333333333
4417,13,2,3,0,0,18,0.7222222222222222
4418,14,2,3,0,0,19,0.7368421052631579
4419,13,2,3,0,0,18,0.7222222222222222
4420,14,2,3,0,0,19,0.7368421052631579
4421,13,2,3,0,0,18,0.7222222222222222
4422,13,3,2,0,0,18,0.7222222222222222
4423,14,3,1,0,0,18,0.7777777777777778
4424,15,1,2,0,0,18,0.8333333333333334
4425,12,2,3,0,0,17,0.7058823529411765
4426,12,2,3,0,0,17,0.7058823529411765
4427,15,2,2,0,0,19,0.7894736842105263
4428,15,3,2,0,0,20,0.75
4429,14,2,3,0,0,19,0.7368421052631579
4430,14,2,2,0,0,18,0.7777777777777778
4431,13,2,3,0,0,18,0.7222222222222222
4432,12,2,3,0,0,17,0.7058823529411765
4433,14,2,2,0,0,18,0.7777777777777778
4434,12,1,3,0,0,16,0.75
4435,11,2,2,0,0,15,0.7333333333333333
4436,13,1,3,0,0,17,0.7647058823529411
4437,12,3,3,0,0,18,0.6666666666666666
4438,12,3,3,0,0,18,0.6666666666666666
4439,14,2,2,0,0,18,0.7777777777777778
4440,15,2,3,0,0,20,0.75
4441,12,1,3,0,0,16,0.75
4442,14,2,3,0,0,19,0.7368421052631579
4443,13,1,3,0,0,17,0.7647058823529411
4444,13,1,1,0,0,15,0.8666666666666667
4445,11,1,3,0,0,15,0.7333333333333333
4446,12,2,3,0,0,17,0.7058823529411765
4447,13,2,2,0,0,17,0.7647058823529411
4448,14,1,3,0,0,18,0.7777777777777778
4449,13,2,3,0,0,18,0.7222222222222222
4450,13,2,3,0,0,18,0.7222222222222222
4451,12,2,2,0,0,16,0.75
4452,12,1,3,0,0,16,0.75
4453,11,2,1,0,0,14,0.7857142857142857
4454,11,2,3,0,0,16,0.6875
4455,13,1,3,0,0,17,0.7647058823529411
4456,12,2,2,0,0,16,0.75
4457,12,2,3,0,0,17,0.7058823529411765
4458,11,2,3,0,0,16,0.6875
4459,11,2,2,0,0,15,0.7333333333333333
4460,12,2,3,0,0,17,0.7058823529411765
4461,13,2,3,0,0,18,0.7222222222222222
4462,12,3,2,0,0,17,0.7058823529411765
4463,13,1,2,0,0,16,0.8125
4464,14,2,3,0,0,19,0.7368421052631579
4465,12,2,3,0,0,17,0.7058823529411765
4466,11,2,3,0,0,16,0.6875
4467,12,2,3,0,0,17,0.7058823529411765
4468,13,2,3,0,0,18,0.7222222222222222
4469,14,2,3,0,0,19,0.7368421052631579
4470,12,2,3,0,0,17,0.7058823529411765
4471,13,3,2,0,0,18,0.7222222222222222
4472,12,1,3,0,0,16,0.75
4473,12,2,3,0,0,17,0.7058823529411765
4474,14,3,2,0,0,19,0.7368421052631579
4475,14,2,2,0,0,18,0.7777777777777778
4476,13,3,3,0,0,19,0.6842105263157895
4477,13,2,3,0,0,18,0.7222222222222222
4478,14,1,2,0,0,17,0.8235294117647058
4479,13,1,3,0,0,17,0.7647058823529411
4480,13,3,1,0,0,17,0.7647058823529411
4481,12,2,2,0,0,16,0.75
4482,9,3,2,0,0,14,0.6428571428571429
4483,14,1,3,0,0,18,0.7777777777777778
4484,12,2,2,0,0,16,0.75
4485,13,2,3,0,0,18,0.7222222222222222
4486,14,1,3,0,0,18,0.7777777777777778
4487,13,2,3,0,0,18,0.7222222222222222
4488,15,2,1,0,0,18,0.8333333333333334
4489,14,2,2,0,0,18,0.7777777777777778
4490,14,3,2,0,0,19,0.7368421052631579
4491,13,3,3,0,0,19,0.6842105263157895
4492,13,1,3,0,0,17,0.7647058823529411
4493,13,2,1,0,0,16,0.8125
4494,15,1,2,0,0,18,0.8333333333333334
4495,13,3,2,0,0,18,0.7222222222222222
4496,13,2,3,0,0,18,0.7222222222222222
4497,14,2,3,0,0,19,0.7368421052631579
4498,13,1,2,0,0,16,0.8125
4499,14,1,3,0,0,18,0.7777777777777778
4500,11,3,3,0,0,17,0.6470588235294118
4501,13,2,3,0,0,18,0.7222222222222222
4502,12,2,3,0,0,17,0.7058823529411765
4503,14,2,3,0,0,19,0.7368421052631579
4504,13,3,3,0,0,19,0.6842105263157895
4505,14,2,3,0,0,19,0.7368421052631579
4506,11,2,3,0,0,16,0.6875
4507,12,3,1,0,0,16,0.75
4508,13,2,3,0,0,18,0.7222222222222222
4509,14,2,3,0,0,19,0.7368421052631579
4510,12,3,3,0,0,18,0.6666666666666666
4511,12,2,3,0,0,17,0.7058823529411765
4512,15,2,2,0,0,19,0.7894736842105263
4513,11,2,3,0,0,16,0.6875
4514,13,2,3,0,0,18,0.7222222222222222
4515,14,2,3,0,0,19,0.7368421052631579
4516,13,2,3,0,0,18,0.7222222222222222
4517,14,2,2,0,0,18,0.7777777777777778
4518,14,2,2,0,0,18,0.7777777777777778
4519,13,2,3,0,0,18,0.7222222222222222
4520,14,3,2,0,0,19,0.7368421052631579
4521,14,1,3,0,0,18,0.7777777777777778
4522,14,2,3,0,0,19,0.7368421052631579
4523,13,3,3,0,0,19,0.6842105263157895
4524,13,2,3,0,0,18,0.7222222222222222
4525,11,3,3,0,0,17,0.6470588235294118
4526,14,3,2,0,0,19,0.7368421052631579
4527,13,2,3,0,0,18,0.7222222222222222
4528,14,1,2,0,0,17,0.8235294117647058
4529,12,1,3,0,0,16,0.75
4530,13,1,3,0,0,17,0.7647058823529411
4531,13,2,3,0,0,18,0.7222222222222222
4532,14,3,3,0,0,20,0.7
4533,13,1,3,0,0,17,0.7647058823529411
4534,13,2,2,0,0,17,0.7647058823529411
4535,13,1,2,0,0,16,0.8125
4536,13,1,3,0,0,17,0.7647058823529411
4537,12,2,3,0,0,17,0.7058823529411765
4538,12,1,3,0,0,16,0.75
4539,14,2,2,0,0,18,0.7777777777777778
4540,15,3,2,0,0,20,0.75
4541,14,2,2,0,0,18,0.7777777777777778
4542,12,3,3,0,0,18,0.6666666666666666
4543,14,1,3,0,0,18,0.7777777777777778
4544,15,1,3,0,0,19,0.7894736842105263
4545,14,2,2,0,0,18,0.7777777777777778
4546,14,2,3,0,0,19,0.7368421052631579
4547,13,2,2,0,0,17,0.7647058823529411
4548,12,1,3,0,0,16,0.75
4549,14,1,2,0,0,17,0.8235294117647058
4550,14,2,2,0,0,18,0.7777777777777778
4551,13,2,3,0,0,18,0.7222222222222222
4552,12,2,2,0,0,16,0.75
4553,14,3,2,0,0,19,0.7368421052631579
4554,13,3,2,0,0,18,0.7222222222222222
4555,13,2,2,0,0,17,0.7647058823529411
4556,12,1,2,0,0,15,0.8
4557,13,2,3,0,0,18,0.7222222222222222
4558,11,1,3,0,0,15,0.7333333333333333
4559,15,1,2,0,0,18,0.8333333333333334
4560,14,1,3,0,0,18,0.7777777777777778
4561,11,2,2,0,0,15,0.7333333333333333
4562,12,3,3,0,0,18,0.6666666666666666
4563,13,3,3,0,0,19,0.6842105263157895
4564,14,2,2,0,0,18,0.7777777777777778
4565,11,2,3,0,0,16,0.6875
4566,14,2,3,0,0,19,0.7368421052631579
4567,13,2,2,0,0,17,0.7647058823529411
4568,13,1,3,0,0,17,0.7647058823529411
4569,14,2,3,0,0,19,0.7368421052631579
4570,13,2,2,0,0,17,0.7647058823529411
4571,12,2,2,0,0,16,0.75
4572,12,2,3,0,0,17,0.7058823529411765
4573,12,2,3,0,0,17,0.7058823529411765
4574,14,2,2,0,0,18,0.7777777777777778
4575,12,2,3,0,0,17,0.7058823529411765
4576,15,1,3,0,0,19,0.7894736842105263
4577,13,2,2,0,0,17,0.7647058823529411
4578,12,4,2,0,0,18,0.6666666666666666
4579,12,2,2,0,0,16,0.75
4580,12,2,3,0,0,17,0.7058823529411765
4581,14,2,2,0,0,18,0.7777777777777778
4582,12,2,3,0,0,17,0.7058823529411765
4583,14,2,2,0,0,18,0.7777777777777778
4584,13,3,2,0,0,18,0.7222222222222222
4585,13,2,2,0,0,17,0.7647058823529411
4586,13,3,3,0,0,19,0.6842105263157895
4587,13,2,3,0,0,18,0.7222222222222222
4588,13,1,2,0,0,16,0.8125
4589,14,2,3,0,0,19,0.7368421052631579
4590,13,3,2,0,0,18,0.7222222222222222
4591,13,2,2,0,0,17,0.7647058823529411
4592,12,3,3,0,0,18,0.6666666666666666
4593,13,3,2,0,0,18,0.7222222222222222
4594,13,2,3,0,0,18,0.7222222222222222
4595,14,1,2,0,0,17,0.8235294117647058
4596,11,1,3,0,0,15,0.7333333333333333
4597,13,3,2,0,0,18,0.7222222222222222
4598,13,3,1,0,0,17,0.7647058823529411
4599,14,1,2,0,0,17,0.8235294117647058
4600,12,3,2,0,0,17,0.7058823529411765
4601,12,1,2,0,0,15,0.8
4602,13,1,2,0,0,16,0.8125
4603,12,3,2,0,0,17,0.7058823529411765
4604,12,2,3,0,0,17,0.7058823529411765
4605,13,3,3,0,0,19,0.6842105263157895
4606,12,4,2,0,0,18,0.6666666666666666
4607,13,2,3,0,0,18,0.7222222222222222
4608,13,2,2,0,0,17,0.7647058823529411
4609,14,1,3,0,0,18,0.7777777777777778
4610,13,3,3,0,0,19,0.6842105263157895
4611,14,1,2,0,0,17,0.8235294117647058
4612,10,1,3,0,0,14,0.7142857142857143
4613,10,3,3,0,0,16,0.625
4614,10,2,3,0,0,15,0.6666666666666666
4615,10,3,3,0,0,16,0.625
4616,12,3,3,0,0,18,0.6666666666666666
4617,13,3,3,0,0,19,0.6842105263157895
4618,13,1,3,0,0,17,0.7647058823529411
4619,13,2,3,0,0,18,0.7222222222222222
4620,13,1,3,0,0,17,0.7647058823529411
4621,14,1,2,0,0,17,0.8235294117647058
4622,12,1,3,0,0,16,0.75
4623,12,1,3,0,0,16,0.75
4624,14,2,2,0,0,18,0.7777777777777778
4625,14,1,3,0,0,18,0.7777777777777778
4626,11,2,2,0,0,15,0.7333333333333333
4627,13,2,3,0,0,18,0.7222222222222222
4628,12,2,3,0,0,17,0.7058823529411765
4629,13,2,3,0,0,18,0.7222222222222222
4630,13,3,2,0,0,18,0.7222222222222222
4631,13,1,3,0,0,17,0.7647058823529411
4632,14,2,3,0,0,19,0.7368421052631579
4633,11,0,3,0,0,14,0.7857142857142857
4634,12,2,2,0,0,16,0.75
4635,13,4,2,0,0,19,0.6842105263157895
4636,11,4,3,0,0,18,0.6111111111111112
4637,13,3,1,0,0,17,0.7647058823529411
4638,12,4,2,0,0,18,0.6666666666666666
4639,15,4,2,0,0,21,0.7142857142857143
4640,13,4,3,0,0,20,0.65
4641,13,4,3,0,0,20,0.65
4642,13,3,2,0,0,18,0.7222222222222222
4643,14,4,2,0,0,20,0.7
4644,14,4,2,0,0,20,0.7
4645,15,4,2,0,0,21,0.7142857142857143
4646,13,4,3,0,0,20,0.65
4647,12,4,3,0,0,19,0.631578947368421
4648,14,4,2,0,0,20,0.7
4649,13,4,3,0,0,20,0.65
4650,13,4,2,0,0,19,0.6842105263157895
4651,11,4,2,0,0,17,0.6470588235294118
4652,12,4,2,0,0,18,0.6666666666666666
4653,11,4,3,0,0,18,0.6111111111111112
4654,13,3,3,0,0,19,0.6842105263157895
4655,12,4,3,0,0,19,0.631578947368421
4656,12,4,3,0,0,19,0.631578947368421
4657,13,3,3,0,0,19,0.6842105263157895
4658,10,3,3,0,0,16,0.625
4659,14,4,2,0,0,20,0.7
4660,13,2,2,0,0,17,0.7647058823529411
4661,12,3,3,0,0,18,0.6666666666666666
4662,14,4,2,0,0,20,0.7
4663,14,2,3,0,0,19,0.7368421052631579
4664,12,3,3,0,0,18,0.6666666666666666
4665,13,3,2,0,0,18,0.7222222222222222
4666,13,4,3,0,0,20,0.65
4667,10,2,2,0,0,14,0.7142857142857143
4668,13,2,3,0,0,18,0.7222222222222222
4669,13,2,3,0,0,18,0.7222222222222222
4670,16,4,3,0,0,23,0.6956521739130435
4671,14,4,1,0,0,19,0.7368421052631579
4672,11,4,3,0,0,18,0.6111111111111112
4673,12,3,2,0,0,17,0.7058823529411765
4674,14,4,1,0,0,19,0.7368421052631579
4675,11,3,3,0,0,17,0.6470588235294118
4676,12,4,3,0,0,19,0.631578947368421
4677,13,3,2,0,0,18,0.7222222222222222
4678,13,4,1,0,0,18,0.7222222222222222
4679,12,4,2,0,0,18,0.6666666666666666
4680,13,4,3,0,0,20,0.65
4681,15,3,2,0,0,20,0.75
4682,14,4,2,0,0,20,0.7
4683,14,4,2,0,0,20,0.7
4684,10,4,2,0,0,16,0.625
4685,12,4,2,0,0,18,0.6666666666666666
4686,12,2,1,0,0,15,0.8
4687,13,3,3,0,0,19,0.6842105263157895
4688,13,4,3,0,0,20,0.65
4689,11,4,3,0,0,18,0.6111111111111112
4690,11,3,3,0,0,17,0.6470588235294118
4691,11,2,3,0,0,16,0.6875
4692,11,2,3,0,0,16,0.6875
4693,14,3,2,0,0,19,0.7368421052631579
4694,14,2,2,0,0,18,0.7777777777777778
4695,14,3,2,0,0,19,0.7368421052631579
4696,12,3,3,0,0,18,0.6666666666666666
4697,12,4,3,0,0,19,0.631578947368421
4698,14,3,2,0,0,19,0.7368421052631579
4699,15,4,2,0,0,21,0.7142857142857143
4700,13,2,2,0,0,17,0.7647058823529411
4701,14,4,2,0,0,20,0.7
4702,13,4,1,0,0,18,0.7222222222222222
4703,13,4,2,0,0,19,0.6842105263157895
4704,12,3,2,0,0,17,0.7058823529411765
4705,13,2,2,0,0,17,0.7647058823529411
4706,11,3,2,0,0,16,0.6875
4707,12,4,3,0,0,19,0.631578947368421
4708,12,1,3,0,0,16,0.75
4709,12,4,3,0,0,19,0.631578947368421
4710,14,2,2,0,0,18,0.7777777777777778
4711,13,3,2,0,0,18,0.7222222222222222
4712,14,2,3,0,0,19,0.7368421052631579
4713,13,2,3,0,0,18,0.7222222222222222
4714,14,3,2,0,0,19,0.7368421052631579
4715,12,4,3,0,0,19,0.631578947368421
4716,12,2,3,0,0,17,0.7058823529411765
4717,14,4,2,0,0,20,0.7
4718,13,4,1,0,0,18,0.7222222222222222
4719,11,3,3,0,0,17,0.6470588235294118
4720,12,4,1,0,0,17,0.7058823529411765
4721,13,4,2,0,0,19,0.6842105263157895
4722,11,4,3,0,0,18,0.6111111111111112
4723,13,4,2,0,0,19,0.6842105263157895
4724,14,4,3,0,0,21,0.6666666666666666
4725,12,2,3,0,0,17,0.7058823529411765
4726,13,4,2,0,0,19,0.6842105263157895
4727,11,4,3,0,0,18,0.6111111111111112
4728,14,4,1,0,0,19,0.7368421052631579
4729,14,3,1,0,0,18,0.7777777777777778
4730,11,4,2,0,0,17,0.6470588235294118
4731,11,3,3,0,0,17,0.6470588235294118
4732,13,4,3,0,0,20,0.65
4733,12,3,2,0,0,17,0.7058823529411765
4734,12,3,3,0,0,18,0.6666666666666666
4735,13,4,3,0,0,20,0.65
4736,12,3,3,0,0,18,0.6666666666666666
4737,13,2,3,0,0,18,0.7222222222222222
4738,16,4,3,0,0,23,0.6956521739130435
4739,12,3,3,0,0,18,0.6666666666666666
4740,13,2,3,0,0,18,0.7222222222222222
4741,11,3,3,0,0,17,0.6470588235294118
4742,13,4,3,0,0,20,0.65
4743,13,2,3,0,0,18,0.7222222222222222
4744,12,2,2,0,0,16,0.75
4745,11,2,3,0,0,16,0.6875
4746,14,2,3,0,0,19,0.7368421052631579
4747,14,3,3,0,0,20,0.7
4748,13,4,3,0,0,20,0.65
4749,13,4,2,0,0,19,0.6842105263157895
4750,13,2,3,0,0,18,0.7222222222222222
4751,14,2,1,0,0,17,0.8235294117647058
4752,11,2,2,0,0,15,0.7333333333333333
4753,11,4,3,0,0,18,0.6111111111111112
4754,13,2,2,0,0,17,0.7647058823529411
4755,14,2,1,0,0,17,0.8235294117647058
4756,12,4,2,0,0,18,0.6666666666666666
4757,11,3,2,0,0,16,0.6875
4758,13,3,1,0,0,17,0.7647058823529411
4759,11,4,2,0,0,17,0.6470588235294118
4760,14,4,3,0,0,21,0.6666666666666666
4761,12,2,3,0,0,17,0.7058823529411765
4762,13,4,3,0,0,20,0.65
4763,12,4,2,0,0,18,0.6666666666666666
4764,14,3,2,0,0,19,0.7368421052631579
4765,12,3,2,0,0,17,0.7058823529411765
4766,12,2,1,0,0,15,0.8
4767,13,3,3,0,0,19,0.6842105263157895
4768,11,4,3,0,0,18,0.6111111111111112
4769,13,4,3,0,0,20,0.65
4770,13,3,3,0,0,19,0.6842105263157895
4771,13,4,3,0,0,20,0.65
4772,13,4,3,0,0,20,0.65
4773,13,4,3,0,0,20,0.65
4774,13,4,3,0,0,20,0.65
4775,14,3,2,0,0,19,0.7368421052631579
4776,13,4,3,0,0,20,0.65
4777,11,4,3,0,0,18,0.6111111111111112
4778,13,3,2,0,0,18,0.7222222222222222
4779,12,3,3,0,0,18,0.6666666666666666
4780,13,4,3,0,0,20,0.65
4781,12,2,3,0,0,17,0.7058823529411765
4782,11,2,1,0,0,14,0.7857142857142857
4783,12,3,3,0,0,18,0.6666666666666666
4784,11,3,3,0,0,17,0.6470588235294118
4785,11,3,2,0,0,16,0.6875
4786,13,4,3,0,0,20,0.65
4787,14,4,2,0,0,20,0.7
4788,12,3,2,0,0,17,0.7058823529411765
4789,12,3,2,0,0,17,0.7058823529411765
4790,14,3,1,0,0,18,0.7777777777777778
4791,12,3,1,0,0,16,0.75
4792,12,4,2,0,0,18,0.6666666666666666
4793,14,2,3,0,0,19,0.7368421052631579
4794,12,3,3,0,0,18,0.6666666666666666
4795,12,3,2,0,0,17,0.7058823529411765
4796,12,4,3,0,0,19,0.631578947368421
4797,13,4,3,0,0,20,0.65
4798,12,4,3,0,0,19,0.631578947368421
4799,14,3,3,0,0,20,0.7
4800,12,3,1,0,0,16,0.75
4801,10,2,3,0,0,15,0.6666666666666666
4802,12,3,3,0,0,18,0.6666666666666666
4803,13,4,3,0,0,20,0.65
4804,14,4,2,0,0,20,0.7
4805,12,3,2,0,0,17,0.7058823529411765
4806,14,2,3,0,0,19,0.7368421052631579
4807,15,4,3,0,0,22,0.6818181818181818
4808,13,2,2,0,0,17,0.7647058823529411
4809,11,4,3,0,0,18,0.6111111111111112
4810,12,3,3,0,0,18,0.6666666666666666
4811,11,4,2,0,0,17,0.6470588235294118
4812,14,2,1,0,0,17,0.8235294117647058
4813,13,2,3,0,0,18,0.7222222222222222
4814,15,3,2,0,0,20,0.75
4815,13,4,2,0,0,19,0.6842105263157895
4816,14,3,1,0,0,18,0.7777777777777778
4817,13,2,1,0,0,16,0.8125
4818,13,2,3,0,0,18,0.7222222222222222
4819,13,2,2,0,0,17,0.7647058823529411
4820,14,3,2,0,0,19,0.7368421052631579
4821,14,3,2,0,0,19,0.7368421052631579
4822,13,2,2,0,0,17,0.7647058823529411
4823,14,3,2,0,0,19,0.7368421052631579
4824,13,3,2,0,0,18,0.7222222222222222
4825,13,3,2,0,0,18,0.7222222222222222
4826,12,4,3,0,0,19,0.631578947368421
4827,14,4,2,0,0,20,0.7
4828,11,5,2,0,0,18,0.6111111111111112
4829,14,4,1,0,0,19,0.7368421052631579
4830,13,4,2,0,0,19,0.6842105263157895
4831,13,4,2,0,0,19,0.6842105263157895
4832,14,4,2,0,0,20,0.7
4833,11,4,2,0,0,17,0.6470588235294118
4834,13,4,2,0,0,19,0.6842105263157895
4835,13,4,2,0,0,19,0.6842105263157895
4836,14,4,1,0,0,19,0.7368421052631579
4837,10,3,3,0,0,16,0.625
4838,13,3,2,0,0,18,0.7222222222222222
4839,13,3,2,0,0,18,0.7222222222222222
4840,13,3,1,0,0,17,0.7647058823529411
4841,15,3,2,0,0,20,0.75
4842,13,3,3,0,0,19,0.6842105263157895
4843,14,3,1,0,0,18,0.7777777777777778
4844,13,3,3,0,0,19,0.6842105263157895
4845,13,3,2,0,0,18,0.7222222222222222
4846,13,3,1,0,0,17,0.7647058823529411
4847,12,3,3,0,0,18,0.6666666666666666
4848,14,3,2,0,0,19,0.7368421052631579
4849,13,3,1,0,0,17,0.7647058823529411
4850,13,3,1,0,0,17,0.7647058823529411
4851,14,4,1,0,0,19,0.7368421052631579
4852,13,4,1,0,0,18,0.7222222222222222
4853,14,3,2,0,0,19,0.7368421052631579
4854,14,4,3,0,0,21,0.6666666666666666
4855,11,4,2,0,0,17,0.6470588235294118
4856,13,3,3,0,0,19,0.6842105263157895
4857,14,3,2,0,0,19,0.7368421052631579
4858,13,3,2,0,0,18,0.7222222222222222
4859,14,3,2,0,0,19,0.7368421052631579
4860,14,3,1,0,0,18,0.7777777777777778
4861,11,4,3,0,0,18,0.6111111111111112
4862,11,2,3,0,0,16,0.6875
4863,13,2,2,0,0,17,0.7647058823529411
4864,14,1,3,0,0,18,0.7777777777777778
4865,10,2,3,0,0,15,0.6666666666666666
4866,13,2,1,0,0,16,0.8125
4867,12,4,2,0,0,18,0.6666666666666666
4868,14,3,2,0,0,19,0.7368421052631579
4869,14,4,2,0,0,20,0.7
4870,12,3,1,0,0,16,0.75
4871,13,3,3,0,0,19,0.6842105263157895
4872,13,2,2,0,0,17,0.7647058823529411
4873,13,3,3,0,0,19,0.6842105263157895
4874,13,2,2,0,0,17,0.7647058823529411
4875,14,3,2,0,0,19,0.7368421052631579
4876,13,3,3,0,0,19,0.6842105263157895
4877,13,3,3,0,0,19,0.6842105263157895
4878,13,4,3,0,0,20,0.65
4879,15,4,2,0,0,21,0.7142857142857143
4880,13,3,2,0,0,18,0.7222222222222222
4881,13,2,3,0,0,18,0.7222222222222222
4882,11,3,2,0,0,16,0.6875
4883,13,2,3,0,0,18,0.7222222222222222
4884,16,4,2,0,0,22,0.7272727272727273
4885,14,3,2,0,0,19,0.7368421052631579
4886,13,4,1,0,0,18,0.7222222222222222
4887,13,4,1,0,0,18,0.7222222222222222
4888,11,4,2,0,0,17,0.6470588235294118
4889,12,4,1,0,0,17,0.7058823529411765
4890,11,4,3,0,0,18,0.6111111111111112
4891,12,3,3,0,0,18,0.6666666666666666
4892,13,4,2,0,0,19,0.6842105263157895
4893,12,2,2,0,0,16,0.75
4894,13,3,1,0,0,17,0.7647058823529411
4895,13,4,2,0,0,19,0.6842105263157895
4896,11,4,2,0,0,17,0.6470588235294118
4897,11,3,2,0,0,16,0.6875
4898,13,3,1,0,0,17,0.7647058823529411
4899,11,2,3,0,0,16,0.6875
4900,14,3,2,0,0,19,0.7368421052631579
4901,13,4,3,0,0,20,0.65
4902,13,4,3,0,0,20,0.65
4903,11,3,3,0,0,17,0.6470588235294118
4904,12,4,2,0,0,18,0.6666666666666666
4905,12,4,2,0,0,18,0.6666666666666666
4906,13,2,3,0,0,18,0.7222222222222222
4907,12,4,2,0,0,18,0.6666666666666666
4908,13,4,2,0,0,19,0.6842105263157895
4909,10,3,2,0,0,15,0.6666666666666666
4910,13,2,2,0,0,17,0.7647058823529411
4911,11,3,3,0,0,17,0.6470588235294118
4912,12,3,1,0,0,16,0.75
4913,8,2,3,0,0,13,0.6153846153846154
4914,11,2,3,0,0,16,0.6875
4915,11,3,3,0,0,17,0.6470588235294118
4916,13,2,2,0,0,17,0.7647058823529411
4917,14,2,3,0,0,19,0.7368421052631579
4918,13,2,2,0,0,17,0.7647058823529411
4919,13,2,2,0,0,17,0.7647058823529411
4920,12,2,1,0,0,15,0.8
4921,11,2,2,0,0,15,0.7333333333333333
4922,12,2,2,0,0,16,0.75
4923,13,2,3,0,0,18,0.7222222222222222
4924,13,2,3,0,0,18,0.7222222222222222
4925,12,2,2,0,0,16,0.75
4926,10,4,3,0,0,17,0.5882352941176471
4927,13,2,2,0,0,17,0.7647058823529411
4928,12,2,3,0,0,17,0.7058823529411765
4929,12,2,2,0,0,16,0.75
4930,12,2,3,0,0,17,0.7058823529411765
4931,12,3,3,0,0,18,0.6666666666666666
4932,12,4,1,0,0,17,0.7058823529411765
4933,14,2,3,0,0,19,0.7368421052631579
4934,11,2,3,0,0,16,0.6875
4935,13,2,2,0,0,17,0.7647058823529411
4936,14,2,3,0,0,19,0.7368421052631579
4937,12,4,2,0,0,18,0.6666666666666666
4938,12,2,3,0,0,17,0.7058823529411765
4939,14,2,2,0,0,18,0.7777777777777778
4940,14,4,2,0,0,20,0.7
4941,14,3,3,0,0,20,0.7
4942,12,2,2,0,0,16,0.75
4943,12,2,2,0,0,16,0.75
4944,14,2,2,0,0,18,0.7777777777777778
4945,13,2,2,0,0,17,0.7647058823529411
4946,12,3,2,0,0,17,0.7058823529411765
4947,11,3,3,0,0,17,0.6470588235294118
4948,14,2,2,0,0,18,0.7777777777777778
4949,15,3,2,0,0,20,0.75
4950,11,3,3,0,0,17,0.6470588235294118
4951,15,4,2,0,0,21,0.7142857142857143
4952,13,3,3,0,0,19,0.6842105263157895
4953,10,2,3,0,0,15,0.6666666666666666
4954,10,3,3,0,0,16,0.625
4955,14,4,2,0,0,20,0.7
4956,15,2,2,0,0,19,0.7894736842105263
4957,11,2,2,0,0,15,0.7333333333333333
4958,12,2,2,0,0,16,0.75
4959,12,2,2,0,0,16,0.75
4960,10,2,3,0,0,15,0.6666666666666666
4961,12,3,3,0,0,18,0.6666666666666666
4962,13,2,3,0,0,18,0.7222222222222222
4963,14,3,1,0,0,18,0.7777777777777778
4964,13,2,2,0,0,17,0.7647058823529411
4965,13,2,1,0,0,16,0.8125
4966,12,3,2,0,0,17,0.7058823529411765
4967,13,2,2,0,0,17,0.7647058823529411
4968,14,3,2,0,0,19,0.7368421052631579
4969,13,3,2,0,0,18,0.7222222222222222
4970,12,2,1,0,0,15,0.8
4971,12,2,1,0,0,15,0.8
4972,13,2,2,0,0,17,0.7647058823529411
4973,11,2,1,0,0,14,0.7857142857142857
4974,12,2,2,0,0,16,0.75
4975,14,2,1,0,0,17,0.8235294117647058
4976,12,2,2,0,0,16,0.75
4977,13,2,1,0,0,16,0.8125
4978,13,2,1,0,0,16,0.8125
4979,12,2,1,0,0,15,0.8
4980,13,2,1,0,0,16,0.8125
4981,11,2,2,0,0,15,0.7333333333333333
4982,12,2,3,0,0,17,0.7058823529411765
4983,12,2,1,0,0,15,0.8
4984,11,3,1,0,0,15,0.7333333333333333
4985,10,3,1,0,0,14,0.7142857142857143
4986,13,4,1,0,0,18,0.7222222222222222
4987,12,4,2,0,0,18,0.6666666666666666
4988,14,4,2,0,0,20,0.7
4989,14,3,3,0,0,20,0.7
4990,13,2,2,0,0,17,0.7647058823529411
4991,14,2,3,0,0,19,0.7368421052631579
4992,15,3,3,0,0,21,0.7142857142857143
4993,12,2,2,0,0,16,0.75
4994,12,4,2,0,0,18,0.6666666666666666
4995,12,4,2,0,0,18,0.6666666666666666
4996,12,3,2,0,0,17,0.7058823529411765
4997,11,3,2,0,0,16,0.6875
4998,14,3,3,0,0,20,0.7
4999,12,2,3,0,0,17,0.7058823529411765
5000,11,2,3,0,0,16,0.6875
5001,14,2,2,0,0,18,0.7777777777777778
5002,12,2,2,0,0,16,0.75
5003,10,2,3,0,0,15,0.6666666666666666
5004,15,2,1,0,0,18,0.8333333333333334
5005,13,3,2,0,0,18,0.7222222222222222
5006,14,3,1,0,0,18,0.7777777777777778
5007,15,2,1,0,0,18,0.8333333333333334
5008,14,3,2,0,0,19,0.7368421052631579
5009,13,4,2,0,0,19,0.6842105263157895
5010,12,2,1,0,0,15,0.8
5011,14,3,2,0,0,19,0.7368421052631579
5012,12,4,2,0,0,18,0.6666666666666666
5013,12,2,1,0,0,15,0.8
5014,10,3,3,0,0,16,0.625
5015,13,3,1,0,0,17,0.7647058823529411
5016,12,3,1,0,0,16,0.75
5017,13,2,1,0,0,16,0.8125
5018,12,4,1,0,0,17,0.7058823529411765
5019,11,5,2,0,0,18,0.6111111111111112
5020,11,2,1,0,0,14,0.7857142857142857
5021,12,2,2,0,0,16,0.75
5022,11,3,1,0,0,15,0.7333333333333333
5023,13,2,2,0,0,17,0.7647058823529411
5024,14,2,2,0,0,18,0.7777777777777778
5025,14,3,1,0,0,18,0.7777777777777778
5026,12,2,3,0,0,17,0.7058823529411765
5027,13,4,2,0,0,19,0.6842105263157895
5028,11,3,2,0,0,16,0.6875
5029,11,4,3,0,0,18,0.6111111111111112
5030,11,2,3,0,0,16,0.6875
5031,12,3,2,0,0,17,0.7058823529411765
5032,11,3,3,0,0,17,0.6470588235294118
5033,14,3,3,0,0,20,0.7
5034,11,2,3,0,0,16,0.6875
5035,9,2,2,0,0,13,0.6923076923076923
5036,13,2,2,0,0,17,0.7647058823529411
5037,11,2,2,0,0,15,0.7333333333333333
5038,13,2,2,0,0,17,0.7647058823529411
5039,13,2,3,0,0,18,0.7222222222222222
5040,12,2,2,0,0,16,0.75
5041,10,2,3,0,0,15,0.6666666666666666
5042,10,3,3,0,0,16,0.625
5043,12,2,3,0,0,17,0.7058823529411765
5044,12,3,2,0,0,17,0.7058823529411765
5045,13,2,3,0,0,18,0.7222222222222222
5046,10,3,3,0,0,16,0.625
5047,13,3,2,0,0,18,0.7222222222222222
5048,12,3,3,0,0,18,0.6666666666666666
5049,14,5,2,0,0,21,0.6666666666666666
5050,12,2,2,0,0,16,0.75
5051,12,2,2,0,0,16,0.75
5052,12,2,2,0,0,16,0.75
5053,13,2,2,0,0,17,0.7647058823529411
5054,12,3,3,0,0,18,0.6666666666666666
5055,10,2,3,0,0,15,0.6666666666666666
5056,11,3,3,0,0,17,0.6470588235294118
5057,15,3,2,0,0,20,0.75
5058,10,2,3,0,0,15,0.6666666666666666
5059,13,3,2,0,0,18,0.7222222222222222
5060,15,3,2,0,0,20,0.75
5061,13,3,2,0,0,18,0.7222222222222222
5062,12,3,3,0,0,18,0.6666666666666666
5063,14,3,2,0,0,19,0.7368421052631579
5064,12,2,2,0,0,16,0.75
5065,13,3,2,0,0,18,0.7222222222222222
5066,13,4,2,0,0,19,0.6842105263157895
5067,13,4,2,0,0,19,0.6842105263157895
5068,14,2,2,0,0,18,0.7777777777777778
5069,12,2,2,0,0,16,0.75
5070,14,4,2,0,0,20,0.7
5071,12,2,2,0,0,16,0.75
5072,11,3,2,0,0,16,0.6875
5073,9,2,2,0,0,13,0.6923076923076923
5074,11,2,2,0,0,15,0.7333333333333333
5075,12,2,2,0,0,16,0.75
5076,12,2,3,0,0,17,0.7058823529411765
5077,12,2,3,0,0,17,0.7058823529411765
5078,11,3,3,0,0,17,0.6470588235294118
5079,13,2,2,0,0,17,0.7647058823529411
5080,13,2,3,0,0,18,0.7222222222222222
5081,12,3,3,0,0,18,0.6666666666666666
5082,12,2,3,0,0,17,0.7058823529411765
5083,13,2,3,0,0,18,0.7222222222222222
5084,13,2,3,0,0,18,0.7222222222222222
5085,11,2,2,0,0,15,0.7333333333333333
5086,10,2,3,0,0,15,0.6666666666666666
5087,10,3,2,0,0,15,0.6666666666666666
5088,11,3,3,0,0,17,0.6470588235294118
5089,11,2,2,0,0,15,0.7333333333333333
5090,12,2,3,0,0,17,0.7058823529411765
5091,13,2,3,0,0,18,0.7222222222222222
5092,12,2,2,0,0,16,0.75
5093,13,2,3,0,0,18,0.7222222222222222
5094,13,3,2,0,0,18,0.7222222222222222
5095,12,2,3,0,0,17,0.7058823529411765
5096,13,2,3,0,0,18,0.7222222222222222
5097,12,2,2,0,0,16,0.75
5098,11,4,2,0,0,17,0.6470588235294118
5099,13,4,2,0,0,19,0.6842105263157895
5100,12,2,3,0,0,17,0.7058823529411765
5101,9,3,2,0,0,14,0.6428571428571429
5102,13,2,3,0,0,18,0.7222222222222222
5103,12,2,3,0,0,17,0.7058823529411765
5104,13,2,2,0,0,17,0.7647058823529411
5105,10,2,2,0,0,14,0.7142857142857143
5106,12,2,3,0,0,17,0.7058823529411765
5107,15,2,3,0,0,20,0.75
5108,13,2,2,0,0,17,0.7647058823529411
5109,13,2,3,0,0,18,0.7222222222222222
5110,12,2,3,0,0,17,0.7058823529411765
5111,13,2,3,0,0,18,0.7222222222222222
5112,13,2,3,0,0,18,0.7222222222222222
5113,13,2,3,0,0,18,0.7222222222222222
5114,11,2,3,0,0,16,0.6875
5115,14,3,2,0,0,19,0.7368421052631579
5116,12,2,3,0,0,17,0.7058823529411765
5117,12,2,3,0,0,17,0.7058823529411765
5118,14,2,3,0,0,19,0.7368421052631579
5119,12,2,3,0,0,17,0.7058823529411765
5120,13,2,2,0,0,17,0.7647058823529411
5121,12,2,3,0,0,17,0.7058823529411765
5122,13,2,3,0,0,18,0.7222222222222222
5123,13,2,3,0,0,18,0.7222222222222222
5124,12,3,3,0,0,18,0.6666666666666666
5125,16,2,2,0,0,20,0.8
5126,11,2,3,0,0,16,0.6875
5127,12,3,2,0,0,17,0.7058823529411765
5128,12,2,2,0,0,16,0.75
5129,13,4,3,0,0,20,0.65
5130,14,4,2,0,0,20,0.7
5131,12,3,3,0,0,18,0.6666666666666666
5132,13,2,2,0,0,17,0.7647058823529411
5133,12,2,3,0,0,17,0.7058823529411765
5134,10,3,3,0,0,16,0.625
5135,10,3,3,0,0,16,0.625
5136,14,3,2,0,0,19,0.7368421052631579
5137,14,2,3,0,0,19,0.7368421052631579
5138,10,4,3,0,0,17,0.5882352941176471
5139,14,3,1,0,0,18,0.7777777777777778
5140,12,2,3,0,0,17,0.7058823529411765
5141,13,3,2,0,0,18,0.7222222222222222
5142,15,3,3,0,0,21,0.7142857142857143
5143,14,2,3,0,0,19,0.7368421052631579
5144,14,2,2,0,0,18,0.7777777777777778
5145,12,3,2,0,0,17,0.7058823529411765
5146,13,3,3,0,0,19,0.6842105263157895
5147,9,4,3,0,0,16,0.5625
5148,12,4,2,0,0,18,0.6666666666666666
5149,13,3,2,0,0,18,0.7222222222222222
5150,12,2,2,0,0,16,0.75
5151,15,2,1,0,0,18,0.8333333333333334
5152,14,2,2,0,0,18,0.7777777777777778
5153,13,3,2,0,0,18,0.7222222222222222
5154,12,2,2,0,0,16,0.75
5155,15,2,2,0,0,19,0.7894736842105263
5156,11,3,3,0,0,17,0.6470588235294118
5157,12,2,2,0,0,16,0.75
5158,12,2,2,0,0,16,0.75
5159,14,2,2,0,0,18,0.7777777777777778
5160,16,3,2,0,0,21,0.7619047619047619
5161,11,4,3,0,0,18,0.6111111111111112
5162,12,2,3,0,0,17,0.7058823529411765
5163,11,2,3,0,0,16,0.6875
5164,12,2,3,0,0,17,0.7058823529411765
5165,12,2,3,0,0,17,0.7058823529411765
5166,11,2,1,0,0,14,0.7857142857142857
5167,13,3,1,0,0,17,0.7647058823529411
5168,13,2,3,0,0,18,0.7222222222222222
5169,14,2,3,0,0,19,0.7368421052631579
5170,10,2,3,0,0,15,0.6666666666666666
5171,11,2,3,0,0,16,0.6875
5172,11,2,2,0,0,15,0.7333333333333333
5173,14,2,2,0,0,18,0.7777777777777778
5174,10,2,3,0,0,15,0.6666666666666666
5175,12,2,3,0,0,17,0.7058823529411765
5176,12,3,3,0,0,18,0.6666666666666666
5177,11,2,3,0,0,16,0.6875
5178,13,2,3,0,0,18,0.7222222222222222
5179,13,2,2,0,0,17,0.7647058823529411
5180,13,2,2,0,0,17,0.7647058823529411
5181,15,2,1,0,0,18,0.8333333333333334
5182,10,2,1,0,0,13,0.7692307692307693
5183,14,2,2,0,0,18,0.7777777777777778
5184,14,2,1,0,0,17,0.8235294117647058
5185,12,2,3,0,0,17,0.7058823529411765
5186,12,2,2,0,0,16,0.75
5187,13,3,2,0,0,18,0.7222222222222222
5188,13,2,3,0,0,18,0.7222222222222222
5189,11,2,3,0,0,16,0.6875
5190,11,3,2,0,0,16,0.6875
5191,11,2,2,0,0,15,0.7333333333333333
5192,13,2,3,0,0,18,0.7222222222222222
5193,12,3,2,0,0,17,0.7058823529411765
5194,14,4,1,0,0,19,0.7368421052631579
5195,14,2,2,0,0,18,0.7777777777777778
5196,12,4,3,0,0,19,0.631578947368421
5197,16,2,3,0,0,21,0.7619047619047619
5198,13,2,3,0,0,18,0.7222222222222222
5199,14,2,3,0,0,19,0.7368421052631579
5200,11,2,3,0,0,16,0.6875
5201,13,3,3,0,0,19,0.6842105263157895
5202,11,3,2,0,0,16,0.6875
5203,11,2,2,0,0,15,0.7333333333333333
5204,14,2,2,0,0,18,0.7777777777777778
5205,10,2,2,0,0,14,0.7142857142857143
5206,14,2,1,0,0,17,0.8235294117647058
5207,14,4,1,0,0,19,0.7368421052631579
5208,12,2,2,0,0,16,0.75
5209,11,2,3,0,0,16,0.6875
5210,12,3,1,0,0,16,0.75
5211,12,2,2,0,0,16,0.75
5212,10,3,2,0,0,15,0.6666666666666666
5213,11,4,1,0,0,16,0.6875
5214,15,3,1,0,0,19,0.7894736842105263
5215,14,3,2,0,0,19,0.7368421052631579
5216,12,2,3,0,0,17,0.7058823529411765
5217,11,2,2,0,0,15,0.7333333333333333
5218,14,2,2,0,0,18,0.7777777777777778
5219,12,2,2,0,0,16,0.75
5220,13,2,2,0,0,17,0.7647058823529411
5221,11,3,2,0,0,16,0.6875
5222,12,3,2,0,0,17,0.7058823529411765
5223,14,3,2,0,0,19,0.7368421052631579
5224,15,3,2,0,0,20,0.75
5225,14,2,1,0,0,17,0.8235294117647058
5226,13,2,3,0,0,18,0.7222222222222222
5227,12,3,2,0,0,17,0.7058823529411765
5228,14,3,3,0,0,20,0.7
5229,15,3,2,0,0,20,0.75
5230,11,2,2,0,0,15,0.7333333333333333
5231,12,3,2,0,0,17,0.7058823529411765
5232,14,2,2,0,0,18,0.7777777777777778
5233,14,2,2,0,0,18,0.7777777777777778
5234,12,3,3,0,0,18,0.6666666666666666
5235,13,4,1,0,0,18,0.7222222222222222
5236,13,2,3,0,0,18,0.7222222222222222
5237,11,3,2,0,0,16,0.6875
5238,11,2,1,0,0,14,0.7857142857142857
5239,10,2,3,0,0,15,0.6666666666666666
5240,13,2,3,0,0,18,0.7222222222222222
5241,13,4,3,0,0,20,0.65
5242,11,2,3,0,0,16,0.6875
5243,13,2,1,0,0,16,0.8125
5244,13,3,3,0,0,19,0.6842105263157895
5245,14,2,2,0,0,18,0.7777777777777778
5246,13,3,2,0,0,18,0.7222222222222222
5247,12,2,2,0,0,16,0.75
5248,13,2,2,0,0,17,0.7647058823529411
5249,12,2,3,0,0,17,0.7058823529411765
5250,10,2,3,0,0,15,0.6666666666666666
5251,13,3,2,0,0,18,0.7222222222222222
5252,12,3,2,0,0,17,0.7058823529411765
5253,14,2,2,0,0,18,0.7777777777777778
5254,13,2,3,0,0,18,0.7222222222222222
5255,12,2,3,0,0,17,0.7058823529411765
5256,13,3,3,0,0,19,0.6842105263157895
5257,14,2,2,0,0,18,0.7777777777777778
5258,15,3,2,0,0,20,0.75
5259,12,3,3,0,0,18,0.6666666666666666
5260,14,4,3,0,0,21,0.6666666666666666
5261,14,2,3,0,0,19,0.7368421052631579
5262,12,2,3,0,0,17,0.7058823529411765
5263,14,3,2,0,0,19,0.7368421052631579
5264,14,3,2,0,0,19,0.7368421052631579
5265,14,4,2,0,0,20,0.7
5266,16,2,2,0,0,20,0.8
5267,11,3,2,0,0,16,0.6875
5268,15,3,2,0,0,20,0.75
5269,11,3,3,0,0,17,0.6470588235294118
5270,12,2,3,0,0,17,0.7058823529411765
5271,14,3,3,0,0,20,0.7
5272,13,3,3,0,0,19,0.6842105263157895
5273,11,3,3,0,0,17,0.6470588235294118
5274,13,4,2,0,0,19,0.6842105263157895
5275,12,4,2,0,0,18,0.6666666666666666
5276,13,3,3,0,0,19,0.6842105263157895
5277,15,4,3,0,0,22,0.6818181818181818
5278,12,3,3,0,0,18,0.6666666666666666
5279,14,3,3,0,0,20,0.7
5280,11,3,3,0,0,17,0.6470588235294118
5281,13,2,3,0,0,18,0.7222222222222222
5282,13,4,2,0,0,19,0.6842105263157895
5283,14,3,3,0,0,20,0.7
5284,14,2,2,0,0,18,0.7777777777777778
5285,15,4,3,0,0,22,0.6818181818181818
5286,15,4,2,0,0,21,0.7142857142857143
5287,12,3,1,0,0,16,0.75
5288,12,2,3,0,0,17,0.7058823529411765
5289,13,2,2,0,0,17,0.7647058823529411
5290,10,2,3,0,0,15,0.6666666666666666
5291,12,2,3,0,0,17,0.7058823529411765
5292,12,4,2,0,0,18,0.6666666666666666
5293,11,2,2,0,0,15,0.7333333333333333
5294,13,2,3,0,0,18,0.7222222222222222
5295,12,2,3,0,0,17,0.7058823529411765
5296,13,2,2,0,0,17,0.7647058823529411
5297,14,2,3,0,0,19,0.7368421052631579
5298,12,2,3,0,0,17,0.7058823529411765
5299,12,2,3,0,0,17,0.7058823529411765
5300,12,3,2,0,0,17,0.7058823529411765
5301,13,2,3,0,0,18,0.7222222222222222
5302,13,2,2,0,0,17,0.7647058823529411
5303,11,2,3,0,0,16,0.6875
5304,13,4,2,0,0,19,0.6842105263157895
5305,12,2,3,0,0,17,0.7058823529411765
5306,12,2,2,0,0,16,0.75
5307,14,3,2,0,0,19,0.7368421052631579
5308,14,3,2,0,0,19,0.7368421052631579
5309,14,3,1,0,0,18,0.7777777777777778
5310,14,2,1,0,0,17,0.8235294117647058
5311,12,2,2,0,0,16,0.75
5312,12,2,3,0,0,17,0.7058823529411765
5313,13,3,1,0,0,17,0.7647058823529411
5314,12,2,2,0,0,16,0.75
5315,15,2,1,0,0,18,0.8333333333333334
5316,13,4,2,0,0,19,0.6842105263157895
5317,12,2,3,0,0,17,0.7058823529411765
5318,10,3,2,0,0,15,0.6666666666666666
5319,14,2,3,0,0,19,0.7368421052631579
5320,13,2,3,0,0,18,0.7222222222222222
5321,12,2,3,0,0,17,0.7058823529411765
5322,12,2,2,0,0,16,0.75
5323,14,2,2,0,0,18,0.7777777777777778
5324,14,3,3,0,0,20,0.7
5325,15,2,3,0,0,20,0.75
5326,13,2,2,0,0,17,0.7647058823529411
5327,12,2,3,0,0,17,0.7058823529411765
5328,12,2,2,0,0,16,0.75
5329,13,2,3,0,0,18,0.7222222222222222
5330,12,2,3,0,0,17,0.7058823529411765
5331,13,3,3,0,0,19,0.6842105263157895
5332,13,3,2,0,0,18,0.7222222222222222
5333,15,2,3,0,0,20,0.75
5334,10,2,3,0,0,15,0.6666666666666666
5335,13,2,3,0,0,18,0.7222222222222222
5336,13,2,3,0,0,18,0.7222222222222222
5337,13,3,2,0,0,18,0.7222222222222222
5338,16,3,3,0,0,22,0.7272727272727273
5339,11,4,3,0,0,18,0.6111111111111112
5340,14,2,3,0,0,19,0.7368421052631579
5341,12,2,3,0,0,17,0.7058823529411765
5342,12,2,2,0,0,16,0.75
5343,12,2,2,0,0,16,0.75
5344,13,3,3,0,0,19,0.6842105263157895
5345,11,3,2,0,0,16,0.6875
5346,10,2,2,0,0,14,0.7142857142857143
5347,14,3,2,0,0,19,0.7368421052631579
5348,14,2,2,0,0,18,0.7777777777777778
5349,12,2,2,0,0,16,0.75
5350,12,3,2,0,0,17,0.7058823529411765
5351,12,2,3,0,0,17,0.7058823529411765
5352,12,2,3,0,0,17,0.7058823529411765
5353,14,3,2,0,0,19,0.7368421052631579
5354,11,2,3,0,0,16,0.6875
5355,15,3,1,0,0,19,0.7894736842105263
5356,11,2,3,0,0,16,0.6875
5357,13,3,3,0,0,19,0.6842105263157895
5358,14,3,2,0,0,19,0.7368421052631579
5359,12,2,3,0,0,17,0.7058823529411765
5360,16,4,2,0,0,22,0.7272727272727273
5361,13,3,3,0,0,19,0.6842105263157895
5362,15,2,3,0,0,20,0.75
5363,14,2,3,0,0,19,0.7368421052631579
5364,11,2,3,0,0,16,0.6875
5365,13,2,3,0,0,18,0.7222222222222222
5366,14,2,2,0,0,18,0.7777777777777778
5367,14,3,2,0,0,19,0.7368421052631579
5368,13,2,3,0,0,18,0.7222222222222222
5369,15,2,2,0,0,19,0.7894736842105263
5370,13,3,2,0,0,18,0.7222222222222222
5371,13,2,3,0,0,18,0.7222222222222222
5372,12,3,3,0,0,18,0.6666666666666666
5373,13,4,3,0,0,20,0.65
5374,13,2,2,0,0,17,0.7647058823529411
5375,12,3,2,0,0,17,0.7058823529411765
5376,12,2,2,0,0,16,0.75
5377,12,3,3,0,0,18,0.6666666666666666
5378,12,3,3,0,0,18,0.6666666666666666
5379,11,3,2,0,0,16,0.6875
5380,13,2,3,0,0,18,0.7222222222222222
5381,13,2,2,0,0,17,0.7647058823529411
5382,12,2,3,0,0,17,0.7058823529411765
5383,13,2,3,0,0,18,0.7222222222222222
5384,12,2,3,0,0,17,0.7058823529411765
5385,13,3,3,0,0,19,0.6842105263157895
5386,13,2,2,0,0,17,0.7647058823529411
5387,14,2,2,0,0,18,0.7777777777777778
5388,11,3,3,0,0,17,0.6470588235294118
5389,12,2,3,0,0,17,0.7058823529411765
5390,12,2,3,0,0,17,0.7058823529411765
5391,13,2,2,0,0,17,0.7647058823529411
5392,15,2,1,0,0,18,0.8333333333333334
5393,14,3,3,0,0,20,0.7
5394,13,3,3,0,0,19,0.6842105263157895
5395,12,2,2,0,0,16,0.75
5396,13,2,2,0,0,17,0.7647058823529411
5397,13,2,2,0,0,17,0.7647058823529411
5398,14,2,2,0,0,18,0.7777777777777778
5399,13,2,2,0,0,17,0.7647058823529411
5400,13,2,3,0,0,18,0.7222222222222222
5401,12,2,3,0,0,17,0.7058823529411765
5402,13,4,3,0,0,20,0.65
5403,12,2,2,0,0,16,0.75
5404,13,2,3,0,0,18,0.7222222222222222
5405,12,2,3,0,0,17,0.7058823529411765
5406,11,2,3,0,0,16,0.6875
5407,14,2,3,0,0,19,0.7368421052631579
5408,13,3,2,0,0,18,0.7222222222222222
5409,11,3,2,0,0,16,0.6875
5410,13,2,3,0,0,18,0.7222222222222222
5411,12,3,2,0,0,17,0.7058823529411765
5412,13,2,2,0,0,17,0.7647058823529411
5413,13,3,3,0,0,19,0.6842105263157895
5414,12,2,3,0,0,17,0.7058823529411765
5415,14,3,2,0,0,19,0.7368421052631579
5416,12,2,3,0,0,17,0.7058823529411765
5417,13,3,2,0,0,18,0.7222222222222222
5418,12,3,3,0,0,18,0.6666666666666666
5419,11,3,3,0,0,17,0.6470588235294118
5420,13,3,3,0,0,19,0.6842105263157895
5421,14,3,1,0,0,18,0.7777777777777778
5422,15,3,3,0,0,21,0.7142857142857143
5423,12,4,3,0,0,19,0.631578947368421
5424,14,4,1,0,0,19,0.7368421052631579
5425,13,2,3,0,0,18,0.7222222222222222
5426,12,2,2,0,0,16,0.75
5427,13,3,2,0,0,18,0.7222222222222222
5428,13,3,2,0,0,18,0.7222222222222222
5429,14,3,2,0,0,19,0.7368421052631579
5430,14,2,2,0,0,18,0.7777777777777778
5431,15,3,3,0,0,21,0.7142857142857143
5432,13,3,3,0,0,19,0.6842105263157895
5433,14,2,2,0,0,18,0.7777777777777778
5434,12,4,1,0,0,17,0.7058823529411765
5435,14,4,3,0,0,21,0.6666666666666666
5436,14,2,1,0,0,17,0.8235294117647058
5437,13,2,3,0,0,18,0.7222222222222222
5438,12,3,1,0,0,16,0.75
5439,15,2,3,0,0,20,0.75
5440,15,2,3,0,0,20,0.75
5441,13,2,2,0,0,17,0.7647058823529411
5442,13,2,3,0,0,18,0.7222222222222222
5443,12,2,2,0,0,16,0.75
5444,13,3,3,0,0,19,0.6842105263157895
5445,15,2,2,0,0,19,0.7894736842105263
5446,12,2,2,0,0,16,0.75
5447,12,3,3,0,0,18,0.6666666666666666
5448,13,2,3,0,0,18,0.7222222222222222
5449,13,2,1,0,0,16,0.8125
5450,14,2,2,0,0,18,0.7777777777777778
5451,14,2,2,0,0,18,0.7777777777777778
5452,12,2,3,0,0,17,0.7058823529411765
5453,14,2,2,0,0,18,0.7777777777777778
5454,13,2,2,0,0,17,0.7647058823529411
5455,14,3,2,0,0,19,0.7368421052631579
5456,13,2,1,0,0,16,0.8125
5457,13,3,3,0,0,19,0.6842105263157895
5458,13,2,2,0,0,17,0.7647058823529411
5459,11,3,2,0,0,16,0.6875
5460,13,2,3,0,0,18,0.7222222222222222
5461,12,2,2,0,0,16,0.75
5462,13,2,2,0,0,17,0.7647058823529411
5463,13,3,1,0,0,17,0.7647058823529411
5464,13,2,2,0,0,17,0.7647058823529411
5465,14,3,2,0,0,19,0.7368421052631579
5466,12,2,2,0,0,16,0.75
5467,12,2,3,0,0,17,0.7058823529411765
5468,12,2,3,0,0,17,0.7058823529411765
5469,12,2,1,0,0,15,0.8
5470,13,2,2,0,0,17,0.7647058823529411
5471,12,3,1,0,0,16,0.75
5472,12,3,2,0,0,17,0.7058823529411765
5473,13,4,2,0,0,19,0.6842105263157895
5474,14,2,2,0,0,18,0.7777777777777778
5475,11,4,2,0,0,17,0.6470588235294118
5476,13,3,1,0,0,17,0.7647058823529411
5477,13,2,2,0,0,17,0.7647058823529411
5478,13,4,1,0,0,18,0.7222222222222222
5479,13,2,1,0,0,16,0.8125
5480,14,4,1,0,0,19,0.7368421052631579
5481,14,2,2,0,0,18,0.7777777777777778
5482,13,2,2,0,0,17,0.7647058823529411
5483,13,3,2,0,0,18,0.7222222222222222
5484,12,4,1,0,0,17,0.7058823529411765
5485,12,2,2,0,0,16,0.75
5486,11,2,2,0,0,15,0.7333333333333333
5487,13,2,2,0,0,17,0.7647058823529411
5488,12,3,1,0,0,16,0.75
5489,12,3,1,0,0,16,0.75
5490,11,2,1,0,0,14,0.7857142857142857
5491,13,3,2,0,0,18,0.7222222222222222
5492,13,4,2,0,0,19,0.6842105263157895
5493,13,3,1,0,0,17,0.7647058823529411
5494,11,4,1,0,0,16,0.6875
5495,12,2,1,0,0,15,0.8
5496,13,5,1,0,0,19,0.6842105263157895
5497,13,3,2,0,0,18,0.7222222222222222
5498,12,2,1,0,0,15,0.8
5499,11,3,1,0,0,15,0.7333333333333333
5500,13,3,1,0,0,17,0.7647058823529411
5501,14,3,1,0,0,18,0.7777777777777778
5502,14,2,2,0,0,18,0.7777777777777778
5503,13,2,1,0,0,16,0.8125
5504,12,3,1,0,0,16,0.75
5505,12,2,2,0,0,16,0.75
5506,13,6,1,0,0,20,0.65
5507,14,6,1,0,0,21,0.6666666666666666
5508,14,5,1,0,0,20,0.7
5509,14,3,1,0,0,18,0.7777777777777778
5510,14,3,1,0,0,18,0.7777777777777778
5511,13,2,1,0,0,16,0.8125
5512,13,2,1,0,0,16,0.8125
5513,13,3,2,0,0,18,0.7222222222222222
5514,14,3,1,0,0,18,0.7777777777777778
5515,13,3,1,0,0,17,0.7647058823529411
5516,12,5,1,0,0,18,0.6666666666666666
5517,13,3,1,0,0,17,0.7647058823529411
5518,13,2,2,0,0,17,0.7647058823529411
5519,13,6,1,0,0,20,0.65
5520,11,3,2,0,0,16,0.6875
5521,14,2,2,0,0,18,0.7777777777777778
5522,14,3,2,0,0,19,0.7368421052631579
5523,14,3,1,0,0,18,0.7777777777777778
5524,12,2,2,0,0,16,0.75
5525,9,3,2,0,0,14,0.6428571428571429
5526,12,2,1,0,0,15,0.8
5527,12,2,2,0,0,16,0.75
5528,14,3,1,0,0,18,0.7777777777777778
5529,13,2,2,0,0,17,0.7647058823529411
5530,10,4,3,0,0,17,0.5882352941176471
5531,10,2,3,0,0,15,0.6666666666666666
5532,13,3,2,0,0,18,0.7222222222222222
5533,14,2,2,0,0,18,0.7777777777777778
5534,12,3,2,0,0,17,0.7058823529411765
5535,14,3,2,0,0,19,0.7368421052631579
5536,12,3,3,0,0,18,0.6666666666666666
5537,12,3,3,0,0,18,0.6666666666666666
5538,15,2,3,0,0,20,0.75
5539,12,2,3,0,0,17,0.7058823529411765
5540,11,2,3,0,0,16,0.6875
5541,14,3,3,0,0,20,0.7
5542,11,4,2,0,0,17,0.6470588235294118
5543,13,4,1,0,0,18,0.7222222222222222
5544,13,4,2,0,0,19,0.6842105263157895
5545,14,3,2,0,0,19,0.7368421052631579
5546,14,3,1,0,0,18,0.7777777777777778
5547,13,2,3,0,0,18,0.7222222222222222
5548,13,2,1,0,0,16,0.8125
5549,12,3,1,0,0,16,0.75
5550,15,2,2,0,0,19,0.7894736842105263
5551,12,6,1,0,0,19,0.631578947368421
5552,15,4,2,0,0,21,0.7142857142857143
5553,14,2,1,0,0,17,0.8235294117647058
5554,13,3,2,0,0,18,0.7222222222222222
5555,9,2,2,0,0,13,0.6923076923076923
5556,11,4,3,0,0,18,0.6111111111111112
5557,12,4,2,0,0,18,0.6666666666666666
5558,15,4,1,0,0,20,0.75
5559,13,3,1,0,0,17,0.7647058823529411
5560,12,2,1,0,0,15,0.8
5561,14,2,3,0,0,19,0.7368421052631579
5562,13,2,2,0,0,17,0.7647058823529411
5563,12,4,1,0,0,17,0.7058823529411765
5564,13,3,3,0,0,19,0.6842105263157895
5565,13,4,1,0,0,18,0.7222222222222222
5566,15,3,2,0,0,20,0.75
5567,14,4,1,0,0,19,0.7368421052631579
5568,12,4,1,0,0,17,0.7058823529411765
5569,13,5,1,0,0,19,0.6842105263157895
5570,14,4,1,0,0,19,0.7368421052631579
5571,15,3,1,0,0,19,0.7894736842105263
5572,12,5,1,0,0,18,0.6666666666666666
5573,14,5,2,0,0,21,0.6666666666666666
5574,13,2,1,0,0,16,0.8125
5575,13,4,1,0,0,18,0.7222222222222222
5576,14,5,1,0,0,20,0.7
5577,14,3,1,0,0,18,0.7777777777777778
5578,14,3,1,0,0,18,0.7777777777777778
5579,13,5,1,0,0,19,0.6842105263157895
5580,13,4,1,0,0,18,0.7222222222222222
5581,11,2,2,0,0,15,0.7333333333333333
5582,14,3,1,0,0,18,0.7777777777777778
5583,14,3,2,0,0,19,0.7368421052631579
5584,15,4,2,0,0,21,0.7142857142857143
5585,13,2,2,0,0,17,0.7647058823529411
5586,15,2,2,0,0,19,0.7894736842105263
5587,14,3,1,0,0,18,0.7777777777777778
5588,13,3,1,0,0,17,0.7647058823529411
5589,13,3,1,0,0,17,0.7647058823529411
5590,13,2,1,0,0,16,0.8125
5591,14,2,2,0,0,18,0.7777777777777778
5592,13,3,1,0,0,17,0.7647058823529411
5593,14,3,1,0,0,18,0.7777777777777778
5594,13,3,2,0,0,18,0.7222222222222222
5595,13,3,1,0,0,17,0.7647058823529411
5596,15,4,2,0,0,21,0.7142857142857143
5597,14,4,1,0,0,19,0.7368421052631579
5598,13,5,1,0,0,19,0.6842105263157895
5599,15,4,1,0,0,20,0.75
