frame,n_hydrophobic,n_polar,n_pos_charged,n_neg_charged,n_other,n_total,frac_hydrophobic
0,13,2,3,0,0,18,0.7222222222222222
1,15,2,3,0,0,20,0.75
2,16,3,3,0,0,22,0.7272727272727273
3,15,2,3,0,0,20,0.75
4,15,2,3,0,0,20,0.75
5,14,3,3,0,0,20,0.7
6,16,2,3,1,0,22,0.7272727272727273
7,16,2,2,1,0,21,0.7619047619047619
8,16,2,3,0,0,21,0.7619047619047619
9,15,4,3,0,0,22,0.6818181818181818
10,15,2,3,1,0,21,0.7142857142857143
11,15,2,3,0,0,20,0.75
12,15,3,3,1,0,22,0.6818181818181818
13,15,3,1,0,0,19,0.7894736842105263
14,14,2,3,0,0,19,0.7368421052631579
15,16,2,3,0,0,21,0.7619047619047619
16,15,2,3,0,0,20,0.75
17,15,2,3,1,0,21,0.7142857142857143
18,14,3,3,1,0,21,0.6666666666666666
19,15,2,3,1,0,21,0.7142857142857143
20,14,3,3,0,0,20,0.7
21,15,2,3,1,0,21,0.7142857142857143
22,16,3,3,0,0,22,0.7272727272727273
23,16,3,3,1,0,23,0.6956521739130435
24,16,2,3,0,0,21,0.7619047619047619
25,15,3,3,1,0,22,0.6818181818181818
26,12,3,2,0,0,17,0.7058823529411765
27,15,2,3,0,0,20,0.75
28,14,3,3,0,0,20,0.7
29,14,3,3,0,0,20,0.7
30,15,2,3,1,0,21,0.7142857142857143
31,14,3,3,1,0,21,0.6666666666666666
32,17,2,3,0,0,22,0.7727272727272727
33,16,2,3,0,0,21,0.7619047619047619
34,14,2,3,0,0,19,0.7368421052631579
35,15,2,2,0,0,19,0.7894736842105263
36,16,3,3,0,0,22,0.7272727272727273
37,14,2,3,0,0,19,0.7368421052631579
38,16,3,2,1,0,22,0.7272727272727273
39,15,2,3,0,0,20,0.75
40,15,2,3,0,0,20,0.75
41,16,2,3,1,0,22,0.7272727272727273
42,16,3,3,1,0,23,0.6956521739130435
43,15,2,3,0,0,20,0.75
44,16,2,2,1,0,21,0.7619047619047619
45,16,2,3,1,0,22,0.7272727272727273
46,15,3,3,0,0,21,0.7142857142857143
47,15,2,3,1,0,21,0.7142857142857143
48,15,3,3,1,0,22,0.6818181818181818
49,15,3,2,1,0,21,0.7142857142857143
50,15,2,3,1,0,21,0.7142857142857143
51,15,2,3,1,0,21,0.7142857142857143
52,15,2,3,0,0,20,0.75
53,14,2,2,0,0,18,0.7777777777777778
54,14,2,3,1,0,20,0.7
55,15,2,3,0,0,20,0.75
56,15,3,3,1,0,22,0.6818181818181818
57,15,2,3,0,0,20,0.75
58,15,2,3,0,0,20,0.75
59,14,2,3,1,0,20,0.7
60,15,2,3,1,0,21,0.7142857142857143
61,13,2,3,0,0,18,0.7222222222222222
62,13,2,3,0,0,18,0.7222222222222222
63,13,2,3,0,0,18,0.7222222222222222
64,15,2,2,0,0,19,0.7894736842105263
65,13,2,3,0,0,18,0.7222222222222222
66,13,2,3,1,0,19,0.6842105263157895
67,15,2,3,0,0,20,0.75
68,15,2,3,1,0,21,0.7142857142857143
69,13,2,3,0,0,18,0.7222222222222222
70,15,2,3,0,0,20,0.75
71,15,2,3,0,0,20,0.75
72,15,2,3,0,0,20,0.75
73,16,2,3,0,0,21,0.7619047619047619
74,15,2,3,0,0,20,0.75
75,16,2,3,1,0,22,0.7272727272727273
76,14,0,3,1,0,18,0.7777777777777778
77,13,0,3,0,0,16,0.8125
78,15,0,3,0,0,18,0.8333333333333334
79,14,0,3,1,0,18,0.7777777777777778
80,14,2,3,0,0,19,0.7368421052631579
81,16,0,3,1,0,20,0.8
82,13,0,3,0,0,16,0.8125
83,13,2,3,0,0,18,0.7222222222222222
84,15,0,3,0,0,18,0.8333333333333334
85,15,0,3,1,0,19,0.7894736842105263
86,15,0,3,0,0,18,0.8333333333333334
87,13,0,3,0,0,16,0.8125
88,15,0,3,1,0,19,0.7894736842105263
89,16,1,3,0,0,20,0.8
90,14,1,2,1,0,18,0.7777777777777778
91,14,0,3,1,0,18,0.7777777777777778
92,15,1,3,0,0,19,0.7894736842105263
93,14,0,3,0,0,17,0.8235294117647058
94,15,0,3,0,0,18,0.8333333333333334
95,14,0,3,0,0,17,0.8235294117647058
96,16,0,3,0,0,19,0.8421052631578947
97,15,0,3,0,0,18,0.8333333333333334
98,14,0,3,0,0,17,0.8235294117647058
99,16,1,3,0,0,20,0.8
100,15,0,3,0,0,18,0.8333333333333334
101,14,0,3,0,0,17,0.8235294117647058
102,15,0,3,1,0,19,0.7894736842105263
103,15,0,3,0,0,18,0.8333333333333334
104,15,2,3,1,0,21,0.7142857142857143
105,15,1,3,0,0,19,0.7894736842105263
106,14,2,3,1,0,20,0.7
107,15,1,3,0,0,19,0.7894736842105263
108,14,1,3,0,0,18,0.7777777777777778
109,14,1,3,0,0,18,0.7777777777777778
110,14,1,3,1,0,19,0.7368421052631579
111,15,1,3,1,0,20,0.75
112,16,1,3,1,0,21,0.7619047619047619
113,14,1,3,1,0,19,0.7368421052631579
114,15,1,3,1,0,20,0.75
115,15,1,3,0,0,19,0.7894736842105263
116,15,1,3,0,0,19,0.7894736842105263
117,15,1,3,0,0,19,0.7894736842105263
118,15,1,3,1,0,20,0.75
119,16,1,3,1,0,21,0.7619047619047619
120,17,2,3,1,0,23,0.7391304347826086
121,15,1,3,1,0,20,0.75
122,15,1,3,1,0,20,0.75
123,12,1,3,1,0,17,0.7058823529411765
124,14,1,3,1,0,19,0.7368421052631579
125,15,2,3,0,0,20,0.75
126,13,1,3,0,0,17,0.7647058823529411
127,15,1,3,0,0,19,0.7894736842105263
128,15,1,3,1,0,20,0.75
129,16,1,3,1,0,21,0.7619047619047619
130,17,1,3,1,0,22,0.7727272727272727
131,15,1,3,0,0,19,0.7894736842105263
132,15,1,2,1,0,19,0.7894736842105263
133,15,0,3,0,0,18,0.8333333333333334
134,15,1,3,0,0,19,0.7894736842105263
135,14,1,2,1,0,18,0.7777777777777778
136,15,1,3,1,0,20,0.75
137,15,1,3,1,0,20,0.75
138,15,0,3,0,0,18,0.8333333333333334
139,14,0,3,0,0,17,0.8235294117647058
140,15,1,3,1,0,20,0.75
141,16,0,3,1,0,20,0.8
142,15,0,3,0,0,18,0.8333333333333334
143,16,1,3,1,0,21,0.7619047619047619
144,15,0,3,1,0,19,0.7894736842105263
145,14,0,3,0,0,17,0.8235294117647058
146,16,0,3,1,0,20,0.8
147,13,1,3,0,0,17,0.7647058823529411
148,15,1,3,0,0,19,0.7894736842105263
149,15,0,3,1,0,19,0.7894736842105263
150,15,0,3,1,0,19,0.7894736842105263
151,15,0,3,0,0,18,0.8333333333333334
152,14,1,3,1,0,19,0.7368421052631579
153,16,0,3,0,0,19,0.8421052631578947
154,15,0,3,1,0,19,0.7894736842105263
155,13,1,3,1,0,18,0.7222222222222222
156,14,0,3,1,0,18,0.7777777777777778
157,14,1,3,0,0,18,0.7777777777777778
158,14,1,3,0,0,18,0.7777777777777778
159,15,2,3,0,0,20,0.75
160,15,1,3,1,0,20,0.75
161,15,0,3,1,0,19,0.7894736842105263
162,15,0,3,0,0,18,0.8333333333333334
163,14,1,3,1,0,19,0.7368421052631579
164,15,0,3,0,0,18,0.8333333333333334
165,13,0,3,0,0,16,0.8125
166,14,1,3,0,0,18,0.7777777777777778
167,14,1,3,1,0,19,0.7368421052631579
168,13,1,3,1,0,18,0.7222222222222222
169,15,1,3,1,0,20,0.75
170,15,1,3,0,0,19,0.7894736842105263
171,14,0,3,1,0,18,0.7777777777777778
172,15,1,3,0,0,19,0.7894736842105263
173,16,1,3,1,0,21,0.7619047619047619
174,15,1,2,0,0,18,0.8333333333333334
175,15,1,3,1,0,20,0.75
176,14,1,3,1,0,19,0.7368421052631579
177,15,2,3,0,0,20,0.75
178,15,0,3,0,0,18,0.8333333333333334
179,15,1,3,1,0,20,0.75
180,15,1,2,0,0,18,0.8333333333333334
181,12,0,3,0,0,15,0.8
182,16,1,3,0,0,20,0.8
183,15,1,3,1,0,20,0.75
184,14,1,3,1,0,19,0.7368421052631579
185,12,1,3,1,0,17,0.7058823529411765
186,14,1,3,1,0,19,0.7368421052631579
187,13,1,3,1,0,18,0.7222222222222222
188,13,1,3,1,0,18,0.7222222222222222
189,15,2,3,0,0,20,0.75
190,13,1,3,1,0,18,0.7222222222222222
191,15,1,3,1,0,20,0.75
192,15,1,3,0,0,19,0.7894736842105263
193,15,1,3,0,0,19,0.7894736842105263
194,14,1,3,0,0,18,0.7777777777777778
195,13,1,3,1,0,18,0.7222222222222222
196,13,1,3,0,0,17,0.7647058823529411
197,14,1,3,1,0,19,0.7368421052631579
198,14,1,3,1,0,19,0.7368421052631579
199,11,1,3,1,0,16,0.6875
200,13,1,3,0,0,17,0.7647058823529411
201,14,2,3,1,0,20,0.7
202,14,1,3,1,0,19,0.7368421052631579
203,14,1,3,1,0,19,0.7368421052631579
204,13,1,3,1,0,18,0.7222222222222222
205,14,1,3,1,0,19,0.7368421052631579
206,16,1,3,1,0,21,0.7619047619047619
207,12,1,2,0,0,15,0.8
208,16,1,3,0,0,20,0.8
209,14,1,3,1,0,19,0.7368421052631579
210,15,1,3,0,0,19,0.7894736842105263
211,16,1,2,1,0,20,0.8
212,14,1,3,1,0,19,0.7368421052631579
213,16,1,3,1,0,21,0.7619047619047619
214,15,1,2,1,0,19,0.7894736842105263
215,15,1,3,1,0,20,0.75
216,15,1,3,0,0,19,0.7894736842105263
217,16,1,2,1,0,20,0.8
218,15,1,3,0,0,19,0.7894736842105263
219,15,1,3,0,0,19,0.7894736842105263
220,15,1,3,0,0,19,0.7894736842105263
221,15,1,3,0,0,19,0.7894736842105263
222,15,1,2,1,0,19,0.7894736842105263
223,17,1,2,0,0,20,0.85
224,15,1,2,0,0,18,0.8333333333333334
225,16,1,3,1,0,21,0.7619047619047619
226,13,1,2,0,0,16,0.8125
227,15,1,3,1,0,20,0.75
228,15,1,3,0,0,19,0.7894736842105263
229,13,1,3,0,0,17,0.7647058823529411
230,14,1,2,1,0,18,0.7777777777777778
231,15,1,3,0,0,19,0.7894736842105263
232,14,1,3,0,0,18,0.7777777777777778
233,15,1,3,1,0,20,0.75
234,14,1,2,0,0,17,0.8235294117647058
235,16,2,2,1,0,21,0.7619047619047619
236,14,1,3,1,0,19,0.7368421052631579
237,14,1,3,1,0,19,0.7368421052631579
238,16,1,2,1,0,20,0.8
239,16,1,3,0,0,20,0.8
240,14,1,3,1,0,19,0.7368421052631579
241,15,1,3,1,0,20,0.75
242,14,1,3,1,0,19,0.7368421052631579
243,15,2,3,1,0,21,0.7142857142857143
244,16,1,3,0,0,20,0.8
245,15,1,3,0,0,19,0.7894736842105263
246,16,1,2,1,0,20,0.8
247,16,1,3,1,0,21,0.7619047619047619
248,17,1,3,1,0,22,0.7727272727272727
249,14,1,3,0,0,18,0.7777777777777778
250,11,1,3,1,0,16,0.6875
251,13,1,3,1,0,18,0.7222222222222222
252,14,1,3,1,0,19,0.7368421052631579
253,14,1,2,0,0,17,0.8235294117647058
254,15,1,3,0,0,19,0.7894736842105263
255,15,1,3,0,0,19,0.7894736842105263
256,16,1,3,0,0,20,0.8
257,12,2,3,0,0,17,0.7058823529411765
258,15,1,3,1,0,20,0.75
259,15,1,3,0,0,19,0.7894736842105263
260,14,2,3,1,0,20,0.7
261,15,1,3,0,0,19,0.7894736842105263
262,16,1,3,0,0,20,0.8
263,15,1,3,1,0,20,0.75
264,14,1,3,1,0,19,0.7368421052631579
265,16,1,3,0,0,20,0.8
266,15,1,3,1,0,20,0.75
267,16,1,3,1,0,21,0.7619047619047619
268,16,1,3,1,0,21,0.7619047619047619
269,15,1,3,1,0,20,0.75
270,16,1,3,1,0,21,0.7619047619047619
271,15,1,3,1,0,20,0.75
272,16,1,3,1,0,21,0.7619047619047619
273,16,1,2,1,0,20,0.8
274,16,2,3,1,0,22,0.7272727272727273
275,15,1,3,1,0,20,0.75
276,16,1,3,1,0,21,0.7619047619047619
277,15,1,3,1,0,20,0.75
278,15,1,3,1,0,20,0.75
279,15,1,3,1,0,20,0.75
280,13,1,3,1,0,18,0.7222222222222222
281,14,1,3,0,0,18,0.7777777777777778
282,15,2,3,0,0,20,0.75
283,12,1,3,0,0,16,0.75
284,16,1,3,1,0,21,0.7619047619047619
285,14,1,3,1,0,19,0.7368421052631579
286,14,1,3,0,0,18,0.7777777777777778
287,15,1,3,0,0,19,0.7894736842105263
288,15,1,3,0,0,19,0.7894736842105263
289,14,1,3,1,0,19,0.7368421052631579
290,15,1,3,0,0,19,0.7894736842105263
291,14,1,3,1,0,19,0.7368421052631579
292,15,1,3,0,0,19,0.7894736842105263
293,14,1,3,0,0,18,0.7777777777777778
294,14,1,3,1,0,19,0.7368421052631579
295,15,1,3,1,0,20,0.75
296,15,1,3,1,0,20,0.75
297,14,1,3,1,0,19,0.7368421052631579
298,15,1,3,0,0,19,0.7894736842105263
299,14,1,3,0,0,18,0.7777777777777778
300,16,1,3,0,0,20,0.8
301,16,1,3,0,0,20,0.8
302,15,1,2,0,0,18,0.8333333333333334
303,12,1,3,0,0,16,0.75
304,15,1,3,0,0,19,0.7894736842105263
305,14,1,3,0,0,18,0.7777777777777778
306,14,1,3,1,0,19,0.7368421052631579
307,16,1,3,1,0,21,0.7619047619047619
308,16,1,3,0,0,20,0.8
309,16,1,3,1,0,21,0.7619047619047619
310,16,1,3,1,0,21,0.7619047619047619
311,15,1,2,0,0,18,0.8333333333333334
312,15,1,2,0,0,18,0.8333333333333334
313,14,1,3,1,0,19,0.7368421052631579
314,13,1,3,1,0,18,0.7222222222222222
315,13,1,3,1,0,18,0.7222222222222222
316,13,1,3,1,0,18,0.7222222222222222
317,14,1,3,1,0,19,0.7368421052631579
318,16,1,3,0,0,20,0.8
319,13,2,3,1,0,19,0.6842105263157895
320,13,1,3,0,0,17,0.7647058823529411
321,14,2,3,1,0,20,0.7
322,14,1,3,0,0,18,0.7777777777777778
323,15,2,3,1,0,21,0.7142857142857143
324,13,1,3,0,0,17,0.7647058823529411
325,14,1,3,1,0,19,0.7368421052631579
326,14,1,3,0,0,18,0.7777777777777778
327,12,1,3,0,0,16,0.75
328,12,1,3,1,0,17,0.7058823529411765
329,13,1,3,1,0,18,0.7222222222222222
330,12,1,3,0,0,16,0.75
331,14,1,3,0,0,18,0.7777777777777778
332,13,1,3,0,0,17,0.7647058823529411
333,12,1,3,1,0,17,0.7058823529411765
334,12,1,3,0,0,16,0.75
335,14,1,3,0,0,18,0.7777777777777778
336,14,1,3,0,0,18,0.7777777777777778
337,11,1,3,0,0,15,0.7333333333333333
338,15,1,3,0,0,19,0.7894736842105263
339,13,1,3,1,0,18,0.7222222222222222
340,14,2,3,1,0,20,0.7
341,10,1,3,0,0,14,0.7142857142857143
342,13,1,3,0,0,17,0.7647058823529411
343,13,1,3,0,0,17,0.7647058823529411
344,14,2,3,0,0,19,0.7368421052631579
345,11,1,3,0,0,15,0.7333333333333333
346,16,1,3,1,0,21,0.7619047619047619
347,15,1,3,0,0,19,0.7894736842105263
348,16,2,3,1,0,22,0.7272727272727273
349,13,1,4,1,0,19,0.6842105263157895
350,12,1,4,1,0,18,0.6666666666666666
351,13,1,3,0,0,17,0.7647058823529411
352,13,1,3,1,0,18,0.7222222222222222
353,14,1,3,0,0,18,0.7777777777777778
354,13,1,3,1,0,18,0.7222222222222222
355,14,1,3,1,0,19,0.7368421052631579
356,13,1,3,1,0,18,0.7222222222222222
357,13,1,3,0,0,17,0.7647058823529411
358,14,1,3,0,0,18,0.7777777777777778
359,14,1,3,1,0,19,0.7368421052631579
360,15,1,3,0,0,19,0.7894736842105263
361,14,1,3,0,0,18,0.7777777777777778
362,15,1,3,1,0,20,0.75
363,14,1,3,1,0,19,0.7368421052631579
364,15,1,3,1,0,20,0.75
365,15,1,3,0,0,19,0.7894736842105263
366,14,1,3,0,0,18,0.7777777777777778
367,15,1,3,0,0,19,0.7894736842105263
368,15,1,3,0,0,19,0.7894736842105263
369,11,1,3,0,0,15,0.7333333333333333
370,11,1,3,0,0,15,0.7333333333333333
371,13,1,3,0,0,17,0.7647058823529411
372,14,2,3,0,0,19,0.7368421052631579
373,15,2,3,0,0,20,0.75
374,14,1,3,0,0,18,0.7777777777777778
375,14,1,3,0,0,18,0.7777777777777778
376,13,2,3,0,0,18,0.7222222222222222
377,14,1,3,1,0,19,0.7368421052631579
378,14,1,3,0,0,18,0.7777777777777778
379,14,1,3,1,0,19,0.7368421052631579
380,14,1,3,0,0,18,0.7777777777777778
381,14,1,3,0,0,18,0.7777777777777778
382,12,1,3,1,0,17,0.7058823529411765
383,14,1,3,1,0,19,0.7368421052631579
384,14,1,4,1,0,20,0.7
385,13,1,3,1,0,18,0.7222222222222222
386,14,1,3,0,0,18,0.7777777777777778
387,14,2,3,1,0,20,0.7
388,14,1,3,1,0,19,0.7368421052631579
389,15,1,3,0,0,19,0.7894736842105263
390,14,1,3,0,0,18,0.7777777777777778
391,13,1,3,1,0,18,0.7222222222222222
392,14,1,3,0,0,18,0.7777777777777778
393,15,1,3,0,0,19,0.7894736842105263
394,12,1,3,1,0,17,0.7058823529411765
395,13,2,3,1,0,19,0.6842105263157895
396,13,1,3,1,0,18,0.7222222222222222
397,14,1,3,0,0,18,0.7777777777777778
398,14,1,3,0,0,18,0.7777777777777778
399,13,1,3,0,0,17,0.7647058823529411
400,13,1,3,1,0,18,0.7222222222222222
401,13,1,3,0,0,17,0.7647058823529411
402,12,1,3,0,0,16,0.75
403,15,1,3,1,0,20,0.75
404,14,1,3,0,0,18,0.7777777777777778
405,12,1,3,1,0,17,0.7058823529411765
406,12,1,3,1,0,17,0.7058823529411765
407,13,1,3,0,0,17,0.7647058823529411
408,13,1,3,1,0,18,0.7222222222222222
409,14,1,3,1,0,19,0.7368421052631579
410,14,1,3,0,0,18,0.7777777777777778
411,12,1,3,0,0,16,0.75
412,15,1,3,1,0,20,0.75
413,16,1,3,1,0,21,0.7619047619047619
414,16,1,3,1,0,21,0.7619047619047619
415,16,1,2,1,0,20,0.8
416,14,1,4,1,0,20,0.7
417,11,1,3,1,0,16,0.6875
418,15,1,3,1,0,20,0.75
419,13,1,3,0,0,17,0.7647058823529411
420,14,1,3,1,0,19,0.7368421052631579
421,12,1,3,0,0,16,0.75
422,15,1,3,1,0,20,0.75
423,14,1,3,1,0,19,0.7368421052631579
424,15,1,3,1,0,20,0.75
425,14,1,3,1,0,19,0.7368421052631579
426,16,1,3,0,0,20,0.8
427,15,1,3,0,0,19,0.7894736842105263
428,16,1,3,0,0,20,0.8
429,14,1,3,1,0,19,0.7368421052631579
430,14,1,3,1,0,19,0.7368421052631579
431,15,1,3,1,0,20,0.75
432,15,1,3,0,0,19,0.7894736842105263
433,15,1,3,1,0,20,0.75
434,15,1,4,1,0,21,0.7142857142857143
435,14,1,3,1,0,19,0.7368421052631579
436,14,1,4,0,0,19,0.7368421052631579
437,14,1,3,0,0,18,0.7777777777777778
438,12,1,3,1,0,17,0.7058823529411765
439,15,1,4,0,0,20,0.75
440,14,1,3,1,0,19,0.7368421052631579
441,16,1,3,1,0,21,0.7619047619047619
442,16,1,3,1,0,21,0.7619047619047619
443,15,1,2,1,0,19,0.7894736842105263
444,14,1,3,1,0,19,0.7368421052631579
445,14,1,3,0,0,18,0.7777777777777778
446,14,1,3,1,0,19,0.7368421052631579
447,16,1,2,0,0,19,0.8421052631578947
448,14,1,3,1,0,19,0.7368421052631579
449,15,1,3,1,0,20,0.75
450,16,1,3,0,0,20,0.8
451,14,1,3,1,0,19,0.7368421052631579
452,14,1,3,0,0,18,0.7777777777777778
453,12,1,3,1,0,17,0.7058823529411765
454,13,1,4,0,0,18,0.7222222222222222
455,15,1,3,1,0,20,0.75
456,12,1,4,1,0,18,0.6666666666666666
457,12,1,3,1,0,17,0.7058823529411765
458,15,1,4,0,0,20,0.75
459,16,1,3,0,0,20,0.8
460,15,1,3,0,0,19,0.7894736842105263
461,16,1,3,0,0,20,0.8
462,15,1,3,0,0,19,0.7894736842105263
463,16,1,4,1,0,22,0.7272727272727273
464,15,1,3,1,0,20,0.75
465,14,1,3,1,0,19,0.7368421052631579
466,13,1,3,1,0,18,0.7222222222222222
467,14,1,3,1,0,19,0.7368421052631579
468,16,1,3,1,0,21,0.7619047619047619
469,15,1,3,1,0,20,0.75
470,14,1,3,1,0,19,0.7368421052631579
471,15,1,2,0,0,18,0.8333333333333334
472,14,1,2,1,0,18,0.7777777777777778
473,15,1,3,1,0,20,0.75
474,13,1,3,1,0,18,0.7222222222222222
475,16,1,2,1,0,20,0.8
476,15,1,3,0,0,19,0.7894736842105263
477,16,1,3,0,0,20,0.8
478,15,1,3,1,0,20,0.75
479,15,1,2,0,0,18,0.8333333333333334
480,14,1,3,1,0,19,0.7368421052631579
481,16,1,2,0,0,19,0.8421052631578947
482,16,1,3,1,0,21,0.7619047619047619
483,15,1,3,1,0,20,0.75
484,15,1,3,0,0,19,0.7894736842105263
485,14,1,4,1,0,20,0.7
486,14,1,3,1,0,19,0.7368421052631579
487,14,1,3,0,0,18,0.7777777777777778
488,14,1,3,1,0,19,0.7368421052631579
489,15,1,3,1,0,20,0.75
490,13,1,3,1,0,18,0.7222222222222222
491,14,1,4,1,0,20,0.7
492,15,1,3,1,0,20,0.75
493,15,1,3,1,0,20,0.75
494,15,1,3,1,0,20,0.75
495,14,1,3,0,0,18,0.7777777777777778
496,16,1,3,0,0,20,0.8
497,14,1,3,1,0,19,0.7368421052631579
498,15,1,3,1,0,20,0.75
499,14,1,3,1,0,19,0.7368421052631579
500,16,1,3,0,0,20,0.8
501,16,1,3,0,0,20,0.8
502,15,1,3,1,0,20,0.75
503,14,1,3,0,0,18,0.7777777777777778
504,15,1,3,0,0,19,0.7894736842105263
505,15,1,3,1,0,20,0.75
506,14,1,2,1,0,18,0.7777777777777778
507,13,1,4,0,0,18,0.7222222222222222
508,18,1,3,1,0,23,0.782608695652174
509,14,1,3,1,0,19,0.7368421052631579
510,14,1,4,0,0,19,0.7368421052631579
511,15,1,3,1,0,20,0.75
512,14,1,4,1,0,20,0.7
513,14,1,3,0,0,18,0.7777777777777778
514,15,1,3,0,0,19,0.7894736842105263
515,14,1,3,1,0,19,0.7368421052631579
516,13,1,3,0,0,17,0.7647058823529411
517,15,1,3,1,0,20,0.75
518,13,1,3,1,0,18,0.7222222222222222
519,14,1,3,1,0,19,0.7368421052631579
520,13,1,3,0,0,17,0.7647058823529411
521,14,1,3,0,0,18,0.7777777777777778
522,14,1,4,0,0,19,0.7368421052631579
523,14,1,3,1,0,19,0.7368421052631579
524,12,1,4,0,0,17,0.7058823529411765
525,14,1,4,0,0,19,0.7368421052631579
526,16,1,3,1,0,21,0.7619047619047619
527,15,1,3,0,0,19,0.7894736842105263
528,15,1,3,1,0,20,0.75
529,14,1,3,0,0,18,0.7777777777777778
530,14,1,3,0,0,18,0.7777777777777778
531,15,1,3,1,0,20,0.75
532,12,1,4,0,0,17,0.7058823529411765
533,13,1,3,0,0,17,0.7647058823529411
534,14,1,3,1,0,19,0.7368421052631579
535,14,1,3,0,0,18,0.7777777777777778
536,14,1,3,0,0,18,0.7777777777777778
537,12,1,3,1,0,17,0.7058823529411765
538,13,1,3,0,0,17,0.7647058823529411
539,12,1,3,0,0,16,0.75
540,11,1,3,0,0,15,0.7333333333333333
541,13,1,3,0,0,17,0.7647058823529411
542,14,1,3,0,0,18,0.7777777777777778
543,12,1,3,1,0,17,0.7058823529411765
544,14,1,4,0,0,19,0.7368421052631579
545,13,1,3,1,0,18,0.7222222222222222
546,15,1,3,0,0,19,0.7894736842105263
547,14,1,3,0,0,18,0.7777777777777778
548,13,1,3,1,0,18,0.7222222222222222
549,15,1,3,1,0,20,0.75
550,14,1,3,1,0,19,0.7368421052631579
551,13,1,3,0,0,17,0.7647058823529411
552,14,1,3,0,0,18,0.7777777777777778
553,14,1,4,0,0,19,0.7368421052631579
554,12,1,4,0,0,17,0.7058823529411765
555,15,2,3,1,0,21,0.7142857142857143
556,15,1,3,0,0,19,0.7894736842105263
557,14,1,3,1,0,19,0.7368421052631579
558,13,1,3,0,0,17,0.7647058823529411
559,14,1,4,0,0,19,0.7368421052631579
560,14,1,3,0,0,18,0.7777777777777778
561,14,1,3,0,0,18,0.7777777777777778
562,15,1,3,1,0,20,0.75
563,16,1,3,0,0,20,0.8
564,15,1,3,0,0,19,0.7894736842105263
565,16,1,3,1,0,21,0.7619047619047619
566,16,1,2,1,0,20,0.8
567,15,2,3,0,0,20,0.75
568,16,1,3,1,0,21,0.7619047619047619
569,15,1,3,0,0,19,0.7894736842105263
570,14,1,3,1,0,19,0.7368421052631579
571,16,1,3,1,0,21,0.7619047619047619
572,15,1,3,0,0,19,0.7894736842105263
573,15,1,3,0,0,19,0.7894736842105263
574,14,1,3,0,0,18,0.7777777777777778
575,13,1,3,0,0,17,0.7647058823529411
576,13,1,3,0,0,17,0.7647058823529411
577,15,1,3,0,0,19,0.7894736842105263
578,15,1,3,1,0,20,0.75
579,16,1,3,0,0,20,0.8
580,14,1,3,0,0,18,0.7777777777777778
581,13,1,3,0,0,17,0.7647058823529411
582,12,1,3,1,0,17,0.7058823529411765
583,14,1,3,0,0,18,0.7777777777777778
584,15,1,3,0,0,19,0.7894736842105263
585,14,1,4,0,0,19,0.7368421052631579
586,13,1,3,1,0,18,0.7222222222222222
587,13,1,3,0,0,17,0.7647058823529411
588,14,1,3,0,0,18,0.7777777777777778
589,13,1,3,0,0,17,0.7647058823529411
590,14,1,3,1,0,19,0.7368421052631579
591,13,1,4,0,0,18,0.7222222222222222
592,15,1,4,1,0,21,0.7142857142857143
593,13,1,4,0,0,18,0.7222222222222222
594,10,1,3,1,0,15,0.6666666666666666
595,12,1,3,0,0,16,0.75
596,14,1,4,0,0,19,0.7368421052631579
597,13,1,3,1,0,18,0.7222222222222222
598,13,1,3,0,0,17,0.7647058823529411
599,14,1,3,1,0,19,0.7368421052631579
600,14,1,3,1,0,19,0.7368421052631579
601,16,1,4,0,0,21,0.7619047619047619
602,15,1,3,0,0,19,0.7894736842105263
603,16,1,3,0,0,20,0.8
604,15,1,3,0,0,19,0.7894736842105263
605,14,1,4,0,0,19,0.7368421052631579
606,15,1,3,1,0,20,0.75
607,15,1,4,1,0,21,0.7142857142857143
608,12,1,4,0,0,17,0.7058823529411765
609,12,1,4,0,0,17,0.7058823529411765
610,16,1,4,0,0,21,0.7619047619047619
611,14,1,4,0,0,19,0.7368421052631579
612,13,1,4,0,0,18,0.7222222222222222
613,13,1,4,1,0,19,0.6842105263157895
614,14,1,4,0,0,19,0.7368421052631579
615,16,1,3,0,0,20,0.8
616,14,1,3,1,0,19,0.7368421052631579
617,15,1,3,1,0,20,0.75
618,15,1,3,0,0,19,0.7894736842105263
619,15,1,3,1,0,20,0.75
620,17,1,2,1,0,21,0.8095238095238095
621,16,1,2,0,0,19,0.8421052631578947
622,14,1,3,1,0,19,0.7368421052631579
623,13,1,3,0,0,17,0.7647058823529411
624,15,1,3,1,0,20,0.75
625,15,1,3,0,0,19,0.7894736842105263
626,13,1,3,1,0,18,0.7222222222222222
627,13,1,3,0,0,17,0.7647058823529411
628,13,1,3,1,0,18,0.7222222222222222
629,13,1,4,0,0,18,0.7222222222222222
630,12,1,3,0,0,16,0.75
631,16,1,3,0,0,20,0.8
632,13,1,3,0,0,17,0.7647058823529411
633,14,1,3,1,0,19,0.7368421052631579
634,13,1,3,1,0,18,0.7222222222222222
635,14,1,3,1,0,19,0.7368421052631579
636,12,1,3,1,0,17,0.7058823529411765
637,14,1,3,1,0,19,0.7368421052631579
638,14,1,4,0,0,19,0.7368421052631579
639,14,1,3,0,0,18,0.7777777777777778
640,13,1,3,0,0,17,0.7647058823529411
641,15,1,3,0,0,19,0.7894736842105263
642,14,2,3,1,0,20,0.7
643,13,1,3,0,0,17,0.7647058823529411
644,15,1,3,1,0,20,0.75
645,15,1,3,0,0,19,0.7894736842105263
646,12,1,3,1,0,17,0.7058823529411765
647,13,1,3,1,0,18,0.7222222222222222
648,13,1,3,0,0,17,0.7647058823529411
649,12,1,3,0,0,16,0.75
650,15,2,3,1,0,21,0.7142857142857143
651,14,1,3,1,0,19,0.7368421052631579
652,13,1,3,0,0,17,0.7647058823529411
653,13,1,3,0,0,17,0.7647058823529411
654,14,1,3,1,0,19,0.7368421052631579
655,12,1,3,1,0,17,0.7058823529411765
656,13,1,3,1,0,18,0.7222222222222222
657,14,1,3,0,0,18,0.7777777777777778
658,14,1,3,0,0,18,0.7777777777777778
659,15,1,3,1,0,20,0.75
660,14,1,3,1,0,19,0.7368421052631579
661,14,1,3,1,0,19,0.7368421052631579
662,11,1,3,1,0,16,0.6875
663,15,2,3,0,0,20,0.75
664,13,1,3,0,0,17,0.7647058823529411
665,16,1,3,0,0,20,0.8
666,13,1,3,1,0,18,0.7222222222222222
667,12,1,3,0,0,16,0.75
668,14,1,3,1,0,19,0.7368421052631579
669,12,1,3,1,0,17,0.7058823529411765
670,16,1,3,1,0,21,0.7619047619047619
671,14,1,3,1,0,19,0.7368421052631579
672,14,1,4,0,0,19,0.7368421052631579
673,13,1,3,1,0,18,0.7222222222222222
674,13,2,3,0,0,18,0.7222222222222222
675,14,1,3,0,0,18,0.7777777777777778
676,13,2,3,1,0,19,0.6842105263157895
677,14,1,3,0,0,18,0.7777777777777778
678,14,1,4,0,0,19,0.7368421052631579
679,14,1,3,1,0,19,0.7368421052631579
680,15,1,3,0,0,19,0.7894736842105263
681,13,1,3,0,0,17,0.7647058823529411
682,15,1,3,1,0,20,0.75
683,14,1,3,0,0,18,0.7777777777777778
684,15,1,4,0,0,20,0.75
685,14,1,4,1,0,20,0.7
686,14,1,3,0,0,18,0.7777777777777778
687,13,1,3,1,0,18,0.7222222222222222
688,14,1,3,1,0,19,0.7368421052631579
689,15,1,3,1,0,20,0.75
690,14,1,3,0,0,18,0.7777777777777778
691,14,1,3,0,0,18,0.7777777777777778
692,12,1,3,0,0,16,0.75
693,13,1,3,1,0,18,0.7222222222222222
694,14,1,3,1,0,19,0.7368421052631579
695,15,1,3,1,0,20,0.75
696,15,1,3,0,0,19,0.7894736842105263
697,14,1,3,0,0,18,0.7777777777777778
698,12,1,4,0,0,17,0.7058823529411765
699,14,1,3,1,0,19,0.7368421052631579
700,14,1,3,1,0,19,0.7368421052631579
701,14,1,3,0,0,18,0.7777777777777778
702,12,1,3,0,0,16,0.75
703,14,1,3,1,0,19,0.7368421052631579
704,14,1,3,1,0,19,0.7368421052631579
705,14,1,3,0,0,18,0.7777777777777778
706,11,1,3,1,0,16,0.6875
707,14,1,3,1,0,19,0.7368421052631579
708,13,1,3,0,0,17,0.7647058823529411
709,13,1,3,0,0,17,0.7647058823529411
710,13,1,3,0,0,17,0.7647058823529411
711,14,1,3,0,0,18,0.7777777777777778
712,14,1,3,1,0,19,0.7368421052631579
713,13,1,3,0,0,17,0.7647058823529411
714,16,1,3,1,0,21,0.7619047619047619
715,13,1,3,0,0,17,0.7647058823529411
716,15,1,3,1,0,20,0.75
717,14,1,3,0,0,18,0.7777777777777778
718,16,1,4,0,0,21,0.7619047619047619
719,15,1,3,1,0,20,0.75
720,13,1,3,0,0,17,0.7647058823529411
721,14,1,3,0,0,18,0.7777777777777778
722,14,1,3,0,0,18,0.7777777777777778
723,12,1,4,0,0,17,0.7058823529411765
724,12,1,3,1,0,17,0.7058823529411765
725,14,2,3,0,0,19,0.7368421052631579
726,14,1,4,0,0,19,0.7368421052631579
727,13,1,3,0,0,17,0.7647058823529411
728,13,1,3,1,0,18,0.7222222222222222
729,13,1,3,0,0,17,0.7647058823529411
730,14,1,3,1,0,19,0.7368421052631579
731,13,2,3,1,0,19,0.6842105263157895
732,14,1,3,0,0,18,0.7777777777777778
733,13,1,3,0,0,17,0.7647058823529411
734,13,1,3,0,0,17,0.7647058823529411
735,13,1,3,0,0,17,0.7647058823529411
736,14,1,3,0,0,18,0.7777777777777778
737,14,1,3,0,0,18,0.7777777777777778
738,12,1,3,0,0,16,0.75
739,13,1,3,0,0,17,0.7647058823529411
740,13,1,3,0,0,17,0.7647058823529411
741,13,1,3,0,0,17,0.7647058823529411
742,15,1,4,0,0,20,0.75
743,13,1,3,0,0,17,0.7647058823529411
744,13,1,4,0,0,18,0.7222222222222222
745,13,1,3,0,0,17,0.7647058823529411
746,12,1,3,0,0,16,0.75
747,14,1,3,0,0,18,0.7777777777777778
748,14,1,3,0,0,18,0.7777777777777778
749,11,1,3,0,0,15,0.7333333333333333
750,13,1,3,0,0,17,0.7647058823529411
751,15,1,3,0,0,19,0.7894736842105263
752,13,1,4,1,0,19,0.6842105263157895
753,12,2,4,0,0,18,0.6666666666666666
754,16,1,3,1,0,21,0.7619047619047619
755,13,1,3,0,0,17,0.7647058823529411
756,12,1,3,0,0,16,0.75
757,13,1,3,0,0,17,0.7647058823529411
758,12,1,3,0,0,16,0.75
759,13,1,3,0,0,17,0.7647058823529411
760,15,1,3,0,0,19,0.7894736842105263
761,14,1,3,1,0,19,0.7368421052631579
762,13,1,3,1,0,18,0.7222222222222222
763,14,1,3,0,0,18,0.7777777777777778
764,13,1,4,0,0,18,0.7222222222222222
765,12,1,3,1,0,17,0.7058823529411765
766,13,1,4,1,0,19,0.6842105263157895
767,14,1,4,1,0,20,0.7
768,13,1,3,0,0,17,0.7647058823529411
769,15,1,4,0,0,20,0.75
770,13,1,3,0,0,17,0.7647058823529411
771,13,1,3,1,0,18,0.7222222222222222
772,13,1,4,0,0,18,0.7222222222222222
773,13,1,3,0,0,17,0.7647058823529411
774,13,1,3,1,0,18,0.7222222222222222
775,12,1,3,0,0,16,0.75
776,12,1,4,0,0,17,0.7058823529411765
777,13,1,3,0,0,17,0.7647058823529411
778,12,1,3,0,0,16,0.75
779,13,1,3,1,0,18,0.7222222222222222
780,15,1,3,0,0,19,0.7894736842105263
781,13,1,3,1,0,18,0.7222222222222222
782,14,1,3,0,0,18,0.7777777777777778
783,15,1,3,0,0,19,0.7894736842105263
784,15,2,3,1,0,21,0.7142857142857143
785,11,1,3,0,0,15,0.7333333333333333
786,14,1,3,0,0,18,0.7777777777777778
787,14,1,4,1,0,20,0.7
788,14,1,3,1,0,19,0.7368421052631579
789,13,1,3,0,0,17,0.7647058823529411
790,16,1,4,0,0,21,0.7619047619047619
791,13,1,3,0,0,17,0.7647058823529411
792,14,1,3,0,0,18,0.7777777777777778
793,14,1,3,0,0,18,0.7777777777777778
794,14,1,3,0,0,18,0.7777777777777778
795,14,1,3,0,0,18,0.7777777777777778
796,15,1,3,1,0,20,0.75
797,12,1,3,0,0,16,0.75
798,13,1,3,0,0,17,0.7647058823529411
799,14,1,3,0,0,18,0.7777777777777778
800,12,1,3,0,0,16,0.75
801,12,1,4,1,0,18,0.6666666666666666
802,12,1,3,0,0,16,0.75
803,11,1,3,1,0,16,0.6875
804,13,1,4,1,0,19,0.6842105263157895
805,13,1,3,0,0,17,0.7647058823529411
806,14,1,3,1,0,19,0.7368421052631579
807,12,1,3,0,0,16,0.75
808,14,1,3,1,0,19,0.7368421052631579
809,13,1,3,0,0,17,0.7647058823529411
810,13,1,3,0,0,17,0.7647058823529411
811,13,1,3,1,0,18,0.7222222222222222
812,13,1,3,0,0,17,0.7647058823529411
813,14,1,3,0,0,18,0.7777777777777778
814,13,1,3,0,0,17,0.7647058823529411
815,13,1,3,1,0,18,0.7222222222222222
816,14,1,3,1,0,19,0.7368421052631579
817,12,2,3,1,0,18,0.6666666666666666
818,15,1,3,0,0,19,0.7894736842105263
819,15,1,3,1,0,20,0.75
820,13,1,3,1,0,18,0.7222222222222222
821,13,1,3,1,0,18,0.7222222222222222
822,12,1,3,0,0,16,0.75
823,14,1,3,1,0,19,0.7368421052631579
824,13,1,4,0,0,18,0.7222222222222222
825,12,1,3,1,0,17,0.7058823529411765
826,14,1,3,0,0,18,0.7777777777777778
827,14,1,3,1,0,19,0.7368421052631579
828,14,1,3,1,0,19,0.7368421052631579
829,14,1,3,1,0,19,0.7368421052631579
830,14,1,3,1,0,19,0.7368421052631579
831,13,1,3,0,0,17,0.7647058823529411
832,11,1,4,1,0,17,0.6470588235294118
833,12,1,3,0,0,16,0.75
834,12,1,3,1,0,17,0.7058823529411765
835,12,1,3,0,0,16,0.75
836,13,1,3,1,0,18,0.7222222222222222
837,13,1,3,0,0,17,0.7647058823529411
838,13,1,3,1,0,18,0.7222222222222222
839,12,1,3,0,0,16,0.75
840,12,1,3,1,0,17,0.7058823529411765
841,11,1,3,1,0,16,0.6875
842,12,1,3,0,0,16,0.75
843,13,1,3,1,0,18,0.7222222222222222
844,13,1,3,1,0,18,0.7222222222222222
845,12,1,3,1,0,17,0.7058823529411765
846,12,1,3,1,0,17,0.7058823529411765
847,13,1,3,1,0,18,0.7222222222222222
848,16,1,3,1,0,21,0.7619047619047619
849,16,1,3,0,0,20,0.8
850,15,1,3,0,0,19,0.7894736842105263
851,15,1,3,0,0,19,0.7894736842105263
852,15,1,3,0,0,19,0.7894736842105263
853,13,1,3,0,0,17,0.7647058823529411
854,15,1,4,0,0,20,0.75
855,13,1,3,1,0,18,0.7222222222222222
856,15,1,3,0,0,19,0.7894736842105263
857,12,1,3,0,0,16,0.75
858,14,1,3,0,0,18,0.7777777777777778
859,14,1,3,0,0,18,0.7777777777777778
860,15,1,3,0,0,19,0.7894736842105263
861,15,1,3,0,0,19,0.7894736842105263
862,16,1,3,1,0,21,0.7619047619047619
863,13,2,3,0,0,18,0.7222222222222222
864,14,2,3,0,0,19,0.7368421052631579
865,14,1,3,0,0,18,0.7777777777777778
866,15,3,3,0,0,21,0.7142857142857143
867,15,1,3,0,0,19,0.7894736842105263
868,15,1,3,0,0,19,0.7894736842105263
869,15,2,3,0,0,20,0.75
870,13,1,3,0,0,17,0.7647058823529411
871,12,1,3,0,0,16,0.75
872,12,1,3,0,0,16,0.75
873,11,1,3,0,0,15,0.7333333333333333
874,12,1,3,1,0,17,0.7058823529411765
875,13,1,4,1,0,19,0.6842105263157895
876,14,1,3,0,0,18,0.7777777777777778
877,11,1,3,0,0,15,0.7333333333333333
878,12,1,3,0,0,16,0.75
879,13,1,4,1,0,19,0.6842105263157895
880,10,1,3,0,0,14,0.7142857142857143
881,14,1,3,0,0,18,0.7777777777777778
882,13,1,3,1,0,18,0.7222222222222222
883,13,1,3,0,0,17,0.7647058823529411
884,13,1,3,0,0,17,0.7647058823529411
885,14,1,3,0,0,18,0.7777777777777778
886,11,1,3,1,0,16,0.6875
887,12,1,3,0,0,16,0.75
888,13,1,3,0,0,17,0.7647058823529411
889,11,1,3,0,0,15,0.7333333333333333
890,13,1,3,0,0,17,0.7647058823529411
891,12,1,3,0,0,16,0.75
892,12,1,3,0,0,16,0.75
893,14,1,3,0,0,18,0.7777777777777778
894,15,1,3,1,0,20,0.75
895,14,1,3,0,0,18,0.7777777777777778
896,14,1,3,0,0,18,0.7777777777777778
897,14,1,3,0,0,18,0.7777777777777778
898,15,1,4,0,0,20,0.75
899,16,1,4,1,0,22,0.7272727272727273
900,12,1,3,0,0,16,0.75
901,13,1,4,0,0,18,0.7222222222222222
902,14,1,3,0,0,18,0.7777777777777778
903,14,1,3,0,0,18,0.7777777777777778
904,13,1,3,0,0,17,0.7647058823529411
905,15,1,3,0,0,19,0.7894736842105263
906,13,1,4,0,0,18,0.7222222222222222
907,13,1,3,0,0,17,0.7647058823529411
908,13,1,3,1,0,18,0.7222222222222222
909,14,1,3,0,0,18,0.7777777777777778
910,13,1,3,0,0,17,0.7647058823529411
911,14,2,3,0,0,19,0.7368421052631579
912,14,1,4,0,0,19,0.7368421052631579
913,15,1,3,0,0,19,0.7894736842105263
914,12,1,3,0,0,16,0.75
915,15,2,3,0,0,20,0.75
916,15,1,3,0,0,19,0.7894736842105263
917,11,1,3,0,0,15,0.7333333333333333
918,15,1,3,0,0,19,0.7894736842105263
919,16,1,3,0,0,20,0.8
920,15,1,3,0,0,19,0.7894736842105263
921,14,1,3,0,0,18,0.7777777777777778
922,15,1,3,0,0,19,0.7894736842105263
923,14,1,3,0,0,18,0.7777777777777778
924,15,1,3,0,0,19,0.7894736842105263
925,15,2,3,0,0,20,0.75
926,15,1,3,1,0,20,0.75
927,16,3,3,0,0,22,0.7272727272727273
928,16,1,3,0,0,20,0.8
929,16,1,4,0,0,21,0.7619047619047619
930,14,1,3,0,0,18,0.7777777777777778
931,15,1,3,0,0,19,0.7894736842105263
932,14,1,3,1,0,19,0.7368421052631579
933,13,1,4,0,0,18,0.7222222222222222
934,15,1,4,0,0,20,0.75
935,15,1,3,0,0,19,0.7894736842105263
936,15,2,4,0,0,21,0.7142857142857143
937,13,1,4,0,0,18,0.7222222222222222
938,15,2,3,0,0,20,0.75
939,15,1,3,0,0,19,0.7894736842105263
940,15,1,3,0,0,19,0.7894736842105263
941,13,1,3,0,0,17,0.7647058823529411
942,13,1,4,1,0,19,0.6842105263157895
943,12,1,3,0,0,16,0.75
944,14,1,3,1,0,19,0.7368421052631579
945,14,1,4,0,0,19,0.7368421052631579
946,14,2,3,0,0,19,0.7368421052631579
947,13,1,3,0,0,17,0.7647058823529411
948,13,1,3,0,0,17,0.7647058823529411
949,12,1,3,0,0,16,0.75
950,13,1,3,0,0,17,0.7647058823529411
951,13,1,3,0,0,17,0.7647058823529411
952,13,1,4,0,0,18,0.7222222222222222
953,13,1,3,0,0,17,0.7647058823529411
954,14,1,3,0,0,18,0.7777777777777778
955,12,2,3,0,0,17,0.7058823529411765
956,16,1,3,1,0,21,0.7619047619047619
957,11,1,4,0,0,16,0.6875
958,14,1,3,0,0,18,0.7777777777777778
959,14,1,3,0,0,18,0.7777777777777778
960,14,1,3,0,0,18,0.7777777777777778
961,15,1,3,0,0,19,0.7894736842105263
962,13,1,4,0,0,18,0.7222222222222222
963,16,1,3,0,0,20,0.8
964,13,1,4,0,0,18,0.7222222222222222
965,16,1,4,1,0,22,0.7272727272727273
966,16,1,4,1,0,22,0.7272727272727273
967,16,1,4,0,0,21,0.7619047619047619
968,14,1,4,0,0,19,0.7368421052631579
969,13,1,3,0,0,17,0.7647058823529411
970,16,1,3,0,0,20,0.8
971,13,1,4,0,0,18,0.7222222222222222
972,14,1,4,1,0,20,0.7
973,15,0,3,0,0,18,0.8333333333333334
974,14,0,4,1,0,19,0.7368421052631579
975,12,0,4,0,0,16,0.75
976,13,0,3,1,0,17,0.7647058823529411
977,11,0,3,1,0,15,0.7333333333333333
978,14,1,4,0,0,19,0.7368421052631579
979,14,0,4,0,0,18,0.7777777777777778
980,16,1,3,0,0,20,0.8
981,14,1,4,0,0,19,0.7368421052631579
982,15,0,4,1,0,20,0.75
983,15,1,4,1,0,21,0.7142857142857143
984,14,1,4,0,0,19,0.7368421052631579
985,14,0,4,0,0,18,0.7777777777777778
986,12,1,4,0,0,17,0.7058823529411765
987,13,0,4,0,0,17,0.7647058823529411
988,15,1,4,0,0,20,0.75
989,13,1,4,1,0,19,0.6842105263157895
990,13,0,4,0,0,17,0.7647058823529411
991,16,0,3,1,0,20,0.8
992,15,0,3,0,0,18,0.8333333333333334
993,13,1,3,0,0,17,0.7647058823529411
994,13,1,3,0,0,17,0.7647058823529411
995,13,1,4,0,0,18,0.7222222222222222
996,16,0,3,1,0,20,0.8
997,15,0,3,0,0,18,0.8333333333333334
998,16,1,3,0,0,20,0.8
999,14,1,3,0,0,18,0.7777777777777778
1000,15,1,3,0,0,19,0.7894736842105263
1001,14,1,3,1,0,19,0.7368421052631579
1002,14,0,3,0,0,17,0.8235294117647058
1003,12,0,3,0,0,15,0.8
1004,15,2,3,1,0,21,0.7142857142857143
1005,15,1,3,1,0,20,0.75
1006,16,1,3,0,0,20,0.8
1007,16,0,3,0,0,19,0.8421052631578947
1008,14,2,3,0,0,19,0.7368421052631579
1009,12,0,3,0,0,15,0.8
1010,15,1,3,1,0,20,0.75
1011,14,1,3,0,0,18,0.7777777777777778
1012,15,1,4,1,0,21,0.7142857142857143
1013,13,0,3,1,0,17,0.7647058823529411
1014,11,1,3,0,0,15,0.7333333333333333
1015,13,1,3,0,0,17,0.7647058823529411
1016,13,1,3,1,0,18,0.7222222222222222
1017,14,1,4,0,0,19,0.7368421052631579
1018,12,0,4,0,0,16,0.75
1019,14,0,4,0,0,18,0.7777777777777778
1020,13,1,3,0,0,17,0.7647058823529411
1021,12,0,3,1,0,16,0.75
1022,15,0,3,0,0,18,0.8333333333333334
1023,15,1,3,0,0,19,0.7894736842105263
1024,16,1,3,0,0,20,0.8
1025,14,1,4,0,0,19,0.7368421052631579
1026,13,1,4,0,0,18,0.7222222222222222
1027,15,2,3,0,0,20,0.75
1028,14,1,4,0,0,19,0.7368421052631579
1029,14,1,4,0,0,19,0.7368421052631579
1030,14,1,4,0,0,19,0.7368421052631579
1031,15,1,4,0,0,20,0.75
1032,15,1,4,0,0,20,0.75
1033,14,1,3,0,0,18,0.7777777777777778
1034,13,1,3,0,0,17,0.7647058823529411
1035,13,1,4,0,0,18,0.7222222222222222
1036,12,1,4,0,0,17,0.7058823529411765
1037,14,2,4,0,0,20,0.7
1038,12,2,4,0,0,18,0.6666666666666666
1039,14,1,4,0,0,19,0.7368421052631579
1040,14,1,4,0,0,19,0.7368421052631579
1041,14,1,3,0,0,18,0.7777777777777778
1042,14,1,3,0,0,18,0.7777777777777778
1043,14,1,3,0,0,18,0.7777777777777778
1044,14,1,4,0,0,19,0.7368421052631579
1045,13,1,3,1,0,18,0.7222222222222222
1046,13,1,4,0,0,18,0.7222222222222222
1047,14,1,4,0,0,19,0.7368421052631579
1048,14,2,4,0,0,20,0.7
1049,13,1,3,0,0,17,0.7647058823529411
1050,14,1,4,0,0,19,0.7368421052631579
1051,14,1,3,0,0,18,0.7777777777777778
1052,12,1,4,0,0,17,0.7058823529411765
1053,12,1,4,0,0,17,0.7058823529411765
1054,13,1,4,0,0,18,0.7222222222222222
1055,12,1,4,1,0,18,0.6666666666666666
1056,14,1,3,0,0,18,0.7777777777777778
1057,13,1,4,0,0,18,0.7222222222222222
1058,15,1,4,1,0,21,0.7142857142857143
1059,12,1,4,0,0,17,0.7058823529411765
1060,15,1,4,1,0,21,0.7142857142857143
1061,12,1,3,0,0,16,0.75
1062,13,1,3,0,0,17,0.7647058823529411
1063,14,1,4,0,0,19,0.7368421052631579
1064,16,1,4,0,0,21,0.7619047619047619
1065,14,1,3,0,0,18,0.7777777777777778
1066,13,2,3,1,0,19,0.6842105263157895
1067,14,1,4,0,0,19,0.7368421052631579
1068,15,1,4,1,0,21,0.7142857142857143
1069,13,1,4,0,0,18,0.7222222222222222
1070,14,1,4,0,0,19,0.7368421052631579
1071,14,1,4,0,0,19,0.7368421052631579
1072,14,1,4,1,0,20,0.7
1073,13,1,4,0,0,18,0.7222222222222222
1074,14,1,4,0,0,19,0.7368421052631579
1075,14,1,4,0,0,19,0.7368421052631579
1076,15,1,4,1,0,21,0.7142857142857143
1077,14,1,4,1,0,20,0.7
1078,16,1,4,0,0,21,0.7619047619047619
1079,13,1,4,0,0,18,0.7222222222222222
1080,15,1,4,0,0,20,0.75
1081,15,1,4,0,0,20,0.75
1082,15,1,4,0,0,20,0.75
1083,17,1,4,0,0,22,0.7727272727272727
1084,16,1,4,0,0,21,0.7619047619047619
1085,15,1,4,0,0,20,0.75
1086,16,1,4,0,0,21,0.7619047619047619
1087,14,1,4,0,0,19,0.7368421052631579
1088,14,1,4,0,0,19,0.7368421052631579
1089,12,1,4,0,0,17,0.7058823529411765
1090,14,1,4,1,0,20,0.7
1091,12,1,4,0,0,17,0.7058823529411765
1092,14,1,4,0,0,19,0.7368421052631579
1093,15,0,3,0,0,18,0.8333333333333334
1094,12,1,4,0,0,17,0.7058823529411765
1095,13,2,4,0,0,19,0.6842105263157895
1096,14,1,4,0,0,19,0.7368421052631579
1097,14,1,4,0,0,19,0.7368421052631579
1098,14,1,4,1,0,20,0.7
1099,13,1,4,1,0,19,0.6842105263157895
1100,15,1,4,0,0,20,0.75
1101,14,1,4,1,0,20,0.7
1102,17,1,4,0,0,22,0.7727272727272727
1103,15,1,4,0,0,20,0.75
1104,13,1,4,0,0,18,0.7222222222222222
1105,14,1,3,0,0,18,0.7777777777777778
1106,14,1,4,0,0,19,0.7368421052631579
1107,15,1,4,1,0,21,0.7142857142857143
1108,14,1,4,0,0,19,0.7368421052631579
1109,12,1,4,1,0,18,0.6666666666666666
1110,13,1,4,0,0,18,0.7222222222222222
1111,12,1,4,0,0,17,0.7058823529411765
1112,13,1,4,0,0,18,0.7222222222222222
1113,14,1,4,0,0,19,0.7368421052631579
1114,15,1,3,0,0,19,0.7894736842105263
1115,14,1,4,0,0,19,0.7368421052631579
1116,15,1,4,0,0,20,0.75
1117,12,1,4,0,0,17,0.7058823529411765
1118,15,1,4,1,0,21,0.7142857142857143
1119,15,1,4,1,0,21,0.7142857142857143
1120,14,1,4,0,0,19,0.7368421052631579
1121,13,1,4,1,0,19,0.6842105263157895
1122,13,1,4,0,0,18,0.7222222222222222
1123,15,1,4,0,0,20,0.75
1124,11,1,4,0,0,16,0.6875
1125,15,1,3,0,0,19,0.7894736842105263
1126,14,1,3,1,0,19,0.7368421052631579
1127,13,1,4,0,0,18,0.7222222222222222
1128,11,1,4,0,0,16,0.6875
1129,12,1,4,0,0,17,0.7058823529411765
1130,15,1,3,0,0,19,0.7894736842105263
1131,16,1,3,1,0,21,0.7619047619047619
1132,14,1,4,0,0,19,0.7368421052631579
1133,12,1,4,0,0,17,0.7058823529411765
1134,15,1,4,0,0,20,0.75
1135,13,1,4,1,0,19,0.6842105263157895
1136,16,1,4,1,0,22,0.7272727272727273
1137,15,1,3,1,0,20,0.75
1138,15,1,4,0,0,20,0.75
1139,15,1,4,1,0,21,0.7142857142857143
1140,13,1,3,0,0,17,0.7647058823529411
1141,14,1,4,0,0,19,0.7368421052631579
1142,12,1,4,0,0,17,0.7058823529411765
1143,15,1,4,0,0,20,0.75
1144,13,1,4,0,0,18,0.7222222222222222
1145,12,1,4,0,0,17,0.7058823529411765
1146,14,1,3,0,0,18,0.7777777777777778
1147,14,1,4,0,0,19,0.7368421052631579
1148,16,1,4,1,0,22,0.7272727272727273
1149,14,1,4,0,0,19,0.7368421052631579
1150,13,1,4,0,0,18,0.7222222222222222
1151,12,1,4,1,0,18,0.6666666666666666
1152,15,1,4,0,0,20,0.75
1153,15,1,3,0,0,19,0.7894736842105263
1154,13,1,4,0,0,18,0.7222222222222222
1155,15,1,4,1,0,21,0.7142857142857143
1156,13,1,3,0,0,17,0.7647058823529411
1157,16,1,4,0,0,21,0.7619047619047619
1158,14,1,4,0,0,19,0.7368421052631579
1159,17,1,4,0,0,22,0.7727272727272727
1160,14,1,3,0,0,18,0.7777777777777778
1161,17,1,3,1,0,22,0.7727272727272727
1162,13,1,4,0,0,18,0.7222222222222222
1163,14,1,4,0,0,19,0.7368421052631579
1164,15,1,4,0,0,20,0.75
1165,15,1,4,0,0,20,0.75
1166,15,1,4,0,0,20,0.75
1167,14,1,4,0,0,19,0.7368421052631579
1168,15,1,4,1,0,21,0.7142857142857143
1169,15,1,4,0,0,20,0.75
1170,14,1,4,0,0,19,0.7368421052631579
1171,15,1,4,0,0,20,0.75
1172,13,1,3,0,0,17,0.7647058823529411
1173,14,1,4,0,0,19,0.7368421052631579
1174,15,1,4,0,0,20,0.75
1175,15,1,4,0,0,20,0.75
1176,12,1,4,0,0,17,0.7058823529411765
1177,12,1,4,0,0,17,0.7058823529411765
1178,14,1,4,0,0,19,0.7368421052631579
1179,15,1,4,0,0,20,0.75
1180,14,1,4,0,0,19,0.7368421052631579
1181,14,1,4,1,0,20,0.7
1182,12,1,4,0,0,17,0.7058823529411765
1183,13,1,4,1,0,19,0.6842105263157895
1184,13,1,4,1,0,19,0.6842105263157895
1185,15,1,4,0,0,20,0.75
1186,14,1,4,0,0,19,0.7368421052631579
1187,14,1,4,0,0,19,0.7368421052631579
1188,15,1,4,0,0,20,0.75
1189,12,1,4,0,0,17,0.7058823529411765
1190,15,1,4,0,0,20,0.75
1191,14,1,4,0,0,19,0.7368421052631579
1192,14,1,4,0,0,19,0.7368421052631579
1193,14,1,4,0,0,19,0.7368421052631579
1194,15,1,4,0,0,20,0.75
1195,12,1,4,0,0,17,0.7058823529411765
1196,15,1,4,0,0,20,0.75
1197,14,1,4,1,0,20,0.7
1198,13,1,4,0,0,18,0.7222222222222222
1199,16,1,4,0,0,21,0.7619047619047619
1200,14,1,4,0,0,19,0.7368421052631579
1201,11,1,4,0,0,16,0.6875
1202,14,1,4,0,0,19,0.7368421052631579
1203,13,1,4,0,0,18,0.7222222222222222
1204,15,1,4,0,0,20,0.75
1205,14,1,4,0,0,19,0.7368421052631579
1206,14,1,4,0,0,19,0.7368421052631579
1207,12,1,4,0,0,17,0.7058823529411765
1208,16,1,4,0,0,21,0.7619047619047619
1209,16,1,4,0,0,21,0.7619047619047619
1210,14,1,4,1,0,20,0.7
1211,14,1,4,0,0,19,0.7368421052631579
1212,13,1,4,0,0,18,0.7222222222222222
1213,15,1,4,0,0,20,0.75
1214,16,1,4,0,0,21,0.7619047619047619
1215,12,1,4,0,0,17,0.7058823529411765
1216,14,1,4,0,0,19,0.7368421052631579
1217,14,1,4,0,0,19,0.7368421052631579
1218,14,1,4,0,0,19,0.7368421052631579
1219,14,1,4,1,0,20,0.7
1220,13,1,3,0,0,17,0.7647058823529411
1221,14,1,4,0,0,19,0.7368421052631579
1222,14,1,4,0,0,19,0.7368421052631579
1223,15,1,4,0,0,20,0.75
1224,11,1,4,0,0,16,0.6875
1225,14,1,4,0,0,19,0.7368421052631579
1226,14,1,4,0,0,19,0.7368421052631579
1227,14,1,4,0,0,19,0.7368421052631579
1228,14,1,4,0,0,19,0.7368421052631579
1229,13,1,4,0,0,18,0.7222222222222222
1230,14,1,4,0,0,19,0.7368421052631579
1231,13,1,4,0,0,18,0.7222222222222222
1232,13,1,4,0,0,18,0.7222222222222222
1233,13,1,4,0,0,18,0.7222222222222222
1234,13,1,4,1,0,19,0.6842105263157895
1235,12,2,4,1,0,19,0.631578947368421
1236,15,1,4,0,0,20,0.75
1237,14,1,4,1,0,20,0.7
1238,13,1,4,0,0,18,0.7222222222222222
1239,12,1,4,0,0,17,0.7058823529411765
1240,13,2,4,1,0,20,0.65
1241,13,1,4,1,0,19,0.6842105263157895
1242,15,1,4,1,0,21,0.7142857142857143
1243,13,1,4,0,0,18,0.7222222222222222
1244,12,1,4,0,0,17,0.7058823529411765
1245,13,1,4,1,0,19,0.6842105263157895
1246,13,1,4,0,0,18,0.7222222222222222
1247,10,1,4,0,0,15,0.6666666666666666
1248,12,1,4,0,0,17,0.7058823529411765
1249,13,2,4,0,0,19,0.6842105263157895
1250,16,1,4,1,0,22,0.7272727272727273
1251,13,1,4,0,0,18,0.7222222222222222
1252,15,1,4,0,0,20,0.75
1253,13,1,4,1,0,19,0.6842105263157895
1254,15,1,4,0,0,20,0.75
1255,12,1,4,0,0,17,0.7058823529411765
1256,13,1,4,1,0,19,0.6842105263157895
1257,13,1,3,0,0,17,0.7647058823529411
1258,15,1,4,0,0,20,0.75
1259,14,1,4,0,0,19,0.7368421052631579
1260,14,1,4,0,0,19,0.7368421052631579
1261,15,1,4,0,0,20,0.75
1262,15,1,4,0,0,20,0.75
1263,13,1,4,0,0,18,0.7222222222222222
1264,14,1,4,0,0,19,0.7368421052631579
1265,12,1,4,0,0,17,0.7058823529411765
1266,13,2,4,0,0,19,0.6842105263157895
1267,14,1,4,0,0,19,0.7368421052631579
1268,14,1,4,0,0,19,0.7368421052631579
1269,14,1,4,0,0,19,0.7368421052631579
1270,12,1,3,0,0,16,0.75
1271,14,1,4,0,0,19,0.7368421052631579
1272,16,1,4,0,0,21,0.7619047619047619
1273,13,1,4,1,0,19,0.6842105263157895
1274,15,1,4,0,0,20,0.75
1275,12,1,4,0,0,17,0.7058823529411765
1276,13,1,4,0,0,18,0.7222222222222222
1277,12,1,4,0,0,17,0.7058823529411765
1278,12,1,4,1,0,18,0.6666666666666666
1279,16,1,3,0,0,20,0.8
1280,13,1,3,0,0,17,0.7647058823529411
1281,13,1,4,0,0,18,0.7222222222222222
1282,15,2,3,0,0,20,0.75
1283,14,1,3,0,0,18,0.7777777777777778
1284,14,1,3,1,0,19,0.7368421052631579
1285,17,1,3,0,0,21,0.8095238095238095
1286,14,1,4,0,0,19,0.7368421052631579
1287,13,1,3,1,0,18,0.7222222222222222
1288,15,1,4,0,0,20,0.75
1289,16,1,4,0,0,21,0.7619047619047619
1290,14,1,4,0,0,19,0.7368421052631579
1291,12,1,4,0,0,17,0.7058823529411765
1292,13,1,4,1,0,19,0.6842105263157895
1293,13,1,4,0,0,18,0.7222222222222222
1294,16,1,4,0,0,21,0.7619047619047619
1295,15,1,4,0,0,20,0.75
1296,15,1,4,0,0,20,0.75
1297,12,1,4,1,0,18,0.6666666666666666
1298,13,1,4,0,0,18,0.7222222222222222
1299,12,1,4,0,0,17,0.7058823529411765
1300,13,1,4,0,0,18,0.7222222222222222
1301,15,1,4,0,0,20,0.75
1302,13,1,4,0,0,18,0.7222222222222222
1303,15,1,4,0,0,20,0.75
1304,12,1,4,0,0,17,0.7058823529411765
1305,13,1,4,0,0,18,0.7222222222222222
1306,13,1,4,0,0,18,0.7222222222222222
1307,15,1,4,0,0,20,0.75
1308,12,1,4,0,0,17,0.7058823529411765
1309,13,2,4,0,0,19,0.6842105263157895
1310,12,1,4,0,0,17,0.7058823529411765
1311,11,1,4,0,0,16,0.6875
1312,13,1,4,0,0,18,0.7222222222222222
1313,14,1,4,0,0,19,0.7368421052631579
1314,13,1,4,0,0,18,0.7222222222222222
1315,14,1,4,0,0,19,0.7368421052631579
1316,13,1,4,0,0,18,0.7222222222222222
1317,13,1,4,0,0,18,0.7222222222222222
1318,13,1,4,0,0,18,0.7222222222222222
1319,12,1,4,0,0,17,0.7058823529411765
1320,15,1,4,0,0,20,0.75
1321,13,1,4,0,0,18,0.7222222222222222
1322,13,1,4,0,0,18,0.7222222222222222
1323,12,1,4,0,0,17,0.7058823529411765
1324,13,1,4,0,0,18,0.7222222222222222
1325,17,1,4,1,0,23,0.7391304347826086
1326,16,1,4,1,0,22,0.7272727272727273
1327,15,1,4,0,0,20,0.75
1328,14,1,4,0,0,19,0.7368421052631579
1329,14,1,4,0,0,19,0.7368421052631579
1330,14,2,4,1,0,21,0.6666666666666666
1331,15,1,4,0,0,20,0.75
1332,13,1,4,0,0,18,0.7222222222222222
1333,15,1,4,0,0,20,0.75
1334,16,1,4,1,0,22,0.7272727272727273
1335,16,1,4,0,0,21,0.7619047619047619
1336,15,1,4,0,0,20,0.75
1337,16,1,4,1,0,22,0.7272727272727273
1338,17,1,3,1,0,22,0.7727272727272727
1339,15,1,4,0,0,20,0.75
1340,14,1,4,0,0,19,0.7368421052631579
1341,15,1,4,1,0,21,0.7142857142857143
1342,16,1,4,0,0,21,0.7619047619047619
1343,16,1,4,0,0,21,0.7619047619047619
1344,16,1,4,0,0,21,0.7619047619047619
1345,12,1,4,0,0,17,0.7058823529411765
1346,15,1,4,1,0,21,0.7142857142857143
1347,13,1,4,0,0,18,0.7222222222222222
1348,17,2,4,1,0,24,0.7083333333333334
1349,15,1,4,0,0,20,0.75
1350,15,1,4,0,0,20,0.75
1351,15,1,4,1,0,21,0.7142857142857143
1352,17,1,4,0,0,22,0.7727272727272727
1353,16,1,4,0,0,21,0.7619047619047619
1354,14,1,4,0,0,19,0.7368421052631579
1355,14,1,4,0,0,19,0.7368421052631579
1356,16,1,4,0,0,21,0.7619047619047619
1357,15,2,4,0,0,21,0.7142857142857143
1358,15,1,4,0,0,20,0.75
1359,18,1,4,0,0,23,0.782608695652174
1360,17,1,4,1,0,23,0.7391304347826086
1361,14,1,4,0,0,19,0.7368421052631579
1362,13,1,4,1,0,19,0.6842105263157895
1363,14,1,4,1,0,20,0.7
1364,16,1,4,0,0,21,0.7619047619047619
1365,12,1,4,0,0,17,0.7058823529411765
1366,14,1,4,0,0,19,0.7368421052631579
1367,13,1,4,0,0,18,0.7222222222222222
1368,13,2,4,0,0,19,0.6842105263157895
1369,14,1,4,1,0,20,0.7
1370,16,1,4,0,0,21,0.7619047619047619
1371,15,1,4,0,0,20,0.75
1372,16,1,4,0,0,21,0.7619047619047619
1373,14,1,4,1,0,20,0.7
1374,16,1,4,0,0,21,0.7619047619047619
1375,16,1,4,1,0,22,0.7272727272727273
1376,14,1,4,0,0,19,0.7368421052631579
1377,14,1,4,0,0,19,0.7368421052631579
1378,15,2,4,1,0,22,0.6818181818181818
1379,13,1,4,0,0,18,0.7222222222222222
1380,15,1,4,0,0,20,0.75
1381,14,1,4,0,0,19,0.7368421052631579
1382,12,1,4,0,0,17,0.7058823529411765
1383,14,1,4,1,0,20,0.7
1384,13,1,4,0,0,18,0.7222222222222222
1385,16,1,4,0,0,21,0.7619047619047619
1386,14,1,4,0,0,19,0.7368421052631579
1387,15,1,4,1,0,21,0.7142857142857143
1388,16,1,4,0,0,21,0.7619047619047619
1389,13,2,4,1,0,20,0.65
1390,15,2,4,0,0,21,0.7142857142857143
1391,12,1,4,0,0,17,0.7058823529411765
1392,13,2,4,1,0,20,0.65
1393,14,2,4,1,0,21,0.6666666666666666
1394,15,2,4,0,0,21,0.7142857142857143
1395,13,1,4,0,0,18,0.7222222222222222
1396,13,1,4,0,0,18,0.7222222222222222
1397,14,2,4,0,0,20,0.7
1398,15,1,4,0,0,20,0.75
1399,13,1,4,0,0,18,0.7222222222222222
1400,12,1,4,0,0,17,0.7058823529411765
1401,12,1,4,1,0,18,0.6666666666666666
1402,15,1,4,1,0,21,0.7142857142857143
1403,15,1,4,0,0,20,0.75
1404,15,1,4,0,0,20,0.75
1405,16,1,4,0,0,21,0.7619047619047619
1406,13,1,4,0,0,18,0.7222222222222222
1407,15,1,4,0,0,20,0.75
1408,17,1,4,0,0,22,0.7727272727272727
1409,16,1,4,0,0,21,0.7619047619047619
1410,16,1,4,0,0,21,0.7619047619047619
1411,15,1,4,0,0,20,0.75
1412,17,1,4,1,0,23,0.7391304347826086
1413,15,1,4,0,0,20,0.75
1414,16,1,4,0,0,21,0.7619047619047619
1415,17,1,4,1,0,23,0.7391304347826086
1416,11,1,4,0,0,16,0.6875
1417,15,1,4,0,0,20,0.75
1418,15,1,4,0,0,20,0.75
1419,14,1,4,1,0,20,0.7
1420,14,1,4,0,0,19,0.7368421052631579
1421,14,2,4,1,0,21,0.6666666666666666
1422,15,1,4,1,0,21,0.7142857142857143
1423,16,1,4,1,0,22,0.7272727272727273
1424,15,1,4,0,0,20,0.75
1425,14,1,4,0,0,19,0.7368421052631579
1426,14,1,4,0,0,19,0.7368421052631579
1427,14,1,4,0,0,19,0.7368421052631579
1428,15,1,4,0,0,20,0.75
1429,14,1,4,0,0,19,0.7368421052631579
1430,13,1,4,0,0,18,0.7222222222222222
1431,13,1,4,0,0,18,0.7222222222222222
1432,15,1,4,1,0,21,0.7142857142857143
1433,17,1,4,0,0,22,0.7727272727272727
1434,14,1,4,0,0,19,0.7368421052631579
1435,15,1,4,0,0,20,0.75
1436,15,1,4,0,0,20,0.75
1437,13,1,3,0,0,17,0.7647058823529411
1438,15,1,4,0,0,20,0.75
1439,15,1,4,0,0,20,0.75
1440,17,1,4,0,0,22,0.7727272727272727
1441,14,1,4,1,0,20,0.7
1442,16,1,4,1,0,22,0.7272727272727273
1443,15,1,4,1,0,21,0.7142857142857143
1444,15,1,4,1,0,21,0.7142857142857143
1445,15,1,4,0,0,20,0.75
1446,14,1,4,1,0,20,0.7
1447,13,1,4,0,0,18,0.7222222222222222
1448,15,1,4,0,0,20,0.75
1449,15,1,4,1,0,21,0.7142857142857143
1450,15,1,4,0,0,20,0.75
1451,16,1,4,0,0,21,0.7619047619047619
1452,16,1,4,1,0,22,0.7272727272727273
1453,15,1,4,0,0,20,0.75
1454,15,1,4,1,0,21,0.7142857142857143
1455,13,2,4,0,0,19,0.6842105263157895
1456,13,1,4,1,0,19,0.6842105263157895
1457,13,1,4,1,0,19,0.6842105263157895
1458,15,1,4,1,0,21,0.7142857142857143
1459,13,1,4,1,0,19,0.6842105263157895
1460,15,1,4,1,0,21,0.7142857142857143
1461,12,1,4,1,0,18,0.6666666666666666
1462,12,2,4,1,0,19,0.631578947368421
1463,12,2,4,1,0,19,0.631578947368421
1464,11,1,4,1,0,17,0.6470588235294118
1465,14,2,4,1,0,21,0.6666666666666666
1466,14,1,4,0,0,19,0.7368421052631579
1467,12,1,4,1,0,18,0.6666666666666666
1468,17,1,4,1,0,23,0.7391304347826086
1469,16,1,4,0,0,21,0.7619047619047619
1470,15,1,4,0,0,20,0.75
1471,16,1,4,0,0,21,0.7619047619047619
1472,14,1,4,0,0,19,0.7368421052631579
1473,14,1,4,0,0,19,0.7368421052631579
1474,17,1,4,1,0,23,0.7391304347826086
1475,16,1,4,1,0,22,0.7272727272727273
1476,14,1,4,0,0,19,0.7368421052631579
1477,14,1,4,1,0,20,0.7
1478,14,1,4,0,0,19,0.7368421052631579
1479,16,1,4,1,0,22,0.7272727272727273
1480,15,1,4,0,0,20,0.75
1481,14,1,4,0,0,19,0.7368421052631579
1482,16,1,2,0,0,19,0.8421052631578947
1483,13,1,4,0,0,18,0.7222222222222222
1484,15,1,4,0,0,20,0.75
1485,14,1,4,0,0,19,0.7368421052631579
1486,13,1,4,0,0,18,0.7222222222222222
1487,14,1,4,1,0,20,0.7
1488,15,1,4,1,0,21,0.7142857142857143
1489,15,1,4,1,0,21,0.7142857142857143
1490,12,1,4,1,0,18,0.6666666666666666
1491,12,1,4,0,0,17,0.7058823529411765
1492,14,1,4,1,0,20,0.7
1493,15,1,4,0,0,20,0.75
1494,15,1,4,0,0,20,0.75
1495,13,1,4,0,0,18,0.7222222222222222
1496,15,1,4,0,0,20,0.75
1497,14,1,4,0,0,19,0.7368421052631579
1498,16,1,4,0,0,21,0.7619047619047619
1499,14,1,4,1,0,20,0.7
1500,16,1,4,0,0,21,0.7619047619047619
1501,14,1,4,0,0,19,0.7368421052631579
1502,15,1,4,0,0,20,0.75
1503,16,1,4,1,0,22,0.7272727272727273
1504,15,1,4,1,0,21,0.7142857142857143
1505,16,1,4,0,0,21,0.7619047619047619
1506,15,1,4,0,0,20,0.75
1507,15,1,4,1,0,21,0.7142857142857143
1508,16,1,4,0,0,21,0.7619047619047619
1509,16,2,4,0,0,22,0.7272727272727273
1510,14,1,4,0,0,19,0.7368421052631579
1511,15,1,4,0,0,20,0.75
1512,14,1,4,0,0,19,0.7368421052631579
1513,14,1,4,0,0,19,0.7368421052631579
1514,15,1,4,1,0,21,0.7142857142857143
1515,14,1,4,1,0,20,0.7
1516,14,1,4,1,0,20,0.7
1517,14,1,4,1,0,20,0.7
1518,16,0,4,0,0,20,0.8
1519,16,1,4,1,0,22,0.7272727272727273
1520,13,1,4,0,0,18,0.7222222222222222
1521,13,1,4,0,0,18,0.7222222222222222
1522,15,1,4,1,0,21,0.7142857142857143
1523,14,1,4,1,0,20,0.7
1524,13,1,4,1,0,19,0.6842105263157895
1525,15,1,4,0,0,20,0.75
1526,15,1,4,0,0,20,0.75
1527,13,1,4,0,0,18,0.7222222222222222
1528,11,1,4,0,0,16,0.6875
1529,12,1,4,0,0,17,0.7058823529411765
1530,14,1,4,0,0,19,0.7368421052631579
1531,16,1,4,0,0,21,0.7619047619047619
1532,12,1,4,0,0,17,0.7058823529411765
1533,12,1,4,1,0,18,0.6666666666666666
1534,15,1,4,0,0,20,0.75
1535,14,1,4,0,0,19,0.7368421052631579
1536,14,1,4,0,0,19,0.7368421052631579
1537,16,1,4,0,0,21,0.7619047619047619
1538,13,1,4,0,0,18,0.7222222222222222
1539,14,1,4,0,0,19,0.7368421052631579
1540,15,1,4,0,0,20,0.75
1541,13,1,4,0,0,18,0.7222222222222222
1542,14,1,4,0,0,19,0.7368421052631579
1543,13,1,4,0,0,18,0.7222222222222222
1544,14,2,4,0,0,20,0.7
1545,14,1,4,0,0,19,0.7368421052631579
1546,14,1,4,0,0,19,0.7368421052631579
1547,13,1,4,1,0,19,0.6842105263157895
1548,15,1,4,1,0,21,0.7142857142857143
1549,12,1,3,0,0,16,0.75
1550,15,1,4,0,0,20,0.75
1551,13,1,4,1,0,19,0.6842105263157895
1552,15,1,4,0,0,20,0.75
1553,13,1,4,0,0,18,0.7222222222222222
1554,14,1,4,0,0,19,0.7368421052631579
1555,15,1,4,1,0,21,0.7142857142857143
1556,17,1,3,0,0,21,0.8095238095238095
1557,16,1,3,0,0,20,0.8
1558,17,1,4,0,0,22,0.7727272727272727
1559,16,1,4,0,0,21,0.7619047619047619
1560,15,1,4,0,0,20,0.75
1561,14,1,4,0,0,19,0.7368421052631579
1562,16,2,4,0,0,22,0.7272727272727273
1563,17,1,4,0,0,22,0.7727272727272727
1564,13,1,4,0,0,18,0.7222222222222222
1565,16,1,4,0,0,21,0.7619047619047619
1566,16,1,4,0,0,21,0.7619047619047619
1567,16,1,4,0,0,21,0.7619047619047619
1568,15,1,4,0,0,20,0.75
1569,15,1,4,0,0,20,0.75
1570,15,1,4,0,0,20,0.75
1571,13,1,4,0,0,18,0.7222222222222222
1572,14,1,4,0,0,19,0.7368421052631579
1573,13,1,4,0,0,18,0.7222222222222222
1574,13,1,4,1,0,19,0.6842105263157895
1575,12,1,4,0,0,17,0.7058823529411765
1576,16,0,4,0,0,20,0.8
1577,15,1,4,0,0,20,0.75
1578,13,1,4,0,0,18,0.7222222222222222
1579,17,1,4,0,0,22,0.7727272727272727
1580,14,1,4,0,0,19,0.7368421052631579
1581,17,1,4,1,0,23,0.7391304347826086
1582,13,1,4,0,0,18,0.7222222222222222
1583,15,1,4,0,0,20,0.75
1584,15,0,4,1,0,20,0.75
1585,15,1,4,1,0,21,0.7142857142857143
1586,15,1,4,1,0,21,0.7142857142857143
1587,13,2,4,1,0,20,0.65
1588,16,1,4,1,0,22,0.7272727272727273
1589,15,1,4,1,0,21,0.7142857142857143
1590,14,1,4,0,0,19,0.7368421052631579
1591,17,1,4,1,0,23,0.7391304347826086
1592,13,1,4,0,0,18,0.7222222222222222
1593,15,0,4,0,0,19,0.7894736842105263
1594,14,1,4,0,0,19,0.7368421052631579
1595,14,1,4,0,0,19,0.7368421052631579
1596,14,1,4,0,0,19,0.7368421052631579
1597,14,1,4,0,0,19,0.7368421052631579
1598,15,1,4,0,0,20,0.75
1599,15,1,4,0,0,20,0.75
1600,15,1,4,0,0,20,0.75
1601,14,1,4,0,0,19,0.7368421052631579
1602,14,1,4,0,0,19,0.7368421052631579
1603,15,1,4,1,0,21,0.7142857142857143
1604,16,1,4,0,0,21,0.7619047619047619
1605,12,1,4,1,0,18,0.6666666666666666
1606,17,1,4,1,0,23,0.7391304347826086
1607,15,1,4,0,0,20,0.75
1608,15,1,4,0,0,20,0.75
1609,14,1,4,0,0,19,0.7368421052631579
1610,17,1,4,1,0,23,0.7391304347826086
1611,14,1,4,0,0,19,0.7368421052631579
1612,15,2,4,0,0,21,0.7142857142857143
1613,15,1,4,1,0,21,0.7142857142857143
1614,16,1,4,1,0,22,0.7272727272727273
1615,15,1,4,0,0,20,0.75
1616,16,1,4,1,0,22,0.7272727272727273
1617,17,1,4,1,0,23,0.7391304347826086
1618,16,1,4,0,0,21,0.7619047619047619
1619,13,1,4,0,0,18,0.7222222222222222
1620,16,1,4,0,0,21,0.7619047619047619
1621,14,1,4,0,0,19,0.7368421052631579
1622,15,1,4,0,0,20,0.75
1623,14,1,4,0,0,19,0.7368421052631579
1624,15,0,4,0,0,19,0.7894736842105263
1625,13,1,4,0,0,18,0.7222222222222222
1626,14,1,4,0,0,19,0.7368421052631579
1627,12,1,4,0,0,17,0.7058823529411765
1628,14,1,4,0,0,19,0.7368421052631579
1629,15,1,4,1,0,21,0.7142857142857143
1630,13,1,4,0,0,18,0.7222222222222222
1631,15,1,4,1,0,21,0.7142857142857143
1632,15,1,4,0,0,20,0.75
1633,15,0,4,0,0,19,0.7894736842105263
1634,17,1,4,1,0,23,0.7391304347826086
1635,15,0,4,0,0,19,0.7894736842105263
1636,13,1,4,0,0,18,0.7222222222222222
1637,13,0,4,0,0,17,0.7647058823529411
1638,15,2,4,1,0,22,0.6818181818181818
1639,14,1,4,0,0,19,0.7368421052631579
1640,15,1,4,0,0,20,0.75
1641,15,1,4,0,0,20,0.75
1642,13,1,4,0,0,18,0.7222222222222222
1643,14,1,4,0,0,19,0.7368421052631579
1644,16,1,4,1,0,22,0.7272727272727273
1645,15,1,4,1,0,21,0.7142857142857143
1646,14,1,4,0,0,19,0.7368421052631579
1647,16,1,4,1,0,22,0.7272727272727273
1648,16,1,4,1,0,22,0.7272727272727273
1649,15,1,4,0,0,20,0.75
1650,15,1,4,1,0,21,0.7142857142857143
1651,15,1,4,0,0,20,0.75
1652,17,1,4,0,0,22,0.7727272727272727
1653,17,1,4,1,0,23,0.7391304347826086
1654,18,1,4,0,0,23,0.782608695652174
1655,15,1,4,1,0,21,0.7142857142857143
1656,14,1,4,0,0,19,0.7368421052631579
1657,16,1,4,1,0,22,0.7272727272727273
1658,17,1,4,0,0,22,0.7727272727272727
1659,16,1,4,1,0,22,0.7272727272727273
1660,15,1,4,0,0,20,0.75
1661,14,1,4,0,0,19,0.7368421052631579
1662,11,1,4,1,0,17,0.6470588235294118
1663,14,1,4,1,0,20,0.7
1664,15,1,4,0,0,20,0.75
1665,15,1,4,0,0,20,0.75
1666,15,1,4,0,0,20,0.75
1667,14,1,4,0,0,19,0.7368421052631579
1668,12,1,4,0,0,17,0.7058823529411765
1669,13,1,4,0,0,18,0.7222222222222222
1670,13,1,4,0,0,18,0.7222222222222222
1671,14,1,4,0,0,19,0.7368421052631579
1672,12,1,4,0,0,17,0.7058823529411765
1673,16,1,4,0,0,21,0.7619047619047619
1674,12,1,4,1,0,18,0.6666666666666666
1675,14,1,4,0,0,19,0.7368421052631579
1676,14,1,4,0,0,19,0.7368421052631579
1677,17,1,3,0,0,21,0.8095238095238095
1678,17,1,4,1,0,23,0.7391304347826086
1679,17,1,4,1,0,23,0.7391304347826086
1680,16,1,4,0,0,21,0.7619047619047619
1681,13,1,4,0,0,18,0.7222222222222222
1682,13,1,3,0,0,17,0.7647058823529411
1683,15,1,3,1,0,20,0.75
1684,13,1,3,0,0,17,0.7647058823529411
1685,15,1,4,0,0,20,0.75
1686,14,1,4,0,0,19,0.7368421052631579
1687,15,1,4,0,0,20,0.75
1688,15,1,4,0,0,20,0.75
1689,15,1,4,1,0,21,0.7142857142857143
1690,13,1,3,1,0,18,0.7222222222222222
1691,14,1,4,1,0,20,0.7
1692,14,1,4,1,0,20,0.7
1693,13,1,4,0,0,18,0.7222222222222222
1694,13,1,4,0,0,18,0.7222222222222222
1695,13,1,4,0,0,18,0.7222222222222222
1696,14,1,3,1,0,19,0.7368421052631579
1697,13,1,4,0,0,18,0.7222222222222222
1698,14,1,3,0,0,18,0.7777777777777778
1699,12,1,4,0,0,17,0.7058823529411765
1700,16,1,4,0,0,21,0.7619047619047619
1701,14,1,4,1,0,20,0.7
1702,13,1,4,0,0,18,0.7222222222222222
1703,13,1,3,0,0,17,0.7647058823529411
1704,14,2,3,0,0,19,0.7368421052631579
1705,12,1,4,1,0,18,0.6666666666666666
1706,16,1,3,1,0,21,0.7619047619047619
1707,13,1,4,0,0,18,0.7222222222222222
1708,13,1,3,1,0,18,0.7222222222222222
1709,14,1,3,1,0,19,0.7368421052631579
1710,15,1,4,1,0,21,0.7142857142857143
1711,14,1,4,1,0,20,0.7
1712,16,1,4,1,0,22,0.7272727272727273
1713,15,1,4,0,0,20,0.75
1714,13,1,4,1,0,19,0.6842105263157895
1715,12,1,3,1,0,17,0.7058823529411765
1716,15,1,3,1,0,20,0.75
1717,13,1,3,1,0,18,0.7222222222222222
1718,14,1,3,0,0,18,0.7777777777777778
1719,12,1,3,0,0,16,0.75
1720,13,1,3,1,0,18,0.7222222222222222
1721,16,1,4,1,0,22,0.7272727272727273
1722,14,1,4,1,0,20,0.7
1723,14,1,4,0,0,19,0.7368421052631579
1724,15,2,4,0,0,21,0.7142857142857143
1725,14,1,4,1,0,20,0.7
1726,16,1,4,1,0,22,0.7272727272727273
1727,15,1,4,1,0,21,0.7142857142857143
1728,15,1,4,0,0,20,0.75
1729,14,1,4,0,0,19,0.7368421052631579
1730,13,1,4,0,0,18,0.7222222222222222
1731,15,1,4,0,0,20,0.75
1732,16,1,4,0,0,21,0.7619047619047619
1733,15,1,4,0,0,20,0.75
1734,16,1,4,0,0,21,0.7619047619047619
1735,14,1,4,0,0,19,0.7368421052631579
1736,16,1,4,1,0,22,0.7272727272727273
1737,16,1,4,0,0,21,0.7619047619047619
1738,15,1,4,0,0,20,0.75
1739,12,1,4,0,0,17,0.7058823529411765
1740,14,1,4,0,0,19,0.7368421052631579
1741,14,1,4,0,0,19,0.7368421052631579
1742,14,1,4,0,0,19,0.7368421052631579
1743,14,1,4,0,0,19,0.7368421052631579
1744,14,1,4,0,0,19,0.7368421052631579
1745,15,2,3,1,0,21,0.7142857142857143
1746,15,1,4,0,0,20,0.75
1747,14,1,4,0,0,19,0.7368421052631579
1748,11,1,4,1,0,17,0.6470588235294118
1749,15,1,4,0,0,20,0.75
1750,15,1,4,0,0,20,0.75
1751,16,1,4,0,0,21,0.7619047619047619
1752,13,1,4,1,0,19,0.6842105263157895
1753,17,1,4,1,0,23,0.7391304347826086
1754,13,1,4,0,0,18,0.7222222222222222
1755,15,2,4,1,0,22,0.6818181818181818
1756,15,1,4,0,0,20,0.75
1757,14,1,4,0,0,19,0.7368421052631579
1758,13,1,4,0,0,18,0.7222222222222222
1759,13,2,4,0,0,19,0.6842105263157895
1760,14,1,4,0,0,19,0.7368421052631579
1761,13,1,4,0,0,18,0.7222222222222222
1762,12,1,4,0,0,17,0.7058823529411765
1763,15,2,4,0,0,21,0.7142857142857143
1764,13,1,4,0,0,18,0.7222222222222222
1765,15,1,4,0,0,20,0.75
1766,14,1,4,0,0,19,0.7368421052631579
1767,13,1,4,0,0,18,0.7222222222222222
1768,15,1,4,0,0,20,0.75
1769,16,1,4,0,0,21,0.7619047619047619
1770,14,1,4,0,0,19,0.7368421052631579
1771,15,1,4,1,0,21,0.7142857142857143
1772,13,1,4,0,0,18,0.7222222222222222
1773,12,1,4,0,0,17,0.7058823529411765
1774,14,1,4,1,0,20,0.7
1775,14,1,4,1,0,20,0.7
1776,13,1,4,0,0,18,0.7222222222222222
1777,13,1,4,0,0,18,0.7222222222222222
1778,16,1,4,0,0,21,0.7619047619047619
1779,16,1,4,0,0,21,0.7619047619047619
1780,15,1,4,0,0,20,0.75
1781,14,1,4,1,0,20,0.7
1782,13,1,4,0,0,18,0.7222222222222222
1783,14,1,4,1,0,20,0.7
1784,13,1,4,0,0,18,0.7222222222222222
1785,16,1,4,0,0,21,0.7619047619047619
1786,14,1,2,1,0,18,0.7777777777777778
1787,15,1,4,0,0,20,0.75
1788,13,1,4,0,0,18,0.7222222222222222
1789,13,1,4,1,0,19,0.6842105263157895
1790,16,1,4,0,0,21,0.7619047619047619
1791,16,1,4,0,0,21,0.7619047619047619
1792,14,1,4,1,0,20,0.7
1793,14,1,4,0,0,19,0.7368421052631579
1794,15,1,3,0,0,19,0.7894736842105263
1795,14,2,4,0,0,20,0.7
1796,14,1,4,0,0,19,0.7368421052631579
1797,13,1,4,0,0,18,0.7222222222222222
1798,13,1,4,0,0,18,0.7222222222222222
1799,16,1,3,0,0,20,0.8
1800,12,1,4,0,0,17,0.7058823529411765
1801,16,1,4,0,0,21,0.7619047619047619
1802,14,1,4,0,0,19,0.7368421052631579
1803,17,1,4,0,0,22,0.7727272727272727
1804,15,1,4,0,0,20,0.75
1805,13,1,4,0,0,18,0.7222222222222222
1806,15,1,4,0,0,20,0.75
1807,15,1,4,1,0,21,0.7142857142857143
1808,13,1,4,0,0,18,0.7222222222222222
1809,15,1,3,1,0,20,0.75
1810,16,1,3,0,0,20,0.8
1811,14,1,4,0,0,19,0.7368421052631579
1812,15,1,4,0,0,20,0.75
1813,16,1,4,0,0,21,0.7619047619047619
1814,14,1,4,0,0,19,0.7368421052631579
1815,14,1,4,0,0,19,0.7368421052631579
1816,15,1,4,0,0,20,0.75
1817,14,2,4,0,0,20,0.7
1818,15,1,4,0,0,20,0.75
1819,14,1,4,0,0,19,0.7368421052631579
1820,17,1,4,0,0,22,0.7727272727272727
1821,15,1,4,0,0,20,0.75
1822,13,1,4,1,0,19,0.6842105263157895
1823,13,1,4,0,0,18,0.7222222222222222
1824,14,1,3,1,0,19,0.7368421052631579
1825,14,1,4,0,0,19,0.7368421052631579
1826,15,1,4,0,0,20,0.75
1827,14,1,4,0,0,19,0.7368421052631579
1828,14,2,4,0,0,20,0.7
1829,17,1,4,0,0,22,0.7727272727272727
1830,13,1,4,0,0,18,0.7222222222222222
1831,14,1,4,0,0,19,0.7368421052631579
1832,13,1,4,0,0,18,0.7222222222222222
1833,15,0,4,0,0,19,0.7894736842105263
1834,14,1,4,0,0,19,0.7368421052631579
1835,16,1,4,0,0,21,0.7619047619047619
1836,16,1,4,0,0,21,0.7619047619047619
1837,17,1,4,0,0,22,0.7727272727272727
1838,15,1,4,0,0,20,0.75
1839,15,1,4,0,0,20,0.75
1840,15,1,4,0,0,20,0.75
1841,15,1,4,1,0,21,0.7142857142857143
1842,14,1,4,0,0,19,0.7368421052631579
1843,16,1,4,1,0,22,0.7272727272727273
1844,16,1,4,0,0,21,0.7619047619047619
1845,15,1,4,0,0,20,0.75
1846,16,1,4,0,0,21,0.7619047619047619
1847,14,1,4,0,0,19,0.7368421052631579
1848,15,1,4,0,0,20,0.75
1849,15,1,4,0,0,20,0.75
1850,13,1,4,0,0,18,0.7222222222222222
1851,13,1,4,0,0,18,0.7222222222222222
1852,17,1,4,0,0,22,0.7727272727272727
1853,16,1,4,0,0,21,0.7619047619047619
1854,14,1,4,0,0,19,0.7368421052631579
1855,16,1,4,0,0,21,0.7619047619047619
1856,15,1,4,0,0,20,0.75
1857,15,2,4,0,0,21,0.7142857142857143
1858,17,1,4,1,0,23,0.7391304347826086
1859,16,1,4,0,0,21,0.7619047619047619
1860,14,1,4,0,0,19,0.7368421052631579
1861,14,1,4,0,0,19,0.7368421052631579
1862,15,1,4,0,0,20,0.75
1863,15,1,4,0,0,20,0.75
1864,15,1,4,0,0,20,0.75
1865,15,2,4,0,0,21,0.7142857142857143
1866,17,1,3,0,0,21,0.8095238095238095
1867,15,1,4,0,0,20,0.75
1868,15,1,4,0,0,20,0.75
1869,13,1,4,0,0,18,0.7222222222222222
1870,16,1,4,0,0,21,0.7619047619047619
1871,14,1,4,0,0,19,0.7368421052631579
1872,15,1,4,0,0,20,0.75
1873,14,1,4,0,0,19,0.7368421052631579
1874,16,2,4,0,0,22,0.7272727272727273
1875,14,1,4,0,0,19,0.7368421052631579
1876,16,1,4,0,0,21,0.7619047619047619
1877,13,1,4,0,0,18,0.7222222222222222
1878,13,1,4,0,0,18,0.7222222222222222
1879,14,1,4,0,0,19,0.7368421052631579
1880,15,1,4,0,0,20,0.75
1881,12,1,4,0,0,17,0.7058823529411765
1882,13,1,4,0,0,18,0.7222222222222222
1883,14,1,4,0,0,19,0.7368421052631579
1884,14,1,4,0,0,19,0.7368421052631579
1885,16,1,4,0,0,21,0.7619047619047619
1886,12,1,4,0,0,17,0.7058823529411765
1887,14,1,4,0,0,19,0.7368421052631579
1888,16,1,4,0,0,21,0.7619047619047619
1889,15,1,3,0,0,19,0.7894736842105263
1890,16,1,3,0,0,20,0.8
1891,16,1,4,0,0,21,0.7619047619047619
1892,16,1,4,0,0,21,0.7619047619047619
1893,17,1,4,0,0,22,0.7727272727272727
1894,15,1,4,0,0,20,0.75
1895,14,1,4,0,0,19,0.7368421052631579
1896,14,1,4,0,0,19,0.7368421052631579
1897,12,1,4,0,0,17,0.7058823529411765
1898,14,1,4,0,0,19,0.7368421052631579
1899,14,1,4,0,0,19,0.7368421052631579
1900,15,1,4,1,0,21,0.7142857142857143
1901,13,1,4,1,0,19,0.6842105263157895
1902,15,1,4,1,0,21,0.7142857142857143
1903,13,1,4,0,0,18,0.7222222222222222
1904,14,1,4,1,0,20,0.7
1905,12,1,4,0,0,17,0.7058823529411765
1906,14,1,4,0,0,19,0.7368421052631579
1907,14,1,4,0,0,19,0.7368421052631579
1908,15,1,4,0,0,20,0.75
1909,15,1,4,0,0,20,0.75
1910,15,1,4,0,0,20,0.75
1911,14,1,4,0,0,19,0.7368421052631579
1912,13,1,4,1,0,19,0.6842105263157895
1913,16,1,4,1,0,22,0.7272727272727273
1914,13,1,4,0,0,18,0.7222222222222222
1915,13,1,4,0,0,18,0.7222222222222222
1916,12,1,4,0,0,17,0.7058823529411765
1917,14,2,4,0,0,20,0.7
1918,15,1,4,0,0,20,0.75
1919,15,1,4,0,0,20,0.75
1920,13,1,4,0,0,18,0.7222222222222222
1921,17,1,4,0,0,22,0.7727272727272727
1922,15,1,4,0,0,20,0.75
1923,16,1,4,1,0,22,0.7272727272727273
1924,15,2,4,0,0,21,0.7142857142857143
1925,12,1,4,1,0,18,0.6666666666666666
1926,14,1,4,1,0,20,0.7
1927,14,1,4,0,0,19,0.7368421052631579
1928,15,1,4,1,0,21,0.7142857142857143
1929,15,1,4,1,0,21,0.7142857142857143
1930,16,1,4,0,0,21,0.7619047619047619
1931,15,2,4,0,0,21,0.7142857142857143
1932,15,1,4,1,0,21,0.7142857142857143
1933,15,1,4,0,0,20,0.75
1934,15,1,4,0,0,20,0.75
1935,13,1,4,1,0,19,0.6842105263157895
1936,15,1,4,1,0,21,0.7142857142857143
1937,14,1,4,1,0,20,0.7
1938,14,1,4,0,0,19,0.7368421052631579
1939,13,1,4,0,0,18,0.7222222222222222
1940,14,1,4,0,0,19,0.7368421052631579
1941,13,1,4,0,0,18,0.7222222222222222
1942,15,1,4,0,0,20,0.75
1943,15,1,4,0,0,20,0.75
1944,15,1,4,0,0,20,0.75
1945,13,1,4,1,0,19,0.6842105263157895
1946,15,1,4,1,0,21,0.7142857142857143
1947,15,1,4,1,0,21,0.7142857142857143
1948,15,1,4,1,0,21,0.7142857142857143
1949,14,1,4,0,0,19,0.7368421052631579
1950,13,1,4,0,0,18,0.7222222222222222
1951,14,1,4,0,0,19,0.7368421052631579
1952,13,1,4,1,0,19,0.6842105263157895
1953,16,1,4,0,0,21,0.7619047619047619
1954,15,1,4,0,0,20,0.75
1955,14,1,4,1,0,20,0.7
1956,12,1,4,1,0,18,0.6666666666666666
1957,13,1,4,0,0,18,0.7222222222222222
1958,15,2,4,0,0,21,0.7142857142857143
1959,15,1,4,1,0,21,0.7142857142857143
1960,14,1,4,0,0,19,0.7368421052631579
1961,15,1,4,1,0,21,0.7142857142857143
1962,14,1,4,1,0,20,0.7
1963,16,1,4,1,0,22,0.7272727272727273
1964,15,1,4,1,0,21,0.7142857142857143
1965,15,1,4,1,0,21,0.7142857142857143
1966,14,2,4,0,0,20,0.7
1967,16,2,4,0,0,22,0.7272727272727273
1968,15,1,4,0,0,20,0.75
1969,15,1,4,0,0,20,0.75
1970,15,1,4,1,0,21,0.7142857142857143
1971,15,1,4,0,0,20,0.75
1972,12,1,4,1,0,18,0.6666666666666666
1973,14,1,4,0,0,19,0.7368421052631579
1974,12,1,4,0,0,17,0.7058823529411765
1975,14,1,4,0,0,19,0.7368421052631579
1976,14,1,4,0,0,19,0.7368421052631579
1977,14,1,4,1,0,20,0.7
1978,14,1,4,1,0,20,0.7
1979,14,1,4,1,0,20,0.7
1980,14,1,4,0,0,19,0.7368421052631579
1981,12,1,4,0,0,17,0.7058823529411765
1982,13,1,4,1,0,19,0.6842105263157895
1983,14,1,4,0,0,19,0.7368421052631579
1984,12,1,4,0,0,17,0.7058823529411765
1985,15,1,4,0,0,20,0.75
1986,15,1,4,0,0,20,0.75
1987,13,1,4,1,0,19,0.6842105263157895
1988,15,1,4,1,0,21,0.7142857142857143
1989,14,1,4,0,0,19,0.7368421052631579
1990,13,1,4,0,0,18,0.7222222222222222
1991,14,1,4,1,0,20,0.7
1992,13,1,4,0,0,18,0.7222222222222222
1993,15,1,4,1,0,21,0.7142857142857143
1994,15,1,4,0,0,20,0.75
1995,13,1,4,1,0,19,0.6842105263157895
1996,16,1,4,0,0,21,0.7619047619047619
1997,16,1,4,1,0,22,0.7272727272727273
1998,11,2,4,0,0,17,0.6470588235294118
1999,14,1,4,0,0,19,0.7368421052631579
2000,16,1,4,0,0,21,0.7619047619047619
2001,13,1,4,0,0,18,0.7222222222222222
2002,14,1,4,0,0,19,0.7368421052631579
2003,12,1,4,0,0,17,0.7058823529411765
2004,13,1,4,0,0,18,0.7222222222222222
2005,12,1,4,0,0,17,0.7058823529411765
2006,13,1,4,0,0,18,0.7222222222222222
2007,13,1,4,0,0,18,0.7222222222222222
2008,13,1,4,0,0,18,0.7222222222222222
2009,14,1,4,0,0,19,0.7368421052631579
2010,13,1,4,0,0,18,0.7222222222222222
2011,14,1,4,0,0,19,0.7368421052631579
2012,15,1,4,0,0,20,0.75
2013,14,1,4,0,0,19,0.7368421052631579
2014,11,1,4,0,0,16,0.6875
2015,11,1,4,0,0,16,0.6875
2016,12,1,4,0,0,17,0.7058823529411765
2017,14,1,4,0,0,19,0.7368421052631579
2018,13,1,4,0,0,18,0.7222222222222222
2019,14,1,4,1,0,20,0.7
2020,15,1,4,1,0,21,0.7142857142857143
2021,14,1,4,0,0,19,0.7368421052631579
2022,15,1,4,0,0,20,0.75
2023,14,1,4,0,0,19,0.7368421052631579
2024,15,1,4,0,0,20,0.75
2025,14,1,4,1,0,20,0.7
2026,15,2,4,0,0,21,0.7142857142857143
2027,15,1,3,1,0,20,0.75
2028,14,1,4,0,0,19,0.7368421052631579
2029,13,1,4,0,0,18,0.7222222222222222
2030,17,2,4,0,0,23,0.7391304347826086
2031,15,1,4,0,0,20,0.75
2032,12,1,4,1,0,18,0.6666666666666666
2033,15,1,4,1,0,21,0.7142857142857143
2034,13,1,4,0,0,18,0.7222222222222222
2035,14,1,3,0,0,18,0.7777777777777778
2036,15,1,3,1,0,20,0.75
2037,14,1,3,1,0,19,0.7368421052631579
2038,11,1,3,0,0,15,0.7333333333333333
2039,13,1,4,0,0,18,0.7222222222222222
2040,14,1,4,1,0,20,0.7
2041,14,1,4,0,0,19,0.7368421052631579
2042,15,1,3,0,0,19,0.7894736842105263
2043,14,1,4,1,0,20,0.7
2044,15,1,4,1,0,21,0.7142857142857143
2045,14,1,4,1,0,20,0.7
2046,15,1,3,0,0,19,0.7894736842105263
2047,15,1,3,1,0,20,0.75
2048,14,1,4,1,0,20,0.7
2049,16,2,4,1,0,23,0.6956521739130435
2050,14,1,3,1,0,19,0.7368421052631579
2051,16,1,3,1,0,21,0.7619047619047619
2052,13,1,3,1,0,18,0.7222222222222222
2053,14,1,3,0,0,18,0.7777777777777778
2054,12,1,3,1,0,17,0.7058823529411765
2055,16,1,3,0,0,20,0.8
2056,14,1,3,0,0,18,0.7777777777777778
2057,14,1,3,0,0,18,0.7777777777777778
2058,14,1,3,1,0,19,0.7368421052631579
2059,13,1,3,0,0,17,0.7647058823529411
2060,12,1,3,0,0,16,0.75
2061,15,1,3,1,0,20,0.75
2062,13,1,3,0,0,17,0.7647058823529411
2063,14,1,3,0,0,18,0.7777777777777778
2064,15,1,3,0,0,19,0.7894736842105263
2065,14,1,3,1,0,19,0.7368421052631579
2066,13,1,3,0,0,17,0.7647058823529411
2067,15,1,3,0,0,19,0.7894736842105263
2068,15,1,3,1,0,20,0.75
2069,14,1,3,1,0,19,0.7368421052631579
2070,13,1,3,1,0,18,0.7222222222222222
2071,16,1,4,1,0,22,0.7272727272727273
2072,14,1,4,0,0,19,0.7368421052631579
2073,15,1,4,1,0,21,0.7142857142857143
2074,15,1,4,0,0,20,0.75
2075,17,1,3,1,0,22,0.7727272727272727
2076,17,1,3,1,0,22,0.7727272727272727
2077,12,1,4,0,0,17,0.7058823529411765
2078,14,1,3,1,0,19,0.7368421052631579
2079,15,1,3,1,0,20,0.75
2080,15,1,3,1,0,20,0.75
2081,16,1,3,0,0,20,0.8
2082,15,1,3,0,0,19,0.7894736842105263
2083,13,1,4,0,0,18,0.7222222222222222
2084,16,1,3,0,0,20,0.8
2085,13,1,4,1,0,19,0.6842105263157895
2086,16,1,4,1,0,22,0.7272727272727273
2087,17,1,3,1,0,22,0.7727272727272727
2088,15,1,3,0,0,19,0.7894736842105263
2089,16,1,3,0,0,20,0.8
2090,16,1,4,0,0,21,0.7619047619047619
2091,14,1,4,1,0,20,0.7
2092,16,1,3,0,0,20,0.8
2093,15,1,3,1,0,20,0.75
2094,13,1,4,0,0,18,0.7222222222222222
2095,16,1,4,0,0,21,0.7619047619047619
2096,15,1,4,1,0,21,0.7142857142857143
2097,15,1,4,0,0,20,0.75
2098,16,1,4,0,0,21,0.7619047619047619
2099,13,1,4,0,0,18,0.7222222222222222
2100,14,1,4,1,0,20,0.7
2101,16,1,4,0,0,21,0.7619047619047619
2102,17,1,4,1,0,23,0.7391304347826086
2103,16,1,4,0,0,21,0.7619047619047619
2104,15,1,4,1,0,21,0.7142857142857143
2105,15,1,3,1,0,20,0.75
2106,14,1,3,0,0,18,0.7777777777777778
2107,13,1,3,0,0,17,0.7647058823529411
2108,14,1,3,1,0,19,0.7368421052631579
2109,14,1,3,0,0,18,0.7777777777777778
2110,14,1,4,1,0,20,0.7
2111,15,1,4,0,0,20,0.75
2112,17,1,3,0,0,21,0.8095238095238095
2113,14,1,4,0,0,19,0.7368421052631579
2114,14,1,4,0,0,19,0.7368421052631579
2115,15,1,4,0,0,20,0.75
2116,14,1,4,0,0,19,0.7368421052631579
2117,14,1,4,1,0,20,0.7
2118,17,1,4,0,0,22,0.7727272727272727
2119,14,1,2,0,0,17,0.8235294117647058
2120,14,1,4,0,0,19,0.7368421052631579
2121,14,1,3,0,0,18,0.7777777777777778
2122,17,1,4,1,0,23,0.7391304347826086
2123,17,1,4,1,0,23,0.7391304347826086
2124,13,1,4,1,0,19,0.6842105263157895
2125,16,1,4,0,0,21,0.7619047619047619
2126,16,1,3,0,0,20,0.8
2127,17,1,3,1,0,22,0.7727272727272727
2128,15,1,3,0,0,19,0.7894736842105263
2129,14,1,3,0,0,18,0.7777777777777778
2130,14,1,3,0,0,18,0.7777777777777778
2131,16,2,3,0,0,21,0.7619047619047619
2132,14,1,4,0,0,19,0.7368421052631579
2133,15,1,4,0,0,20,0.75
2134,14,1,3,1,0,19,0.7368421052631579
2135,13,1,4,1,0,19,0.6842105263157895
2136,16,1,4,0,0,21,0.7619047619047619
2137,16,1,4,0,0,21,0.7619047619047619
2138,14,1,3,1,0,19,0.7368421052631579
2139,15,1,4,0,0,20,0.75
2140,14,1,4,0,0,19,0.7368421052631579
2141,15,1,4,0,0,20,0.75
2142,15,1,4,0,0,20,0.75
2143,15,2,3,0,0,20,0.75
2144,16,1,4,0,0,21,0.7619047619047619
2145,14,1,3,0,0,18,0.7777777777777778
2146,13,1,3,1,0,18,0.7222222222222222
2147,12,1,3,0,0,16,0.75
2148,15,1,4,0,0,20,0.75
2149,16,1,3,0,0,20,0.8
2150,14,1,3,0,0,18,0.7777777777777778
2151,11,1,4,1,0,17,0.6470588235294118
2152,12,1,3,1,0,17,0.7058823529411765
2153,16,1,3,1,0,21,0.7619047619047619
2154,13,1,4,0,0,18,0.7222222222222222
2155,17,1,4,0,0,22,0.7727272727272727
2156,13,1,4,0,0,18,0.7222222222222222
2157,15,1,4,0,0,20,0.75
2158,13,1,3,1,0,18,0.7222222222222222
2159,13,1,4,0,0,18,0.7222222222222222
2160,13,1,4,0,0,18,0.7222222222222222
2161,15,1,4,0,0,20,0.75
2162,15,1,4,1,0,21,0.7142857142857143
2163,15,1,3,0,0,19,0.7894736842105263
2164,15,1,4,0,0,20,0.75
2165,14,1,4,1,0,20,0.7
2166,16,1,3,0,0,20,0.8
2167,14,0,3,0,0,17,0.8235294117647058
2168,16,1,3,0,0,20,0.8
2169,14,1,4,0,0,19,0.7368421052631579
2170,14,1,4,0,0,19,0.7368421052631579
2171,15,1,4,0,0,20,0.75
2172,15,2,3,0,0,20,0.75
2173,14,1,4,1,0,20,0.7
2174,12,1,4,1,0,18,0.6666666666666666
2175,15,1,3,0,0,19,0.7894736842105263
2176,15,1,3,0,0,19,0.7894736842105263
2177,14,1,4,0,0,19,0.7368421052631579
2178,17,1,4,0,0,22,0.7727272727272727
2179,13,1,4,0,0,18,0.7222222222222222
2180,13,1,3,1,0,18,0.7222222222222222
2181,13,1,3,0,0,17,0.7647058823529411
2182,13,1,3,0,0,17,0.7647058823529411
2183,14,1,3,0,0,18,0.7777777777777778
2184,14,1,4,0,0,19,0.7368421052631579
2185,13,1,4,0,0,18,0.7222222222222222
2186,15,1,3,1,0,20,0.75
2187,11,1,4,0,0,16,0.6875
2188,14,1,4,0,0,19,0.7368421052631579
2189,14,1,3,0,0,18,0.7777777777777778
2190,15,1,4,0,0,20,0.75
2191,15,1,3,0,0,19,0.7894736842105263
2192,12,1,3,0,0,16,0.75
2193,15,1,3,0,0,19,0.7894736842105263
2194,16,1,4,0,0,21,0.7619047619047619
2195,13,1,3,0,0,17,0.7647058823529411
2196,15,1,3,0,0,19,0.7894736842105263
2197,14,1,4,0,0,19,0.7368421052631579
2198,16,1,4,0,0,21,0.7619047619047619
2199,15,1,4,0,0,20,0.75
2200,16,1,3,0,0,20,0.8
2201,15,1,3,0,0,19,0.7894736842105263
2202,14,1,3,1,0,19,0.7368421052631579
2203,14,1,4,0,0,19,0.7368421052631579
2204,14,1,4,1,0,20,0.7
2205,14,1,4,0,0,19,0.7368421052631579
2206,15,1,3,0,0,19,0.7894736842105263
2207,15,1,3,0,0,19,0.7894736842105263
2208,15,1,4,0,0,20,0.75
2209,14,1,4,0,0,19,0.7368421052631579
2210,16,1,4,1,0,22,0.7272727272727273
2211,16,2,4,1,0,23,0.6956521739130435
2212,15,1,4,1,0,21,0.7142857142857143
2213,15,1,3,1,0,20,0.75
2214,16,1,4,0,0,21,0.7619047619047619
2215,16,1,4,0,0,21,0.7619047619047619
2216,15,1,3,0,0,19,0.7894736842105263
2217,15,1,4,0,0,20,0.75
2218,14,1,3,1,0,19,0.7368421052631579
2219,17,1,3,0,0,21,0.8095238095238095
2220,14,1,4,0,0,19,0.7368421052631579
2221,14,1,4,0,0,19,0.7368421052631579
2222,15,1,4,1,0,21,0.7142857142857143
2223,14,1,3,0,0,18,0.7777777777777778
2224,15,1,3,1,0,20,0.75
2225,15,1,4,1,0,21,0.7142857142857143
2226,14,1,3,1,0,19,0.7368421052631579
2227,15,2,4,0,0,21,0.7142857142857143
2228,16,1,3,0,0,20,0.8
2229,15,1,3,0,0,19,0.7894736842105263
2230,14,1,4,0,0,19,0.7368421052631579
2231,16,1,4,0,0,21,0.7619047619047619
2232,15,1,3,1,0,20,0.75
2233,16,1,3,0,0,20,0.8
2234,16,1,3,0,0,20,0.8
2235,15,1,3,0,0,19,0.7894736842105263
2236,16,1,3,0,0,20,0.8
2237,16,1,4,0,0,21,0.7619047619047619
2238,15,1,3,0,0,19,0.7894736842105263
2239,14,1,3,0,0,18,0.7777777777777778
2240,16,1,3,0,0,20,0.8
2241,14,1,4,0,0,19,0.7368421052631579
2242,16,1,4,0,0,21,0.7619047619047619
2243,14,1,4,0,0,19,0.7368421052631579
2244,18,1,3,1,0,23,0.782608695652174
2245,16,1,4,0,0,21,0.7619047619047619
2246,17,1,3,0,0,21,0.8095238095238095
2247,16,1,4,1,0,22,0.7272727272727273
2248,12,1,4,1,0,18,0.6666666666666666
2249,15,1,4,1,0,21,0.7142857142857143
2250,13,1,3,1,0,18,0.7222222222222222
2251,13,1,3,0,0,17,0.7647058823529411
2252,14,1,3,0,0,18,0.7777777777777778
2253,14,1,3,1,0,19,0.7368421052631579
2254,14,1,3,1,0,19,0.7368421052631579
2255,15,1,3,1,0,20,0.75
2256,12,1,3,0,0,16,0.75
2257,13,1,3,1,0,18,0.7222222222222222
2258,14,1,2,1,0,18,0.7777777777777778
2259,13,1,3,1,0,18,0.7222222222222222
2260,15,1,3,0,0,19,0.7894736842105263
2261,16,1,3,1,0,21,0.7619047619047619
2262,15,1,3,1,0,20,0.75
2263,15,1,3,0,0,19,0.7894736842105263
2264,17,1,3,0,0,21,0.8095238095238095
2265,16,1,3,0,0,20,0.8
2266,17,1,3,0,0,21,0.8095238095238095
2267,15,1,3,1,0,20,0.75
2268,16,1,3,0,0,20,0.8
2269,16,1,2,0,0,19,0.8421052631578947
2270,15,1,3,0,0,19,0.7894736842105263
2271,15,2,3,0,0,20,0.75
2272,16,1,3,1,0,21,0.7619047619047619
2273,16,1,3,0,0,20,0.8
2274,15,2,3,0,0,20,0.75
2275,16,1,3,0,0,20,0.8
2276,17,1,3,0,0,21,0.8095238095238095
2277,17,2,3,0,0,22,0.7727272727272727
2278,14,1,3,1,0,19,0.7368421052631579
2279,16,1,3,0,0,20,0.8
2280,14,1,3,0,0,18,0.7777777777777778
2281,15,1,3,1,0,20,0.75
2282,12,1,3,1,0,17,0.7058823529411765
2283,16,1,2,0,0,19,0.8421052631578947
2284,15,1,2,1,0,19,0.7894736842105263
2285,16,1,3,1,0,21,0.7619047619047619
2286,15,1,2,0,0,18,0.8333333333333334
2287,16,1,3,1,0,21,0.7619047619047619
2288,15,2,3,0,0,20,0.75
2289,14,1,2,1,0,18,0.7777777777777778
2290,13,1,3,0,0,17,0.7647058823529411
2291,13,1,3,1,0,18,0.7222222222222222
2292,15,1,3,0,0,19,0.7894736842105263
2293,15,1,3,1,0,20,0.75
2294,13,1,3,1,0,18,0.7222222222222222
2295,14,1,3,1,0,19,0.7368421052631579
2296,13,1,3,1,0,18,0.7222222222222222
2297,13,1,4,0,0,18,0.7222222222222222
2298,12,1,4,0,0,17,0.7058823529411765
2299,13,1,3,0,0,17,0.7647058823529411
2300,13,1,2,0,0,16,0.8125
2301,14,1,3,1,0,19,0.7368421052631579
2302,14,1,3,1,0,19,0.7368421052631579
2303,12,2,3,0,0,17,0.7058823529411765
2304,15,1,3,0,0,19,0.7894736842105263
2305,13,1,3,0,0,17,0.7647058823529411
2306,16,1,3,0,0,20,0.8
2307,14,1,3,1,0,19,0.7368421052631579
2308,13,1,3,1,0,18,0.7222222222222222
2309,15,2,3,0,0,20,0.75
2310,15,1,3,0,0,19,0.7894736842105263
2311,13,1,4,1,0,19,0.6842105263157895
2312,12,1,3,1,0,17,0.7058823529411765
2313,15,1,4,0,0,20,0.75
2314,15,2,3,0,0,20,0.75
2315,14,2,3,1,0,20,0.7
2316,14,1,3,0,0,18,0.7777777777777778
2317,14,1,3,0,0,18,0.7777777777777778
2318,13,1,3,1,0,18,0.7222222222222222
2319,12,1,3,0,0,16,0.75
2320,14,1,3,1,0,19,0.7368421052631579
2321,14,2,3,1,0,20,0.7
2322,14,1,3,0,0,18,0.7777777777777778
2323,14,1,3,1,0,19,0.7368421052631579
2324,14,1,3,1,0,19,0.7368421052631579
2325,17,1,3,0,0,21,0.8095238095238095
2326,15,1,3,1,0,20,0.75
2327,13,1,3,1,0,18,0.7222222222222222
2328,13,1,3,1,0,18,0.7222222222222222
2329,13,1,3,0,0,17,0.7647058823529411
2330,15,1,3,0,0,19,0.7894736842105263
2331,14,1,2,0,0,17,0.8235294117647058
2332,15,1,3,0,0,19,0.7894736842105263
2333,14,1,3,0,0,18,0.7777777777777778
2334,16,2,3,0,0,21,0.7619047619047619
2335,14,1,3,1,0,19,0.7368421052631579
2336,16,1,3,0,0,20,0.8
2337,15,1,3,0,0,19,0.7894736842105263
2338,16,1,3,0,0,20,0.8
2339,14,1,3,0,0,18,0.7777777777777778
2340,14,1,2,0,0,17,0.8235294117647058
2341,15,1,3,0,0,19,0.7894736842105263
2342,14,1,3,0,0,18,0.7777777777777778
2343,15,1,3,1,0,20,0.75
2344,13,1,3,1,0,18,0.7222222222222222
2345,14,1,3,1,0,19,0.7368421052631579
2346,17,1,3,0,0,21,0.8095238095238095
2347,16,1,3,1,0,21,0.7619047619047619
2348,16,1,3,1,0,21,0.7619047619047619
2349,16,1,3,0,0,20,0.8
2350,15,1,3,1,0,20,0.75
2351,15,1,3,0,0,19,0.7894736842105263
2352,15,1,3,1,0,20,0.75
2353,16,1,3,1,0,21,0.7619047619047619
2354,14,1,3,0,0,18,0.7777777777777778
2355,16,1,3,0,0,20,0.8
2356,16,1,3,0,0,20,0.8
2357,13,1,3,0,0,17,0.7647058823529411
2358,13,1,3,0,0,17,0.7647058823529411
2359,16,1,3,0,0,20,0.8
2360,14,1,3,0,0,18,0.7777777777777778
2361,14,1,3,0,0,18,0.7777777777777778
2362,15,1,3,0,0,19,0.7894736842105263
2363,13,1,2,0,0,16,0.8125
2364,15,1,3,0,0,19,0.7894736842105263
2365,14,1,3,1,0,19,0.7368421052631579
2366,14,1,3,0,0,18,0.7777777777777778
2367,16,1,3,0,0,20,0.8
2368,15,1,3,0,0,19,0.7894736842105263
2369,14,1,3,1,0,19,0.7368421052631579
2370,15,1,3,0,0,19,0.7894736842105263
2371,13,1,3,0,0,17,0.7647058823529411
2372,14,1,3,1,0,19,0.7368421052631579
2373,13,1,3,1,0,18,0.7222222222222222
2374,12,1,3,1,0,17,0.7058823529411765
2375,15,1,3,1,0,20,0.75
2376,13,1,3,1,0,18,0.7222222222222222
2377,11,1,3,1,0,16,0.6875
2378,13,1,3,1,0,18,0.7222222222222222
2379,13,1,3,1,0,18,0.7222222222222222
2380,12,1,3,0,0,16,0.75
2381,11,1,4,1,0,17,0.6470588235294118
2382,15,1,3,0,0,19,0.7894736842105263
2383,12,1,3,0,0,16,0.75
2384,14,1,4,0,0,19,0.7368421052631579
2385,15,2,3,0,0,20,0.75
2386,16,1,3,0,0,20,0.8
2387,16,1,3,0,0,20,0.8
2388,14,1,3,1,0,19,0.7368421052631579
2389,15,1,3,0,0,19,0.7894736842105263
2390,16,1,3,0,0,20,0.8
2391,14,1,3,0,0,18,0.7777777777777778
2392,12,1,3,0,0,16,0.75
2393,14,1,3,1,0,19,0.7368421052631579
2394,15,1,3,1,0,20,0.75
2395,15,1,3,1,0,20,0.75
2396,14,1,3,0,0,18,0.7777777777777778
2397,15,1,3,0,0,19,0.7894736842105263
2398,15,1,3,1,0,20,0.75
2399,16,1,3,0,0,20,0.8
2400,16,1,3,0,0,20,0.8
2401,15,1,3,0,0,19,0.7894736842105263
2402,14,1,3,1,0,19,0.7368421052631579
2403,15,1,4,1,0,21,0.7142857142857143
2404,17,1,4,1,0,23,0.7391304347826086
2405,13,1,3,1,0,18,0.7222222222222222
2406,15,1,3,1,0,20,0.75
2407,15,1,2,0,0,18,0.8333333333333334
2408,14,1,3,0,0,18,0.7777777777777778
2409,14,1,3,1,0,19,0.7368421052631579
2410,13,1,3,0,0,17,0.7647058823529411
2411,14,1,4,0,0,19,0.7368421052631579
2412,16,1,3,1,0,21,0.7619047619047619
2413,14,1,3,0,0,18,0.7777777777777778
2414,14,2,4,0,0,20,0.7
2415,14,1,3,0,0,18,0.7777777777777778
2416,13,1,4,0,0,18,0.7222222222222222
2417,13,2,3,1,0,19,0.6842105263157895
2418,15,1,3,1,0,20,0.75
2419,16,1,4,1,0,22,0.7272727272727273
2420,14,1,3,0,0,18,0.7777777777777778
2421,13,1,3,1,0,18,0.7222222222222222
2422,16,1,3,1,0,21,0.7619047619047619
2423,15,1,3,0,0,19,0.7894736842105263
2424,13,3,3,1,0,20,0.65
2425,14,3,3,1,0,21,0.6666666666666666
2426,15,2,3,1,0,21,0.7142857142857143
2427,14,1,3,1,0,19,0.7368421052631579
2428,13,2,3,0,0,18,0.7222222222222222
2429,13,2,3,1,0,19,0.6842105263157895
2430,14,3,3,0,0,20,0.7
2431,13,3,3,1,0,20,0.65
2432,14,3,3,0,0,20,0.7
2433,13,3,3,0,0,19,0.6842105263157895
2434,14,3,3,0,0,20,0.7
2435,12,2,3,0,0,17,0.7058823529411765
2436,14,3,3,0,0,20,0.7
2437,12,3,3,1,0,19,0.631578947368421
2438,14,4,3,0,0,21,0.6666666666666666
2439,14,4,3,1,0,22,0.6363636363636364
2440,14,1,3,1,0,19,0.7368421052631579
2441,14,2,3,1,0,20,0.7
2442,12,2,3,1,0,18,0.6666666666666666
2443,12,2,3,1,0,18,0.6666666666666666
2444,13,1,3,1,0,18,0.7222222222222222
2445,13,2,3,1,0,19,0.6842105263157895
2446,13,2,3,1,0,19,0.6842105263157895
2447,13,2,3,0,0,18,0.7222222222222222
2448,14,1,3,0,0,18,0.7777777777777778
2449,12,2,3,1,0,18,0.6666666666666666
2450,13,2,3,1,0,19,0.6842105263157895
2451,13,1,3,1,0,18,0.7222222222222222
2452,14,2,3,1,0,20,0.7
2453,12,2,3,1,0,18,0.6666666666666666
2454,14,2,3,1,0,20,0.7
2455,14,2,3,1,0,20,0.7
2456,12,2,3,1,0,18,0.6666666666666666
2457,12,2,3,1,0,18,0.6666666666666666
2458,14,1,3,1,0,19,0.7368421052631579
2459,13,2,3,1,0,19,0.6842105263157895
2460,13,3,3,0,0,19,0.6842105263157895
2461,13,2,3,0,0,18,0.7222222222222222
2462,15,3,3,0,0,21,0.7142857142857143
2463,14,3,3,0,0,20,0.7
2464,13,3,3,0,0,19,0.6842105263157895
2465,13,2,3,0,0,18,0.7222222222222222
2466,14,3,4,1,0,22,0.6363636363636364
2467,15,2,3,1,0,21,0.7142857142857143
2468,14,3,3,0,0,20,0.7
2469,14,3,3,1,0,21,0.6666666666666666
2470,14,3,3,1,0,21,0.6666666666666666
2471,14,3,3,1,0,21,0.6666666666666666
2472,14,3,3,1,0,21,0.6666666666666666
2473,14,2,4,0,0,20,0.7
2474,13,2,3,0,0,18,0.7222222222222222
2475,13,2,3,1,0,19,0.6842105263157895
2476,15,3,3,0,0,21,0.7142857142857143
2477,16,2,3,0,0,21,0.7619047619047619
2478,14,3,3,1,0,21,0.6666666666666666
2479,14,3,3,1,0,21,0.6666666666666666
2480,15,3,3,0,0,21,0.7142857142857143
2481,15,3,3,0,0,21,0.7142857142857143
2482,14,3,3,1,0,21,0.6666666666666666
2483,14,2,3,1,0,20,0.7
2484,13,3,3,1,0,20,0.65
2485,14,3,3,0,0,20,0.7
2486,14,3,3,0,0,20,0.7
2487,14,2,3,1,0,20,0.7
2488,13,1,3,0,0,17,0.7647058823529411
2489,15,3,3,1,0,22,0.6818181818181818
2490,15,3,3,1,0,22,0.6818181818181818
2491,15,3,3,0,0,21,0.7142857142857143
2492,13,2,3,0,0,18,0.7222222222222222
2493,14,3,3,1,0,21,0.6666666666666666
2494,13,3,3,0,0,19,0.6842105263157895
2495,14,3,3,1,0,21,0.6666666666666666
2496,14,3,3,1,0,21,0.6666666666666666
2497,15,3,3,1,0,22,0.6818181818181818
2498,14,3,3,0,0,20,0.7
2499,14,3,3,0,0,20,0.7
2500,14,3,3,1,0,21,0.6666666666666666
2501,14,2,3,1,0,20,0.7
2502,13,3,3,0,0,19,0.6842105263157895
2503,15,3,3,1,0,22,0.6818181818181818
2504,14,3,3,1,0,21,0.6666666666666666
2505,14,2,3,0,0,19,0.7368421052631579
2506,15,3,3,1,0,22,0.6818181818181818
2507,14,2,3,0,0,19,0.7368421052631579
2508,14,3,3,0,0,20,0.7
2509,15,3,3,0,0,21,0.7142857142857143
2510,14,2,3,1,0,20,0.7
2511,14,3,3,0,0,20,0.7
2512,14,3,3,0,0,20,0.7
2513,14,3,3,0,0,20,0.7
2514,10,3,3,1,0,17,0.5882352941176471
2515,12,3,3,0,0,18,0.6666666666666666
2516,14,3,3,1,0,21,0.6666666666666666
2517,14,3,3,1,0,21,0.6666666666666666
2518,15,3,3,1,0,22,0.6818181818181818
2519,15,3,3,0,0,21,0.7142857142857143
2520,14,3,3,0,0,20,0.7
2521,12,3,3,0,0,18,0.6666666666666666
2522,15,2,3,0,0,20,0.75
2523,13,3,3,1,0,20,0.65
2524,14,3,3,1,0,21,0.6666666666666666
2525,14,3,3,0,0,20,0.7
2526,15,3,3,1,0,22,0.6818181818181818
2527,12,2,3,0,0,17,0.7058823529411765
2528,12,2,3,1,0,18,0.6666666666666666
2529,13,3,3,0,0,19,0.6842105263157895
2530,12,2,3,1,0,18,0.6666666666666666
2531,15,3,3,0,0,21,0.7142857142857143
2532,14,3,3,0,0,20,0.7
2533,14,3,3,0,0,20,0.7
2534,12,2,3,0,0,17,0.7058823529411765
2535,13,3,3,0,0,19,0.6842105263157895
2536,14,3,3,1,0,21,0.6666666666666666
2537,14,3,3,0,0,20,0.7
2538,13,3,3,1,0,20,0.65
2539,14,3,3,1,0,21,0.6666666666666666
2540,14,3,3,0,0,20,0.7
2541,13,3,3,0,0,19,0.6842105263157895
2542,15,3,3,0,0,21,0.7142857142857143
2543,14,3,3,0,0,20,0.7
2544,14,3,3,0,0,20,0.7
2545,13,3,3,0,0,19,0.6842105263157895
2546,13,3,4,0,0,20,0.65
2547,14,2,3,0,0,19,0.7368421052631579
2548,14,3,3,0,0,20,0.7
2549,13,2,3,0,0,18,0.7222222222222222
2550,14,3,3,1,0,21,0.6666666666666666
2551,14,2,3,1,0,20,0.7
2552,14,3,3,1,0,21,0.6666666666666666
2553,13,2,3,1,0,19,0.6842105263157895
2554,14,2,3,0,0,19,0.7368421052631579
2555,13,2,3,0,0,18,0.7222222222222222
2556,14,2,3,0,0,19,0.7368421052631579
2557,14,2,3,1,0,20,0.7
2558,13,2,3,0,0,18,0.7222222222222222
2559,14,2,3,0,0,19,0.7368421052631579
2560,12,2,3,0,0,17,0.7058823529411765
2561,14,2,3,1,0,20,0.7
2562,13,3,3,1,0,20,0.65
2563,13,3,3,0,0,19,0.6842105263157895
2564,13,1,3,1,0,18,0.7222222222222222
2565,14,2,3,1,0,20,0.7
2566,14,3,3,1,0,21,0.6666666666666666
2567,13,1,3,1,0,18,0.7222222222222222
2568,14,2,3,1,0,20,0.7
2569,14,2,4,1,0,21,0.6666666666666666
2570,14,2,3,1,0,20,0.7
2571,15,2,3,1,0,21,0.7142857142857143
2572,13,2,3,1,0,19,0.6842105263157895
2573,14,3,3,0,0,20,0.7
2574,15,2,3,1,0,21,0.7142857142857143
2575,13,3,3,0,0,19,0.6842105263157895
2576,14,3,3,1,0,21,0.6666666666666666
2577,15,2,3,1,0,21,0.7142857142857143
2578,14,2,3,0,0,19,0.7368421052631579
2579,12,2,3,0,0,17,0.7058823529411765
2580,14,2,3,1,0,20,0.7
2581,14,3,3,1,0,21,0.6666666666666666
2582,14,3,3,0,0,20,0.7
2583,12,2,3,0,0,17,0.7058823529411765
2584,14,2,3,1,0,20,0.7
2585,14,2,3,0,0,19,0.7368421052631579
2586,14,3,3,1,0,21,0.6666666666666666
2587,12,3,3,1,0,19,0.631578947368421
2588,14,3,3,0,0,20,0.7
2589,15,3,3,0,0,21,0.7142857142857143
2590,14,2,3,0,0,19,0.7368421052631579
2591,15,3,3,1,0,22,0.6818181818181818
2592,12,2,3,0,0,17,0.7058823529411765
2593,14,3,3,1,0,21,0.6666666666666666
2594,14,2,3,0,0,19,0.7368421052631579
2595,14,2,3,0,0,19,0.7368421052631579
2596,15,2,3,0,0,20,0.75
2597,14,3,3,0,0,20,0.7
2598,14,3,4,0,0,21,0.6666666666666666
2599,14,3,3,1,0,21,0.6666666666666666
2600,14,3,3,0,0,20,0.7
2601,14,2,4,1,0,21,0.6666666666666666
2602,14,2,3,0,0,19,0.7368421052631579
2603,13,3,3,1,0,20,0.65
2604,14,2,3,0,0,19,0.7368421052631579
2605,14,2,3,0,0,19,0.7368421052631579
2606,14,2,3,1,0,20,0.7
2607,13,3,3,0,0,19,0.6842105263157895
2608,15,2,3,1,0,21,0.7142857142857143
2609,14,3,3,1,0,21,0.6666666666666666
2610,15,2,3,1,0,21,0.7142857142857143
2611,14,3,3,0,0,20,0.7
2612,14,3,3,0,0,20,0.7
2613,14,3,3,0,0,20,0.7
2614,14,3,3,0,0,20,0.7
2615,14,3,3,0,0,20,0.7
2616,14,3,3,1,0,21,0.6666666666666666
2617,14,3,3,0,0,20,0.7
2618,13,3,3,1,0,20,0.65
2619,13,2,3,1,0,19,0.6842105263157895
2620,14,3,3,1,0,21,0.6666666666666666
2621,14,3,3,1,0,21,0.6666666666666666
2622,14,3,3,1,0,21,0.6666666666666666
2623,14,3,3,1,0,21,0.6666666666666666
2624,14,3,3,1,0,21,0.6666666666666666
2625,15,3,3,1,0,22,0.6818181818181818
2626,14,3,3,1,0,21,0.6666666666666666
2627,14,2,3,0,0,19,0.7368421052631579
2628,13,2,3,0,0,18,0.7222222222222222
2629,15,3,3,0,0,21,0.7142857142857143
2630,14,3,3,1,0,21,0.6666666666666666
2631,14,2,3,0,0,19,0.7368421052631579
2632,14,2,3,1,0,20,0.7
2633,14,3,3,0,0,20,0.7
2634,15,2,3,1,0,21,0.7142857142857143
2635,14,3,3,0,0,20,0.7
2636,14,3,4,1,0,22,0.6363636363636364
2637,14,2,3,1,0,20,0.7
2638,15,3,3,0,0,21,0.7142857142857143
2639,14,2,3,0,0,19,0.7368421052631579
2640,15,3,3,1,0,22,0.6818181818181818
2641,14,2,3,1,0,20,0.7
2642,14,3,3,0,0,20,0.7
2643,14,3,3,1,0,21,0.6666666666666666
2644,14,2,3,1,0,20,0.7
2645,13,1,4,0,0,18,0.7222222222222222
2646,15,1,3,1,0,20,0.75
2647,14,1,3,0,0,18,0.7777777777777778
2648,13,2,3,1,0,19,0.6842105263157895
2649,13,1,3,0,0,17,0.7647058823529411
2650,14,1,3,1,0,19,0.7368421052631579
2651,14,1,4,1,0,20,0.7
2652,13,1,4,1,0,19,0.6842105263157895
2653,15,1,4,0,0,20,0.75
2654,12,1,3,0,0,16,0.75
2655,12,1,3,1,0,17,0.7058823529411765
2656,12,1,3,0,0,16,0.75
2657,13,1,3,1,0,18,0.7222222222222222
2658,13,1,3,1,0,18,0.7222222222222222
2659,13,1,3,0,0,17,0.7647058823529411
2660,14,1,3,0,0,18,0.7777777777777778
2661,14,2,3,0,0,19,0.7368421052631579
2662,16,1,3,0,0,20,0.8
2663,14,1,3,0,0,18,0.7777777777777778
2664,15,1,3,0,0,19,0.7894736842105263
2665,15,1,4,0,0,20,0.75
2666,15,1,3,1,0,20,0.75
2667,14,1,3,0,0,18,0.7777777777777778
2668,13,1,4,1,0,19,0.6842105263157895
2669,13,1,3,1,0,18,0.7222222222222222
2670,13,1,3,1,0,18,0.7222222222222222
2671,14,1,3,1,0,19,0.7368421052631579
2672,13,1,3,1,0,18,0.7222222222222222
2673,13,2,4,1,0,20,0.65
2674,14,1,4,0,0,19,0.7368421052631579
2675,14,1,4,1,0,20,0.7
2676,13,1,3,1,0,18,0.7222222222222222
2677,13,1,3,1,0,18,0.7222222222222222
2678,14,1,4,0,0,19,0.7368421052631579
2679,13,2,3,1,0,19,0.6842105263157895
2680,13,1,4,1,0,19,0.6842105263157895
2681,14,2,3,0,0,19,0.7368421052631579
2682,14,1,4,1,0,20,0.7
2683,13,1,4,1,0,19,0.6842105263157895
2684,14,2,4,1,0,21,0.6666666666666666
2685,15,3,3,1,0,22,0.6818181818181818
2686,14,2,3,1,0,20,0.7
2687,13,1,3,1,0,18,0.7222222222222222
2688,15,1,4,1,0,21,0.7142857142857143
2689,14,1,3,1,0,19,0.7368421052631579
2690,14,1,3,1,0,19,0.7368421052631579
2691,15,1,4,1,0,21,0.7142857142857143
2692,13,1,4,1,0,19,0.6842105263157895
2693,14,1,4,0,0,19,0.7368421052631579
2694,13,1,4,0,0,18,0.7222222222222222
2695,14,1,4,0,0,19,0.7368421052631579
2696,14,1,4,0,0,19,0.7368421052631579
2697,12,1,4,0,0,17,0.7058823529411765
2698,14,1,4,0,0,19,0.7368421052631579
2699,13,1,4,0,0,18,0.7222222222222222
2700,15,1,4,0,0,20,0.75
2701,13,1,4,0,0,18,0.7222222222222222
2702,14,1,4,0,0,19,0.7368421052631579
2703,14,1,4,0,0,19,0.7368421052631579
2704,12,1,3,1,0,17,0.7058823529411765
2705,12,1,4,0,0,17,0.7058823529411765
2706,14,1,3,1,0,19,0.7368421052631579
2707,12,1,4,1,0,18,0.6666666666666666
2708,15,1,4,0,0,20,0.75
2709,14,1,3,0,0,18,0.7777777777777778
2710,14,1,3,0,0,18,0.7777777777777778
2711,14,1,3,1,0,19,0.7368421052631579
2712,13,1,4,0,0,18,0.7222222222222222
2713,14,1,3,1,0,19,0.7368421052631579
2714,15,1,4,0,0,20,0.75
2715,13,1,3,1,0,18,0.7222222222222222
2716,13,1,4,1,0,19,0.6842105263157895
2717,14,1,3,0,0,18,0.7777777777777778
2718,14,1,3,0,0,18,0.7777777777777778
2719,13,1,3,1,0,18,0.7222222222222222
2720,14,1,4,1,0,20,0.7
2721,13,1,3,1,0,18,0.7222222222222222
2722,13,1,3,0,0,17,0.7647058823529411
2723,12,1,3,0,0,16,0.75
2724,14,1,4,0,0,19,0.7368421052631579
2725,15,1,4,1,0,21,0.7142857142857143
2726,15,1,3,0,0,19,0.7894736842105263
2727,13,1,3,1,0,18,0.7222222222222222
2728,15,1,3,0,0,19,0.7894736842105263
2729,14,1,3,1,0,19,0.7368421052631579
2730,14,1,3,0,0,18,0.7777777777777778
2731,14,1,3,0,0,18,0.7777777777777778
2732,14,1,3,0,0,18,0.7777777777777778
2733,14,1,3,0,0,18,0.7777777777777778
2734,12,1,4,0,0,17,0.7058823529411765
2735,13,1,4,0,0,18,0.7222222222222222
2736,12,1,4,1,0,18,0.6666666666666666
2737,13,1,4,0,0,18,0.7222222222222222
2738,14,1,3,0,0,18,0.7777777777777778
2739,12,1,3,0,0,16,0.75
2740,13,1,3,0,0,17,0.7647058823529411
2741,14,2,4,1,0,21,0.6666666666666666
2742,13,1,3,1,0,18,0.7222222222222222
2743,13,1,3,0,0,17,0.7647058823529411
2744,14,1,3,0,0,18,0.7777777777777778
2745,14,1,3,0,0,18,0.7777777777777778
2746,14,1,3,0,0,18,0.7777777777777778
2747,13,1,3,0,0,17,0.7647058823529411
2748,14,2,3,0,0,19,0.7368421052631579
2749,13,1,4,0,0,18,0.7222222222222222
2750,14,1,4,0,0,19,0.7368421052631579
2751,14,1,4,0,0,19,0.7368421052631579
2752,13,1,4,0,0,18,0.7222222222222222
2753,14,1,4,0,0,19,0.7368421052631579
2754,14,1,4,0,0,19,0.7368421052631579
2755,14,1,3,1,0,19,0.7368421052631579
2756,14,1,4,1,0,20,0.7
2757,13,1,4,0,0,18,0.7222222222222222
2758,14,1,3,1,0,19,0.7368421052631579
2759,13,1,3,1,0,18,0.7222222222222222
2760,13,1,3,0,0,17,0.7647058823529411
2761,13,2,3,1,0,19,0.6842105263157895
2762,13,1,3,0,0,17,0.7647058823529411
2763,14,1,3,0,0,18,0.7777777777777778
2764,13,1,3,0,0,17,0.7647058823529411
2765,17,1,3,0,0,21,0.8095238095238095
2766,12,1,2,0,0,15,0.8
2767,16,1,3,0,0,20,0.8
2768,16,1,3,0,0,20,0.8
2769,13,1,4,0,0,18,0.7222222222222222
2770,13,1,3,0,0,17,0.7647058823529411
2771,12,1,3,0,0,16,0.75
2772,14,1,4,0,0,19,0.7368421052631579
2773,13,1,4,1,0,19,0.6842105263157895
2774,14,1,4,0,0,19,0.7368421052631579
2775,13,1,4,1,0,19,0.6842105263157895
2776,11,1,3,0,0,15,0.7333333333333333
2777,14,1,4,0,0,19,0.7368421052631579
2778,15,1,4,0,0,20,0.75
2779,15,1,3,1,0,20,0.75
2780,15,1,3,0,0,19,0.7894736842105263
2781,14,1,4,1,0,20,0.7
2782,13,1,3,0,0,17,0.7647058823529411
2783,14,1,3,1,0,19,0.7368421052631579
2784,13,1,3,1,0,18,0.7222222222222222
2785,12,1,3,0,0,16,0.75
2786,14,1,4,0,0,19,0.7368421052631579
2787,14,1,4,0,0,19,0.7368421052631579
2788,12,2,3,0,0,17,0.7058823529411765
2789,14,3,3,0,0,20,0.7
2790,13,2,3,0,0,18,0.7222222222222222
2791,12,2,3,1,0,18,0.6666666666666666
2792,11,1,3,1,0,16,0.6875
2793,14,1,3,0,0,18,0.7777777777777778
2794,13,1,3,0,0,17,0.7647058823529411
2795,12,1,3,0,0,16,0.75
2796,13,1,3,0,0,17,0.7647058823529411
2797,14,1,3,1,0,19,0.7368421052631579
2798,13,1,3,1,0,18,0.7222222222222222
2799,13,1,3,0,0,17,0.7647058823529411
2800,14,1,3,1,0,19,0.7368421052631579
2801,12,1,3,0,0,16,0.75
2802,14,1,3,0,0,18,0.7777777777777778
2803,14,1,3,0,0,18,0.7777777777777778
2804,13,1,3,0,0,17,0.7647058823529411
2805,16,1,3,1,0,21,0.7619047619047619
2806,13,1,3,0,0,17,0.7647058823529411
2807,13,1,3,0,0,17,0.7647058823529411
2808,11,1,3,1,0,16,0.6875
2809,12,1,3,1,0,17,0.7058823529411765
2810,12,1,3,0,0,16,0.75
2811,13,1,3,1,0,18,0.7222222222222222
2812,15,2,3,1,0,21,0.7142857142857143
2813,16,1,3,0,0,20,0.8
2814,15,1,3,0,0,19,0.7894736842105263
2815,16,1,3,0,0,20,0.8
2816,13,1,3,1,0,18,0.7222222222222222
2817,14,1,3,0,0,18,0.7777777777777778
2818,12,1,3,0,0,16,0.75
2819,15,1,3,1,0,20,0.75
2820,15,1,3,0,0,19,0.7894736842105263
2821,15,1,3,0,0,19,0.7894736842105263
2822,14,1,3,0,0,18,0.7777777777777778
2823,15,1,3,0,0,19,0.7894736842105263
2824,15,1,3,0,0,19,0.7894736842105263
2825,13,1,3,0,0,17,0.7647058823529411
2826,13,2,3,1,0,19,0.6842105263157895
2827,13,1,3,1,0,18,0.7222222222222222
2828,16,1,3,0,0,20,0.8
2829,16,1,3,0,0,20,0.8
2830,15,1,3,1,0,20,0.75
2831,15,1,3,1,0,20,0.75
2832,15,1,3,0,0,19,0.7894736842105263
2833,15,1,3,1,0,20,0.75
2834,16,2,3,1,0,22,0.7272727272727273
2835,11,1,3,0,0,15,0.7333333333333333
2836,13,1,3,0,0,17,0.7647058823529411
2837,13,1,3,0,0,17,0.7647058823529411
2838,13,1,3,0,0,17,0.7647058823529411
2839,14,1,3,0,0,18,0.7777777777777778
2840,11,1,3,0,0,15,0.7333333333333333
2841,14,1,3,0,0,18,0.7777777777777778
2842,14,1,3,0,0,18,0.7777777777777778
2843,13,1,3,0,0,17,0.7647058823529411
2844,13,1,3,1,0,18,0.7222222222222222
2845,12,1,3,0,0,16,0.75
2846,15,1,3,1,0,20,0.75
2847,15,1,3,1,0,20,0.75
2848,13,2,3,0,0,18,0.7222222222222222
2849,15,1,3,1,0,20,0.75
2850,14,1,3,1,0,19,0.7368421052631579
2851,15,1,3,0,0,19,0.7894736842105263
2852,15,1,3,0,0,19,0.7894736842105263
2853,15,1,3,1,0,20,0.75
2854,15,1,3,0,0,19,0.7894736842105263
2855,13,1,3,0,0,17,0.7647058823529411
2856,14,1,3,1,0,19,0.7368421052631579
2857,13,1,3,1,0,18,0.7222222222222222
2858,16,0,3,0,0,19,0.8421052631578947
2859,13,1,3,0,0,17,0.7647058823529411
2860,12,1,3,0,0,16,0.75
2861,14,1,3,0,0,18,0.7777777777777778
2862,15,1,3,0,0,19,0.7894736842105263
2863,15,1,3,0,0,19,0.7894736842105263
2864,13,1,3,1,0,18,0.7222222222222222
2865,13,1,3,0,0,17,0.7647058823529411
2866,12,0,3,0,0,15,0.8
2867,13,1,3,0,0,17,0.7647058823529411
2868,12,1,3,0,0,16,0.75
2869,14,1,3,0,0,18,0.7777777777777778
2870,14,1,3,0,0,18,0.7777777777777778
2871,14,1,3,1,0,19,0.7368421052631579
2872,14,1,3,0,0,18,0.7777777777777778
2873,13,1,3,0,0,17,0.7647058823529411
2874,13,0,3,0,0,16,0.8125
2875,14,1,3,0,0,18,0.7777777777777778
2876,13,1,3,0,0,17,0.7647058823529411
2877,12,1,3,0,0,16,0.75
2878,14,1,3,1,0,19,0.7368421052631579
2879,13,1,3,1,0,18,0.7222222222222222
2880,14,1,3,1,0,19,0.7368421052631579
2881,15,2,3,1,0,21,0.7142857142857143
2882,15,1,3,1,0,20,0.75
2883,15,2,3,0,0,20,0.75
2884,16,1,3,1,0,21,0.7619047619047619
2885,14,1,3,0,0,18,0.7777777777777778
2886,15,1,3,0,0,19,0.7894736842105263
2887,14,1,3,0,0,18,0.7777777777777778
2888,13,2,3,0,0,18,0.7222222222222222
2889,14,1,3,0,0,18,0.7777777777777778
2890,14,1,3,0,0,18,0.7777777777777778
2891,13,2,3,0,0,18,0.7222222222222222
2892,12,1,3,1,0,17,0.7058823529411765
2893,13,1,3,1,0,18,0.7222222222222222
2894,13,1,3,0,0,17,0.7647058823529411
2895,14,1,3,1,0,19,0.7368421052631579
2896,12,1,3,0,0,16,0.75
2897,13,1,3,0,0,17,0.7647058823529411
2898,13,1,3,0,0,17,0.7647058823529411
2899,15,1,3,0,0,19,0.7894736842105263
2900,13,1,3,0,0,17,0.7647058823529411
2901,15,1,3,0,0,19,0.7894736842105263
2902,13,2,3,0,0,18,0.7222222222222222
2903,14,1,3,1,0,19,0.7368421052631579
2904,12,1,3,0,0,16,0.75
2905,15,1,3,0,0,19,0.7894736842105263
2906,16,1,3,0,0,20,0.8
2907,16,1,3,1,0,21,0.7619047619047619
2908,13,2,3,1,0,19,0.6842105263157895
2909,14,1,3,0,0,18,0.7777777777777778
2910,14,1,3,1,0,19,0.7368421052631579
2911,14,1,3,0,0,18,0.7777777777777778
2912,13,1,3,0,0,17,0.7647058823529411
2913,12,2,3,0,0,17,0.7058823529411765
2914,12,1,3,0,0,16,0.75
2915,15,1,4,0,0,20,0.75
2916,15,2,3,0,0,20,0.75
2917,15,1,3,0,0,19,0.7894736842105263
2918,16,2,3,0,0,21,0.7619047619047619
2919,15,2,3,0,0,20,0.75
2920,15,1,3,1,0,20,0.75
2921,12,2,3,1,0,18,0.6666666666666666
2922,15,0,3,0,0,18,0.8333333333333334
2923,14,2,3,0,0,19,0.7368421052631579
2924,16,1,3,0,0,20,0.8
2925,15,1,3,0,0,19,0.7894736842105263
2926,13,1,3,0,0,17,0.7647058823529411
2927,13,1,3,1,0,18,0.7222222222222222
2928,14,1,3,1,0,19,0.7368421052631579
2929,16,1,3,0,0,20,0.8
2930,15,1,3,0,0,19,0.7894736842105263
2931,15,2,3,0,0,20,0.75
2932,15,1,2,1,0,19,0.7894736842105263
2933,13,1,3,1,0,18,0.7222222222222222
2934,14,1,3,0,0,18,0.7777777777777778
2935,14,1,3,0,0,18,0.7777777777777778
2936,12,1,3,0,0,16,0.75
2937,16,1,3,1,0,21,0.7619047619047619
2938,12,0,3,0,0,15,0.8
2939,13,1,3,0,0,17,0.7647058823529411
2940,14,1,3,0,0,18,0.7777777777777778
2941,14,1,3,0,0,18,0.7777777777777778
2942,15,1,3,0,0,19,0.7894736842105263
2943,16,1,3,0,0,20,0.8
2944,15,1,3,0,0,19,0.7894736842105263
2945,15,1,3,0,0,19,0.7894736842105263
2946,14,2,3,0,0,19,0.7368421052631579
2947,13,2,3,0,0,18,0.7222222222222222
2948,14,1,3,0,0,18,0.7777777777777778
2949,14,2,3,0,0,19,0.7368421052631579
2950,15,1,3,0,0,19,0.7894736842105263
2951,14,1,3,0,0,18,0.7777777777777778
2952,16,1,3,0,0,20,0.8
2953,15,1,3,0,0,19,0.7894736842105263
2954,12,1,3,1,0,17,0.7058823529411765
2955,15,1,3,0,0,19,0.7894736842105263
2956,15,1,3,0,0,19,0.7894736842105263
2957,14,1,3,0,0,18,0.7777777777777778
2958,12,1,3,0,0,16,0.75
2959,12,1,3,0,0,16,0.75
2960,13,1,3,0,0,17,0.7647058823529411
2961,13,1,3,1,0,18,0.7222222222222222
2962,12,1,3,1,0,17,0.7058823529411765
2963,12,1,3,0,0,16,0.75
2964,13,1,3,0,0,17,0.7647058823529411
2965,13,1,3,0,0,17,0.7647058823529411
2966,14,1,3,1,0,19,0.7368421052631579
2967,14,1,3,0,0,18,0.7777777777777778
2968,14,1,3,0,0,18,0.7777777777777778
2969,15,1,3,0,0,19,0.7894736842105263
2970,13,2,3,0,0,18,0.7222222222222222
2971,14,1,3,0,0,18,0.7777777777777778
2972,11,1,3,0,0,15,0.7333333333333333
2973,13,1,3,0,0,17,0.7647058823529411
2974,12,1,3,0,0,16,0.75
2975,15,1,3,0,0,19,0.7894736842105263
2976,14,1,3,1,0,19,0.7368421052631579
2977,15,1,3,0,0,19,0.7894736842105263
2978,15,1,3,0,0,19,0.7894736842105263
2979,13,1,3,0,0,17,0.7647058823529411
2980,14,2,3,0,0,19,0.7368421052631579
2981,12,1,3,0,0,16,0.75
2982,14,1,3,0,0,18,0.7777777777777778
2983,14,1,3,0,0,18,0.7777777777777778
2984,13,1,3,0,0,17,0.7647058823529411
2985,13,1,3,1,0,18,0.7222222222222222
2986,14,1,3,0,0,18,0.7777777777777778
2987,16,1,3,0,0,20,0.8
2988,13,1,3,0,0,17,0.7647058823529411
2989,12,2,3,0,0,17,0.7058823529411765
2990,16,1,3,0,0,20,0.8
2991,14,1,3,0,0,18,0.7777777777777778
2992,13,2,3,0,0,18,0.7222222222222222
2993,12,1,4,0,0,17,0.7058823529411765
2994,11,1,3,0,0,15,0.7333333333333333
2995,14,2,3,1,0,20,0.7
2996,12,1,3,0,0,16,0.75
2997,12,1,3,1,0,17,0.7058823529411765
2998,13,2,3,1,0,19,0.6842105263157895
2999,15,1,3,0,0,19,0.7894736842105263
3000,12,1,3,1,0,17,0.7058823529411765
3001,12,1,3,0,0,16,0.75
3002,16,1,3,0,0,20,0.8
3003,15,1,3,0,0,19,0.7894736842105263
3004,14,2,3,0,0,19,0.7368421052631579
3005,15,1,3,0,0,19,0.7894736842105263
3006,13,1,3,0,0,17,0.7647058823529411
3007,16,1,3,0,0,20,0.8
3008,14,1,3,0,0,18,0.7777777777777778
3009,13,1,3,1,0,18,0.7222222222222222
3010,14,1,3,0,0,18,0.7777777777777778
3011,15,1,3,0,0,19,0.7894736842105263
3012,12,1,3,0,0,16,0.75
3013,15,2,3,1,0,21,0.7142857142857143
3014,13,1,3,0,0,17,0.7647058823529411
3015,16,1,3,0,0,20,0.8
3016,13,1,3,1,0,18,0.7222222222222222
3017,14,1,3,0,0,18,0.7777777777777778
3018,14,1,3,0,0,18,0.7777777777777778
3019,13,1,3,1,0,18,0.7222222222222222
3020,16,1,3,0,0,20,0.8
3021,12,1,3,0,0,16,0.75
3022,15,1,3,0,0,19,0.7894736842105263
3023,11,1,3,0,0,15,0.7333333333333333
3024,13,1,3,0,0,17,0.7647058823529411
3025,14,1,3,0,0,18,0.7777777777777778
3026,14,1,3,0,0,18,0.7777777777777778
3027,15,2,3,0,0,20,0.75
3028,14,2,3,0,0,19,0.7368421052631579
3029,15,1,2,0,0,18,0.8333333333333334
3030,14,1,3,0,0,18,0.7777777777777778
3031,13,1,3,0,0,17,0.7647058823529411
3032,13,1,3,0,0,17,0.7647058823529411
3033,13,1,3,0,0,17,0.7647058823529411
3034,14,1,3,0,0,18,0.7777777777777778
3035,13,2,3,0,0,18,0.7222222222222222
3036,12,1,3,0,0,16,0.75
3037,15,1,3,0,0,19,0.7894736842105263
3038,14,1,3,0,0,18,0.7777777777777778
3039,14,1,3,1,0,19,0.7368421052631579
3040,14,2,3,1,0,20,0.7
3041,13,1,3,0,0,17,0.7647058823529411
3042,13,1,3,0,0,17,0.7647058823529411
3043,12,1,3,0,0,16,0.75
3044,13,1,3,0,0,17,0.7647058823529411
3045,15,1,3,0,0,19,0.7894736842105263
3046,15,1,3,0,0,19,0.7894736842105263
3047,15,2,3,0,0,20,0.75
3048,14,1,3,0,0,18,0.7777777777777778
3049,11,1,3,0,0,15,0.7333333333333333
3050,16,1,3,0,0,20,0.8
3051,14,1,3,0,0,18,0.7777777777777778
3052,14,1,3,0,0,18,0.7777777777777778
3053,13,1,3,0,0,17,0.7647058823529411
3054,13,1,3,0,0,17,0.7647058823529411
3055,14,1,3,0,0,18,0.7777777777777778
3056,14,1,3,0,0,18,0.7777777777777778
3057,14,1,3,0,0,18,0.7777777777777778
3058,14,1,3,0,0,18,0.7777777777777778
3059,14,2,3,0,0,19,0.7368421052631579
3060,13,1,3,0,0,17,0.7647058823529411
3061,14,2,3,0,0,19,0.7368421052631579
3062,12,1,3,0,0,16,0.75
3063,13,1,3,0,0,17,0.7647058823529411
3064,12,2,3,0,0,17,0.7058823529411765
3065,13,1,3,1,0,18,0.7222222222222222
3066,14,1,3,0,0,18,0.7777777777777778
3067,14,1,3,0,0,18,0.7777777777777778
3068,15,1,3,0,0,19,0.7894736842105263
3069,13,1,3,0,0,17,0.7647058823529411
3070,14,2,3,0,0,19,0.7368421052631579
3071,13,2,3,0,0,18,0.7222222222222222
3072,13,1,3,0,0,17,0.7647058823529411
3073,12,2,3,1,0,18,0.6666666666666666
3074,16,1,3,1,0,21,0.7619047619047619
3075,13,1,3,0,0,17,0.7647058823529411
3076,15,1,3,0,0,19,0.7894736842105263
3077,15,1,3,0,0,19,0.7894736842105263
3078,13,1,4,0,0,18,0.7222222222222222
3079,12,1,4,0,0,17,0.7058823529411765
3080,13,1,3,0,0,17,0.7647058823529411
3081,13,1,3,0,0,17,0.7647058823529411
3082,13,1,3,0,0,17,0.7647058823529411
3083,14,1,3,1,0,19,0.7368421052631579
3084,13,1,3,1,0,18,0.7222222222222222
3085,13,1,3,1,0,18,0.7222222222222222
3086,13,1,3,0,0,17,0.7647058823529411
3087,12,1,3,0,0,16,0.75
3088,12,1,3,0,0,16,0.75
3089,11,1,3,0,0,15,0.7333333333333333
3090,14,1,3,0,0,18,0.7777777777777778
3091,14,1,3,1,0,19,0.7368421052631579
3092,14,1,3,1,0,19,0.7368421052631579
3093,13,1,3,0,0,17,0.7647058823529411
3094,16,1,3,0,0,20,0.8
3095,15,2,3,1,0,21,0.7142857142857143
3096,13,1,3,0,0,17,0.7647058823529411
3097,14,1,3,1,0,19,0.7368421052631579
3098,12,1,3,0,0,16,0.75
3099,15,1,3,0,0,19,0.7894736842105263
3100,12,1,3,0,0,16,0.75
3101,12,1,3,0,0,16,0.75
3102,14,1,3,1,0,19,0.7368421052631579
3103,14,1,3,1,0,19,0.7368421052631579
3104,13,1,3,1,0,18,0.7222222222222222
3105,11,1,3,0,0,15,0.7333333333333333
3106,14,1,3,0,0,18,0.7777777777777778
3107,13,1,3,1,0,18,0.7222222222222222
3108,15,1,3,1,0,20,0.75
3109,14,1,3,0,0,18,0.7777777777777778
3110,14,1,3,1,0,19,0.7368421052631579
3111,14,1,3,1,0,19,0.7368421052631579
3112,12,1,3,0,0,16,0.75
3113,13,1,3,0,0,17,0.7647058823529411
3114,15,1,3,1,0,20,0.75
3115,14,1,3,1,0,19,0.7368421052631579
3116,12,2,3,0,0,17,0.7058823529411765
3117,15,1,3,1,0,20,0.75
3118,17,1,3,0,0,21,0.8095238095238095
3119,12,1,3,0,0,16,0.75
3120,13,2,3,1,0,19,0.6842105263157895
3121,13,1,3,0,0,17,0.7647058823529411
3122,15,1,3,1,0,20,0.75
3123,15,1,3,1,0,20,0.75
3124,12,1,3,0,0,16,0.75
3125,12,2,3,0,0,17,0.7058823529411765
3126,15,1,3,1,0,20,0.75
3127,13,1,3,0,0,17,0.7647058823529411
3128,14,2,3,1,0,20,0.7
3129,15,1,3,0,0,19,0.7894736842105263
3130,14,1,3,0,0,18,0.7777777777777778
3131,13,2,3,0,0,18,0.7222222222222222
3132,13,1,3,0,0,17,0.7647058823529411
3133,15,1,3,0,0,19,0.7894736842105263
3134,13,1,3,0,0,17,0.7647058823529411
3135,13,1,3,1,0,18,0.7222222222222222
3136,14,2,4,1,0,21,0.6666666666666666
3137,13,1,3,1,0,18,0.7222222222222222
3138,15,1,3,1,0,20,0.75
3139,13,1,3,1,0,18,0.7222222222222222
3140,12,1,3,0,0,16,0.75
3141,13,1,3,0,0,17,0.7647058823529411
3142,13,1,3,0,0,17,0.7647058823529411
3143,14,1,3,0,0,18,0.7777777777777778
3144,13,1,3,1,0,18,0.7222222222222222
3145,15,1,3,1,0,20,0.75
3146,14,1,3,0,0,18,0.7777777777777778
3147,15,1,3,1,0,20,0.75
3148,15,1,3,0,0,19,0.7894736842105263
3149,13,2,3,0,0,18,0.7222222222222222
3150,15,1,3,0,0,19,0.7894736842105263
3151,15,1,3,0,0,19,0.7894736842105263
3152,15,1,3,1,0,20,0.75
3153,15,1,3,1,0,20,0.75
3154,14,1,3,0,0,18,0.7777777777777778
3155,12,1,3,1,0,17,0.7058823529411765
3156,13,1,3,1,0,18,0.7222222222222222
3157,14,1,3,0,0,18,0.7777777777777778
3158,14,1,3,0,0,18,0.7777777777777778
3159,14,1,3,1,0,19,0.7368421052631579
3160,12,1,3,0,0,16,0.75
3161,16,1,3,0,0,20,0.8
3162,16,1,3,0,0,20,0.8
3163,13,1,3,1,0,18,0.7222222222222222
3164,12,1,3,0,0,16,0.75
3165,15,1,3,0,0,19,0.7894736842105263
3166,14,1,3,0,0,18,0.7777777777777778
3167,15,1,3,0,0,19,0.7894736842105263
3168,14,1,3,1,0,19,0.7368421052631579
3169,13,1,3,0,0,17,0.7647058823529411
3170,14,1,3,0,0,18,0.7777777777777778
3171,12,1,3,0,0,16,0.75
3172,13,1,3,0,0,17,0.7647058823529411
3173,14,1,3,0,0,18,0.7777777777777778
3174,14,1,3,1,0,19,0.7368421052631579
3175,14,1,3,1,0,19,0.7368421052631579
3176,14,1,3,0,0,18,0.7777777777777778
3177,15,1,3,0,0,19,0.7894736842105263
3178,14,1,3,0,0,18,0.7777777777777778
3179,13,1,3,0,0,17,0.7647058823529411
3180,15,1,3,0,0,19,0.7894736842105263
3181,15,1,3,0,0,19,0.7894736842105263
3182,15,1,3,0,0,19,0.7894736842105263
3183,14,1,3,0,0,18,0.7777777777777778
3184,16,1,3,0,0,20,0.8
3185,15,1,3,0,0,19,0.7894736842105263
3186,15,1,3,1,0,20,0.75
3187,17,1,3,0,0,21,0.8095238095238095
3188,13,1,3,0,0,17,0.7647058823529411
3189,13,1,3,0,0,17,0.7647058823529411
3190,15,1,3,0,0,19,0.7894736842105263
3191,13,1,3,0,0,17,0.7647058823529411
3192,14,1,3,0,0,18,0.7777777777777778
3193,13,1,3,1,0,18,0.7222222222222222
3194,15,1,3,0,0,19,0.7894736842105263
3195,12,1,3,1,0,17,0.7058823529411765
3196,12,1,3,0,0,16,0.75
3197,12,1,3,0,0,16,0.75
3198,12,1,3,0,0,16,0.75
3199,14,1,3,0,0,18,0.7777777777777778
3200,13,1,3,1,0,18,0.7222222222222222
3201,14,1,3,1,0,19,0.7368421052631579
3202,13,1,3,1,0,18,0.7222222222222222
3203,14,1,3,1,0,19,0.7368421052631579
3204,14,1,3,0,0,18,0.7777777777777778
3205,12,2,3,0,0,17,0.7058823529411765
3206,12,1,3,0,0,16,0.75
3207,13,1,3,0,0,17,0.7647058823529411
3208,15,1,3,0,0,19,0.7894736842105263
3209,15,1,3,0,0,19,0.7894736842105263
3210,12,1,3,1,0,17,0.7058823529411765
3211,12,1,3,1,0,17,0.7058823529411765
3212,14,1,3,0,0,18,0.7777777777777778
3213,16,1,3,0,0,20,0.8
3214,13,1,3,1,0,18,0.7222222222222222
3215,16,1,3,1,0,21,0.7619047619047619
3216,15,1,3,0,0,19,0.7894736842105263
3217,13,1,3,0,0,17,0.7647058823529411
3218,14,1,3,1,0,19,0.7368421052631579
3219,15,1,3,1,0,20,0.75
3220,13,1,3,0,0,17,0.7647058823529411
3221,13,1,3,0,0,17,0.7647058823529411
3222,15,1,3,1,0,20,0.75
3223,14,1,3,0,0,18,0.7777777777777778
3224,16,1,3,0,0,20,0.8
3225,13,1,3,0,0,17,0.7647058823529411
3226,15,1,3,0,0,19,0.7894736842105263
3227,14,1,3,0,0,18,0.7777777777777778
3228,15,1,3,0,0,19,0.7894736842105263
3229,12,1,3,1,0,17,0.7058823529411765
3230,15,1,3,1,0,20,0.75
3231,15,1,3,1,0,20,0.75
3232,14,1,3,0,0,18,0.7777777777777778
3233,13,1,3,0,0,17,0.7647058823529411
3234,13,1,3,0,0,17,0.7647058823529411
3235,13,1,3,1,0,18,0.7222222222222222
3236,13,1,3,0,0,17,0.7647058823529411
3237,14,1,3,1,0,19,0.7368421052631579
3238,13,1,3,0,0,17,0.7647058823529411
3239,14,1,3,0,0,18,0.7777777777777778
3240,14,1,3,0,0,18,0.7777777777777778
3241,14,1,3,1,0,19,0.7368421052631579
3242,14,1,3,0,0,18,0.7777777777777778
3243,15,1,3,1,0,20,0.75
3244,13,1,3,0,0,17,0.7647058823529411
3245,16,1,3,0,0,20,0.8
3246,11,1,3,0,0,15,0.7333333333333333
3247,13,1,3,0,0,17,0.7647058823529411
3248,14,1,3,1,0,19,0.7368421052631579
3249,14,2,3,0,0,19,0.7368421052631579
3250,14,2,3,1,0,20,0.7
3251,14,1,3,1,0,19,0.7368421052631579
3252,13,2,3,0,0,18,0.7222222222222222
3253,13,1,3,1,0,18,0.7222222222222222
3254,14,1,3,0,0,18,0.7777777777777778
3255,14,1,3,1,0,19,0.7368421052631579
3256,17,1,3,0,0,21,0.8095238095238095
3257,14,1,3,0,0,18,0.7777777777777778
3258,12,1,3,0,0,16,0.75
3259,14,2,3,0,0,19,0.7368421052631579
3260,15,1,3,0,0,19,0.7894736842105263
3261,13,2,3,1,0,19,0.6842105263157895
3262,12,1,3,0,0,16,0.75
3263,13,1,3,1,0,18,0.7222222222222222
3264,15,1,3,1,0,20,0.75
3265,10,1,3,0,0,14,0.7142857142857143
3266,14,1,3,1,0,19,0.7368421052631579
3267,12,1,3,0,0,16,0.75
3268,15,1,3,0,0,19,0.7894736842105263
3269,12,1,3,1,0,17,0.7058823529411765
3270,14,1,3,1,0,19,0.7368421052631579
3271,14,1,3,0,0,18,0.7777777777777778
3272,12,1,3,0,0,16,0.75
3273,15,1,3,0,0,19,0.7894736842105263
3274,15,1,3,0,0,19,0.7894736842105263
3275,12,1,3,0,0,16,0.75
3276,15,1,3,0,0,19,0.7894736842105263
3277,12,2,3,1,0,18,0.6666666666666666
3278,13,1,3,0,0,17,0.7647058823529411
3279,13,1,3,1,0,18,0.7222222222222222
3280,14,1,3,0,0,18,0.7777777777777778
3281,12,1,3,1,0,17,0.7058823529411765
3282,14,1,3,0,0,18,0.7777777777777778
3283,15,1,3,0,0,19,0.7894736842105263
3284,15,1,3,1,0,20,0.75
3285,14,2,3,0,0,19,0.7368421052631579
3286,15,1,3,0,0,19,0.7894736842105263
3287,13,1,3,0,0,17,0.7647058823529411
3288,14,1,3,0,0,18,0.7777777777777778
3289,15,1,3,0,0,19,0.7894736842105263
3290,14,1,3,1,0,19,0.7368421052631579
3291,13,2,3,1,0,19,0.6842105263157895
3292,11,1,3,0,0,15,0.7333333333333333
3293,15,1,3,0,0,19,0.7894736842105263
3294,13,1,3,0,0,17,0.7647058823529411
3295,14,1,3,1,0,19,0.7368421052631579
3296,12,1,3,0,0,16,0.75
3297,14,1,3,1,0,19,0.7368421052631579
3298,13,1,3,1,0,18,0.7222222222222222
3299,15,1,3,1,0,20,0.75
3300,15,1,3,1,0,20,0.75
3301,12,1,3,1,0,17,0.7058823529411765
3302,13,1,3,0,0,17,0.7647058823529411
3303,15,1,3,0,0,19,0.7894736842105263
3304,13,1,3,1,0,18,0.7222222222222222
3305,13,1,3,0,0,17,0.7647058823529411
3306,15,1,3,0,0,19,0.7894736842105263
3307,15,1,4,0,0,20,0.75
3308,15,1,4,1,0,21,0.7142857142857143
3309,13,1,3,0,0,17,0.7647058823529411
3310,15,1,3,0,0,19,0.7894736842105263
3311,13,1,3,1,0,18,0.7222222222222222
3312,14,1,3,0,0,18,0.7777777777777778
3313,13,1,3,1,0,18,0.7222222222222222
3314,16,1,3,0,0,20,0.8
3315,14,1,3,0,0,18,0.7777777777777778
3316,13,1,3,1,0,18,0.7222222222222222
3317,12,1,3,1,0,17,0.7058823529411765
3318,14,2,3,0,0,19,0.7368421052631579
3319,14,1,3,0,0,18,0.7777777777777778
3320,13,1,3,0,0,17,0.7647058823529411
3321,14,1,4,0,0,19,0.7368421052631579
3322,15,1,3,1,0,20,0.75
3323,15,1,3,1,0,20,0.75
3324,13,1,3,1,0,18,0.7222222222222222
3325,14,1,3,0,0,18,0.7777777777777778
3326,14,1,3,0,0,18,0.7777777777777778
3327,13,1,3,0,0,17,0.7647058823529411
3328,14,1,3,0,0,18,0.7777777777777778
3329,12,1,3,0,0,16,0.75
3330,14,1,3,0,0,18,0.7777777777777778
3331,14,2,3,0,0,19,0.7368421052631579
3332,16,1,3,0,0,20,0.8
3333,14,2,3,0,0,19,0.7368421052631579
3334,14,1,3,0,0,18,0.7777777777777778
3335,14,1,3,1,0,19,0.7368421052631579
3336,15,1,3,0,0,19,0.7894736842105263
3337,14,1,3,1,0,19,0.7368421052631579
3338,13,1,3,0,0,17,0.7647058823529411
3339,14,1,3,0,0,18,0.7777777777777778
3340,12,1,3,0,0,16,0.75
3341,13,1,3,1,0,18,0.7222222222222222
3342,13,1,3,1,0,18,0.7222222222222222
3343,14,1,3,0,0,18,0.7777777777777778
3344,15,1,3,0,0,19,0.7894736842105263
3345,12,1,3,1,0,17,0.7058823529411765
3346,13,1,3,1,0,18,0.7222222222222222
3347,13,1,3,0,0,17,0.7647058823529411
3348,15,1,3,0,0,19,0.7894736842105263
3349,13,1,3,1,0,18,0.7222222222222222
3350,12,1,3,1,0,17,0.7058823529411765
3351,14,1,3,0,0,18,0.7777777777777778
3352,13,1,3,1,0,18,0.7222222222222222
3353,14,1,3,0,0,18,0.7777777777777778
3354,16,1,3,0,0,20,0.8
3355,11,1,3,0,0,15,0.7333333333333333
3356,13,1,3,1,0,18,0.7222222222222222
3357,15,1,3,0,0,19,0.7894736842105263
3358,13,1,3,0,0,17,0.7647058823529411
3359,13,1,3,1,0,18,0.7222222222222222
3360,13,1,3,0,0,17,0.7647058823529411
3361,14,1,3,0,0,18,0.7777777777777778
3362,13,1,3,0,0,17,0.7647058823529411
3363,12,1,3,0,0,16,0.75
3364,14,1,3,0,0,18,0.7777777777777778
3365,14,1,3,1,0,19,0.7368421052631579
3366,12,1,3,0,0,16,0.75
3367,13,1,3,0,0,17,0.7647058823529411
3368,13,1,3,1,0,18,0.7222222222222222
3369,14,1,3,0,0,18,0.7777777777777778
3370,13,1,3,0,0,17,0.7647058823529411
3371,14,1,3,0,0,18,0.7777777777777778
3372,14,1,3,0,0,18,0.7777777777777778
3373,13,1,3,0,0,17,0.7647058823529411
3374,11,1,3,0,0,15,0.7333333333333333
3375,14,1,3,0,0,18,0.7777777777777778
3376,14,1,3,0,0,18,0.7777777777777778
3377,13,1,3,0,0,17,0.7647058823529411
3378,12,1,3,1,0,17,0.7058823529411765
3379,14,1,3,1,0,19,0.7368421052631579
3380,12,1,3,1,0,17,0.7058823529411765
3381,14,1,3,1,0,19,0.7368421052631579
3382,13,1,3,0,0,17,0.7647058823529411
3383,14,1,3,1,0,19,0.7368421052631579
3384,13,1,3,0,0,17,0.7647058823529411
3385,13,1,4,1,0,19,0.6842105263157895
3386,14,1,3,1,0,19,0.7368421052631579
3387,14,1,3,0,0,18,0.7777777777777778
3388,13,1,3,0,0,17,0.7647058823529411
3389,13,1,3,1,0,18,0.7222222222222222
3390,13,1,3,0,0,17,0.7647058823529411
3391,13,1,3,0,0,17,0.7647058823529411
3392,11,1,3,0,0,15,0.7333333333333333
3393,12,2,3,0,0,17,0.7058823529411765
3394,13,1,3,0,0,17,0.7647058823529411
3395,13,1,3,0,0,17,0.7647058823529411
3396,15,1,3,0,0,19,0.7894736842105263
3397,15,1,3,1,0,20,0.75
3398,13,1,3,0,0,17,0.7647058823529411
3399,13,1,3,1,0,18,0.7222222222222222
3400,14,1,3,0,0,18,0.7777777777777778
3401,13,1,3,0,0,17,0.7647058823529411
3402,12,1,3,0,0,16,0.75
3403,13,1,3,0,0,17,0.7647058823529411
3404,12,1,3,0,0,16,0.75
3405,15,1,3,0,0,19,0.7894736842105263
3406,12,1,3,0,0,16,0.75
3407,12,1,3,1,0,17,0.7058823529411765
3408,13,1,4,0,0,18,0.7222222222222222
3409,13,1,3,0,0,17,0.7647058823529411
3410,14,1,3,0,0,18,0.7777777777777778
3411,14,1,3,0,0,18,0.7777777777777778
3412,14,1,3,0,0,18,0.7777777777777778
3413,16,1,3,0,0,20,0.8
3414,14,1,3,0,0,18,0.7777777777777778
3415,13,1,3,0,0,17,0.7647058823529411
3416,13,2,3,0,0,18,0.7222222222222222
3417,12,1,3,0,0,16,0.75
3418,16,1,3,1,0,21,0.7619047619047619
3419,14,1,3,0,0,18,0.7777777777777778
3420,15,1,3,0,0,19,0.7894736842105263
3421,13,1,3,0,0,17,0.7647058823529411
3422,15,1,3,0,0,19,0.7894736842105263
3423,13,1,3,1,0,18,0.7222222222222222
3424,14,1,3,0,0,18,0.7777777777777778
3425,13,1,3,0,0,17,0.7647058823529411
3426,15,1,3,0,0,19,0.7894736842105263
3427,12,1,3,1,0,17,0.7058823529411765
3428,12,1,3,0,0,16,0.75
3429,15,2,3,0,0,20,0.75
3430,13,1,3,0,0,17,0.7647058823529411
3431,15,1,3,0,0,19,0.7894736842105263
3432,13,1,3,0,0,17,0.7647058823529411
3433,14,3,3,0,0,20,0.7
3434,14,1,3,0,0,18,0.7777777777777778
3435,15,1,3,0,0,19,0.7894736842105263
3436,11,1,3,0,0,15,0.7333333333333333
3437,15,1,3,1,0,20,0.75
3438,14,1,3,1,0,19,0.7368421052631579
3439,15,1,3,0,0,19,0.7894736842105263
3440,13,1,3,0,0,17,0.7647058823529411
3441,13,1,3,0,0,17,0.7647058823529411
3442,15,1,3,0,0,19,0.7894736842105263
3443,13,1,3,0,0,17,0.7647058823529411
3444,13,1,3,1,0,18,0.7222222222222222
3445,13,1,3,0,0,17,0.7647058823529411
3446,14,2,3,0,0,19,0.7368421052631579
3447,14,1,2,0,0,17,0.8235294117647058
3448,12,1,3,1,0,17,0.7058823529411765
3449,12,1,3,0,0,16,0.75
3450,15,1,3,0,0,19,0.7894736842105263
3451,16,1,3,0,0,20,0.8
3452,14,1,3,0,0,18,0.7777777777777778
3453,15,1,3,0,0,19,0.7894736842105263
3454,14,1,3,0,0,18,0.7777777777777778
3455,13,1,3,0,0,17,0.7647058823529411
3456,14,1,3,0,0,18,0.7777777777777778
3457,14,1,3,0,0,18,0.7777777777777778
3458,13,1,3,1,0,18,0.7222222222222222
3459,13,1,3,1,0,18,0.7222222222222222
3460,14,1,3,1,0,19,0.7368421052631579
3461,17,2,3,1,0,23,0.7391304347826086
3462,11,1,3,1,0,16,0.6875
3463,13,1,3,0,0,17,0.7647058823529411
3464,13,1,3,0,0,17,0.7647058823529411
3465,15,1,3,0,0,19,0.7894736842105263
3466,14,1,3,1,0,19,0.7368421052631579
3467,15,1,3,1,0,20,0.75
3468,13,1,3,0,0,17,0.7647058823529411
3469,13,1,3,0,0,17,0.7647058823529411
3470,14,1,3,0,0,18,0.7777777777777778
3471,13,1,3,0,0,17,0.7647058823529411
3472,14,1,3,0,0,18,0.7777777777777778
3473,16,1,3,0,0,20,0.8
3474,15,1,3,1,0,20,0.75
3475,12,2,3,0,0,17,0.7058823529411765
3476,13,1,3,0,0,17,0.7647058823529411
3477,14,1,3,0,0,18,0.7777777777777778
3478,16,1,3,1,0,21,0.7619047619047619
3479,13,2,3,0,0,18,0.7222222222222222
3480,15,1,3,0,0,19,0.7894736842105263
3481,14,1,3,0,0,18,0.7777777777777778
3482,13,1,3,0,0,17,0.7647058823529411
3483,13,1,3,0,0,17,0.7647058823529411
3484,11,1,3,0,0,15,0.7333333333333333
3485,13,1,3,0,0,17,0.7647058823529411
3486,13,1,3,0,0,17,0.7647058823529411
3487,16,1,3,0,0,20,0.8
3488,10,1,3,0,0,14,0.7142857142857143
3489,12,1,3,0,0,16,0.75
3490,14,1,3,0,0,18,0.7777777777777778
3491,12,1,3,1,0,17,0.7058823529411765
3492,15,1,3,1,0,20,0.75
3493,15,2,3,1,0,21,0.7142857142857143
3494,15,1,3,1,0,20,0.75
3495,14,1,3,0,0,18,0.7777777777777778
3496,13,2,3,0,0,18,0.7222222222222222
3497,14,1,3,1,0,19,0.7368421052631579
3498,11,1,3,1,0,16,0.6875
3499,14,1,3,1,0,19,0.7368421052631579
3500,14,1,3,0,0,18,0.7777777777777778
3501,13,1,3,1,0,18,0.7222222222222222
3502,11,1,3,1,0,16,0.6875
3503,15,1,3,0,0,19,0.7894736842105263
3504,14,1,3,0,0,18,0.7777777777777778
3505,14,1,3,0,0,18,0.7777777777777778
3506,16,1,3,1,0,21,0.7619047619047619
3507,14,1,3,1,0,19,0.7368421052631579
3508,13,1,3,0,0,17,0.7647058823529411
3509,14,1,3,0,0,18,0.7777777777777778
3510,15,1,3,0,0,19,0.7894736842105263
3511,14,1,3,1,0,19,0.7368421052631579
3512,14,1,3,0,0,18,0.7777777777777778
3513,14,1,3,0,0,18,0.7777777777777778
3514,14,1,3,1,0,19,0.7368421052631579
3515,14,2,3,0,0,19,0.7368421052631579
3516,14,1,3,1,0,19,0.7368421052631579
3517,12,1,3,0,0,16,0.75
3518,15,1,3,0,0,19,0.7894736842105263
3519,15,1,3,0,0,19,0.7894736842105263
3520,12,2,3,0,0,17,0.7058823529411765
3521,12,1,3,0,0,16,0.75
3522,14,1,3,1,0,19,0.7368421052631579
3523,13,1,3,0,0,17,0.7647058823529411
3524,13,1,3,0,0,17,0.7647058823529411
3525,12,1,3,0,0,16,0.75
3526,14,1,3,0,0,18,0.7777777777777778
3527,13,1,3,1,0,18,0.7222222222222222
3528,15,1,3,0,0,19,0.7894736842105263
3529,12,1,3,1,0,17,0.7058823529411765
3530,15,1,3,1,0,20,0.75
3531,15,2,3,0,0,20,0.75
3532,13,1,3,0,0,17,0.7647058823529411
3533,15,2,3,0,0,20,0.75
3534,14,2,3,0,0,19,0.7368421052631579
3535,13,0,3,0,0,16,0.8125
3536,15,1,3,0,0,19,0.7894736842105263
3537,14,1,3,0,0,18,0.7777777777777778
3538,15,1,3,1,0,20,0.75
3539,14,1,3,1,0,19,0.7368421052631579
3540,15,1,3,1,0,20,0.75
3541,16,1,3,0,0,20,0.8
3542,13,1,3,1,0,18,0.7222222222222222
3543,12,1,3,0,0,16,0.75
3544,15,1,3,0,0,19,0.7894736842105263
3545,13,1,3,1,0,18,0.7222222222222222
3546,12,1,3,0,0,16,0.75
3547,14,1,3,0,0,18,0.7777777777777778
3548,15,1,3,0,0,19,0.7894736842105263
3549,14,1,3,0,0,18,0.7777777777777778
3550,14,1,3,0,0,18,0.7777777777777778
3551,15,1,3,0,0,19,0.7894736842105263
3552,13,1,3,1,0,18,0.7222222222222222
3553,14,1,3,0,0,18,0.7777777777777778
3554,15,1,3,1,0,20,0.75
3555,16,1,3,0,0,20,0.8
3556,11,1,3,0,0,15,0.7333333333333333
3557,15,1,3,1,0,20,0.75
3558,16,1,3,0,0,20,0.8
3559,16,1,3,1,0,21,0.7619047619047619
3560,13,1,3,0,0,17,0.7647058823529411
3561,15,1,3,1,0,20,0.75
3562,14,1,3,0,0,18,0.7777777777777778
3563,15,1,3,1,0,20,0.75
3564,13,1,3,1,0,18,0.7222222222222222
3565,14,2,3,0,0,19,0.7368421052631579
3566,15,1,3,0,0,19,0.7894736842105263
3567,14,1,3,0,0,18,0.7777777777777778
3568,14,1,3,0,0,18,0.7777777777777778
3569,12,1,3,0,0,16,0.75
3570,14,1,3,1,0,19,0.7368421052631579
3571,14,1,3,0,0,18,0.7777777777777778
3572,11,1,3,0,0,15,0.7333333333333333
3573,11,1,3,1,0,16,0.6875
3574,15,1,3,1,0,20,0.75
3575,15,1,3,0,0,19,0.7894736842105263
3576,15,1,3,1,0,20,0.75
3577,13,2,3,0,0,18,0.7222222222222222
3578,14,1,3,0,0,18,0.7777777777777778
3579,15,1,3,1,0,20,0.75
3580,13,1,3,1,0,18,0.7222222222222222
3581,11,2,3,0,0,16,0.6875
3582,13,1,3,0,0,17,0.7647058823529411
3583,14,1,3,1,0,19,0.7368421052631579
3584,15,2,3,0,0,20,0.75
3585,12,1,3,1,0,17,0.7058823529411765
3586,14,1,3,0,0,18,0.7777777777777778
3587,14,1,3,0,0,18,0.7777777777777778
3588,12,1,3,0,0,16,0.75
3589,16,1,3,1,0,21,0.7619047619047619
3590,14,1,3,0,0,18,0.7777777777777778
3591,13,2,3,0,0,18,0.7222222222222222
3592,14,1,3,0,0,18,0.7777777777777778
3593,12,1,3,1,0,17,0.7058823529411765
3594,11,1,3,0,0,15,0.7333333333333333
3595,14,1,3,1,0,19,0.7368421052631579
3596,13,1,3,1,0,18,0.7222222222222222
3597,15,1,3,0,0,19,0.7894736842105263
3598,15,1,3,0,0,19,0.7894736842105263
3599,16,2,3,1,0,22,0.7272727272727273
3600,13,1,3,0,0,17,0.7647058823529411
3601,14,1,3,1,0,19,0.7368421052631579
3602,13,1,3,1,0,18,0.7222222222222222
3603,13,1,3,0,0,17,0.7647058823529411
3604,14,1,3,1,0,19,0.7368421052631579
3605,14,1,3,0,0,18,0.7777777777777778
3606,13,1,3,1,0,18,0.7222222222222222
3607,12,1,4,1,0,18,0.6666666666666666
3608,13,1,3,1,0,18,0.7222222222222222
3609,11,1,3,0,0,15,0.7333333333333333
3610,13,1,3,0,0,17,0.7647058823529411
3611,14,1,3,0,0,18,0.7777777777777778
3612,15,2,3,0,0,20,0.75
3613,13,1,3,1,0,18,0.7222222222222222
3614,12,1,3,1,0,17,0.7058823529411765
3615,13,1,3,1,0,18,0.7222222222222222
3616,14,1,3,1,0,19,0.7368421052631579
3617,13,1,3,0,0,17,0.7647058823529411
3618,15,1,3,0,0,19,0.7894736842105263
3619,15,2,3,1,0,21,0.7142857142857143
3620,14,2,3,1,0,20,0.7
3621,14,1,3,0,0,18,0.7777777777777778
3622,14,1,3,0,0,18,0.7777777777777778
3623,12,1,3,0,0,16,0.75
3624,15,1,3,0,0,19,0.7894736842105263
3625,13,1,3,0,0,17,0.7647058823529411
3626,12,1,3,0,0,16,0.75
3627,13,1,3,0,0,17,0.7647058823529411
3628,15,2,3,0,0,20,0.75
3629,16,1,3,1,0,21,0.7619047619047619
3630,14,1,3,0,0,18,0.7777777777777778
3631,14,1,3,1,0,19,0.7368421052631579
3632,12,1,4,0,0,17,0.7058823529411765
3633,15,1,2,1,0,19,0.7894736842105263
3634,15,1,3,1,0,20,0.75
3635,13,1,3,1,0,18,0.7222222222222222
3636,15,1,3,1,0,20,0.75
3637,13,2,3,0,0,18,0.7222222222222222
3638,15,1,3,0,0,19,0.7894736842105263
3639,12,1,3,0,0,16,0.75
3640,14,1,3,1,0,19,0.7368421052631579
3641,14,2,3,0,0,19,0.7368421052631579
3642,10,1,3,0,0,14,0.7142857142857143
3643,14,1,3,0,0,18,0.7777777777777778
3644,14,1,3,0,0,18,0.7777777777777778
3645,13,1,3,1,0,18,0.7222222222222222
3646,14,1,3,1,0,19,0.7368421052631579
3647,14,1,3,0,0,18,0.7777777777777778
3648,10,1,3,0,0,14,0.7142857142857143
3649,14,1,3,0,0,18,0.7777777777777778
3650,16,1,3,0,0,20,0.8
3651,14,1,3,0,0,18,0.7777777777777778
3652,14,1,3,1,0,19,0.7368421052631579
3653,15,1,3,1,0,20,0.75
3654,13,1,3,0,0,17,0.7647058823529411
3655,13,1,3,0,0,17,0.7647058823529411
3656,12,1,3,1,0,17,0.7058823529411765
3657,14,1,3,1,0,19,0.7368421052631579
3658,13,1,3,0,0,17,0.7647058823529411
3659,13,1,3,1,0,18,0.7222222222222222
3660,14,1,3,0,0,18,0.7777777777777778
3661,13,1,3,0,0,17,0.7647058823529411
3662,14,1,3,0,0,18,0.7777777777777778
3663,14,1,3,0,0,18,0.7777777777777778
3664,14,2,3,0,0,19,0.7368421052631579
3665,15,1,3,1,0,20,0.75
3666,14,1,3,1,0,19,0.7368421052631579
3667,16,1,3,1,0,21,0.7619047619047619
3668,15,1,3,1,0,20,0.75
3669,13,1,3,1,0,18,0.7222222222222222
3670,14,1,3,0,0,18,0.7777777777777778
3671,16,1,3,0,0,20,0.8
3672,15,1,3,0,0,19,0.7894736842105263
3673,14,1,3,0,0,18,0.7777777777777778
3674,14,2,3,0,0,19,0.7368421052631579
3675,14,1,3,0,0,18,0.7777777777777778
3676,14,1,3,0,0,18,0.7777777777777778
3677,13,1,3,0,0,17,0.7647058823529411
3678,15,1,3,1,0,20,0.75
3679,13,1,3,0,0,17,0.7647058823529411
3680,13,1,3,0,0,17,0.7647058823529411
3681,14,1,3,1,0,19,0.7368421052631579
3682,14,1,3,1,0,19,0.7368421052631579
3683,13,1,3,1,0,18,0.7222222222222222
3684,13,1,3,1,0,18,0.7222222222222222
3685,13,1,3,1,0,18,0.7222222222222222
3686,13,1,3,1,0,18,0.7222222222222222
3687,15,1,3,0,0,19,0.7894736842105263
3688,13,1,3,0,0,17,0.7647058823529411
3689,13,1,3,1,0,18,0.7222222222222222
3690,14,1,3,1,0,19,0.7368421052631579
3691,13,2,3,0,0,18,0.7222222222222222
3692,13,1,3,0,0,17,0.7647058823529411
3693,14,1,3,1,0,19,0.7368421052631579
3694,16,1,3,1,0,21,0.7619047619047619
3695,11,1,3,0,0,15,0.7333333333333333
3696,15,1,3,1,0,20,0.75
3697,14,1,3,1,0,19,0.7368421052631579
3698,13,1,3,0,0,17,0.7647058823529411
3699,13,1,3,0,0,17,0.7647058823529411
3700,13,1,3,1,0,18,0.7222222222222222
3701,11,1,3,1,0,16,0.6875
3702,13,1,3,1,0,18,0.7222222222222222
3703,12,1,3,0,0,16,0.75
3704,13,1,3,0,0,17,0.7647058823529411
3705,11,1,3,1,0,16,0.6875
3706,13,1,3,0,0,17,0.7647058823529411
3707,15,1,3,0,0,19,0.7894736842105263
3708,12,1,3,1,0,17,0.7058823529411765
3709,12,1,3,1,0,17,0.7058823529411765
3710,13,1,3,0,0,17,0.7647058823529411
3711,12,1,3,0,0,16,0.75
3712,14,1,3,1,0,19,0.7368421052631579
3713,14,1,3,1,0,19,0.7368421052631579
3714,15,1,3,1,0,20,0.75
3715,14,1,3,1,0,19,0.7368421052631579
3716,12,1,3,0,0,16,0.75
3717,15,1,3,0,0,19,0.7894736842105263
3718,15,1,3,1,0,20,0.75
3719,15,1,3,0,0,19,0.7894736842105263
3720,14,1,3,1,0,19,0.7368421052631579
3721,16,1,3,1,0,21,0.7619047619047619
3722,15,1,3,1,0,20,0.75
3723,15,1,3,0,0,19,0.7894736842105263
3724,15,1,3,0,0,19,0.7894736842105263
3725,14,1,3,0,0,18,0.7777777777777778
3726,14,1,3,0,0,18,0.7777777777777778
3727,15,1,3,0,0,19,0.7894736842105263
3728,16,1,3,1,0,21,0.7619047619047619
3729,15,1,3,1,0,20,0.75
3730,14,2,3,1,0,20,0.7
3731,15,1,3,0,0,19,0.7894736842105263
3732,12,1,3,0,0,16,0.75
3733,13,1,3,0,0,17,0.7647058823529411
3734,13,1,3,0,0,17,0.7647058823529411
3735,13,1,3,0,0,17,0.7647058823529411
3736,14,1,3,0,0,18,0.7777777777777778
3737,13,1,3,0,0,17,0.7647058823529411
3738,13,1,3,0,0,17,0.7647058823529411
3739,14,1,3,0,0,18,0.7777777777777778
3740,14,1,3,0,0,18,0.7777777777777778
3741,15,1,3,0,0,19,0.7894736842105263
3742,13,1,3,0,0,17,0.7647058823529411
3743,13,1,3,1,0,18,0.7222222222222222
3744,12,1,3,0,0,16,0.75
3745,14,1,3,1,0,19,0.7368421052631579
3746,13,1,3,0,0,17,0.7647058823529411
3747,15,1,3,1,0,20,0.75
3748,14,1,3,1,0,19,0.7368421052631579
3749,15,1,2,0,0,18,0.8333333333333334
3750,13,1,3,1,0,18,0.7222222222222222
3751,14,1,3,0,0,18,0.7777777777777778
3752,13,2,3,0,0,18,0.7222222222222222
3753,14,1,3,0,0,18,0.7777777777777778
3754,14,1,3,0,0,18,0.7777777777777778
3755,14,1,2,0,0,17,0.8235294117647058
3756,13,3,3,1,0,20,0.65
3757,15,1,3,0,0,19,0.7894736842105263
3758,14,1,2,1,0,18,0.7777777777777778
3759,15,1,3,1,0,20,0.75
3760,15,1,3,1,0,20,0.75
3761,14,1,3,0,0,18,0.7777777777777778
3762,13,1,3,0,0,17,0.7647058823529411
3763,14,1,3,1,0,19,0.7368421052631579
3764,15,1,3,1,0,20,0.75
3765,15,1,3,0,0,19,0.7894736842105263
3766,13,1,3,0,0,17,0.7647058823529411
3767,18,1,3,1,0,23,0.782608695652174
3768,16,1,3,0,0,20,0.8
3769,14,1,3,1,0,19,0.7368421052631579
3770,14,1,3,0,0,18,0.7777777777777778
3771,13,1,3,0,0,17,0.7647058823529411
3772,15,1,3,1,0,20,0.75
3773,12,1,3,0,0,16,0.75
3774,15,1,3,1,0,20,0.75
3775,13,1,3,1,0,18,0.7222222222222222
3776,14,1,3,1,0,19,0.7368421052631579
3777,12,1,3,0,0,16,0.75
3778,15,1,3,1,0,20,0.75
3779,13,1,3,1,0,18,0.7222222222222222
3780,15,1,3,1,0,20,0.75
3781,16,1,3,1,0,21,0.7619047619047619
3782,14,1,3,1,0,19,0.7368421052631579
3783,14,1,3,1,0,19,0.7368421052631579
3784,13,1,3,1,0,18,0.7222222222222222
3785,11,1,3,1,0,16,0.6875
3786,14,1,3,1,0,19,0.7368421052631579
3787,13,1,3,1,0,18,0.7222222222222222
3788,14,1,3,0,0,18,0.7777777777777778
3789,13,1,3,1,0,18,0.7222222222222222
3790,15,1,3,0,0,19,0.7894736842105263
3791,14,1,3,0,0,18,0.7777777777777778
3792,14,1,3,0,0,18,0.7777777777777778
3793,14,1,3,1,0,19,0.7368421052631579
3794,12,1,3,1,0,17,0.7058823529411765
3795,14,1,3,0,0,18,0.7777777777777778
3796,15,1,3,0,0,19,0.7894736842105263
3797,15,1,3,1,0,20,0.75
3798,13,1,3,1,0,18,0.7222222222222222
3799,15,1,3,1,0,20,0.75
3800,15,1,3,1,0,20,0.75
3801,14,1,3,1,0,19,0.7368421052631579
3802,16,1,3,1,0,21,0.7619047619047619
3803,16,1,4,1,0,22,0.7272727272727273
3804,15,1,4,0,0,20,0.75
3805,15,1,3,0,0,19,0.7894736842105263
3806,13,1,4,0,0,18,0.7222222222222222
3807,16,1,4,0,0,21,0.7619047619047619
3808,15,1,3,1,0,20,0.75
3809,13,1,4,1,0,19,0.6842105263157895
3810,16,1,3,1,0,21,0.7619047619047619
3811,14,1,4,0,0,19,0.7368421052631579
3812,15,1,3,0,0,19,0.7894736842105263
3813,13,1,3,1,0,18,0.7222222222222222
3814,16,1,4,1,0,22,0.7272727272727273
3815,14,1,3,1,0,19,0.7368421052631579
3816,14,1,4,1,0,20,0.7
3817,16,1,3,1,0,21,0.7619047619047619
3818,14,1,3,1,0,19,0.7368421052631579
3819,14,1,4,1,0,20,0.7
3820,12,1,3,0,0,16,0.75
3821,15,1,3,1,0,20,0.75
3822,14,1,2,1,0,18,0.7777777777777778
3823,13,1,4,1,0,19,0.6842105263157895
3824,14,2,4,1,0,21,0.6666666666666666
3825,15,1,4,1,0,21,0.7142857142857143
3826,13,1,3,0,0,17,0.7647058823529411
3827,16,1,3,1,0,21,0.7619047619047619
3828,17,1,3,0,0,21,0.8095238095238095
3829,17,1,3,1,0,22,0.7727272727272727
3830,15,1,4,1,0,21,0.7142857142857143
3831,14,1,2,0,0,17,0.8235294117647058
3832,15,1,4,1,0,21,0.7142857142857143
3833,15,1,4,0,0,20,0.75
3834,16,1,4,1,0,22,0.7272727272727273
3835,13,1,4,0,0,18,0.7222222222222222
3836,15,1,3,1,0,20,0.75
3837,13,1,4,1,0,19,0.6842105263157895
3838,15,1,4,0,0,20,0.75
3839,14,1,4,1,0,20,0.7
3840,13,1,3,1,0,18,0.7222222222222222
3841,14,1,4,1,0,20,0.7
3842,15,1,4,1,0,21,0.7142857142857143
3843,13,1,4,1,0,19,0.6842105263157895
3844,15,1,4,1,0,21,0.7142857142857143
3845,13,1,4,1,0,19,0.6842105263157895
3846,17,1,3,1,0,22,0.7727272727272727
3847,13,1,4,1,0,19,0.6842105263157895
3848,14,1,4,1,0,20,0.7
3849,15,1,4,0,0,20,0.75
3850,11,1,4,1,0,17,0.6470588235294118
3851,14,1,4,1,0,20,0.7
3852,14,1,4,1,0,20,0.7
3853,14,1,4,1,0,20,0.7
3854,14,1,3,1,0,19,0.7368421052631579
3855,14,1,4,0,0,19,0.7368421052631579
3856,14,1,4,1,0,20,0.7
3857,13,1,4,1,0,19,0.6842105263157895
3858,14,1,4,1,0,20,0.7
3859,13,1,4,0,0,18,0.7222222222222222
3860,14,1,4,1,0,20,0.7
3861,14,1,4,1,0,20,0.7
3862,14,1,4,0,0,19,0.7368421052631579
3863,14,1,4,1,0,20,0.7
3864,15,1,4,1,0,21,0.7142857142857143
3865,14,1,4,1,0,20,0.7
3866,15,1,3,1,0,20,0.75
3867,12,1,4,0,0,17,0.7058823529411765
3868,15,1,4,0,0,20,0.75
3869,13,1,4,1,0,19,0.6842105263157895
3870,15,1,4,1,0,21,0.7142857142857143
3871,13,1,3,0,0,17,0.7647058823529411
3872,13,1,4,0,0,18,0.7222222222222222
3873,15,1,4,0,0,20,0.75
3874,12,1,4,1,0,18,0.6666666666666666
3875,14,1,4,0,0,19,0.7368421052631579
3876,13,1,4,0,0,18,0.7222222222222222
3877,14,1,3,1,0,19,0.7368421052631579
3878,15,1,3,1,0,20,0.75
3879,13,1,4,0,0,18,0.7222222222222222
3880,14,1,4,1,0,20,0.7
3881,15,1,4,1,0,21,0.7142857142857143
3882,12,1,4,0,0,17,0.7058823529411765
3883,13,1,4,0,0,18,0.7222222222222222
3884,14,1,4,1,0,20,0.7
3885,14,1,4,1,0,20,0.7
3886,14,1,4,0,0,19,0.7368421052631579
3887,14,1,4,1,0,20,0.7
3888,15,1,4,1,0,21,0.7142857142857143
3889,13,1,4,0,0,18,0.7222222222222222
3890,14,1,4,1,0,20,0.7
3891,14,1,4,0,0,19,0.7368421052631579
3892,11,1,4,1,0,17,0.6470588235294118
3893,10,1,4,1,0,16,0.625
3894,15,1,4,0,0,20,0.75
3895,13,1,4,1,0,19,0.6842105263157895
3896,14,1,4,0,0,19,0.7368421052631579
3897,14,1,4,1,0,20,0.7
3898,15,1,4,0,0,20,0.75
3899,13,1,4,1,0,19,0.6842105263157895
3900,13,1,4,1,0,19,0.6842105263157895
3901,13,1,4,0,0,18,0.7222222222222222
3902,13,1,4,1,0,19,0.6842105263157895
3903,14,1,4,1,0,20,0.7
3904,14,1,3,0,0,18,0.7777777777777778
3905,14,1,4,1,0,20,0.7
3906,14,1,4,1,0,20,0.7
3907,12,1,4,1,0,18,0.6666666666666666
3908,16,1,3,1,0,21,0.7619047619047619
3909,13,1,4,0,0,18,0.7222222222222222
3910,16,1,4,1,0,22,0.7272727272727273
3911,14,1,4,1,0,20,0.7
3912,14,1,3,0,0,18,0.7777777777777778
3913,13,1,4,1,0,19,0.6842105263157895
3914,15,1,4,0,0,20,0.75
3915,14,1,4,0,0,19,0.7368421052631579
3916,17,1,4,0,0,22,0.7727272727272727
3917,14,1,3,1,0,19,0.7368421052631579
3918,15,1,2,1,0,19,0.7894736842105263
3919,14,1,2,0,0,17,0.8235294117647058
3920,15,1,2,1,0,19,0.7894736842105263
3921,16,1,2,1,0,20,0.8
3922,17,1,2,0,0,20,0.85
3923,17,1,2,0,0,20,0.85
3924,16,2,2,1,0,21,0.7619047619047619
3925,17,1,2,0,0,20,0.85
3926,15,1,2,1,0,19,0.7894736842105263
3927,16,1,2,1,0,20,0.8
3928,16,1,2,1,0,20,0.8
3929,17,1,2,1,0,21,0.8095238095238095
3930,16,1,2,0,0,19,0.8421052631578947
3931,15,1,2,1,0,19,0.7894736842105263
3932,14,1,2,0,0,17,0.8235294117647058
3933,15,1,2,1,0,19,0.7894736842105263
3934,14,1,2,1,0,18,0.7777777777777778
3935,16,1,2,1,0,20,0.8
3936,16,1,2,1,0,20,0.8
3937,15,1,2,1,0,19,0.7894736842105263
3938,17,1,2,1,0,21,0.8095238095238095
3939,16,1,2,1,0,20,0.8
3940,16,1,2,1,0,20,0.8
3941,14,2,2,1,0,19,0.7368421052631579
3942,14,1,2,0,0,17,0.8235294117647058
3943,11,1,2,1,0,15,0.7333333333333333
3944,16,1,2,1,0,20,0.8
3945,15,1,2,1,0,19,0.7894736842105263
3946,14,1,2,1,0,18,0.7777777777777778
3947,17,1,2,1,0,21,0.8095238095238095
3948,16,1,2,1,0,20,0.8
3949,16,1,2,0,0,19,0.8421052631578947
3950,13,1,2,1,0,17,0.7647058823529411
3951,15,1,2,0,0,18,0.8333333333333334
3952,13,1,2,0,0,16,0.8125
3953,13,1,2,1,0,17,0.7647058823529411
3954,14,1,2,1,0,18,0.7777777777777778
3955,15,1,2,0,0,18,0.8333333333333334
3956,15,2,2,1,0,20,0.75
3957,16,1,2,0,0,19,0.8421052631578947
3958,17,1,2,1,0,21,0.8095238095238095
3959,14,1,2,1,0,18,0.7777777777777778
3960,17,1,2,1,0,21,0.8095238095238095
3961,13,1,2,1,0,17,0.7647058823529411
3962,14,2,3,1,0,20,0.7
3963,13,1,3,0,0,17,0.7647058823529411
3964,13,1,2,1,0,17,0.7647058823529411
3965,14,1,3,1,0,19,0.7368421052631579
3966,14,2,3,1,0,20,0.7
3967,15,1,3,1,0,20,0.75
3968,13,1,2,0,0,16,0.8125
3969,15,1,2,1,0,19,0.7894736842105263
3970,12,1,2,0,0,15,0.8
3971,13,1,2,1,0,17,0.7647058823529411
3972,15,1,2,1,0,19,0.7894736842105263
3973,17,1,2,0,0,20,0.85
3974,16,1,3,0,0,20,0.8
3975,14,1,3,1,0,19,0.7368421052631579
3976,12,1,3,1,0,17,0.7058823529411765
3977,13,1,3,1,0,18,0.7222222222222222
3978,14,1,3,1,0,19,0.7368421052631579
3979,16,1,3,0,0,20,0.8
3980,15,1,2,1,0,19,0.7894736842105263
3981,13,1,3,1,0,18,0.7222222222222222
3982,14,1,3,1,0,19,0.7368421052631579
3983,16,1,3,0,0,20,0.8
3984,15,1,3,0,0,19,0.7894736842105263
3985,13,1,3,1,0,18,0.7222222222222222
3986,15,1,3,1,0,20,0.75
3987,15,1,3,1,0,20,0.75
3988,14,1,3,0,0,18,0.7777777777777778
3989,15,1,3,1,0,20,0.75
3990,11,1,3,0,0,15,0.7333333333333333
3991,11,1,3,1,0,16,0.6875
3992,14,1,3,1,0,19,0.7368421052631579
3993,13,1,3,1,0,18,0.7222222222222222
3994,11,1,3,1,0,16,0.6875
3995,14,1,3,1,0,19,0.7368421052631579
3996,14,1,3,0,0,18,0.7777777777777778
3997,13,1,3,1,0,18,0.7222222222222222
3998,14,1,3,1,0,19,0.7368421052631579
3999,15,1,3,0,0,19,0.7894736842105263
4000,13,2,3,0,0,18,0.7222222222222222
4001,14,1,3,0,0,18,0.7777777777777778
4002,15,1,3,0,0,19,0.7894736842105263
4003,17,1,3,0,0,21,0.8095238095238095
4004,15,1,3,0,0,19,0.7894736842105263
4005,17,1,3,0,0,21,0.8095238095238095
4006,14,1,3,0,0,18,0.7777777777777778
4007,16,1,3,0,0,20,0.8
4008,16,1,3,0,0,20,0.8
4009,14,1,3,1,0,19,0.7368421052631579
4010,16,1,2,0,0,19,0.8421052631578947
4011,16,1,3,0,0,20,0.8
4012,15,1,3,0,0,19,0.7894736842105263
4013,15,1,3,1,0,20,0.75
4014,14,1,3,0,0,18,0.7777777777777778
4015,14,1,3,1,0,19,0.7368421052631579
4016,15,1,3,0,0,19,0.7894736842105263
4017,15,1,3,0,0,19,0.7894736842105263
4018,15,1,2,0,0,18,0.8333333333333334
4019,14,2,3,0,0,19,0.7368421052631579
4020,16,1,3,1,0,21,0.7619047619047619
4021,15,1,3,1,0,20,0.75
4022,14,2,3,0,0,19,0.7368421052631579
4023,13,1,3,0,0,17,0.7647058823529411
4024,17,1,3,0,0,21,0.8095238095238095
4025,17,1,3,1,0,22,0.7727272727272727
4026,15,1,3,1,0,20,0.75
4027,14,1,3,1,0,19,0.7368421052631579
4028,15,1,3,1,0,20,0.75
4029,14,1,3,0,0,18,0.7777777777777778
4030,14,2,3,1,0,20,0.7
4031,14,1,3,1,0,19,0.7368421052631579
4032,15,1,3,0,0,19,0.7894736842105263
4033,16,1,2,1,0,20,0.8
4034,16,1,3,0,0,20,0.8
4035,15,1,3,0,0,19,0.7894736842105263
4036,13,1,3,0,0,17,0.7647058823529411
4037,16,1,3,1,0,21,0.7619047619047619
4038,14,1,3,0,0,18,0.7777777777777778
4039,16,1,3,0,0,20,0.8
4040,15,1,3,0,0,19,0.7894736842105263
4041,13,1,3,1,0,18,0.7222222222222222
4042,15,1,3,0,0,19,0.7894736842105263
4043,15,1,3,0,0,19,0.7894736842105263
4044,16,1,3,0,0,20,0.8
4045,15,1,3,0,0,19,0.7894736842105263
4046,16,1,3,0,0,20,0.8
4047,16,1,3,0,0,20,0.8
4048,16,1,2,1,0,20,0.8
4049,16,1,3,1,0,21,0.7619047619047619
4050,15,1,3,0,0,19,0.7894736842105263
4051,17,1,3,0,0,21,0.8095238095238095
4052,16,1,3,1,0,21,0.7619047619047619
4053,15,1,3,0,0,19,0.7894736842105263
4054,14,1,3,1,0,19,0.7368421052631579
4055,15,1,3,1,0,20,0.75
4056,16,1,3,1,0,21,0.7619047619047619
4057,15,1,3,1,0,20,0.75
4058,15,1,3,0,0,19,0.7894736842105263
4059,13,1,3,0,0,17,0.7647058823529411
4060,13,1,3,1,0,18,0.7222222222222222
4061,14,1,3,1,0,19,0.7368421052631579
4062,15,1,3,0,0,19,0.7894736842105263
4063,15,1,3,1,0,20,0.75
4064,15,0,3,1,0,19,0.7894736842105263
4065,16,1,3,0,0,20,0.8
4066,15,1,3,1,0,20,0.75
4067,17,1,3,0,0,21,0.8095238095238095
4068,14,1,2,0,0,17,0.8235294117647058
4069,14,0,3,0,0,17,0.8235294117647058
4070,12,1,3,1,0,17,0.7058823529411765
4071,14,1,3,0,0,18,0.7777777777777778
4072,17,1,3,0,0,21,0.8095238095238095
4073,14,1,3,1,0,19,0.7368421052631579
4074,14,1,3,0,0,18,0.7777777777777778
4075,15,0,3,0,0,18,0.8333333333333334
4076,16,1,3,1,0,21,0.7619047619047619
4077,14,1,3,1,0,19,0.7368421052631579
4078,14,1,3,0,0,18,0.7777777777777778
4079,16,1,3,0,0,20,0.8
4080,15,0,2,0,0,17,0.8823529411764706
4081,14,0,3,1,0,18,0.7777777777777778
4082,16,1,3,1,0,21,0.7619047619047619
4083,15,1,3,0,0,19,0.7894736842105263
4084,16,1,3,1,0,21,0.7619047619047619
4085,16,0,2,0,0,18,0.8888888888888888
4086,15,1,3,1,0,20,0.75
4087,16,1,3,0,0,20,0.8
4088,14,1,3,0,0,18,0.7777777777777778
4089,14,1,3,1,0,19,0.7368421052631579
4090,15,1,3,0,0,19,0.7894736842105263
4091,14,1,3,1,0,19,0.7368421052631579
4092,15,1,3,1,0,20,0.75
4093,12,1,3,0,0,16,0.75
4094,15,1,3,1,0,20,0.75
4095,15,1,3,1,0,20,0.75
4096,16,1,3,1,0,21,0.7619047619047619
4097,14,1,3,0,0,18,0.7777777777777778
4098,13,1,3,1,0,18,0.7222222222222222
4099,15,1,3,0,0,19,0.7894736842105263
4100,16,1,3,0,0,20,0.8
4101,16,1,3,1,0,21,0.7619047619047619
4102,14,1,3,1,0,19,0.7368421052631579
4103,14,1,3,0,0,18,0.7777777777777778
4104,15,1,3,1,0,20,0.75
4105,16,1,3,1,0,21,0.7619047619047619
4106,13,1,3,0,0,17,0.7647058823529411
4107,13,1,3,1,0,18,0.7222222222222222
4108,14,1,3,1,0,19,0.7368421052631579
4109,12,1,3,0,0,16,0.75
4110,13,1,3,0,0,17,0.7647058823529411
4111,16,1,3,1,0,21,0.7619047619047619
4112,12,1,3,0,0,16,0.75
4113,17,1,3,0,0,21,0.8095238095238095
4114,13,1,3,0,0,17,0.7647058823529411
4115,13,1,3,0,0,17,0.7647058823529411
4116,16,1,3,1,0,21,0.7619047619047619
4117,11,1,3,1,0,16,0.6875
4118,15,0,3,1,0,19,0.7894736842105263
4119,15,1,3,1,0,20,0.75
4120,14,1,3,0,0,18,0.7777777777777778
4121,15,1,3,0,0,19,0.7894736842105263
4122,11,1,3,0,0,15,0.7333333333333333
4123,14,1,3,0,0,18,0.7777777777777778
4124,15,1,3,0,0,19,0.7894736842105263
4125,16,1,3,0,0,20,0.8
4126,14,1,3,0,0,18,0.7777777777777778
4127,14,1,3,0,0,18,0.7777777777777778
4128,14,1,3,0,0,18,0.7777777777777778
4129,14,1,3,0,0,18,0.7777777777777778
4130,16,1,3,0,0,20,0.8
4131,14,1,3,0,0,18,0.7777777777777778
4132,15,1,3,1,0,20,0.75
4133,15,1,3,0,0,19,0.7894736842105263
4134,16,1,3,0,0,20,0.8
4135,15,1,3,0,0,19,0.7894736842105263
4136,16,1,3,0,0,20,0.8
4137,16,1,3,0,0,20,0.8
4138,16,1,3,0,0,20,0.8
4139,16,1,3,0,0,20,0.8
4140,17,1,3,1,0,22,0.7727272727272727
4141,16,1,3,0,0,20,0.8
4142,16,1,3,1,0,21,0.7619047619047619
4143,15,1,3,0,0,19,0.7894736842105263
4144,16,1,3,1,0,21,0.7619047619047619
4145,16,1,3,1,0,21,0.7619047619047619
4146,15,1,3,0,0,19,0.7894736842105263
4147,17,1,3,1,0,22,0.7727272727272727
4148,12,1,3,0,0,16,0.75
4149,12,1,3,1,0,17,0.7058823529411765
4150,13,1,3,1,0,18,0.7222222222222222
4151,13,1,3,0,0,17,0.7647058823529411
4152,16,1,3,0,0,20,0.8
4153,16,1,3,0,0,20,0.8
4154,16,1,3,0,0,20,0.8
4155,15,1,3,1,0,20,0.75
4156,10,1,3,0,0,14,0.7142857142857143
4157,11,1,3,1,0,16,0.6875
4158,12,1,3,1,0,17,0.7058823529411765
4159,12,1,3,1,0,17,0.7058823529411765
4160,14,1,3,0,0,18,0.7777777777777778
4161,14,1,3,1,0,19,0.7368421052631579
4162,14,1,3,1,0,19,0.7368421052631579
4163,13,1,3,0,0,17,0.7647058823529411
4164,12,1,3,0,0,16,0.75
4165,14,1,3,1,0,19,0.7368421052631579
4166,14,1,3,1,0,19,0.7368421052631579
4167,12,1,3,0,0,16,0.75
4168,16,1,3,0,0,20,0.8
4169,15,1,3,0,0,19,0.7894736842105263
4170,14,1,3,1,0,19,0.7368421052631579
4171,16,1,3,1,0,21,0.7619047619047619
4172,13,1,3,1,0,18,0.7222222222222222
4173,16,1,3,1,0,21,0.7619047619047619
4174,15,1,3,0,0,19,0.7894736842105263
4175,15,1,3,0,0,19,0.7894736842105263
4176,17,1,3,0,0,21,0.8095238095238095
4177,16,1,3,1,0,21,0.7619047619047619
4178,15,1,3,1,0,20,0.75
4179,15,1,3,0,0,19,0.7894736842105263
4180,11,1,3,0,0,15,0.7333333333333333
4181,14,1,3,0,0,18,0.7777777777777778
4182,11,1,3,0,0,15,0.7333333333333333
4183,15,1,3,1,0,20,0.75
4184,12,1,3,1,0,17,0.7058823529411765
4185,11,1,3,0,0,15,0.7333333333333333
4186,13,1,3,0,0,17,0.7647058823529411
4187,14,1,3,1,0,19,0.7368421052631579
4188,11,1,3,1,0,16,0.6875
4189,13,1,3,0,0,17,0.7647058823529411
4190,13,1,3,1,0,18,0.7222222222222222
4191,12,1,3,0,0,16,0.75
4192,14,1,3,0,0,18,0.7777777777777778
4193,13,1,3,0,0,17,0.7647058823529411
4194,15,1,3,1,0,20,0.75
4195,14,1,3,1,0,19,0.7368421052631579
4196,15,1,3,1,0,20,0.75
4197,14,1,3,0,0,18,0.7777777777777778
4198,12,1,3,0,0,16,0.75
4199,15,1,3,1,0,20,0.75
4200,14,1,3,0,0,18,0.7777777777777778
4201,15,1,3,0,0,19,0.7894736842105263
4202,11,2,3,0,0,16,0.6875
4203,13,1,3,0,0,17,0.7647058823529411
4204,14,1,3,0,0,18,0.7777777777777778
4205,13,1,3,1,0,18,0.7222222222222222
4206,14,1,3,1,0,19,0.7368421052631579
4207,16,1,3,0,0,20,0.8
4208,12,1,3,0,0,16,0.75
4209,16,1,3,0,0,20,0.8
4210,14,1,3,1,0,19,0.7368421052631579
4211,17,1,3,1,0,22,0.7727272727272727
4212,17,1,3,0,0,21,0.8095238095238095
4213,15,1,3,0,0,19,0.7894736842105263
4214,15,1,3,0,0,19,0.7894736842105263
4215,17,1,3,1,0,22,0.7727272727272727
4216,15,1,3,1,0,20,0.75
4217,15,1,3,1,0,20,0.75
4218,14,1,3,0,0,18,0.7777777777777778
4219,14,1,3,0,0,18,0.7777777777777778
4220,15,2,3,0,0,20,0.75
4221,15,1,3,0,0,19,0.7894736842105263
4222,14,1,3,0,0,18,0.7777777777777778
4223,15,1,3,0,0,19,0.7894736842105263
4224,14,1,3,0,0,18,0.7777777777777778
4225,14,1,3,1,0,19,0.7368421052631579
4226,14,1,3,1,0,19,0.7368421052631579
4227,13,1,3,0,0,17,0.7647058823529411
4228,13,1,3,0,0,17,0.7647058823529411
4229,14,1,3,1,0,19,0.7368421052631579
4230,11,2,3,0,0,16,0.6875
4231,16,1,3,1,0,21,0.7619047619047619
4232,15,1,3,1,0,20,0.75
4233,17,1,3,0,0,21,0.8095238095238095
4234,12,1,3,0,0,16,0.75
4235,15,1,3,1,0,20,0.75
4236,15,1,3,1,0,20,0.75
4237,12,1,3,1,0,17,0.7058823529411765
4238,15,1,3,0,0,19,0.7894736842105263
4239,13,1,3,0,0,17,0.7647058823529411
4240,15,1,3,0,0,19,0.7894736842105263
4241,15,1,3,1,0,20,0.75
4242,16,1,3,1,0,21,0.7619047619047619
4243,16,1,3,0,0,20,0.8
4244,16,1,3,1,0,21,0.7619047619047619
4245,15,1,3,1,0,20,0.75
4246,14,1,3,1,0,19,0.7368421052631579
4247,11,1,3,1,0,16,0.6875
4248,15,1,3,0,0,19,0.7894736842105263
4249,14,1,3,1,0,19,0.7368421052631579
4250,17,1,3,1,0,22,0.7727272727272727
4251,15,1,3,1,0,20,0.75
4252,15,1,3,1,0,20,0.75
4253,14,1,3,0,0,18,0.7777777777777778
4254,14,1,3,1,0,19,0.7368421052631579
4255,12,1,3,1,0,17,0.7058823529411765
4256,15,1,3,0,0,19,0.7894736842105263
4257,14,1,3,1,0,19,0.7368421052631579
4258,14,1,3,1,0,19,0.7368421052631579
4259,15,1,3,0,0,19,0.7894736842105263
4260,15,1,3,1,0,20,0.75
4261,13,1,3,1,0,18,0.7222222222222222
4262,17,1,3,1,0,22,0.7727272727272727
4263,15,1,3,0,0,19,0.7894736842105263
4264,15,1,3,0,0,19,0.7894736842105263
4265,16,1,3,0,0,20,0.8
4266,15,1,3,0,0,19,0.7894736842105263
4267,16,1,3,1,0,21,0.7619047619047619
4268,16,1,3,1,0,21,0.7619047619047619
4269,15,1,3,0,0,19,0.7894736842105263
4270,17,1,3,0,0,21,0.8095238095238095
4271,11,1,3,0,0,15,0.7333333333333333
4272,13,1,3,0,0,17,0.7647058823529411
4273,13,1,3,0,0,17,0.7647058823529411
4274,13,2,3,0,0,18,0.7222222222222222
4275,13,1,3,1,0,18,0.7222222222222222
4276,12,1,3,1,0,17,0.7058823529411765
4277,13,1,3,1,0,18,0.7222222222222222
4278,12,1,3,0,0,16,0.75
4279,11,1,3,1,0,16,0.6875
4280,13,1,3,1,0,18,0.7222222222222222
4281,13,1,3,0,0,17,0.7647058823529411
4282,14,2,3,1,0,20,0.7
4283,10,1,3,1,0,15,0.6666666666666666
4284,13,1,3,0,0,17,0.7647058823529411
4285,13,1,3,0,0,17,0.7647058823529411
4286,13,1,3,0,0,17,0.7647058823529411
4287,12,1,3,0,0,16,0.75
4288,14,1,3,1,0,19,0.7368421052631579
4289,12,1,3,0,0,16,0.75
4290,14,1,3,0,0,18,0.7777777777777778
4291,13,1,3,1,0,18,0.7222222222222222
4292,11,1,3,1,0,16,0.6875
4293,12,1,3,0,0,16,0.75
4294,13,1,3,1,0,18,0.7222222222222222
4295,12,1,3,1,0,17,0.7058823529411765
4296,13,1,3,1,0,18,0.7222222222222222
4297,15,1,3,1,0,20,0.75
4298,13,1,3,0,0,17,0.7647058823529411
4299,14,1,3,0,0,18,0.7777777777777778
4300,15,1,4,0,0,20,0.75
4301,12,1,3,0,0,16,0.75
4302,13,1,3,1,0,18,0.7222222222222222
4303,13,1,3,0,0,17,0.7647058823529411
4304,15,1,3,0,0,19,0.7894736842105263
4305,14,1,3,1,0,19,0.7368421052631579
4306,13,1,3,0,0,17,0.7647058823529411
4307,13,1,3,0,0,17,0.7647058823529411
4308,14,1,3,0,0,18,0.7777777777777778
4309,13,1,3,0,0,17,0.7647058823529411
4310,12,1,3,0,0,16,0.75
4311,12,1,3,0,0,16,0.75
4312,12,1,3,1,0,17,0.7058823529411765
4313,12,1,3,0,0,16,0.75
4314,14,1,3,0,0,18,0.7777777777777778
4315,15,1,3,0,0,19,0.7894736842105263
4316,14,1,3,1,0,19,0.7368421052631579
4317,12,1,3,0,0,16,0.75
4318,13,1,4,1,0,19,0.6842105263157895
4319,13,2,3,1,0,19,0.6842105263157895
4320,13,1,3,0,0,17,0.7647058823529411
4321,13,1,3,0,0,17,0.7647058823529411
4322,14,1,3,1,0,19,0.7368421052631579
4323,14,1,3,0,0,18,0.7777777777777778
4324,12,1,3,0,0,16,0.75
4325,14,1,3,1,0,19,0.7368421052631579
4326,12,1,3,0,0,16,0.75
4327,15,1,3,1,0,20,0.75
4328,13,1,3,0,0,17,0.7647058823529411
4329,15,1,3,0,0,19,0.7894736842105263
4330,15,1,3,0,0,19,0.7894736842105263
4331,13,1,3,0,0,17,0.7647058823529411
4332,12,1,3,0,0,16,0.75
4333,15,2,3,0,0,20,0.75
4334,15,1,3,1,0,20,0.75
4335,15,1,3,1,0,20,0.75
4336,14,1,3,1,0,19,0.7368421052631579
4337,13,1,3,0,0,17,0.7647058823529411
4338,14,1,3,1,0,19,0.7368421052631579
4339,16,1,3,0,0,20,0.8
4340,12,1,3,1,0,17,0.7058823529411765
4341,14,1,3,0,0,18,0.7777777777777778
4342,11,1,3,1,0,16,0.6875
4343,13,1,3,0,0,17,0.7647058823529411
4344,15,1,3,0,0,19,0.7894736842105263
4345,13,1,3,0,0,17,0.7647058823529411
4346,15,2,3,1,0,21,0.7142857142857143
4347,16,1,3,1,0,21,0.7619047619047619
4348,13,1,3,0,0,17,0.7647058823529411
4349,14,1,3,1,0,19,0.7368421052631579
4350,14,1,3,0,0,18,0.7777777777777778
4351,12,1,3,1,0,17,0.7058823529411765
4352,15,1,3,1,0,20,0.75
4353,14,1,3,0,0,18,0.7777777777777778
4354,14,1,3,0,0,18,0.7777777777777778
4355,15,1,3,0,0,19,0.7894736842105263
4356,12,1,3,1,0,17,0.7058823529411765
4357,15,1,3,0,0,19,0.7894736842105263
4358,15,1,3,1,0,20,0.75
4359,13,1,3,1,0,18,0.7222222222222222
4360,15,1,3,0,0,19,0.7894736842105263
4361,15,1,3,0,0,19,0.7894736842105263
4362,17,1,3,0,0,21,0.8095238095238095
4363,14,1,3,0,0,18,0.7777777777777778
4364,14,1,3,0,0,18,0.7777777777777778
4365,14,1,3,1,0,19,0.7368421052631579
4366,13,1,3,1,0,18,0.7222222222222222
4367,17,1,3,0,0,21,0.8095238095238095
4368,15,1,3,0,0,19,0.7894736842105263
4369,15,1,3,0,0,19,0.7894736842105263
4370,14,1,3,0,0,18,0.7777777777777778
4371,15,2,3,0,0,20,0.75
4372,13,1,3,0,0,17,0.7647058823529411
4373,13,0,3,0,0,16,0.8125
4374,11,1,3,1,0,16,0.6875
4375,12,1,3,1,0,17,0.7058823529411765
4376,14,1,3,0,0,18,0.7777777777777778
4377,11,1,3,1,0,16,0.6875
4378,13,1,3,0,0,17,0.7647058823529411
4379,12,1,3,1,0,17,0.7058823529411765
4380,12,1,3,0,0,16,0.75
4381,11,1,3,1,0,16,0.6875
4382,13,1,3,1,0,18,0.7222222222222222
4383,13,1,3,0,0,17,0.7647058823529411
4384,13,2,3,1,0,19,0.6842105263157895
4385,13,1,3,1,0,18,0.7222222222222222
4386,13,1,3,1,0,18,0.7222222222222222
4387,12,1,3,0,0,16,0.75
4388,12,1,3,1,0,17,0.7058823529411765
4389,13,1,3,1,0,18,0.7222222222222222
4390,14,1,3,1,0,19,0.7368421052631579
4391,12,1,3,0,0,16,0.75
4392,13,1,3,1,0,18,0.7222222222222222
4393,12,1,3,1,0,17,0.7058823529411765
4394,13,1,3,0,0,17,0.7647058823529411
4395,13,1,3,0,0,17,0.7647058823529411
4396,14,1,3,1,0,19,0.7368421052631579
4397,15,1,3,1,0,20,0.75
4398,13,1,3,1,0,18,0.7222222222222222
4399,13,1,3,1,0,18,0.7222222222222222
4400,13,1,3,1,0,18,0.7222222222222222
4401,12,1,3,0,0,16,0.75
4402,12,1,4,0,0,17,0.7058823529411765
4403,13,1,3,1,0,18,0.7222222222222222
4404,11,1,3,1,0,16,0.6875
4405,13,2,3,1,0,19,0.6842105263157895
4406,12,1,3,0,0,16,0.75
4407,15,1,3,0,0,19,0.7894736842105263
4408,11,1,3,0,0,15,0.7333333333333333
4409,13,1,3,1,0,18,0.7222222222222222
4410,13,1,3,1,0,18,0.7222222222222222
4411,14,1,3,0,0,18,0.7777777777777778
4412,13,1,3,1,0,18,0.7222222222222222
4413,14,1,3,1,0,19,0.7368421052631579
4414,13,1,3,0,0,17,0.7647058823529411
4415,14,1,3,0,0,18,0.7777777777777778
4416,12,1,3,0,0,16,0.75
4417,13,1,3,1,0,18,0.7222222222222222
4418,13,1,3,0,0,17,0.7647058823529411
4419,12,1,3,0,0,16,0.75
4420,13,1,3,0,0,17,0.7647058823529411
4421,12,1,3,1,0,17,0.7058823529411765
4422,13,1,3,0,0,17,0.7647058823529411
4423,13,1,3,0,0,17,0.7647058823529411
4424,12,1,3,1,0,17,0.7058823529411765
4425,14,1,3,0,0,18,0.7777777777777778
4426,13,1,3,1,0,18,0.7222222222222222
4427,12,2,3,1,0,18,0.6666666666666666
4428,13,1,3,1,0,18,0.7222222222222222
4429,13,1,3,1,0,18,0.7222222222222222
4430,13,1,3,0,0,17,0.7647058823529411
4431,12,1,3,0,0,16,0.75
4432,11,1,3,0,0,15,0.7333333333333333
4433,13,1,3,1,0,18,0.7222222222222222
4434,14,1,3,1,0,19,0.7368421052631579
4435,14,3,3,1,0,21,0.6666666666666666
4436,13,2,3,0,0,18,0.7222222222222222
4437,13,1,3,1,0,18,0.7222222222222222
4438,12,1,3,1,0,17,0.7058823529411765
4439,14,1,3,0,0,18,0.7777777777777778
4440,12,2,3,0,0,17,0.7058823529411765
4441,12,2,3,1,0,18,0.6666666666666666
4442,14,1,3,1,0,19,0.7368421052631579
4443,13,1,3,1,0,18,0.7222222222222222
4444,13,1,3,0,0,17,0.7647058823529411
4445,13,1,3,1,0,18,0.7222222222222222
4446,13,1,3,0,0,17,0.7647058823529411
4447,14,1,3,0,0,18,0.7777777777777778
4448,14,1,3,0,0,18,0.7777777777777778
4449,14,1,3,0,0,18,0.7777777777777778
4450,13,1,3,0,0,17,0.7647058823529411
4451,15,1,3,0,0,19,0.7894736842105263
4452,13,1,3,0,0,17,0.7647058823529411
4453,15,1,3,0,0,19,0.7894736842105263
4454,14,1,3,0,0,18,0.7777777777777778
4455,13,2,3,1,0,19,0.6842105263157895
4456,14,1,3,1,0,19,0.7368421052631579
4457,15,0,3,0,0,18,0.8333333333333334
4458,13,1,3,1,0,18,0.7222222222222222
4459,14,1,3,0,0,18,0.7777777777777778
4460,13,1,3,0,0,17,0.7647058823529411
4461,14,1,3,1,0,19,0.7368421052631579
4462,13,1,3,0,0,17,0.7647058823529411
4463,12,1,3,0,0,16,0.75
4464,12,1,3,1,0,17,0.7058823529411765
4465,13,1,3,0,0,17,0.7647058823529411
4466,13,1,3,0,0,17,0.7647058823529411
4467,13,1,3,0,0,17,0.7647058823529411
4468,13,1,3,0,0,17,0.7647058823529411
4469,15,1,3,0,0,19,0.7894736842105263
4470,14,1,3,0,0,18,0.7777777777777778
4471,12,1,3,0,0,16,0.75
4472,13,1,3,0,0,17,0.7647058823529411
4473,14,1,3,0,0,18,0.7777777777777778
4474,10,1,3,0,0,14,0.7142857142857143
4475,13,2,3,0,0,18,0.7222222222222222
4476,13,1,3,0,0,17,0.7647058823529411
4477,13,1,3,0,0,17,0.7647058823529411
4478,13,1,3,0,0,17,0.7647058823529411
4479,13,1,3,0,0,17,0.7647058823529411
4480,13,1,3,1,0,18,0.7222222222222222
4481,12,1,3,0,0,16,0.75
4482,12,1,3,1,0,17,0.7058823529411765
4483,11,1,3,0,0,15,0.7333333333333333
4484,13,1,3,1,0,18,0.7222222222222222
4485,14,1,3,0,0,18,0.7777777777777778
4486,13,1,3,1,0,18,0.7222222222222222
4487,14,1,3,0,0,18,0.7777777777777778
4488,14,1,3,0,0,18,0.7777777777777778
4489,14,2,3,0,0,19,0.7368421052631579
4490,12,2,3,0,0,17,0.7058823529411765
4491,12,1,3,1,0,17,0.7058823529411765
4492,13,1,3,0,0,17,0.7647058823529411
4493,14,1,3,0,0,18,0.7777777777777778
4494,13,1,3,0,0,17,0.7647058823529411
4495,11,1,3,0,0,15,0.7333333333333333
4496,15,1,3,1,0,20,0.75
4497,14,1,3,0,0,18,0.7777777777777778
4498,13,2,3,1,0,19,0.6842105263157895
4499,13,2,3,0,0,18,0.7222222222222222
4500,13,1,3,0,0,17,0.7647058823529411
4501,13,1,3,0,0,17,0.7647058823529411
4502,12,1,3,0,0,16,0.75
4503,14,1,3,1,0,19,0.7368421052631579
4504,14,1,3,0,0,18,0.7777777777777778
4505,13,1,3,1,0,18,0.7222222222222222
4506,14,1,3,0,0,18,0.7777777777777778
4507,14,2,3,0,0,19,0.7368421052631579
4508,12,1,3,1,0,17,0.7058823529411765
4509,14,1,3,0,0,18,0.7777777777777778
4510,13,1,3,1,0,18,0.7222222222222222
4511,13,1,3,0,0,17,0.7647058823529411
4512,13,1,3,0,0,17,0.7647058823529411
4513,13,1,3,1,0,18,0.7222222222222222
4514,14,1,3,0,0,18,0.7777777777777778
4515,13,1,3,0,0,17,0.7647058823529411
4516,12,1,3,0,0,16,0.75
4517,13,1,3,0,0,17,0.7647058823529411
4518,10,1,3,0,0,14,0.7142857142857143
4519,15,1,3,1,0,20,0.75
4520,14,1,3,1,0,19,0.7368421052631579
4521,13,1,3,1,0,18,0.7222222222222222
4522,14,1,3,0,0,18,0.7777777777777778
4523,13,1,3,0,0,17,0.7647058823529411
4524,14,2,3,0,0,19,0.7368421052631579
4525,13,1,3,0,0,17,0.7647058823529411
4526,14,2,3,0,0,19,0.7368421052631579
4527,12,3,3,1,0,19,0.631578947368421
4528,14,1,3,1,0,19,0.7368421052631579
4529,11,1,3,1,0,16,0.6875
4530,13,1,3,0,0,17,0.7647058823529411
4531,13,1,3,1,0,18,0.7222222222222222
4532,11,1,3,0,0,15,0.7333333333333333
4533,11,1,3,1,0,16,0.6875
4534,14,1,3,0,0,18,0.7777777777777778
4535,12,1,3,0,0,16,0.75
4536,13,1,3,1,0,18,0.7222222222222222
4537,13,1,3,1,0,18,0.7222222222222222
4538,13,2,3,0,0,18,0.7222222222222222
4539,14,1,3,0,0,18,0.7777777777777778
4540,13,1,3,1,0,18,0.7222222222222222
4541,15,1,3,0,0,19,0.7894736842105263
4542,14,1,3,1,0,19,0.7368421052631579
4543,13,1,3,0,0,17,0.7647058823529411
4544,12,2,3,0,0,17,0.7058823529411765
4545,11,2,3,0,0,16,0.6875
4546,14,1,3,0,0,18,0.7777777777777778
4547,14,1,3,1,0,19,0.7368421052631579
4548,13,1,3,1,0,18,0.7222222222222222
4549,12,1,3,0,0,16,0.75
4550,12,3,3,0,0,18,0.6666666666666666
4551,12,1,3,0,0,16,0.75
4552,13,2,3,0,0,18,0.7222222222222222
4553,14,1,3,1,0,19,0.7368421052631579
4554,15,1,3,1,0,20,0.75
4555,11,2,3,1,0,17,0.6470588235294118
4556,11,1,3,1,0,16,0.6875
4557,13,1,3,0,0,17,0.7647058823529411
4558,14,2,3,1,0,20,0.7
4559,11,1,3,0,0,15,0.7333333333333333
4560,13,1,3,0,0,17,0.7647058823529411
4561,13,2,3,1,0,19,0.6842105263157895
4562,13,2,3,0,0,18,0.7222222222222222
4563,13,1,3,1,0,18,0.7222222222222222
4564,14,1,3,1,0,19,0.7368421052631579
4565,15,1,3,0,0,19,0.7894736842105263
4566,13,2,3,0,0,18,0.7222222222222222
4567,14,1,3,1,0,19,0.7368421052631579
4568,10,1,3,0,0,14,0.7142857142857143
4569,10,1,3,0,0,14,0.7142857142857143
4570,11,1,3,0,0,15,0.7333333333333333
4571,13,1,3,0,0,17,0.7647058823529411
4572,12,1,3,1,0,17,0.7058823529411765
4573,12,1,3,0,0,16,0.75
4574,12,1,3,1,0,17,0.7058823529411765
4575,11,2,3,0,0,16,0.6875
4576,13,1,3,0,0,17,0.7647058823529411
4577,15,1,3,0,0,19,0.7894736842105263
4578,10,1,3,0,0,14,0.7142857142857143
4579,14,1,3,1,0,19,0.7368421052631579
4580,14,1,3,0,0,18,0.7777777777777778
4581,13,1,3,1,0,18,0.7222222222222222
4582,11,1,3,0,0,15,0.7333333333333333
4583,14,2,3,1,0,20,0.7
4584,13,1,3,0,0,17,0.7647058823529411
4585,13,1,3,0,0,17,0.7647058823529411
4586,11,1,3,0,0,15,0.7333333333333333
4587,12,1,3,1,0,17,0.7058823529411765
4588,14,1,3,0,0,18,0.7777777777777778
4589,11,1,3,1,0,16,0.6875
4590,13,2,3,1,0,19,0.6842105263157895
4591,13,1,3,0,0,17,0.7647058823529411
4592,14,1,3,0,0,18,0.7777777777777778
4593,13,1,3,0,0,17,0.7647058823529411
4594,12,1,3,0,0,16,0.75
4595,14,1,3,0,0,18,0.7777777777777778
4596,16,1,3,1,0,21,0.7619047619047619
4597,14,1,3,1,0,19,0.7368421052631579
4598,14,1,3,0,0,18,0.7777777777777778
4599,13,1,3,1,0,18,0.7222222222222222
4600,15,2,3,0,0,20,0.75
4601,14,1,3,0,0,18,0.7777777777777778
4602,12,1,3,1,0,17,0.7058823529411765
4603,11,1,3,0,0,15,0.7333333333333333
4604,15,1,3,0,0,19,0.7894736842105263
4605,13,1,3,0,0,17,0.7647058823529411
4606,13,1,3,0,0,17,0.7647058823529411
4607,12,1,3,1,0,17,0.7058823529411765
4608,16,1,3,1,0,21,0.7619047619047619
4609,14,1,3,0,0,18,0.7777777777777778
4610,12,1,3,1,0,17,0.7058823529411765
4611,12,1,3,1,0,17,0.7058823529411765
4612,11,1,3,1,0,16,0.6875
4613,14,1,3,0,0,18,0.7777777777777778
4614,12,1,3,0,0,16,0.75
4615,12,2,3,0,0,17,0.7058823529411765
4616,12,1,3,0,0,16,0.75
4617,15,2,3,0,0,20,0.75
4618,13,1,3,1,0,18,0.7222222222222222
4619,13,1,3,0,0,17,0.7647058823529411
4620,11,1,3,1,0,16,0.6875
4621,13,1,3,0,0,17,0.7647058823529411
4622,12,1,3,1,0,17,0.7058823529411765
4623,15,1,3,0,0,19,0.7894736842105263
4624,14,1,3,1,0,19,0.7368421052631579
4625,12,1,3,1,0,17,0.7058823529411765
4626,8,1,3,0,0,12,0.6666666666666666
4627,10,1,3,1,0,15,0.6666666666666666
4628,14,1,3,1,0,19,0.7368421052631579
4629,15,1,3,1,0,20,0.75
4630,12,1,3,0,0,16,0.75
4631,14,1,3,1,0,19,0.7368421052631579
4632,13,1,3,0,0,17,0.7647058823529411
4633,14,1,3,1,0,19,0.7368421052631579
4634,13,1,3,0,0,17,0.7647058823529411
4635,15,1,3,1,0,20,0.75
4636,14,1,3,1,0,19,0.7368421052631579
4637,14,2,3,1,0,20,0.7
4638,13,2,3,1,0,19,0.6842105263157895
4639,12,1,3,0,0,16,0.75
4640,12,1,3,0,0,16,0.75
4641,13,1,3,0,0,17,0.7647058823529411
4642,12,1,3,1,0,17,0.7058823529411765
4643,12,1,3,0,0,16,0.75
4644,15,2,3,1,0,21,0.7142857142857143
4645,14,2,3,1,0,20,0.7
4646,13,1,3,1,0,18,0.7222222222222222
4647,15,1,3,1,0,20,0.75
4648,14,1,3,0,0,18,0.7777777777777778
4649,13,1,3,1,0,18,0.7222222222222222
4650,14,1,3,0,0,18,0.7777777777777778
4651,12,1,3,0,0,16,0.75
4652,12,1,3,0,0,16,0.75
4653,13,1,3,0,0,17,0.7647058823529411
4654,13,1,3,1,0,18,0.7222222222222222
4655,14,1,3,0,0,18,0.7777777777777778
4656,13,1,3,1,0,18,0.7222222222222222
4657,13,1,3,0,0,17,0.7647058823529411
4658,11,1,3,1,0,16,0.6875
4659,13,1,3,0,0,17,0.7647058823529411
4660,11,2,3,0,0,16,0.6875
4661,12,1,3,0,0,16,0.75
4662,14,1,3,0,0,18,0.7777777777777778
4663,14,1,3,1,0,19,0.7368421052631579
4664,12,1,3,0,0,16,0.75
4665,15,1,3,0,0,19,0.7894736842105263
4666,15,1,3,1,0,20,0.75
4667,12,1,3,0,0,16,0.75
4668,13,1,3,1,0,18,0.7222222222222222
4669,15,1,3,0,0,19,0.7894736842105263
4670,12,1,3,0,0,16,0.75
4671,15,1,3,1,0,20,0.75
4672,15,1,3,1,0,20,0.75
4673,12,1,3,0,0,16,0.75
4674,13,1,3,1,0,18,0.7222222222222222
4675,13,1,3,1,0,18,0.7222222222222222
4676,14,1,3,0,0,18,0.7777777777777778
4677,13,2,3,1,0,19,0.6842105263157895
4678,12,1,3,1,0,17,0.7058823529411765
4679,14,1,3,0,0,18,0.7777777777777778
4680,14,1,3,0,0,18,0.7777777777777778
4681,14,2,3,1,0,20,0.7
4682,14,1,3,0,0,18,0.7777777777777778
4683,13,2,3,0,0,18,0.7222222222222222
4684,13,1,3,0,0,17,0.7647058823529411
4685,14,1,3,0,0,18,0.7777777777777778
4686,13,1,3,1,0,18,0.7222222222222222
4687,14,1,3,0,0,18,0.7777777777777778
4688,13,1,3,0,0,17,0.7647058823529411
4689,14,2,3,0,0,19,0.7368421052631579
4690,10,1,3,0,0,14,0.7142857142857143
4691,13,1,3,1,0,18,0.7222222222222222
4692,12,1,3,0,0,16,0.75
4693,14,1,3,0,0,18,0.7777777777777778
4694,12,2,3,0,0,17,0.7058823529411765
4695,11,1,3,0,0,15,0.7333333333333333
4696,15,1,3,1,0,20,0.75
4697,13,1,3,0,0,17,0.7647058823529411
4698,12,1,3,1,0,17,0.7058823529411765
4699,14,1,3,0,0,18,0.7777777777777778
4700,12,1,3,0,0,16,0.75
4701,14,1,3,0,0,18,0.7777777777777778
4702,14,2,3,0,0,19,0.7368421052631579
4703,13,1,3,0,0,17,0.7647058823529411
4704,12,1,3,0,0,16,0.75
4705,14,1,3,1,0,19,0.7368421052631579
4706,12,1,3,0,0,16,0.75
4707,13,1,3,0,0,17,0.7647058823529411
4708,13,1,3,1,0,18,0.7222222222222222
4709,16,1,3,0,0,20,0.8
4710,12,1,3,0,0,16,0.75
4711,15,1,3,1,0,20,0.75
4712,12,1,3,0,0,16,0.75
4713,13,1,3,0,0,17,0.7647058823529411
4714,13,1,3,0,0,17,0.7647058823529411
4715,14,1,3,0,0,18,0.7777777777777778
4716,14,1,3,0,0,18,0.7777777777777778
4717,13,1,3,0,0,17,0.7647058823529411
4718,13,2,3,1,0,19,0.6842105263157895
4719,13,1,3,1,0,18,0.7222222222222222
4720,14,2,3,1,0,20,0.7
4721,13,1,3,0,0,17,0.7647058823529411
4722,10,1,3,1,0,15,0.6666666666666666
4723,11,1,3,0,0,15,0.7333333333333333
4724,13,1,3,1,0,18,0.7222222222222222
4725,14,1,3,1,0,19,0.7368421052631579
4726,15,2,3,1,0,21,0.7142857142857143
4727,12,1,3,0,0,16,0.75
4728,13,1,3,0,0,17,0.7647058823529411
4729,13,1,3,1,0,18,0.7222222222222222
4730,14,1,3,1,0,19,0.7368421052631579
4731,13,1,3,1,0,18,0.7222222222222222
4732,14,1,3,0,0,18,0.7777777777777778
4733,12,1,3,1,0,17,0.7058823529411765
4734,11,1,3,0,0,15,0.7333333333333333
4735,13,1,3,1,0,18,0.7222222222222222
4736,14,1,3,0,0,18,0.7777777777777778
4737,13,1,3,1,0,18,0.7222222222222222
4738,13,1,3,1,0,18,0.7222222222222222
4739,12,1,3,1,0,17,0.7058823529411765
4740,15,1,3,0,0,19,0.7894736842105263
4741,15,1,3,0,0,19,0.7894736842105263
4742,15,1,3,0,0,19,0.7894736842105263
4743,13,1,3,1,0,18,0.7222222222222222
4744,16,1,3,1,0,21,0.7619047619047619
4745,15,1,3,1,0,20,0.75
4746,13,1,3,0,0,17,0.7647058823529411
4747,15,1,3,1,0,20,0.75
4748,14,1,3,0,0,18,0.7777777777777778
4749,13,1,3,1,0,18,0.7222222222222222
4750,14,1,3,1,0,19,0.7368421052631579
4751,12,1,3,0,0,16,0.75
4752,14,1,3,1,0,19,0.7368421052631579
4753,15,1,3,1,0,20,0.75
4754,13,1,3,1,0,18,0.7222222222222222
4755,15,1,3,0,0,19,0.7894736842105263
4756,12,1,3,1,0,17,0.7058823529411765
4757,14,1,3,1,0,19,0.7368421052631579
4758,15,1,3,1,0,20,0.75
4759,14,1,3,1,0,19,0.7368421052631579
4760,14,1,3,1,0,19,0.7368421052631579
4761,15,1,3,1,0,20,0.75
4762,13,1,3,0,0,17,0.7647058823529411
4763,14,1,3,1,0,19,0.7368421052631579
4764,12,1,3,1,0,17,0.7058823529411765
4765,13,1,3,0,0,17,0.7647058823529411
4766,12,2,3,1,0,18,0.6666666666666666
4767,13,1,3,0,0,17,0.7647058823529411
4768,14,1,3,1,0,19,0.7368421052631579
4769,14,2,3,0,0,19,0.7368421052631579
4770,14,3,3,1,0,21,0.6666666666666666
4771,12,2,3,1,0,18,0.6666666666666666
4772,14,2,3,1,0,20,0.7
4773,13,3,3,1,0,20,0.65
4774,14,1,3,0,0,18,0.7777777777777778
4775,13,1,3,0,0,17,0.7647058823529411
4776,14,1,3,0,0,18,0.7777777777777778
4777,13,1,3,1,0,18,0.7222222222222222
4778,12,1,3,0,0,16,0.75
4779,14,1,3,1,0,19,0.7368421052631579
4780,14,1,3,1,0,19,0.7368421052631579
4781,11,1,3,1,0,16,0.6875
4782,12,1,3,1,0,17,0.7058823529411765
4783,11,1,3,1,0,16,0.6875
4784,11,1,3,0,0,15,0.7333333333333333
4785,13,1,3,0,0,17,0.7647058823529411
4786,14,1,3,0,0,18,0.7777777777777778
4787,13,1,3,1,0,18,0.7222222222222222
4788,13,1,3,1,0,18,0.7222222222222222
4789,14,1,3,1,0,19,0.7368421052631579
4790,13,1,3,0,0,17,0.7647058823529411
4791,15,1,3,1,0,20,0.75
4792,13,1,3,1,0,18,0.7222222222222222
4793,13,2,3,1,0,19,0.6842105263157895
4794,14,1,3,1,0,19,0.7368421052631579
4795,14,1,3,0,0,18,0.7777777777777778
4796,11,1,3,0,0,15,0.7333333333333333
4797,13,1,3,1,0,18,0.7222222222222222
4798,13,1,3,0,0,17,0.7647058823529411
4799,13,1,3,1,0,18,0.7222222222222222
4800,12,1,3,0,0,16,0.75
4801,16,1,3,1,0,21,0.7619047619047619
4802,13,1,3,1,0,18,0.7222222222222222
4803,12,1,3,0,0,16,0.75
4804,13,1,3,1,0,18,0.7222222222222222
4805,13,1,3,0,0,17,0.7647058823529411
4806,12,1,3,0,0,16,0.75
4807,11,1,3,0,0,15,0.7333333333333333
4808,13,1,3,0,0,17,0.7647058823529411
4809,14,1,3,0,0,18,0.7777777777777778
4810,12,1,3,0,0,16,0.75
4811,12,1,3,0,0,16,0.75
4812,13,1,3,0,0,17,0.7647058823529411
4813,14,1,3,0,0,18,0.7777777777777778
4814,15,1,3,1,0,20,0.75
4815,13,1,3,1,0,18,0.7222222222222222
4816,14,1,3,0,0,18,0.7777777777777778
4817,14,1,3,1,0,19,0.7368421052631579
4818,12,1,3,0,0,16,0.75
4819,13,1,3,1,0,18,0.7222222222222222
4820,13,1,3,1,0,18,0.7222222222222222
4821,12,1,3,1,0,17,0.7058823529411765
4822,13,1,3,0,0,17,0.7647058823529411
4823,13,1,3,1,0,18,0.7222222222222222
4824,13,1,3,1,0,18,0.7222222222222222
4825,14,0,3,1,0,18,0.7777777777777778
4826,12,1,3,1,0,17,0.7058823529411765
4827,13,1,3,0,0,17,0.7647058823529411
4828,12,1,3,0,0,16,0.75
4829,13,1,4,1,0,19,0.6842105263157895
4830,13,1,3,1,0,18,0.7222222222222222
4831,12,1,3,1,0,17,0.7058823529411765
4832,13,1,3,0,0,17,0.7647058823529411
4833,12,1,3,1,0,17,0.7058823529411765
4834,14,1,4,1,0,20,0.7
4835,12,1,3,1,0,17,0.7058823529411765
4836,14,1,4,1,0,20,0.7
4837,13,1,3,0,0,17,0.7647058823529411
4838,14,1,3,0,0,18,0.7777777777777778
4839,15,1,3,0,0,19,0.7894736842105263
4840,13,2,3,1,0,19,0.6842105263157895
4841,15,1,3,1,0,20,0.75
4842,14,1,3,0,0,18,0.7777777777777778
4843,12,1,3,1,0,17,0.7058823529411765
4844,14,1,3,0,0,18,0.7777777777777778
4845,14,1,3,1,0,19,0.7368421052631579
4846,13,1,3,1,0,18,0.7222222222222222
4847,15,2,3,0,0,20,0.75
4848,12,1,4,1,0,18,0.6666666666666666
4849,14,1,3,1,0,19,0.7368421052631579
4850,14,1,3,0,0,18,0.7777777777777778
4851,14,2,3,0,0,19,0.7368421052631579
4852,14,1,3,1,0,19,0.7368421052631579
4853,14,1,3,0,0,18,0.7777777777777778
4854,13,1,3,1,0,18,0.7222222222222222
4855,14,1,3,1,0,19,0.7368421052631579
4856,15,1,3,1,0,20,0.75
4857,14,1,3,1,0,19,0.7368421052631579
4858,13,1,3,1,0,18,0.7222222222222222
4859,13,1,3,1,0,18,0.7222222222222222
4860,13,1,3,1,0,18,0.7222222222222222
4861,15,1,3,0,0,19,0.7894736842105263
4862,14,1,3,1,0,19,0.7368421052631579
4863,13,2,3,1,0,19,0.6842105263157895
4864,13,1,3,1,0,18,0.7222222222222222
4865,14,1,3,1,0,19,0.7368421052631579
4866,13,3,3,0,0,19,0.6842105263157895
4867,14,1,3,1,0,19,0.7368421052631579
4868,14,1,3,1,0,19,0.7368421052631579
4869,14,1,3,0,0,18,0.7777777777777778
4870,11,1,3,1,0,16,0.6875
4871,15,2,3,1,0,21,0.7142857142857143
4872,12,1,3,0,0,16,0.75
4873,14,1,3,0,0,18,0.7777777777777778
4874,15,1,3,1,0,20,0.75
4875,12,1,3,0,0,16,0.75
4876,14,1,3,0,0,18,0.7777777777777778
4877,13,1,3,0,0,17,0.7647058823529411
4878,13,1,3,1,0,18,0.7222222222222222
4879,14,1,3,0,0,18,0.7777777777777778
4880,14,1,3,1,0,19,0.7368421052631579
4881,10,1,3,1,0,15,0.6666666666666666
4882,13,1,3,0,0,17,0.7647058823529411
4883,14,1,3,1,0,19,0.7368421052631579
4884,13,1,3,1,0,18,0.7222222222222222
4885,13,1,3,0,0,17,0.7647058823529411
4886,14,1,3,1,0,19,0.7368421052631579
4887,13,1,3,1,0,18,0.7222222222222222
4888,11,1,3,1,0,16,0.6875
4889,15,1,3,1,0,20,0.75
4890,12,1,3,1,0,17,0.7058823529411765
4891,13,1,3,1,0,18,0.7222222222222222
4892,10,1,3,1,0,15,0.6666666666666666
4893,11,1,3,0,0,15,0.7333333333333333
4894,11,1,3,0,0,15,0.7333333333333333
4895,12,1,3,0,0,16,0.75
4896,15,1,3,0,0,19,0.7894736842105263
4897,11,2,3,1,0,17,0.6470588235294118
4898,12,1,3,0,0,16,0.75
4899,14,1,3,1,0,19,0.7368421052631579
4900,14,2,3,1,0,20,0.7
4901,11,1,3,0,0,15,0.7333333333333333
4902,9,1,3,0,0,13,0.6923076923076923
4903,13,1,3,1,0,18,0.7222222222222222
4904,12,1,4,0,0,17,0.7058823529411765
4905,13,1,3,1,0,18,0.7222222222222222
4906,14,1,3,1,0,19,0.7368421052631579
4907,14,1,3,1,0,19,0.7368421052631579
4908,14,1,3,0,0,18,0.7777777777777778
4909,14,1,3,1,0,19,0.7368421052631579
4910,13,1,3,0,0,17,0.7647058823529411
4911,11,1,3,0,0,15,0.7333333333333333
4912,13,1,3,0,0,17,0.7647058823529411
4913,12,1,3,1,0,17,0.7058823529411765
4914,14,1,3,1,0,19,0.7368421052631579
4915,15,1,3,1,0,20,0.75
4916,13,1,3,1,0,18,0.7222222222222222
4917,12,1,3,1,0,17,0.7058823529411765
4918,13,1,3,1,0,18,0.7222222222222222
4919,13,1,3,0,0,17,0.7647058823529411
4920,11,3,3,1,0,18,0.6111111111111112
4921,11,2,3,0,0,16,0.6875
4922,11,2,3,1,0,17,0.6470588235294118
4923,10,2,3,1,0,16,0.625
4924,12,3,3,0,0,18,0.6666666666666666
4925,12,3,3,0,0,18,0.6666666666666666
4926,10,4,3,0,0,17,0.5882352941176471
4927,9,3,3,0,0,15,0.6
4928,10,2,3,1,0,16,0.625
4929,11,3,3,1,0,18,0.6111111111111112
4930,12,2,3,1,0,18,0.6666666666666666
4931,9,2,3,0,0,14,0.6428571428571429
4932,10,2,3,1,0,16,0.625
4933,9,2,3,0,0,14,0.6428571428571429
4934,12,3,3,0,0,18,0.6666666666666666
4935,12,1,3,0,0,16,0.75
4936,14,2,3,0,0,19,0.7368421052631579
4937,11,1,3,0,0,15,0.7333333333333333
4938,13,2,3,0,0,18,0.7222222222222222
4939,12,1,3,0,0,16,0.75
4940,12,1,3,1,0,17,0.7058823529411765
4941,12,1,3,1,0,17,0.7058823529411765
4942,13,1,3,0,0,17,0.7647058823529411
4943,14,1,3,1,0,19,0.7368421052631579
4944,9,1,3,0,0,13,0.6923076923076923
4945,12,1,3,1,0,17,0.7058823529411765
4946,14,1,3,0,0,18,0.7777777777777778
4947,14,1,3,1,0,19,0.7368421052631579
4948,15,0,3,0,0,18,0.8333333333333334
4949,14,1,3,1,0,19,0.7368421052631579
4950,14,1,3,1,0,19,0.7368421052631579
4951,14,1,3,1,0,19,0.7368421052631579
4952,13,1,3,1,0,18,0.7222222222222222
4953,14,1,3,1,0,19,0.7368421052631579
4954,13,1,3,1,0,18,0.7222222222222222
4955,12,1,3,1,0,17,0.7058823529411765
4956,15,1,3,1,0,20,0.75
4957,14,1,3,1,0,19,0.7368421052631579
4958,13,1,3,1,0,18,0.7222222222222222
4959,11,1,3,1,0,16,0.6875
4960,13,1,3,0,0,17,0.7647058823529411
4961,13,2,3,1,0,19,0.6842105263157895
4962,11,2,3,0,0,16,0.6875
4963,13,1,3,1,0,18,0.7222222222222222
4964,12,2,3,0,0,17,0.7058823529411765
4965,13,1,3,1,0,18,0.7222222222222222
4966,13,2,3,1,0,19,0.6842105263157895
4967,12,2,3,1,0,18,0.6666666666666666
4968,13,1,3,0,0,17,0.7647058823529411
4969,14,2,3,0,0,19,0.7368421052631579
4970,12,2,3,0,0,17,0.7058823529411765
4971,13,1,3,1,0,18,0.7222222222222222
4972,11,2,3,0,0,16,0.6875
4973,11,2,3,1,0,17,0.6470588235294118
4974,12,2,3,1,0,18,0.6666666666666666
4975,11,1,3,0,0,15,0.7333333333333333
4976,11,1,3,0,0,15,0.7333333333333333
4977,12,2,3,0,0,17,0.7058823529411765
4978,11,2,3,1,0,17,0.6470588235294118
4979,12,2,3,1,0,18,0.6666666666666666
4980,11,1,3,0,0,15,0.7333333333333333
4981,13,2,3,1,0,19,0.6842105263157895
4982,12,2,3,0,0,17,0.7058823529411765
4983,14,2,3,0,0,19,0.7368421052631579
4984,11,2,3,0,0,16,0.6875
4985,13,2,3,0,0,18,0.7222222222222222
4986,13,1,3,0,0,17,0.7647058823529411
4987,11,2,3,0,0,16,0.6875
4988,12,1,3,0,0,16,0.75
4989,13,2,3,0,0,18,0.7222222222222222
4990,13,2,3,1,0,19,0.6842105263157895
4991,13,2,3,1,0,19,0.6842105263157895
4992,14,3,3,0,0,20,0.7
4993,13,2,3,0,0,18,0.7222222222222222
4994,12,2,3,0,0,17,0.7058823529411765
4995,13,2,3,0,0,18,0.7222222222222222
4996,12,2,3,0,0,17,0.7058823529411765
4997,12,2,3,0,0,17,0.7058823529411765
4998,13,2,3,0,0,18,0.7222222222222222
4999,11,1,3,1,0,16,0.6875
5000,12,2,3,1,0,18,0.6666666666666666
5001,13,2,3,0,0,18,0.7222222222222222
5002,11,2,3,0,0,16,0.6875
5003,11,1,3,0,0,15,0.7333333333333333
5004,12,2,3,0,0,17,0.7058823529411765
5005,11,1,3,0,0,15,0.7333333333333333
5006,12,2,3,0,0,17,0.7058823529411765
5007,11,2,3,0,0,16,0.6875
5008,11,1,3,0,0,15,0.7333333333333333
5009,13,2,3,0,0,18,0.7222222222222222
5010,13,2,3,0,0,18,0.7222222222222222
5011,11,2,3,0,0,16,0.6875
5012,13,2,3,0,0,18,0.7222222222222222
5013,12,2,3,0,0,17,0.7058823529411765
5014,13,2,3,0,0,18,0.7222222222222222
5015,14,2,3,0,0,19,0.7368421052631579
5016,13,2,3,0,0,18,0.7222222222222222
5017,12,1,3,0,0,16,0.75
5018,8,3,3,0,0,14,0.5714285714285714
5019,13,1,3,0,0,17,0.7647058823529411
5020,11,3,3,0,0,17,0.6470588235294118
5021,11,2,3,1,0,17,0.6470588235294118
5022,13,2,3,1,0,19,0.6842105263157895
5023,13,2,3,1,0,19,0.6842105263157895
5024,13,2,3,0,0,18,0.7222222222222222
5025,13,1,3,0,0,17,0.7647058823529411
5026,12,1,3,0,0,16,0.75
5027,13,2,3,1,0,19,0.6842105263157895
5028,12,2,3,0,0,17,0.7058823529411765
5029,11,1,3,1,0,16,0.6875
5030,11,2,3,0,0,16,0.6875
5031,12,2,3,0,0,17,0.7058823529411765
5032,12,3,3,0,0,18,0.6666666666666666
5033,13,5,3,0,0,21,0.6190476190476191
5034,13,2,3,1,0,19,0.6842105263157895
5035,13,3,3,0,0,19,0.6842105263157895
5036,13,3,3,1,0,20,0.65
5037,13,2,3,1,0,19,0.6842105263157895
5038,13,3,3,0,0,19,0.6842105263157895
5039,12,2,3,0,0,17,0.7058823529411765
5040,13,3,3,0,0,19,0.6842105263157895
5041,13,4,3,1,0,21,0.6190476190476191
5042,11,2,3,0,0,16,0.6875
5043,11,2,3,0,0,16,0.6875
5044,13,3,3,1,0,20,0.65
5045,12,3,3,0,0,18,0.6666666666666666
5046,11,2,3,0,0,16,0.6875
5047,11,2,3,0,0,16,0.6875
5048,12,2,3,1,0,18,0.6666666666666666
5049,14,2,3,0,0,19,0.7368421052631579
5050,14,2,3,0,0,19,0.7368421052631579
5051,11,3,3,0,0,17,0.6470588235294118
5052,13,2,3,0,0,18,0.7222222222222222
5053,12,3,3,0,0,18,0.6666666666666666
5054,12,3,3,0,0,18,0.6666666666666666
5055,13,2,3,0,0,18,0.7222222222222222
5056,12,2,3,0,0,17,0.7058823529411765
5057,12,3,3,0,0,18,0.6666666666666666
5058,13,3,3,1,0,20,0.65
5059,14,2,3,0,0,19,0.7368421052631579
5060,11,2,3,0,0,16,0.6875
5061,11,2,3,0,0,16,0.6875
5062,11,2,3,0,0,16,0.6875
5063,11,3,3,0,0,17,0.6470588235294118
5064,12,3,3,0,0,18,0.6666666666666666
5065,12,3,3,0,0,18,0.6666666666666666
5066,12,2,3,0,0,17,0.7058823529411765
5067,13,2,3,0,0,18,0.7222222222222222
5068,10,2,3,0,0,15,0.6666666666666666
5069,12,2,3,0,0,17,0.7058823529411765
5070,12,3,3,0,0,18,0.6666666666666666
5071,13,3,3,0,0,19,0.6842105263157895
5072,14,3,3,0,0,20,0.7
5073,13,2,3,1,0,19,0.6842105263157895
5074,13,4,3,0,0,20,0.65
5075,13,3,3,0,0,19,0.6842105263157895
5076,11,3,3,0,0,17,0.6470588235294118
5077,12,3,3,0,0,18,0.6666666666666666
5078,12,2,3,0,0,17,0.7058823529411765
5079,12,3,3,0,0,18,0.6666666666666666
5080,11,2,3,0,0,16,0.6875
5081,11,2,3,0,0,16,0.6875
5082,13,2,3,0,0,18,0.7222222222222222
5083,12,3,3,0,0,18,0.6666666666666666
5084,11,2,3,0,0,16,0.6875
5085,10,2,3,0,0,15,0.6666666666666666
5086,12,2,3,0,0,17,0.7058823529411765
5087,11,2,3,0,0,16,0.6875
5088,12,3,3,0,0,18,0.6666666666666666
5089,12,2,3,0,0,17,0.7058823529411765
5090,12,2,3,0,0,17,0.7058823529411765
5091,11,3,3,0,0,17,0.6470588235294118
5092,12,2,3,0,0,17,0.7058823529411765
5093,12,3,3,0,0,18,0.6666666666666666
5094,12,2,3,0,0,17,0.7058823529411765
5095,10,2,3,0,0,15,0.6666666666666666
5096,12,2,3,0,0,17,0.7058823529411765
5097,11,2,3,0,0,16,0.6875
5098,12,2,3,0,0,17,0.7058823529411765
5099,13,3,3,0,0,19,0.6842105263157895
5100,11,2,3,0,0,16,0.6875
5101,14,3,3,0,0,20,0.7
5102,14,3,3,0,0,20,0.7
5103,12,3,3,0,0,18,0.6666666666666666
5104,13,3,3,0,0,19,0.6842105263157895
5105,14,3,3,0,0,20,0.7
5106,13,3,3,0,0,19,0.6842105263157895
5107,11,4,3,0,0,18,0.6111111111111112
5108,13,4,3,0,0,20,0.65
5109,11,2,3,0,0,16,0.6875
5110,10,2,3,0,0,15,0.6666666666666666
5111,10,2,3,0,0,15,0.6666666666666666
5112,11,2,3,0,0,16,0.6875
5113,11,2,3,0,0,16,0.6875
5114,12,2,3,0,0,17,0.7058823529411765
5115,12,3,3,0,0,18,0.6666666666666666
5116,12,2,3,0,0,17,0.7058823529411765
5117,12,2,3,0,0,17,0.7058823529411765
5118,13,4,3,0,0,20,0.65
5119,11,2,3,0,0,16,0.6875
5120,14,3,3,0,0,20,0.7
5121,12,2,3,0,0,17,0.7058823529411765
5122,12,2,3,0,0,17,0.7058823529411765
5123,13,3,3,1,0,20,0.65
5124,12,3,3,0,0,18,0.6666666666666666
5125,11,2,3,0,0,16,0.6875
5126,13,3,3,1,0,20,0.65
5127,13,3,3,0,0,19,0.6842105263157895
5128,11,2,3,0,0,16,0.6875
5129,12,2,3,0,0,17,0.7058823529411765
5130,13,3,3,0,0,19,0.6842105263157895
5131,14,2,3,0,0,19,0.7368421052631579
5132,12,2,3,0,0,17,0.7058823529411765
5133,12,2,3,0,0,17,0.7058823529411765
5134,13,2,3,0,0,18,0.7222222222222222
5135,15,2,3,1,0,21,0.7142857142857143
5136,13,3,3,0,0,19,0.6842105263157895
5137,11,2,3,0,0,16,0.6875
5138,13,3,3,0,0,19,0.6842105263157895
5139,14,2,3,0,0,19,0.7368421052631579
5140,13,3,3,0,0,19,0.6842105263157895
5141,11,3,3,0,0,17,0.6470588235294118
5142,12,2,3,0,0,17,0.7058823529411765
5143,12,3,3,0,0,18,0.6666666666666666
5144,12,2,3,0,0,17,0.7058823529411765
5145,12,2,3,0,0,17,0.7058823529411765
5146,11,2,3,0,0,16,0.6875
5147,14,2,3,0,0,19,0.7368421052631579
5148,11,3,3,0,0,17,0.6470588235294118
5149,11,2,3,0,0,16,0.6875
5150,12,3,3,0,0,18,0.6666666666666666
5151,13,3,3,0,0,19,0.6842105263157895
5152,12,2,3,0,0,17,0.7058823529411765
5153,11,2,3,0,0,16,0.6875
5154,12,3,3,0,0,18,0.6666666666666666
5155,12,3,3,0,0,18,0.6666666666666666
5156,12,2,3,0,0,17,0.7058823529411765
5157,13,3,3,0,0,19,0.6842105263157895
5158,12,2,3,0,0,17,0.7058823529411765
5159,12,2,3,0,0,17,0.7058823529411765
5160,13,4,3,0,0,20,0.65
5161,12,2,3,0,0,17,0.7058823529411765
5162,12,4,3,0,0,19,0.631578947368421
5163,12,4,3,0,0,19,0.631578947368421
5164,12,4,3,0,0,19,0.631578947368421
5165,12,3,3,0,0,18,0.6666666666666666
5166,12,4,3,0,0,19,0.631578947368421
5167,10,4,3,0,0,17,0.5882352941176471
5168,13,2,3,0,0,18,0.7222222222222222
5169,13,1,3,0,0,17,0.7647058823529411
5170,15,2,3,1,0,21,0.7142857142857143
5171,12,1,3,0,0,16,0.75
5172,14,2,3,1,0,20,0.7
5173,14,2,3,1,0,20,0.7
5174,13,1,3,0,0,17,0.7647058823529411
5175,14,2,3,1,0,20,0.7
5176,14,2,3,1,0,20,0.7
5177,14,1,3,0,0,18,0.7777777777777778
5178,13,1,3,1,0,18,0.7222222222222222
5179,13,1,3,0,0,17,0.7647058823529411
5180,14,2,3,1,0,20,0.7
5181,14,2,3,1,0,20,0.7
5182,14,2,3,0,0,19,0.7368421052631579
5183,12,1,3,1,0,17,0.7058823529411765
5184,13,1,3,1,0,18,0.7222222222222222
5185,12,1,3,0,0,16,0.75
5186,13,1,3,0,0,17,0.7647058823529411
5187,13,1,3,0,0,17,0.7647058823529411
5188,13,1,3,0,0,17,0.7647058823529411
5189,11,2,3,0,0,16,0.6875
5190,14,3,3,0,0,20,0.7
5191,12,3,3,0,0,18,0.6666666666666666
5192,12,2,3,0,0,17,0.7058823529411765
5193,13,3,3,0,0,19,0.6842105263157895
5194,13,2,3,0,0,18,0.7222222222222222
5195,14,2,3,0,0,19,0.7368421052631579
5196,11,3,3,0,0,17,0.6470588235294118
5197,12,3,3,0,0,18,0.6666666666666666
5198,13,3,3,1,0,20,0.65
5199,11,2,3,0,0,16,0.6875
5200,13,3,3,0,0,19,0.6842105263157895
5201,14,2,3,0,0,19,0.7368421052631579
5202,11,3,3,1,0,18,0.6111111111111112
5203,14,2,3,0,0,19,0.7368421052631579
5204,14,1,3,1,0,19,0.7368421052631579
5205,11,2,3,0,0,16,0.6875
5206,13,1,3,0,0,17,0.7647058823529411
5207,14,2,3,0,0,19,0.7368421052631579
5208,12,2,3,1,0,18,0.6666666666666666
5209,13,2,3,0,0,18,0.7222222222222222
5210,11,2,3,0,0,16,0.6875
5211,13,2,3,0,0,18,0.7222222222222222
5212,13,3,3,0,0,19,0.6842105263157895
5213,14,2,3,0,0,19,0.7368421052631579
5214,13,3,3,0,0,19,0.6842105263157895
5215,14,3,3,0,0,20,0.7
5216,13,3,3,0,0,19,0.6842105263157895
5217,13,1,3,0,0,17,0.7647058823529411
5218,14,3,3,0,0,20,0.7
5219,13,2,3,1,0,19,0.6842105263157895
5220,13,3,3,0,0,19,0.6842105263157895
5221,14,3,3,0,0,20,0.7
5222,14,2,3,0,0,19,0.7368421052631579
5223,13,3,3,0,0,19,0.6842105263157895
5224,13,2,3,0,0,18,0.7222222222222222
5225,14,1,3,0,0,18,0.7777777777777778
5226,13,3,3,0,0,19,0.6842105263157895
5227,13,2,3,0,0,18,0.7222222222222222
5228,14,1,3,0,0,18,0.7777777777777778
5229,14,2,3,0,0,19,0.7368421052631579
5230,13,2,3,0,0,18,0.7222222222222222
5231,13,2,3,0,0,18,0.7222222222222222
5232,13,1,3,0,0,17,0.7647058823529411
5233,10,1,3,0,0,14,0.7142857142857143
5234,12,2,3,0,0,17,0.7058823529411765
5235,12,1,3,0,0,16,0.75
5236,13,3,3,0,0,19,0.6842105263157895
5237,13,2,3,1,0,19,0.6842105263157895
5238,11,1,3,0,0,15,0.7333333333333333
5239,14,2,3,0,0,19,0.7368421052631579
5240,14,3,3,0,0,20,0.7
5241,13,2,3,1,0,19,0.6842105263157895
5242,13,2,3,0,0,18,0.7222222222222222
5243,14,1,3,1,0,19,0.7368421052631579
5244,13,2,3,1,0,19,0.6842105263157895
5245,15,1,3,0,0,19,0.7894736842105263
5246,14,1,3,1,0,19,0.7368421052631579
5247,14,3,3,1,0,21,0.6666666666666666
5248,13,2,3,0,0,18,0.7222222222222222
5249,14,3,3,0,0,20,0.7
5250,13,1,3,1,0,18,0.7222222222222222
5251,12,2,3,0,0,17,0.7058823529411765
5252,14,1,3,0,0,18,0.7777777777777778
5253,12,2,3,0,0,17,0.7058823529411765
5254,12,1,3,0,0,16,0.75
5255,13,1,3,0,0,17,0.7647058823529411
5256,15,2,3,0,0,20,0.75
5257,14,1,3,0,0,18,0.7777777777777778
5258,13,2,3,0,0,18,0.7222222222222222
5259,14,2,3,0,0,19,0.7368421052631579
5260,15,2,3,0,0,20,0.75
5261,14,2,3,0,0,19,0.7368421052631579
5262,13,1,3,0,0,17,0.7647058823529411
5263,14,3,3,0,0,20,0.7
5264,15,2,3,1,0,21,0.7142857142857143
5265,12,3,3,0,0,18,0.6666666666666666
5266,13,1,3,1,0,18,0.7222222222222222
5267,13,2,3,0,0,18,0.7222222222222222
5268,14,3,3,1,0,21,0.6666666666666666
5269,13,3,3,0,0,19,0.6842105263157895
5270,12,2,3,0,0,17,0.7058823529411765
5271,13,3,3,0,0,19,0.6842105263157895
5272,12,2,3,0,0,17,0.7058823529411765
5273,14,3,3,0,0,20,0.7
5274,12,3,3,1,0,19,0.631578947368421
5275,12,1,3,0,0,16,0.75
5276,14,2,3,0,0,19,0.7368421052631579
5277,13,2,3,0,0,18,0.7222222222222222
5278,14,2,3,0,0,19,0.7368421052631579
5279,13,3,3,0,0,19,0.6842105263157895
5280,14,2,3,0,0,19,0.7368421052631579
5281,14,2,3,0,0,19,0.7368421052631579
5282,13,3,3,0,0,19,0.6842105263157895
5283,12,2,3,0,0,17,0.7058823529411765
5284,13,3,3,0,0,19,0.6842105263157895
5285,12,2,3,0,0,17,0.7058823529411765
5286,15,1,3,0,0,19,0.7894736842105263
5287,14,3,3,0,0,20,0.7
5288,15,3,3,1,0,22,0.6818181818181818
5289,13,2,3,0,0,18,0.7222222222222222
5290,13,1,3,1,0,18,0.7222222222222222
5291,14,2,3,1,0,20,0.7
5292,14,1,3,1,0,19,0.7368421052631579
5293,12,2,3,0,0,17,0.7058823529411765
5294,15,2,3,0,0,20,0.75
5295,16,2,3,0,0,21,0.7619047619047619
5296,14,2,3,0,0,19,0.7368421052631579
5297,14,2,3,0,0,19,0.7368421052631579
5298,12,3,3,0,0,18,0.6666666666666666
5299,12,3,3,0,0,18,0.6666666666666666
5300,13,2,3,0,0,18,0.7222222222222222
5301,12,3,3,0,0,18,0.6666666666666666
5302,12,2,3,0,0,17,0.7058823529411765
5303,12,2,3,0,0,17,0.7058823529411765
5304,12,3,3,0,0,18,0.6666666666666666
5305,12,2,3,0,0,17,0.7058823529411765
5306,14,1,3,1,0,19,0.7368421052631579
5307,14,2,3,0,0,19,0.7368421052631579
5308,10,2,3,0,0,15,0.6666666666666666
5309,13,2,3,0,0,18,0.7222222222222222
5310,12,2,3,0,0,17,0.7058823529411765
5311,12,1,3,0,0,16,0.75
5312,13,1,3,1,0,18,0.7222222222222222
5313,11,2,3,1,0,17,0.6470588235294118
5314,12,1,3,0,0,16,0.75
5315,11,2,3,1,0,17,0.6470588235294118
5316,13,2,3,0,0,18,0.7222222222222222
5317,13,1,3,0,0,17,0.7647058823529411
5318,13,2,3,0,0,18,0.7222222222222222
5319,14,1,3,1,0,19,0.7368421052631579
5320,12,2,3,0,0,17,0.7058823529411765
5321,14,2,3,0,0,19,0.7368421052631579
5322,14,2,3,0,0,19,0.7368421052631579
5323,13,2,3,0,0,18,0.7222222222222222
5324,12,1,3,0,0,16,0.75
5325,11,2,3,0,0,16,0.6875
5326,13,2,3,0,0,18,0.7222222222222222
5327,13,3,3,0,0,19,0.6842105263157895
5328,14,2,3,0,0,19,0.7368421052631579
5329,14,1,3,0,0,18,0.7777777777777778
5330,13,2,3,1,0,19,0.6842105263157895
5331,14,2,3,0,0,19,0.7368421052631579
5332,14,1,3,0,0,18,0.7777777777777778
5333,13,1,3,0,0,17,0.7647058823529411
5334,12,1,3,0,0,16,0.75
5335,14,1,3,0,0,18,0.7777777777777778
5336,15,2,3,0,0,20,0.75
5337,14,1,3,0,0,18,0.7777777777777778
5338,16,2,3,0,0,21,0.7619047619047619
5339,13,1,3,0,0,17,0.7647058823529411
5340,14,2,3,1,0,20,0.7
5341,13,1,3,1,0,18,0.7222222222222222
5342,13,2,3,0,0,18,0.7222222222222222
5343,14,3,3,0,0,20,0.7
5344,13,1,3,0,0,17,0.7647058823529411
5345,13,1,3,1,0,18,0.7222222222222222
5346,14,2,3,0,0,19,0.7368421052631579
5347,13,1,3,0,0,17,0.7647058823529411
5348,14,2,3,0,0,19,0.7368421052631579
5349,13,2,3,1,0,19,0.6842105263157895
5350,13,1,3,0,0,17,0.7647058823529411
5351,13,1,3,0,0,17,0.7647058823529411
5352,14,2,3,0,0,19,0.7368421052631579
5353,14,2,3,0,0,19,0.7368421052631579
5354,13,2,3,1,0,19,0.6842105263157895
5355,13,3,3,0,0,19,0.6842105263157895
5356,13,3,3,0,0,19,0.6842105263157895
5357,12,1,3,1,0,17,0.7058823529411765
5358,12,3,3,0,0,18,0.6666666666666666
5359,13,1,3,0,0,17,0.7647058823529411
5360,14,2,3,0,0,19,0.7368421052631579
5361,13,3,3,0,0,19,0.6842105263157895
5362,13,2,3,1,0,19,0.6842105263157895
5363,14,3,3,0,0,20,0.7
5364,12,4,3,0,0,19,0.631578947368421
5365,14,3,3,0,0,20,0.7
5366,11,3,3,0,0,17,0.6470588235294118
5367,13,2,3,0,0,18,0.7222222222222222
5368,12,2,3,0,0,17,0.7058823529411765
5369,13,2,3,0,0,18,0.7222222222222222
5370,15,2,3,0,0,20,0.75
5371,12,2,3,0,0,17,0.7058823529411765
5372,12,1,3,0,0,16,0.75
5373,13,3,3,0,0,19,0.6842105263157895
5374,12,2,3,0,0,17,0.7058823529411765
5375,13,2,3,0,0,18,0.7222222222222222
5376,12,2,3,0,0,17,0.7058823529411765
5377,13,1,3,0,0,17,0.7647058823529411
5378,14,3,3,0,0,20,0.7
5379,14,4,3,0,0,21,0.6666666666666666
5380,12,3,3,0,0,18,0.6666666666666666
5381,12,3,3,0,0,18,0.6666666666666666
5382,13,2,3,0,0,18,0.7222222222222222
5383,14,4,3,0,0,21,0.6666666666666666
5384,13,2,3,0,0,18,0.7222222222222222
5385,13,3,3,0,0,19,0.6842105263157895
5386,13,2,3,0,0,18,0.7222222222222222
5387,12,2,3,0,0,17,0.7058823529411765
5388,12,3,3,0,0,18,0.6666666666666666
5389,13,2,3,1,0,19,0.6842105263157895
5390,12,2,3,0,0,17,0.7058823529411765
5391,12,2,3,0,0,17,0.7058823529411765
5392,12,3,3,0,0,18,0.6666666666666666
5393,14,2,3,0,0,19,0.7368421052631579
5394,11,3,3,0,0,17,0.6470588235294118
5395,13,3,3,0,0,19,0.6842105263157895
5396,14,2,3,0,0,19,0.7368421052631579
5397,12,3,3,0,0,18,0.6666666666666666
5398,13,2,3,0,0,18,0.7222222222222222
5399,12,2,3,0,0,17,0.7058823529411765
5400,12,2,3,0,0,17,0.7058823529411765
5401,13,2,3,0,0,18,0.7222222222222222
5402,13,3,3,0,0,19,0.6842105263157895
5403,12,2,3,0,0,17,0.7058823529411765
5404,14,2,3,0,0,19,0.7368421052631579
5405,12,2,3,0,0,17,0.7058823529411765
5406,13,2,3,0,0,18,0.7222222222222222
5407,12,3,3,0,0,18,0.6666666666666666
5408,12,3,3,1,0,19,0.631578947368421
5409,12,2,3,0,0,17,0.7058823529411765
5410,12,2,3,0,0,17,0.7058823529411765
5411,13,3,3,0,0,19,0.6842105263157895
5412,13,2,3,0,0,18,0.7222222222222222
5413,13,1,3,0,0,17,0.7647058823529411
5414,11,2,3,0,0,16,0.6875
5415,13,2,3,0,0,18,0.7222222222222222
5416,12,2,3,1,0,18,0.6666666666666666
5417,13,2,3,0,0,18,0.7222222222222222
5418,14,1,3,0,0,18,0.7777777777777778
5419,11,1,3,0,0,15,0.7333333333333333
5420,13,1,3,0,0,17,0.7647058823529411
5421,13,1,3,0,0,17,0.7647058823529411
5422,13,2,3,0,0,18,0.7222222222222222
5423,13,2,3,0,0,18,0.7222222222222222
5424,13,2,3,0,0,18,0.7222222222222222
5425,13,1,3,0,0,17,0.7647058823529411
5426,12,3,3,0,0,18,0.6666666666666666
5427,12,2,3,0,0,17,0.7058823529411765
5428,11,2,3,0,0,16,0.6875
5429,12,1,3,1,0,17,0.7058823529411765
5430,14,1,3,1,0,19,0.7368421052631579
5431,10,1,3,0,0,14,0.7142857142857143
5432,11,2,3,0,0,16,0.6875
5433,14,1,3,0,0,18,0.7777777777777778
5434,13,1,3,0,0,17,0.7647058823529411
5435,13,1,3,0,0,17,0.7647058823529411
5436,11,1,3,0,0,15,0.7333333333333333
5437,11,1,3,1,0,16,0.6875
5438,15,1,3,1,0,20,0.75
5439,13,2,3,0,0,18,0.7222222222222222
5440,14,2,3,0,0,19,0.7368421052631579
5441,11,1,3,0,0,15,0.7333333333333333
5442,14,1,3,0,0,18,0.7777777777777778
5443,12,1,3,1,0,17,0.7058823529411765
5444,13,1,3,1,0,18,0.7222222222222222
5445,14,2,3,1,0,20,0.7
5446,14,1,3,0,0,18,0.7777777777777778
5447,14,2,3,1,0,20,0.7
5448,13,1,3,1,0,18,0.7222222222222222
5449,11,1,3,0,0,15,0.7333333333333333
5450,13,1,3,1,0,18,0.7222222222222222
5451,11,1,3,0,0,15,0.7333333333333333
5452,9,1,3,0,0,13,0.6923076923076923
5453,12,1,3,0,0,16,0.75
5454,12,2,3,0,0,17,0.7058823529411765
5455,13,1,3,0,0,17,0.7647058823529411
5456,13,1,3,0,0,17,0.7647058823529411
5457,12,2,3,0,0,17,0.7058823529411765
5458,14,1,3,0,0,18,0.7777777777777778
5459,14,2,3,1,0,20,0.7
5460,12,1,3,0,0,16,0.75
5461,13,1,3,0,0,17,0.7647058823529411
5462,14,2,3,0,0,19,0.7368421052631579
5463,13,1,3,0,0,17,0.7647058823529411
5464,14,2,3,0,0,19,0.7368421052631579
5465,12,2,3,0,0,17,0.7058823529411765
5466,11,1,3,0,0,15,0.7333333333333333
5467,13,1,3,0,0,17,0.7647058823529411
5468,12,1,3,0,0,16,0.75
5469,11,2,3,0,0,16,0.6875
5470,12,2,3,0,0,17,0.7058823529411765
5471,14,1,3,0,0,18,0.7777777777777778
5472,13,1,3,0,0,17,0.7647058823529411
5473,15,2,3,0,0,20,0.75
5474,12,1,3,0,0,16,0.75
5475,11,2,3,1,0,17,0.6470588235294118
5476,14,1,3,0,0,18,0.7777777777777778
5477,9,3,3,0,0,15,0.6
5478,15,2,3,0,0,20,0.75
5479,14,1,3,0,0,18,0.7777777777777778
5480,14,1,3,0,0,18,0.7777777777777778
5481,14,1,3,0,0,18,0.7777777777777778
5482,12,1,3,0,0,16,0.75
5483,13,2,3,0,0,18,0.7222222222222222
5484,12,1,3,0,0,16,0.75
5485,13,2,3,0,0,18,0.7222222222222222
5486,13,3,3,0,0,19,0.6842105263157895
5487,12,2,3,0,0,17,0.7058823529411765
5488,13,2,3,0,0,18,0.7222222222222222
5489,12,1,3,0,0,16,0.75
5490,13,1,3,0,0,17,0.7647058823529411
5491,13,1,3,0,0,17,0.7647058823529411
5492,12,1,3,0,0,16,0.75
5493,12,1,3,0,0,16,0.75
5494,15,1,3,0,0,19,0.7894736842105263
5495,12,1,3,0,0,16,0.75
5496,13,1,3,0,0,17,0.7647058823529411
5497,12,2,3,0,0,17,0.7058823529411765
5498,12,2,3,0,0,17,0.7058823529411765
5499,13,2,3,0,0,18,0.7222222222222222
5500,12,1,3,0,0,16,0.75
5501,13,1,3,0,0,17,0.7647058823529411
5502,13,2,3,0,0,18,0.7222222222222222
5503,12,2,3,0,0,17,0.7058823529411765
5504,13,1,3,0,0,17,0.7647058823529411
5505,13,2,3,0,0,18,0.7222222222222222
5506,12,1,3,0,0,16,0.75
5507,12,1,3,0,0,16,0.75
5508,13,3,3,0,0,19,0.6842105263157895
5509,14,2,3,0,0,19,0.7368421052631579
5510,13,2,3,0,0,18,0.7222222222222222
5511,11,2,3,0,0,16,0.6875
5512,11,2,3,0,0,16,0.6875
5513,12,2,3,0,0,17,0.7058823529411765
5514,13,2,3,0,0,18,0.7222222222222222
5515,12,1,3,0,0,16,0.75
5516,12,3,3,0,0,18,0.6666666666666666
5517,13,3,3,0,0,19,0.6842105263157895
5518,14,1,3,0,0,18,0.7777777777777778
5519,14,3,3,0,0,20,0.7
5520,13,1,3,0,0,17,0.7647058823529411
5521,14,1,3,0,0,18,0.7777777777777778
5522,12,2,3,1,0,18,0.6666666666666666
5523,14,1,3,0,0,18,0.7777777777777778
5524,12,1,3,1,0,17,0.7058823529411765
5525,14,2,3,0,0,19,0.7368421052631579
5526,14,2,3,0,0,19,0.7368421052631579
5527,14,2,3,0,0,19,0.7368421052631579
5528,15,4,3,0,0,22,0.6818181818181818
5529,13,3,3,0,0,19,0.6842105263157895
5530,12,2,3,0,0,17,0.7058823529411765
5531,14,2,3,0,0,19,0.7368421052631579
5532,13,2,3,0,0,18,0.7222222222222222
5533,15,3,3,0,0,21,0.7142857142857143
5534,15,3,3,0,0,21,0.7142857142857143
5535,15,1,3,0,0,19,0.7894736842105263
5536,14,1,3,0,0,18,0.7777777777777778
5537,13,1,3,0,0,17,0.7647058823529411
5538,14,2,3,0,0,19,0.7368421052631579
5539,15,1,3,0,0,19,0.7894736842105263
5540,14,1,3,0,0,18,0.7777777777777778
5541,14,1,3,0,0,18,0.7777777777777778
5542,15,1,3,0,0,19,0.7894736842105263
5543,14,1,3,0,0,18,0.7777777777777778
5544,12,1,3,0,0,16,0.75
5545,17,1,3,0,0,21,0.8095238095238095
5546,15,1,3,0,0,19,0.7894736842105263
5547,15,1,3,0,0,19,0.7894736842105263
5548,14,2,3,0,0,19,0.7368421052631579
5549,14,2,3,0,0,19,0.7368421052631579
5550,12,1,3,0,0,16,0.75
5551,16,2,3,0,0,21,0.7619047619047619
5552,13,1,3,0,0,17,0.7647058823529411
5553,13,1,3,0,0,17,0.7647058823529411
5554,14,1,3,0,0,18,0.7777777777777778
5555,14,2,3,0,0,19,0.7368421052631579
5556,15,1,3,1,0,20,0.75
5557,15,1,3,0,0,19,0.7894736842105263
5558,16,1,3,1,0,21,0.7619047619047619
5559,13,1,3,1,0,18,0.7222222222222222
5560,13,1,3,0,0,17,0.7647058823529411
5561,14,1,3,1,0,19,0.7368421052631579
5562,11,1,3,0,0,15,0.7333333333333333
5563,14,1,3,0,0,18,0.7777777777777778
5564,14,1,3,0,0,18,0.7777777777777778
5565,12,1,3,0,0,16,0.75
5566,13,2,3,0,0,18,0.7222222222222222
5567,14,1,3,0,0,18,0.7777777777777778
5568,13,1,3,0,0,17,0.7647058823529411
5569,14,1,3,0,0,18,0.7777777777777778
5570,15,1,3,0,0,19,0.7894736842105263
5571,14,1,2,0,0,17,0.8235294117647058
5572,16,1,3,1,0,21,0.7619047619047619
5573,15,1,3,0,0,19,0.7894736842105263
5574,13,1,3,0,0,17,0.7647058823529411
5575,15,1,3,0,0,19,0.7894736842105263
5576,14,1,3,0,0,18,0.7777777777777778
5577,11,1,3,1,0,16,0.6875
5578,14,1,3,0,0,18,0.7777777777777778
5579,12,1,3,0,0,16,0.75
5580,15,1,3,1,0,20,0.75
5581,13,1,3,0,0,17,0.7647058823529411
5582,14,1,3,0,0,18,0.7777777777777778
5583,14,1,3,1,0,19,0.7368421052631579
5584,15,1,3,0,0,19,0.7894736842105263
5585,16,1,3,1,0,21,0.7619047619047619
5586,15,1,3,0,0,19,0.7894736842105263
5587,13,1,3,0,0,17,0.7647058823529411
5588,13,2,3,0,0,18,0.7222222222222222
5589,12,2,3,0,0,17,0.7058823529411765
5590,15,1,3,0,0,19,0.7894736842105263
5591,14,1,3,0,0,18,0.7777777777777778
5592,12,1,3,0,0,16,0.75
5593,15,1,3,0,0,19,0.7894736842105263
5594,13,1,3,0,0,17,0.7647058823529411
5595,13,1,3,0,0,17,0.7647058823529411
5596,12,2,3,0,0,17,0.7058823529411765
5597,15,1,3,1,0,20,0.75
5598,13,2,3,0,0,18,0.7222222222222222
5599,15,2,3,1,0,21,0.7142857142857143
