frame,n_hydrophobic,n_polar,n_pos_charged,n_neg_charged,n_other,n_total,frac_hydrophobic
0,12,3,3,1,0,19,0.631578947368421
1,13,3,3,1,0,20,0.65
2,13,2,3,1,0,19,0.6842105263157895
3,12,2,3,1,0,18,0.6666666666666666
4,12,2,3,1,0,18,0.6666666666666666
5,13,3,3,1,0,20,0.65
6,13,3,3,1,0,20,0.65
7,13,3,3,1,0,20,0.65
8,13,3,3,1,0,20,0.65
9,12,3,3,1,0,19,0.631578947368421
10,13,3,3,1,0,20,0.65
11,13,2,3,1,0,19,0.6842105263157895
12,12,3,3,1,0,19,0.631578947368421
13,13,2,3,1,0,19,0.6842105263157895
14,11,3,3,1,0,18,0.6111111111111112
15,13,2,3,1,0,19,0.6842105263157895
16,12,2,3,1,0,18,0.6666666666666666
17,12,2,3,1,0,18,0.6666666666666666
18,13,2,2,1,0,18,0.7222222222222222
19,13,2,3,1,0,19,0.6842105263157895
20,13,3,3,1,0,20,0.65
21,13,2,2,1,0,18,0.7222222222222222
22,13,3,3,1,0,20,0.65
23,13,2,3,1,0,19,0.6842105263157895
24,13,2,3,1,0,19,0.6842105263157895
25,14,2,3,1,0,20,0.7
26,14,3,3,1,0,21,0.6666666666666666
27,13,2,3,1,0,19,0.6842105263157895
28,12,3,3,1,0,19,0.631578947368421
29,12,3,3,1,0,19,0.631578947368421
30,13,2,3,1,0,19,0.6842105263157895
31,11,2,3,1,0,17,0.6470588235294118
32,13,2,3,1,0,19,0.6842105263157895
33,11,1,3,2,0,17,0.6470588235294118
34,13,2,3,1,0,19,0.6842105263157895
35,13,2,3,1,0,19,0.6842105263157895
36,12,2,3,1,0,18,0.6666666666666666
37,12,3,3,1,0,19,0.631578947368421
38,12,2,3,1,0,18,0.6666666666666666
39,13,2,3,1,0,19,0.6842105263157895
40,12,3,3,1,0,19,0.631578947368421
41,12,3,3,1,0,19,0.631578947368421
42,12,2,3,1,0,18,0.6666666666666666
43,12,3,3,1,0,19,0.631578947368421
44,12,3,3,1,0,19,0.631578947368421
45,13,3,3,1,0,20,0.65
46,12,3,3,1,0,19,0.631578947368421
47,12,3,3,1,0,19,0.631578947368421
48,12,2,3,1,0,18,0.6666666666666666
49,13,2,3,1,0,19,0.6842105263157895
50,12,3,3,1,0,19,0.631578947368421
51,12,2,3,1,0,18,0.6666666666666666
52,12,3,2,1,0,18,0.6666666666666666
53,13,2,3,1,0,19,0.6842105263157895
54,14,3,3,1,0,21,0.6666666666666666
55,12,1,3,1,0,17,0.7058823529411765
56,13,2,3,1,0,19,0.6842105263157895
57,11,3,3,1,0,18,0.6111111111111112
58,13,3,3,1,0,20,0.65
59,13,2,3,1,0,19,0.6842105263157895
60,13,2,3,1,0,19,0.6842105263157895
61,12,3,3,1,0,19,0.631578947368421
62,13,3,3,1,0,20,0.65
63,12,2,3,1,0,18,0.6666666666666666
64,13,2,3,1,0,19,0.6842105263157895
65,11,3,3,1,0,18,0.6111111111111112
66,13,2,3,1,0,19,0.6842105263157895
67,13,2,3,1,0,19,0.6842105263157895
68,12,2,3,1,0,18,0.6666666666666666
69,11,2,3,1,0,17,0.6470588235294118
70,12,3,3,1,0,19,0.631578947368421
71,12,2,3,1,0,18,0.6666666666666666
72,13,3,3,1,0,20,0.65
73,13,2,3,1,0,19,0.6842105263157895
74,13,2,3,1,0,19,0.6842105263157895
75,12,2,3,1,0,18,0.6666666666666666
76,12,3,3,1,0,19,0.631578947368421
77,12,3,3,1,0,19,0.631578947368421
78,13,3,3,1,0,20,0.65
79,11,3,3,1,0,18,0.6111111111111112
80,14,2,3,1,0,20,0.7
81,12,3,3,1,0,19,0.631578947368421
82,13,3,3,1,0,20,0.65
83,13,3,3,1,0,20,0.65
84,11,2,3,1,0,17,0.6470588235294118
85,9,3,3,1,0,16,0.5625
86,11,2,3,1,0,17,0.6470588235294118
87,13,2,3,1,0,19,0.6842105263157895
88,13,2,3,1,0,19,0.6842105263157895
89,12,2,3,1,0,18,0.6666666666666666
90,12,3,3,1,0,19,0.631578947368421
91,12,2,3,1,0,18,0.6666666666666666
92,11,2,3,1,0,17,0.6470588235294118
93,11,2,3,1,0,17,0.6470588235294118
94,12,2,3,1,0,18,0.6666666666666666
95,12,2,3,2,0,19,0.631578947368421
96,12,2,3,1,0,18,0.6666666666666666
97,11,2,2,1,0,16,0.6875
98,12,2,3,1,0,18,0.6666666666666666
99,12,2,3,1,0,18,0.6666666666666666
100,11,2,3,1,0,17,0.6470588235294118
101,12,2,2,1,0,17,0.7058823529411765
102,13,1,3,1,0,18,0.7222222222222222
103,11,2,3,1,0,17,0.6470588235294118
104,12,2,3,1,0,18,0.6666666666666666
105,12,2,3,1,0,18,0.6666666666666666
106,12,2,3,1,0,18,0.6666666666666666
107,12,3,2,1,0,18,0.6666666666666666
108,12,3,3,1,0,19,0.631578947368421
109,12,2,3,1,0,18,0.6666666666666666
110,13,2,3,1,0,19,0.6842105263157895
111,14,2,3,1,0,20,0.7
112,12,2,3,1,0,18,0.6666666666666666
113,12,3,3,1,0,19,0.631578947368421
114,11,2,3,1,0,17,0.6470588235294118
115,13,2,3,1,0,19,0.6842105263157895
116,12,3,3,1,0,19,0.631578947368421
117,12,2,3,1,0,18,0.6666666666666666
118,13,2,3,1,0,19,0.6842105263157895
119,11,2,3,1,0,17,0.6470588235294118
120,13,2,3,1,0,19,0.6842105263157895
121,14,2,3,1,0,20,0.7
122,13,2,3,1,0,19,0.6842105263157895
123,14,2,3,1,0,20,0.7
124,14,2,3,1,0,20,0.7
125,11,1,3,1,0,16,0.6875
126,12,2,3,1,0,18,0.6666666666666666
127,11,2,3,1,0,17,0.6470588235294118
128,13,2,3,1,0,19,0.6842105263157895
129,13,2,3,1,0,19,0.6842105263157895
130,14,2,3,1,0,20,0.7
131,12,2,2,1,0,17,0.7058823529411765
132,12,2,3,1,0,18,0.6666666666666666
133,13,3,3,1,0,20,0.65
134,12,2,3,1,0,18,0.6666666666666666
135,11,2,3,1,0,17,0.6470588235294118
136,13,2,3,1,0,19,0.6842105263157895
137,13,2,3,1,0,19,0.6842105263157895
138,12,2,3,2,0,19,0.631578947368421
139,14,2,3,1,0,20,0.7
140,12,2,3,1,0,18,0.6666666666666666
141,11,2,3,1,0,17,0.6470588235294118
142,13,2,3,1,0,19,0.6842105263157895
143,13,2,3,1,0,19,0.6842105263157895
144,14,2,3,1,0,20,0.7
145,13,2,3,1,0,19,0.6842105263157895
146,13,2,3,2,0,20,0.65
147,13,2,3,1,0,19,0.6842105263157895
148,13,2,3,1,0,19,0.6842105263157895
149,12,2,3,1,0,18,0.6666666666666666
150,12,2,3,1,0,18,0.6666666666666666
151,13,2,3,1,0,19,0.6842105263157895
152,13,2,3,1,0,19,0.6842105263157895
153,13,2,3,1,0,19,0.6842105263157895
154,12,2,3,1,0,18,0.6666666666666666
155,14,2,3,1,0,20,0.7
156,11,2,3,1,0,17,0.6470588235294118
157,12,3,3,1,0,19,0.631578947368421
158,12,2,3,1,0,18,0.6666666666666666
159,13,2,3,1,0,19,0.6842105263157895
160,12,1,2,1,0,16,0.75
161,13,2,3,1,0,19,0.6842105263157895
162,12,2,3,1,0,18,0.6666666666666666
163,13,2,3,1,0,19,0.6842105263157895
164,11,2,3,1,0,17,0.6470588235294118
165,12,1,3,1,0,17,0.7058823529411765
166,12,2,3,1,0,18,0.6666666666666666
167,10,2,3,1,0,16,0.625
168,12,2,3,1,0,18,0.6666666666666666
169,11,3,3,1,0,18,0.6111111111111112
170,13,2,3,1,0,19,0.6842105263157895
171,13,2,3,1,0,19,0.6842105263157895
172,13,2,3,1,0,19,0.6842105263157895
173,12,2,2,1,0,17,0.7058823529411765
174,11,2,3,1,0,17,0.6470588235294118
175,12,3,3,1,0,19,0.631578947368421
176,13,2,3,1,0,19,0.6842105263157895
177,13,2,3,1,0,19,0.6842105263157895
178,12,2,3,1,0,18,0.6666666666666666
179,13,2,3,1,0,19,0.6842105263157895
180,12,2,3,1,0,18,0.6666666666666666
181,13,2,3,1,0,19,0.6842105263157895
182,12,2,3,1,0,18,0.6666666666666666
183,11,2,3,1,0,17,0.6470588235294118
184,13,2,3,1,0,19,0.6842105263157895
185,12,3,3,1,0,19,0.631578947368421
186,13,2,3,1,0,19,0.6842105263157895
187,12,2,3,1,0,18,0.6666666666666666
188,13,3,3,1,0,20,0.65
189,12,2,3,1,0,18,0.6666666666666666
190,11,2,3,1,0,17,0.6470588235294118
191,12,2,3,1,0,18,0.6666666666666666
192,13,3,3,1,0,20,0.65
193,12,1,3,1,0,17,0.7058823529411765
194,12,2,3,1,0,18,0.6666666666666666
195,12,2,3,1,0,18,0.6666666666666666
196,13,2,3,1,0,19,0.6842105263157895
197,12,2,3,1,0,18,0.6666666666666666
198,12,2,3,1,0,18,0.6666666666666666
199,13,2,3,1,0,19,0.6842105263157895
200,13,3,2,1,0,19,0.6842105263157895
201,11,3,3,1,0,18,0.6111111111111112
202,11,3,3,1,0,18,0.6111111111111112
203,12,2,3,1,0,18,0.6666666666666666
204,13,3,3,1,0,20,0.65
205,13,3,3,1,0,20,0.65
206,14,3,3,1,0,21,0.6666666666666666
207,13,3,3,1,0,20,0.65
208,12,2,3,1,0,18,0.6666666666666666
209,13,2,3,1,0,19,0.6842105263157895
210,13,2,3,1,0,19,0.6842105263157895
211,12,2,3,2,0,19,0.631578947368421
212,12,2,3,1,0,18,0.6666666666666666
213,13,2,3,2,0,20,0.65
214,12,2,3,2,0,19,0.631578947368421
215,12,2,3,1,0,18,0.6666666666666666
216,12,2,3,1,0,18,0.6666666666666666
217,12,1,3,1,0,17,0.7058823529411765
218,12,2,3,1,0,18,0.6666666666666666
219,13,2,3,1,0,19,0.6842105263157895
220,13,2,3,1,0,19,0.6842105263157895
221,12,2,2,1,0,17,0.7058823529411765
222,13,3,3,1,0,20,0.65
223,13,2,3,1,0,19,0.6842105263157895
224,11,3,3,1,0,18,0.6111111111111112
225,11,2,3,1,0,17,0.6470588235294118
226,11,2,2,1,0,16,0.6875
227,12,2,3,1,0,18,0.6666666666666666
228,13,3,3,1,0,20,0.65
229,12,2,3,1,0,18,0.6666666666666666
230,12,3,3,1,0,19,0.631578947368421
231,11,3,3,1,0,18,0.6111111111111112
232,13,2,3,1,0,19,0.6842105263157895
233,11,3,3,1,0,18,0.6111111111111112
234,13,3,3,1,0,20,0.65
235,12,3,3,1,0,19,0.631578947368421
236,11,2,3,1,0,17,0.6470588235294118
237,11,2,3,1,0,17,0.6470588235294118
238,10,2,3,1,0,16,0.625
239,13,3,3,1,0,20,0.65
240,13,3,3,1,0,20,0.65
241,13,3,3,1,0,20,0.65
242,12,3,3,1,0,19,0.631578947368421
243,10,3,3,1,0,17,0.5882352941176471
244,12,3,3,1,0,19,0.631578947368421
245,13,3,3,1,0,20,0.65
246,13,3,3,1,0,20,0.65
247,12,2,3,1,0,18,0.6666666666666666
248,14,3,3,1,0,21,0.6666666666666666
249,12,3,3,1,0,19,0.631578947368421
250,13,3,3,1,0,20,0.65
251,13,3,3,1,0,20,0.65
252,10,3,3,1,0,17,0.5882352941176471
253,12,3,3,1,0,19,0.631578947368421
254,12,2,2,2,0,18,0.6666666666666666
255,13,3,3,1,0,20,0.65
256,13,3,3,1,0,20,0.65
257,12,3,3,1,0,19,0.631578947368421
258,13,0,3,1,0,17,0.7647058823529411
259,13,2,3,1,0,19,0.6842105263157895
260,14,3,3,1,0,21,0.6666666666666666
261,13,2,3,1,0,19,0.6842105263157895
262,10,2,3,1,0,16,0.625
263,12,2,3,1,0,18,0.6666666666666666
264,13,2,3,1,0,19,0.6842105263157895
265,13,2,3,1,0,19,0.6842105263157895
266,13,3,3,1,0,20,0.65
267,13,3,3,1,0,20,0.65
268,10,3,3,1,0,17,0.5882352941176471
269,13,3,3,1,0,20,0.65
270,13,2,3,1,0,19,0.6842105263157895
271,13,1,3,1,0,18,0.7222222222222222
272,11,2,3,1,0,17,0.6470588235294118
273,11,2,3,1,0,17,0.6470588235294118
274,13,2,3,1,0,19,0.6842105263157895
275,12,2,3,1,0,18,0.6666666666666666
276,11,2,3,1,0,17,0.6470588235294118
277,14,2,3,1,0,20,0.7
278,11,3,3,1,0,18,0.6111111111111112
279,13,3,3,1,0,20,0.65
280,13,2,3,1,0,19,0.6842105263157895
281,11,3,3,1,0,18,0.6111111111111112
282,13,3,3,1,0,20,0.65
283,12,2,3,1,0,18,0.6666666666666666
284,11,3,3,1,0,18,0.6111111111111112
285,13,2,3,1,0,19,0.6842105263157895
286,13,3,3,1,0,20,0.65
287,13,2,3,1,0,19,0.6842105263157895
288,13,2,3,1,0,19,0.6842105263157895
289,12,2,3,1,0,18,0.6666666666666666
290,12,3,3,1,0,19,0.631578947368421
291,12,2,3,1,0,18,0.6666666666666666
292,11,3,3,1,0,18,0.6111111111111112
293,12,2,3,1,0,18,0.6666666666666666
294,12,2,3,1,0,18,0.6666666666666666
295,12,2,3,1,0,18,0.6666666666666666
296,12,2,3,1,0,18,0.6666666666666666
297,12,2,3,1,0,18,0.6666666666666666
298,13,3,3,1,0,20,0.65
299,14,2,3,1,0,20,0.7
300,13,2,3,1,0,19,0.6842105263157895
301,13,2,3,1,0,19,0.6842105263157895
302,13,2,3,1,0,19,0.6842105263157895
303,14,2,3,1,0,20,0.7
304,12,3,3,1,0,19,0.631578947368421
305,12,3,3,1,0,19,0.631578947368421
306,13,3,3,1,0,20,0.65
307,11,3,3,1,0,18,0.6111111111111112
308,13,2,3,1,0,19,0.6842105263157895
309,13,2,3,1,0,19,0.6842105263157895
310,13,2,3,1,0,19,0.6842105263157895
311,13,2,3,1,0,19,0.6842105263157895
312,12,1,3,1,0,17,0.7058823529411765
313,11,1,3,1,0,16,0.6875
314,12,3,3,1,0,19,0.631578947368421
315,11,3,2,2,0,18,0.6111111111111112
316,11,2,3,1,0,17,0.6470588235294118
317,12,2,2,1,0,17,0.7058823529411765
318,12,2,3,1,0,18,0.6666666666666666
319,12,2,3,1,0,18,0.6666666666666666
320,13,2,3,1,0,19,0.6842105263157895
321,12,1,3,1,0,17,0.7058823529411765
322,13,2,3,1,0,19,0.6842105263157895
323,12,2,3,1,0,18,0.6666666666666666
324,13,2,3,1,0,19,0.6842105263157895
325,12,2,3,1,0,18,0.6666666666666666
326,11,2,3,1,0,17,0.6470588235294118
327,11,2,3,1,0,17,0.6470588235294118
328,10,2,3,1,0,16,0.625
329,12,2,3,1,0,18,0.6666666666666666
330,11,1,3,1,0,16,0.6875
331,12,2,3,1,0,18,0.6666666666666666
332,12,2,3,1,0,18,0.6666666666666666
333,12,2,3,1,0,18,0.6666666666666666
334,12,2,3,1,0,18,0.6666666666666666
335,12,2,3,1,0,18,0.6666666666666666
336,13,2,3,1,0,19,0.6842105263157895
337,13,1,3,1,0,18,0.7222222222222222
338,13,3,3,1,0,20,0.65
339,12,3,3,1,0,19,0.631578947368421
340,12,3,3,1,0,19,0.631578947368421
341,11,2,3,1,0,17,0.6470588235294118
342,11,3,3,1,0,18,0.6111111111111112
343,12,1,3,1,0,17,0.7058823529411765
344,12,3,3,1,0,19,0.631578947368421
345,12,2,3,1,0,18,0.6666666666666666
346,12,1,3,1,0,17,0.7058823529411765
347,11,2,3,1,0,17,0.6470588235294118
348,10,2,3,1,0,16,0.625
349,12,2,3,1,0,18,0.6666666666666666
350,14,3,3,1,0,21,0.6666666666666666
351,12,3,3,1,0,19,0.631578947368421
352,11,2,3,1,0,17,0.6470588235294118
353,12,3,3,1,0,19,0.631578947368421
354,11,2,3,1,0,17,0.6470588235294118
355,11,2,3,1,0,17,0.6470588235294118
356,11,3,3,1,0,18,0.6111111111111112
357,13,1,3,1,0,18,0.7222222222222222
358,11,2,3,1,0,17,0.6470588235294118
359,11,1,3,1,0,16,0.6875
360,12,2,3,1,0,18,0.6666666666666666
361,12,1,2,1,0,16,0.75
362,13,3,2,1,0,19,0.6842105263157895
363,11,2,3,1,0,17,0.6470588235294118
364,12,3,3,1,0,19,0.631578947368421
365,11,2,3,1,0,17,0.6470588235294118
366,12,1,3,1,0,17,0.7058823529411765
367,10,3,3,1,0,17,0.5882352941176471
368,12,1,3,1,0,17,0.7058823529411765
369,12,1,3,1,0,17,0.7058823529411765
370,13,2,2,1,0,18,0.7222222222222222
371,13,2,3,1,0,19,0.6842105263157895
372,12,3,3,1,0,19,0.631578947368421
373,12,3,2,1,0,18,0.6666666666666666
374,11,2,3,1,0,17,0.6470588235294118
375,12,3,3,1,0,19,0.631578947368421
376,11,2,3,1,0,17,0.6470588235294118
377,11,2,3,1,0,17,0.6470588235294118
378,12,1,3,1,0,17,0.7058823529411765
379,13,2,3,1,0,19,0.6842105263157895
380,12,3,3,1,0,19,0.631578947368421
381,13,3,2,1,0,19,0.6842105263157895
382,11,2,2,1,0,16,0.6875
383,13,2,3,1,0,19,0.6842105263157895
384,10,3,3,1,0,17,0.5882352941176471
385,12,3,3,1,0,19,0.631578947368421
386,12,3,2,1,0,18,0.6666666666666666
387,13,3,3,1,0,20,0.65
388,12,1,3,1,0,17,0.7058823529411765
389,11,2,2,1,0,16,0.6875
390,11,2,3,1,0,17,0.6470588235294118
391,12,1,3,1,0,17,0.7058823529411765
392,11,2,3,1,0,17,0.6470588235294118
393,12,2,3,1,0,18,0.6666666666666666
394,11,1,3,1,0,16,0.6875
395,12,2,2,1,0,17,0.7058823529411765
396,13,1,3,1,0,18,0.7222222222222222
397,13,1,3,1,0,18,0.7222222222222222
398,13,2,3,1,0,19,0.6842105263157895
399,12,2,3,1,0,18,0.6666666666666666
400,11,2,3,1,0,17,0.6470588235294118
401,10,3,2,1,0,16,0.625
402,12,2,2,1,0,17,0.7058823529411765
403,11,2,3,1,0,17,0.6470588235294118
404,11,3,3,1,0,18,0.6111111111111112
405,12,2,3,1,0,18,0.6666666666666666
406,13,2,2,1,0,18,0.7222222222222222
407,12,3,2,1,0,18,0.6666666666666666
408,12,2,3,1,0,18,0.6666666666666666
409,12,2,3,1,0,18,0.6666666666666666
410,10,2,2,1,0,15,0.6666666666666666
411,11,2,3,1,0,17,0.6470588235294118
412,10,2,3,1,0,16,0.625
413,11,3,3,1,0,18,0.6111111111111112
414,11,2,3,1,0,17,0.6470588235294118
415,11,2,1,1,0,15,0.7333333333333333
416,12,2,3,1,0,18,0.6666666666666666
417,12,2,3,1,0,18,0.6666666666666666
418,12,3,3,1,0,19,0.631578947368421
419,11,2,3,1,0,17,0.6470588235294118
420,13,3,3,1,0,20,0.65
421,13,3,3,1,0,20,0.65
422,12,3,3,1,0,19,0.631578947368421
423,14,3,3,1,0,21,0.6666666666666666
424,12,3,3,1,0,19,0.631578947368421
425,13,3,3,1,0,20,0.65
426,13,3,3,1,0,20,0.65
427,11,2,3,1,0,17,0.6470588235294118
428,11,3,3,1,0,18,0.6111111111111112
429,12,3,3,1,0,19,0.631578947368421
430,12,2,3,1,0,18,0.6666666666666666
431,12,3,3,1,0,19,0.631578947368421
432,13,3,3,1,0,20,0.65
433,10,2,3,1,0,16,0.625
434,14,3,2,1,0,20,0.7
435,10,3,3,1,0,17,0.5882352941176471
436,13,2,2,1,0,18,0.7222222222222222
437,10,2,3,1,0,16,0.625
438,13,1,3,1,0,18,0.7222222222222222
439,12,2,3,1,0,18,0.6666666666666666
440,12,3,3,1,0,19,0.631578947368421
441,10,2,3,1,0,16,0.625
442,12,3,3,1,0,19,0.631578947368421
443,12,2,3,1,0,18,0.6666666666666666
444,10,2,3,1,0,16,0.625
445,12,2,3,1,0,18,0.6666666666666666
446,12,2,3,1,0,18,0.6666666666666666
447,12,2,3,1,0,18,0.6666666666666666
448,11,3,3,1,0,18,0.6111111111111112
449,10,1,2,1,0,14,0.7142857142857143
450,12,3,2,1,0,18,0.6666666666666666
451,13,2,3,1,0,19,0.6842105263157895
452,13,2,3,1,0,19,0.6842105263157895
453,12,2,3,1,0,18,0.6666666666666666
454,12,2,3,1,0,18,0.6666666666666666
455,12,3,3,1,0,19,0.631578947368421
456,13,3,3,1,0,20,0.65
457,13,2,3,1,0,19,0.6842105263157895
458,12,2,3,1,0,18,0.6666666666666666
459,11,2,3,1,0,17,0.6470588235294118
460,11,2,3,1,0,17,0.6470588235294118
461,12,2,3,1,0,18,0.6666666666666666
462,13,2,3,1,0,19,0.6842105263157895
463,13,2,3,1,0,19,0.6842105263157895
464,12,2,3,1,0,18,0.6666666666666666
465,13,2,3,1,0,19,0.6842105263157895
466,12,2,3,1,0,18,0.6666666666666666
467,11,2,2,1,0,16,0.6875
468,13,2,2,1,0,18,0.7222222222222222
469,12,2,3,1,0,18,0.6666666666666666
470,12,2,3,1,0,18,0.6666666666666666
471,13,2,3,1,0,19,0.6842105263157895
472,13,2,3,1,0,19,0.6842105263157895
473,12,2,2,1,0,17,0.7058823529411765
474,13,2,3,1,0,19,0.6842105263157895
475,13,1,3,1,0,18,0.7222222222222222
476,13,2,3,1,0,19,0.6842105263157895
477,13,3,3,1,0,20,0.65
478,14,3,3,1,0,21,0.6666666666666666
479,12,3,3,1,0,19,0.631578947368421
480,12,3,2,1,0,18,0.6666666666666666
481,12,2,3,1,0,18,0.6666666666666666
482,12,2,3,1,0,18,0.6666666666666666
483,13,2,2,1,0,18,0.7222222222222222
484,13,3,3,1,0,20,0.65
485,13,2,3,1,0,19,0.6842105263157895
486,13,1,3,1,0,18,0.7222222222222222
487,12,3,3,1,0,19,0.631578947368421
488,13,2,3,1,0,19,0.6842105263157895
489,13,2,3,1,0,19,0.6842105263157895
490,13,2,3,1,0,19,0.6842105263157895
491,13,3,3,1,0,20,0.65
492,13,2,3,1,0,19,0.6842105263157895
493,12,2,3,1,0,18,0.6666666666666666
494,11,2,3,1,0,17,0.6470588235294118
495,12,2,3,1,0,18,0.6666666666666666
496,13,2,3,1,0,19,0.6842105263157895
497,12,2,3,1,0,18,0.6666666666666666
498,11,2,3,1,0,17,0.6470588235294118
499,12,2,3,1,0,18,0.6666666666666666
500,13,1,3,1,0,18,0.7222222222222222
501,13,2,2,1,0,18,0.7222222222222222
502,13,2,3,1,0,19,0.6842105263157895
503,13,2,2,1,0,18,0.7222222222222222
504,12,2,3,1,0,18,0.6666666666666666
505,13,3,2,1,0,19,0.6842105263157895
506,12,2,3,1,0,18,0.6666666666666666
507,13,2,3,1,0,19,0.6842105263157895
508,12,2,3,1,0,18,0.6666666666666666
509,13,2,3,1,0,19,0.6842105263157895
510,12,2,3,1,0,18,0.6666666666666666
511,12,2,3,1,0,18,0.6666666666666666
512,13,3,3,1,0,20,0.65
513,11,2,3,1,0,17,0.6470588235294118
514,14,1,2,1,0,18,0.7777777777777778
515,13,2,3,1,0,19,0.6842105263157895
516,13,3,3,1,0,20,0.65
517,13,2,3,1,0,19,0.6842105263157895
518,12,2,3,1,0,18,0.6666666666666666
519,13,3,3,1,0,20,0.65
520,13,3,2,1,0,19,0.6842105263157895
521,12,2,3,1,0,18,0.6666666666666666
522,13,3,2,1,0,19,0.6842105263157895
523,11,2,2,1,0,16,0.6875
524,11,3,3,1,0,18,0.6111111111111112
525,11,3,2,1,0,17,0.6470588235294118
526,13,2,3,1,0,19,0.6842105263157895
527,11,2,3,1,0,17,0.6470588235294118
528,13,2,3,1,0,19,0.6842105263157895
529,12,2,3,1,0,18,0.6666666666666666
530,11,2,2,1,0,16,0.6875
531,12,2,3,1,0,18,0.6666666666666666
532,12,2,3,1,0,18,0.6666666666666666
533,12,1,3,1,0,17,0.7058823529411765
534,13,2,3,1,0,19,0.6842105263157895
535,11,2,3,1,0,17,0.6470588235294118
536,13,3,2,1,0,19,0.6842105263157895
537,12,2,3,1,0,18,0.6666666666666666
538,12,2,3,1,0,18,0.6666666666666666
539,11,2,3,1,0,17,0.6470588235294118
540,12,3,3,1,0,19,0.631578947368421
541,13,2,3,1,0,19,0.6842105263157895
542,11,3,3,1,0,18,0.6111111111111112
543,11,3,3,1,0,18,0.6111111111111112
544,12,3,3,1,0,19,0.631578947368421
545,13,2,3,1,0,19,0.6842105263157895
546,13,2,3,1,0,19,0.6842105263157895
547,13,2,3,1,0,19,0.6842105263157895
548,11,2,3,1,0,17,0.6470588235294118
549,13,3,3,1,0,20,0.65
550,13,2,3,1,0,19,0.6842105263157895
551,12,3,2,1,0,18,0.6666666666666666
552,11,3,3,1,0,18,0.6111111111111112
553,12,3,3,1,0,19,0.631578947368421
554,14,2,3,1,0,20,0.7
555,12,1,3,1,0,17,0.7058823529411765
556,12,3,3,1,0,19,0.631578947368421
557,12,2,3,1,0,18,0.6666666666666666
558,13,1,3,1,0,18,0.7222222222222222
559,13,3,3,1,0,20,0.65
560,13,2,3,1,0,19,0.6842105263157895
561,12,2,3,1,0,18,0.6666666666666666
562,12,2,3,1,0,18,0.6666666666666666
563,14,2,3,1,0,20,0.7
564,12,2,3,1,0,18,0.6666666666666666
565,12,2,3,1,0,18,0.6666666666666666
566,11,2,3,1,0,17,0.6470588235294118
567,13,2,3,1,0,19,0.6842105263157895
568,12,2,3,1,0,18,0.6666666666666666
569,13,2,2,1,0,18,0.7222222222222222
570,12,1,3,1,0,17,0.7058823529411765
571,10,3,3,1,0,17,0.5882352941176471
572,13,2,3,1,0,19,0.6842105263157895
573,10,2,3,1,0,16,0.625
574,14,1,3,1,0,19,0.7368421052631579
575,11,2,3,1,0,17,0.6470588235294118
576,12,1,3,1,0,17,0.7058823529411765
577,12,2,3,1,0,18,0.6666666666666666
578,11,2,2,1,0,16,0.6875
579,12,3,3,1,0,19,0.631578947368421
580,12,1,3,1,0,17,0.7058823529411765
581,11,3,3,1,0,18,0.6111111111111112
582,11,2,3,1,0,17,0.6470588235294118
583,10,2,3,1,0,16,0.625
584,11,3,3,1,0,18,0.6111111111111112
585,12,3,3,1,0,19,0.631578947368421
586,12,3,3,1,0,19,0.631578947368421
587,11,2,3,1,0,17,0.6470588235294118
588,10,2,3,1,0,16,0.625
589,13,2,3,1,0,19,0.6842105263157895
590,11,2,3,1,0,17,0.6470588235294118
591,12,2,3,1,0,18,0.6666666666666666
592,12,3,3,1,0,19,0.631578947368421
593,10,2,3,1,0,16,0.625
594,12,2,3,1,0,18,0.6666666666666666
595,10,2,3,1,0,16,0.625
596,11,2,3,1,0,17,0.6470588235294118
597,12,1,3,1,0,17,0.7058823529411765
598,13,2,3,1,0,19,0.6842105263157895
599,10,2,3,1,0,16,0.625
600,12,2,3,1,0,18,0.6666666666666666
601,11,2,3,1,0,17,0.6470588235294118
602,12,2,3,1,0,18,0.6666666666666666
603,13,2,2,1,0,18,0.7222222222222222
604,11,2,3,1,0,17,0.6470588235294118
605,11,2,3,1,0,17,0.6470588235294118
606,11,3,3,1,0,18,0.6111111111111112
607,10,1,3,1,0,15,0.6666666666666666
608,12,2,3,1,0,18,0.6666666666666666
609,12,2,3,1,0,18,0.6666666666666666
610,11,2,3,1,0,17,0.6470588235294118
611,13,2,3,1,0,19,0.6842105263157895
612,13,2,3,1,0,19,0.6842105263157895
613,13,2,3,1,0,19,0.6842105263157895
614,11,2,3,1,0,17,0.6470588235294118
615,12,2,3,1,0,18,0.6666666666666666
616,11,1,3,1,0,16,0.6875
617,11,2,3,1,0,17,0.6470588235294118
618,11,1,3,1,0,16,0.6875
619,10,2,2,1,0,15,0.6666666666666666
620,11,2,2,1,0,16,0.6875
621,11,2,3,1,0,17,0.6470588235294118
622,10,2,3,1,0,16,0.625
623,10,2,3,1,0,16,0.625
624,13,2,3,1,0,19,0.6842105263157895
625,11,2,3,1,0,17,0.6470588235294118
626,11,1,3,1,0,16,0.6875
627,11,2,3,1,0,17,0.6470588235294118
628,12,1,3,1,0,17,0.7058823529411765
629,12,2,3,1,0,18,0.6666666666666666
630,11,2,3,1,0,17,0.6470588235294118
631,12,2,3,1,0,18,0.6666666666666666
632,11,2,2,1,0,16,0.6875
633,11,3,3,1,0,18,0.6111111111111112
634,10,2,3,1,0,16,0.625
635,12,2,3,1,0,18,0.6666666666666666
636,13,3,3,1,0,20,0.65
637,13,2,3,1,0,19,0.6842105263157895
638,12,1,3,1,0,17,0.7058823529411765
639,12,1,3,1,0,17,0.7058823529411765
640,11,2,3,1,0,17,0.6470588235294118
641,11,2,3,1,0,17,0.6470588235294118
642,9,2,3,1,0,15,0.6
643,10,2,3,1,0,16,0.625
644,12,2,2,1,0,17,0.7058823529411765
645,11,2,3,1,0,17,0.6470588235294118
646,10,2,3,1,0,16,0.625
647,12,2,3,1,0,18,0.6666666666666666
648,10,3,3,1,0,17,0.5882352941176471
649,12,1,2,1,0,16,0.75
650,11,2,3,1,0,17,0.6470588235294118
651,12,1,2,1,0,16,0.75
652,10,1,3,1,0,15,0.6666666666666666
653,11,2,3,1,0,17,0.6470588235294118
654,9,2,3,1,0,15,0.6
655,13,2,3,1,0,19,0.6842105263157895
656,12,2,3,1,0,18,0.6666666666666666
657,11,2,3,1,0,17,0.6470588235294118
658,9,2,3,1,0,15,0.6
659,12,2,3,1,0,18,0.6666666666666666
660,11,2,3,1,0,17,0.6470588235294118
661,12,1,3,1,0,17,0.7058823529411765
662,12,2,3,1,0,18,0.6666666666666666
663,12,2,3,1,0,18,0.6666666666666666
664,12,3,3,1,0,19,0.631578947368421
665,13,1,3,1,0,18,0.7222222222222222
666,13,2,3,1,0,19,0.6842105263157895
667,13,2,3,1,0,19,0.6842105263157895
668,12,2,3,1,0,18,0.6666666666666666
669,13,2,3,1,0,19,0.6842105263157895
670,12,3,3,1,0,19,0.631578947368421
671,13,2,2,1,0,18,0.7222222222222222
672,11,2,3,1,0,17,0.6470588235294118
673,12,2,3,1,0,18,0.6666666666666666
674,11,2,3,1,0,17,0.6470588235294118
675,11,3,2,1,0,17,0.6470588235294118
676,12,2,3,1,0,18,0.6666666666666666
677,12,2,3,1,0,18,0.6666666666666666
678,10,1,3,1,0,15,0.6666666666666666
679,11,2,3,1,0,17,0.6470588235294118
680,10,1,3,1,0,15,0.6666666666666666
681,12,1,3,1,0,17,0.7058823529411765
682,10,2,3,1,0,16,0.625
683,11,2,3,1,0,17,0.6470588235294118
684,12,2,3,1,0,18,0.6666666666666666
685,11,2,3,1,0,17,0.6470588235294118
686,11,2,3,1,0,17,0.6470588235294118
687,10,2,3,1,0,16,0.625
688,11,2,3,1,0,17,0.6470588235294118
689,10,2,3,1,0,16,0.625
690,11,2,3,1,0,17,0.6470588235294118
691,12,2,3,1,0,18,0.6666666666666666
692,8,2,3,1,0,14,0.5714285714285714
693,11,2,3,1,0,17,0.6470588235294118
694,12,2,3,1,0,18,0.6666666666666666
695,12,2,3,1,0,18,0.6666666666666666
696,11,2,3,1,0,17,0.6470588235294118
697,10,2,3,1,0,16,0.625
698,10,2,3,1,0,16,0.625
699,11,2,3,1,0,17,0.6470588235294118
700,11,2,3,1,0,17,0.6470588235294118
701,11,2,3,1,0,17,0.6470588235294118
702,11,2,3,1,0,17,0.6470588235294118
703,12,2,3,1,0,18,0.6666666666666666
704,11,2,3,1,0,17,0.6470588235294118
705,10,2,3,1,0,16,0.625
706,12,3,2,1,0,18,0.6666666666666666
707,12,2,3,1,0,18,0.6666666666666666
708,10,2,3,1,0,16,0.625
709,10,3,3,1,0,17,0.5882352941176471
710,11,3,3,1,0,18,0.6111111111111112
711,10,2,3,1,0,16,0.625
712,9,2,3,1,0,15,0.6
713,12,2,3,1,0,18,0.6666666666666666
714,10,2,3,1,0,16,0.625
715,11,2,3,1,0,17,0.6470588235294118
716,11,2,3,1,0,17,0.6470588235294118
717,9,2,3,1,0,15,0.6
718,11,2,3,1,0,17,0.6470588235294118
719,10,2,3,1,0,16,0.625
720,10,2,3,1,0,16,0.625
721,9,2,3,1,0,15,0.6
722,10,2,3,1,0,16,0.625
723,11,2,3,1,0,17,0.6470588235294118
724,12,3,3,1,0,19,0.631578947368421
725,10,2,3,1,0,16,0.625
726,10,2,3,1,0,16,0.625
727,11,2,3,1,0,17,0.6470588235294118
728,11,2,3,1,0,17,0.6470588235294118
729,10,2,3,1,0,16,0.625
730,9,2,3,1,0,15,0.6
731,11,2,3,1,0,17,0.6470588235294118
732,10,2,3,1,0,16,0.625
733,10,2,3,1,0,16,0.625
734,10,2,3,1,0,16,0.625
735,10,2,3,1,0,16,0.625
736,11,2,3,1,0,17,0.6470588235294118
737,11,2,3,1,0,17,0.6470588235294118
738,12,2,3,1,0,18,0.6666666666666666
739,11,2,3,1,0,17,0.6470588235294118
740,11,2,3,1,0,17,0.6470588235294118
741,11,2,3,1,0,17,0.6470588235294118
742,11,2,3,1,0,17,0.6470588235294118
743,9,2,3,1,0,15,0.6
744,12,2,3,1,0,18,0.6666666666666666
745,11,2,3,1,0,17,0.6470588235294118
746,11,2,3,1,0,17,0.6470588235294118
747,10,2,3,1,0,16,0.625
748,12,2,3,1,0,18,0.6666666666666666
749,11,2,3,1,0,17,0.6470588235294118
750,12,2,3,1,0,18,0.6666666666666666
751,12,3,3,1,0,19,0.631578947368421
752,10,2,3,1,0,16,0.625
753,12,2,3,1,0,18,0.6666666666666666
754,11,2,3,1,0,17,0.6470588235294118
755,12,3,3,1,0,19,0.631578947368421
756,11,2,3,1,0,17,0.6470588235294118
757,10,2,3,1,0,16,0.625
758,10,2,3,1,0,16,0.625
759,11,2,2,1,0,16,0.6875
760,11,2,3,1,0,17,0.6470588235294118
761,12,2,3,1,0,18,0.6666666666666666
762,11,2,3,1,0,17,0.6470588235294118
763,10,2,3,1,0,16,0.625
764,9,3,2,1,0,15,0.6
765,10,2,3,1,0,16,0.625
766,12,2,3,1,0,18,0.6666666666666666
767,8,2,3,1,0,14,0.5714285714285714
768,11,2,3,1,0,17,0.6470588235294118
769,10,2,3,1,0,16,0.625
770,11,2,3,1,0,17,0.6470588235294118
771,11,2,2,1,0,16,0.6875
772,12,2,2,1,0,17,0.7058823529411765
773,10,2,2,1,0,15,0.6666666666666666
774,10,2,3,1,0,16,0.625
775,12,2,3,1,0,18,0.6666666666666666
776,10,2,3,1,0,16,0.625
777,13,3,3,1,0,20,0.65
778,12,2,2,1,0,17,0.7058823529411765
779,10,2,3,1,0,16,0.625
780,9,3,2,1,0,15,0.6
781,12,3,3,1,0,19,0.631578947368421
782,12,3,3,1,0,19,0.631578947368421
783,11,2,3,1,0,17,0.6470588235294118
784,10,2,3,1,0,16,0.625
785,10,2,3,1,0,16,0.625
786,10,2,3,1,0,16,0.625
787,11,2,3,1,0,17,0.6470588235294118
788,11,2,3,1,0,17,0.6470588235294118
789,11,2,2,1,0,16,0.6875
790,11,2,3,1,0,17,0.6470588235294118
791,12,2,2,1,0,17,0.7058823529411765
792,10,3,3,1,0,17,0.5882352941176471
793,11,3,2,1,0,17,0.6470588235294118
794,12,2,2,1,0,17,0.7058823529411765
795,11,2,2,1,0,16,0.6875
796,11,2,2,1,0,16,0.6875
797,12,2,2,1,0,17,0.7058823529411765
798,11,2,2,1,0,16,0.6875
799,10,2,2,1,0,15,0.6666666666666666
800,11,2,2,1,0,16,0.6875
801,11,2,2,1,0,16,0.6875
802,10,2,2,1,0,15,0.6666666666666666
803,11,2,2,1,0,16,0.6875
804,10,3,3,1,0,17,0.5882352941176471
805,11,2,2,1,0,16,0.6875
806,11,2,2,1,0,16,0.6875
807,12,2,2,1,0,17,0.7058823529411765
808,11,2,3,1,0,17,0.6470588235294118
809,10,2,3,1,0,16,0.625
810,10,2,3,1,0,16,0.625
811,11,2,2,1,0,16,0.6875
812,10,2,2,1,0,15,0.6666666666666666
813,11,2,3,1,0,17,0.6470588235294118
814,11,1,3,1,0,16,0.6875
815,11,2,3,1,0,17,0.6470588235294118
816,11,1,2,1,0,15,0.7333333333333333
817,12,1,3,1,0,17,0.7058823529411765
818,11,2,3,1,0,17,0.6470588235294118
819,11,2,3,1,0,17,0.6470588235294118
820,11,2,3,1,0,17,0.6470588235294118
821,11,2,3,1,0,17,0.6470588235294118
822,11,2,3,1,0,17,0.6470588235294118
823,11,2,3,1,0,17,0.6470588235294118
824,12,2,3,2,0,19,0.631578947368421
825,11,2,3,1,0,17,0.6470588235294118
826,11,2,3,1,0,17,0.6470588235294118
827,11,2,3,1,0,17,0.6470588235294118
828,11,2,3,1,0,17,0.6470588235294118
829,10,2,3,1,0,16,0.625
830,9,3,3,1,0,16,0.5625
831,12,2,3,1,0,18,0.6666666666666666
832,11,3,3,1,0,18,0.6111111111111112
833,11,2,3,1,0,17,0.6470588235294118
834,11,3,2,1,0,17,0.6470588235294118
835,12,3,3,1,0,19,0.631578947368421
836,11,2,3,1,0,17,0.6470588235294118
837,12,2,3,1,0,18,0.6666666666666666
838,13,2,3,1,0,19,0.6842105263157895
839,12,3,3,1,0,19,0.631578947368421
840,11,3,3,1,0,18,0.6111111111111112
841,11,2,3,1,0,17,0.6470588235294118
842,12,3,3,1,0,19,0.631578947368421
843,10,2,3,1,0,16,0.625
844,12,2,3,1,0,18,0.6666666666666666
845,10,2,3,1,0,16,0.625
846,11,3,3,1,0,18,0.6111111111111112
847,12,2,3,1,0,18,0.6666666666666666
848,8,2,3,1,0,14,0.5714285714285714
849,12,2,3,1,0,18,0.6666666666666666
850,11,2,3,1,0,17,0.6470588235294118
851,11,3,3,1,0,18,0.6111111111111112
852,10,2,3,1,0,16,0.625
853,11,3,3,1,0,18,0.6111111111111112
854,10,2,3,1,0,16,0.625
855,11,3,3,1,0,18,0.6111111111111112
856,12,3,3,1,0,19,0.631578947368421
857,12,2,2,1,0,17,0.7058823529411765
858,10,2,3,1,0,16,0.625
859,11,2,3,1,0,17,0.6470588235294118
860,11,2,3,1,0,17,0.6470588235294118
861,11,2,3,1,0,17,0.6470588235294118
862,11,2,3,1,0,17,0.6470588235294118
863,12,2,3,1,0,18,0.6666666666666666
864,12,2,3,1,0,18,0.6666666666666666
865,11,2,3,1,0,17,0.6470588235294118
866,10,2,3,1,0,16,0.625
867,10,2,3,1,0,16,0.625
868,11,2,3,1,0,17,0.6470588235294118
869,10,2,3,1,0,16,0.625
870,11,2,3,1,0,17,0.6470588235294118
871,10,2,2,1,0,15,0.6666666666666666
872,10,2,3,1,0,16,0.625
873,12,2,3,1,0,18,0.6666666666666666
874,11,2,3,1,0,17,0.6470588235294118
875,13,2,3,1,0,19,0.6842105263157895
876,11,2,2,1,0,16,0.6875
877,12,2,3,1,0,18,0.6666666666666666
878,10,2,3,1,0,16,0.625
879,12,3,2,2,0,19,0.631578947368421
880,9,2,3,1,0,15,0.6
881,12,2,3,1,0,18,0.6666666666666666
882,12,2,2,1,0,17,0.7058823529411765
883,11,2,2,1,0,16,0.6875
884,10,2,3,1,0,16,0.625
885,12,3,3,1,0,19,0.631578947368421
886,12,3,3,1,0,19,0.631578947368421
887,11,2,3,1,0,17,0.6470588235294118
888,12,3,2,1,0,18,0.6666666666666666
889,11,2,3,1,0,17,0.6470588235294118
890,11,2,2,1,0,16,0.6875
891,12,3,3,1,0,19,0.631578947368421
892,12,2,3,1,0,18,0.6666666666666666
893,10,2,2,1,0,15,0.6666666666666666
894,12,2,2,1,0,17,0.7058823529411765
895,11,2,3,1,0,17,0.6470588235294118
896,13,2,2,1,0,18,0.7222222222222222
897,11,3,3,1,0,18,0.6111111111111112
898,11,2,3,1,0,17,0.6470588235294118
899,12,3,2,1,0,18,0.6666666666666666
900,12,2,3,1,0,18,0.6666666666666666
901,12,2,3,1,0,18,0.6666666666666666
902,12,2,2,1,0,17,0.7058823529411765
903,10,2,2,1,0,15,0.6666666666666666
904,11,3,2,1,0,17,0.6470588235294118
905,13,2,3,1,0,19,0.6842105263157895
906,9,2,3,1,0,15,0.6
907,10,2,2,1,0,15,0.6666666666666666
908,10,2,3,1,0,16,0.625
909,11,3,3,1,0,18,0.6111111111111112
910,10,2,3,1,0,16,0.625
911,11,2,3,1,0,17,0.6470588235294118
912,12,2,2,1,0,17,0.7058823529411765
913,9,2,2,1,0,14,0.6428571428571429
914,11,2,3,1,0,17,0.6470588235294118
915,11,2,2,1,0,16,0.6875
916,10,2,2,1,0,15,0.6666666666666666
917,9,2,2,1,0,14,0.6428571428571429
918,12,2,3,1,0,18,0.6666666666666666
919,10,3,3,1,0,17,0.5882352941176471
920,10,2,3,1,0,16,0.625
921,12,2,3,1,0,18,0.6666666666666666
922,11,2,3,1,0,17,0.6470588235294118
923,12,2,2,1,0,17,0.7058823529411765
924,12,2,3,1,0,18,0.6666666666666666
925,11,2,3,1,0,17,0.6470588235294118
926,10,2,3,1,0,16,0.625
927,11,2,2,1,0,16,0.6875
928,11,3,3,1,0,18,0.6111111111111112
929,12,3,3,1,0,19,0.631578947368421
930,11,2,3,1,0,17,0.6470588235294118
931,11,2,3,1,0,17,0.6470588235294118
932,12,2,3,1,0,18,0.6666666666666666
933,12,2,2,1,0,17,0.7058823529411765
934,11,2,2,1,0,16,0.6875
935,11,3,3,1,0,18,0.6111111111111112
936,11,2,2,1,0,16,0.6875
937,12,2,3,1,0,18,0.6666666666666666
938,11,3,2,1,0,17,0.6470588235294118
939,11,2,2,1,0,16,0.6875
940,10,2,3,1,0,16,0.625
941,12,2,3,1,0,18,0.6666666666666666
942,11,2,3,1,0,17,0.6470588235294118
943,11,2,3,1,0,17,0.6470588235294118
944,11,2,3,1,0,17,0.6470588235294118
945,12,2,3,1,0,18,0.6666666666666666
946,12,2,3,1,0,18,0.6666666666666666
947,13,2,3,1,0,19,0.6842105263157895
948,12,2,3,1,0,18,0.6666666666666666
949,12,2,3,1,0,18,0.6666666666666666
950,11,2,3,1,0,17,0.6470588235294118
951,11,2,3,1,0,17,0.6470588235294118
952,13,2,3,1,0,19,0.6842105263157895
953,11,2,3,1,0,17,0.6470588235294118
954,10,2,3,1,0,16,0.625
955,11,2,3,1,0,17,0.6470588235294118
956,13,2,2,1,0,18,0.7222222222222222
957,10,2,2,1,0,15,0.6666666666666666
958,11,2,3,1,0,17,0.6470588235294118
959,12,2,3,1,0,18,0.6666666666666666
960,11,2,3,1,0,17,0.6470588235294118
961,12,2,3,1,0,18,0.6666666666666666
962,12,2,3,1,0,18,0.6666666666666666
963,11,2,3,1,0,17,0.6470588235294118
964,11,3,3,1,0,18,0.6111111111111112
965,11,2,3,1,0,17,0.6470588235294118
966,13,2,3,1,0,19,0.6842105263157895
967,12,2,3,1,0,18,0.6666666666666666
968,11,2,3,1,0,17,0.6470588235294118
969,11,2,3,1,0,17,0.6470588235294118
970,12,2,3,1,0,18,0.6666666666666666
971,11,2,3,1,0,17,0.6470588235294118
972,11,2,3,1,0,17,0.6470588235294118
973,12,3,3,1,0,19,0.631578947368421
974,11,3,3,1,0,18,0.6111111111111112
975,11,2,3,1,0,17,0.6470588235294118
976,10,2,3,1,0,16,0.625
977,12,2,3,1,0,18,0.6666666666666666
978,11,2,3,1,0,17,0.6470588235294118
979,11,1,3,1,0,16,0.6875
980,13,2,3,1,0,19,0.6842105263157895
981,10,2,3,1,0,16,0.625
982,11,2,2,1,0,16,0.6875
983,12,3,2,1,0,18,0.6666666666666666
984,11,2,3,1,0,17,0.6470588235294118
985,11,2,3,1,0,17,0.6470588235294118
986,11,2,3,1,0,17,0.6470588235294118
987,12,2,3,1,0,18,0.6666666666666666
988,10,2,3,1,0,16,0.625
989,12,3,3,1,0,19,0.631578947368421
990,12,2,2,1,0,17,0.7058823529411765
991,12,2,2,1,0,17,0.7058823529411765
992,13,2,2,1,0,18,0.7222222222222222
993,12,1,3,1,0,17,0.7058823529411765
994,11,1,3,1,0,16,0.6875
995,11,2,3,1,0,17,0.6470588235294118
996,12,2,3,1,0,18,0.6666666666666666
997,11,3,3,1,0,18,0.6111111111111112
998,12,2,3,1,0,18,0.6666666666666666
999,12,2,3,1,0,18,0.6666666666666666
1000,11,2,3,1,0,17,0.6470588235294118
1001,11,2,3,1,0,17,0.6470588235294118
1002,11,3,3,1,0,18,0.6111111111111112
1003,11,2,3,1,0,17,0.6470588235294118
1004,12,2,3,1,0,18,0.6666666666666666
1005,10,2,3,1,0,16,0.625
1006,11,2,3,1,0,17,0.6470588235294118
1007,11,2,3,1,0,17,0.6470588235294118
1008,12,3,3,1,0,19,0.631578947368421
1009,11,2,3,1,0,17,0.6470588235294118
1010,10,2,3,1,0,16,0.625
1011,11,2,3,1,0,17,0.6470588235294118
1012,11,2,3,1,0,17,0.6470588235294118
1013,12,2,3,1,0,18,0.6666666666666666
1014,11,2,3,1,0,17,0.6470588235294118
1015,10,3,3,1,0,17,0.5882352941176471
1016,11,2,3,1,0,17,0.6470588235294118
1017,11,3,3,1,0,18,0.6111111111111112
1018,10,4,2,1,0,17,0.5882352941176471
1019,12,3,2,1,0,18,0.6666666666666666
1020,12,4,3,1,0,20,0.6
1021,12,3,3,1,0,19,0.631578947368421
1022,12,2,3,1,0,18,0.6666666666666666
1023,11,2,3,1,0,17,0.6470588235294118
1024,12,2,3,1,0,18,0.6666666666666666
1025,12,2,3,1,0,18,0.6666666666666666
1026,10,2,3,1,0,16,0.625
1027,12,2,3,1,0,18,0.6666666666666666
1028,11,2,3,1,0,17,0.6470588235294118
1029,11,2,3,1,0,17,0.6470588235294118
1030,11,2,2,1,0,16,0.6875
1031,11,3,3,1,0,18,0.6111111111111112
1032,12,2,3,1,0,18,0.6666666666666666
1033,11,2,3,1,0,17,0.6470588235294118
1034,11,3,3,1,0,18,0.6111111111111112
1035,11,2,3,1,0,17,0.6470588235294118
1036,11,3,3,1,0,18,0.6111111111111112
1037,11,2,3,1,0,17,0.6470588235294118
1038,11,3,3,1,0,18,0.6111111111111112
1039,11,2,3,1,0,17,0.6470588235294118
1040,10,2,3,1,0,16,0.625
1041,11,2,3,1,0,17,0.6470588235294118
1042,11,2,3,1,0,17,0.6470588235294118
1043,11,2,3,1,0,17,0.6470588235294118
1044,10,2,3,1,0,16,0.625
1045,11,2,3,1,0,17,0.6470588235294118
1046,10,2,3,1,0,16,0.625
1047,11,2,3,1,0,17,0.6470588235294118
1048,11,3,3,1,0,18,0.6111111111111112
1049,12,2,3,1,0,18,0.6666666666666666
1050,11,2,3,1,0,17,0.6470588235294118
1051,11,2,3,1,0,17,0.6470588235294118
1052,11,2,3,1,0,17,0.6470588235294118
1053,12,2,3,1,0,18,0.6666666666666666
1054,11,2,3,1,0,17,0.6470588235294118
1055,10,2,3,1,0,16,0.625
1056,11,2,3,1,0,17,0.6470588235294118
1057,10,2,3,1,0,16,0.625
1058,10,2,3,1,0,16,0.625
1059,11,2,3,1,0,17,0.6470588235294118
1060,11,2,3,1,0,17,0.6470588235294118
1061,11,2,2,1,0,16,0.6875
1062,11,2,3,1,0,17,0.6470588235294118
1063,11,2,3,1,0,17,0.6470588235294118
1064,10,2,3,1,0,16,0.625
1065,12,2,3,1,0,18,0.6666666666666666
1066,11,2,3,1,0,17,0.6470588235294118
1067,9,2,3,1,0,15,0.6
1068,11,2,3,1,0,17,0.6470588235294118
1069,11,2,2,1,0,16,0.6875
1070,9,2,3,1,0,15,0.6
1071,10,2,2,1,0,15,0.6666666666666666
1072,9,1,2,1,0,13,0.6923076923076923
1073,10,2,3,1,0,16,0.625
1074,11,2,2,1,0,16,0.6875
1075,10,2,2,1,0,15,0.6666666666666666
1076,10,2,3,1,0,16,0.625
1077,11,1,2,1,0,15,0.7333333333333333
1078,10,2,2,1,0,15,0.6666666666666666
1079,10,2,2,1,0,15,0.6666666666666666
1080,9,2,2,1,0,14,0.6428571428571429
1081,9,2,2,1,0,14,0.6428571428571429
1082,11,2,2,1,0,16,0.6875
1083,11,2,2,1,0,16,0.6875
1084,10,2,3,1,0,16,0.625
1085,12,2,2,1,0,17,0.7058823529411765
1086,11,3,3,1,0,18,0.6111111111111112
1087,12,2,3,1,0,18,0.6666666666666666
1088,11,2,3,1,0,17,0.6470588235294118
1089,10,3,3,1,0,17,0.5882352941176471
1090,11,2,2,1,0,16,0.6875
1091,11,3,3,1,0,18,0.6111111111111112
1092,10,2,3,1,0,16,0.625
1093,12,2,3,1,0,18,0.6666666666666666
1094,11,2,3,1,0,17,0.6470588235294118
1095,10,2,3,1,0,16,0.625
1096,10,2,3,1,0,16,0.625
1097,11,2,3,1,0,17,0.6470588235294118
1098,12,2,3,1,0,18,0.6666666666666666
1099,11,2,3,1,0,17,0.6470588235294118
1100,11,2,3,1,0,17,0.6470588235294118
1101,12,2,3,1,0,18,0.6666666666666666
1102,9,2,3,1,0,15,0.6
1103,10,2,3,1,0,16,0.625
1104,10,2,3,1,0,16,0.625
1105,11,2,3,1,0,17,0.6470588235294118
1106,11,2,2,1,0,16,0.6875
1107,12,2,3,1,0,18,0.6666666666666666
1108,11,3,3,1,0,18,0.6111111111111112
1109,12,2,3,1,0,18,0.6666666666666666
1110,13,2,3,1,0,19,0.6842105263157895
1111,12,2,3,1,0,18,0.6666666666666666
1112,10,2,3,1,0,16,0.625
1113,11,2,3,1,0,17,0.6470588235294118
1114,13,2,3,1,0,19,0.6842105263157895
1115,11,2,3,1,0,17,0.6470588235294118
1116,11,2,3,1,0,17,0.6470588235294118
1117,11,2,3,1,0,17,0.6470588235294118
1118,12,2,2,1,0,17,0.7058823529411765
1119,11,2,3,1,0,17,0.6470588235294118
1120,12,2,3,1,0,18,0.6666666666666666
1121,13,2,3,1,0,19,0.6842105263157895
1122,12,2,3,1,0,18,0.6666666666666666
1123,11,2,2,1,0,16,0.6875
1124,10,2,2,1,0,15,0.6666666666666666
1125,10,2,3,1,0,16,0.625
1126,11,2,3,1,0,17,0.6470588235294118
1127,10,2,2,1,0,15,0.6666666666666666
1128,11,2,2,1,0,16,0.6875
1129,12,2,2,1,0,17,0.7058823529411765
1130,12,2,3,1,0,18,0.6666666666666666
1131,9,2,2,1,0,14,0.6428571428571429
1132,11,2,2,1,0,16,0.6875
1133,11,2,3,1,0,17,0.6470588235294118
1134,10,3,3,1,0,17,0.5882352941176471
1135,11,2,3,1,0,17,0.6470588235294118
1136,12,2,2,1,0,17,0.7058823529411765
1137,11,2,2,1,0,16,0.6875
1138,10,2,3,1,0,16,0.625
1139,10,1,3,1,0,15,0.6666666666666666
1140,11,1,2,1,0,15,0.7333333333333333
1141,10,2,3,1,0,16,0.625
1142,12,2,3,1,0,18,0.6666666666666666
1143,9,2,3,1,0,15,0.6
1144,11,2,2,1,0,16,0.6875
1145,9,2,3,1,0,15,0.6
1146,10,3,3,1,0,17,0.5882352941176471
1147,11,2,3,1,0,17,0.6470588235294118
1148,12,2,2,1,0,17,0.7058823529411765
1149,10,2,3,1,0,16,0.625
1150,12,2,3,1,0,18,0.6666666666666666
1151,10,3,2,1,0,16,0.625
1152,10,2,3,1,0,16,0.625
1153,9,2,2,1,0,14,0.6428571428571429
1154,12,2,3,1,0,18,0.6666666666666666
1155,9,2,2,1,0,14,0.6428571428571429
1156,10,2,2,1,0,15,0.6666666666666666
1157,9,3,2,1,0,15,0.6
1158,12,2,2,1,0,17,0.7058823529411765
1159,10,2,2,1,0,15,0.6666666666666666
1160,11,3,2,1,0,17,0.6470588235294118
1161,10,2,2,1,0,15,0.6666666666666666
1162,9,2,3,1,0,15,0.6
1163,12,2,3,1,0,18,0.6666666666666666
1164,10,2,3,1,0,16,0.625
1165,11,2,3,1,0,17,0.6470588235294118
1166,12,2,3,1,0,18,0.6666666666666666
1167,11,2,3,1,0,17,0.6470588235294118
1168,12,2,3,1,0,18,0.6666666666666666
1169,10,2,3,1,0,16,0.625
1170,11,2,2,1,0,16,0.6875
1171,11,2,3,1,0,17,0.6470588235294118
1172,13,2,2,1,0,18,0.7222222222222222
1173,12,3,3,1,0,19,0.631578947368421
1174,12,2,3,1,0,18,0.6666666666666666
1175,11,2,3,1,0,17,0.6470588235294118
1176,11,2,3,1,0,17,0.6470588235294118
1177,10,2,2,1,0,15,0.6666666666666666
1178,11,2,3,1,0,17,0.6470588235294118
1179,11,2,3,1,0,17,0.6470588235294118
1180,10,2,3,1,0,16,0.625
1181,11,2,3,1,0,17,0.6470588235294118
1182,9,2,3,1,0,15,0.6
1183,8,2,3,1,0,14,0.5714285714285714
1184,10,2,3,1,0,16,0.625
1185,10,2,3,1,0,16,0.625
1186,10,2,3,1,0,16,0.625
1187,10,2,3,1,0,16,0.625
1188,12,3,2,1,0,18,0.6666666666666666
1189,11,2,3,1,0,17,0.6470588235294118
1190,11,2,3,1,0,17,0.6470588235294118
1191,13,2,3,1,0,19,0.6842105263157895
1192,12,2,2,1,0,17,0.7058823529411765
1193,11,2,3,1,0,17,0.6470588235294118
1194,11,2,3,1,0,17,0.6470588235294118
1195,11,2,3,1,0,17,0.6470588235294118
1196,12,2,2,1,0,17,0.7058823529411765
1197,11,2,3,1,0,17,0.6470588235294118
1198,10,2,3,1,0,16,0.625
1199,11,2,3,1,0,17,0.6470588235294118
1200,9,2,3,1,0,15,0.6
1201,9,2,3,1,0,15,0.6
1202,11,3,3,1,0,18,0.6111111111111112
1203,11,2,3,1,0,17,0.6470588235294118
1204,12,2,3,1,0,18,0.6666666666666666
1205,9,2,3,1,0,15,0.6
1206,11,2,3,1,0,17,0.6470588235294118
1207,11,2,3,1,0,17,0.6470588235294118
1208,11,2,3,1,0,17,0.6470588235294118
1209,11,2,3,1,0,17,0.6470588235294118
1210,12,2,3,1,0,18,0.6666666666666666
1211,10,2,3,1,0,16,0.625
1212,10,2,2,1,0,15,0.6666666666666666
1213,11,2,3,1,0,17,0.6470588235294118
1214,9,2,3,1,0,15,0.6
1215,11,2,3,1,0,17,0.6470588235294118
1216,11,3,3,1,0,18,0.6111111111111112
1217,9,2,3,1,0,15,0.6
1218,12,2,3,1,0,18,0.6666666666666666
1219,11,1,3,1,0,16,0.6875
1220,9,2,3,1,0,15,0.6
1221,10,2,3,1,0,16,0.625
1222,11,3,3,1,0,18,0.6111111111111112
1223,11,2,3,1,0,17,0.6470588235294118
1224,10,2,3,1,0,16,0.625
1225,11,2,3,1,0,17,0.6470588235294118
1226,12,2,3,1,0,18,0.6666666666666666
1227,10,2,3,1,0,16,0.625
1228,10,2,3,1,0,16,0.625
1229,13,2,3,1,0,19,0.6842105263157895
1230,11,3,3,1,0,18,0.6111111111111112
1231,13,2,3,1,0,19,0.6842105263157895
1232,10,3,3,1,0,17,0.5882352941176471
1233,11,2,3,1,0,17,0.6470588235294118
1234,10,2,3,1,0,16,0.625
1235,11,2,3,1,0,17,0.6470588235294118
1236,11,2,3,1,0,17,0.6470588235294118
1237,9,2,3,1,0,15,0.6
1238,11,2,3,1,0,17,0.6470588235294118
1239,11,2,3,1,0,17,0.6470588235294118
1240,10,2,3,1,0,16,0.625
1241,9,2,3,1,0,15,0.6
1242,12,2,3,1,0,18,0.6666666666666666
1243,10,3,3,1,0,17,0.5882352941176471
1244,9,2,3,1,0,15,0.6
1245,9,3,3,1,0,16,0.5625
1246,11,2,3,1,0,17,0.6470588235294118
1247,9,3,3,1,0,16,0.5625
1248,12,2,3,1,0,18,0.6666666666666666
1249,12,2,3,1,0,18,0.6666666666666666
1250,11,2,3,1,0,17,0.6470588235294118
1251,11,2,3,1,0,17,0.6470588235294118
1252,11,2,3,1,0,17,0.6470588235294118
1253,12,2,3,1,0,18,0.6666666666666666
1254,10,2,3,1,0,16,0.625
1255,10,2,3,1,0,16,0.625
1256,9,2,3,1,0,15,0.6
1257,11,2,3,1,0,17,0.6470588235294118
1258,11,2,3,1,0,17,0.6470588235294118
1259,10,2,3,1,0,16,0.625
1260,12,2,3,1,0,18,0.6666666666666666
1261,10,2,3,1,0,16,0.625
1262,10,2,3,1,0,16,0.625
1263,12,2,3,1,0,18,0.6666666666666666
1264,12,2,2,1,0,17,0.7058823529411765
1265,11,1,3,1,0,16,0.6875
1266,12,2,3,1,0,18,0.6666666666666666
1267,11,2,3,1,0,17,0.6470588235294118
1268,10,2,3,1,0,16,0.625
1269,9,2,3,1,0,15,0.6
1270,11,2,3,1,0,17,0.6470588235294118
1271,11,2,3,1,0,17,0.6470588235294118
1272,11,2,3,1,0,17,0.6470588235294118
1273,11,2,3,1,0,17,0.6470588235294118
1274,11,2,3,1,0,17,0.6470588235294118
1275,10,2,3,1,0,16,0.625
1276,11,2,3,1,0,17,0.6470588235294118
1277,11,2,3,1,0,17,0.6470588235294118
1278,11,2,3,1,0,17,0.6470588235294118
1279,10,2,3,1,0,16,0.625
1280,10,2,3,1,0,16,0.625
1281,11,2,2,1,0,16,0.6875
1282,11,2,3,1,0,17,0.6470588235294118
1283,11,3,3,1,0,18,0.6111111111111112
1284,10,2,3,1,0,16,0.625
1285,12,2,3,1,0,18,0.6666666666666666
1286,10,2,2,1,0,15,0.6666666666666666
1287,12,2,2,1,0,17,0.7058823529411765
1288,12,2,3,1,0,18,0.6666666666666666
1289,12,2,3,1,0,18,0.6666666666666666
1290,11,1,3,1,0,16,0.6875
1291,10,3,3,1,0,17,0.5882352941176471
1292,10,2,3,1,0,16,0.625
1293,10,2,2,1,0,15,0.6666666666666666
1294,11,1,3,1,0,16,0.6875
1295,11,1,2,1,0,15,0.7333333333333333
1296,10,1,3,1,0,15,0.6666666666666666
1297,10,1,2,1,0,14,0.7142857142857143
1298,10,2,3,1,0,16,0.625
1299,12,1,3,1,0,17,0.7058823529411765
1300,9,1,3,1,0,14,0.6428571428571429
1301,11,2,3,1,0,17,0.6470588235294118
1302,10,3,2,1,0,16,0.625
1303,10,3,3,1,0,17,0.5882352941176471
1304,10,3,3,1,0,17,0.5882352941176471
1305,10,3,3,1,0,17,0.5882352941176471
1306,10,3,2,1,0,16,0.625
1307,11,3,3,1,0,18,0.6111111111111112
1308,11,2,3,1,0,17,0.6470588235294118
1309,10,2,3,1,0,16,0.625
1310,10,1,3,1,0,15,0.6666666666666666
1311,10,2,3,1,0,16,0.625
1312,9,2,2,1,0,14,0.6428571428571429
1313,10,2,2,1,0,15,0.6666666666666666
1314,11,2,3,1,0,17,0.6470588235294118
1315,11,2,2,1,0,16,0.6875
1316,11,2,3,1,0,17,0.6470588235294118
1317,10,2,3,1,0,16,0.625
1318,11,2,3,1,0,17,0.6470588235294118
1319,11,2,3,1,0,17,0.6470588235294118
1320,10,2,2,1,0,15,0.6666666666666666
1321,10,2,3,1,0,16,0.625
1322,10,2,2,1,0,15,0.6666666666666666
1323,10,1,2,1,0,14,0.7142857142857143
1324,11,2,3,1,0,17,0.6470588235294118
1325,9,2,3,1,0,15,0.6
1326,8,2,2,1,0,13,0.6153846153846154
1327,9,2,2,1,0,14,0.6428571428571429
1328,11,2,2,1,0,16,0.6875
1329,10,3,3,1,0,17,0.5882352941176471
1330,11,3,3,1,0,18,0.6111111111111112
1331,12,1,3,1,0,17,0.7058823529411765
1332,9,2,3,1,0,15,0.6
1333,11,1,3,1,0,16,0.6875
1334,11,2,3,1,0,17,0.6470588235294118
1335,12,2,2,1,0,17,0.7058823529411765
1336,12,1,3,1,0,17,0.7058823529411765
1337,13,2,3,1,0,19,0.6842105263157895
1338,11,2,3,1,0,17,0.6470588235294118
1339,10,2,3,1,0,16,0.625
1340,11,2,3,1,0,17,0.6470588235294118
1341,11,2,3,1,0,17,0.6470588235294118
1342,10,2,3,1,0,16,0.625
1343,10,2,3,1,0,16,0.625
1344,10,2,3,1,0,16,0.625
1345,11,2,3,1,0,17,0.6470588235294118
1346,9,2,3,1,0,15,0.6
1347,10,2,2,1,0,15,0.6666666666666666
1348,12,2,2,1,0,17,0.7058823529411765
1349,11,3,2,1,0,17,0.6470588235294118
1350,12,3,3,1,0,19,0.631578947368421
1351,10,2,3,1,0,16,0.625
1352,10,2,3,1,0,16,0.625
1353,12,2,2,1,0,17,0.7058823529411765
1354,11,1,2,1,0,15,0.7333333333333333
1355,10,1,3,1,0,15,0.6666666666666666
1356,10,1,1,1,0,13,0.7692307692307693
1357,10,1,3,1,0,15,0.6666666666666666
1358,10,1,3,1,0,15,0.6666666666666666
1359,12,1,2,1,0,16,0.75
1360,10,1,2,1,0,14,0.7142857142857143
1361,9,1,2,1,0,13,0.6923076923076923
1362,11,1,2,1,0,15,0.7333333333333333
1363,10,1,2,1,0,14,0.7142857142857143
1364,11,1,2,1,0,15,0.7333333333333333
1365,12,1,2,1,0,16,0.75
1366,10,2,2,1,0,15,0.6666666666666666
1367,10,2,2,1,0,15,0.6666666666666666
1368,10,2,3,1,0,16,0.625
1369,10,2,3,1,0,16,0.625
1370,11,2,2,1,0,16,0.6875
1371,11,2,2,1,0,16,0.6875
1372,11,2,3,1,0,17,0.6470588235294118
1373,10,2,3,1,0,16,0.625
1374,10,2,3,1,0,16,0.625
1375,10,2,3,1,0,16,0.625
1376,10,2,2,1,0,15,0.6666666666666666
1377,12,2,2,1,0,17,0.7058823529411765
1378,10,2,2,1,0,15,0.6666666666666666
1379,11,2,3,1,0,17,0.6470588235294118
1380,12,2,3,1,0,18,0.6666666666666666
1381,11,2,3,1,0,17,0.6470588235294118
1382,11,2,3,1,0,17,0.6470588235294118
1383,11,2,3,1,0,17,0.6470588235294118
1384,10,2,3,1,0,16,0.625
1385,9,2,3,1,0,15,0.6
1386,10,2,3,1,0,16,0.625
1387,11,2,3,1,0,17,0.6470588235294118
1388,11,2,2,1,0,16,0.6875
1389,11,2,3,1,0,17,0.6470588235294118
1390,13,2,3,1,0,19,0.6842105263157895
1391,10,2,3,1,0,16,0.625
1392,11,2,3,1,0,17,0.6470588235294118
1393,11,2,3,1,0,17,0.6470588235294118
1394,11,2,3,1,0,17,0.6470588235294118
1395,12,2,3,1,0,18,0.6666666666666666
1396,10,1,2,1,0,14,0.7142857142857143
1397,12,1,3,1,0,17,0.7058823529411765
1398,9,2,3,1,0,15,0.6
1399,12,1,3,1,0,17,0.7058823529411765
1400,13,1,3,1,0,18,0.7222222222222222
1401,11,2,2,1,0,16,0.6875
1402,13,1,3,1,0,18,0.7222222222222222
1403,11,2,3,1,0,17,0.6470588235294118
1404,11,1,3,1,0,16,0.6875
1405,11,2,3,1,0,17,0.6470588235294118
1406,10,2,3,1,0,16,0.625
1407,10,1,3,1,0,15,0.6666666666666666
1408,12,2,3,1,0,18,0.6666666666666666
1409,10,2,3,1,0,16,0.625
1410,12,2,3,1,0,18,0.6666666666666666
1411,11,2,3,1,0,17,0.6470588235294118
1412,12,2,3,1,0,18,0.6666666666666666
1413,11,2,2,1,0,16,0.6875
1414,10,2,3,1,0,16,0.625
1415,13,2,3,1,0,19,0.6842105263157895
1416,12,2,3,1,0,18,0.6666666666666666
1417,10,2,3,1,0,16,0.625
1418,13,2,3,1,0,19,0.6842105263157895
1419,9,2,3,1,0,15,0.6
1420,13,2,3,1,0,19,0.6842105263157895
1421,11,2,3,1,0,17,0.6470588235294118
1422,11,2,3,1,0,17,0.6470588235294118
1423,11,2,3,1,0,17,0.6470588235294118
1424,11,2,3,1,0,17,0.6470588235294118
1425,12,2,3,1,0,18,0.6666666666666666
1426,11,2,3,1,0,17,0.6470588235294118
1427,11,2,3,1,0,17,0.6470588235294118
1428,12,2,3,1,0,18,0.6666666666666666
1429,9,2,3,1,0,15,0.6
1430,12,2,3,1,0,18,0.6666666666666666
1431,11,2,3,1,0,17,0.6470588235294118
1432,11,2,3,1,0,17,0.6470588235294118
1433,11,2,3,1,0,17,0.6470588235294118
1434,9,2,3,1,0,15,0.6
1435,10,2,3,1,0,16,0.625
1436,11,2,3,1,0,17,0.6470588235294118
1437,9,2,3,1,0,15,0.6
1438,12,2,3,1,0,18,0.6666666666666666
1439,11,2,3,1,0,17,0.6470588235294118
1440,12,2,3,1,0,18,0.6666666666666666
1441,10,2,2,1,0,15,0.6666666666666666
1442,9,2,3,1,0,15,0.6
1443,10,2,3,1,0,16,0.625
1444,10,2,3,1,0,16,0.625
1445,12,2,3,1,0,18,0.6666666666666666
1446,11,2,3,1,0,17,0.6470588235294118
1447,12,2,3,1,0,18,0.6666666666666666
1448,12,2,3,1,0,18,0.6666666666666666
1449,11,3,3,1,0,18,0.6111111111111112
1450,12,2,3,1,0,18,0.6666666666666666
1451,12,2,2,1,0,17,0.7058823529411765
1452,10,2,2,1,0,15,0.6666666666666666
1453,10,2,3,1,0,16,0.625
1454,11,2,3,1,0,17,0.6470588235294118
1455,11,2,3,1,0,17,0.6470588235294118
1456,10,2,3,1,0,16,0.625
1457,10,2,2,1,0,15,0.6666666666666666
1458,11,2,2,1,0,16,0.6875
1459,11,2,2,1,0,16,0.6875
1460,10,2,3,1,0,16,0.625
1461,10,2,2,1,0,15,0.6666666666666666
1462,10,3,2,1,0,16,0.625
1463,10,2,2,1,0,15,0.6666666666666666
1464,12,2,2,1,0,17,0.7058823529411765
1465,11,2,3,1,0,17,0.6470588235294118
1466,10,2,2,1,0,15,0.6666666666666666
1467,11,2,2,1,0,16,0.6875
1468,10,2,3,1,0,16,0.625
1469,12,2,3,1,0,18,0.6666666666666666
1470,11,2,2,1,0,16,0.6875
1471,10,2,2,1,0,15,0.6666666666666666
1472,11,2,3,1,0,17,0.6470588235294118
1473,10,2,2,1,0,15,0.6666666666666666
1474,11,3,2,1,0,17,0.6470588235294118
1475,10,2,3,1,0,16,0.625
1476,11,2,2,1,0,16,0.6875
1477,12,2,3,1,0,18,0.6666666666666666
1478,11,2,3,1,0,17,0.6470588235294118
1479,11,3,3,1,0,18,0.6111111111111112
1480,10,2,3,1,0,16,0.625
1481,14,3,2,1,0,20,0.7
1482,12,3,3,1,0,19,0.631578947368421
1483,13,3,3,1,0,20,0.65
1484,13,3,3,1,0,20,0.65
1485,11,3,3,1,0,18,0.6111111111111112
1486,11,4,2,1,0,18,0.6111111111111112
1487,11,3,3,1,0,18,0.6111111111111112
1488,12,3,2,1,0,18,0.6666666666666666
1489,12,3,2,1,0,18,0.6666666666666666
1490,12,3,2,1,0,18,0.6666666666666666
1491,12,3,3,1,0,19,0.631578947368421
1492,12,3,2,1,0,18,0.6666666666666666
1493,12,3,3,1,0,19,0.631578947368421
1494,11,3,2,1,0,17,0.6470588235294118
1495,13,3,3,1,0,20,0.65
1496,11,3,3,1,0,18,0.6111111111111112
1497,11,3,3,1,0,18,0.6111111111111112
1498,12,3,3,1,0,19,0.631578947368421
1499,10,2,3,1,0,16,0.625
1500,12,3,3,1,0,19,0.631578947368421
1501,12,3,3,1,0,19,0.631578947368421
1502,10,2,3,1,0,16,0.625
1503,11,2,3,1,0,17,0.6470588235294118
1504,12,3,3,1,0,19,0.631578947368421
1505,11,3,3,1,0,18,0.6111111111111112
1506,11,3,3,1,0,18,0.6111111111111112
1507,11,3,3,1,0,18,0.6111111111111112
1508,11,2,3,1,0,17,0.6470588235294118
1509,10,2,3,1,0,16,0.625
1510,11,2,3,1,0,17,0.6470588235294118
1511,11,2,3,1,0,17,0.6470588235294118
1512,11,3,3,1,0,18,0.6111111111111112
1513,10,3,3,1,0,17,0.5882352941176471
1514,12,3,3,1,0,19,0.631578947368421
1515,10,4,2,2,0,18,0.5555555555555556
1516,11,3,3,1,0,18,0.6111111111111112
1517,10,3,3,1,0,17,0.5882352941176471
1518,11,3,3,1,0,18,0.6111111111111112
1519,12,3,2,1,0,18,0.6666666666666666
1520,11,3,2,1,0,17,0.6470588235294118
1521,9,3,2,1,0,15,0.6
1522,10,3,3,1,0,17,0.5882352941176471
1523,9,3,2,1,0,15,0.6
1524,11,3,3,1,0,18,0.6111111111111112
1525,12,3,2,1,0,18,0.6666666666666666
1526,10,3,2,1,0,16,0.625
1527,11,3,2,1,0,17,0.6470588235294118
1528,10,3,3,1,0,17,0.5882352941176471
1529,10,4,2,1,0,17,0.5882352941176471
1530,9,3,2,1,0,15,0.6
1531,11,3,3,1,0,18,0.6111111111111112
1532,11,4,2,1,0,18,0.6111111111111112
1533,12,4,2,1,0,19,0.631578947368421
1534,13,4,3,1,0,21,0.6190476190476191
1535,12,3,3,1,0,19,0.631578947368421
1536,13,3,3,1,0,20,0.65
1537,11,3,3,1,0,18,0.6111111111111112
1538,10,3,2,1,0,16,0.625
1539,13,3,2,1,0,19,0.6842105263157895
1540,11,4,3,1,0,19,0.5789473684210527
1541,13,3,2,1,0,19,0.6842105263157895
1542,12,4,3,1,0,20,0.6
1543,12,3,3,1,0,19,0.631578947368421
1544,13,3,2,1,0,19,0.6842105263157895
1545,12,3,2,1,0,18,0.6666666666666666
1546,12,3,2,1,0,18,0.6666666666666666
1547,14,3,2,1,0,20,0.7
1548,12,3,2,1,0,18,0.6666666666666666
1549,12,3,3,2,0,20,0.6
1550,12,3,2,2,0,19,0.631578947368421
1551,12,3,2,1,0,18,0.6666666666666666
1552,11,3,3,1,0,18,0.6111111111111112
1553,12,3,3,1,0,19,0.631578947368421
1554,11,3,3,1,0,18,0.6111111111111112
1555,12,4,2,2,0,20,0.6
1556,13,3,2,1,0,19,0.6842105263157895
1557,11,3,2,1,0,17,0.6470588235294118
1558,11,3,2,1,0,17,0.6470588235294118
1559,12,3,2,1,0,18,0.6666666666666666
1560,12,3,3,1,0,19,0.631578947368421
1561,13,3,2,1,0,19,0.6842105263157895
1562,11,2,2,1,0,16,0.6875
1563,12,2,3,1,0,18,0.6666666666666666
1564,11,3,2,1,0,17,0.6470588235294118
1565,12,3,3,1,0,19,0.631578947368421
1566,11,2,3,1,0,17,0.6470588235294118
1567,11,3,3,1,0,18,0.6111111111111112
1568,11,3,3,1,0,18,0.6111111111111112
1569,11,3,3,1,0,18,0.6111111111111112
1570,12,3,3,1,0,19,0.631578947368421
1571,10,3,3,1,0,17,0.5882352941176471
1572,11,3,3,1,0,18,0.6111111111111112
1573,11,3,3,1,0,18,0.6111111111111112
1574,10,2,3,1,0,16,0.625
1575,9,2,3,1,0,15,0.6
1576,12,3,3,1,0,19,0.631578947368421
1577,12,3,3,1,0,19,0.631578947368421
1578,12,3,3,1,0,19,0.631578947368421
1579,11,3,3,1,0,18,0.6111111111111112
1580,10,3,3,1,0,17,0.5882352941176471
1581,13,3,3,1,0,20,0.65
1582,11,3,3,1,0,18,0.6111111111111112
1583,11,2,3,1,0,17,0.6470588235294118
1584,11,2,3,1,0,17,0.6470588235294118
1585,11,3,3,1,0,18,0.6111111111111112
1586,11,2,3,1,0,17,0.6470588235294118
1587,10,3,2,1,0,16,0.625
1588,10,2,3,1,0,16,0.625
1589,10,2,3,1,0,16,0.625
1590,11,2,3,1,0,17,0.6470588235294118
1591,12,3,3,1,0,19,0.631578947368421
1592,10,2,3,1,0,16,0.625
1593,11,2,3,1,0,17,0.6470588235294118
1594,11,2,3,1,0,17,0.6470588235294118
1595,10,2,3,1,0,16,0.625
1596,12,2,3,1,0,18,0.6666666666666666
1597,13,2,3,1,0,19,0.6842105263157895
1598,12,3,3,1,0,19,0.631578947368421
1599,10,2,3,1,0,16,0.625
1600,11,3,3,1,0,18,0.6111111111111112
1601,11,2,3,1,0,17,0.6470588235294118
1602,12,2,3,1,0,18,0.6666666666666666
1603,11,3,3,1,0,18,0.6111111111111112
1604,12,3,3,1,0,19,0.631578947368421
1605,11,2,3,1,0,17,0.6470588235294118
1606,11,2,3,1,0,17,0.6470588235294118
1607,10,2,3,1,0,16,0.625
1608,11,2,3,1,0,17,0.6470588235294118
1609,10,2,3,1,0,16,0.625
1610,10,2,3,1,0,16,0.625
1611,12,3,3,1,0,19,0.631578947368421
1612,11,2,2,1,0,16,0.6875
1613,10,3,3,1,0,17,0.5882352941176471
1614,10,3,3,1,0,17,0.5882352941176471
1615,10,3,3,1,0,17,0.5882352941176471
1616,10,3,3,1,0,17,0.5882352941176471
1617,10,3,3,1,0,17,0.5882352941176471
1618,9,2,3,1,0,15,0.6
1619,9,3,3,1,0,16,0.5625
1620,11,3,3,1,0,18,0.6111111111111112
1621,11,3,3,1,0,18,0.6111111111111112
1622,10,3,3,1,0,17,0.5882352941176471
1623,10,4,3,2,0,19,0.5263157894736842
1624,10,2,3,1,0,16,0.625
1625,10,3,3,1,0,17,0.5882352941176471
1626,9,3,3,1,0,16,0.5625
1627,10,2,3,1,0,16,0.625
1628,11,2,3,1,0,17,0.6470588235294118
1629,11,2,3,1,0,17,0.6470588235294118
1630,12,2,3,1,0,18,0.6666666666666666
1631,11,2,3,1,0,17,0.6470588235294118
1632,11,2,3,1,0,17,0.6470588235294118
1633,10,2,2,1,0,15,0.6666666666666666
1634,11,2,3,1,0,17,0.6470588235294118
1635,11,2,3,1,0,17,0.6470588235294118
1636,11,2,3,1,0,17,0.6470588235294118
1637,11,2,3,1,0,17,0.6470588235294118
1638,12,2,3,1,0,18,0.6666666666666666
1639,12,2,3,1,0,18,0.6666666666666666
1640,11,2,3,1,0,17,0.6470588235294118
1641,10,2,2,1,0,15,0.6666666666666666
1642,11,2,3,1,0,17,0.6470588235294118
1643,10,2,3,1,0,16,0.625
1644,14,2,3,1,0,20,0.7
1645,10,3,3,1,0,17,0.5882352941176471
1646,10,3,3,1,0,17,0.5882352941176471
1647,10,2,2,1,0,15,0.6666666666666666
1648,9,2,3,1,0,15,0.6
1649,12,2,3,1,0,18,0.6666666666666666
1650,11,2,3,1,0,17,0.6470588235294118
1651,10,3,3,1,0,17,0.5882352941176471
1652,12,2,2,1,0,17,0.7058823529411765
1653,10,3,3,1,0,17,0.5882352941176471
1654,10,2,3,1,0,16,0.625
1655,11,2,3,1,0,17,0.6470588235294118
1656,11,1,3,1,0,16,0.6875
1657,11,2,3,1,0,17,0.6470588235294118
1658,10,2,3,1,0,16,0.625
1659,11,2,3,1,0,17,0.6470588235294118
1660,11,1,3,1,0,16,0.6875
1661,11,1,2,1,0,15,0.7333333333333333
1662,11,1,3,1,0,16,0.6875
1663,11,1,2,1,0,15,0.7333333333333333
1664,12,1,2,1,0,16,0.75
1665,11,1,3,1,0,16,0.6875
1666,10,1,2,1,0,14,0.7142857142857143
1667,11,2,3,1,0,17,0.6470588235294118
1668,11,1,2,1,0,15,0.7333333333333333
1669,10,1,2,1,0,14,0.7142857142857143
1670,11,1,2,1,0,15,0.7333333333333333
1671,10,1,2,1,0,14,0.7142857142857143
1672,10,2,2,1,0,15,0.6666666666666666
1673,10,1,2,1,0,14,0.7142857142857143
1674,10,1,3,1,0,15,0.6666666666666666
1675,11,2,2,1,0,16,0.6875
1676,11,2,2,1,0,16,0.6875
1677,9,2,3,1,0,15,0.6
1678,11,1,3,1,0,16,0.6875
1679,11,2,3,1,0,17,0.6470588235294118
1680,11,2,3,1,0,17,0.6470588235294118
1681,11,2,3,1,0,17,0.6470588235294118
1682,10,2,2,1,0,15,0.6666666666666666
1683,10,2,3,1,0,16,0.625
1684,11,2,3,1,0,17,0.6470588235294118
1685,12,2,3,1,0,18,0.6666666666666666
1686,11,2,3,1,0,17,0.6470588235294118
1687,13,2,3,1,0,19,0.6842105263157895
1688,11,2,3,1,0,17,0.6470588235294118
1689,13,2,3,1,0,19,0.6842105263157895
1690,12,2,3,1,0,18,0.6666666666666666
1691,9,2,3,1,0,15,0.6
1692,10,2,3,1,0,16,0.625
1693,11,2,3,1,0,17,0.6470588235294118
1694,12,2,3,1,0,18,0.6666666666666666
1695,11,2,3,1,0,17,0.6470588235294118
1696,11,2,3,1,0,17,0.6470588235294118
1697,12,2,2,1,0,17,0.7058823529411765
1698,10,2,3,1,0,16,0.625
1699,11,2,3,1,0,17,0.6470588235294118
1700,11,2,3,1,0,17,0.6470588235294118
1701,10,2,3,1,0,16,0.625
1702,11,2,3,1,0,17,0.6470588235294118
1703,10,2,3,1,0,16,0.625
1704,11,2,3,1,0,17,0.6470588235294118
1705,11,2,3,1,0,17,0.6470588235294118
1706,11,2,2,1,0,16,0.6875
1707,10,2,2,1,0,15,0.6666666666666666
1708,10,2,3,1,0,16,0.625
1709,10,1,2,1,0,14,0.7142857142857143
1710,12,2,3,1,0,18,0.6666666666666666
1711,12,2,3,1,0,18,0.6666666666666666
1712,10,2,3,1,0,16,0.625
1713,9,2,3,1,0,15,0.6
1714,11,2,2,1,0,16,0.6875
1715,10,2,3,1,0,16,0.625
1716,10,2,3,1,0,16,0.625
1717,12,2,3,1,0,18,0.6666666666666666
1718,10,2,3,1,0,16,0.625
1719,11,2,3,1,0,17,0.6470588235294118
1720,10,2,3,1,0,16,0.625
1721,12,2,3,1,0,18,0.6666666666666666
1722,13,2,3,1,0,19,0.6842105263157895
1723,10,2,3,1,0,16,0.625
1724,11,2,3,1,0,17,0.6470588235294118
1725,11,2,3,1,0,17,0.6470588235294118
1726,13,3,3,1,0,20,0.65
1727,11,2,3,1,0,17,0.6470588235294118
1728,11,2,3,1,0,17,0.6470588235294118
1729,10,2,2,1,0,15,0.6666666666666666
1730,10,3,3,1,0,17,0.5882352941176471
1731,9,2,3,1,0,15,0.6
1732,10,2,3,1,0,16,0.625
1733,12,2,3,1,0,18,0.6666666666666666
1734,10,2,3,1,0,16,0.625
1735,10,2,2,1,0,15,0.6666666666666666
1736,9,3,3,1,0,16,0.5625
1737,10,2,3,1,0,16,0.625
1738,10,2,3,1,0,16,0.625
1739,11,2,2,1,0,16,0.6875
1740,10,2,2,1,0,15,0.6666666666666666
1741,11,3,2,1,0,17,0.6470588235294118
1742,11,3,2,1,0,17,0.6470588235294118
1743,11,3,2,1,0,17,0.6470588235294118
1744,11,2,2,1,0,16,0.6875
1745,12,3,3,1,0,19,0.631578947368421
1746,11,3,3,1,0,18,0.6111111111111112
1747,12,3,3,1,0,19,0.631578947368421
1748,12,3,3,1,0,19,0.631578947368421
1749,11,3,3,1,0,18,0.6111111111111112
1750,11,3,3,1,0,18,0.6111111111111112
1751,10,3,3,1,0,17,0.5882352941176471
1752,11,3,3,1,0,18,0.6111111111111112
1753,11,2,3,1,0,17,0.6470588235294118
1754,10,3,3,1,0,17,0.5882352941176471
1755,10,2,3,1,0,16,0.625
1756,11,3,3,1,0,18,0.6111111111111112
1757,11,2,3,1,0,17,0.6470588235294118
1758,12,3,3,1,0,19,0.631578947368421
1759,12,3,2,1,0,18,0.6666666666666666
1760,11,3,3,2,0,19,0.5789473684210527
1761,12,3,2,1,0,18,0.6666666666666666
1762,11,3,2,1,0,17,0.6470588235294118
1763,11,2,2,2,0,17,0.6470588235294118
1764,12,3,3,1,0,19,0.631578947368421
1765,11,3,3,1,0,18,0.6111111111111112
1766,11,3,3,1,0,18,0.6111111111111112
1767,11,2,3,1,0,17,0.6470588235294118
1768,11,3,3,1,0,18,0.6111111111111112
1769,12,3,3,1,0,19,0.631578947368421
1770,9,3,3,1,0,16,0.5625
1771,11,3,3,1,0,18,0.6111111111111112
1772,11,2,3,1,0,17,0.6470588235294118
1773,10,2,3,1,0,16,0.625
1774,10,3,3,1,0,17,0.5882352941176471
1775,11,2,3,1,0,17,0.6470588235294118
1776,11,3,3,1,0,18,0.6111111111111112
1777,11,3,2,1,0,17,0.6470588235294118
1778,10,3,3,1,0,17,0.5882352941176471
1779,11,3,3,1,0,18,0.6111111111111112
1780,11,4,2,1,0,18,0.6111111111111112
1781,11,3,3,1,0,18,0.6111111111111112
1782,11,4,3,1,0,19,0.5789473684210527
1783,11,3,3,1,0,18,0.6111111111111112
1784,10,3,3,1,0,17,0.5882352941176471
1785,11,3,2,1,0,17,0.6470588235294118
1786,11,3,3,2,0,19,0.5789473684210527
1787,10,2,3,1,0,16,0.625
1788,10,3,3,1,0,17,0.5882352941176471
1789,10,3,2,1,0,16,0.625
1790,11,2,3,1,0,17,0.6470588235294118
1791,11,2,2,1,0,16,0.6875
1792,9,2,2,1,0,14,0.6428571428571429
1793,12,2,3,1,0,18,0.6666666666666666
1794,10,2,3,1,0,16,0.625
1795,11,2,3,1,0,17,0.6470588235294118
1796,10,2,3,1,0,16,0.625
1797,10,2,3,1,0,16,0.625
1798,11,2,3,1,0,17,0.6470588235294118
1799,12,2,3,1,0,18,0.6666666666666666
1800,10,2,3,1,0,16,0.625
1801,11,2,3,1,0,17,0.6470588235294118
1802,12,3,3,1,0,19,0.631578947368421
1803,11,2,3,1,0,17,0.6470588235294118
1804,10,2,3,1,0,16,0.625
1805,12,1,3,1,0,17,0.7058823529411765
1806,10,2,2,1,0,15,0.6666666666666666
1807,10,3,3,1,0,17,0.5882352941176471
1808,10,2,3,1,0,16,0.625
1809,11,2,3,1,0,17,0.6470588235294118
1810,12,2,3,1,0,18,0.6666666666666666
1811,10,2,3,1,0,16,0.625
1812,9,2,3,1,0,15,0.6
1813,10,2,3,1,0,16,0.625
1814,10,2,3,1,0,16,0.625
1815,13,2,3,1,0,19,0.6842105263157895
1816,11,3,3,1,0,18,0.6111111111111112
1817,11,2,3,1,0,17,0.6470588235294118
1818,10,2,3,1,0,16,0.625
1819,10,2,3,1,0,16,0.625
1820,11,2,3,1,0,17,0.6470588235294118
1821,12,3,3,1,0,19,0.631578947368421
1822,12,3,3,1,0,19,0.631578947368421
1823,11,2,3,1,0,17,0.6470588235294118
1824,11,3,3,1,0,18,0.6111111111111112
1825,10,2,3,1,0,16,0.625
1826,13,2,3,1,0,19,0.6842105263157895
1827,12,2,3,1,0,18,0.6666666666666666
1828,12,2,3,1,0,18,0.6666666666666666
1829,11,2,3,1,0,17,0.6470588235294118
1830,12,2,3,1,0,18,0.6666666666666666
1831,11,2,3,1,0,17,0.6470588235294118
1832,13,3,3,1,0,20,0.65
1833,10,3,3,1,0,17,0.5882352941176471
1834,12,3,3,1,0,19,0.631578947368421
1835,11,2,3,1,0,17,0.6470588235294118
1836,10,2,3,1,0,16,0.625
1837,10,2,3,1,0,16,0.625
1838,13,3,3,1,0,20,0.65
1839,10,2,3,1,0,16,0.625
1840,11,2,3,1,0,17,0.6470588235294118
1841,11,2,3,1,0,17,0.6470588235294118
1842,12,2,3,1,0,18,0.6666666666666666
1843,13,2,2,1,0,18,0.7222222222222222
1844,11,2,3,1,0,17,0.6470588235294118
1845,12,2,2,1,0,17,0.7058823529411765
1846,12,2,3,1,0,18,0.6666666666666666
1847,11,2,3,1,0,17,0.6470588235294118
1848,12,2,3,1,0,18,0.6666666666666666
1849,10,2,3,1,0,16,0.625
1850,10,2,3,1,0,16,0.625
1851,11,2,2,1,0,16,0.6875
1852,11,3,2,1,0,17,0.6470588235294118
1853,10,3,3,1,0,17,0.5882352941176471
1854,12,2,3,1,0,18,0.6666666666666666
1855,12,2,3,1,0,18,0.6666666666666666
1856,10,3,3,1,0,17,0.5882352941176471
1857,10,2,3,1,0,16,0.625
1858,12,3,3,1,0,19,0.631578947368421
1859,12,2,3,1,0,18,0.6666666666666666
1860,13,2,3,1,0,19,0.6842105263157895
1861,11,2,3,1,0,17,0.6470588235294118
1862,12,2,3,1,0,18,0.6666666666666666
1863,10,2,3,1,0,16,0.625
1864,11,2,3,1,0,17,0.6470588235294118
1865,11,3,3,1,0,18,0.6111111111111112
1866,13,3,3,1,0,20,0.65
1867,11,2,3,1,0,17,0.6470588235294118
1868,11,2,2,1,0,16,0.6875
1869,12,3,2,1,0,18,0.6666666666666666
1870,11,2,3,1,0,17,0.6470588235294118
1871,10,2,3,1,0,16,0.625
1872,11,2,3,1,0,17,0.6470588235294118
1873,12,3,3,1,0,19,0.631578947368421
1874,10,3,3,1,0,17,0.5882352941176471
1875,10,3,3,1,0,17,0.5882352941176471
1876,10,3,3,1,0,17,0.5882352941176471
1877,11,3,3,1,0,18,0.6111111111111112
1878,10,2,3,1,0,16,0.625
1879,11,3,3,1,0,18,0.6111111111111112
1880,11,3,4,1,0,19,0.5789473684210527
1881,11,2,3,1,0,17,0.6470588235294118
1882,11,2,3,1,0,17,0.6470588235294118
1883,11,2,3,1,0,17,0.6470588235294118
1884,12,2,2,1,0,17,0.7058823529411765
1885,12,2,2,1,0,17,0.7058823529411765
1886,10,2,3,1,0,16,0.625
1887,11,2,3,1,0,17,0.6470588235294118
1888,11,3,3,1,0,18,0.6111111111111112
1889,12,2,3,1,0,18,0.6666666666666666
1890,12,2,3,1,0,18,0.6666666666666666
1891,13,3,3,1,0,20,0.65
1892,11,2,3,1,0,17,0.6470588235294118
1893,11,2,3,1,0,17,0.6470588235294118
1894,13,2,3,1,0,19,0.6842105263157895
1895,12,2,3,1,0,18,0.6666666666666666
1896,13,3,3,1,0,20,0.65
1897,11,3,3,1,0,18,0.6111111111111112
1898,12,2,3,1,0,18,0.6666666666666666
1899,14,3,3,1,0,21,0.6666666666666666
1900,12,3,3,1,0,19,0.631578947368421
1901,10,3,3,1,0,17,0.5882352941176471
1902,12,3,2,1,0,18,0.6666666666666666
1903,9,2,4,1,0,16,0.5625
1904,11,3,4,1,0,19,0.5789473684210527
1905,12,3,3,1,0,19,0.631578947368421
1906,12,3,3,1,0,19,0.631578947368421
1907,11,2,3,1,0,17,0.6470588235294118
1908,10,3,3,1,0,17,0.5882352941176471
1909,11,2,3,1,0,17,0.6470588235294118
1910,12,2,3,1,0,18,0.6666666666666666
1911,10,2,3,1,0,16,0.625
1912,9,3,3,1,0,16,0.5625
1913,13,2,3,1,0,19,0.6842105263157895
1914,13,2,2,1,0,18,0.7222222222222222
1915,11,3,3,1,0,18,0.6111111111111112
1916,12,3,3,1,0,19,0.631578947368421
1917,13,2,3,1,0,19,0.6842105263157895
1918,13,3,3,1,0,20,0.65
1919,12,2,2,1,0,17,0.7058823529411765
1920,10,2,3,1,0,16,0.625
1921,12,3,3,1,0,19,0.631578947368421
1922,11,3,2,1,0,17,0.6470588235294118
1923,11,3,3,1,0,18,0.6111111111111112
1924,13,3,2,1,0,19,0.6842105263157895
1925,11,3,3,1,0,18,0.6111111111111112
1926,10,2,3,1,0,16,0.625
1927,12,2,3,1,0,18,0.6666666666666666
1928,11,3,2,1,0,17,0.6470588235294118
1929,13,3,2,1,0,19,0.6842105263157895
1930,12,3,3,1,0,19,0.631578947368421
1931,12,2,3,1,0,18,0.6666666666666666
1932,12,3,3,2,0,20,0.6
1933,10,2,4,1,0,17,0.5882352941176471
1934,10,2,4,1,0,17,0.5882352941176471
1935,11,2,3,1,0,17,0.6470588235294118
1936,11,2,4,1,0,18,0.6111111111111112
1937,12,2,3,1,0,18,0.6666666666666666
1938,10,2,4,1,0,17,0.5882352941176471
1939,11,2,3,1,0,17,0.6470588235294118
1940,13,2,2,1,0,18,0.7222222222222222
1941,11,3,3,1,0,18,0.6111111111111112
1942,12,3,3,1,0,19,0.631578947368421
1943,10,2,3,1,0,16,0.625
1944,12,2,3,1,0,18,0.6666666666666666
1945,12,3,2,1,0,18,0.6666666666666666
1946,12,3,3,1,0,19,0.631578947368421
1947,12,2,3,1,0,18,0.6666666666666666
1948,9,2,3,1,0,15,0.6
1949,12,2,3,1,0,18,0.6666666666666666
1950,10,3,3,1,0,17,0.5882352941176471
1951,10,1,3,1,0,15,0.6666666666666666
1952,12,2,3,1,0,18,0.6666666666666666
1953,11,2,3,1,0,17,0.6470588235294118
1954,10,3,2,1,0,16,0.625
1955,12,3,2,1,0,18,0.6666666666666666
1956,10,3,3,1,0,17,0.5882352941176471
1957,11,3,3,1,0,18,0.6111111111111112
1958,12,3,2,1,0,18,0.6666666666666666
1959,11,3,3,1,0,18,0.6111111111111112
1960,13,3,3,1,0,20,0.65
1961,12,3,3,1,0,19,0.631578947368421
1962,11,3,3,1,0,18,0.6111111111111112
1963,11,3,3,1,0,18,0.6111111111111112
1964,12,3,3,1,0,19,0.631578947368421
1965,11,3,3,1,0,18,0.6111111111111112
1966,11,3,3,1,0,18,0.6111111111111112
1967,12,3,3,1,0,19,0.631578947368421
1968,10,3,3,1,0,17,0.5882352941176471
1969,11,3,3,1,0,18,0.6111111111111112
1970,10,3,3,1,0,17,0.5882352941176471
1971,12,3,3,1,0,19,0.631578947368421
1972,11,3,2,1,0,17,0.6470588235294118
1973,12,2,3,1,0,18,0.6666666666666666
1974,10,3,3,1,0,17,0.5882352941176471
1975,11,3,3,1,0,18,0.6111111111111112
1976,11,3,3,1,0,18,0.6111111111111112
1977,10,3,3,1,0,17,0.5882352941176471
1978,12,2,2,1,0,17,0.7058823529411765
1979,10,3,2,1,0,16,0.625
1980,11,3,2,1,0,17,0.6470588235294118
1981,12,3,3,1,0,19,0.631578947368421
1982,11,3,3,1,0,18,0.6111111111111112
1983,13,2,3,1,0,19,0.6842105263157895
1984,11,3,3,1,0,18,0.6111111111111112
1985,11,3,3,1,0,18,0.6111111111111112
1986,11,3,2,2,0,18,0.6111111111111112
1987,12,3,3,1,0,19,0.631578947368421
1988,12,3,3,1,0,19,0.631578947368421
1989,11,3,3,1,0,18,0.6111111111111112
1990,12,3,3,1,0,19,0.631578947368421
1991,13,3,3,1,0,20,0.65
1992,12,3,3,1,0,19,0.631578947368421
1993,11,3,3,1,0,18,0.6111111111111112
1994,12,3,3,1,0,19,0.631578947368421
1995,11,3,3,1,0,18,0.6111111111111112
1996,11,3,3,1,0,18,0.6111111111111112
1997,13,2,2,1,0,18,0.7222222222222222
1998,11,2,2,1,0,16,0.6875
1999,11,3,1,2,0,17,0.6470588235294118
2000,10,3,1,2,0,16,0.625
2001,11,3,2,1,0,17,0.6470588235294118
2002,12,2,2,1,0,17,0.7058823529411765
2003,10,3,2,1,0,16,0.625
2004,11,3,3,1,0,18,0.6111111111111112
2005,11,3,3,1,0,18,0.6111111111111112
2006,8,3,2,2,0,15,0.5333333333333333
2007,12,3,3,1,0,19,0.631578947368421
2008,11,3,3,1,0,18,0.6111111111111112
2009,10,3,2,1,0,16,0.625
2010,11,3,2,1,0,17,0.6470588235294118
2011,11,3,2,1,0,17,0.6470588235294118
2012,9,3,3,1,0,16,0.5625
2013,12,3,3,1,0,19,0.631578947368421
2014,12,3,3,1,0,19,0.631578947368421
2015,12,3,3,1,0,19,0.631578947368421
2016,12,3,3,1,0,19,0.631578947368421
2017,10,3,3,1,0,17,0.5882352941176471
2018,11,3,3,1,0,18,0.6111111111111112
2019,13,2,3,1,0,19,0.6842105263157895
2020,12,2,3,1,0,18,0.6666666666666666
2021,12,2,3,1,0,18,0.6666666666666666
2022,11,3,3,1,0,18,0.6111111111111112
2023,10,3,3,1,0,17,0.5882352941176471
2024,12,3,2,1,0,18,0.6666666666666666
2025,10,3,3,1,0,17,0.5882352941176471
2026,12,3,3,1,0,19,0.631578947368421
2027,11,3,3,1,0,18,0.6111111111111112
2028,10,3,3,1,0,17,0.5882352941176471
2029,12,3,3,1,0,19,0.631578947368421
2030,10,3,3,1,0,17,0.5882352941176471
2031,11,3,2,1,0,17,0.6470588235294118
2032,10,3,3,1,0,17,0.5882352941176471
2033,13,3,2,1,0,19,0.6842105263157895
2034,12,3,2,2,0,19,0.631578947368421
2035,12,3,2,1,0,18,0.6666666666666666
2036,10,3,2,1,0,16,0.625
2037,13,3,3,1,0,20,0.65
2038,13,3,3,1,0,20,0.65
2039,14,3,3,2,0,22,0.6363636363636364
2040,13,3,3,1,0,20,0.65
2041,11,3,3,1,0,18,0.6111111111111112
2042,12,3,3,1,0,19,0.631578947368421
2043,13,3,3,1,0,20,0.65
2044,12,3,3,1,0,19,0.631578947368421
2045,12,3,3,1,0,19,0.631578947368421
2046,14,3,3,1,0,21,0.6666666666666666
2047,14,3,3,1,0,21,0.6666666666666666
2048,12,3,3,1,0,19,0.631578947368421
2049,13,3,3,1,0,20,0.65
2050,14,3,3,1,0,21,0.6666666666666666
2051,12,3,3,1,0,19,0.631578947368421
2052,13,3,3,1,0,20,0.65
2053,11,3,3,1,0,18,0.6111111111111112
2054,12,3,2,1,0,18,0.6666666666666666
2055,13,3,3,1,0,20,0.65
2056,12,3,3,1,0,19,0.631578947368421
2057,13,3,4,1,0,21,0.6190476190476191
2058,13,3,2,1,0,19,0.6842105263157895
2059,12,3,3,1,0,19,0.631578947368421
2060,12,3,3,1,0,19,0.631578947368421
2061,13,2,3,1,0,19,0.6842105263157895
2062,13,3,3,1,0,20,0.65
2063,13,3,3,1,0,20,0.65
2064,12,3,2,1,0,18,0.6666666666666666
2065,11,3,2,1,0,17,0.6470588235294118
2066,13,3,4,1,0,21,0.6190476190476191
2067,13,3,3,1,0,20,0.65
2068,10,3,2,1,0,16,0.625
2069,12,3,3,1,0,19,0.631578947368421
2070,11,2,2,1,0,16,0.6875
2071,13,3,3,1,0,20,0.65
2072,13,3,3,1,0,20,0.65
2073,12,3,3,1,0,19,0.631578947368421
2074,12,3,3,1,0,19,0.631578947368421
2075,13,3,3,1,0,20,0.65
2076,13,3,3,1,0,20,0.65
2077,13,3,3,1,0,20,0.65
2078,12,3,3,1,0,19,0.631578947368421
2079,11,3,3,1,0,18,0.6111111111111112
2080,13,3,3,1,0,20,0.65
2081,12,3,3,1,0,19,0.631578947368421
2082,11,3,3,1,0,18,0.6111111111111112
2083,12,3,3,1,0,19,0.631578947368421
2084,11,2,1,1,0,15,0.7333333333333333
2085,11,3,3,1,0,18,0.6111111111111112
2086,13,3,2,1,0,19,0.6842105263157895
2087,10,2,2,1,0,15,0.6666666666666666
2088,11,3,1,1,0,16,0.6875
2089,10,3,3,1,0,17,0.5882352941176471
2090,12,3,3,1,0,19,0.631578947368421
2091,12,3,3,1,0,19,0.631578947368421
2092,12,3,3,2,0,20,0.6
2093,11,3,2,1,0,17,0.6470588235294118
2094,12,3,3,2,0,20,0.6
2095,12,3,2,1,0,18,0.6666666666666666
2096,12,3,3,1,0,19,0.631578947368421
2097,10,3,2,1,0,16,0.625
2098,13,3,2,1,0,19,0.6842105263157895
2099,12,3,2,1,0,18,0.6666666666666666
2100,13,3,3,2,0,21,0.6190476190476191
2101,11,3,3,1,0,18,0.6111111111111112
2102,13,3,3,1,0,20,0.65
2103,12,3,3,1,0,19,0.631578947368421
2104,12,3,3,2,0,20,0.6
2105,13,3,3,1,0,20,0.65
2106,11,3,3,1,0,18,0.6111111111111112
2107,13,3,2,1,0,19,0.6842105263157895
2108,11,3,3,1,0,18,0.6111111111111112
2109,10,3,1,1,0,15,0.6666666666666666
2110,11,3,3,1,0,18,0.6111111111111112
2111,11,3,3,1,0,18,0.6111111111111112
2112,11,3,3,1,0,18,0.6111111111111112
2113,13,3,2,1,0,19,0.6842105263157895
2114,11,3,2,1,0,17,0.6470588235294118
2115,14,3,3,1,0,21,0.6666666666666666
2116,10,3,3,1,0,17,0.5882352941176471
2117,12,3,3,1,0,19,0.631578947368421
2118,13,3,3,2,0,21,0.6190476190476191
2119,12,3,3,1,0,19,0.631578947368421
2120,13,3,3,1,0,20,0.65
2121,12,3,3,1,0,19,0.631578947368421
2122,12,3,3,1,0,19,0.631578947368421
2123,12,3,2,1,0,18,0.6666666666666666
2124,10,3,2,1,0,16,0.625
2125,10,3,3,1,0,17,0.5882352941176471
2126,12,3,2,2,0,19,0.631578947368421
2127,11,3,3,1,0,18,0.6111111111111112
2128,11,3,2,1,0,17,0.6470588235294118
2129,11,3,3,1,0,18,0.6111111111111112
2130,11,3,3,1,0,18,0.6111111111111112
2131,11,3,2,1,0,17,0.6470588235294118
2132,11,3,3,1,0,18,0.6111111111111112
2133,12,3,3,1,0,19,0.631578947368421
2134,11,3,3,1,0,18,0.6111111111111112
2135,11,3,2,1,0,17,0.6470588235294118
2136,11,3,3,1,0,18,0.6111111111111112
2137,12,3,3,1,0,19,0.631578947368421
2138,12,3,2,1,0,18,0.6666666666666666
2139,12,3,3,1,0,19,0.631578947368421
2140,12,2,2,1,0,17,0.7058823529411765
2141,9,3,3,1,0,16,0.5625
2142,12,3,3,1,0,19,0.631578947368421
2143,10,3,3,1,0,17,0.5882352941176471
2144,12,3,3,1,0,19,0.631578947368421
2145,12,3,3,1,0,19,0.631578947368421
2146,12,3,3,1,0,19,0.631578947368421
2147,11,3,3,1,0,18,0.6111111111111112
2148,11,3,3,1,0,18,0.6111111111111112
2149,10,3,3,1,0,17,0.5882352941176471
2150,11,3,3,1,0,18,0.6111111111111112
2151,10,2,3,1,0,16,0.625
2152,9,3,3,1,0,16,0.5625
2153,11,3,3,1,0,18,0.6111111111111112
2154,11,3,3,1,0,18,0.6111111111111112
2155,12,2,3,1,0,18,0.6666666666666666
2156,12,2,3,1,0,18,0.6666666666666666
2157,13,3,3,1,0,20,0.65
2158,11,3,3,1,0,18,0.6111111111111112
2159,11,2,3,2,0,18,0.6111111111111112
2160,11,2,3,1,0,17,0.6470588235294118
2161,10,3,3,1,0,17,0.5882352941176471
2162,10,2,3,1,0,16,0.625
2163,10,3,3,1,0,17,0.5882352941176471
2164,10,2,3,1,0,16,0.625
2165,11,3,3,1,0,18,0.6111111111111112
2166,11,2,3,1,0,17,0.6470588235294118
2167,12,2,3,1,0,18,0.6666666666666666
2168,12,3,3,1,0,19,0.631578947368421
2169,12,3,3,1,0,19,0.631578947368421
2170,10,2,3,1,0,16,0.625
2171,11,2,3,1,0,17,0.6470588235294118
2172,12,3,1,1,0,17,0.7058823529411765
2173,11,3,3,1,0,18,0.6111111111111112
2174,12,3,2,1,0,18,0.6666666666666666
2175,12,3,3,1,0,19,0.631578947368421
2176,12,2,3,1,0,18,0.6666666666666666
2177,10,2,3,1,0,16,0.625
2178,10,2,3,1,0,16,0.625
2179,11,3,3,1,0,18,0.6111111111111112
2180,11,3,3,1,0,18,0.6111111111111112
2181,10,3,4,1,0,18,0.5555555555555556
2182,11,2,2,1,0,16,0.6875
2183,12,2,3,1,0,18,0.6666666666666666
2184,12,1,3,1,0,17,0.7058823529411765
2185,12,3,2,1,0,18,0.6666666666666666
2186,11,2,3,1,0,17,0.6470588235294118
2187,12,1,3,1,0,17,0.7058823529411765
2188,12,1,3,1,0,17,0.7058823529411765
2189,12,2,3,1,0,18,0.6666666666666666
2190,12,3,3,1,0,19,0.631578947368421
2191,12,3,3,1,0,19,0.631578947368421
2192,10,3,3,1,0,17,0.5882352941176471
2193,11,2,3,1,0,17,0.6470588235294118
2194,13,3,3,1,0,20,0.65
2195,13,3,3,1,0,20,0.65
2196,10,2,3,1,0,16,0.625
2197,10,2,3,1,0,16,0.625
2198,12,2,2,1,0,17,0.7058823529411765
2199,10,3,2,1,0,16,0.625
2200,11,3,3,1,0,18,0.6111111111111112
2201,10,3,3,1,0,17,0.5882352941176471
2202,12,3,2,1,0,18,0.6666666666666666
2203,12,3,2,1,0,18,0.6666666666666666
2204,12,2,2,1,0,17,0.7058823529411765
2205,10,3,2,1,0,16,0.625
2206,10,3,2,1,0,16,0.625
2207,11,3,3,1,0,18,0.6111111111111112
2208,11,3,3,1,0,18,0.6111111111111112
2209,11,3,2,1,0,17,0.6470588235294118
2210,10,3,3,1,0,17,0.5882352941176471
2211,13,3,3,1,0,20,0.65
2212,12,3,2,1,0,18,0.6666666666666666
2213,10,3,1,1,0,15,0.6666666666666666
2214,11,3,3,2,0,19,0.5789473684210527
2215,9,3,3,1,0,16,0.5625
2216,10,3,3,1,0,17,0.5882352941176471
2217,12,3,3,1,0,19,0.631578947368421
2218,9,3,3,1,0,16,0.5625
2219,13,3,3,1,0,20,0.65
2220,9,3,2,1,0,15,0.6
2221,11,2,3,1,0,17,0.6470588235294118
2222,10,2,3,1,0,16,0.625
2223,10,2,3,1,0,16,0.625
2224,11,3,1,1,0,16,0.6875
2225,12,2,3,1,0,18,0.6666666666666666
2226,11,3,3,1,0,18,0.6111111111111112
2227,11,3,3,1,0,18,0.6111111111111112
2228,13,3,3,1,0,20,0.65
2229,10,2,3,1,0,16,0.625
2230,12,2,3,1,0,18,0.6666666666666666
2231,13,3,3,1,0,20,0.65
2232,10,3,2,1,0,16,0.625
2233,13,3,3,1,0,20,0.65
2234,12,3,3,1,0,19,0.631578947368421
2235,12,3,3,1,0,19,0.631578947368421
2236,12,3,3,1,0,19,0.631578947368421
2237,12,3,2,1,0,18,0.6666666666666666
2238,9,3,2,1,0,15,0.6
2239,12,3,3,1,0,19,0.631578947368421
2240,12,3,3,1,0,19,0.631578947368421
2241,12,3,3,1,0,19,0.631578947368421
2242,13,3,3,1,0,20,0.65
2243,13,3,3,1,0,20,0.65
2244,12,3,3,1,0,19,0.631578947368421
2245,13,3,3,1,0,20,0.65
2246,13,3,3,1,0,20,0.65
2247,12,3,3,1,0,19,0.631578947368421
2248,11,3,3,1,0,18,0.6111111111111112
2249,12,3,3,1,0,19,0.631578947368421
2250,12,3,2,1,0,18,0.6666666666666666
2251,11,3,3,1,0,18,0.6111111111111112
2252,12,2,2,1,0,17,0.7058823529411765
2253,12,3,3,1,0,19,0.631578947368421
2254,11,3,3,1,0,18,0.6111111111111112
2255,11,3,3,1,0,18,0.6111111111111112
2256,10,3,3,1,0,17,0.5882352941176471
2257,11,3,1,1,0,16,0.6875
2258,11,3,2,1,0,17,0.6470588235294118
2259,11,3,2,1,0,17,0.6470588235294118
2260,13,3,1,1,0,18,0.7222222222222222
2261,13,3,1,1,0,18,0.7222222222222222
2262,11,3,1,1,0,16,0.6875
2263,11,3,1,2,0,17,0.6470588235294118
2264,14,3,1,2,0,20,0.7
2265,13,3,1,2,0,19,0.6842105263157895
2266,12,3,3,1,0,19,0.631578947368421
2267,11,3,2,1,0,17,0.6470588235294118
2268,12,3,1,2,0,18,0.6666666666666666
2269,12,3,1,1,0,17,0.7058823529411765
2270,12,3,2,1,0,18,0.6666666666666666
2271,11,3,1,2,0,17,0.6470588235294118
2272,12,3,2,2,0,19,0.631578947368421
2273,13,3,2,1,0,19,0.6842105263157895
2274,11,3,2,1,0,17,0.6470588235294118
2275,12,3,1,2,0,18,0.6666666666666666
2276,13,3,1,2,0,19,0.6842105263157895
2277,13,3,3,1,0,20,0.65
2278,12,1,4,1,0,18,0.6666666666666666
2279,11,1,4,1,0,17,0.6470588235294118
2280,9,3,4,1,0,17,0.5294117647058824
2281,9,1,4,1,0,15,0.6
2282,10,1,4,2,0,17,0.5882352941176471
2283,11,2,4,1,0,18,0.6111111111111112
2284,9,1,4,1,0,15,0.6
2285,12,1,4,2,0,19,0.631578947368421
2286,11,2,4,2,0,19,0.5789473684210527
2287,11,2,4,1,0,18,0.6111111111111112
2288,11,3,3,1,0,18,0.6111111111111112
2289,11,3,4,1,0,19,0.5789473684210527
2290,13,3,4,1,0,21,0.6190476190476191
2291,12,2,4,1,0,19,0.631578947368421
2292,11,1,4,1,0,17,0.6470588235294118
2293,11,1,4,1,0,17,0.6470588235294118
2294,11,1,3,1,0,16,0.6875
2295,9,1,4,1,0,15,0.6
2296,10,1,4,1,0,16,0.625
2297,11,1,3,1,0,16,0.6875
2298,10,3,2,1,0,16,0.625
2299,11,3,3,1,0,18,0.6111111111111112
2300,11,3,3,1,0,18,0.6111111111111112
2301,11,3,2,1,0,17,0.6470588235294118
2302,9,3,2,1,0,15,0.6
2303,10,3,2,1,0,16,0.625
2304,12,3,1,1,0,17,0.7058823529411765
2305,11,3,3,1,0,18,0.6111111111111112
2306,10,3,3,1,0,17,0.5882352941176471
2307,11,2,3,1,0,17,0.6470588235294118
2308,11,1,3,1,0,16,0.6875
2309,11,2,3,1,0,17,0.6470588235294118
2310,12,3,1,1,0,17,0.7058823529411765
2311,11,3,3,1,0,18,0.6111111111111112
2312,11,3,3,1,0,18,0.6111111111111112
2313,11,3,3,1,0,18,0.6111111111111112
2314,12,3,3,1,0,19,0.631578947368421
2315,10,3,4,1,0,18,0.5555555555555556
2316,13,3,4,1,0,21,0.6190476190476191
2317,13,3,3,1,0,20,0.65
2318,11,3,4,1,0,19,0.5789473684210527
2319,11,3,4,1,0,19,0.5789473684210527
2320,12,3,3,1,0,19,0.631578947368421
2321,12,3,3,1,0,19,0.631578947368421
2322,12,3,3,1,0,19,0.631578947368421
2323,11,3,3,1,0,18,0.6111111111111112
2324,12,3,3,1,0,19,0.631578947368421
2325,11,2,3,1,0,17,0.6470588235294118
2326,12,3,3,1,0,19,0.631578947368421
2327,11,3,3,1,0,18,0.6111111111111112
2328,12,3,3,1,0,19,0.631578947368421
2329,12,3,3,1,0,19,0.631578947368421
2330,11,3,3,1,0,18,0.6111111111111112
2331,13,3,3,1,0,20,0.65
2332,11,3,3,1,0,18,0.6111111111111112
2333,13,3,3,1,0,20,0.65
2334,12,2,4,1,0,19,0.631578947368421
2335,10,3,3,1,0,17,0.5882352941176471
2336,9,1,3,2,0,15,0.6
2337,12,1,3,1,0,17,0.7058823529411765
2338,12,2,3,1,0,18,0.6666666666666666
2339,11,2,3,1,0,17,0.6470588235294118
2340,12,1,4,1,0,18,0.6666666666666666
2341,11,1,4,1,0,17,0.6470588235294118
2342,12,2,4,1,0,19,0.631578947368421
2343,12,3,4,1,0,20,0.6
2344,11,1,4,1,0,17,0.6470588235294118
2345,11,3,3,1,0,18,0.6111111111111112
2346,12,1,4,1,0,18,0.6666666666666666
2347,11,1,4,1,0,17,0.6470588235294118
2348,11,2,4,1,0,18,0.6111111111111112
2349,12,2,4,2,0,20,0.6
2350,12,2,4,2,0,20,0.6
2351,12,2,4,1,0,19,0.631578947368421
2352,11,1,4,1,0,17,0.6470588235294118
2353,11,1,4,2,0,18,0.6111111111111112
2354,12,1,4,1,0,18,0.6666666666666666
2355,11,1,4,1,0,17,0.6470588235294118
2356,12,1,4,1,0,18,0.6666666666666666
2357,11,1,4,1,0,17,0.6470588235294118
2358,12,3,4,1,0,20,0.6
2359,12,3,3,1,0,19,0.631578947368421
2360,12,3,3,1,0,19,0.631578947368421
2361,11,3,3,1,0,18,0.6111111111111112
2362,12,3,3,1,0,19,0.631578947368421
2363,12,3,3,1,0,19,0.631578947368421
2364,11,3,3,1,0,18,0.6111111111111112
2365,13,3,3,1,0,20,0.65
2366,10,3,3,1,0,17,0.5882352941176471
2367,12,3,3,1,0,19,0.631578947368421
2368,12,3,3,1,0,19,0.631578947368421
2369,12,3,2,1,0,18,0.6666666666666666
2370,12,3,3,1,0,19,0.631578947368421
2371,12,1,3,1,0,17,0.7058823529411765
2372,11,3,3,1,0,18,0.6111111111111112
2373,10,3,3,1,0,17,0.5882352941176471
2374,12,2,3,1,0,18,0.6666666666666666
2375,10,3,3,1,0,17,0.5882352941176471
2376,13,3,3,1,0,20,0.65
2377,12,2,3,1,0,18,0.6666666666666666
2378,10,3,3,1,0,17,0.5882352941176471
2379,12,2,3,1,0,18,0.6666666666666666
2380,11,3,3,1,0,18,0.6111111111111112
2381,13,3,3,1,0,20,0.65
2382,12,3,3,1,0,19,0.631578947368421
2383,11,3,3,1,0,18,0.6111111111111112
2384,12,3,2,1,0,18,0.6666666666666666
2385,10,3,3,1,0,17,0.5882352941176471
2386,11,3,3,1,0,18,0.6111111111111112
2387,10,3,3,1,0,17,0.5882352941176471
2388,12,3,3,1,0,19,0.631578947368421
2389,12,3,3,1,0,19,0.631578947368421
2390,11,3,3,1,0,18,0.6111111111111112
2391,11,3,3,1,0,18,0.6111111111111112
2392,10,3,3,1,0,17,0.5882352941176471
2393,12,2,3,1,0,18,0.6666666666666666
2394,10,3,3,1,0,17,0.5882352941176471
2395,10,3,3,1,0,17,0.5882352941176471
2396,11,3,3,1,0,18,0.6111111111111112
2397,11,3,3,1,0,18,0.6111111111111112
2398,9,3,3,1,0,16,0.5625
2399,12,2,3,1,0,18,0.6666666666666666
2400,9,3,3,1,0,16,0.5625
2401,11,3,3,1,0,18,0.6111111111111112
2402,12,2,3,1,0,18,0.6666666666666666
2403,11,3,3,1,0,18,0.6111111111111112
2404,11,3,3,1,0,18,0.6111111111111112
2405,12,3,3,1,0,19,0.631578947368421
2406,11,3,3,1,0,18,0.6111111111111112
2407,11,3,3,1,0,18,0.6111111111111112
2408,11,3,3,1,0,18,0.6111111111111112
2409,12,3,3,1,0,19,0.631578947368421
2410,11,3,3,1,0,18,0.6111111111111112
2411,12,3,3,1,0,19,0.631578947368421
2412,12,3,3,1,0,19,0.631578947368421
2413,12,3,3,1,0,19,0.631578947368421
2414,10,3,3,1,0,17,0.5882352941176471
2415,12,3,3,1,0,19,0.631578947368421
2416,11,3,3,1,0,18,0.6111111111111112
2417,11,3,3,1,0,18,0.6111111111111112
2418,13,3,2,1,0,19,0.6842105263157895
2419,11,3,2,1,0,17,0.6470588235294118
2420,10,3,2,1,0,16,0.625
2421,12,3,3,1,0,19,0.631578947368421
2422,13,3,3,1,0,20,0.65
2423,12,3,3,1,0,19,0.631578947368421
2424,11,2,3,1,0,17,0.6470588235294118
2425,10,3,3,1,0,17,0.5882352941176471
2426,12,3,3,1,0,19,0.631578947368421
2427,10,3,3,1,0,17,0.5882352941176471
2428,11,3,3,1,0,18,0.6111111111111112
2429,12,3,3,1,0,19,0.631578947368421
2430,12,3,3,1,0,19,0.631578947368421
2431,10,3,3,1,0,17,0.5882352941176471
2432,11,3,3,1,0,18,0.6111111111111112
2433,11,3,3,1,0,18,0.6111111111111112
2434,12,3,3,1,0,19,0.631578947368421
2435,12,3,3,1,0,19,0.631578947368421
2436,11,3,3,1,0,18,0.6111111111111112
2437,11,3,3,1,0,18,0.6111111111111112
2438,11,2,3,1,0,17,0.6470588235294118
2439,11,2,3,1,0,17,0.6470588235294118
2440,11,3,3,1,0,18,0.6111111111111112
2441,11,3,3,1,0,18,0.6111111111111112
2442,13,3,3,1,0,20,0.65
2443,12,3,3,1,0,19,0.631578947368421
2444,11,3,2,1,0,17,0.6470588235294118
2445,10,3,3,1,0,17,0.5882352941176471
2446,11,3,3,1,0,18,0.6111111111111112
2447,13,3,3,1,0,20,0.65
2448,11,3,3,1,0,18,0.6111111111111112
2449,12,3,3,1,0,19,0.631578947368421
2450,11,3,3,1,0,18,0.6111111111111112
2451,11,3,3,1,0,18,0.6111111111111112
2452,11,3,3,1,0,18,0.6111111111111112
2453,11,3,3,1,0,18,0.6111111111111112
2454,12,3,3,1,0,19,0.631578947368421
2455,12,2,3,1,0,18,0.6666666666666666
2456,11,3,3,1,0,18,0.6111111111111112
2457,11,3,3,1,0,18,0.6111111111111112
2458,12,3,2,1,0,18,0.6666666666666666
2459,12,3,3,1,0,19,0.631578947368421
2460,11,3,2,1,0,17,0.6470588235294118
2461,10,2,3,1,0,16,0.625
2462,11,3,3,1,0,18,0.6111111111111112
2463,11,3,3,1,0,18,0.6111111111111112
2464,10,3,3,1,0,17,0.5882352941176471
2465,13,2,3,1,0,19,0.6842105263157895
2466,11,2,3,1,0,17,0.6470588235294118
2467,12,3,3,1,0,19,0.631578947368421
2468,12,3,3,1,0,19,0.631578947368421
2469,12,3,3,1,0,19,0.631578947368421
2470,12,3,3,1,0,19,0.631578947368421
2471,12,3,3,1,0,19,0.631578947368421
2472,12,3,3,1,0,19,0.631578947368421
2473,10,3,3,1,0,17,0.5882352941176471
2474,14,3,3,1,0,21,0.6666666666666666
2475,11,4,2,2,0,19,0.5789473684210527
2476,13,3,2,1,0,19,0.6842105263157895
2477,11,3,3,1,0,18,0.6111111111111112
2478,12,3,3,1,0,19,0.631578947368421
2479,11,3,3,1,0,18,0.6111111111111112
2480,10,2,3,1,0,16,0.625
2481,12,3,3,1,0,19,0.631578947368421
2482,12,3,3,1,0,19,0.631578947368421
2483,12,3,3,1,0,19,0.631578947368421
2484,11,2,2,1,0,16,0.6875
2485,13,3,3,1,0,20,0.65
2486,12,3,3,2,0,20,0.6
2487,13,3,3,1,0,20,0.65
2488,10,3,3,1,0,17,0.5882352941176471
2489,10,3,3,1,0,17,0.5882352941176471
2490,11,3,2,1,0,17,0.6470588235294118
2491,12,2,3,1,0,18,0.6666666666666666
2492,11,3,3,1,0,18,0.6111111111111112
2493,9,2,2,1,0,14,0.6428571428571429
2494,9,3,3,1,0,16,0.5625
2495,10,3,3,1,0,17,0.5882352941176471
2496,11,3,3,1,0,18,0.6111111111111112
2497,10,3,3,1,0,17,0.5882352941176471
2498,11,2,2,1,0,16,0.6875
2499,10,2,3,1,0,16,0.625
2500,10,1,3,1,0,15,0.6666666666666666
2501,10,2,3,1,0,16,0.625
2502,11,3,2,1,0,17,0.6470588235294118
2503,12,1,3,1,0,17,0.7058823529411765
2504,12,3,3,1,0,19,0.631578947368421
2505,11,3,3,1,0,18,0.6111111111111112
2506,13,3,3,1,0,20,0.65
2507,13,3,2,1,0,19,0.6842105263157895
2508,12,3,3,1,0,19,0.631578947368421
2509,11,3,3,1,0,18,0.6111111111111112
2510,11,2,3,1,0,17,0.6470588235294118
2511,11,3,3,1,0,18,0.6111111111111112
2512,11,3,2,1,0,17,0.6470588235294118
2513,12,3,2,1,0,18,0.6666666666666666
2514,12,3,3,1,0,19,0.631578947368421
2515,11,3,3,1,0,18,0.6111111111111112
2516,11,3,3,1,0,18,0.6111111111111112
2517,12,2,3,1,0,18,0.6666666666666666
2518,12,2,3,1,0,18,0.6666666666666666
2519,13,1,3,1,0,18,0.7222222222222222
2520,12,2,3,1,0,18,0.6666666666666666
2521,11,3,3,1,0,18,0.6111111111111112
2522,11,3,3,1,0,18,0.6111111111111112
2523,10,2,3,1,0,16,0.625
2524,12,3,2,1,0,18,0.6666666666666666
2525,11,3,3,1,0,18,0.6111111111111112
2526,11,3,2,1,0,17,0.6470588235294118
2527,12,3,3,1,0,19,0.631578947368421
2528,11,3,3,1,0,18,0.6111111111111112
2529,11,2,3,1,0,17,0.6470588235294118
2530,11,3,3,1,0,18,0.6111111111111112
2531,10,3,3,1,0,17,0.5882352941176471
2532,11,3,3,1,0,18,0.6111111111111112
2533,12,3,3,1,0,19,0.631578947368421
2534,11,3,3,1,0,18,0.6111111111111112
2535,11,3,2,1,0,17,0.6470588235294118
2536,8,3,3,1,0,15,0.5333333333333333
2537,11,2,2,1,0,16,0.6875
2538,12,3,2,1,0,18,0.6666666666666666
2539,12,3,2,1,0,18,0.6666666666666666
2540,12,3,3,1,0,19,0.631578947368421
2541,13,3,3,1,0,20,0.65
2542,13,3,3,1,0,20,0.65
2543,11,3,2,1,0,17,0.6470588235294118
2544,10,3,3,1,0,17,0.5882352941176471
2545,10,3,2,1,0,16,0.625
2546,10,2,3,1,0,16,0.625
2547,13,2,3,1,0,19,0.6842105263157895
2548,9,3,2,1,0,15,0.6
2549,11,3,3,1,0,18,0.6111111111111112
2550,13,3,1,1,0,18,0.7222222222222222
2551,12,3,3,1,0,19,0.631578947368421
2552,11,3,3,1,0,18,0.6111111111111112
2553,11,3,3,1,0,18,0.6111111111111112
2554,12,3,3,1,0,19,0.631578947368421
2555,12,3,3,1,0,19,0.631578947368421
2556,11,3,2,1,0,17,0.6470588235294118
2557,11,2,2,1,0,16,0.6875
2558,10,2,3,1,0,16,0.625
2559,10,2,3,1,0,16,0.625
2560,12,2,3,1,0,18,0.6666666666666666
2561,12,3,3,1,0,19,0.631578947368421
2562,13,3,3,1,0,20,0.65
2563,12,3,3,1,0,19,0.631578947368421
2564,13,3,3,1,0,20,0.65
2565,9,3,3,1,0,16,0.5625
2566,10,3,3,1,0,17,0.5882352941176471
2567,13,3,3,1,0,20,0.65
2568,11,3,3,1,0,18,0.6111111111111112
2569,11,3,3,1,0,18,0.6111111111111112
2570,11,2,3,1,0,17,0.6470588235294118
2571,11,3,3,1,0,18,0.6111111111111112
2572,11,3,3,1,0,18,0.6111111111111112
2573,11,3,3,1,0,18,0.6111111111111112
2574,11,3,3,1,0,18,0.6111111111111112
2575,10,3,3,1,0,17,0.5882352941176471
2576,11,3,3,1,0,18,0.6111111111111112
2577,9,3,3,1,0,16,0.5625
2578,10,3,3,1,0,17,0.5882352941176471
2579,10,3,2,1,0,16,0.625
2580,11,2,3,1,0,17,0.6470588235294118
2581,11,3,3,1,0,18,0.6111111111111112
2582,14,3,2,1,0,20,0.7
2583,11,3,3,1,0,18,0.6111111111111112
2584,11,2,3,1,0,17,0.6470588235294118
2585,11,2,2,1,0,16,0.6875
2586,10,3,2,1,0,16,0.625
2587,12,3,3,1,0,19,0.631578947368421
2588,12,2,3,1,0,18,0.6666666666666666
2589,11,3,3,1,0,18,0.6111111111111112
2590,9,3,3,1,0,16,0.5625
2591,13,3,2,1,0,19,0.6842105263157895
2592,11,2,2,1,0,16,0.6875
2593,12,3,3,1,0,19,0.631578947368421
2594,9,3,3,1,0,16,0.5625
2595,9,3,2,1,0,15,0.6
2596,10,3,2,1,0,16,0.625
2597,10,2,3,1,0,16,0.625
2598,11,3,2,1,0,17,0.6470588235294118
2599,11,2,2,1,0,16,0.6875
2600,11,3,2,1,0,17,0.6470588235294118
2601,11,3,2,1,0,17,0.6470588235294118
2602,11,3,3,1,0,18,0.6111111111111112
2603,11,3,2,1,0,17,0.6470588235294118
2604,9,2,3,1,0,15,0.6
2605,11,3,2,1,0,17,0.6470588235294118
2606,9,2,2,1,0,14,0.6428571428571429
2607,10,3,2,1,0,16,0.625
2608,11,3,2,1,0,17,0.6470588235294118
2609,8,3,2,1,0,14,0.5714285714285714
2610,10,3,2,1,0,16,0.625
2611,10,3,2,1,0,16,0.625
2612,9,3,2,1,0,15,0.6
2613,11,2,2,1,0,16,0.6875
2614,10,3,2,1,0,16,0.625
2615,9,3,2,1,0,15,0.6
2616,9,3,2,1,0,15,0.6
2617,9,3,2,2,0,16,0.5625
2618,10,2,2,1,0,15,0.6666666666666666
2619,10,2,2,1,0,15,0.6666666666666666
2620,12,3,2,1,0,18,0.6666666666666666
2621,11,3,2,1,0,17,0.6470588235294118
2622,10,3,2,1,0,16,0.625
2623,12,3,2,1,0,18,0.6666666666666666
2624,11,2,2,1,0,16,0.6875
2625,12,3,2,1,0,18,0.6666666666666666
2626,10,3,2,1,0,16,0.625
2627,12,3,3,1,0,19,0.631578947368421
2628,11,3,3,1,0,18,0.6111111111111112
2629,12,2,2,1,0,17,0.7058823529411765
2630,10,3,3,1,0,17,0.5882352941176471
2631,10,3,2,1,0,16,0.625
2632,9,3,3,1,0,16,0.5625
2633,12,3,3,1,0,19,0.631578947368421
2634,12,3,2,1,0,18,0.6666666666666666
2635,12,3,3,1,0,19,0.631578947368421
2636,12,3,3,1,0,19,0.631578947368421
2637,11,2,3,1,0,17,0.6470588235294118
2638,10,3,2,1,0,16,0.625
2639,10,3,3,1,0,17,0.5882352941176471
2640,9,3,3,1,0,16,0.5625
2641,10,3,2,1,0,16,0.625
2642,10,3,2,1,0,16,0.625
2643,12,3,1,1,0,17,0.7058823529411765
2644,11,3,3,1,0,18,0.6111111111111112
2645,12,3,3,1,0,19,0.631578947368421
2646,10,1,4,1,0,16,0.625
2647,11,1,3,1,0,16,0.6875
2648,11,1,4,1,0,17,0.6470588235294118
2649,11,2,3,1,0,17,0.6470588235294118
2650,11,3,3,1,0,18,0.6111111111111112
2651,12,2,4,1,0,19,0.631578947368421
2652,12,2,3,1,0,18,0.6666666666666666
2653,11,2,2,1,0,16,0.6875
2654,10,3,3,1,0,17,0.5882352941176471
2655,10,1,2,1,0,14,0.7142857142857143
2656,12,1,3,1,0,17,0.7058823529411765
2657,12,2,3,1,0,18,0.6666666666666666
2658,12,1,3,1,0,17,0.7058823529411765
2659,11,1,4,1,0,17,0.6470588235294118
2660,12,2,4,1,0,19,0.631578947368421
2661,12,1,4,1,0,18,0.6666666666666666
2662,12,2,4,1,0,19,0.631578947368421
2663,12,2,3,1,0,18,0.6666666666666666
2664,12,1,3,1,0,17,0.7058823529411765
2665,11,1,4,1,0,17,0.6470588235294118
2666,12,2,4,1,0,19,0.631578947368421
2667,12,1,4,2,0,19,0.631578947368421
2668,11,2,3,1,0,17,0.6470588235294118
2669,11,1,4,1,0,17,0.6470588235294118
2670,11,3,3,2,0,19,0.5789473684210527
2671,12,2,3,1,0,18,0.6666666666666666
2672,11,2,3,1,0,17,0.6470588235294118
2673,12,3,3,1,0,19,0.631578947368421
2674,11,3,3,1,0,18,0.6111111111111112
2675,12,3,3,2,0,20,0.6
2676,11,2,3,1,0,17,0.6470588235294118
2677,11,3,2,1,0,17,0.6470588235294118
2678,9,3,3,1,0,16,0.5625
2679,11,3,2,1,0,17,0.6470588235294118
2680,10,1,3,1,0,15,0.6666666666666666
2681,9,1,4,1,0,15,0.6
2682,11,2,3,1,0,17,0.6470588235294118
2683,11,2,3,1,0,17,0.6470588235294118
2684,12,3,3,1,0,19,0.631578947368421
2685,11,1,2,1,0,15,0.7333333333333333
2686,12,1,4,1,0,18,0.6666666666666666
2687,11,1,3,1,0,16,0.6875
2688,11,1,4,1,0,17,0.6470588235294118
2689,11,3,3,2,0,19,0.5789473684210527
2690,12,1,4,1,0,18,0.6666666666666666
2691,10,3,2,2,0,17,0.5882352941176471
2692,12,3,2,1,0,18,0.6666666666666666
2693,11,3,3,1,0,18,0.6111111111111112
2694,11,3,3,1,0,18,0.6111111111111112
2695,8,3,3,1,0,15,0.5333333333333333
2696,9,3,3,2,0,17,0.5294117647058824
2697,7,3,3,2,0,15,0.4666666666666667
2698,10,2,3,2,0,17,0.5882352941176471
2699,9,3,3,2,0,17,0.5294117647058824
2700,13,2,3,1,0,19,0.6842105263157895
2701,11,3,3,1,0,18,0.6111111111111112
2702,12,3,3,1,0,19,0.631578947368421
2703,11,3,3,2,0,19,0.5789473684210527
2704,11,3,4,1,0,19,0.5789473684210527
2705,11,2,3,1,0,17,0.6470588235294118
2706,11,3,3,1,0,18,0.6111111111111112
2707,11,3,3,2,0,19,0.5789473684210527
2708,10,3,3,1,0,17,0.5882352941176471
2709,10,1,3,1,0,15,0.6666666666666666
2710,10,3,3,1,0,17,0.5882352941176471
2711,11,1,4,1,0,17,0.6470588235294118
2712,12,1,3,1,0,17,0.7058823529411765
2713,10,2,1,2,0,15,0.6666666666666666
2714,11,1,1,1,0,14,0.7857142857142857
2715,11,2,1,1,0,15,0.7333333333333333
2716,13,2,2,1,0,18,0.7222222222222222
2717,11,3,3,1,0,18,0.6111111111111112
2718,11,2,3,1,0,17,0.6470588235294118
2719,11,3,3,1,0,18,0.6111111111111112
2720,10,3,3,1,0,17,0.5882352941176471
2721,8,3,3,2,0,16,0.5
2722,7,2,3,1,0,13,0.5384615384615384
2723,10,3,3,2,0,18,0.5555555555555556
2724,10,2,3,1,0,16,0.625
2725,9,3,3,1,0,16,0.5625
2726,10,3,3,1,0,17,0.5882352941176471
2727,9,3,3,1,0,16,0.5625
2728,11,3,3,1,0,18,0.6111111111111112
2729,12,1,3,1,0,17,0.7058823529411765
2730,9,3,3,2,0,17,0.5294117647058824
2731,9,3,3,2,0,17,0.5294117647058824
2732,10,3,3,1,0,17,0.5882352941176471
2733,11,3,3,2,0,19,0.5789473684210527
2734,8,3,3,2,0,16,0.5
2735,9,2,3,2,0,16,0.5625
2736,9,2,3,1,0,15,0.6
2737,12,1,3,1,0,17,0.7058823529411765
2738,9,3,3,1,0,16,0.5625
2739,11,2,4,1,0,18,0.6111111111111112
2740,10,1,4,1,0,16,0.625
2741,11,2,4,1,0,18,0.6111111111111112
2742,10,1,4,1,0,16,0.625
2743,10,1,4,1,0,16,0.625
2744,10,2,2,1,0,15,0.6666666666666666
2745,13,1,3,1,0,18,0.7222222222222222
2746,12,2,4,1,0,19,0.631578947368421
2747,11,2,3,1,0,17,0.6470588235294118
2748,11,2,3,1,0,17,0.6470588235294118
2749,12,2,3,1,0,18,0.6666666666666666
2750,11,2,3,1,0,17,0.6470588235294118
2751,10,1,3,1,0,15,0.6666666666666666
2752,12,1,3,1,0,17,0.7058823529411765
2753,11,2,3,1,0,17,0.6470588235294118
2754,12,2,3,1,0,18,0.6666666666666666
2755,12,3,3,1,0,19,0.631578947368421
2756,11,3,1,1,0,16,0.6875
2757,10,1,3,1,0,15,0.6666666666666666
2758,10,3,1,1,0,15,0.6666666666666666
2759,12,3,2,1,0,18,0.6666666666666666
2760,11,3,2,1,0,17,0.6470588235294118
2761,11,3,1,1,0,16,0.6875
2762,10,3,1,1,0,15,0.6666666666666666
2763,12,2,1,1,0,16,0.75
2764,8,2,1,2,0,13,0.6153846153846154
2765,11,2,2,1,0,16,0.6875
2766,11,3,2,2,0,18,0.6111111111111112
2767,12,1,2,1,0,16,0.75
2768,12,3,2,1,0,18,0.6666666666666666
2769,11,1,2,1,0,15,0.7333333333333333
2770,11,3,1,1,0,16,0.6875
2771,12,1,4,1,0,18,0.6666666666666666
2772,11,2,2,1,0,16,0.6875
2773,10,1,2,1,0,14,0.7142857142857143
2774,12,1,2,1,0,16,0.75
2775,12,3,3,1,0,19,0.631578947368421
2776,12,2,4,1,0,19,0.631578947368421
2777,11,3,1,1,0,16,0.6875
2778,12,3,3,1,0,19,0.631578947368421
2779,11,3,2,1,0,17,0.6470588235294118
2780,12,3,2,1,0,18,0.6666666666666666
2781,12,3,2,1,0,18,0.6666666666666666
2782,11,3,1,1,0,16,0.6875
2783,12,3,2,1,0,18,0.6666666666666666
2784,12,3,2,2,0,19,0.631578947368421
2785,12,2,2,1,0,17,0.7058823529411765
2786,9,2,1,1,0,13,0.6923076923076923
2787,10,3,2,1,0,16,0.625
2788,12,3,2,1,0,18,0.6666666666666666
2789,11,2,1,1,0,15,0.7333333333333333
2790,10,3,1,1,0,15,0.6666666666666666
2791,11,3,1,1,0,16,0.6875
2792,9,3,1,1,0,14,0.6428571428571429
2793,8,2,2,1,0,13,0.6153846153846154
2794,9,2,1,1,0,13,0.6923076923076923
2795,9,3,1,1,0,14,0.6428571428571429
2796,10,3,1,2,0,16,0.625
2797,10,3,1,1,0,15,0.6666666666666666
2798,8,3,1,1,0,13,0.6153846153846154
2799,9,3,1,1,0,14,0.6428571428571429
2800,11,3,1,1,0,16,0.6875
2801,10,3,1,1,0,15,0.6666666666666666
2802,13,3,1,0,0,17,0.7647058823529411
2803,11,3,1,1,0,16,0.6875
2804,11,3,1,2,0,17,0.6470588235294118
2805,10,3,2,1,0,16,0.625
2806,10,3,1,1,0,15,0.6666666666666666
2807,11,3,1,1,0,16,0.6875
2808,11,3,1,1,0,16,0.6875
2809,10,3,1,1,0,15,0.6666666666666666
2810,8,2,1,1,0,12,0.6666666666666666
2811,10,3,0,1,0,14,0.7142857142857143
2812,10,3,2,1,0,16,0.625
2813,10,3,1,1,0,15,0.6666666666666666
2814,10,3,2,0,0,15,0.6666666666666666
2815,8,3,2,0,0,13,0.6153846153846154
2816,8,2,2,0,0,12,0.6666666666666666
2817,7,4,2,2,0,15,0.4666666666666667
2818,9,3,2,0,0,14,0.6428571428571429
2819,9,3,2,0,0,14,0.6428571428571429
2820,9,3,3,0,0,15,0.6
2821,6,3,1,1,0,11,0.5454545454545454
2822,7,3,2,0,0,12,0.5833333333333334
2823,9,3,2,0,0,14,0.6428571428571429
2824,8,3,2,0,0,13,0.6153846153846154
2825,9,3,2,0,0,14,0.6428571428571429
2826,9,2,1,2,0,14,0.6428571428571429
2827,8,3,2,0,0,13,0.6153846153846154
2828,10,3,2,0,0,15,0.6666666666666666
2829,9,3,2,0,0,14,0.6428571428571429
2830,10,3,2,0,0,15,0.6666666666666666
2831,10,2,3,0,0,15,0.6666666666666666
2832,8,3,3,0,0,14,0.5714285714285714
2833,10,1,1,0,0,12,0.8333333333333334
2834,8,2,2,0,0,12,0.6666666666666666
2835,10,3,2,0,0,15,0.6666666666666666
2836,9,3,3,0,0,15,0.6
2837,8,3,2,0,0,13,0.6153846153846154
2838,7,3,1,0,0,11,0.6363636363636364
2839,7,3,1,0,0,11,0.6363636363636364
2840,10,3,2,0,0,15,0.6666666666666666
2841,10,3,2,0,0,15,0.6666666666666666
2842,11,3,1,1,0,16,0.6875
2843,9,3,3,0,0,15,0.6
2844,9,3,2,0,0,14,0.6428571428571429
2845,10,3,2,0,0,15,0.6666666666666666
2846,9,3,2,0,0,14,0.6428571428571429
2847,9,3,2,0,0,14,0.6428571428571429
2848,8,3,2,0,0,13,0.6153846153846154
2849,9,3,2,0,0,14,0.6428571428571429
2850,10,3,2,0,0,15,0.6666666666666666
2851,9,3,2,0,0,14,0.6428571428571429
2852,10,3,2,0,0,15,0.6666666666666666
2853,10,3,2,1,0,16,0.625
2854,8,3,2,0,0,13,0.6153846153846154
2855,8,3,2,1,0,14,0.5714285714285714
2856,9,3,3,1,0,16,0.5625
2857,10,3,3,0,0,16,0.625
2858,8,3,2,0,0,13,0.6153846153846154
2859,11,3,2,0,0,16,0.6875
2860,9,3,2,0,0,14,0.6428571428571429
2861,9,2,2,0,0,13,0.6923076923076923
2862,10,3,2,0,0,15,0.6666666666666666
2863,8,2,2,1,0,13,0.6153846153846154
2864,10,3,2,0,0,15,0.6666666666666666
2865,9,3,2,0,0,14,0.6428571428571429
2866,10,3,2,0,0,15,0.6666666666666666
2867,9,3,2,0,0,14,0.6428571428571429
2868,7,3,2,1,0,13,0.5384615384615384
2869,9,3,2,0,0,14,0.6428571428571429
2870,10,3,2,1,0,16,0.625
2871,8,3,2,0,0,13,0.6153846153846154
2872,6,3,2,0,0,11,0.5454545454545454
2873,9,3,2,0,0,14,0.6428571428571429
2874,9,2,2,0,0,13,0.6923076923076923
2875,8,3,3,0,0,14,0.5714285714285714
2876,8,3,2,0,0,13,0.6153846153846154
2877,10,3,2,0,0,15,0.6666666666666666
2878,8,3,2,0,0,13,0.6153846153846154
2879,8,3,2,0,0,13,0.6153846153846154
2880,9,3,2,0,0,14,0.6428571428571429
2881,8,3,2,0,0,13,0.6153846153846154
2882,9,3,2,0,0,14,0.6428571428571429
2883,9,3,2,0,0,14,0.6428571428571429
2884,10,3,2,0,0,15,0.6666666666666666
2885,8,3,3,0,0,14,0.5714285714285714
2886,9,2,2,0,0,13,0.6923076923076923
2887,10,2,2,0,0,14,0.7142857142857143
2888,8,2,2,0,0,12,0.6666666666666666
2889,8,3,3,0,0,14,0.5714285714285714
2890,8,3,2,0,0,13,0.6153846153846154
2891,8,4,2,0,0,14,0.5714285714285714
2892,9,3,3,1,0,16,0.5625
2893,7,4,3,0,0,14,0.5
2894,10,4,3,0,0,17,0.5882352941176471
2895,10,3,3,0,0,16,0.625
2896,10,4,3,0,0,17,0.5882352941176471
2897,8,3,3,1,0,15,0.5333333333333333
2898,8,4,2,0,0,14,0.5714285714285714
2899,7,3,2,0,0,12,0.5833333333333334
2900,8,3,3,1,0,15,0.5333333333333333
2901,10,4,3,0,0,17,0.5882352941176471
2902,10,3,2,0,0,15,0.6666666666666666
2903,10,4,3,0,0,17,0.5882352941176471
2904,9,4,3,0,0,16,0.5625
2905,7,3,2,0,0,12,0.5833333333333334
2906,10,3,2,0,0,15,0.6666666666666666
2907,7,4,2,0,0,13,0.5384615384615384
2908,8,3,3,0,0,14,0.5714285714285714
2909,7,3,2,0,0,12,0.5833333333333334
2910,10,3,2,0,0,15,0.6666666666666666
2911,8,3,2,0,0,13,0.6153846153846154
2912,6,3,2,0,0,11,0.5454545454545454
2913,8,3,2,0,0,13,0.6153846153846154
2914,9,2,2,0,0,13,0.6923076923076923
2915,9,4,3,0,0,16,0.5625
2916,8,3,2,0,0,13,0.6153846153846154
2917,9,3,2,0,0,14,0.6428571428571429
2918,9,4,3,0,0,16,0.5625
2919,9,3,3,1,0,16,0.5625
2920,8,4,3,0,0,15,0.5333333333333333
2921,10,3,2,0,0,15,0.6666666666666666
2922,9,2,2,1,0,14,0.6428571428571429
2923,7,4,2,0,0,13,0.5384615384615384
2924,8,4,3,1,0,16,0.5
2925,9,3,2,0,0,14,0.6428571428571429
2926,7,4,3,0,0,14,0.5
2927,10,3,2,0,0,15,0.6666666666666666
2928,7,3,2,0,0,12,0.5833333333333334
2929,10,2,2,0,0,14,0.7142857142857143
2930,10,4,2,0,0,16,0.625
2931,10,3,2,0,0,15,0.6666666666666666
2932,9,3,2,1,0,15,0.6
2933,9,3,2,2,0,16,0.5625
2934,8,3,2,0,0,13,0.6153846153846154
2935,7,3,2,0,0,12,0.5833333333333334
2936,10,3,2,1,0,16,0.625
2937,8,3,2,1,0,14,0.5714285714285714
2938,9,4,2,1,0,16,0.5625
2939,10,3,2,0,0,15,0.6666666666666666
2940,7,3,2,0,0,12,0.5833333333333334
2941,11,2,2,0,0,15,0.7333333333333333
2942,7,3,2,1,0,13,0.5384615384615384
2943,10,1,2,1,0,14,0.7142857142857143
2944,10,3,2,0,0,15,0.6666666666666666
2945,10,2,3,0,0,15,0.6666666666666666
2946,9,2,2,0,0,13,0.6923076923076923
2947,9,2,2,1,0,14,0.6428571428571429
2948,10,3,2,2,0,17,0.5882352941176471
2949,10,3,2,1,0,16,0.625
2950,10,3,3,1,0,17,0.5882352941176471
2951,10,3,2,1,0,16,0.625
2952,10,4,3,1,0,18,0.5555555555555556
2953,10,2,2,0,0,14,0.7142857142857143
2954,10,2,2,1,0,15,0.6666666666666666
2955,9,2,2,1,0,14,0.6428571428571429
2956,10,1,3,1,0,15,0.6666666666666666
2957,9,3,2,0,0,14,0.6428571428571429
2958,10,3,2,0,0,15,0.6666666666666666
2959,9,3,2,0,0,14,0.6428571428571429
2960,10,1,2,0,0,13,0.7692307692307693
2961,10,3,2,1,0,16,0.625
2962,10,3,2,0,0,15,0.6666666666666666
2963,9,2,2,0,0,13,0.6923076923076923
2964,10,2,2,0,0,14,0.7142857142857143
2965,10,2,2,1,0,15,0.6666666666666666
2966,10,2,2,1,0,15,0.6666666666666666
2967,7,3,2,0,0,12,0.5833333333333334
2968,10,2,2,0,0,14,0.7142857142857143
2969,7,3,2,1,0,13,0.5384615384615384
2970,7,4,2,1,0,14,0.5
2971,8,3,2,0,0,13,0.6153846153846154
2972,6,3,2,0,0,11,0.5454545454545454
2973,9,2,2,0,0,13,0.6923076923076923
2974,10,3,2,0,0,15,0.6666666666666666
2975,8,3,2,0,0,13,0.6153846153846154
2976,8,3,2,1,0,14,0.5714285714285714
2977,8,4,2,1,0,15,0.5333333333333333
2978,7,4,2,1,0,14,0.5
2979,8,4,2,1,0,15,0.5333333333333333
2980,7,4,2,1,0,14,0.5
2981,10,3,2,1,0,16,0.625
2982,9,3,2,0,0,14,0.6428571428571429
2983,8,3,2,0,0,13,0.6153846153846154
2984,10,3,2,1,0,16,0.625
2985,7,4,2,1,0,14,0.5
2986,9,4,2,1,0,16,0.5625
2987,10,3,2,0,0,15,0.6666666666666666
2988,9,3,2,0,0,14,0.6428571428571429
2989,7,4,2,1,0,14,0.5
2990,9,2,2,1,0,14,0.6428571428571429
2991,11,3,3,0,0,17,0.6470588235294118
2992,9,3,2,2,0,16,0.5625
2993,10,3,2,2,0,17,0.5882352941176471
2994,10,3,2,1,0,16,0.625
2995,9,3,2,0,0,14,0.6428571428571429
2996,10,3,1,1,0,15,0.6666666666666666
2997,10,3,2,0,0,15,0.6666666666666666
2998,11,2,2,0,0,15,0.7333333333333333
2999,9,3,2,0,0,14,0.6428571428571429
3000,11,2,2,1,0,16,0.6875
3001,10,2,2,1,0,15,0.6666666666666666
3002,9,3,2,1,0,15,0.6
3003,9,2,2,0,0,13,0.6923076923076923
3004,12,3,2,0,0,17,0.7058823529411765
3005,11,2,2,0,0,15,0.7333333333333333
3006,9,1,2,0,0,12,0.75
3007,10,3,2,0,0,15,0.6666666666666666
3008,11,3,2,0,0,16,0.6875
3009,10,2,2,0,0,14,0.7142857142857143
3010,10,2,2,0,0,14,0.7142857142857143
3011,10,3,2,0,0,15,0.6666666666666666
3012,11,3,2,0,0,16,0.6875
3013,9,3,2,1,0,15,0.6
3014,11,3,2,0,0,16,0.6875
3015,11,3,2,0,0,16,0.6875
3016,11,3,2,1,0,17,0.6470588235294118
3017,11,3,2,0,0,16,0.6875
3018,11,3,2,0,0,16,0.6875
3019,11,3,2,0,0,16,0.6875
3020,10,3,2,0,0,15,0.6666666666666666
3021,11,3,2,0,0,16,0.6875
3022,9,3,2,1,0,15,0.6
3023,9,3,2,1,0,15,0.6
3024,10,3,2,0,0,15,0.6666666666666666
3025,9,3,3,0,0,15,0.6
3026,9,3,2,0,0,14,0.6428571428571429
3027,10,3,2,0,0,15,0.6666666666666666
3028,11,3,2,0,0,16,0.6875
3029,10,3,2,0,0,15,0.6666666666666666
3030,11,3,1,0,0,15,0.7333333333333333
3031,10,3,2,1,0,16,0.625
3032,11,3,2,1,0,17,0.6470588235294118
3033,10,3,2,1,0,16,0.625
3034,8,4,1,1,0,14,0.5714285714285714
3035,10,4,1,0,0,15,0.6666666666666666
3036,10,3,2,2,0,17,0.5882352941176471
3037,10,3,2,1,0,16,0.625
3038,8,3,2,0,0,13,0.6153846153846154
3039,7,3,2,2,0,14,0.5
3040,9,3,2,1,0,15,0.6
3041,10,4,2,1,0,17,0.5882352941176471
3042,9,2,2,1,0,14,0.6428571428571429
3043,12,3,2,1,0,18,0.6666666666666666
3044,11,3,2,1,0,17,0.6470588235294118
3045,11,3,2,1,0,17,0.6470588235294118
3046,11,2,2,0,0,15,0.7333333333333333
3047,10,2,2,1,0,15,0.6666666666666666
3048,10,2,2,1,0,15,0.6666666666666666
3049,10,2,2,1,0,15,0.6666666666666666
3050,9,2,2,1,0,14,0.6428571428571429
3051,8,2,2,1,0,13,0.6153846153846154
3052,10,2,2,1,0,15,0.6666666666666666
3053,9,2,2,2,0,15,0.6
3054,10,2,2,1,0,15,0.6666666666666666
3055,11,2,2,1,0,16,0.6875
3056,11,2,2,1,0,16,0.6875
3057,10,2,2,1,0,15,0.6666666666666666
3058,11,2,2,1,0,16,0.6875
3059,11,2,2,1,0,16,0.6875
3060,10,3,2,1,0,16,0.625
3061,10,2,1,1,0,14,0.7142857142857143
3062,10,3,2,1,0,16,0.625
3063,11,3,2,1,0,17,0.6470588235294118
3064,11,2,2,1,0,16,0.6875
3065,11,2,2,1,0,16,0.6875
3066,12,2,2,1,0,17,0.7058823529411765
3067,11,2,2,1,0,16,0.6875
3068,9,2,2,1,0,14,0.6428571428571429
3069,11,1,2,1,0,15,0.7333333333333333
3070,11,0,2,1,0,14,0.7857142857142857
3071,12,1,2,1,0,16,0.75
3072,13,1,2,1,0,17,0.7647058823529411
3073,11,2,2,1,0,16,0.6875
3074,13,2,2,1,0,18,0.7222222222222222
3075,12,1,2,1,0,16,0.75
3076,13,1,2,1,0,17,0.7647058823529411
3077,11,0,2,1,0,14,0.7857142857142857
3078,11,1,2,1,0,15,0.7333333333333333
3079,10,0,2,1,0,13,0.7692307692307693
3080,12,2,2,1,0,17,0.7058823529411765
3081,11,1,2,1,0,15,0.7333333333333333
3082,10,0,2,1,0,13,0.7692307692307693
3083,11,1,3,1,0,16,0.6875
3084,11,0,2,1,0,14,0.7857142857142857
3085,11,0,2,1,0,14,0.7857142857142857
3086,12,0,2,1,0,15,0.8
3087,11,0,2,1,0,14,0.7857142857142857
3088,12,2,2,1,0,17,0.7058823529411765
3089,13,1,3,1,0,18,0.7222222222222222
3090,13,1,3,1,0,18,0.7222222222222222
3091,9,1,3,1,0,14,0.6428571428571429
3092,9,1,2,1,0,13,0.6923076923076923
3093,11,2,2,1,0,16,0.6875
3094,11,3,2,1,0,17,0.6470588235294118
3095,12,3,3,1,0,19,0.631578947368421
3096,12,2,3,1,0,18,0.6666666666666666
3097,12,3,3,1,0,19,0.631578947368421
3098,11,3,3,1,0,18,0.6111111111111112
3099,13,2,3,1,0,19,0.6842105263157895
3100,12,2,3,1,0,18,0.6666666666666666
3101,12,1,3,1,0,17,0.7058823529411765
3102,12,3,2,1,0,18,0.6666666666666666
3103,11,1,3,1,0,16,0.6875
3104,10,1,2,1,0,14,0.7142857142857143
3105,12,1,2,1,0,16,0.75
3106,11,1,3,1,0,16,0.6875
3107,10,1,3,1,0,15,0.6666666666666666
3108,13,1,3,1,0,18,0.7222222222222222
3109,12,1,2,1,0,16,0.75
3110,12,1,3,1,0,17,0.7058823529411765
3111,10,0,4,1,0,15,0.6666666666666666
3112,11,0,3,1,0,15,0.7333333333333333
3113,11,2,2,1,0,16,0.6875
3114,9,1,2,1,0,13,0.6923076923076923
3115,11,1,3,1,0,16,0.6875
3116,10,1,2,1,0,14,0.7142857142857143
3117,11,1,2,1,0,15,0.7333333333333333
3118,12,0,2,1,0,15,0.8
3119,11,1,2,1,0,15,0.7333333333333333
3120,10,1,2,1,0,14,0.7142857142857143
3121,12,0,2,1,0,15,0.8
3122,11,1,2,1,0,15,0.7333333333333333
3123,12,0,2,1,0,15,0.8
3124,11,1,2,1,0,15,0.7333333333333333
3125,11,0,2,1,0,14,0.7857142857142857
3126,11,0,1,1,0,13,0.8461538461538461
3127,10,0,2,1,0,13,0.7692307692307693
3128,10,1,2,1,0,14,0.7142857142857143
3129,12,0,1,1,0,14,0.8571428571428571
3130,11,1,2,1,0,15,0.7333333333333333
3131,12,0,2,1,0,15,0.8
3132,12,1,2,1,0,16,0.75
3133,12,0,2,1,0,15,0.8
3134,11,1,2,1,0,15,0.7333333333333333
3135,13,0,2,1,0,16,0.8125
3136,12,1,2,1,0,16,0.75
3137,10,2,2,1,0,15,0.6666666666666666
3138,13,2,2,1,0,18,0.7222222222222222
3139,11,0,2,1,0,14,0.7857142857142857
3140,12,1,2,1,0,16,0.75
3141,11,2,2,1,0,16,0.6875
3142,12,0,2,1,0,15,0.8
3143,12,0,2,1,0,15,0.8
3144,10,1,2,1,0,14,0.7142857142857143
3145,11,1,2,1,0,15,0.7333333333333333
3146,11,1,2,1,0,15,0.7333333333333333
3147,11,2,2,1,0,16,0.6875
3148,10,3,2,1,0,16,0.625
3149,11,1,2,1,0,15,0.7333333333333333
3150,8,2,2,1,0,13,0.6153846153846154
3151,11,1,2,1,0,15,0.7333333333333333
3152,10,0,2,1,0,13,0.7692307692307693
3153,11,2,2,1,0,16,0.6875
3154,10,1,2,1,0,14,0.7142857142857143
3155,12,1,2,1,0,16,0.75
3156,12,1,2,1,0,16,0.75
3157,11,1,2,1,0,15,0.7333333333333333
3158,12,1,3,1,0,17,0.7058823529411765
3159,12,1,2,1,0,16,0.75
3160,12,1,3,1,0,17,0.7058823529411765
3161,13,1,2,1,0,17,0.7647058823529411
3162,12,1,3,1,0,17,0.7058823529411765
3163,11,1,3,1,0,16,0.6875
3164,11,1,3,1,0,16,0.6875
3165,12,1,3,1,0,17,0.7058823529411765
3166,12,1,3,1,0,17,0.7058823529411765
3167,12,1,3,1,0,17,0.7058823529411765
3168,12,1,2,1,0,16,0.75
3169,13,1,3,1,0,18,0.7222222222222222
3170,12,1,3,1,0,17,0.7058823529411765
3171,13,1,3,1,0,18,0.7222222222222222
3172,12,2,3,1,0,18,0.6666666666666666
3173,11,2,3,1,0,17,0.6470588235294118
3174,11,1,3,1,0,16,0.6875
3175,12,1,3,1,0,17,0.7058823529411765
3176,11,1,3,1,0,16,0.6875
3177,11,1,2,1,0,15,0.7333333333333333
3178,11,1,2,1,0,15,0.7333333333333333
3179,11,1,3,1,0,16,0.6875
3180,12,1,3,1,0,17,0.7058823529411765
3181,11,3,3,1,0,18,0.6111111111111112
3182,12,2,3,1,0,18,0.6666666666666666
3183,12,1,3,1,0,17,0.7058823529411765
3184,11,1,3,1,0,16,0.6875
3185,11,1,3,1,0,16,0.6875
3186,12,2,2,1,0,17,0.7058823529411765
3187,12,2,3,1,0,18,0.6666666666666666
3188,13,1,3,1,0,18,0.7222222222222222
3189,13,1,3,1,0,18,0.7222222222222222
3190,11,1,3,1,0,16,0.6875
3191,13,1,2,1,0,17,0.7647058823529411
3192,11,1,1,1,0,14,0.7857142857142857
3193,12,1,2,1,0,16,0.75
3194,12,1,3,1,0,17,0.7058823529411765
3195,11,1,2,1,0,15,0.7333333333333333
3196,13,1,3,1,0,18,0.7222222222222222
3197,11,1,2,1,0,15,0.7333333333333333
3198,11,1,2,1,0,15,0.7333333333333333
3199,12,1,2,1,0,16,0.75
3200,10,1,1,1,0,13,0.7692307692307693
3201,11,1,2,1,0,15,0.7333333333333333
3202,12,1,3,1,0,17,0.7058823529411765
3203,12,1,2,1,0,16,0.75
3204,12,1,3,1,0,17,0.7058823529411765
3205,12,2,2,1,0,17,0.7058823529411765
3206,13,2,2,1,0,18,0.7222222222222222
3207,13,1,3,1,0,18,0.7222222222222222
3208,11,1,3,1,0,16,0.6875
3209,10,1,3,1,0,15,0.6666666666666666
3210,12,1,2,1,0,16,0.75
3211,10,2,3,1,0,16,0.625
3212,13,2,3,1,0,19,0.6842105263157895
3213,12,1,3,1,0,17,0.7058823529411765
3214,12,1,3,1,0,17,0.7058823529411765
3215,12,1,2,1,0,16,0.75
3216,13,1,3,1,0,18,0.7222222222222222
3217,13,1,3,1,0,18,0.7222222222222222
3218,13,2,3,1,0,19,0.6842105263157895
3219,12,1,3,1,0,17,0.7058823529411765
3220,11,1,3,1,0,16,0.6875
3221,12,1,3,1,0,17,0.7058823529411765
3222,9,2,3,1,0,15,0.6
3223,9,2,2,1,0,14,0.6428571428571429
3224,12,1,3,1,0,17,0.7058823529411765
3225,12,1,2,1,0,16,0.75
3226,13,1,2,1,0,17,0.7647058823529411
3227,11,2,2,1,0,16,0.6875
3228,12,2,3,1,0,18,0.6666666666666666
3229,12,1,3,1,0,17,0.7058823529411765
3230,12,1,3,1,0,17,0.7058823529411765
3231,11,2,2,1,0,16,0.6875
3232,12,1,2,1,0,16,0.75
3233,13,1,2,1,0,17,0.7647058823529411
3234,11,1,3,1,0,16,0.6875
3235,12,1,3,1,0,17,0.7058823529411765
3236,13,1,3,1,0,18,0.7222222222222222
3237,12,2,3,1,0,18,0.6666666666666666
3238,12,1,3,1,0,17,0.7058823529411765
3239,11,1,2,1,0,15,0.7333333333333333
3240,12,2,3,1,0,18,0.6666666666666666
3241,12,1,3,1,0,17,0.7058823529411765
3242,10,1,3,1,0,15,0.6666666666666666
3243,12,1,3,1,0,17,0.7058823529411765
3244,12,1,3,1,0,17,0.7058823529411765
3245,11,1,2,1,0,15,0.7333333333333333
3246,12,1,3,1,0,17,0.7058823529411765
3247,12,1,3,1,0,17,0.7058823529411765
3248,11,1,2,1,0,15,0.7333333333333333
3249,13,1,3,1,0,18,0.7222222222222222
3250,12,1,3,1,0,17,0.7058823529411765
3251,10,1,2,1,0,14,0.7142857142857143
3252,12,1,3,1,0,17,0.7058823529411765
3253,13,1,2,1,0,17,0.7647058823529411
3254,11,1,3,1,0,16,0.6875
3255,12,1,3,1,0,17,0.7058823529411765
3256,12,2,3,1,0,18,0.6666666666666666
3257,12,3,3,1,0,19,0.631578947368421
3258,11,1,3,1,0,16,0.6875
3259,11,1,3,1,0,16,0.6875
3260,11,3,3,1,0,18,0.6111111111111112
3261,10,2,3,1,0,16,0.625
3262,7,1,2,1,0,11,0.6363636363636364
3263,10,1,3,1,0,15,0.6666666666666666
3264,10,1,2,1,0,14,0.7142857142857143
3265,12,1,3,1,0,17,0.7058823529411765
3266,11,2,3,1,0,17,0.6470588235294118
3267,10,1,2,1,0,14,0.7142857142857143
3268,11,3,2,1,0,17,0.6470588235294118
3269,12,1,3,1,0,17,0.7058823529411765
3270,12,2,3,1,0,18,0.6666666666666666
3271,11,2,3,1,0,17,0.6470588235294118
3272,11,1,3,1,0,16,0.6875
3273,11,2,3,1,0,17,0.6470588235294118
3274,11,1,2,1,0,15,0.7333333333333333
3275,11,1,2,1,0,15,0.7333333333333333
3276,10,2,3,1,0,16,0.625
3277,11,1,3,1,0,16,0.6875
3278,12,1,3,1,0,17,0.7058823529411765
3279,12,1,2,1,0,16,0.75
3280,10,1,2,1,0,14,0.7142857142857143
3281,12,2,3,1,0,18,0.6666666666666666
3282,12,1,3,1,0,17,0.7058823529411765
3283,10,1,3,1,0,15,0.6666666666666666
3284,12,2,3,1,0,18,0.6666666666666666
3285,12,1,3,1,0,17,0.7058823529411765
3286,12,1,3,1,0,17,0.7058823529411765
3287,12,2,3,1,0,18,0.6666666666666666
3288,11,1,3,1,0,16,0.6875
3289,11,1,3,1,0,16,0.6875
3290,12,1,3,1,0,17,0.7058823529411765
3291,11,1,2,1,0,15,0.7333333333333333
3292,11,1,3,1,0,16,0.6875
3293,10,1,3,1,0,15,0.6666666666666666
3294,11,1,3,1,0,16,0.6875
3295,10,1,3,1,0,15,0.6666666666666666
3296,11,1,3,1,0,16,0.6875
3297,11,1,3,1,0,16,0.6875
3298,11,1,3,1,0,16,0.6875
3299,12,1,3,1,0,17,0.7058823529411765
3300,11,2,2,1,0,16,0.6875
3301,12,1,3,1,0,17,0.7058823529411765
3302,12,2,3,1,0,18,0.6666666666666666
3303,12,1,3,1,0,17,0.7058823529411765
3304,12,1,3,1,0,17,0.7058823529411765
3305,12,3,3,1,0,19,0.631578947368421
3306,11,1,3,1,0,16,0.6875
3307,11,1,2,1,0,15,0.7333333333333333
3308,11,2,3,1,0,17,0.6470588235294118
3309,10,2,3,1,0,16,0.625
3310,12,1,2,1,0,16,0.75
3311,12,1,2,1,0,16,0.75
3312,11,0,2,1,0,14,0.7857142857142857
3313,11,1,1,1,0,14,0.7857142857142857
3314,12,1,3,1,0,17,0.7058823529411765
3315,12,3,2,1,0,18,0.6666666666666666
3316,12,1,3,1,0,17,0.7058823529411765
3317,12,2,3,1,0,18,0.6666666666666666
3318,11,2,2,1,0,16,0.6875
3319,12,1,3,1,0,17,0.7058823529411765
3320,12,1,2,1,0,16,0.75
3321,10,1,3,1,0,15,0.6666666666666666
3322,9,2,3,1,0,15,0.6
3323,10,1,3,1,0,15,0.6666666666666666
3324,12,2,3,1,0,18,0.6666666666666666
3325,11,1,3,1,0,16,0.6875
3326,12,2,3,1,0,18,0.6666666666666666
3327,10,3,3,1,0,17,0.5882352941176471
3328,11,2,3,1,0,17,0.6470588235294118
3329,12,1,2,1,0,16,0.75
3330,11,1,3,1,0,16,0.6875
3331,13,1,3,1,0,18,0.7222222222222222
3332,12,1,2,1,0,16,0.75
3333,12,2,2,1,0,17,0.7058823529411765
3334,12,1,3,1,0,17,0.7058823529411765
3335,11,1,3,1,0,16,0.6875
3336,13,1,2,1,0,17,0.7647058823529411
3337,12,2,2,1,0,17,0.7058823529411765
3338,13,1,3,1,0,18,0.7222222222222222
3339,11,1,3,1,0,16,0.6875
3340,12,1,3,1,0,17,0.7058823529411765
3341,13,1,2,1,0,17,0.7647058823529411
3342,10,2,3,1,0,16,0.625
3343,12,1,3,1,0,17,0.7058823529411765
3344,11,2,2,1,0,16,0.6875
3345,10,1,3,1,0,15,0.6666666666666666
3346,11,1,2,1,0,15,0.7333333333333333
3347,11,3,2,1,0,17,0.6470588235294118
3348,11,1,2,1,0,15,0.7333333333333333
3349,9,2,2,1,0,14,0.6428571428571429
3350,11,1,3,1,0,16,0.6875
3351,12,2,2,1,0,17,0.7058823529411765
3352,11,1,3,1,0,16,0.6875
3353,11,3,3,1,0,18,0.6111111111111112
3354,12,1,2,1,0,16,0.75
3355,11,1,2,1,0,15,0.7333333333333333
3356,11,2,3,1,0,17,0.6470588235294118
3357,11,2,3,1,0,17,0.6470588235294118
3358,12,2,2,1,0,17,0.7058823529411765
3359,13,1,3,1,0,18,0.7222222222222222
3360,10,1,3,1,0,15,0.6666666666666666
3361,12,2,3,1,0,18,0.6666666666666666
3362,11,1,2,1,0,15,0.7333333333333333
3363,11,1,2,1,0,15,0.7333333333333333
3364,12,1,2,1,0,16,0.75
3365,11,3,2,1,0,17,0.6470588235294118
3366,11,2,2,1,0,16,0.6875
3367,11,2,2,1,0,16,0.6875
3368,11,1,2,1,0,15,0.7333333333333333
3369,12,2,3,1,0,18,0.6666666666666666
3370,13,1,3,1,0,18,0.7222222222222222
3371,10,1,2,1,0,14,0.7142857142857143
3372,10,2,2,1,0,15,0.6666666666666666
3373,10,3,2,1,0,16,0.625
3374,12,1,3,1,0,17,0.7058823529411765
3375,13,2,2,1,0,18,0.7222222222222222
3376,12,1,3,1,0,17,0.7058823529411765
3377,11,3,2,1,0,17,0.6470588235294118
3378,13,1,2,1,0,17,0.7647058823529411
3379,11,1,3,1,0,16,0.6875
3380,12,1,2,1,0,16,0.75
3381,11,1,3,1,0,16,0.6875
3382,11,1,2,1,0,15,0.7333333333333333
3383,13,1,2,1,0,17,0.7647058823529411
3384,12,1,2,1,0,16,0.75
3385,12,1,3,1,0,17,0.7058823529411765
3386,13,2,3,1,0,19,0.6842105263157895
3387,12,1,2,1,0,16,0.75
3388,12,1,3,1,0,17,0.7058823529411765
3389,12,1,3,1,0,17,0.7058823529411765
3390,13,1,2,1,0,17,0.7647058823529411
3391,12,2,3,1,0,18,0.6666666666666666
3392,10,1,3,1,0,15,0.6666666666666666
3393,12,3,3,1,0,19,0.631578947368421
3394,12,2,3,1,0,18,0.6666666666666666
3395,12,1,3,1,0,17,0.7058823529411765
3396,11,2,3,1,0,17,0.6470588235294118
3397,11,2,3,1,0,17,0.6470588235294118
3398,11,1,3,1,0,16,0.6875
3399,13,2,3,1,0,19,0.6842105263157895
3400,12,2,2,1,0,17,0.7058823529411765
3401,12,2,3,1,0,18,0.6666666666666666
3402,12,2,3,1,0,18,0.6666666666666666
3403,12,3,3,1,0,19,0.631578947368421
3404,10,2,3,1,0,16,0.625
3405,12,2,3,1,0,18,0.6666666666666666
3406,13,1,3,1,0,18,0.7222222222222222
3407,13,1,3,1,0,18,0.7222222222222222
3408,11,2,3,1,0,17,0.6470588235294118
3409,12,2,3,1,0,18,0.6666666666666666
3410,13,3,3,1,0,20,0.65
3411,13,1,3,1,0,18,0.7222222222222222
3412,12,1,3,1,0,17,0.7058823529411765
3413,13,3,2,1,0,19,0.6842105263157895
3414,12,2,3,1,0,18,0.6666666666666666
3415,13,1,2,1,0,17,0.7647058823529411
3416,12,2,3,1,0,18,0.6666666666666666
3417,12,2,3,1,0,18,0.6666666666666666
3418,13,1,3,1,0,18,0.7222222222222222
3419,12,1,3,1,0,17,0.7058823529411765
3420,11,1,3,1,0,16,0.6875
3421,10,2,3,1,0,16,0.625
3422,13,1,3,1,0,18,0.7222222222222222
3423,12,1,3,1,0,17,0.7058823529411765
3424,11,2,2,1,0,16,0.6875
3425,12,2,3,1,0,18,0.6666666666666666
3426,11,1,3,1,0,16,0.6875
3427,11,1,3,1,0,16,0.6875
3428,11,1,3,1,0,16,0.6875
3429,11,1,3,1,0,16,0.6875
3430,10,1,3,1,0,15,0.6666666666666666
3431,11,2,3,1,0,17,0.6470588235294118
3432,10,2,3,1,0,16,0.625
3433,11,1,2,1,0,15,0.7333333333333333
3434,10,1,3,1,0,15,0.6666666666666666
3435,11,1,3,1,0,16,0.6875
3436,11,2,3,1,0,17,0.6470588235294118
3437,13,1,3,1,0,18,0.7222222222222222
3438,13,1,2,1,0,17,0.7647058823529411
3439,12,1,3,1,0,17,0.7058823529411765
3440,11,1,3,1,0,16,0.6875
3441,12,1,3,1,0,17,0.7058823529411765
3442,11,1,3,1,0,16,0.6875
3443,13,1,3,1,0,18,0.7222222222222222
3444,12,1,3,1,0,17,0.7058823529411765
3445,11,1,3,1,0,16,0.6875
3446,12,1,3,1,0,17,0.7058823529411765
3447,12,2,3,1,0,18,0.6666666666666666
3448,12,1,3,1,0,17,0.7058823529411765
3449,12,2,3,1,0,18,0.6666666666666666
3450,12,1,3,1,0,17,0.7058823529411765
3451,12,1,3,1,0,17,0.7058823529411765
3452,10,1,3,1,0,15,0.6666666666666666
3453,11,1,3,1,0,16,0.6875
3454,12,1,3,1,0,17,0.7058823529411765
3455,11,1,3,1,0,16,0.6875
3456,11,1,2,1,0,15,0.7333333333333333
3457,12,2,3,1,0,18,0.6666666666666666
3458,11,1,3,1,0,16,0.6875
3459,13,1,3,1,0,18,0.7222222222222222
3460,12,1,3,1,0,17,0.7058823529411765
3461,12,1,2,1,0,16,0.75
3462,11,1,3,1,0,16,0.6875
3463,10,2,3,1,0,16,0.625
3464,12,1,3,1,0,17,0.7058823529411765
3465,11,2,3,1,0,17,0.6470588235294118
3466,11,1,3,1,0,16,0.6875
3467,11,2,3,1,0,17,0.6470588235294118
3468,12,0,3,1,0,16,0.75
3469,10,1,2,1,0,14,0.7142857142857143
3470,11,2,3,1,0,17,0.6470588235294118
3471,12,1,3,1,0,17,0.7058823529411765
3472,13,1,3,1,0,18,0.7222222222222222
3473,12,1,3,1,0,17,0.7058823529411765
3474,12,1,3,1,0,17,0.7058823529411765
3475,12,1,3,1,0,17,0.7058823529411765
3476,11,1,2,1,0,15,0.7333333333333333
3477,13,1,2,1,0,17,0.7647058823529411
3478,12,1,3,1,0,17,0.7058823529411765
3479,13,1,2,1,0,17,0.7647058823529411
3480,12,1,3,1,0,17,0.7058823529411765
3481,12,1,3,1,0,17,0.7058823529411765
3482,13,3,3,1,0,20,0.65
3483,13,1,3,1,0,18,0.7222222222222222
3484,11,1,3,1,0,16,0.6875
3485,13,1,2,1,0,17,0.7647058823529411
3486,13,1,3,1,0,18,0.7222222222222222
3487,11,1,3,1,0,16,0.6875
3488,12,2,2,1,0,17,0.7058823529411765
3489,12,2,3,1,0,18,0.6666666666666666
3490,10,1,2,1,0,14,0.7142857142857143
3491,11,1,2,1,0,15,0.7333333333333333
3492,11,1,2,1,0,15,0.7333333333333333
3493,11,1,2,1,0,15,0.7333333333333333
3494,12,2,3,1,0,18,0.6666666666666666
3495,12,2,2,1,0,17,0.7058823529411765
3496,11,1,2,1,0,15,0.7333333333333333
3497,11,1,2,1,0,15,0.7333333333333333
3498,11,1,3,1,0,16,0.6875
3499,11,2,2,1,0,16,0.6875
3500,11,1,2,1,0,15,0.7333333333333333
3501,12,1,2,1,0,16,0.75
3502,10,1,2,1,0,14,0.7142857142857143
3503,11,1,2,1,0,15,0.7333333333333333
3504,12,1,2,1,0,16,0.75
3505,11,1,2,1,0,15,0.7333333333333333
3506,12,2,2,1,0,17,0.7058823529411765
3507,10,1,3,1,0,15,0.6666666666666666
3508,9,2,3,1,0,15,0.6
3509,11,2,3,1,0,17,0.6470588235294118
3510,13,2,2,1,0,18,0.7222222222222222
3511,12,1,2,1,0,16,0.75
3512,11,2,2,1,0,16,0.6875
3513,12,2,2,1,0,17,0.7058823529411765
3514,12,2,2,1,0,17,0.7058823529411765
3515,11,2,3,1,0,17,0.6470588235294118
3516,10,2,3,1,0,16,0.625
3517,11,2,3,1,0,17,0.6470588235294118
3518,11,2,3,1,0,17,0.6470588235294118
3519,12,2,3,1,0,18,0.6666666666666666
3520,11,2,3,1,0,17,0.6470588235294118
3521,10,2,2,1,0,15,0.6666666666666666
3522,9,1,3,1,0,14,0.6428571428571429
3523,12,1,3,1,0,17,0.7058823529411765
3524,11,1,3,1,0,16,0.6875
3525,9,1,2,1,0,13,0.6923076923076923
3526,12,1,3,1,0,17,0.7058823529411765
3527,12,1,3,1,0,17,0.7058823529411765
3528,13,1,2,1,0,17,0.7647058823529411
3529,12,1,3,1,0,17,0.7058823529411765
3530,13,1,3,1,0,18,0.7222222222222222
3531,11,1,2,1,0,15,0.7333333333333333
3532,11,2,2,1,0,16,0.6875
3533,10,1,3,1,0,15,0.6666666666666666
3534,10,1,3,1,0,15,0.6666666666666666
3535,13,1,3,1,0,18,0.7222222222222222
3536,12,1,3,1,0,17,0.7058823529411765
3537,10,3,3,1,0,17,0.5882352941176471
3538,11,1,3,1,0,16,0.6875
3539,12,1,3,1,0,17,0.7058823529411765
3540,12,2,3,1,0,18,0.6666666666666666
3541,12,1,3,1,0,17,0.7058823529411765
3542,12,1,3,1,0,17,0.7058823529411765
3543,12,1,2,1,0,16,0.75
3544,12,1,2,1,0,16,0.75
3545,11,1,2,1,0,15,0.7333333333333333
3546,12,2,3,1,0,18,0.6666666666666666
3547,12,1,3,1,0,17,0.7058823529411765
3548,12,2,3,1,0,18,0.6666666666666666
3549,13,1,2,1,0,17,0.7647058823529411
3550,14,1,3,1,0,19,0.7368421052631579
3551,11,1,2,1,0,15,0.7333333333333333
3552,13,2,3,1,0,19,0.6842105263157895
3553,14,1,3,1,0,19,0.7368421052631579
3554,10,1,3,1,0,15,0.6666666666666666
3555,12,1,3,1,0,17,0.7058823529411765
3556,12,1,3,1,0,17,0.7058823529411765
3557,12,1,3,1,0,17,0.7058823529411765
3558,12,1,3,1,0,17,0.7058823529411765
3559,11,1,2,1,0,15,0.7333333333333333
3560,11,1,3,1,0,16,0.6875
3561,12,1,3,1,0,17,0.7058823529411765
3562,10,2,3,1,0,16,0.625
3563,13,1,3,1,0,18,0.7222222222222222
3564,11,1,3,1,0,16,0.6875
3565,12,1,3,1,0,17,0.7058823529411765
3566,11,1,3,1,0,16,0.6875
3567,12,1,3,1,0,17,0.7058823529411765
3568,12,3,3,1,0,19,0.631578947368421
3569,13,1,3,1,0,18,0.7222222222222222
3570,12,1,3,1,0,17,0.7058823529411765
3571,11,1,2,1,0,15,0.7333333333333333
3572,12,1,3,1,0,17,0.7058823529411765
3573,12,1,3,1,0,17,0.7058823529411765
3574,12,1,2,1,0,16,0.75
3575,12,1,3,1,0,17,0.7058823529411765
3576,11,2,2,1,0,16,0.6875
3577,12,1,3,1,0,17,0.7058823529411765
3578,10,1,3,1,0,15,0.6666666666666666
3579,12,1,3,1,0,17,0.7058823529411765
3580,11,1,3,1,0,16,0.6875
3581,12,1,3,1,0,17,0.7058823529411765
3582,11,2,3,1,0,17,0.6470588235294118
3583,11,1,3,1,0,16,0.6875
3584,11,1,3,1,0,16,0.6875
3585,12,1,3,1,0,17,0.7058823529411765
3586,11,2,3,1,0,17,0.6470588235294118
3587,12,2,3,1,0,18,0.6666666666666666
3588,10,1,3,1,0,15,0.6666666666666666
3589,12,2,3,1,0,18,0.6666666666666666
3590,11,1,3,1,0,16,0.6875
3591,12,2,2,1,0,17,0.7058823529411765
3592,11,1,3,1,0,16,0.6875
3593,10,1,2,1,0,14,0.7142857142857143
3594,10,1,2,1,0,14,0.7142857142857143
3595,11,2,3,1,0,17,0.6470588235294118
3596,11,1,3,1,0,16,0.6875
3597,11,1,3,1,0,16,0.6875
3598,11,3,3,1,0,18,0.6111111111111112
3599,10,1,2,1,0,14,0.7142857142857143
3600,12,1,3,1,0,17,0.7058823529411765
3601,11,1,3,1,0,16,0.6875
3602,13,2,3,1,0,19,0.6842105263157895
3603,9,3,3,1,0,16,0.5625
3604,10,2,2,1,0,15,0.6666666666666666
3605,10,1,3,1,0,15,0.6666666666666666
3606,11,2,2,1,0,16,0.6875
3607,11,2,1,1,0,15,0.7333333333333333
3608,13,2,3,1,0,19,0.6842105263157895
3609,11,1,3,1,0,16,0.6875
3610,11,2,3,1,0,17,0.6470588235294118
3611,9,1,3,1,0,14,0.6428571428571429
3612,11,2,3,1,0,17,0.6470588235294118
3613,12,1,2,1,0,16,0.75
3614,11,1,2,1,0,15,0.7333333333333333
3615,11,1,3,1,0,16,0.6875
3616,10,2,3,1,0,16,0.625
3617,12,1,3,1,0,17,0.7058823529411765
3618,12,2,3,1,0,18,0.6666666666666666
3619,12,1,2,1,0,16,0.75
3620,11,1,3,1,0,16,0.6875
3621,9,3,3,1,0,16,0.5625
3622,12,1,2,1,0,16,0.75
3623,12,2,2,1,0,17,0.7058823529411765
3624,12,2,2,1,0,17,0.7058823529411765
3625,12,2,3,1,0,18,0.6666666666666666
3626,11,2,3,1,0,17,0.6470588235294118
3627,13,2,2,1,0,18,0.7222222222222222
3628,12,3,3,1,0,19,0.631578947368421
3629,13,1,3,1,0,18,0.7222222222222222
3630,11,2,3,1,0,17,0.6470588235294118
3631,12,2,3,1,0,18,0.6666666666666666
3632,12,2,3,1,0,18,0.6666666666666666
3633,12,3,1,1,0,17,0.7058823529411765
3634,13,2,2,1,0,18,0.7222222222222222
3635,12,1,2,1,0,16,0.75
3636,12,3,2,1,0,18,0.6666666666666666
3637,12,3,2,1,0,18,0.6666666666666666
3638,12,2,3,1,0,18,0.6666666666666666
3639,12,3,3,1,0,19,0.631578947368421
3640,11,2,3,1,0,17,0.6470588235294118
3641,13,2,3,1,0,19,0.6842105263157895
3642,13,1,3,1,0,18,0.7222222222222222
3643,11,2,2,1,0,16,0.6875
3644,13,2,3,1,0,19,0.6842105263157895
3645,12,2,3,1,0,18,0.6666666666666666
3646,12,3,3,1,0,19,0.631578947368421
3647,12,3,3,1,0,19,0.631578947368421
3648,10,1,3,1,0,15,0.6666666666666666
3649,11,1,3,1,0,16,0.6875
3650,11,2,3,1,0,17,0.6470588235294118
3651,11,2,3,1,0,17,0.6470588235294118
3652,12,3,2,1,0,18,0.6666666666666666
3653,11,1,3,1,0,16,0.6875
3654,11,1,3,1,0,16,0.6875
3655,11,1,2,1,0,15,0.7333333333333333
3656,11,2,3,1,0,17,0.6470588235294118
3657,12,2,1,1,0,16,0.75
3658,12,1,2,1,0,16,0.75
3659,12,1,2,1,0,16,0.75
3660,12,1,1,1,0,15,0.8
3661,12,2,3,1,0,18,0.6666666666666666
3662,13,1,3,1,0,18,0.7222222222222222
3663,11,2,3,1,0,17,0.6470588235294118
3664,12,2,2,1,0,17,0.7058823529411765
3665,12,3,3,1,0,19,0.631578947368421
3666,11,1,3,1,0,16,0.6875
3667,12,2,3,1,0,18,0.6666666666666666
3668,11,3,3,1,0,18,0.6111111111111112
3669,10,3,2,1,0,16,0.625
3670,11,2,3,1,0,17,0.6470588235294118
3671,12,2,3,1,0,18,0.6666666666666666
3672,12,2,1,1,0,16,0.75
3673,11,3,2,1,0,17,0.6470588235294118
3674,12,2,3,1,0,18,0.6666666666666666
3675,11,1,3,1,0,16,0.6875
3676,10,1,2,1,0,14,0.7142857142857143
3677,12,3,2,1,0,18,0.6666666666666666
3678,13,2,3,1,0,19,0.6842105263157895
3679,12,1,2,1,0,16,0.75
3680,12,2,3,1,0,18,0.6666666666666666
3681,12,2,2,1,0,17,0.7058823529411765
3682,13,3,3,1,0,20,0.65
3683,11,3,3,1,0,18,0.6111111111111112
3684,12,1,3,1,0,17,0.7058823529411765
3685,12,3,3,1,0,19,0.631578947368421
3686,12,3,3,1,0,19,0.631578947368421
3687,12,2,2,1,0,17,0.7058823529411765
3688,13,2,3,1,0,19,0.6842105263157895
3689,12,1,2,1,0,16,0.75
3690,12,3,3,1,0,19,0.631578947368421
3691,11,1,2,1,0,15,0.7333333333333333
3692,12,2,3,1,0,18,0.6666666666666666
3693,12,1,3,1,0,17,0.7058823529411765
3694,12,3,3,1,0,19,0.631578947368421
3695,11,2,3,1,0,17,0.6470588235294118
3696,12,2,3,1,0,18,0.6666666666666666
3697,11,1,2,1,0,15,0.7333333333333333
3698,11,2,3,1,0,17,0.6470588235294118
3699,10,1,2,1,0,14,0.7142857142857143
3700,11,1,3,1,0,16,0.6875
3701,11,2,3,1,0,17,0.6470588235294118
3702,12,1,3,1,0,17,0.7058823529411765
3703,12,1,2,1,0,16,0.75
3704,11,1,3,1,0,16,0.6875
3705,12,2,3,1,0,18,0.6666666666666666
3706,12,3,3,1,0,19,0.631578947368421
3707,12,2,3,1,0,18,0.6666666666666666
3708,11,2,2,1,0,16,0.6875
3709,11,1,2,1,0,15,0.7333333333333333
3710,11,2,3,1,0,17,0.6470588235294118
3711,13,1,2,1,0,17,0.7647058823529411
3712,12,1,3,1,0,17,0.7058823529411765
3713,13,2,2,1,0,18,0.7222222222222222
3714,10,3,3,1,0,17,0.5882352941176471
3715,12,3,3,1,0,19,0.631578947368421
3716,12,1,3,1,0,17,0.7058823529411765
3717,12,1,3,1,0,17,0.7058823529411765
3718,12,2,3,1,0,18,0.6666666666666666
3719,10,1,2,1,0,14,0.7142857142857143
3720,13,1,3,1,0,18,0.7222222222222222
3721,11,2,3,1,0,17,0.6470588235294118
3722,9,3,3,1,0,16,0.5625
3723,11,3,3,1,0,18,0.6111111111111112
3724,11,3,3,1,0,18,0.6111111111111112
3725,11,1,3,1,0,16,0.6875
3726,10,2,3,1,0,16,0.625
3727,13,1,3,1,0,18,0.7222222222222222
3728,11,2,3,1,0,17,0.6470588235294118
3729,12,2,3,1,0,18,0.6666666666666666
3730,11,2,3,1,0,17,0.6470588235294118
3731,11,1,3,1,0,16,0.6875
3732,13,1,2,1,0,17,0.7647058823529411
3733,12,2,2,1,0,17,0.7058823529411765
3734,12,2,3,1,0,18,0.6666666666666666
3735,11,2,3,1,0,17,0.6470588235294118
3736,11,1,3,1,0,16,0.6875
3737,13,2,3,1,0,19,0.6842105263157895
3738,13,2,2,1,0,18,0.7222222222222222
3739,12,2,3,1,0,18,0.6666666666666666
3740,11,1,4,1,0,17,0.6470588235294118
3741,13,2,4,1,0,20,0.65
3742,11,2,3,1,0,17,0.6470588235294118
3743,13,2,3,1,0,19,0.6842105263157895
3744,14,1,4,1,0,20,0.7
3745,13,1,4,1,0,19,0.6842105263157895
3746,13,1,4,1,0,19,0.6842105263157895
3747,13,1,4,1,0,19,0.6842105263157895
3748,13,2,4,1,0,20,0.65
3749,14,1,4,1,0,20,0.7
3750,13,2,4,1,0,20,0.65
3751,12,1,4,1,0,18,0.6666666666666666
3752,12,1,4,1,0,18,0.6666666666666666
3753,10,1,4,1,0,16,0.625
3754,12,1,4,1,0,18,0.6666666666666666
3755,14,1,3,1,0,19,0.7368421052631579
3756,13,1,3,1,0,18,0.7222222222222222
3757,13,2,4,1,0,20,0.65
3758,12,1,4,1,0,18,0.6666666666666666
3759,14,1,4,1,0,20,0.7
3760,13,1,4,1,0,19,0.6842105263157895
3761,12,1,4,1,0,18,0.6666666666666666
3762,14,1,2,1,0,18,0.7777777777777778
3763,14,1,3,1,0,19,0.7368421052631579
3764,13,1,4,1,0,19,0.6842105263157895
3765,12,1,3,1,0,17,0.7058823529411765
3766,15,1,3,1,0,20,0.75
3767,14,1,4,1,0,20,0.7
3768,13,1,4,1,0,19,0.6842105263157895
3769,12,1,4,1,0,18,0.6666666666666666
3770,14,1,3,1,0,19,0.7368421052631579
3771,11,1,3,1,0,16,0.6875
3772,12,1,3,1,0,17,0.7058823529411765
3773,11,2,4,1,0,18,0.6111111111111112
3774,13,2,3,1,0,19,0.6842105263157895
3775,11,1,4,1,0,17,0.6470588235294118
3776,12,2,4,1,0,19,0.631578947368421
3777,12,2,4,1,0,19,0.631578947368421
3778,11,1,4,1,0,17,0.6470588235294118
3779,12,1,4,1,0,18,0.6666666666666666
3780,12,1,4,1,0,18,0.6666666666666666
3781,12,1,4,1,0,18,0.6666666666666666
3782,11,2,4,1,0,18,0.6111111111111112
3783,13,2,4,1,0,20,0.65
3784,13,1,4,1,0,19,0.6842105263157895
3785,12,1,4,1,0,18,0.6666666666666666
3786,13,2,4,1,0,20,0.65
3787,11,1,4,1,0,17,0.6470588235294118
3788,12,1,4,1,0,18,0.6666666666666666
3789,14,1,3,1,0,19,0.7368421052631579
3790,13,1,3,1,0,18,0.7222222222222222
3791,13,1,3,1,0,18,0.7222222222222222
3792,14,1,2,1,0,18,0.7777777777777778
3793,13,1,3,1,0,18,0.7222222222222222
3794,13,2,3,1,0,19,0.6842105263157895
3795,12,2,4,1,0,19,0.631578947368421
3796,12,1,3,1,0,17,0.7058823529411765
3797,13,2,4,1,0,20,0.65
3798,13,1,4,1,0,19,0.6842105263157895
3799,14,2,4,1,0,21,0.6666666666666666
3800,13,2,4,1,0,20,0.65
3801,13,2,3,1,0,19,0.6842105263157895
3802,10,2,4,1,0,17,0.5882352941176471
3803,11,2,3,1,0,17,0.6470588235294118
3804,12,1,3,1,0,17,0.7058823529411765
3805,13,2,3,1,0,19,0.6842105263157895
3806,13,2,3,1,0,19,0.6842105263157895
3807,12,2,2,1,0,17,0.7058823529411765
3808,12,2,3,1,0,18,0.6666666666666666
3809,13,2,3,1,0,19,0.6842105263157895
3810,11,2,3,1,0,17,0.6470588235294118
3811,12,1,3,1,0,17,0.7058823529411765
3812,13,1,4,1,0,19,0.6842105263157895
3813,12,1,4,1,0,18,0.6666666666666666
3814,12,2,4,1,0,19,0.631578947368421
3815,13,2,4,1,0,20,0.65
3816,13,1,4,1,0,19,0.6842105263157895
3817,13,2,3,1,0,19,0.6842105263157895
3818,13,2,4,1,0,20,0.65
3819,12,1,4,1,0,18,0.6666666666666666
3820,13,2,4,1,0,20,0.65
3821,13,1,4,1,0,19,0.6842105263157895
3822,13,1,4,1,0,19,0.6842105263157895
3823,13,2,3,1,0,19,0.6842105263157895
3824,11,1,2,1,0,15,0.7333333333333333
3825,13,1,3,1,0,18,0.7222222222222222
3826,13,1,4,1,0,19,0.6842105263157895
3827,13,1,4,1,0,19,0.6842105263157895
3828,12,2,4,1,0,19,0.631578947368421
3829,13,1,4,1,0,19,0.6842105263157895
3830,12,1,2,1,0,16,0.75
3831,12,1,3,1,0,17,0.7058823529411765
3832,14,2,3,1,0,20,0.7
3833,13,1,4,1,0,19,0.6842105263157895
3834,14,1,3,1,0,19,0.7368421052631579
3835,14,2,3,1,0,20,0.7
3836,13,1,3,1,0,18,0.7222222222222222
3837,13,2,4,1,0,20,0.65
3838,14,2,3,1,0,20,0.7
3839,13,2,3,1,0,19,0.6842105263157895
3840,12,1,3,1,0,17,0.7058823529411765
3841,11,1,3,1,0,16,0.6875
3842,11,1,3,1,0,16,0.6875
3843,11,2,3,1,0,17,0.6470588235294118
3844,10,2,3,1,0,16,0.625
3845,12,1,3,1,0,17,0.7058823529411765
3846,12,2,3,1,0,18,0.6666666666666666
3847,13,1,2,1,0,17,0.7647058823529411
3848,12,1,3,1,0,17,0.7058823529411765
3849,13,1,3,1,0,18,0.7222222222222222
3850,12,1,3,1,0,17,0.7058823529411765
3851,13,1,3,1,0,18,0.7222222222222222
3852,13,1,3,1,0,18,0.7222222222222222
3853,13,0,3,1,0,17,0.7647058823529411
3854,13,1,4,1,0,19,0.6842105263157895
3855,13,1,3,1,0,18,0.7222222222222222
3856,12,1,4,1,0,18,0.6666666666666666
3857,12,2,3,1,0,18,0.6666666666666666
3858,13,1,3,1,0,18,0.7222222222222222
3859,11,1,3,1,0,16,0.6875
3860,11,1,3,1,0,16,0.6875
3861,12,1,3,1,0,17,0.7058823529411765
3862,12,1,3,1,0,17,0.7058823529411765
3863,13,1,3,1,0,18,0.7222222222222222
3864,12,1,3,1,0,17,0.7058823529411765
3865,11,1,2,1,0,15,0.7333333333333333
3866,11,1,3,1,0,16,0.6875
3867,12,1,3,1,0,17,0.7058823529411765
3868,11,1,3,1,0,16,0.6875
3869,13,1,3,1,0,18,0.7222222222222222
3870,12,2,3,1,0,18,0.6666666666666666
3871,12,2,3,1,0,18,0.6666666666666666
3872,13,2,3,1,0,19,0.6842105263157895
3873,12,1,3,1,0,17,0.7058823529411765
3874,13,1,3,1,0,18,0.7222222222222222
3875,11,1,2,1,0,15,0.7333333333333333
3876,12,2,3,1,0,18,0.6666666666666666
3877,11,2,3,1,0,17,0.6470588235294118
3878,12,1,3,1,0,17,0.7058823529411765
3879,11,1,3,1,0,16,0.6875
3880,11,3,3,1,0,18,0.6111111111111112
3881,12,2,3,1,0,18,0.6666666666666666
3882,12,1,3,1,0,17,0.7058823529411765
3883,13,1,3,1,0,18,0.7222222222222222
3884,13,1,3,1,0,18,0.7222222222222222
3885,13,1,2,1,0,17,0.7647058823529411
3886,11,1,3,1,0,16,0.6875
3887,12,1,3,1,0,17,0.7058823529411765
3888,13,1,3,1,0,18,0.7222222222222222
3889,14,1,3,1,0,19,0.7368421052631579
3890,13,1,3,1,0,18,0.7222222222222222
3891,11,1,3,1,0,16,0.6875
3892,11,1,3,1,0,16,0.6875
3893,12,2,2,1,0,17,0.7058823529411765
3894,14,1,2,1,0,18,0.7777777777777778
3895,10,1,3,1,0,15,0.6666666666666666
3896,13,1,4,1,0,19,0.6842105263157895
3897,12,1,4,1,0,18,0.6666666666666666
3898,14,1,3,1,0,19,0.7368421052631579
3899,13,1,3,1,0,18,0.7222222222222222
3900,11,1,3,1,0,16,0.6875
3901,13,1,3,1,0,18,0.7222222222222222
3902,14,1,2,1,0,18,0.7777777777777778
3903,14,1,3,1,0,19,0.7368421052631579
3904,13,1,3,1,0,18,0.7222222222222222
3905,10,1,3,1,0,15,0.6666666666666666
3906,12,1,2,1,0,16,0.75
3907,11,1,3,1,0,16,0.6875
3908,13,1,3,1,0,18,0.7222222222222222
3909,11,1,3,1,0,16,0.6875
3910,12,1,3,1,0,17,0.7058823529411765
3911,11,2,3,1,0,17,0.6470588235294118
3912,13,1,2,1,0,17,0.7647058823529411
3913,14,1,2,1,0,18,0.7777777777777778
3914,13,1,4,1,0,19,0.6842105263157895
3915,12,1,3,1,0,17,0.7058823529411765
3916,15,1,3,1,0,20,0.75
3917,13,1,4,1,0,19,0.6842105263157895
3918,11,3,4,1,0,19,0.5789473684210527
3919,11,2,4,1,0,18,0.6111111111111112
3920,11,1,4,1,0,17,0.6470588235294118
3921,11,1,3,1,0,16,0.6875
3922,9,2,4,1,0,16,0.5625
3923,11,1,3,1,0,16,0.6875
3924,13,1,2,1,0,17,0.7647058823529411
3925,11,1,3,1,0,16,0.6875
3926,12,1,3,1,0,17,0.7058823529411765
3927,11,1,3,1,0,16,0.6875
3928,12,1,3,1,0,17,0.7058823529411765
3929,11,1,3,1,0,16,0.6875
3930,12,1,3,1,0,17,0.7058823529411765
3931,9,2,3,1,0,15,0.6
3932,13,1,2,1,0,17,0.7647058823529411
3933,10,1,3,1,0,15,0.6666666666666666
3934,9,1,2,1,0,13,0.6923076923076923
3935,11,1,3,1,0,16,0.6875
3936,12,2,3,1,0,18,0.6666666666666666
3937,9,1,2,1,0,13,0.6923076923076923
3938,11,1,3,1,0,16,0.6875
3939,11,1,3,1,0,16,0.6875
3940,10,2,3,1,0,16,0.625
3941,10,1,2,1,0,14,0.7142857142857143
3942,10,2,3,1,0,16,0.625
3943,10,2,3,1,0,16,0.625
3944,12,1,3,1,0,17,0.7058823529411765
3945,12,2,4,1,0,19,0.631578947368421
3946,12,1,4,1,0,18,0.6666666666666666
3947,11,1,4,1,0,17,0.6470588235294118
3948,12,1,3,1,0,17,0.7058823529411765
3949,12,1,3,1,0,17,0.7058823529411765
3950,11,1,3,1,0,16,0.6875
3951,11,3,4,1,0,19,0.5789473684210527
3952,11,1,3,1,0,16,0.6875
3953,12,1,4,1,0,18,0.6666666666666666
3954,14,2,3,1,0,20,0.7
3955,11,1,2,1,0,15,0.7333333333333333
3956,13,1,2,1,0,17,0.7647058823529411
3957,11,1,3,1,0,16,0.6875
3958,12,1,2,1,0,16,0.75
3959,13,1,2,1,0,17,0.7647058823529411
3960,12,1,2,1,0,16,0.75
3961,13,1,3,1,0,18,0.7222222222222222
3962,11,1,3,1,0,16,0.6875
3963,12,1,3,1,0,17,0.7058823529411765
3964,11,1,3,1,0,16,0.6875
3965,12,1,3,1,0,17,0.7058823529411765
3966,11,1,3,1,0,16,0.6875
3967,11,2,3,1,0,17,0.6470588235294118
3968,11,2,3,1,0,17,0.6470588235294118
3969,13,2,4,1,0,20,0.65
3970,11,3,4,1,0,19,0.5789473684210527
3971,10,3,4,1,0,18,0.5555555555555556
3972,12,1,3,1,0,17,0.7058823529411765
3973,12,1,4,1,0,18,0.6666666666666666
3974,11,1,4,1,0,17,0.6470588235294118
3975,14,1,3,1,0,19,0.7368421052631579
3976,11,2,4,1,0,18,0.6111111111111112
3977,11,1,3,1,0,16,0.6875
3978,11,2,4,1,0,18,0.6111111111111112
3979,13,3,4,1,0,21,0.6190476190476191
3980,13,2,3,1,0,19,0.6842105263157895
3981,11,1,4,1,0,17,0.6470588235294118
3982,11,1,4,1,0,17,0.6470588235294118
3983,12,1,3,1,0,17,0.7058823529411765
3984,11,2,4,1,0,18,0.6111111111111112
3985,12,1,3,1,0,17,0.7058823529411765
3986,11,1,3,1,0,16,0.6875
3987,11,1,3,1,0,16,0.6875
3988,12,1,3,1,0,17,0.7058823529411765
3989,12,1,3,1,0,17,0.7058823529411765
3990,11,2,3,1,0,17,0.6470588235294118
3991,11,2,3,1,0,17,0.6470588235294118
3992,10,1,3,1,0,15,0.6666666666666666
3993,14,1,3,1,0,19,0.7368421052631579
3994,12,3,3,1,0,19,0.631578947368421
3995,11,1,3,1,0,16,0.6875
3996,12,1,3,1,0,17,0.7058823529411765
3997,11,1,3,1,0,16,0.6875
3998,12,2,3,1,0,18,0.6666666666666666
3999,14,1,3,1,0,19,0.7368421052631579
4000,13,1,3,1,0,18,0.7222222222222222
4001,11,1,3,1,0,16,0.6875
4002,14,1,3,1,0,19,0.7368421052631579
4003,11,1,3,1,0,16,0.6875
4004,12,1,3,1,0,17,0.7058823529411765
4005,12,1,2,1,0,16,0.75
4006,12,1,3,1,0,17,0.7058823529411765
4007,10,1,3,1,0,15,0.6666666666666666
4008,11,1,3,1,0,16,0.6875
4009,11,1,3,1,0,16,0.6875
4010,10,1,3,1,0,15,0.6666666666666666
4011,11,1,3,1,0,16,0.6875
4012,12,1,3,1,0,17,0.7058823529411765
4013,12,2,3,1,0,18,0.6666666666666666
4014,11,1,3,1,0,16,0.6875
4015,12,1,3,1,0,17,0.7058823529411765
4016,10,1,3,1,0,15,0.6666666666666666
4017,12,1,3,1,0,17,0.7058823529411765
4018,10,1,3,1,0,15,0.6666666666666666
4019,12,1,3,1,0,17,0.7058823529411765
4020,11,1,3,1,0,16,0.6875
4021,12,1,3,1,0,17,0.7058823529411765
4022,13,1,3,1,0,18,0.7222222222222222
4023,13,1,3,1,0,18,0.7222222222222222
4024,11,1,3,1,0,16,0.6875
4025,14,1,3,1,0,19,0.7368421052631579
4026,11,1,3,1,0,16,0.6875
4027,12,1,3,1,0,17,0.7058823529411765
4028,13,1,3,1,0,18,0.7222222222222222
4029,10,2,2,1,0,15,0.6666666666666666
4030,11,1,2,1,0,15,0.7333333333333333
4031,13,2,3,1,0,19,0.6842105263157895
4032,9,1,2,1,0,13,0.6923076923076923
4033,12,1,2,1,0,16,0.75
4034,11,1,3,1,0,16,0.6875
4035,13,1,3,1,0,18,0.7222222222222222
4036,12,1,3,1,0,17,0.7058823529411765
4037,11,1,3,1,0,16,0.6875
4038,13,1,3,1,0,18,0.7222222222222222
4039,10,1,3,1,0,15,0.6666666666666666
4040,11,1,3,1,0,16,0.6875
4041,10,2,3,1,0,16,0.625
4042,13,1,3,1,0,18,0.7222222222222222
4043,12,1,3,1,0,17,0.7058823529411765
4044,11,1,3,1,0,16,0.6875
4045,12,1,3,1,0,17,0.7058823529411765
4046,11,1,3,1,0,16,0.6875
4047,12,2,3,1,0,18,0.6666666666666666
4048,11,1,3,1,0,16,0.6875
4049,11,1,3,1,0,16,0.6875
4050,12,1,2,1,0,16,0.75
4051,12,1,3,1,0,17,0.7058823529411765
4052,10,2,2,1,0,15,0.6666666666666666
4053,10,1,2,1,0,14,0.7142857142857143
4054,11,1,3,1,0,16,0.6875
4055,12,1,3,1,0,17,0.7058823529411765
4056,13,2,3,1,0,19,0.6842105263157895
4057,12,1,3,1,0,17,0.7058823529411765
4058,12,1,3,1,0,17,0.7058823529411765
4059,12,1,2,1,0,16,0.75
4060,10,1,3,1,0,15,0.6666666666666666
4061,9,1,3,1,0,14,0.6428571428571429
4062,10,2,3,1,0,16,0.625
4063,11,1,3,1,0,16,0.6875
4064,11,1,3,1,0,16,0.6875
4065,13,1,3,1,0,18,0.7222222222222222
4066,11,1,3,1,0,16,0.6875
4067,9,1,2,1,0,13,0.6923076923076923
4068,13,1,2,1,0,17,0.7647058823529411
4069,11,1,3,1,0,16,0.6875
4070,13,1,3,1,0,18,0.7222222222222222
4071,12,2,2,1,0,17,0.7058823529411765
4072,11,3,3,1,0,18,0.6111111111111112
4073,12,1,3,1,0,17,0.7058823529411765
4074,11,1,3,1,0,16,0.6875
4075,11,1,3,1,0,16,0.6875
4076,11,2,3,1,0,17,0.6470588235294118
4077,11,1,3,1,0,16,0.6875
4078,12,1,2,1,0,16,0.75
4079,12,1,3,1,0,17,0.7058823529411765
4080,11,1,3,1,0,16,0.6875
4081,11,1,3,1,0,16,0.6875
4082,12,1,3,1,0,17,0.7058823529411765
4083,10,1,2,1,0,14,0.7142857142857143
4084,12,2,3,1,0,18,0.6666666666666666
4085,11,2,3,1,0,17,0.6470588235294118
4086,12,1,2,1,0,16,0.75
4087,13,3,2,1,0,19,0.6842105263157895
4088,12,2,3,1,0,18,0.6666666666666666
4089,11,1,3,1,0,16,0.6875
4090,10,1,3,1,0,15,0.6666666666666666
4091,11,1,3,1,0,16,0.6875
4092,12,2,3,1,0,18,0.6666666666666666
4093,11,2,3,1,0,17,0.6470588235294118
4094,12,1,3,1,0,17,0.7058823529411765
4095,9,2,3,1,0,15,0.6
4096,13,2,3,1,0,19,0.6842105263157895
4097,13,1,2,1,0,17,0.7647058823529411
4098,9,1,3,1,0,14,0.6428571428571429
4099,11,1,3,1,0,16,0.6875
4100,10,1,3,1,0,15,0.6666666666666666
4101,10,1,2,1,0,14,0.7142857142857143
4102,12,1,3,1,0,17,0.7058823529411765
4103,10,1,2,1,0,14,0.7142857142857143
4104,11,1,3,1,0,16,0.6875
4105,10,1,3,1,0,15,0.6666666666666666
4106,12,1,3,1,0,17,0.7058823529411765
4107,11,1,3,1,0,16,0.6875
4108,11,1,3,1,0,16,0.6875
4109,12,1,3,1,0,17,0.7058823529411765
4110,10,1,2,1,0,14,0.7142857142857143
4111,11,1,3,1,0,16,0.6875
4112,12,1,3,1,0,17,0.7058823529411765
4113,12,2,2,1,0,17,0.7058823529411765
4114,13,2,3,1,0,19,0.6842105263157895
4115,10,2,2,1,0,15,0.6666666666666666
4116,12,2,3,1,0,18,0.6666666666666666
4117,11,2,3,1,0,17,0.6470588235294118
4118,10,3,3,1,0,17,0.5882352941176471
4119,13,1,3,1,0,18,0.7222222222222222
4120,11,1,2,1,0,15,0.7333333333333333
4121,11,1,2,1,0,15,0.7333333333333333
4122,11,1,3,1,0,16,0.6875
4123,12,2,2,1,0,17,0.7058823529411765
4124,13,1,2,1,0,17,0.7647058823529411
4125,12,1,3,1,0,17,0.7058823529411765
4126,11,1,3,1,0,16,0.6875
4127,10,1,2,1,0,14,0.7142857142857143
4128,10,1,3,1,0,15,0.6666666666666666
4129,9,1,3,1,0,14,0.6428571428571429
4130,11,1,3,1,0,16,0.6875
4131,13,1,3,1,0,18,0.7222222222222222
4132,13,1,3,1,0,18,0.7222222222222222
4133,12,1,3,1,0,17,0.7058823529411765
4134,12,3,3,1,0,19,0.631578947368421
4135,11,1,3,1,0,16,0.6875
4136,10,1,2,1,0,14,0.7142857142857143
4137,12,1,3,1,0,17,0.7058823529411765
4138,11,1,3,1,0,16,0.6875
4139,12,1,3,1,0,17,0.7058823529411765
4140,13,1,3,1,0,18,0.7222222222222222
4141,14,1,3,1,0,19,0.7368421052631579
4142,11,1,3,1,0,16,0.6875
4143,13,1,3,1,0,18,0.7222222222222222
4144,12,1,2,1,0,16,0.75
4145,12,1,3,1,0,17,0.7058823529411765
4146,10,1,3,1,0,15,0.6666666666666666
4147,12,1,3,1,0,17,0.7058823529411765
4148,12,1,2,1,0,16,0.75
4149,12,1,3,1,0,17,0.7058823529411765
4150,12,1,3,1,0,17,0.7058823529411765
4151,12,2,3,1,0,18,0.6666666666666666
4152,13,1,3,1,0,18,0.7222222222222222
4153,11,1,3,1,0,16,0.6875
4154,12,1,3,1,0,17,0.7058823529411765
4155,12,1,3,1,0,17,0.7058823529411765
4156,11,1,3,1,0,16,0.6875
4157,12,1,3,1,0,17,0.7058823529411765
4158,12,1,3,1,0,17,0.7058823529411765
4159,13,1,3,1,0,18,0.7222222222222222
4160,12,1,3,1,0,17,0.7058823529411765
4161,10,1,3,1,0,15,0.6666666666666666
4162,11,3,2,1,0,17,0.6470588235294118
4163,10,1,2,1,0,14,0.7142857142857143
4164,11,2,1,1,0,15,0.7333333333333333
4165,12,2,3,1,0,18,0.6666666666666666
4166,12,1,3,1,0,17,0.7058823529411765
4167,11,1,3,1,0,16,0.6875
4168,11,1,2,1,0,15,0.7333333333333333
4169,12,1,3,1,0,17,0.7058823529411765
4170,11,1,2,1,0,15,0.7333333333333333
4171,12,2,2,1,0,17,0.7058823529411765
4172,12,1,3,1,0,17,0.7058823529411765
4173,11,1,3,1,0,16,0.6875
4174,10,1,3,1,0,15,0.6666666666666666
4175,11,1,3,1,0,16,0.6875
4176,13,1,2,1,0,17,0.7647058823529411
4177,11,1,3,1,0,16,0.6875
4178,13,2,3,1,0,19,0.6842105263157895
4179,11,1,3,1,0,16,0.6875
4180,12,1,3,1,0,17,0.7058823529411765
4181,11,1,3,1,0,16,0.6875
4182,11,1,2,1,0,15,0.7333333333333333
4183,13,1,3,1,0,18,0.7222222222222222
4184,14,1,2,1,0,18,0.7777777777777778
4185,11,2,3,1,0,17,0.6470588235294118
4186,14,2,3,1,0,20,0.7
4187,13,1,3,1,0,18,0.7222222222222222
4188,13,1,3,1,0,18,0.7222222222222222
4189,13,1,3,1,0,18,0.7222222222222222
4190,13,1,3,1,0,18,0.7222222222222222
4191,13,2,3,1,0,19,0.6842105263157895
4192,13,2,3,1,0,19,0.6842105263157895
4193,10,1,2,1,0,14,0.7142857142857143
4194,13,3,3,1,0,20,0.65
4195,13,2,2,1,0,18,0.7222222222222222
4196,12,1,1,1,0,15,0.8
4197,14,2,3,1,0,20,0.7
4198,12,3,3,1,0,19,0.631578947368421
4199,10,3,2,1,0,16,0.625
4200,12,1,3,1,0,17,0.7058823529411765
4201,14,1,3,1,0,19,0.7368421052631579
4202,11,1,2,1,0,15,0.7333333333333333
4203,13,2,3,1,0,19,0.6842105263157895
4204,13,1,2,1,0,17,0.7647058823529411
4205,12,1,3,1,0,17,0.7058823529411765
4206,12,1,3,1,0,17,0.7058823529411765
4207,13,1,2,1,0,17,0.7647058823529411
4208,13,1,3,1,0,18,0.7222222222222222
4209,13,1,3,1,0,18,0.7222222222222222
4210,12,1,3,1,0,17,0.7058823529411765
4211,12,1,3,1,0,17,0.7058823529411765
4212,13,1,3,1,0,18,0.7222222222222222
4213,13,1,3,1,0,18,0.7222222222222222
4214,13,3,3,1,0,20,0.65
4215,10,1,3,1,0,15,0.6666666666666666
4216,14,1,3,1,0,19,0.7368421052631579
4217,11,1,3,1,0,16,0.6875
4218,11,1,3,1,0,16,0.6875
4219,14,1,3,1,0,19,0.7368421052631579
4220,13,1,3,1,0,18,0.7222222222222222
4221,13,1,3,1,0,18,0.7222222222222222
4222,13,1,3,1,0,18,0.7222222222222222
4223,12,1,3,1,0,17,0.7058823529411765
4224,12,1,3,1,0,17,0.7058823529411765
4225,12,1,2,1,0,16,0.75
4226,13,1,3,1,0,18,0.7222222222222222
4227,14,1,2,1,0,18,0.7777777777777778
4228,12,1,3,1,0,17,0.7058823529411765
4229,12,1,2,1,0,16,0.75
4230,12,1,3,1,0,17,0.7058823529411765
4231,12,1,3,1,0,17,0.7058823529411765
4232,12,1,3,1,0,17,0.7058823529411765
4233,11,1,3,1,0,16,0.6875
4234,13,1,3,1,0,18,0.7222222222222222
4235,13,1,3,1,0,18,0.7222222222222222
4236,14,2,3,1,0,20,0.7
4237,14,1,3,1,0,19,0.7368421052631579
4238,11,1,3,1,0,16,0.6875
4239,12,2,2,1,0,17,0.7058823529411765
4240,14,1,2,1,0,18,0.7777777777777778
4241,11,1,3,1,0,16,0.6875
4242,12,1,2,1,0,16,0.75
4243,10,2,3,1,0,16,0.625
4244,12,1,3,1,0,17,0.7058823529411765
4245,12,1,3,1,0,17,0.7058823529411765
4246,13,2,3,1,0,19,0.6842105263157895
4247,14,2,3,1,0,20,0.7
4248,10,1,3,1,0,15,0.6666666666666666
4249,11,1,3,1,0,16,0.6875
4250,13,1,3,1,0,18,0.7222222222222222
4251,14,1,3,1,0,19,0.7368421052631579
4252,12,1,3,1,0,17,0.7058823529411765
4253,12,1,3,1,0,17,0.7058823529411765
4254,12,1,3,1,0,17,0.7058823529411765
4255,12,1,3,1,0,17,0.7058823529411765
4256,11,2,2,1,0,16,0.6875
4257,10,1,3,1,0,15,0.6666666666666666
4258,12,2,3,1,0,18,0.6666666666666666
4259,11,1,3,1,0,16,0.6875
4260,11,1,3,1,0,16,0.6875
4261,13,1,3,1,0,18,0.7222222222222222
4262,13,1,3,1,0,18,0.7222222222222222
4263,11,1,3,1,0,16,0.6875
4264,14,2,3,1,0,20,0.7
4265,12,1,3,1,0,17,0.7058823529411765
4266,13,1,3,1,0,18,0.7222222222222222
4267,13,2,3,1,0,19,0.6842105263157895
4268,13,1,3,1,0,18,0.7222222222222222
4269,13,2,3,1,0,19,0.6842105263157895
4270,13,1,3,1,0,18,0.7222222222222222
4271,13,1,3,1,0,18,0.7222222222222222
4272,12,1,3,1,0,17,0.7058823529411765
4273,12,2,3,1,0,18,0.6666666666666666
4274,13,2,3,1,0,19,0.6842105263157895
4275,13,2,3,1,0,19,0.6842105263157895
4276,14,1,3,1,0,19,0.7368421052631579
4277,12,1,3,1,0,17,0.7058823529411765
4278,13,1,3,1,0,18,0.7222222222222222
4279,12,1,2,1,0,16,0.75
4280,11,1,3,1,0,16,0.6875
4281,13,1,3,1,0,18,0.7222222222222222
4282,13,1,3,1,0,18,0.7222222222222222
4283,12,1,3,1,0,17,0.7058823529411765
4284,10,3,2,1,0,16,0.625
4285,12,1,3,1,0,17,0.7058823529411765
4286,12,2,2,1,0,17,0.7058823529411765
4287,12,3,3,1,0,19,0.631578947368421
4288,12,1,3,1,0,17,0.7058823529411765
4289,9,1,3,1,0,14,0.6428571428571429
4290,11,1,3,1,0,16,0.6875
4291,13,1,3,1,0,18,0.7222222222222222
4292,11,1,3,1,0,16,0.6875
4293,12,1,3,1,0,17,0.7058823529411765
4294,12,1,3,1,0,17,0.7058823529411765
4295,12,1,2,1,0,16,0.75
4296,12,1,2,1,0,16,0.75
4297,12,1,2,1,0,16,0.75
4298,11,2,3,1,0,17,0.6470588235294118
4299,12,2,3,1,0,18,0.6666666666666666
4300,11,1,2,1,0,15,0.7333333333333333
4301,12,1,3,1,0,17,0.7058823529411765
4302,12,1,3,1,0,17,0.7058823529411765
4303,11,1,3,1,0,16,0.6875
4304,12,2,2,1,0,17,0.7058823529411765
4305,11,1,3,1,0,16,0.6875
4306,11,2,3,1,0,17,0.6470588235294118
4307,12,1,3,1,0,17,0.7058823529411765
4308,12,1,3,1,0,17,0.7058823529411765
4309,11,2,3,1,0,17,0.6470588235294118
4310,12,2,3,1,0,18,0.6666666666666666
4311,11,2,3,1,0,17,0.6470588235294118
4312,11,1,3,1,0,16,0.6875
4313,11,2,3,1,0,17,0.6470588235294118
4314,12,1,3,1,0,17,0.7058823529411765
4315,12,1,3,1,0,17,0.7058823529411765
4316,10,3,3,1,0,17,0.5882352941176471
4317,12,1,3,1,0,17,0.7058823529411765
4318,14,2,2,1,0,19,0.7368421052631579
4319,11,2,3,1,0,17,0.6470588235294118
4320,12,1,2,1,0,16,0.75
4321,13,2,3,1,0,19,0.6842105263157895
4322,12,2,3,1,0,18,0.6666666666666666
4323,10,3,3,1,0,17,0.5882352941176471
4324,13,2,3,1,0,19,0.6842105263157895
4325,13,1,4,1,0,19,0.6842105263157895
4326,13,1,3,1,0,18,0.7222222222222222
4327,13,1,3,1,0,18,0.7222222222222222
4328,13,1,4,1,0,19,0.6842105263157895
4329,12,1,3,1,0,17,0.7058823529411765
4330,12,2,3,1,0,18,0.6666666666666666
4331,11,1,3,1,0,16,0.6875
4332,12,1,3,1,0,17,0.7058823529411765
4333,11,2,3,1,0,17,0.6470588235294118
4334,11,1,3,1,0,16,0.6875
4335,12,1,3,1,0,17,0.7058823529411765
4336,11,2,3,1,0,17,0.6470588235294118
4337,13,2,3,1,0,19,0.6842105263157895
4338,11,2,3,1,0,17,0.6470588235294118
4339,12,1,3,1,0,17,0.7058823529411765
4340,10,1,3,1,0,15,0.6666666666666666
4341,10,2,3,1,0,16,0.625
4342,11,1,3,1,0,16,0.6875
4343,9,1,3,1,0,14,0.6428571428571429
4344,12,1,3,1,0,17,0.7058823529411765
4345,9,1,3,1,0,14,0.6428571428571429
4346,10,1,3,1,0,15,0.6666666666666666
4347,11,2,3,1,0,17,0.6470588235294118
4348,12,2,3,1,0,18,0.6666666666666666
4349,12,1,3,1,0,17,0.7058823529411765
4350,12,2,2,1,0,17,0.7058823529411765
4351,12,1,3,1,0,17,0.7058823529411765
4352,11,1,3,1,0,16,0.6875
4353,12,3,3,1,0,19,0.631578947368421
4354,13,1,3,1,0,18,0.7222222222222222
4355,12,2,3,1,0,18,0.6666666666666666
4356,10,2,3,1,0,16,0.625
4357,12,1,3,1,0,17,0.7058823529411765
4358,10,2,3,1,0,16,0.625
4359,12,2,3,1,0,18,0.6666666666666666
4360,13,3,3,1,0,20,0.65
4361,12,1,3,1,0,17,0.7058823529411765
4362,12,2,3,1,0,18,0.6666666666666666
4363,13,1,3,1,0,18,0.7222222222222222
4364,12,1,3,1,0,17,0.7058823529411765
4365,13,2,3,1,0,19,0.6842105263157895
4366,13,1,3,1,0,18,0.7222222222222222
4367,11,1,3,1,0,16,0.6875
4368,12,1,3,1,0,17,0.7058823529411765
4369,12,1,3,1,0,17,0.7058823529411765
4370,11,1,3,1,0,16,0.6875
4371,12,2,3,1,0,18,0.6666666666666666
4372,12,2,3,1,0,18,0.6666666666666666
4373,12,2,3,1,0,18,0.6666666666666666
4374,12,1,3,1,0,17,0.7058823529411765
4375,12,2,3,1,0,18,0.6666666666666666
4376,13,1,3,1,0,18,0.7222222222222222
4377,12,1,2,1,0,16,0.75
4378,12,2,3,1,0,18,0.6666666666666666
4379,12,1,3,1,0,17,0.7058823529411765
4380,13,2,3,1,0,19,0.6842105263157895
4381,12,3,3,1,0,19,0.631578947368421
4382,11,1,3,1,0,16,0.6875
4383,12,2,3,1,0,18,0.6666666666666666
4384,13,1,3,1,0,18,0.7222222222222222
4385,10,1,3,1,0,15,0.6666666666666666
4386,13,1,3,1,0,18,0.7222222222222222
4387,12,1,3,1,0,17,0.7058823529411765
4388,11,1,3,1,0,16,0.6875
4389,11,1,3,1,0,16,0.6875
4390,12,1,3,1,0,17,0.7058823529411765
4391,11,1,3,1,0,16,0.6875
4392,11,1,3,1,0,16,0.6875
4393,13,1,3,1,0,18,0.7222222222222222
4394,12,1,2,1,0,16,0.75
4395,11,1,3,1,0,16,0.6875
4396,12,2,3,1,0,18,0.6666666666666666
4397,13,2,3,1,0,19,0.6842105263157895
4398,11,1,2,1,0,15,0.7333333333333333
4399,12,2,3,1,0,18,0.6666666666666666
4400,12,1,3,1,0,17,0.7058823529411765
4401,13,3,3,1,0,20,0.65
4402,11,2,3,1,0,17,0.6470588235294118
4403,12,1,2,1,0,16,0.75
4404,10,1,3,1,0,15,0.6666666666666666
4405,11,1,3,1,0,16,0.6875
4406,12,2,3,1,0,18,0.6666666666666666
4407,11,0,3,1,0,15,0.7333333333333333
4408,13,1,3,1,0,18,0.7222222222222222
4409,12,1,3,1,0,17,0.7058823529411765
4410,12,1,4,1,0,18,0.6666666666666666
4411,13,2,3,1,0,19,0.6842105263157895
4412,13,0,3,1,0,17,0.7647058823529411
4413,11,1,4,1,0,17,0.6470588235294118
4414,12,1,4,1,0,18,0.6666666666666666
4415,12,1,4,1,0,18,0.6666666666666666
4416,13,1,4,1,0,19,0.6842105263157895
4417,11,0,3,1,0,15,0.7333333333333333
4418,10,0,4,1,0,15,0.6666666666666666
4419,9,0,4,1,0,14,0.6428571428571429
4420,10,1,3,1,0,15,0.6666666666666666
4421,10,1,4,1,0,16,0.625
4422,10,1,4,1,0,16,0.625
4423,9,2,3,1,0,15,0.6
4424,11,1,3,1,0,16,0.6875
4425,9,1,4,1,0,15,0.6
4426,11,1,4,1,0,17,0.6470588235294118
4427,10,1,4,1,0,16,0.625
4428,13,1,3,1,0,18,0.7222222222222222
4429,13,1,4,1,0,19,0.6842105263157895
4430,11,1,4,1,0,17,0.6470588235294118
4431,11,3,3,1,0,18,0.6111111111111112
4432,10,1,3,1,0,15,0.6666666666666666
4433,12,1,3,1,0,17,0.7058823529411765
4434,13,1,3,1,0,18,0.7222222222222222
4435,11,1,3,1,0,16,0.6875
4436,9,1,3,1,0,14,0.6428571428571429
4437,12,1,4,1,0,18,0.6666666666666666
4438,12,1,4,1,0,18,0.6666666666666666
4439,11,1,3,1,0,16,0.6875
4440,12,0,4,1,0,17,0.7058823529411765
4441,12,1,3,1,0,17,0.7058823529411765
4442,12,1,2,1,0,16,0.75
4443,12,1,4,1,0,18,0.6666666666666666
4444,11,1,3,1,0,16,0.6875
4445,12,1,3,1,0,17,0.7058823529411765
4446,11,1,4,1,0,17,0.6470588235294118
4447,12,1,3,1,0,17,0.7058823529411765
4448,14,1,3,1,0,19,0.7368421052631579
4449,12,1,4,1,0,18,0.6666666666666666
4450,14,2,3,1,0,20,0.7
4451,12,1,4,1,0,18,0.6666666666666666
4452,13,1,3,1,0,18,0.7222222222222222
4453,12,1,4,1,0,18,0.6666666666666666
4454,13,1,3,1,0,18,0.7222222222222222
4455,14,2,3,1,0,20,0.7
4456,14,1,3,1,0,19,0.7368421052631579
4457,15,1,2,1,0,19,0.7894736842105263
4458,14,2,3,1,0,20,0.7
4459,11,2,3,1,0,17,0.6470588235294118
4460,13,1,4,1,0,19,0.6842105263157895
4461,11,2,3,1,0,17,0.6470588235294118
4462,14,1,3,1,0,19,0.7368421052631579
4463,14,2,3,1,0,20,0.7
4464,14,2,3,1,0,20,0.7
4465,16,2,3,1,0,22,0.7272727272727273
4466,13,2,3,1,0,19,0.6842105263157895
4467,14,2,3,1,0,20,0.7
4468,14,2,2,2,0,20,0.7
4469,14,2,2,1,0,19,0.7368421052631579
4470,11,1,3,1,0,16,0.6875
4471,14,1,2,2,0,19,0.7368421052631579
4472,14,2,2,1,0,19,0.7368421052631579
4473,13,1,2,1,0,17,0.7647058823529411
4474,10,2,2,1,0,15,0.6666666666666666
4475,11,2,3,1,0,17,0.6470588235294118
4476,13,2,3,1,0,19,0.6842105263157895
4477,14,2,3,1,0,20,0.7
4478,13,1,3,1,0,18,0.7222222222222222
4479,13,1,3,1,0,18,0.7222222222222222
4480,12,2,2,2,0,18,0.6666666666666666
4481,13,1,2,1,0,17,0.7647058823529411
4482,13,2,2,2,0,19,0.6842105263157895
4483,13,2,3,2,0,20,0.65
4484,15,2,2,2,0,21,0.7142857142857143
4485,12,2,3,1,0,18,0.6666666666666666
4486,13,2,3,1,0,19,0.6842105263157895
4487,14,2,3,2,0,21,0.6666666666666666
4488,15,2,3,1,0,21,0.7142857142857143
4489,13,2,2,2,0,19,0.6842105263157895
4490,13,2,3,2,0,20,0.65
4491,14,2,3,2,0,21,0.6666666666666666
4492,13,2,3,1,0,19,0.6842105263157895
4493,14,2,3,2,0,21,0.6666666666666666
4494,14,2,2,2,0,20,0.7
4495,13,2,2,1,0,18,0.7222222222222222
4496,13,2,2,2,0,19,0.6842105263157895
4497,15,2,2,1,0,20,0.75
4498,14,2,2,2,0,20,0.7
4499,14,2,1,2,0,19,0.7368421052631579
4500,14,2,2,2,0,20,0.7
4501,14,2,2,1,0,19,0.7368421052631579
4502,13,2,2,1,0,18,0.7222222222222222
4503,14,2,2,2,0,20,0.7
4504,12,2,2,1,0,17,0.7058823529411765
4505,13,2,2,2,0,19,0.6842105263157895
4506,12,2,1,1,0,16,0.75
4507,14,2,2,2,0,20,0.7
4508,11,2,2,2,0,17,0.6470588235294118
4509,12,1,2,2,0,17,0.7058823529411765
4510,13,1,2,1,0,17,0.7647058823529411
4511,12,2,2,1,0,17,0.7058823529411765
4512,12,2,2,2,0,18,0.6666666666666666
4513,12,1,2,2,0,17,0.7058823529411765
4514,12,2,2,2,0,18,0.6666666666666666
4515,13,2,2,1,0,18,0.7222222222222222
4516,13,2,2,2,0,19,0.6842105263157895
4517,12,2,2,2,0,18,0.6666666666666666
4518,13,2,2,2,0,19,0.6842105263157895
4519,13,1,2,2,0,18,0.7222222222222222
4520,13,1,2,2,0,18,0.7222222222222222
4521,13,2,2,2,0,19,0.6842105263157895
4522,11,1,2,2,0,16,0.6875
4523,11,2,2,2,0,17,0.6470588235294118
4524,13,2,2,2,0,19,0.6842105263157895
4525,12,2,2,2,0,18,0.6666666666666666
4526,11,2,2,2,0,17,0.6470588235294118
4527,15,1,2,2,0,20,0.75
4528,15,2,2,1,0,20,0.75
4529,14,2,2,1,0,19,0.7368421052631579
4530,14,2,2,2,0,20,0.7
4531,13,2,1,2,0,18,0.7222222222222222
4532,12,2,2,2,0,18,0.6666666666666666
4533,12,2,2,2,0,18,0.6666666666666666
4534,14,2,1,2,0,19,0.7368421052631579
4535,12,2,2,2,0,18,0.6666666666666666
4536,12,2,2,2,0,18,0.6666666666666666
4537,12,2,2,1,0,17,0.7058823529411765
4538,14,2,2,2,0,20,0.7
4539,13,2,2,1,0,18,0.7222222222222222
4540,12,2,2,1,0,17,0.7058823529411765
4541,12,2,2,2,0,18,0.6666666666666666
4542,12,2,2,1,0,17,0.7058823529411765
4543,12,2,2,2,0,18,0.6666666666666666
4544,11,2,2,2,0,17,0.6470588235294118
4545,13,2,2,2,0,19,0.6842105263157895
4546,13,2,2,2,0,19,0.6842105263157895
4547,13,2,2,2,0,19,0.6842105263157895
4548,13,2,2,1,0,18,0.7222222222222222
4549,14,2,2,1,0,19,0.7368421052631579
4550,11,2,2,2,0,17,0.6470588235294118
4551,11,1,2,1,0,15,0.7333333333333333
4552,12,2,2,2,0,18,0.6666666666666666
4553,12,2,2,1,0,17,0.7058823529411765
4554,10,2,2,2,0,16,0.625
4555,13,2,2,2,0,19,0.6842105263157895
4556,12,2,2,1,0,17,0.7058823529411765
4557,12,2,2,2,0,18,0.6666666666666666
4558,14,2,2,2,0,20,0.7
4559,13,2,2,2,0,19,0.6842105263157895
4560,14,2,2,2,0,20,0.7
4561,13,2,2,2,0,19,0.6842105263157895
4562,12,2,1,2,0,17,0.7058823529411765
4563,14,1,2,2,0,19,0.7368421052631579
4564,13,2,2,2,0,19,0.6842105263157895
4565,13,2,2,2,0,19,0.6842105263157895
4566,13,2,2,1,0,18,0.7222222222222222
4567,14,2,2,2,0,20,0.7
4568,12,2,1,1,0,16,0.75
4569,14,3,2,2,0,21,0.6666666666666666
4570,13,2,2,1,0,18,0.7222222222222222
4571,12,2,2,2,0,18,0.6666666666666666
4572,13,2,1,2,0,18,0.7222222222222222
4573,12,2,2,2,0,18,0.6666666666666666
4574,12,2,2,2,0,18,0.6666666666666666
4575,11,2,2,1,0,16,0.6875
4576,13,2,2,1,0,18,0.7222222222222222
4577,12,2,2,1,0,17,0.7058823529411765
4578,13,2,2,1,0,18,0.7222222222222222
4579,12,2,2,2,0,18,0.6666666666666666
4580,14,2,2,2,0,20,0.7
4581,12,2,2,2,0,18,0.6666666666666666
4582,13,2,1,2,0,18,0.7222222222222222
4583,14,2,2,2,0,20,0.7
4584,13,2,2,2,0,19,0.6842105263157895
4585,13,2,2,2,0,19,0.6842105263157895
4586,14,2,1,2,0,19,0.7368421052631579
4587,12,2,2,1,0,17,0.7058823529411765
4588,11,2,2,1,0,16,0.6875
4589,10,2,2,2,0,16,0.625
4590,12,2,2,2,0,18,0.6666666666666666
4591,13,2,1,2,0,18,0.7222222222222222
4592,14,2,1,2,0,19,0.7368421052631579
4593,14,2,1,2,0,19,0.7368421052631579
4594,13,3,1,2,0,19,0.6842105263157895
4595,13,3,1,2,0,19,0.6842105263157895
4596,14,2,2,2,0,20,0.7
4597,15,3,1,2,0,21,0.7142857142857143
4598,14,3,1,2,0,20,0.7
4599,14,2,0,2,0,18,0.7777777777777778
4600,13,2,1,2,0,18,0.7222222222222222
4601,13,2,1,2,0,18,0.7222222222222222
4602,15,2,1,2,0,20,0.75
4603,14,2,2,2,0,20,0.7
4604,14,2,2,2,0,20,0.7
4605,11,2,2,2,0,17,0.6470588235294118
4606,14,2,2,2,0,20,0.7
4607,14,2,2,2,0,20,0.7
4608,13,2,2,2,0,19,0.6842105263157895
4609,14,2,2,2,0,20,0.7
4610,13,2,1,2,0,18,0.7222222222222222
4611,14,2,2,2,0,20,0.7
4612,12,2,1,2,0,17,0.7058823529411765
4613,13,2,2,2,0,19,0.6842105263157895
4614,14,2,2,1,0,19,0.7368421052631579
4615,12,2,1,1,0,16,0.75
4616,12,2,2,2,0,18,0.6666666666666666
4617,14,2,1,2,0,19,0.7368421052631579
4618,13,2,2,2,0,19,0.6842105263157895
4619,14,1,2,2,0,19,0.7368421052631579
4620,12,2,2,2,0,18,0.6666666666666666
4621,14,2,2,2,0,20,0.7
4622,11,2,2,1,0,16,0.6875
4623,13,2,2,2,0,19,0.6842105263157895
4624,13,2,2,2,0,19,0.6842105263157895
4625,13,1,2,1,0,17,0.7647058823529411
4626,14,2,2,2,0,20,0.7
4627,13,2,2,2,0,19,0.6842105263157895
4628,13,2,2,2,0,19,0.6842105263157895
4629,13,2,2,2,0,19,0.6842105263157895
4630,14,2,2,2,0,20,0.7
4631,13,2,2,2,0,19,0.6842105263157895
4632,13,2,2,2,0,19,0.6842105263157895
4633,12,2,2,2,0,18,0.6666666666666666
4634,15,2,2,2,0,21,0.7142857142857143
4635,13,3,2,2,0,20,0.65
4636,13,2,2,2,0,19,0.6842105263157895
4637,12,2,2,2,0,18,0.6666666666666666
4638,13,1,1,2,0,17,0.7647058823529411
4639,14,2,2,2,0,20,0.7
4640,12,2,2,2,0,18,0.6666666666666666
4641,12,2,2,2,0,18,0.6666666666666666
4642,12,3,2,2,0,19,0.631578947368421
4643,12,2,2,1,0,17,0.7058823529411765
4644,13,2,2,2,0,19,0.6842105263157895
4645,13,2,2,1,0,18,0.7222222222222222
4646,11,2,2,1,0,16,0.6875
4647,12,1,2,1,0,16,0.75
4648,13,1,2,1,0,17,0.7647058823529411
4649,12,2,2,2,0,18,0.6666666666666666
4650,14,2,2,2,0,20,0.7
4651,14,2,2,2,0,20,0.7
4652,13,2,2,2,0,19,0.6842105263157895
4653,13,2,2,2,0,19,0.6842105263157895
4654,12,2,2,2,0,18,0.6666666666666666
4655,11,2,2,1,0,16,0.6875
4656,14,2,2,1,0,19,0.7368421052631579
4657,13,2,2,2,0,19,0.6842105263157895
4658,14,2,2,1,0,19,0.7368421052631579
4659,15,2,2,1,0,20,0.75
4660,13,2,2,2,0,19,0.6842105263157895
4661,13,2,1,2,0,18,0.7222222222222222
4662,11,1,2,1,0,15,0.7333333333333333
4663,14,2,2,2,0,20,0.7
4664,13,2,2,2,0,19,0.6842105263157895
4665,11,2,2,1,0,16,0.6875
4666,13,2,2,2,0,19,0.6842105263157895
4667,13,2,2,2,0,19,0.6842105263157895
4668,12,2,2,2,0,18,0.6666666666666666
4669,13,2,2,2,0,19,0.6842105263157895
4670,12,2,2,2,0,18,0.6666666666666666
4671,13,2,2,1,0,18,0.7222222222222222
4672,13,2,2,2,0,19,0.6842105263157895
4673,12,2,2,2,0,18,0.6666666666666666
4674,12,2,2,1,0,17,0.7058823529411765
4675,14,2,1,2,0,19,0.7368421052631579
4676,14,2,1,2,0,19,0.7368421052631579
4677,11,2,2,2,0,17,0.6470588235294118
4678,12,2,2,2,0,18,0.6666666666666666
4679,10,2,2,2,0,16,0.625
4680,14,1,2,2,0,19,0.7368421052631579
4681,12,1,1,1,0,15,0.8
4682,14,1,2,2,0,19,0.7368421052631579
4683,14,2,2,2,0,20,0.7
4684,11,2,2,2,0,17,0.6470588235294118
4685,15,1,2,2,0,20,0.75
4686,14,2,2,2,0,20,0.7
4687,13,2,2,1,0,18,0.7222222222222222
4688,14,2,2,2,0,20,0.7
4689,14,1,2,2,0,19,0.7368421052631579
4690,11,2,2,2,0,17,0.6470588235294118
4691,12,2,1,2,0,17,0.7058823529411765
4692,13,2,2,2,0,19,0.6842105263157895
4693,11,2,2,1,0,16,0.6875
4694,13,2,2,1,0,18,0.7222222222222222
4695,11,3,0,2,0,16,0.6875
4696,13,2,2,1,0,18,0.7222222222222222
4697,13,2,2,2,0,19,0.6842105263157895
4698,12,3,1,1,0,17,0.7058823529411765
4699,13,2,2,2,0,19,0.6842105263157895
4700,13,2,2,2,0,19,0.6842105263157895
4701,15,2,2,2,0,21,0.7142857142857143
4702,14,2,2,2,0,20,0.7
4703,15,2,2,2,0,21,0.7142857142857143
4704,12,2,2,1,0,17,0.7058823529411765
4705,12,2,2,2,0,18,0.6666666666666666
4706,13,2,2,2,0,19,0.6842105263157895
4707,13,2,2,2,0,19,0.6842105263157895
4708,14,2,2,1,0,19,0.7368421052631579
4709,12,2,2,2,0,18,0.6666666666666666
4710,13,2,2,1,0,18,0.7222222222222222
4711,12,2,1,2,0,17,0.7058823529411765
4712,14,2,2,2,0,20,0.7
4713,14,2,2,2,0,20,0.7
4714,14,2,2,2,0,20,0.7
4715,13,2,2,2,0,19,0.6842105263157895
4716,13,2,2,2,0,19,0.6842105263157895
4717,11,2,1,2,0,16,0.6875
4718,12,2,2,2,0,18,0.6666666666666666
4719,14,2,2,2,0,20,0.7
4720,14,2,2,1,0,19,0.7368421052631579
4721,13,2,1,2,0,18,0.7222222222222222
4722,13,2,2,2,0,19,0.6842105263157895
4723,13,2,2,2,0,19,0.6842105263157895
4724,14,2,2,2,0,20,0.7
4725,13,2,2,1,0,18,0.7222222222222222
4726,14,2,2,2,0,20,0.7
4727,13,2,2,2,0,19,0.6842105263157895
4728,11,2,2,2,0,17,0.6470588235294118
4729,11,2,2,2,0,17,0.6470588235294118
4730,13,2,2,2,0,19,0.6842105263157895
4731,13,2,2,2,0,19,0.6842105263157895
4732,13,2,2,2,0,19,0.6842105263157895
4733,13,2,2,2,0,19,0.6842105263157895
4734,14,2,2,2,0,20,0.7
4735,14,1,2,2,0,19,0.7368421052631579
4736,13,2,2,2,0,19,0.6842105263157895
4737,13,2,2,2,0,19,0.6842105263157895
4738,13,2,2,2,0,19,0.6842105263157895
4739,14,2,2,2,0,20,0.7
4740,12,2,1,2,0,17,0.7058823529411765
4741,12,2,2,2,0,18,0.6666666666666666
4742,13,3,2,2,0,20,0.65
4743,14,1,2,2,0,19,0.7368421052631579
4744,12,2,2,1,0,17,0.7058823529411765
4745,13,2,2,2,0,19,0.6842105263157895
4746,12,2,2,2,0,18,0.6666666666666666
4747,12,1,2,1,0,16,0.75
4748,14,2,2,2,0,20,0.7
4749,14,2,2,2,0,20,0.7
4750,14,2,2,2,0,20,0.7
4751,13,1,2,2,0,18,0.7222222222222222
4752,13,1,2,2,0,18,0.7222222222222222
4753,12,2,2,2,0,18,0.6666666666666666
4754,12,2,2,1,0,17,0.7058823529411765
4755,13,2,2,2,0,19,0.6842105263157895
4756,14,2,2,2,0,20,0.7
4757,13,2,2,2,0,19,0.6842105263157895
4758,13,1,2,1,0,17,0.7647058823529411
4759,12,2,1,2,0,17,0.7058823529411765
4760,13,2,2,1,0,18,0.7222222222222222
4761,12,2,2,2,0,18,0.6666666666666666
4762,12,2,2,1,0,17,0.7058823529411765
4763,10,2,2,2,0,16,0.625
4764,13,2,2,1,0,18,0.7222222222222222
4765,12,2,2,1,0,17,0.7058823529411765
4766,11,2,2,2,0,17,0.6470588235294118
4767,12,2,2,2,0,18,0.6666666666666666
4768,12,2,2,1,0,17,0.7058823529411765
4769,12,2,2,1,0,17,0.7058823529411765
4770,13,2,2,2,0,19,0.6842105263157895
4771,13,2,2,2,0,19,0.6842105263157895
4772,13,2,2,1,0,18,0.7222222222222222
4773,15,2,2,1,0,20,0.75
4774,14,2,2,2,0,20,0.7
4775,10,1,2,1,0,14,0.7142857142857143
4776,15,2,2,1,0,20,0.75
4777,13,2,2,2,0,19,0.6842105263157895
4778,10,2,2,2,0,16,0.625
4779,12,2,2,1,0,17,0.7058823529411765
4780,14,2,2,2,0,20,0.7
4781,11,2,2,1,0,16,0.6875
4782,15,2,2,2,0,21,0.7142857142857143
4783,12,2,2,2,0,18,0.6666666666666666
4784,13,2,2,2,0,19,0.6842105263157895
4785,14,2,1,2,0,19,0.7368421052631579
4786,12,2,2,2,0,18,0.6666666666666666
4787,13,2,2,2,0,19,0.6842105263157895
4788,15,2,2,2,0,21,0.7142857142857143
4789,15,2,2,2,0,21,0.7142857142857143
4790,15,2,2,2,0,21,0.7142857142857143
4791,13,2,2,1,0,18,0.7222222222222222
4792,14,1,2,1,0,18,0.7777777777777778
4793,12,2,1,1,0,16,0.75
4794,13,1,1,1,0,16,0.8125
4795,13,2,2,2,0,19,0.6842105263157895
4796,13,2,3,1,0,19,0.6842105263157895
4797,15,2,2,2,0,21,0.7142857142857143
4798,13,2,2,2,0,19,0.6842105263157895
4799,13,2,2,1,0,18,0.7222222222222222
4800,13,2,1,1,0,17,0.7647058823529411
4801,13,2,1,2,0,18,0.7222222222222222
4802,14,2,2,2,0,20,0.7
4803,14,2,1,2,0,19,0.7368421052631579
4804,14,2,2,2,0,20,0.7
4805,16,2,2,1,0,21,0.7619047619047619
4806,13,2,2,1,0,18,0.7222222222222222
4807,15,2,2,2,0,21,0.7142857142857143
4808,12,2,2,1,0,17,0.7058823529411765
4809,14,2,2,1,0,19,0.7368421052631579
4810,13,2,2,2,0,19,0.6842105263157895
4811,14,2,2,1,0,19,0.7368421052631579
4812,12,2,2,2,0,18,0.6666666666666666
4813,15,2,2,2,0,21,0.7142857142857143
4814,14,2,2,2,0,20,0.7
4815,16,2,2,2,0,22,0.7272727272727273
4816,15,1,2,2,0,20,0.75
4817,13,1,2,1,0,17,0.7647058823529411
4818,14,2,2,1,0,19,0.7368421052631579
4819,14,2,2,2,0,20,0.7
4820,15,1,2,2,0,20,0.75
4821,15,2,2,2,0,21,0.7142857142857143
4822,14,2,2,2,0,20,0.7
4823,14,1,2,2,0,19,0.7368421052631579
4824,14,2,2,2,0,20,0.7
4825,15,2,2,2,0,21,0.7142857142857143
4826,12,2,2,1,0,17,0.7058823529411765
4827,14,2,2,2,0,20,0.7
4828,13,2,1,1,0,17,0.7647058823529411
4829,14,2,2,2,0,20,0.7
4830,12,2,2,2,0,18,0.6666666666666666
4831,12,2,1,2,0,17,0.7058823529411765
4832,11,2,2,2,0,17,0.6470588235294118
4833,13,1,2,2,0,18,0.7222222222222222
4834,12,1,2,2,0,17,0.7058823529411765
4835,14,2,2,2,0,20,0.7
4836,12,2,2,2,0,18,0.6666666666666666
4837,13,2,1,1,0,17,0.7647058823529411
4838,13,2,2,2,0,19,0.6842105263157895
4839,13,1,2,1,0,17,0.7647058823529411
4840,12,1,2,1,0,16,0.75
4841,13,2,2,2,0,19,0.6842105263157895
4842,12,2,2,2,0,18,0.6666666666666666
4843,13,1,1,2,0,17,0.7647058823529411
4844,13,1,2,2,0,18,0.7222222222222222
4845,11,2,2,2,0,17,0.6470588235294118
4846,14,2,2,2,0,20,0.7
4847,13,2,2,2,0,19,0.6842105263157895
4848,9,2,3,2,0,16,0.5625
4849,13,1,2,2,0,18,0.7222222222222222
4850,11,1,2,2,0,16,0.6875
4851,12,2,2,2,0,18,0.6666666666666666
4852,13,2,2,2,0,19,0.6842105263157895
4853,12,2,2,1,0,17,0.7058823529411765
4854,10,2,1,2,0,15,0.6666666666666666
4855,11,2,2,2,0,17,0.6470588235294118
4856,11,2,3,1,0,17,0.6470588235294118
4857,12,2,3,2,0,19,0.631578947368421
4858,13,2,2,2,0,19,0.6842105263157895
4859,13,1,3,1,0,18,0.7222222222222222
4860,12,1,2,2,0,17,0.7058823529411765
4861,12,1,2,1,0,16,0.75
4862,11,1,3,1,0,16,0.6875
4863,11,1,3,1,0,16,0.6875
4864,12,2,3,1,0,18,0.6666666666666666
4865,13,2,2,2,0,19,0.6842105263157895
4866,12,2,3,2,0,19,0.631578947368421
4867,11,1,2,2,0,16,0.6875
4868,12,2,3,2,0,19,0.631578947368421
4869,12,2,3,1,0,18,0.6666666666666666
4870,14,1,3,1,0,19,0.7368421052631579
4871,12,2,1,2,0,17,0.7058823529411765
4872,12,2,3,1,0,18,0.6666666666666666
4873,12,2,3,2,0,19,0.631578947368421
4874,14,2,3,2,0,21,0.6666666666666666
4875,12,2,3,1,0,18,0.6666666666666666
4876,13,2,3,1,0,19,0.6842105263157895
4877,13,1,3,1,0,18,0.7222222222222222
4878,12,1,3,1,0,17,0.7058823529411765
4879,12,2,2,2,0,18,0.6666666666666666
4880,12,2,3,2,0,19,0.631578947368421
4881,11,1,3,1,0,16,0.6875
4882,13,2,3,2,0,20,0.65
4883,13,2,3,2,0,20,0.65
4884,14,1,3,1,0,19,0.7368421052631579
4885,13,1,3,2,0,19,0.6842105263157895
4886,12,2,2,1,0,17,0.7058823529411765
4887,14,2,3,1,0,20,0.7
4888,11,2,3,2,0,18,0.6111111111111112
4889,12,2,3,1,0,18,0.6666666666666666
4890,12,1,3,1,0,17,0.7058823529411765
4891,15,2,2,2,0,21,0.7142857142857143
4892,14,2,3,2,0,21,0.6666666666666666
4893,12,2,2,2,0,18,0.6666666666666666
4894,11,2,3,2,0,18,0.6111111111111112
4895,12,2,3,2,0,19,0.631578947368421
4896,12,1,1,1,0,15,0.8
4897,11,3,2,1,0,17,0.6470588235294118
4898,12,2,2,1,0,17,0.7058823529411765
4899,11,1,2,1,0,15,0.7333333333333333
4900,12,1,3,2,0,18,0.6666666666666666
4901,13,1,3,2,0,19,0.6842105263157895
4902,11,1,3,2,0,17,0.6470588235294118
4903,11,2,3,2,0,18,0.6111111111111112
4904,11,2,3,2,0,18,0.6111111111111112
4905,11,2,2,2,0,17,0.6470588235294118
4906,10,1,2,1,0,14,0.7142857142857143
4907,12,1,2,1,0,16,0.75
4908,11,1,2,2,0,16,0.6875
4909,12,2,3,2,0,19,0.631578947368421
4910,12,2,2,2,0,18,0.6666666666666666
4911,13,1,2,2,0,18,0.7222222222222222
4912,10,2,3,2,0,17,0.5882352941176471
4913,12,1,3,2,0,18,0.6666666666666666
4914,12,2,3,2,0,19,0.631578947368421
4915,11,1,3,2,0,17,0.6470588235294118
4916,14,2,3,2,0,21,0.6666666666666666
4917,11,1,2,1,0,15,0.7333333333333333
4918,14,2,3,2,0,21,0.6666666666666666
4919,13,1,3,2,0,19,0.6842105263157895
4920,12,1,3,2,0,18,0.6666666666666666
4921,12,1,3,2,0,18,0.6666666666666666
4922,11,2,3,2,0,18,0.6111111111111112
4923,13,2,3,2,0,20,0.65
4924,11,2,3,2,0,18,0.6111111111111112
4925,13,2,3,2,0,20,0.65
4926,12,2,2,2,0,18,0.6666666666666666
4927,12,2,2,2,0,18,0.6666666666666666
4928,12,2,2,2,0,18,0.6666666666666666
4929,12,2,3,2,0,19,0.631578947368421
4930,13,2,2,2,0,19,0.6842105263157895
4931,11,2,2,2,0,17,0.6470588235294118
4932,13,1,3,2,0,19,0.6842105263157895
4933,11,2,3,1,0,17,0.6470588235294118
4934,13,2,3,2,0,20,0.65
4935,12,2,2,2,0,18,0.6666666666666666
4936,12,2,3,2,0,19,0.631578947368421
4937,13,1,3,2,0,19,0.6842105263157895
4938,13,2,3,2,0,20,0.65
4939,10,2,3,2,0,17,0.5882352941176471
4940,13,1,3,2,0,19,0.6842105263157895
4941,12,1,3,2,0,18,0.6666666666666666
4942,13,2,3,1,0,19,0.6842105263157895
4943,13,2,3,2,0,20,0.65
4944,13,1,3,2,0,19,0.6842105263157895
4945,11,2,3,2,0,18,0.6111111111111112
4946,12,3,2,2,0,19,0.631578947368421
4947,12,2,3,1,0,18,0.6666666666666666
4948,13,2,2,2,0,19,0.6842105263157895
4949,15,2,3,2,0,22,0.6818181818181818
4950,14,1,3,2,0,20,0.7
4951,12,1,3,2,0,18,0.6666666666666666
4952,15,1,3,2,0,21,0.7142857142857143
4953,11,2,3,2,0,18,0.6111111111111112
4954,13,2,3,2,0,20,0.65
4955,12,2,3,2,0,19,0.631578947368421
4956,11,2,3,1,0,17,0.6470588235294118
4957,11,2,3,2,0,18,0.6111111111111112
4958,12,1,3,1,0,17,0.7058823529411765
4959,13,2,3,2,0,20,0.65
4960,13,2,3,2,0,20,0.65
4961,11,2,3,2,0,18,0.6111111111111112
4962,14,1,3,2,0,20,0.7
4963,13,2,3,1,0,19,0.6842105263157895
4964,12,1,2,2,0,17,0.7058823529411765
4965,13,2,3,2,0,20,0.65
4966,13,1,3,1,0,18,0.7222222222222222
4967,13,2,3,1,0,19,0.6842105263157895
4968,14,2,2,1,0,19,0.7368421052631579
4969,14,2,3,1,0,20,0.7
4970,13,2,3,1,0,19,0.6842105263157895
4971,14,2,3,1,0,20,0.7
4972,13,1,3,1,0,18,0.7222222222222222
4973,12,2,2,1,0,17,0.7058823529411765
4974,11,2,3,1,0,17,0.6470588235294118
4975,12,1,3,1,0,17,0.7058823529411765
4976,12,2,3,1,0,18,0.6666666666666666
4977,12,1,3,2,0,18,0.6666666666666666
4978,14,2,2,2,0,20,0.7
4979,12,2,3,1,0,18,0.6666666666666666
4980,12,2,3,2,0,19,0.631578947368421
4981,13,2,3,1,0,19,0.6842105263157895
4982,13,2,3,1,0,19,0.6842105263157895
4983,13,2,2,1,0,18,0.7222222222222222
4984,13,2,2,1,0,18,0.7222222222222222
4985,13,2,3,1,0,19,0.6842105263157895
4986,15,1,3,1,0,20,0.75
4987,14,1,3,1,0,19,0.7368421052631579
4988,13,2,2,1,0,18,0.7222222222222222
4989,13,2,2,2,0,19,0.6842105263157895
4990,15,2,3,2,0,22,0.6818181818181818
4991,14,2,3,2,0,21,0.6666666666666666
4992,14,2,3,2,0,21,0.6666666666666666
4993,13,2,2,2,0,19,0.6842105263157895
4994,14,3,2,2,0,21,0.6666666666666666
4995,15,3,3,2,0,23,0.6521739130434783
4996,13,2,1,2,0,18,0.7222222222222222
4997,14,2,1,2,0,19,0.7368421052631579
4998,14,3,2,2,0,21,0.6666666666666666
4999,14,3,1,2,0,20,0.7
5000,14,2,2,2,0,20,0.7
5001,14,2,3,2,0,21,0.6666666666666666
5002,14,3,3,2,0,22,0.6363636363636364
5003,14,2,2,2,0,20,0.7
5004,13,3,2,2,0,20,0.65
5005,13,2,3,2,0,20,0.65
5006,14,3,2,2,0,21,0.6666666666666666
5007,14,3,3,2,0,22,0.6363636363636364
5008,12,3,1,2,0,18,0.6666666666666666
5009,14,2,1,2,0,19,0.7368421052631579
5010,14,2,2,2,0,20,0.7
5011,14,3,3,2,0,22,0.6363636363636364
5012,14,2,3,2,0,21,0.6666666666666666
5013,14,1,3,2,0,20,0.7
5014,13,3,3,2,0,21,0.6190476190476191
5015,14,3,3,2,0,22,0.6363636363636364
5016,15,3,3,2,0,23,0.6521739130434783
5017,13,2,3,2,0,20,0.65
5018,13,3,3,2,0,21,0.6190476190476191
5019,14,3,3,2,0,22,0.6363636363636364
5020,13,3,3,2,0,21,0.6190476190476191
5021,12,3,3,2,0,20,0.6
5022,13,3,2,2,0,20,0.65
5023,12,1,3,2,0,18,0.6666666666666666
5024,13,3,1,2,0,19,0.6842105263157895
5025,14,3,2,2,0,21,0.6666666666666666
5026,13,3,2,2,0,20,0.65
5027,13,2,2,2,0,19,0.6842105263157895
5028,14,2,2,2,0,20,0.7
5029,13,3,2,2,0,20,0.65
5030,14,2,3,2,0,21,0.6666666666666666
5031,13,3,2,2,0,20,0.65
5032,13,2,3,2,0,20,0.65
5033,13,3,3,2,0,21,0.6190476190476191
5034,14,3,3,2,0,22,0.6363636363636364
5035,14,2,2,2,0,20,0.7
5036,13,1,3,2,0,19,0.6842105263157895
5037,13,2,3,2,0,20,0.65
5038,13,2,3,2,0,20,0.65
5039,14,3,3,2,0,22,0.6363636363636364
5040,14,2,3,2,0,21,0.6666666666666666
5041,13,3,3,2,0,21,0.6190476190476191
5042,13,2,2,2,0,19,0.6842105263157895
5043,12,1,2,2,0,17,0.7058823529411765
5044,14,2,2,2,0,20,0.7
5045,15,1,2,2,0,20,0.75
5046,14,3,3,2,0,22,0.6363636363636364
5047,14,3,1,2,0,20,0.7
5048,14,2,2,2,0,20,0.7
5049,14,1,2,2,0,19,0.7368421052631579
5050,13,2,3,2,0,20,0.65
5051,10,1,3,1,0,15,0.6666666666666666
5052,13,3,3,2,0,21,0.6190476190476191
5053,13,2,3,2,0,20,0.65
5054,13,1,3,2,0,19,0.6842105263157895
5055,13,2,3,2,0,20,0.65
5056,12,2,3,2,0,19,0.631578947368421
5057,13,2,3,1,0,19,0.6842105263157895
5058,12,1,2,1,0,16,0.75
5059,13,2,3,1,0,19,0.6842105263157895
5060,13,2,3,2,0,20,0.65
5061,13,2,3,1,0,19,0.6842105263157895
5062,11,1,3,1,0,16,0.6875
5063,11,2,3,2,0,18,0.6111111111111112
5064,11,2,3,1,0,17,0.6470588235294118
5065,11,2,2,1,0,16,0.6875
5066,12,1,3,1,0,17,0.7058823529411765
5067,13,2,2,1,0,18,0.7222222222222222
5068,11,2,2,1,0,16,0.6875
5069,12,2,3,1,0,18,0.6666666666666666
5070,12,2,3,1,0,18,0.6666666666666666
5071,13,2,3,1,0,19,0.6842105263157895
5072,12,2,3,2,0,19,0.631578947368421
5073,12,2,3,2,0,19,0.631578947368421
5074,15,1,3,1,0,20,0.75
5075,12,2,2,1,0,17,0.7058823529411765
5076,10,2,3,2,0,17,0.5882352941176471
5077,13,2,3,2,0,20,0.65
5078,14,1,3,1,0,19,0.7368421052631579
5079,12,1,3,1,0,17,0.7058823529411765
5080,13,2,3,2,0,20,0.65
5081,13,2,3,1,0,19,0.6842105263157895
5082,11,1,3,1,0,16,0.6875
5083,15,2,3,1,0,21,0.7142857142857143
5084,14,1,2,2,0,19,0.7368421052631579
5085,12,2,3,1,0,18,0.6666666666666666
5086,10,1,3,1,0,15,0.6666666666666666
5087,14,2,3,1,0,20,0.7
5088,14,2,3,1,0,20,0.7
5089,9,2,3,1,0,15,0.6
5090,12,2,2,1,0,17,0.7058823529411765
5091,13,1,3,1,0,18,0.7222222222222222
5092,11,2,3,1,0,17,0.6470588235294118
5093,13,2,2,1,0,18,0.7222222222222222
5094,11,2,3,1,0,17,0.6470588235294118
5095,13,1,3,1,0,18,0.7222222222222222
5096,13,1,3,1,0,18,0.7222222222222222
5097,11,2,3,1,0,17,0.6470588235294118
5098,12,2,3,1,0,18,0.6666666666666666
5099,13,2,3,1,0,19,0.6842105263157895
5100,13,1,2,1,0,17,0.7647058823529411
5101,12,2,3,2,0,19,0.631578947368421
5102,12,2,3,1,0,18,0.6666666666666666
5103,12,2,3,1,0,18,0.6666666666666666
5104,12,2,3,1,0,18,0.6666666666666666
5105,15,3,3,2,0,23,0.6521739130434783
5106,15,1,3,2,0,21,0.7142857142857143
5107,12,2,3,1,0,18,0.6666666666666666
5108,13,2,3,1,0,19,0.6842105263157895
5109,12,2,3,1,0,18,0.6666666666666666
5110,14,2,3,1,0,20,0.7
5111,13,2,3,1,0,19,0.6842105263157895
5112,12,2,3,1,0,18,0.6666666666666666
5113,14,2,3,1,0,20,0.7
5114,15,2,3,1,0,21,0.7142857142857143
5115,11,2,3,1,0,17,0.6470588235294118
5116,12,2,3,1,0,18,0.6666666666666666
5117,13,1,3,1,0,18,0.7222222222222222
5118,14,2,3,1,0,20,0.7
5119,14,2,3,1,0,20,0.7
5120,13,2,3,1,0,19,0.6842105263157895
5121,15,2,3,1,0,21,0.7142857142857143
5122,13,2,3,2,0,20,0.65
5123,12,2,2,1,0,17,0.7058823529411765
5124,13,1,3,1,0,18,0.7222222222222222
5125,13,2,3,1,0,19,0.6842105263157895
5126,12,1,3,1,0,17,0.7058823529411765
5127,15,2,3,1,0,21,0.7142857142857143
5128,15,2,3,2,0,22,0.6818181818181818
5129,13,2,3,1,0,19,0.6842105263157895
5130,14,2,3,2,0,21,0.6666666666666666
5131,12,2,3,2,0,19,0.631578947368421
5132,14,2,3,2,0,21,0.6666666666666666
5133,15,2,3,2,0,22,0.6818181818181818
5134,13,3,3,2,0,21,0.6190476190476191
5135,13,2,3,2,0,20,0.65
5136,14,2,2,1,0,19,0.7368421052631579
5137,15,2,3,2,0,22,0.6818181818181818
5138,13,2,3,2,0,20,0.65
5139,14,2,3,2,0,21,0.6666666666666666
5140,14,2,3,1,0,20,0.7
5141,13,2,2,1,0,18,0.7222222222222222
5142,14,1,3,2,0,20,0.7
5143,12,2,2,2,0,18,0.6666666666666666
5144,15,1,3,2,0,21,0.7142857142857143
5145,12,2,3,2,0,19,0.631578947368421
5146,14,1,3,1,0,19,0.7368421052631579
5147,14,2,3,2,0,21,0.6666666666666666
5148,14,1,3,2,0,20,0.7
5149,14,1,3,1,0,19,0.7368421052631579
5150,15,2,3,1,0,21,0.7142857142857143
5151,13,2,3,1,0,19,0.6842105263157895
5152,14,3,3,1,0,21,0.6666666666666666
5153,13,3,3,1,0,20,0.65
5154,14,2,3,1,0,20,0.7
5155,13,3,3,1,0,20,0.65
5156,11,2,3,1,0,17,0.6470588235294118
5157,14,2,3,2,0,21,0.6666666666666666
5158,13,2,3,2,0,20,0.65
5159,11,2,3,2,0,18,0.6111111111111112
5160,14,2,3,1,0,20,0.7
5161,13,2,3,1,0,19,0.6842105263157895
5162,13,2,3,1,0,19,0.6842105263157895
5163,12,2,3,1,0,18,0.6666666666666666
5164,15,2,2,1,0,20,0.75
5165,13,2,2,2,0,19,0.6842105263157895
5166,12,2,3,1,0,18,0.6666666666666666
5167,9,2,3,1,0,15,0.6
5168,14,2,3,2,0,21,0.6666666666666666
5169,12,2,3,1,0,18,0.6666666666666666
5170,13,2,2,2,0,19,0.6842105263157895
5171,16,2,3,1,0,22,0.7272727272727273
5172,13,2,2,1,0,18,0.7222222222222222
5173,14,2,3,1,0,20,0.7
5174,13,2,3,1,0,19,0.6842105263157895
5175,14,1,3,1,0,19,0.7368421052631579
5176,12,2,1,1,0,16,0.75
5177,11,1,2,1,0,15,0.7333333333333333
5178,10,2,2,1,0,15,0.6666666666666666
5179,13,2,3,1,0,19,0.6842105263157895
5180,13,2,3,1,0,19,0.6842105263157895
5181,12,2,3,1,0,18,0.6666666666666666
5182,12,2,3,1,0,18,0.6666666666666666
5183,14,2,2,1,0,19,0.7368421052631579
5184,11,2,3,2,0,18,0.6111111111111112
5185,12,2,3,2,0,19,0.631578947368421
5186,11,1,3,1,0,16,0.6875
5187,12,2,3,1,0,18,0.6666666666666666
5188,10,2,2,1,0,15,0.6666666666666666
5189,12,2,2,2,0,18,0.6666666666666666
5190,13,2,2,2,0,19,0.6842105263157895
5191,13,2,3,2,0,20,0.65
5192,12,1,3,1,0,17,0.7058823529411765
5193,12,2,3,2,0,19,0.631578947368421
5194,12,2,3,1,0,18,0.6666666666666666
5195,13,2,3,1,0,19,0.6842105263157895
5196,11,0,3,1,0,15,0.7333333333333333
5197,14,2,3,1,0,20,0.7
5198,10,2,2,1,0,15,0.6666666666666666
5199,12,2,3,1,0,18,0.6666666666666666
5200,15,2,3,2,0,22,0.6818181818181818
5201,12,2,3,2,0,19,0.631578947368421
5202,11,2,3,1,0,17,0.6470588235294118
5203,14,2,3,1,0,20,0.7
5204,13,1,3,1,0,18,0.7222222222222222
5205,12,2,3,2,0,19,0.631578947368421
5206,13,2,3,2,0,20,0.65
5207,13,3,3,2,0,21,0.6190476190476191
5208,12,3,1,2,0,18,0.6666666666666666
5209,14,3,3,2,0,22,0.6363636363636364
5210,14,2,3,2,0,21,0.6666666666666666
5211,13,2,3,2,0,20,0.65
5212,10,3,3,2,0,18,0.5555555555555556
5213,13,3,3,2,0,21,0.6190476190476191
5214,13,2,3,2,0,20,0.65
5215,11,2,3,1,0,17,0.6470588235294118
5216,13,1,3,2,0,19,0.6842105263157895
5217,12,2,3,2,0,19,0.631578947368421
5218,12,2,3,1,0,18,0.6666666666666666
5219,13,2,3,1,0,19,0.6842105263157895
5220,14,2,3,2,0,21,0.6666666666666666
5221,12,2,3,1,0,18,0.6666666666666666
5222,10,2,3,1,0,16,0.625
5223,11,2,3,1,0,17,0.6470588235294118
5224,14,1,3,2,0,20,0.7
5225,14,2,2,2,0,20,0.7
5226,13,2,3,2,0,20,0.65
5227,12,2,2,1,0,17,0.7058823529411765
5228,12,2,3,1,0,18,0.6666666666666666
5229,12,2,2,1,0,17,0.7058823529411765
5230,13,2,3,2,0,20,0.65
5231,11,3,3,2,0,19,0.5789473684210527
5232,14,1,2,2,0,19,0.7368421052631579
5233,14,3,3,2,0,22,0.6363636363636364
5234,14,2,3,2,0,21,0.6666666666666666
5235,13,3,2,2,0,20,0.65
5236,13,3,3,2,0,21,0.6190476190476191
5237,13,3,3,2,0,21,0.6190476190476191
5238,12,3,3,2,0,20,0.6
5239,12,2,2,2,0,18,0.6666666666666666
5240,12,2,2,2,0,18,0.6666666666666666
5241,11,3,3,2,0,19,0.5789473684210527
5242,10,3,3,2,0,18,0.5555555555555556
5243,13,3,3,2,0,21,0.6190476190476191
5244,14,2,3,2,0,21,0.6666666666666666
5245,13,3,3,2,0,21,0.6190476190476191
5246,12,3,3,2,0,20,0.6
5247,12,3,3,2,0,20,0.6
5248,13,2,3,2,0,20,0.65
5249,14,2,2,2,0,20,0.7
5250,12,3,3,2,0,20,0.6
5251,14,3,3,2,0,22,0.6363636363636364
5252,12,1,3,2,0,18,0.6666666666666666
5253,13,2,3,2,0,20,0.65
5254,13,1,3,2,0,19,0.6842105263157895
5255,12,1,3,2,0,18,0.6666666666666666
5256,13,2,3,1,0,19,0.6842105263157895
5257,12,1,3,2,0,18,0.6666666666666666
5258,14,1,3,1,0,19,0.7368421052631579
5259,11,2,3,1,0,17,0.6470588235294118
5260,11,2,3,1,0,17,0.6470588235294118
5261,14,2,3,1,0,20,0.7
5262,12,1,3,1,0,17,0.7058823529411765
5263,10,2,3,1,0,16,0.625
5264,12,1,3,1,0,17,0.7058823529411765
5265,11,3,2,1,0,17,0.6470588235294118
5266,12,1,1,1,0,15,0.8
5267,10,3,3,1,0,17,0.5882352941176471
5268,12,2,3,1,0,18,0.6666666666666666
5269,11,1,3,1,0,16,0.6875
5270,13,2,2,1,0,18,0.7222222222222222
5271,11,1,2,1,0,15,0.7333333333333333
5272,12,2,3,1,0,18,0.6666666666666666
5273,12,2,4,1,0,19,0.631578947368421
5274,11,1,3,1,0,16,0.6875
5275,12,1,3,1,0,17,0.7058823529411765
5276,13,1,4,1,0,19,0.6842105263157895
5277,10,2,4,1,0,17,0.5882352941176471
5278,11,2,4,1,0,18,0.6111111111111112
5279,11,2,3,1,0,17,0.6470588235294118
5280,11,2,2,1,0,16,0.6875
5281,12,1,3,1,0,17,0.7058823529411765
5282,11,1,3,1,0,16,0.6875
5283,12,2,3,1,0,18,0.6666666666666666
5284,10,2,3,1,0,16,0.625
5285,14,2,3,2,0,21,0.6666666666666666
5286,13,2,3,2,0,20,0.65
5287,12,2,3,2,0,19,0.631578947368421
5288,12,2,3,1,0,18,0.6666666666666666
5289,12,2,3,2,0,19,0.631578947368421
5290,12,2,3,1,0,18,0.6666666666666666
5291,12,1,3,1,0,17,0.7058823529411765
5292,11,2,3,2,0,18,0.6111111111111112
5293,12,2,3,2,0,19,0.631578947368421
5294,12,3,3,2,0,20,0.6
5295,13,3,3,2,0,21,0.6190476190476191
5296,14,3,2,2,0,21,0.6666666666666666
5297,14,3,3,2,0,22,0.6363636363636364
5298,12,3,1,2,0,18,0.6666666666666666
5299,11,3,4,2,0,20,0.55
5300,12,2,2,2,0,18,0.6666666666666666
5301,15,2,3,2,0,22,0.6818181818181818
5302,14,3,2,2,0,21,0.6666666666666666
5303,14,3,3,2,0,22,0.6363636363636364
5304,14,2,2,2,0,20,0.7
5305,13,2,2,2,0,19,0.6842105263157895
5306,14,2,2,2,0,20,0.7
5307,14,2,3,2,0,21,0.6666666666666666
5308,12,3,1,2,0,18,0.6666666666666666
5309,14,2,3,2,0,21,0.6666666666666666
5310,13,3,3,2,0,21,0.6190476190476191
5311,15,3,3,2,0,23,0.6521739130434783
5312,14,3,3,2,0,22,0.6363636363636364
5313,14,1,2,2,0,19,0.7368421052631579
5314,15,2,2,2,0,21,0.7142857142857143
5315,15,3,3,2,0,23,0.6521739130434783
5316,14,3,3,2,0,22,0.6363636363636364
5317,14,3,3,2,0,22,0.6363636363636364
5318,13,2,3,2,0,20,0.65
5319,13,3,3,2,0,21,0.6190476190476191
5320,13,3,3,2,0,21,0.6190476190476191
5321,12,2,3,2,0,19,0.631578947368421
5322,12,3,3,2,0,20,0.6
5323,15,3,2,2,0,22,0.6818181818181818
5324,15,3,2,2,0,22,0.6818181818181818
5325,13,3,2,2,0,20,0.65
5326,13,3,3,2,0,21,0.6190476190476191
5327,12,2,3,2,0,19,0.631578947368421
5328,14,3,3,2,0,22,0.6363636363636364
5329,14,2,2,2,0,20,0.7
5330,13,3,3,2,0,21,0.6190476190476191
5331,15,3,3,2,0,23,0.6521739130434783
5332,15,3,3,2,0,23,0.6521739130434783
5333,12,3,3,2,0,20,0.6
5334,15,3,3,2,0,23,0.6521739130434783
5335,14,3,3,2,0,22,0.6363636363636364
5336,15,3,3,2,0,23,0.6521739130434783
5337,15,2,3,2,0,22,0.6818181818181818
5338,14,2,3,2,0,21,0.6666666666666666
5339,14,3,3,2,0,22,0.6363636363636364
5340,14,3,2,2,0,21,0.6666666666666666
5341,13,1,3,2,0,19,0.6842105263157895
5342,15,2,3,2,0,22,0.6818181818181818
5343,14,3,3,2,0,22,0.6363636363636364
5344,14,2,2,2,0,20,0.7
5345,13,2,2,2,0,19,0.6842105263157895
5346,15,2,2,2,0,21,0.7142857142857143
5347,15,3,3,2,0,23,0.6521739130434783
5348,14,3,3,2,0,22,0.6363636363636364
5349,13,3,3,2,0,21,0.6190476190476191
5350,15,2,3,2,0,22,0.6818181818181818
5351,14,1,3,2,0,20,0.7
5352,12,2,3,2,0,19,0.631578947368421
5353,15,2,3,2,0,22,0.6818181818181818
5354,16,3,3,2,0,24,0.6666666666666666
5355,15,3,3,2,0,23,0.6521739130434783
5356,16,3,3,2,0,24,0.6666666666666666
5357,14,3,3,2,0,22,0.6363636363636364
5358,13,3,3,2,0,21,0.6190476190476191
5359,15,2,3,2,0,22,0.6818181818181818
5360,13,3,3,2,0,21,0.6190476190476191
5361,13,3,3,2,0,21,0.6190476190476191
5362,13,3,3,2,0,21,0.6190476190476191
5363,15,2,2,2,0,21,0.7142857142857143
5364,12,3,3,2,0,20,0.6
5365,14,2,3,2,0,21,0.6666666666666666
5366,14,2,3,2,0,21,0.6666666666666666
5367,13,3,3,2,0,21,0.6190476190476191
5368,15,3,3,2,0,23,0.6521739130434783
5369,15,3,3,2,0,23,0.6521739130434783
5370,13,3,3,2,0,21,0.6190476190476191
5371,13,2,2,2,0,19,0.6842105263157895
5372,13,3,3,2,0,21,0.6190476190476191
5373,14,2,3,2,0,21,0.6666666666666666
5374,14,3,2,2,0,21,0.6666666666666666
5375,14,3,3,2,0,22,0.6363636363636364
5376,14,2,1,2,0,19,0.7368421052631579
5377,14,2,2,2,0,20,0.7
5378,13,2,2,2,0,19,0.6842105263157895
5379,13,3,3,2,0,21,0.6190476190476191
5380,13,3,2,2,0,20,0.65
5381,14,2,2,2,0,20,0.7
5382,14,3,3,2,0,22,0.6363636363636364
5383,14,3,3,2,0,22,0.6363636363636364
5384,14,2,3,2,0,21,0.6666666666666666
5385,14,3,2,2,0,21,0.6666666666666666
5386,14,3,2,2,0,21,0.6666666666666666
5387,14,2,3,2,0,21,0.6666666666666666
5388,14,2,3,2,0,21,0.6666666666666666
5389,14,3,3,2,0,22,0.6363636363636364
5390,14,3,2,2,0,21,0.6666666666666666
5391,14,3,2,2,0,21,0.6666666666666666
5392,14,3,3,2,0,22,0.6363636363636364
5393,15,3,2,2,0,22,0.6818181818181818
5394,15,3,2,2,0,22,0.6818181818181818
5395,14,3,3,2,0,22,0.6363636363636364
5396,13,2,3,2,0,20,0.65
5397,14,3,3,2,0,22,0.6363636363636364
5398,13,3,3,2,0,21,0.6190476190476191
5399,14,3,3,2,0,22,0.6363636363636364
5400,14,2,3,2,0,21,0.6666666666666666
5401,13,3,3,2,0,21,0.6190476190476191
5402,14,2,2,2,0,20,0.7
5403,13,3,2,2,0,20,0.65
5404,14,2,2,2,0,20,0.7
5405,15,3,2,2,0,22,0.6818181818181818
5406,14,3,2,2,0,21,0.6666666666666666
5407,14,3,3,2,0,22,0.6363636363636364
5408,14,3,2,2,0,21,0.6666666666666666
5409,13,2,3,2,0,20,0.65
5410,13,2,3,2,0,20,0.65
5411,14,2,3,2,0,21,0.6666666666666666
5412,13,3,3,2,0,21,0.6190476190476191
5413,14,3,3,2,0,22,0.6363636363636364
5414,13,3,3,2,0,21,0.6190476190476191
5415,14,3,3,2,0,22,0.6363636363636364
5416,14,2,3,2,0,21,0.6666666666666666
5417,13,3,3,2,0,21,0.6190476190476191
5418,14,1,3,2,0,20,0.7
5419,13,3,3,2,0,21,0.6190476190476191
5420,14,2,3,2,0,21,0.6666666666666666
5421,14,2,2,2,0,20,0.7
5422,14,3,3,2,0,22,0.6363636363636364
5423,14,3,3,2,0,22,0.6363636363636364
5424,14,3,3,2,0,22,0.6363636363636364
5425,13,3,2,2,0,20,0.65
5426,14,3,3,2,0,22,0.6363636363636364
5427,13,2,2,2,0,19,0.6842105263157895
5428,14,2,3,2,0,21,0.6666666666666666
5429,14,2,3,2,0,21,0.6666666666666666
5430,13,3,3,2,0,21,0.6190476190476191
5431,13,3,2,2,0,20,0.65
5432,14,3,2,2,0,21,0.6666666666666666
5433,14,3,3,2,0,22,0.6363636363636364
5434,14,3,2,2,0,21,0.6666666666666666
5435,14,3,3,2,0,22,0.6363636363636364
5436,14,2,3,2,0,21,0.6666666666666666
5437,14,2,2,2,0,20,0.7
5438,14,2,1,2,0,19,0.7368421052631579
5439,12,2,2,2,0,18,0.6666666666666666
5440,13,2,3,2,0,20,0.65
5441,14,3,3,2,0,22,0.6363636363636364
5442,14,2,3,2,0,21,0.6666666666666666
5443,12,2,2,2,0,18,0.6666666666666666
5444,13,3,3,2,0,21,0.6190476190476191
5445,12,3,2,2,0,19,0.631578947368421
5446,14,2,3,2,0,21,0.6666666666666666
5447,14,2,2,2,0,20,0.7
5448,13,3,3,2,0,21,0.6190476190476191
5449,13,2,1,2,0,18,0.7222222222222222
5450,14,3,2,2,0,21,0.6666666666666666
5451,12,3,1,2,0,18,0.6666666666666666
5452,14,3,2,2,0,21,0.6666666666666666
5453,13,3,2,2,0,20,0.65
5454,14,3,2,2,0,21,0.6666666666666666
5455,13,3,2,2,0,20,0.65
5456,14,2,3,2,0,21,0.6666666666666666
5457,14,3,3,2,0,22,0.6363636363636364
5458,14,3,1,2,0,20,0.7
5459,14,3,3,2,0,22,0.6363636363636364
5460,14,3,2,2,0,21,0.6666666666666666
5461,13,3,3,2,0,21,0.6190476190476191
5462,14,2,2,2,0,20,0.7
5463,14,2,2,2,0,20,0.7
5464,14,3,2,2,0,21,0.6666666666666666
5465,14,3,3,2,0,22,0.6363636363636364
5466,13,2,3,1,0,19,0.6842105263157895
5467,12,2,3,1,0,18,0.6666666666666666
5468,14,2,3,2,0,21,0.6666666666666666
5469,14,2,3,2,0,21,0.6666666666666666
5470,10,2,3,2,0,17,0.5882352941176471
5471,14,2,3,2,0,21,0.6666666666666666
5472,14,2,3,1,0,20,0.7
5473,14,3,3,2,0,22,0.6363636363636364
5474,14,2,3,2,0,21,0.6666666666666666
5475,14,2,3,2,0,21,0.6666666666666666
5476,12,2,3,2,0,19,0.631578947368421
5477,13,2,3,2,0,20,0.65
5478,13,2,2,2,0,19,0.6842105263157895
5479,14,2,3,2,0,21,0.6666666666666666
5480,13,3,3,2,0,21,0.6190476190476191
5481,13,3,2,2,0,20,0.65
5482,14,3,3,2,0,22,0.6363636363636364
5483,10,3,3,2,0,18,0.5555555555555556
5484,13,2,2,2,0,19,0.6842105263157895
5485,13,3,3,2,0,21,0.6190476190476191
5486,14,3,3,2,0,22,0.6363636363636364
5487,13,3,3,2,0,21,0.6190476190476191
5488,13,3,2,2,0,20,0.65
5489,12,2,3,2,0,19,0.631578947368421
5490,12,3,3,2,0,20,0.6
5491,13,3,3,2,0,21,0.6190476190476191
5492,14,2,3,2,0,21,0.6666666666666666
5493,14,3,3,2,0,22,0.6363636363636364
5494,15,3,3,2,0,23,0.6521739130434783
5495,14,3,3,2,0,22,0.6363636363636364
5496,13,3,3,2,0,21,0.6190476190476191
5497,13,3,2,2,0,20,0.65
5498,14,2,3,2,0,21,0.6666666666666666
5499,13,3,3,2,0,21,0.6190476190476191
5500,11,3,3,2,0,19,0.5789473684210527
5501,14,3,3,2,0,22,0.6363636363636364
5502,13,3,3,2,0,21,0.6190476190476191
5503,14,2,3,2,0,21,0.6666666666666666
5504,14,3,2,2,0,21,0.6666666666666666
5505,14,3,3,2,0,22,0.6363636363636364
5506,13,3,2,2,0,20,0.65
5507,14,2,2,2,0,20,0.7
5508,12,2,1,2,0,17,0.7058823529411765
5509,14,2,2,2,0,20,0.7
5510,15,3,3,2,0,23,0.6521739130434783
5511,14,2,2,2,0,20,0.7
5512,15,3,2,2,0,22,0.6818181818181818
5513,14,1,3,2,0,20,0.7
5514,13,2,2,2,0,19,0.6842105263157895
5515,15,3,3,2,0,23,0.6521739130434783
5516,14,3,3,2,0,22,0.6363636363636364
5517,14,3,3,2,0,22,0.6363636363636364
5518,14,3,3,2,0,22,0.6363636363636364
5519,13,3,3,2,0,21,0.6190476190476191
5520,14,3,2,2,0,21,0.6666666666666666
5521,14,3,3,2,0,22,0.6363636363636364
5522,13,2,2,2,0,19,0.6842105263157895
5523,13,2,3,2,0,20,0.65
5524,12,2,3,1,0,18,0.6666666666666666
5525,13,2,3,2,0,20,0.65
5526,13,2,3,2,0,20,0.65
5527,14,3,3,2,0,22,0.6363636363636364
5528,13,2,3,2,0,20,0.65
5529,11,2,2,1,0,16,0.6875
5530,13,1,3,1,0,18,0.7222222222222222
5531,12,2,3,1,0,18,0.6666666666666666
5532,12,2,3,1,0,18,0.6666666666666666
5533,10,2,3,1,0,16,0.625
5534,12,2,3,1,0,18,0.6666666666666666
5535,11,2,3,1,0,17,0.6470588235294118
5536,12,2,3,1,0,18,0.6666666666666666
5537,12,2,3,2,0,19,0.631578947368421
5538,12,2,3,2,0,19,0.631578947368421
5539,13,3,3,2,0,21,0.6190476190476191
5540,12,2,3,1,0,18,0.6666666666666666
5541,13,1,3,2,0,19,0.6842105263157895
5542,12,2,3,1,0,18,0.6666666666666666
5543,13,2,3,2,0,20,0.65
5544,13,3,3,2,0,21,0.6190476190476191
5545,13,2,3,2,0,20,0.65
5546,12,2,2,2,0,18,0.6666666666666666
5547,12,2,1,2,0,17,0.7058823529411765
5548,13,2,3,2,0,20,0.65
5549,14,2,2,2,0,20,0.7
5550,14,3,2,2,0,21,0.6666666666666666
5551,14,1,3,2,0,20,0.7
5552,14,3,3,2,0,22,0.6363636363636364
5553,12,3,2,2,0,19,0.631578947368421
5554,14,3,3,2,0,22,0.6363636363636364
5555,11,2,3,2,0,18,0.6111111111111112
5556,12,3,3,2,0,20,0.6
5557,13,2,3,2,0,20,0.65
5558,14,2,2,2,0,20,0.7
5559,12,2,3,2,0,19,0.631578947368421
5560,13,3,3,2,0,21,0.6190476190476191
5561,13,2,3,2,0,20,0.65
5562,15,1,1,2,0,19,0.7894736842105263
5563,13,3,2,2,0,20,0.65
5564,12,3,3,2,0,20,0.6
5565,14,3,3,2,0,22,0.6363636363636364
5566,12,2,3,2,0,19,0.631578947368421
5567,11,2,3,1,0,17,0.6470588235294118
5568,14,2,3,1,0,20,0.7
5569,11,2,3,2,0,18,0.6111111111111112
5570,12,2,3,2,0,19,0.631578947368421
5571,12,2,3,2,0,19,0.631578947368421
5572,14,1,4,1,0,20,0.7
5573,13,2,4,2,0,21,0.6190476190476191
5574,13,3,4,2,0,22,0.5909090909090909
5575,12,3,4,2,0,21,0.5714285714285714
5576,13,2,3,2,0,20,0.65
5577,12,2,3,2,0,19,0.631578947368421
5578,13,1,2,2,0,18,0.7222222222222222
5579,13,2,2,2,0,19,0.6842105263157895
5580,14,1,3,2,0,20,0.7
5581,13,1,3,2,0,19,0.6842105263157895
5582,13,3,3,2,0,21,0.6190476190476191
5583,12,1,3,2,0,18,0.6666666666666666
5584,13,2,4,2,0,21,0.6190476190476191
5585,12,2,3,2,0,19,0.631578947368421
5586,13,2,3,1,0,19,0.6842105263157895
5587,11,2,3,1,0,17,0.6470588235294118
5588,14,1,3,2,0,20,0.7
5589,13,2,2,2,0,19,0.6842105263157895
5590,13,2,3,2,0,20,0.65
5591,9,2,4,1,0,16,0.5625
5592,14,2,3,1,0,20,0.7
5593,13,2,4,1,0,20,0.65
5594,12,2,3,2,0,19,0.631578947368421
5595,14,2,4,1,0,21,0.6666666666666666
5596,12,3,3,2,0,20,0.6
5597,13,2,4,1,0,20,0.65
5598,13,2,3,1,0,19,0.6842105263157895
5599,13,1,4,1,0,19,0.6842105263157895
