frame,n_hydrophobic,n_polar,n_pos_charged,n_neg_charged,n_other,n_total,frac_hydrophobic
0,14,2,3,0,0,19,0.7368421052631579
1,15,2,3,0,0,20,0.75
2,15,2,4,0,0,21,0.7142857142857143
3,14,2,4,0,0,20,0.7
4,14,2,4,0,0,20,0.7
5,14,2,4,0,0,20,0.7
6,13,2,5,0,0,20,0.65
7,14,3,4,0,0,21,0.6666666666666666
8,13,2,4,0,0,19,0.6842105263157895
9,14,2,3,0,0,19,0.7368421052631579
10,16,3,5,0,0,24,0.6666666666666666
11,15,2,5,0,0,22,0.6818181818181818
12,15,2,3,0,0,20,0.75
13,16,2,3,0,0,21,0.7619047619047619
14,14,2,5,0,0,21,0.6666666666666666
15,14,2,5,0,0,21,0.6666666666666666
16,14,2,5,0,0,21,0.6666666666666666
17,13,3,5,0,0,21,0.6190476190476191
18,14,2,4,0,0,20,0.7
19,13,3,4,0,0,20,0.65
20,16,2,3,0,0,21,0.7619047619047619
21,15,2,3,0,0,20,0.75
22,14,2,4,0,0,20,0.7
23,14,2,4,0,0,20,0.7
24,14,3,4,0,0,21,0.6666666666666666
25,16,2,4,0,0,22,0.7272727272727273
26,14,2,5,0,0,21,0.6666666666666666
27,15,2,4,0,0,21,0.7142857142857143
28,12,2,4,0,0,18,0.6666666666666666
29,13,2,4,0,0,19,0.6842105263157895
30,13,2,4,0,0,19,0.6842105263157895
31,14,2,4,1,0,21,0.6666666666666666
32,12,2,4,0,0,18,0.6666666666666666
33,14,2,4,0,0,20,0.7
34,14,3,4,0,0,21,0.6666666666666666
35,15,2,3,0,0,20,0.75
36,14,2,4,0,0,20,0.7
37,14,2,4,0,0,20,0.7
38,13,2,5,0,0,20,0.65
39,15,2,3,0,0,20,0.75
40,13,2,3,0,0,18,0.7222222222222222
41,15,2,3,0,0,20,0.75
42,14,2,3,0,0,19,0.7368421052631579
43,15,2,4,0,0,21,0.7142857142857143
44,15,2,5,0,0,22,0.6818181818181818
45,13,2,5,0,0,20,0.65
46,16,2,3,0,0,21,0.7619047619047619
47,13,2,5,0,0,20,0.65
48,15,2,5,0,0,22,0.6818181818181818
49,12,2,4,0,0,18,0.6666666666666666
50,14,2,4,0,0,20,0.7
51,15,2,3,0,0,20,0.75
52,14,2,5,0,0,21,0.6666666666666666
53,11,2,3,0,0,16,0.6875
54,16,2,5,0,0,23,0.6956521739130435
55,16,2,5,0,0,23,0.6956521739130435
56,14,2,4,0,0,20,0.7
57,13,2,3,0,0,18,0.7222222222222222
58,15,2,3,0,0,20,0.75
59,16,2,3,0,0,21,0.7619047619047619
60,13,2,3,1,0,19,0.6842105263157895
61,14,2,4,0,0,20,0.7
62,14,2,4,0,0,20,0.7
63,15,2,4,1,0,22,0.6818181818181818
64,14,2,4,1,0,21,0.6666666666666666
65,15,2,3,0,0,20,0.75
66,14,2,4,0,0,20,0.7
67,15,2,3,1,0,21,0.7142857142857143
68,13,2,4,0,0,19,0.6842105263157895
69,14,2,4,1,0,21,0.6666666666666666
70,14,2,3,0,0,19,0.7368421052631579
71,13,2,3,1,0,19,0.6842105263157895
72,14,2,4,0,0,20,0.7
73,13,2,3,0,0,18,0.7222222222222222
74,14,2,4,0,0,20,0.7
75,13,2,4,0,0,19,0.6842105263157895
76,14,2,4,1,0,21,0.6666666666666666
77,14,2,5,0,0,21,0.6666666666666666
78,15,2,4,0,0,21,0.7142857142857143
79,15,3,4,1,0,23,0.6521739130434783
80,16,2,3,1,0,22,0.7272727272727273
81,16,2,4,1,0,23,0.6956521739130435
82,15,2,4,0,0,21,0.7142857142857143
83,13,2,4,0,0,19,0.6842105263157895
84,15,2,5,0,0,22,0.6818181818181818
85,14,2,4,1,0,21,0.6666666666666666
86,15,2,4,1,0,22,0.6818181818181818
87,12,3,4,1,0,20,0.6
88,14,2,4,0,0,20,0.7
89,11,3,4,1,0,19,0.5789473684210527
90,13,2,3,0,0,18,0.7222222222222222
91,12,2,3,0,0,17,0.7058823529411765
92,14,3,5,0,0,22,0.6363636363636364
93,16,2,4,0,0,22,0.7272727272727273
94,15,2,4,1,0,22,0.6818181818181818
95,14,2,4,0,0,20,0.7
96,15,3,4,0,0,22,0.6818181818181818
97,15,2,4,0,0,21,0.7142857142857143
98,12,2,4,1,0,19,0.631578947368421
99,15,2,3,1,0,21,0.7142857142857143
100,15,2,3,0,0,20,0.75
101,15,2,3,0,0,20,0.75
102,13,2,3,1,0,19,0.6842105263157895
103,13,3,4,0,0,20,0.65
104,14,2,4,0,0,20,0.7
105,14,2,4,1,0,21,0.6666666666666666
106,13,2,3,0,0,18,0.7222222222222222
107,13,2,3,1,0,19,0.6842105263157895
108,15,2,5,0,0,22,0.6818181818181818
109,13,2,4,1,0,20,0.65
110,12,2,3,0,0,17,0.7058823529411765
111,15,2,3,0,0,20,0.75
112,13,2,4,0,0,19,0.6842105263157895
113,12,3,4,1,0,20,0.6
114,15,2,5,0,0,22,0.6818181818181818
115,14,3,4,0,0,21,0.6666666666666666
116,15,2,4,0,0,21,0.7142857142857143
117,12,2,4,1,0,19,0.631578947368421
118,15,2,3,0,0,20,0.75
119,13,2,4,0,0,19,0.6842105263157895
120,14,2,3,0,0,19,0.7368421052631579
121,16,2,3,0,0,21,0.7619047619047619
122,13,2,3,1,0,19,0.6842105263157895
123,15,2,3,1,0,21,0.7142857142857143
124,13,2,3,0,0,18,0.7222222222222222
125,14,2,3,0,0,19,0.7368421052631579
126,15,2,3,0,0,20,0.75
127,14,2,4,0,0,20,0.7
128,14,2,3,0,0,19,0.7368421052631579
129,15,2,4,1,0,22,0.6818181818181818
130,14,2,4,0,0,20,0.7
131,15,2,3,1,0,21,0.7142857142857143
132,15,2,4,1,0,22,0.6818181818181818
133,15,3,3,0,0,21,0.7142857142857143
134,13,2,3,0,0,18,0.7222222222222222
135,14,3,4,0,0,21,0.6666666666666666
136,15,3,4,0,0,22,0.6818181818181818
137,15,3,3,0,0,21,0.7142857142857143
138,16,2,4,0,0,22,0.7272727272727273
139,15,1,4,1,0,21,0.7142857142857143
140,15,3,3,1,0,22,0.6818181818181818
141,16,3,4,1,0,24,0.6666666666666666
142,15,3,4,0,0,22,0.6818181818181818
143,17,2,4,0,0,23,0.7391304347826086
144,15,3,4,0,0,22,0.6818181818181818
145,13,3,4,0,0,20,0.65
146,15,2,4,0,0,21,0.7142857142857143
147,15,2,4,0,0,21,0.7142857142857143
148,16,2,4,0,0,22,0.7272727272727273
149,14,2,4,0,0,20,0.7
150,13,3,4,0,0,20,0.65
151,12,2,4,0,0,18,0.6666666666666666
152,14,2,4,0,0,20,0.7
153,15,2,4,0,0,21,0.7142857142857143
154,14,2,4,0,0,20,0.7
155,14,2,3,0,0,19,0.7368421052631579
156,15,2,3,0,0,20,0.75
157,15,1,4,0,0,20,0.75
158,15,2,4,0,0,21,0.7142857142857143
159,15,2,3,0,0,20,0.75
160,14,2,3,0,0,19,0.7368421052631579
161,13,2,4,1,0,20,0.65
162,12,2,4,1,0,19,0.631578947368421
163,12,2,4,0,0,18,0.6666666666666666
164,13,3,4,0,0,20,0.65
165,12,2,3,1,0,18,0.6666666666666666
166,13,2,5,0,0,20,0.65
167,14,2,3,0,0,19,0.7368421052631579
168,11,2,4,1,0,18,0.6111111111111112
169,13,2,3,0,0,18,0.7222222222222222
170,13,2,5,1,0,21,0.6190476190476191
171,14,3,4,0,0,21,0.6666666666666666
172,14,2,3,0,0,19,0.7368421052631579
173,14,2,3,0,0,19,0.7368421052631579
174,16,2,4,0,0,22,0.7272727272727273
175,15,3,4,0,0,22,0.6818181818181818
176,16,2,4,1,0,23,0.6956521739130435
177,15,2,3,0,0,20,0.75
178,15,2,5,1,0,23,0.6521739130434783
179,14,2,4,0,0,20,0.7
180,14,2,4,1,0,21,0.6666666666666666
181,15,2,3,0,0,20,0.75
182,15,2,4,1,0,22,0.6818181818181818
183,14,2,3,1,0,20,0.7
184,13,3,3,1,0,20,0.65
185,14,2,3,1,0,20,0.7
186,15,2,4,1,0,22,0.6818181818181818
187,15,2,4,1,0,22,0.6818181818181818
188,14,2,3,0,0,19,0.7368421052631579
189,16,2,3,1,0,22,0.7272727272727273
190,14,2,3,1,0,20,0.7
191,12,2,3,0,0,17,0.7058823529411765
192,13,3,3,1,0,20,0.65
193,15,3,3,1,0,22,0.6818181818181818
194,13,3,3,1,0,20,0.65
195,13,2,4,1,0,20,0.65
196,13,2,5,0,0,20,0.65
197,14,2,3,0,0,19,0.7368421052631579
198,12,2,3,0,0,17,0.7058823529411765
199,12,2,3,1,0,18,0.6666666666666666
200,14,2,4,0,0,20,0.7
201,13,3,4,0,0,20,0.65
202,16,2,4,0,0,22,0.7272727272727273
203,13,2,4,0,0,19,0.6842105263157895
204,15,2,4,1,0,22,0.6818181818181818
205,15,2,4,0,0,21,0.7142857142857143
206,14,2,4,0,0,20,0.7
207,14,3,3,0,0,20,0.7
208,15,2,4,0,0,21,0.7142857142857143
209,15,2,3,0,0,20,0.75
210,16,2,3,1,0,22,0.7272727272727273
211,13,2,3,0,0,18,0.7222222222222222
212,15,3,3,0,0,21,0.7142857142857143
213,13,3,3,1,0,20,0.65
214,14,2,4,1,0,21,0.6666666666666666
215,13,2,4,1,0,20,0.65
216,15,3,3,0,0,21,0.7142857142857143
217,15,3,3,0,0,21,0.7142857142857143
218,14,2,5,1,0,22,0.6363636363636364
219,14,2,3,1,0,20,0.7
220,15,3,3,0,0,21,0.7142857142857143
221,14,2,3,0,0,19,0.7368421052631579
222,15,2,3,0,0,20,0.75
223,14,2,5,0,0,21,0.6666666666666666
224,15,2,4,0,0,21,0.7142857142857143
225,15,2,3,0,0,20,0.75
226,14,2,4,0,0,20,0.7
227,15,2,5,0,0,22,0.6818181818181818
228,13,2,4,0,0,19,0.6842105263157895
229,15,2,3,0,0,20,0.75
230,14,2,3,1,0,20,0.7
231,13,2,4,0,0,19,0.6842105263157895
232,13,2,4,0,0,19,0.6842105263157895
233,14,2,4,0,0,20,0.7
234,15,2,4,0,0,21,0.7142857142857143
235,16,2,3,0,0,21,0.7619047619047619
236,16,3,3,0,0,22,0.7272727272727273
237,14,2,3,0,0,19,0.7368421052631579
238,13,2,3,0,0,18,0.7222222222222222
239,15,2,3,0,0,20,0.75
240,14,3,4,0,0,21,0.6666666666666666
241,15,2,5,0,0,22,0.6818181818181818
242,15,2,3,0,0,20,0.75
243,15,2,4,0,0,21,0.7142857142857143
244,13,2,4,1,0,20,0.65
245,15,2,3,0,0,20,0.75
246,15,3,4,0,0,22,0.6818181818181818
247,15,2,4,0,0,21,0.7142857142857143
248,13,3,4,0,0,20,0.65
249,16,2,3,0,0,21,0.7619047619047619
250,14,2,4,0,0,20,0.7
251,13,3,3,0,0,19,0.6842105263157895
252,14,3,4,0,0,21,0.6666666666666666
253,14,2,4,0,0,20,0.7
254,14,2,5,1,0,22,0.6363636363636364
255,14,2,3,0,0,19,0.7368421052631579
256,14,2,5,0,0,21,0.6666666666666666
257,13,2,4,0,0,19,0.6842105263157895
258,14,2,3,0,0,19,0.7368421052631579
259,15,2,5,0,0,22,0.6818181818181818
260,15,2,4,0,0,21,0.7142857142857143
261,13,3,3,1,0,20,0.65
262,13,3,3,1,0,20,0.65
263,16,3,3,0,0,22,0.7272727272727273
264,14,3,5,1,0,23,0.6086956521739131
265,14,2,3,1,0,20,0.7
266,15,3,3,1,0,22,0.6818181818181818
267,12,2,5,0,0,19,0.631578947368421
268,14,2,4,1,0,21,0.6666666666666666
269,14,2,3,0,0,19,0.7368421052631579
270,12,2,5,0,0,19,0.631578947368421
271,13,2,4,0,0,19,0.6842105263157895
272,14,2,4,0,0,20,0.7
273,16,2,3,0,0,21,0.7619047619047619
274,15,2,5,0,0,22,0.6818181818181818
275,16,2,5,0,0,23,0.6956521739130435
276,16,2,3,0,0,21,0.7619047619047619
277,15,2,4,0,0,21,0.7142857142857143
278,14,2,4,0,0,20,0.7
279,13,2,4,0,0,19,0.6842105263157895
280,12,2,4,1,0,19,0.631578947368421
281,13,2,4,0,0,19,0.6842105263157895
282,14,2,4,0,0,20,0.7
283,13,2,5,0,0,20,0.65
284,12,2,4,0,0,18,0.6666666666666666
285,13,3,4,1,0,21,0.6190476190476191
286,13,2,3,1,0,19,0.6842105263157895
287,14,2,4,1,0,21,0.6666666666666666
288,16,3,3,0,0,22,0.7272727272727273
289,15,2,4,0,0,21,0.7142857142857143
290,15,2,4,1,0,22,0.6818181818181818
291,12,3,4,0,0,19,0.631578947368421
292,13,2,4,1,0,20,0.65
293,15,2,4,0,0,21,0.7142857142857143
294,13,2,3,1,0,19,0.6842105263157895
295,12,3,4,0,0,19,0.631578947368421
296,15,2,5,0,0,22,0.6818181818181818
297,15,2,3,0,0,20,0.75
298,11,2,3,1,0,17,0.6470588235294118
299,12,2,4,0,0,18,0.6666666666666666
300,12,3,3,0,0,18,0.6666666666666666
301,15,2,4,0,0,21,0.7142857142857143
302,11,3,4,0,0,18,0.6111111111111112
303,15,2,3,0,0,20,0.75
304,14,3,3,0,0,20,0.7
305,15,2,4,0,0,21,0.7142857142857143
306,12,2,4,0,0,18,0.6666666666666666
307,11,3,4,1,0,19,0.5789473684210527
308,14,2,4,0,0,20,0.7
309,16,3,3,1,0,23,0.6956521739130435
310,15,2,3,0,0,20,0.75
311,13,2,4,1,0,20,0.65
312,12,3,3,1,0,19,0.631578947368421
313,14,3,3,1,0,21,0.6666666666666666
314,16,3,3,0,0,22,0.7272727272727273
315,14,2,4,1,0,21,0.6666666666666666
316,13,2,4,0,0,19,0.6842105263157895
317,15,2,4,1,0,22,0.6818181818181818
318,15,2,3,0,0,20,0.75
319,15,2,3,1,0,21,0.7142857142857143
320,14,2,4,0,0,20,0.7
321,12,2,3,1,0,18,0.6666666666666666
322,13,2,5,0,0,20,0.65
323,13,2,4,1,0,20,0.65
324,12,2,3,1,0,18,0.6666666666666666
325,13,2,5,0,0,20,0.65
326,14,2,5,1,0,22,0.6363636363636364
327,16,3,5,1,0,25,0.64
328,14,2,4,0,0,20,0.7
329,14,3,3,0,0,20,0.7
330,14,2,3,0,0,19,0.7368421052631579
331,14,2,4,0,0,20,0.7
332,16,2,3,1,0,22,0.7272727272727273
333,16,2,3,1,0,22,0.7272727272727273
334,13,2,4,0,0,19,0.6842105263157895
335,15,2,5,1,0,23,0.6521739130434783
336,13,2,3,0,0,18,0.7222222222222222
337,15,2,3,0,0,20,0.75
338,13,2,5,0,0,20,0.65
339,12,2,3,0,0,17,0.7058823529411765
340,14,2,4,0,0,20,0.7
341,12,2,3,0,0,17,0.7058823529411765
342,13,2,4,0,0,19,0.6842105263157895
343,15,2,4,0,0,21,0.7142857142857143
344,16,3,5,0,0,24,0.6666666666666666
345,14,2,3,0,0,19,0.7368421052631579
346,14,3,3,0,0,20,0.7
347,14,2,4,0,0,20,0.7
348,14,3,3,1,0,21,0.6666666666666666
349,16,3,4,1,0,24,0.6666666666666666
350,13,3,3,1,0,20,0.65
351,14,3,4,0,0,21,0.6666666666666666
352,13,3,4,0,0,20,0.65
353,13,2,4,0,0,19,0.6842105263157895
354,14,3,4,0,0,21,0.6666666666666666
355,13,2,4,0,0,19,0.6842105263157895
356,14,3,5,0,0,22,0.6363636363636364
357,12,3,3,1,0,19,0.631578947368421
358,15,3,4,0,0,22,0.6818181818181818
359,12,3,4,0,0,19,0.631578947368421
360,14,3,3,1,0,21,0.6666666666666666
361,15,3,4,0,0,22,0.6818181818181818
362,13,2,3,0,0,18,0.7222222222222222
363,14,3,4,0,0,21,0.6666666666666666
364,14,3,4,0,0,21,0.6666666666666666
365,16,2,3,0,0,21,0.7619047619047619
366,14,3,5,0,0,22,0.6363636363636364
367,15,3,4,1,0,23,0.6521739130434783
368,14,3,4,0,0,21,0.6666666666666666
369,14,2,5,0,0,21,0.6666666666666666
370,12,2,4,1,0,19,0.631578947368421
371,12,2,5,0,0,19,0.631578947368421
372,15,2,4,0,0,21,0.7142857142857143
373,12,2,4,1,0,19,0.631578947368421
374,15,2,4,0,0,21,0.7142857142857143
375,12,3,3,1,0,19,0.631578947368421
376,13,3,4,1,0,21,0.6190476190476191
377,14,3,3,0,0,20,0.7
378,14,2,4,0,0,20,0.7
379,16,2,4,1,0,23,0.6956521739130435
380,14,2,3,0,0,19,0.7368421052631579
381,14,3,4,0,0,21,0.6666666666666666
382,11,2,4,0,0,17,0.6470588235294118
383,15,3,4,0,0,22,0.6818181818181818
384,14,2,5,1,0,22,0.6363636363636364
385,13,3,3,1,0,20,0.65
386,13,2,4,0,0,19,0.6842105263157895
387,13,3,5,0,0,21,0.6190476190476191
388,13,3,3,1,0,20,0.65
389,13,3,4,0,0,20,0.65
390,16,3,3,0,0,22,0.7272727272727273
391,12,3,4,0,0,19,0.631578947368421
392,16,3,4,0,0,23,0.6956521739130435
393,15,3,4,0,0,22,0.6818181818181818
394,13,3,4,0,0,20,0.65
395,13,3,4,0,0,20,0.65
396,14,2,3,0,0,19,0.7368421052631579
397,15,3,4,0,0,22,0.6818181818181818
398,13,3,4,0,0,20,0.65
399,14,2,3,0,0,19,0.7368421052631579
400,13,3,4,0,0,20,0.65
401,13,4,4,0,0,21,0.6190476190476191
402,12,2,4,0,0,18,0.6666666666666666
403,14,3,4,0,0,21,0.6666666666666666
404,15,3,3,0,0,21,0.7142857142857143
405,14,3,4,0,0,21,0.6666666666666666
406,14,1,4,0,0,19,0.7368421052631579
407,15,3,4,0,0,22,0.6818181818181818
408,14,3,4,0,0,21,0.6666666666666666
409,15,2,4,0,0,21,0.7142857142857143
410,14,2,4,0,0,20,0.7
411,14,3,4,0,0,21,0.6666666666666666
412,13,3,5,0,0,21,0.6190476190476191
413,14,3,4,0,0,21,0.6666666666666666
414,14,3,4,0,0,21,0.6666666666666666
415,13,2,4,0,0,19,0.6842105263157895
416,14,2,4,1,0,21,0.6666666666666666
417,11,2,3,0,0,16,0.6875
418,14,3,4,0,0,21,0.6666666666666666
419,15,2,4,0,0,21,0.7142857142857143
420,14,2,4,0,0,20,0.7
421,15,3,4,0,0,22,0.6818181818181818
422,13,3,4,0,0,20,0.65
423,14,3,4,0,0,21,0.6666666666666666
424,14,2,4,0,0,20,0.7
425,12,3,4,0,0,19,0.631578947368421
426,11,2,4,0,0,17,0.6470588235294118
427,15,3,4,1,0,23,0.6521739130434783
428,14,2,4,1,0,21,0.6666666666666666
429,14,3,3,0,0,20,0.7
430,16,2,4,0,0,22,0.7272727272727273
431,15,2,3,0,0,20,0.75
432,15,2,4,0,0,21,0.7142857142857143
433,15,2,4,0,0,21,0.7142857142857143
434,15,3,3,0,0,21,0.7142857142857143
435,13,3,3,0,0,19,0.6842105263157895
436,15,2,3,0,0,20,0.75
437,13,2,4,0,0,19,0.6842105263157895
438,15,3,4,0,0,22,0.6818181818181818
439,14,2,3,0,0,19,0.7368421052631579
440,14,2,4,0,0,20,0.7
441,16,3,3,0,0,22,0.7272727272727273
442,14,2,4,0,0,20,0.7
443,13,2,4,0,0,19,0.6842105263157895
444,14,3,4,0,0,21,0.6666666666666666
445,15,2,4,0,0,21,0.7142857142857143
446,16,2,4,0,0,22,0.7272727272727273
447,15,2,4,0,0,21,0.7142857142857143
448,16,2,4,0,0,22,0.7272727272727273
449,12,2,4,0,0,18,0.6666666666666666
450,14,2,4,0,0,20,0.7
451,15,2,4,0,0,21,0.7142857142857143
452,15,3,3,0,0,21,0.7142857142857143
453,16,2,4,0,0,22,0.7272727272727273
454,17,3,3,0,0,23,0.7391304347826086
455,15,2,4,0,0,21,0.7142857142857143
456,14,2,4,0,0,20,0.7
457,16,2,4,0,0,22,0.7272727272727273
458,14,2,4,0,0,20,0.7
459,15,2,4,0,0,21,0.7142857142857143
460,15,1,4,1,0,21,0.7142857142857143
461,14,2,4,0,0,20,0.7
462,13,2,4,1,0,20,0.65
463,13,2,4,1,0,20,0.65
464,13,3,4,0,0,20,0.65
465,14,2,4,0,0,20,0.7
466,14,2,4,0,0,20,0.7
467,14,2,4,1,0,21,0.6666666666666666
468,16,3,4,0,0,23,0.6956521739130435
469,13,3,4,0,0,20,0.65
470,14,2,4,0,0,20,0.7
471,13,2,4,0,0,19,0.6842105263157895
472,14,3,3,0,0,20,0.7
473,15,3,3,1,0,22,0.6818181818181818
474,15,2,4,0,0,21,0.7142857142857143
475,15,3,3,0,0,21,0.7142857142857143
476,16,1,3,0,0,20,0.8
477,12,2,4,0,0,18,0.6666666666666666
478,15,2,4,0,0,21,0.7142857142857143
479,14,2,3,0,0,19,0.7368421052631579
480,16,2,4,0,0,22,0.7272727272727273
481,14,3,3,0,0,20,0.7
482,15,2,4,0,0,21,0.7142857142857143
483,14,3,4,0,0,21,0.6666666666666666
484,15,2,3,0,0,20,0.75
485,15,4,4,0,0,23,0.6521739130434783
486,14,2,4,0,0,20,0.7
487,14,2,4,0,0,20,0.7
488,13,2,4,0,0,19,0.6842105263157895
489,14,2,4,0,0,20,0.7
490,13,3,4,0,0,20,0.65
491,13,2,4,0,0,19,0.6842105263157895
492,14,2,4,0,0,20,0.7
493,13,2,4,0,0,19,0.6842105263157895
494,16,3,4,0,0,23,0.6956521739130435
495,16,3,4,0,0,23,0.6956521739130435
496,15,2,4,0,0,21,0.7142857142857143
497,16,2,4,0,0,22,0.7272727272727273
498,15,3,4,0,0,22,0.6818181818181818
499,16,3,4,0,0,23,0.6956521739130435
500,17,3,4,0,0,24,0.7083333333333334
501,16,3,3,0,0,22,0.7272727272727273
502,15,2,4,0,0,21,0.7142857142857143
503,16,2,4,0,0,22,0.7272727272727273
504,14,2,4,0,0,20,0.7
505,15,3,3,0,0,21,0.7142857142857143
506,15,2,4,0,0,21,0.7142857142857143
507,16,2,4,0,0,22,0.7272727272727273
508,16,2,4,0,0,22,0.7272727272727273
509,14,2,4,0,0,20,0.7
510,11,2,4,0,0,17,0.6470588235294118
511,12,3,4,0,0,19,0.631578947368421
512,15,3,4,0,0,22,0.6818181818181818
513,14,3,4,0,0,21,0.6666666666666666
514,15,3,4,0,0,22,0.6818181818181818
515,15,3,4,0,0,22,0.6818181818181818
516,15,3,4,0,0,22,0.6818181818181818
517,12,3,4,0,0,19,0.631578947368421
518,14,2,4,0,0,20,0.7
519,15,3,3,0,0,21,0.7142857142857143
520,13,2,4,0,0,19,0.6842105263157895
521,14,3,4,0,0,21,0.6666666666666666
522,13,2,4,0,0,19,0.6842105263157895
523,14,2,4,0,0,20,0.7
524,13,3,4,0,0,20,0.65
525,17,2,3,0,0,22,0.7727272727272727
526,16,2,4,0,0,22,0.7272727272727273
527,16,2,4,0,0,22,0.7272727272727273
528,15,3,4,1,0,23,0.6521739130434783
529,13,3,4,0,0,20,0.65
530,16,3,4,0,0,23,0.6956521739130435
531,16,3,4,0,0,23,0.6956521739130435
532,16,2,4,0,0,22,0.7272727272727273
533,16,2,4,0,0,22,0.7272727272727273
534,13,2,4,0,0,19,0.6842105263157895
535,15,3,4,0,0,22,0.6818181818181818
536,15,3,4,0,0,22,0.6818181818181818
537,13,1,4,0,0,18,0.7222222222222222
538,16,2,4,0,0,22,0.7272727272727273
539,16,1,4,0,0,21,0.7619047619047619
540,15,2,4,0,0,21,0.7142857142857143
541,15,3,4,0,0,22,0.6818181818181818
542,12,2,3,0,0,17,0.7058823529411765
543,15,2,4,0,0,21,0.7142857142857143
544,17,2,4,0,0,23,0.7391304347826086
545,16,2,4,0,0,22,0.7272727272727273
546,16,2,4,0,0,22,0.7272727272727273
547,16,2,3,0,0,21,0.7619047619047619
548,15,2,4,0,0,21,0.7142857142857143
549,16,1,4,0,0,21,0.7619047619047619
550,17,2,4,0,0,23,0.7391304347826086
551,17,3,4,0,0,24,0.7083333333333334
552,15,2,4,0,0,21,0.7142857142857143
553,17,2,4,0,0,23,0.7391304347826086
554,16,3,4,0,0,23,0.6956521739130435
555,15,3,4,0,0,22,0.6818181818181818
556,17,2,4,0,0,23,0.7391304347826086
557,14,3,4,0,0,21,0.6666666666666666
558,14,1,4,0,0,19,0.7368421052631579
559,16,1,4,0,0,21,0.7619047619047619
560,15,2,4,0,0,21,0.7142857142857143
561,15,2,4,0,0,21,0.7142857142857143
562,15,1,4,0,0,20,0.75
563,14,2,4,0,0,20,0.7
564,15,2,4,0,0,21,0.7142857142857143
565,11,2,4,0,0,17,0.6470588235294118
566,16,2,4,0,0,22,0.7272727272727273
567,16,2,4,0,0,22,0.7272727272727273
568,15,2,4,0,0,21,0.7142857142857143
569,16,3,4,0,0,23,0.6956521739130435
570,16,2,4,0,0,22,0.7272727272727273
571,15,3,4,0,0,22,0.6818181818181818
572,14,1,4,0,0,19,0.7368421052631579
573,15,1,4,0,0,20,0.75
574,16,1,4,0,0,21,0.7619047619047619
575,14,2,3,0,0,19,0.7368421052631579
576,16,1,4,0,0,21,0.7619047619047619
577,16,2,4,0,0,22,0.7272727272727273
578,16,3,4,0,0,23,0.6956521739130435
579,16,2,4,0,0,22,0.7272727272727273
580,17,3,4,0,0,24,0.7083333333333334
581,15,2,4,0,0,21,0.7142857142857143
582,15,2,4,0,0,21,0.7142857142857143
583,15,2,3,0,0,20,0.75
584,17,2,4,0,0,23,0.7391304347826086
585,16,2,4,0,0,22,0.7272727272727273
586,13,3,4,0,0,20,0.65
587,15,2,4,1,0,22,0.6818181818181818
588,16,2,4,0,0,22,0.7272727272727273
589,16,2,4,1,0,23,0.6956521739130435
590,15,2,4,0,0,21,0.7142857142857143
591,17,2,4,0,0,23,0.7391304347826086
592,16,2,3,1,0,22,0.7272727272727273
593,16,2,4,0,0,22,0.7272727272727273
594,16,2,4,1,0,23,0.6956521739130435
595,15,2,3,1,0,21,0.7142857142857143
596,15,2,3,1,0,21,0.7142857142857143
597,15,2,4,0,0,21,0.7142857142857143
598,14,3,4,0,0,21,0.6666666666666666
599,16,3,3,0,0,22,0.7272727272727273
600,14,3,4,0,0,21,0.6666666666666666
601,15,2,4,0,0,21,0.7142857142857143
602,15,2,4,0,0,21,0.7142857142857143
603,16,3,4,0,0,23,0.6956521739130435
604,15,2,3,0,0,20,0.75
605,15,3,3,0,0,21,0.7142857142857143
606,14,3,3,0,0,20,0.7
607,16,2,3,0,0,21,0.7619047619047619
608,15,3,4,0,0,22,0.6818181818181818
609,16,2,4,0,0,22,0.7272727272727273
610,15,3,3,0,0,21,0.7142857142857143
611,14,2,4,0,0,20,0.7
612,13,2,4,0,0,19,0.6842105263157895
613,15,2,4,0,0,21,0.7142857142857143
614,14,2,4,0,0,20,0.7
615,15,3,4,0,0,22,0.6818181818181818
616,15,2,3,0,0,20,0.75
617,15,3,4,0,0,22,0.6818181818181818
618,16,2,4,0,0,22,0.7272727272727273
619,16,2,3,0,0,21,0.7619047619047619
620,16,2,4,0,0,22,0.7272727272727273
621,15,3,4,0,0,22,0.6818181818181818
622,15,2,4,0,0,21,0.7142857142857143
623,15,2,4,0,0,21,0.7142857142857143
624,15,3,4,0,0,22,0.6818181818181818
625,14,2,3,0,0,19,0.7368421052631579
626,15,3,3,1,0,22,0.6818181818181818
627,15,2,3,0,0,20,0.75
628,16,3,3,0,0,22,0.7272727272727273
629,15,3,3,0,0,21,0.7142857142857143
630,15,2,3,0,0,20,0.75
631,13,3,4,0,0,20,0.65
632,14,2,4,0,0,20,0.7
633,15,2,4,0,0,21,0.7142857142857143
634,15,3,4,0,0,22,0.6818181818181818
635,14,2,3,0,0,19,0.7368421052631579
636,15,2,4,0,0,21,0.7142857142857143
637,14,2,4,0,0,20,0.7
638,15,3,4,0,0,22,0.6818181818181818
639,15,2,4,0,0,21,0.7142857142857143
640,15,2,3,0,0,20,0.75
641,14,2,4,0,0,20,0.7
642,14,2,4,0,0,20,0.7
643,15,2,4,0,0,21,0.7142857142857143
644,14,3,3,0,0,20,0.7
645,15,2,4,0,0,21,0.7142857142857143
646,16,2,4,1,0,23,0.6956521739130435
647,15,3,4,0,0,22,0.6818181818181818
648,16,2,3,0,0,21,0.7619047619047619
649,16,2,4,0,0,22,0.7272727272727273
650,16,1,3,1,0,21,0.7619047619047619
651,16,1,4,0,0,21,0.7619047619047619
652,16,1,4,0,0,21,0.7619047619047619
653,15,2,4,0,0,21,0.7142857142857143
654,17,3,3,0,0,23,0.7391304347826086
655,16,1,3,0,0,20,0.8
656,15,2,4,0,0,21,0.7142857142857143
657,16,3,4,1,0,24,0.6666666666666666
658,16,2,4,1,0,23,0.6956521739130435
659,15,2,3,0,0,20,0.75
660,17,2,3,0,0,22,0.7727272727272727
661,16,2,3,0,0,21,0.7619047619047619
662,17,3,3,0,0,23,0.7391304347826086
663,17,2,3,0,0,22,0.7727272727272727
664,16,2,4,1,0,23,0.6956521739130435
665,16,2,3,0,0,21,0.7619047619047619
666,14,3,3,0,0,20,0.7
667,14,2,3,1,0,20,0.7
668,14,2,4,0,0,20,0.7
669,16,3,4,0,0,23,0.6956521739130435
670,16,3,4,0,0,23,0.6956521739130435
671,15,2,3,1,0,21,0.7142857142857143
672,13,2,5,0,0,20,0.65
673,16,2,5,0,0,23,0.6956521739130435
674,14,2,5,0,0,21,0.6666666666666666
675,13,2,4,1,0,20,0.65
676,15,2,5,0,0,22,0.6818181818181818
677,15,2,4,0,0,21,0.7142857142857143
678,15,2,3,0,0,20,0.75
679,15,2,4,1,0,22,0.6818181818181818
680,16,2,4,0,0,22,0.7272727272727273
681,17,2,4,0,0,23,0.7391304347826086
682,14,2,4,0,0,20,0.7
683,15,2,5,0,0,22,0.6818181818181818
684,15,2,4,0,0,21,0.7142857142857143
685,14,2,4,1,0,21,0.6666666666666666
686,15,2,4,0,0,21,0.7142857142857143
687,15,2,4,0,0,21,0.7142857142857143
688,15,2,4,0,0,21,0.7142857142857143
689,15,2,3,0,0,20,0.75
690,16,2,3,0,0,21,0.7619047619047619
691,15,2,4,0,0,21,0.7142857142857143
692,15,2,3,0,0,20,0.75
693,15,2,4,0,0,21,0.7142857142857143
694,16,2,5,0,0,23,0.6956521739130435
695,16,2,3,0,0,21,0.7619047619047619
696,16,2,3,0,0,21,0.7619047619047619
697,16,2,5,0,0,23,0.6956521739130435
698,16,3,5,0,0,24,0.6666666666666666
699,16,2,3,0,0,21,0.7619047619047619
700,14,2,5,0,0,21,0.6666666666666666
701,14,2,4,0,0,20,0.7
702,15,2,4,1,0,22,0.6818181818181818
703,15,2,3,1,0,21,0.7142857142857143
704,16,2,3,0,0,21,0.7619047619047619
705,15,2,3,0,0,20,0.75
706,14,2,3,1,0,20,0.7
707,15,3,4,0,0,22,0.6818181818181818
708,14,2,4,0,0,20,0.7
709,15,2,3,0,0,20,0.75
710,16,3,3,0,0,22,0.7272727272727273
711,15,2,3,0,0,20,0.75
712,16,2,4,0,0,22,0.7272727272727273
713,16,2,3,0,0,21,0.7619047619047619
714,16,3,3,0,0,22,0.7272727272727273
715,14,3,4,0,0,21,0.6666666666666666
716,14,2,3,0,0,19,0.7368421052631579
717,14,2,4,0,0,20,0.7
718,14,3,4,0,0,21,0.6666666666666666
719,15,2,4,0,0,21,0.7142857142857143
720,16,2,4,0,0,22,0.7272727272727273
721,15,2,4,0,0,21,0.7142857142857143
722,15,2,4,0,0,21,0.7142857142857143
723,16,2,4,0,0,22,0.7272727272727273
724,15,2,3,0,0,20,0.75
725,14,2,4,0,0,20,0.7
726,16,2,4,0,0,22,0.7272727272727273
727,15,2,5,0,0,22,0.6818181818181818
728,16,2,4,0,0,22,0.7272727272727273
729,14,2,3,0,0,19,0.7368421052631579
730,14,2,4,0,0,20,0.7
731,14,3,3,0,0,20,0.7
732,13,2,3,0,0,18,0.7222222222222222
733,15,2,3,0,0,20,0.75
734,14,2,4,0,0,20,0.7
735,14,2,3,0,0,19,0.7368421052631579
736,15,2,3,0,0,20,0.75
737,14,2,3,1,0,20,0.7
738,14,2,3,0,0,19,0.7368421052631579
739,14,2,3,0,0,19,0.7368421052631579
740,15,2,3,0,0,20,0.75
741,15,3,2,0,0,20,0.75
742,14,2,3,0,0,19,0.7368421052631579
743,14,3,3,0,0,20,0.7
744,15,2,3,0,0,20,0.75
745,13,2,4,0,0,19,0.6842105263157895
746,14,2,4,0,0,20,0.7
747,14,2,4,0,0,20,0.7
748,14,1,3,0,0,18,0.7777777777777778
749,13,2,3,0,0,18,0.7222222222222222
750,14,3,4,1,0,22,0.6363636363636364
751,14,2,4,0,0,20,0.7
752,16,2,4,0,0,22,0.7272727272727273
753,14,2,5,0,0,21,0.6666666666666666
754,16,2,5,0,0,23,0.6956521739130435
755,15,2,5,0,0,22,0.6818181818181818
756,14,2,4,0,0,20,0.7
757,14,2,5,0,0,21,0.6666666666666666
758,14,2,5,0,0,21,0.6666666666666666
759,15,2,4,0,0,21,0.7142857142857143
760,15,2,5,0,0,22,0.6818181818181818
761,14,2,5,0,0,21,0.6666666666666666
762,15,2,5,1,0,23,0.6521739130434783
763,15,2,5,0,0,22,0.6818181818181818
764,15,2,3,0,0,20,0.75
765,14,2,5,0,0,21,0.6666666666666666
766,14,2,5,0,0,21,0.6666666666666666
767,14,2,4,0,0,20,0.7
768,16,2,5,0,0,23,0.6956521739130435
769,14,2,4,0,0,20,0.7
770,14,2,5,0,0,21,0.6666666666666666
771,16,2,4,0,0,22,0.7272727272727273
772,15,2,5,0,0,22,0.6818181818181818
773,15,2,4,0,0,21,0.7142857142857143
774,13,2,3,0,0,18,0.7222222222222222
775,16,2,4,0,0,22,0.7272727272727273
776,16,2,4,0,0,22,0.7272727272727273
777,15,2,4,0,0,21,0.7142857142857143
778,15,2,3,0,0,20,0.75
779,16,3,4,0,0,23,0.6956521739130435
780,14,2,5,0,0,21,0.6666666666666666
781,14,2,4,0,0,20,0.7
782,16,3,4,0,0,23,0.6956521739130435
783,16,2,4,0,0,22,0.7272727272727273
784,16,3,5,0,0,24,0.6666666666666666
785,15,3,4,0,0,22,0.6818181818181818
786,15,2,4,0,0,21,0.7142857142857143
787,14,3,4,0,0,21,0.6666666666666666
788,12,3,4,0,0,19,0.631578947368421
789,13,2,3,0,0,18,0.7222222222222222
790,13,3,4,0,0,20,0.65
791,14,2,4,0,0,20,0.7
792,15,2,3,0,0,20,0.75
793,14,2,3,0,0,19,0.7368421052631579
794,12,2,4,0,0,18,0.6666666666666666
795,14,2,3,0,0,19,0.7368421052631579
796,14,2,3,0,0,19,0.7368421052631579
797,13,2,4,0,0,19,0.6842105263157895
798,14,2,4,0,0,20,0.7
799,12,3,3,0,0,18,0.6666666666666666
800,15,3,3,0,0,21,0.7142857142857143
801,11,3,4,0,0,18,0.6111111111111112
802,13,2,4,0,0,19,0.6842105263157895
803,14,2,4,0,0,20,0.7
804,16,2,3,0,0,21,0.7619047619047619
805,13,2,3,0,0,18,0.7222222222222222
806,14,2,3,1,0,20,0.7
807,14,2,4,0,0,20,0.7
808,14,2,4,0,0,20,0.7
809,12,3,4,0,0,19,0.631578947368421
810,13,2,3,0,0,18,0.7222222222222222
811,15,2,3,0,0,20,0.75
812,13,2,4,0,0,19,0.6842105263157895
813,15,2,4,0,0,21,0.7142857142857143
814,13,2,4,0,0,19,0.6842105263157895
815,16,3,4,0,0,23,0.6956521739130435
816,15,2,4,0,0,21,0.7142857142857143
817,15,3,4,0,0,22,0.6818181818181818
818,15,3,4,0,0,22,0.6818181818181818
819,14,3,3,0,0,20,0.7
820,15,2,4,0,0,21,0.7142857142857143
821,13,3,3,1,0,20,0.65
822,15,2,4,0,0,21,0.7142857142857143
823,16,2,4,0,0,22,0.7272727272727273
824,14,2,4,0,0,20,0.7
825,13,2,4,0,0,19,0.6842105263157895
826,16,2,3,0,0,21,0.7619047619047619
827,16,2,3,0,0,21,0.7619047619047619
828,16,2,4,0,0,22,0.7272727272727273
829,13,2,4,0,0,19,0.6842105263157895
830,15,2,3,0,0,20,0.75
831,16,2,3,0,0,21,0.7619047619047619
832,15,2,3,0,0,20,0.75
833,14,3,3,0,0,20,0.7
834,15,2,3,0,0,20,0.75
835,15,2,4,0,0,21,0.7142857142857143
836,15,2,3,0,0,20,0.75
837,15,2,3,0,0,20,0.75
838,13,2,3,0,0,18,0.7222222222222222
839,14,2,3,0,0,19,0.7368421052631579
840,14,3,3,0,0,20,0.7
841,13,3,4,0,0,20,0.65
842,14,2,3,0,0,19,0.7368421052631579
843,15,2,4,0,0,21,0.7142857142857143
844,14,3,4,0,0,21,0.6666666666666666
845,14,2,3,0,0,19,0.7368421052631579
846,13,4,3,0,0,20,0.65
847,15,3,3,0,0,21,0.7142857142857143
848,15,3,3,0,0,21,0.7142857142857143
849,13,2,3,0,0,18,0.7222222222222222
850,16,2,3,0,0,21,0.7619047619047619
851,14,3,3,0,0,20,0.7
852,15,2,3,0,0,20,0.75
853,17,3,4,0,0,24,0.7083333333333334
854,14,2,4,0,0,20,0.7
855,15,3,3,0,0,21,0.7142857142857143
856,14,2,4,0,0,20,0.7
857,15,2,4,0,0,21,0.7142857142857143
858,15,3,4,0,0,22,0.6818181818181818
859,15,3,4,0,0,22,0.6818181818181818
860,16,1,4,0,0,21,0.7619047619047619
861,16,2,4,0,0,22,0.7272727272727273
862,16,2,4,0,0,22,0.7272727272727273
863,15,3,3,0,0,21,0.7142857142857143
864,15,2,4,0,0,21,0.7142857142857143
865,16,3,4,0,0,23,0.6956521739130435
866,15,3,3,0,0,21,0.7142857142857143
867,15,2,4,0,0,21,0.7142857142857143
868,14,2,4,0,0,20,0.7
869,14,2,4,0,0,20,0.7
870,15,2,4,0,0,21,0.7142857142857143
871,16,2,4,0,0,22,0.7272727272727273
872,16,1,4,0,0,21,0.7619047619047619
873,15,2,4,0,0,21,0.7142857142857143
874,13,2,4,0,0,19,0.6842105263157895
875,14,2,4,0,0,20,0.7
876,15,3,4,0,0,22,0.6818181818181818
877,14,2,4,0,0,20,0.7
878,16,2,4,0,0,22,0.7272727272727273
879,14,2,4,0,0,20,0.7
880,15,3,4,0,0,22,0.6818181818181818
881,16,1,3,0,0,20,0.8
882,14,3,4,0,0,21,0.6666666666666666
883,15,2,4,0,0,21,0.7142857142857143
884,15,2,4,0,0,21,0.7142857142857143
885,17,2,4,0,0,23,0.7391304347826086
886,14,2,4,0,0,20,0.7
887,16,2,4,0,0,22,0.7272727272727273
888,14,3,4,0,0,21,0.6666666666666666
889,15,2,4,0,0,21,0.7142857142857143
890,14,3,4,0,0,21,0.6666666666666666
891,14,2,4,0,0,20,0.7
892,15,2,4,0,0,21,0.7142857142857143
893,14,2,4,0,0,20,0.7
894,15,2,4,0,0,21,0.7142857142857143
895,15,2,4,0,0,21,0.7142857142857143
896,15,2,4,0,0,21,0.7142857142857143
897,14,2,4,0,0,20,0.7
898,13,2,4,0,0,19,0.6842105263157895
899,15,2,4,0,0,21,0.7142857142857143
900,15,2,4,0,0,21,0.7142857142857143
901,14,2,4,0,0,20,0.7
902,14,2,3,0,0,19,0.7368421052631579
903,15,2,4,0,0,21,0.7142857142857143
904,13,2,4,0,0,19,0.6842105263157895
905,15,2,4,0,0,21,0.7142857142857143
906,15,3,4,0,0,22,0.6818181818181818
907,16,2,3,0,0,21,0.7619047619047619
908,15,2,4,0,0,21,0.7142857142857143
909,15,2,4,0,0,21,0.7142857142857143
910,16,2,4,0,0,22,0.7272727272727273
911,15,3,4,0,0,22,0.6818181818181818
912,15,2,4,0,0,21,0.7142857142857143
913,14,2,4,0,0,20,0.7
914,15,2,4,0,0,21,0.7142857142857143
915,15,2,3,0,0,20,0.75
916,14,2,3,0,0,19,0.7368421052631579
917,15,2,4,0,0,21,0.7142857142857143
918,15,3,4,0,0,22,0.6818181818181818
919,15,2,4,0,0,21,0.7142857142857143
920,15,2,4,0,0,21,0.7142857142857143
921,13,2,4,0,0,19,0.6842105263157895
922,14,2,4,0,0,20,0.7
923,13,2,4,0,0,19,0.6842105263157895
924,15,2,4,0,0,21,0.7142857142857143
925,16,2,4,0,0,22,0.7272727272727273
926,15,2,4,0,0,21,0.7142857142857143
927,15,2,4,0,0,21,0.7142857142857143
928,16,2,4,0,0,22,0.7272727272727273
929,14,2,4,0,0,20,0.7
930,16,2,3,0,0,21,0.7619047619047619
931,13,2,3,0,0,18,0.7222222222222222
932,14,2,4,0,0,20,0.7
933,14,2,3,0,0,19,0.7368421052631579
934,14,2,4,0,0,20,0.7
935,13,2,4,0,0,19,0.6842105263157895
936,16,2,4,0,0,22,0.7272727272727273
937,13,2,3,0,0,18,0.7222222222222222
938,14,3,4,0,0,21,0.6666666666666666
939,14,2,4,0,0,20,0.7
940,14,2,4,0,0,20,0.7
941,14,2,4,0,0,20,0.7
942,15,2,4,0,0,21,0.7142857142857143
943,13,2,4,0,0,19,0.6842105263157895
944,14,2,4,0,0,20,0.7
945,12,2,4,0,0,18,0.6666666666666666
946,12,2,4,0,0,18,0.6666666666666666
947,16,2,4,0,0,22,0.7272727272727273
948,15,2,4,0,0,21,0.7142857142857143
949,13,2,4,0,0,19,0.6842105263157895
950,14,2,4,0,0,20,0.7
951,15,2,4,0,0,21,0.7142857142857143
952,15,2,4,0,0,21,0.7142857142857143
953,14,2,4,0,0,20,0.7
954,14,2,4,0,0,20,0.7
955,15,2,4,0,0,21,0.7142857142857143
956,13,2,4,0,0,19,0.6842105263157895
957,15,2,4,0,0,21,0.7142857142857143
958,15,2,4,0,0,21,0.7142857142857143
959,13,3,4,0,0,20,0.65
960,14,2,4,0,0,20,0.7
961,15,2,4,0,0,21,0.7142857142857143
962,15,2,4,0,0,21,0.7142857142857143
963,16,2,4,0,0,22,0.7272727272727273
964,16,2,4,0,0,22,0.7272727272727273
965,13,2,4,0,0,19,0.6842105263157895
966,14,2,4,0,0,20,0.7
967,16,2,4,0,0,22,0.7272727272727273
968,14,2,3,0,0,19,0.7368421052631579
969,15,2,4,0,0,21,0.7142857142857143
970,16,2,3,0,0,21,0.7619047619047619
971,14,2,4,0,0,20,0.7
972,15,2,4,0,0,21,0.7142857142857143
973,12,2,4,0,0,18,0.6666666666666666
974,13,2,4,0,0,19,0.6842105263157895
975,17,2,3,0,0,22,0.7727272727272727
976,14,2,4,1,0,21,0.6666666666666666
977,16,2,4,0,0,22,0.7272727272727273
978,15,2,3,0,0,20,0.75
979,16,2,4,0,0,22,0.7272727272727273
980,14,2,4,0,0,20,0.7
981,15,2,4,0,0,21,0.7142857142857143
982,15,2,4,1,0,22,0.6818181818181818
983,14,2,3,0,0,19,0.7368421052631579
984,15,2,4,0,0,21,0.7142857142857143
985,15,2,4,0,0,21,0.7142857142857143
986,14,2,4,0,0,20,0.7
987,15,2,3,0,0,20,0.75
988,15,2,3,0,0,20,0.75
989,15,2,4,0,0,21,0.7142857142857143
990,14,2,4,0,0,20,0.7
991,13,2,4,0,0,19,0.6842105263157895
992,15,2,4,0,0,21,0.7142857142857143
993,14,2,4,0,0,20,0.7
994,14,3,4,0,0,21,0.6666666666666666
995,15,2,4,0,0,21,0.7142857142857143
996,14,2,4,0,0,20,0.7
997,15,2,4,0,0,21,0.7142857142857143
998,16,2,4,1,0,23,0.6956521739130435
999,15,2,3,0,0,20,0.75
1000,16,2,4,0,0,22,0.7272727272727273
1001,16,2,4,1,0,23,0.6956521739130435
1002,12,3,4,0,0,19,0.631578947368421
1003,16,2,4,0,0,22,0.7272727272727273
1004,16,2,4,0,0,22,0.7272727272727273
1005,15,2,4,0,0,21,0.7142857142857143
1006,14,2,4,0,0,20,0.7
1007,14,2,4,0,0,20,0.7
1008,15,3,4,0,0,22,0.6818181818181818
1009,14,2,3,0,0,19,0.7368421052631579
1010,12,2,4,0,0,18,0.6666666666666666
1011,15,1,4,0,0,20,0.75
1012,13,3,4,0,0,20,0.65
1013,13,2,4,0,0,19,0.6842105263157895
1014,14,2,4,0,0,20,0.7
1015,15,3,4,0,0,22,0.6818181818181818
1016,13,2,4,0,0,19,0.6842105263157895
1017,14,2,4,0,0,20,0.7
1018,15,3,4,0,0,22,0.6818181818181818
1019,15,2,4,0,0,21,0.7142857142857143
1020,15,2,4,0,0,21,0.7142857142857143
1021,13,2,3,0,0,18,0.7222222222222222
1022,13,2,3,0,0,18,0.7222222222222222
1023,15,2,4,0,0,21,0.7142857142857143
1024,16,2,4,0,0,22,0.7272727272727273
1025,14,2,4,0,0,20,0.7
1026,15,2,4,0,0,21,0.7142857142857143
1027,15,2,4,0,0,21,0.7142857142857143
1028,15,2,4,0,0,21,0.7142857142857143
1029,15,2,4,0,0,21,0.7142857142857143
1030,14,3,4,0,0,21,0.6666666666666666
1031,15,2,4,0,0,21,0.7142857142857143
1032,12,2,4,0,0,18,0.6666666666666666
1033,15,2,4,0,0,21,0.7142857142857143
1034,14,2,4,0,0,20,0.7
1035,15,2,4,0,0,21,0.7142857142857143
1036,16,1,4,0,0,21,0.7619047619047619
1037,15,2,4,0,0,21,0.7142857142857143
1038,16,3,4,0,0,23,0.6956521739130435
1039,16,2,4,0,0,22,0.7272727272727273
1040,14,2,4,0,0,20,0.7
1041,16,2,4,0,0,22,0.7272727272727273
1042,16,1,4,1,0,22,0.7272727272727273
1043,14,3,4,0,0,21,0.6666666666666666
1044,16,3,4,0,0,23,0.6956521739130435
1045,16,1,4,1,0,22,0.7272727272727273
1046,15,2,4,0,0,21,0.7142857142857143
1047,13,3,4,0,0,20,0.65
1048,16,2,4,0,0,22,0.7272727272727273
1049,15,2,4,0,0,21,0.7142857142857143
1050,15,2,4,1,0,22,0.6818181818181818
1051,15,3,3,0,0,21,0.7142857142857143
1052,16,2,4,0,0,22,0.7272727272727273
1053,16,2,4,0,0,22,0.7272727272727273
1054,16,2,3,0,0,21,0.7619047619047619
1055,15,3,3,0,0,21,0.7142857142857143
1056,14,1,4,0,0,19,0.7368421052631579
1057,16,1,3,0,0,20,0.8
1058,17,2,4,0,0,23,0.7391304347826086
1059,17,1,4,0,0,22,0.7727272727272727
1060,15,1,4,0,0,20,0.75
1061,16,1,4,0,0,21,0.7619047619047619
1062,14,2,4,0,0,20,0.7
1063,15,2,3,0,0,20,0.75
1064,15,1,4,0,0,20,0.75
1065,15,2,4,0,0,21,0.7142857142857143
1066,15,2,4,0,0,21,0.7142857142857143
1067,14,2,4,0,0,20,0.7
1068,16,2,4,0,0,22,0.7272727272727273
1069,16,2,4,0,0,22,0.7272727272727273
1070,16,3,3,0,0,22,0.7272727272727273
1071,16,3,4,0,0,23,0.6956521739130435
1072,15,2,4,0,0,21,0.7142857142857143
1073,15,2,4,0,0,21,0.7142857142857143
1074,16,2,4,0,0,22,0.7272727272727273
1075,14,2,4,0,0,20,0.7
1076,13,2,4,0,0,19,0.6842105263157895
1077,15,2,4,0,0,21,0.7142857142857143
1078,14,2,4,0,0,20,0.7
1079,12,2,4,0,0,18,0.6666666666666666
1080,13,2,3,0,0,18,0.7222222222222222
1081,16,2,4,0,0,22,0.7272727272727273
1082,15,1,4,0,0,20,0.75
1083,15,2,3,0,0,20,0.75
1084,13,2,4,0,0,19,0.6842105263157895
1085,15,2,4,1,0,22,0.6818181818181818
1086,15,3,4,0,0,22,0.6818181818181818
1087,13,2,4,0,0,19,0.6842105263157895
1088,14,2,4,0,0,20,0.7
1089,15,2,4,0,0,21,0.7142857142857143
1090,16,2,4,0,0,22,0.7272727272727273
1091,14,2,4,0,0,20,0.7
1092,15,2,4,0,0,21,0.7142857142857143
1093,15,2,4,0,0,21,0.7142857142857143
1094,15,2,4,0,0,21,0.7142857142857143
1095,16,2,4,0,0,22,0.7272727272727273
1096,14,2,4,0,0,20,0.7
1097,15,2,4,0,0,21,0.7142857142857143
1098,14,2,4,0,0,20,0.7
1099,16,2,4,0,0,22,0.7272727272727273
1100,15,2,4,0,0,21,0.7142857142857143
1101,15,2,4,0,0,21,0.7142857142857143
1102,14,2,4,0,0,20,0.7
1103,16,3,3,0,0,22,0.7272727272727273
1104,13,2,4,0,0,19,0.6842105263157895
1105,15,2,3,0,0,20,0.75
1106,14,2,4,0,0,20,0.7
1107,15,2,4,0,0,21,0.7142857142857143
1108,16,2,4,0,0,22,0.7272727272727273
1109,17,2,4,0,0,23,0.7391304347826086
1110,13,2,4,0,0,19,0.6842105263157895
1111,16,2,4,1,0,23,0.6956521739130435
1112,14,2,4,0,0,20,0.7
1113,14,2,4,0,0,20,0.7
1114,15,2,3,0,0,20,0.75
1115,14,1,4,0,0,19,0.7368421052631579
1116,15,1,3,1,0,20,0.75
1117,14,3,3,0,0,20,0.7
1118,15,2,4,0,0,21,0.7142857142857143
1119,14,2,4,1,0,21,0.6666666666666666
1120,15,2,4,0,0,21,0.7142857142857143
1121,16,2,3,0,0,21,0.7619047619047619
1122,15,2,3,0,0,20,0.75
1123,13,2,4,0,0,19,0.6842105263157895
1124,15,2,4,0,0,21,0.7142857142857143
1125,14,2,4,0,0,20,0.7
1126,16,2,4,0,0,22,0.7272727272727273
1127,16,2,3,0,0,21,0.7619047619047619
1128,14,2,4,0,0,20,0.7
1129,16,2,4,0,0,22,0.7272727272727273
1130,14,2,3,0,0,19,0.7368421052631579
1131,14,2,3,0,0,19,0.7368421052631579
1132,16,3,4,0,0,23,0.6956521739130435
1133,14,2,4,0,0,20,0.7
1134,14,2,4,0,0,20,0.7
1135,15,2,4,0,0,21,0.7142857142857143
1136,16,2,4,0,0,22,0.7272727272727273
1137,16,2,3,0,0,21,0.7619047619047619
1138,14,2,3,0,0,19,0.7368421052631579
1139,14,2,4,0,0,20,0.7
1140,16,2,3,0,0,21,0.7619047619047619
1141,15,2,4,1,0,22,0.6818181818181818
1142,16,2,4,0,0,22,0.7272727272727273
1143,16,2,4,0,0,22,0.7272727272727273
1144,15,2,4,0,0,21,0.7142857142857143
1145,15,3,4,0,0,22,0.6818181818181818
1146,16,3,4,0,0,23,0.6956521739130435
1147,15,3,4,0,0,22,0.6818181818181818
1148,16,2,4,0,0,22,0.7272727272727273
1149,16,2,4,0,0,22,0.7272727272727273
1150,16,2,4,1,0,23,0.6956521739130435
1151,16,2,4,0,0,22,0.7272727272727273
1152,16,2,4,0,0,22,0.7272727272727273
1153,16,3,3,0,0,22,0.7272727272727273
1154,16,2,4,0,0,22,0.7272727272727273
1155,16,2,4,0,0,22,0.7272727272727273
1156,16,2,4,0,0,22,0.7272727272727273
1157,15,2,4,0,0,21,0.7142857142857143
1158,16,2,4,0,0,22,0.7272727272727273
1159,16,2,3,0,0,21,0.7619047619047619
1160,14,2,4,0,0,20,0.7
1161,16,2,4,0,0,22,0.7272727272727273
1162,16,2,4,0,0,22,0.7272727272727273
1163,14,3,4,0,0,21,0.6666666666666666
1164,15,2,4,0,0,21,0.7142857142857143
1165,15,2,3,0,0,20,0.75
1166,12,2,4,0,0,18,0.6666666666666666
1167,16,1,4,0,0,21,0.7619047619047619
1168,16,2,4,0,0,22,0.7272727272727273
1169,16,2,4,0,0,22,0.7272727272727273
1170,16,2,4,0,0,22,0.7272727272727273
1171,16,2,4,1,0,23,0.6956521739130435
1172,15,2,4,0,0,21,0.7142857142857143
1173,15,3,4,0,0,22,0.6818181818181818
1174,16,2,4,0,0,22,0.7272727272727273
1175,14,2,4,0,0,20,0.7
1176,13,2,4,0,0,19,0.6842105263157895
1177,15,2,4,0,0,21,0.7142857142857143
1178,16,2,4,0,0,22,0.7272727272727273
1179,15,2,4,0,0,21,0.7142857142857143
1180,14,2,4,0,0,20,0.7
1181,16,2,4,0,0,22,0.7272727272727273
1182,15,2,4,0,0,21,0.7142857142857143
1183,16,2,4,0,0,22,0.7272727272727273
1184,15,2,4,0,0,21,0.7142857142857143
1185,14,3,4,0,0,21,0.6666666666666666
1186,16,2,3,0,0,21,0.7619047619047619
1187,13,2,3,0,0,18,0.7222222222222222
1188,15,2,4,0,0,21,0.7142857142857143
1189,13,3,3,0,0,19,0.6842105263157895
1190,16,2,4,0,0,22,0.7272727272727273
1191,16,2,4,0,0,22,0.7272727272727273
1192,13,2,4,0,0,19,0.6842105263157895
1193,14,2,3,0,0,19,0.7368421052631579
1194,13,2,4,0,0,19,0.6842105263157895
1195,16,2,3,0,0,21,0.7619047619047619
1196,13,2,4,0,0,19,0.6842105263157895
1197,15,2,4,0,0,21,0.7142857142857143
1198,13,2,4,0,0,19,0.6842105263157895
1199,16,2,4,0,0,22,0.7272727272727273
1200,15,2,4,0,0,21,0.7142857142857143
1201,15,2,4,0,0,21,0.7142857142857143
1202,15,2,4,0,0,21,0.7142857142857143
1203,15,2,4,0,0,21,0.7142857142857143
1204,16,3,4,0,0,23,0.6956521739130435
1205,14,2,4,0,0,20,0.7
1206,15,2,4,0,0,21,0.7142857142857143
1207,16,2,4,0,0,22,0.7272727272727273
1208,13,2,4,0,0,19,0.6842105263157895
1209,15,2,4,0,0,21,0.7142857142857143
1210,14,2,4,0,0,20,0.7
1211,15,2,4,0,0,21,0.7142857142857143
1212,14,2,4,0,0,20,0.7
1213,16,2,4,0,0,22,0.7272727272727273
1214,14,2,4,0,0,20,0.7
1215,14,3,4,0,0,21,0.6666666666666666
1216,16,3,4,0,0,23,0.6956521739130435
1217,14,3,4,0,0,21,0.6666666666666666
1218,15,2,3,0,0,20,0.75
1219,14,2,4,0,0,20,0.7
1220,13,2,4,0,0,19,0.6842105263157895
1221,15,2,4,0,0,21,0.7142857142857143
1222,15,2,3,0,0,20,0.75
1223,16,3,4,0,0,23,0.6956521739130435
1224,15,2,4,0,0,21,0.7142857142857143
1225,13,2,4,0,0,19,0.6842105263157895
1226,15,2,4,0,0,21,0.7142857142857143
1227,15,2,3,0,0,20,0.75
1228,15,2,3,0,0,20,0.75
1229,13,2,3,0,0,18,0.7222222222222222
1230,15,2,4,0,0,21,0.7142857142857143
1231,15,2,4,1,0,22,0.6818181818181818
1232,14,2,4,0,0,20,0.7
1233,14,2,4,0,0,20,0.7
1234,12,2,4,0,0,18,0.6666666666666666
1235,15,2,4,0,0,21,0.7142857142857143
1236,15,2,4,0,0,21,0.7142857142857143
1237,13,3,4,0,0,20,0.65
1238,13,1,4,0,0,18,0.7222222222222222
1239,13,1,4,0,0,18,0.7222222222222222
1240,14,3,4,0,0,21,0.6666666666666666
1241,14,2,4,1,0,21,0.6666666666666666
1242,15,2,4,0,0,21,0.7142857142857143
1243,13,2,3,0,0,18,0.7222222222222222
1244,15,2,4,0,0,21,0.7142857142857143
1245,13,2,4,0,0,19,0.6842105263157895
1246,14,2,4,0,0,20,0.7
1247,14,2,4,0,0,20,0.7
1248,14,2,4,0,0,20,0.7
1249,16,2,3,0,0,21,0.7619047619047619
1250,15,2,4,0,0,21,0.7142857142857143
1251,14,2,4,0,0,20,0.7
1252,15,2,4,0,0,21,0.7142857142857143
1253,14,2,4,0,0,20,0.7
1254,14,2,4,0,0,20,0.7
1255,15,2,4,0,0,21,0.7142857142857143
1256,15,2,4,0,0,21,0.7142857142857143
1257,14,2,4,0,0,20,0.7
1258,16,2,4,0,0,22,0.7272727272727273
1259,13,2,4,0,0,19,0.6842105263157895
1260,13,2,4,0,0,19,0.6842105263157895
1261,14,2,4,0,0,20,0.7
1262,15,2,4,0,0,21,0.7142857142857143
1263,16,2,4,0,0,22,0.7272727272727273
1264,16,2,3,0,0,21,0.7619047619047619
1265,13,2,4,0,0,19,0.6842105263157895
1266,13,2,4,0,0,19,0.6842105263157895
1267,15,2,3,0,0,20,0.75
1268,14,2,3,0,0,19,0.7368421052631579
1269,14,2,4,0,0,20,0.7
1270,14,2,4,0,0,20,0.7
1271,14,2,4,0,0,20,0.7
1272,15,2,4,0,0,21,0.7142857142857143
1273,14,2,4,0,0,20,0.7
1274,16,2,4,0,0,22,0.7272727272727273
1275,15,2,4,0,0,21,0.7142857142857143
1276,14,2,4,0,0,20,0.7
1277,15,2,4,0,0,21,0.7142857142857143
1278,14,2,4,0,0,20,0.7
1279,14,2,4,0,0,20,0.7
1280,13,2,5,0,0,20,0.65
1281,12,2,4,0,0,18,0.6666666666666666
1282,16,2,4,0,0,22,0.7272727272727273
1283,14,2,4,0,0,20,0.7
1284,15,2,4,0,0,21,0.7142857142857143
1285,14,2,4,0,0,20,0.7
1286,12,2,5,0,0,19,0.631578947368421
1287,14,2,5,0,0,21,0.6666666666666666
1288,15,2,4,0,0,21,0.7142857142857143
1289,13,2,3,0,0,18,0.7222222222222222
1290,14,2,4,0,0,20,0.7
1291,12,2,5,0,0,19,0.631578947368421
1292,15,2,3,1,0,21,0.7142857142857143
1293,14,2,5,0,0,21,0.6666666666666666
1294,13,2,5,0,0,20,0.65
1295,15,2,4,0,0,21,0.7142857142857143
1296,14,2,5,1,0,22,0.6363636363636364
1297,14,2,5,0,0,21,0.6666666666666666
1298,14,2,5,0,0,21,0.6666666666666666
1299,13,2,4,0,0,19,0.6842105263157895
1300,15,2,5,0,0,22,0.6818181818181818
1301,15,2,3,0,0,20,0.75
1302,12,2,4,0,0,18,0.6666666666666666
1303,14,2,5,0,0,21,0.6666666666666666
1304,11,2,5,0,0,18,0.6111111111111112
1305,15,2,4,0,0,21,0.7142857142857143
1306,15,2,5,0,0,22,0.6818181818181818
1307,12,2,5,0,0,19,0.631578947368421
1308,13,2,5,0,0,20,0.65
1309,14,2,5,0,0,21,0.6666666666666666
1310,15,2,4,0,0,21,0.7142857142857143
1311,13,2,5,0,0,20,0.65
1312,12,2,4,0,0,18,0.6666666666666666
1313,13,2,4,0,0,19,0.6842105263157895
1314,15,2,4,0,0,21,0.7142857142857143
1315,15,2,3,0,0,20,0.75
1316,14,2,4,0,0,20,0.7
1317,13,2,3,0,0,18,0.7222222222222222
1318,13,2,4,0,0,19,0.6842105263157895
1319,15,2,4,0,0,21,0.7142857142857143
1320,14,2,4,0,0,20,0.7
1321,13,2,4,0,0,19,0.6842105263157895
1322,15,2,4,0,0,21,0.7142857142857143
1323,14,2,4,0,0,20,0.7
1324,15,1,4,0,0,20,0.75
1325,15,1,4,0,0,20,0.75
1326,14,2,3,0,0,19,0.7368421052631579
1327,14,2,4,0,0,20,0.7
1328,15,1,4,0,0,20,0.75
1329,12,2,4,0,0,18,0.6666666666666666
1330,14,2,4,0,0,20,0.7
1331,11,2,4,0,0,17,0.6470588235294118
1332,14,2,4,0,0,20,0.7
1333,15,2,3,0,0,20,0.75
1334,14,3,3,0,0,20,0.7
1335,12,2,4,0,0,18,0.6666666666666666
1336,14,2,3,0,0,19,0.7368421052631579
1337,15,2,4,0,0,21,0.7142857142857143
1338,14,2,4,0,0,20,0.7
1339,12,2,4,0,0,18,0.6666666666666666
1340,15,2,4,0,0,21,0.7142857142857143
1341,16,2,4,0,0,22,0.7272727272727273
1342,14,1,4,0,0,19,0.7368421052631579
1343,13,1,4,0,0,18,0.7222222222222222
1344,14,1,4,1,0,20,0.7
1345,13,2,4,0,0,19,0.6842105263157895
1346,12,2,4,0,0,18,0.6666666666666666
1347,13,2,4,0,0,19,0.6842105263157895
1348,14,2,4,0,0,20,0.7
1349,14,2,4,0,0,20,0.7
1350,14,2,4,0,0,20,0.7
1351,14,2,4,0,0,20,0.7
1352,15,2,4,0,0,21,0.7142857142857143
1353,12,2,4,0,0,18,0.6666666666666666
1354,14,2,4,0,0,20,0.7
1355,16,2,4,0,0,22,0.7272727272727273
1356,15,2,4,0,0,21,0.7142857142857143
1357,15,2,3,0,0,20,0.75
1358,14,2,4,0,0,20,0.7
1359,13,2,4,0,0,19,0.6842105263157895
1360,16,2,4,0,0,22,0.7272727272727273
1361,15,2,4,0,0,21,0.7142857142857143
1362,12,2,4,0,0,18,0.6666666666666666
1363,15,2,4,0,0,21,0.7142857142857143
1364,15,2,4,0,0,21,0.7142857142857143
1365,14,2,4,0,0,20,0.7
1366,14,2,4,0,0,20,0.7
1367,15,2,4,0,0,21,0.7142857142857143
1368,14,2,4,0,0,20,0.7
1369,15,2,4,0,0,21,0.7142857142857143
1370,14,2,3,0,0,19,0.7368421052631579
1371,14,2,4,0,0,20,0.7
1372,13,2,4,0,0,19,0.6842105263157895
1373,13,2,3,0,0,18,0.7222222222222222
1374,13,2,4,0,0,19,0.6842105263157895
1375,15,2,4,0,0,21,0.7142857142857143
1376,13,2,3,0,0,18,0.7222222222222222
1377,13,3,4,0,0,20,0.65
1378,14,2,4,0,0,20,0.7
1379,13,2,4,0,0,19,0.6842105263157895
1380,12,2,4,0,0,18,0.6666666666666666
1381,13,2,4,0,0,19,0.6842105263157895
1382,14,2,4,0,0,20,0.7
1383,14,2,4,0,0,20,0.7
1384,13,2,4,0,0,19,0.6842105263157895
1385,14,2,4,0,0,20,0.7
1386,15,2,4,0,0,21,0.7142857142857143
1387,12,2,4,0,0,18,0.6666666666666666
1388,13,1,4,0,0,18,0.7222222222222222
1389,11,2,4,0,0,17,0.6470588235294118
1390,14,2,4,0,0,20,0.7
1391,14,2,4,0,0,20,0.7
1392,15,2,4,0,0,21,0.7142857142857143
1393,15,3,4,0,0,22,0.6818181818181818
1394,14,2,4,0,0,20,0.7
1395,15,2,3,0,0,20,0.75
1396,14,2,4,0,0,20,0.7
1397,13,3,4,0,0,20,0.65
1398,12,2,4,0,0,18,0.6666666666666666
1399,13,2,3,0,0,18,0.7222222222222222
1400,15,2,4,0,0,21,0.7142857142857143
1401,12,2,4,0,0,18,0.6666666666666666
1402,15,2,3,0,0,20,0.75
1403,13,2,4,0,0,19,0.6842105263157895
1404,13,2,4,0,0,19,0.6842105263157895
1405,15,2,4,0,0,21,0.7142857142857143
1406,15,2,4,0,0,21,0.7142857142857143
1407,15,2,4,0,0,21,0.7142857142857143
1408,13,1,3,0,0,17,0.7647058823529411
1409,13,1,4,0,0,18,0.7222222222222222
1410,16,2,4,0,0,22,0.7272727272727273
1411,15,2,4,0,0,21,0.7142857142857143
1412,13,2,4,0,0,19,0.6842105263157895
1413,14,2,3,0,0,19,0.7368421052631579
1414,14,2,3,0,0,19,0.7368421052631579
1415,15,2,4,0,0,21,0.7142857142857143
1416,15,1,3,0,0,19,0.7894736842105263
1417,15,2,3,0,0,20,0.75
1418,13,2,3,0,0,18,0.7222222222222222
1419,16,2,4,0,0,22,0.7272727272727273
1420,15,2,4,0,0,21,0.7142857142857143
1421,12,2,4,0,0,18,0.6666666666666666
1422,15,2,3,0,0,20,0.75
1423,15,2,4,0,0,21,0.7142857142857143
1424,14,2,4,0,0,20,0.7
1425,15,2,3,0,0,20,0.75
1426,14,2,4,0,0,20,0.7
1427,15,2,3,0,0,20,0.75
1428,15,2,4,0,0,21,0.7142857142857143
1429,15,1,4,0,0,20,0.75
1430,13,1,4,0,0,18,0.7222222222222222
1431,14,2,4,0,0,20,0.7
1432,13,2,4,0,0,19,0.6842105263157895
1433,14,1,4,0,0,19,0.7368421052631579
1434,14,2,3,0,0,19,0.7368421052631579
1435,13,2,3,0,0,18,0.7222222222222222
1436,15,2,4,0,0,21,0.7142857142857143
1437,13,2,4,0,0,19,0.6842105263157895
1438,13,2,4,0,0,19,0.6842105263157895
1439,15,2,4,0,0,21,0.7142857142857143
1440,15,2,4,0,0,21,0.7142857142857143
1441,15,2,3,0,0,20,0.75
1442,14,2,4,0,0,20,0.7
1443,15,2,4,0,0,21,0.7142857142857143
1444,12,1,4,0,0,17,0.7058823529411765
1445,16,2,4,0,0,22,0.7272727272727273
1446,15,2,4,0,0,21,0.7142857142857143
1447,11,1,4,0,0,16,0.6875
1448,16,2,4,0,0,22,0.7272727272727273
1449,15,1,4,0,0,20,0.75
1450,15,2,4,0,0,21,0.7142857142857143
1451,13,2,3,0,0,18,0.7222222222222222
1452,13,2,3,0,0,18,0.7222222222222222
1453,15,2,3,0,0,20,0.75
1454,14,1,4,0,0,19,0.7368421052631579
1455,15,2,4,0,0,21,0.7142857142857143
1456,15,2,4,0,0,21,0.7142857142857143
1457,14,2,3,0,0,19,0.7368421052631579
1458,13,2,4,0,0,19,0.6842105263157895
1459,16,2,4,0,0,22,0.7272727272727273
1460,14,2,4,0,0,20,0.7
1461,13,2,4,0,0,19,0.6842105263157895
1462,14,2,4,0,0,20,0.7
1463,16,1,4,0,0,21,0.7619047619047619
1464,14,2,4,0,0,20,0.7
1465,14,2,4,0,0,20,0.7
1466,13,3,4,0,0,20,0.65
1467,14,2,3,0,0,19,0.7368421052631579
1468,13,2,4,0,0,19,0.6842105263157895
1469,13,2,4,0,0,19,0.6842105263157895
1470,15,3,3,0,0,21,0.7142857142857143
1471,13,2,4,0,0,19,0.6842105263157895
1472,14,2,4,0,0,20,0.7
1473,13,2,4,0,0,19,0.6842105263157895
1474,13,2,4,0,0,19,0.6842105263157895
1475,13,2,4,0,0,19,0.6842105263157895
1476,14,2,4,0,0,20,0.7
1477,14,2,4,0,0,20,0.7
1478,13,2,4,0,0,19,0.6842105263157895
1479,14,2,4,0,0,20,0.7
1480,16,2,4,0,0,22,0.7272727272727273
1481,16,2,4,0,0,22,0.7272727272727273
1482,15,2,4,0,0,21,0.7142857142857143
1483,15,2,4,0,0,21,0.7142857142857143
1484,15,2,4,1,0,22,0.6818181818181818
1485,14,2,3,0,0,19,0.7368421052631579
1486,15,2,4,0,0,21,0.7142857142857143
1487,16,1,4,0,0,21,0.7619047619047619
1488,14,1,4,0,0,19,0.7368421052631579
1489,15,1,4,0,0,20,0.75
1490,14,2,3,0,0,19,0.7368421052631579
1491,14,2,4,0,0,20,0.7
1492,12,2,4,0,0,18,0.6666666666666666
1493,14,1,4,0,0,19,0.7368421052631579
1494,11,2,3,0,0,16,0.6875
1495,14,3,3,1,0,21,0.6666666666666666
1496,15,2,3,1,0,21,0.7142857142857143
1497,14,2,4,0,0,20,0.7
1498,13,2,4,0,0,19,0.6842105263157895
1499,13,3,3,0,0,19,0.6842105263157895
1500,13,2,3,0,0,18,0.7222222222222222
1501,14,2,3,0,0,19,0.7368421052631579
1502,16,2,4,0,0,22,0.7272727272727273
1503,14,2,4,0,0,20,0.7
1504,15,2,4,0,0,21,0.7142857142857143
1505,15,2,4,0,0,21,0.7142857142857143
1506,14,2,4,0,0,20,0.7
1507,17,3,4,0,0,24,0.7083333333333334
1508,16,3,3,0,0,22,0.7272727272727273
1509,13,2,4,0,0,19,0.6842105263157895
1510,13,2,4,0,0,19,0.6842105263157895
1511,15,2,3,0,0,20,0.75
1512,14,2,4,0,0,20,0.7
1513,15,2,3,0,0,20,0.75
1514,11,2,4,0,0,17,0.6470588235294118
1515,14,2,4,0,0,20,0.7
1516,13,2,3,0,0,18,0.7222222222222222
1517,15,2,3,0,0,20,0.75
1518,14,2,4,0,0,20,0.7
1519,13,2,4,0,0,19,0.6842105263157895
1520,15,2,4,0,0,21,0.7142857142857143
1521,15,2,4,0,0,21,0.7142857142857143
1522,14,2,4,0,0,20,0.7
1523,15,2,3,0,0,20,0.75
1524,12,3,4,0,0,19,0.631578947368421
1525,14,2,4,0,0,20,0.7
1526,15,2,4,0,0,21,0.7142857142857143
1527,13,2,4,0,0,19,0.6842105263157895
1528,15,3,4,0,0,22,0.6818181818181818
1529,14,2,4,0,0,20,0.7
1530,14,2,4,0,0,20,0.7
1531,15,2,4,0,0,21,0.7142857142857143
1532,13,2,4,0,0,19,0.6842105263157895
1533,15,2,4,0,0,21,0.7142857142857143
1534,15,2,4,0,0,21,0.7142857142857143
1535,14,2,4,0,0,20,0.7
1536,16,2,4,0,0,22,0.7272727272727273
1537,15,2,4,0,0,21,0.7142857142857143
1538,15,2,4,0,0,21,0.7142857142857143
1539,14,2,3,0,0,19,0.7368421052631579
1540,14,1,4,1,0,20,0.7
1541,14,2,3,0,0,19,0.7368421052631579
1542,16,2,4,0,0,22,0.7272727272727273
1543,15,2,4,0,0,21,0.7142857142857143
1544,14,2,4,0,0,20,0.7
1545,16,2,4,0,0,22,0.7272727272727273
1546,14,2,4,0,0,20,0.7
1547,14,2,4,0,0,20,0.7
1548,15,2,4,0,0,21,0.7142857142857143
1549,15,2,4,0,0,21,0.7142857142857143
1550,14,2,3,0,0,19,0.7368421052631579
1551,15,2,4,0,0,21,0.7142857142857143
1552,16,2,4,0,0,22,0.7272727272727273
1553,15,2,4,0,0,21,0.7142857142857143
1554,12,3,4,0,0,19,0.631578947368421
1555,15,2,4,1,0,22,0.6818181818181818
1556,15,2,3,0,0,20,0.75
1557,15,3,3,0,0,21,0.7142857142857143
1558,14,2,4,0,0,20,0.7
1559,12,2,5,0,0,19,0.631578947368421
1560,13,2,5,0,0,20,0.65
1561,14,2,5,0,0,21,0.6666666666666666
1562,12,2,3,0,0,17,0.7058823529411765
1563,15,2,5,0,0,22,0.6818181818181818
1564,14,2,4,0,0,20,0.7
1565,15,1,4,0,0,20,0.75
1566,12,3,4,0,0,19,0.631578947368421
1567,14,2,5,0,0,21,0.6666666666666666
1568,14,2,5,0,0,21,0.6666666666666666
1569,15,2,3,0,0,20,0.75
1570,13,2,3,0,0,18,0.7222222222222222
1571,13,2,3,0,0,18,0.7222222222222222
1572,16,2,4,0,0,22,0.7272727272727273
1573,14,2,4,0,0,20,0.7
1574,15,2,5,0,0,22,0.6818181818181818
1575,14,2,3,1,0,20,0.7
1576,15,2,4,1,0,22,0.6818181818181818
1577,13,2,4,0,0,19,0.6842105263157895
1578,12,3,4,0,0,19,0.631578947368421
1579,12,2,5,0,0,19,0.631578947368421
1580,13,2,4,0,0,19,0.6842105263157895
1581,13,2,4,0,0,19,0.6842105263157895
1582,13,2,4,0,0,19,0.6842105263157895
1583,15,2,4,0,0,21,0.7142857142857143
1584,16,2,4,0,0,22,0.7272727272727273
1585,14,2,4,0,0,20,0.7
1586,15,2,4,0,0,21,0.7142857142857143
1587,13,2,4,0,0,19,0.6842105263157895
1588,14,2,4,0,0,20,0.7
1589,15,2,4,0,0,21,0.7142857142857143
1590,12,2,5,0,0,19,0.631578947368421
1591,15,2,4,0,0,21,0.7142857142857143
1592,14,2,4,0,0,20,0.7
1593,13,2,4,0,0,19,0.6842105263157895
1594,14,2,4,0,0,20,0.7
1595,14,2,4,0,0,20,0.7
1596,13,2,4,0,0,19,0.6842105263157895
1597,15,2,4,1,0,22,0.6818181818181818
1598,13,2,3,0,0,18,0.7222222222222222
1599,14,2,5,0,0,21,0.6666666666666666
1600,13,2,3,0,0,18,0.7222222222222222
1601,12,3,4,0,0,19,0.631578947368421
1602,13,2,3,0,0,18,0.7222222222222222
1603,14,2,4,0,0,20,0.7
1604,13,2,5,0,0,20,0.65
1605,14,2,3,1,0,20,0.7
1606,14,2,4,0,0,20,0.7
1607,13,2,5,0,0,20,0.65
1608,15,2,3,0,0,20,0.75
1609,14,2,4,0,0,20,0.7
1610,15,2,3,0,0,20,0.75
1611,14,2,3,0,0,19,0.7368421052631579
1612,13,1,4,0,0,18,0.7222222222222222
1613,13,2,3,1,0,19,0.6842105263157895
1614,15,2,4,0,0,21,0.7142857142857143
1615,12,2,4,0,0,18,0.6666666666666666
1616,12,3,4,0,0,19,0.631578947368421
1617,15,2,3,0,0,20,0.75
1618,15,2,3,0,0,20,0.75
1619,14,2,4,0,0,20,0.7
1620,13,2,4,0,0,19,0.6842105263157895
1621,13,2,4,0,0,19,0.6842105263157895
1622,15,2,4,0,0,21,0.7142857142857143
1623,15,2,3,0,0,20,0.75
1624,15,2,3,0,0,20,0.75
1625,12,2,4,0,0,18,0.6666666666666666
1626,14,2,4,0,0,20,0.7
1627,15,2,4,0,0,21,0.7142857142857143
1628,14,2,4,0,0,20,0.7
1629,15,3,4,0,0,22,0.6818181818181818
1630,15,2,4,0,0,21,0.7142857142857143
1631,14,2,4,0,0,20,0.7
1632,15,2,4,0,0,21,0.7142857142857143
1633,14,3,4,0,0,21,0.6666666666666666
1634,14,2,4,0,0,20,0.7
1635,16,2,4,1,0,23,0.6956521739130435
1636,14,2,4,0,0,20,0.7
1637,13,2,4,0,0,19,0.6842105263157895
1638,15,3,4,0,0,22,0.6818181818181818
1639,14,2,3,0,0,19,0.7368421052631579
1640,14,2,4,0,0,20,0.7
1641,14,2,4,0,0,20,0.7
1642,12,3,4,0,0,19,0.631578947368421
1643,12,2,4,0,0,18,0.6666666666666666
1644,12,2,4,0,0,18,0.6666666666666666
1645,12,2,3,0,0,17,0.7058823529411765
1646,14,3,3,0,0,20,0.7
1647,14,2,4,0,0,20,0.7
1648,15,2,4,0,0,21,0.7142857142857143
1649,14,3,4,0,0,21,0.6666666666666666
1650,14,2,4,0,0,20,0.7
1651,15,3,4,0,0,22,0.6818181818181818
1652,16,2,4,0,0,22,0.7272727272727273
1653,12,2,4,0,0,18,0.6666666666666666
1654,14,2,4,0,0,20,0.7
1655,13,2,4,0,0,19,0.6842105263157895
1656,12,2,4,0,0,18,0.6666666666666666
1657,15,2,3,0,0,20,0.75
1658,16,2,4,0,0,22,0.7272727272727273
1659,13,3,3,0,0,19,0.6842105263157895
1660,13,2,4,0,0,19,0.6842105263157895
1661,10,2,4,0,0,16,0.625
1662,15,2,4,0,0,21,0.7142857142857143
1663,15,2,4,0,0,21,0.7142857142857143
1664,15,2,4,0,0,21,0.7142857142857143
1665,15,2,4,0,0,21,0.7142857142857143
1666,13,2,3,0,0,18,0.7222222222222222
1667,15,3,4,0,0,22,0.6818181818181818
1668,14,2,4,0,0,20,0.7
1669,15,2,4,0,0,21,0.7142857142857143
1670,14,2,4,0,0,20,0.7
1671,13,3,4,0,0,20,0.65
1672,13,2,4,0,0,19,0.6842105263157895
1673,14,1,4,0,0,19,0.7368421052631579
1674,15,3,4,0,0,22,0.6818181818181818
1675,13,2,4,0,0,19,0.6842105263157895
1676,15,2,3,0,0,20,0.75
1677,13,3,4,0,0,20,0.65
1678,15,2,4,0,0,21,0.7142857142857143
1679,13,2,4,0,0,19,0.6842105263157895
1680,16,3,3,0,0,22,0.7272727272727273
1681,13,2,4,0,0,19,0.6842105263157895
1682,14,1,4,0,0,19,0.7368421052631579
1683,16,2,4,0,0,22,0.7272727272727273
1684,13,1,4,0,0,18,0.7222222222222222
1685,15,2,4,0,0,21,0.7142857142857143
1686,12,2,4,0,0,18,0.6666666666666666
1687,13,1,4,0,0,18,0.7222222222222222
1688,14,2,4,0,0,20,0.7
1689,13,2,4,0,0,19,0.6842105263157895
1690,13,1,4,0,0,18,0.7222222222222222
1691,15,2,4,0,0,21,0.7142857142857143
1692,14,1,4,0,0,19,0.7368421052631579
1693,13,2,4,0,0,19,0.6842105263157895
1694,15,2,4,0,0,21,0.7142857142857143
1695,12,2,4,0,0,18,0.6666666666666666
1696,12,2,4,0,0,18,0.6666666666666666
1697,14,1,4,0,0,19,0.7368421052631579
1698,13,3,4,0,0,20,0.65
1699,12,3,3,0,0,18,0.6666666666666666
1700,15,2,3,0,0,20,0.75
1701,14,2,3,0,0,19,0.7368421052631579
1702,14,2,4,0,0,20,0.7
1703,13,2,3,0,0,18,0.7222222222222222
1704,14,2,4,0,0,20,0.7
1705,14,2,3,0,0,19,0.7368421052631579
1706,14,1,3,0,0,18,0.7777777777777778
1707,15,2,4,0,0,21,0.7142857142857143
1708,14,2,3,0,0,19,0.7368421052631579
1709,15,2,4,0,0,21,0.7142857142857143
1710,11,2,4,0,0,17,0.6470588235294118
1711,13,3,4,0,0,20,0.65
1712,13,2,4,0,0,19,0.6842105263157895
1713,15,3,4,0,0,22,0.6818181818181818
1714,13,2,4,0,0,19,0.6842105263157895
1715,15,2,4,0,0,21,0.7142857142857143
1716,13,2,3,0,0,18,0.7222222222222222
1717,13,2,4,0,0,19,0.6842105263157895
1718,13,3,3,0,0,19,0.6842105263157895
1719,13,2,4,0,0,19,0.6842105263157895
1720,12,2,3,0,0,17,0.7058823529411765
1721,13,3,4,0,0,20,0.65
1722,14,2,3,0,0,19,0.7368421052631579
1723,14,2,4,0,0,20,0.7
1724,13,1,4,0,0,18,0.7222222222222222
1725,15,1,4,0,0,20,0.75
1726,14,2,4,0,0,20,0.7
1727,13,2,4,0,0,19,0.6842105263157895
1728,15,3,4,0,0,22,0.6818181818181818
1729,15,2,4,0,0,21,0.7142857142857143
1730,15,2,4,0,0,21,0.7142857142857143
1731,15,1,4,0,0,20,0.75
1732,12,2,3,0,0,17,0.7058823529411765
1733,14,3,4,0,0,21,0.6666666666666666
1734,14,2,3,0,0,19,0.7368421052631579
1735,14,3,4,0,0,21,0.6666666666666666
1736,13,2,3,0,0,18,0.7222222222222222
1737,13,2,4,0,0,19,0.6842105263157895
1738,12,3,3,0,0,18,0.6666666666666666
1739,14,2,3,0,0,19,0.7368421052631579
1740,13,3,4,0,0,20,0.65
1741,13,2,4,0,0,19,0.6842105263157895
1742,15,2,4,0,0,21,0.7142857142857143
1743,14,2,4,0,0,20,0.7
1744,14,2,4,0,0,20,0.7
1745,14,2,4,0,0,20,0.7
1746,14,2,4,0,0,20,0.7
1747,13,2,4,0,0,19,0.6842105263157895
1748,12,2,4,0,0,18,0.6666666666666666
1749,12,2,4,0,0,18,0.6666666666666666
1750,13,2,4,1,0,20,0.65
1751,14,2,4,0,0,20,0.7
1752,14,3,4,0,0,21,0.6666666666666666
1753,12,2,4,0,0,18,0.6666666666666666
1754,15,2,4,0,0,21,0.7142857142857143
1755,14,2,4,0,0,20,0.7
1756,12,2,4,0,0,18,0.6666666666666666
1757,13,2,4,0,0,19,0.6842105263157895
1758,14,2,4,0,0,20,0.7
1759,14,2,4,0,0,20,0.7
1760,15,2,3,0,0,20,0.75
1761,14,2,4,0,0,20,0.7
1762,13,3,4,0,0,20,0.65
1763,14,2,4,0,0,20,0.7
1764,13,3,4,0,0,20,0.65
1765,15,2,4,0,0,21,0.7142857142857143
1766,16,2,4,0,0,22,0.7272727272727273
1767,13,2,3,0,0,18,0.7222222222222222
1768,15,2,4,0,0,21,0.7142857142857143
1769,15,2,4,0,0,21,0.7142857142857143
1770,14,2,4,0,0,20,0.7
1771,14,2,4,0,0,20,0.7
1772,13,2,4,0,0,19,0.6842105263157895
1773,15,2,3,0,0,20,0.75
1774,12,3,4,0,0,19,0.631578947368421
1775,13,2,4,0,0,19,0.6842105263157895
1776,14,3,4,0,0,21,0.6666666666666666
1777,13,2,4,0,0,19,0.6842105263157895
1778,15,2,4,0,0,21,0.7142857142857143
1779,13,2,4,0,0,19,0.6842105263157895
1780,14,2,4,0,0,20,0.7
1781,16,3,3,0,0,22,0.7272727272727273
1782,12,3,4,0,0,19,0.631578947368421
1783,14,3,4,0,0,21,0.6666666666666666
1784,15,3,3,0,0,21,0.7142857142857143
1785,12,1,4,0,0,17,0.7058823529411765
1786,14,2,3,0,0,19,0.7368421052631579
1787,12,1,4,0,0,17,0.7058823529411765
1788,13,3,4,0,0,20,0.65
1789,14,2,4,0,0,20,0.7
1790,14,1,4,0,0,19,0.7368421052631579
1791,15,3,4,0,0,22,0.6818181818181818
1792,14,3,4,0,0,21,0.6666666666666666
1793,16,2,4,0,0,22,0.7272727272727273
1794,13,2,4,0,0,19,0.6842105263157895
1795,14,2,4,0,0,20,0.7
1796,12,2,4,0,0,18,0.6666666666666666
1797,15,3,3,0,0,21,0.7142857142857143
1798,16,2,4,1,0,23,0.6956521739130435
1799,14,2,3,0,0,19,0.7368421052631579
1800,13,2,4,0,0,19,0.6842105263157895
1801,14,2,4,1,0,21,0.6666666666666666
1802,14,2,4,0,0,20,0.7
1803,15,2,4,0,0,21,0.7142857142857143
1804,14,2,4,0,0,20,0.7
1805,15,2,3,0,0,20,0.75
1806,14,2,3,0,0,19,0.7368421052631579
1807,14,2,4,0,0,20,0.7
1808,14,3,4,0,0,21,0.6666666666666666
1809,13,3,4,0,0,20,0.65
1810,15,2,4,0,0,21,0.7142857142857143
1811,12,1,4,0,0,17,0.7058823529411765
1812,13,2,4,0,0,19,0.6842105263157895
1813,12,2,3,1,0,18,0.6666666666666666
1814,16,2,4,0,0,22,0.7272727272727273
1815,15,2,4,0,0,21,0.7142857142857143
1816,16,2,4,0,0,22,0.7272727272727273
1817,13,2,4,1,0,20,0.65
1818,15,2,3,0,0,20,0.75
1819,13,2,4,0,0,19,0.6842105263157895
1820,15,3,4,0,0,22,0.6818181818181818
1821,13,2,4,0,0,19,0.6842105263157895
1822,12,3,4,0,0,19,0.631578947368421
1823,12,2,4,0,0,18,0.6666666666666666
1824,15,2,5,0,0,22,0.6818181818181818
1825,14,2,4,0,0,20,0.7
1826,13,3,4,0,0,20,0.65
1827,14,2,3,0,0,19,0.7368421052631579
1828,14,2,4,0,0,20,0.7
1829,14,3,5,0,0,22,0.6363636363636364
1830,14,2,3,0,0,19,0.7368421052631579
1831,13,2,4,0,0,19,0.6842105263157895
1832,13,2,4,0,0,19,0.6842105263157895
1833,13,2,4,1,0,20,0.65
1834,12,3,3,1,0,19,0.631578947368421
1835,15,2,3,0,0,20,0.75
1836,12,2,3,0,0,17,0.7058823529411765
1837,14,2,4,0,0,20,0.7
1838,13,2,4,0,0,19,0.6842105263157895
1839,14,2,4,0,0,20,0.7
1840,14,2,4,0,0,20,0.7
1841,15,2,4,0,0,21,0.7142857142857143
1842,13,3,3,0,0,19,0.6842105263157895
1843,13,2,4,0,0,19,0.6842105263157895
1844,16,2,5,0,0,23,0.6956521739130435
1845,13,3,5,0,0,21,0.6190476190476191
1846,13,2,4,1,0,20,0.65
1847,15,2,4,1,0,22,0.6818181818181818
1848,15,2,3,0,0,20,0.75
1849,15,2,5,0,0,22,0.6818181818181818
1850,16,3,5,0,0,24,0.6666666666666666
1851,14,2,5,0,0,21,0.6666666666666666
1852,14,2,4,0,0,20,0.7
1853,13,2,4,0,0,19,0.6842105263157895
1854,13,2,5,0,0,20,0.65
1855,13,2,3,0,0,18,0.7222222222222222
1856,15,3,3,0,0,21,0.7142857142857143
1857,11,2,5,0,0,18,0.6111111111111112
1858,12,2,5,0,0,19,0.631578947368421
1859,12,3,4,0,0,19,0.631578947368421
1860,11,2,3,0,0,16,0.6875
1861,15,3,4,0,0,22,0.6818181818181818
1862,15,2,3,0,0,20,0.75
1863,12,3,3,1,0,19,0.631578947368421
1864,15,2,3,1,0,21,0.7142857142857143
1865,15,2,5,1,0,23,0.6521739130434783
1866,15,2,4,0,0,21,0.7142857142857143
1867,14,2,4,0,0,20,0.7
1868,13,2,3,0,0,18,0.7222222222222222
1869,13,3,3,0,0,19,0.6842105263157895
1870,14,2,3,0,0,19,0.7368421052631579
1871,15,2,3,0,0,20,0.75
1872,13,2,4,0,0,19,0.6842105263157895
1873,14,2,4,0,0,20,0.7
1874,15,2,5,1,0,23,0.6521739130434783
1875,15,2,4,0,0,21,0.7142857142857143
1876,15,2,4,1,0,22,0.6818181818181818
1877,13,2,3,0,0,18,0.7222222222222222
1878,14,2,4,0,0,20,0.7
1879,12,2,4,0,0,18,0.6666666666666666
1880,14,2,4,0,0,20,0.7
1881,12,2,4,0,0,18,0.6666666666666666
1882,15,3,4,0,0,22,0.6818181818181818
1883,13,2,4,0,0,19,0.6842105263157895
1884,13,2,4,0,0,19,0.6842105263157895
1885,13,2,4,0,0,19,0.6842105263157895
1886,14,2,4,0,0,20,0.7
1887,15,2,4,0,0,21,0.7142857142857143
1888,15,2,4,0,0,21,0.7142857142857143
1889,15,2,4,0,0,21,0.7142857142857143
1890,15,2,4,0,0,21,0.7142857142857143
1891,13,3,4,0,0,20,0.65
1892,14,2,4,0,0,20,0.7
1893,14,3,4,0,0,21,0.6666666666666666
1894,14,3,4,0,0,21,0.6666666666666666
1895,14,2,4,0,0,20,0.7
1896,15,2,4,0,0,21,0.7142857142857143
1897,15,2,4,0,0,21,0.7142857142857143
1898,15,3,4,0,0,22,0.6818181818181818
1899,14,2,4,0,0,20,0.7
1900,15,3,4,0,0,22,0.6818181818181818
1901,12,3,4,1,0,20,0.6
1902,14,2,4,0,0,20,0.7
1903,14,3,4,0,0,21,0.6666666666666666
1904,13,2,4,0,0,19,0.6842105263157895
1905,12,2,4,0,0,18,0.6666666666666666
1906,13,2,4,0,0,19,0.6842105263157895
1907,13,2,4,0,0,19,0.6842105263157895
1908,13,1,4,0,0,18,0.7222222222222222
1909,15,2,4,1,0,22,0.6818181818181818
1910,13,2,4,0,0,19,0.6842105263157895
1911,14,2,4,0,0,20,0.7
1912,13,2,4,0,0,19,0.6842105263157895
1913,13,2,4,0,0,19,0.6842105263157895
1914,12,2,4,0,0,18,0.6666666666666666
1915,15,2,4,1,0,22,0.6818181818181818
1916,14,2,3,0,0,19,0.7368421052631579
1917,14,2,4,0,0,20,0.7
1918,14,2,4,0,0,20,0.7
1919,14,2,4,0,0,20,0.7
1920,14,2,4,1,0,21,0.6666666666666666
1921,12,3,4,0,0,19,0.631578947368421
1922,13,2,4,0,0,19,0.6842105263157895
1923,13,2,4,1,0,20,0.65
1924,15,2,4,1,0,22,0.6818181818181818
1925,13,2,4,1,0,20,0.65
1926,14,2,4,0,0,20,0.7
1927,12,1,4,0,0,17,0.7058823529411765
1928,12,2,4,0,0,18,0.6666666666666666
1929,9,2,4,0,0,15,0.6
1930,14,2,4,0,0,20,0.7
1931,12,2,4,0,0,18,0.6666666666666666
1932,12,2,4,0,0,18,0.6666666666666666
1933,15,2,4,0,0,21,0.7142857142857143
1934,13,2,4,0,0,19,0.6842105263157895
1935,12,2,4,0,0,18,0.6666666666666666
1936,14,2,4,0,0,20,0.7
1937,15,2,4,0,0,21,0.7142857142857143
1938,14,2,3,0,0,19,0.7368421052631579
1939,14,2,5,1,0,22,0.6363636363636364
1940,15,2,4,1,0,22,0.6818181818181818
1941,14,2,4,0,0,20,0.7
1942,13,2,4,0,0,19,0.6842105263157895
1943,13,2,4,0,0,19,0.6842105263157895
1944,14,2,4,0,0,20,0.7
1945,15,2,4,0,0,21,0.7142857142857143
1946,15,2,3,1,0,21,0.7142857142857143
1947,13,2,4,0,0,19,0.6842105263157895
1948,14,2,4,0,0,20,0.7
1949,14,2,4,0,0,20,0.7
1950,12,2,4,0,0,18,0.6666666666666666
1951,15,2,3,1,0,21,0.7142857142857143
1952,13,2,4,0,0,19,0.6842105263157895
1953,15,2,4,1,0,22,0.6818181818181818
1954,15,2,4,1,0,22,0.6818181818181818
1955,16,3,4,1,0,24,0.6666666666666666
1956,16,2,3,1,0,22,0.7272727272727273
1957,16,2,4,0,0,22,0.7272727272727273
1958,14,2,4,0,0,20,0.7
1959,12,2,4,0,0,18,0.6666666666666666
1960,15,2,4,0,0,21,0.7142857142857143
1961,11,2,4,0,0,17,0.6470588235294118
1962,15,2,4,0,0,21,0.7142857142857143
1963,13,2,3,0,0,18,0.7222222222222222
1964,14,2,4,0,0,20,0.7
1965,13,2,4,0,0,19,0.6842105263157895
1966,12,2,4,0,0,18,0.6666666666666666
1967,13,2,4,0,0,19,0.6842105263157895
1968,13,2,4,0,0,19,0.6842105263157895
1969,14,2,4,0,0,20,0.7
1970,15,2,4,0,0,21,0.7142857142857143
1971,13,2,4,0,0,19,0.6842105263157895
1972,14,3,4,0,0,21,0.6666666666666666
1973,13,2,4,0,0,19,0.6842105263157895
1974,14,2,4,0,0,20,0.7
1975,12,2,4,0,0,18,0.6666666666666666
1976,14,2,4,0,0,20,0.7
1977,15,2,4,0,0,21,0.7142857142857143
1978,11,2,4,0,0,17,0.6470588235294118
1979,14,2,3,0,0,19,0.7368421052631579
1980,13,2,5,0,0,20,0.65
1981,16,2,4,0,0,22,0.7272727272727273
1982,16,2,4,0,0,22,0.7272727272727273
1983,13,2,4,0,0,19,0.6842105263157895
1984,15,2,4,0,0,21,0.7142857142857143
1985,13,2,4,0,0,19,0.6842105263157895
1986,14,2,4,0,0,20,0.7
1987,14,3,4,0,0,21,0.6666666666666666
1988,13,2,4,0,0,19,0.6842105263157895
1989,13,2,4,0,0,19,0.6842105263157895
1990,14,2,4,0,0,20,0.7
1991,13,2,4,0,0,19,0.6842105263157895
1992,11,2,3,0,0,16,0.6875
1993,13,2,4,1,0,20,0.65
1994,14,1,4,1,0,20,0.7
1995,15,2,4,0,0,21,0.7142857142857143
1996,15,2,4,1,0,22,0.6818181818181818
1997,13,2,4,1,0,20,0.65
1998,12,2,4,0,0,18,0.6666666666666666
1999,13,2,4,0,0,19,0.6842105263157895
2000,15,2,4,0,0,21,0.7142857142857143
2001,13,2,4,0,0,19,0.6842105263157895
2002,15,2,4,0,0,21,0.7142857142857143
2003,13,2,4,0,0,19,0.6842105263157895
2004,15,1,4,1,0,21,0.7142857142857143
2005,14,2,4,0,0,20,0.7
2006,15,2,4,0,0,21,0.7142857142857143
2007,15,2,4,0,0,21,0.7142857142857143
2008,13,2,4,0,0,19,0.6842105263157895
2009,14,2,4,1,0,21,0.6666666666666666
2010,14,2,4,0,0,20,0.7
2011,12,1,4,0,0,17,0.7058823529411765
2012,14,2,4,0,0,20,0.7
2013,13,2,4,0,0,19,0.6842105263157895
2014,13,3,4,0,0,20,0.65
2015,14,2,4,0,0,20,0.7
2016,12,2,4,0,0,18,0.6666666666666666
2017,14,2,4,0,0,20,0.7
2018,13,2,4,0,0,19,0.6842105263157895
2019,15,2,4,0,0,21,0.7142857142857143
2020,15,2,4,0,0,21,0.7142857142857143
2021,15,2,4,0,0,21,0.7142857142857143
2022,13,2,4,0,0,19,0.6842105263157895
2023,12,2,4,0,0,18,0.6666666666666666
2024,14,2,4,0,0,20,0.7
2025,14,2,4,0,0,20,0.7
2026,14,2,4,0,0,20,0.7
2027,15,2,4,0,0,21,0.7142857142857143
2028,15,2,4,0,0,21,0.7142857142857143
2029,14,2,4,1,0,21,0.6666666666666666
2030,14,2,4,1,0,21,0.6666666666666666
2031,13,2,4,0,0,19,0.6842105263157895
2032,13,2,4,0,0,19,0.6842105263157895
2033,14,2,4,1,0,21,0.6666666666666666
2034,14,3,4,1,0,22,0.6363636363636364
2035,13,2,4,0,0,19,0.6842105263157895
2036,13,2,4,0,0,19,0.6842105263157895
2037,11,2,4,0,0,17,0.6470588235294118
2038,15,2,4,0,0,21,0.7142857142857143
2039,15,2,4,0,0,21,0.7142857142857143
2040,13,2,4,0,0,19,0.6842105263157895
2041,13,2,4,0,0,19,0.6842105263157895
2042,11,2,4,0,0,17,0.6470588235294118
2043,13,2,4,0,0,19,0.6842105263157895
2044,15,2,4,0,0,21,0.7142857142857143
2045,13,2,4,0,0,19,0.6842105263157895
2046,13,2,4,0,0,19,0.6842105263157895
2047,13,2,4,0,0,19,0.6842105263157895
2048,15,2,4,0,0,21,0.7142857142857143
2049,14,2,4,1,0,21,0.6666666666666666
2050,13,2,4,0,0,19,0.6842105263157895
2051,15,2,3,0,0,20,0.75
2052,15,2,4,0,0,21,0.7142857142857143
2053,16,2,4,0,0,22,0.7272727272727273
2054,13,2,4,0,0,19,0.6842105263157895
2055,14,2,4,0,0,20,0.7
2056,11,2,4,0,0,17,0.6470588235294118
2057,13,2,4,1,0,20,0.65
2058,12,2,4,0,0,18,0.6666666666666666
2059,15,2,4,0,0,21,0.7142857142857143
2060,14,2,4,0,0,20,0.7
2061,14,2,4,0,0,20,0.7
2062,12,2,5,1,0,20,0.6
2063,14,2,4,0,0,20,0.7
2064,13,2,4,0,0,19,0.6842105263157895
2065,15,2,4,1,0,22,0.6818181818181818
2066,16,2,4,0,0,22,0.7272727272727273
2067,13,2,4,0,0,19,0.6842105263157895
2068,13,2,4,0,0,19,0.6842105263157895
2069,12,2,4,0,0,18,0.6666666666666666
2070,15,2,4,0,0,21,0.7142857142857143
2071,15,2,4,1,0,22,0.6818181818181818
2072,15,2,4,1,0,22,0.6818181818181818
2073,15,2,4,1,0,22,0.6818181818181818
2074,13,2,4,0,0,19,0.6842105263157895
2075,13,2,4,0,0,19,0.6842105263157895
2076,14,2,4,1,0,21,0.6666666666666666
2077,15,2,4,1,0,22,0.6818181818181818
2078,13,2,4,1,0,20,0.65
2079,12,2,4,1,0,19,0.631578947368421
2080,14,2,4,1,0,21,0.6666666666666666
2081,12,2,4,1,0,19,0.631578947368421
2082,13,2,4,0,0,19,0.6842105263157895
2083,11,2,4,0,0,17,0.6470588235294118
2084,13,2,4,0,0,19,0.6842105263157895
2085,13,2,4,0,0,19,0.6842105263157895
2086,14,2,4,1,0,21,0.6666666666666666
2087,10,1,4,1,0,16,0.625
2088,13,2,4,0,0,19,0.6842105263157895
2089,14,2,4,0,0,20,0.7
2090,13,2,4,0,0,19,0.6842105263157895
2091,13,3,4,0,0,20,0.65
2092,12,2,4,0,0,18,0.6666666666666666
2093,15,2,4,1,0,22,0.6818181818181818
2094,15,2,4,0,0,21,0.7142857142857143
2095,12,2,4,0,0,18,0.6666666666666666
2096,15,2,4,1,0,22,0.6818181818181818
2097,13,2,4,0,0,19,0.6842105263157895
2098,12,2,4,1,0,19,0.631578947368421
2099,13,2,4,1,0,20,0.65
2100,14,2,4,0,0,20,0.7
2101,13,2,4,0,0,19,0.6842105263157895
2102,14,2,4,0,0,20,0.7
2103,13,2,4,0,0,19,0.6842105263157895
2104,14,2,4,0,0,20,0.7
2105,13,2,4,0,0,19,0.6842105263157895
2106,13,2,4,0,0,19,0.6842105263157895
2107,16,2,4,0,0,22,0.7272727272727273
2108,14,2,4,0,0,20,0.7
2109,15,2,4,0,0,21,0.7142857142857143
2110,13,2,4,0,0,19,0.6842105263157895
2111,13,2,4,0,0,19,0.6842105263157895
2112,14,2,4,0,0,20,0.7
2113,14,2,3,0,0,19,0.7368421052631579
2114,12,2,4,0,0,18,0.6666666666666666
2115,14,2,4,0,0,20,0.7
2116,14,2,4,0,0,20,0.7
2117,15,2,4,0,0,21,0.7142857142857143
2118,13,2,4,0,0,19,0.6842105263157895
2119,12,2,4,0,0,18,0.6666666666666666
2120,9,2,3,0,0,14,0.6428571428571429
2121,12,2,4,1,0,19,0.631578947368421
2122,13,3,4,1,0,21,0.6190476190476191
2123,14,2,4,1,0,21,0.6666666666666666
2124,15,2,4,0,0,21,0.7142857142857143
2125,12,2,4,0,0,18,0.6666666666666666
2126,14,2,4,0,0,20,0.7
2127,14,2,4,0,0,20,0.7
2128,14,2,4,1,0,21,0.6666666666666666
2129,14,2,4,0,0,20,0.7
2130,14,1,4,0,0,19,0.7368421052631579
2131,14,2,4,1,0,21,0.6666666666666666
2132,14,2,3,1,0,20,0.7
2133,12,2,4,0,0,18,0.6666666666666666
2134,14,2,4,0,0,20,0.7
2135,13,2,3,1,0,19,0.6842105263157895
2136,12,2,3,1,0,18,0.6666666666666666
2137,15,2,2,1,0,20,0.75
2138,15,2,4,1,0,22,0.6818181818181818
2139,12,2,4,1,0,19,0.631578947368421
2140,15,2,4,0,0,21,0.7142857142857143
2141,16,2,4,1,0,23,0.6956521739130435
2142,15,2,4,0,0,21,0.7142857142857143
2143,12,2,4,0,0,18,0.6666666666666666
2144,12,3,4,1,0,20,0.6
2145,13,2,3,0,0,18,0.7222222222222222
2146,11,2,4,0,0,17,0.6470588235294118
2147,11,2,4,0,0,17,0.6470588235294118
2148,13,2,4,0,0,19,0.6842105263157895
2149,11,2,4,0,0,17,0.6470588235294118
2150,14,2,4,0,0,20,0.7
2151,15,2,4,0,0,21,0.7142857142857143
2152,14,2,4,0,0,20,0.7
2153,15,2,4,0,0,21,0.7142857142857143
2154,15,2,4,0,0,21,0.7142857142857143
2155,14,2,4,0,0,20,0.7
2156,15,2,4,0,0,21,0.7142857142857143
2157,15,3,4,1,0,23,0.6521739130434783
2158,14,2,4,0,0,20,0.7
2159,13,2,4,0,0,19,0.6842105263157895
2160,15,2,4,0,0,21,0.7142857142857143
2161,15,2,4,0,0,21,0.7142857142857143
2162,12,3,4,0,0,19,0.631578947368421
2163,13,2,3,0,0,18,0.7222222222222222
2164,13,2,3,0,0,18,0.7222222222222222
2165,16,2,4,1,0,23,0.6956521739130435
2166,12,2,3,0,0,17,0.7058823529411765
2167,13,2,4,0,0,19,0.6842105263157895
2168,15,2,4,1,0,22,0.6818181818181818
2169,14,2,4,0,0,20,0.7
2170,14,2,4,0,0,20,0.7
2171,15,2,4,0,0,21,0.7142857142857143
2172,14,2,4,0,0,20,0.7
2173,15,2,4,1,0,22,0.6818181818181818
2174,15,2,4,1,0,22,0.6818181818181818
2175,14,2,4,1,0,21,0.6666666666666666
2176,14,2,4,0,0,20,0.7
2177,13,2,4,0,0,19,0.6842105263157895
2178,12,2,4,1,0,19,0.631578947368421
2179,12,2,4,0,0,18,0.6666666666666666
2180,12,2,4,1,0,19,0.631578947368421
2181,13,2,4,1,0,20,0.65
2182,12,2,4,0,0,18,0.6666666666666666
2183,13,2,4,0,0,19,0.6842105263157895
2184,13,2,4,0,0,19,0.6842105263157895
2185,14,2,4,0,0,20,0.7
2186,16,2,4,0,0,22,0.7272727272727273
2187,15,2,4,0,0,21,0.7142857142857143
2188,14,2,4,0,0,20,0.7
2189,16,2,4,0,0,22,0.7272727272727273
2190,14,2,4,1,0,21,0.6666666666666666
2191,14,1,4,1,0,20,0.7
2192,15,2,3,1,0,21,0.7142857142857143
2193,15,2,4,1,0,22,0.6818181818181818
2194,14,2,4,0,0,20,0.7
2195,14,2,4,0,0,20,0.7
2196,15,2,4,1,0,22,0.6818181818181818
2197,14,2,3,0,0,19,0.7368421052631579
2198,15,2,3,1,0,21,0.7142857142857143
2199,13,2,3,1,0,19,0.6842105263157895
2200,15,2,3,1,0,21,0.7142857142857143
2201,11,2,3,1,0,17,0.6470588235294118
2202,13,3,3,1,0,20,0.65
2203,10,2,3,0,0,15,0.6666666666666666
2204,12,2,3,0,0,17,0.7058823529411765
2205,12,2,4,1,0,19,0.631578947368421
2206,11,2,3,1,0,17,0.6470588235294118
2207,12,2,4,1,0,19,0.631578947368421
2208,12,2,4,1,0,19,0.631578947368421
2209,12,1,4,1,0,18,0.6666666666666666
2210,15,1,3,1,0,20,0.75
2211,15,2,3,1,0,21,0.7142857142857143
2212,12,2,3,0,0,17,0.7058823529411765
2213,14,2,3,0,0,19,0.7368421052631579
2214,13,2,4,0,0,19,0.6842105263157895
2215,12,2,4,0,0,18,0.6666666666666666
2216,11,2,3,0,0,16,0.6875
2217,14,2,4,0,0,20,0.7
2218,14,2,3,0,0,19,0.7368421052631579
2219,14,2,4,0,0,20,0.7
2220,14,2,3,1,0,20,0.7
2221,12,2,4,0,0,18,0.6666666666666666
2222,13,2,4,1,0,20,0.65
2223,12,2,3,0,0,17,0.7058823529411765
2224,12,2,4,0,0,18,0.6666666666666666
2225,14,2,4,0,0,20,0.7
2226,14,2,4,0,0,20,0.7
2227,15,2,3,0,0,20,0.75
2228,13,2,3,0,0,18,0.7222222222222222
2229,15,2,4,1,0,22,0.6818181818181818
2230,13,2,3,0,0,18,0.7222222222222222
2231,13,2,4,0,0,19,0.6842105263157895
2232,13,2,3,0,0,18,0.7222222222222222
2233,13,2,4,1,0,20,0.65
2234,15,2,3,1,0,21,0.7142857142857143
2235,13,2,3,1,0,19,0.6842105263157895
2236,14,2,3,1,0,20,0.7
2237,14,2,3,1,0,20,0.7
2238,13,2,4,0,0,19,0.6842105263157895
2239,15,2,4,1,0,22,0.6818181818181818
2240,14,2,4,0,0,20,0.7
2241,15,2,4,0,0,21,0.7142857142857143
2242,11,2,4,1,0,18,0.6111111111111112
2243,12,2,4,1,0,19,0.631578947368421
2244,15,2,4,1,0,22,0.6818181818181818
2245,12,2,3,0,0,17,0.7058823529411765
2246,12,2,4,1,0,19,0.631578947368421
2247,12,2,4,1,0,19,0.631578947368421
2248,15,2,4,1,0,22,0.6818181818181818
2249,12,2,4,1,0,19,0.631578947368421
2250,11,2,4,1,0,18,0.6111111111111112
2251,14,2,4,0,0,20,0.7
2252,15,2,4,0,0,21,0.7142857142857143
2253,13,2,4,1,0,20,0.65
2254,14,2,5,0,0,21,0.6666666666666666
2255,14,2,4,1,0,21,0.6666666666666666
2256,14,2,4,0,0,20,0.7
2257,15,2,4,0,0,21,0.7142857142857143
2258,13,2,3,0,0,18,0.7222222222222222
2259,16,2,5,1,0,24,0.6666666666666666
2260,14,2,4,0,0,20,0.7
2261,14,2,4,0,0,20,0.7
2262,14,2,4,0,0,20,0.7
2263,15,2,4,1,0,22,0.6818181818181818
2264,15,2,4,0,0,21,0.7142857142857143
2265,15,2,5,1,0,23,0.6521739130434783
2266,15,2,3,1,0,21,0.7142857142857143
2267,15,2,3,1,0,21,0.7142857142857143
2268,16,2,4,0,0,22,0.7272727272727273
2269,15,2,4,1,0,22,0.6818181818181818
2270,14,2,4,0,0,20,0.7
2271,16,2,5,0,0,23,0.6956521739130435
2272,14,2,3,1,0,20,0.7
2273,14,2,4,0,0,20,0.7
2274,13,2,5,1,0,21,0.6190476190476191
2275,14,2,5,1,0,22,0.6363636363636364
2276,15,2,4,0,0,21,0.7142857142857143
2277,14,2,4,1,0,21,0.6666666666666666
2278,15,2,4,0,0,21,0.7142857142857143
2279,13,2,4,1,0,20,0.65
2280,15,2,5,0,0,22,0.6818181818181818
2281,15,2,5,1,0,23,0.6521739130434783
2282,14,2,4,0,0,20,0.7
2283,14,2,4,1,0,21,0.6666666666666666
2284,12,2,4,0,0,18,0.6666666666666666
2285,12,2,4,0,0,18,0.6666666666666666
2286,14,2,4,0,0,20,0.7
2287,12,2,4,0,0,18,0.6666666666666666
2288,11,2,4,0,0,17,0.6470588235294118
2289,14,2,4,1,0,21,0.6666666666666666
2290,13,2,4,0,0,19,0.6842105263157895
2291,14,2,4,0,0,20,0.7
2292,15,2,4,1,0,22,0.6818181818181818
2293,14,2,4,0,0,20,0.7
2294,14,3,4,1,0,22,0.6363636363636364
2295,14,2,4,1,0,21,0.6666666666666666
2296,14,2,4,1,0,21,0.6666666666666666
2297,15,3,4,0,0,22,0.6818181818181818
2298,14,3,4,0,0,21,0.6666666666666666
2299,15,2,4,1,0,22,0.6818181818181818
2300,15,1,4,0,0,20,0.75
2301,13,2,4,1,0,20,0.65
2302,12,1,3,0,0,16,0.75
2303,12,3,4,0,0,19,0.631578947368421
2304,16,2,4,1,0,23,0.6956521739130435
2305,15,2,4,0,0,21,0.7142857142857143
2306,11,2,4,0,0,17,0.6470588235294118
2307,12,2,4,1,0,19,0.631578947368421
2308,14,2,4,0,0,20,0.7
2309,14,2,4,0,0,20,0.7
2310,14,2,4,0,0,20,0.7
2311,14,2,4,0,0,20,0.7
2312,15,2,4,0,0,21,0.7142857142857143
2313,14,2,4,0,0,20,0.7
2314,15,2,4,0,0,21,0.7142857142857143
2315,14,3,4,0,0,21,0.6666666666666666
2316,14,2,4,1,0,21,0.6666666666666666
2317,13,1,4,1,0,19,0.6842105263157895
2318,12,2,4,0,0,18,0.6666666666666666
2319,14,2,3,0,0,19,0.7368421052631579
2320,14,2,4,0,0,20,0.7
2321,14,2,4,0,0,20,0.7
2322,14,2,4,0,0,20,0.7
2323,15,2,4,0,0,21,0.7142857142857143
2324,12,2,4,0,0,18,0.6666666666666666
2325,11,2,3,0,0,16,0.6875
2326,15,2,3,0,0,20,0.75
2327,14,2,4,1,0,21,0.6666666666666666
2328,14,2,3,0,0,19,0.7368421052631579
2329,13,2,4,0,0,19,0.6842105263157895
2330,16,2,4,0,0,22,0.7272727272727273
2331,15,2,4,1,0,22,0.6818181818181818
2332,14,2,4,1,0,21,0.6666666666666666
2333,15,2,4,1,0,22,0.6818181818181818
2334,12,2,3,0,0,17,0.7058823529411765
2335,10,2,3,0,0,15,0.6666666666666666
2336,11,2,3,1,0,17,0.6470588235294118
2337,10,2,3,0,0,15,0.6666666666666666
2338,10,2,4,0,0,16,0.625
2339,13,2,4,0,0,19,0.6842105263157895
2340,12,2,4,0,0,18,0.6666666666666666
2341,12,3,4,0,0,19,0.631578947368421
2342,13,2,4,0,0,19,0.6842105263157895
2343,13,2,4,0,0,19,0.6842105263157895
2344,13,2,4,1,0,20,0.65
2345,15,2,4,0,0,21,0.7142857142857143
2346,11,3,4,0,0,18,0.6111111111111112
2347,13,2,4,1,0,20,0.65
2348,14,2,3,0,0,19,0.7368421052631579
2349,10,2,3,1,0,16,0.625
2350,12,3,4,1,0,20,0.6
2351,9,2,4,0,0,15,0.6
2352,13,2,3,0,0,18,0.7222222222222222
2353,11,2,3,1,0,17,0.6470588235294118
2354,10,2,4,1,0,17,0.5882352941176471
2355,14,2,4,1,0,21,0.6666666666666666
2356,14,2,4,0,0,20,0.7
2357,11,2,3,0,0,16,0.6875
2358,14,3,4,1,0,22,0.6363636363636364
2359,10,2,4,1,0,17,0.5882352941176471
2360,12,3,4,0,0,19,0.631578947368421
2361,13,2,4,0,0,19,0.6842105263157895
2362,10,2,3,1,0,16,0.625
2363,14,3,4,0,0,21,0.6666666666666666
2364,11,2,3,1,0,17,0.6470588235294118
2365,13,2,3,1,0,19,0.6842105263157895
2366,14,2,2,0,0,18,0.7777777777777778
2367,9,2,4,1,0,16,0.5625
2368,12,2,4,1,0,19,0.631578947368421
2369,13,2,3,0,0,18,0.7222222222222222
2370,11,2,3,0,0,16,0.6875
2371,12,2,3,0,0,17,0.7058823529411765
2372,12,2,4,1,0,19,0.631578947368421
2373,13,2,4,0,0,19,0.6842105263157895
2374,15,2,4,1,0,22,0.6818181818181818
2375,15,2,4,0,0,21,0.7142857142857143
2376,15,2,4,1,0,22,0.6818181818181818
2377,15,2,4,0,0,21,0.7142857142857143
2378,12,2,4,0,0,18,0.6666666666666666
2379,11,2,4,1,0,18,0.6111111111111112
2380,13,2,4,0,0,19,0.6842105263157895
2381,10,2,3,1,0,16,0.625
2382,10,2,4,0,0,16,0.625
2383,12,2,4,0,0,18,0.6666666666666666
2384,12,2,3,1,0,18,0.6666666666666666
2385,12,2,4,0,0,18,0.6666666666666666
2386,11,2,3,1,0,17,0.6470588235294118
2387,14,2,3,0,0,19,0.7368421052631579
2388,14,2,4,0,0,20,0.7
2389,12,2,3,0,0,17,0.7058823529411765
2390,10,2,4,0,0,16,0.625
2391,10,2,4,0,0,16,0.625
2392,9,2,3,0,0,14,0.6428571428571429
2393,12,2,4,0,0,18,0.6666666666666666
2394,10,2,4,0,0,16,0.625
2395,11,2,4,0,0,17,0.6470588235294118
2396,12,2,4,0,0,18,0.6666666666666666
2397,15,2,3,0,0,20,0.75
2398,12,2,4,0,0,18,0.6666666666666666
2399,12,2,4,1,0,19,0.631578947368421
2400,11,2,4,1,0,18,0.6111111111111112
2401,13,3,4,0,0,20,0.65
2402,12,2,3,1,0,18,0.6666666666666666
2403,12,2,4,0,0,18,0.6666666666666666
2404,12,2,4,1,0,19,0.631578947368421
2405,11,2,4,1,0,18,0.6111111111111112
2406,13,2,4,1,0,20,0.65
2407,12,3,4,1,0,20,0.6
2408,12,2,4,1,0,19,0.631578947368421
2409,12,2,4,1,0,19,0.631578947368421
2410,11,2,4,1,0,18,0.6111111111111112
2411,10,2,3,1,0,16,0.625
2412,10,2,3,1,0,16,0.625
2413,14,2,4,1,0,21,0.6666666666666666
2414,12,2,4,0,0,18,0.6666666666666666
2415,11,2,3,0,0,16,0.6875
2416,14,2,4,0,0,20,0.7
2417,12,3,4,0,0,19,0.631578947368421
2418,13,2,4,1,0,20,0.65
2419,11,2,4,1,0,18,0.6111111111111112
2420,12,2,4,0,0,18,0.6666666666666666
2421,10,2,3,0,0,15,0.6666666666666666
2422,10,2,4,0,0,16,0.625
2423,11,2,4,0,0,17,0.6470588235294118
2424,11,2,3,1,0,17,0.6470588235294118
2425,10,2,4,0,0,16,0.625
2426,9,2,3,0,0,14,0.6428571428571429
2427,10,2,4,1,0,17,0.5882352941176471
2428,10,2,3,0,0,15,0.6666666666666666
2429,9,2,4,1,0,16,0.5625
2430,11,2,3,1,0,17,0.6470588235294118
2431,13,2,4,0,0,19,0.6842105263157895
2432,10,2,4,1,0,17,0.5882352941176471
2433,10,2,3,0,0,15,0.6666666666666666
2434,13,2,3,1,0,19,0.6842105263157895
2435,11,2,3,0,0,16,0.6875
2436,13,2,3,0,0,18,0.7222222222222222
2437,10,2,4,0,0,16,0.625
2438,10,2,3,0,0,15,0.6666666666666666
2439,10,2,2,1,0,15,0.6666666666666666
2440,9,2,2,1,0,14,0.6428571428571429
2441,10,2,4,0,0,16,0.625
2442,12,2,4,0,0,18,0.6666666666666666
2443,10,2,3,1,0,16,0.625
2444,11,2,3,0,0,16,0.6875
2445,11,2,2,1,0,16,0.6875
2446,11,1,3,0,0,15,0.7333333333333333
2447,10,2,3,0,0,15,0.6666666666666666
2448,11,2,3,1,0,17,0.6470588235294118
2449,11,2,3,0,0,16,0.6875
2450,9,2,3,1,0,15,0.6
2451,9,2,3,1,0,15,0.6
2452,10,2,3,1,0,16,0.625
2453,10,1,3,1,0,15,0.6666666666666666
2454,10,2,4,0,0,16,0.625
2455,12,2,3,0,0,17,0.7058823529411765
2456,10,2,3,1,0,16,0.625
2457,11,2,3,0,0,16,0.6875
2458,12,2,3,1,0,18,0.6666666666666666
2459,9,2,3,0,0,14,0.6428571428571429
2460,12,1,3,0,0,16,0.75
2461,12,2,3,1,0,18,0.6666666666666666
2462,10,1,2,1,0,14,0.7142857142857143
2463,10,2,3,1,0,16,0.625
2464,9,2,3,1,0,15,0.6
2465,9,2,2,1,0,14,0.6428571428571429
2466,10,2,2,1,0,15,0.6666666666666666
2467,12,3,3,1,0,19,0.631578947368421
2468,13,2,2,1,0,18,0.7222222222222222
2469,9,2,2,1,0,14,0.6428571428571429
2470,10,2,2,1,0,15,0.6666666666666666
2471,8,2,2,0,0,12,0.6666666666666666
2472,9,4,2,1,0,16,0.5625
2473,10,2,2,1,0,15,0.6666666666666666
2474,9,3,2,1,0,15,0.6
2475,12,3,2,1,0,18,0.6666666666666666
2476,9,2,2,1,0,14,0.6428571428571429
2477,10,2,2,1,0,15,0.6666666666666666
2478,10,2,2,1,0,15,0.6666666666666666
2479,9,2,2,1,0,14,0.6428571428571429
2480,9,2,2,1,0,14,0.6428571428571429
2481,10,2,3,1,0,16,0.625
2482,10,2,3,1,0,16,0.625
2483,9,2,3,1,0,15,0.6
2484,9,2,3,1,0,15,0.6
2485,12,2,3,0,0,17,0.7058823529411765
2486,12,2,3,0,0,17,0.7058823529411765
2487,11,3,3,1,0,18,0.6111111111111112
2488,10,2,3,1,0,16,0.625
2489,10,2,3,0,0,15,0.6666666666666666
2490,11,2,3,1,0,17,0.6470588235294118
2491,10,2,3,1,0,16,0.625
2492,9,2,3,1,0,15,0.6
2493,11,3,4,1,0,19,0.5789473684210527
2494,12,2,3,1,0,18,0.6666666666666666
2495,7,2,4,1,0,14,0.5
2496,9,2,4,1,0,16,0.5625
2497,11,2,4,0,0,17,0.6470588235294118
2498,9,2,4,1,0,16,0.5625
2499,10,2,3,1,0,16,0.625
2500,10,2,4,1,0,17,0.5882352941176471
2501,13,3,3,1,0,20,0.65
2502,11,1,3,1,0,16,0.6875
2503,9,2,3,1,0,15,0.6
2504,11,2,3,1,0,17,0.6470588235294118
2505,10,2,4,1,0,17,0.5882352941176471
2506,10,2,3,1,0,16,0.625
2507,11,2,4,1,0,18,0.6111111111111112
2508,11,2,3,1,0,17,0.6470588235294118
2509,11,2,3,1,0,17,0.6470588235294118
2510,10,2,3,1,0,16,0.625
2511,11,2,3,0,0,16,0.6875
2512,11,2,3,1,0,17,0.6470588235294118
2513,11,2,4,1,0,18,0.6111111111111112
2514,12,2,3,1,0,18,0.6666666666666666
2515,13,3,3,1,0,20,0.65
2516,11,2,3,1,0,17,0.6470588235294118
2517,10,2,3,1,0,16,0.625
2518,13,2,3,1,0,19,0.6842105263157895
2519,12,2,3,1,0,18,0.6666666666666666
2520,12,2,3,1,0,18,0.6666666666666666
2521,12,2,4,1,0,19,0.631578947368421
2522,12,1,4,1,0,18,0.6666666666666666
2523,11,2,4,1,0,18,0.6111111111111112
2524,12,1,3,1,0,17,0.7058823529411765
2525,11,1,4,1,0,17,0.6470588235294118
2526,10,2,3,1,0,16,0.625
2527,11,1,4,1,0,17,0.6470588235294118
2528,13,2,3,1,0,19,0.6842105263157895
2529,12,2,4,1,0,19,0.631578947368421
2530,14,1,4,1,0,20,0.7
2531,11,2,3,1,0,17,0.6470588235294118
2532,12,2,4,0,0,18,0.6666666666666666
2533,11,2,3,1,0,17,0.6470588235294118
2534,8,2,4,1,0,15,0.5333333333333333
2535,8,2,3,1,0,14,0.5714285714285714
2536,8,2,3,1,0,14,0.5714285714285714
2537,10,2,2,1,0,15,0.6666666666666666
2538,10,1,3,1,0,15,0.6666666666666666
2539,11,2,3,1,0,17,0.6470588235294118
2540,12,2,3,1,0,18,0.6666666666666666
2541,12,2,4,1,0,19,0.631578947368421
2542,10,2,3,1,0,16,0.625
2543,11,2,4,0,0,17,0.6470588235294118
2544,11,2,4,1,0,18,0.6111111111111112
2545,13,2,4,1,0,20,0.65
2546,8,2,3,1,0,14,0.5714285714285714
2547,10,2,4,1,0,17,0.5882352941176471
2548,11,1,4,1,0,17,0.6470588235294118
2549,12,1,4,1,0,18,0.6666666666666666
2550,11,2,4,1,0,18,0.6111111111111112
2551,11,2,4,1,0,18,0.6111111111111112
2552,13,1,3,1,0,18,0.7222222222222222
2553,13,2,3,1,0,19,0.6842105263157895
2554,11,2,3,0,0,16,0.6875
2555,11,2,3,1,0,17,0.6470588235294118
2556,7,2,3,1,0,13,0.5384615384615384
2557,10,2,3,1,0,16,0.625
2558,13,2,3,1,0,19,0.6842105263157895
2559,13,2,4,1,0,20,0.65
2560,11,3,3,1,0,18,0.6111111111111112
2561,9,2,3,1,0,15,0.6
2562,13,2,3,1,0,19,0.6842105263157895
2563,9,2,4,1,0,16,0.5625
2564,11,3,3,0,0,17,0.6470588235294118
2565,10,1,3,1,0,15,0.6666666666666666
2566,10,3,3,1,0,17,0.5882352941176471
2567,10,2,3,1,0,16,0.625
2568,11,2,3,1,0,17,0.6470588235294118
2569,11,2,3,1,0,17,0.6470588235294118
2570,9,2,4,1,0,16,0.5625
2571,12,2,3,1,0,18,0.6666666666666666
2572,12,3,3,1,0,19,0.631578947368421
2573,12,1,3,1,0,17,0.7058823529411765
2574,10,3,3,0,0,16,0.625
2575,10,2,3,0,0,15,0.6666666666666666
2576,13,2,3,1,0,19,0.6842105263157895
2577,12,3,3,1,0,19,0.631578947368421
2578,10,2,3,1,0,16,0.625
2579,12,2,3,1,0,18,0.6666666666666666
2580,12,2,4,1,0,19,0.631578947368421
2581,13,2,3,0,0,18,0.7222222222222222
2582,13,2,4,1,0,20,0.65
2583,11,2,4,1,0,18,0.6111111111111112
2584,11,2,3,1,0,17,0.6470588235294118
2585,11,2,4,1,0,18,0.6111111111111112
2586,11,3,4,0,0,18,0.6111111111111112
2587,13,3,3,1,0,20,0.65
2588,11,3,3,1,0,18,0.6111111111111112
2589,11,3,3,0,0,17,0.6470588235294118
2590,11,2,4,0,0,17,0.6470588235294118
2591,10,2,3,0,0,15,0.6666666666666666
2592,10,2,4,1,0,17,0.5882352941176471
2593,10,2,3,0,0,15,0.6666666666666666
2594,10,2,3,1,0,16,0.625
2595,10,3,3,1,0,17,0.5882352941176471
2596,11,2,3,1,0,17,0.6470588235294118
2597,9,2,4,1,0,16,0.5625
2598,10,2,4,1,0,17,0.5882352941176471
2599,12,2,4,1,0,19,0.631578947368421
2600,10,2,3,1,0,16,0.625
2601,10,1,4,1,0,16,0.625
2602,12,2,4,1,0,19,0.631578947368421
2603,13,2,3,1,0,19,0.6842105263157895
2604,13,2,3,1,0,19,0.6842105263157895
2605,10,2,3,1,0,16,0.625
2606,11,2,4,1,0,18,0.6111111111111112
2607,12,2,4,1,0,19,0.631578947368421
2608,13,2,3,1,0,19,0.6842105263157895
2609,13,2,3,1,0,19,0.6842105263157895
2610,12,2,4,0,0,18,0.6666666666666666
2611,11,2,4,1,0,18,0.6111111111111112
2612,10,3,4,1,0,18,0.5555555555555556
2613,11,2,3,1,0,17,0.6470588235294118
2614,11,2,3,1,0,17,0.6470588235294118
2615,12,2,3,0,0,17,0.7058823529411765
2616,11,2,2,1,0,16,0.6875
2617,13,2,3,1,0,19,0.6842105263157895
2618,11,2,3,1,0,17,0.6470588235294118
2619,12,2,3,1,0,18,0.6666666666666666
2620,13,2,3,1,0,19,0.6842105263157895
2621,12,3,4,1,0,20,0.6
2622,10,2,3,1,0,16,0.625
2623,11,3,3,1,0,18,0.6111111111111112
2624,12,2,3,1,0,18,0.6666666666666666
2625,9,2,3,1,0,15,0.6
2626,11,2,3,0,0,16,0.6875
2627,13,2,3,0,0,18,0.7222222222222222
2628,10,2,3,1,0,16,0.625
2629,12,2,3,1,0,18,0.6666666666666666
2630,12,2,3,0,0,17,0.7058823529411765
2631,12,2,3,0,0,17,0.7058823529411765
2632,13,2,4,0,0,19,0.6842105263157895
2633,12,2,3,0,0,17,0.7058823529411765
2634,11,1,4,1,0,17,0.6470588235294118
2635,11,1,3,0,0,15,0.7333333333333333
2636,10,2,4,0,0,16,0.625
2637,11,2,2,0,0,15,0.7333333333333333
2638,12,2,3,0,0,17,0.7058823529411765
2639,9,1,3,0,0,13,0.6923076923076923
2640,12,1,3,0,0,16,0.75
2641,12,2,3,0,0,17,0.7058823529411765
2642,9,2,3,0,0,14,0.6428571428571429
2643,10,2,3,0,0,15,0.6666666666666666
2644,10,1,3,0,0,14,0.7142857142857143
2645,11,1,3,0,0,15,0.7333333333333333
2646,10,1,3,0,0,14,0.7142857142857143
2647,11,1,3,0,0,15,0.7333333333333333
2648,11,1,2,0,0,14,0.7857142857142857
2649,12,2,2,0,0,16,0.75
2650,11,1,3,0,0,15,0.7333333333333333
2651,11,2,4,0,0,17,0.6470588235294118
2652,11,2,4,0,0,17,0.6470588235294118
2653,10,1,4,0,0,15,0.6666666666666666
2654,10,1,3,0,0,14,0.7142857142857143
2655,11,2,3,0,0,16,0.6875
2656,10,1,4,0,0,15,0.6666666666666666
2657,10,2,3,0,0,15,0.6666666666666666
2658,12,1,4,1,0,18,0.6666666666666666
2659,11,2,4,0,0,17,0.6470588235294118
2660,9,2,4,0,0,15,0.6
2661,13,2,4,0,0,19,0.6842105263157895
2662,8,1,3,0,0,12,0.6666666666666666
2663,11,2,4,0,0,17,0.6470588235294118
2664,9,2,3,0,0,14,0.6428571428571429
2665,10,1,3,1,0,15,0.6666666666666666
2666,12,1,3,0,0,16,0.75
2667,11,1,3,0,0,15,0.7333333333333333
2668,12,1,4,1,0,18,0.6666666666666666
2669,13,1,3,0,0,17,0.7647058823529411
2670,11,1,3,0,0,15,0.7333333333333333
2671,10,1,4,0,0,15,0.6666666666666666
2672,12,1,2,0,0,15,0.8
2673,13,1,3,0,0,17,0.7647058823529411
2674,13,2,3,0,0,18,0.7222222222222222
2675,11,1,4,0,0,16,0.6875
2676,14,1,3,0,0,18,0.7777777777777778
2677,13,1,2,0,0,16,0.8125
2678,14,1,3,0,0,18,0.7777777777777778
2679,11,1,3,0,0,15,0.7333333333333333
2680,12,2,3,0,0,17,0.7058823529411765
2681,11,1,3,0,0,15,0.7333333333333333
2682,13,1,3,0,0,17,0.7647058823529411
2683,10,1,2,0,0,13,0.7692307692307693
2684,12,1,2,0,0,15,0.8
2685,13,1,3,0,0,17,0.7647058823529411
2686,13,1,3,0,0,17,0.7647058823529411
2687,12,1,1,0,0,14,0.8571428571428571
2688,9,1,3,0,0,13,0.6923076923076923
2689,13,1,3,0,0,17,0.7647058823529411
2690,11,2,3,0,0,16,0.6875
2691,11,2,3,0,0,16,0.6875
2692,13,2,3,0,0,18,0.7222222222222222
2693,10,1,2,0,0,13,0.7692307692307693
2694,14,1,2,0,0,17,0.8235294117647058
2695,10,1,2,0,0,13,0.7692307692307693
2696,13,1,2,0,0,16,0.8125
2697,11,1,3,0,0,15,0.7333333333333333
2698,11,1,2,0,0,14,0.7857142857142857
2699,9,1,1,0,0,11,0.8181818181818182
2700,11,1,3,0,0,15,0.7333333333333333
2701,12,1,3,0,0,16,0.75
2702,10,1,3,0,0,14,0.7142857142857143
2703,13,1,4,0,0,18,0.7222222222222222
2704,12,1,3,0,0,16,0.75
2705,13,1,3,0,0,17,0.7647058823529411
2706,12,2,3,0,0,17,0.7058823529411765
2707,12,1,3,0,0,16,0.75
2708,12,1,3,0,0,16,0.75
2709,13,1,3,0,0,17,0.7647058823529411
2710,12,1,2,0,0,15,0.8
2711,11,2,3,0,0,16,0.6875
2712,12,2,3,0,0,17,0.7058823529411765
2713,11,1,3,0,0,15,0.7333333333333333
2714,13,2,3,0,0,18,0.7222222222222222
2715,13,2,4,0,0,19,0.6842105263157895
2716,12,1,3,0,0,16,0.75
2717,12,1,3,1,0,17,0.7058823529411765
2718,13,1,3,0,0,17,0.7647058823529411
2719,13,1,3,0,0,17,0.7647058823529411
2720,13,1,4,0,0,18,0.7222222222222222
2721,10,1,3,1,0,15,0.6666666666666666
2722,10,2,3,0,0,15,0.6666666666666666
2723,12,1,2,0,0,15,0.8
2724,12,2,3,0,0,17,0.7058823529411765
2725,13,1,3,0,0,17,0.7647058823529411
2726,11,1,3,0,0,15,0.7333333333333333
2727,13,1,3,0,0,17,0.7647058823529411
2728,12,2,4,0,0,18,0.6666666666666666
2729,13,2,3,0,0,18,0.7222222222222222
2730,11,1,3,0,0,15,0.7333333333333333
2731,10,1,3,1,0,15,0.6666666666666666
2732,11,1,3,0,0,15,0.7333333333333333
2733,12,1,3,0,0,16,0.75
2734,13,2,3,0,0,18,0.7222222222222222
2735,12,2,4,0,0,18,0.6666666666666666
2736,11,1,2,0,0,14,0.7857142857142857
2737,12,2,2,0,0,16,0.75
2738,11,1,3,0,0,15,0.7333333333333333
2739,11,1,3,0,0,15,0.7333333333333333
2740,11,1,3,0,0,15,0.7333333333333333
2741,12,1,3,1,0,17,0.7058823529411765
2742,10,2,2,0,0,14,0.7142857142857143
2743,11,2,2,0,0,15,0.7333333333333333
2744,13,1,3,1,0,18,0.7222222222222222
2745,14,1,3,1,0,19,0.7368421052631579
2746,11,1,3,0,0,15,0.7333333333333333
2747,10,2,3,0,0,15,0.6666666666666666
2748,13,2,3,0,0,18,0.7222222222222222
2749,11,2,3,0,0,16,0.6875
2750,12,1,3,0,0,16,0.75
2751,10,2,4,0,0,16,0.625
2752,13,1,3,0,0,17,0.7647058823529411
2753,9,1,3,0,0,13,0.6923076923076923
2754,11,2,3,0,0,16,0.6875
2755,10,1,3,0,0,14,0.7142857142857143
2756,13,1,2,0,0,16,0.8125
2757,12,2,3,0,0,17,0.7058823529411765
2758,13,1,3,0,0,17,0.7647058823529411
2759,12,1,3,0,0,16,0.75
2760,12,1,3,0,0,16,0.75
2761,14,1,3,0,0,18,0.7777777777777778
2762,13,1,3,0,0,17,0.7647058823529411
2763,10,1,3,0,0,14,0.7142857142857143
2764,13,1,2,0,0,16,0.8125
2765,12,1,4,0,0,17,0.7058823529411765
2766,13,2,4,0,0,19,0.6842105263157895
2767,11,1,3,0,0,15,0.7333333333333333
2768,15,1,4,0,0,20,0.75
2769,15,2,4,0,0,21,0.7142857142857143
2770,13,1,2,0,0,16,0.8125
2771,14,1,3,0,0,18,0.7777777777777778
2772,12,1,3,1,0,17,0.7058823529411765
2773,11,2,3,1,0,17,0.6470588235294118
2774,11,2,4,0,0,17,0.6470588235294118
2775,11,1,4,0,0,16,0.6875
2776,13,1,3,0,0,17,0.7647058823529411
2777,14,1,3,0,0,18,0.7777777777777778
2778,11,1,3,0,0,15,0.7333333333333333
2779,11,2,3,0,0,16,0.6875
2780,11,1,4,0,0,16,0.6875
2781,13,1,1,0,0,15,0.8666666666666667
2782,13,1,3,0,0,17,0.7647058823529411
2783,13,1,3,0,0,17,0.7647058823529411
2784,12,1,3,1,0,17,0.7058823529411765
2785,12,1,3,0,0,16,0.75
2786,13,1,3,0,0,17,0.7647058823529411
2787,12,1,3,0,0,16,0.75
2788,12,1,3,0,0,16,0.75
2789,13,1,3,1,0,18,0.7222222222222222
2790,13,1,3,0,0,17,0.7647058823529411
2791,12,2,4,1,0,19,0.631578947368421
2792,13,1,3,0,0,17,0.7647058823529411
2793,11,1,3,0,0,15,0.7333333333333333
2794,12,1,3,0,0,16,0.75
2795,13,1,2,1,0,17,0.7647058823529411
2796,11,1,3,0,0,15,0.7333333333333333
2797,12,1,3,0,0,16,0.75
2798,10,1,3,1,0,15,0.6666666666666666
2799,12,1,3,0,0,16,0.75
2800,12,1,3,0,0,16,0.75
2801,12,1,3,1,0,17,0.7058823529411765
2802,13,1,3,0,0,17,0.7647058823529411
2803,12,1,2,0,0,15,0.8
2804,14,1,4,1,0,20,0.7
2805,12,1,3,0,0,16,0.75
2806,13,1,3,0,0,17,0.7647058823529411
2807,10,1,3,0,0,14,0.7142857142857143
2808,13,1,4,0,0,18,0.7222222222222222
2809,9,1,4,0,0,14,0.6428571428571429
2810,14,1,4,0,0,19,0.7368421052631579
2811,9,2,2,0,0,13,0.6923076923076923
2812,13,2,3,1,0,19,0.6842105263157895
2813,11,1,3,0,0,15,0.7333333333333333
2814,11,1,3,0,0,15,0.7333333333333333
2815,14,1,3,0,0,18,0.7777777777777778
2816,13,1,3,0,0,17,0.7647058823529411
2817,13,1,4,0,0,18,0.7222222222222222
2818,13,1,4,0,0,18,0.7222222222222222
2819,12,1,3,0,0,16,0.75
2820,13,1,4,0,0,18,0.7222222222222222
2821,13,1,4,0,0,18,0.7222222222222222
2822,13,1,3,0,0,17,0.7647058823529411
2823,12,1,4,0,0,17,0.7058823529411765
2824,12,1,3,0,0,16,0.75
2825,13,1,3,0,0,17,0.7647058823529411
2826,14,1,3,0,0,18,0.7777777777777778
2827,14,1,2,0,0,17,0.8235294117647058
2828,14,2,2,0,0,18,0.7777777777777778
2829,13,2,3,0,0,18,0.7222222222222222
2830,13,2,3,0,0,18,0.7222222222222222
2831,9,2,3,1,0,15,0.6
2832,14,1,3,1,0,19,0.7368421052631579
2833,12,1,3,1,0,17,0.7058823529411765
2834,14,1,3,1,0,19,0.7368421052631579
2835,14,1,2,0,0,17,0.8235294117647058
2836,14,1,2,1,0,18,0.7777777777777778
2837,13,1,2,0,0,16,0.8125
2838,15,1,2,0,0,18,0.8333333333333334
2839,13,1,2,0,0,16,0.8125
2840,13,2,2,0,0,17,0.7647058823529411
2841,13,2,3,1,0,19,0.6842105263157895
2842,13,2,3,0,0,18,0.7222222222222222
2843,12,1,3,0,0,16,0.75
2844,13,2,3,0,0,18,0.7222222222222222
2845,12,2,3,0,0,17,0.7058823529411765
2846,11,2,3,0,0,16,0.6875
2847,14,1,3,0,0,18,0.7777777777777778
2848,14,3,3,0,0,20,0.7
2849,12,2,3,0,0,17,0.7058823529411765
2850,13,2,3,0,0,18,0.7222222222222222
2851,13,2,3,0,0,18,0.7222222222222222
2852,13,2,4,0,0,19,0.6842105263157895
2853,16,2,3,0,0,21,0.7619047619047619
2854,14,2,3,0,0,19,0.7368421052631579
2855,12,1,2,0,0,15,0.8
2856,15,1,2,0,0,18,0.8333333333333334
2857,14,2,2,0,0,18,0.7777777777777778
2858,12,1,1,0,0,14,0.8571428571428571
2859,14,1,2,0,0,17,0.8235294117647058
2860,13,2,2,0,0,17,0.7647058823529411
2861,13,1,2,0,0,16,0.8125
2862,14,1,2,0,0,17,0.8235294117647058
2863,13,1,2,0,0,16,0.8125
2864,14,1,2,0,0,17,0.8235294117647058
2865,14,1,2,1,0,18,0.7777777777777778
2866,14,1,3,1,0,19,0.7368421052631579
2867,14,1,2,0,0,17,0.8235294117647058
2868,14,2,3,0,0,19,0.7368421052631579
2869,12,2,3,1,0,18,0.6666666666666666
2870,12,2,3,1,0,18,0.6666666666666666
2871,13,2,3,0,0,18,0.7222222222222222
2872,12,1,3,0,0,16,0.75
2873,14,1,2,0,0,17,0.8235294117647058
2874,14,1,2,1,0,18,0.7777777777777778
2875,14,1,2,0,0,17,0.8235294117647058
2876,12,2,2,0,0,16,0.75
2877,13,1,2,0,0,16,0.8125
2878,12,1,2,0,0,15,0.8
2879,12,1,2,0,0,15,0.8
2880,15,3,2,0,0,20,0.75
2881,14,1,2,0,0,17,0.8235294117647058
2882,13,1,2,0,0,16,0.8125
2883,13,1,2,0,0,16,0.8125
2884,12,1,2,1,0,16,0.75
2885,14,1,3,0,0,18,0.7777777777777778
2886,14,1,2,0,0,17,0.8235294117647058
2887,11,1,3,0,0,15,0.7333333333333333
2888,11,1,2,1,0,15,0.7333333333333333
2889,13,1,2,1,0,17,0.7647058823529411
2890,15,1,2,0,0,18,0.8333333333333334
2891,13,1,2,0,0,16,0.8125
2892,14,1,2,0,0,17,0.8235294117647058
2893,12,1,2,0,0,15,0.8
2894,11,1,2,0,0,14,0.7857142857142857
2895,13,1,2,0,0,16,0.8125
2896,15,1,2,0,0,18,0.8333333333333334
2897,15,1,2,0,0,18,0.8333333333333334
2898,13,1,3,1,0,18,0.7222222222222222
2899,14,1,2,0,0,17,0.8235294117647058
2900,12,1,2,0,0,15,0.8
2901,16,1,2,0,0,19,0.8421052631578947
2902,14,1,2,0,0,17,0.8235294117647058
2903,14,2,2,0,0,18,0.7777777777777778
2904,14,2,2,0,0,18,0.7777777777777778
2905,15,1,2,0,0,18,0.8333333333333334
2906,12,1,2,0,0,15,0.8
2907,13,2,2,0,0,17,0.7647058823529411
2908,15,1,2,1,0,19,0.7894736842105263
2909,13,2,2,1,0,18,0.7222222222222222
2910,13,1,2,0,0,16,0.8125
2911,13,1,2,0,0,16,0.8125
2912,13,1,3,0,0,17,0.7647058823529411
2913,14,1,2,0,0,17,0.8235294117647058
2914,13,2,2,0,0,17,0.7647058823529411
2915,14,1,2,1,0,18,0.7777777777777778
2916,12,1,2,1,0,16,0.75
2917,14,1,2,0,0,17,0.8235294117647058
2918,12,1,2,0,0,15,0.8
2919,14,2,2,0,0,18,0.7777777777777778
2920,10,2,2,0,0,14,0.7142857142857143
2921,12,1,2,0,0,15,0.8
2922,11,1,2,0,0,14,0.7857142857142857
2923,13,1,2,0,0,16,0.8125
2924,13,1,2,0,0,16,0.8125
2925,13,1,2,0,0,16,0.8125
2926,15,2,2,0,0,19,0.7894736842105263
2927,13,2,3,0,0,18,0.7222222222222222
2928,13,1,2,0,0,16,0.8125
2929,13,1,2,0,0,16,0.8125
2930,12,1,2,0,0,15,0.8
2931,11,1,3,0,0,15,0.7333333333333333
2932,14,3,3,0,0,20,0.7
2933,13,1,2,0,0,16,0.8125
2934,13,2,2,0,0,17,0.7647058823529411
2935,12,1,2,0,0,15,0.8
2936,13,1,2,0,0,16,0.8125
2937,12,1,2,0,0,15,0.8
2938,13,1,2,0,0,16,0.8125
2939,14,1,1,0,0,16,0.875
2940,13,1,1,0,0,15,0.8666666666666667
2941,11,1,2,0,0,14,0.7857142857142857
2942,13,1,2,0,0,16,0.8125
2943,14,1,2,0,0,17,0.8235294117647058
2944,13,1,2,0,0,16,0.8125
2945,10,1,2,0,0,13,0.7692307692307693
2946,10,1,2,0,0,13,0.7692307692307693
2947,11,1,2,0,0,14,0.7857142857142857
2948,14,2,1,0,0,17,0.8235294117647058
2949,13,1,1,0,0,15,0.8666666666666667
2950,14,2,2,0,0,18,0.7777777777777778
2951,13,1,2,0,0,16,0.8125
2952,10,1,1,0,0,12,0.8333333333333334
2953,12,2,2,0,0,16,0.75
2954,11,1,2,0,0,14,0.7857142857142857
2955,15,1,2,0,0,18,0.8333333333333334
2956,11,1,2,0,0,14,0.7857142857142857
2957,10,1,2,0,0,13,0.7692307692307693
2958,11,1,2,0,0,14,0.7857142857142857
2959,12,1,2,0,0,15,0.8
2960,12,2,2,0,0,16,0.75
2961,11,2,2,0,0,15,0.7333333333333333
2962,11,2,2,0,0,15,0.7333333333333333
2963,12,1,2,0,0,15,0.8
2964,13,2,2,0,0,17,0.7647058823529411
2965,13,2,2,0,0,17,0.7647058823529411
2966,11,1,2,0,0,14,0.7857142857142857
2967,13,1,2,0,0,16,0.8125
2968,13,1,2,0,0,16,0.8125
2969,11,1,2,0,0,14,0.7857142857142857
2970,13,2,2,0,0,17,0.7647058823529411
2971,10,1,2,0,0,13,0.7692307692307693
2972,15,2,2,0,0,19,0.7894736842105263
2973,14,1,2,0,0,17,0.8235294117647058
2974,12,1,2,0,0,15,0.8
2975,13,2,2,0,0,17,0.7647058823529411
2976,12,1,2,0,0,15,0.8
2977,13,1,2,0,0,16,0.8125
2978,11,2,2,0,0,15,0.7333333333333333
2979,12,2,2,0,0,16,0.75
2980,12,2,2,0,0,16,0.75
2981,14,1,2,0,0,17,0.8235294117647058
2982,15,1,2,0,0,18,0.8333333333333334
2983,13,1,2,0,0,16,0.8125
2984,10,2,2,0,0,14,0.7142857142857143
2985,12,2,2,0,0,16,0.75
2986,12,2,2,0,0,16,0.75
2987,13,1,2,0,0,16,0.8125
2988,13,1,2,0,0,16,0.8125
2989,13,2,2,0,0,17,0.7647058823529411
2990,12,1,2,0,0,15,0.8
2991,10,2,2,0,0,14,0.7142857142857143
2992,12,1,2,0,0,15,0.8
2993,14,1,1,0,0,16,0.875
2994,11,2,2,0,0,15,0.7333333333333333
2995,13,1,2,0,0,16,0.8125
2996,14,1,1,0,0,16,0.875
2997,12,1,2,1,0,16,0.75
2998,13,1,2,0,0,16,0.8125
2999,12,1,2,0,0,15,0.8
3000,14,2,2,0,0,18,0.7777777777777778
3001,14,1,2,0,0,17,0.8235294117647058
3002,13,1,2,0,0,16,0.8125
3003,13,1,2,0,0,16,0.8125
3004,12,1,2,0,0,15,0.8
3005,11,0,2,1,0,14,0.7857142857142857
3006,12,2,2,0,0,16,0.75
3007,15,1,2,0,0,18,0.8333333333333334
3008,13,2,2,0,0,17,0.7647058823529411
3009,12,2,2,0,0,16,0.75
3010,12,1,2,0,0,15,0.8
3011,11,1,1,0,0,13,0.8461538461538461
3012,13,1,2,0,0,16,0.8125
3013,14,1,2,0,0,17,0.8235294117647058
3014,13,2,2,0,0,17,0.7647058823529411
3015,13,1,2,0,0,16,0.8125
3016,12,1,1,0,0,14,0.8571428571428571
3017,15,3,1,0,0,19,0.7894736842105263
3018,12,1,2,0,0,15,0.8
3019,14,1,1,0,0,16,0.875
3020,14,1,2,0,0,17,0.8235294117647058
3021,13,1,1,0,0,15,0.8666666666666667
3022,13,1,2,0,0,16,0.8125
3023,13,1,2,2,0,18,0.7222222222222222
3024,13,1,2,1,0,17,0.7647058823529411
3025,13,1,2,0,0,16,0.8125
3026,14,1,2,1,0,18,0.7777777777777778
3027,11,1,2,1,0,15,0.7333333333333333
3028,13,1,2,1,0,17,0.7647058823529411
3029,12,1,2,0,0,15,0.8
3030,15,1,2,2,0,20,0.75
3031,14,1,2,1,0,18,0.7777777777777778
3032,16,1,2,2,0,21,0.7619047619047619
3033,14,1,2,1,0,18,0.7777777777777778
3034,13,1,3,2,0,19,0.6842105263157895
3035,14,2,2,0,0,18,0.7777777777777778
3036,13,2,2,0,0,17,0.7647058823529411
3037,13,1,2,0,0,16,0.8125
3038,13,1,2,0,0,16,0.8125
3039,14,2,2,0,0,18,0.7777777777777778
3040,13,1,2,0,0,16,0.8125
3041,13,1,2,0,0,16,0.8125
3042,14,1,2,1,0,18,0.7777777777777778
3043,13,2,2,1,0,18,0.7222222222222222
3044,12,1,2,0,0,15,0.8
3045,13,1,2,0,0,16,0.8125
3046,12,1,2,0,0,15,0.8
3047,12,1,2,0,0,15,0.8
3048,15,2,2,1,0,20,0.75
3049,12,1,2,1,0,16,0.75
3050,13,2,2,1,0,18,0.7222222222222222
3051,13,1,2,0,0,16,0.8125
3052,10,1,2,0,0,13,0.7692307692307693
3053,13,2,1,0,0,16,0.8125
3054,14,1,2,0,0,17,0.8235294117647058
3055,13,1,2,1,0,17,0.7647058823529411
3056,14,1,2,1,0,18,0.7777777777777778
3057,13,1,4,1,0,19,0.6842105263157895
3058,13,1,3,1,0,18,0.7222222222222222
3059,15,1,2,1,0,19,0.7894736842105263
3060,12,1,2,0,0,15,0.8
3061,13,1,2,0,0,16,0.8125
3062,14,1,2,0,0,17,0.8235294117647058
3063,13,1,2,0,0,16,0.8125
3064,13,1,2,0,0,16,0.8125
3065,13,2,2,0,0,17,0.7647058823529411
3066,13,1,2,0,0,16,0.8125
3067,14,1,2,0,0,17,0.8235294117647058
3068,10,1,2,0,0,13,0.7692307692307693
3069,13,1,2,0,0,16,0.8125
3070,10,1,2,0,0,13,0.7692307692307693
3071,13,1,2,0,0,16,0.8125
3072,14,1,2,0,0,17,0.8235294117647058
3073,15,1,2,0,0,18,0.8333333333333334
3074,12,2,2,0,0,16,0.75
3075,13,1,2,0,0,16,0.8125
3076,10,1,2,0,0,13,0.7692307692307693
3077,13,1,2,0,0,16,0.8125
3078,14,1,2,1,0,18,0.7777777777777778
3079,11,2,2,0,0,15,0.7333333333333333
3080,13,1,2,1,0,17,0.7647058823529411
3081,15,1,2,1,0,19,0.7894736842105263
3082,14,1,2,1,0,18,0.7777777777777778
3083,12,1,2,0,0,15,0.8
3084,13,1,2,1,0,17,0.7647058823529411
3085,14,1,2,1,0,18,0.7777777777777778
3086,13,1,2,1,0,17,0.7647058823529411
3087,14,1,2,1,0,18,0.7777777777777778
3088,13,1,2,0,0,16,0.8125
3089,14,1,2,1,0,18,0.7777777777777778
3090,13,1,2,1,0,17,0.7647058823529411
3091,14,1,2,0,0,17,0.8235294117647058
3092,13,1,3,1,0,18,0.7222222222222222
3093,13,1,2,1,0,17,0.7647058823529411
3094,11,1,1,0,0,13,0.8461538461538461
3095,13,1,2,0,0,16,0.8125
3096,14,1,2,0,0,17,0.8235294117647058
3097,13,1,2,0,0,16,0.8125
3098,11,1,2,0,0,14,0.7857142857142857
3099,13,1,2,0,0,16,0.8125
3100,14,1,2,0,0,17,0.8235294117647058
3101,14,1,2,0,0,17,0.8235294117647058
3102,13,1,2,1,0,17,0.7647058823529411
3103,14,1,2,0,0,17,0.8235294117647058
3104,13,1,2,0,0,16,0.8125
3105,13,1,2,0,0,16,0.8125
3106,11,1,2,0,0,14,0.7857142857142857
3107,12,2,2,0,0,16,0.75
3108,12,1,2,0,0,15,0.8
3109,13,1,2,0,0,16,0.8125
3110,13,2,2,0,0,17,0.7647058823529411
3111,13,2,2,1,0,18,0.7222222222222222
3112,11,1,2,0,0,14,0.7857142857142857
3113,13,1,2,0,0,16,0.8125
3114,14,1,2,0,0,17,0.8235294117647058
3115,12,2,1,0,0,15,0.8
3116,13,1,2,0,0,16,0.8125
3117,13,1,2,0,0,16,0.8125
3118,15,1,2,0,0,18,0.8333333333333334
3119,14,1,2,0,0,17,0.8235294117647058
3120,14,2,2,0,0,18,0.7777777777777778
3121,14,1,1,0,0,16,0.875
3122,13,1,2,0,0,16,0.8125
3123,13,1,2,0,0,16,0.8125
3124,15,1,2,0,0,18,0.8333333333333334
3125,13,1,2,0,0,16,0.8125
3126,15,1,2,0,0,18,0.8333333333333334
3127,14,1,2,0,0,17,0.8235294117647058
3128,15,1,2,0,0,18,0.8333333333333334
3129,13,1,2,0,0,16,0.8125
3130,11,1,2,0,0,14,0.7857142857142857
3131,11,1,2,0,0,14,0.7857142857142857
3132,11,1,2,0,0,14,0.7857142857142857
3133,12,1,2,1,0,16,0.75
3134,14,1,3,1,0,19,0.7368421052631579
3135,11,1,2,0,0,14,0.7857142857142857
3136,13,1,2,0,0,16,0.8125
3137,14,1,2,0,0,17,0.8235294117647058
3138,12,1,2,0,0,15,0.8
3139,11,1,2,1,0,15,0.7333333333333333
3140,14,1,2,1,0,18,0.7777777777777778
3141,10,1,2,0,0,13,0.7692307692307693
3142,12,1,2,1,0,16,0.75
3143,14,1,2,0,0,17,0.8235294117647058
3144,11,1,2,0,0,14,0.7857142857142857
3145,13,1,2,0,0,16,0.8125
3146,13,1,2,0,0,16,0.8125
3147,11,1,2,0,0,14,0.7857142857142857
3148,13,2,2,0,0,17,0.7647058823529411
3149,12,1,2,0,0,15,0.8
3150,13,1,2,0,0,16,0.8125
3151,13,1,2,0,0,16,0.8125
3152,13,1,1,0,0,15,0.8666666666666667
3153,14,2,1,0,0,17,0.8235294117647058
3154,11,1,2,0,0,14,0.7857142857142857
3155,12,1,2,0,0,15,0.8
3156,13,1,2,0,0,16,0.8125
3157,13,1,2,0,0,16,0.8125
3158,12,1,2,0,0,15,0.8
3159,13,1,2,0,0,16,0.8125
3160,12,1,2,0,0,15,0.8
3161,13,1,2,0,0,16,0.8125
3162,12,1,2,0,0,15,0.8
3163,14,1,2,0,0,17,0.8235294117647058
3164,14,2,2,0,0,18,0.7777777777777778
3165,12,1,2,0,0,15,0.8
3166,14,1,2,0,0,17,0.8235294117647058
3167,14,1,2,0,0,17,0.8235294117647058
3168,16,1,2,0,0,19,0.8421052631578947
3169,14,1,2,0,0,17,0.8235294117647058
3170,11,1,2,0,0,14,0.7857142857142857
3171,12,1,2,0,0,15,0.8
3172,12,1,2,0,0,15,0.8
3173,11,1,2,0,0,14,0.7857142857142857
3174,13,1,2,0,0,16,0.8125
3175,15,1,2,0,0,18,0.8333333333333334
3176,15,1,2,0,0,18,0.8333333333333334
3177,13,1,2,0,0,16,0.8125
3178,13,1,2,0,0,16,0.8125
3179,14,1,2,0,0,17,0.8235294117647058
3180,12,1,2,0,0,15,0.8
3181,13,2,2,0,0,17,0.7647058823529411
3182,13,1,2,0,0,16,0.8125
3183,12,2,2,0,0,16,0.75
3184,13,1,1,0,0,15,0.8666666666666667
3185,11,2,2,0,0,15,0.7333333333333333
3186,13,1,2,0,0,16,0.8125
3187,14,1,2,0,0,17,0.8235294117647058
3188,13,1,2,0,0,16,0.8125
3189,14,1,1,0,0,16,0.875
3190,12,1,2,0,0,15,0.8
3191,12,1,2,0,0,15,0.8
3192,15,1,2,0,0,18,0.8333333333333334
3193,11,1,3,0,0,15,0.7333333333333333
3194,13,1,2,0,0,16,0.8125
3195,12,1,2,0,0,15,0.8
3196,13,1,1,0,0,15,0.8666666666666667
3197,14,2,2,0,0,18,0.7777777777777778
3198,14,2,2,0,0,18,0.7777777777777778
3199,13,1,2,0,0,16,0.8125
3200,13,2,2,0,0,17,0.7647058823529411
3201,12,1,2,0,0,15,0.8
3202,13,1,2,0,0,16,0.8125
3203,12,2,2,0,0,16,0.75
3204,11,1,2,1,0,15,0.7333333333333333
3205,12,2,2,0,0,16,0.75
3206,14,1,2,1,0,18,0.7777777777777778
3207,11,1,2,1,0,15,0.7333333333333333
3208,13,1,2,0,0,16,0.8125
3209,12,1,2,1,0,16,0.75
3210,12,1,2,1,0,16,0.75
3211,13,1,2,0,0,16,0.8125
3212,12,1,2,0,0,15,0.8
3213,14,1,2,0,0,17,0.8235294117647058
3214,13,1,2,1,0,17,0.7647058823529411
3215,13,3,2,0,0,18,0.7222222222222222
3216,14,1,2,1,0,18,0.7777777777777778
3217,15,1,2,0,0,18,0.8333333333333334
3218,13,1,2,0,0,16,0.8125
3219,14,1,2,1,0,18,0.7777777777777778
3220,14,1,2,1,0,18,0.7777777777777778
3221,15,1,2,1,0,19,0.7894736842105263
3222,13,1,2,1,0,17,0.7647058823529411
3223,14,2,2,1,0,19,0.7368421052631579
3224,16,1,2,1,0,20,0.8
3225,15,1,3,1,0,20,0.75
3226,14,2,2,0,0,18,0.7777777777777778
3227,15,1,2,0,0,18,0.8333333333333334
3228,13,1,2,1,0,17,0.7647058823529411
3229,15,1,3,1,0,20,0.75
3230,15,1,2,1,0,19,0.7894736842105263
3231,12,1,2,1,0,16,0.75
3232,15,1,2,0,0,18,0.8333333333333334
3233,12,1,2,0,0,15,0.8
3234,14,1,2,0,0,17,0.8235294117647058
3235,15,1,2,1,0,19,0.7894736842105263
3236,14,1,2,0,0,17,0.8235294117647058
3237,14,1,2,0,0,17,0.8235294117647058
3238,13,1,2,0,0,16,0.8125
3239,14,1,2,0,0,17,0.8235294117647058
3240,13,1,2,0,0,16,0.8125
3241,13,1,2,1,0,17,0.7647058823529411
3242,17,1,2,1,0,21,0.8095238095238095
3243,13,1,2,0,0,16,0.8125
3244,14,1,2,0,0,17,0.8235294117647058
3245,13,1,2,0,0,16,0.8125
3246,14,1,2,0,0,17,0.8235294117647058
3247,13,1,2,0,0,16,0.8125
3248,13,1,2,0,0,16,0.8125
3249,11,1,2,0,0,14,0.7857142857142857
3250,13,1,2,0,0,16,0.8125
3251,13,1,2,0,0,16,0.8125
3252,14,1,2,0,0,17,0.8235294117647058
3253,13,1,2,0,0,16,0.8125
3254,14,1,2,0,0,17,0.8235294117647058
3255,13,1,2,0,0,16,0.8125
3256,13,1,2,0,0,16,0.8125
3257,13,1,2,0,0,16,0.8125
3258,14,1,2,0,0,17,0.8235294117647058
3259,11,1,2,0,0,14,0.7857142857142857
3260,14,1,2,0,0,17,0.8235294117647058
3261,14,1,2,0,0,17,0.8235294117647058
3262,14,1,2,0,0,17,0.8235294117647058
3263,13,1,2,0,0,16,0.8125
3264,14,1,2,0,0,17,0.8235294117647058
3265,15,1,2,0,0,18,0.8333333333333334
3266,15,1,2,0,0,18,0.8333333333333334
3267,14,1,2,1,0,18,0.7777777777777778
3268,15,1,2,0,0,18,0.8333333333333334
3269,14,1,2,0,0,17,0.8235294117647058
3270,13,1,2,0,0,16,0.8125
3271,13,1,2,0,0,16,0.8125
3272,14,1,3,0,0,18,0.7777777777777778
3273,13,1,2,0,0,16,0.8125
3274,12,1,2,0,0,15,0.8
3275,11,1,2,0,0,14,0.7857142857142857
3276,12,2,2,0,0,16,0.75
3277,11,1,2,0,0,14,0.7857142857142857
3278,13,1,2,0,0,16,0.8125
3279,14,2,2,0,0,18,0.7777777777777778
3280,14,1,2,0,0,17,0.8235294117647058
3281,15,2,2,0,0,19,0.7894736842105263
3282,14,1,2,0,0,17,0.8235294117647058
3283,12,1,2,0,0,15,0.8
3284,14,1,2,0,0,17,0.8235294117647058
3285,14,1,2,0,0,17,0.8235294117647058
3286,11,2,2,0,0,15,0.7333333333333333
3287,11,1,2,0,0,14,0.7857142857142857
3288,13,1,2,0,0,16,0.8125
3289,13,2,1,0,0,16,0.8125
3290,14,1,2,0,0,17,0.8235294117647058
3291,15,1,2,0,0,18,0.8333333333333334
3292,14,1,2,0,0,17,0.8235294117647058
3293,15,1,1,0,0,17,0.8823529411764706
3294,15,1,2,0,0,18,0.8333333333333334
3295,13,1,3,0,0,17,0.7647058823529411
3296,15,1,2,0,0,18,0.8333333333333334
3297,13,2,2,0,0,17,0.7647058823529411
3298,13,2,2,0,0,17,0.7647058823529411
3299,13,2,2,0,0,17,0.7647058823529411
3300,13,2,2,0,0,17,0.7647058823529411
3301,15,1,2,0,0,18,0.8333333333333334
3302,14,1,2,0,0,17,0.8235294117647058
3303,14,2,2,0,0,18,0.7777777777777778
3304,14,1,2,1,0,18,0.7777777777777778
3305,13,1,2,0,0,16,0.8125
3306,11,2,2,0,0,15,0.7333333333333333
3307,12,1,2,0,0,15,0.8
3308,11,1,2,0,0,14,0.7857142857142857
3309,14,1,2,0,0,17,0.8235294117647058
3310,13,1,2,0,0,16,0.8125
3311,11,1,2,0,0,14,0.7857142857142857
3312,12,1,2,0,0,15,0.8
3313,14,1,2,0,0,17,0.8235294117647058
3314,12,1,1,0,0,14,0.8571428571428571
3315,12,1,1,0,0,14,0.8571428571428571
3316,11,1,2,0,0,14,0.7857142857142857
3317,14,1,2,0,0,17,0.8235294117647058
3318,11,1,2,0,0,14,0.7857142857142857
3319,13,1,2,0,0,16,0.8125
3320,12,1,2,0,0,15,0.8
3321,13,1,2,0,0,16,0.8125
3322,14,1,2,0,0,17,0.8235294117647058
3323,13,1,2,1,0,17,0.7647058823529411
3324,14,1,2,0,0,17,0.8235294117647058
3325,14,1,1,0,0,16,0.875
3326,12,1,2,0,0,15,0.8
3327,15,1,2,1,0,19,0.7894736842105263
3328,13,1,2,0,0,16,0.8125
3329,14,1,2,1,0,18,0.7777777777777778
3330,14,1,2,1,0,18,0.7777777777777778
3331,14,1,2,0,0,17,0.8235294117647058
3332,14,1,3,0,0,18,0.7777777777777778
3333,13,1,2,0,0,16,0.8125
3334,15,1,2,0,0,18,0.8333333333333334
3335,14,1,2,0,0,17,0.8235294117647058
3336,14,1,2,0,0,17,0.8235294117647058
3337,11,1,2,0,0,14,0.7857142857142857
3338,12,1,2,0,0,15,0.8
3339,14,1,3,0,0,18,0.7777777777777778
3340,13,1,2,0,0,16,0.8125
3341,13,1,2,0,0,16,0.8125
3342,15,1,3,0,0,19,0.7894736842105263
3343,15,1,2,0,0,18,0.8333333333333334
3344,14,1,2,0,0,17,0.8235294117647058
3345,14,1,1,0,0,16,0.875
3346,12,1,2,0,0,15,0.8
3347,12,1,2,0,0,15,0.8
3348,14,1,2,0,0,17,0.8235294117647058
3349,14,1,2,0,0,17,0.8235294117647058
3350,15,1,2,0,0,18,0.8333333333333334
3351,13,1,2,0,0,16,0.8125
3352,14,1,2,0,0,17,0.8235294117647058
3353,12,1,2,0,0,15,0.8
3354,12,1,2,1,0,16,0.75
3355,13,1,2,1,0,17,0.7647058823529411
3356,14,1,2,1,0,18,0.7777777777777778
3357,13,1,1,0,0,15,0.8666666666666667
3358,12,2,2,0,0,16,0.75
3359,13,1,2,1,0,17,0.7647058823529411
3360,13,2,3,0,0,18,0.7222222222222222
3361,13,1,2,0,0,16,0.8125
3362,13,1,2,1,0,17,0.7647058823529411
3363,12,1,2,0,0,15,0.8
3364,13,1,2,0,0,16,0.8125
3365,11,1,2,0,0,14,0.7857142857142857
3366,12,1,2,0,0,15,0.8
3367,13,1,2,0,0,16,0.8125
3368,12,1,2,0,0,15,0.8
3369,13,1,2,0,0,16,0.8125
3370,14,1,2,0,0,17,0.8235294117647058
3371,14,1,2,0,0,17,0.8235294117647058
3372,11,1,2,0,0,14,0.7857142857142857
3373,13,1,2,0,0,16,0.8125
3374,12,1,2,0,0,15,0.8
3375,14,1,2,0,0,17,0.8235294117647058
3376,12,1,3,0,0,16,0.75
3377,13,1,2,0,0,16,0.8125
3378,12,1,1,0,0,14,0.8571428571428571
3379,15,1,1,0,0,17,0.8823529411764706
3380,14,1,1,0,0,16,0.875
3381,13,1,2,0,0,16,0.8125
3382,15,1,2,0,0,18,0.8333333333333334
3383,13,1,2,0,0,16,0.8125
3384,13,1,2,0,0,16,0.8125
3385,12,1,1,0,0,14,0.8571428571428571
3386,13,2,2,0,0,17,0.7647058823529411
3387,15,1,2,0,0,18,0.8333333333333334
3388,12,1,2,0,0,15,0.8
3389,14,1,2,0,0,17,0.8235294117647058
3390,12,2,2,0,0,16,0.75
3391,14,2,2,0,0,18,0.7777777777777778
3392,13,2,2,0,0,17,0.7647058823529411
3393,12,1,2,0,0,15,0.8
3394,14,2,2,0,0,18,0.7777777777777778
3395,15,1,2,0,0,18,0.8333333333333334
3396,13,1,2,0,0,16,0.8125
3397,15,1,2,0,0,18,0.8333333333333334
3398,14,1,2,0,0,17,0.8235294117647058
3399,13,1,2,0,0,16,0.8125
3400,13,1,2,1,0,17,0.7647058823529411
3401,13,1,2,0,0,16,0.8125
3402,13,1,2,1,0,17,0.7647058823529411
3403,15,1,2,1,0,19,0.7894736842105263
3404,15,1,2,1,0,19,0.7894736842105263
3405,14,1,2,0,0,17,0.8235294117647058
3406,13,1,2,0,0,16,0.8125
3407,11,1,2,0,0,14,0.7857142857142857
3408,14,1,3,0,0,18,0.7777777777777778
3409,13,1,2,0,0,16,0.8125
3410,13,2,2,0,0,17,0.7647058823529411
3411,13,1,2,0,0,16,0.8125
3412,12,1,2,1,0,16,0.75
3413,12,1,2,0,0,15,0.8
3414,12,1,2,1,0,16,0.75
3415,12,1,2,1,0,16,0.75
3416,13,1,2,0,0,16,0.8125
3417,11,1,2,0,0,14,0.7857142857142857
3418,12,1,2,0,0,15,0.8
3419,11,1,2,1,0,15,0.7333333333333333
3420,15,1,2,0,0,18,0.8333333333333334
3421,15,1,2,0,0,18,0.8333333333333334
3422,12,1,2,0,0,15,0.8
3423,14,1,2,1,0,18,0.7777777777777778
3424,14,1,2,1,0,18,0.7777777777777778
3425,11,1,2,1,0,15,0.7333333333333333
3426,14,1,2,0,0,17,0.8235294117647058
3427,14,1,2,1,0,18,0.7777777777777778
3428,13,1,2,1,0,17,0.7647058823529411
3429,13,1,2,0,0,16,0.8125
3430,11,2,2,0,0,15,0.7333333333333333
3431,13,1,2,0,0,16,0.8125
3432,11,1,1,0,0,13,0.8461538461538461
3433,12,1,2,0,0,15,0.8
3434,10,1,3,1,0,15,0.6666666666666666
3435,12,1,2,0,0,15,0.8
3436,13,1,2,1,0,17,0.7647058823529411
3437,12,1,2,0,0,15,0.8
3438,14,1,2,0,0,17,0.8235294117647058
3439,14,1,2,0,0,17,0.8235294117647058
3440,13,1,2,1,0,17,0.7647058823529411
3441,13,1,2,1,0,17,0.7647058823529411
3442,15,1,2,0,0,18,0.8333333333333334
3443,13,1,2,0,0,16,0.8125
3444,13,1,2,0,0,16,0.8125
3445,12,1,2,0,0,15,0.8
3446,13,1,2,0,0,16,0.8125
3447,14,1,2,0,0,17,0.8235294117647058
3448,12,1,2,0,0,15,0.8
3449,14,1,2,0,0,17,0.8235294117647058
3450,12,1,2,0,0,15,0.8
3451,13,1,2,0,0,16,0.8125
3452,13,1,2,0,0,16,0.8125
3453,11,1,2,0,0,14,0.7857142857142857
3454,12,1,3,0,0,16,0.75
3455,14,1,2,0,0,17,0.8235294117647058
3456,14,1,2,0,0,17,0.8235294117647058
3457,15,1,3,0,0,19,0.7894736842105263
3458,12,3,2,0,0,17,0.7058823529411765
3459,12,2,2,0,0,16,0.75
3460,13,1,3,0,0,17,0.7647058823529411
3461,13,1,2,0,0,16,0.8125
3462,12,1,3,0,0,16,0.75
3463,12,1,3,0,0,16,0.75
3464,13,1,2,0,0,16,0.8125
3465,12,1,2,0,0,15,0.8
3466,13,1,2,0,0,16,0.8125
3467,12,1,2,0,0,15,0.8
3468,13,1,3,0,0,17,0.7647058823529411
3469,13,1,3,0,0,17,0.7647058823529411
3470,13,1,3,0,0,17,0.7647058823529411
3471,14,1,3,0,0,18,0.7777777777777778
3472,13,1,3,0,0,17,0.7647058823529411
3473,11,1,3,0,0,15,0.7333333333333333
3474,11,2,2,0,0,15,0.7333333333333333
3475,13,2,2,0,0,17,0.7647058823529411
3476,12,1,2,0,0,15,0.8
3477,12,1,2,0,0,15,0.8
3478,12,1,2,0,0,15,0.8
3479,13,1,2,0,0,16,0.8125
3480,13,1,2,0,0,16,0.8125
3481,13,1,2,0,0,16,0.8125
3482,14,1,2,0,0,17,0.8235294117647058
3483,14,1,2,0,0,17,0.8235294117647058
3484,11,1,2,1,0,15,0.7333333333333333
3485,13,2,2,0,0,17,0.7647058823529411
3486,13,1,2,1,0,17,0.7647058823529411
3487,12,1,2,0,0,15,0.8
3488,13,2,2,0,0,17,0.7647058823529411
3489,12,1,2,0,0,15,0.8
3490,12,2,3,0,0,17,0.7058823529411765
3491,11,1,2,0,0,14,0.7857142857142857
3492,13,1,2,0,0,16,0.8125
3493,14,1,3,0,0,18,0.7777777777777778
3494,14,1,2,0,0,17,0.8235294117647058
3495,14,1,3,0,0,18,0.7777777777777778
3496,14,2,2,0,0,18,0.7777777777777778
3497,14,1,2,0,0,17,0.8235294117647058
3498,14,1,2,0,0,17,0.8235294117647058
3499,13,1,3,0,0,17,0.7647058823529411
3500,14,1,3,0,0,18,0.7777777777777778
3501,14,1,2,0,0,17,0.8235294117647058
3502,15,1,3,0,0,19,0.7894736842105263
3503,14,1,3,0,0,18,0.7777777777777778
3504,13,1,2,0,0,16,0.8125
3505,14,1,3,0,0,18,0.7777777777777778
3506,13,1,2,0,0,16,0.8125
3507,14,2,3,0,0,19,0.7368421052631579
3508,15,1,2,0,0,18,0.8333333333333334
3509,15,1,2,0,0,18,0.8333333333333334
3510,14,1,2,0,0,17,0.8235294117647058
3511,14,1,2,0,0,17,0.8235294117647058
3512,13,1,2,0,0,16,0.8125
3513,14,1,2,0,0,17,0.8235294117647058
3514,13,1,2,0,0,16,0.8125
3515,15,1,2,0,0,18,0.8333333333333334
3516,15,1,2,0,0,18,0.8333333333333334
3517,13,1,2,0,0,16,0.8125
3518,14,1,3,0,0,18,0.7777777777777778
3519,14,1,3,0,0,18,0.7777777777777778
3520,12,2,2,0,0,16,0.75
3521,14,1,2,0,0,17,0.8235294117647058
3522,12,2,2,0,0,16,0.75
3523,13,1,2,0,0,16,0.8125
3524,13,1,2,0,0,16,0.8125
3525,12,2,2,0,0,16,0.75
3526,14,2,2,0,0,18,0.7777777777777778
3527,12,2,3,0,0,17,0.7058823529411765
3528,13,2,2,0,0,17,0.7647058823529411
3529,13,2,2,0,0,17,0.7647058823529411
3530,13,1,2,0,0,16,0.8125
3531,14,2,2,0,0,18,0.7777777777777778
3532,13,1,2,0,0,16,0.8125
3533,14,2,2,1,0,19,0.7368421052631579
3534,13,2,2,0,0,17,0.7647058823529411
3535,14,2,2,0,0,18,0.7777777777777778
3536,15,1,2,0,0,18,0.8333333333333334
3537,15,1,2,0,0,18,0.8333333333333334
3538,14,2,2,0,0,18,0.7777777777777778
3539,15,1,2,0,0,18,0.8333333333333334
3540,13,1,2,0,0,16,0.8125
3541,14,1,1,0,0,16,0.875
3542,14,1,2,0,0,17,0.8235294117647058
3543,14,1,2,0,0,17,0.8235294117647058
3544,14,1,2,0,0,17,0.8235294117647058
3545,13,2,2,0,0,17,0.7647058823529411
3546,15,1,2,0,0,18,0.8333333333333334
3547,14,1,2,0,0,17,0.8235294117647058
3548,13,1,2,0,0,16,0.8125
3549,12,1,3,0,0,16,0.75
3550,13,1,2,0,0,16,0.8125
3551,12,1,2,0,0,15,0.8
3552,14,1,2,0,0,17,0.8235294117647058
3553,14,1,2,0,0,17,0.8235294117647058
3554,14,1,2,0,0,17,0.8235294117647058
3555,12,1,2,0,0,15,0.8
3556,15,1,2,0,0,18,0.8333333333333334
3557,14,1,2,0,0,17,0.8235294117647058
3558,13,1,3,0,0,17,0.7647058823529411
3559,14,2,2,0,0,18,0.7777777777777778
3560,10,1,2,0,0,13,0.7692307692307693
3561,11,2,2,0,0,15,0.7333333333333333
3562,12,1,2,0,0,15,0.8
3563,12,1,2,0,0,15,0.8
3564,12,1,2,0,0,15,0.8
3565,12,1,2,0,0,15,0.8
3566,12,1,2,0,0,15,0.8
3567,15,1,2,0,0,18,0.8333333333333334
3568,13,1,2,0,0,16,0.8125
3569,15,1,2,0,0,18,0.8333333333333334
3570,15,1,2,0,0,18,0.8333333333333334
3571,13,3,2,0,0,18,0.7222222222222222
3572,12,1,2,0,0,15,0.8
3573,13,1,2,0,0,16,0.8125
3574,14,1,2,0,0,17,0.8235294117647058
3575,11,1,2,0,0,14,0.7857142857142857
3576,14,1,3,0,0,18,0.7777777777777778
3577,14,2,2,0,0,18,0.7777777777777778
3578,15,1,2,0,0,18,0.8333333333333334
3579,11,1,2,0,0,14,0.7857142857142857
3580,13,1,2,0,0,16,0.8125
3581,13,1,2,0,0,16,0.8125
3582,12,1,2,0,0,15,0.8
3583,12,1,2,0,0,15,0.8
3584,14,1,2,0,0,17,0.8235294117647058
3585,11,1,2,0,0,14,0.7857142857142857
3586,12,1,2,0,0,15,0.8
3587,14,1,2,0,0,17,0.8235294117647058
3588,12,1,2,0,0,15,0.8
3589,12,1,2,0,0,15,0.8
3590,13,1,3,0,0,17,0.7647058823529411
3591,13,1,2,0,0,16,0.8125
3592,12,1,2,0,0,15,0.8
3593,11,1,2,0,0,14,0.7857142857142857
3594,11,2,2,0,0,15,0.7333333333333333
3595,10,1,2,0,0,13,0.7692307692307693
3596,13,1,2,0,0,16,0.8125
3597,11,1,2,0,0,14,0.7857142857142857
3598,13,1,2,0,0,16,0.8125
3599,11,1,2,0,0,14,0.7857142857142857
3600,12,1,3,0,0,16,0.75
3601,13,1,3,0,0,17,0.7647058823529411
3602,14,1,2,0,0,17,0.8235294117647058
3603,10,1,3,0,0,14,0.7142857142857143
3604,14,1,2,0,0,17,0.8235294117647058
3605,11,1,2,0,0,14,0.7857142857142857
3606,11,1,2,0,0,14,0.7857142857142857
3607,14,1,2,0,0,17,0.8235294117647058
3608,13,1,2,1,0,17,0.7647058823529411
3609,13,1,2,0,0,16,0.8125
3610,15,1,2,1,0,19,0.7894736842105263
3611,12,1,2,0,0,15,0.8
3612,14,1,2,0,0,17,0.8235294117647058
3613,15,1,2,0,0,18,0.8333333333333334
3614,11,2,2,0,0,15,0.7333333333333333
3615,13,1,3,0,0,17,0.7647058823529411
3616,12,1,2,0,0,15,0.8
3617,11,1,2,0,0,14,0.7857142857142857
3618,12,1,2,0,0,15,0.8
3619,13,1,2,0,0,16,0.8125
3620,11,2,2,0,0,15,0.7333333333333333
3621,13,1,2,0,0,16,0.8125
3622,14,1,2,0,0,17,0.8235294117647058
3623,12,1,2,0,0,15,0.8
3624,12,1,2,0,0,15,0.8
3625,13,1,3,0,0,17,0.7647058823529411
3626,12,1,2,0,0,15,0.8
3627,14,1,2,0,0,17,0.8235294117647058
3628,14,1,2,0,0,17,0.8235294117647058
3629,11,1,2,0,0,14,0.7857142857142857
3630,14,1,2,0,0,17,0.8235294117647058
3631,15,1,2,0,0,18,0.8333333333333334
3632,12,1,2,0,0,15,0.8
3633,13,1,2,0,0,16,0.8125
3634,13,1,1,0,0,15,0.8666666666666667
3635,13,1,2,0,0,16,0.8125
3636,13,1,2,0,0,16,0.8125
3637,13,1,2,0,0,16,0.8125
3638,14,1,2,1,0,18,0.7777777777777778
3639,13,1,2,0,0,16,0.8125
3640,12,1,2,0,0,15,0.8
3641,14,1,3,0,0,18,0.7777777777777778
3642,15,1,2,0,0,18,0.8333333333333334
3643,15,1,2,0,0,18,0.8333333333333334
3644,13,2,2,0,0,17,0.7647058823529411
3645,12,1,3,0,0,16,0.75
3646,13,1,3,0,0,17,0.7647058823529411
3647,14,1,2,0,0,17,0.8235294117647058
3648,13,1,2,0,0,16,0.8125
3649,14,1,2,0,0,17,0.8235294117647058
3650,14,1,2,0,0,17,0.8235294117647058
3651,14,1,3,0,0,18,0.7777777777777778
3652,14,1,2,0,0,17,0.8235294117647058
3653,14,1,2,0,0,17,0.8235294117647058
3654,13,2,2,0,0,17,0.7647058823529411
3655,12,1,1,0,0,14,0.8571428571428571
3656,14,1,2,0,0,17,0.8235294117647058
3657,14,1,2,0,0,17,0.8235294117647058
3658,11,1,3,0,0,15,0.7333333333333333
3659,12,1,2,0,0,15,0.8
3660,14,1,2,0,0,17,0.8235294117647058
3661,14,1,2,0,0,17,0.8235294117647058
3662,13,1,2,0,0,16,0.8125
3663,14,1,2,0,0,17,0.8235294117647058
3664,11,1,2,0,0,14,0.7857142857142857
3665,13,1,2,0,0,16,0.8125
3666,13,1,2,0,0,16,0.8125
3667,14,1,2,0,0,17,0.8235294117647058
3668,12,1,2,0,0,15,0.8
3669,15,1,2,0,0,18,0.8333333333333334
3670,13,1,2,0,0,16,0.8125
3671,12,1,3,0,0,16,0.75
3672,14,1,3,0,0,18,0.7777777777777778
3673,14,1,2,0,0,17,0.8235294117647058
3674,11,1,2,0,0,14,0.7857142857142857
3675,12,1,2,0,0,15,0.8
3676,12,1,2,0,0,15,0.8
3677,13,1,2,0,0,16,0.8125
3678,14,1,2,0,0,17,0.8235294117647058
3679,14,1,2,0,0,17,0.8235294117647058
3680,14,1,2,0,0,17,0.8235294117647058
3681,14,0,2,0,0,16,0.875
3682,15,1,2,0,0,18,0.8333333333333334
3683,13,1,2,0,0,16,0.8125
3684,14,1,2,0,0,17,0.8235294117647058
3685,14,1,3,1,0,19,0.7368421052631579
3686,14,1,2,0,0,17,0.8235294117647058
3687,14,1,3,0,0,18,0.7777777777777778
3688,13,1,2,0,0,16,0.8125
3689,13,1,2,0,0,16,0.8125
3690,14,1,2,0,0,17,0.8235294117647058
3691,12,1,2,0,0,15,0.8
3692,12,2,2,0,0,16,0.75
3693,15,1,2,0,0,18,0.8333333333333334
3694,15,1,2,0,0,18,0.8333333333333334
3695,15,1,1,0,0,17,0.8823529411764706
3696,14,2,3,0,0,19,0.7368421052631579
3697,14,1,2,0,0,17,0.8235294117647058
3698,14,1,2,0,0,17,0.8235294117647058
3699,15,1,2,0,0,18,0.8333333333333334
3700,13,1,2,0,0,16,0.8125
3701,14,1,2,0,0,17,0.8235294117647058
3702,15,1,2,0,0,18,0.8333333333333334
3703,13,1,2,0,0,16,0.8125
3704,13,1,2,0,0,16,0.8125
3705,12,1,2,0,0,15,0.8
3706,13,1,2,0,0,16,0.8125
3707,13,2,2,0,0,17,0.7647058823529411
3708,15,1,2,0,0,18,0.8333333333333334
3709,12,1,2,0,0,15,0.8
3710,13,1,2,0,0,16,0.8125
3711,14,1,2,0,0,17,0.8235294117647058
3712,13,1,2,0,0,16,0.8125
3713,13,1,2,0,0,16,0.8125
3714,14,1,2,0,0,17,0.8235294117647058
3715,15,1,2,0,0,18,0.8333333333333334
3716,14,1,2,0,0,17,0.8235294117647058
3717,13,1,2,0,0,16,0.8125
3718,15,1,2,0,0,18,0.8333333333333334
3719,14,1,2,0,0,17,0.8235294117647058
3720,11,1,2,0,0,14,0.7857142857142857
3721,14,1,2,0,0,17,0.8235294117647058
3722,15,1,3,0,0,19,0.7894736842105263
3723,14,1,3,0,0,18,0.7777777777777778
3724,13,1,2,0,0,16,0.8125
3725,15,1,2,0,0,18,0.8333333333333334
3726,15,1,3,0,0,19,0.7894736842105263
3727,13,1,2,0,0,16,0.8125
3728,12,1,2,0,0,15,0.8
3729,15,1,3,1,0,20,0.75
3730,15,1,2,0,0,18,0.8333333333333334
3731,15,1,2,0,0,18,0.8333333333333334
3732,13,1,2,0,0,16,0.8125
3733,15,1,2,0,0,18,0.8333333333333334
3734,13,1,2,0,0,16,0.8125
3735,14,1,2,0,0,17,0.8235294117647058
3736,16,1,2,0,0,19,0.8421052631578947
3737,15,1,3,0,0,19,0.7894736842105263
3738,11,1,2,0,0,14,0.7857142857142857
3739,13,1,2,1,0,17,0.7647058823529411
3740,12,1,2,0,0,15,0.8
3741,13,1,2,0,0,16,0.8125
3742,13,1,3,0,0,17,0.7647058823529411
3743,13,1,3,0,0,17,0.7647058823529411
3744,14,1,2,0,0,17,0.8235294117647058
3745,13,1,2,0,0,16,0.8125
3746,11,1,3,0,0,15,0.7333333333333333
3747,14,1,2,0,0,17,0.8235294117647058
3748,11,1,2,0,0,14,0.7857142857142857
3749,14,2,2,0,0,18,0.7777777777777778
3750,11,1,2,0,0,14,0.7857142857142857
3751,11,1,3,0,0,15,0.7333333333333333
3752,15,1,3,0,0,19,0.7894736842105263
3753,13,1,2,1,0,17,0.7647058823529411
3754,14,1,2,0,0,17,0.8235294117647058
3755,15,1,2,0,0,18,0.8333333333333334
3756,15,1,2,0,0,18,0.8333333333333334
3757,15,1,3,0,0,19,0.7894736842105263
3758,12,1,3,0,0,16,0.75
3759,14,2,3,0,0,19,0.7368421052631579
3760,14,1,2,0,0,17,0.8235294117647058
3761,11,2,2,0,0,15,0.7333333333333333
3762,11,2,2,0,0,15,0.7333333333333333
3763,15,1,2,0,0,18,0.8333333333333334
3764,13,1,2,0,0,16,0.8125
3765,14,2,2,0,0,18,0.7777777777777778
3766,14,1,2,0,0,17,0.8235294117647058
3767,15,1,3,0,0,19,0.7894736842105263
3768,16,1,2,0,0,19,0.8421052631578947
3769,16,1,2,0,0,19,0.8421052631578947
3770,11,1,2,0,0,14,0.7857142857142857
3771,13,1,2,0,0,16,0.8125
3772,16,2,2,0,0,20,0.8
3773,17,1,3,0,0,21,0.8095238095238095
3774,16,1,3,0,0,20,0.8
3775,15,1,2,0,0,18,0.8333333333333334
3776,15,1,2,0,0,18,0.8333333333333334
3777,14,2,2,0,0,18,0.7777777777777778
3778,15,1,2,0,0,18,0.8333333333333334
3779,15,1,2,0,0,18,0.8333333333333334
3780,15,1,2,0,0,18,0.8333333333333334
3781,15,1,2,0,0,18,0.8333333333333334
3782,15,2,2,0,0,19,0.7894736842105263
3783,15,1,3,0,0,19,0.7894736842105263
3784,16,1,3,0,0,20,0.8
3785,13,1,3,0,0,17,0.7647058823529411
3786,12,1,2,0,0,15,0.8
3787,14,2,2,0,0,18,0.7777777777777778
3788,13,2,2,0,0,17,0.7647058823529411
3789,14,1,2,0,0,17,0.8235294117647058
3790,14,2,2,0,0,18,0.7777777777777778
3791,13,1,2,0,0,16,0.8125
3792,13,1,2,0,0,16,0.8125
3793,12,1,2,0,0,15,0.8
3794,13,1,2,0,0,16,0.8125
3795,14,2,2,0,0,18,0.7777777777777778
3796,15,1,2,0,0,18,0.8333333333333334
3797,16,1,2,0,0,19,0.8421052631578947
3798,15,1,2,0,0,18,0.8333333333333334
3799,16,1,2,0,0,19,0.8421052631578947
3800,14,1,2,0,0,17,0.8235294117647058
3801,16,1,2,0,0,19,0.8421052631578947
3802,11,1,2,0,0,14,0.7857142857142857
3803,14,2,2,0,0,18,0.7777777777777778
3804,15,1,2,0,0,18,0.8333333333333334
3805,14,2,2,0,0,18,0.7777777777777778
3806,16,1,2,0,0,19,0.8421052631578947
3807,15,2,2,0,0,19,0.7894736842105263
3808,14,2,2,0,0,18,0.7777777777777778
3809,13,2,2,0,0,17,0.7647058823529411
3810,15,1,2,0,0,18,0.8333333333333334
3811,15,1,2,0,0,18,0.8333333333333334
3812,16,1,2,0,0,19,0.8421052631578947
3813,13,2,2,0,0,17,0.7647058823529411
3814,14,1,2,0,0,17,0.8235294117647058
3815,14,2,2,0,0,18,0.7777777777777778
3816,15,1,3,0,0,19,0.7894736842105263
3817,13,1,2,0,0,16,0.8125
3818,13,1,2,0,0,16,0.8125
3819,16,1,1,0,0,18,0.8888888888888888
3820,17,0,2,0,0,19,0.8947368421052632
3821,16,1,2,0,0,19,0.8421052631578947
3822,14,1,2,0,0,17,0.8235294117647058
3823,13,1,2,0,0,16,0.8125
3824,14,2,2,0,0,18,0.7777777777777778
3825,13,2,2,0,0,17,0.7647058823529411
3826,13,1,2,0,0,16,0.8125
3827,16,1,2,0,0,19,0.8421052631578947
3828,15,1,2,0,0,18,0.8333333333333334
3829,16,2,2,0,0,20,0.8
3830,15,2,2,0,0,19,0.7894736842105263
3831,14,1,1,0,0,16,0.875
3832,14,1,2,0,0,17,0.8235294117647058
3833,14,1,2,1,0,18,0.7777777777777778
3834,15,1,2,0,0,18,0.8333333333333334
3835,13,1,3,0,0,17,0.7647058823529411
3836,13,1,3,1,0,18,0.7222222222222222
3837,15,1,3,0,0,19,0.7894736842105263
3838,11,1,2,0,0,14,0.7857142857142857
3839,13,1,3,0,0,17,0.7647058823529411
3840,11,1,3,0,0,15,0.7333333333333333
3841,12,2,3,0,0,17,0.7058823529411765
3842,12,2,1,0,0,15,0.8
3843,12,1,2,0,0,15,0.8
3844,14,1,3,0,0,18,0.7777777777777778
3845,15,2,2,1,0,20,0.75
3846,17,2,2,1,0,22,0.7727272727272727
3847,16,1,2,1,0,20,0.8
3848,17,1,2,1,0,21,0.8095238095238095
3849,15,2,2,1,0,20,0.75
3850,16,2,2,1,0,21,0.7619047619047619
3851,15,1,2,0,0,18,0.8333333333333334
3852,17,2,2,0,0,21,0.8095238095238095
3853,16,2,2,0,0,20,0.8
3854,15,2,2,0,0,19,0.7894736842105263
3855,17,1,2,1,0,21,0.8095238095238095
3856,16,2,2,0,0,20,0.8
3857,16,2,2,1,0,21,0.7619047619047619
3858,15,2,2,0,0,19,0.7894736842105263
3859,15,2,2,0,0,19,0.7894736842105263
3860,17,2,2,0,0,21,0.8095238095238095
3861,16,2,2,0,0,20,0.8
3862,16,2,2,1,0,21,0.7619047619047619
3863,16,2,2,1,0,21,0.7619047619047619
3864,16,2,2,0,0,20,0.8
3865,17,2,2,0,0,21,0.8095238095238095
3866,16,2,2,0,0,20,0.8
3867,16,1,2,0,0,19,0.8421052631578947
3868,13,1,1,0,0,15,0.8666666666666667
3869,16,2,1,0,0,19,0.8421052631578947
3870,14,1,1,0,0,16,0.875
3871,14,3,2,0,0,19,0.7368421052631579
3872,14,2,2,0,0,18,0.7777777777777778
3873,15,1,2,0,0,18,0.8333333333333334
3874,14,1,2,0,0,17,0.8235294117647058
3875,13,1,3,0,0,17,0.7647058823529411
3876,15,2,3,0,0,20,0.75
3877,14,2,2,0,0,18,0.7777777777777778
3878,14,1,2,0,0,17,0.8235294117647058
3879,15,2,2,0,0,19,0.7894736842105263
3880,15,1,2,0,0,18,0.8333333333333334
3881,14,2,3,0,0,19,0.7368421052631579
3882,13,2,2,0,0,17,0.7647058823529411
3883,14,1,2,0,0,17,0.8235294117647058
3884,14,1,2,0,0,17,0.8235294117647058
3885,16,2,2,0,0,20,0.8
3886,14,2,2,0,0,18,0.7777777777777778
3887,13,2,2,0,0,17,0.7647058823529411
3888,13,2,2,0,0,17,0.7647058823529411
3889,14,2,1,0,0,17,0.8235294117647058
3890,15,1,2,0,0,18,0.8333333333333334
3891,14,2,2,0,0,18,0.7777777777777778
3892,14,1,3,0,0,18,0.7777777777777778
3893,13,1,2,0,0,16,0.8125
3894,15,2,2,0,0,19,0.7894736842105263
3895,14,1,2,0,0,17,0.8235294117647058
3896,13,1,2,0,0,16,0.8125
3897,14,1,2,0,0,17,0.8235294117647058
3898,14,1,2,0,0,17,0.8235294117647058
3899,13,1,2,1,0,17,0.7647058823529411
3900,15,2,2,0,0,19,0.7894736842105263
3901,14,1,2,0,0,17,0.8235294117647058
3902,15,2,2,0,0,19,0.7894736842105263
3903,14,1,2,0,0,17,0.8235294117647058
3904,13,2,2,0,0,17,0.7647058823529411
3905,14,1,2,0,0,17,0.8235294117647058
3906,14,1,2,0,0,17,0.8235294117647058
3907,14,2,2,0,0,18,0.7777777777777778
3908,13,2,2,0,0,17,0.7647058823529411
3909,13,1,2,0,0,16,0.8125
3910,14,2,2,0,0,18,0.7777777777777778
3911,16,2,2,0,0,20,0.8
3912,14,2,2,0,0,18,0.7777777777777778
3913,16,2,2,0,0,20,0.8
3914,14,2,2,0,0,18,0.7777777777777778
3915,14,2,2,0,0,18,0.7777777777777778
3916,15,1,2,0,0,18,0.8333333333333334
3917,13,1,2,0,0,16,0.8125
3918,13,2,1,0,0,16,0.8125
3919,15,1,2,0,0,18,0.8333333333333334
3920,14,2,3,0,0,19,0.7368421052631579
3921,14,2,2,0,0,18,0.7777777777777778
3922,14,2,2,0,0,18,0.7777777777777778
3923,13,2,2,0,0,17,0.7647058823529411
3924,13,1,1,0,0,15,0.8666666666666667
3925,13,1,2,0,0,16,0.8125
3926,14,2,3,0,0,19,0.7368421052631579
3927,15,2,4,1,0,22,0.6818181818181818
3928,12,1,3,0,0,16,0.75
3929,14,2,1,0,0,17,0.8235294117647058
3930,17,1,1,1,0,20,0.85
3931,14,1,3,0,0,18,0.7777777777777778
3932,15,1,3,0,0,19,0.7894736842105263
3933,15,1,2,0,0,18,0.8333333333333334
3934,13,2,2,0,0,17,0.7647058823529411
3935,17,1,3,1,0,22,0.7727272727272727
3936,15,1,2,1,0,19,0.7894736842105263
3937,15,1,3,0,0,19,0.7894736842105263
3938,15,1,3,0,0,19,0.7894736842105263
3939,13,1,2,0,0,16,0.8125
3940,14,1,3,0,0,18,0.7777777777777778
3941,13,1,2,0,0,16,0.8125
3942,13,2,3,0,0,18,0.7222222222222222
3943,13,1,1,0,0,15,0.8666666666666667
3944,17,2,2,0,0,21,0.8095238095238095
3945,14,1,2,0,0,17,0.8235294117647058
3946,14,2,1,0,0,17,0.8235294117647058
3947,14,1,2,0,0,17,0.8235294117647058
3948,14,1,2,0,0,17,0.8235294117647058
3949,13,2,1,0,0,16,0.8125
3950,14,1,2,1,0,18,0.7777777777777778
3951,15,1,1,0,0,17,0.8823529411764706
3952,10,2,1,0,0,13,0.7692307692307693
3953,11,1,2,0,0,14,0.7857142857142857
3954,14,2,3,0,0,19,0.7368421052631579
3955,14,2,2,0,0,18,0.7777777777777778
3956,13,1,3,0,0,17,0.7647058823529411
3957,14,2,2,0,0,18,0.7777777777777778
3958,14,2,2,0,0,18,0.7777777777777778
3959,14,2,3,0,0,19,0.7368421052631579
3960,14,1,3,0,0,18,0.7777777777777778
3961,12,1,3,0,0,16,0.75
3962,14,1,2,0,0,17,0.8235294117647058
3963,11,1,3,0,0,15,0.7333333333333333
3964,16,1,3,0,0,20,0.8
3965,13,1,2,0,0,16,0.8125
3966,14,2,2,0,0,18,0.7777777777777778
3967,15,2,2,0,0,19,0.7894736842105263
3968,14,2,2,0,0,18,0.7777777777777778
3969,13,1,2,0,0,16,0.8125
3970,14,1,2,0,0,17,0.8235294117647058
3971,13,2,2,0,0,17,0.7647058823529411
3972,13,2,2,0,0,17,0.7647058823529411
3973,14,1,2,0,0,17,0.8235294117647058
3974,12,1,3,0,0,16,0.75
3975,12,1,2,0,0,15,0.8
3976,14,2,2,0,0,18,0.7777777777777778
3977,14,1,1,0,0,16,0.875
3978,13,2,1,0,0,16,0.8125
3979,13,1,1,0,0,15,0.8666666666666667
3980,13,2,2,0,0,17,0.7647058823529411
3981,12,1,3,0,0,16,0.75
3982,13,1,2,0,0,16,0.8125
3983,14,2,2,0,0,18,0.7777777777777778
3984,12,1,2,0,0,15,0.8
3985,13,2,2,0,0,17,0.7647058823529411
3986,16,2,2,0,0,20,0.8
3987,16,2,3,0,0,21,0.7619047619047619
3988,14,1,2,0,0,17,0.8235294117647058
3989,14,2,2,0,0,18,0.7777777777777778
3990,13,2,3,0,0,18,0.7222222222222222
3991,14,2,2,0,0,18,0.7777777777777778
3992,14,2,1,0,0,17,0.8235294117647058
3993,14,2,2,0,0,18,0.7777777777777778
3994,12,1,3,0,0,16,0.75
3995,14,1,3,0,0,18,0.7777777777777778
3996,11,2,2,0,0,15,0.7333333333333333
3997,13,1,4,0,0,18,0.7222222222222222
3998,13,2,2,0,0,17,0.7647058823529411
3999,11,1,2,0,0,14,0.7857142857142857
4000,14,1,3,0,0,18,0.7777777777777778
4001,13,1,3,1,0,18,0.7222222222222222
4002,12,1,3,0,0,16,0.75
4003,12,2,1,0,0,15,0.8
4004,15,1,3,0,0,19,0.7894736842105263
4005,12,1,3,0,0,16,0.75
4006,14,1,3,0,0,18,0.7777777777777778
4007,13,2,3,0,0,18,0.7222222222222222
4008,12,1,3,0,0,16,0.75
4009,14,2,2,0,0,18,0.7777777777777778
4010,14,1,2,0,0,17,0.8235294117647058
4011,14,1,2,0,0,17,0.8235294117647058
4012,11,1,2,0,0,14,0.7857142857142857
4013,12,1,2,0,0,15,0.8
4014,12,1,1,0,0,14,0.8571428571428571
4015,13,2,1,0,0,16,0.8125
4016,14,2,2,0,0,18,0.7777777777777778
4017,15,1,2,0,0,18,0.8333333333333334
4018,13,1,2,0,0,16,0.8125
4019,13,1,3,0,0,17,0.7647058823529411
4020,11,1,2,1,0,15,0.7333333333333333
4021,15,1,2,0,0,18,0.8333333333333334
4022,14,1,2,1,0,18,0.7777777777777778
4023,14,1,3,1,0,19,0.7368421052631579
4024,14,2,2,0,0,18,0.7777777777777778
4025,11,1,3,0,0,15,0.7333333333333333
4026,15,1,1,0,0,17,0.8823529411764706
4027,14,1,3,0,0,18,0.7777777777777778
4028,15,1,2,0,0,18,0.8333333333333334
4029,12,2,4,1,0,19,0.631578947368421
4030,14,1,2,0,0,17,0.8235294117647058
4031,11,1,2,0,0,14,0.7857142857142857
4032,12,1,2,0,0,15,0.8
4033,15,1,2,0,0,18,0.8333333333333334
4034,13,1,2,0,0,16,0.8125
4035,13,1,2,0,0,16,0.8125
4036,15,2,3,0,0,20,0.75
4037,14,1,2,0,0,17,0.8235294117647058
4038,14,1,3,0,0,18,0.7777777777777778
4039,14,1,3,0,0,18,0.7777777777777778
4040,14,1,2,0,0,17,0.8235294117647058
4041,14,1,3,0,0,18,0.7777777777777778
4042,13,2,2,0,0,17,0.7647058823529411
4043,15,1,2,0,0,18,0.8333333333333334
4044,15,1,3,0,0,19,0.7894736842105263
4045,16,2,2,0,0,20,0.8
4046,12,1,2,0,0,15,0.8
4047,13,1,3,0,0,17,0.7647058823529411
4048,14,2,2,0,0,18,0.7777777777777778
4049,13,1,2,0,0,16,0.8125
4050,12,1,2,0,0,15,0.8
4051,14,2,2,0,0,18,0.7777777777777778
4052,15,1,3,0,0,19,0.7894736842105263
4053,12,1,2,0,0,15,0.8
4054,13,1,2,1,0,17,0.7647058823529411
4055,14,2,2,0,0,18,0.7777777777777778
4056,14,1,2,0,0,17,0.8235294117647058
4057,14,2,2,0,0,18,0.7777777777777778
4058,13,1,3,0,0,17,0.7647058823529411
4059,15,1,1,1,0,18,0.8333333333333334
4060,13,2,2,0,0,17,0.7647058823529411
4061,13,2,2,0,0,17,0.7647058823529411
4062,13,2,2,0,0,17,0.7647058823529411
4063,15,2,1,0,0,18,0.8333333333333334
4064,11,2,3,1,0,17,0.6470588235294118
4065,15,2,2,0,0,19,0.7894736842105263
4066,13,2,3,0,0,18,0.7222222222222222
4067,13,2,2,0,0,17,0.7647058823529411
4068,11,2,2,0,0,15,0.7333333333333333
4069,13,1,2,1,0,17,0.7647058823529411
4070,15,2,1,0,0,18,0.8333333333333334
4071,12,2,2,0,0,16,0.75
4072,13,2,1,0,0,16,0.8125
4073,14,2,2,0,0,18,0.7777777777777778
4074,14,2,3,0,0,19,0.7368421052631579
4075,14,1,2,0,0,17,0.8235294117647058
4076,12,1,1,0,0,14,0.8571428571428571
4077,13,2,2,0,0,17,0.7647058823529411
4078,14,2,1,0,0,17,0.8235294117647058
4079,16,1,1,0,0,18,0.8888888888888888
4080,14,1,2,0,0,17,0.8235294117647058
4081,15,2,2,0,0,19,0.7894736842105263
4082,13,1,2,0,0,16,0.8125
4083,15,2,2,0,0,19,0.7894736842105263
4084,14,1,2,1,0,18,0.7777777777777778
4085,16,1,2,0,0,19,0.8421052631578947
4086,13,1,3,0,0,17,0.7647058823529411
4087,13,2,2,0,0,17,0.7647058823529411
4088,13,2,2,0,0,17,0.7647058823529411
4089,13,1,2,1,0,17,0.7647058823529411
4090,14,1,3,0,0,18,0.7777777777777778
4091,12,1,1,0,0,14,0.8571428571428571
4092,14,1,2,0,0,17,0.8235294117647058
4093,15,1,2,0,0,18,0.8333333333333334
4094,13,1,2,0,0,16,0.8125
4095,13,1,3,0,0,17,0.7647058823529411
4096,15,1,2,1,0,19,0.7894736842105263
4097,13,1,2,0,0,16,0.8125
4098,14,1,1,0,0,16,0.875
4099,11,1,2,0,0,14,0.7857142857142857
4100,14,1,1,0,0,16,0.875
4101,14,1,2,0,0,17,0.8235294117647058
4102,16,1,3,0,0,20,0.8
4103,12,1,2,0,0,15,0.8
4104,13,2,2,0,0,17,0.7647058823529411
4105,12,2,2,0,0,16,0.75
4106,11,2,1,1,0,15,0.7333333333333333
4107,14,1,1,0,0,16,0.875
4108,15,2,2,0,0,19,0.7894736842105263
4109,12,1,2,0,0,15,0.8
4110,13,1,2,0,0,16,0.8125
4111,13,1,3,0,0,17,0.7647058823529411
4112,12,1,1,1,0,15,0.8
4113,11,2,3,0,0,16,0.6875
4114,11,2,1,0,0,14,0.7857142857142857
4115,14,2,2,0,0,18,0.7777777777777778
4116,14,1,2,0,0,17,0.8235294117647058
4117,13,2,1,0,0,16,0.8125
4118,12,1,1,0,0,14,0.8571428571428571
4119,11,1,1,0,0,13,0.8461538461538461
4120,11,2,2,1,0,16,0.6875
4121,14,2,3,0,0,19,0.7368421052631579
4122,14,1,2,0,0,17,0.8235294117647058
4123,15,1,2,0,0,18,0.8333333333333334
4124,11,2,2,0,0,15,0.7333333333333333
4125,12,1,1,0,0,14,0.8571428571428571
4126,13,2,2,1,0,18,0.7222222222222222
4127,13,1,1,1,0,16,0.8125
4128,12,1,1,0,0,14,0.8571428571428571
4129,15,2,2,1,0,20,0.75
4130,13,1,1,0,0,15,0.8666666666666667
4131,15,1,1,0,0,17,0.8823529411764706
4132,11,1,1,0,0,13,0.8461538461538461
4133,14,1,2,0,0,17,0.8235294117647058
4134,14,1,2,0,0,17,0.8235294117647058
4135,14,1,2,0,0,17,0.8235294117647058
4136,13,2,2,1,0,18,0.7222222222222222
4137,14,2,2,0,0,18,0.7777777777777778
4138,12,2,2,0,0,16,0.75
4139,13,2,2,0,0,17,0.7647058823529411
4140,15,2,2,0,0,19,0.7894736842105263
4141,12,2,2,0,0,16,0.75
4142,13,1,1,0,0,15,0.8666666666666667
4143,12,2,2,0,0,16,0.75
4144,11,1,2,0,0,14,0.7857142857142857
4145,11,2,1,1,0,15,0.7333333333333333
4146,16,1,3,0,0,20,0.8
4147,16,2,1,0,0,19,0.8421052631578947
4148,13,1,3,0,0,17,0.7647058823529411
4149,13,1,2,0,0,16,0.8125
4150,12,1,1,1,0,15,0.8
4151,12,2,1,0,0,15,0.8
4152,15,2,1,0,0,18,0.8333333333333334
4153,16,2,1,0,0,19,0.8421052631578947
4154,13,1,2,0,0,16,0.8125
4155,13,1,2,0,0,16,0.8125
4156,13,2,3,0,0,18,0.7222222222222222
4157,16,1,1,0,0,18,0.8888888888888888
4158,14,2,1,0,0,17,0.8235294117647058
4159,13,2,1,0,0,16,0.8125
4160,16,2,1,0,0,19,0.8421052631578947
4161,13,1,1,0,0,15,0.8666666666666667
4162,15,1,2,0,0,18,0.8333333333333334
4163,14,1,1,0,0,16,0.875
4164,14,2,2,0,0,18,0.7777777777777778
4165,13,1,2,0,0,16,0.8125
4166,14,1,1,0,0,16,0.875
4167,15,2,1,0,0,18,0.8333333333333334
4168,13,2,1,0,0,16,0.8125
4169,13,1,2,0,0,16,0.8125
4170,12,1,2,0,0,15,0.8
4171,14,2,1,0,0,17,0.8235294117647058
4172,14,3,1,0,0,18,0.7777777777777778
4173,12,1,1,0,0,14,0.8571428571428571
4174,14,2,2,0,0,18,0.7777777777777778
4175,12,3,1,0,0,16,0.75
4176,13,2,1,0,0,16,0.8125
4177,15,2,2,0,0,19,0.7894736842105263
4178,12,1,2,0,0,15,0.8
4179,13,2,2,0,0,17,0.7647058823529411
4180,14,1,2,0,0,17,0.8235294117647058
4181,14,1,3,0,0,18,0.7777777777777778
4182,14,1,3,0,0,18,0.7777777777777778
4183,12,1,2,0,0,15,0.8
4184,13,1,3,0,0,17,0.7647058823529411
4185,15,1,2,0,0,18,0.8333333333333334
4186,11,1,1,1,0,14,0.7857142857142857
4187,14,1,2,0,0,17,0.8235294117647058
4188,12,1,2,0,0,15,0.8
4189,12,1,2,0,0,15,0.8
4190,11,2,2,0,0,15,0.7333333333333333
4191,11,1,2,0,0,14,0.7857142857142857
4192,15,2,2,0,0,19,0.7894736842105263
4193,14,2,2,0,0,18,0.7777777777777778
4194,13,1,2,0,0,16,0.8125
4195,15,1,2,0,0,18,0.8333333333333334
4196,13,1,2,0,0,16,0.8125
4197,14,1,3,0,0,18,0.7777777777777778
4198,15,1,1,0,0,17,0.8823529411764706
4199,13,1,3,0,0,17,0.7647058823529411
4200,10,2,2,0,0,14,0.7142857142857143
4201,12,2,2,0,0,16,0.75
4202,12,2,2,0,0,16,0.75
4203,14,2,2,0,0,18,0.7777777777777778
4204,11,1,2,0,0,14,0.7857142857142857
4205,13,1,1,1,0,16,0.8125
4206,14,2,1,0,0,17,0.8235294117647058
4207,13,1,3,1,0,18,0.7222222222222222
4208,13,1,2,0,0,16,0.8125
4209,12,2,2,0,0,16,0.75
4210,14,2,2,0,0,18,0.7777777777777778
4211,13,1,2,0,0,16,0.8125
4212,12,1,2,0,0,15,0.8
4213,13,1,3,0,0,17,0.7647058823529411
4214,12,1,2,0,0,15,0.8
4215,13,2,2,0,0,17,0.7647058823529411
4216,13,1,2,0,0,16,0.8125
4217,14,1,2,0,0,17,0.8235294117647058
4218,14,1,3,0,0,18,0.7777777777777778
4219,13,2,1,0,0,16,0.8125
4220,14,1,1,0,0,16,0.875
4221,13,1,1,0,0,15,0.8666666666666667
4222,13,2,2,0,0,17,0.7647058823529411
4223,13,1,2,0,0,16,0.8125
4224,15,1,3,0,0,19,0.7894736842105263
4225,14,2,2,0,0,18,0.7777777777777778
4226,12,2,2,0,0,16,0.75
4227,14,2,1,0,0,17,0.8235294117647058
4228,13,1,1,0,0,15,0.8666666666666667
4229,12,1,2,0,0,15,0.8
4230,11,1,2,0,0,14,0.7857142857142857
4231,15,1,1,0,0,17,0.8823529411764706
4232,12,1,3,0,0,16,0.75
4233,13,1,1,0,0,15,0.8666666666666667
4234,14,1,3,0,0,18,0.7777777777777778
4235,15,2,1,0,0,18,0.8333333333333334
4236,15,1,2,0,0,18,0.8333333333333334
4237,14,2,1,0,0,17,0.8235294117647058
4238,15,2,1,0,0,18,0.8333333333333334
4239,13,1,1,0,0,15,0.8666666666666667
4240,16,1,2,0,0,19,0.8421052631578947
4241,14,2,2,0,0,18,0.7777777777777778
4242,14,1,1,0,0,16,0.875
4243,14,1,2,0,0,17,0.8235294117647058
4244,13,1,1,0,0,15,0.8666666666666667
4245,14,2,1,0,0,17,0.8235294117647058
4246,14,2,2,0,0,18,0.7777777777777778
4247,12,1,2,0,0,15,0.8
4248,12,2,1,0,0,15,0.8
4249,13,2,1,0,0,16,0.8125
4250,13,2,2,0,0,17,0.7647058823529411
4251,12,1,2,0,0,15,0.8
4252,13,2,2,0,0,17,0.7647058823529411
4253,12,2,2,0,0,16,0.75
4254,14,2,1,0,0,17,0.8235294117647058
4255,10,1,1,0,0,12,0.8333333333333334
4256,14,2,1,0,0,17,0.8235294117647058
4257,14,2,2,0,0,18,0.7777777777777778
4258,14,1,2,1,0,18,0.7777777777777778
4259,16,2,1,1,0,20,0.8
4260,16,2,1,0,0,19,0.8421052631578947
4261,14,2,3,0,0,19,0.7368421052631579
4262,16,2,2,1,0,21,0.7619047619047619
4263,15,2,2,0,0,19,0.7894736842105263
4264,12,1,2,0,0,15,0.8
4265,14,2,3,0,0,19,0.7368421052631579
4266,11,1,2,1,0,15,0.7333333333333333
4267,13,2,2,0,0,17,0.7647058823529411
4268,12,2,2,0,0,16,0.75
4269,13,1,3,1,0,18,0.7222222222222222
4270,14,1,3,0,0,18,0.7777777777777778
4271,14,1,2,0,0,17,0.8235294117647058
4272,15,1,2,0,0,18,0.8333333333333334
4273,14,1,2,0,0,17,0.8235294117647058
4274,14,2,2,0,0,18,0.7777777777777778
4275,14,1,2,0,0,17,0.8235294117647058
4276,13,2,3,1,0,19,0.6842105263157895
4277,15,1,2,1,0,19,0.7894736842105263
4278,14,2,2,0,0,18,0.7777777777777778
4279,14,1,1,0,0,16,0.875
4280,13,1,2,0,0,16,0.8125
4281,13,2,3,0,0,18,0.7222222222222222
4282,15,1,1,1,0,18,0.8333333333333334
4283,16,1,2,0,0,19,0.8421052631578947
4284,14,2,2,0,0,18,0.7777777777777778
4285,13,2,1,0,0,16,0.8125
4286,12,2,1,0,0,15,0.8
4287,13,2,1,0,0,16,0.8125
4288,14,2,2,0,0,18,0.7777777777777778
4289,13,2,2,0,0,17,0.7647058823529411
4290,11,1,2,0,0,14,0.7857142857142857
4291,15,1,2,0,0,18,0.8333333333333334
4292,13,2,2,0,0,17,0.7647058823529411
4293,11,1,1,0,0,13,0.8461538461538461
4294,13,1,2,0,0,16,0.8125
4295,14,1,1,0,0,16,0.875
4296,13,1,1,0,0,15,0.8666666666666667
4297,13,2,1,0,0,16,0.8125
4298,13,2,2,0,0,17,0.7647058823529411
4299,12,1,2,0,0,15,0.8
4300,11,1,2,0,0,14,0.7857142857142857
4301,13,1,1,0,0,15,0.8666666666666667
4302,11,2,1,0,0,14,0.7857142857142857
4303,14,1,2,0,0,17,0.8235294117647058
4304,11,1,1,0,0,13,0.8461538461538461
4305,13,2,2,0,0,17,0.7647058823529411
4306,13,1,2,0,0,16,0.8125
4307,13,1,2,1,0,17,0.7647058823529411
4308,14,1,2,0,0,17,0.8235294117647058
4309,11,1,2,0,0,14,0.7857142857142857
4310,12,1,2,0,0,15,0.8
4311,14,2,2,0,0,18,0.7777777777777778
4312,13,2,1,0,0,16,0.8125
4313,14,1,2,0,0,17,0.8235294117647058
4314,14,2,2,0,0,18,0.7777777777777778
4315,15,1,2,0,0,18,0.8333333333333334
4316,14,2,1,1,0,18,0.7777777777777778
4317,14,2,0,0,0,16,0.875
4318,11,2,2,0,0,15,0.7333333333333333
4319,14,2,2,0,0,18,0.7777777777777778
4320,14,2,1,0,0,17,0.8235294117647058
4321,12,1,1,0,0,14,0.8571428571428571
4322,14,1,1,0,0,16,0.875
4323,14,1,1,0,0,16,0.875
4324,14,1,2,0,0,17,0.8235294117647058
4325,14,2,2,0,0,18,0.7777777777777778
4326,13,1,2,0,0,16,0.8125
4327,11,1,2,0,0,14,0.7857142857142857
4328,14,1,1,0,0,16,0.875
4329,14,1,2,0,0,17,0.8235294117647058
4330,13,1,1,0,0,15,0.8666666666666667
4331,12,1,1,1,0,15,0.8
4332,16,1,2,0,0,19,0.8421052631578947
4333,14,2,1,1,0,18,0.7777777777777778
4334,14,1,2,1,0,18,0.7777777777777778
4335,15,1,1,0,0,17,0.8823529411764706
4336,14,1,1,0,0,16,0.875
4337,15,1,1,0,0,17,0.8823529411764706
4338,14,1,2,0,0,17,0.8235294117647058
4339,12,2,1,0,0,15,0.8
4340,13,1,2,0,0,16,0.8125
4341,15,2,2,0,0,19,0.7894736842105263
4342,14,2,1,0,0,17,0.8235294117647058
4343,14,1,3,0,0,18,0.7777777777777778
4344,12,1,1,0,0,14,0.8571428571428571
4345,13,1,2,0,0,16,0.8125
4346,12,1,2,0,0,15,0.8
4347,11,1,2,0,0,14,0.7857142857142857
4348,11,1,2,0,0,14,0.7857142857142857
4349,14,2,3,0,0,19,0.7368421052631579
4350,15,2,2,0,0,19,0.7894736842105263
4351,14,2,1,0,0,17,0.8235294117647058
4352,15,1,1,0,0,17,0.8823529411764706
4353,12,2,1,0,0,15,0.8
4354,16,1,2,0,0,19,0.8421052631578947
4355,15,1,1,0,0,17,0.8823529411764706
4356,13,2,2,0,0,17,0.7647058823529411
4357,12,2,3,0,0,17,0.7058823529411765
4358,13,1,2,0,0,16,0.8125
4359,13,2,2,0,0,17,0.7647058823529411
4360,11,2,2,0,0,15,0.7333333333333333
4361,14,2,2,0,0,18,0.7777777777777778
4362,17,2,1,0,0,20,0.85
4363,12,2,2,0,0,16,0.75
4364,13,1,2,0,0,16,0.8125
4365,14,2,2,0,0,18,0.7777777777777778
4366,11,2,2,0,0,15,0.7333333333333333
4367,14,1,3,0,0,18,0.7777777777777778
4368,13,2,2,0,0,17,0.7647058823529411
4369,13,1,2,0,0,16,0.8125
4370,15,1,3,0,0,19,0.7894736842105263
4371,14,1,2,0,0,17,0.8235294117647058
4372,13,1,2,0,0,16,0.8125
4373,13,2,2,0,0,17,0.7647058823529411
4374,13,2,1,0,0,16,0.8125
4375,11,2,2,0,0,15,0.7333333333333333
4376,15,2,2,0,0,19,0.7894736842105263
4377,13,1,3,0,0,17,0.7647058823529411
4378,14,2,2,0,0,18,0.7777777777777778
4379,13,1,2,0,0,16,0.8125
4380,14,2,2,0,0,18,0.7777777777777778
4381,12,1,2,0,0,15,0.8
4382,14,1,3,0,0,18,0.7777777777777778
4383,15,1,2,0,0,18,0.8333333333333334
4384,11,1,2,0,0,14,0.7857142857142857
4385,12,2,2,0,0,16,0.75
4386,15,1,1,0,0,17,0.8823529411764706
4387,13,1,2,0,0,16,0.8125
4388,15,1,1,0,0,17,0.8823529411764706
4389,14,1,1,1,0,17,0.8235294117647058
4390,14,2,2,0,0,18,0.7777777777777778
4391,11,1,2,0,0,14,0.7857142857142857
4392,13,1,2,0,0,16,0.8125
4393,14,1,1,0,0,16,0.875
4394,13,1,2,0,0,16,0.8125
4395,15,2,1,0,0,18,0.8333333333333334
4396,15,1,2,0,0,18,0.8333333333333334
4397,15,2,2,0,0,19,0.7894736842105263
4398,13,1,1,0,0,15,0.8666666666666667
4399,14,2,1,0,0,17,0.8235294117647058
4400,13,1,2,0,0,16,0.8125
4401,15,1,1,0,0,17,0.8823529411764706
4402,16,2,1,0,0,19,0.8421052631578947
4403,13,1,2,0,0,16,0.8125
4404,12,1,2,0,0,15,0.8
4405,14,2,2,0,0,18,0.7777777777777778
4406,12,1,2,0,0,15,0.8
4407,13,2,1,0,0,16,0.8125
4408,14,2,2,0,0,18,0.7777777777777778
4409,15,2,2,1,0,20,0.75
4410,12,1,2,0,0,15,0.8
4411,14,1,2,0,0,17,0.8235294117647058
4412,14,1,2,0,0,17,0.8235294117647058
4413,15,1,2,0,0,18,0.8333333333333334
4414,13,1,1,0,0,15,0.8666666666666667
4415,14,1,3,0,0,18,0.7777777777777778
4416,15,2,1,0,0,18,0.8333333333333334
4417,15,3,2,0,0,20,0.75
4418,13,1,2,0,0,16,0.8125
4419,14,1,2,1,0,18,0.7777777777777778
4420,13,2,2,0,0,17,0.7647058823529411
4421,14,1,2,0,0,17,0.8235294117647058
4422,16,2,2,0,0,20,0.8
4423,12,2,2,0,0,16,0.75
4424,12,2,2,0,0,16,0.75
4425,13,1,2,0,0,16,0.8125
4426,15,2,2,0,0,19,0.7894736842105263
4427,17,1,1,0,0,19,0.8947368421052632
4428,16,2,2,0,0,20,0.8
4429,16,2,1,0,0,19,0.8421052631578947
4430,13,1,2,0,0,16,0.8125
4431,15,1,2,0,0,18,0.8333333333333334
4432,15,1,3,0,0,19,0.7894736842105263
4433,13,2,2,0,0,17,0.7647058823529411
4434,12,2,2,0,0,16,0.75
4435,15,1,2,0,0,18,0.8333333333333334
4436,13,1,3,0,0,17,0.7647058823529411
4437,11,1,1,0,0,13,0.8461538461538461
4438,12,1,3,0,0,16,0.75
4439,13,1,2,0,0,16,0.8125
4440,14,1,2,0,0,17,0.8235294117647058
4441,10,2,1,0,0,13,0.7692307692307693
4442,11,1,2,0,0,14,0.7857142857142857
4443,15,1,2,0,0,18,0.8333333333333334
4444,12,1,2,1,0,16,0.75
4445,12,2,2,0,0,16,0.75
4446,13,1,2,0,0,16,0.8125
4447,15,2,2,0,0,19,0.7894736842105263
4448,12,2,3,0,0,17,0.7058823529411765
4449,12,1,2,1,0,16,0.75
4450,14,1,2,0,0,17,0.8235294117647058
4451,15,2,2,0,0,19,0.7894736842105263
4452,14,1,2,0,0,17,0.8235294117647058
4453,14,2,2,0,0,18,0.7777777777777778
4454,13,1,2,0,0,16,0.8125
4455,14,1,2,0,0,17,0.8235294117647058
4456,14,1,2,0,0,17,0.8235294117647058
4457,13,1,2,0,0,16,0.8125
4458,16,1,2,0,0,19,0.8421052631578947
4459,11,1,3,0,0,15,0.7333333333333333
4460,14,2,1,0,0,17,0.8235294117647058
4461,13,2,3,0,0,18,0.7222222222222222
4462,14,1,2,0,0,17,0.8235294117647058
4463,14,2,2,0,0,18,0.7777777777777778
4464,12,2,2,0,0,16,0.75
4465,13,2,3,0,0,18,0.7222222222222222
4466,13,2,1,0,0,16,0.8125
4467,14,2,2,0,0,18,0.7777777777777778
4468,12,1,1,0,0,14,0.8571428571428571
4469,12,2,1,0,0,15,0.8
4470,13,1,1,0,0,15,0.8666666666666667
4471,12,2,1,0,0,15,0.8
4472,13,2,2,0,0,17,0.7647058823529411
4473,13,1,1,0,0,15,0.8666666666666667
4474,13,2,3,0,0,18,0.7222222222222222
4475,12,1,2,0,0,15,0.8
4476,12,1,2,0,0,15,0.8
4477,15,2,1,0,0,18,0.8333333333333334
4478,14,1,2,0,0,17,0.8235294117647058
4479,14,2,3,0,0,19,0.7368421052631579
4480,14,2,3,0,0,19,0.7368421052631579
4481,13,1,3,0,0,17,0.7647058823529411
4482,15,1,1,0,0,17,0.8823529411764706
4483,11,1,2,0,0,14,0.7857142857142857
4484,12,1,2,1,0,16,0.75
4485,11,1,1,1,0,14,0.7857142857142857
4486,14,2,2,0,0,18,0.7777777777777778
4487,13,1,1,0,0,15,0.8666666666666667
4488,14,1,2,0,0,17,0.8235294117647058
4489,14,1,1,0,0,16,0.875
4490,15,2,1,0,0,18,0.8333333333333334
4491,13,1,1,0,0,15,0.8666666666666667
4492,12,1,3,0,0,16,0.75
4493,14,2,2,0,0,18,0.7777777777777778
4494,14,1,1,0,0,16,0.875
4495,13,2,1,0,0,16,0.8125
4496,14,1,1,0,0,16,0.875
4497,14,2,1,0,0,17,0.8235294117647058
4498,15,2,1,0,0,18,0.8333333333333334
4499,13,2,0,1,0,16,0.8125
4500,11,1,2,0,0,14,0.7857142857142857
4501,12,2,1,0,0,15,0.8
4502,13,2,2,0,0,17,0.7647058823529411
4503,12,1,2,0,0,15,0.8
4504,15,2,2,1,0,20,0.75
4505,12,1,1,0,0,14,0.8571428571428571
4506,14,2,2,0,0,18,0.7777777777777778
4507,14,1,3,0,0,18,0.7777777777777778
4508,14,1,2,0,0,17,0.8235294117647058
4509,13,1,2,0,0,16,0.8125
4510,14,2,2,1,0,19,0.7368421052631579
4511,14,2,2,0,0,18,0.7777777777777778
4512,15,1,2,0,0,18,0.8333333333333334
4513,14,1,2,0,0,17,0.8235294117647058
4514,14,2,3,1,0,20,0.7
4515,11,2,1,0,0,14,0.7857142857142857
4516,13,1,1,0,0,15,0.8666666666666667
4517,12,1,2,0,0,15,0.8
4518,12,1,2,0,0,15,0.8
4519,12,1,2,0,0,15,0.8
4520,14,2,1,0,0,17,0.8235294117647058
4521,14,1,1,1,0,17,0.8235294117647058
4522,12,1,1,0,0,14,0.8571428571428571
4523,12,1,2,0,0,15,0.8
4524,14,2,1,0,0,17,0.8235294117647058
4525,14,1,2,0,0,17,0.8235294117647058
4526,14,1,3,0,0,18,0.7777777777777778
4527,12,1,1,0,0,14,0.8571428571428571
4528,12,1,1,0,0,14,0.8571428571428571
4529,14,2,1,0,0,17,0.8235294117647058
4530,14,2,1,0,0,17,0.8235294117647058
4531,13,1,3,0,0,17,0.7647058823529411
4532,12,1,2,0,0,15,0.8
4533,13,1,2,1,0,17,0.7647058823529411
4534,11,2,2,0,0,15,0.7333333333333333
4535,15,2,2,0,0,19,0.7894736842105263
4536,13,2,2,0,0,17,0.7647058823529411
4537,13,2,2,0,0,17,0.7647058823529411
4538,15,1,1,0,0,17,0.8823529411764706
4539,13,1,1,0,0,15,0.8666666666666667
4540,13,2,2,0,0,17,0.7647058823529411
4541,13,1,3,0,0,17,0.7647058823529411
4542,13,1,2,0,0,16,0.8125
4543,15,1,2,0,0,18,0.8333333333333334
4544,14,1,2,0,0,17,0.8235294117647058
4545,13,1,3,0,0,17,0.7647058823529411
4546,12,2,3,0,0,17,0.7058823529411765
4547,12,1,1,0,0,14,0.8571428571428571
4548,14,1,2,0,0,17,0.8235294117647058
4549,13,2,2,0,0,17,0.7647058823529411
4550,14,2,1,0,0,17,0.8235294117647058
4551,14,2,3,0,0,19,0.7368421052631579
4552,11,1,1,0,0,13,0.8461538461538461
4553,13,2,1,0,0,16,0.8125
4554,13,1,2,0,0,16,0.8125
4555,13,2,3,0,0,18,0.7222222222222222
4556,12,1,1,0,0,14,0.8571428571428571
4557,15,1,3,0,0,19,0.7894736842105263
4558,13,2,3,0,0,18,0.7222222222222222
4559,14,2,2,0,0,18,0.7777777777777778
4560,14,1,2,0,0,17,0.8235294117647058
4561,12,2,3,0,0,17,0.7058823529411765
4562,15,1,3,0,0,19,0.7894736842105263
4563,13,1,3,0,0,17,0.7647058823529411
4564,12,1,3,0,0,16,0.75
4565,13,1,2,0,0,16,0.8125
4566,14,2,2,0,0,18,0.7777777777777778
4567,15,1,2,0,0,18,0.8333333333333334
4568,14,2,1,0,0,17,0.8235294117647058
4569,14,1,2,0,0,17,0.8235294117647058
4570,13,1,3,0,0,17,0.7647058823529411
4571,15,1,4,0,0,20,0.75
4572,14,2,2,0,0,18,0.7777777777777778
4573,14,1,4,0,0,19,0.7368421052631579
4574,15,2,3,0,0,20,0.75
4575,11,1,3,0,0,15,0.7333333333333333
4576,14,2,2,0,0,18,0.7777777777777778
4577,16,2,2,0,0,20,0.8
4578,15,2,3,0,0,20,0.75
4579,15,1,2,0,0,18,0.8333333333333334
4580,14,1,2,0,0,17,0.8235294117647058
4581,18,2,3,0,0,23,0.782608695652174
4582,13,1,2,0,0,16,0.8125
4583,14,2,3,0,0,19,0.7368421052631579
4584,13,1,3,0,0,17,0.7647058823529411
4585,12,1,2,0,0,15,0.8
4586,12,1,2,0,0,15,0.8
4587,14,1,2,0,0,17,0.8235294117647058
4588,12,1,2,0,0,15,0.8
4589,15,1,3,0,0,19,0.7894736842105263
4590,14,1,2,0,0,17,0.8235294117647058
4591,15,1,3,0,0,19,0.7894736842105263
4592,11,1,2,0,0,14,0.7857142857142857
4593,12,2,3,0,0,17,0.7058823529411765
4594,12,1,1,0,0,14,0.8571428571428571
4595,13,1,3,0,0,17,0.7647058823529411
4596,13,2,2,0,0,17,0.7647058823529411
4597,13,2,3,0,0,18,0.7222222222222222
4598,12,1,1,0,0,14,0.8571428571428571
4599,15,2,2,0,0,19,0.7894736842105263
4600,14,2,3,0,0,19,0.7368421052631579
4601,14,2,1,0,0,17,0.8235294117647058
4602,14,1,3,0,0,18,0.7777777777777778
4603,12,2,2,0,0,16,0.75
4604,17,1,2,0,0,20,0.85
4605,13,1,3,1,0,18,0.7222222222222222
4606,14,2,2,0,0,18,0.7777777777777778
4607,14,2,3,0,0,19,0.7368421052631579
4608,12,1,3,0,0,16,0.75
4609,15,1,2,0,0,18,0.8333333333333334
4610,14,1,3,0,0,18,0.7777777777777778
4611,13,2,2,0,0,17,0.7647058823529411
4612,15,1,2,0,0,18,0.8333333333333334
4613,16,1,3,0,0,20,0.8
4614,14,1,2,0,0,17,0.8235294117647058
4615,13,1,1,0,0,15,0.8666666666666667
4616,14,1,3,0,0,18,0.7777777777777778
4617,14,1,3,0,0,18,0.7777777777777778
4618,15,1,2,0,0,18,0.8333333333333334
4619,12,1,2,0,0,15,0.8
4620,15,1,2,0,0,18,0.8333333333333334
4621,16,1,1,0,0,18,0.8888888888888888
4622,13,1,2,0,0,16,0.8125
4623,12,1,3,0,0,16,0.75
4624,17,1,1,0,0,19,0.8947368421052632
4625,14,2,4,0,0,20,0.7
4626,15,2,3,0,0,20,0.75
4627,13,1,3,0,0,17,0.7647058823529411
4628,14,2,3,0,0,19,0.7368421052631579
4629,16,2,2,0,0,20,0.8
4630,15,2,3,0,0,20,0.75
4631,17,1,3,1,0,22,0.7727272727272727
4632,15,2,3,1,0,21,0.7142857142857143
4633,16,2,3,0,0,21,0.7619047619047619
4634,16,1,2,0,0,19,0.8421052631578947
4635,17,2,2,0,0,21,0.8095238095238095
4636,16,2,2,0,0,20,0.8
4637,15,1,3,0,0,19,0.7894736842105263
4638,14,1,3,0,0,18,0.7777777777777778
4639,13,1,3,0,0,17,0.7647058823529411
4640,15,2,3,0,0,20,0.75
4641,15,2,1,0,0,18,0.8333333333333334
4642,12,1,3,0,0,16,0.75
4643,16,1,2,0,0,19,0.8421052631578947
4644,13,2,3,0,0,18,0.7222222222222222
4645,15,2,3,0,0,20,0.75
4646,14,2,1,0,0,17,0.8235294117647058
4647,13,2,2,0,0,17,0.7647058823529411
4648,12,1,3,1,0,17,0.7058823529411765
4649,13,1,2,0,0,16,0.8125
4650,13,1,2,0,0,16,0.8125
4651,14,1,1,0,0,16,0.875
4652,14,1,2,0,0,17,0.8235294117647058
4653,14,2,3,0,0,19,0.7368421052631579
4654,13,2,2,0,0,17,0.7647058823529411
4655,13,1,2,0,0,16,0.8125
4656,14,1,2,1,0,18,0.7777777777777778
4657,16,1,3,0,0,20,0.8
4658,15,2,3,0,0,20,0.75
4659,14,1,3,0,0,18,0.7777777777777778
4660,15,1,2,0,0,18,0.8333333333333334
4661,15,1,2,0,0,18,0.8333333333333334
4662,10,1,2,0,0,13,0.7692307692307693
4663,12,1,1,0,0,14,0.8571428571428571
4664,13,2,1,0,0,16,0.8125
4665,13,1,2,0,0,16,0.8125
4666,12,2,2,0,0,16,0.75
4667,11,2,1,0,0,14,0.7857142857142857
4668,12,1,2,0,0,15,0.8
4669,14,2,2,0,0,18,0.7777777777777778
4670,15,1,3,0,0,19,0.7894736842105263
4671,15,2,3,0,0,20,0.75
4672,15,1,4,0,0,20,0.75
4673,15,1,3,0,0,19,0.7894736842105263
4674,11,1,3,0,0,15,0.7333333333333333
4675,12,1,2,0,0,15,0.8
4676,12,1,3,0,0,16,0.75
4677,15,1,3,0,0,19,0.7894736842105263
4678,14,2,3,0,0,19,0.7368421052631579
4679,13,1,3,0,0,17,0.7647058823529411
4680,13,1,3,0,0,17,0.7647058823529411
4681,15,1,3,0,0,19,0.7894736842105263
4682,14,1,2,0,0,17,0.8235294117647058
4683,13,1,2,0,0,16,0.8125
4684,13,2,2,0,0,17,0.7647058823529411
4685,15,1,3,0,0,19,0.7894736842105263
4686,15,2,1,0,0,18,0.8333333333333334
4687,13,1,3,0,0,17,0.7647058823529411
4688,14,1,3,0,0,18,0.7777777777777778
4689,15,2,2,0,0,19,0.7894736842105263
4690,14,2,4,0,0,20,0.7
4691,14,1,3,0,0,18,0.7777777777777778
4692,16,1,2,0,0,19,0.8421052631578947
4693,15,1,1,0,0,17,0.8823529411764706
4694,14,1,2,0,0,17,0.8235294117647058
4695,14,1,3,0,0,18,0.7777777777777778
4696,14,1,2,0,0,17,0.8235294117647058
4697,12,1,1,0,0,14,0.8571428571428571
4698,15,1,1,0,0,17,0.8823529411764706
4699,15,1,1,0,0,17,0.8823529411764706
4700,14,2,1,0,0,17,0.8235294117647058
4701,13,2,2,0,0,17,0.7647058823529411
4702,15,1,4,0,0,20,0.75
4703,13,1,4,0,0,18,0.7222222222222222
4704,15,1,3,0,0,19,0.7894736842105263
4705,14,1,3,0,0,18,0.7777777777777778
4706,16,1,2,0,0,19,0.8421052631578947
4707,15,1,4,1,0,21,0.7142857142857143
4708,15,1,4,0,0,20,0.75
4709,12,2,3,0,0,17,0.7058823529411765
4710,15,1,3,0,0,19,0.7894736842105263
4711,15,2,3,0,0,20,0.75
4712,13,1,4,0,0,18,0.7222222222222222
4713,13,1,4,0,0,18,0.7222222222222222
4714,15,1,3,0,0,19,0.7894736842105263
4715,15,2,3,0,0,20,0.75
4716,17,1,2,0,0,20,0.85
4717,15,1,2,0,0,18,0.8333333333333334
4718,15,1,3,0,0,19,0.7894736842105263
4719,14,1,3,1,0,19,0.7368421052631579
4720,15,2,2,0,0,19,0.7894736842105263
4721,13,1,3,0,0,17,0.7647058823529411
4722,13,1,2,0,0,16,0.8125
4723,15,2,3,0,0,20,0.75
4724,14,1,2,0,0,17,0.8235294117647058
4725,14,1,3,0,0,18,0.7777777777777778
4726,16,1,4,1,0,22,0.7272727272727273
4727,17,2,2,1,0,22,0.7727272727272727
4728,17,1,4,1,0,23,0.7391304347826086
4729,14,1,3,0,0,18,0.7777777777777778
4730,14,1,3,0,0,18,0.7777777777777778
4731,15,1,4,0,0,20,0.75
4732,14,2,3,0,0,19,0.7368421052631579
4733,13,2,1,0,0,16,0.8125
4734,14,1,2,0,0,17,0.8235294117647058
4735,14,1,2,0,0,17,0.8235294117647058
4736,14,1,4,0,0,19,0.7368421052631579
4737,15,1,2,0,0,18,0.8333333333333334
4738,13,1,2,0,0,16,0.8125
4739,12,1,2,0,0,15,0.8
4740,14,1,3,0,0,18,0.7777777777777778
4741,12,2,3,1,0,18,0.6666666666666666
4742,16,2,2,0,0,20,0.8
4743,13,1,3,0,0,17,0.7647058823529411
4744,12,1,3,0,0,16,0.75
4745,12,1,2,1,0,16,0.75
4746,13,1,4,1,0,19,0.6842105263157895
4747,15,2,3,1,0,21,0.7142857142857143
4748,14,1,3,1,0,19,0.7368421052631579
4749,13,2,3,1,0,19,0.6842105263157895
4750,15,1,4,0,0,20,0.75
4751,13,2,2,1,0,18,0.7222222222222222
4752,13,1,3,0,0,17,0.7647058823529411
4753,12,1,2,0,0,15,0.8
4754,14,1,3,0,0,18,0.7777777777777778
4755,16,1,4,1,0,22,0.7272727272727273
4756,13,2,4,1,0,20,0.65
4757,13,1,3,0,0,17,0.7647058823529411
4758,15,1,3,1,0,20,0.75
4759,16,1,3,0,0,20,0.8
4760,16,1,3,1,0,21,0.7619047619047619
4761,14,1,3,1,0,19,0.7368421052631579
4762,16,1,2,1,0,20,0.8
4763,12,1,2,0,0,15,0.8
4764,13,2,2,0,0,17,0.7647058823529411
4765,13,1,3,0,0,17,0.7647058823529411
4766,12,1,3,0,0,16,0.75
4767,13,2,2,0,0,17,0.7647058823529411
4768,15,2,2,0,0,19,0.7894736842105263
4769,12,2,2,0,0,16,0.75
4770,14,2,2,0,0,18,0.7777777777777778
4771,14,1,2,0,0,17,0.8235294117647058
4772,15,2,2,0,0,19,0.7894736842105263
4773,14,2,4,0,0,20,0.7
4774,13,1,2,1,0,17,0.7647058823529411
4775,15,1,2,0,0,18,0.8333333333333334
4776,13,2,2,0,0,17,0.7647058823529411
4777,12,2,3,0,0,17,0.7058823529411765
4778,13,2,1,1,0,17,0.7647058823529411
4779,15,2,2,0,0,19,0.7894736842105263
4780,11,2,3,0,0,16,0.6875
4781,12,2,2,0,0,16,0.75
4782,13,1,3,0,0,17,0.7647058823529411
4783,15,1,2,0,0,18,0.8333333333333334
4784,12,2,2,0,0,16,0.75
4785,13,2,2,0,0,17,0.7647058823529411
4786,13,1,2,0,0,16,0.8125
4787,13,2,3,0,0,18,0.7222222222222222
4788,14,2,2,0,0,18,0.7777777777777778
4789,11,1,2,0,0,14,0.7857142857142857
4790,15,2,2,0,0,19,0.7894736842105263
4791,13,2,3,0,0,18,0.7222222222222222
4792,10,2,2,0,0,14,0.7142857142857143
4793,14,2,1,0,0,17,0.8235294117647058
4794,14,1,2,0,0,17,0.8235294117647058
4795,14,1,1,1,0,17,0.8235294117647058
4796,14,1,2,0,0,17,0.8235294117647058
4797,12,2,3,0,0,17,0.7058823529411765
4798,13,1,2,1,0,17,0.7647058823529411
4799,13,2,2,0,0,17,0.7647058823529411
4800,13,1,3,0,0,17,0.7647058823529411
4801,12,1,3,0,0,16,0.75
4802,13,2,2,0,0,17,0.7647058823529411
4803,14,2,3,0,0,19,0.7368421052631579
4804,15,2,2,0,0,19,0.7894736842105263
4805,14,2,3,1,0,20,0.7
4806,12,2,3,0,0,17,0.7058823529411765
4807,17,2,3,1,0,23,0.7391304347826086
4808,14,1,3,0,0,18,0.7777777777777778
4809,14,1,2,0,0,17,0.8235294117647058
4810,14,1,3,1,0,19,0.7368421052631579
4811,12,2,4,0,0,18,0.6666666666666666
4812,14,1,2,0,0,17,0.8235294117647058
4813,14,1,2,1,0,18,0.7777777777777778
4814,11,2,2,0,0,15,0.7333333333333333
4815,11,2,3,0,0,16,0.6875
4816,14,1,2,0,0,17,0.8235294117647058
4817,12,1,1,0,0,14,0.8571428571428571
4818,14,1,2,0,0,17,0.8235294117647058
4819,14,2,1,0,0,17,0.8235294117647058
4820,15,2,1,0,0,18,0.8333333333333334
4821,14,1,1,0,0,16,0.875
4822,14,2,2,0,0,18,0.7777777777777778
4823,14,1,3,1,0,19,0.7368421052631579
4824,11,1,4,0,0,16,0.6875
4825,13,1,3,0,0,17,0.7647058823529411
4826,13,1,2,0,0,16,0.8125
4827,14,1,1,1,0,17,0.8235294117647058
4828,16,1,1,1,0,19,0.8421052631578947
4829,13,2,3,1,0,19,0.6842105263157895
4830,14,2,1,1,0,18,0.7777777777777778
4831,14,2,4,1,0,21,0.6666666666666666
4832,13,1,3,1,0,18,0.7222222222222222
4833,13,1,3,0,0,17,0.7647058823529411
4834,13,2,2,1,0,18,0.7222222222222222
4835,15,1,2,0,0,18,0.8333333333333334
4836,14,1,3,0,0,18,0.7777777777777778
4837,13,1,2,0,0,16,0.8125
4838,13,1,2,0,0,16,0.8125
4839,14,1,1,0,0,16,0.875
4840,12,2,2,0,0,16,0.75
4841,13,1,1,0,0,15,0.8666666666666667
4842,13,1,3,1,0,18,0.7222222222222222
4843,15,1,3,0,0,19,0.7894736842105263
4844,12,1,1,1,0,15,0.8
4845,12,1,2,0,0,15,0.8
4846,14,1,2,1,0,18,0.7777777777777778
4847,15,2,2,0,0,19,0.7894736842105263
4848,13,1,2,1,0,17,0.7647058823529411
4849,11,1,2,0,0,14,0.7857142857142857
4850,13,1,1,1,0,16,0.8125
4851,13,1,2,0,0,16,0.8125
4852,15,1,2,0,0,18,0.8333333333333334
4853,12,1,4,0,0,17,0.7058823529411765
4854,13,1,2,0,0,16,0.8125
4855,12,1,2,0,0,15,0.8
4856,12,1,2,1,0,16,0.75
4857,16,1,2,0,0,19,0.8421052631578947
4858,13,1,3,1,0,18,0.7222222222222222
4859,16,1,2,0,0,19,0.8421052631578947
4860,14,1,4,0,0,19,0.7368421052631579
4861,11,1,2,0,0,14,0.7857142857142857
4862,11,1,3,0,0,15,0.7333333333333333
4863,15,2,2,0,0,19,0.7894736842105263
4864,14,1,3,0,0,18,0.7777777777777778
4865,14,1,2,0,0,17,0.8235294117647058
4866,13,1,2,0,0,16,0.8125
4867,13,2,3,1,0,19,0.6842105263157895
4868,13,1,3,0,0,17,0.7647058823529411
4869,10,1,2,1,0,14,0.7142857142857143
4870,16,1,3,1,0,21,0.7619047619047619
4871,14,2,3,0,0,19,0.7368421052631579
4872,14,1,2,0,0,17,0.8235294117647058
4873,14,1,2,0,0,17,0.8235294117647058
4874,13,2,3,0,0,18,0.7222222222222222
4875,15,1,1,0,0,17,0.8823529411764706
4876,12,1,2,0,0,15,0.8
4877,13,1,1,0,0,15,0.8666666666666667
4878,13,2,2,0,0,17,0.7647058823529411
4879,14,2,2,0,0,18,0.7777777777777778
4880,14,2,2,0,0,18,0.7777777777777778
4881,14,1,3,0,0,18,0.7777777777777778
4882,15,2,3,0,0,20,0.75
4883,13,2,2,0,0,17,0.7647058823529411
4884,13,2,4,0,0,19,0.6842105263157895
4885,15,2,2,1,0,20,0.75
4886,12,1,3,1,0,17,0.7058823529411765
4887,15,2,2,0,0,19,0.7894736842105263
4888,11,1,2,0,0,14,0.7857142857142857
4889,13,2,1,0,0,16,0.8125
4890,14,2,2,0,0,18,0.7777777777777778
4891,14,2,1,0,0,17,0.8235294117647058
4892,12,2,1,0,0,15,0.8
4893,13,1,2,0,0,16,0.8125
4894,14,1,3,0,0,18,0.7777777777777778
4895,11,2,3,0,0,16,0.6875
4896,16,2,4,0,0,22,0.7272727272727273
4897,14,1,4,0,0,19,0.7368421052631579
4898,14,2,3,0,0,19,0.7368421052631579
4899,16,2,1,0,0,19,0.8421052631578947
4900,14,2,2,0,0,18,0.7777777777777778
4901,11,1,1,0,0,13,0.8461538461538461
4902,13,1,2,0,0,16,0.8125
4903,15,2,2,0,0,19,0.7894736842105263
4904,14,1,2,0,0,17,0.8235294117647058
4905,14,2,2,0,0,18,0.7777777777777778
4906,17,2,2,0,0,21,0.8095238095238095
4907,15,2,1,0,0,18,0.8333333333333334
4908,13,1,1,0,0,15,0.8666666666666667
4909,15,2,1,0,0,18,0.8333333333333334
4910,12,2,3,0,0,17,0.7058823529411765
4911,13,2,1,0,0,16,0.8125
4912,14,1,1,0,0,16,0.875
4913,13,1,2,0,0,16,0.8125
4914,12,1,3,1,0,17,0.7058823529411765
4915,14,2,2,0,0,18,0.7777777777777778
4916,12,1,2,0,0,15,0.8
4917,15,2,2,1,0,20,0.75
4918,13,2,2,0,0,17,0.7647058823529411
4919,14,1,2,0,0,17,0.8235294117647058
4920,13,2,1,0,0,16,0.8125
4921,14,1,1,0,0,16,0.875
4922,13,1,1,0,0,15,0.8666666666666667
4923,13,2,1,0,0,16,0.8125
4924,13,2,1,0,0,16,0.8125
4925,14,2,0,0,0,16,0.875
4926,13,1,2,0,0,16,0.8125
4927,13,2,2,0,0,17,0.7647058823529411
4928,14,1,3,0,0,18,0.7777777777777778
4929,14,1,2,1,0,18,0.7777777777777778
4930,13,1,1,0,0,15,0.8666666666666667
4931,12,1,1,0,0,14,0.8571428571428571
4932,14,1,1,0,0,16,0.875
4933,15,2,3,1,0,21,0.7142857142857143
4934,13,1,3,0,0,17,0.7647058823529411
4935,13,2,1,0,0,16,0.8125
4936,14,2,1,0,0,17,0.8235294117647058
4937,13,1,0,0,0,14,0.9285714285714286
4938,12,1,1,0,0,14,0.8571428571428571
4939,12,1,4,0,0,17,0.7058823529411765
4940,14,2,1,0,0,17,0.8235294117647058
4941,13,1,2,0,0,16,0.8125
4942,13,1,3,0,0,17,0.7647058823529411
4943,13,1,4,0,0,18,0.7222222222222222
4944,13,2,2,0,0,17,0.7647058823529411
4945,14,2,2,0,0,18,0.7777777777777778
4946,11,1,2,0,0,14,0.7857142857142857
4947,14,2,1,0,0,17,0.8235294117647058
4948,16,2,2,0,0,20,0.8
4949,13,2,3,0,0,18,0.7222222222222222
4950,14,2,1,0,0,17,0.8235294117647058
4951,13,2,1,0,0,16,0.8125
4952,13,1,2,0,0,16,0.8125
4953,13,2,3,1,0,19,0.6842105263157895
4954,13,1,1,1,0,16,0.8125
4955,13,1,1,0,0,15,0.8666666666666667
4956,13,1,2,0,0,16,0.8125
4957,15,1,3,0,0,19,0.7894736842105263
4958,16,1,1,0,0,18,0.8888888888888888
4959,13,1,1,0,0,15,0.8666666666666667
4960,15,1,1,0,0,17,0.8823529411764706
4961,11,2,3,0,0,16,0.6875
4962,12,2,1,0,0,15,0.8
4963,12,1,1,0,0,14,0.8571428571428571
4964,15,1,1,0,0,17,0.8823529411764706
4965,12,1,3,0,0,16,0.75
4966,12,2,3,1,0,18,0.6666666666666666
4967,13,1,2,0,0,16,0.8125
4968,12,1,1,0,0,14,0.8571428571428571
4969,15,1,1,0,0,17,0.8823529411764706
4970,14,2,2,0,0,18,0.7777777777777778
4971,14,2,3,1,0,20,0.7
4972,13,2,2,0,0,17,0.7647058823529411
4973,12,2,3,1,0,18,0.6666666666666666
4974,11,1,3,1,0,16,0.6875
4975,14,1,2,0,0,17,0.8235294117647058
4976,13,1,2,1,0,17,0.7647058823529411
4977,13,1,4,0,0,18,0.7222222222222222
4978,13,1,3,0,0,17,0.7647058823529411
4979,14,1,2,0,0,17,0.8235294117647058
4980,16,2,2,0,0,20,0.8
4981,15,1,2,0,0,18,0.8333333333333334
4982,13,1,3,0,0,17,0.7647058823529411
4983,15,1,2,1,0,19,0.7894736842105263
4984,13,1,2,0,0,16,0.8125
4985,10,1,3,1,0,15,0.6666666666666666
4986,12,2,4,0,0,18,0.6666666666666666
4987,10,1,2,0,0,13,0.7692307692307693
4988,14,1,2,0,0,17,0.8235294117647058
4989,12,1,2,0,0,15,0.8
4990,14,2,2,1,0,19,0.7368421052631579
4991,14,1,3,0,0,18,0.7777777777777778
4992,13,1,1,0,0,15,0.8666666666666667
4993,13,2,4,1,0,20,0.65
4994,14,1,1,1,0,17,0.8235294117647058
4995,13,1,2,0,0,16,0.8125
4996,12,2,1,0,0,15,0.8
4997,11,1,1,0,0,13,0.8461538461538461
4998,14,1,1,0,0,16,0.875
4999,14,1,1,0,0,16,0.875
5000,13,1,1,0,0,15,0.8666666666666667
5001,14,2,4,1,0,21,0.6666666666666666
5002,12,2,3,0,0,17,0.7058823529411765
5003,15,1,3,0,0,19,0.7894736842105263
5004,13,1,2,0,0,16,0.8125
5005,12,1,3,0,0,16,0.75
5006,14,1,1,0,0,16,0.875
5007,13,2,3,0,0,18,0.7222222222222222
5008,11,1,4,1,0,17,0.6470588235294118
5009,13,2,3,1,0,19,0.6842105263157895
5010,14,1,4,0,0,19,0.7368421052631579
5011,14,1,3,0,0,18,0.7777777777777778
5012,14,2,2,1,0,19,0.7368421052631579
5013,16,2,1,0,0,19,0.8421052631578947
5014,13,1,3,0,0,17,0.7647058823529411
5015,13,2,3,0,0,18,0.7222222222222222
5016,15,2,2,0,0,19,0.7894736842105263
5017,14,2,3,0,0,19,0.7368421052631579
5018,13,1,3,0,0,17,0.7647058823529411
5019,13,1,2,0,0,16,0.8125
5020,13,1,3,0,0,17,0.7647058823529411
5021,12,1,2,0,0,15,0.8
5022,13,1,3,0,0,17,0.7647058823529411
5023,12,1,2,0,0,15,0.8
5024,14,2,1,1,0,18,0.7777777777777778
5025,15,2,1,0,0,18,0.8333333333333334
5026,12,2,2,0,0,16,0.75
5027,15,2,2,0,0,19,0.7894736842105263
5028,13,1,2,0,0,16,0.8125
5029,13,1,2,0,0,16,0.8125
5030,13,1,2,0,0,16,0.8125
5031,16,1,2,0,0,19,0.8421052631578947
5032,13,1,2,0,0,16,0.8125
5033,14,1,2,0,0,17,0.8235294117647058
5034,14,1,2,0,0,17,0.8235294117647058
5035,15,1,2,0,0,18,0.8333333333333334
5036,14,2,2,0,0,18,0.7777777777777778
5037,16,2,2,0,0,20,0.8
5038,14,1,2,0,0,17,0.8235294117647058
5039,14,2,3,0,0,19,0.7368421052631579
5040,14,2,1,0,0,17,0.8235294117647058
5041,14,1,2,0,0,17,0.8235294117647058
5042,14,1,2,0,0,17,0.8235294117647058
5043,16,2,3,0,0,21,0.7619047619047619
5044,15,2,2,0,0,19,0.7894736842105263
5045,12,2,2,0,0,16,0.75
5046,15,2,3,0,0,20,0.75
5047,14,1,3,0,0,18,0.7777777777777778
5048,14,1,2,0,0,17,0.8235294117647058
5049,15,1,1,0,0,17,0.8823529411764706
5050,15,2,2,0,0,19,0.7894736842105263
5051,14,2,2,0,0,18,0.7777777777777778
5052,14,1,1,0,0,16,0.875
5053,15,2,2,0,0,19,0.7894736842105263
5054,12,2,3,0,0,17,0.7058823529411765
5055,13,1,1,0,0,15,0.8666666666666667
5056,11,1,2,0,0,14,0.7857142857142857
5057,14,2,2,0,0,18,0.7777777777777778
5058,13,1,2,0,0,16,0.8125
5059,14,2,2,0,0,18,0.7777777777777778
5060,14,1,2,0,0,17,0.8235294117647058
5061,15,1,2,0,0,18,0.8333333333333334
5062,15,2,1,0,0,18,0.8333333333333334
5063,14,2,1,0,0,17,0.8235294117647058
5064,16,1,2,0,0,19,0.8421052631578947
5065,13,2,3,0,0,18,0.7222222222222222
5066,12,2,2,0,0,16,0.75
5067,13,1,1,1,0,16,0.8125
5068,14,1,2,1,0,18,0.7777777777777778
5069,15,2,2,0,0,19,0.7894736842105263
5070,12,2,3,0,0,17,0.7058823529411765
5071,13,2,3,0,0,18,0.7222222222222222
5072,13,2,2,0,0,17,0.7647058823529411
5073,11,1,3,0,0,15,0.7333333333333333
5074,14,1,2,0,0,17,0.8235294117647058
5075,14,1,2,0,0,17,0.8235294117647058
5076,12,1,2,0,0,15,0.8
5077,14,1,2,0,0,17,0.8235294117647058
5078,16,2,2,0,0,20,0.8
5079,15,1,2,0,0,18,0.8333333333333334
5080,15,2,2,0,0,19,0.7894736842105263
5081,14,1,2,0,0,17,0.8235294117647058
5082,13,2,3,0,0,18,0.7222222222222222
5083,14,1,3,0,0,18,0.7777777777777778
5084,14,1,3,0,0,18,0.7777777777777778
5085,14,1,3,0,0,18,0.7777777777777778
5086,11,1,3,0,0,15,0.7333333333333333
5087,15,2,3,0,0,20,0.75
5088,14,2,2,0,0,18,0.7777777777777778
5089,14,2,3,0,0,19,0.7368421052631579
5090,14,1,3,0,0,18,0.7777777777777778
5091,14,2,2,0,0,18,0.7777777777777778
5092,14,1,2,0,0,17,0.8235294117647058
5093,14,1,3,0,0,18,0.7777777777777778
5094,14,2,3,0,0,19,0.7368421052631579
5095,13,2,1,0,0,16,0.8125
5096,14,2,1,0,0,17,0.8235294117647058
5097,12,2,2,0,0,16,0.75
5098,14,2,2,0,0,18,0.7777777777777778
5099,15,2,2,0,0,19,0.7894736842105263
5100,13,2,3,1,0,19,0.6842105263157895
5101,12,1,3,0,0,16,0.75
5102,13,2,3,0,0,18,0.7222222222222222
5103,14,1,3,0,0,18,0.7777777777777778
5104,14,2,3,0,0,19,0.7368421052631579
5105,14,2,3,0,0,19,0.7368421052631579
5106,10,1,4,0,0,15,0.6666666666666666
5107,13,2,2,0,0,17,0.7647058823529411
5108,11,2,2,0,0,15,0.7333333333333333
5109,12,1,3,0,0,16,0.75
5110,13,2,2,1,0,18,0.7222222222222222
5111,14,2,3,0,0,19,0.7368421052631579
5112,15,2,4,0,0,21,0.7142857142857143
5113,14,2,2,0,0,18,0.7777777777777778
5114,12,1,2,0,0,15,0.8
5115,12,1,2,0,0,15,0.8
5116,13,2,2,0,0,17,0.7647058823529411
5117,13,1,3,0,0,17,0.7647058823529411
5118,14,1,2,0,0,17,0.8235294117647058
5119,14,1,1,0,0,16,0.875
5120,12,2,4,1,0,19,0.631578947368421
5121,14,1,2,0,0,17,0.8235294117647058
5122,12,1,2,0,0,15,0.8
5123,12,1,3,0,0,16,0.75
5124,14,1,2,0,0,17,0.8235294117647058
5125,12,2,1,1,0,16,0.75
5126,13,2,2,0,0,17,0.7647058823529411
5127,13,2,3,0,0,18,0.7222222222222222
5128,12,1,3,1,0,17,0.7058823529411765
5129,13,2,2,0,0,17,0.7647058823529411
5130,14,2,3,1,0,20,0.7
5131,13,2,2,0,0,17,0.7647058823529411
5132,13,2,3,0,0,18,0.7222222222222222
5133,13,2,4,1,0,20,0.65
5134,12,1,3,0,0,16,0.75
5135,14,1,3,0,0,18,0.7777777777777778
5136,14,1,3,0,0,18,0.7777777777777778
5137,13,1,2,0,0,16,0.8125
5138,12,2,2,0,0,16,0.75
5139,12,2,2,0,0,16,0.75
5140,13,1,2,0,0,16,0.8125
5141,14,1,2,0,0,17,0.8235294117647058
5142,12,1,3,0,0,16,0.75
5143,13,2,3,0,0,18,0.7222222222222222
5144,14,1,3,0,0,18,0.7777777777777778
5145,13,2,3,0,0,18,0.7222222222222222
5146,13,1,3,0,0,17,0.7647058823529411
5147,13,2,2,0,0,17,0.7647058823529411
5148,13,1,4,0,0,18,0.7222222222222222
5149,12,1,3,0,0,16,0.75
5150,12,1,2,0,0,15,0.8
5151,14,2,1,0,0,17,0.8235294117647058
5152,12,2,2,0,0,16,0.75
5153,15,3,2,0,0,20,0.75
5154,12,1,1,1,0,15,0.8
5155,12,1,1,0,0,14,0.8571428571428571
5156,13,1,2,0,0,16,0.8125
5157,13,1,3,1,0,18,0.7222222222222222
5158,15,1,3,0,0,19,0.7894736842105263
5159,12,2,1,0,0,15,0.8
5160,15,1,2,0,0,18,0.8333333333333334
5161,12,2,2,0,0,16,0.75
5162,14,2,1,0,0,17,0.8235294117647058
5163,12,1,2,0,0,15,0.8
5164,14,1,2,0,0,17,0.8235294117647058
5165,12,1,2,0,0,15,0.8
5166,12,2,1,0,0,15,0.8
5167,14,2,1,0,0,17,0.8235294117647058
5168,12,2,1,1,0,16,0.75
5169,13,1,1,0,0,15,0.8666666666666667
5170,13,1,1,1,0,16,0.8125
5171,12,2,3,0,0,17,0.7058823529411765
5172,14,1,3,0,0,18,0.7777777777777778
5173,13,1,3,0,0,17,0.7647058823529411
5174,12,1,3,0,0,16,0.75
5175,14,1,2,1,0,18,0.7777777777777778
5176,10,2,3,0,0,15,0.6666666666666666
5177,13,1,3,1,0,18,0.7222222222222222
5178,12,1,3,0,0,16,0.75
5179,13,2,2,0,0,17,0.7647058823529411
5180,13,1,3,1,0,18,0.7222222222222222
5181,13,1,3,0,0,17,0.7647058823529411
5182,13,1,3,0,0,17,0.7647058823529411
5183,11,2,4,0,0,17,0.6470588235294118
5184,13,1,2,0,0,16,0.8125
5185,12,1,2,0,0,15,0.8
5186,11,1,1,0,0,13,0.8461538461538461
5187,14,1,3,0,0,18,0.7777777777777778
5188,13,1,2,0,0,16,0.8125
5189,12,2,2,1,0,17,0.7058823529411765
5190,13,1,3,0,0,17,0.7647058823529411
5191,11,2,2,0,0,15,0.7333333333333333
5192,12,1,1,0,0,14,0.8571428571428571
5193,12,1,3,0,0,16,0.75
5194,12,2,3,0,0,17,0.7058823529411765
5195,12,2,2,1,0,17,0.7058823529411765
5196,13,1,2,0,0,16,0.8125
5197,11,2,3,0,0,16,0.6875
5198,12,1,3,1,0,17,0.7058823529411765
5199,14,2,3,1,0,20,0.7
5200,12,2,3,0,0,17,0.7058823529411765
5201,13,2,3,0,0,18,0.7222222222222222
5202,11,1,3,0,0,15,0.7333333333333333
5203,12,2,3,0,0,17,0.7058823529411765
5204,15,2,3,0,0,20,0.75
5205,12,1,2,0,0,15,0.8
5206,13,1,2,1,0,17,0.7647058823529411
5207,13,1,3,0,0,17,0.7647058823529411
5208,16,2,2,0,0,20,0.8
5209,13,2,3,0,0,18,0.7222222222222222
5210,13,1,2,0,0,16,0.8125
5211,14,2,1,0,0,17,0.8235294117647058
5212,13,2,1,0,0,16,0.8125
5213,13,1,2,0,0,16,0.8125
5214,13,1,2,0,0,16,0.8125
5215,13,1,4,0,0,18,0.7222222222222222
5216,13,2,3,1,0,19,0.6842105263157895
5217,13,2,3,0,0,18,0.7222222222222222
5218,12,1,4,0,0,17,0.7058823529411765
5219,12,1,4,0,0,17,0.7058823529411765
5220,13,1,4,0,0,18,0.7222222222222222
5221,10,2,2,0,0,14,0.7142857142857143
5222,14,2,3,1,0,20,0.7
5223,11,1,4,0,0,16,0.6875
5224,13,1,2,0,0,16,0.8125
5225,11,1,2,0,0,14,0.7857142857142857
5226,12,1,4,0,0,17,0.7058823529411765
5227,14,1,2,0,0,17,0.8235294117647058
5228,11,2,3,0,0,16,0.6875
5229,15,2,3,1,0,21,0.7142857142857143
5230,14,2,2,0,0,18,0.7777777777777778
5231,11,1,2,0,0,14,0.7857142857142857
5232,13,1,1,0,0,15,0.8666666666666667
5233,12,1,3,0,0,16,0.75
5234,14,1,4,0,0,19,0.7368421052631579
5235,13,2,1,0,0,16,0.8125
5236,14,1,3,0,0,18,0.7777777777777778
5237,16,1,2,0,0,19,0.8421052631578947
5238,12,1,3,0,0,16,0.75
5239,15,1,2,0,0,18,0.8333333333333334
5240,14,1,3,1,0,19,0.7368421052631579
5241,13,2,1,0,0,16,0.8125
5242,13,1,2,0,0,16,0.8125
5243,13,1,2,0,0,16,0.8125
5244,12,2,3,1,0,18,0.6666666666666666
5245,12,2,3,0,0,17,0.7058823529411765
5246,13,1,2,0,0,16,0.8125
5247,11,1,3,1,0,16,0.6875
5248,12,2,3,1,0,18,0.6666666666666666
5249,14,1,2,0,0,17,0.8235294117647058
5250,14,1,2,0,0,17,0.8235294117647058
5251,13,1,2,0,0,16,0.8125
5252,12,1,3,0,0,16,0.75
5253,13,2,2,0,0,17,0.7647058823529411
5254,11,1,2,0,0,14,0.7857142857142857
5255,13,1,3,0,0,17,0.7647058823529411
5256,13,1,2,0,0,16,0.8125
5257,13,1,2,0,0,16,0.8125
5258,14,1,1,1,0,17,0.8235294117647058
5259,17,1,3,0,0,21,0.8095238095238095
5260,13,1,2,0,0,16,0.8125
5261,12,2,2,0,0,16,0.75
5262,16,1,2,0,0,19,0.8421052631578947
5263,14,2,2,0,0,18,0.7777777777777778
5264,14,1,2,1,0,18,0.7777777777777778
5265,12,1,2,0,0,15,0.8
5266,14,2,3,0,0,19,0.7368421052631579
5267,12,1,2,0,0,15,0.8
5268,13,1,2,0,0,16,0.8125
5269,15,1,2,0,0,18,0.8333333333333334
5270,13,1,2,0,0,16,0.8125
5271,14,2,2,0,0,18,0.7777777777777778
5272,14,2,3,0,0,19,0.7368421052631579
5273,13,2,3,0,0,18,0.7222222222222222
5274,13,2,2,0,0,17,0.7647058823529411
5275,12,1,2,0,0,15,0.8
5276,15,1,3,0,0,19,0.7894736842105263
5277,13,2,3,0,0,18,0.7222222222222222
5278,13,2,3,0,0,18,0.7222222222222222
5279,12,1,2,0,0,15,0.8
5280,13,1,2,0,0,16,0.8125
5281,13,1,2,0,0,16,0.8125
5282,14,1,3,1,0,19,0.7368421052631579
5283,14,1,1,0,0,16,0.875
5284,11,2,2,0,0,15,0.7333333333333333
5285,12,1,2,0,0,15,0.8
5286,13,2,2,0,0,17,0.7647058823529411
5287,11,1,2,0,0,14,0.7857142857142857
5288,10,2,2,0,0,14,0.7142857142857143
5289,13,1,1,0,0,15,0.8666666666666667
5290,12,1,1,0,0,14,0.8571428571428571
5291,16,2,1,0,0,19,0.8421052631578947
5292,12,1,2,0,0,15,0.8
5293,13,1,2,0,0,16,0.8125
5294,13,1,1,0,0,15,0.8666666666666667
5295,14,1,1,0,0,16,0.875
5296,14,2,1,0,0,17,0.8235294117647058
5297,14,2,1,0,0,17,0.8235294117647058
5298,16,1,1,0,0,18,0.8888888888888888
5299,15,2,1,0,0,18,0.8333333333333334
5300,13,2,1,0,0,16,0.8125
5301,13,3,3,0,0,19,0.6842105263157895
5302,12,2,1,1,0,16,0.75
5303,12,1,2,0,0,15,0.8
5304,13,1,2,0,0,16,0.8125
5305,13,1,3,0,0,17,0.7647058823529411
5306,12,1,3,1,0,17,0.7058823529411765
5307,13,1,2,1,0,17,0.7647058823529411
5308,13,2,2,1,0,18,0.7222222222222222
5309,12,1,2,0,0,15,0.8
5310,15,2,3,0,0,20,0.75
5311,13,2,3,0,0,18,0.7222222222222222
5312,11,2,2,0,0,15,0.7333333333333333
5313,12,2,2,0,0,16,0.75
5314,13,1,2,0,0,16,0.8125
5315,12,1,2,1,0,16,0.75
5316,14,2,2,0,0,18,0.7777777777777778
5317,13,2,3,0,0,18,0.7222222222222222
5318,14,2,2,0,0,18,0.7777777777777778
5319,14,2,2,0,0,18,0.7777777777777778
5320,13,2,2,0,0,17,0.7647058823529411
5321,13,2,1,0,0,16,0.8125
5322,13,1,2,0,0,16,0.8125
5323,13,2,2,0,0,17,0.7647058823529411
5324,12,1,2,0,0,15,0.8
5325,13,2,2,0,0,17,0.7647058823529411
5326,14,1,2,0,0,17,0.8235294117647058
5327,14,2,3,0,0,19,0.7368421052631579
5328,15,1,2,0,0,18,0.8333333333333334
5329,14,1,2,0,0,17,0.8235294117647058
5330,10,1,2,0,0,13,0.7692307692307693
5331,16,1,2,0,0,19,0.8421052631578947
5332,11,1,2,0,0,14,0.7857142857142857
5333,11,2,2,0,0,15,0.7333333333333333
5334,12,1,2,0,0,15,0.8
5335,13,1,1,0,0,15,0.8666666666666667
5336,15,2,1,0,0,18,0.8333333333333334
5337,15,2,1,0,0,18,0.8333333333333334
5338,15,1,0,0,0,16,0.9375
5339,12,1,1,0,0,14,0.8571428571428571
5340,16,2,2,0,0,20,0.8
5341,15,2,2,0,0,19,0.7894736842105263
5342,15,1,2,0,0,18,0.8333333333333334
5343,14,2,2,0,0,18,0.7777777777777778
5344,13,2,2,0,0,17,0.7647058823529411
5345,14,1,2,0,0,17,0.8235294117647058
5346,17,2,2,0,0,21,0.8095238095238095
5347,15,2,1,0,0,18,0.8333333333333334
5348,15,2,2,0,0,19,0.7894736842105263
5349,16,1,2,0,0,19,0.8421052631578947
5350,14,1,2,0,0,17,0.8235294117647058
5351,13,2,2,0,0,17,0.7647058823529411
5352,15,2,2,0,0,19,0.7894736842105263
5353,14,2,2,0,0,18,0.7777777777777778
5354,15,1,2,0,0,18,0.8333333333333334
5355,14,1,2,0,0,17,0.8235294117647058
5356,13,1,2,0,0,16,0.8125
5357,15,1,2,0,0,18,0.8333333333333334
5358,15,2,2,0,0,19,0.7894736842105263
5359,15,1,3,0,0,19,0.7894736842105263
5360,15,1,2,0,0,18,0.8333333333333334
5361,16,2,3,0,0,21,0.7619047619047619
5362,14,1,2,1,0,18,0.7777777777777778
5363,13,1,2,0,0,16,0.8125
5364,14,1,2,1,0,18,0.7777777777777778
5365,15,2,2,0,0,19,0.7894736842105263
5366,12,1,2,0,0,15,0.8
5367,13,1,2,0,0,16,0.8125
5368,15,2,2,1,0,20,0.75
5369,15,1,2,0,0,18,0.8333333333333334
5370,13,2,2,0,0,17,0.7647058823529411
5371,14,2,2,0,0,18,0.7777777777777778
5372,15,1,2,0,0,18,0.8333333333333334
5373,14,1,2,0,0,17,0.8235294117647058
5374,15,1,2,0,0,18,0.8333333333333334
5375,16,1,3,0,0,20,0.8
5376,14,1,3,0,0,18,0.7777777777777778
5377,13,2,3,0,0,18,0.7222222222222222
5378,14,1,2,0,0,17,0.8235294117647058
5379,14,1,2,0,0,17,0.8235294117647058
5380,13,2,3,0,0,18,0.7222222222222222
5381,13,1,2,0,0,16,0.8125
5382,14,1,2,0,0,17,0.8235294117647058
5383,13,1,2,0,0,16,0.8125
5384,12,1,3,0,0,16,0.75
5385,15,1,3,0,0,19,0.7894736842105263
5386,14,1,3,0,0,18,0.7777777777777778
5387,14,1,3,0,0,18,0.7777777777777778
5388,15,1,3,0,0,19,0.7894736842105263
5389,12,1,3,0,0,16,0.75
5390,14,1,3,0,0,18,0.7777777777777778
5391,15,1,3,0,0,19,0.7894736842105263
5392,16,2,2,0,0,20,0.8
5393,14,1,2,1,0,18,0.7777777777777778
5394,15,1,2,0,0,18,0.8333333333333334
5395,15,1,2,0,0,18,0.8333333333333334
5396,14,2,2,1,0,19,0.7368421052631579
5397,14,2,2,0,0,18,0.7777777777777778
5398,15,1,2,0,0,18,0.8333333333333334
5399,14,2,2,1,0,19,0.7368421052631579
5400,13,1,2,0,0,16,0.8125
5401,12,2,2,0,0,16,0.75
5402,13,1,2,0,0,16,0.8125
5403,14,1,2,0,0,17,0.8235294117647058
5404,13,2,2,0,0,17,0.7647058823529411
5405,16,1,2,1,0,20,0.8
5406,13,2,2,1,0,18,0.7222222222222222
5407,15,1,2,0,0,18,0.8333333333333334
5408,13,1,2,0,0,16,0.8125
5409,14,1,2,0,0,17,0.8235294117647058
5410,15,2,2,0,0,19,0.7894736842105263
5411,14,2,2,0,0,18,0.7777777777777778
5412,13,1,2,0,0,16,0.8125
5413,13,1,2,0,0,16,0.8125
5414,12,2,2,0,0,16,0.75
5415,14,1,2,0,0,17,0.8235294117647058
5416,12,1,2,0,0,15,0.8
5417,13,2,2,0,0,17,0.7647058823529411
5418,15,2,2,0,0,19,0.7894736842105263
5419,14,1,2,0,0,17,0.8235294117647058
5420,14,1,2,0,0,17,0.8235294117647058
5421,12,1,2,0,0,15,0.8
5422,13,1,2,0,0,16,0.8125
5423,13,2,4,1,0,20,0.65
5424,13,2,3,0,0,18,0.7222222222222222
5425,13,1,3,0,0,17,0.7647058823529411
5426,13,1,3,1,0,18,0.7222222222222222
5427,13,2,2,0,0,17,0.7647058823529411
5428,13,1,2,0,0,16,0.8125
5429,13,1,2,0,0,16,0.8125
5430,13,2,1,0,0,16,0.8125
5431,9,1,3,0,0,13,0.6923076923076923
5432,12,1,3,1,0,17,0.7058823529411765
5433,14,1,3,1,0,19,0.7368421052631579
5434,13,2,2,1,0,18,0.7222222222222222
5435,13,2,3,1,0,19,0.6842105263157895
5436,13,2,2,1,0,18,0.7222222222222222
5437,14,2,2,0,0,18,0.7777777777777778
5438,14,1,2,0,0,17,0.8235294117647058
5439,13,2,3,0,0,18,0.7222222222222222
5440,14,1,2,0,0,17,0.8235294117647058
5441,12,1,3,0,0,16,0.75
5442,12,1,2,0,0,15,0.8
5443,12,1,3,0,0,16,0.75
5444,12,2,3,0,0,17,0.7058823529411765
5445,13,1,3,0,0,17,0.7647058823529411
5446,13,1,3,0,0,17,0.7647058823529411
5447,13,1,2,0,0,16,0.8125
5448,11,1,3,0,0,15,0.7333333333333333
5449,13,1,2,0,0,16,0.8125
5450,14,2,3,0,0,19,0.7368421052631579
5451,14,1,3,0,0,18,0.7777777777777778
5452,10,2,3,0,0,15,0.6666666666666666
5453,14,1,2,0,0,17,0.8235294117647058
5454,15,1,4,0,0,20,0.75
5455,14,1,4,0,0,19,0.7368421052631579
5456,14,1,3,0,0,18,0.7777777777777778
5457,14,1,3,0,0,18,0.7777777777777778
5458,14,1,3,0,0,18,0.7777777777777778
5459,14,1,4,0,0,19,0.7368421052631579
5460,11,1,3,0,0,15,0.7333333333333333
5461,14,1,3,0,0,18,0.7777777777777778
5462,15,2,2,0,0,19,0.7894736842105263
5463,15,1,3,0,0,19,0.7894736842105263
5464,14,1,2,0,0,17,0.8235294117647058
5465,12,1,3,0,0,16,0.75
5466,14,2,3,0,0,19,0.7368421052631579
5467,13,3,3,0,0,19,0.6842105263157895
5468,11,1,4,0,0,16,0.6875
5469,15,1,4,0,0,20,0.75
5470,14,2,2,0,0,18,0.7777777777777778
5471,14,2,4,0,0,20,0.7
5472,11,1,3,0,0,15,0.7333333333333333
5473,15,1,4,0,0,20,0.75
5474,15,2,3,0,0,20,0.75
5475,13,1,3,0,0,17,0.7647058823529411
5476,14,1,3,0,0,18,0.7777777777777778
5477,13,1,2,0,0,16,0.8125
5478,12,2,4,1,0,19,0.631578947368421
5479,14,1,3,1,0,19,0.7368421052631579
5480,12,1,2,1,0,16,0.75
5481,15,1,4,0,0,20,0.75
5482,15,1,4,1,0,21,0.7142857142857143
5483,12,2,3,0,0,17,0.7058823529411765
5484,13,2,3,0,0,18,0.7222222222222222
5485,14,2,2,0,0,18,0.7777777777777778
5486,11,1,2,0,0,14,0.7857142857142857
5487,13,1,3,0,0,17,0.7647058823529411
5488,12,1,3,0,0,16,0.75
5489,13,2,3,0,0,18,0.7222222222222222
5490,13,1,2,1,0,17,0.7647058823529411
5491,14,1,3,1,0,19,0.7368421052631579
5492,15,2,4,0,0,21,0.7142857142857143
5493,14,2,2,0,0,18,0.7777777777777778
5494,13,2,3,0,0,18,0.7222222222222222
5495,13,2,3,0,0,18,0.7222222222222222
5496,15,2,2,1,0,20,0.75
5497,14,1,2,0,0,17,0.8235294117647058
5498,13,1,3,0,0,17,0.7647058823529411
5499,15,1,2,1,0,19,0.7894736842105263
5500,12,2,2,0,0,16,0.75
5501,15,2,3,0,0,20,0.75
5502,13,1,3,0,0,17,0.7647058823529411
5503,14,1,4,0,0,19,0.7368421052631579
5504,14,1,3,0,0,18,0.7777777777777778
5505,12,2,2,0,0,16,0.75
5506,13,2,3,0,0,18,0.7222222222222222
5507,14,2,3,0,0,19,0.7368421052631579
5508,12,1,3,0,0,16,0.75
5509,14,1,3,0,0,18,0.7777777777777778
5510,15,2,3,0,0,20,0.75
5511,10,1,2,0,0,13,0.7692307692307693
5512,12,2,2,0,0,16,0.75
5513,15,1,2,0,0,18,0.8333333333333334
5514,15,1,2,0,0,18,0.8333333333333334
5515,11,2,3,0,0,16,0.6875
5516,12,1,3,0,0,16,0.75
5517,11,1,2,0,0,14,0.7857142857142857
5518,10,1,2,0,0,13,0.7692307692307693
5519,13,1,2,0,0,16,0.8125
5520,14,1,4,0,0,19,0.7368421052631579
5521,14,2,1,0,0,17,0.8235294117647058
5522,14,2,2,0,0,18,0.7777777777777778
5523,12,1,2,0,0,15,0.8
5524,13,1,3,0,0,17,0.7647058823529411
5525,15,1,2,0,0,18,0.8333333333333334
5526,14,2,3,0,0,19,0.7368421052631579
5527,14,1,2,0,0,17,0.8235294117647058
5528,14,2,2,0,0,18,0.7777777777777778
5529,13,1,3,0,0,17,0.7647058823529411
5530,11,2,2,0,0,15,0.7333333333333333
5531,14,1,2,0,0,17,0.8235294117647058
5532,12,1,2,0,0,15,0.8
5533,15,1,2,0,0,18,0.8333333333333334
5534,14,1,3,0,0,18,0.7777777777777778
5535,15,2,3,0,0,20,0.75
5536,12,1,3,0,0,16,0.75
5537,13,2,2,0,0,17,0.7647058823529411
5538,12,1,3,0,0,16,0.75
5539,13,1,2,0,0,16,0.8125
5540,15,1,4,0,0,20,0.75
5541,14,1,2,0,0,17,0.8235294117647058
5542,14,2,3,0,0,19,0.7368421052631579
5543,12,1,2,0,0,15,0.8
5544,13,1,2,0,0,16,0.8125
5545,15,1,3,0,0,19,0.7894736842105263
5546,14,1,4,0,0,19,0.7368421052631579
5547,16,1,2,0,0,19,0.8421052631578947
5548,15,2,2,0,0,19,0.7894736842105263
5549,15,1,4,0,0,20,0.75
5550,15,2,2,0,0,19,0.7894736842105263
5551,12,1,4,0,0,17,0.7058823529411765
5552,13,2,3,0,0,18,0.7222222222222222
5553,11,1,2,0,0,14,0.7857142857142857
5554,12,2,2,0,0,16,0.75
5555,15,2,2,0,0,19,0.7894736842105263
5556,13,1,3,0,0,17,0.7647058823529411
5557,14,1,3,0,0,18,0.7777777777777778
5558,14,1,3,0,0,18,0.7777777777777778
5559,12,1,1,0,0,14,0.8571428571428571
5560,13,1,2,0,0,16,0.8125
5561,14,1,3,0,0,18,0.7777777777777778
5562,13,2,2,0,0,17,0.7647058823529411
5563,13,1,2,0,0,16,0.8125
5564,15,2,2,0,0,19,0.7894736842105263
5565,14,1,4,0,0,19,0.7368421052631579
5566,14,1,3,0,0,18,0.7777777777777778
5567,16,2,2,0,0,20,0.8
5568,10,2,3,0,0,15,0.6666666666666666
5569,14,1,2,0,0,17,0.8235294117647058
5570,16,1,3,0,0,20,0.8
5571,14,1,2,0,0,17,0.8235294117647058
5572,14,1,3,0,0,18,0.7777777777777778
5573,13,1,2,0,0,16,0.8125
5574,15,1,2,0,0,18,0.8333333333333334
5575,13,2,2,0,0,17,0.7647058823529411
5576,14,2,2,0,0,18,0.7777777777777778
5577,14,1,2,0,0,17,0.8235294117647058
5578,12,1,2,0,0,15,0.8
5579,14,2,3,0,0,19,0.7368421052631579
5580,14,1,3,0,0,18,0.7777777777777778
5581,12,2,3,0,0,17,0.7058823529411765
5582,15,2,2,0,0,19,0.7894736842105263
5583,13,2,2,0,0,17,0.7647058823529411
5584,14,1,3,1,0,19,0.7368421052631579
5585,13,1,4,1,0,19,0.6842105263157895
5586,12,1,4,0,0,17,0.7058823529411765
5587,14,2,3,0,0,19,0.7368421052631579
5588,12,1,3,0,0,16,0.75
5589,15,1,3,0,0,19,0.7894736842105263
5590,13,2,3,0,0,18,0.7222222222222222
5591,14,2,4,0,0,20,0.7
5592,13,2,3,0,0,18,0.7222222222222222
5593,16,1,3,0,0,20,0.8
5594,14,1,3,1,0,19,0.7368421052631579
5595,14,2,3,0,0,19,0.7368421052631579
5596,13,1,4,0,0,18,0.7222222222222222
5597,14,1,2,0,0,17,0.8235294117647058
5598,14,1,3,0,0,18,0.7777777777777778
5599,13,2,2,0,0,17,0.7647058823529411
