frame,n_hydrophobic,n_polar,n_pos_charged,n_neg_charged,n_other,n_total,frac_hydrophobic
0,12,1,4,2,0,19,0.631578947368421
1,12,1,3,1,0,17,0.7058823529411765
2,12,1,4,2,0,19,0.631578947368421
3,11,1,3,2,0,17,0.6470588235294118
4,11,1,4,1,0,17,0.6470588235294118
5,10,1,4,2,0,17,0.5882352941176471
6,11,1,4,2,0,18,0.6111111111111112
7,11,1,4,1,0,17,0.6470588235294118
8,12,1,4,2,0,19,0.631578947368421
9,10,1,4,1,0,16,0.625
10,11,1,4,1,0,17,0.6470588235294118
11,11,1,4,1,0,17,0.6470588235294118
12,12,1,4,1,0,18,0.6666666666666666
13,12,1,4,2,0,19,0.631578947368421
14,10,1,3,1,0,15,0.6666666666666666
15,12,1,4,2,0,19,0.631578947368421
16,9,1,4,1,0,15,0.6
17,11,1,4,1,0,17,0.6470588235294118
18,11,1,4,1,0,17,0.6470588235294118
19,10,1,4,1,0,16,0.625
20,13,1,4,1,0,19,0.6842105263157895
21,12,1,4,1,0,18,0.6666666666666666
22,10,1,4,1,0,16,0.625
23,12,1,3,2,0,18,0.6666666666666666
24,11,1,4,1,0,17,0.6470588235294118
25,12,1,4,1,0,18,0.6666666666666666
26,13,1,4,1,0,19,0.6842105263157895
27,13,1,4,1,0,19,0.6842105263157895
28,12,1,4,1,0,18,0.6666666666666666
29,12,1,4,1,0,18,0.6666666666666666
30,10,1,4,1,0,16,0.625
31,13,1,4,1,0,19,0.6842105263157895
32,12,1,4,1,0,18,0.6666666666666666
33,12,1,3,1,0,17,0.7058823529411765
34,12,1,4,1,0,18,0.6666666666666666
35,11,1,4,1,0,17,0.6470588235294118
36,13,1,4,1,0,19,0.6842105263157895
37,14,1,4,2,0,21,0.6666666666666666
38,13,1,4,1,0,19,0.6842105263157895
39,11,1,4,2,0,18,0.6111111111111112
40,12,1,3,1,0,17,0.7058823529411765
41,12,1,3,1,0,17,0.7058823529411765
42,10,1,4,1,0,16,0.625
43,12,1,3,1,0,17,0.7058823529411765
44,10,1,4,1,0,16,0.625
45,12,1,4,1,0,18,0.6666666666666666
46,12,1,4,1,0,18,0.6666666666666666
47,12,1,3,1,0,17,0.7058823529411765
48,13,1,4,1,0,19,0.6842105263157895
49,9,2,4,1,0,16,0.5625
50,13,1,4,1,0,19,0.6842105263157895
51,11,1,4,1,0,17,0.6470588235294118
52,12,1,4,1,0,18,0.6666666666666666
53,9,1,4,1,0,15,0.6
54,13,1,4,1,0,19,0.6842105263157895
55,10,1,4,1,0,16,0.625
56,11,1,4,1,0,17,0.6470588235294118
57,10,1,4,2,0,17,0.5882352941176471
58,10,1,4,1,0,16,0.625
59,12,1,4,1,0,18,0.6666666666666666
60,11,1,4,1,0,17,0.6470588235294118
61,11,1,4,1,0,17,0.6470588235294118
62,9,1,4,1,0,15,0.6
63,9,1,4,1,0,15,0.6
64,11,1,4,1,0,17,0.6470588235294118
65,9,1,4,1,0,15,0.6
66,11,1,4,2,0,18,0.6111111111111112
67,11,1,3,1,0,16,0.6875
68,8,1,3,1,0,13,0.6153846153846154
69,11,1,4,2,0,18,0.6111111111111112
70,11,1,4,2,0,18,0.6111111111111112
71,11,1,4,2,0,18,0.6111111111111112
72,11,1,4,2,0,18,0.6111111111111112
73,12,1,4,1,0,18,0.6666666666666666
74,11,1,3,1,0,16,0.6875
75,10,1,4,2,0,17,0.5882352941176471
76,11,1,4,1,0,17,0.6470588235294118
77,10,1,4,1,0,16,0.625
78,13,1,4,1,0,19,0.6842105263157895
79,10,1,4,1,0,16,0.625
80,13,1,4,1,0,19,0.6842105263157895
81,10,1,4,1,0,16,0.625
82,10,1,3,2,0,16,0.625
83,11,1,4,2,0,18,0.6111111111111112
84,10,1,4,2,0,17,0.5882352941176471
85,12,1,4,2,0,19,0.631578947368421
86,11,1,4,1,0,17,0.6470588235294118
87,11,1,4,1,0,17,0.6470588235294118
88,11,1,4,1,0,17,0.6470588235294118
89,8,1,4,1,0,14,0.5714285714285714
90,10,1,4,2,0,17,0.5882352941176471
91,11,1,4,1,0,17,0.6470588235294118
92,11,1,4,1,0,17,0.6470588235294118
93,13,1,4,1,0,19,0.6842105263157895
94,9,1,4,1,0,15,0.6
95,11,1,4,1,0,17,0.6470588235294118
96,12,1,4,1,0,18,0.6666666666666666
97,11,1,4,2,0,18,0.6111111111111112
98,11,1,4,1,0,17,0.6470588235294118
99,10,1,2,1,0,14,0.7142857142857143
100,11,1,2,1,0,15,0.7333333333333333
101,10,1,4,1,0,16,0.625
102,9,1,4,1,0,15,0.6
103,10,1,3,1,0,15,0.6666666666666666
104,12,1,4,2,0,19,0.631578947368421
105,11,1,4,1,0,17,0.6470588235294118
106,13,1,4,2,0,20,0.65
107,11,1,4,2,0,18,0.6111111111111112
108,11,1,3,1,0,16,0.6875
109,13,1,3,1,0,18,0.7222222222222222
110,11,1,4,1,0,17,0.6470588235294118
111,11,1,4,1,0,17,0.6470588235294118
112,11,1,2,1,0,15,0.7333333333333333
113,10,1,4,1,0,16,0.625
114,13,1,3,1,0,18,0.7222222222222222
115,11,1,4,1,0,17,0.6470588235294118
116,11,1,4,1,0,17,0.6470588235294118
117,13,1,4,1,0,19,0.6842105263157895
118,11,1,4,1,0,17,0.6470588235294118
119,13,1,4,1,0,19,0.6842105263157895
120,12,1,4,1,0,18,0.6666666666666666
121,11,1,4,2,0,18,0.6111111111111112
122,12,1,3,1,0,17,0.7058823529411765
123,11,1,4,1,0,17,0.6470588235294118
124,13,1,4,1,0,19,0.6842105263157895
125,13,1,4,1,0,19,0.6842105263157895
126,12,1,4,1,0,18,0.6666666666666666
127,12,1,4,1,0,18,0.6666666666666666
128,12,1,4,1,0,18,0.6666666666666666
129,13,1,4,1,0,19,0.6842105263157895
130,13,1,4,1,0,19,0.6842105263157895
131,13,1,4,1,0,19,0.6842105263157895
132,13,1,4,1,0,19,0.6842105263157895
133,13,1,3,1,0,18,0.7222222222222222
134,14,1,4,2,0,21,0.6666666666666666
135,13,1,4,1,0,19,0.6842105263157895
136,12,1,4,1,0,18,0.6666666666666666
137,10,1,4,2,0,17,0.5882352941176471
138,11,1,4,1,0,17,0.6470588235294118
139,11,1,4,2,0,18,0.6111111111111112
140,13,1,4,1,0,19,0.6842105263157895
141,11,1,4,1,0,17,0.6470588235294118
142,11,1,3,1,0,16,0.6875
143,13,1,4,1,0,19,0.6842105263157895
144,13,1,4,1,0,19,0.6842105263157895
145,12,1,4,1,0,18,0.6666666666666666
146,12,1,4,1,0,18,0.6666666666666666
147,11,1,4,1,0,17,0.6470588235294118
148,10,1,3,1,0,15,0.6666666666666666
149,11,1,4,1,0,17,0.6470588235294118
150,13,1,4,1,0,19,0.6842105263157895
151,12,1,4,1,0,18,0.6666666666666666
152,11,1,4,1,0,17,0.6470588235294118
153,11,1,4,1,0,17,0.6470588235294118
154,12,1,4,1,0,18,0.6666666666666666
155,13,1,4,1,0,19,0.6842105263157895
156,12,1,4,1,0,18,0.6666666666666666
157,11,1,4,1,0,17,0.6470588235294118
158,10,1,4,1,0,16,0.625
159,10,1,3,1,0,15,0.6666666666666666
160,9,1,3,1,0,14,0.6428571428571429
161,10,1,4,1,0,16,0.625
162,11,1,4,1,0,17,0.6470588235294118
163,11,1,4,1,0,17,0.6470588235294118
164,10,1,4,1,0,16,0.625
165,13,1,4,1,0,19,0.6842105263157895
166,10,1,4,1,0,16,0.625
167,10,1,4,1,0,16,0.625
168,9,1,4,1,0,15,0.6
169,9,1,4,1,0,15,0.6
170,11,1,4,1,0,17,0.6470588235294118
171,11,1,4,1,0,17,0.6470588235294118
172,12,1,3,1,0,17,0.7058823529411765
173,11,1,4,1,0,17,0.6470588235294118
174,12,1,4,1,0,18,0.6666666666666666
175,11,1,3,1,0,16,0.6875
176,12,1,4,1,0,18,0.6666666666666666
177,9,1,3,1,0,14,0.6428571428571429
178,12,1,4,1,0,18,0.6666666666666666
179,11,1,4,1,0,17,0.6470588235294118
180,11,1,4,1,0,17,0.6470588235294118
181,10,1,4,1,0,16,0.625
182,12,1,4,1,0,18,0.6666666666666666
183,11,1,4,1,0,17,0.6470588235294118
184,11,1,4,1,0,17,0.6470588235294118
185,11,1,4,1,0,17,0.6470588235294118
186,11,1,3,1,0,16,0.6875
187,10,1,3,1,0,15,0.6666666666666666
188,10,1,3,1,0,15,0.6666666666666666
189,9,1,3,1,0,14,0.6428571428571429
190,10,1,3,1,0,15,0.6666666666666666
191,11,1,4,1,0,17,0.6470588235294118
192,10,1,3,1,0,15,0.6666666666666666
193,10,1,4,1,0,16,0.625
194,11,1,4,1,0,17,0.6470588235294118
195,11,1,3,1,0,16,0.6875
196,11,1,4,1,0,17,0.6470588235294118
197,10,1,4,1,0,16,0.625
198,11,1,4,1,0,17,0.6470588235294118
199,10,1,4,1,0,16,0.625
200,9,1,4,1,0,15,0.6
201,9,1,4,1,0,15,0.6
202,10,1,4,1,0,16,0.625
203,10,1,4,1,0,16,0.625
204,10,1,4,1,0,16,0.625
205,11,1,4,1,0,17,0.6470588235294118
206,10,1,4,1,0,16,0.625
207,11,1,4,1,0,17,0.6470588235294118
208,8,1,4,1,0,14,0.5714285714285714
209,9,1,4,1,0,15,0.6
210,9,1,4,1,0,15,0.6
211,10,1,4,1,0,16,0.625
212,10,1,4,1,0,16,0.625
213,11,1,4,1,0,17,0.6470588235294118
214,10,1,4,1,0,16,0.625
215,11,1,4,1,0,17,0.6470588235294118
216,10,1,4,1,0,16,0.625
217,11,1,4,1,0,17,0.6470588235294118
218,10,1,4,1,0,16,0.625
219,10,1,4,1,0,16,0.625
220,10,1,4,1,0,16,0.625
221,10,1,4,2,0,17,0.5882352941176471
222,10,1,4,1,0,16,0.625
223,10,1,4,1,0,16,0.625
224,9,1,4,1,0,15,0.6
225,10,1,4,1,0,16,0.625
226,11,1,4,1,0,17,0.6470588235294118
227,11,1,4,1,0,17,0.6470588235294118
228,10,1,4,1,0,16,0.625
229,10,1,4,1,0,16,0.625
230,9,1,4,1,0,15,0.6
231,10,1,3,1,0,15,0.6666666666666666
232,11,1,3,1,0,16,0.6875
233,11,1,4,1,0,17,0.6470588235294118
234,11,1,4,1,0,17,0.6470588235294118
235,9,1,4,1,0,15,0.6
236,10,1,4,1,0,16,0.625
237,12,1,4,1,0,18,0.6666666666666666
238,11,1,4,1,0,17,0.6470588235294118
239,12,1,4,1,0,18,0.6666666666666666
240,12,1,4,1,0,18,0.6666666666666666
241,11,1,3,1,0,16,0.6875
242,12,1,3,1,0,17,0.7058823529411765
243,11,1,3,1,0,16,0.6875
244,13,1,3,1,0,18,0.7222222222222222
245,13,1,3,1,0,18,0.7222222222222222
246,11,1,3,1,0,16,0.6875
247,12,1,3,1,0,17,0.7058823529411765
248,13,1,3,1,0,18,0.7222222222222222
249,12,1,3,1,0,17,0.7058823529411765
250,13,1,2,0,0,16,0.8125
251,11,1,3,1,0,16,0.6875
252,11,1,3,1,0,16,0.6875
253,12,1,3,1,0,17,0.7058823529411765
254,12,1,3,1,0,17,0.7058823529411765
255,12,1,3,1,0,17,0.7058823529411765
256,13,1,3,1,0,18,0.7222222222222222
257,12,1,3,1,0,17,0.7058823529411765
258,13,1,3,1,0,18,0.7222222222222222
259,12,1,3,1,0,17,0.7058823529411765
260,12,1,3,1,0,17,0.7058823529411765
261,12,1,3,1,0,17,0.7058823529411765
262,12,1,3,1,0,17,0.7058823529411765
263,13,1,3,1,0,18,0.7222222222222222
264,13,1,3,1,0,18,0.7222222222222222
265,12,1,3,1,0,17,0.7058823529411765
266,11,1,3,1,0,16,0.6875
267,11,1,3,1,0,16,0.6875
268,10,1,3,1,0,15,0.6666666666666666
269,11,1,3,1,0,16,0.6875
270,11,1,4,1,0,17,0.6470588235294118
271,10,1,3,1,0,15,0.6666666666666666
272,12,1,4,1,0,18,0.6666666666666666
273,12,1,3,1,0,17,0.7058823529411765
274,13,1,3,1,0,18,0.7222222222222222
275,13,1,3,1,0,18,0.7222222222222222
276,13,1,3,1,0,18,0.7222222222222222
277,11,1,3,1,0,16,0.6875
278,13,1,3,1,0,18,0.7222222222222222
279,12,1,3,1,0,17,0.7058823529411765
280,13,1,3,1,0,18,0.7222222222222222
281,11,1,3,1,0,16,0.6875
282,11,1,3,1,0,16,0.6875
283,13,1,3,1,0,18,0.7222222222222222
284,11,1,4,1,0,17,0.6470588235294118
285,12,1,3,1,0,17,0.7058823529411765
286,13,1,3,1,0,18,0.7222222222222222
287,12,1,3,1,0,17,0.7058823529411765
288,13,1,3,1,0,18,0.7222222222222222
289,12,1,3,1,0,17,0.7058823529411765
290,14,1,3,1,0,19,0.7368421052631579
291,12,1,3,1,0,17,0.7058823529411765
292,12,1,3,1,0,17,0.7058823529411765
293,12,1,3,1,0,17,0.7058823529411765
294,12,1,3,1,0,17,0.7058823529411765
295,12,1,3,1,0,17,0.7058823529411765
296,11,1,2,1,0,15,0.7333333333333333
297,12,1,3,1,0,17,0.7058823529411765
298,12,1,3,1,0,17,0.7058823529411765
299,11,1,3,1,0,16,0.6875
300,10,1,3,1,0,15,0.6666666666666666
301,11,1,3,1,0,16,0.6875
302,11,1,3,1,0,16,0.6875
303,12,1,3,1,0,17,0.7058823529411765
304,13,1,3,1,0,18,0.7222222222222222
305,13,1,3,1,0,18,0.7222222222222222
306,13,1,3,1,0,18,0.7222222222222222
307,13,1,3,1,0,18,0.7222222222222222
308,12,1,4,1,0,18,0.6666666666666666
309,11,1,3,1,0,16,0.6875
310,14,1,3,1,0,19,0.7368421052631579
311,12,1,3,1,0,17,0.7058823529411765
312,13,1,3,1,0,18,0.7222222222222222
313,13,1,3,1,0,18,0.7222222222222222
314,14,1,3,1,0,19,0.7368421052631579
315,12,1,3,1,0,17,0.7058823529411765
316,14,1,3,1,0,19,0.7368421052631579
317,12,1,3,1,0,17,0.7058823529411765
318,11,1,3,1,0,16,0.6875
319,13,1,3,1,0,18,0.7222222222222222
320,13,1,3,1,0,18,0.7222222222222222
321,11,1,3,1,0,16,0.6875
322,11,1,3,1,0,16,0.6875
323,12,1,3,1,0,17,0.7058823529411765
324,12,1,3,1,0,17,0.7058823529411765
325,14,1,3,1,0,19,0.7368421052631579
326,13,1,3,1,0,18,0.7222222222222222
327,14,1,3,1,0,19,0.7368421052631579
328,12,1,3,1,0,17,0.7058823529411765
329,12,1,3,1,0,17,0.7058823529411765
330,12,1,3,1,0,17,0.7058823529411765
331,12,1,3,1,0,17,0.7058823529411765
332,13,1,3,1,0,18,0.7222222222222222
333,13,1,3,1,0,18,0.7222222222222222
334,13,1,3,1,0,18,0.7222222222222222
335,12,1,3,1,0,17,0.7058823529411765
336,13,1,3,1,0,18,0.7222222222222222
337,14,1,3,1,0,19,0.7368421052631579
338,12,1,3,1,0,17,0.7058823529411765
339,12,1,4,1,0,18,0.6666666666666666
340,13,1,3,1,0,18,0.7222222222222222
341,13,1,3,1,0,18,0.7222222222222222
342,13,1,3,1,0,18,0.7222222222222222
343,12,1,3,1,0,17,0.7058823529411765
344,11,1,4,1,0,17,0.6470588235294118
345,12,1,3,1,0,17,0.7058823529411765
346,14,1,3,1,0,19,0.7368421052631579
347,12,1,3,1,0,17,0.7058823529411765
348,13,1,3,1,0,18,0.7222222222222222
349,13,1,3,1,0,18,0.7222222222222222
350,13,1,3,1,0,18,0.7222222222222222
351,13,1,3,1,0,18,0.7222222222222222
352,12,1,3,1,0,17,0.7058823529411765
353,13,1,3,1,0,18,0.7222222222222222
354,12,1,3,1,0,17,0.7058823529411765
355,14,1,3,1,0,19,0.7368421052631579
356,14,1,3,1,0,19,0.7368421052631579
357,11,1,3,1,0,16,0.6875
358,13,1,3,1,0,18,0.7222222222222222
359,14,1,3,1,0,19,0.7368421052631579
360,14,1,3,1,0,19,0.7368421052631579
361,14,1,3,1,0,19,0.7368421052631579
362,13,1,3,1,0,18,0.7222222222222222
363,13,1,3,1,0,18,0.7222222222222222
364,12,1,3,1,0,17,0.7058823529411765
365,10,1,3,1,0,15,0.6666666666666666
366,12,1,3,1,0,17,0.7058823529411765
367,12,1,3,1,0,17,0.7058823529411765
368,13,1,3,1,0,18,0.7222222222222222
369,14,1,3,1,0,19,0.7368421052631579
370,12,1,3,1,0,17,0.7058823529411765
371,13,1,4,1,0,19,0.6842105263157895
372,12,1,3,1,0,17,0.7058823529411765
373,12,1,3,1,0,17,0.7058823529411765
374,14,1,3,1,0,19,0.7368421052631579
375,14,1,3,1,0,19,0.7368421052631579
376,12,1,3,1,0,17,0.7058823529411765
377,14,1,3,1,0,19,0.7368421052631579
378,13,1,3,1,0,18,0.7222222222222222
379,13,1,3,1,0,18,0.7222222222222222
380,13,1,3,1,0,18,0.7222222222222222
381,13,1,3,1,0,18,0.7222222222222222
382,12,1,3,1,0,17,0.7058823529411765
383,12,1,3,1,0,17,0.7058823529411765
384,13,1,3,1,0,18,0.7222222222222222
385,13,1,3,1,0,18,0.7222222222222222
386,13,1,3,1,0,18,0.7222222222222222
387,13,1,3,1,0,18,0.7222222222222222
388,12,1,3,1,0,17,0.7058823529411765
389,10,1,3,1,0,15,0.6666666666666666
390,13,1,3,1,0,18,0.7222222222222222
391,11,1,3,1,0,16,0.6875
392,12,1,3,1,0,17,0.7058823529411765
393,13,1,4,1,0,19,0.6842105263157895
394,12,1,3,1,0,17,0.7058823529411765
395,11,1,3,1,0,16,0.6875
396,12,1,3,1,0,17,0.7058823529411765
397,12,1,2,1,0,16,0.75
398,11,1,3,1,0,16,0.6875
399,14,1,3,1,0,19,0.7368421052631579
400,12,1,3,1,0,17,0.7058823529411765
401,14,1,3,1,0,19,0.7368421052631579
402,12,1,3,1,0,17,0.7058823529411765
403,13,1,3,1,0,18,0.7222222222222222
404,13,1,3,1,0,18,0.7222222222222222
405,13,1,3,1,0,18,0.7222222222222222
406,14,1,3,1,0,19,0.7368421052631579
407,13,1,3,1,0,18,0.7222222222222222
408,13,1,3,1,0,18,0.7222222222222222
409,13,1,3,1,0,18,0.7222222222222222
410,13,1,3,1,0,18,0.7222222222222222
411,14,1,3,1,0,19,0.7368421052631579
412,14,1,3,1,0,19,0.7368421052631579
413,13,1,3,1,0,18,0.7222222222222222
414,12,1,3,1,0,17,0.7058823529411765
415,12,1,3,1,0,17,0.7058823529411765
416,11,1,3,1,0,16,0.6875
417,12,1,3,1,0,17,0.7058823529411765
418,11,1,3,1,0,16,0.6875
419,11,1,3,1,0,16,0.6875
420,13,1,3,1,0,18,0.7222222222222222
421,13,1,3,1,0,18,0.7222222222222222
422,13,1,3,1,0,18,0.7222222222222222
423,11,1,3,1,0,16,0.6875
424,12,1,3,1,0,17,0.7058823529411765
425,10,1,4,1,0,16,0.625
426,10,1,4,1,0,16,0.625
427,11,1,4,1,0,17,0.6470588235294118
428,12,1,4,1,0,18,0.6666666666666666
429,10,1,4,1,0,16,0.625
430,12,1,4,1,0,18,0.6666666666666666
431,13,1,4,1,0,19,0.6842105263157895
432,12,1,4,1,0,18,0.6666666666666666
433,10,1,4,1,0,16,0.625
434,11,1,4,1,0,17,0.6470588235294118
435,13,1,4,1,0,19,0.6842105263157895
436,10,1,4,1,0,16,0.625
437,10,1,4,1,0,16,0.625
438,12,1,4,1,0,18,0.6666666666666666
439,10,1,4,1,0,16,0.625
440,12,1,4,1,0,18,0.6666666666666666
441,13,1,4,1,0,19,0.6842105263157895
442,13,1,4,1,0,19,0.6842105263157895
443,12,1,4,1,0,18,0.6666666666666666
444,11,1,4,1,0,17,0.6470588235294118
445,9,1,4,1,0,15,0.6
446,9,1,4,1,0,15,0.6
447,12,1,4,1,0,18,0.6666666666666666
448,11,1,4,1,0,17,0.6470588235294118
449,12,1,4,1,0,18,0.6666666666666666
450,11,1,4,1,0,17,0.6470588235294118
451,11,1,4,1,0,17,0.6470588235294118
452,11,1,4,1,0,17,0.6470588235294118
453,11,1,4,1,0,17,0.6470588235294118
454,9,1,4,1,0,15,0.6
455,12,1,4,1,0,18,0.6666666666666666
456,12,1,4,1,0,18,0.6666666666666666
457,12,1,4,1,0,18,0.6666666666666666
458,11,1,4,1,0,17,0.6470588235294118
459,14,1,4,1,0,20,0.7
460,13,1,4,1,0,19,0.6842105263157895
461,14,1,4,1,0,20,0.7
462,12,1,4,1,0,18,0.6666666666666666
463,12,1,3,1,0,17,0.7058823529411765
464,13,1,4,1,0,19,0.6842105263157895
465,13,1,4,1,0,19,0.6842105263157895
466,12,1,4,1,0,18,0.6666666666666666
467,13,1,4,1,0,19,0.6842105263157895
468,12,1,4,1,0,18,0.6666666666666666
469,12,1,4,1,0,18,0.6666666666666666
470,12,1,4,1,0,18,0.6666666666666666
471,12,1,2,1,0,16,0.75
472,12,1,4,1,0,18,0.6666666666666666
473,12,1,3,1,0,17,0.7058823529411765
474,12,1,3,1,0,17,0.7058823529411765
475,13,1,4,1,0,19,0.6842105263157895
476,12,1,3,1,0,17,0.7058823529411765
477,12,1,3,1,0,17,0.7058823529411765
478,12,1,3,1,0,17,0.7058823529411765
479,14,1,4,1,0,20,0.7
480,13,1,4,1,0,19,0.6842105263157895
481,14,1,3,1,0,19,0.7368421052631579
482,13,1,3,1,0,18,0.7222222222222222
483,11,1,3,1,0,16,0.6875
484,13,1,4,1,0,19,0.6842105263157895
485,13,1,3,1,0,18,0.7222222222222222
486,11,1,4,1,0,17,0.6470588235294118
487,12,1,4,1,0,18,0.6666666666666666
488,13,1,4,1,0,19,0.6842105263157895
489,12,1,4,1,0,18,0.6666666666666666
490,12,1,3,1,0,17,0.7058823529411765
491,9,1,3,1,0,14,0.6428571428571429
492,11,1,3,1,0,16,0.6875
493,11,1,3,1,0,16,0.6875
494,12,1,3,1,0,17,0.7058823529411765
495,12,1,3,1,0,17,0.7058823529411765
496,12,1,2,1,0,16,0.75
497,11,1,3,1,0,16,0.6875
498,12,1,4,1,0,18,0.6666666666666666
499,13,1,4,1,0,19,0.6842105263157895
500,13,1,4,1,0,19,0.6842105263157895
501,14,1,3,1,0,19,0.7368421052631579
502,13,1,3,1,0,18,0.7222222222222222
503,12,1,4,1,0,18,0.6666666666666666
504,11,1,3,1,0,16,0.6875
505,12,1,3,1,0,17,0.7058823529411765
506,13,1,4,1,0,19,0.6842105263157895
507,13,1,4,1,0,19,0.6842105263157895
508,14,1,3,1,0,19,0.7368421052631579
509,13,1,3,1,0,18,0.7222222222222222
510,12,1,4,1,0,18,0.6666666666666666
511,13,1,4,1,0,19,0.6842105263157895
512,13,1,4,1,0,19,0.6842105263157895
513,13,1,4,1,0,19,0.6842105263157895
514,14,1,4,1,0,20,0.7
515,13,1,4,1,0,19,0.6842105263157895
516,13,1,3,1,0,18,0.7222222222222222
517,13,1,4,1,0,19,0.6842105263157895
518,12,1,4,1,0,18,0.6666666666666666
519,12,1,4,1,0,18,0.6666666666666666
520,12,1,4,1,0,18,0.6666666666666666
521,13,1,3,1,0,18,0.7222222222222222
522,14,1,3,1,0,19,0.7368421052631579
523,13,1,3,1,0,18,0.7222222222222222
524,13,1,4,1,0,19,0.6842105263157895
525,13,1,4,1,0,19,0.6842105263157895
526,12,1,4,1,0,18,0.6666666666666666
527,13,1,4,1,0,19,0.6842105263157895
528,12,1,4,2,0,19,0.631578947368421
529,13,1,4,1,0,19,0.6842105263157895
530,13,1,4,1,0,19,0.6842105263157895
531,11,1,4,1,0,17,0.6470588235294118
532,11,1,3,1,0,16,0.6875
533,13,1,4,1,0,19,0.6842105263157895
534,13,1,3,1,0,18,0.7222222222222222
535,13,1,3,1,0,18,0.7222222222222222
536,13,1,4,1,0,19,0.6842105263157895
537,13,1,4,1,0,19,0.6842105263157895
538,13,1,4,1,0,19,0.6842105263157895
539,13,1,4,1,0,19,0.6842105263157895
540,13,1,4,1,0,19,0.6842105263157895
541,14,1,4,1,0,20,0.7
542,14,1,4,1,0,20,0.7
543,12,1,4,1,0,18,0.6666666666666666
544,13,1,4,1,0,19,0.6842105263157895
545,13,1,4,1,0,19,0.6842105263157895
546,14,1,4,1,0,20,0.7
547,13,1,4,1,0,19,0.6842105263157895
548,12,1,4,1,0,18,0.6666666666666666
549,12,1,4,1,0,18,0.6666666666666666
550,13,1,4,1,0,19,0.6842105263157895
551,12,1,4,1,0,18,0.6666666666666666
552,13,1,4,1,0,19,0.6842105263157895
553,13,1,4,1,0,19,0.6842105263157895
554,11,1,4,1,0,17,0.6470588235294118
555,11,1,4,1,0,17,0.6470588235294118
556,13,1,4,1,0,19,0.6842105263157895
557,13,1,4,1,0,19,0.6842105263157895
558,14,1,4,1,0,20,0.7
559,13,1,4,1,0,19,0.6842105263157895
560,13,1,4,1,0,19,0.6842105263157895
561,12,1,4,1,0,18,0.6666666666666666
562,13,1,4,1,0,19,0.6842105263157895
563,14,1,4,1,0,20,0.7
564,12,1,4,1,0,18,0.6666666666666666
565,14,1,4,1,0,20,0.7
566,13,1,4,1,0,19,0.6842105263157895
567,13,1,4,1,0,19,0.6842105263157895
568,13,1,4,1,0,19,0.6842105263157895
569,11,1,4,1,0,17,0.6470588235294118
570,12,1,4,1,0,18,0.6666666666666666
571,11,1,4,1,0,17,0.6470588235294118
572,11,1,4,1,0,17,0.6470588235294118
573,12,1,4,1,0,18,0.6666666666666666
574,13,1,4,1,0,19,0.6842105263157895
575,12,1,4,1,0,18,0.6666666666666666
576,14,1,4,1,0,20,0.7
577,14,1,4,1,0,20,0.7
578,13,1,4,1,0,19,0.6842105263157895
579,13,1,4,1,0,19,0.6842105263157895
580,13,1,4,1,0,19,0.6842105263157895
581,13,1,4,1,0,19,0.6842105263157895
582,14,1,4,1,0,20,0.7
583,10,1,4,1,0,16,0.625
584,12,1,4,1,0,18,0.6666666666666666
585,13,1,4,1,0,19,0.6842105263157895
586,14,1,4,1,0,20,0.7
587,13,1,4,1,0,19,0.6842105263157895
588,13,1,4,1,0,19,0.6842105263157895
589,13,1,4,1,0,19,0.6842105263157895
590,14,1,4,1,0,20,0.7
591,14,1,4,1,0,20,0.7
592,13,1,4,1,0,19,0.6842105263157895
593,12,1,4,1,0,18,0.6666666666666666
594,14,1,4,1,0,20,0.7
595,13,1,4,1,0,19,0.6842105263157895
596,11,1,4,1,0,17,0.6470588235294118
597,13,1,4,1,0,19,0.6842105263157895
598,13,1,4,1,0,19,0.6842105263157895
599,12,1,4,1,0,18,0.6666666666666666
600,13,1,4,1,0,19,0.6842105263157895
601,14,1,4,1,0,20,0.7
602,10,1,4,1,0,16,0.625
603,12,1,4,1,0,18,0.6666666666666666
604,13,1,4,1,0,19,0.6842105263157895
605,12,1,4,1,0,18,0.6666666666666666
606,12,1,4,1,0,18,0.6666666666666666
607,11,1,4,1,0,17,0.6470588235294118
608,13,1,4,1,0,19,0.6842105263157895
609,14,1,4,1,0,20,0.7
610,14,1,4,1,0,20,0.7
611,14,1,4,1,0,20,0.7
612,13,1,4,2,0,20,0.65
613,12,1,4,1,0,18,0.6666666666666666
614,14,1,4,1,0,20,0.7
615,13,1,4,1,0,19,0.6842105263157895
616,14,1,4,1,0,20,0.7
617,13,1,4,1,0,19,0.6842105263157895
618,13,1,4,1,0,19,0.6842105263157895
619,14,1,4,1,0,20,0.7
620,13,1,4,1,0,19,0.6842105263157895
621,14,1,4,1,0,20,0.7
622,13,1,4,1,0,19,0.6842105263157895
623,13,1,4,1,0,19,0.6842105263157895
624,11,1,4,1,0,17,0.6470588235294118
625,12,1,4,1,0,18,0.6666666666666666
626,12,1,4,1,0,18,0.6666666666666666
627,12,1,4,1,0,18,0.6666666666666666
628,13,1,4,1,0,19,0.6842105263157895
629,13,1,4,1,0,19,0.6842105263157895
630,13,1,4,1,0,19,0.6842105263157895
631,12,1,4,1,0,18,0.6666666666666666
632,12,1,4,1,0,18,0.6666666666666666
633,13,1,4,1,0,19,0.6842105263157895
634,12,1,4,1,0,18,0.6666666666666666
635,12,1,3,1,0,17,0.7058823529411765
636,11,1,4,1,0,17,0.6470588235294118
637,13,1,4,1,0,19,0.6842105263157895
638,12,1,4,1,0,18,0.6666666666666666
639,14,1,4,1,0,20,0.7
640,12,1,4,1,0,18,0.6666666666666666
641,12,1,4,1,0,18,0.6666666666666666
642,13,1,4,1,0,19,0.6842105263157895
643,13,1,4,1,0,19,0.6842105263157895
644,13,1,4,1,0,19,0.6842105263157895
645,14,1,4,2,0,21,0.6666666666666666
646,12,1,4,1,0,18,0.6666666666666666
647,14,1,4,1,0,20,0.7
648,12,1,4,1,0,18,0.6666666666666666
649,12,1,4,1,0,18,0.6666666666666666
650,13,1,4,1,0,19,0.6842105263157895
651,13,1,4,1,0,19,0.6842105263157895
652,13,1,4,1,0,19,0.6842105263157895
653,13,1,4,1,0,19,0.6842105263157895
654,12,1,4,1,0,18,0.6666666666666666
655,13,1,4,1,0,19,0.6842105263157895
656,13,1,4,1,0,19,0.6842105263157895
657,14,1,4,1,0,20,0.7
658,12,1,4,1,0,18,0.6666666666666666
659,13,1,4,1,0,19,0.6842105263157895
660,12,1,3,1,0,17,0.7058823529411765
661,12,1,4,1,0,18,0.6666666666666666
662,13,1,4,1,0,19,0.6842105263157895
663,13,1,4,1,0,19,0.6842105263157895
664,12,1,4,1,0,18,0.6666666666666666
665,13,1,4,1,0,19,0.6842105263157895
666,12,1,4,1,0,18,0.6666666666666666
667,13,1,4,1,0,19,0.6842105263157895
668,11,1,4,1,0,17,0.6470588235294118
669,13,1,4,1,0,19,0.6842105263157895
670,14,1,4,1,0,20,0.7
671,13,1,4,2,0,20,0.65
672,13,1,4,1,0,19,0.6842105263157895
673,12,1,4,1,0,18,0.6666666666666666
674,14,1,4,1,0,20,0.7
675,14,1,4,1,0,20,0.7
676,13,1,4,1,0,19,0.6842105263157895
677,13,1,4,1,0,19,0.6842105263157895
678,13,1,4,1,0,19,0.6842105263157895
679,13,1,4,1,0,19,0.6842105263157895
680,14,1,4,1,0,20,0.7
681,11,1,4,1,0,17,0.6470588235294118
682,12,1,4,1,0,18,0.6666666666666666
683,12,1,3,1,0,17,0.7058823529411765
684,12,1,4,1,0,18,0.6666666666666666
685,13,1,4,1,0,19,0.6842105263157895
686,12,1,4,1,0,18,0.6666666666666666
687,12,1,4,1,0,18,0.6666666666666666
688,14,1,4,1,0,20,0.7
689,11,1,4,1,0,17,0.6470588235294118
690,11,1,4,1,0,17,0.6470588235294118
691,12,1,4,1,0,18,0.6666666666666666
692,12,1,4,1,0,18,0.6666666666666666
693,14,1,4,1,0,20,0.7
694,14,1,4,1,0,20,0.7
695,14,1,4,1,0,20,0.7
696,14,1,4,1,0,20,0.7
697,12,1,4,1,0,18,0.6666666666666666
698,11,1,4,1,0,17,0.6470588235294118
699,11,1,4,1,0,17,0.6470588235294118
700,13,1,4,1,0,19,0.6842105263157895
701,11,1,4,1,0,17,0.6470588235294118
702,13,1,4,1,0,19,0.6842105263157895
703,14,1,4,1,0,20,0.7
704,14,1,4,1,0,20,0.7
705,14,2,4,1,0,21,0.6666666666666666
706,13,1,4,1,0,19,0.6842105263157895
707,12,1,4,1,0,18,0.6666666666666666
708,14,1,4,1,0,20,0.7
709,14,1,4,1,0,20,0.7
710,13,1,4,1,0,19,0.6842105263157895
711,13,1,4,1,0,19,0.6842105263157895
712,14,1,4,1,0,20,0.7
713,13,1,4,1,0,19,0.6842105263157895
714,14,1,4,1,0,20,0.7
715,14,1,4,1,0,20,0.7
716,13,1,4,1,0,19,0.6842105263157895
717,13,1,4,1,0,19,0.6842105263157895
718,13,1,4,1,0,19,0.6842105263157895
719,13,1,3,1,0,18,0.7222222222222222
720,14,1,3,1,0,19,0.7368421052631579
721,14,1,4,1,0,20,0.7
722,13,1,4,1,0,19,0.6842105263157895
723,14,1,4,1,0,20,0.7
724,13,1,4,1,0,19,0.6842105263157895
725,12,1,4,1,0,18,0.6666666666666666
726,12,1,4,1,0,18,0.6666666666666666
727,13,1,3,1,0,18,0.7222222222222222
728,12,1,4,1,0,18,0.6666666666666666
729,12,1,4,1,0,18,0.6666666666666666
730,14,1,4,1,0,20,0.7
731,13,1,4,1,0,19,0.6842105263157895
732,13,1,4,1,0,19,0.6842105263157895
733,13,1,3,1,0,18,0.7222222222222222
734,14,1,4,1,0,20,0.7
735,13,1,4,1,0,19,0.6842105263157895
736,13,1,4,1,0,19,0.6842105263157895
737,13,1,4,1,0,19,0.6842105263157895
738,14,1,4,1,0,20,0.7
739,13,1,4,1,0,19,0.6842105263157895
740,14,1,4,1,0,20,0.7
741,11,1,4,1,0,17,0.6470588235294118
742,14,1,4,1,0,20,0.7
743,14,1,4,1,0,20,0.7
744,13,1,4,1,0,19,0.6842105263157895
745,12,1,4,1,0,18,0.6666666666666666
746,13,1,4,1,0,19,0.6842105263157895
747,13,1,4,1,0,19,0.6842105263157895
748,13,1,4,1,0,19,0.6842105263157895
749,12,1,4,1,0,18,0.6666666666666666
750,11,1,4,1,0,17,0.6470588235294118
751,13,1,4,1,0,19,0.6842105263157895
752,12,1,4,1,0,18,0.6666666666666666
753,14,1,3,1,0,19,0.7368421052631579
754,13,1,3,1,0,18,0.7222222222222222
755,14,1,4,1,0,20,0.7
756,13,1,4,1,0,19,0.6842105263157895
757,13,1,4,1,0,19,0.6842105263157895
758,12,1,4,1,0,18,0.6666666666666666
759,12,1,4,1,0,18,0.6666666666666666
760,12,1,4,1,0,18,0.6666666666666666
761,12,1,4,1,0,18,0.6666666666666666
762,13,1,4,1,0,19,0.6842105263157895
763,14,1,4,1,0,20,0.7
764,14,1,4,1,0,20,0.7
765,13,1,4,1,0,19,0.6842105263157895
766,14,1,4,1,0,20,0.7
767,14,1,4,1,0,20,0.7
768,13,1,4,1,0,19,0.6842105263157895
769,14,1,4,1,0,20,0.7
770,14,1,3,1,0,19,0.7368421052631579
771,14,1,4,1,0,20,0.7
772,14,1,4,1,0,20,0.7
773,12,1,4,1,0,18,0.6666666666666666
774,14,1,4,1,0,20,0.7
775,12,1,4,1,0,18,0.6666666666666666
776,14,1,4,1,0,20,0.7
777,13,1,4,1,0,19,0.6842105263157895
778,13,1,4,1,0,19,0.6842105263157895
779,13,1,4,1,0,19,0.6842105263157895
780,13,1,4,1,0,19,0.6842105263157895
781,11,1,4,1,0,17,0.6470588235294118
782,13,1,4,1,0,19,0.6842105263157895
783,13,1,4,1,0,19,0.6842105263157895
784,12,1,4,1,0,18,0.6666666666666666
785,13,1,4,1,0,19,0.6842105263157895
786,12,1,4,1,0,18,0.6666666666666666
787,11,1,4,1,0,17,0.6470588235294118
788,14,1,4,1,0,20,0.7
789,11,1,4,1,0,17,0.6470588235294118
790,13,1,4,1,0,19,0.6842105263157895
791,13,1,4,1,0,19,0.6842105263157895
792,12,1,4,1,0,18,0.6666666666666666
793,13,1,4,1,0,19,0.6842105263157895
794,12,1,4,1,0,18,0.6666666666666666
795,13,1,4,1,0,19,0.6842105263157895
796,11,1,4,1,0,17,0.6470588235294118
797,13,1,4,1,0,19,0.6842105263157895
798,14,1,4,1,0,20,0.7
799,13,1,4,1,0,19,0.6842105263157895
800,11,1,4,1,0,17,0.6470588235294118
801,12,1,4,1,0,18,0.6666666666666666
802,13,1,4,1,0,19,0.6842105263157895
803,11,1,4,1,0,17,0.6470588235294118
804,11,1,4,1,0,17,0.6470588235294118
805,11,1,4,1,0,17,0.6470588235294118
806,13,1,4,1,0,19,0.6842105263157895
807,12,1,4,1,0,18,0.6666666666666666
808,12,1,4,1,0,18,0.6666666666666666
809,13,1,4,1,0,19,0.6842105263157895
810,12,1,4,1,0,18,0.6666666666666666
811,11,1,3,1,0,16,0.6875
812,9,1,4,1,0,15,0.6
813,13,1,4,1,0,19,0.6842105263157895
814,12,1,4,1,0,18,0.6666666666666666
815,10,1,4,1,0,16,0.625
816,12,1,4,1,0,18,0.6666666666666666
817,11,1,4,1,0,17,0.6470588235294118
818,13,1,4,1,0,19,0.6842105263157895
819,10,1,4,1,0,16,0.625
820,14,1,4,1,0,20,0.7
821,13,1,4,1,0,19,0.6842105263157895
822,11,1,4,1,0,17,0.6470588235294118
823,14,1,4,1,0,20,0.7
824,11,1,4,1,0,17,0.6470588235294118
825,12,1,4,1,0,18,0.6666666666666666
826,13,1,4,1,0,19,0.6842105263157895
827,13,1,4,1,0,19,0.6842105263157895
828,13,1,4,1,0,19,0.6842105263157895
829,12,1,4,1,0,18,0.6666666666666666
830,11,1,4,1,0,17,0.6470588235294118
831,12,1,4,1,0,18,0.6666666666666666
832,12,1,4,1,0,18,0.6666666666666666
833,12,1,4,1,0,18,0.6666666666666666
834,13,1,4,1,0,19,0.6842105263157895
835,13,1,4,1,0,19,0.6842105263157895
836,13,1,4,1,0,19,0.6842105263157895
837,13,1,4,1,0,19,0.6842105263157895
838,13,1,4,1,0,19,0.6842105263157895
839,13,1,4,1,0,19,0.6842105263157895
840,13,1,4,1,0,19,0.6842105263157895
841,14,1,4,1,0,20,0.7
842,14,1,4,1,0,20,0.7
843,12,1,4,1,0,18,0.6666666666666666
844,13,1,4,1,0,19,0.6842105263157895
845,12,1,4,1,0,18,0.6666666666666666
846,14,1,4,1,0,20,0.7
847,13,1,4,1,0,19,0.6842105263157895
848,14,1,4,1,0,20,0.7
849,12,1,4,1,0,18,0.6666666666666666
850,14,1,4,1,0,20,0.7
851,14,1,4,1,0,20,0.7
852,12,1,4,1,0,18,0.6666666666666666
853,13,1,4,1,0,19,0.6842105263157895
854,14,1,4,1,0,20,0.7
855,14,1,4,1,0,20,0.7
856,13,1,4,1,0,19,0.6842105263157895
857,14,1,4,1,0,20,0.7
858,13,1,4,1,0,19,0.6842105263157895
859,13,1,4,1,0,19,0.6842105263157895
860,12,1,4,1,0,18,0.6666666666666666
861,13,1,4,1,0,19,0.6842105263157895
862,13,1,4,1,0,19,0.6842105263157895
863,13,1,4,1,0,19,0.6842105263157895
864,12,1,4,1,0,18,0.6666666666666666
865,13,1,4,1,0,19,0.6842105263157895
866,12,1,4,1,0,18,0.6666666666666666
867,14,1,4,1,0,20,0.7
868,12,1,4,1,0,18,0.6666666666666666
869,12,1,4,1,0,18,0.6666666666666666
870,13,1,4,1,0,19,0.6842105263157895
871,13,1,4,1,0,19,0.6842105263157895
872,12,1,4,1,0,18,0.6666666666666666
873,11,1,4,1,0,17,0.6470588235294118
874,13,1,4,1,0,19,0.6842105263157895
875,14,1,4,1,0,20,0.7
876,14,1,4,1,0,20,0.7
877,13,1,4,1,0,19,0.6842105263157895
878,12,1,4,1,0,18,0.6666666666666666
879,13,1,4,1,0,19,0.6842105263157895
880,12,1,4,1,0,18,0.6666666666666666
881,13,1,4,1,0,19,0.6842105263157895
882,14,1,4,1,0,20,0.7
883,13,1,4,1,0,19,0.6842105263157895
884,13,1,4,1,0,19,0.6842105263157895
885,13,1,4,1,0,19,0.6842105263157895
886,12,1,4,1,0,18,0.6666666666666666
887,13,1,4,1,0,19,0.6842105263157895
888,14,1,4,1,0,20,0.7
889,13,1,4,1,0,19,0.6842105263157895
890,13,1,4,1,0,19,0.6842105263157895
891,14,1,4,1,0,20,0.7
892,13,1,4,1,0,19,0.6842105263157895
893,12,1,4,1,0,18,0.6666666666666666
894,13,1,4,1,0,19,0.6842105263157895
895,13,1,4,1,0,19,0.6842105263157895
896,12,1,4,1,0,18,0.6666666666666666
897,13,1,4,1,0,19,0.6842105263157895
898,12,1,4,1,0,18,0.6666666666666666
899,12,1,4,1,0,18,0.6666666666666666
900,13,1,4,1,0,19,0.6842105263157895
901,13,1,3,1,0,18,0.7222222222222222
902,13,1,3,1,0,18,0.7222222222222222
903,11,1,4,1,0,17,0.6470588235294118
904,12,1,4,1,0,18,0.6666666666666666
905,12,1,4,1,0,18,0.6666666666666666
906,14,1,4,1,0,20,0.7
907,13,1,4,1,0,19,0.6842105263157895
908,13,1,4,1,0,19,0.6842105263157895
909,12,1,4,1,0,18,0.6666666666666666
910,13,1,3,1,0,18,0.7222222222222222
911,14,1,4,1,0,20,0.7
912,12,1,4,1,0,18,0.6666666666666666
913,12,1,4,1,0,18,0.6666666666666666
914,13,1,3,1,0,18,0.7222222222222222
915,12,1,4,1,0,18,0.6666666666666666
916,14,1,4,1,0,20,0.7
917,13,1,4,1,0,19,0.6842105263157895
918,11,1,4,1,0,17,0.6470588235294118
919,11,1,4,1,0,17,0.6470588235294118
920,13,1,4,1,0,19,0.6842105263157895
921,14,1,4,1,0,20,0.7
922,14,1,4,1,0,20,0.7
923,14,1,4,1,0,20,0.7
924,13,1,4,1,0,19,0.6842105263157895
925,13,1,4,1,0,19,0.6842105263157895
926,12,1,4,1,0,18,0.6666666666666666
927,14,1,4,1,0,20,0.7
928,13,1,4,1,0,19,0.6842105263157895
929,12,1,4,1,0,18,0.6666666666666666
930,14,1,4,1,0,20,0.7
931,14,1,4,1,0,20,0.7
932,12,1,4,1,0,18,0.6666666666666666
933,12,1,4,1,0,18,0.6666666666666666
934,12,1,4,1,0,18,0.6666666666666666
935,12,1,4,1,0,18,0.6666666666666666
936,12,1,4,1,0,18,0.6666666666666666
937,14,1,4,1,0,20,0.7
938,14,1,4,1,0,20,0.7
939,14,1,4,1,0,20,0.7
940,13,1,4,1,0,19,0.6842105263157895
941,13,1,4,2,0,20,0.65
942,12,1,4,1,0,18,0.6666666666666666
943,13,1,4,1,0,19,0.6842105263157895
944,14,1,4,1,0,20,0.7
945,11,1,4,1,0,17,0.6470588235294118
946,12,1,4,1,0,18,0.6666666666666666
947,14,1,4,1,0,20,0.7
948,14,1,4,1,0,20,0.7
949,11,1,4,1,0,17,0.6470588235294118
950,13,1,4,1,0,19,0.6842105263157895
951,14,1,4,1,0,20,0.7
952,14,1,4,1,0,20,0.7
953,14,1,4,1,0,20,0.7
954,14,1,4,1,0,20,0.7
955,14,1,4,1,0,20,0.7
956,14,1,4,1,0,20,0.7
957,14,1,3,1,0,19,0.7368421052631579
958,14,1,4,1,0,20,0.7
959,13,1,4,1,0,19,0.6842105263157895
960,14,1,4,1,0,20,0.7
961,13,1,4,1,0,19,0.6842105263157895
962,13,1,3,1,0,18,0.7222222222222222
963,13,1,4,1,0,19,0.6842105263157895
964,13,1,4,1,0,19,0.6842105263157895
965,11,1,4,1,0,17,0.6470588235294118
966,11,1,4,1,0,17,0.6470588235294118
967,14,1,4,1,0,20,0.7
968,14,1,4,1,0,20,0.7
969,12,1,4,1,0,18,0.6666666666666666
970,13,1,4,1,0,19,0.6842105263157895
971,14,1,4,1,0,20,0.7
972,14,1,4,1,0,20,0.7
973,10,1,4,1,0,16,0.625
974,13,1,4,1,0,19,0.6842105263157895
975,12,1,4,1,0,18,0.6666666666666666
976,14,1,4,1,0,20,0.7
977,11,1,4,1,0,17,0.6470588235294118
978,13,1,4,1,0,19,0.6842105263157895
979,13,1,4,1,0,19,0.6842105263157895
980,11,1,4,1,0,17,0.6470588235294118
981,14,1,4,1,0,20,0.7
982,11,1,4,1,0,17,0.6470588235294118
983,14,1,4,1,0,20,0.7
984,14,1,4,1,0,20,0.7
985,14,1,4,1,0,20,0.7
986,13,1,4,1,0,19,0.6842105263157895
987,12,1,4,1,0,18,0.6666666666666666
988,12,1,4,1,0,18,0.6666666666666666
989,12,1,3,1,0,17,0.7058823529411765
990,12,1,4,1,0,18,0.6666666666666666
991,13,1,4,1,0,19,0.6842105263157895
992,13,1,4,1,0,19,0.6842105263157895
993,11,1,4,1,0,17,0.6470588235294118
994,13,1,4,1,0,19,0.6842105263157895
995,13,1,4,1,0,19,0.6842105263157895
996,14,1,4,1,0,20,0.7
997,13,1,4,1,0,19,0.6842105263157895
998,13,1,4,1,0,19,0.6842105263157895
999,14,1,4,1,0,20,0.7
1000,14,1,4,1,0,20,0.7
1001,13,1,4,1,0,19,0.6842105263157895
1002,12,1,4,1,0,18,0.6666666666666666
1003,13,1,4,1,0,19,0.6842105263157895
1004,13,1,4,1,0,19,0.6842105263157895
1005,13,1,4,1,0,19,0.6842105263157895
1006,13,1,4,1,0,19,0.6842105263157895
1007,13,1,4,1,0,19,0.6842105263157895
1008,13,1,4,1,0,19,0.6842105263157895
1009,14,1,4,1,0,20,0.7
1010,13,1,4,1,0,19,0.6842105263157895
1011,14,1,4,1,0,20,0.7
1012,12,1,4,1,0,18,0.6666666666666666
1013,11,1,4,1,0,17,0.6470588235294118
1014,12,1,4,1,0,18,0.6666666666666666
1015,13,1,4,1,0,19,0.6842105263157895
1016,13,1,4,1,0,19,0.6842105263157895
1017,13,1,4,1,0,19,0.6842105263157895
1018,14,1,4,1,0,20,0.7
1019,12,1,4,1,0,18,0.6666666666666666
1020,13,1,4,1,0,19,0.6842105263157895
1021,13,1,4,1,0,19,0.6842105263157895
1022,14,1,4,1,0,20,0.7
1023,13,1,4,1,0,19,0.6842105263157895
1024,12,1,4,1,0,18,0.6666666666666666
1025,13,1,4,1,0,19,0.6842105263157895
1026,13,1,4,1,0,19,0.6842105263157895
1027,13,1,4,1,0,19,0.6842105263157895
1028,13,1,4,1,0,19,0.6842105263157895
1029,14,1,4,1,0,20,0.7
1030,12,1,4,1,0,18,0.6666666666666666
1031,14,1,4,1,0,20,0.7
1032,12,1,4,1,0,18,0.6666666666666666
1033,14,1,4,1,0,20,0.7
1034,14,1,4,1,0,20,0.7
1035,14,1,4,1,0,20,0.7
1036,13,1,4,1,0,19,0.6842105263157895
1037,11,1,4,1,0,17,0.6470588235294118
1038,14,1,4,1,0,20,0.7
1039,14,1,4,1,0,20,0.7
1040,13,1,4,1,0,19,0.6842105263157895
1041,14,1,4,1,0,20,0.7
1042,13,1,4,1,0,19,0.6842105263157895
1043,14,1,4,1,0,20,0.7
1044,13,1,4,1,0,19,0.6842105263157895
1045,12,1,4,1,0,18,0.6666666666666666
1046,13,1,4,1,0,19,0.6842105263157895
1047,14,1,4,1,0,20,0.7
1048,14,1,4,1,0,20,0.7
1049,13,1,4,1,0,19,0.6842105263157895
1050,13,1,4,1,0,19,0.6842105263157895
1051,12,1,4,1,0,18,0.6666666666666666
1052,14,1,4,1,0,20,0.7
1053,12,1,3,1,0,17,0.7058823529411765
1054,12,1,4,1,0,18,0.6666666666666666
1055,13,1,4,1,0,19,0.6842105263157895
1056,11,1,4,1,0,17,0.6470588235294118
1057,14,1,4,1,0,20,0.7
1058,13,1,4,1,0,19,0.6842105263157895
1059,14,1,4,1,0,20,0.7
1060,13,1,3,1,0,18,0.7222222222222222
1061,14,1,4,1,0,20,0.7
1062,13,1,4,1,0,19,0.6842105263157895
1063,12,1,4,1,0,18,0.6666666666666666
1064,11,1,3,1,0,16,0.6875
1065,13,1,4,1,0,19,0.6842105263157895
1066,12,1,4,1,0,18,0.6666666666666666
1067,14,1,4,1,0,20,0.7
1068,13,1,4,1,0,19,0.6842105263157895
1069,13,1,4,1,0,19,0.6842105263157895
1070,14,1,4,1,0,20,0.7
1071,14,1,4,1,0,20,0.7
1072,13,1,4,1,0,19,0.6842105263157895
1073,13,1,4,1,0,19,0.6842105263157895
1074,12,1,4,1,0,18,0.6666666666666666
1075,12,1,4,1,0,18,0.6666666666666666
1076,14,1,4,1,0,20,0.7
1077,12,1,3,1,0,17,0.7058823529411765
1078,13,1,4,1,0,19,0.6842105263157895
1079,12,1,4,1,0,18,0.6666666666666666
1080,14,1,4,1,0,20,0.7
1081,13,1,4,1,0,19,0.6842105263157895
1082,13,1,3,1,0,18,0.7222222222222222
1083,14,1,4,1,0,20,0.7
1084,14,1,4,1,0,20,0.7
1085,14,1,4,1,0,20,0.7
1086,13,1,4,1,0,19,0.6842105263157895
1087,14,1,4,1,0,20,0.7
1088,14,1,4,1,0,20,0.7
1089,14,1,4,1,0,20,0.7
1090,12,1,4,1,0,18,0.6666666666666666
1091,13,1,4,1,0,19,0.6842105263157895
1092,13,1,4,1,0,19,0.6842105263157895
1093,14,1,4,1,0,20,0.7
1094,14,1,4,1,0,20,0.7
1095,14,1,4,1,0,20,0.7
1096,13,1,4,1,0,19,0.6842105263157895
1097,14,1,4,1,0,20,0.7
1098,13,1,4,1,0,19,0.6842105263157895
1099,14,1,4,1,0,20,0.7
1100,13,1,4,1,0,19,0.6842105263157895
1101,11,1,4,1,0,17,0.6470588235294118
1102,13,1,4,1,0,19,0.6842105263157895
1103,13,1,3,1,0,18,0.7222222222222222
1104,12,1,4,1,0,18,0.6666666666666666
1105,13,1,4,1,0,19,0.6842105263157895
1106,13,1,4,1,0,19,0.6842105263157895
1107,10,1,4,1,0,16,0.625
1108,13,1,4,1,0,19,0.6842105263157895
1109,11,1,4,1,0,17,0.6470588235294118
1110,14,1,4,1,0,20,0.7
1111,14,1,4,1,0,20,0.7
1112,13,1,3,1,0,18,0.7222222222222222
1113,12,1,4,1,0,18,0.6666666666666666
1114,13,1,3,1,0,18,0.7222222222222222
1115,12,1,4,1,0,18,0.6666666666666666
1116,11,1,4,1,0,17,0.6470588235294118
1117,13,1,4,1,0,19,0.6842105263157895
1118,14,1,4,1,0,20,0.7
1119,14,1,4,1,0,20,0.7
1120,14,1,4,1,0,20,0.7
1121,13,1,4,1,0,19,0.6842105263157895
1122,13,1,4,1,0,19,0.6842105263157895
1123,13,1,4,1,0,19,0.6842105263157895
1124,14,1,4,1,0,20,0.7
1125,13,1,4,1,0,19,0.6842105263157895
1126,13,1,4,1,0,19,0.6842105263157895
1127,14,1,4,1,0,20,0.7
1128,12,1,4,1,0,18,0.6666666666666666
1129,12,1,4,1,0,18,0.6666666666666666
1130,14,1,4,1,0,20,0.7
1131,14,1,4,1,0,20,0.7
1132,11,1,4,1,0,17,0.6470588235294118
1133,12,1,4,1,0,18,0.6666666666666666
1134,12,1,4,1,0,18,0.6666666666666666
1135,12,1,4,1,0,18,0.6666666666666666
1136,14,1,4,1,0,20,0.7
1137,12,1,4,1,0,18,0.6666666666666666
1138,12,1,4,1,0,18,0.6666666666666666
1139,12,1,4,1,0,18,0.6666666666666666
1140,12,1,4,1,0,18,0.6666666666666666
1141,11,1,4,1,0,17,0.6470588235294118
1142,14,1,4,1,0,20,0.7
1143,13,1,4,1,0,19,0.6842105263157895
1144,12,1,4,1,0,18,0.6666666666666666
1145,12,1,4,1,0,18,0.6666666666666666
1146,12,1,4,1,0,18,0.6666666666666666
1147,13,1,4,1,0,19,0.6842105263157895
1148,13,1,4,1,0,19,0.6842105263157895
1149,13,1,3,1,0,18,0.7222222222222222
1150,13,1,2,1,0,17,0.7647058823529411
1151,13,1,3,1,0,18,0.7222222222222222
1152,14,1,3,1,0,19,0.7368421052631579
1153,12,1,3,1,0,17,0.7058823529411765
1154,14,1,2,1,0,18,0.7777777777777778
1155,12,1,3,1,0,17,0.7058823529411765
1156,10,1,3,1,0,15,0.6666666666666666
1157,12,1,3,1,0,17,0.7058823529411765
1158,13,1,3,1,0,18,0.7222222222222222
1159,13,1,2,1,0,17,0.7647058823529411
1160,11,1,3,1,0,16,0.6875
1161,11,1,3,1,0,16,0.6875
1162,12,1,3,1,0,17,0.7058823529411765
1163,12,1,3,1,0,17,0.7058823529411765
1164,12,1,2,1,0,16,0.75
1165,13,1,3,1,0,18,0.7222222222222222
1166,13,1,3,1,0,18,0.7222222222222222
1167,12,1,3,1,0,17,0.7058823529411765
1168,13,1,3,1,0,18,0.7222222222222222
1169,14,1,3,1,0,19,0.7368421052631579
1170,11,1,3,1,0,16,0.6875
1171,12,1,3,1,0,17,0.7058823529411765
1172,13,2,3,1,0,19,0.6842105263157895
1173,10,1,3,1,0,15,0.6666666666666666
1174,11,2,3,1,0,17,0.6470588235294118
1175,13,1,3,1,0,18,0.7222222222222222
1176,12,1,3,1,0,17,0.7058823529411765
1177,13,1,3,1,0,18,0.7222222222222222
1178,10,1,3,1,0,15,0.6666666666666666
1179,10,1,3,1,0,15,0.6666666666666666
1180,14,1,2,1,0,18,0.7777777777777778
1181,12,1,3,1,0,17,0.7058823529411765
1182,14,1,4,1,0,20,0.7
1183,13,1,3,1,0,18,0.7222222222222222
1184,14,1,3,1,0,19,0.7368421052631579
1185,12,1,3,1,0,17,0.7058823529411765
1186,12,1,2,1,0,16,0.75
1187,12,1,2,1,0,16,0.75
1188,13,1,3,1,0,18,0.7222222222222222
1189,14,1,3,1,0,19,0.7368421052631579
1190,10,2,3,1,0,16,0.625
1191,12,1,3,1,0,17,0.7058823529411765
1192,12,1,3,1,0,17,0.7058823529411765
1193,13,1,3,1,0,18,0.7222222222222222
1194,10,1,3,1,0,15,0.6666666666666666
1195,14,1,2,1,0,18,0.7777777777777778
1196,11,1,3,1,0,16,0.6875
1197,13,1,3,1,0,18,0.7222222222222222
1198,14,1,3,1,0,19,0.7368421052631579
1199,13,1,3,1,0,18,0.7222222222222222
1200,12,2,3,1,0,18,0.6666666666666666
1201,13,1,3,1,0,18,0.7222222222222222
1202,12,1,3,1,0,17,0.7058823529411765
1203,12,1,3,1,0,17,0.7058823529411765
1204,14,1,3,2,0,20,0.7
1205,14,1,3,1,0,19,0.7368421052631579
1206,13,1,3,1,0,18,0.7222222222222222
1207,12,1,3,1,0,17,0.7058823529411765
1208,13,1,3,1,0,18,0.7222222222222222
1209,14,1,3,1,0,19,0.7368421052631579
1210,13,1,3,1,0,18,0.7222222222222222
1211,12,1,3,1,0,17,0.7058823529411765
1212,12,1,3,1,0,17,0.7058823529411765
1213,12,1,3,1,0,17,0.7058823529411765
1214,13,1,2,1,0,17,0.7647058823529411
1215,11,2,3,1,0,17,0.6470588235294118
1216,13,1,3,1,0,18,0.7222222222222222
1217,11,1,3,1,0,16,0.6875
1218,12,1,3,1,0,17,0.7058823529411765
1219,13,1,3,1,0,18,0.7222222222222222
1220,13,2,3,1,0,19,0.6842105263157895
1221,11,1,3,1,0,16,0.6875
1222,13,2,3,1,0,19,0.6842105263157895
1223,12,1,3,1,0,17,0.7058823529411765
1224,12,1,3,1,0,17,0.7058823529411765
1225,10,1,3,1,0,15,0.6666666666666666
1226,12,1,2,1,0,16,0.75
1227,14,1,2,1,0,18,0.7777777777777778
1228,11,1,3,1,0,16,0.6875
1229,14,1,3,1,0,19,0.7368421052631579
1230,14,1,3,1,0,19,0.7368421052631579
1231,12,1,3,1,0,17,0.7058823529411765
1232,12,1,3,1,0,17,0.7058823529411765
1233,12,1,3,1,0,17,0.7058823529411765
1234,12,1,2,1,0,16,0.75
1235,12,1,2,1,0,16,0.75
1236,13,1,2,1,0,17,0.7647058823529411
1237,14,1,3,1,0,19,0.7368421052631579
1238,12,1,3,1,0,17,0.7058823529411765
1239,13,1,3,1,0,18,0.7222222222222222
1240,12,1,3,1,0,17,0.7058823529411765
1241,10,1,3,1,0,15,0.6666666666666666
1242,12,1,3,1,0,17,0.7058823529411765
1243,12,1,3,1,0,17,0.7058823529411765
1244,12,1,3,1,0,17,0.7058823529411765
1245,11,1,3,1,0,16,0.6875
1246,12,1,3,1,0,17,0.7058823529411765
1247,12,1,3,1,0,17,0.7058823529411765
1248,12,1,3,1,0,17,0.7058823529411765
1249,12,1,2,1,0,16,0.75
1250,14,1,2,1,0,18,0.7777777777777778
1251,14,1,3,1,0,19,0.7368421052631579
1252,12,1,3,1,0,17,0.7058823529411765
1253,13,1,3,1,0,18,0.7222222222222222
1254,11,1,3,1,0,16,0.6875
1255,13,1,3,1,0,18,0.7222222222222222
1256,13,1,2,1,0,17,0.7647058823529411
1257,14,1,3,1,0,19,0.7368421052631579
1258,11,1,3,1,0,16,0.6875
1259,14,1,2,1,0,18,0.7777777777777778
1260,12,1,3,1,0,17,0.7058823529411765
1261,12,1,3,1,0,17,0.7058823529411765
1262,12,1,3,1,0,17,0.7058823529411765
1263,13,1,3,1,0,18,0.7222222222222222
1264,13,1,3,1,0,18,0.7222222222222222
1265,13,1,3,1,0,18,0.7222222222222222
1266,11,1,3,1,0,16,0.6875
1267,10,1,3,1,0,15,0.6666666666666666
1268,13,1,3,1,0,18,0.7222222222222222
1269,12,1,3,1,0,17,0.7058823529411765
1270,12,1,3,1,0,17,0.7058823529411765
1271,11,1,3,1,0,16,0.6875
1272,12,1,3,1,0,17,0.7058823529411765
1273,11,1,3,1,0,16,0.6875
1274,12,1,3,1,0,17,0.7058823529411765
1275,11,1,3,1,0,16,0.6875
1276,14,1,3,1,0,19,0.7368421052631579
1277,14,1,3,1,0,19,0.7368421052631579
1278,12,1,3,1,0,17,0.7058823529411765
1279,12,1,3,1,0,17,0.7058823529411765
1280,11,1,3,1,0,16,0.6875
1281,13,1,3,1,0,18,0.7222222222222222
1282,11,1,3,1,0,16,0.6875
1283,11,1,3,1,0,16,0.6875
1284,13,1,3,1,0,18,0.7222222222222222
1285,12,1,3,1,0,17,0.7058823529411765
1286,14,1,3,1,0,19,0.7368421052631579
1287,12,1,3,1,0,17,0.7058823529411765
1288,13,1,3,1,0,18,0.7222222222222222
1289,14,1,3,1,0,19,0.7368421052631579
1290,13,1,3,1,0,18,0.7222222222222222
1291,14,1,2,1,0,18,0.7777777777777778
1292,14,1,3,1,0,19,0.7368421052631579
1293,11,1,3,1,0,16,0.6875
1294,12,1,3,1,0,17,0.7058823529411765
1295,13,1,3,1,0,18,0.7222222222222222
1296,13,1,3,1,0,18,0.7222222222222222
1297,12,1,3,1,0,17,0.7058823529411765
1298,11,1,3,1,0,16,0.6875
1299,12,1,3,1,0,17,0.7058823529411765
1300,11,1,3,1,0,16,0.6875
1301,10,1,3,1,0,15,0.6666666666666666
1302,12,1,3,1,0,17,0.7058823529411765
1303,12,1,3,1,0,17,0.7058823529411765
1304,12,1,3,1,0,17,0.7058823529411765
1305,13,1,3,1,0,18,0.7222222222222222
1306,14,1,2,1,0,18,0.7777777777777778
1307,11,1,3,1,0,16,0.6875
1308,13,1,3,1,0,18,0.7222222222222222
1309,13,1,2,1,0,17,0.7647058823529411
1310,12,1,3,1,0,17,0.7058823529411765
1311,14,1,3,1,0,19,0.7368421052631579
1312,12,1,2,1,0,16,0.75
1313,11,1,3,1,0,16,0.6875
1314,12,1,3,1,0,17,0.7058823529411765
1315,10,1,3,1,0,15,0.6666666666666666
1316,9,1,3,1,0,14,0.6428571428571429
1317,13,1,3,1,0,18,0.7222222222222222
1318,13,1,3,1,0,18,0.7222222222222222
1319,13,1,3,1,0,18,0.7222222222222222
1320,14,1,2,1,0,18,0.7777777777777778
1321,14,1,3,1,0,19,0.7368421052631579
1322,13,1,3,1,0,18,0.7222222222222222
1323,13,1,3,1,0,18,0.7222222222222222
1324,13,1,3,1,0,18,0.7222222222222222
1325,12,1,3,1,0,17,0.7058823529411765
1326,13,1,3,1,0,18,0.7222222222222222
1327,12,1,3,1,0,17,0.7058823529411765
1328,13,1,3,1,0,18,0.7222222222222222
1329,14,1,3,1,0,19,0.7368421052631579
1330,12,1,3,1,0,17,0.7058823529411765
1331,13,1,3,1,0,18,0.7222222222222222
1332,11,1,3,1,0,16,0.6875
1333,12,1,3,1,0,17,0.7058823529411765
1334,13,1,3,1,0,18,0.7222222222222222
1335,12,1,2,1,0,16,0.75
1336,12,1,3,1,0,17,0.7058823529411765
1337,11,1,3,1,0,16,0.6875
1338,10,1,3,1,0,15,0.6666666666666666
1339,13,1,3,1,0,18,0.7222222222222222
1340,13,1,3,1,0,18,0.7222222222222222
1341,12,1,3,1,0,17,0.7058823529411765
1342,11,1,3,1,0,16,0.6875
1343,12,1,3,1,0,17,0.7058823529411765
1344,11,1,3,1,0,16,0.6875
1345,11,1,2,1,0,15,0.7333333333333333
1346,12,1,3,1,0,17,0.7058823529411765
1347,12,1,3,1,0,17,0.7058823529411765
1348,12,1,3,1,0,17,0.7058823529411765
1349,13,1,3,1,0,18,0.7222222222222222
1350,12,1,4,1,0,18,0.6666666666666666
1351,10,1,3,1,0,15,0.6666666666666666
1352,11,1,3,1,0,16,0.6875
1353,12,1,2,1,0,16,0.75
1354,11,1,3,1,0,16,0.6875
1355,11,1,3,1,0,16,0.6875
1356,11,1,3,1,0,16,0.6875
1357,11,1,3,2,0,17,0.6470588235294118
1358,12,1,3,1,0,17,0.7058823529411765
1359,10,1,3,2,0,16,0.625
1360,11,1,2,1,0,15,0.7333333333333333
1361,10,1,2,1,0,14,0.7142857142857143
1362,12,1,3,1,0,17,0.7058823529411765
1363,10,1,3,1,0,15,0.6666666666666666
1364,11,1,3,1,0,16,0.6875
1365,11,1,3,1,0,16,0.6875
1366,9,1,2,1,0,13,0.6923076923076923
1367,11,1,3,1,0,16,0.6875
1368,12,1,2,1,0,16,0.75
1369,11,1,3,1,0,16,0.6875
1370,11,1,3,1,0,16,0.6875
1371,10,1,3,1,0,15,0.6666666666666666
1372,12,1,3,1,0,17,0.7058823529411765
1373,11,1,3,1,0,16,0.6875
1374,10,1,3,1,0,15,0.6666666666666666
1375,11,1,3,1,0,16,0.6875
1376,11,1,3,1,0,16,0.6875
1377,11,1,3,1,0,16,0.6875
1378,10,1,3,1,0,15,0.6666666666666666
1379,13,1,3,1,0,18,0.7222222222222222
1380,11,1,3,1,0,16,0.6875
1381,11,1,3,1,0,16,0.6875
1382,10,1,3,1,0,15,0.6666666666666666
1383,13,1,3,1,0,18,0.7222222222222222
1384,11,1,3,1,0,16,0.6875
1385,10,1,3,1,0,15,0.6666666666666666
1386,13,1,2,1,0,17,0.7647058823529411
1387,12,1,2,1,0,16,0.75
1388,10,1,3,1,0,15,0.6666666666666666
1389,12,1,3,1,0,17,0.7058823529411765
1390,10,1,3,1,0,15,0.6666666666666666
1391,10,1,3,1,0,15,0.6666666666666666
1392,12,1,3,1,0,17,0.7058823529411765
1393,10,1,2,1,0,14,0.7142857142857143
1394,10,1,3,1,0,15,0.6666666666666666
1395,11,1,3,1,0,16,0.6875
1396,10,1,3,1,0,15,0.6666666666666666
1397,10,1,3,1,0,15,0.6666666666666666
1398,10,1,3,1,0,15,0.6666666666666666
1399,10,1,3,1,0,15,0.6666666666666666
1400,11,1,3,1,0,16,0.6875
1401,10,1,3,1,0,15,0.6666666666666666
1402,10,1,3,1,0,15,0.6666666666666666
1403,10,1,3,1,0,15,0.6666666666666666
1404,10,1,2,1,0,14,0.7142857142857143
1405,10,1,2,1,0,14,0.7142857142857143
1406,11,1,3,1,0,16,0.6875
1407,9,1,3,1,0,14,0.6428571428571429
1408,10,1,3,1,0,15,0.6666666666666666
1409,11,1,3,1,0,16,0.6875
1410,11,1,3,1,0,16,0.6875
1411,12,1,3,1,0,17,0.7058823529411765
1412,12,1,3,1,0,17,0.7058823529411765
1413,12,1,3,1,0,17,0.7058823529411765
1414,13,1,3,1,0,18,0.7222222222222222
1415,11,1,3,1,0,16,0.6875
1416,11,1,3,1,0,16,0.6875
1417,11,1,2,1,0,15,0.7333333333333333
1418,11,1,3,1,0,16,0.6875
1419,12,1,3,1,0,17,0.7058823529411765
1420,10,1,3,1,0,15,0.6666666666666666
1421,12,1,3,1,0,17,0.7058823529411765
1422,12,1,3,1,0,17,0.7058823529411765
1423,11,1,3,1,0,16,0.6875
1424,12,1,3,1,0,17,0.7058823529411765
1425,10,1,2,1,0,14,0.7142857142857143
1426,12,1,3,1,0,17,0.7058823529411765
1427,12,1,3,1,0,17,0.7058823529411765
1428,11,1,2,1,0,15,0.7333333333333333
1429,12,1,3,1,0,17,0.7058823529411765
1430,10,1,2,1,0,14,0.7142857142857143
1431,10,1,3,1,0,15,0.6666666666666666
1432,11,1,2,1,0,15,0.7333333333333333
1433,11,1,3,1,0,16,0.6875
1434,12,1,3,1,0,17,0.7058823529411765
1435,11,1,3,1,0,16,0.6875
1436,10,1,3,1,0,15,0.6666666666666666
1437,12,1,3,1,0,17,0.7058823529411765
1438,10,1,3,1,0,15,0.6666666666666666
1439,13,1,2,1,0,17,0.7647058823529411
1440,12,1,3,1,0,17,0.7058823529411765
1441,11,1,2,1,0,15,0.7333333333333333
1442,13,1,2,1,0,17,0.7647058823529411
1443,11,1,3,1,0,16,0.6875
1444,13,1,3,1,0,18,0.7222222222222222
1445,11,1,3,1,0,16,0.6875
1446,11,1,3,1,0,16,0.6875
1447,12,1,3,1,0,17,0.7058823529411765
1448,12,1,3,1,0,17,0.7058823529411765
1449,11,1,3,1,0,16,0.6875
1450,11,1,3,1,0,16,0.6875
1451,11,1,3,1,0,16,0.6875
1452,13,1,2,1,0,17,0.7647058823529411
1453,12,1,2,1,0,16,0.75
1454,12,1,2,1,0,16,0.75
1455,11,1,3,1,0,16,0.6875
1456,12,1,3,1,0,17,0.7058823529411765
1457,10,1,3,1,0,15,0.6666666666666666
1458,12,1,3,1,0,17,0.7058823529411765
1459,11,1,3,1,0,16,0.6875
1460,12,1,3,1,0,17,0.7058823529411765
1461,11,1,3,1,0,16,0.6875
1462,11,1,2,1,0,15,0.7333333333333333
1463,11,1,3,1,0,16,0.6875
1464,13,1,2,1,0,17,0.7647058823529411
1465,13,1,3,1,0,18,0.7222222222222222
1466,11,1,2,1,0,15,0.7333333333333333
1467,11,1,2,1,0,15,0.7333333333333333
1468,11,1,3,1,0,16,0.6875
1469,13,1,2,1,0,17,0.7647058823529411
1470,13,1,3,1,0,18,0.7222222222222222
1471,10,1,3,1,0,15,0.6666666666666666
1472,12,1,3,1,0,17,0.7058823529411765
1473,11,1,2,1,0,15,0.7333333333333333
1474,12,1,3,1,0,17,0.7058823529411765
1475,11,1,2,1,0,15,0.7333333333333333
1476,11,1,2,1,0,15,0.7333333333333333
1477,11,1,3,1,0,16,0.6875
1478,12,1,2,1,0,16,0.75
1479,11,1,3,1,0,16,0.6875
1480,11,1,3,1,0,16,0.6875
1481,13,1,3,1,0,18,0.7222222222222222
1482,10,1,3,1,0,15,0.6666666666666666
1483,13,1,3,1,0,18,0.7222222222222222
1484,12,1,3,1,0,17,0.7058823529411765
1485,11,1,2,1,0,15,0.7333333333333333
1486,11,1,3,1,0,16,0.6875
1487,13,1,3,1,0,18,0.7222222222222222
1488,11,1,2,1,0,15,0.7333333333333333
1489,11,1,3,1,0,16,0.6875
1490,13,1,3,1,0,18,0.7222222222222222
1491,11,1,3,1,0,16,0.6875
1492,12,1,3,1,0,17,0.7058823529411765
1493,12,1,3,1,0,17,0.7058823529411765
1494,11,1,3,1,0,16,0.6875
1495,13,1,3,1,0,18,0.7222222222222222
1496,11,1,2,1,0,15,0.7333333333333333
1497,12,1,3,1,0,17,0.7058823529411765
1498,12,1,4,1,0,18,0.6666666666666666
1499,12,1,3,1,0,17,0.7058823529411765
1500,12,1,3,1,0,17,0.7058823529411765
1501,13,1,3,1,0,18,0.7222222222222222
1502,11,1,3,1,0,16,0.6875
1503,12,1,3,1,0,17,0.7058823529411765
1504,10,1,3,1,0,15,0.6666666666666666
1505,12,1,3,1,0,17,0.7058823529411765
1506,12,1,2,1,0,16,0.75
1507,12,1,3,1,0,17,0.7058823529411765
1508,10,1,3,1,0,15,0.6666666666666666
1509,11,1,3,1,0,16,0.6875
1510,13,1,3,1,0,18,0.7222222222222222
1511,11,1,3,1,0,16,0.6875
1512,12,1,3,1,0,17,0.7058823529411765
1513,12,1,3,1,0,17,0.7058823529411765
1514,11,1,3,1,0,16,0.6875
1515,12,1,3,1,0,17,0.7058823529411765
1516,11,1,3,1,0,16,0.6875
1517,12,1,3,1,0,17,0.7058823529411765
1518,11,1,2,1,0,15,0.7333333333333333
1519,12,1,3,1,0,17,0.7058823529411765
1520,12,1,3,1,0,17,0.7058823529411765
1521,11,1,3,1,0,16,0.6875
1522,14,1,2,1,0,18,0.7777777777777778
1523,14,1,3,1,0,19,0.7368421052631579
1524,13,1,3,1,0,18,0.7222222222222222
1525,14,1,3,1,0,19,0.7368421052631579
1526,13,1,3,1,0,18,0.7222222222222222
1527,12,1,3,1,0,17,0.7058823529411765
1528,13,1,3,1,0,18,0.7222222222222222
1529,13,1,3,1,0,18,0.7222222222222222
1530,14,1,3,1,0,19,0.7368421052631579
1531,14,1,3,1,0,19,0.7368421052631579
1532,12,1,3,1,0,17,0.7058823529411765
1533,11,1,3,1,0,16,0.6875
1534,12,1,3,1,0,17,0.7058823529411765
1535,12,1,3,1,0,17,0.7058823529411765
1536,14,1,3,1,0,19,0.7368421052631579
1537,11,1,3,1,0,16,0.6875
1538,14,1,2,1,0,18,0.7777777777777778
1539,12,1,3,1,0,17,0.7058823529411765
1540,13,1,3,1,0,18,0.7222222222222222
1541,14,1,3,1,0,19,0.7368421052631579
1542,12,1,3,1,0,17,0.7058823529411765
1543,13,1,3,1,0,18,0.7222222222222222
1544,12,1,3,1,0,17,0.7058823529411765
1545,13,1,3,1,0,18,0.7222222222222222
1546,13,1,3,1,0,18,0.7222222222222222
1547,12,1,2,1,0,16,0.75
1548,13,1,3,1,0,18,0.7222222222222222
1549,13,1,3,1,0,18,0.7222222222222222
1550,12,1,3,1,0,17,0.7058823529411765
1551,13,1,3,1,0,18,0.7222222222222222
1552,12,1,3,1,0,17,0.7058823529411765
1553,13,1,2,1,0,17,0.7647058823529411
1554,14,1,3,1,0,19,0.7368421052631579
1555,13,1,3,1,0,18,0.7222222222222222
1556,14,1,3,1,0,19,0.7368421052631579
1557,13,1,3,1,0,18,0.7222222222222222
1558,13,1,3,1,0,18,0.7222222222222222
1559,13,1,3,1,0,18,0.7222222222222222
1560,13,1,3,1,0,18,0.7222222222222222
1561,12,1,3,1,0,17,0.7058823529411765
1562,13,1,2,1,0,17,0.7647058823529411
1563,11,1,3,1,0,16,0.6875
1564,14,1,3,1,0,19,0.7368421052631579
1565,12,1,3,1,0,17,0.7058823529411765
1566,12,1,4,1,0,18,0.6666666666666666
1567,12,1,3,1,0,17,0.7058823529411765
1568,10,1,3,1,0,15,0.6666666666666666
1569,13,1,3,1,0,18,0.7222222222222222
1570,13,1,3,1,0,18,0.7222222222222222
1571,13,1,3,1,0,18,0.7222222222222222
1572,13,1,3,1,0,18,0.7222222222222222
1573,14,1,3,1,0,19,0.7368421052631579
1574,10,1,3,1,0,15,0.6666666666666666
1575,10,1,3,1,0,15,0.6666666666666666
1576,11,1,3,1,0,16,0.6875
1577,14,1,3,1,0,19,0.7368421052631579
1578,11,1,3,1,0,16,0.6875
1579,14,1,3,1,0,19,0.7368421052631579
1580,11,1,3,1,0,16,0.6875
1581,12,1,3,1,0,17,0.7058823529411765
1582,13,1,3,1,0,18,0.7222222222222222
1583,11,1,3,1,0,16,0.6875
1584,10,1,3,1,0,15,0.6666666666666666
1585,12,1,3,1,0,17,0.7058823529411765
1586,10,1,3,1,0,15,0.6666666666666666
1587,10,1,3,1,0,15,0.6666666666666666
1588,11,1,2,1,0,15,0.7333333333333333
1589,10,1,3,1,0,15,0.6666666666666666
1590,12,1,3,1,0,17,0.7058823529411765
1591,11,1,3,1,0,16,0.6875
1592,12,1,3,1,0,17,0.7058823529411765
1593,12,1,3,1,0,17,0.7058823529411765
1594,10,1,3,1,0,15,0.6666666666666666
1595,11,1,3,1,0,16,0.6875
1596,11,1,3,1,0,16,0.6875
1597,10,1,3,1,0,15,0.6666666666666666
1598,8,1,3,1,0,13,0.6153846153846154
1599,11,1,3,1,0,16,0.6875
1600,12,1,3,1,0,17,0.7058823529411765
1601,10,1,3,1,0,15,0.6666666666666666
1602,12,1,3,1,0,17,0.7058823529411765
1603,10,1,3,1,0,15,0.6666666666666666
1604,10,1,3,1,0,15,0.6666666666666666
1605,10,1,3,1,0,15,0.6666666666666666
1606,13,1,3,1,0,18,0.7222222222222222
1607,12,1,3,1,0,17,0.7058823529411765
1608,12,1,3,1,0,17,0.7058823529411765
1609,13,1,3,1,0,18,0.7222222222222222
1610,11,1,2,1,0,15,0.7333333333333333
1611,11,1,3,1,0,16,0.6875
1612,11,1,3,1,0,16,0.6875
1613,13,1,3,1,0,18,0.7222222222222222
1614,12,1,3,1,0,17,0.7058823529411765
1615,14,1,3,1,0,19,0.7368421052631579
1616,10,1,3,1,0,15,0.6666666666666666
1617,11,1,3,1,0,16,0.6875
1618,11,1,3,1,0,16,0.6875
1619,12,1,3,1,0,17,0.7058823529411765
1620,12,1,3,1,0,17,0.7058823529411765
1621,12,1,3,1,0,17,0.7058823529411765
1622,12,1,3,1,0,17,0.7058823529411765
1623,12,1,3,1,0,17,0.7058823529411765
1624,12,1,3,1,0,17,0.7058823529411765
1625,12,1,3,1,0,17,0.7058823529411765
1626,10,1,3,1,0,15,0.6666666666666666
1627,10,1,3,1,0,15,0.6666666666666666
1628,11,1,3,1,0,16,0.6875
1629,11,1,3,1,0,16,0.6875
1630,12,1,3,1,0,17,0.7058823529411765
1631,12,1,3,1,0,17,0.7058823529411765
1632,12,1,2,1,0,16,0.75
1633,12,1,3,1,0,17,0.7058823529411765
1634,12,1,2,1,0,16,0.75
1635,10,1,3,1,0,15,0.6666666666666666
1636,11,1,3,1,0,16,0.6875
1637,11,1,3,1,0,16,0.6875
1638,12,1,3,1,0,17,0.7058823529411765
1639,12,1,3,1,0,17,0.7058823529411765
1640,12,1,3,1,0,17,0.7058823529411765
1641,11,1,3,1,0,16,0.6875
1642,10,1,3,1,0,15,0.6666666666666666
1643,9,1,3,1,0,14,0.6428571428571429
1644,12,1,3,1,0,17,0.7058823529411765
1645,10,1,3,1,0,15,0.6666666666666666
1646,11,1,2,1,0,15,0.7333333333333333
1647,11,1,3,1,0,16,0.6875
1648,11,1,3,1,0,16,0.6875
1649,10,1,3,1,0,15,0.6666666666666666
1650,11,1,2,1,0,15,0.7333333333333333
1651,10,1,3,1,0,15,0.6666666666666666
1652,11,1,3,1,0,16,0.6875
1653,11,1,2,1,0,15,0.7333333333333333
1654,11,1,3,1,0,16,0.6875
1655,11,1,3,1,0,16,0.6875
1656,12,1,3,1,0,17,0.7058823529411765
1657,12,1,3,1,0,17,0.7058823529411765
1658,10,1,3,1,0,15,0.6666666666666666
1659,11,1,3,1,0,16,0.6875
1660,12,1,3,1,0,17,0.7058823529411765
1661,12,1,3,1,0,17,0.7058823529411765
1662,10,1,3,1,0,15,0.6666666666666666
1663,12,1,3,1,0,17,0.7058823529411765
1664,10,1,3,1,0,15,0.6666666666666666
1665,12,1,3,1,0,17,0.7058823529411765
1666,10,1,3,1,0,15,0.6666666666666666
1667,11,1,3,1,0,16,0.6875
1668,12,1,3,1,0,17,0.7058823529411765
1669,10,1,3,1,0,15,0.6666666666666666
1670,12,1,3,1,0,17,0.7058823529411765
1671,10,1,3,1,0,15,0.6666666666666666
1672,12,1,3,1,0,17,0.7058823529411765
1673,11,1,3,1,0,16,0.6875
1674,12,1,3,1,0,17,0.7058823529411765
1675,11,1,3,1,0,16,0.6875
1676,12,1,3,1,0,17,0.7058823529411765
1677,13,1,3,1,0,18,0.7222222222222222
1678,11,1,3,1,0,16,0.6875
1679,12,1,3,1,0,17,0.7058823529411765
1680,12,1,3,1,0,17,0.7058823529411765
1681,12,1,3,1,0,17,0.7058823529411765
1682,11,1,3,1,0,16,0.6875
1683,11,1,3,1,0,16,0.6875
1684,10,1,3,1,0,15,0.6666666666666666
1685,12,1,2,1,0,16,0.75
1686,11,1,3,1,0,16,0.6875
1687,13,1,3,1,0,18,0.7222222222222222
1688,10,1,2,1,0,14,0.7142857142857143
1689,10,1,3,1,0,15,0.6666666666666666
1690,10,1,3,1,0,15,0.6666666666666666
1691,12,1,3,1,0,17,0.7058823529411765
1692,12,1,3,1,0,17,0.7058823529411765
1693,13,1,3,1,0,18,0.7222222222222222
1694,13,1,3,1,0,18,0.7222222222222222
1695,12,1,3,1,0,17,0.7058823529411765
1696,10,1,3,1,0,15,0.6666666666666666
1697,11,1,3,1,0,16,0.6875
1698,12,1,3,1,0,17,0.7058823529411765
1699,12,1,3,1,0,17,0.7058823529411765
1700,11,1,3,1,0,16,0.6875
1701,11,1,3,1,0,16,0.6875
1702,12,1,3,1,0,17,0.7058823529411765
1703,11,1,3,1,0,16,0.6875
1704,11,1,3,1,0,16,0.6875
1705,11,1,3,1,0,16,0.6875
1706,12,1,3,1,0,17,0.7058823529411765
1707,12,1,3,1,0,17,0.7058823529411765
1708,10,1,3,1,0,15,0.6666666666666666
1709,11,1,3,1,0,16,0.6875
1710,13,1,3,1,0,18,0.7222222222222222
1711,12,1,3,1,0,17,0.7058823529411765
1712,12,1,3,1,0,17,0.7058823529411765
1713,12,1,3,1,0,17,0.7058823529411765
1714,13,1,3,1,0,18,0.7222222222222222
1715,13,1,3,1,0,18,0.7222222222222222
1716,12,1,3,1,0,17,0.7058823529411765
1717,12,1,3,1,0,17,0.7058823529411765
1718,9,1,3,1,0,14,0.6428571428571429
1719,12,1,3,1,0,17,0.7058823529411765
1720,11,1,3,1,0,16,0.6875
1721,12,1,3,1,0,17,0.7058823529411765
1722,12,1,3,1,0,17,0.7058823529411765
1723,11,1,3,1,0,16,0.6875
1724,13,1,3,1,0,18,0.7222222222222222
1725,13,1,3,1,0,18,0.7222222222222222
1726,12,1,3,1,0,17,0.7058823529411765
1727,13,1,3,1,0,18,0.7222222222222222
1728,12,1,3,1,0,17,0.7058823529411765
1729,13,1,3,1,0,18,0.7222222222222222
1730,11,1,3,1,0,16,0.6875
1731,12,1,3,1,0,17,0.7058823529411765
1732,12,1,3,1,0,17,0.7058823529411765
1733,11,1,3,1,0,16,0.6875
1734,12,1,3,1,0,17,0.7058823529411765
1735,13,1,3,1,0,18,0.7222222222222222
1736,14,1,3,1,0,19,0.7368421052631579
1737,13,1,3,1,0,18,0.7222222222222222
1738,13,1,3,1,0,18,0.7222222222222222
1739,10,1,3,1,0,15,0.6666666666666666
1740,11,1,2,1,0,15,0.7333333333333333
1741,11,1,2,1,0,15,0.7333333333333333
1742,14,1,3,1,0,19,0.7368421052631579
1743,13,1,3,1,0,18,0.7222222222222222
1744,14,1,2,1,0,18,0.7777777777777778
1745,14,1,3,1,0,19,0.7368421052631579
1746,14,1,3,1,0,19,0.7368421052631579
1747,14,1,3,1,0,19,0.7368421052631579
1748,13,1,3,1,0,18,0.7222222222222222
1749,14,1,3,1,0,19,0.7368421052631579
1750,13,1,3,1,0,18,0.7222222222222222
1751,13,1,2,1,0,17,0.7647058823529411
1752,13,1,3,1,0,18,0.7222222222222222
1753,12,1,3,1,0,17,0.7058823529411765
1754,13,1,3,1,0,18,0.7222222222222222
1755,12,1,3,1,0,17,0.7058823529411765
1756,14,1,3,1,0,19,0.7368421052631579
1757,13,1,3,1,0,18,0.7222222222222222
1758,13,1,3,1,0,18,0.7222222222222222
1759,11,1,3,1,0,16,0.6875
1760,13,1,3,1,0,18,0.7222222222222222
1761,13,1,3,1,0,18,0.7222222222222222
1762,13,1,3,1,0,18,0.7222222222222222
1763,14,1,2,1,0,18,0.7777777777777778
1764,13,1,3,1,0,18,0.7222222222222222
1765,12,1,3,1,0,17,0.7058823529411765
1766,13,1,3,1,0,18,0.7222222222222222
1767,13,1,3,1,0,18,0.7222222222222222
1768,14,1,3,1,0,19,0.7368421052631579
1769,13,1,3,1,0,18,0.7222222222222222
1770,14,1,3,1,0,19,0.7368421052631579
1771,12,1,3,1,0,17,0.7058823529411765
1772,12,1,3,1,0,17,0.7058823529411765
1773,11,1,3,1,0,16,0.6875
1774,13,1,3,1,0,18,0.7222222222222222
1775,12,1,3,1,0,17,0.7058823529411765
1776,13,1,3,1,0,18,0.7222222222222222
1777,13,1,2,1,0,17,0.7647058823529411
1778,10,1,2,1,0,14,0.7142857142857143
1779,11,1,3,1,0,16,0.6875
1780,13,1,3,1,0,18,0.7222222222222222
1781,11,1,3,1,0,16,0.6875
1782,12,1,3,1,0,17,0.7058823529411765
1783,10,1,3,1,0,15,0.6666666666666666
1784,10,1,3,1,0,15,0.6666666666666666
1785,11,1,3,1,0,16,0.6875
1786,10,1,3,1,0,15,0.6666666666666666
1787,10,1,3,1,0,15,0.6666666666666666
1788,11,1,3,1,0,16,0.6875
1789,11,1,3,1,0,16,0.6875
1790,11,1,2,1,0,15,0.7333333333333333
1791,10,1,3,1,0,15,0.6666666666666666
1792,11,1,3,1,0,16,0.6875
1793,11,1,3,1,0,16,0.6875
1794,9,1,3,1,0,14,0.6428571428571429
1795,9,1,3,1,0,14,0.6428571428571429
1796,11,1,3,1,0,16,0.6875
1797,11,1,3,2,0,17,0.6470588235294118
1798,9,1,3,1,0,14,0.6428571428571429
1799,11,1,3,1,0,16,0.6875
1800,9,1,3,1,0,14,0.6428571428571429
1801,11,1,3,2,0,17,0.6470588235294118
1802,10,1,3,1,0,15,0.6666666666666666
1803,14,1,3,1,0,19,0.7368421052631579
1804,12,1,3,1,0,17,0.7058823529411765
1805,13,1,3,1,0,18,0.7222222222222222
1806,10,1,2,1,0,14,0.7142857142857143
1807,11,1,4,1,0,17,0.6470588235294118
1808,11,1,4,2,0,18,0.6111111111111112
1809,10,1,4,1,0,16,0.625
1810,11,1,4,2,0,18,0.6111111111111112
1811,14,1,3,1,0,19,0.7368421052631579
1812,10,1,5,2,0,18,0.5555555555555556
1813,10,1,4,2,0,17,0.5882352941176471
1814,12,1,3,1,0,17,0.7058823529411765
1815,11,1,4,2,0,18,0.6111111111111112
1816,10,1,4,1,0,16,0.625
1817,11,1,4,1,0,17,0.6470588235294118
1818,12,1,4,1,0,18,0.6666666666666666
1819,11,1,4,1,0,17,0.6470588235294118
1820,12,1,4,1,0,18,0.6666666666666666
1821,10,1,3,1,0,15,0.6666666666666666
1822,11,1,4,1,0,17,0.6470588235294118
1823,12,1,4,1,0,18,0.6666666666666666
1824,11,1,4,1,0,17,0.6470588235294118
1825,11,1,4,1,0,17,0.6470588235294118
1826,12,1,3,1,0,17,0.7058823529411765
1827,12,1,3,1,0,17,0.7058823529411765
1828,13,1,3,1,0,18,0.7222222222222222
1829,13,1,3,1,0,18,0.7222222222222222
1830,9,1,3,1,0,14,0.6428571428571429
1831,13,1,4,1,0,19,0.6842105263157895
1832,13,1,4,1,0,19,0.6842105263157895
1833,11,1,4,1,0,17,0.6470588235294118
1834,12,1,3,1,0,17,0.7058823529411765
1835,10,1,4,1,0,16,0.625
1836,13,1,4,1,0,19,0.6842105263157895
1837,13,1,4,1,0,19,0.6842105263157895
1838,14,1,4,1,0,20,0.7
1839,12,1,4,1,0,18,0.6666666666666666
1840,13,1,4,1,0,19,0.6842105263157895
1841,12,1,3,1,0,17,0.7058823529411765
1842,12,1,4,1,0,18,0.6666666666666666
1843,11,1,4,1,0,17,0.6470588235294118
1844,12,1,4,1,0,18,0.6666666666666666
1845,11,1,4,1,0,17,0.6470588235294118
1846,13,1,4,1,0,19,0.6842105263157895
1847,11,1,4,1,0,17,0.6470588235294118
1848,13,1,4,1,0,19,0.6842105263157895
1849,12,1,4,1,0,18,0.6666666666666666
1850,13,1,4,1,0,19,0.6842105263157895
1851,11,1,4,1,0,17,0.6470588235294118
1852,13,1,4,1,0,19,0.6842105263157895
1853,12,1,4,1,0,18,0.6666666666666666
1854,13,1,4,1,0,19,0.6842105263157895
1855,13,1,4,1,0,19,0.6842105263157895
1856,11,1,4,1,0,17,0.6470588235294118
1857,13,1,4,1,0,19,0.6842105263157895
1858,13,1,4,1,0,19,0.6842105263157895
1859,13,1,4,1,0,19,0.6842105263157895
1860,12,1,4,1,0,18,0.6666666666666666
1861,12,1,3,1,0,17,0.7058823529411765
1862,12,1,4,1,0,18,0.6666666666666666
1863,13,1,4,1,0,19,0.6842105263157895
1864,11,1,4,1,0,17,0.6470588235294118
1865,11,1,3,1,0,16,0.6875
1866,13,1,3,1,0,18,0.7222222222222222
1867,10,1,3,1,0,15,0.6666666666666666
1868,12,1,3,1,0,17,0.7058823529411765
1869,11,1,3,1,0,16,0.6875
1870,12,1,3,1,0,17,0.7058823529411765
1871,13,1,2,1,0,17,0.7647058823529411
1872,13,1,3,1,0,18,0.7222222222222222
1873,13,1,3,1,0,18,0.7222222222222222
1874,14,1,2,1,0,18,0.7777777777777778
1875,11,1,3,1,0,16,0.6875
1876,13,1,3,1,0,18,0.7222222222222222
1877,14,1,3,1,0,19,0.7368421052631579
1878,12,1,3,1,0,17,0.7058823529411765
1879,13,1,2,1,0,17,0.7647058823529411
1880,12,1,3,1,0,17,0.7058823529411765
1881,12,1,3,1,0,17,0.7058823529411765
1882,11,1,3,1,0,16,0.6875
1883,12,1,3,1,0,17,0.7058823529411765
1884,12,1,3,1,0,17,0.7058823529411765
1885,11,1,3,1,0,16,0.6875
1886,10,1,3,1,0,15,0.6666666666666666
1887,13,1,3,1,0,18,0.7222222222222222
1888,13,1,3,1,0,18,0.7222222222222222
1889,12,1,3,1,0,17,0.7058823529411765
1890,11,1,3,1,0,16,0.6875
1891,12,1,3,1,0,17,0.7058823529411765
1892,12,1,3,1,0,17,0.7058823529411765
1893,12,1,3,1,0,17,0.7058823529411765
1894,10,1,3,1,0,15,0.6666666666666666
1895,12,1,3,1,0,17,0.7058823529411765
1896,11,1,3,1,0,16,0.6875
1897,12,1,3,1,0,17,0.7058823529411765
1898,14,1,3,1,0,19,0.7368421052631579
1899,10,1,3,1,0,15,0.6666666666666666
1900,13,1,3,1,0,18,0.7222222222222222
1901,14,1,3,1,0,19,0.7368421052631579
1902,14,1,3,1,0,19,0.7368421052631579
1903,13,1,2,1,0,17,0.7647058823529411
1904,13,1,2,1,0,17,0.7647058823529411
1905,14,1,3,1,0,19,0.7368421052631579
1906,14,1,3,1,0,19,0.7368421052631579
1907,12,1,2,1,0,16,0.75
1908,14,1,3,1,0,19,0.7368421052631579
1909,13,1,3,1,0,18,0.7222222222222222
1910,13,1,3,1,0,18,0.7222222222222222
1911,14,1,3,1,0,19,0.7368421052631579
1912,11,1,3,1,0,16,0.6875
1913,14,1,2,1,0,18,0.7777777777777778
1914,12,1,3,1,0,17,0.7058823529411765
1915,12,1,3,1,0,17,0.7058823529411765
1916,12,1,3,1,0,17,0.7058823529411765
1917,12,1,3,1,0,17,0.7058823529411765
1918,13,1,3,1,0,18,0.7222222222222222
1919,12,1,3,1,0,17,0.7058823529411765
1920,14,1,3,1,0,19,0.7368421052631579
1921,13,1,3,1,0,18,0.7222222222222222
1922,13,1,3,1,0,18,0.7222222222222222
1923,12,1,3,1,0,17,0.7058823529411765
1924,14,1,3,1,0,19,0.7368421052631579
1925,14,1,2,1,0,18,0.7777777777777778
1926,12,1,3,1,0,17,0.7058823529411765
1927,13,1,3,1,0,18,0.7222222222222222
1928,12,1,3,1,0,17,0.7058823529411765
1929,13,1,2,1,0,17,0.7647058823529411
1930,12,1,3,1,0,17,0.7058823529411765
1931,13,1,3,1,0,18,0.7222222222222222
1932,12,1,3,1,0,17,0.7058823529411765
1933,12,1,3,1,0,17,0.7058823529411765
1934,13,1,3,1,0,18,0.7222222222222222
1935,13,1,3,1,0,18,0.7222222222222222
1936,12,1,3,1,0,17,0.7058823529411765
1937,12,1,3,1,0,17,0.7058823529411765
1938,14,1,3,1,0,19,0.7368421052631579
1939,12,1,3,1,0,17,0.7058823529411765
1940,12,1,3,1,0,17,0.7058823529411765
1941,12,1,3,1,0,17,0.7058823529411765
1942,13,1,3,1,0,18,0.7222222222222222
1943,12,1,3,1,0,17,0.7058823529411765
1944,14,1,3,1,0,19,0.7368421052631579
1945,13,1,3,1,0,18,0.7222222222222222
1946,14,1,2,1,0,18,0.7777777777777778
1947,14,1,2,1,0,18,0.7777777777777778
1948,14,1,2,1,0,18,0.7777777777777778
1949,13,1,2,1,0,17,0.7647058823529411
1950,14,1,3,1,0,19,0.7368421052631579
1951,14,1,3,1,0,19,0.7368421052631579
1952,14,1,2,1,0,18,0.7777777777777778
1953,13,1,2,1,0,17,0.7647058823529411
1954,13,1,2,1,0,17,0.7647058823529411
1955,13,1,4,1,0,19,0.6842105263157895
1956,12,1,4,1,0,18,0.6666666666666666
1957,13,1,3,1,0,18,0.7222222222222222
1958,14,1,3,1,0,19,0.7368421052631579
1959,11,1,3,1,0,16,0.6875
1960,12,1,3,1,0,17,0.7058823529411765
1961,13,1,3,1,0,18,0.7222222222222222
1962,12,1,3,1,0,17,0.7058823529411765
1963,12,1,3,1,0,17,0.7058823529411765
1964,11,1,3,1,0,16,0.6875
1965,13,1,3,1,0,18,0.7222222222222222
1966,14,1,3,1,0,19,0.7368421052631579
1967,12,1,3,1,0,17,0.7058823529411765
1968,13,1,3,1,0,18,0.7222222222222222
1969,12,1,3,1,0,17,0.7058823529411765
1970,13,1,3,1,0,18,0.7222222222222222
1971,12,1,3,1,0,17,0.7058823529411765
1972,14,1,3,1,0,19,0.7368421052631579
1973,12,1,3,1,0,17,0.7058823529411765
1974,14,1,3,1,0,19,0.7368421052631579
1975,14,1,3,1,0,19,0.7368421052631579
1976,12,1,3,1,0,17,0.7058823529411765
1977,12,1,3,1,0,17,0.7058823529411765
1978,14,1,3,1,0,19,0.7368421052631579
1979,12,1,2,1,0,16,0.75
1980,13,1,3,1,0,18,0.7222222222222222
1981,12,1,3,1,0,17,0.7058823529411765
1982,14,1,3,1,0,19,0.7368421052631579
1983,14,1,2,1,0,18,0.7777777777777778
1984,14,1,3,1,0,19,0.7368421052631579
1985,13,1,2,1,0,17,0.7647058823529411
1986,14,1,3,1,0,19,0.7368421052631579
1987,12,1,3,1,0,17,0.7058823529411765
1988,13,1,3,1,0,18,0.7222222222222222
1989,13,1,3,1,0,18,0.7222222222222222
1990,13,1,3,1,0,18,0.7222222222222222
1991,13,1,3,1,0,18,0.7222222222222222
1992,11,1,3,1,0,16,0.6875
1993,13,1,3,1,0,18,0.7222222222222222
1994,11,1,3,1,0,16,0.6875
1995,12,1,3,1,0,17,0.7058823529411765
1996,14,1,3,1,0,19,0.7368421052631579
1997,13,1,2,1,0,17,0.7647058823529411
1998,13,1,3,1,0,18,0.7222222222222222
1999,12,1,3,1,0,17,0.7058823529411765
2000,13,1,3,1,0,18,0.7222222222222222
2001,11,1,3,1,0,16,0.6875
2002,14,1,3,1,0,19,0.7368421052631579
2003,10,1,3,1,0,15,0.6666666666666666
2004,14,1,3,1,0,19,0.7368421052631579
2005,13,1,3,1,0,18,0.7222222222222222
2006,14,1,3,1,0,19,0.7368421052631579
2007,13,1,3,1,0,18,0.7222222222222222
2008,13,1,3,1,0,18,0.7222222222222222
2009,13,1,3,1,0,18,0.7222222222222222
2010,14,1,3,1,0,19,0.7368421052631579
2011,14,1,3,1,0,19,0.7368421052631579
2012,13,1,3,1,0,18,0.7222222222222222
2013,14,1,3,1,0,19,0.7368421052631579
2014,14,1,3,1,0,19,0.7368421052631579
2015,14,1,2,1,0,18,0.7777777777777778
2016,12,1,3,1,0,17,0.7058823529411765
2017,14,1,3,1,0,19,0.7368421052631579
2018,13,1,3,1,0,18,0.7222222222222222
2019,13,1,3,1,0,18,0.7222222222222222
2020,13,1,3,1,0,18,0.7222222222222222
2021,14,1,3,1,0,19,0.7368421052631579
2022,14,1,3,1,0,19,0.7368421052631579
2023,14,1,3,1,0,19,0.7368421052631579
2024,14,1,3,1,0,19,0.7368421052631579
2025,13,1,3,1,0,18,0.7222222222222222
2026,14,1,3,1,0,19,0.7368421052631579
2027,13,1,3,1,0,18,0.7222222222222222
2028,13,1,3,1,0,18,0.7222222222222222
2029,12,1,3,1,0,17,0.7058823529411765
2030,12,1,3,1,0,17,0.7058823529411765
2031,14,1,3,1,0,19,0.7368421052631579
2032,13,1,2,1,0,17,0.7647058823529411
2033,13,1,3,1,0,18,0.7222222222222222
2034,13,1,3,1,0,18,0.7222222222222222
2035,13,1,3,1,0,18,0.7222222222222222
2036,14,1,3,1,0,19,0.7368421052631579
2037,14,1,3,1,0,19,0.7368421052631579
2038,14,1,3,1,0,19,0.7368421052631579
2039,14,1,3,1,0,19,0.7368421052631579
2040,13,1,3,1,0,18,0.7222222222222222
2041,14,1,3,1,0,19,0.7368421052631579
2042,14,1,2,1,0,18,0.7777777777777778
2043,14,1,3,1,0,19,0.7368421052631579
2044,13,1,3,1,0,18,0.7222222222222222
2045,13,1,3,1,0,18,0.7222222222222222
2046,13,1,3,1,0,18,0.7222222222222222
2047,12,1,3,1,0,17,0.7058823529411765
2048,14,1,3,1,0,19,0.7368421052631579
2049,14,1,3,1,0,19,0.7368421052631579
2050,13,1,3,1,0,18,0.7222222222222222
2051,13,1,3,1,0,18,0.7222222222222222
2052,14,1,3,1,0,19,0.7368421052631579
2053,13,1,3,1,0,18,0.7222222222222222
2054,13,1,3,1,0,18,0.7222222222222222
2055,13,1,3,1,0,18,0.7222222222222222
2056,14,1,3,1,0,19,0.7368421052631579
2057,12,1,3,1,0,17,0.7058823529411765
2058,13,1,3,1,0,18,0.7222222222222222
2059,13,1,3,1,0,18,0.7222222222222222
2060,13,1,3,1,0,18,0.7222222222222222
2061,13,1,3,1,0,18,0.7222222222222222
2062,14,1,3,1,0,19,0.7368421052631579
2063,12,1,3,1,0,17,0.7058823529411765
2064,13,1,2,1,0,17,0.7647058823529411
2065,13,1,2,1,0,17,0.7647058823529411
2066,13,1,3,1,0,18,0.7222222222222222
2067,12,1,3,1,0,17,0.7058823529411765
2068,13,1,3,1,0,18,0.7222222222222222
2069,14,1,3,1,0,19,0.7368421052631579
2070,13,1,3,1,0,18,0.7222222222222222
2071,13,1,3,1,0,18,0.7222222222222222
2072,13,1,2,1,0,17,0.7647058823529411
2073,12,1,3,1,0,17,0.7058823529411765
2074,13,1,3,1,0,18,0.7222222222222222
2075,14,1,3,1,0,19,0.7368421052631579
2076,13,1,3,1,0,18,0.7222222222222222
2077,13,1,3,1,0,18,0.7222222222222222
2078,12,1,3,1,0,17,0.7058823529411765
2079,13,1,3,1,0,18,0.7222222222222222
2080,13,1,3,1,0,18,0.7222222222222222
2081,11,1,3,1,0,16,0.6875
2082,12,1,2,1,0,16,0.75
2083,13,1,3,1,0,18,0.7222222222222222
2084,10,1,3,1,0,15,0.6666666666666666
2085,14,1,3,1,0,19,0.7368421052631579
2086,12,1,2,1,0,16,0.75
2087,13,1,3,1,0,18,0.7222222222222222
2088,12,1,3,1,0,17,0.7058823529411765
2089,13,1,3,1,0,18,0.7222222222222222
2090,14,1,3,1,0,19,0.7368421052631579
2091,13,1,3,1,0,18,0.7222222222222222
2092,10,1,3,1,0,15,0.6666666666666666
2093,13,1,3,1,0,18,0.7222222222222222
2094,10,1,3,1,0,15,0.6666666666666666
2095,11,1,3,1,0,16,0.6875
2096,11,1,3,1,0,16,0.6875
2097,11,1,3,1,0,16,0.6875
2098,13,1,3,1,0,18,0.7222222222222222
2099,12,1,3,1,0,17,0.7058823529411765
2100,12,1,3,1,0,17,0.7058823529411765
2101,12,1,3,1,0,17,0.7058823529411765
2102,11,1,3,1,0,16,0.6875
2103,12,1,3,1,0,17,0.7058823529411765
2104,13,1,3,1,0,18,0.7222222222222222
2105,13,1,2,1,0,17,0.7647058823529411
2106,14,1,3,1,0,19,0.7368421052631579
2107,13,1,3,1,0,18,0.7222222222222222
2108,12,1,3,1,0,17,0.7058823529411765
2109,14,1,3,1,0,19,0.7368421052631579
2110,11,1,3,1,0,16,0.6875
2111,12,1,3,1,0,17,0.7058823529411765
2112,11,1,3,1,0,16,0.6875
2113,13,1,3,1,0,18,0.7222222222222222
2114,13,1,3,1,0,18,0.7222222222222222
2115,12,1,3,1,0,17,0.7058823529411765
2116,13,1,3,1,0,18,0.7222222222222222
2117,12,1,3,1,0,17,0.7058823529411765
2118,11,1,3,1,0,16,0.6875
2119,11,1,3,1,0,16,0.6875
2120,12,1,3,2,0,18,0.6666666666666666
2121,9,1,3,1,0,14,0.6428571428571429
2122,11,1,3,1,0,16,0.6875
2123,11,1,3,1,0,16,0.6875
2124,11,1,2,1,0,15,0.7333333333333333
2125,11,1,2,1,0,15,0.7333333333333333
2126,10,1,3,1,0,15,0.6666666666666666
2127,13,1,2,1,0,17,0.7647058823529411
2128,11,1,3,1,0,16,0.6875
2129,13,1,3,1,0,18,0.7222222222222222
2130,13,1,3,1,0,18,0.7222222222222222
2131,13,1,3,1,0,18,0.7222222222222222
2132,14,1,3,1,0,19,0.7368421052631579
2133,13,1,2,1,0,17,0.7647058823529411
2134,13,1,3,1,0,18,0.7222222222222222
2135,13,1,2,1,0,17,0.7647058823529411
2136,13,1,3,1,0,18,0.7222222222222222
2137,14,1,3,1,0,19,0.7368421052631579
2138,14,1,3,1,0,19,0.7368421052631579
2139,14,1,2,1,0,18,0.7777777777777778
2140,13,1,3,1,0,18,0.7222222222222222
2141,13,1,3,1,0,18,0.7222222222222222
2142,13,1,3,1,0,18,0.7222222222222222
2143,11,1,3,1,0,16,0.6875
2144,13,1,3,1,0,18,0.7222222222222222
2145,12,1,3,1,0,17,0.7058823529411765
2146,14,1,3,1,0,19,0.7368421052631579
2147,13,1,3,1,0,18,0.7222222222222222
2148,12,1,2,1,0,16,0.75
2149,12,1,3,1,0,17,0.7058823529411765
2150,12,1,3,1,0,17,0.7058823529411765
2151,13,1,3,1,0,18,0.7222222222222222
2152,13,1,3,1,0,18,0.7222222222222222
2153,13,1,3,1,0,18,0.7222222222222222
2154,13,1,3,1,0,18,0.7222222222222222
2155,14,1,3,1,0,19,0.7368421052631579
2156,14,1,3,1,0,19,0.7368421052631579
2157,13,1,3,1,0,18,0.7222222222222222
2158,12,1,3,1,0,17,0.7058823529411765
2159,14,1,3,1,0,19,0.7368421052631579
2160,13,1,2,1,0,17,0.7647058823529411
2161,12,1,3,1,0,17,0.7058823529411765
2162,14,1,3,1,0,19,0.7368421052631579
2163,13,1,3,1,0,18,0.7222222222222222
2164,14,1,3,1,0,19,0.7368421052631579
2165,11,1,3,1,0,16,0.6875
2166,14,1,3,1,0,19,0.7368421052631579
2167,12,1,3,1,0,17,0.7058823529411765
2168,14,1,3,1,0,19,0.7368421052631579
2169,12,1,2,1,0,16,0.75
2170,13,1,3,1,0,18,0.7222222222222222
2171,12,1,3,1,0,17,0.7058823529411765
2172,13,1,3,1,0,18,0.7222222222222222
2173,13,1,3,1,0,18,0.7222222222222222
2174,14,1,3,1,0,19,0.7368421052631579
2175,14,1,3,1,0,19,0.7368421052631579
2176,12,1,3,1,0,17,0.7058823529411765
2177,13,1,3,1,0,18,0.7222222222222222
2178,13,1,3,1,0,18,0.7222222222222222
2179,13,1,3,1,0,18,0.7222222222222222
2180,12,1,3,1,0,17,0.7058823529411765
2181,14,1,3,1,0,19,0.7368421052631579
2182,13,1,3,1,0,18,0.7222222222222222
2183,13,1,2,1,0,17,0.7647058823529411
2184,12,1,3,1,0,17,0.7058823529411765
2185,13,1,2,1,0,17,0.7647058823529411
2186,13,1,3,1,0,18,0.7222222222222222
2187,13,1,2,1,0,17,0.7647058823529411
2188,13,1,3,1,0,18,0.7222222222222222
2189,14,1,2,1,0,18,0.7777777777777778
2190,14,1,2,1,0,18,0.7777777777777778
2191,14,1,3,1,0,19,0.7368421052631579
2192,13,1,3,1,0,18,0.7222222222222222
2193,14,1,2,1,0,18,0.7777777777777778
2194,14,1,3,1,0,19,0.7368421052631579
2195,14,1,3,1,0,19,0.7368421052631579
2196,13,1,3,1,0,18,0.7222222222222222
2197,13,1,2,1,0,17,0.7647058823529411
2198,13,1,2,1,0,17,0.7647058823529411
2199,14,1,3,1,0,19,0.7368421052631579
2200,14,1,3,1,0,19,0.7368421052631579
2201,14,1,3,1,0,19,0.7368421052631579
2202,14,1,3,1,0,19,0.7368421052631579
2203,13,1,3,1,0,18,0.7222222222222222
2204,13,1,3,1,0,18,0.7222222222222222
2205,13,1,3,1,0,18,0.7222222222222222
2206,14,1,3,1,0,19,0.7368421052631579
2207,13,1,3,1,0,18,0.7222222222222222
2208,13,1,3,1,0,18,0.7222222222222222
2209,13,1,2,1,0,17,0.7647058823529411
2210,14,1,3,1,0,19,0.7368421052631579
2211,13,1,3,1,0,18,0.7222222222222222
2212,14,1,2,1,0,18,0.7777777777777778
2213,12,1,3,1,0,17,0.7058823529411765
2214,14,1,3,1,0,19,0.7368421052631579
2215,13,1,3,1,0,18,0.7222222222222222
2216,14,1,3,1,0,19,0.7368421052631579
2217,12,1,3,1,0,17,0.7058823529411765
2218,13,1,3,1,0,18,0.7222222222222222
2219,13,1,3,1,0,18,0.7222222222222222
2220,10,1,3,1,0,15,0.6666666666666666
2221,10,1,3,1,0,15,0.6666666666666666
2222,11,1,3,1,0,16,0.6875
2223,12,1,3,1,0,17,0.7058823529411765
2224,13,1,3,1,0,18,0.7222222222222222
2225,11,1,3,1,0,16,0.6875
2226,10,1,3,1,0,15,0.6666666666666666
2227,12,1,3,1,0,17,0.7058823529411765
2228,12,1,3,1,0,17,0.7058823529411765
2229,12,1,3,1,0,17,0.7058823529411765
2230,12,1,3,1,0,17,0.7058823529411765
2231,12,1,3,1,0,17,0.7058823529411765
2232,12,1,3,1,0,17,0.7058823529411765
2233,14,1,3,1,0,19,0.7368421052631579
2234,13,1,3,1,0,18,0.7222222222222222
2235,13,1,3,1,0,18,0.7222222222222222
2236,13,1,3,1,0,18,0.7222222222222222
2237,12,1,3,1,0,17,0.7058823529411765
2238,12,1,2,1,0,16,0.75
2239,14,1,3,1,0,19,0.7368421052631579
2240,13,1,2,1,0,17,0.7647058823529411
2241,13,1,2,1,0,17,0.7647058823529411
2242,11,1,3,1,0,16,0.6875
2243,13,1,3,1,0,18,0.7222222222222222
2244,14,1,2,1,0,18,0.7777777777777778
2245,14,1,3,1,0,19,0.7368421052631579
2246,14,1,3,1,0,19,0.7368421052631579
2247,14,1,2,1,0,18,0.7777777777777778
2248,14,1,3,1,0,19,0.7368421052631579
2249,14,1,3,1,0,19,0.7368421052631579
2250,13,1,3,1,0,18,0.7222222222222222
2251,12,1,3,1,0,17,0.7058823529411765
2252,14,1,2,1,0,18,0.7777777777777778
2253,12,1,3,1,0,17,0.7058823529411765
2254,12,1,3,1,0,17,0.7058823529411765
2255,14,1,3,1,0,19,0.7368421052631579
2256,14,1,3,1,0,19,0.7368421052631579
2257,12,1,3,1,0,17,0.7058823529411765
2258,13,1,3,1,0,18,0.7222222222222222
2259,12,1,3,1,0,17,0.7058823529411765
2260,14,1,3,1,0,19,0.7368421052631579
2261,13,1,2,1,0,17,0.7647058823529411
2262,12,1,3,1,0,17,0.7058823529411765
2263,12,1,3,1,0,17,0.7058823529411765
2264,14,1,3,1,0,19,0.7368421052631579
2265,11,1,3,2,0,17,0.6470588235294118
2266,11,1,3,1,0,16,0.6875
2267,14,1,3,1,0,19,0.7368421052631579
2268,12,1,3,1,0,17,0.7058823529411765
2269,12,1,3,1,0,17,0.7058823529411765
2270,12,1,3,1,0,17,0.7058823529411765
2271,12,1,3,1,0,17,0.7058823529411765
2272,13,1,3,1,0,18,0.7222222222222222
2273,13,1,3,1,0,18,0.7222222222222222
2274,13,1,3,1,0,18,0.7222222222222222
2275,14,1,2,1,0,18,0.7777777777777778
2276,13,1,3,1,0,18,0.7222222222222222
2277,14,1,3,1,0,19,0.7368421052631579
2278,13,1,3,1,0,18,0.7222222222222222
2279,13,1,3,1,0,18,0.7222222222222222
2280,12,1,3,1,0,17,0.7058823529411765
2281,13,1,3,1,0,18,0.7222222222222222
2282,14,1,3,1,0,19,0.7368421052631579
2283,12,1,3,1,0,17,0.7058823529411765
2284,13,1,3,1,0,18,0.7222222222222222
2285,12,1,3,1,0,17,0.7058823529411765
2286,13,1,2,1,0,17,0.7647058823529411
2287,13,1,3,1,0,18,0.7222222222222222
2288,13,1,3,1,0,18,0.7222222222222222
2289,10,1,2,1,0,14,0.7142857142857143
2290,14,1,2,1,0,18,0.7777777777777778
2291,11,1,3,1,0,16,0.6875
2292,12,1,2,1,0,16,0.75
2293,13,1,3,1,0,18,0.7222222222222222
2294,11,1,2,1,0,15,0.7333333333333333
2295,13,1,2,1,0,17,0.7647058823529411
2296,14,1,3,1,0,19,0.7368421052631579
2297,12,1,2,1,0,16,0.75
2298,13,1,3,1,0,18,0.7222222222222222
2299,14,1,2,1,0,18,0.7777777777777778
2300,11,1,2,1,0,15,0.7333333333333333
2301,12,1,3,1,0,17,0.7058823529411765
2302,13,1,3,1,0,18,0.7222222222222222
2303,13,1,3,1,0,18,0.7222222222222222
2304,14,1,2,1,0,18,0.7777777777777778
2305,13,1,3,1,0,18,0.7222222222222222
2306,14,1,3,1,0,19,0.7368421052631579
2307,14,1,3,1,0,19,0.7368421052631579
2308,13,1,3,1,0,18,0.7222222222222222
2309,13,1,3,1,0,18,0.7222222222222222
2310,13,1,3,1,0,18,0.7222222222222222
2311,13,1,3,1,0,18,0.7222222222222222
2312,13,1,3,1,0,18,0.7222222222222222
2313,11,1,3,1,0,16,0.6875
2314,13,1,3,1,0,18,0.7222222222222222
2315,12,1,3,1,0,17,0.7058823529411765
2316,12,1,3,1,0,17,0.7058823529411765
2317,11,1,3,1,0,16,0.6875
2318,10,1,3,1,0,15,0.6666666666666666
2319,14,1,3,1,0,19,0.7368421052631579
2320,14,1,2,1,0,18,0.7777777777777778
2321,10,1,3,1,0,15,0.6666666666666666
2322,12,1,3,1,0,17,0.7058823529411765
2323,14,1,3,1,0,19,0.7368421052631579
2324,11,1,3,1,0,16,0.6875
2325,12,1,3,1,0,17,0.7058823529411765
2326,13,1,3,1,0,18,0.7222222222222222
2327,11,1,3,1,0,16,0.6875
2328,12,1,3,1,0,17,0.7058823529411765
2329,13,1,2,1,0,17,0.7647058823529411
2330,11,1,3,1,0,16,0.6875
2331,12,1,2,1,0,16,0.75
2332,14,1,2,1,0,18,0.7777777777777778
2333,10,1,3,1,0,15,0.6666666666666666
2334,12,1,3,1,0,17,0.7058823529411765
2335,14,1,3,1,0,19,0.7368421052631579
2336,13,1,3,1,0,18,0.7222222222222222
2337,12,1,3,1,0,17,0.7058823529411765
2338,11,1,3,1,0,16,0.6875
2339,11,1,2,1,0,15,0.7333333333333333
2340,14,1,4,1,0,20,0.7
2341,13,1,3,1,0,18,0.7222222222222222
2342,12,1,3,1,0,17,0.7058823529411765
2343,11,1,3,1,0,16,0.6875
2344,11,1,2,1,0,15,0.7333333333333333
2345,13,1,3,1,0,18,0.7222222222222222
2346,14,1,2,1,0,18,0.7777777777777778
2347,12,1,2,1,0,16,0.75
2348,13,1,3,1,0,18,0.7222222222222222
2349,12,1,3,1,0,17,0.7058823529411765
2350,14,1,3,1,0,19,0.7368421052631579
2351,13,1,3,1,0,18,0.7222222222222222
2352,11,1,3,1,0,16,0.6875
2353,14,1,3,1,0,19,0.7368421052631579
2354,13,1,3,1,0,18,0.7222222222222222
2355,14,1,2,1,0,18,0.7777777777777778
2356,12,1,3,1,0,17,0.7058823529411765
2357,12,1,3,1,0,17,0.7058823529411765
2358,12,1,3,1,0,17,0.7058823529411765
2359,13,1,3,1,0,18,0.7222222222222222
2360,13,1,3,1,0,18,0.7222222222222222
2361,14,1,2,1,0,18,0.7777777777777778
2362,13,1,3,1,0,18,0.7222222222222222
2363,13,1,2,1,0,17,0.7647058823529411
2364,13,1,3,1,0,18,0.7222222222222222
2365,11,1,3,1,0,16,0.6875
2366,12,1,3,1,0,17,0.7058823529411765
2367,11,1,4,1,0,17,0.6470588235294118
2368,11,1,3,1,0,16,0.6875
2369,14,1,3,1,0,19,0.7368421052631579
2370,13,1,3,1,0,18,0.7222222222222222
2371,10,1,3,1,0,15,0.6666666666666666
2372,14,1,2,1,0,18,0.7777777777777778
2373,12,1,3,1,0,17,0.7058823529411765
2374,12,1,2,1,0,16,0.75
2375,13,1,3,1,0,18,0.7222222222222222
2376,13,1,3,1,0,18,0.7222222222222222
2377,14,1,3,1,0,19,0.7368421052631579
2378,13,1,3,1,0,18,0.7222222222222222
2379,13,1,3,1,0,18,0.7222222222222222
2380,12,1,3,1,0,17,0.7058823529411765
2381,11,1,3,1,0,16,0.6875
2382,13,1,3,1,0,18,0.7222222222222222
2383,13,1,3,1,0,18,0.7222222222222222
2384,14,1,3,1,0,19,0.7368421052631579
2385,11,1,3,1,0,16,0.6875
2386,12,1,3,1,0,17,0.7058823529411765
2387,14,1,3,1,0,19,0.7368421052631579
2388,13,1,3,1,0,18,0.7222222222222222
2389,12,1,3,1,0,17,0.7058823529411765
2390,14,1,3,1,0,19,0.7368421052631579
2391,12,1,2,1,0,16,0.75
2392,12,1,2,1,0,16,0.75
2393,9,1,3,1,0,14,0.6428571428571429
2394,11,1,3,1,0,16,0.6875
2395,12,1,3,1,0,17,0.7058823529411765
2396,9,1,3,1,0,14,0.6428571428571429
2397,12,1,3,1,0,17,0.7058823529411765
2398,12,1,2,1,0,16,0.75
2399,11,1,3,1,0,16,0.6875
2400,13,1,3,1,0,18,0.7222222222222222
2401,12,1,3,1,0,17,0.7058823529411765
2402,11,1,2,1,0,15,0.7333333333333333
2403,13,1,3,1,0,18,0.7222222222222222
2404,13,1,3,1,0,18,0.7222222222222222
2405,12,1,3,1,0,17,0.7058823529411765
2406,12,1,3,1,0,17,0.7058823529411765
2407,13,1,3,1,0,18,0.7222222222222222
2408,12,1,3,1,0,17,0.7058823529411765
2409,11,1,3,1,0,16,0.6875
2410,13,1,3,1,0,18,0.7222222222222222
2411,14,1,3,1,0,19,0.7368421052631579
2412,10,1,3,1,0,15,0.6666666666666666
2413,11,1,3,1,0,16,0.6875
2414,14,1,2,1,0,18,0.7777777777777778
2415,13,1,2,1,0,17,0.7647058823529411
2416,12,1,3,1,0,17,0.7058823529411765
2417,14,1,3,1,0,19,0.7368421052631579
2418,12,1,3,1,0,17,0.7058823529411765
2419,13,1,3,1,0,18,0.7222222222222222
2420,12,1,2,1,0,16,0.75
2421,13,1,3,1,0,18,0.7222222222222222
2422,13,1,2,1,0,17,0.7647058823529411
2423,11,1,2,1,0,15,0.7333333333333333
2424,11,1,3,1,0,16,0.6875
2425,13,1,3,1,0,18,0.7222222222222222
2426,14,1,2,1,0,18,0.7777777777777778
2427,11,1,3,1,0,16,0.6875
2428,14,1,3,1,0,19,0.7368421052631579
2429,13,1,3,1,0,18,0.7222222222222222
2430,13,1,3,1,0,18,0.7222222222222222
2431,12,1,2,1,0,16,0.75
2432,12,1,3,1,0,17,0.7058823529411765
2433,12,1,2,1,0,16,0.75
2434,12,1,3,1,0,17,0.7058823529411765
2435,14,1,3,1,0,19,0.7368421052631579
2436,12,1,3,1,0,17,0.7058823529411765
2437,12,1,3,1,0,17,0.7058823529411765
2438,14,1,3,1,0,19,0.7368421052631579
2439,12,1,3,1,0,17,0.7058823529411765
2440,12,1,3,1,0,17,0.7058823529411765
2441,13,1,3,1,0,18,0.7222222222222222
2442,12,1,3,1,0,17,0.7058823529411765
2443,13,1,2,1,0,17,0.7647058823529411
2444,14,1,3,1,0,19,0.7368421052631579
2445,12,1,3,1,0,17,0.7058823529411765
2446,11,1,3,1,0,16,0.6875
2447,13,1,3,1,0,18,0.7222222222222222
2448,13,1,3,1,0,18,0.7222222222222222
2449,13,1,3,1,0,18,0.7222222222222222
2450,14,1,3,1,0,19,0.7368421052631579
2451,14,1,3,1,0,19,0.7368421052631579
2452,13,1,2,1,0,17,0.7647058823529411
2453,12,1,3,1,0,17,0.7058823529411765
2454,13,1,2,1,0,17,0.7647058823529411
2455,11,1,2,1,0,15,0.7333333333333333
2456,11,1,3,1,0,16,0.6875
2457,10,1,3,1,0,15,0.6666666666666666
2458,13,1,3,1,0,18,0.7222222222222222
2459,12,1,3,1,0,17,0.7058823529411765
2460,11,1,3,1,0,16,0.6875
2461,12,1,3,1,0,17,0.7058823529411765
2462,10,1,2,1,0,14,0.7142857142857143
2463,13,1,2,1,0,17,0.7647058823529411
2464,13,1,3,1,0,18,0.7222222222222222
2465,14,1,3,1,0,19,0.7368421052631579
2466,9,1,3,1,0,14,0.6428571428571429
2467,12,1,3,1,0,17,0.7058823529411765
2468,14,1,3,1,0,19,0.7368421052631579
2469,12,1,2,1,0,16,0.75
2470,11,1,2,1,0,15,0.7333333333333333
2471,11,1,3,1,0,16,0.6875
2472,12,1,3,1,0,17,0.7058823529411765
2473,11,1,3,1,0,16,0.6875
2474,11,1,3,1,0,16,0.6875
2475,11,1,3,1,0,16,0.6875
2476,11,1,3,1,0,16,0.6875
2477,13,1,3,1,0,18,0.7222222222222222
2478,12,1,3,1,0,17,0.7058823529411765
2479,12,1,3,1,0,17,0.7058823529411765
2480,12,1,3,1,0,17,0.7058823529411765
2481,12,1,2,1,0,16,0.75
2482,13,1,3,1,0,18,0.7222222222222222
2483,13,1,2,1,0,17,0.7647058823529411
2484,14,1,3,1,0,19,0.7368421052631579
2485,10,1,3,1,0,15,0.6666666666666666
2486,12,1,3,1,0,17,0.7058823529411765
2487,12,1,3,1,0,17,0.7058823529411765
2488,14,1,3,1,0,19,0.7368421052631579
2489,12,1,3,1,0,17,0.7058823529411765
2490,13,1,3,1,0,18,0.7222222222222222
2491,13,1,3,1,0,18,0.7222222222222222
2492,13,1,2,1,0,17,0.7647058823529411
2493,11,1,3,1,0,16,0.6875
2494,13,1,3,1,0,18,0.7222222222222222
2495,13,1,3,1,0,18,0.7222222222222222
2496,13,1,3,1,0,18,0.7222222222222222
2497,12,1,3,1,0,17,0.7058823529411765
2498,13,1,3,1,0,18,0.7222222222222222
2499,13,1,3,1,0,18,0.7222222222222222
2500,13,1,3,1,0,18,0.7222222222222222
2501,14,1,3,1,0,19,0.7368421052631579
2502,13,1,3,1,0,18,0.7222222222222222
2503,14,1,3,1,0,19,0.7368421052631579
2504,13,1,3,1,0,18,0.7222222222222222
2505,13,1,2,1,0,17,0.7647058823529411
2506,13,1,2,1,0,17,0.7647058823529411
2507,12,1,3,1,0,17,0.7058823529411765
2508,13,1,3,1,0,18,0.7222222222222222
2509,11,1,3,1,0,16,0.6875
2510,13,1,3,1,0,18,0.7222222222222222
2511,11,1,3,1,0,16,0.6875
2512,14,1,2,1,0,18,0.7777777777777778
2513,9,1,3,1,0,14,0.6428571428571429
2514,14,1,3,1,0,19,0.7368421052631579
2515,13,1,3,1,0,18,0.7222222222222222
2516,13,1,2,1,0,17,0.7647058823529411
2517,14,1,3,1,0,19,0.7368421052631579
2518,13,1,2,1,0,17,0.7647058823529411
2519,13,1,2,1,0,17,0.7647058823529411
2520,13,1,3,1,0,18,0.7222222222222222
2521,13,1,3,1,0,18,0.7222222222222222
2522,10,1,3,1,0,15,0.6666666666666666
2523,13,1,3,1,0,18,0.7222222222222222
2524,11,1,3,1,0,16,0.6875
2525,10,1,3,1,0,15,0.6666666666666666
2526,13,1,3,1,0,18,0.7222222222222222
2527,12,1,3,1,0,17,0.7058823529411765
2528,13,1,3,1,0,18,0.7222222222222222
2529,13,1,3,1,0,18,0.7222222222222222
2530,14,1,2,1,0,18,0.7777777777777778
2531,11,1,3,1,0,16,0.6875
2532,11,1,3,1,0,16,0.6875
2533,13,1,3,1,0,18,0.7222222222222222
2534,10,1,3,1,0,15,0.6666666666666666
2535,13,1,3,1,0,18,0.7222222222222222
2536,14,1,2,1,0,18,0.7777777777777778
2537,12,1,3,1,0,17,0.7058823529411765
2538,11,1,3,1,0,16,0.6875
2539,14,1,2,1,0,18,0.7777777777777778
2540,13,1,3,1,0,18,0.7222222222222222
2541,14,1,3,1,0,19,0.7368421052631579
2542,13,1,3,1,0,18,0.7222222222222222
2543,12,1,3,1,0,17,0.7058823529411765
2544,14,1,3,1,0,19,0.7368421052631579
2545,13,1,3,1,0,18,0.7222222222222222
2546,10,1,3,1,0,15,0.6666666666666666
2547,14,1,3,1,0,19,0.7368421052631579
2548,13,1,4,1,0,19,0.6842105263157895
2549,12,1,3,1,0,17,0.7058823529411765
2550,13,1,4,1,0,19,0.6842105263157895
2551,12,1,4,1,0,18,0.6666666666666666
2552,11,1,4,1,0,17,0.6470588235294118
2553,12,1,4,1,0,18,0.6666666666666666
2554,14,1,4,1,0,20,0.7
2555,14,1,4,1,0,20,0.7
2556,14,1,3,1,0,19,0.7368421052631579
2557,13,1,3,1,0,18,0.7222222222222222
2558,13,1,4,1,0,19,0.6842105263157895
2559,13,1,4,1,0,19,0.6842105263157895
2560,12,1,4,1,0,18,0.6666666666666666
2561,13,1,4,1,0,19,0.6842105263157895
2562,14,1,4,1,0,20,0.7
2563,13,1,3,1,0,18,0.7222222222222222
2564,13,1,3,1,0,18,0.7222222222222222
2565,13,1,3,1,0,18,0.7222222222222222
2566,14,1,3,1,0,19,0.7368421052631579
2567,12,1,3,1,0,17,0.7058823529411765
2568,13,1,3,1,0,18,0.7222222222222222
2569,10,1,3,1,0,15,0.6666666666666666
2570,13,1,4,1,0,19,0.6842105263157895
2571,13,1,3,1,0,18,0.7222222222222222
2572,11,1,3,1,0,16,0.6875
2573,12,1,3,1,0,17,0.7058823529411765
2574,11,1,3,1,0,16,0.6875
2575,12,1,3,1,0,17,0.7058823529411765
2576,14,1,3,1,0,19,0.7368421052631579
2577,12,1,3,1,0,17,0.7058823529411765
2578,13,1,3,1,0,18,0.7222222222222222
2579,13,1,3,1,0,18,0.7222222222222222
2580,11,1,3,1,0,16,0.6875
2581,11,1,3,1,0,16,0.6875
2582,10,1,3,1,0,15,0.6666666666666666
2583,12,1,3,1,0,17,0.7058823529411765
2584,12,1,3,1,0,17,0.7058823529411765
2585,13,1,3,1,0,18,0.7222222222222222
2586,11,1,4,1,0,17,0.6470588235294118
2587,12,1,4,1,0,18,0.6666666666666666
2588,13,1,4,2,0,20,0.65
2589,13,1,4,2,0,20,0.65
2590,11,1,3,1,0,16,0.6875
2591,10,1,3,2,0,16,0.625
2592,12,1,3,2,0,18,0.6666666666666666
2593,12,1,4,1,0,18,0.6666666666666666
2594,12,1,3,1,0,17,0.7058823529411765
2595,12,1,3,1,0,17,0.7058823529411765
2596,11,1,4,1,0,17,0.6470588235294118
2597,12,1,3,2,0,18,0.6666666666666666
2598,13,1,3,1,0,18,0.7222222222222222
2599,12,1,3,2,0,18,0.6666666666666666
2600,13,1,4,2,0,20,0.65
2601,13,1,3,2,0,19,0.6842105263157895
2602,13,1,4,2,0,20,0.65
2603,11,1,4,1,0,17,0.6470588235294118
2604,12,1,2,1,0,16,0.75
2605,11,1,3,2,0,17,0.6470588235294118
2606,10,1,4,1,0,16,0.625
2607,11,1,3,2,0,17,0.6470588235294118
2608,12,1,4,1,0,18,0.6666666666666666
2609,11,1,4,2,0,18,0.6111111111111112
2610,11,1,4,1,0,17,0.6470588235294118
2611,13,1,4,1,0,19,0.6842105263157895
2612,12,1,4,1,0,18,0.6666666666666666
2613,12,1,4,1,0,18,0.6666666666666666
2614,12,1,4,2,0,19,0.631578947368421
2615,14,1,4,1,0,20,0.7
2616,14,1,3,1,0,19,0.7368421052631579
2617,11,1,3,1,0,16,0.6875
2618,14,1,3,1,0,19,0.7368421052631579
2619,12,1,4,1,0,18,0.6666666666666666
2620,10,1,3,1,0,15,0.6666666666666666
2621,13,1,3,1,0,18,0.7222222222222222
2622,14,1,3,1,0,19,0.7368421052631579
2623,13,1,2,1,0,17,0.7647058823529411
2624,12,1,3,1,0,17,0.7058823529411765
2625,14,1,2,1,0,18,0.7777777777777778
2626,11,1,3,1,0,16,0.6875
2627,13,1,3,1,0,18,0.7222222222222222
2628,14,1,3,1,0,19,0.7368421052631579
2629,13,1,4,1,0,19,0.6842105263157895
2630,12,1,4,1,0,18,0.6666666666666666
2631,12,1,4,1,0,18,0.6666666666666666
2632,12,1,4,1,0,18,0.6666666666666666
2633,10,1,4,1,0,16,0.625
2634,12,1,4,1,0,18,0.6666666666666666
2635,12,1,4,1,0,18,0.6666666666666666
2636,12,1,4,1,0,18,0.6666666666666666
2637,12,1,4,1,0,18,0.6666666666666666
2638,13,1,3,1,0,18,0.7222222222222222
2639,11,1,4,1,0,17,0.6470588235294118
2640,13,1,4,1,0,19,0.6842105263157895
2641,13,1,4,1,0,19,0.6842105263157895
2642,12,1,4,1,0,18,0.6666666666666666
2643,12,1,4,1,0,18,0.6666666666666666
2644,12,1,4,1,0,18,0.6666666666666666
2645,14,1,4,1,0,20,0.7
2646,13,1,4,1,0,19,0.6842105263157895
2647,13,1,3,1,0,18,0.7222222222222222
2648,12,1,3,1,0,17,0.7058823529411765
2649,12,1,3,1,0,17,0.7058823529411765
2650,13,1,3,1,0,18,0.7222222222222222
2651,13,1,2,1,0,17,0.7647058823529411
2652,12,1,3,1,0,17,0.7058823529411765
2653,13,1,3,1,0,18,0.7222222222222222
2654,13,1,3,1,0,18,0.7222222222222222
2655,11,1,3,1,0,16,0.6875
2656,14,1,3,1,0,19,0.7368421052631579
2657,13,1,3,1,0,18,0.7222222222222222
2658,12,1,3,1,0,17,0.7058823529411765
2659,12,1,3,1,0,17,0.7058823529411765
2660,14,1,3,1,0,19,0.7368421052631579
2661,14,1,3,1,0,19,0.7368421052631579
2662,13,1,3,1,0,18,0.7222222222222222
2663,10,1,3,1,0,15,0.6666666666666666
2664,10,1,3,1,0,15,0.6666666666666666
2665,11,1,3,1,0,16,0.6875
2666,12,1,3,1,0,17,0.7058823529411765
2667,14,1,3,1,0,19,0.7368421052631579
2668,12,1,3,1,0,17,0.7058823529411765
2669,14,1,3,1,0,19,0.7368421052631579
2670,12,1,3,1,0,17,0.7058823529411765
2671,11,1,3,1,0,16,0.6875
2672,11,1,3,1,0,16,0.6875
2673,12,1,3,1,0,17,0.7058823529411765
2674,12,1,3,1,0,17,0.7058823529411765
2675,11,1,3,1,0,16,0.6875
2676,13,1,3,1,0,18,0.7222222222222222
2677,11,1,3,1,0,16,0.6875
2678,12,1,3,1,0,17,0.7058823529411765
2679,13,1,3,1,0,18,0.7222222222222222
2680,14,1,3,1,0,19,0.7368421052631579
2681,10,1,3,1,0,15,0.6666666666666666
2682,9,1,3,1,0,14,0.6428571428571429
2683,12,1,3,1,0,17,0.7058823529411765
2684,12,1,3,1,0,17,0.7058823529411765
2685,11,1,3,1,0,16,0.6875
2686,12,1,3,1,0,17,0.7058823529411765
2687,11,1,3,1,0,16,0.6875
2688,12,1,2,1,0,16,0.75
2689,12,1,3,1,0,17,0.7058823529411765
2690,12,1,3,1,0,17,0.7058823529411765
2691,12,1,3,1,0,17,0.7058823529411765
2692,10,1,3,1,0,15,0.6666666666666666
2693,13,1,3,1,0,18,0.7222222222222222
2694,13,1,3,1,0,18,0.7222222222222222
2695,11,1,3,1,0,16,0.6875
2696,11,1,3,1,0,16,0.6875
2697,12,1,3,1,0,17,0.7058823529411765
2698,13,1,3,1,0,18,0.7222222222222222
2699,11,1,3,1,0,16,0.6875
2700,11,1,3,1,0,16,0.6875
2701,13,1,3,1,0,18,0.7222222222222222
2702,12,1,3,1,0,17,0.7058823529411765
2703,12,1,3,1,0,17,0.7058823529411765
2704,13,1,3,1,0,18,0.7222222222222222
2705,11,1,2,1,0,15,0.7333333333333333
2706,13,1,3,1,0,18,0.7222222222222222
2707,13,1,3,1,0,18,0.7222222222222222
2708,14,1,3,1,0,19,0.7368421052631579
2709,12,1,3,1,0,17,0.7058823529411765
2710,11,1,3,1,0,16,0.6875
2711,12,1,3,1,0,17,0.7058823529411765
2712,10,1,3,1,0,15,0.6666666666666666
2713,11,1,3,1,0,16,0.6875
2714,10,1,3,1,0,15,0.6666666666666666
2715,14,1,3,1,0,19,0.7368421052631579
2716,13,1,3,1,0,18,0.7222222222222222
2717,11,1,3,1,0,16,0.6875
2718,10,1,3,1,0,15,0.6666666666666666
2719,12,1,3,1,0,17,0.7058823529411765
2720,12,1,3,1,0,17,0.7058823529411765
2721,11,1,3,1,0,16,0.6875
2722,12,1,3,1,0,17,0.7058823529411765
2723,11,1,3,1,0,16,0.6875
2724,11,1,3,1,0,16,0.6875
2725,13,1,3,1,0,18,0.7222222222222222
2726,12,1,3,1,0,17,0.7058823529411765
2727,12,1,3,1,0,17,0.7058823529411765
2728,13,1,3,1,0,18,0.7222222222222222
2729,13,1,3,1,0,18,0.7222222222222222
2730,14,1,3,1,0,19,0.7368421052631579
2731,13,1,3,2,0,19,0.6842105263157895
2732,13,1,3,1,0,18,0.7222222222222222
2733,10,1,3,1,0,15,0.6666666666666666
2734,12,1,3,1,0,17,0.7058823529411765
2735,13,1,3,1,0,18,0.7222222222222222
2736,13,1,3,1,0,18,0.7222222222222222
2737,13,1,3,1,0,18,0.7222222222222222
2738,13,1,3,1,0,18,0.7222222222222222
2739,13,1,3,1,0,18,0.7222222222222222
2740,12,1,3,1,0,17,0.7058823529411765
2741,12,1,3,1,0,17,0.7058823529411765
2742,11,1,3,1,0,16,0.6875
2743,13,1,3,1,0,18,0.7222222222222222
2744,11,1,3,1,0,16,0.6875
2745,12,1,3,1,0,17,0.7058823529411765
2746,12,1,3,1,0,17,0.7058823529411765
2747,13,1,2,1,0,17,0.7647058823529411
2748,11,1,3,1,0,16,0.6875
2749,11,1,3,1,0,16,0.6875
2750,12,1,3,1,0,17,0.7058823529411765
2751,12,1,3,1,0,17,0.7058823529411765
2752,10,1,3,1,0,15,0.6666666666666666
2753,13,1,3,1,0,18,0.7222222222222222
2754,11,1,3,1,0,16,0.6875
2755,10,1,3,1,0,15,0.6666666666666666
2756,11,1,3,1,0,16,0.6875
2757,12,1,3,1,0,17,0.7058823529411765
2758,13,1,3,1,0,18,0.7222222222222222
2759,13,1,3,1,0,18,0.7222222222222222
2760,11,1,3,1,0,16,0.6875
2761,13,1,3,1,0,18,0.7222222222222222
2762,12,1,3,1,0,17,0.7058823529411765
2763,13,1,3,1,0,18,0.7222222222222222
2764,11,1,3,1,0,16,0.6875
2765,14,1,3,1,0,19,0.7368421052631579
2766,13,1,3,1,0,18,0.7222222222222222
2767,12,1,3,1,0,17,0.7058823529411765
2768,13,1,3,1,0,18,0.7222222222222222
2769,13,1,3,1,0,18,0.7222222222222222
2770,12,1,3,1,0,17,0.7058823529411765
2771,12,1,3,1,0,17,0.7058823529411765
2772,13,1,3,1,0,18,0.7222222222222222
2773,12,1,4,1,0,18,0.6666666666666666
2774,12,1,3,1,0,17,0.7058823529411765
2775,12,1,3,1,0,17,0.7058823529411765
2776,12,1,3,1,0,17,0.7058823529411765
2777,11,1,3,1,0,16,0.6875
2778,13,1,3,1,0,18,0.7222222222222222
2779,13,1,3,1,0,18,0.7222222222222222
2780,9,1,3,1,0,14,0.6428571428571429
2781,12,1,3,1,0,17,0.7058823529411765
2782,11,1,3,1,0,16,0.6875
2783,12,1,3,1,0,17,0.7058823529411765
2784,12,1,3,1,0,17,0.7058823529411765
2785,12,1,3,1,0,17,0.7058823529411765
2786,10,1,3,1,0,15,0.6666666666666666
2787,12,1,3,1,0,17,0.7058823529411765
2788,12,1,3,1,0,17,0.7058823529411765
2789,11,1,3,1,0,16,0.6875
2790,9,1,3,1,0,14,0.6428571428571429
2791,12,1,3,1,0,17,0.7058823529411765
2792,11,1,3,1,0,16,0.6875
2793,10,1,3,1,0,15,0.6666666666666666
2794,11,1,3,1,0,16,0.6875
2795,12,1,3,1,0,17,0.7058823529411765
2796,11,1,3,1,0,16,0.6875
2797,11,1,3,1,0,16,0.6875
2798,12,1,3,1,0,17,0.7058823529411765
2799,10,1,3,1,0,15,0.6666666666666666
2800,11,1,3,1,0,16,0.6875
2801,10,1,3,1,0,15,0.6666666666666666
2802,12,1,3,1,0,17,0.7058823529411765
2803,11,1,3,1,0,16,0.6875
2804,12,1,3,1,0,17,0.7058823529411765
2805,12,1,3,1,0,17,0.7058823529411765
2806,12,1,3,1,0,17,0.7058823529411765
2807,10,1,3,1,0,15,0.6666666666666666
2808,11,1,3,1,0,16,0.6875
2809,12,1,3,1,0,17,0.7058823529411765
2810,12,1,3,1,0,17,0.7058823529411765
2811,12,1,3,1,0,17,0.7058823529411765
2812,14,1,3,1,0,19,0.7368421052631579
2813,11,1,3,1,0,16,0.6875
2814,11,1,3,1,0,16,0.6875
2815,10,1,3,1,0,15,0.6666666666666666
2816,12,1,3,1,0,17,0.7058823529411765
2817,12,1,3,1,0,17,0.7058823529411765
2818,11,1,3,1,0,16,0.6875
2819,10,1,3,1,0,15,0.6666666666666666
2820,12,1,3,1,0,17,0.7058823529411765
2821,11,1,3,1,0,16,0.6875
2822,11,1,3,1,0,16,0.6875
2823,12,1,3,1,0,17,0.7058823529411765
2824,12,1,3,1,0,17,0.7058823529411765
2825,13,1,3,1,0,18,0.7222222222222222
2826,12,1,2,1,0,16,0.75
2827,12,1,3,1,0,17,0.7058823529411765
2828,9,1,3,1,0,14,0.6428571428571429
2829,10,1,3,1,0,15,0.6666666666666666
2830,13,1,3,1,0,18,0.7222222222222222
2831,12,1,2,1,0,16,0.75
2832,12,1,3,1,0,17,0.7058823529411765
2833,11,1,3,1,0,16,0.6875
2834,12,1,3,1,0,17,0.7058823529411765
2835,12,1,3,1,0,17,0.7058823529411765
2836,13,1,2,1,0,17,0.7647058823529411
2837,10,1,2,1,0,14,0.7142857142857143
2838,13,1,3,1,0,18,0.7222222222222222
2839,11,1,3,1,0,16,0.6875
2840,12,1,3,1,0,17,0.7058823529411765
2841,10,1,3,1,0,15,0.6666666666666666
2842,12,1,3,1,0,17,0.7058823529411765
2843,12,1,3,1,0,17,0.7058823529411765
2844,14,1,3,1,0,19,0.7368421052631579
2845,12,1,3,1,0,17,0.7058823529411765
2846,12,1,3,1,0,17,0.7058823529411765
2847,13,1,3,1,0,18,0.7222222222222222
2848,11,1,2,1,0,15,0.7333333333333333
2849,10,1,3,1,0,15,0.6666666666666666
2850,10,1,3,1,0,15,0.6666666666666666
2851,11,1,2,1,0,15,0.7333333333333333
2852,11,1,2,1,0,15,0.7333333333333333
2853,10,1,3,1,0,15,0.6666666666666666
2854,11,1,3,1,0,16,0.6875
2855,11,1,3,1,0,16,0.6875
2856,11,1,3,1,0,16,0.6875
2857,11,1,3,1,0,16,0.6875
2858,12,1,2,1,0,16,0.75
2859,11,1,3,1,0,16,0.6875
2860,11,1,3,1,0,16,0.6875
2861,12,1,3,1,0,17,0.7058823529411765
2862,12,1,3,1,0,17,0.7058823529411765
2863,10,1,3,1,0,15,0.6666666666666666
2864,11,1,3,1,0,16,0.6875
2865,11,1,3,1,0,16,0.6875
2866,10,1,3,1,0,15,0.6666666666666666
2867,11,1,3,1,0,16,0.6875
2868,10,1,3,1,0,15,0.6666666666666666
2869,12,1,3,1,0,17,0.7058823529411765
2870,12,1,3,1,0,17,0.7058823529411765
2871,11,1,3,1,0,16,0.6875
2872,11,1,3,1,0,16,0.6875
2873,11,1,3,1,0,16,0.6875
2874,12,1,3,1,0,17,0.7058823529411765
2875,11,1,3,1,0,16,0.6875
2876,11,1,3,1,0,16,0.6875
2877,12,1,3,1,0,17,0.7058823529411765
2878,12,1,3,1,0,17,0.7058823529411765
2879,13,1,3,1,0,18,0.7222222222222222
2880,9,1,3,1,0,14,0.6428571428571429
2881,10,1,3,1,0,15,0.6666666666666666
2882,9,1,3,1,0,14,0.6428571428571429
2883,10,1,3,1,0,15,0.6666666666666666
2884,11,1,3,1,0,16,0.6875
2885,9,1,3,1,0,14,0.6428571428571429
2886,11,1,3,1,0,16,0.6875
2887,12,1,3,1,0,17,0.7058823529411765
2888,11,1,3,1,0,16,0.6875
2889,12,1,3,1,0,17,0.7058823529411765
2890,14,1,3,1,0,19,0.7368421052631579
2891,11,1,3,1,0,16,0.6875
2892,11,1,3,1,0,16,0.6875
2893,13,1,3,1,0,18,0.7222222222222222
2894,11,1,3,1,0,16,0.6875
2895,13,1,3,1,0,18,0.7222222222222222
2896,10,1,3,1,0,15,0.6666666666666666
2897,12,1,3,1,0,17,0.7058823529411765
2898,12,1,3,1,0,17,0.7058823529411765
2899,12,1,3,1,0,17,0.7058823529411765
2900,11,1,3,1,0,16,0.6875
2901,13,1,3,1,0,18,0.7222222222222222
2902,13,1,3,1,0,18,0.7222222222222222
2903,13,1,4,1,0,19,0.6842105263157895
2904,12,1,3,1,0,17,0.7058823529411765
2905,12,1,3,1,0,17,0.7058823529411765
2906,12,1,3,1,0,17,0.7058823529411765
2907,11,1,3,1,0,16,0.6875
2908,10,1,3,1,0,15,0.6666666666666666
2909,10,1,3,1,0,15,0.6666666666666666
2910,11,1,3,1,0,16,0.6875
2911,12,1,3,1,0,17,0.7058823529411765
2912,11,1,3,1,0,16,0.6875
2913,11,1,3,1,0,16,0.6875
2914,11,1,3,1,0,16,0.6875
2915,11,1,3,1,0,16,0.6875
2916,11,1,3,1,0,16,0.6875
2917,12,1,3,1,0,17,0.7058823529411765
2918,12,1,3,1,0,17,0.7058823529411765
2919,13,1,3,1,0,18,0.7222222222222222
2920,14,1,3,1,0,19,0.7368421052631579
2921,13,1,3,1,0,18,0.7222222222222222
2922,14,1,3,1,0,19,0.7368421052631579
2923,13,1,3,1,0,18,0.7222222222222222
2924,12,1,3,1,0,17,0.7058823529411765
2925,11,1,3,1,0,16,0.6875
2926,11,1,3,2,0,17,0.6470588235294118
2927,12,1,3,1,0,17,0.7058823529411765
2928,11,1,3,1,0,16,0.6875
2929,11,1,3,1,0,16,0.6875
2930,12,1,3,1,0,17,0.7058823529411765
2931,11,1,3,1,0,16,0.6875
2932,11,1,3,1,0,16,0.6875
2933,13,1,3,1,0,18,0.7222222222222222
2934,11,1,3,1,0,16,0.6875
2935,13,1,3,1,0,18,0.7222222222222222
2936,9,1,3,1,0,14,0.6428571428571429
2937,13,1,3,1,0,18,0.7222222222222222
2938,12,1,3,1,0,17,0.7058823529411765
2939,11,1,3,1,0,16,0.6875
2940,11,1,3,1,0,16,0.6875
2941,10,1,3,1,0,15,0.6666666666666666
2942,12,1,3,1,0,17,0.7058823529411765
2943,11,1,3,1,0,16,0.6875
2944,12,1,3,1,0,17,0.7058823529411765
2945,11,1,3,1,0,16,0.6875
2946,11,1,3,1,0,16,0.6875
2947,12,1,3,1,0,17,0.7058823529411765
2948,11,1,3,1,0,16,0.6875
2949,13,1,3,1,0,18,0.7222222222222222
2950,13,1,3,1,0,18,0.7222222222222222
2951,11,1,3,1,0,16,0.6875
2952,12,1,3,1,0,17,0.7058823529411765
2953,11,1,3,1,0,16,0.6875
2954,12,1,3,1,0,17,0.7058823529411765
2955,10,1,2,1,0,14,0.7142857142857143
2956,13,1,3,1,0,18,0.7222222222222222
2957,9,1,3,1,0,14,0.6428571428571429
2958,12,1,3,1,0,17,0.7058823529411765
2959,12,1,2,1,0,16,0.75
2960,11,1,3,1,0,16,0.6875
2961,10,1,2,1,0,14,0.7142857142857143
2962,11,1,3,1,0,16,0.6875
2963,11,1,3,1,0,16,0.6875
2964,11,1,2,1,0,15,0.7333333333333333
2965,12,1,3,1,0,17,0.7058823529411765
2966,11,1,3,1,0,16,0.6875
2967,10,1,2,1,0,14,0.7142857142857143
2968,12,1,3,1,0,17,0.7058823529411765
2969,9,1,2,1,0,13,0.6923076923076923
2970,11,1,3,1,0,16,0.6875
2971,11,1,3,1,0,16,0.6875
2972,12,1,3,1,0,17,0.7058823529411765
2973,13,1,3,1,0,18,0.7222222222222222
2974,12,1,2,1,0,16,0.75
2975,13,1,3,1,0,18,0.7222222222222222
2976,11,1,3,1,0,16,0.6875
2977,10,1,3,1,0,15,0.6666666666666666
2978,12,1,3,1,0,17,0.7058823529411765
2979,10,1,3,1,0,15,0.6666666666666666
2980,10,1,3,1,0,15,0.6666666666666666
2981,11,1,3,1,0,16,0.6875
2982,12,1,3,1,0,17,0.7058823529411765
2983,12,1,3,1,0,17,0.7058823529411765
2984,11,1,3,1,0,16,0.6875
2985,12,1,3,1,0,17,0.7058823529411765
2986,10,1,3,1,0,15,0.6666666666666666
2987,11,1,3,1,0,16,0.6875
2988,10,1,2,1,0,14,0.7142857142857143
2989,11,1,3,1,0,16,0.6875
2990,10,1,3,1,0,15,0.6666666666666666
2991,12,1,3,1,0,17,0.7058823529411765
2992,11,1,3,1,0,16,0.6875
2993,10,1,3,1,0,15,0.6666666666666666
2994,10,1,3,1,0,15,0.6666666666666666
2995,10,1,3,1,0,15,0.6666666666666666
2996,11,1,3,1,0,16,0.6875
2997,11,1,3,1,0,16,0.6875
2998,13,1,3,1,0,18,0.7222222222222222
2999,12,1,3,1,0,17,0.7058823529411765
3000,12,1,3,1,0,17,0.7058823529411765
3001,11,1,3,1,0,16,0.6875
3002,12,1,3,1,0,17,0.7058823529411765
3003,12,1,2,1,0,16,0.75
3004,11,1,3,1,0,16,0.6875
3005,10,1,3,1,0,15,0.6666666666666666
3006,13,1,3,1,0,18,0.7222222222222222
3007,9,1,2,1,0,13,0.6923076923076923
3008,11,1,3,1,0,16,0.6875
3009,11,1,3,1,0,16,0.6875
3010,11,1,2,1,0,15,0.7333333333333333
3011,8,1,2,1,0,12,0.6666666666666666
3012,12,1,3,1,0,17,0.7058823529411765
3013,12,1,3,1,0,17,0.7058823529411765
3014,11,1,3,1,0,16,0.6875
3015,9,1,3,1,0,14,0.6428571428571429
3016,9,1,3,1,0,14,0.6428571428571429
3017,10,1,3,1,0,15,0.6666666666666666
3018,12,1,3,1,0,17,0.7058823529411765
3019,10,1,3,1,0,15,0.6666666666666666
3020,11,1,3,1,0,16,0.6875
3021,10,1,3,1,0,15,0.6666666666666666
3022,11,1,3,1,0,16,0.6875
3023,10,1,2,1,0,14,0.7142857142857143
3024,9,1,3,1,0,14,0.6428571428571429
3025,12,1,3,1,0,17,0.7058823529411765
3026,11,1,3,1,0,16,0.6875
3027,11,1,3,1,0,16,0.6875
3028,12,1,3,1,0,17,0.7058823529411765
3029,10,1,3,1,0,15,0.6666666666666666
3030,10,1,3,1,0,15,0.6666666666666666
3031,13,1,3,1,0,18,0.7222222222222222
3032,12,1,3,1,0,17,0.7058823529411765
3033,11,1,2,1,0,15,0.7333333333333333
3034,12,1,3,1,0,17,0.7058823529411765
3035,11,1,3,1,0,16,0.6875
3036,10,1,2,1,0,14,0.7142857142857143
3037,11,1,2,2,0,16,0.6875
3038,11,1,2,1,0,15,0.7333333333333333
3039,12,1,3,1,0,17,0.7058823529411765
3040,13,1,3,1,0,18,0.7222222222222222
3041,9,1,3,1,0,14,0.6428571428571429
3042,10,1,3,1,0,15,0.6666666666666666
3043,12,1,3,1,0,17,0.7058823529411765
3044,11,1,3,1,0,16,0.6875
3045,12,1,3,1,0,17,0.7058823529411765
3046,12,1,2,1,0,16,0.75
3047,11,1,3,1,0,16,0.6875
3048,11,1,3,1,0,16,0.6875
3049,10,1,3,1,0,15,0.6666666666666666
3050,11,1,2,2,0,16,0.6875
3051,11,1,3,1,0,16,0.6875
3052,11,1,2,1,0,15,0.7333333333333333
3053,11,1,2,1,0,15,0.7333333333333333
3054,12,1,3,1,0,17,0.7058823529411765
3055,10,1,3,1,0,15,0.6666666666666666
3056,10,1,3,1,0,15,0.6666666666666666
3057,13,1,2,1,0,17,0.7647058823529411
3058,12,1,3,1,0,17,0.7058823529411765
3059,11,1,2,1,0,15,0.7333333333333333
3060,11,1,3,1,0,16,0.6875
3061,12,1,3,1,0,17,0.7058823529411765
3062,12,1,3,1,0,17,0.7058823529411765
3063,11,1,2,1,0,15,0.7333333333333333
3064,11,1,2,1,0,15,0.7333333333333333
3065,12,1,3,1,0,17,0.7058823529411765
3066,14,1,3,1,0,19,0.7368421052631579
3067,9,1,3,1,0,14,0.6428571428571429
3068,10,1,3,1,0,15,0.6666666666666666
3069,11,1,2,1,0,15,0.7333333333333333
3070,11,1,2,1,0,15,0.7333333333333333
3071,11,1,3,1,0,16,0.6875
3072,13,1,3,1,0,18,0.7222222222222222
3073,13,1,3,1,0,18,0.7222222222222222
3074,11,1,3,1,0,16,0.6875
3075,11,1,2,1,0,15,0.7333333333333333
3076,11,1,2,1,0,15,0.7333333333333333
3077,10,1,2,1,0,14,0.7142857142857143
3078,9,1,3,1,0,14,0.6428571428571429
3079,11,1,2,1,0,15,0.7333333333333333
3080,10,1,2,1,0,14,0.7142857142857143
3081,10,1,2,1,0,14,0.7142857142857143
3082,11,1,3,1,0,16,0.6875
3083,11,1,3,1,0,16,0.6875
3084,10,1,3,1,0,15,0.6666666666666666
3085,10,1,4,1,0,16,0.625
3086,12,1,3,1,0,17,0.7058823529411765
3087,10,1,3,1,0,15,0.6666666666666666
3088,10,1,3,1,0,15,0.6666666666666666
3089,11,1,3,1,0,16,0.6875
3090,10,1,3,1,0,15,0.6666666666666666
3091,11,1,2,1,0,15,0.7333333333333333
3092,11,1,2,1,0,15,0.7333333333333333
3093,9,1,3,1,0,14,0.6428571428571429
3094,8,1,3,1,0,13,0.6153846153846154
3095,10,1,2,1,0,14,0.7142857142857143
3096,7,1,3,1,0,12,0.5833333333333334
3097,11,1,3,1,0,16,0.6875
3098,10,1,2,1,0,14,0.7142857142857143
3099,11,1,3,1,0,16,0.6875
3100,10,1,3,1,0,15,0.6666666666666666
3101,10,1,3,1,0,15,0.6666666666666666
3102,10,1,3,1,0,15,0.6666666666666666
3103,10,1,3,1,0,15,0.6666666666666666
3104,9,1,3,1,0,14,0.6428571428571429
3105,11,1,3,1,0,16,0.6875
3106,11,1,3,1,0,16,0.6875
3107,10,1,2,1,0,14,0.7142857142857143
3108,9,1,3,1,0,14,0.6428571428571429
3109,9,1,2,1,0,13,0.6923076923076923
3110,10,1,3,1,0,15,0.6666666666666666
3111,11,1,3,1,0,16,0.6875
3112,11,1,3,1,0,16,0.6875
3113,11,1,3,1,0,16,0.6875
3114,10,1,2,1,0,14,0.7142857142857143
3115,11,1,3,1,0,16,0.6875
3116,10,1,3,1,0,15,0.6666666666666666
3117,10,1,3,1,0,15,0.6666666666666666
3118,10,1,2,1,0,14,0.7142857142857143
3119,8,1,3,1,0,13,0.6153846153846154
3120,11,1,3,1,0,16,0.6875
3121,10,1,3,1,0,15,0.6666666666666666
3122,11,1,3,1,0,16,0.6875
3123,13,1,3,1,0,18,0.7222222222222222
3124,12,1,3,1,0,17,0.7058823529411765
3125,11,1,3,1,0,16,0.6875
3126,11,1,3,1,0,16,0.6875
3127,11,1,3,1,0,16,0.6875
3128,12,1,3,1,0,17,0.7058823529411765
3129,12,1,3,1,0,17,0.7058823529411765
3130,11,1,2,1,0,15,0.7333333333333333
3131,11,1,3,1,0,16,0.6875
3132,12,1,3,1,0,17,0.7058823529411765
3133,10,1,3,1,0,15,0.6666666666666666
3134,11,1,3,1,0,16,0.6875
3135,10,1,3,1,0,15,0.6666666666666666
3136,11,1,3,1,0,16,0.6875
3137,10,1,3,1,0,15,0.6666666666666666
3138,12,1,3,1,0,17,0.7058823529411765
3139,10,1,3,1,0,15,0.6666666666666666
3140,10,1,3,1,0,15,0.6666666666666666
3141,9,1,3,1,0,14,0.6428571428571429
3142,10,1,3,1,0,15,0.6666666666666666
3143,12,1,3,1,0,17,0.7058823529411765
3144,10,1,3,1,0,15,0.6666666666666666
3145,12,1,3,1,0,17,0.7058823529411765
3146,10,1,3,1,0,15,0.6666666666666666
3147,11,1,3,1,0,16,0.6875
3148,11,1,3,1,0,16,0.6875
3149,11,1,3,1,0,16,0.6875
3150,12,1,3,1,0,17,0.7058823529411765
3151,10,1,3,1,0,15,0.6666666666666666
3152,12,1,2,1,0,16,0.75
3153,11,1,3,1,0,16,0.6875
3154,11,1,3,1,0,16,0.6875
3155,12,1,2,1,0,16,0.75
3156,11,1,2,1,0,15,0.7333333333333333
3157,13,1,2,1,0,17,0.7647058823529411
3158,14,1,2,1,0,18,0.7777777777777778
3159,12,1,3,1,0,17,0.7058823529411765
3160,13,1,3,1,0,18,0.7222222222222222
3161,13,1,3,1,0,18,0.7222222222222222
3162,13,1,3,1,0,18,0.7222222222222222
3163,13,1,3,1,0,18,0.7222222222222222
3164,10,1,3,1,0,15,0.6666666666666666
3165,12,1,3,1,0,17,0.7058823529411765
3166,12,1,2,1,0,16,0.75
3167,10,1,2,1,0,14,0.7142857142857143
3168,11,1,3,1,0,16,0.6875
3169,10,1,2,1,0,14,0.7142857142857143
3170,13,1,2,1,0,17,0.7647058823529411
3171,12,1,2,1,0,16,0.75
3172,13,1,3,1,0,18,0.7222222222222222
3173,11,1,2,1,0,15,0.7333333333333333
3174,13,1,3,1,0,18,0.7222222222222222
3175,12,1,3,1,0,17,0.7058823529411765
3176,14,1,2,1,0,18,0.7777777777777778
3177,13,1,2,1,0,17,0.7647058823529411
3178,11,1,2,1,0,15,0.7333333333333333
3179,13,1,3,1,0,18,0.7222222222222222
3180,13,1,3,1,0,18,0.7222222222222222
3181,10,1,4,1,0,16,0.625
3182,14,1,2,1,0,18,0.7777777777777778
3183,13,1,3,1,0,18,0.7222222222222222
3184,12,1,2,1,0,16,0.75
3185,13,1,3,1,0,18,0.7222222222222222
3186,12,1,2,1,0,16,0.75
3187,12,1,3,1,0,17,0.7058823529411765
3188,14,1,2,1,0,18,0.7777777777777778
3189,11,1,2,1,0,15,0.7333333333333333
3190,14,1,2,1,0,18,0.7777777777777778
3191,12,1,2,1,0,16,0.75
3192,12,1,2,1,0,16,0.75
3193,13,1,3,1,0,18,0.7222222222222222
3194,13,1,3,1,0,18,0.7222222222222222
3195,14,1,3,1,0,19,0.7368421052631579
3196,11,1,3,1,0,16,0.6875
3197,11,1,2,1,0,15,0.7333333333333333
3198,14,1,2,1,0,18,0.7777777777777778
3199,13,1,3,1,0,18,0.7222222222222222
3200,14,1,3,1,0,19,0.7368421052631579
3201,12,1,3,1,0,17,0.7058823529411765
3202,13,1,2,1,0,17,0.7647058823529411
3203,13,1,3,1,0,18,0.7222222222222222
3204,11,1,3,1,0,16,0.6875
3205,14,1,3,1,0,19,0.7368421052631579
3206,12,1,2,1,0,16,0.75
3207,14,1,2,1,0,18,0.7777777777777778
3208,13,1,3,1,0,18,0.7222222222222222
3209,11,1,3,1,0,16,0.6875
3210,13,1,3,1,0,18,0.7222222222222222
3211,14,1,3,1,0,19,0.7368421052631579
3212,11,1,3,1,0,16,0.6875
3213,11,1,2,1,0,15,0.7333333333333333
3214,10,1,2,1,0,14,0.7142857142857143
3215,10,1,2,1,0,14,0.7142857142857143
3216,12,1,3,1,0,17,0.7058823529411765
3217,12,1,2,1,0,16,0.75
3218,13,1,3,1,0,18,0.7222222222222222
3219,12,1,3,1,0,17,0.7058823529411765
3220,12,1,3,1,0,17,0.7058823529411765
3221,13,1,2,1,0,17,0.7647058823529411
3222,13,1,3,1,0,18,0.7222222222222222
3223,13,1,3,1,0,18,0.7222222222222222
3224,14,1,3,1,0,19,0.7368421052631579
3225,13,1,3,1,0,18,0.7222222222222222
3226,14,1,3,1,0,19,0.7368421052631579
3227,12,1,3,1,0,17,0.7058823529411765
3228,12,1,3,1,0,17,0.7058823529411765
3229,13,1,3,1,0,18,0.7222222222222222
3230,14,1,2,1,0,18,0.7777777777777778
3231,11,1,3,1,0,16,0.6875
3232,11,1,3,1,0,16,0.6875
3233,12,1,2,1,0,16,0.75
3234,13,1,3,1,0,18,0.7222222222222222
3235,13,1,3,1,0,18,0.7222222222222222
3236,14,1,2,1,0,18,0.7777777777777778
3237,12,1,2,1,0,16,0.75
3238,13,1,2,1,0,17,0.7647058823529411
3239,13,1,2,1,0,17,0.7647058823529411
3240,12,1,2,1,0,16,0.75
3241,14,1,2,1,0,18,0.7777777777777778
3242,13,1,2,1,0,17,0.7647058823529411
3243,12,1,2,1,0,16,0.75
3244,13,1,3,1,0,18,0.7222222222222222
3245,12,1,2,1,0,16,0.75
3246,11,1,2,1,0,15,0.7333333333333333
3247,12,1,2,1,0,16,0.75
3248,13,1,2,1,0,17,0.7647058823529411
3249,13,1,3,1,0,18,0.7222222222222222
3250,11,1,2,1,0,15,0.7333333333333333
3251,11,1,2,1,0,15,0.7333333333333333
3252,12,1,2,1,0,16,0.75
3253,11,1,3,1,0,16,0.6875
3254,13,1,2,1,0,17,0.7647058823529411
3255,10,1,2,1,0,14,0.7142857142857143
3256,10,1,2,1,0,14,0.7142857142857143
3257,12,1,3,1,0,17,0.7058823529411765
3258,12,1,3,1,0,17,0.7058823529411765
3259,11,1,3,1,0,16,0.6875
3260,13,1,2,1,0,17,0.7647058823529411
3261,11,1,2,1,0,15,0.7333333333333333
3262,12,1,3,1,0,17,0.7058823529411765
3263,12,1,4,1,0,18,0.6666666666666666
3264,13,1,2,1,0,17,0.7647058823529411
3265,10,1,3,1,0,15,0.6666666666666666
3266,11,1,3,1,0,16,0.6875
3267,12,1,2,1,0,16,0.75
3268,12,1,3,1,0,17,0.7058823529411765
3269,12,1,3,1,0,17,0.7058823529411765
3270,12,1,3,1,0,17,0.7058823529411765
3271,12,1,3,1,0,17,0.7058823529411765
3272,11,1,3,1,0,16,0.6875
3273,10,1,3,1,0,15,0.6666666666666666
3274,11,1,2,1,0,15,0.7333333333333333
3275,12,1,3,1,0,17,0.7058823529411765
3276,12,1,3,1,0,17,0.7058823529411765
3277,12,1,3,1,0,17,0.7058823529411765
3278,11,1,3,1,0,16,0.6875
3279,11,1,3,1,0,16,0.6875
3280,11,1,3,1,0,16,0.6875
3281,12,1,3,1,0,17,0.7058823529411765
3282,11,1,2,1,0,15,0.7333333333333333
3283,11,1,2,1,0,15,0.7333333333333333
3284,10,1,3,1,0,15,0.6666666666666666
3285,12,1,3,1,0,17,0.7058823529411765
3286,10,1,3,1,0,15,0.6666666666666666
3287,10,1,3,1,0,15,0.6666666666666666
3288,11,1,3,1,0,16,0.6875
3289,11,1,3,1,0,16,0.6875
3290,11,1,2,1,0,15,0.7333333333333333
3291,11,1,3,1,0,16,0.6875
3292,12,1,2,1,0,16,0.75
3293,12,1,3,1,0,17,0.7058823529411765
3294,12,1,3,1,0,17,0.7058823529411765
3295,11,1,3,1,0,16,0.6875
3296,12,1,3,1,0,17,0.7058823529411765
3297,10,1,2,1,0,14,0.7142857142857143
3298,12,1,3,1,0,17,0.7058823529411765
3299,12,1,3,1,0,17,0.7058823529411765
3300,13,1,2,1,0,17,0.7647058823529411
3301,12,1,3,1,0,17,0.7058823529411765
3302,10,1,3,1,0,15,0.6666666666666666
3303,13,1,2,1,0,17,0.7647058823529411
3304,11,1,3,1,0,16,0.6875
3305,10,1,3,1,0,15,0.6666666666666666
3306,12,1,2,1,0,16,0.75
3307,12,1,3,1,0,17,0.7058823529411765
3308,10,1,3,1,0,15,0.6666666666666666
3309,12,1,3,1,0,17,0.7058823529411765
3310,12,1,2,1,0,16,0.75
3311,12,1,3,1,0,17,0.7058823529411765
3312,13,1,3,1,0,18,0.7222222222222222
3313,11,1,2,1,0,15,0.7333333333333333
3314,9,1,3,1,0,14,0.6428571428571429
3315,12,1,3,1,0,17,0.7058823529411765
3316,11,1,3,2,0,17,0.6470588235294118
3317,11,1,2,1,0,15,0.7333333333333333
3318,11,1,3,1,0,16,0.6875
3319,11,1,2,1,0,15,0.7333333333333333
3320,11,1,3,1,0,16,0.6875
3321,11,1,3,1,0,16,0.6875
3322,12,1,3,1,0,17,0.7058823529411765
3323,9,1,3,1,0,14,0.6428571428571429
3324,11,1,3,1,0,16,0.6875
3325,11,1,3,1,0,16,0.6875
3326,11,1,3,1,0,16,0.6875
3327,11,1,3,1,0,16,0.6875
3328,10,1,3,1,0,15,0.6666666666666666
3329,10,1,4,1,0,16,0.625
3330,11,1,3,1,0,16,0.6875
3331,10,1,3,1,0,15,0.6666666666666666
3332,9,1,3,1,0,14,0.6428571428571429
3333,12,1,3,1,0,17,0.7058823529411765
3334,13,1,3,1,0,18,0.7222222222222222
3335,12,1,3,1,0,17,0.7058823529411765
3336,12,1,3,1,0,17,0.7058823529411765
3337,12,1,3,1,0,17,0.7058823529411765
3338,10,1,3,1,0,15,0.6666666666666666
3339,10,1,3,1,0,15,0.6666666666666666
3340,12,1,3,1,0,17,0.7058823529411765
3341,12,1,3,1,0,17,0.7058823529411765
3342,11,1,3,1,0,16,0.6875
3343,13,1,3,1,0,18,0.7222222222222222
3344,11,1,3,1,0,16,0.6875
3345,11,1,3,1,0,16,0.6875
3346,12,1,2,1,0,16,0.75
3347,11,1,3,1,0,16,0.6875
3348,12,1,3,1,0,17,0.7058823529411765
3349,11,1,3,1,0,16,0.6875
3350,11,1,2,1,0,15,0.7333333333333333
3351,9,1,2,1,0,13,0.6923076923076923
3352,12,1,3,1,0,17,0.7058823529411765
3353,11,1,3,1,0,16,0.6875
3354,12,1,3,1,0,17,0.7058823529411765
3355,11,1,3,1,0,16,0.6875
3356,11,1,2,1,0,15,0.7333333333333333
3357,10,1,3,1,0,15,0.6666666666666666
3358,11,1,2,1,0,15,0.7333333333333333
3359,11,1,3,1,0,16,0.6875
3360,10,1,3,1,0,15,0.6666666666666666
3361,11,1,3,1,0,16,0.6875
3362,11,1,3,1,0,16,0.6875
3363,13,1,3,1,0,18,0.7222222222222222
3364,11,1,4,1,0,17,0.6470588235294118
3365,11,1,3,1,0,16,0.6875
3366,12,1,2,1,0,16,0.75
3367,11,1,3,1,0,16,0.6875
3368,12,1,2,1,0,16,0.75
3369,11,1,3,1,0,16,0.6875
3370,11,1,3,1,0,16,0.6875
3371,11,1,3,1,0,16,0.6875
3372,9,1,3,1,0,14,0.6428571428571429
3373,11,1,3,1,0,16,0.6875
3374,10,1,3,1,0,15,0.6666666666666666
3375,12,1,2,1,0,16,0.75
3376,13,1,3,1,0,18,0.7222222222222222
3377,11,1,2,1,0,15,0.7333333333333333
3378,11,1,3,1,0,16,0.6875
3379,11,1,3,1,0,16,0.6875
3380,11,1,3,1,0,16,0.6875
3381,11,1,2,1,0,15,0.7333333333333333
3382,10,1,3,1,0,15,0.6666666666666666
3383,11,1,3,1,0,16,0.6875
3384,11,1,3,1,0,16,0.6875
3385,10,1,2,1,0,14,0.7142857142857143
3386,11,1,3,1,0,16,0.6875
3387,11,1,2,1,0,15,0.7333333333333333
3388,10,1,2,1,0,14,0.7142857142857143
3389,11,1,2,1,0,15,0.7333333333333333
3390,11,1,2,1,0,15,0.7333333333333333
3391,10,1,3,1,0,15,0.6666666666666666
3392,12,1,3,1,0,17,0.7058823529411765
3393,12,1,3,1,0,17,0.7058823529411765
3394,10,1,2,1,0,14,0.7142857142857143
3395,11,1,2,1,0,15,0.7333333333333333
3396,11,1,3,1,0,16,0.6875
3397,11,1,3,1,0,16,0.6875
3398,11,1,3,1,0,16,0.6875
3399,9,1,3,1,0,14,0.6428571428571429
3400,11,1,3,1,0,16,0.6875
3401,11,1,3,1,0,16,0.6875
3402,11,1,3,1,0,16,0.6875
3403,10,1,3,1,0,15,0.6666666666666666
3404,12,1,2,1,0,16,0.75
3405,12,1,3,1,0,17,0.7058823529411765
3406,11,1,3,1,0,16,0.6875
3407,10,1,3,1,0,15,0.6666666666666666
3408,10,1,3,1,0,15,0.6666666666666666
3409,11,1,3,1,0,16,0.6875
3410,11,1,2,1,0,15,0.7333333333333333
3411,9,1,3,1,0,14,0.6428571428571429
3412,12,1,2,1,0,16,0.75
3413,12,1,3,1,0,17,0.7058823529411765
3414,11,1,3,1,0,16,0.6875
3415,12,1,2,1,0,16,0.75
3416,12,1,3,1,0,17,0.7058823529411765
3417,10,1,2,1,0,14,0.7142857142857143
3418,12,1,3,1,0,17,0.7058823529411765
3419,10,1,3,1,0,15,0.6666666666666666
3420,11,1,3,1,0,16,0.6875
3421,11,1,3,1,0,16,0.6875
3422,11,1,3,1,0,16,0.6875
3423,12,1,3,1,0,17,0.7058823529411765
3424,11,1,3,1,0,16,0.6875
3425,12,1,3,1,0,17,0.7058823529411765
3426,11,1,3,1,0,16,0.6875
3427,10,1,3,1,0,15,0.6666666666666666
3428,12,1,3,1,0,17,0.7058823529411765
3429,12,1,2,1,0,16,0.75
3430,10,1,3,1,0,15,0.6666666666666666
3431,10,1,3,1,0,15,0.6666666666666666
3432,11,1,3,1,0,16,0.6875
3433,12,1,3,1,0,17,0.7058823529411765
3434,11,1,3,1,0,16,0.6875
3435,8,1,3,1,0,13,0.6153846153846154
3436,10,1,3,1,0,15,0.6666666666666666
3437,10,1,3,1,0,15,0.6666666666666666
3438,11,1,3,1,0,16,0.6875
3439,11,1,3,1,0,16,0.6875
3440,10,1,3,1,0,15,0.6666666666666666
3441,11,1,3,1,0,16,0.6875
3442,11,1,3,1,0,16,0.6875
3443,11,1,3,1,0,16,0.6875
3444,11,1,3,1,0,16,0.6875
3445,12,1,3,1,0,17,0.7058823529411765
3446,11,1,3,1,0,16,0.6875
3447,12,1,3,1,0,17,0.7058823529411765
3448,11,1,2,1,0,15,0.7333333333333333
3449,11,1,3,1,0,16,0.6875
3450,11,1,3,1,0,16,0.6875
3451,10,1,3,1,0,15,0.6666666666666666
3452,10,1,3,1,0,15,0.6666666666666666
3453,12,1,3,1,0,17,0.7058823529411765
3454,12,1,2,1,0,16,0.75
3455,11,1,2,1,0,15,0.7333333333333333
3456,10,1,3,1,0,15,0.6666666666666666
3457,12,1,2,1,0,16,0.75
3458,12,1,2,1,0,16,0.75
3459,12,1,3,1,0,17,0.7058823529411765
3460,12,1,2,1,0,16,0.75
3461,12,1,3,1,0,17,0.7058823529411765
3462,12,1,2,1,0,16,0.75
3463,10,1,2,1,0,14,0.7142857142857143
3464,11,1,3,1,0,16,0.6875
3465,11,1,2,1,0,15,0.7333333333333333
3466,10,1,3,1,0,15,0.6666666666666666
3467,12,1,2,1,0,16,0.75
3468,10,1,3,1,0,15,0.6666666666666666
3469,8,1,3,1,0,13,0.6153846153846154
3470,9,1,3,1,0,14,0.6428571428571429
3471,10,1,2,1,0,14,0.7142857142857143
3472,12,1,2,1,0,16,0.75
3473,11,1,3,1,0,16,0.6875
3474,12,1,2,1,0,16,0.75
3475,12,1,3,1,0,17,0.7058823529411765
3476,11,1,3,1,0,16,0.6875
3477,12,1,3,1,0,17,0.7058823529411765
3478,10,1,3,1,0,15,0.6666666666666666
3479,11,1,3,1,0,16,0.6875
3480,10,1,2,1,0,14,0.7142857142857143
3481,11,1,3,1,0,16,0.6875
3482,13,1,3,1,0,18,0.7222222222222222
3483,11,1,3,1,0,16,0.6875
3484,10,1,3,1,0,15,0.6666666666666666
3485,12,1,3,1,0,17,0.7058823529411765
3486,11,1,2,1,0,15,0.7333333333333333
3487,10,1,2,1,0,14,0.7142857142857143
3488,10,1,3,1,0,15,0.6666666666666666
3489,10,1,3,1,0,15,0.6666666666666666
3490,11,1,2,1,0,15,0.7333333333333333
3491,13,1,2,1,0,17,0.7647058823529411
3492,12,1,3,1,0,17,0.7058823529411765
3493,9,1,3,1,0,14,0.6428571428571429
3494,11,1,3,1,0,16,0.6875
3495,11,1,3,1,0,16,0.6875
3496,11,1,3,1,0,16,0.6875
3497,14,1,3,1,0,19,0.7368421052631579
3498,12,1,3,1,0,17,0.7058823529411765
3499,11,1,3,1,0,16,0.6875
3500,10,1,3,1,0,15,0.6666666666666666
3501,11,1,3,1,0,16,0.6875
3502,10,1,3,1,0,15,0.6666666666666666
3503,12,1,3,1,0,17,0.7058823529411765
3504,11,1,3,1,0,16,0.6875
3505,12,1,2,1,0,16,0.75
3506,12,1,3,1,0,17,0.7058823529411765
3507,12,1,3,1,0,17,0.7058823529411765
3508,11,1,3,1,0,16,0.6875
3509,11,1,3,1,0,16,0.6875
3510,9,1,3,1,0,14,0.6428571428571429
3511,13,1,3,1,0,18,0.7222222222222222
3512,10,1,3,1,0,15,0.6666666666666666
3513,12,1,3,1,0,17,0.7058823529411765
3514,9,1,3,1,0,14,0.6428571428571429
3515,11,1,3,1,0,16,0.6875
3516,10,1,2,1,0,14,0.7142857142857143
3517,8,1,3,1,0,13,0.6153846153846154
3518,13,1,2,1,0,17,0.7647058823529411
3519,13,1,3,1,0,18,0.7222222222222222
3520,11,1,3,1,0,16,0.6875
3521,11,1,3,1,0,16,0.6875
3522,12,1,3,1,0,17,0.7058823529411765
3523,14,1,3,1,0,19,0.7368421052631579
3524,13,1,3,1,0,18,0.7222222222222222
3525,12,1,3,1,0,17,0.7058823529411765
3526,10,1,3,1,0,15,0.6666666666666666
3527,10,1,3,1,0,15,0.6666666666666666
3528,12,1,3,1,0,17,0.7058823529411765
3529,11,1,3,1,0,16,0.6875
3530,13,1,3,1,0,18,0.7222222222222222
3531,12,1,3,1,0,17,0.7058823529411765
3532,11,1,3,1,0,16,0.6875
3533,12,1,3,1,0,17,0.7058823529411765
3534,12,1,3,1,0,17,0.7058823529411765
3535,14,1,3,1,0,19,0.7368421052631579
3536,12,1,3,1,0,17,0.7058823529411765
3537,12,1,2,1,0,16,0.75
3538,11,1,3,1,0,16,0.6875
3539,11,1,3,1,0,16,0.6875
3540,12,1,3,1,0,17,0.7058823529411765
3541,11,1,3,1,0,16,0.6875
3542,9,1,3,1,0,14,0.6428571428571429
3543,10,1,3,1,0,15,0.6666666666666666
3544,11,1,3,1,0,16,0.6875
3545,10,1,3,1,0,15,0.6666666666666666
3546,11,1,2,1,0,15,0.7333333333333333
3547,12,1,3,1,0,17,0.7058823529411765
3548,11,1,3,1,0,16,0.6875
3549,13,1,3,1,0,18,0.7222222222222222
3550,13,1,3,1,0,18,0.7222222222222222
3551,12,1,3,1,0,17,0.7058823529411765
3552,11,1,2,1,0,15,0.7333333333333333
3553,11,1,3,1,0,16,0.6875
3554,10,1,3,1,0,15,0.6666666666666666
3555,10,1,3,1,0,15,0.6666666666666666
3556,11,1,2,1,0,15,0.7333333333333333
3557,11,1,3,1,0,16,0.6875
3558,12,1,2,1,0,16,0.75
3559,11,1,3,1,0,16,0.6875
3560,12,1,3,1,0,17,0.7058823529411765
3561,13,1,2,2,0,18,0.7222222222222222
3562,11,1,3,1,0,16,0.6875
3563,11,1,3,1,0,16,0.6875
3564,11,1,3,1,0,16,0.6875
3565,11,1,3,1,0,16,0.6875
3566,11,1,3,1,0,16,0.6875
3567,12,1,3,1,0,17,0.7058823529411765
3568,12,1,3,1,0,17,0.7058823529411765
3569,12,1,3,1,0,17,0.7058823529411765
3570,11,1,3,1,0,16,0.6875
3571,12,1,2,1,0,16,0.75
3572,12,1,3,1,0,17,0.7058823529411765
3573,13,1,2,1,0,17,0.7647058823529411
3574,9,1,2,1,0,13,0.6923076923076923
3575,8,1,3,1,0,13,0.6153846153846154
3576,12,1,3,1,0,17,0.7058823529411765
3577,12,1,3,1,0,17,0.7058823529411765
3578,13,1,3,1,0,18,0.7222222222222222
3579,12,1,3,1,0,17,0.7058823529411765
3580,10,1,3,1,0,15,0.6666666666666666
3581,8,1,3,1,0,13,0.6153846153846154
3582,11,1,2,1,0,15,0.7333333333333333
3583,12,1,3,1,0,17,0.7058823529411765
3584,13,1,3,1,0,18,0.7222222222222222
3585,11,1,3,1,0,16,0.6875
3586,10,1,3,2,0,16,0.625
3587,11,1,3,1,0,16,0.6875
3588,11,1,3,1,0,16,0.6875
3589,12,1,3,1,0,17,0.7058823529411765
3590,10,1,3,1,0,15,0.6666666666666666
3591,10,1,3,1,0,15,0.6666666666666666
3592,10,1,3,1,0,15,0.6666666666666666
3593,12,1,3,1,0,17,0.7058823529411765
3594,11,1,3,1,0,16,0.6875
3595,11,1,3,1,0,16,0.6875
3596,10,1,2,1,0,14,0.7142857142857143
3597,11,1,3,1,0,16,0.6875
3598,10,1,2,1,0,14,0.7142857142857143
3599,10,1,3,1,0,15,0.6666666666666666
3600,11,1,3,1,0,16,0.6875
3601,10,1,3,1,0,15,0.6666666666666666
3602,11,1,3,1,0,16,0.6875
3603,11,1,3,1,0,16,0.6875
3604,10,1,2,1,0,14,0.7142857142857143
3605,11,1,2,1,0,15,0.7333333333333333
3606,10,1,2,1,0,14,0.7142857142857143
3607,12,1,3,1,0,17,0.7058823529411765
3608,10,1,3,1,0,15,0.6666666666666666
3609,11,1,2,1,0,15,0.7333333333333333
3610,12,1,3,1,0,17,0.7058823529411765
3611,10,1,3,1,0,15,0.6666666666666666
3612,12,1,2,1,0,16,0.75
3613,11,1,2,1,0,15,0.7333333333333333
3614,11,1,3,1,0,16,0.6875
3615,10,1,2,1,0,14,0.7142857142857143
3616,10,1,2,1,0,14,0.7142857142857143
3617,11,1,3,1,0,16,0.6875
3618,11,1,3,1,0,16,0.6875
3619,11,1,3,1,0,16,0.6875
3620,12,1,3,1,0,17,0.7058823529411765
3621,9,1,3,1,0,14,0.6428571428571429
3622,13,1,3,1,0,18,0.7222222222222222
3623,9,1,2,1,0,13,0.6923076923076923
3624,12,1,2,1,0,16,0.75
3625,13,1,3,1,0,18,0.7222222222222222
3626,12,1,2,1,0,16,0.75
3627,12,1,3,1,0,17,0.7058823529411765
3628,11,1,3,1,0,16,0.6875
3629,10,1,3,1,0,15,0.6666666666666666
3630,11,1,3,1,0,16,0.6875
3631,13,1,3,1,0,18,0.7222222222222222
3632,11,1,3,1,0,16,0.6875
3633,12,1,3,1,0,17,0.7058823529411765
3634,11,1,3,1,0,16,0.6875
3635,11,1,3,1,0,16,0.6875
3636,11,1,2,1,0,15,0.7333333333333333
3637,12,1,3,1,0,17,0.7058823529411765
3638,12,1,3,1,0,17,0.7058823529411765
3639,12,1,3,1,0,17,0.7058823529411765
3640,12,1,3,1,0,17,0.7058823529411765
3641,10,1,2,1,0,14,0.7142857142857143
3642,9,1,3,1,0,14,0.6428571428571429
3643,11,1,2,1,0,15,0.7333333333333333
3644,9,1,3,1,0,14,0.6428571428571429
3645,9,1,3,1,0,14,0.6428571428571429
3646,10,1,3,1,0,15,0.6666666666666666
3647,11,1,3,1,0,16,0.6875
3648,8,1,3,1,0,13,0.6153846153846154
3649,10,1,3,1,0,15,0.6666666666666666
3650,12,1,3,1,0,17,0.7058823529411765
3651,9,1,3,1,0,14,0.6428571428571429
3652,12,1,3,1,0,17,0.7058823529411765
3653,11,1,3,1,0,16,0.6875
3654,11,1,2,1,0,15,0.7333333333333333
3655,12,1,3,1,0,17,0.7058823529411765
3656,11,1,2,1,0,15,0.7333333333333333
3657,12,1,3,1,0,17,0.7058823529411765
3658,12,1,3,1,0,17,0.7058823529411765
3659,12,1,3,1,0,17,0.7058823529411765
3660,12,1,3,1,0,17,0.7058823529411765
3661,11,1,3,1,0,16,0.6875
3662,11,1,3,1,0,16,0.6875
3663,11,1,3,1,0,16,0.6875
3664,9,1,3,1,0,14,0.6428571428571429
3665,11,1,2,1,0,15,0.7333333333333333
3666,11,1,2,1,0,15,0.7333333333333333
3667,12,1,2,1,0,16,0.75
3668,11,1,3,1,0,16,0.6875
3669,10,1,2,2,0,15,0.6666666666666666
3670,11,1,3,1,0,16,0.6875
3671,13,1,3,1,0,18,0.7222222222222222
3672,12,1,3,1,0,17,0.7058823529411765
3673,11,1,2,1,0,15,0.7333333333333333
3674,13,1,3,1,0,18,0.7222222222222222
3675,10,1,3,1,0,15,0.6666666666666666
3676,11,1,3,1,0,16,0.6875
3677,10,1,3,1,0,15,0.6666666666666666
3678,10,1,3,1,0,15,0.6666666666666666
3679,11,1,3,1,0,16,0.6875
3680,11,1,3,1,0,16,0.6875
3681,11,1,2,1,0,15,0.7333333333333333
3682,9,1,2,1,0,13,0.6923076923076923
3683,14,1,3,1,0,19,0.7368421052631579
3684,12,1,2,1,0,16,0.75
3685,12,1,3,2,0,18,0.6666666666666666
3686,12,1,3,1,0,17,0.7058823529411765
3687,10,1,2,1,0,14,0.7142857142857143
3688,12,1,2,1,0,16,0.75
3689,12,1,2,1,0,16,0.75
3690,12,1,2,1,0,16,0.75
3691,12,1,2,1,0,16,0.75
3692,10,1,3,1,0,15,0.6666666666666666
3693,12,1,3,1,0,17,0.7058823529411765
3694,13,1,3,1,0,18,0.7222222222222222
3695,13,1,3,1,0,18,0.7222222222222222
3696,9,1,3,1,0,14,0.6428571428571429
3697,11,1,3,1,0,16,0.6875
3698,13,1,3,1,0,18,0.7222222222222222
3699,11,1,3,1,0,16,0.6875
3700,12,1,2,1,0,16,0.75
3701,13,1,3,1,0,18,0.7222222222222222
3702,12,1,3,1,0,17,0.7058823529411765
3703,14,1,2,1,0,18,0.7777777777777778
3704,12,1,2,1,0,16,0.75
3705,13,1,3,1,0,18,0.7222222222222222
3706,12,1,3,1,0,17,0.7058823529411765
3707,12,1,3,1,0,17,0.7058823529411765
3708,13,1,2,1,0,17,0.7647058823529411
3709,11,1,3,1,0,16,0.6875
3710,13,1,3,1,0,18,0.7222222222222222
3711,12,1,2,1,0,16,0.75
3712,12,1,2,1,0,16,0.75
3713,13,1,3,1,0,18,0.7222222222222222
3714,14,1,3,1,0,19,0.7368421052631579
3715,14,1,3,1,0,19,0.7368421052631579
3716,12,1,2,1,0,16,0.75
3717,12,1,3,1,0,17,0.7058823529411765
3718,11,1,3,1,0,16,0.6875
3719,10,1,3,1,0,15,0.6666666666666666
3720,10,1,3,1,0,15,0.6666666666666666
3721,11,1,3,1,0,16,0.6875
3722,11,1,3,1,0,16,0.6875
3723,13,1,3,1,0,18,0.7222222222222222
3724,13,1,3,1,0,18,0.7222222222222222
3725,13,1,3,1,0,18,0.7222222222222222
3726,14,1,2,1,0,18,0.7777777777777778
3727,14,1,3,1,0,19,0.7368421052631579
3728,10,1,2,1,0,14,0.7142857142857143
3729,12,1,3,1,0,17,0.7058823529411765
3730,13,1,2,1,0,17,0.7647058823529411
3731,12,1,2,1,0,16,0.75
3732,14,1,3,1,0,19,0.7368421052631579
3733,12,1,3,1,0,17,0.7058823529411765
3734,11,1,2,1,0,15,0.7333333333333333
3735,11,1,2,1,0,15,0.7333333333333333
3736,11,1,3,1,0,16,0.6875
3737,12,1,2,1,0,16,0.75
3738,14,1,2,1,0,18,0.7777777777777778
3739,13,1,3,1,0,18,0.7222222222222222
3740,13,1,3,1,0,18,0.7222222222222222
3741,11,1,3,1,0,16,0.6875
3742,13,1,2,1,0,17,0.7647058823529411
3743,14,1,3,1,0,19,0.7368421052631579
3744,12,1,2,1,0,16,0.75
3745,11,1,2,1,0,15,0.7333333333333333
3746,11,1,3,1,0,16,0.6875
3747,12,1,2,1,0,16,0.75
3748,12,1,3,1,0,17,0.7058823529411765
3749,11,1,3,1,0,16,0.6875
3750,10,1,2,1,0,14,0.7142857142857143
3751,11,1,3,1,0,16,0.6875
3752,12,1,3,1,0,17,0.7058823529411765
3753,11,1,2,1,0,15,0.7333333333333333
3754,12,1,2,1,0,16,0.75
3755,10,1,3,1,0,15,0.6666666666666666
3756,13,1,3,1,0,18,0.7222222222222222
3757,11,1,2,1,0,15,0.7333333333333333
3758,12,1,2,1,0,16,0.75
3759,10,1,4,1,0,16,0.625
3760,11,1,2,1,0,15,0.7333333333333333
3761,13,1,3,1,0,18,0.7222222222222222
3762,13,1,2,1,0,17,0.7647058823529411
3763,14,1,3,1,0,19,0.7368421052631579
3764,13,1,2,1,0,17,0.7647058823529411
3765,13,1,3,1,0,18,0.7222222222222222
3766,14,1,3,1,0,19,0.7368421052631579
3767,12,1,2,1,0,16,0.75
3768,8,1,3,1,0,13,0.6153846153846154
3769,12,1,3,1,0,17,0.7058823529411765
3770,13,1,3,1,0,18,0.7222222222222222
3771,13,1,2,1,0,17,0.7647058823529411
3772,11,1,3,1,0,16,0.6875
3773,11,1,2,1,0,15,0.7333333333333333
3774,12,1,3,1,0,17,0.7058823529411765
3775,12,1,3,1,0,17,0.7058823529411765
3776,10,1,3,1,0,15,0.6666666666666666
3777,12,1,3,1,0,17,0.7058823529411765
3778,13,1,3,1,0,18,0.7222222222222222
3779,13,1,3,1,0,18,0.7222222222222222
3780,14,1,3,1,0,19,0.7368421052631579
3781,13,1,4,1,0,19,0.6842105263157895
3782,14,1,3,1,0,19,0.7368421052631579
3783,12,1,3,1,0,17,0.7058823529411765
3784,12,1,3,1,0,17,0.7058823529411765
3785,13,1,3,1,0,18,0.7222222222222222
3786,12,1,3,1,0,17,0.7058823529411765
3787,12,1,3,1,0,17,0.7058823529411765
3788,13,1,3,1,0,18,0.7222222222222222
3789,13,1,3,1,0,18,0.7222222222222222
3790,11,1,3,1,0,16,0.6875
3791,14,1,3,1,0,19,0.7368421052631579
3792,13,1,3,1,0,18,0.7222222222222222
3793,14,1,3,1,0,19,0.7368421052631579
3794,13,1,2,1,0,17,0.7647058823529411
3795,12,1,3,1,0,17,0.7058823529411765
3796,12,1,3,1,0,17,0.7058823529411765
3797,13,1,3,2,0,19,0.6842105263157895
3798,10,1,2,1,0,14,0.7142857142857143
3799,12,1,2,1,0,16,0.75
3800,10,1,4,1,0,16,0.625
3801,12,1,3,1,0,17,0.7058823529411765
3802,12,1,3,1,0,17,0.7058823529411765
3803,11,1,3,2,0,17,0.6470588235294118
3804,11,1,3,1,0,16,0.6875
3805,12,1,3,1,0,17,0.7058823529411765
3806,12,1,2,1,0,16,0.75
3807,13,1,3,1,0,18,0.7222222222222222
3808,12,1,3,1,0,17,0.7058823529411765
3809,11,1,3,1,0,16,0.6875
3810,12,1,2,1,0,16,0.75
3811,12,1,3,1,0,17,0.7058823529411765
3812,12,1,2,1,0,16,0.75
3813,13,1,2,1,0,17,0.7647058823529411
3814,12,1,3,1,0,17,0.7058823529411765
3815,13,1,3,1,0,18,0.7222222222222222
3816,12,1,3,1,0,17,0.7058823529411765
3817,10,1,3,1,0,15,0.6666666666666666
3818,12,1,3,1,0,17,0.7058823529411765
3819,12,1,3,1,0,17,0.7058823529411765
3820,11,1,3,1,0,16,0.6875
3821,12,1,3,1,0,17,0.7058823529411765
3822,11,1,2,1,0,15,0.7333333333333333
3823,13,1,3,1,0,18,0.7222222222222222
3824,12,1,3,1,0,17,0.7058823529411765
3825,14,1,3,1,0,19,0.7368421052631579
3826,11,1,3,1,0,16,0.6875
3827,12,1,3,2,0,18,0.6666666666666666
3828,12,1,3,1,0,17,0.7058823529411765
3829,11,1,2,1,0,15,0.7333333333333333
3830,10,1,3,1,0,15,0.6666666666666666
3831,12,1,3,2,0,18,0.6666666666666666
3832,12,1,3,1,0,17,0.7058823529411765
3833,11,1,2,1,0,15,0.7333333333333333
3834,13,1,3,1,0,18,0.7222222222222222
3835,11,1,3,1,0,16,0.6875
3836,13,1,2,1,0,17,0.7647058823529411
3837,12,1,3,1,0,17,0.7058823529411765
3838,13,1,3,2,0,19,0.6842105263157895
3839,12,1,3,1,0,17,0.7058823529411765
3840,12,1,3,1,0,17,0.7058823529411765
3841,13,1,3,2,0,19,0.6842105263157895
3842,12,1,3,1,0,17,0.7058823529411765
3843,10,1,3,1,0,15,0.6666666666666666
3844,13,1,3,1,0,18,0.7222222222222222
3845,13,1,3,1,0,18,0.7222222222222222
3846,14,1,3,1,0,19,0.7368421052631579
3847,14,1,3,1,0,19,0.7368421052631579
3848,12,1,3,1,0,17,0.7058823529411765
3849,11,1,3,1,0,16,0.6875
3850,11,1,3,1,0,16,0.6875
3851,10,1,3,1,0,15,0.6666666666666666
3852,14,1,3,1,0,19,0.7368421052631579
3853,12,1,3,1,0,17,0.7058823529411765
3854,12,1,2,1,0,16,0.75
3855,13,1,3,1,0,18,0.7222222222222222
3856,14,1,3,1,0,19,0.7368421052631579
3857,13,1,3,1,0,18,0.7222222222222222
3858,13,1,2,1,0,17,0.7647058823529411
3859,11,1,3,1,0,16,0.6875
3860,12,1,3,1,0,17,0.7058823529411765
3861,14,1,2,1,0,18,0.7777777777777778
3862,12,1,2,1,0,16,0.75
3863,12,1,3,1,0,17,0.7058823529411765
3864,12,1,3,1,0,17,0.7058823529411765
3865,14,1,3,1,0,19,0.7368421052631579
3866,13,1,3,1,0,18,0.7222222222222222
3867,13,1,3,1,0,18,0.7222222222222222
3868,13,1,2,1,0,17,0.7647058823529411
3869,13,1,2,1,0,17,0.7647058823529411
3870,14,1,3,1,0,19,0.7368421052631579
3871,12,1,3,1,0,17,0.7058823529411765
3872,11,1,2,1,0,15,0.7333333333333333
3873,11,1,3,1,0,16,0.6875
3874,13,1,3,1,0,18,0.7222222222222222
3875,12,1,2,1,0,16,0.75
3876,14,1,2,1,0,18,0.7777777777777778
3877,11,1,3,1,0,16,0.6875
3878,13,1,3,1,0,18,0.7222222222222222
3879,13,1,3,1,0,18,0.7222222222222222
3880,13,1,3,1,0,18,0.7222222222222222
3881,10,1,3,1,0,15,0.6666666666666666
3882,13,1,3,1,0,18,0.7222222222222222
3883,12,1,2,1,0,16,0.75
3884,13,1,2,1,0,17,0.7647058823529411
3885,12,1,3,1,0,17,0.7058823529411765
3886,13,1,2,1,0,17,0.7647058823529411
3887,13,1,3,1,0,18,0.7222222222222222
3888,13,1,3,1,0,18,0.7222222222222222
3889,13,1,2,1,0,17,0.7647058823529411
3890,12,1,2,1,0,16,0.75
3891,14,1,3,1,0,19,0.7368421052631579
3892,13,1,3,1,0,18,0.7222222222222222
3893,11,1,3,1,0,16,0.6875
3894,12,1,2,1,0,16,0.75
3895,13,1,3,1,0,18,0.7222222222222222
3896,12,1,2,1,0,16,0.75
3897,13,1,3,1,0,18,0.7222222222222222
3898,11,1,3,1,0,16,0.6875
3899,12,1,3,1,0,17,0.7058823529411765
3900,13,1,2,1,0,17,0.7647058823529411
3901,10,1,3,1,0,15,0.6666666666666666
3902,13,1,2,1,0,17,0.7647058823529411
3903,11,1,3,1,0,16,0.6875
3904,10,1,2,1,0,14,0.7142857142857143
3905,12,1,3,1,0,17,0.7058823529411765
3906,12,1,3,1,0,17,0.7058823529411765
3907,13,1,2,1,0,17,0.7647058823529411
3908,12,1,2,1,0,16,0.75
3909,12,1,2,1,0,16,0.75
3910,14,1,2,1,0,18,0.7777777777777778
3911,12,1,3,1,0,17,0.7058823529411765
3912,12,1,3,1,0,17,0.7058823529411765
3913,13,1,2,1,0,17,0.7647058823529411
3914,13,1,2,1,0,17,0.7647058823529411
3915,12,1,3,1,0,17,0.7058823529411765
3916,12,1,2,1,0,16,0.75
3917,12,1,2,1,0,16,0.75
3918,14,1,3,1,0,19,0.7368421052631579
3919,13,1,2,1,0,17,0.7647058823529411
3920,11,1,3,1,0,16,0.6875
3921,12,1,3,1,0,17,0.7058823529411765
3922,13,1,3,1,0,18,0.7222222222222222
3923,14,1,3,1,0,19,0.7368421052631579
3924,14,1,2,1,0,18,0.7777777777777778
3925,13,1,3,1,0,18,0.7222222222222222
3926,11,1,2,1,0,15,0.7333333333333333
3927,13,1,2,1,0,17,0.7647058823529411
3928,12,1,2,1,0,16,0.75
3929,14,1,2,1,0,18,0.7777777777777778
3930,12,1,2,1,0,16,0.75
3931,14,1,3,1,0,19,0.7368421052631579
3932,13,1,2,1,0,17,0.7647058823529411
3933,14,1,2,1,0,18,0.7777777777777778
3934,12,1,2,1,0,16,0.75
3935,13,1,2,1,0,17,0.7647058823529411
3936,12,1,3,1,0,17,0.7058823529411765
3937,12,1,2,1,0,16,0.75
3938,13,1,3,1,0,18,0.7222222222222222
3939,12,1,3,1,0,17,0.7058823529411765
3940,13,1,2,1,0,17,0.7647058823529411
3941,12,1,2,1,0,16,0.75
3942,12,1,3,1,0,17,0.7058823529411765
3943,14,1,2,1,0,18,0.7777777777777778
3944,14,1,3,1,0,19,0.7368421052631579
3945,12,1,3,1,0,17,0.7058823529411765
3946,13,1,3,1,0,18,0.7222222222222222
3947,14,1,3,1,0,19,0.7368421052631579
3948,11,1,3,1,0,16,0.6875
3949,14,1,3,1,0,19,0.7368421052631579
3950,14,1,2,1,0,18,0.7777777777777778
3951,14,1,3,1,0,19,0.7368421052631579
3952,13,1,3,1,0,18,0.7222222222222222
3953,12,1,3,1,0,17,0.7058823529411765
3954,13,1,3,1,0,18,0.7222222222222222
3955,14,1,3,1,0,19,0.7368421052631579
3956,14,1,2,1,0,18,0.7777777777777778
3957,13,1,3,1,0,18,0.7222222222222222
3958,13,1,2,1,0,17,0.7647058823529411
3959,9,1,3,1,0,14,0.6428571428571429
3960,12,1,2,1,0,16,0.75
3961,10,1,3,1,0,15,0.6666666666666666
3962,13,1,3,1,0,18,0.7222222222222222
3963,13,1,4,1,0,19,0.6842105263157895
3964,13,1,2,1,0,17,0.7647058823529411
3965,11,1,3,1,0,16,0.6875
3966,13,1,3,1,0,18,0.7222222222222222
3967,14,1,3,1,0,19,0.7368421052631579
3968,14,1,2,1,0,18,0.7777777777777778
3969,14,1,3,1,0,19,0.7368421052631579
3970,13,1,3,1,0,18,0.7222222222222222
3971,14,1,3,1,0,19,0.7368421052631579
3972,13,1,2,1,0,17,0.7647058823529411
3973,13,1,3,1,0,18,0.7222222222222222
3974,14,1,2,1,0,18,0.7777777777777778
3975,14,1,2,1,0,18,0.7777777777777778
3976,14,1,2,1,0,18,0.7777777777777778
3977,14,1,2,1,0,18,0.7777777777777778
3978,14,1,2,1,0,18,0.7777777777777778
3979,12,1,2,1,0,16,0.75
3980,12,1,3,1,0,17,0.7058823529411765
3981,11,1,2,1,0,15,0.7333333333333333
3982,13,1,3,1,0,18,0.7222222222222222
3983,13,1,2,1,0,17,0.7647058823529411
3984,13,1,2,1,0,17,0.7647058823529411
3985,11,1,2,1,0,15,0.7333333333333333
3986,13,1,3,1,0,18,0.7222222222222222
3987,14,1,2,1,0,18,0.7777777777777778
3988,14,1,2,1,0,18,0.7777777777777778
3989,13,1,3,1,0,18,0.7222222222222222
3990,12,1,2,1,0,16,0.75
3991,11,1,2,1,0,15,0.7333333333333333
3992,13,1,3,1,0,18,0.7222222222222222
3993,12,1,3,1,0,17,0.7058823529411765
3994,14,1,3,1,0,19,0.7368421052631579
3995,12,1,2,1,0,16,0.75
3996,13,1,3,1,0,18,0.7222222222222222
3997,11,1,3,1,0,16,0.6875
3998,14,1,3,1,0,19,0.7368421052631579
3999,14,1,2,1,0,18,0.7777777777777778
4000,13,1,3,1,0,18,0.7222222222222222
4001,11,1,2,1,0,15,0.7333333333333333
4002,12,1,3,1,0,17,0.7058823529411765
4003,13,1,2,1,0,17,0.7647058823529411
4004,14,1,3,1,0,19,0.7368421052631579
4005,13,1,3,1,0,18,0.7222222222222222
4006,14,1,2,1,0,18,0.7777777777777778
4007,12,1,3,1,0,17,0.7058823529411765
4008,12,1,3,1,0,17,0.7058823529411765
4009,13,1,3,1,0,18,0.7222222222222222
4010,14,1,2,1,0,18,0.7777777777777778
4011,13,1,2,1,0,17,0.7647058823529411
4012,11,1,2,1,0,15,0.7333333333333333
4013,10,1,2,1,0,14,0.7142857142857143
4014,10,1,2,1,0,14,0.7142857142857143
4015,10,1,3,1,0,15,0.6666666666666666
4016,11,1,2,1,0,15,0.7333333333333333
4017,10,1,3,1,0,15,0.6666666666666666
4018,9,1,3,1,0,14,0.6428571428571429
4019,12,1,2,1,0,16,0.75
4020,11,1,2,1,0,15,0.7333333333333333
4021,11,1,3,1,0,16,0.6875
4022,13,1,3,1,0,18,0.7222222222222222
4023,11,1,2,1,0,15,0.7333333333333333
4024,10,1,2,1,0,14,0.7142857142857143
4025,11,1,2,1,0,15,0.7333333333333333
4026,11,1,2,1,0,15,0.7333333333333333
4027,10,1,3,1,0,15,0.6666666666666666
4028,10,1,2,1,0,14,0.7142857142857143
4029,10,1,3,1,0,15,0.6666666666666666
4030,10,1,2,1,0,14,0.7142857142857143
4031,13,1,3,1,0,18,0.7222222222222222
4032,10,1,3,1,0,15,0.6666666666666666
4033,12,1,3,1,0,17,0.7058823529411765
4034,11,1,2,1,0,15,0.7333333333333333
4035,13,1,3,1,0,18,0.7222222222222222
4036,12,1,2,1,0,16,0.75
4037,12,1,2,1,0,16,0.75
4038,11,1,2,1,0,15,0.7333333333333333
4039,12,1,3,1,0,17,0.7058823529411765
4040,11,1,3,1,0,16,0.6875
4041,11,1,2,1,0,15,0.7333333333333333
4042,10,1,2,1,0,14,0.7142857142857143
4043,11,1,3,1,0,16,0.6875
4044,11,1,3,1,0,16,0.6875
4045,10,1,3,1,0,15,0.6666666666666666
4046,12,1,3,1,0,17,0.7058823529411765
4047,11,1,2,1,0,15,0.7333333333333333
4048,10,1,3,1,0,15,0.6666666666666666
4049,9,1,3,1,0,14,0.6428571428571429
4050,10,1,3,1,0,15,0.6666666666666666
4051,12,1,3,1,0,17,0.7058823529411765
4052,12,1,2,1,0,16,0.75
4053,11,1,3,1,0,16,0.6875
4054,13,1,3,1,0,18,0.7222222222222222
4055,14,1,3,1,0,19,0.7368421052631579
4056,12,1,3,1,0,17,0.7058823529411765
4057,11,1,2,1,0,15,0.7333333333333333
4058,13,1,3,1,0,18,0.7222222222222222
4059,11,1,3,1,0,16,0.6875
4060,13,1,2,1,0,17,0.7647058823529411
4061,12,1,2,1,0,16,0.75
4062,11,1,3,1,0,16,0.6875
4063,10,1,3,1,0,15,0.6666666666666666
4064,11,1,3,1,0,16,0.6875
4065,12,1,3,1,0,17,0.7058823529411765
4066,8,1,3,1,0,13,0.6153846153846154
4067,13,1,3,1,0,18,0.7222222222222222
4068,12,1,3,1,0,17,0.7058823529411765
4069,11,1,3,1,0,16,0.6875
4070,14,1,2,1,0,18,0.7777777777777778
4071,11,1,2,1,0,15,0.7333333333333333
4072,12,1,2,1,0,16,0.75
4073,11,1,2,1,0,15,0.7333333333333333
4074,11,1,3,1,0,16,0.6875
4075,13,1,3,1,0,18,0.7222222222222222
4076,11,1,3,1,0,16,0.6875
4077,12,1,3,1,0,17,0.7058823529411765
4078,11,1,2,1,0,15,0.7333333333333333
4079,11,1,3,1,0,16,0.6875
4080,11,1,3,1,0,16,0.6875
4081,11,1,3,1,0,16,0.6875
4082,11,1,3,2,0,17,0.6470588235294118
4083,12,1,3,1,0,17,0.7058823529411765
4084,11,1,3,1,0,16,0.6875
4085,13,1,3,1,0,18,0.7222222222222222
4086,13,1,2,1,0,17,0.7647058823529411
4087,11,1,3,1,0,16,0.6875
4088,12,1,3,1,0,17,0.7058823529411765
4089,13,1,3,1,0,18,0.7222222222222222
4090,12,1,3,1,0,17,0.7058823529411765
4091,13,1,3,1,0,18,0.7222222222222222
4092,14,1,3,1,0,19,0.7368421052631579
4093,14,1,3,1,0,19,0.7368421052631579
4094,12,1,2,1,0,16,0.75
4095,14,1,2,1,0,18,0.7777777777777778
4096,13,1,3,1,0,18,0.7222222222222222
4097,13,1,3,1,0,18,0.7222222222222222
4098,11,1,2,1,0,15,0.7333333333333333
4099,13,1,2,1,0,17,0.7647058823529411
4100,14,1,2,1,0,18,0.7777777777777778
4101,13,1,3,1,0,18,0.7222222222222222
4102,11,1,4,1,0,17,0.6470588235294118
4103,11,1,3,1,0,16,0.6875
4104,13,1,3,1,0,18,0.7222222222222222
4105,11,1,3,1,0,16,0.6875
4106,13,1,3,1,0,18,0.7222222222222222
4107,11,1,4,1,0,17,0.6470588235294118
4108,13,1,3,1,0,18,0.7222222222222222
4109,13,1,3,1,0,18,0.7222222222222222
4110,13,1,3,1,0,18,0.7222222222222222
4111,13,1,3,1,0,18,0.7222222222222222
4112,10,1,3,1,0,15,0.6666666666666666
4113,12,1,3,1,0,17,0.7058823529411765
4114,13,1,2,1,0,17,0.7647058823529411
4115,12,1,3,1,0,17,0.7058823529411765
4116,12,1,3,1,0,17,0.7058823529411765
4117,14,1,3,1,0,19,0.7368421052631579
4118,12,1,2,1,0,16,0.75
4119,9,1,3,1,0,14,0.6428571428571429
4120,13,1,3,1,0,18,0.7222222222222222
4121,10,1,3,1,0,15,0.6666666666666666
4122,12,1,3,1,0,17,0.7058823529411765
4123,11,1,2,1,0,15,0.7333333333333333
4124,12,1,3,1,0,17,0.7058823529411765
4125,11,1,2,1,0,15,0.7333333333333333
4126,11,1,3,2,0,17,0.6470588235294118
4127,11,1,2,1,0,15,0.7333333333333333
4128,12,1,3,1,0,17,0.7058823529411765
4129,12,1,2,1,0,16,0.75
4130,10,1,3,1,0,15,0.6666666666666666
4131,12,1,3,1,0,17,0.7058823529411765
4132,12,1,3,1,0,17,0.7058823529411765
4133,10,1,3,1,0,15,0.6666666666666666
4134,10,1,3,1,0,15,0.6666666666666666
4135,11,1,3,1,0,16,0.6875
4136,12,1,2,1,0,16,0.75
4137,13,1,3,1,0,18,0.7222222222222222
4138,11,1,2,1,0,15,0.7333333333333333
4139,12,1,2,1,0,16,0.75
4140,10,1,2,1,0,14,0.7142857142857143
4141,11,1,2,1,0,15,0.7333333333333333
4142,10,1,3,1,0,15,0.6666666666666666
4143,10,1,2,1,0,14,0.7142857142857143
4144,11,1,3,1,0,16,0.6875
4145,12,1,2,1,0,16,0.75
4146,12,1,2,1,0,16,0.75
4147,11,1,2,1,0,15,0.7333333333333333
4148,13,1,2,1,0,17,0.7647058823529411
4149,12,1,2,1,0,16,0.75
4150,10,1,3,1,0,15,0.6666666666666666
4151,12,1,3,1,0,17,0.7058823529411765
4152,10,1,3,1,0,15,0.6666666666666666
4153,12,1,3,1,0,17,0.7058823529411765
4154,10,1,2,1,0,14,0.7142857142857143
4155,10,1,3,1,0,15,0.6666666666666666
4156,10,1,3,1,0,15,0.6666666666666666
4157,12,1,3,1,0,17,0.7058823529411765
4158,10,1,2,1,0,14,0.7142857142857143
4159,10,1,2,1,0,14,0.7142857142857143
4160,12,1,3,1,0,17,0.7058823529411765
4161,10,1,2,1,0,14,0.7142857142857143
4162,12,1,3,1,0,17,0.7058823529411765
4163,8,1,3,1,0,13,0.6153846153846154
4164,11,1,2,1,0,15,0.7333333333333333
4165,11,1,3,1,0,16,0.6875
4166,12,1,3,1,0,17,0.7058823529411765
4167,9,1,3,1,0,14,0.6428571428571429
4168,10,1,2,1,0,14,0.7142857142857143
4169,11,1,3,1,0,16,0.6875
4170,11,1,3,1,0,16,0.6875
4171,10,1,3,1,0,15,0.6666666666666666
4172,9,1,2,1,0,13,0.6923076923076923
4173,11,1,2,1,0,15,0.7333333333333333
4174,10,1,3,1,0,15,0.6666666666666666
4175,11,1,3,1,0,16,0.6875
4176,10,1,3,1,0,15,0.6666666666666666
4177,10,1,3,1,0,15,0.6666666666666666
4178,9,1,3,1,0,14,0.6428571428571429
4179,10,1,3,1,0,15,0.6666666666666666
4180,12,1,3,1,0,17,0.7058823529411765
4181,10,1,3,1,0,15,0.6666666666666666
4182,11,1,3,1,0,16,0.6875
4183,11,1,3,1,0,16,0.6875
4184,10,1,3,1,0,15,0.6666666666666666
4185,11,1,3,1,0,16,0.6875
4186,12,1,3,1,0,17,0.7058823529411765
4187,11,1,3,1,0,16,0.6875
4188,9,1,3,1,0,14,0.6428571428571429
4189,11,1,2,1,0,15,0.7333333333333333
4190,12,1,3,1,0,17,0.7058823529411765
4191,10,1,3,1,0,15,0.6666666666666666
4192,10,1,3,1,0,15,0.6666666666666666
4193,9,1,3,1,0,14,0.6428571428571429
4194,12,1,3,1,0,17,0.7058823529411765
4195,11,1,3,1,0,16,0.6875
4196,10,1,3,1,0,15,0.6666666666666666
4197,11,1,3,1,0,16,0.6875
4198,13,1,3,1,0,18,0.7222222222222222
4199,12,1,3,1,0,17,0.7058823529411765
4200,10,1,3,1,0,15,0.6666666666666666
4201,12,1,2,1,0,16,0.75
4202,10,1,3,1,0,15,0.6666666666666666
4203,12,1,3,1,0,17,0.7058823529411765
4204,11,1,3,1,0,16,0.6875
4205,11,1,3,1,0,16,0.6875
4206,11,1,4,1,0,17,0.6470588235294118
4207,12,1,3,1,0,17,0.7058823529411765
4208,10,1,3,1,0,15,0.6666666666666666
4209,11,1,3,1,0,16,0.6875
4210,13,1,3,1,0,18,0.7222222222222222
4211,12,1,3,1,0,17,0.7058823529411765
4212,12,1,3,1,0,17,0.7058823529411765
4213,13,1,3,1,0,18,0.7222222222222222
4214,11,1,3,1,0,16,0.6875
4215,13,1,3,1,0,18,0.7222222222222222
4216,12,1,3,1,0,17,0.7058823529411765
4217,12,1,3,1,0,17,0.7058823529411765
4218,12,1,3,1,0,17,0.7058823529411765
4219,11,1,3,1,0,16,0.6875
4220,10,1,3,1,0,15,0.6666666666666666
4221,10,1,3,1,0,15,0.6666666666666666
4222,13,1,3,1,0,18,0.7222222222222222
4223,11,1,3,1,0,16,0.6875
4224,13,1,3,1,0,18,0.7222222222222222
4225,12,1,3,1,0,17,0.7058823529411765
4226,11,1,3,1,0,16,0.6875
4227,10,1,3,1,0,15,0.6666666666666666
4228,12,1,3,1,0,17,0.7058823529411765
4229,11,1,3,1,0,16,0.6875
4230,14,1,3,1,0,19,0.7368421052631579
4231,12,1,3,1,0,17,0.7058823529411765
4232,12,1,3,1,0,17,0.7058823529411765
4233,10,1,2,1,0,14,0.7142857142857143
4234,9,1,3,1,0,14,0.6428571428571429
4235,12,1,3,1,0,17,0.7058823529411765
4236,12,1,2,1,0,16,0.75
4237,10,1,2,1,0,14,0.7142857142857143
4238,10,1,3,1,0,15,0.6666666666666666
4239,10,1,3,1,0,15,0.6666666666666666
4240,12,1,3,1,0,17,0.7058823529411765
4241,13,1,3,1,0,18,0.7222222222222222
4242,10,1,2,1,0,14,0.7142857142857143
4243,13,1,2,1,0,17,0.7647058823529411
4244,11,1,2,1,0,15,0.7333333333333333
4245,12,1,3,1,0,17,0.7058823529411765
4246,13,1,3,1,0,18,0.7222222222222222
4247,13,1,3,1,0,18,0.7222222222222222
4248,13,1,3,1,0,18,0.7222222222222222
4249,11,1,2,1,0,15,0.7333333333333333
4250,10,1,2,1,0,14,0.7142857142857143
4251,11,1,3,1,0,16,0.6875
4252,14,1,3,1,0,19,0.7368421052631579
4253,11,1,3,1,0,16,0.6875
4254,11,1,3,1,0,16,0.6875
4255,10,1,2,1,0,14,0.7142857142857143
4256,13,1,3,1,0,18,0.7222222222222222
4257,12,1,3,1,0,17,0.7058823529411765
4258,10,1,3,1,0,15,0.6666666666666666
4259,12,1,3,1,0,17,0.7058823529411765
4260,12,1,3,1,0,17,0.7058823529411765
4261,12,1,3,1,0,17,0.7058823529411765
4262,12,1,3,1,0,17,0.7058823529411765
4263,13,1,3,1,0,18,0.7222222222222222
4264,13,1,3,1,0,18,0.7222222222222222
4265,12,1,3,1,0,17,0.7058823529411765
4266,12,1,3,1,0,17,0.7058823529411765
4267,12,1,3,1,0,17,0.7058823529411765
4268,13,1,3,1,0,18,0.7222222222222222
4269,12,1,2,1,0,16,0.75
4270,13,1,2,1,0,17,0.7647058823529411
4271,14,1,3,1,0,19,0.7368421052631579
4272,11,1,3,1,0,16,0.6875
4273,12,1,3,1,0,17,0.7058823529411765
4274,12,1,3,1,0,17,0.7058823529411765
4275,12,1,3,1,0,17,0.7058823529411765
4276,12,1,3,1,0,17,0.7058823529411765
4277,12,1,3,1,0,17,0.7058823529411765
4278,11,1,3,1,0,16,0.6875
4279,11,1,3,1,0,16,0.6875
4280,14,1,3,1,0,19,0.7368421052631579
4281,12,1,3,2,0,18,0.6666666666666666
4282,11,1,2,1,0,15,0.7333333333333333
4283,11,1,3,1,0,16,0.6875
4284,11,1,3,1,0,16,0.6875
4285,12,1,3,1,0,17,0.7058823529411765
4286,13,1,3,1,0,18,0.7222222222222222
4287,11,1,3,1,0,16,0.6875
4288,10,1,3,1,0,15,0.6666666666666666
4289,10,1,3,1,0,15,0.6666666666666666
4290,12,1,3,1,0,17,0.7058823529411765
4291,12,1,3,1,0,17,0.7058823529411765
4292,12,1,3,1,0,17,0.7058823529411765
4293,11,1,3,1,0,16,0.6875
4294,12,1,2,1,0,16,0.75
4295,11,1,3,1,0,16,0.6875
4296,11,1,3,1,0,16,0.6875
4297,11,1,3,1,0,16,0.6875
4298,11,1,3,1,0,16,0.6875
4299,11,1,2,2,0,16,0.6875
4300,12,1,3,1,0,17,0.7058823529411765
4301,11,1,2,1,0,15,0.7333333333333333
4302,12,1,3,1,0,17,0.7058823529411765
4303,11,1,2,1,0,15,0.7333333333333333
4304,10,1,3,1,0,15,0.6666666666666666
4305,11,1,3,1,0,16,0.6875
4306,12,1,2,1,0,16,0.75
4307,11,1,2,1,0,15,0.7333333333333333
4308,11,1,3,1,0,16,0.6875
4309,11,1,3,1,0,16,0.6875
4310,11,1,3,1,0,16,0.6875
4311,11,1,3,1,0,16,0.6875
4312,10,1,2,1,0,14,0.7142857142857143
4313,12,1,3,1,0,17,0.7058823529411765
4314,11,1,3,1,0,16,0.6875
4315,11,1,3,1,0,16,0.6875
4316,9,1,3,1,0,14,0.6428571428571429
4317,11,1,2,1,0,15,0.7333333333333333
4318,12,1,3,1,0,17,0.7058823529411765
4319,13,1,2,1,0,17,0.7647058823529411
4320,13,1,3,1,0,18,0.7222222222222222
4321,12,1,2,1,0,16,0.75
4322,11,1,3,1,0,16,0.6875
4323,11,1,3,1,0,16,0.6875
4324,10,1,3,1,0,15,0.6666666666666666
4325,11,1,3,1,0,16,0.6875
4326,11,1,3,1,0,16,0.6875
4327,11,1,3,1,0,16,0.6875
4328,10,1,3,1,0,15,0.6666666666666666
4329,13,1,3,1,0,18,0.7222222222222222
4330,12,1,3,1,0,17,0.7058823529411765
4331,13,1,3,1,0,18,0.7222222222222222
4332,10,1,3,1,0,15,0.6666666666666666
4333,12,1,3,1,0,17,0.7058823529411765
4334,10,1,2,1,0,14,0.7142857142857143
4335,10,1,2,1,0,14,0.7142857142857143
4336,12,1,3,1,0,17,0.7058823529411765
4337,11,1,2,1,0,15,0.7333333333333333
4338,10,1,3,1,0,15,0.6666666666666666
4339,10,1,3,1,0,15,0.6666666666666666
4340,14,1,2,1,0,18,0.7777777777777778
4341,9,1,3,1,0,14,0.6428571428571429
4342,11,1,3,1,0,16,0.6875
4343,11,1,3,1,0,16,0.6875
4344,11,1,3,1,0,16,0.6875
4345,10,1,3,1,0,15,0.6666666666666666
4346,11,1,3,1,0,16,0.6875
4347,10,1,3,1,0,15,0.6666666666666666
4348,10,1,3,1,0,15,0.6666666666666666
4349,11,1,3,1,0,16,0.6875
4350,11,1,3,1,0,16,0.6875
4351,13,1,3,1,0,18,0.7222222222222222
4352,11,1,3,1,0,16,0.6875
4353,12,1,2,1,0,16,0.75
4354,10,1,3,1,0,15,0.6666666666666666
4355,12,1,3,1,0,17,0.7058823529411765
4356,12,1,3,1,0,17,0.7058823529411765
4357,12,1,2,1,0,16,0.75
4358,12,1,2,1,0,16,0.75
4359,12,1,3,1,0,17,0.7058823529411765
4360,12,1,2,1,0,16,0.75
4361,12,1,2,1,0,16,0.75
4362,11,1,2,1,0,15,0.7333333333333333
4363,13,1,2,1,0,17,0.7647058823529411
4364,11,1,2,1,0,15,0.7333333333333333
4365,12,1,2,1,0,16,0.75
4366,12,1,3,1,0,17,0.7058823529411765
4367,11,1,3,1,0,16,0.6875
4368,9,1,3,1,0,14,0.6428571428571429
4369,10,1,2,1,0,14,0.7142857142857143
4370,13,1,2,1,0,17,0.7647058823529411
4371,12,1,3,1,0,17,0.7058823529411765
4372,12,1,3,1,0,17,0.7058823529411765
4373,11,1,3,1,0,16,0.6875
4374,12,1,3,1,0,17,0.7058823529411765
4375,12,1,3,1,0,17,0.7058823529411765
4376,10,1,3,1,0,15,0.6666666666666666
4377,10,1,2,1,0,14,0.7142857142857143
4378,11,1,3,1,0,16,0.6875
4379,11,1,3,1,0,16,0.6875
4380,11,1,3,1,0,16,0.6875
4381,13,1,3,1,0,18,0.7222222222222222
4382,13,1,3,1,0,18,0.7222222222222222
4383,12,1,3,1,0,17,0.7058823529411765
4384,13,1,3,1,0,18,0.7222222222222222
4385,13,1,3,1,0,18,0.7222222222222222
4386,12,1,3,1,0,17,0.7058823529411765
4387,13,1,3,1,0,18,0.7222222222222222
4388,13,1,3,1,0,18,0.7222222222222222
4389,11,1,3,1,0,16,0.6875
4390,12,1,3,1,0,17,0.7058823529411765
4391,12,1,3,1,0,17,0.7058823529411765
4392,12,1,3,1,0,17,0.7058823529411765
4393,12,1,3,1,0,17,0.7058823529411765
4394,11,1,3,1,0,16,0.6875
4395,11,1,3,1,0,16,0.6875
4396,11,1,3,1,0,16,0.6875
4397,9,1,3,1,0,14,0.6428571428571429
4398,10,1,2,1,0,14,0.7142857142857143
4399,14,1,2,1,0,18,0.7777777777777778
4400,11,1,3,1,0,16,0.6875
4401,9,1,3,1,0,14,0.6428571428571429
4402,11,1,3,1,0,16,0.6875
4403,10,1,3,1,0,15,0.6666666666666666
4404,12,1,3,1,0,17,0.7058823529411765
4405,12,1,3,1,0,17,0.7058823529411765
4406,10,1,3,1,0,15,0.6666666666666666
4407,10,1,3,1,0,15,0.6666666666666666
4408,11,1,2,1,0,15,0.7333333333333333
4409,10,1,3,1,0,15,0.6666666666666666
4410,11,1,3,1,0,16,0.6875
4411,10,1,3,1,0,15,0.6666666666666666
4412,11,1,3,1,0,16,0.6875
4413,11,1,3,1,0,16,0.6875
4414,12,1,3,1,0,17,0.7058823529411765
4415,12,1,3,1,0,17,0.7058823529411765
4416,10,1,3,1,0,15,0.6666666666666666
4417,10,1,3,1,0,15,0.6666666666666666
4418,11,1,3,1,0,16,0.6875
4419,11,1,3,1,0,16,0.6875
4420,11,1,3,1,0,16,0.6875
4421,12,1,3,1,0,17,0.7058823529411765
4422,10,1,3,1,0,15,0.6666666666666666
4423,12,1,3,1,0,17,0.7058823529411765
4424,11,1,3,1,0,16,0.6875
4425,10,1,3,1,0,15,0.6666666666666666
4426,13,1,2,1,0,17,0.7647058823529411
4427,12,1,3,1,0,17,0.7058823529411765
4428,12,1,3,1,0,17,0.7058823529411765
4429,12,1,2,1,0,16,0.75
4430,12,1,3,1,0,17,0.7058823529411765
4431,11,1,3,1,0,16,0.6875
4432,12,1,3,1,0,17,0.7058823529411765
4433,11,1,2,1,0,15,0.7333333333333333
4434,10,1,3,1,0,15,0.6666666666666666
4435,11,1,3,1,0,16,0.6875
4436,12,1,3,1,0,17,0.7058823529411765
4437,13,1,3,1,0,18,0.7222222222222222
4438,13,1,3,1,0,18,0.7222222222222222
4439,13,1,3,1,0,18,0.7222222222222222
4440,12,1,3,1,0,17,0.7058823529411765
4441,12,1,2,1,0,16,0.75
4442,10,1,3,1,0,15,0.6666666666666666
4443,12,1,3,1,0,17,0.7058823529411765
4444,11,1,3,1,0,16,0.6875
4445,12,1,3,1,0,17,0.7058823529411765
4446,11,1,3,1,0,16,0.6875
4447,13,1,3,1,0,18,0.7222222222222222
4448,11,1,3,1,0,16,0.6875
4449,12,1,3,1,0,17,0.7058823529411765
4450,13,1,3,1,0,18,0.7222222222222222
4451,13,1,2,1,0,17,0.7647058823529411
4452,11,1,2,1,0,15,0.7333333333333333
4453,14,1,2,1,0,18,0.7777777777777778
4454,11,1,3,1,0,16,0.6875
4455,13,1,3,1,0,18,0.7222222222222222
4456,11,1,3,1,0,16,0.6875
4457,10,1,3,1,0,15,0.6666666666666666
4458,13,1,3,1,0,18,0.7222222222222222
4459,13,1,2,1,0,17,0.7647058823529411
4460,12,1,2,1,0,16,0.75
4461,13,1,3,1,0,18,0.7222222222222222
4462,10,1,3,1,0,15,0.6666666666666666
4463,10,1,3,1,0,15,0.6666666666666666
4464,9,1,3,1,0,14,0.6428571428571429
4465,11,1,3,1,0,16,0.6875
4466,14,1,3,1,0,19,0.7368421052631579
4467,10,1,2,1,0,14,0.7142857142857143
4468,12,1,3,1,0,17,0.7058823529411765
4469,11,1,2,1,0,15,0.7333333333333333
4470,11,1,3,1,0,16,0.6875
4471,12,1,3,1,0,17,0.7058823529411765
4472,11,1,3,1,0,16,0.6875
4473,12,1,2,1,0,16,0.75
4474,12,1,3,1,0,17,0.7058823529411765
4475,13,1,2,1,0,17,0.7647058823529411
4476,11,1,2,1,0,15,0.7333333333333333
4477,11,1,2,1,0,15,0.7333333333333333
4478,11,1,3,1,0,16,0.6875
4479,12,1,3,1,0,17,0.7058823529411765
4480,12,1,2,1,0,16,0.75
4481,12,1,2,1,0,16,0.75
4482,13,1,2,1,0,17,0.7647058823529411
4483,12,1,2,1,0,16,0.75
4484,12,1,2,1,0,16,0.75
4485,13,1,2,1,0,17,0.7647058823529411
4486,12,1,3,1,0,17,0.7058823529411765
4487,11,1,3,1,0,16,0.6875
4488,9,1,2,1,0,13,0.6923076923076923
4489,12,1,3,1,0,17,0.7058823529411765
4490,10,1,2,1,0,14,0.7142857142857143
4491,12,1,2,1,0,16,0.75
4492,12,1,3,1,0,17,0.7058823529411765
4493,14,1,3,1,0,19,0.7368421052631579
4494,12,1,2,1,0,16,0.75
4495,11,1,3,1,0,16,0.6875
4496,10,1,2,1,0,14,0.7142857142857143
4497,11,1,3,1,0,16,0.6875
4498,13,1,3,1,0,18,0.7222222222222222
4499,10,1,3,1,0,15,0.6666666666666666
4500,12,1,3,1,0,17,0.7058823529411765
4501,11,1,2,1,0,15,0.7333333333333333
4502,9,1,3,1,0,14,0.6428571428571429
4503,11,1,3,1,0,16,0.6875
4504,10,1,2,1,0,14,0.7142857142857143
4505,11,1,2,1,0,15,0.7333333333333333
4506,10,1,3,1,0,15,0.6666666666666666
4507,11,1,2,1,0,15,0.7333333333333333
4508,11,1,3,1,0,16,0.6875
4509,9,1,3,1,0,14,0.6428571428571429
4510,12,1,2,1,0,16,0.75
4511,11,1,3,1,0,16,0.6875
4512,10,1,3,1,0,15,0.6666666666666666
4513,12,1,3,1,0,17,0.7058823529411765
4514,10,1,2,1,0,14,0.7142857142857143
4515,9,1,2,1,0,13,0.6923076923076923
4516,10,1,2,1,0,14,0.7142857142857143
4517,11,1,2,1,0,15,0.7333333333333333
4518,10,1,3,1,0,15,0.6666666666666666
4519,9,1,3,1,0,14,0.6428571428571429
4520,10,1,2,1,0,14,0.7142857142857143
4521,10,1,3,1,0,15,0.6666666666666666
4522,9,1,3,1,0,14,0.6428571428571429
4523,10,1,3,1,0,15,0.6666666666666666
4524,11,1,2,1,0,15,0.7333333333333333
4525,9,1,2,1,0,13,0.6923076923076923
4526,11,1,2,1,0,15,0.7333333333333333
4527,9,1,3,1,0,14,0.6428571428571429
4528,9,1,3,1,0,14,0.6428571428571429
4529,10,1,2,1,0,14,0.7142857142857143
4530,11,1,3,1,0,16,0.6875
4531,10,1,3,1,0,15,0.6666666666666666
4532,10,1,3,1,0,15,0.6666666666666666
4533,11,1,3,1,0,16,0.6875
4534,8,1,3,1,0,13,0.6153846153846154
4535,9,1,2,1,0,13,0.6923076923076923
4536,10,1,3,1,0,15,0.6666666666666666
4537,9,1,3,1,0,14,0.6428571428571429
4538,10,1,3,1,0,15,0.6666666666666666
4539,11,1,3,1,0,16,0.6875
4540,10,1,2,1,0,14,0.7142857142857143
4541,12,1,3,1,0,17,0.7058823529411765
4542,12,1,3,1,0,17,0.7058823529411765
4543,9,1,3,1,0,14,0.6428571428571429
4544,6,1,3,1,0,11,0.5454545454545454
4545,10,1,3,1,0,15,0.6666666666666666
4546,11,1,3,1,0,16,0.6875
4547,9,1,3,1,0,14,0.6428571428571429
4548,10,1,3,1,0,15,0.6666666666666666
4549,10,1,3,1,0,15,0.6666666666666666
4550,10,1,3,1,0,15,0.6666666666666666
4551,10,1,3,1,0,15,0.6666666666666666
4552,10,1,3,1,0,15,0.6666666666666666
4553,9,1,3,1,0,14,0.6428571428571429
4554,8,1,3,1,0,13,0.6153846153846154
4555,10,1,3,1,0,15,0.6666666666666666
4556,12,1,3,1,0,17,0.7058823529411765
4557,12,1,3,1,0,17,0.7058823529411765
4558,11,1,3,1,0,16,0.6875
4559,9,1,3,1,0,14,0.6428571428571429
4560,12,1,3,1,0,17,0.7058823529411765
4561,13,1,3,1,0,18,0.7222222222222222
4562,10,1,3,1,0,15,0.6666666666666666
4563,14,1,3,1,0,19,0.7368421052631579
4564,13,1,3,1,0,18,0.7222222222222222
4565,11,1,3,1,0,16,0.6875
4566,11,1,3,1,0,16,0.6875
4567,12,1,3,1,0,17,0.7058823529411765
4568,12,1,3,1,0,17,0.7058823529411765
4569,13,1,3,1,0,18,0.7222222222222222
4570,11,1,3,1,0,16,0.6875
4571,12,1,3,1,0,17,0.7058823529411765
4572,10,1,3,1,0,15,0.6666666666666666
4573,10,1,3,1,0,15,0.6666666666666666
4574,12,1,3,1,0,17,0.7058823529411765
4575,12,1,3,1,0,17,0.7058823529411765
4576,13,1,3,1,0,18,0.7222222222222222
4577,10,1,3,1,0,15,0.6666666666666666
4578,11,1,3,1,0,16,0.6875
4579,11,1,3,1,0,16,0.6875
4580,13,1,3,1,0,18,0.7222222222222222
4581,13,1,3,1,0,18,0.7222222222222222
4582,12,1,3,1,0,17,0.7058823529411765
4583,12,1,3,1,0,17,0.7058823529411765
4584,11,1,3,1,0,16,0.6875
4585,10,1,2,1,0,14,0.7142857142857143
4586,11,1,3,1,0,16,0.6875
4587,10,1,3,1,0,15,0.6666666666666666
4588,11,1,3,1,0,16,0.6875
4589,11,1,3,1,0,16,0.6875
4590,12,1,3,1,0,17,0.7058823529411765
4591,10,1,3,1,0,15,0.6666666666666666
4592,12,1,3,1,0,17,0.7058823529411765
4593,11,1,3,1,0,16,0.6875
4594,10,1,3,1,0,15,0.6666666666666666
4595,12,1,3,1,0,17,0.7058823529411765
4596,11,1,3,1,0,16,0.6875
4597,9,1,3,1,0,14,0.6428571428571429
4598,11,1,3,1,0,16,0.6875
4599,12,1,3,1,0,17,0.7058823529411765
4600,10,1,3,1,0,15,0.6666666666666666
4601,12,1,3,1,0,17,0.7058823529411765
4602,10,1,3,1,0,15,0.6666666666666666
4603,12,1,3,1,0,17,0.7058823529411765
4604,12,1,2,1,0,16,0.75
4605,13,1,2,1,0,17,0.7647058823529411
4606,11,1,3,1,0,16,0.6875
4607,12,1,2,1,0,16,0.75
4608,11,1,3,1,0,16,0.6875
4609,11,1,3,1,0,16,0.6875
4610,12,1,3,1,0,17,0.7058823529411765
4611,12,1,3,1,0,17,0.7058823529411765
4612,12,1,3,1,0,17,0.7058823529411765
4613,11,1,3,1,0,16,0.6875
4614,13,1,3,1,0,18,0.7222222222222222
4615,11,1,3,1,0,16,0.6875
4616,12,1,3,1,0,17,0.7058823529411765
4617,11,1,3,1,0,16,0.6875
4618,12,1,3,1,0,17,0.7058823529411765
4619,10,1,3,1,0,15,0.6666666666666666
4620,11,1,3,1,0,16,0.6875
4621,11,1,3,1,0,16,0.6875
4622,12,1,3,1,0,17,0.7058823529411765
4623,11,1,3,1,0,16,0.6875
4624,12,1,3,1,0,17,0.7058823529411765
4625,12,1,3,1,0,17,0.7058823529411765
4626,12,1,2,1,0,16,0.75
4627,12,1,3,1,0,17,0.7058823529411765
4628,11,1,2,1,0,15,0.7333333333333333
4629,11,1,3,1,0,16,0.6875
4630,11,1,3,1,0,16,0.6875
4631,10,1,3,1,0,15,0.6666666666666666
4632,11,1,3,1,0,16,0.6875
4633,9,1,3,1,0,14,0.6428571428571429
4634,12,1,4,1,0,18,0.6666666666666666
4635,11,1,3,1,0,16,0.6875
4636,10,1,3,1,0,15,0.6666666666666666
4637,11,1,3,1,0,16,0.6875
4638,9,1,3,1,0,14,0.6428571428571429
4639,11,1,3,1,0,16,0.6875
4640,10,1,3,1,0,15,0.6666666666666666
4641,11,1,3,1,0,16,0.6875
4642,10,1,3,1,0,15,0.6666666666666666
4643,11,1,3,1,0,16,0.6875
4644,10,1,3,1,0,15,0.6666666666666666
4645,12,1,3,1,0,17,0.7058823529411765
4646,10,1,3,1,0,15,0.6666666666666666
4647,10,1,3,1,0,15,0.6666666666666666
4648,11,1,3,1,0,16,0.6875
4649,11,1,3,1,0,16,0.6875
4650,11,1,3,1,0,16,0.6875
4651,11,1,3,1,0,16,0.6875
4652,11,1,3,1,0,16,0.6875
4653,10,1,3,1,0,15,0.6666666666666666
4654,11,1,3,1,0,16,0.6875
4655,10,1,3,1,0,15,0.6666666666666666
4656,10,1,3,1,0,15,0.6666666666666666
4657,10,1,3,1,0,15,0.6666666666666666
4658,10,1,3,1,0,15,0.6666666666666666
4659,9,1,3,1,0,14,0.6428571428571429
4660,10,1,3,1,0,15,0.6666666666666666
4661,10,1,3,1,0,15,0.6666666666666666
4662,11,1,3,1,0,16,0.6875
4663,11,1,3,1,0,16,0.6875
4664,9,1,2,1,0,13,0.6923076923076923
4665,12,1,3,1,0,17,0.7058823529411765
4666,11,1,3,1,0,16,0.6875
4667,13,1,2,1,0,17,0.7647058823529411
4668,10,1,3,1,0,15,0.6666666666666666
4669,11,1,3,1,0,16,0.6875
4670,9,1,2,1,0,13,0.6923076923076923
4671,9,1,3,1,0,14,0.6428571428571429
4672,11,1,3,1,0,16,0.6875
4673,11,1,3,1,0,16,0.6875
4674,12,1,2,1,0,16,0.75
4675,11,1,3,1,0,16,0.6875
4676,10,1,3,1,0,15,0.6666666666666666
4677,12,1,2,1,0,16,0.75
4678,10,1,3,1,0,15,0.6666666666666666
4679,11,1,3,1,0,16,0.6875
4680,11,1,3,1,0,16,0.6875
4681,11,1,3,1,0,16,0.6875
4682,11,1,2,1,0,15,0.7333333333333333
4683,12,1,3,1,0,17,0.7058823529411765
4684,10,1,3,1,0,15,0.6666666666666666
4685,11,1,3,1,0,16,0.6875
4686,11,1,3,1,0,16,0.6875
4687,10,1,3,1,0,15,0.6666666666666666
4688,11,1,2,1,0,15,0.7333333333333333
4689,13,1,3,1,0,18,0.7222222222222222
4690,11,1,3,1,0,16,0.6875
4691,11,1,3,1,0,16,0.6875
4692,9,1,3,1,0,14,0.6428571428571429
4693,11,1,2,1,0,15,0.7333333333333333
4694,12,1,3,1,0,17,0.7058823529411765
4695,12,1,3,1,0,17,0.7058823529411765
4696,12,1,3,1,0,17,0.7058823529411765
4697,13,1,3,1,0,18,0.7222222222222222
4698,11,1,3,1,0,16,0.6875
4699,10,1,3,1,0,15,0.6666666666666666
4700,10,1,3,1,0,15,0.6666666666666666
4701,10,1,3,1,0,15,0.6666666666666666
4702,10,1,3,1,0,15,0.6666666666666666
4703,9,1,3,1,0,14,0.6428571428571429
4704,9,1,3,1,0,14,0.6428571428571429
4705,12,1,3,1,0,17,0.7058823529411765
4706,11,1,3,1,0,16,0.6875
4707,12,1,3,1,0,17,0.7058823529411765
4708,12,1,3,1,0,17,0.7058823529411765
4709,11,1,3,1,0,16,0.6875
4710,11,1,3,1,0,16,0.6875
4711,12,1,3,1,0,17,0.7058823529411765
4712,11,1,2,1,0,15,0.7333333333333333
4713,10,1,3,1,0,15,0.6666666666666666
4714,12,1,3,1,0,17,0.7058823529411765
4715,10,1,3,1,0,15,0.6666666666666666
4716,11,1,3,1,0,16,0.6875
4717,10,1,2,1,0,14,0.7142857142857143
4718,11,1,3,1,0,16,0.6875
4719,11,1,3,1,0,16,0.6875
4720,11,1,3,1,0,16,0.6875
4721,12,1,3,1,0,17,0.7058823529411765
4722,12,1,3,1,0,17,0.7058823529411765
4723,11,1,3,1,0,16,0.6875
4724,11,1,3,1,0,16,0.6875
4725,11,1,3,1,0,16,0.6875
4726,10,1,3,1,0,15,0.6666666666666666
4727,11,1,3,1,0,16,0.6875
4728,12,1,3,1,0,17,0.7058823529411765
4729,12,1,3,1,0,17,0.7058823529411765
4730,12,1,3,1,0,17,0.7058823529411765
4731,12,1,3,1,0,17,0.7058823529411765
4732,12,1,3,1,0,17,0.7058823529411765
4733,11,1,3,1,0,16,0.6875
4734,12,1,2,1,0,16,0.75
4735,10,1,3,1,0,15,0.6666666666666666
4736,11,1,3,1,0,16,0.6875
4737,12,1,3,1,0,17,0.7058823529411765
4738,11,1,3,1,0,16,0.6875
4739,11,1,3,1,0,16,0.6875
4740,11,1,3,1,0,16,0.6875
4741,11,1,2,1,0,15,0.7333333333333333
4742,10,1,3,1,0,15,0.6666666666666666
4743,12,1,3,1,0,17,0.7058823529411765
4744,12,1,3,1,0,17,0.7058823529411765
4745,11,1,3,1,0,16,0.6875
4746,12,1,2,1,0,16,0.75
4747,12,1,2,1,0,16,0.75
4748,11,1,2,1,0,15,0.7333333333333333
4749,11,1,3,1,0,16,0.6875
4750,11,1,3,1,0,16,0.6875
4751,12,1,3,1,0,17,0.7058823529411765
4752,13,1,3,1,0,18,0.7222222222222222
4753,9,1,3,1,0,14,0.6428571428571429
4754,12,1,3,1,0,17,0.7058823529411765
4755,13,1,3,1,0,18,0.7222222222222222
4756,13,1,3,1,0,18,0.7222222222222222
4757,12,1,3,1,0,17,0.7058823529411765
4758,11,1,3,1,0,16,0.6875
4759,9,1,3,1,0,14,0.6428571428571429
4760,11,1,3,1,0,16,0.6875
4761,11,1,3,1,0,16,0.6875
4762,12,1,3,1,0,17,0.7058823529411765
4763,11,1,3,1,0,16,0.6875
4764,11,1,3,1,0,16,0.6875
4765,12,1,3,1,0,17,0.7058823529411765
4766,11,1,3,1,0,16,0.6875
4767,12,1,3,1,0,17,0.7058823529411765
4768,13,1,3,1,0,18,0.7222222222222222
4769,12,1,3,1,0,17,0.7058823529411765
4770,11,1,3,1,0,16,0.6875
4771,12,1,3,1,0,17,0.7058823529411765
4772,13,1,2,1,0,17,0.7647058823529411
4773,13,1,2,1,0,17,0.7647058823529411
4774,11,1,3,1,0,16,0.6875
4775,12,1,3,1,0,17,0.7058823529411765
4776,11,1,3,1,0,16,0.6875
4777,11,1,3,1,0,16,0.6875
4778,12,1,3,1,0,17,0.7058823529411765
4779,12,1,3,1,0,17,0.7058823529411765
4780,12,1,3,1,0,17,0.7058823529411765
4781,12,1,3,1,0,17,0.7058823529411765
4782,11,1,3,1,0,16,0.6875
4783,11,1,3,1,0,16,0.6875
4784,12,1,3,1,0,17,0.7058823529411765
4785,11,1,3,1,0,16,0.6875
4786,12,1,2,1,0,16,0.75
4787,12,1,3,1,0,17,0.7058823529411765
4788,12,1,3,1,0,17,0.7058823529411765
4789,10,1,3,1,0,15,0.6666666666666666
4790,12,1,3,1,0,17,0.7058823529411765
4791,12,1,3,1,0,17,0.7058823529411765
4792,13,1,3,1,0,18,0.7222222222222222
4793,11,1,3,1,0,16,0.6875
4794,13,1,3,1,0,18,0.7222222222222222
4795,11,1,2,1,0,15,0.7333333333333333
4796,12,1,3,1,0,17,0.7058823529411765
4797,11,1,3,1,0,16,0.6875
4798,14,1,3,1,0,19,0.7368421052631579
4799,11,1,3,1,0,16,0.6875
4800,12,1,3,1,0,17,0.7058823529411765
4801,10,1,2,1,0,14,0.7142857142857143
4802,11,1,3,1,0,16,0.6875
4803,11,1,3,1,0,16,0.6875
4804,8,1,2,1,0,12,0.6666666666666666
4805,10,1,3,1,0,15,0.6666666666666666
4806,11,1,3,1,0,16,0.6875
4807,11,1,3,1,0,16,0.6875
4808,11,1,3,1,0,16,0.6875
4809,12,1,3,1,0,17,0.7058823529411765
4810,12,1,3,1,0,17,0.7058823529411765
4811,10,1,2,1,0,14,0.7142857142857143
4812,11,1,2,1,0,15,0.7333333333333333
4813,9,1,3,1,0,14,0.6428571428571429
4814,10,1,2,1,0,14,0.7142857142857143
4815,11,1,2,1,0,15,0.7333333333333333
4816,12,1,2,1,0,16,0.75
4817,11,1,3,1,0,16,0.6875
4818,11,1,3,1,0,16,0.6875
4819,11,1,3,1,0,16,0.6875
4820,12,1,3,1,0,17,0.7058823529411765
4821,11,1,3,1,0,16,0.6875
4822,11,1,2,1,0,15,0.7333333333333333
4823,12,1,3,1,0,17,0.7058823529411765
4824,11,1,3,1,0,16,0.6875
4825,12,1,3,1,0,17,0.7058823529411765
4826,13,1,3,1,0,18,0.7222222222222222
4827,11,1,3,1,0,16,0.6875
4828,12,1,3,1,0,17,0.7058823529411765
4829,12,1,3,1,0,17,0.7058823529411765
4830,10,1,3,1,0,15,0.6666666666666666
4831,9,1,3,2,0,15,0.6
4832,14,1,3,1,0,19,0.7368421052631579
4833,12,1,3,1,0,17,0.7058823529411765
4834,12,1,3,1,0,17,0.7058823529411765
4835,13,1,3,1,0,18,0.7222222222222222
4836,12,1,3,1,0,17,0.7058823529411765
4837,11,1,3,1,0,16,0.6875
4838,14,1,3,1,0,19,0.7368421052631579
4839,12,1,3,1,0,17,0.7058823529411765
4840,13,1,3,1,0,18,0.7222222222222222
4841,13,1,3,1,0,18,0.7222222222222222
4842,11,1,3,1,0,16,0.6875
4843,12,1,3,1,0,17,0.7058823529411765
4844,13,1,3,1,0,18,0.7222222222222222
4845,13,1,3,1,0,18,0.7222222222222222
4846,11,1,3,1,0,16,0.6875
4847,12,1,3,1,0,17,0.7058823529411765
4848,13,1,3,1,0,18,0.7222222222222222
4849,12,1,3,1,0,17,0.7058823529411765
4850,12,1,3,1,0,17,0.7058823529411765
4851,11,1,3,1,0,16,0.6875
4852,12,1,3,1,0,17,0.7058823529411765
4853,11,1,3,1,0,16,0.6875
4854,13,1,3,1,0,18,0.7222222222222222
4855,13,1,3,1,0,18,0.7222222222222222
4856,13,1,3,1,0,18,0.7222222222222222
4857,13,1,3,1,0,18,0.7222222222222222
4858,11,1,3,1,0,16,0.6875
4859,10,1,3,1,0,15,0.6666666666666666
4860,11,1,3,1,0,16,0.6875
4861,13,1,3,1,0,18,0.7222222222222222
4862,12,1,3,1,0,17,0.7058823529411765
4863,10,1,3,1,0,15,0.6666666666666666
4864,12,1,3,1,0,17,0.7058823529411765
4865,10,1,3,1,0,15,0.6666666666666666
4866,11,1,3,1,0,16,0.6875
4867,10,1,3,1,0,15,0.6666666666666666
4868,12,1,3,1,0,17,0.7058823529411765
4869,14,1,3,1,0,19,0.7368421052631579
4870,12,1,3,1,0,17,0.7058823529411765
4871,11,1,3,1,0,16,0.6875
4872,14,1,3,1,0,19,0.7368421052631579
4873,12,1,3,1,0,17,0.7058823529411765
4874,12,1,3,1,0,17,0.7058823529411765
4875,11,1,3,1,0,16,0.6875
4876,12,1,3,1,0,17,0.7058823529411765
4877,11,1,3,1,0,16,0.6875
4878,11,1,3,1,0,16,0.6875
4879,11,1,3,1,0,16,0.6875
4880,11,1,3,1,0,16,0.6875
4881,8,1,3,1,0,13,0.6153846153846154
4882,10,1,3,1,0,15,0.6666666666666666
4883,12,1,3,1,0,17,0.7058823529411765
4884,12,1,3,1,0,17,0.7058823529411765
4885,11,1,3,1,0,16,0.6875
4886,11,1,3,1,0,16,0.6875
4887,11,1,3,1,0,16,0.6875
4888,11,1,2,1,0,15,0.7333333333333333
4889,12,1,2,1,0,16,0.75
4890,11,1,2,1,0,15,0.7333333333333333
4891,12,1,3,1,0,17,0.7058823529411765
4892,11,1,3,1,0,16,0.6875
4893,12,1,3,1,0,17,0.7058823529411765
4894,10,1,3,1,0,15,0.6666666666666666
4895,10,1,3,1,0,15,0.6666666666666666
4896,10,1,2,1,0,14,0.7142857142857143
4897,12,1,3,1,0,17,0.7058823529411765
4898,11,1,2,1,0,15,0.7333333333333333
4899,10,1,3,1,0,15,0.6666666666666666
4900,11,1,3,1,0,16,0.6875
4901,11,1,3,1,0,16,0.6875
4902,10,1,3,1,0,15,0.6666666666666666
4903,11,1,3,1,0,16,0.6875
4904,10,1,3,1,0,15,0.6666666666666666
4905,11,1,3,1,0,16,0.6875
4906,10,1,2,1,0,14,0.7142857142857143
4907,11,1,3,1,0,16,0.6875
4908,11,1,3,1,0,16,0.6875
4909,9,1,3,1,0,14,0.6428571428571429
4910,10,1,3,1,0,15,0.6666666666666666
4911,10,1,3,1,0,15,0.6666666666666666
4912,9,1,2,1,0,13,0.6923076923076923
4913,9,1,2,1,0,13,0.6923076923076923
4914,10,1,3,1,0,15,0.6666666666666666
4915,10,1,3,1,0,15,0.6666666666666666
4916,11,1,2,1,0,15,0.7333333333333333
4917,10,1,2,1,0,14,0.7142857142857143
4918,10,1,3,1,0,15,0.6666666666666666
4919,9,1,3,1,0,14,0.6428571428571429
4920,10,1,3,1,0,15,0.6666666666666666
4921,10,1,3,1,0,15,0.6666666666666666
4922,9,1,3,1,0,14,0.6428571428571429
4923,11,1,3,1,0,16,0.6875
4924,11,1,3,1,0,16,0.6875
4925,10,1,2,1,0,14,0.7142857142857143
4926,10,1,2,1,0,14,0.7142857142857143
4927,10,1,3,1,0,15,0.6666666666666666
4928,10,1,3,1,0,15,0.6666666666666666
4929,11,1,3,1,0,16,0.6875
4930,10,1,3,1,0,15,0.6666666666666666
4931,10,1,3,1,0,15,0.6666666666666666
4932,9,1,3,1,0,14,0.6428571428571429
4933,9,1,3,1,0,14,0.6428571428571429
4934,10,1,3,1,0,15,0.6666666666666666
4935,9,1,2,1,0,13,0.6923076923076923
4936,10,1,3,1,0,15,0.6666666666666666
4937,9,1,3,1,0,14,0.6428571428571429
4938,11,1,2,1,0,15,0.7333333333333333
4939,9,1,2,1,0,13,0.6923076923076923
4940,9,1,2,1,0,13,0.6923076923076923
4941,10,1,3,1,0,15,0.6666666666666666
4942,9,1,3,1,0,14,0.6428571428571429
4943,8,1,3,1,0,13,0.6153846153846154
4944,9,1,3,1,0,14,0.6428571428571429
4945,10,1,2,1,0,14,0.7142857142857143
4946,11,1,3,1,0,16,0.6875
4947,9,1,2,1,0,13,0.6923076923076923
4948,11,1,2,1,0,15,0.7333333333333333
4949,10,1,2,1,0,14,0.7142857142857143
4950,9,1,3,1,0,14,0.6428571428571429
4951,11,1,3,1,0,16,0.6875
4952,9,1,3,1,0,14,0.6428571428571429
4953,10,1,3,1,0,15,0.6666666666666666
4954,11,1,3,1,0,16,0.6875
4955,10,1,3,1,0,15,0.6666666666666666
4956,9,1,3,1,0,14,0.6428571428571429
4957,9,1,3,1,0,14,0.6428571428571429
4958,10,1,3,1,0,15,0.6666666666666666
4959,13,1,3,1,0,18,0.7222222222222222
4960,10,1,3,1,0,15,0.6666666666666666
4961,11,1,3,1,0,16,0.6875
4962,11,1,3,1,0,16,0.6875
4963,10,1,3,1,0,15,0.6666666666666666
4964,10,1,3,1,0,15,0.6666666666666666
4965,11,1,3,1,0,16,0.6875
4966,11,1,3,1,0,16,0.6875
4967,11,1,3,1,0,16,0.6875
4968,10,1,3,1,0,15,0.6666666666666666
4969,11,1,2,1,0,15,0.7333333333333333
4970,11,1,3,1,0,16,0.6875
4971,11,1,3,1,0,16,0.6875
4972,12,1,3,1,0,17,0.7058823529411765
4973,10,1,3,1,0,15,0.6666666666666666
4974,9,1,2,1,0,13,0.6923076923076923
4975,9,1,3,1,0,14,0.6428571428571429
4976,10,1,3,1,0,15,0.6666666666666666
4977,12,1,3,1,0,17,0.7058823529411765
4978,12,1,2,1,0,16,0.75
4979,13,1,2,1,0,17,0.7647058823529411
4980,12,1,3,1,0,17,0.7058823529411765
4981,12,1,2,1,0,16,0.75
4982,10,1,3,1,0,15,0.6666666666666666
4983,11,1,3,1,0,16,0.6875
4984,12,1,2,1,0,16,0.75
4985,12,1,2,1,0,16,0.75
4986,12,1,2,1,0,16,0.75
4987,11,1,3,1,0,16,0.6875
4988,11,1,3,1,0,16,0.6875
4989,11,1,2,1,0,15,0.7333333333333333
4990,11,1,2,1,0,15,0.7333333333333333
4991,9,1,2,1,0,13,0.6923076923076923
4992,11,1,2,1,0,15,0.7333333333333333
4993,10,1,3,1,0,15,0.6666666666666666
4994,11,1,3,1,0,16,0.6875
4995,11,1,3,1,0,16,0.6875
4996,10,1,2,1,0,14,0.7142857142857143
4997,12,1,3,1,0,17,0.7058823529411765
4998,12,1,2,1,0,16,0.75
4999,10,1,3,1,0,15,0.6666666666666666
5000,12,1,3,1,0,17,0.7058823529411765
5001,11,1,3,1,0,16,0.6875
5002,13,1,3,1,0,18,0.7222222222222222
5003,11,1,2,1,0,15,0.7333333333333333
5004,12,1,3,1,0,17,0.7058823529411765
5005,11,1,2,1,0,15,0.7333333333333333
5006,11,1,3,1,0,16,0.6875
5007,12,1,3,1,0,17,0.7058823529411765
5008,11,1,3,1,0,16,0.6875
5009,12,1,3,1,0,17,0.7058823529411765
5010,11,1,2,1,0,15,0.7333333333333333
5011,10,1,3,1,0,15,0.6666666666666666
5012,12,1,2,1,0,16,0.75
5013,10,1,3,1,0,15,0.6666666666666666
5014,13,1,3,1,0,18,0.7222222222222222
5015,10,1,3,1,0,15,0.6666666666666666
5016,11,1,3,1,0,16,0.6875
5017,12,1,3,1,0,17,0.7058823529411765
5018,11,1,3,1,0,16,0.6875
5019,11,1,3,1,0,16,0.6875
5020,10,1,2,1,0,14,0.7142857142857143
5021,13,1,3,1,0,18,0.7222222222222222
5022,11,1,3,1,0,16,0.6875
5023,12,1,3,1,0,17,0.7058823529411765
5024,11,1,3,1,0,16,0.6875
5025,11,1,3,1,0,16,0.6875
5026,11,1,3,1,0,16,0.6875
5027,12,1,3,1,0,17,0.7058823529411765
5028,12,1,3,1,0,17,0.7058823529411765
5029,11,1,3,1,0,16,0.6875
5030,13,1,3,1,0,18,0.7222222222222222
5031,10,1,3,1,0,15,0.6666666666666666
5032,12,1,3,1,0,17,0.7058823529411765
5033,12,1,3,1,0,17,0.7058823529411765
5034,13,1,3,1,0,18,0.7222222222222222
5035,11,1,3,1,0,16,0.6875
5036,12,1,3,1,0,17,0.7058823529411765
5037,10,1,3,1,0,15,0.6666666666666666
5038,12,1,3,1,0,17,0.7058823529411765
5039,12,1,2,1,0,16,0.75
5040,11,1,3,1,0,16,0.6875
5041,11,1,3,1,0,16,0.6875
5042,11,1,2,1,0,15,0.7333333333333333
5043,11,1,3,1,0,16,0.6875
5044,11,1,3,1,0,16,0.6875
5045,9,1,3,1,0,14,0.6428571428571429
5046,12,1,2,1,0,16,0.75
5047,11,1,3,1,0,16,0.6875
5048,12,1,3,1,0,17,0.7058823529411765
5049,11,1,3,1,0,16,0.6875
5050,13,1,3,1,0,18,0.7222222222222222
5051,11,1,3,1,0,16,0.6875
5052,11,1,2,1,0,15,0.7333333333333333
5053,12,1,3,1,0,17,0.7058823529411765
5054,12,1,3,1,0,17,0.7058823529411765
5055,10,1,3,1,0,15,0.6666666666666666
5056,12,1,3,1,0,17,0.7058823529411765
5057,12,1,3,1,0,17,0.7058823529411765
5058,13,1,3,1,0,18,0.7222222222222222
5059,10,1,3,2,0,16,0.625
5060,10,1,2,1,0,14,0.7142857142857143
5061,11,1,3,1,0,16,0.6875
5062,9,1,3,1,0,14,0.6428571428571429
5063,12,1,3,1,0,17,0.7058823529411765
5064,11,1,3,1,0,16,0.6875
5065,11,1,3,1,0,16,0.6875
5066,13,1,3,1,0,18,0.7222222222222222
5067,13,1,3,1,0,18,0.7222222222222222
5068,11,1,3,1,0,16,0.6875
5069,13,1,3,1,0,18,0.7222222222222222
5070,9,1,3,1,0,14,0.6428571428571429
5071,10,1,3,1,0,15,0.6666666666666666
5072,11,1,3,1,0,16,0.6875
5073,12,1,3,1,0,17,0.7058823529411765
5074,12,1,3,1,0,17,0.7058823529411765
5075,12,1,3,1,0,17,0.7058823529411765
5076,9,1,3,1,0,14,0.6428571428571429
5077,11,1,2,1,0,15,0.7333333333333333
5078,12,1,3,1,0,17,0.7058823529411765
5079,11,1,3,1,0,16,0.6875
5080,12,1,3,1,0,17,0.7058823529411765
5081,12,1,3,1,0,17,0.7058823529411765
5082,10,1,3,1,0,15,0.6666666666666666
5083,10,1,3,1,0,15,0.6666666666666666
5084,11,1,3,1,0,16,0.6875
5085,12,1,3,1,0,17,0.7058823529411765
5086,12,1,3,1,0,17,0.7058823529411765
5087,10,1,4,1,0,16,0.625
5088,12,1,3,1,0,17,0.7058823529411765
5089,11,1,3,1,0,16,0.6875
5090,13,1,3,1,0,18,0.7222222222222222
5091,11,1,3,1,0,16,0.6875
5092,11,1,3,1,0,16,0.6875
5093,12,1,3,1,0,17,0.7058823529411765
5094,11,1,3,1,0,16,0.6875
5095,10,1,3,1,0,15,0.6666666666666666
5096,12,1,3,1,0,17,0.7058823529411765
5097,10,1,2,1,0,14,0.7142857142857143
5098,11,1,3,1,0,16,0.6875
5099,12,1,3,1,0,17,0.7058823529411765
5100,12,1,2,1,0,16,0.75
5101,11,1,3,1,0,16,0.6875
5102,11,1,3,1,0,16,0.6875
5103,11,1,3,1,0,16,0.6875
5104,12,1,3,1,0,17,0.7058823529411765
5105,12,1,3,1,0,17,0.7058823529411765
5106,12,1,2,1,0,16,0.75
5107,14,1,3,1,0,19,0.7368421052631579
5108,11,1,3,1,0,16,0.6875
5109,13,1,2,1,0,17,0.7647058823529411
5110,12,1,3,1,0,17,0.7058823529411765
5111,11,1,3,1,0,16,0.6875
5112,13,1,2,1,0,17,0.7647058823529411
5113,11,1,2,1,0,15,0.7333333333333333
5114,12,1,3,1,0,17,0.7058823529411765
5115,12,1,3,1,0,17,0.7058823529411765
5116,12,1,3,1,0,17,0.7058823529411765
5117,12,1,2,1,0,16,0.75
5118,11,1,2,1,0,15,0.7333333333333333
5119,12,1,3,1,0,17,0.7058823529411765
5120,12,1,3,1,0,17,0.7058823529411765
5121,12,1,3,1,0,17,0.7058823529411765
5122,12,1,2,1,0,16,0.75
5123,10,1,3,1,0,15,0.6666666666666666
5124,12,1,2,1,0,16,0.75
5125,12,1,2,1,0,16,0.75
5126,10,1,2,1,0,14,0.7142857142857143
5127,11,1,3,1,0,16,0.6875
5128,12,1,3,1,0,17,0.7058823529411765
5129,12,1,3,1,0,17,0.7058823529411765
5130,11,1,2,1,0,15,0.7333333333333333
5131,13,1,3,1,0,18,0.7222222222222222
5132,11,1,2,1,0,15,0.7333333333333333
5133,12,1,3,1,0,17,0.7058823529411765
5134,11,1,3,1,0,16,0.6875
5135,11,1,2,1,0,15,0.7333333333333333
5136,11,1,3,1,0,16,0.6875
5137,11,1,2,1,0,15,0.7333333333333333
5138,11,1,3,1,0,16,0.6875
5139,12,1,3,1,0,17,0.7058823529411765
5140,12,1,3,1,0,17,0.7058823529411765
5141,10,1,3,1,0,15,0.6666666666666666
5142,12,1,3,1,0,17,0.7058823529411765
5143,11,1,3,1,0,16,0.6875
5144,12,1,3,1,0,17,0.7058823529411765
5145,11,1,3,1,0,16,0.6875
5146,12,1,3,1,0,17,0.7058823529411765
5147,9,1,3,1,0,14,0.6428571428571429
5148,12,1,3,1,0,17,0.7058823529411765
5149,11,1,2,1,0,15,0.7333333333333333
5150,12,1,3,1,0,17,0.7058823529411765
5151,12,1,3,1,0,17,0.7058823529411765
5152,11,1,3,1,0,16,0.6875
5153,13,1,3,1,0,18,0.7222222222222222
5154,14,1,2,1,0,18,0.7777777777777778
5155,11,1,3,1,0,16,0.6875
5156,10,1,3,1,0,15,0.6666666666666666
5157,11,1,3,1,0,16,0.6875
5158,12,1,3,1,0,17,0.7058823529411765
5159,12,1,3,1,0,17,0.7058823529411765
5160,12,1,2,1,0,16,0.75
5161,10,1,3,1,0,15,0.6666666666666666
5162,11,1,2,1,0,15,0.7333333333333333
5163,11,1,2,1,0,15,0.7333333333333333
5164,13,1,3,1,0,18,0.7222222222222222
5165,12,1,3,1,0,17,0.7058823529411765
5166,13,1,2,1,0,17,0.7647058823529411
5167,11,1,3,1,0,16,0.6875
5168,11,1,2,1,0,15,0.7333333333333333
5169,11,1,2,1,0,15,0.7333333333333333
5170,11,1,2,1,0,15,0.7333333333333333
5171,10,1,3,1,0,15,0.6666666666666666
5172,11,1,3,1,0,16,0.6875
5173,10,1,3,1,0,15,0.6666666666666666
5174,11,1,2,1,0,15,0.7333333333333333
5175,11,1,2,1,0,15,0.7333333333333333
5176,11,1,3,1,0,16,0.6875
5177,10,1,3,1,0,15,0.6666666666666666
5178,10,1,3,1,0,15,0.6666666666666666
5179,11,1,2,1,0,15,0.7333333333333333
5180,10,1,2,1,0,14,0.7142857142857143
5181,11,1,3,1,0,16,0.6875
5182,11,1,3,1,0,16,0.6875
5183,10,1,3,1,0,15,0.6666666666666666
5184,11,1,3,1,0,16,0.6875
5185,9,1,3,1,0,14,0.6428571428571429
5186,11,1,3,1,0,16,0.6875
5187,10,1,2,1,0,14,0.7142857142857143
5188,12,1,3,1,0,17,0.7058823529411765
5189,12,1,3,1,0,17,0.7058823529411765
5190,13,1,3,1,0,18,0.7222222222222222
5191,11,1,3,1,0,16,0.6875
5192,11,1,3,1,0,16,0.6875
5193,11,1,3,1,0,16,0.6875
5194,11,1,3,1,0,16,0.6875
5195,12,1,3,1,0,17,0.7058823529411765
5196,10,1,2,1,0,14,0.7142857142857143
5197,10,1,2,1,0,14,0.7142857142857143
5198,11,1,2,1,0,15,0.7333333333333333
5199,13,1,2,1,0,17,0.7647058823529411
5200,11,1,3,1,0,16,0.6875
5201,11,1,3,1,0,16,0.6875
5202,11,1,2,1,0,15,0.7333333333333333
5203,11,1,2,1,0,15,0.7333333333333333
5204,13,1,2,1,0,17,0.7647058823529411
5205,11,1,2,1,0,15,0.7333333333333333
5206,12,1,2,1,0,16,0.75
5207,10,1,2,1,0,14,0.7142857142857143
5208,11,1,3,1,0,16,0.6875
5209,11,1,3,1,0,16,0.6875
5210,11,1,3,1,0,16,0.6875
5211,11,1,2,1,0,15,0.7333333333333333
5212,11,1,3,1,0,16,0.6875
5213,11,1,3,1,0,16,0.6875
5214,11,1,2,1,0,15,0.7333333333333333
5215,11,1,3,1,0,16,0.6875
5216,11,1,2,1,0,15,0.7333333333333333
5217,12,1,2,1,0,16,0.75
5218,11,1,3,1,0,16,0.6875
5219,10,1,2,1,0,14,0.7142857142857143
5220,11,1,3,1,0,16,0.6875
5221,11,1,3,1,0,16,0.6875
5222,11,1,2,1,0,15,0.7333333333333333
5223,12,1,2,1,0,16,0.75
5224,11,1,2,1,0,15,0.7333333333333333
5225,10,1,2,1,0,14,0.7142857142857143
5226,12,1,2,1,0,16,0.75
5227,11,1,2,1,0,15,0.7333333333333333
5228,12,1,3,1,0,17,0.7058823529411765
5229,12,1,2,1,0,16,0.75
5230,11,1,2,1,0,15,0.7333333333333333
5231,12,1,3,1,0,17,0.7058823529411765
5232,13,1,2,1,0,17,0.7647058823529411
5233,10,1,2,1,0,14,0.7142857142857143
5234,12,1,3,1,0,17,0.7058823529411765
5235,11,1,3,1,0,16,0.6875
5236,11,1,3,1,0,16,0.6875
5237,11,1,3,1,0,16,0.6875
5238,11,1,2,1,0,15,0.7333333333333333
5239,11,1,3,1,0,16,0.6875
5240,9,1,3,1,0,14,0.6428571428571429
5241,11,1,2,1,0,15,0.7333333333333333
5242,10,1,3,1,0,15,0.6666666666666666
5243,11,1,3,1,0,16,0.6875
5244,11,1,3,1,0,16,0.6875
5245,11,1,3,1,0,16,0.6875
5246,11,1,3,1,0,16,0.6875
5247,11,1,3,1,0,16,0.6875
5248,12,1,3,1,0,17,0.7058823529411765
5249,12,1,3,1,0,17,0.7058823529411765
5250,12,1,3,1,0,17,0.7058823529411765
5251,11,1,3,1,0,16,0.6875
5252,11,1,3,1,0,16,0.6875
5253,10,1,3,1,0,15,0.6666666666666666
5254,10,1,3,1,0,15,0.6666666666666666
5255,12,1,3,1,0,17,0.7058823529411765
5256,11,1,2,1,0,15,0.7333333333333333
5257,10,1,3,1,0,15,0.6666666666666666
5258,11,1,2,1,0,15,0.7333333333333333
5259,12,1,2,1,0,16,0.75
5260,11,1,3,1,0,16,0.6875
5261,11,1,2,1,0,15,0.7333333333333333
5262,11,1,3,1,0,16,0.6875
5263,11,1,3,1,0,16,0.6875
5264,11,1,2,1,0,15,0.7333333333333333
5265,11,1,3,1,0,16,0.6875
5266,12,1,2,1,0,16,0.75
5267,11,1,2,1,0,15,0.7333333333333333
5268,12,1,3,1,0,17,0.7058823529411765
5269,9,1,3,1,0,14,0.6428571428571429
5270,11,1,2,1,0,15,0.7333333333333333
5271,11,1,3,1,0,16,0.6875
5272,13,1,3,1,0,18,0.7222222222222222
5273,12,1,3,1,0,17,0.7058823529411765
5274,13,1,2,1,0,17,0.7647058823529411
5275,9,1,3,1,0,14,0.6428571428571429
5276,10,1,2,1,0,14,0.7142857142857143
5277,11,1,2,1,0,15,0.7333333333333333
5278,10,1,2,1,0,14,0.7142857142857143
5279,11,1,3,1,0,16,0.6875
5280,12,1,3,1,0,17,0.7058823529411765
5281,12,1,2,1,0,16,0.75
5282,11,1,2,1,0,15,0.7333333333333333
5283,10,1,2,1,0,14,0.7142857142857143
5284,12,1,2,1,0,16,0.75
5285,12,1,2,1,0,16,0.75
5286,12,1,3,1,0,17,0.7058823529411765
5287,11,1,2,1,0,15,0.7333333333333333
5288,11,1,3,1,0,16,0.6875
5289,13,1,3,1,0,18,0.7222222222222222
5290,12,1,3,1,0,17,0.7058823529411765
5291,10,1,3,1,0,15,0.6666666666666666
5292,12,1,2,1,0,16,0.75
5293,12,1,3,1,0,17,0.7058823529411765
5294,12,1,3,1,0,17,0.7058823529411765
5295,11,1,3,1,0,16,0.6875
5296,13,1,2,1,0,17,0.7647058823529411
5297,11,1,3,1,0,16,0.6875
5298,11,1,3,1,0,16,0.6875
5299,11,1,3,1,0,16,0.6875
5300,9,1,3,1,0,14,0.6428571428571429
5301,12,1,3,1,0,17,0.7058823529411765
5302,12,1,2,1,0,16,0.75
5303,12,1,3,1,0,17,0.7058823529411765
5304,10,1,3,1,0,15,0.6666666666666666
5305,11,1,3,1,0,16,0.6875
5306,11,1,3,1,0,16,0.6875
5307,12,1,3,1,0,17,0.7058823529411765
5308,11,1,3,1,0,16,0.6875
5309,11,1,3,1,0,16,0.6875
5310,12,1,3,1,0,17,0.7058823529411765
5311,10,1,3,1,0,15,0.6666666666666666
5312,10,1,3,1,0,15,0.6666666666666666
5313,12,1,3,1,0,17,0.7058823529411765
5314,10,1,3,1,0,15,0.6666666666666666
5315,11,1,3,1,0,16,0.6875
5316,12,1,3,1,0,17,0.7058823529411765
5317,12,1,3,1,0,17,0.7058823529411765
5318,11,1,3,1,0,16,0.6875
5319,9,1,3,1,0,14,0.6428571428571429
5320,12,1,3,1,0,17,0.7058823529411765
5321,11,1,3,1,0,16,0.6875
5322,11,1,3,1,0,16,0.6875
5323,11,1,3,1,0,16,0.6875
5324,10,1,3,1,0,15,0.6666666666666666
5325,11,1,3,1,0,16,0.6875
5326,11,1,3,1,0,16,0.6875
5327,11,1,3,1,0,16,0.6875
5328,10,1,3,1,0,15,0.6666666666666666
5329,10,1,3,1,0,15,0.6666666666666666
5330,13,1,3,1,0,18,0.7222222222222222
5331,10,1,3,1,0,15,0.6666666666666666
5332,11,1,3,1,0,16,0.6875
5333,12,1,3,1,0,17,0.7058823529411765
5334,10,1,3,1,0,15,0.6666666666666666
5335,12,1,3,1,0,17,0.7058823529411765
5336,12,1,3,1,0,17,0.7058823529411765
5337,13,1,3,1,0,18,0.7222222222222222
5338,10,1,3,1,0,15,0.6666666666666666
5339,13,1,3,1,0,18,0.7222222222222222
5340,9,1,3,1,0,14,0.6428571428571429
5341,11,1,3,1,0,16,0.6875
5342,13,1,3,1,0,18,0.7222222222222222
5343,12,1,3,1,0,17,0.7058823529411765
5344,11,1,3,1,0,16,0.6875
5345,13,1,3,1,0,18,0.7222222222222222
5346,10,1,3,1,0,15,0.6666666666666666
5347,10,1,3,1,0,15,0.6666666666666666
5348,13,1,3,1,0,18,0.7222222222222222
5349,14,1,3,1,0,19,0.7368421052631579
5350,11,1,3,1,0,16,0.6875
5351,14,1,3,1,0,19,0.7368421052631579
5352,11,1,3,1,0,16,0.6875
5353,10,1,3,1,0,15,0.6666666666666666
5354,12,1,3,1,0,17,0.7058823529411765
5355,12,1,3,1,0,17,0.7058823529411765
5356,12,1,3,1,0,17,0.7058823529411765
5357,13,1,3,1,0,18,0.7222222222222222
5358,10,1,2,1,0,14,0.7142857142857143
5359,11,1,3,1,0,16,0.6875
5360,12,1,3,1,0,17,0.7058823529411765
5361,12,1,3,1,0,17,0.7058823529411765
5362,14,1,3,1,0,19,0.7368421052631579
5363,10,1,2,1,0,14,0.7142857142857143
5364,12,1,3,1,0,17,0.7058823529411765
5365,12,1,3,1,0,17,0.7058823529411765
5366,13,1,3,1,0,18,0.7222222222222222
5367,12,1,2,1,0,16,0.75
5368,13,1,1,1,0,16,0.8125
5369,13,1,3,1,0,18,0.7222222222222222
5370,14,1,3,1,0,19,0.7368421052631579
5371,14,1,3,1,0,19,0.7368421052631579
5372,13,1,3,1,0,18,0.7222222222222222
5373,13,1,3,1,0,18,0.7222222222222222
5374,14,1,3,1,0,19,0.7368421052631579
5375,13,1,3,1,0,18,0.7222222222222222
5376,11,1,2,1,0,15,0.7333333333333333
5377,13,1,3,1,0,18,0.7222222222222222
5378,13,1,3,1,0,18,0.7222222222222222
5379,12,1,3,1,0,17,0.7058823529411765
5380,12,1,3,1,0,17,0.7058823529411765
5381,13,1,3,1,0,18,0.7222222222222222
5382,12,1,3,1,0,17,0.7058823529411765
5383,13,1,3,1,0,18,0.7222222222222222
5384,12,1,3,1,0,17,0.7058823529411765
5385,12,1,3,1,0,17,0.7058823529411765
5386,12,1,3,1,0,17,0.7058823529411765
5387,13,1,3,1,0,18,0.7222222222222222
5388,13,1,3,1,0,18,0.7222222222222222
5389,12,1,3,1,0,17,0.7058823529411765
5390,14,1,3,1,0,19,0.7368421052631579
5391,11,1,3,1,0,16,0.6875
5392,11,1,3,1,0,16,0.6875
5393,11,1,3,1,0,16,0.6875
5394,11,1,3,1,0,16,0.6875
5395,14,1,3,1,0,19,0.7368421052631579
5396,11,1,3,1,0,16,0.6875
5397,11,1,3,1,0,16,0.6875
5398,13,1,3,1,0,18,0.7222222222222222
5399,14,1,3,1,0,19,0.7368421052631579
5400,11,1,3,1,0,16,0.6875
5401,12,1,3,1,0,17,0.7058823529411765
5402,11,1,3,1,0,16,0.6875
5403,12,1,3,1,0,17,0.7058823529411765
5404,13,1,3,1,0,18,0.7222222222222222
5405,12,1,3,1,0,17,0.7058823529411765
5406,13,1,3,1,0,18,0.7222222222222222
5407,11,1,2,1,0,15,0.7333333333333333
5408,12,1,2,1,0,16,0.75
5409,11,1,3,1,0,16,0.6875
5410,12,1,3,1,0,17,0.7058823529411765
5411,12,1,3,1,0,17,0.7058823529411765
5412,13,1,3,1,0,18,0.7222222222222222
5413,11,1,3,1,0,16,0.6875
5414,11,1,4,1,0,17,0.6470588235294118
5415,11,1,2,1,0,15,0.7333333333333333
5416,12,1,3,1,0,17,0.7058823529411765
5417,11,1,3,1,0,16,0.6875
5418,13,1,3,1,0,18,0.7222222222222222
5419,12,1,3,1,0,17,0.7058823529411765
5420,10,1,3,1,0,15,0.6666666666666666
5421,11,1,2,1,0,15,0.7333333333333333
5422,12,1,2,1,0,16,0.75
5423,12,1,3,1,0,17,0.7058823529411765
5424,11,1,3,1,0,16,0.6875
5425,13,1,3,1,0,18,0.7222222222222222
5426,10,1,3,1,0,15,0.6666666666666666
5427,12,1,2,1,0,16,0.75
5428,9,1,3,1,0,14,0.6428571428571429
5429,13,1,3,1,0,18,0.7222222222222222
5430,9,1,3,1,0,14,0.6428571428571429
5431,12,1,3,1,0,17,0.7058823529411765
5432,13,1,3,1,0,18,0.7222222222222222
5433,11,1,3,1,0,16,0.6875
5434,10,1,2,1,0,14,0.7142857142857143
5435,13,1,3,1,0,18,0.7222222222222222
5436,12,1,3,1,0,17,0.7058823529411765
5437,13,1,3,1,0,18,0.7222222222222222
5438,11,1,3,1,0,16,0.6875
5439,13,1,3,1,0,18,0.7222222222222222
5440,11,1,3,1,0,16,0.6875
5441,13,1,3,1,0,18,0.7222222222222222
5442,11,1,3,1,0,16,0.6875
5443,12,1,3,1,0,17,0.7058823529411765
5444,12,1,3,1,0,17,0.7058823529411765
5445,11,1,3,1,0,16,0.6875
5446,12,1,3,1,0,17,0.7058823529411765
5447,12,1,2,1,0,16,0.75
5448,12,1,3,1,0,17,0.7058823529411765
5449,13,1,2,1,0,17,0.7647058823529411
5450,13,1,3,1,0,18,0.7222222222222222
5451,12,1,3,1,0,17,0.7058823529411765
5452,13,1,2,1,0,17,0.7647058823529411
5453,11,1,2,1,0,15,0.7333333333333333
5454,9,1,3,1,0,14,0.6428571428571429
5455,12,1,3,1,0,17,0.7058823529411765
5456,11,1,3,1,0,16,0.6875
5457,10,1,3,1,0,15,0.6666666666666666
5458,11,1,2,1,0,15,0.7333333333333333
5459,10,1,2,1,0,14,0.7142857142857143
5460,11,1,3,1,0,16,0.6875
5461,10,1,3,1,0,15,0.6666666666666666
5462,10,1,3,1,0,15,0.6666666666666666
5463,11,1,2,1,0,15,0.7333333333333333
5464,11,1,2,1,0,15,0.7333333333333333
5465,13,1,3,1,0,18,0.7222222222222222
5466,11,1,2,1,0,15,0.7333333333333333
5467,13,1,2,1,0,17,0.7647058823529411
5468,11,1,2,1,0,15,0.7333333333333333
5469,11,1,2,1,0,15,0.7333333333333333
5470,11,1,3,1,0,16,0.6875
5471,12,1,3,1,0,17,0.7058823529411765
5472,11,1,3,1,0,16,0.6875
5473,11,1,3,1,0,16,0.6875
5474,11,1,2,1,0,15,0.7333333333333333
5475,11,1,2,1,0,15,0.7333333333333333
5476,12,1,3,1,0,17,0.7058823529411765
5477,10,1,3,1,0,15,0.6666666666666666
5478,11,1,2,1,0,15,0.7333333333333333
5479,11,1,3,1,0,16,0.6875
5480,11,1,3,1,0,16,0.6875
5481,11,1,3,1,0,16,0.6875
5482,12,1,3,1,0,17,0.7058823529411765
5483,8,1,3,1,0,13,0.6153846153846154
5484,11,1,3,1,0,16,0.6875
5485,13,1,2,1,0,17,0.7647058823529411
5486,13,1,3,1,0,18,0.7222222222222222
5487,10,1,3,1,0,15,0.6666666666666666
5488,11,1,2,1,0,15,0.7333333333333333
5489,12,1,3,1,0,17,0.7058823529411765
5490,11,1,2,1,0,15,0.7333333333333333
5491,11,1,3,1,0,16,0.6875
5492,11,1,2,1,0,15,0.7333333333333333
5493,11,1,3,1,0,16,0.6875
5494,10,1,3,1,0,15,0.6666666666666666
5495,11,1,2,1,0,15,0.7333333333333333
5496,11,1,3,1,0,16,0.6875
5497,10,1,3,1,0,15,0.6666666666666666
5498,13,1,2,1,0,17,0.7647058823529411
5499,12,1,3,1,0,17,0.7058823529411765
5500,12,1,3,1,0,17,0.7058823529411765
5501,11,1,3,1,0,16,0.6875
5502,10,1,2,1,0,14,0.7142857142857143
5503,11,1,3,1,0,16,0.6875
5504,11,1,3,1,0,16,0.6875
5505,11,1,3,1,0,16,0.6875
5506,11,1,2,1,0,15,0.7333333333333333
5507,10,1,3,1,0,15,0.6666666666666666
5508,12,1,3,1,0,17,0.7058823529411765
5509,11,1,3,1,0,16,0.6875
5510,10,1,3,1,0,15,0.6666666666666666
5511,10,1,3,1,0,15,0.6666666666666666
5512,12,1,3,1,0,17,0.7058823529411765
5513,11,1,3,1,0,16,0.6875
5514,9,1,3,1,0,14,0.6428571428571429
5515,13,1,3,1,0,18,0.7222222222222222
5516,11,1,3,1,0,16,0.6875
5517,12,1,3,1,0,17,0.7058823529411765
5518,11,1,3,1,0,16,0.6875
5519,11,1,3,1,0,16,0.6875
5520,11,1,3,1,0,16,0.6875
5521,10,1,3,1,0,15,0.6666666666666666
5522,11,1,3,1,0,16,0.6875
5523,12,1,3,1,0,17,0.7058823529411765
5524,12,1,3,1,0,17,0.7058823529411765
5525,10,1,3,1,0,15,0.6666666666666666
5526,12,1,3,1,0,17,0.7058823529411765
5527,12,1,3,1,0,17,0.7058823529411765
5528,11,1,3,1,0,16,0.6875
5529,13,1,2,1,0,17,0.7647058823529411
5530,12,1,3,1,0,17,0.7058823529411765
5531,12,1,2,1,0,16,0.75
5532,11,1,2,1,0,15,0.7333333333333333
5533,10,1,3,1,0,15,0.6666666666666666
5534,11,1,3,1,0,16,0.6875
5535,11,1,3,1,0,16,0.6875
5536,12,1,3,1,0,17,0.7058823529411765
5537,11,1,3,1,0,16,0.6875
5538,11,1,3,1,0,16,0.6875
5539,10,1,3,1,0,15,0.6666666666666666
5540,11,1,3,1,0,16,0.6875
5541,10,1,3,1,0,15,0.6666666666666666
5542,11,1,3,1,0,16,0.6875
5543,11,1,3,1,0,16,0.6875
5544,11,1,3,1,0,16,0.6875
5545,11,1,3,1,0,16,0.6875
5546,11,1,3,1,0,16,0.6875
5547,11,1,3,1,0,16,0.6875
5548,11,1,3,1,0,16,0.6875
5549,10,1,3,1,0,15,0.6666666666666666
5550,11,1,3,1,0,16,0.6875
5551,11,1,3,1,0,16,0.6875
5552,11,1,3,1,0,16,0.6875
5553,11,1,2,1,0,15,0.7333333333333333
5554,11,1,3,1,0,16,0.6875
5555,12,1,3,1,0,17,0.7058823529411765
5556,11,1,3,1,0,16,0.6875
5557,10,1,3,1,0,15,0.6666666666666666
5558,11,1,3,1,0,16,0.6875
5559,11,1,3,1,0,16,0.6875
5560,11,1,3,1,0,16,0.6875
5561,11,1,3,1,0,16,0.6875
5562,11,1,3,1,0,16,0.6875
5563,11,1,3,1,0,16,0.6875
5564,11,1,3,1,0,16,0.6875
5565,11,1,3,1,0,16,0.6875
5566,12,1,3,1,0,17,0.7058823529411765
5567,12,1,3,2,0,18,0.6666666666666666
5568,11,1,3,1,0,16,0.6875
5569,10,1,3,1,0,15,0.6666666666666666
5570,11,1,3,1,0,16,0.6875
5571,11,2,3,1,0,17,0.6470588235294118
5572,9,1,3,1,0,14,0.6428571428571429
5573,11,1,3,1,0,16,0.6875
5574,12,1,3,1,0,17,0.7058823529411765
5575,11,1,3,1,0,16,0.6875
5576,12,1,3,1,0,17,0.7058823529411765
5577,12,1,3,1,0,17,0.7058823529411765
5578,12,1,3,1,0,17,0.7058823529411765
5579,12,1,3,1,0,17,0.7058823529411765
5580,11,1,2,1,0,15,0.7333333333333333
5581,11,1,3,1,0,16,0.6875
5582,10,1,3,1,0,15,0.6666666666666666
5583,9,1,2,1,0,13,0.6923076923076923
5584,11,1,3,1,0,16,0.6875
5585,9,1,3,1,0,14,0.6428571428571429
5586,10,1,3,1,0,15,0.6666666666666666
5587,10,1,3,1,0,15,0.6666666666666666
5588,11,1,3,1,0,16,0.6875
5589,12,1,3,1,0,17,0.7058823529411765
5590,10,1,2,1,0,14,0.7142857142857143
5591,12,1,3,1,0,17,0.7058823529411765
5592,10,1,3,1,0,15,0.6666666666666666
5593,12,1,3,1,0,17,0.7058823529411765
5594,10,1,2,1,0,14,0.7142857142857143
5595,11,1,3,1,0,16,0.6875
5596,8,1,3,1,0,13,0.6153846153846154
5597,12,1,3,1,0,17,0.7058823529411765
5598,11,1,3,1,0,16,0.6875
5599,11,1,3,1,0,16,0.6875
