frame,n_hydrophobic,n_polar,n_pos_charged,n_neg_charged,n_other,n_total,frac_hydrophobic
0,10,1,5,1,0,17,0.5882352941176471
1,13,2,5,1,0,21,0.6190476190476191
2,12,0,5,1,0,18,0.6666666666666666
3,11,1,4,1,0,17,0.6470588235294118
4,14,1,5,1,0,21,0.6666666666666666
5,13,2,5,1,0,21,0.6190476190476191
6,10,2,5,1,0,18,0.5555555555555556
7,12,1,4,1,0,18,0.6666666666666666
8,12,0,5,1,0,18,0.6666666666666666
9,12,0,5,1,0,18,0.6666666666666666
10,11,3,4,1,0,19,0.5789473684210527
11,12,1,5,1,0,19,0.631578947368421
12,11,0,5,1,0,17,0.6470588235294118
13,10,2,5,1,0,18,0.5555555555555556
14,12,0,5,1,0,18,0.6666666666666666
15,9,2,5,1,0,17,0.5294117647058824
16,13,0,5,1,0,19,0.6842105263157895
17,13,1,4,1,0,19,0.6842105263157895
18,12,1,4,1,0,18,0.6666666666666666
19,13,2,5,1,0,21,0.6190476190476191
20,11,1,4,1,0,17,0.6470588235294118
21,13,1,5,1,0,20,0.65
22,12,2,5,1,0,20,0.6
23,12,2,5,1,0,20,0.6
24,10,0,5,1,0,16,0.625
25,12,0,4,1,0,17,0.7058823529411765
26,13,1,5,1,0,20,0.65
27,11,2,5,1,0,19,0.5789473684210527
28,12,1,5,1,0,19,0.631578947368421
29,12,2,4,1,0,19,0.631578947368421
30,12,2,4,1,0,19,0.631578947368421
31,10,0,4,1,0,15,0.6666666666666666
32,12,1,4,1,0,18,0.6666666666666666
33,13,1,5,1,0,20,0.65
34,13,2,5,1,0,21,0.6190476190476191
35,12,1,4,1,0,18,0.6666666666666666
36,13,0,5,1,0,19,0.6842105263157895
37,11,1,5,1,0,18,0.6111111111111112
38,13,2,5,1,0,21,0.6190476190476191
39,11,1,5,1,0,18,0.6111111111111112
40,13,2,5,1,0,21,0.6190476190476191
41,13,2,4,1,0,20,0.65
42,11,0,5,1,0,17,0.6470588235294118
43,12,1,5,1,0,19,0.631578947368421
44,11,0,5,1,0,17,0.6470588235294118
45,13,1,5,1,0,20,0.65
46,14,0,5,1,0,20,0.7
47,12,1,5,1,0,19,0.631578947368421
48,12,1,5,1,0,19,0.631578947368421
49,13,0,5,1,0,19,0.6842105263157895
50,12,1,5,1,0,19,0.631578947368421
51,13,1,5,1,0,20,0.65
52,10,2,5,1,0,18,0.5555555555555556
53,13,1,5,1,0,20,0.65
54,12,1,5,1,0,19,0.631578947368421
55,12,1,5,1,0,19,0.631578947368421
56,11,1,5,1,0,18,0.6111111111111112
57,12,1,5,1,0,19,0.631578947368421
58,13,0,5,1,0,19,0.6842105263157895
59,11,0,4,1,0,16,0.6875
60,12,1,5,1,0,19,0.631578947368421
61,13,2,5,1,0,21,0.6190476190476191
62,11,1,5,1,0,18,0.6111111111111112
63,12,1,5,1,0,19,0.631578947368421
64,12,2,4,1,0,19,0.631578947368421
65,11,1,5,1,0,18,0.6111111111111112
66,12,1,5,1,0,19,0.631578947368421
67,13,2,5,1,0,21,0.6190476190476191
68,11,0,5,1,0,17,0.6470588235294118
69,12,1,5,1,0,19,0.631578947368421
70,12,2,4,1,0,19,0.631578947368421
71,11,1,5,1,0,18,0.6111111111111112
72,12,2,5,1,0,20,0.6
73,9,1,4,1,0,15,0.6
74,12,1,4,1,0,18,0.6666666666666666
75,12,1,4,1,0,18,0.6666666666666666
76,13,0,4,1,0,18,0.7222222222222222
77,12,1,5,1,0,19,0.631578947368421
78,11,0,5,1,0,17,0.6470588235294118
79,13,0,5,1,0,19,0.6842105263157895
80,14,0,5,1,0,20,0.7
81,10,1,4,1,0,16,0.625
82,10,1,5,1,0,17,0.5882352941176471
83,11,1,4,1,0,17,0.6470588235294118
84,11,1,4,1,0,17,0.6470588235294118
85,12,1,4,1,0,18,0.6666666666666666
86,12,0,5,1,0,18,0.6666666666666666
87,12,2,5,1,0,20,0.6
88,11,0,5,1,0,17,0.6470588235294118
89,11,1,5,1,0,18,0.6111111111111112
90,11,2,5,1,0,19,0.5789473684210527
91,10,2,5,1,0,18,0.5555555555555556
92,11,2,4,1,0,18,0.6111111111111112
93,11,1,5,1,0,18,0.6111111111111112
94,13,1,4,1,0,19,0.6842105263157895
95,11,1,5,1,0,18,0.6111111111111112
96,12,1,4,1,0,18,0.6666666666666666
97,13,2,4,1,0,20,0.65
98,12,1,4,1,0,18,0.6666666666666666
99,12,0,4,1,0,17,0.7058823529411765
100,12,1,4,1,0,18,0.6666666666666666
101,12,2,5,1,0,20,0.6
102,12,0,4,1,0,17,0.7058823529411765
103,11,1,4,1,0,17,0.6470588235294118
104,11,2,4,1,0,18,0.6111111111111112
105,12,2,5,1,0,20,0.6
106,13,2,4,1,0,20,0.65
107,12,2,5,1,0,20,0.6
108,12,1,5,1,0,19,0.631578947368421
109,10,2,5,1,0,18,0.5555555555555556
110,13,2,4,1,0,20,0.65
111,14,2,5,1,0,22,0.6363636363636364
112,11,1,5,1,0,18,0.6111111111111112
113,11,1,5,1,0,18,0.6111111111111112
114,12,2,4,1,0,19,0.631578947368421
115,10,1,5,1,0,17,0.5882352941176471
116,12,0,5,1,0,18,0.6666666666666666
117,11,2,5,1,0,19,0.5789473684210527
118,12,1,5,1,0,19,0.631578947368421
119,13,1,5,1,0,20,0.65
120,13,2,5,1,0,21,0.6190476190476191
121,11,2,5,1,0,19,0.5789473684210527
122,13,1,4,1,0,19,0.6842105263157895
123,10,3,4,1,0,18,0.5555555555555556
124,13,1,4,1,0,19,0.6842105263157895
125,12,1,5,1,0,19,0.631578947368421
126,14,0,5,1,0,20,0.7
127,11,2,5,1,0,19,0.5789473684210527
128,13,2,4,1,0,20,0.65
129,13,2,5,1,0,21,0.6190476190476191
130,12,2,5,1,0,20,0.6
131,13,3,4,1,0,21,0.6190476190476191
132,12,3,4,1,0,20,0.6
133,13,0,5,1,0,19,0.6842105263157895
134,9,1,4,1,0,15,0.6
135,12,2,4,1,0,19,0.631578947368421
136,11,2,5,1,0,19,0.5789473684210527
137,12,2,5,1,0,20,0.6
138,12,1,5,1,0,19,0.631578947368421
139,10,1,5,1,0,17,0.5882352941176471
140,13,3,5,1,0,22,0.5909090909090909
141,11,2,5,1,0,19,0.5789473684210527
142,11,2,4,1,0,18,0.6111111111111112
143,13,2,4,1,0,20,0.65
144,10,2,4,1,0,17,0.5882352941176471
145,11,2,5,1,0,19,0.5789473684210527
146,11,2,5,1,0,19,0.5789473684210527
147,11,1,5,1,0,18,0.6111111111111112
148,12,2,5,1,0,20,0.6
149,10,1,5,1,0,17,0.5882352941176471
150,12,2,5,1,0,20,0.6
151,11,3,5,1,0,20,0.55
152,11,0,4,1,0,16,0.6875
153,12,2,5,1,0,20,0.6
154,11,2,5,1,0,19,0.5789473684210527
155,10,1,5,1,0,17,0.5882352941176471
156,12,1,5,1,0,19,0.631578947368421
157,13,1,4,1,0,19,0.6842105263157895
158,12,0,5,1,0,18,0.6666666666666666
159,12,0,5,1,0,18,0.6666666666666666
160,13,2,5,1,0,21,0.6190476190476191
161,13,0,5,1,0,19,0.6842105263157895
162,12,2,4,1,0,19,0.631578947368421
163,10,2,5,1,0,18,0.5555555555555556
164,11,2,5,1,0,19,0.5789473684210527
165,12,2,5,1,0,20,0.6
166,12,1,5,1,0,19,0.631578947368421
167,10,2,5,1,0,18,0.5555555555555556
168,10,1,4,1,0,16,0.625
169,10,1,4,1,0,16,0.625
170,10,2,5,1,0,18,0.5555555555555556
171,11,2,5,1,0,19,0.5789473684210527
172,12,2,5,1,0,20,0.6
173,11,2,4,1,0,18,0.6111111111111112
174,12,2,4,1,0,19,0.631578947368421
175,11,0,5,1,0,17,0.6470588235294118
176,11,1,4,1,0,17,0.6470588235294118
177,13,2,5,1,0,21,0.6190476190476191
178,13,1,5,1,0,20,0.65
179,12,2,4,1,0,19,0.631578947368421
180,13,0,5,1,0,19,0.6842105263157895
181,14,1,4,1,0,20,0.7
182,11,1,5,1,0,18,0.6111111111111112
183,13,2,5,1,0,21,0.6190476190476191
184,12,2,5,1,0,20,0.6
185,11,2,3,1,0,17,0.6470588235294118
186,14,2,3,1,0,20,0.7
187,14,1,4,1,0,20,0.7
188,14,2,4,1,0,21,0.6666666666666666
189,11,2,3,1,0,17,0.6470588235294118
190,10,2,4,1,0,17,0.5882352941176471
191,14,2,4,1,0,21,0.6666666666666666
192,14,2,3,1,0,20,0.7
193,14,2,3,1,0,20,0.7
194,13,2,3,1,0,19,0.6842105263157895
195,13,2,3,1,0,19,0.6842105263157895
196,14,1,4,1,0,20,0.7
197,13,2,4,1,0,20,0.65
198,14,2,4,1,0,21,0.6666666666666666
199,13,2,3,1,0,19,0.6842105263157895
200,12,2,3,1,0,18,0.6666666666666666
201,13,2,3,1,0,19,0.6842105263157895
202,13,2,3,1,0,19,0.6842105263157895
203,13,2,3,1,0,19,0.6842105263157895
204,12,2,4,1,0,19,0.631578947368421
205,13,2,3,1,0,19,0.6842105263157895
206,13,1,5,1,0,20,0.65
207,12,2,5,1,0,20,0.6
208,13,1,5,1,0,20,0.65
209,11,3,4,1,0,19,0.5789473684210527
210,13,1,5,1,0,20,0.65
211,13,2,5,1,0,21,0.6190476190476191
212,12,1,4,1,0,18,0.6666666666666666
213,11,2,5,1,0,19,0.5789473684210527
214,11,3,5,1,0,20,0.55
215,11,3,5,1,0,20,0.55
216,11,2,5,1,0,19,0.5789473684210527
217,12,2,5,1,0,20,0.6
218,12,1,5,1,0,19,0.631578947368421
219,11,3,5,1,0,20,0.55
220,12,1,5,1,0,19,0.631578947368421
221,12,1,4,1,0,18,0.6666666666666666
222,12,3,5,1,0,21,0.5714285714285714
223,11,1,5,1,0,18,0.6111111111111112
224,12,2,5,1,0,20,0.6
225,10,2,5,1,0,18,0.5555555555555556
226,13,3,5,1,0,22,0.5909090909090909
227,12,2,4,1,0,19,0.631578947368421
228,12,1,5,1,0,19,0.631578947368421
229,14,2,5,1,0,22,0.6363636363636364
230,12,1,5,1,0,19,0.631578947368421
231,12,2,5,1,0,20,0.6
232,11,2,5,1,0,19,0.5789473684210527
233,13,2,5,1,0,21,0.6190476190476191
234,12,1,5,1,0,19,0.631578947368421
235,14,1,5,1,0,21,0.6666666666666666
236,12,2,5,1,0,20,0.6
237,13,3,5,1,0,22,0.5909090909090909
238,13,2,5,1,0,21,0.6190476190476191
239,14,3,5,1,0,23,0.6086956521739131
240,12,2,5,1,0,20,0.6
241,14,3,5,1,0,23,0.6086956521739131
242,13,1,5,1,0,20,0.65
243,13,3,5,1,0,22,0.5909090909090909
244,11,3,5,1,0,20,0.55
245,12,3,5,1,0,21,0.5714285714285714
246,13,2,5,1,0,21,0.6190476190476191
247,13,2,5,1,0,21,0.6190476190476191
248,14,2,5,1,0,22,0.6363636363636364
249,13,3,5,1,0,22,0.5909090909090909
250,12,2,5,1,0,20,0.6
251,12,3,4,1,0,20,0.6
252,13,2,5,1,0,21,0.6190476190476191
253,14,2,5,1,0,22,0.6363636363636364
254,13,2,5,1,0,21,0.6190476190476191
255,13,2,5,1,0,21,0.6190476190476191
256,11,2,5,1,0,19,0.5789473684210527
257,12,1,5,1,0,19,0.631578947368421
258,14,2,5,1,0,22,0.6363636363636364
259,14,1,5,1,0,21,0.6666666666666666
260,13,2,5,1,0,21,0.6190476190476191
261,14,3,5,1,0,23,0.6086956521739131
262,13,2,4,1,0,20,0.65
263,14,2,4,1,0,21,0.6666666666666666
264,12,2,5,1,0,20,0.6
265,12,2,5,1,0,20,0.6
266,15,1,5,1,0,22,0.6818181818181818
267,12,2,5,1,0,20,0.6
268,11,2,4,1,0,18,0.6111111111111112
269,15,1,5,1,0,22,0.6818181818181818
270,13,2,5,1,0,21,0.6190476190476191
271,14,2,5,1,0,22,0.6363636363636364
272,13,2,5,1,0,21,0.6190476190476191
273,14,3,5,1,0,23,0.6086956521739131
274,14,2,5,1,0,22,0.6363636363636364
275,15,2,5,1,0,23,0.6521739130434783
276,13,1,5,1,0,20,0.65
277,13,3,5,1,0,22,0.5909090909090909
278,15,3,5,1,0,24,0.625
279,10,3,5,1,0,19,0.5263157894736842
280,15,1,5,1,0,22,0.6818181818181818
281,14,1,5,1,0,21,0.6666666666666666
282,14,2,5,1,0,22,0.6363636363636364
283,13,3,5,1,0,22,0.5909090909090909
284,15,2,5,1,0,23,0.6521739130434783
285,13,2,5,1,0,21,0.6190476190476191
286,12,2,5,1,0,20,0.6
287,11,2,5,1,0,19,0.5789473684210527
288,13,2,5,1,0,21,0.6190476190476191
289,13,1,5,1,0,20,0.65
290,11,3,5,1,0,20,0.55
291,14,2,5,1,0,22,0.6363636363636364
292,14,2,5,1,0,22,0.6363636363636364
293,14,1,5,1,0,21,0.6666666666666666
294,14,3,5,1,0,23,0.6086956521739131
295,13,3,5,1,0,22,0.5909090909090909
296,13,2,5,1,0,21,0.6190476190476191
297,12,1,5,1,0,19,0.631578947368421
298,10,1,5,1,0,17,0.5882352941176471
299,11,2,5,1,0,19,0.5789473684210527
300,14,1,5,1,0,21,0.6666666666666666
301,10,2,5,1,0,18,0.5555555555555556
302,11,3,5,1,0,20,0.55
303,14,3,5,1,0,23,0.6086956521739131
304,13,2,5,1,0,21,0.6190476190476191
305,13,2,5,1,0,21,0.6190476190476191
306,14,3,5,1,0,23,0.6086956521739131
307,13,3,5,1,0,22,0.5909090909090909
308,13,3,5,1,0,22,0.5909090909090909
309,12,2,5,1,0,20,0.6
310,11,2,5,1,0,19,0.5789473684210527
311,10,2,5,1,0,18,0.5555555555555556
312,11,1,4,1,0,17,0.6470588235294118
313,10,1,5,1,0,17,0.5882352941176471
314,12,2,5,1,0,20,0.6
315,10,2,5,1,0,18,0.5555555555555556
316,14,3,5,1,0,23,0.6086956521739131
317,14,1,5,1,0,21,0.6666666666666666
318,13,2,4,1,0,20,0.65
319,12,2,4,1,0,19,0.631578947368421
320,13,3,5,1,0,22,0.5909090909090909
321,12,2,5,1,0,20,0.6
322,15,3,5,1,0,24,0.625
323,13,3,5,1,0,22,0.5909090909090909
324,13,2,5,1,0,21,0.6190476190476191
325,12,2,5,1,0,20,0.6
326,13,1,5,1,0,20,0.65
327,12,2,5,1,0,20,0.6
328,13,1,5,1,0,20,0.65
329,13,2,5,1,0,21,0.6190476190476191
330,12,2,5,1,0,20,0.6
331,12,1,5,1,0,19,0.631578947368421
332,13,2,5,1,0,21,0.6190476190476191
333,11,1,5,1,0,18,0.6111111111111112
334,14,3,5,1,0,23,0.6086956521739131
335,14,2,5,1,0,22,0.6363636363636364
336,12,2,5,1,0,20,0.6
337,10,2,5,1,0,18,0.5555555555555556
338,12,2,5,1,0,20,0.6
339,11,2,4,1,0,18,0.6111111111111112
340,13,1,4,1,0,19,0.6842105263157895
341,14,2,4,1,0,21,0.6666666666666666
342,12,2,4,1,0,19,0.631578947368421
343,11,2,4,1,0,18,0.6111111111111112
344,12,2,4,1,0,19,0.631578947368421
345,12,2,4,1,0,19,0.631578947368421
346,12,1,4,1,0,18,0.6666666666666666
347,10,2,4,1,0,17,0.5882352941176471
348,11,2,4,1,0,18,0.6111111111111112
349,13,2,4,1,0,20,0.65
350,12,2,3,1,0,18,0.6666666666666666
351,13,1,4,1,0,19,0.6842105263157895
352,13,1,4,1,0,19,0.6842105263157895
353,9,2,4,1,0,16,0.5625
354,10,3,3,1,0,17,0.5882352941176471
355,12,1,4,1,0,18,0.6666666666666666
356,10,1,4,1,0,16,0.625
357,10,2,4,1,0,17,0.5882352941176471
358,11,2,4,1,0,18,0.6111111111111112
359,11,2,4,1,0,18,0.6111111111111112
360,10,2,4,1,0,17,0.5882352941176471
361,13,1,4,1,0,19,0.6842105263157895
362,13,2,4,1,0,20,0.65
363,11,2,4,1,0,18,0.6111111111111112
364,11,2,4,1,0,18,0.6111111111111112
365,11,2,4,1,0,18,0.6111111111111112
366,13,2,4,1,0,20,0.65
367,14,1,4,1,0,20,0.7
368,14,1,4,1,0,20,0.7
369,13,3,4,1,0,21,0.6190476190476191
370,12,1,4,1,0,18,0.6666666666666666
371,13,2,4,1,0,20,0.65
372,11,2,4,1,0,18,0.6111111111111112
373,12,1,4,1,0,18,0.6666666666666666
374,12,2,4,1,0,19,0.631578947368421
375,12,1,4,1,0,18,0.6666666666666666
376,10,2,4,1,0,17,0.5882352941176471
377,11,2,4,1,0,18,0.6111111111111112
378,11,2,4,1,0,18,0.6111111111111112
379,11,2,4,1,0,18,0.6111111111111112
380,12,0,4,1,0,17,0.7058823529411765
381,13,1,4,1,0,19,0.6842105263157895
382,12,2,4,1,0,19,0.631578947368421
383,13,2,4,1,0,20,0.65
384,13,2,4,1,0,20,0.65
385,13,1,4,1,0,19,0.6842105263157895
386,11,1,4,1,0,17,0.6470588235294118
387,11,2,4,1,0,18,0.6111111111111112
388,11,2,4,1,0,18,0.6111111111111112
389,12,2,4,1,0,19,0.631578947368421
390,13,3,3,1,0,20,0.65
391,15,3,4,1,0,23,0.6521739130434783
392,13,1,4,1,0,19,0.6842105263157895
393,12,3,4,1,0,20,0.6
394,12,2,4,1,0,19,0.631578947368421
395,13,2,4,1,0,20,0.65
396,10,3,4,1,0,18,0.5555555555555556
397,13,2,4,1,0,20,0.65
398,12,2,4,1,0,19,0.631578947368421
399,11,2,4,1,0,18,0.6111111111111112
400,11,2,4,1,0,18,0.6111111111111112
401,10,2,4,1,0,17,0.5882352941176471
402,11,3,4,1,0,19,0.5789473684210527
403,12,2,4,1,0,19,0.631578947368421
404,14,2,4,1,0,21,0.6666666666666666
405,14,3,4,1,0,22,0.6363636363636364
406,13,2,4,1,0,20,0.65
407,13,2,4,1,0,20,0.65
408,13,2,4,1,0,20,0.65
409,14,1,4,1,0,20,0.7
410,13,3,4,1,0,21,0.6190476190476191
411,14,2,4,1,0,21,0.6666666666666666
412,13,2,4,1,0,20,0.65
413,13,1,4,1,0,19,0.6842105263157895
414,13,2,4,1,0,20,0.65
415,15,2,4,1,0,22,0.6818181818181818
416,11,1,4,1,0,17,0.6470588235294118
417,14,2,4,1,0,21,0.6666666666666666
418,15,2,4,1,0,22,0.6818181818181818
419,14,0,4,1,0,19,0.7368421052631579
420,12,2,4,1,0,19,0.631578947368421
421,15,2,4,1,0,22,0.6818181818181818
422,13,2,4,1,0,20,0.65
423,12,1,4,1,0,18,0.6666666666666666
424,14,2,4,1,0,21,0.6666666666666666
425,14,2,4,1,0,21,0.6666666666666666
426,13,3,4,1,0,21,0.6190476190476191
427,11,2,4,1,0,18,0.6111111111111112
428,14,2,4,1,0,21,0.6666666666666666
429,12,2,4,1,0,19,0.631578947368421
430,12,1,4,1,0,18,0.6666666666666666
431,13,2,4,1,0,20,0.65
432,12,3,4,1,0,20,0.6
433,13,3,4,1,0,21,0.6190476190476191
434,14,3,5,1,0,23,0.6086956521739131
435,13,2,4,1,0,20,0.65
436,13,1,4,1,0,19,0.6842105263157895
437,10,0,4,1,0,15,0.6666666666666666
438,14,2,4,1,0,21,0.6666666666666666
439,11,1,4,1,0,17,0.6470588235294118
440,12,3,4,1,0,20,0.6
441,13,3,4,1,0,21,0.6190476190476191
442,12,2,4,1,0,19,0.631578947368421
443,14,2,5,1,0,22,0.6363636363636364
444,11,2,5,1,0,19,0.5789473684210527
445,11,0,5,1,0,17,0.6470588235294118
446,12,3,5,1,0,21,0.5714285714285714
447,12,1,4,1,0,18,0.6666666666666666
448,12,2,5,1,0,20,0.6
449,11,2,4,1,0,18,0.6111111111111112
450,14,2,5,1,0,22,0.6363636363636364
451,13,3,5,1,0,22,0.5909090909090909
452,10,2,4,1,0,17,0.5882352941176471
453,13,3,5,1,0,22,0.5909090909090909
454,13,2,5,1,0,21,0.6190476190476191
455,11,3,5,1,0,20,0.55
456,11,2,5,1,0,19,0.5789473684210527
457,11,2,5,1,0,19,0.5789473684210527
458,14,1,5,1,0,21,0.6666666666666666
459,15,2,5,1,0,23,0.6521739130434783
460,12,2,5,1,0,20,0.6
461,12,2,5,1,0,20,0.6
462,14,1,5,1,0,21,0.6666666666666666
463,12,3,5,1,0,21,0.5714285714285714
464,13,1,5,1,0,20,0.65
465,12,2,5,1,0,20,0.6
466,14,2,5,1,0,22,0.6363636363636364
467,13,3,5,1,0,22,0.5909090909090909
468,13,2,5,1,0,21,0.6190476190476191
469,12,1,5,1,0,19,0.631578947368421
470,12,2,5,1,0,20,0.6
471,12,2,5,1,0,20,0.6
472,14,0,5,1,0,20,0.7
473,13,2,5,1,0,21,0.6190476190476191
474,12,2,5,1,0,20,0.6
475,14,2,5,1,0,22,0.6363636363636364
476,12,2,5,1,0,20,0.6
477,13,1,5,1,0,20,0.65
478,14,2,5,1,0,22,0.6363636363636364
479,14,1,5,1,0,21,0.6666666666666666
480,12,2,5,1,0,20,0.6
481,12,2,5,1,0,20,0.6
482,14,1,5,1,0,21,0.6666666666666666
483,13,2,5,1,0,21,0.6190476190476191
484,12,2,5,1,0,20,0.6
485,15,2,5,1,0,23,0.6521739130434783
486,12,2,5,1,0,20,0.6
487,11,2,5,1,0,19,0.5789473684210527
488,14,3,5,1,0,23,0.6086956521739131
489,14,2,5,1,0,22,0.6363636363636364
490,14,2,5,1,0,22,0.6363636363636364
491,12,3,5,1,0,21,0.5714285714285714
492,14,2,5,1,0,22,0.6363636363636364
493,12,3,4,1,0,20,0.6
494,13,2,5,1,0,21,0.6190476190476191
495,13,2,5,1,0,21,0.6190476190476191
496,15,3,5,1,0,24,0.625
497,14,2,5,1,0,22,0.6363636363636364
498,12,2,5,1,0,20,0.6
499,11,2,5,1,0,19,0.5789473684210527
500,15,2,5,1,0,23,0.6521739130434783
501,12,1,5,1,0,19,0.631578947368421
502,14,2,5,1,0,22,0.6363636363636364
503,11,2,5,1,0,19,0.5789473684210527
504,11,1,5,1,0,18,0.6111111111111112
505,12,2,5,1,0,20,0.6
506,13,2,5,1,0,21,0.6190476190476191
507,13,2,5,1,0,21,0.6190476190476191
508,12,2,5,1,0,20,0.6
509,12,1,5,1,0,19,0.631578947368421
510,13,3,5,1,0,22,0.5909090909090909
511,14,2,5,1,0,22,0.6363636363636364
512,16,2,5,1,0,24,0.6666666666666666
513,14,1,5,1,0,21,0.6666666666666666
514,13,2,4,1,0,20,0.65
515,13,2,5,1,0,21,0.6190476190476191
516,12,2,5,1,0,20,0.6
517,14,1,5,1,0,21,0.6666666666666666
518,13,2,5,1,0,21,0.6190476190476191
519,14,2,5,1,0,22,0.6363636363636364
520,14,1,5,1,0,21,0.6666666666666666
521,13,2,5,1,0,21,0.6190476190476191
522,11,2,5,1,0,19,0.5789473684210527
523,12,2,5,1,0,20,0.6
524,13,2,5,1,0,21,0.6190476190476191
525,12,2,5,1,0,20,0.6
526,14,2,5,1,0,22,0.6363636363636364
527,14,2,5,1,0,22,0.6363636363636364
528,14,2,5,1,0,22,0.6363636363636364
529,14,2,5,1,0,22,0.6363636363636364
530,12,2,5,1,0,20,0.6
531,12,2,4,1,0,19,0.631578947368421
532,11,2,5,1,0,19,0.5789473684210527
533,14,2,5,1,0,22,0.6363636363636364
534,12,2,5,1,0,20,0.6
535,14,2,5,1,0,22,0.6363636363636364
536,12,1,5,1,0,19,0.631578947368421
537,10,2,5,1,0,18,0.5555555555555556
538,12,2,5,1,0,20,0.6
539,12,2,5,1,0,20,0.6
540,13,2,5,1,0,21,0.6190476190476191
541,11,2,5,1,0,19,0.5789473684210527
542,14,2,4,1,0,21,0.6666666666666666
543,12,1,5,1,0,19,0.631578947368421
544,12,1,5,1,0,19,0.631578947368421
545,11,2,5,1,0,19,0.5789473684210527
546,13,2,5,1,0,21,0.6190476190476191
547,12,2,5,1,0,20,0.6
548,11,2,5,1,0,19,0.5789473684210527
549,13,2,5,1,0,21,0.6190476190476191
550,13,2,5,1,0,21,0.6190476190476191
551,11,2,5,1,0,19,0.5789473684210527
552,11,1,5,1,0,18,0.6111111111111112
553,14,2,5,1,0,22,0.6363636363636364
554,13,2,4,1,0,20,0.65
555,14,2,4,1,0,21,0.6666666666666666
556,11,2,5,1,0,19,0.5789473684210527
557,13,2,5,1,0,21,0.6190476190476191
558,13,0,5,1,0,19,0.6842105263157895
559,13,1,4,1,0,19,0.6842105263157895
560,11,2,4,1,0,18,0.6111111111111112
561,12,1,5,1,0,19,0.631578947368421
562,12,1,5,1,0,19,0.631578947368421
563,14,1,5,1,0,21,0.6666666666666666
564,11,2,5,1,0,19,0.5789473684210527
565,14,0,5,1,0,20,0.7
566,12,2,5,1,0,20,0.6
567,12,0,5,1,0,18,0.6666666666666666
568,12,1,5,1,0,19,0.631578947368421
569,13,0,5,1,0,19,0.6842105263157895
570,11,0,5,1,0,17,0.6470588235294118
571,12,1,5,1,0,19,0.631578947368421
572,12,1,5,1,0,19,0.631578947368421
573,12,0,5,1,0,18,0.6666666666666666
574,13,0,5,1,0,19,0.6842105263157895
575,11,1,5,1,0,18,0.6111111111111112
576,11,1,4,1,0,17,0.6470588235294118
577,13,2,5,1,0,21,0.6190476190476191
578,14,0,5,1,0,20,0.7
579,13,2,5,1,0,21,0.6190476190476191
580,11,2,5,1,0,19,0.5789473684210527
581,13,1,5,1,0,20,0.65
582,14,1,5,1,0,21,0.6666666666666666
583,13,1,5,1,0,20,0.65
584,14,1,5,1,0,21,0.6666666666666666
585,13,1,5,1,0,20,0.65
586,13,0,5,1,0,19,0.6842105263157895
587,13,1,5,1,0,20,0.65
588,14,0,4,1,0,19,0.7368421052631579
589,12,0,4,1,0,17,0.7058823529411765
590,14,0,5,1,0,20,0.7
591,14,1,4,1,0,20,0.7
592,12,1,5,1,0,19,0.631578947368421
593,13,2,5,1,0,21,0.6190476190476191
594,11,0,5,1,0,17,0.6470588235294118
595,12,2,4,1,0,19,0.631578947368421
596,12,1,5,1,0,19,0.631578947368421
597,13,1,5,1,0,20,0.65
598,15,0,5,1,0,21,0.7142857142857143
599,12,2,5,1,0,20,0.6
600,13,0,5,1,0,19,0.6842105263157895
601,12,1,5,1,0,19,0.631578947368421
602,11,1,5,1,0,18,0.6111111111111112
603,14,1,4,1,0,20,0.7
604,14,1,5,1,0,21,0.6666666666666666
605,12,0,5,1,0,18,0.6666666666666666
606,14,1,5,1,0,21,0.6666666666666666
607,14,1,5,1,0,21,0.6666666666666666
608,11,0,5,1,0,17,0.6470588235294118
609,14,1,5,1,0,21,0.6666666666666666
610,13,0,5,1,0,19,0.6842105263157895
611,13,1,5,1,0,20,0.65
612,14,1,5,1,0,21,0.6666666666666666
613,15,1,5,1,0,22,0.6818181818181818
614,13,2,5,1,0,21,0.6190476190476191
615,11,2,5,1,0,19,0.5789473684210527
616,13,0,5,1,0,19,0.6842105263157895
617,12,2,5,1,0,20,0.6
618,12,2,5,1,0,20,0.6
619,11,1,5,1,0,18,0.6111111111111112
620,10,1,5,1,0,17,0.5882352941176471
621,13,2,5,1,0,21,0.6190476190476191
622,11,2,5,1,0,19,0.5789473684210527
623,13,2,5,1,0,21,0.6190476190476191
624,14,2,5,1,0,22,0.6363636363636364
625,13,1,5,1,0,20,0.65
626,14,1,5,1,0,21,0.6666666666666666
627,13,2,5,1,0,21,0.6190476190476191
628,13,0,5,1,0,19,0.6842105263157895
629,13,2,5,1,0,21,0.6190476190476191
630,14,1,5,1,0,21,0.6666666666666666
631,14,2,5,1,0,22,0.6363636363636364
632,15,1,5,1,0,22,0.6818181818181818
633,12,2,5,1,0,20,0.6
634,13,2,5,1,0,21,0.6190476190476191
635,11,2,5,1,0,19,0.5789473684210527
636,13,2,5,1,0,21,0.6190476190476191
637,13,1,5,1,0,20,0.65
638,11,0,4,1,0,16,0.6875
639,13,2,5,1,0,21,0.6190476190476191
640,13,0,5,1,0,19,0.6842105263157895
641,13,1,5,1,0,20,0.65
642,14,2,5,1,0,22,0.6363636363636364
643,13,0,5,1,0,19,0.6842105263157895
644,11,0,5,1,0,17,0.6470588235294118
645,11,1,5,1,0,18,0.6111111111111112
646,12,1,5,1,0,19,0.631578947368421
647,13,1,5,1,0,20,0.65
648,12,1,5,1,0,19,0.631578947368421
649,10,1,4,1,0,16,0.625
650,11,1,5,1,0,18,0.6111111111111112
651,13,0,5,1,0,19,0.6842105263157895
652,14,1,4,1,0,20,0.7
653,12,1,5,1,0,19,0.631578947368421
654,14,1,5,1,0,21,0.6666666666666666
655,11,1,5,1,0,18,0.6111111111111112
656,13,1,5,1,0,20,0.65
657,12,1,5,1,0,19,0.631578947368421
658,14,1,5,1,0,21,0.6666666666666666
659,11,2,5,1,0,19,0.5789473684210527
660,12,2,5,1,0,20,0.6
661,13,1,5,1,0,20,0.65
662,12,1,5,1,0,19,0.631578947368421
663,13,1,5,1,0,20,0.65
664,12,1,4,1,0,18,0.6666666666666666
665,13,1,5,1,0,20,0.65
666,14,1,5,1,0,21,0.6666666666666666
667,13,0,5,1,0,19,0.6842105263157895
668,15,1,5,1,0,22,0.6818181818181818
669,12,2,5,1,0,20,0.6
670,13,1,5,1,0,20,0.65
671,12,2,5,1,0,20,0.6
672,11,1,5,1,0,18,0.6111111111111112
673,12,2,4,1,0,19,0.631578947368421
674,13,1,5,1,0,20,0.65
675,14,2,5,1,0,22,0.6363636363636364
676,14,1,5,1,0,21,0.6666666666666666
677,13,0,5,1,0,19,0.6842105263157895
678,13,0,5,1,0,19,0.6842105263157895
679,11,1,4,1,0,17,0.6470588235294118
680,14,0,5,1,0,20,0.7
681,11,0,5,1,0,17,0.6470588235294118
682,14,0,5,1,0,20,0.7
683,12,0,5,1,0,18,0.6666666666666666
684,13,0,5,1,0,19,0.6842105263157895
685,12,1,5,1,0,19,0.631578947368421
686,14,1,5,1,0,21,0.6666666666666666
687,10,0,5,1,0,16,0.625
688,14,0,5,1,0,20,0.7
689,13,0,5,1,0,19,0.6842105263157895
690,13,1,5,1,0,20,0.65
691,12,2,5,1,0,20,0.6
692,13,0,5,1,0,19,0.6842105263157895
693,14,0,5,1,0,20,0.7
694,14,0,5,1,0,20,0.7
695,14,0,5,1,0,20,0.7
696,14,0,4,1,0,19,0.7368421052631579
697,13,0,5,1,0,19,0.6842105263157895
698,14,0,5,1,0,20,0.7
699,14,0,5,1,0,20,0.7
700,14,0,5,1,0,20,0.7
701,13,0,5,1,0,19,0.6842105263157895
702,14,1,5,1,0,21,0.6666666666666666
703,11,0,4,1,0,16,0.6875
704,15,0,5,1,0,21,0.7142857142857143
705,14,1,5,1,0,21,0.6666666666666666
706,15,1,5,1,0,22,0.6818181818181818
707,13,1,5,1,0,20,0.65
708,12,0,5,1,0,18,0.6666666666666666
709,11,1,5,1,0,18,0.6111111111111112
710,11,1,5,1,0,18,0.6111111111111112
711,14,1,5,1,0,21,0.6666666666666666
712,13,0,5,1,0,19,0.6842105263157895
713,12,1,5,1,0,19,0.631578947368421
714,12,1,5,1,0,19,0.631578947368421
715,12,0,5,1,0,18,0.6666666666666666
716,12,1,4,1,0,18,0.6666666666666666
717,13,0,5,1,0,19,0.6842105263157895
718,14,0,5,1,0,20,0.7
719,11,1,5,1,0,18,0.6111111111111112
720,11,1,5,1,0,18,0.6111111111111112
721,12,0,5,1,0,18,0.6666666666666666
722,12,1,5,1,0,19,0.631578947368421
723,11,1,5,1,0,18,0.6111111111111112
724,10,1,5,1,0,17,0.5882352941176471
725,13,1,5,1,0,20,0.65
726,10,1,5,1,0,17,0.5882352941176471
727,11,2,5,1,0,19,0.5789473684210527
728,14,1,5,1,0,21,0.6666666666666666
729,12,2,5,1,0,20,0.6
730,12,0,5,1,0,18,0.6666666666666666
731,14,1,5,1,0,21,0.6666666666666666
732,12,2,5,1,0,20,0.6
733,12,0,5,1,0,18,0.6666666666666666
734,15,1,5,1,0,22,0.6818181818181818
735,13,2,4,1,0,20,0.65
736,13,1,5,1,0,20,0.65
737,12,0,5,1,0,18,0.6666666666666666
738,11,1,5,1,0,18,0.6111111111111112
739,13,0,5,1,0,19,0.6842105263157895
740,13,1,5,1,0,20,0.65
741,12,1,5,1,0,19,0.631578947368421
742,12,1,5,1,0,19,0.631578947368421
743,13,0,5,1,0,19,0.6842105263157895
744,13,0,5,1,0,19,0.6842105263157895
745,14,1,5,1,0,21,0.6666666666666666
746,14,1,5,1,0,21,0.6666666666666666
747,12,0,5,1,0,18,0.6666666666666666
748,14,0,5,1,0,20,0.7
749,13,2,4,1,0,20,0.65
750,12,1,5,1,0,19,0.631578947368421
751,11,2,5,1,0,19,0.5789473684210527
752,12,1,4,1,0,18,0.6666666666666666
753,11,2,4,1,0,18,0.6111111111111112
754,12,2,5,1,0,20,0.6
755,11,2,4,1,0,18,0.6111111111111112
756,12,1,5,1,0,19,0.631578947368421
757,12,0,5,1,0,18,0.6666666666666666
758,11,1,5,1,0,18,0.6111111111111112
759,11,1,4,1,0,17,0.6470588235294118
760,12,1,5,1,0,19,0.631578947368421
761,13,0,5,1,0,19,0.6842105263157895
762,12,2,5,1,0,20,0.6
763,11,2,5,1,0,19,0.5789473684210527
764,10,2,5,1,0,18,0.5555555555555556
765,13,2,3,1,0,19,0.6842105263157895
766,13,1,5,1,0,20,0.65
767,11,2,4,1,0,18,0.6111111111111112
768,14,2,5,1,0,22,0.6363636363636364
769,12,1,5,1,0,19,0.631578947368421
770,11,0,5,1,0,17,0.6470588235294118
771,12,1,5,1,0,19,0.631578947368421
772,13,1,5,1,0,20,0.65
773,13,2,5,1,0,21,0.6190476190476191
774,12,0,4,1,0,17,0.7058823529411765
775,15,1,5,1,0,22,0.6818181818181818
776,15,0,5,1,0,21,0.7142857142857143
777,15,2,5,1,0,23,0.6521739130434783
778,14,1,5,1,0,21,0.6666666666666666
779,14,0,5,1,0,20,0.7
780,13,0,5,1,0,19,0.6842105263157895
781,14,2,4,1,0,21,0.6666666666666666
782,15,2,5,1,0,23,0.6521739130434783
783,13,1,5,1,0,20,0.65
784,13,1,5,1,0,20,0.65
785,13,0,5,1,0,19,0.6842105263157895
786,13,1,5,1,0,20,0.65
787,12,1,5,1,0,19,0.631578947368421
788,14,1,5,1,0,21,0.6666666666666666
789,12,2,5,1,0,20,0.6
790,12,0,5,1,0,18,0.6666666666666666
791,13,0,5,1,0,19,0.6842105263157895
792,12,0,4,1,0,17,0.7058823529411765
793,13,2,5,1,0,21,0.6190476190476191
794,12,1,5,1,0,19,0.631578947368421
795,14,1,5,1,0,21,0.6666666666666666
796,15,2,5,1,0,23,0.6521739130434783
797,16,1,5,1,0,23,0.6956521739130435
798,13,2,5,1,0,21,0.6190476190476191
799,13,0,5,1,0,19,0.6842105263157895
800,14,0,5,1,0,20,0.7
801,12,0,5,1,0,18,0.6666666666666666
802,14,0,5,1,0,20,0.7
803,14,0,5,1,0,20,0.7
804,12,0,4,1,0,17,0.7058823529411765
805,13,0,5,1,0,19,0.6842105263157895
806,14,0,5,1,0,20,0.7
807,13,0,5,1,0,19,0.6842105263157895
808,13,0,5,1,0,19,0.6842105263157895
809,11,1,5,1,0,18,0.6111111111111112
810,14,2,5,1,0,22,0.6363636363636364
811,13,0,5,1,0,19,0.6842105263157895
812,15,1,5,1,0,22,0.6818181818181818
813,15,0,5,1,0,21,0.7142857142857143
814,15,0,3,1,0,19,0.7894736842105263
815,14,0,5,1,0,20,0.7
816,15,0,5,1,0,21,0.7142857142857143
817,13,1,5,1,0,20,0.65
818,15,0,5,1,0,21,0.7142857142857143
819,15,0,5,1,0,21,0.7142857142857143
820,16,0,5,1,0,22,0.7272727272727273
821,13,2,5,1,0,21,0.6190476190476191
822,12,0,5,1,0,18,0.6666666666666666
823,15,1,5,1,0,22,0.6818181818181818
824,11,0,5,1,0,17,0.6470588235294118
825,15,0,5,1,0,21,0.7142857142857143
826,15,0,5,1,0,21,0.7142857142857143
827,12,1,5,1,0,19,0.631578947368421
828,15,1,5,1,0,22,0.6818181818181818
829,15,1,5,1,0,22,0.6818181818181818
830,13,1,5,1,0,20,0.65
831,14,0,5,1,0,20,0.7
832,13,0,5,1,0,19,0.6842105263157895
833,11,2,5,1,0,19,0.5789473684210527
834,15,1,5,1,0,22,0.6818181818181818
835,15,0,5,1,0,21,0.7142857142857143
836,14,0,5,1,0,20,0.7
837,14,2,5,1,0,22,0.6363636363636364
838,14,2,5,1,0,22,0.6363636363636364
839,15,2,5,1,0,23,0.6521739130434783
840,15,1,5,1,0,22,0.6818181818181818
841,14,0,5,1,0,20,0.7
842,16,0,5,1,0,22,0.7272727272727273
843,14,2,5,1,0,22,0.6363636363636364
844,14,0,5,1,0,20,0.7
845,13,0,5,1,0,19,0.6842105263157895
846,13,1,5,1,0,20,0.65
847,14,0,5,1,0,20,0.7
848,14,0,5,1,0,20,0.7
849,13,0,5,1,0,19,0.6842105263157895
850,14,0,4,1,0,19,0.7368421052631579
851,13,1,5,1,0,20,0.65
852,13,0,5,1,0,19,0.6842105263157895
853,16,1,5,1,0,23,0.6956521739130435
854,14,0,5,1,0,20,0.7
855,12,0,4,1,0,17,0.7058823529411765
856,12,0,5,1,0,18,0.6666666666666666
857,13,0,4,1,0,18,0.7222222222222222
858,11,0,4,1,0,16,0.6875
859,13,0,5,1,0,19,0.6842105263157895
860,14,0,5,1,0,20,0.7
861,13,0,4,1,0,18,0.7222222222222222
862,12,0,5,1,0,18,0.6666666666666666
863,12,0,5,1,0,18,0.6666666666666666
864,12,1,5,1,0,19,0.631578947368421
865,14,0,4,1,0,19,0.7368421052631579
866,13,0,4,1,0,18,0.7222222222222222
867,14,0,5,1,0,20,0.7
868,11,1,5,1,0,18,0.6111111111111112
869,12,0,5,1,0,18,0.6666666666666666
870,13,0,5,1,0,19,0.6842105263157895
871,14,0,5,1,0,20,0.7
872,14,0,5,1,0,20,0.7
873,12,2,4,1,0,19,0.631578947368421
874,14,0,5,1,0,20,0.7
875,12,1,5,1,0,19,0.631578947368421
876,15,1,5,1,0,22,0.6818181818181818
877,14,0,5,1,0,20,0.7
878,13,0,5,1,0,19,0.6842105263157895
879,12,1,5,1,0,19,0.631578947368421
880,13,1,5,1,0,20,0.65
881,13,1,5,1,0,20,0.65
882,14,0,5,1,0,20,0.7
883,12,0,5,1,0,18,0.6666666666666666
884,14,0,5,1,0,20,0.7
885,14,0,5,1,0,20,0.7
886,14,2,5,1,0,22,0.6363636363636364
887,12,0,5,1,0,18,0.6666666666666666
888,12,1,5,1,0,19,0.631578947368421
889,10,2,5,1,0,18,0.5555555555555556
890,15,1,5,1,0,22,0.6818181818181818
891,14,1,5,1,0,21,0.6666666666666666
892,13,0,5,1,0,19,0.6842105263157895
893,12,0,5,1,0,18,0.6666666666666666
894,11,0,5,1,0,17,0.6470588235294118
895,12,0,5,1,0,18,0.6666666666666666
896,12,0,5,1,0,18,0.6666666666666666
897,12,1,5,1,0,19,0.631578947368421
898,13,0,5,1,0,19,0.6842105263157895
899,14,0,5,1,0,20,0.7
900,13,1,5,1,0,20,0.65
901,12,2,5,1,0,20,0.6
902,13,0,5,1,0,19,0.6842105263157895
903,13,0,5,1,0,19,0.6842105263157895
904,13,1,5,1,0,20,0.65
905,14,0,5,1,0,20,0.7
906,12,0,5,1,0,18,0.6666666666666666
907,16,0,5,1,0,22,0.7272727272727273
908,13,0,5,1,0,19,0.6842105263157895
909,13,0,5,1,0,19,0.6842105263157895
910,13,0,5,1,0,19,0.6842105263157895
911,13,0,5,1,0,19,0.6842105263157895
912,12,0,5,1,0,18,0.6666666666666666
913,15,0,5,1,0,21,0.7142857142857143
914,12,1,5,1,0,19,0.631578947368421
915,11,0,5,1,0,17,0.6470588235294118
916,15,2,5,1,0,23,0.6521739130434783
917,13,2,5,1,0,21,0.6190476190476191
918,11,0,5,1,0,17,0.6470588235294118
919,13,1,5,1,0,20,0.65
920,13,0,5,1,0,19,0.6842105263157895
921,14,1,5,1,0,21,0.6666666666666666
922,13,1,5,1,0,20,0.65
923,13,2,5,1,0,21,0.6190476190476191
924,13,1,5,1,0,20,0.65
925,13,0,5,1,0,19,0.6842105263157895
926,13,0,5,1,0,19,0.6842105263157895
927,12,1,5,1,0,19,0.631578947368421
928,12,1,5,1,0,19,0.631578947368421
929,13,1,5,1,0,20,0.65
930,14,0,5,1,0,20,0.7
931,14,1,5,1,0,21,0.6666666666666666
932,13,0,5,1,0,19,0.6842105263157895
933,14,1,5,1,0,21,0.6666666666666666
934,12,1,5,1,0,19,0.631578947368421
935,14,1,5,1,0,21,0.6666666666666666
936,12,1,5,1,0,19,0.631578947368421
937,11,1,4,1,0,17,0.6470588235294118
938,14,0,5,1,0,20,0.7
939,14,1,5,1,0,21,0.6666666666666666
940,15,2,5,1,0,23,0.6521739130434783
941,15,0,5,1,0,21,0.7142857142857143
942,12,1,5,1,0,19,0.631578947368421
943,14,0,5,1,0,20,0.7
944,14,1,5,1,0,21,0.6666666666666666
945,13,1,5,1,0,20,0.65
946,13,1,5,1,0,20,0.65
947,12,2,5,1,0,20,0.6
948,13,0,5,1,0,19,0.6842105263157895
949,13,1,5,1,0,20,0.65
950,13,1,5,1,0,20,0.65
951,11,1,5,1,0,18,0.6111111111111112
952,12,1,5,1,0,19,0.631578947368421
953,11,0,5,1,0,17,0.6470588235294118
954,15,1,5,1,0,22,0.6818181818181818
955,13,1,5,1,0,20,0.65
956,14,0,5,1,0,20,0.7
957,12,1,5,1,0,19,0.631578947368421
958,12,1,4,1,0,18,0.6666666666666666
959,12,1,5,1,0,19,0.631578947368421
960,13,2,5,1,0,21,0.6190476190476191
961,13,0,5,1,0,19,0.6842105263157895
962,12,1,5,1,0,19,0.631578947368421
963,12,2,5,1,0,20,0.6
964,11,1,5,1,0,18,0.6111111111111112
965,11,0,5,1,0,17,0.6470588235294118
966,12,0,5,1,0,18,0.6666666666666666
967,14,2,5,1,0,22,0.6363636363636364
968,13,1,5,1,0,20,0.65
969,13,0,5,1,0,19,0.6842105263157895
970,13,0,5,1,0,19,0.6842105263157895
971,14,0,5,1,0,20,0.7
972,13,1,5,1,0,20,0.65
973,13,0,5,1,0,19,0.6842105263157895
974,13,0,5,1,0,19,0.6842105263157895
975,13,1,5,1,0,20,0.65
976,14,0,5,1,0,20,0.7
977,15,0,5,1,0,21,0.7142857142857143
978,14,1,5,1,0,21,0.6666666666666666
979,12,1,5,1,0,19,0.631578947368421
980,15,0,5,1,0,21,0.7142857142857143
981,12,1,5,1,0,19,0.631578947368421
982,15,0,5,1,0,21,0.7142857142857143
983,11,0,5,1,0,17,0.6470588235294118
984,12,0,5,1,0,18,0.6666666666666666
985,13,0,5,1,0,19,0.6842105263157895
986,13,0,5,1,0,19,0.6842105263157895
987,12,0,5,1,0,18,0.6666666666666666
988,13,1,5,1,0,20,0.65
989,13,0,5,1,0,19,0.6842105263157895
990,12,1,5,1,0,19,0.631578947368421
991,11,1,5,1,0,18,0.6111111111111112
992,12,1,4,1,0,18,0.6666666666666666
993,10,1,4,1,0,16,0.625
994,12,1,4,1,0,18,0.6666666666666666
995,13,1,5,1,0,20,0.65
996,13,0,3,1,0,17,0.7647058823529411
997,13,1,5,1,0,20,0.65
998,14,0,5,1,0,20,0.7
999,13,0,5,1,0,19,0.6842105263157895
1000,14,1,5,1,0,21,0.6666666666666666
1001,14,0,5,1,0,20,0.7
1002,13,1,5,1,0,20,0.65
1003,13,0,5,1,0,19,0.6842105263157895
1004,13,1,5,1,0,20,0.65
1005,13,0,5,1,0,19,0.6842105263157895
1006,12,0,5,1,0,18,0.6666666666666666
1007,12,1,5,1,0,19,0.631578947368421
1008,12,0,5,1,0,18,0.6666666666666666
1009,13,0,5,1,0,19,0.6842105263157895
1010,14,0,5,1,0,20,0.7
1011,15,0,5,1,0,21,0.7142857142857143
1012,12,0,5,1,0,18,0.6666666666666666
1013,12,0,4,1,0,17,0.7058823529411765
1014,14,0,5,1,0,20,0.7
1015,13,0,5,1,0,19,0.6842105263157895
1016,11,0,5,1,0,17,0.6470588235294118
1017,14,0,5,1,0,20,0.7
1018,11,0,5,1,0,17,0.6470588235294118
1019,13,0,5,1,0,19,0.6842105263157895
1020,14,1,5,1,0,21,0.6666666666666666
1021,13,2,5,1,0,21,0.6190476190476191
1022,12,0,5,1,0,18,0.6666666666666666
1023,11,2,5,1,0,19,0.5789473684210527
1024,12,0,5,1,0,18,0.6666666666666666
1025,13,0,5,1,0,19,0.6842105263157895
1026,12,0,5,1,0,18,0.6666666666666666
1027,13,1,5,1,0,20,0.65
1028,14,1,5,1,0,21,0.6666666666666666
1029,12,1,5,1,0,19,0.631578947368421
1030,12,1,5,1,0,19,0.631578947368421
1031,11,1,4,1,0,17,0.6470588235294118
1032,12,1,5,1,0,19,0.631578947368421
1033,13,1,5,1,0,20,0.65
1034,13,0,5,1,0,19,0.6842105263157895
1035,12,0,5,1,0,18,0.6666666666666666
1036,13,1,5,1,0,20,0.65
1037,15,1,5,1,0,22,0.6818181818181818
1038,13,1,5,1,0,20,0.65
1039,12,1,5,1,0,19,0.631578947368421
1040,13,2,5,1,0,21,0.6190476190476191
1041,12,0,5,1,0,18,0.6666666666666666
1042,12,1,5,1,0,19,0.631578947368421
1043,14,0,5,1,0,20,0.7
1044,13,1,5,1,0,20,0.65
1045,10,0,5,1,0,16,0.625
1046,12,0,5,1,0,18,0.6666666666666666
1047,13,0,5,1,0,19,0.6842105263157895
1048,11,0,5,1,0,17,0.6470588235294118
1049,11,0,5,1,0,17,0.6470588235294118
1050,13,1,5,1,0,20,0.65
1051,12,2,5,1,0,20,0.6
1052,13,2,5,1,0,21,0.6190476190476191
1053,14,0,5,1,0,20,0.7
1054,13,0,5,1,0,19,0.6842105263157895
1055,14,1,5,1,0,21,0.6666666666666666
1056,12,1,5,1,0,19,0.631578947368421
1057,13,1,5,1,0,20,0.65
1058,14,0,5,1,0,20,0.7
1059,14,0,5,1,0,20,0.7
1060,13,0,5,1,0,19,0.6842105263157895
1061,13,1,5,1,0,20,0.65
1062,14,0,5,1,0,20,0.7
1063,14,1,5,1,0,21,0.6666666666666666
1064,11,0,5,1,0,17,0.6470588235294118
1065,11,0,5,1,0,17,0.6470588235294118
1066,12,0,5,1,0,18,0.6666666666666666
1067,12,0,5,1,0,18,0.6666666666666666
1068,14,0,5,1,0,20,0.7
1069,12,0,5,1,0,18,0.6666666666666666
1070,10,0,5,1,0,16,0.625
1071,11,0,5,1,0,17,0.6470588235294118
1072,11,2,5,1,0,19,0.5789473684210527
1073,12,2,5,1,0,20,0.6
1074,14,0,5,1,0,20,0.7
1075,14,1,5,1,0,21,0.6666666666666666
1076,13,0,5,1,0,19,0.6842105263157895
1077,14,0,5,1,0,20,0.7
1078,14,0,5,1,0,20,0.7
1079,11,0,4,1,0,16,0.6875
1080,12,0,5,1,0,18,0.6666666666666666
1081,14,0,5,1,0,20,0.7
1082,13,0,5,1,0,19,0.6842105263157895
1083,14,0,5,1,0,20,0.7
1084,12,0,5,1,0,18,0.6666666666666666
1085,11,0,5,1,0,17,0.6470588235294118
1086,12,1,5,1,0,19,0.631578947368421
1087,13,0,5,1,0,19,0.6842105263157895
1088,13,0,4,1,0,18,0.7222222222222222
1089,12,2,5,1,0,20,0.6
1090,13,0,4,1,0,18,0.7222222222222222
1091,14,0,4,1,0,19,0.7368421052631579
1092,14,1,4,1,0,20,0.7
1093,13,0,5,1,0,19,0.6842105263157895
1094,14,0,5,1,0,20,0.7
1095,14,0,5,1,0,20,0.7
1096,14,1,5,1,0,21,0.6666666666666666
1097,14,0,5,1,0,20,0.7
1098,14,0,5,1,0,20,0.7
1099,13,0,4,1,0,18,0.7222222222222222
1100,14,1,5,1,0,21,0.6666666666666666
1101,14,0,5,1,0,20,0.7
1102,13,1,5,1,0,20,0.65
1103,14,0,5,1,0,20,0.7
1104,13,1,5,1,0,20,0.65
1105,12,2,5,1,0,20,0.6
1106,14,0,5,1,0,20,0.7
1107,14,1,5,1,0,21,0.6666666666666666
1108,13,1,5,1,0,20,0.65
1109,13,0,5,1,0,19,0.6842105263157895
1110,15,0,5,1,0,21,0.7142857142857143
1111,14,1,5,1,0,21,0.6666666666666666
1112,12,1,5,1,0,19,0.631578947368421
1113,13,1,5,1,0,20,0.65
1114,13,0,5,1,0,19,0.6842105263157895
1115,15,2,4,1,0,22,0.6818181818181818
1116,13,1,5,1,0,20,0.65
1117,12,0,4,1,0,17,0.7058823529411765
1118,13,2,5,1,0,21,0.6190476190476191
1119,13,0,5,1,0,19,0.6842105263157895
1120,12,0,5,1,0,18,0.6666666666666666
1121,13,0,5,1,0,19,0.6842105263157895
1122,12,0,5,1,0,18,0.6666666666666666
1123,14,0,5,1,0,20,0.7
1124,12,0,4,1,0,17,0.7058823529411765
1125,11,0,4,1,0,16,0.6875
1126,13,1,4,1,0,19,0.6842105263157895
1127,10,1,5,1,0,17,0.5882352941176471
1128,12,0,5,1,0,18,0.6666666666666666
1129,12,0,5,1,0,18,0.6666666666666666
1130,10,0,5,1,0,16,0.625
1131,13,0,5,1,0,19,0.6842105263157895
1132,11,1,5,1,0,18,0.6111111111111112
1133,10,1,5,1,0,17,0.5882352941176471
1134,10,0,5,1,0,16,0.625
1135,11,2,5,1,0,19,0.5789473684210527
1136,15,0,5,1,0,21,0.7142857142857143
1137,12,1,5,1,0,19,0.631578947368421
1138,12,0,4,1,0,17,0.7058823529411765
1139,12,1,5,1,0,19,0.631578947368421
1140,13,1,4,1,0,19,0.6842105263157895
1141,13,2,5,1,0,21,0.6190476190476191
1142,13,0,5,1,0,19,0.6842105263157895
1143,12,0,5,1,0,18,0.6666666666666666
1144,10,0,5,1,0,16,0.625
1145,12,0,4,1,0,17,0.7058823529411765
1146,14,1,5,1,0,21,0.6666666666666666
1147,13,0,5,1,0,19,0.6842105263157895
1148,12,1,5,1,0,19,0.631578947368421
1149,12,0,5,1,0,18,0.6666666666666666
1150,13,0,5,1,0,19,0.6842105263157895
1151,12,0,5,1,0,18,0.6666666666666666
1152,13,0,5,1,0,19,0.6842105263157895
1153,11,0,5,1,0,17,0.6470588235294118
1154,13,0,5,1,0,19,0.6842105263157895
1155,13,0,5,1,0,19,0.6842105263157895
1156,11,1,5,1,0,18,0.6111111111111112
1157,12,1,5,1,0,19,0.631578947368421
1158,13,0,5,1,0,19,0.6842105263157895
1159,13,1,5,1,0,20,0.65
1160,12,0,5,1,0,18,0.6666666666666666
1161,13,0,5,1,0,19,0.6842105263157895
1162,12,1,5,1,0,19,0.631578947368421
1163,11,0,5,1,0,17,0.6470588235294118
1164,13,0,5,1,0,19,0.6842105263157895
1165,11,0,5,1,0,17,0.6470588235294118
1166,13,0,5,1,0,19,0.6842105263157895
1167,13,0,5,1,0,19,0.6842105263157895
1168,12,0,5,1,0,18,0.6666666666666666
1169,10,1,5,1,0,17,0.5882352941176471
1170,11,1,5,1,0,18,0.6111111111111112
1171,13,0,5,1,0,19,0.6842105263157895
1172,13,0,5,1,0,19,0.6842105263157895
1173,13,0,5,1,0,19,0.6842105263157895
1174,12,0,5,1,0,18,0.6666666666666666
1175,11,0,5,1,0,17,0.6470588235294118
1176,13,0,5,1,0,19,0.6842105263157895
1177,11,0,4,1,0,16,0.6875
1178,13,0,5,1,0,19,0.6842105263157895
1179,14,0,5,1,0,20,0.7
1180,13,1,5,1,0,20,0.65
1181,13,0,5,1,0,19,0.6842105263157895
1182,11,1,5,1,0,18,0.6111111111111112
1183,13,0,5,1,0,19,0.6842105263157895
1184,12,1,5,1,0,19,0.631578947368421
1185,10,0,5,1,0,16,0.625
1186,13,0,5,1,0,19,0.6842105263157895
1187,13,0,5,1,0,19,0.6842105263157895
1188,14,0,5,1,0,20,0.7
1189,13,0,5,1,0,19,0.6842105263157895
1190,12,0,5,1,0,18,0.6666666666666666
1191,12,0,5,1,0,18,0.6666666666666666
1192,11,0,5,1,0,17,0.6470588235294118
1193,11,0,5,1,0,17,0.6470588235294118
1194,12,1,5,1,0,19,0.631578947368421
1195,11,0,5,1,0,17,0.6470588235294118
1196,12,0,5,1,0,18,0.6666666666666666
1197,11,0,5,1,0,17,0.6470588235294118
1198,13,1,5,1,0,20,0.65
1199,12,1,5,1,0,19,0.631578947368421
1200,13,0,5,1,0,19,0.6842105263157895
1201,15,1,5,1,0,22,0.6818181818181818
1202,13,0,5,1,0,19,0.6842105263157895
1203,13,2,5,1,0,21,0.6190476190476191
1204,12,2,4,1,0,19,0.631578947368421
1205,14,0,5,1,0,20,0.7
1206,11,0,4,1,0,16,0.6875
1207,11,1,5,1,0,18,0.6111111111111112
1208,12,2,5,1,0,20,0.6
1209,12,2,5,1,0,20,0.6
1210,11,0,5,1,0,17,0.6470588235294118
1211,11,1,5,1,0,18,0.6111111111111112
1212,13,1,5,1,0,20,0.65
1213,13,1,5,1,0,20,0.65
1214,13,0,5,1,0,19,0.6842105263157895
1215,10,0,4,1,0,15,0.6666666666666666
1216,12,1,5,1,0,19,0.631578947368421
1217,11,0,5,1,0,17,0.6470588235294118
1218,12,0,5,1,0,18,0.6666666666666666
1219,14,0,5,1,0,20,0.7
1220,12,0,5,1,0,18,0.6666666666666666
1221,12,1,5,1,0,19,0.631578947368421
1222,14,0,5,1,0,20,0.7
1223,13,0,4,1,0,18,0.7222222222222222
1224,14,1,5,2,0,22,0.6363636363636364
1225,14,0,5,1,0,20,0.7
1226,14,1,5,1,0,21,0.6666666666666666
1227,10,2,5,1,0,18,0.5555555555555556
1228,12,0,5,1,0,18,0.6666666666666666
1229,13,0,5,1,0,19,0.6842105263157895
1230,12,0,5,1,0,18,0.6666666666666666
1231,10,1,4,1,0,16,0.625
1232,11,0,5,1,0,17,0.6470588235294118
1233,14,0,5,1,0,20,0.7
1234,13,0,5,1,0,19,0.6842105263157895
1235,10,0,5,1,0,16,0.625
1236,13,0,5,1,0,19,0.6842105263157895
1237,12,0,5,1,0,18,0.6666666666666666
1238,13,1,5,1,0,20,0.65
1239,13,1,5,1,0,20,0.65
1240,11,1,5,1,0,18,0.6111111111111112
1241,13,1,5,1,0,20,0.65
1242,14,1,4,1,0,20,0.7
1243,14,1,4,1,0,20,0.7
1244,13,1,5,1,0,20,0.65
1245,11,2,5,1,0,19,0.5789473684210527
1246,11,0,5,1,0,17,0.6470588235294118
1247,13,0,5,1,0,19,0.6842105263157895
1248,13,1,5,1,0,20,0.65
1249,14,0,5,1,0,20,0.7
1250,13,0,5,1,0,19,0.6842105263157895
1251,12,0,4,1,0,17,0.7058823529411765
1252,15,0,5,1,0,21,0.7142857142857143
1253,11,0,5,1,0,17,0.6470588235294118
1254,12,0,5,1,0,18,0.6666666666666666
1255,13,1,5,1,0,20,0.65
1256,13,0,5,1,0,19,0.6842105263157895
1257,10,0,4,1,0,15,0.6666666666666666
1258,12,1,5,1,0,19,0.631578947368421
1259,12,1,5,1,0,19,0.631578947368421
1260,14,1,5,1,0,21,0.6666666666666666
1261,12,0,4,1,0,17,0.7058823529411765
1262,13,0,5,1,0,19,0.6842105263157895
1263,14,0,5,1,0,20,0.7
1264,13,0,5,1,0,19,0.6842105263157895
1265,13,0,5,1,0,19,0.6842105263157895
1266,13,0,4,1,0,18,0.7222222222222222
1267,15,0,4,1,0,20,0.75
1268,13,0,4,1,0,18,0.7222222222222222
1269,12,0,4,1,0,17,0.7058823529411765
1270,13,0,5,1,0,19,0.6842105263157895
1271,13,1,5,1,0,20,0.65
1272,13,0,5,1,0,19,0.6842105263157895
1273,13,0,5,1,0,19,0.6842105263157895
1274,15,0,5,1,0,21,0.7142857142857143
1275,14,0,4,1,0,19,0.7368421052631579
1276,14,0,4,1,0,19,0.7368421052631579
1277,14,0,5,1,0,20,0.7
1278,15,0,4,1,0,20,0.75
1279,14,0,5,1,0,20,0.7
1280,13,1,5,1,0,20,0.65
1281,13,1,5,1,0,20,0.65
1282,15,0,4,1,0,20,0.75
1283,14,0,4,1,0,19,0.7368421052631579
1284,13,0,4,1,0,18,0.7222222222222222
1285,14,0,4,1,0,19,0.7368421052631579
1286,15,0,4,1,0,20,0.75
1287,12,1,5,1,0,19,0.631578947368421
1288,14,1,5,1,0,21,0.6666666666666666
1289,14,1,4,1,0,20,0.7
1290,14,1,4,1,0,20,0.7
1291,14,1,4,1,0,20,0.7
1292,14,1,4,1,0,20,0.7
1293,14,0,4,1,0,19,0.7368421052631579
1294,14,0,4,1,0,19,0.7368421052631579
1295,14,1,5,1,0,21,0.6666666666666666
1296,13,0,5,1,0,19,0.6842105263157895
1297,13,0,5,1,0,19,0.6842105263157895
1298,13,0,5,1,0,19,0.6842105263157895
1299,14,1,5,1,0,21,0.6666666666666666
1300,12,0,5,1,0,18,0.6666666666666666
1301,12,0,5,1,0,18,0.6666666666666666
1302,12,0,5,1,0,18,0.6666666666666666
1303,13,0,5,1,0,19,0.6842105263157895
1304,12,0,5,1,0,18,0.6666666666666666
1305,13,1,4,1,0,19,0.6842105263157895
1306,15,0,5,1,0,21,0.7142857142857143
1307,14,0,4,1,0,19,0.7368421052631579
1308,14,0,5,1,0,20,0.7
1309,13,0,5,1,0,19,0.6842105263157895
1310,14,0,4,1,0,19,0.7368421052631579
1311,12,0,4,1,0,17,0.7058823529411765
1312,15,0,4,1,0,20,0.75
1313,14,0,5,1,0,20,0.7
1314,13,0,4,1,0,18,0.7222222222222222
1315,14,0,5,1,0,20,0.7
1316,13,1,5,1,0,20,0.65
1317,13,0,5,1,0,19,0.6842105263157895
1318,12,0,4,1,0,17,0.7058823529411765
1319,11,0,5,1,0,17,0.6470588235294118
1320,14,0,5,1,0,20,0.7
1321,14,0,4,1,0,19,0.7368421052631579
1322,12,0,5,1,0,18,0.6666666666666666
1323,11,1,4,1,0,17,0.6470588235294118
1324,13,0,5,1,0,19,0.6842105263157895
1325,13,1,5,1,0,20,0.65
1326,13,1,4,1,0,19,0.6842105263157895
1327,14,1,5,1,0,21,0.6666666666666666
1328,13,1,5,1,0,20,0.65
1329,15,1,4,1,0,21,0.7142857142857143
1330,14,0,5,1,0,20,0.7
1331,12,0,4,1,0,17,0.7058823529411765
1332,15,1,4,1,0,21,0.7142857142857143
1333,13,1,5,1,0,20,0.65
1334,12,1,5,1,0,19,0.631578947368421
1335,15,1,5,1,0,22,0.6818181818181818
1336,14,0,5,1,0,20,0.7
1337,12,0,5,1,0,18,0.6666666666666666
1338,11,0,5,1,0,17,0.6470588235294118
1339,13,0,5,1,0,19,0.6842105263157895
1340,10,0,5,2,0,17,0.5882352941176471
1341,11,1,5,1,0,18,0.6111111111111112
1342,14,0,4,1,0,19,0.7368421052631579
1343,12,1,3,1,0,17,0.7058823529411765
1344,11,0,5,1,0,17,0.6470588235294118
1345,12,0,5,1,0,18,0.6666666666666666
1346,15,1,5,2,0,23,0.6521739130434783
1347,15,1,5,1,0,22,0.6818181818181818
1348,12,0,5,1,0,18,0.6666666666666666
1349,11,0,5,1,0,17,0.6470588235294118
1350,14,1,4,1,0,20,0.7
1351,11,0,5,1,0,17,0.6470588235294118
1352,14,0,5,1,0,20,0.7
1353,15,0,4,1,0,20,0.75
1354,13,1,5,1,0,20,0.65
1355,13,0,4,1,0,18,0.7222222222222222
1356,13,1,5,1,0,20,0.65
1357,13,1,5,1,0,20,0.65
1358,13,0,5,1,0,19,0.6842105263157895
1359,12,0,5,1,0,18,0.6666666666666666
1360,13,0,5,1,0,19,0.6842105263157895
1361,12,0,5,1,0,18,0.6666666666666666
1362,12,0,5,1,0,18,0.6666666666666666
1363,11,1,4,1,0,17,0.6470588235294118
1364,13,1,4,1,0,19,0.6842105263157895
1365,13,0,4,1,0,18,0.7222222222222222
1366,13,0,4,1,0,18,0.7222222222222222
1367,13,0,5,1,0,19,0.6842105263157895
1368,12,1,4,1,0,18,0.6666666666666666
1369,11,2,3,1,0,17,0.6470588235294118
1370,12,0,4,1,0,17,0.7058823529411765
1371,10,0,5,1,0,16,0.625
1372,14,0,4,1,0,19,0.7368421052631579
1373,14,0,4,1,0,19,0.7368421052631579
1374,13,0,5,1,0,19,0.6842105263157895
1375,13,0,4,1,0,18,0.7222222222222222
1376,14,0,4,1,0,19,0.7368421052631579
1377,14,0,5,1,0,20,0.7
1378,15,0,4,1,0,20,0.75
1379,14,0,5,1,0,20,0.7
1380,13,0,5,1,0,19,0.6842105263157895
1381,13,0,4,1,0,18,0.7222222222222222
1382,15,0,4,1,0,20,0.75
1383,11,0,5,1,0,17,0.6470588235294118
1384,15,0,5,1,0,21,0.7142857142857143
1385,14,0,5,1,0,20,0.7
1386,15,0,4,1,0,20,0.75
1387,14,0,4,1,0,19,0.7368421052631579
1388,14,0,4,1,0,19,0.7368421052631579
1389,13,0,5,1,0,19,0.6842105263157895
1390,14,0,4,1,0,19,0.7368421052631579
1391,14,0,4,1,0,19,0.7368421052631579
1392,14,0,4,1,0,19,0.7368421052631579
1393,14,1,4,1,0,20,0.7
1394,13,0,4,1,0,18,0.7222222222222222
1395,14,0,4,1,0,19,0.7368421052631579
1396,14,0,4,1,0,19,0.7368421052631579
1397,15,1,4,1,0,21,0.7142857142857143
1398,13,0,4,1,0,18,0.7222222222222222
1399,15,0,4,1,0,20,0.75
1400,14,0,4,1,0,19,0.7368421052631579
1401,14,0,3,1,0,18,0.7777777777777778
1402,13,0,4,1,0,18,0.7222222222222222
1403,12,1,5,1,0,19,0.631578947368421
1404,13,0,4,1,0,18,0.7222222222222222
1405,12,0,5,1,0,18,0.6666666666666666
1406,11,0,4,1,0,16,0.6875
1407,13,0,3,1,0,17,0.7647058823529411
1408,13,1,4,1,0,19,0.6842105263157895
1409,10,0,5,1,0,16,0.625
1410,12,0,5,1,0,18,0.6666666666666666
1411,10,0,5,1,0,16,0.625
1412,11,0,5,1,0,17,0.6470588235294118
1413,13,0,4,1,0,18,0.7222222222222222
1414,11,0,5,1,0,17,0.6470588235294118
1415,11,0,5,1,0,17,0.6470588235294118
1416,12,0,4,1,0,17,0.7058823529411765
1417,13,0,4,1,0,18,0.7222222222222222
1418,13,0,4,1,0,18,0.7222222222222222
1419,12,0,5,1,0,18,0.6666666666666666
1420,11,0,4,1,0,16,0.6875
1421,12,0,5,1,0,18,0.6666666666666666
1422,13,0,5,1,0,19,0.6842105263157895
1423,11,0,5,1,0,17,0.6470588235294118
1424,13,0,2,1,0,16,0.8125
1425,14,0,4,1,0,19,0.7368421052631579
1426,11,0,5,1,0,17,0.6470588235294118
1427,13,0,5,1,0,19,0.6842105263157895
1428,11,0,4,1,0,16,0.6875
1429,10,0,5,1,0,16,0.625
1430,12,0,5,1,0,18,0.6666666666666666
1431,12,0,4,1,0,17,0.7058823529411765
1432,12,0,5,1,0,18,0.6666666666666666
1433,12,1,5,1,0,19,0.631578947368421
1434,12,0,5,1,0,18,0.6666666666666666
1435,10,0,5,1,0,16,0.625
1436,11,0,5,1,0,17,0.6470588235294118
1437,11,1,5,1,0,18,0.6111111111111112
1438,11,0,5,1,0,17,0.6470588235294118
1439,12,0,5,1,0,18,0.6666666666666666
1440,14,0,5,1,0,20,0.7
1441,11,0,5,1,0,17,0.6470588235294118
1442,12,0,5,1,0,18,0.6666666666666666
1443,13,0,5,1,0,19,0.6842105263157895
1444,12,0,5,1,0,18,0.6666666666666666
1445,12,0,4,1,0,17,0.7058823529411765
1446,13,0,4,1,0,18,0.7222222222222222
1447,13,0,5,1,0,19,0.6842105263157895
1448,12,2,5,1,0,20,0.6
1449,14,1,4,1,0,20,0.7
1450,11,1,5,1,0,18,0.6111111111111112
1451,12,0,5,1,0,18,0.6666666666666666
1452,12,0,5,1,0,18,0.6666666666666666
1453,12,2,5,1,0,20,0.6
1454,11,2,4,1,0,18,0.6111111111111112
1455,11,2,4,1,0,18,0.6111111111111112
1456,11,0,3,0,0,14,0.7857142857142857
1457,13,1,4,0,0,18,0.7222222222222222
1458,13,1,4,1,0,19,0.6842105263157895
1459,12,0,4,1,0,17,0.7058823529411765
1460,13,2,4,1,0,20,0.65
1461,11,1,4,1,0,17,0.6470588235294118
1462,13,2,4,1,0,20,0.65
1463,12,1,5,1,0,19,0.631578947368421
1464,13,2,5,1,0,21,0.6190476190476191
1465,12,0,5,1,0,18,0.6666666666666666
1466,12,2,5,0,0,19,0.631578947368421
1467,13,1,5,1,0,20,0.65
1468,12,1,5,1,0,19,0.631578947368421
1469,11,2,5,1,0,19,0.5789473684210527
1470,12,1,5,1,0,19,0.631578947368421
1471,13,0,5,1,0,19,0.6842105263157895
1472,11,0,4,1,0,16,0.6875
1473,13,1,5,1,0,20,0.65
1474,12,2,4,0,0,18,0.6666666666666666
1475,12,0,5,1,0,18,0.6666666666666666
1476,12,2,4,1,0,19,0.631578947368421
1477,12,0,5,1,0,18,0.6666666666666666
1478,11,0,5,1,0,17,0.6470588235294118
1479,11,0,4,1,0,16,0.6875
1480,12,2,5,1,0,20,0.6
1481,13,1,5,1,0,20,0.65
1482,10,1,4,1,0,16,0.625
1483,11,0,5,1,0,17,0.6470588235294118
1484,13,0,4,1,0,18,0.7222222222222222
1485,12,2,5,1,0,20,0.6
1486,12,2,4,1,0,19,0.631578947368421
1487,13,1,4,1,0,19,0.6842105263157895
1488,13,1,5,1,0,20,0.65
1489,11,0,4,1,0,16,0.6875
1490,12,0,5,1,0,18,0.6666666666666666
1491,12,1,5,1,0,19,0.631578947368421
1492,11,2,5,1,0,19,0.5789473684210527
1493,12,0,5,1,0,18,0.6666666666666666
1494,10,1,5,1,0,17,0.5882352941176471
1495,12,1,5,1,0,19,0.631578947368421
1496,13,1,4,1,0,19,0.6842105263157895
1497,11,2,5,1,0,19,0.5789473684210527
1498,13,2,5,1,0,21,0.6190476190476191
1499,13,1,5,1,0,20,0.65
1500,13,2,5,1,0,21,0.6190476190476191
1501,11,1,5,1,0,18,0.6111111111111112
1502,13,1,5,1,0,20,0.65
1503,13,2,5,1,0,21,0.6190476190476191
1504,12,0,5,1,0,18,0.6666666666666666
1505,13,1,5,1,0,20,0.65
1506,12,2,5,1,0,20,0.6
1507,12,1,5,1,0,19,0.631578947368421
1508,11,1,5,1,0,18,0.6111111111111112
1509,11,2,5,1,0,19,0.5789473684210527
1510,11,1,4,0,0,16,0.6875
1511,14,1,3,0,0,18,0.7777777777777778
1512,14,1,3,0,0,18,0.7777777777777778
1513,13,1,3,0,0,17,0.7647058823529411
1514,13,2,3,0,0,18,0.7222222222222222
1515,11,2,3,0,0,16,0.6875
1516,11,0,4,0,0,15,0.7333333333333333
1517,13,0,3,0,0,16,0.8125
1518,14,1,3,0,0,18,0.7777777777777778
1519,15,1,3,0,0,19,0.7894736842105263
1520,13,0,3,0,0,16,0.8125
1521,14,1,4,0,0,19,0.7368421052631579
1522,13,1,4,0,0,18,0.7222222222222222
1523,14,0,3,0,0,17,0.8235294117647058
1524,14,2,4,0,0,20,0.7
1525,15,2,3,0,0,20,0.75
1526,13,2,3,0,0,18,0.7222222222222222
1527,12,0,4,0,0,16,0.75
1528,13,0,4,0,0,17,0.7647058823529411
1529,13,0,4,0,0,17,0.7647058823529411
1530,13,1,4,0,0,18,0.7222222222222222
1531,12,1,4,0,0,17,0.7058823529411765
1532,12,1,4,0,0,17,0.7058823529411765
1533,13,1,4,0,0,18,0.7222222222222222
1534,13,2,4,0,0,19,0.6842105263157895
1535,14,2,4,0,0,20,0.7
1536,13,2,4,0,0,19,0.6842105263157895
1537,15,2,4,0,0,21,0.7142857142857143
1538,15,2,4,0,0,21,0.7142857142857143
1539,13,2,4,0,0,19,0.6842105263157895
1540,15,2,4,0,0,21,0.7142857142857143
1541,14,2,4,0,0,20,0.7
1542,16,2,4,0,0,22,0.7272727272727273
1543,14,2,4,0,0,20,0.7
1544,13,1,4,0,0,18,0.7222222222222222
1545,12,0,4,0,0,16,0.75
1546,14,1,4,0,0,19,0.7368421052631579
1547,15,2,4,0,0,21,0.7142857142857143
1548,12,2,4,0,0,18,0.6666666666666666
1549,13,1,4,0,0,18,0.7222222222222222
1550,15,2,4,0,0,21,0.7142857142857143
1551,14,1,4,0,0,19,0.7368421052631579
1552,12,2,4,0,0,18,0.6666666666666666
1553,15,0,4,0,0,19,0.7894736842105263
1554,14,1,4,0,0,19,0.7368421052631579
1555,13,0,4,0,0,17,0.7647058823529411
1556,14,1,4,0,0,19,0.7368421052631579
1557,12,2,4,1,0,19,0.631578947368421
1558,12,0,4,0,0,16,0.75
1559,14,1,4,0,0,19,0.7368421052631579
1560,14,2,4,0,0,20,0.7
1561,15,1,4,0,0,20,0.75
1562,11,2,4,0,0,17,0.6470588235294118
1563,15,0,4,0,0,19,0.7894736842105263
1564,11,1,4,0,0,16,0.6875
1565,13,2,4,0,0,19,0.6842105263157895
1566,14,1,3,0,0,18,0.7777777777777778
1567,13,0,3,0,0,16,0.8125
1568,12,0,3,0,0,15,0.8
1569,14,1,4,0,0,19,0.7368421052631579
1570,13,1,3,0,0,17,0.7647058823529411
1571,12,1,4,0,0,17,0.7058823529411765
1572,12,1,4,0,0,17,0.7058823529411765
1573,13,0,4,0,0,17,0.7647058823529411
1574,13,0,4,0,0,17,0.7647058823529411
1575,14,1,4,0,0,19,0.7368421052631579
1576,15,1,3,0,0,19,0.7894736842105263
1577,13,0,4,0,0,17,0.7647058823529411
1578,14,1,4,0,0,19,0.7368421052631579
1579,13,0,3,0,0,16,0.8125
1580,15,1,3,0,0,19,0.7894736842105263
1581,13,0,4,0,0,17,0.7647058823529411
1582,11,1,4,0,0,16,0.6875
1583,13,0,3,0,0,16,0.8125
1584,13,1,3,0,0,17,0.7647058823529411
1585,15,1,4,0,0,20,0.75
1586,14,1,3,0,0,18,0.7777777777777778
1587,14,1,4,0,0,19,0.7368421052631579
1588,14,1,4,0,0,19,0.7368421052631579
1589,14,1,4,0,0,19,0.7368421052631579
1590,12,1,4,0,0,17,0.7058823529411765
1591,12,1,3,0,0,16,0.75
1592,14,0,3,0,0,17,0.8235294117647058
1593,12,2,3,0,0,17,0.7058823529411765
1594,13,1,3,0,0,17,0.7647058823529411
1595,15,1,3,0,0,19,0.7894736842105263
1596,14,1,3,0,0,18,0.7777777777777778
1597,12,0,3,0,0,15,0.8
1598,14,1,4,0,0,19,0.7368421052631579
1599,11,1,4,0,0,16,0.6875
1600,14,1,4,0,0,19,0.7368421052631579
1601,12,1,3,0,0,16,0.75
1602,15,0,3,0,0,18,0.8333333333333334
1603,11,0,3,0,0,14,0.7857142857142857
1604,13,1,3,0,0,17,0.7647058823529411
1605,15,1,3,0,0,19,0.7894736842105263
1606,13,1,3,0,0,17,0.7647058823529411
1607,14,2,3,0,0,19,0.7368421052631579
1608,14,1,3,0,0,18,0.7777777777777778
1609,14,1,3,0,0,18,0.7777777777777778
1610,13,1,3,0,0,17,0.7647058823529411
1611,13,1,3,0,0,17,0.7647058823529411
1612,13,1,3,0,0,17,0.7647058823529411
1613,13,0,3,0,0,16,0.8125
1614,13,2,3,0,0,18,0.7222222222222222
1615,15,1,3,0,0,19,0.7894736842105263
1616,15,2,3,0,0,20,0.75
1617,15,0,3,0,0,18,0.8333333333333334
1618,15,0,3,0,0,18,0.8333333333333334
1619,13,1,3,0,0,17,0.7647058823529411
1620,15,0,3,0,0,18,0.8333333333333334
1621,13,0,3,0,0,16,0.8125
1622,15,1,3,0,0,19,0.7894736842105263
1623,15,1,3,0,0,19,0.7894736842105263
1624,15,2,3,0,0,20,0.75
1625,15,2,3,0,0,20,0.75
1626,14,1,3,0,0,18,0.7777777777777778
1627,13,2,2,0,0,17,0.7647058823529411
1628,15,1,3,0,0,19,0.7894736842105263
1629,12,1,3,0,0,16,0.75
1630,16,1,3,0,0,20,0.8
1631,15,2,3,0,0,20,0.75
1632,17,1,3,0,0,21,0.8095238095238095
1633,13,0,3,0,0,16,0.8125
1634,15,1,3,0,0,19,0.7894736842105263
1635,16,1,3,0,0,20,0.8
1636,15,1,3,0,0,19,0.7894736842105263
1637,14,1,3,0,0,18,0.7777777777777778
1638,15,1,3,0,0,19,0.7894736842105263
1639,15,1,3,0,0,19,0.7894736842105263
1640,15,1,3,0,0,19,0.7894736842105263
1641,16,0,3,0,0,19,0.8421052631578947
1642,15,1,3,0,0,19,0.7894736842105263
1643,16,1,3,0,0,20,0.8
1644,15,2,3,0,0,20,0.75
1645,16,2,3,0,0,21,0.7619047619047619
1646,16,2,3,0,0,21,0.7619047619047619
1647,16,1,3,0,0,20,0.8
1648,16,0,3,0,0,19,0.8421052631578947
1649,12,1,3,0,0,16,0.75
1650,16,2,3,0,0,21,0.7619047619047619
1651,12,0,3,0,0,15,0.8
1652,16,1,3,0,0,20,0.8
1653,16,0,3,0,0,19,0.8421052631578947
1654,14,1,3,0,0,18,0.7777777777777778
1655,15,1,3,0,0,19,0.7894736842105263
1656,15,1,3,0,0,19,0.7894736842105263
1657,15,3,3,0,0,21,0.7142857142857143
1658,14,2,3,0,0,19,0.7368421052631579
1659,15,0,3,0,0,18,0.8333333333333334
1660,15,2,3,0,0,20,0.75
1661,15,0,3,0,0,18,0.8333333333333334
1662,15,0,3,0,0,18,0.8333333333333334
1663,15,0,3,0,0,18,0.8333333333333334
1664,13,0,3,0,0,16,0.8125
1665,13,0,3,0,0,16,0.8125
1666,15,1,3,1,0,20,0.75
1667,14,0,3,1,0,18,0.7777777777777778
1668,14,0,3,0,0,17,0.8235294117647058
1669,15,1,3,0,0,19,0.7894736842105263
1670,13,0,3,1,0,17,0.7647058823529411
1671,15,1,3,0,0,19,0.7894736842105263
1672,15,0,3,0,0,18,0.8333333333333334
1673,16,0,3,0,0,19,0.8421052631578947
1674,15,0,3,0,0,18,0.8333333333333334
1675,14,0,3,0,0,17,0.8235294117647058
1676,13,0,3,0,0,16,0.8125
1677,16,1,3,0,0,20,0.8
1678,14,0,3,0,0,17,0.8235294117647058
1679,14,1,3,0,0,18,0.7777777777777778
1680,16,1,3,0,0,20,0.8
1681,15,0,3,0,0,18,0.8333333333333334
1682,15,1,3,0,0,19,0.7894736842105263
1683,14,0,3,1,0,18,0.7777777777777778
1684,12,0,3,1,0,16,0.75
1685,14,0,3,0,0,17,0.8235294117647058
1686,15,1,3,0,0,19,0.7894736842105263
1687,16,1,3,0,0,20,0.8
1688,13,1,3,0,0,17,0.7647058823529411
1689,15,0,3,0,0,18,0.8333333333333334
1690,13,1,3,0,0,17,0.7647058823529411
1691,14,0,3,0,0,17,0.8235294117647058
1692,15,0,4,0,0,19,0.7894736842105263
1693,13,1,3,0,0,17,0.7647058823529411
1694,15,0,3,0,0,18,0.8333333333333334
1695,14,0,3,0,0,17,0.8235294117647058
1696,13,0,3,0,0,16,0.8125
1697,14,1,3,0,0,18,0.7777777777777778
1698,15,0,3,0,0,18,0.8333333333333334
1699,15,0,3,0,0,18,0.8333333333333334
1700,16,0,3,0,0,19,0.8421052631578947
1701,15,0,3,0,0,18,0.8333333333333334
1702,16,0,3,0,0,19,0.8421052631578947
1703,15,0,3,0,0,18,0.8333333333333334
1704,15,0,2,0,0,17,0.8823529411764706
1705,16,1,3,0,0,20,0.8
1706,15,0,3,0,0,18,0.8333333333333334
1707,14,0,3,0,0,17,0.8235294117647058
1708,14,0,3,0,0,17,0.8235294117647058
1709,12,0,3,1,0,16,0.75
1710,12,0,4,1,0,17,0.7058823529411765
1711,15,0,3,0,0,18,0.8333333333333334
1712,14,1,3,0,0,18,0.7777777777777778
1713,15,0,3,1,0,19,0.7894736842105263
1714,12,0,3,0,0,15,0.8
1715,14,0,4,0,0,18,0.7777777777777778
1716,14,1,3,0,0,18,0.7777777777777778
1717,15,1,3,0,0,19,0.7894736842105263
1718,16,1,3,0,0,20,0.8
1719,14,0,3,0,0,17,0.8235294117647058
1720,15,0,3,0,0,18,0.8333333333333334
1721,13,0,3,0,0,16,0.8125
1722,13,0,3,0,0,16,0.8125
1723,14,0,3,1,0,18,0.7777777777777778
1724,15,1,3,0,0,19,0.7894736842105263
1725,16,0,3,0,0,19,0.8421052631578947
1726,16,0,3,0,0,19,0.8421052631578947
1727,14,2,3,0,0,19,0.7368421052631579
1728,14,0,3,1,0,18,0.7777777777777778
1729,15,0,3,0,0,18,0.8333333333333334
1730,13,1,3,0,0,17,0.7647058823529411
1731,13,0,3,0,0,16,0.8125
1732,11,0,3,1,0,15,0.7333333333333333
1733,12,0,2,1,0,15,0.8
1734,15,1,3,0,0,19,0.7894736842105263
1735,14,1,3,0,0,18,0.7777777777777778
1736,14,1,3,0,0,18,0.7777777777777778
1737,12,0,3,0,0,15,0.8
1738,13,1,3,1,0,18,0.7222222222222222
1739,13,0,3,0,0,16,0.8125
1740,14,0,3,0,0,17,0.8235294117647058
1741,16,1,3,0,0,20,0.8
1742,15,1,3,1,0,20,0.75
1743,16,0,3,0,0,19,0.8421052631578947
1744,12,1,3,0,0,16,0.75
1745,14,0,3,0,0,17,0.8235294117647058
1746,15,0,3,0,0,18,0.8333333333333334
1747,16,0,3,0,0,19,0.8421052631578947
1748,13,0,3,1,0,17,0.7647058823529411
1749,14,1,3,0,0,18,0.7777777777777778
1750,12,0,3,1,0,16,0.75
1751,15,1,3,1,0,20,0.75
1752,13,0,3,1,0,17,0.7647058823529411
1753,14,1,3,1,0,19,0.7368421052631579
1754,13,1,3,1,0,18,0.7222222222222222
1755,15,0,3,1,0,19,0.7894736842105263
1756,13,1,3,0,0,17,0.7647058823529411
1757,14,1,3,0,0,18,0.7777777777777778
1758,14,0,3,1,0,18,0.7777777777777778
1759,15,1,3,1,0,20,0.75
1760,14,1,3,1,0,19,0.7368421052631579
1761,13,1,4,1,0,19,0.6842105263157895
1762,15,1,3,1,0,20,0.75
1763,14,1,3,0,0,18,0.7777777777777778
1764,13,1,3,1,0,18,0.7222222222222222
1765,15,1,3,0,0,19,0.7894736842105263
1766,15,1,3,0,0,19,0.7894736842105263
1767,14,1,3,1,0,19,0.7368421052631579
1768,14,0,3,0,0,17,0.8235294117647058
1769,15,1,3,0,0,19,0.7894736842105263
1770,13,1,3,1,0,18,0.7222222222222222
1771,14,1,3,1,0,19,0.7368421052631579
1772,12,1,3,0,0,16,0.75
1773,15,1,3,1,0,20,0.75
1774,14,2,3,0,0,19,0.7368421052631579
1775,13,0,4,0,0,17,0.7647058823529411
1776,13,0,5,1,0,19,0.6842105263157895
1777,15,1,3,0,0,19,0.7894736842105263
1778,16,2,4,0,0,22,0.7272727272727273
1779,16,1,3,0,0,20,0.8
1780,15,1,3,0,0,19,0.7894736842105263
1781,14,1,3,0,0,18,0.7777777777777778
1782,16,1,3,0,0,20,0.8
1783,16,1,3,0,0,20,0.8
1784,16,1,3,0,0,20,0.8
1785,15,1,3,0,0,19,0.7894736842105263
1786,12,0,3,1,0,16,0.75
1787,13,1,3,0,0,17,0.7647058823529411
1788,14,1,3,0,0,18,0.7777777777777778
1789,13,0,3,0,0,16,0.8125
1790,15,1,3,1,0,20,0.75
1791,13,0,3,0,0,16,0.8125
1792,14,1,3,0,0,18,0.7777777777777778
1793,15,0,3,0,0,18,0.8333333333333334
1794,14,2,3,1,0,20,0.7
1795,13,1,3,1,0,18,0.7222222222222222
1796,14,2,4,0,0,20,0.7
1797,14,1,3,0,0,18,0.7777777777777778
1798,14,1,3,0,0,18,0.7777777777777778
1799,14,1,3,0,0,18,0.7777777777777778
1800,14,1,3,0,0,18,0.7777777777777778
1801,15,0,3,0,0,18,0.8333333333333334
1802,14,1,3,0,0,18,0.7777777777777778
1803,14,1,3,0,0,18,0.7777777777777778
1804,14,1,3,0,0,18,0.7777777777777778
1805,15,2,3,0,0,20,0.75
1806,15,1,3,0,0,19,0.7894736842105263
1807,15,0,3,0,0,18,0.8333333333333334
1808,15,1,3,0,0,19,0.7894736842105263
1809,16,1,3,0,0,20,0.8
1810,14,1,3,0,0,18,0.7777777777777778
1811,16,0,3,0,0,19,0.8421052631578947
1812,16,0,3,0,0,19,0.8421052631578947
1813,17,1,3,0,0,21,0.8095238095238095
1814,16,1,3,0,0,20,0.8
1815,15,2,3,0,0,20,0.75
1816,16,1,3,0,0,20,0.8
1817,16,1,3,0,0,20,0.8
1818,16,1,3,0,0,20,0.8
1819,15,1,3,0,0,19,0.7894736842105263
1820,14,1,3,0,0,18,0.7777777777777778
1821,15,1,3,0,0,19,0.7894736842105263
1822,14,1,4,0,0,19,0.7368421052631579
1823,15,1,4,1,0,21,0.7142857142857143
1824,15,0,4,0,0,19,0.7894736842105263
1825,14,2,3,0,0,19,0.7368421052631579
1826,13,0,4,0,0,17,0.7647058823529411
1827,14,1,3,0,0,18,0.7777777777777778
1828,16,1,3,0,0,20,0.8
1829,16,1,3,0,0,20,0.8
1830,12,1,3,0,0,16,0.75
1831,15,1,3,0,0,19,0.7894736842105263
1832,15,1,3,0,0,19,0.7894736842105263
1833,14,1,3,0,0,18,0.7777777777777778
1834,14,2,3,1,0,20,0.7
1835,15,0,3,0,0,18,0.8333333333333334
1836,16,0,3,0,0,19,0.8421052631578947
1837,15,2,2,0,0,19,0.7894736842105263
1838,15,1,3,0,0,19,0.7894736842105263
1839,15,1,3,0,0,19,0.7894736842105263
1840,15,0,3,0,0,18,0.8333333333333334
1841,15,1,3,0,0,19,0.7894736842105263
1842,13,0,3,0,0,16,0.8125
1843,14,1,3,1,0,19,0.7368421052631579
1844,14,1,3,0,0,18,0.7777777777777778
1845,13,2,3,0,0,18,0.7222222222222222
1846,13,1,3,0,0,17,0.7647058823529411
1847,15,1,3,0,0,19,0.7894736842105263
1848,15,1,3,0,0,19,0.7894736842105263
1849,13,1,3,0,0,17,0.7647058823529411
1850,13,1,3,0,0,17,0.7647058823529411
1851,13,0,3,0,0,16,0.8125
1852,15,1,3,0,0,19,0.7894736842105263
1853,13,1,3,0,0,17,0.7647058823529411
1854,13,1,3,0,0,17,0.7647058823529411
1855,14,0,3,0,0,17,0.8235294117647058
1856,14,0,3,0,0,17,0.8235294117647058
1857,13,0,3,0,0,16,0.8125
1858,15,1,3,1,0,20,0.75
1859,16,0,3,0,0,19,0.8421052631578947
1860,14,0,3,0,0,17,0.8235294117647058
1861,13,0,3,0,0,16,0.8125
1862,15,1,3,0,0,19,0.7894736842105263
1863,15,0,3,0,0,18,0.8333333333333334
1864,15,0,3,0,0,18,0.8333333333333334
1865,14,1,3,0,0,18,0.7777777777777778
1866,14,1,3,0,0,18,0.7777777777777778
1867,15,1,3,0,0,19,0.7894736842105263
1868,16,0,3,0,0,19,0.8421052631578947
1869,15,1,3,0,0,19,0.7894736842105263
1870,16,1,3,0,0,20,0.8
1871,15,2,3,0,0,20,0.75
1872,14,1,3,0,0,18,0.7777777777777778
1873,13,1,3,0,0,17,0.7647058823529411
1874,16,1,3,0,0,20,0.8
1875,13,2,3,0,0,18,0.7222222222222222
1876,15,2,3,0,0,20,0.75
1877,15,2,3,0,0,20,0.75
1878,14,0,3,0,0,17,0.8235294117647058
1879,15,1,3,0,0,19,0.7894736842105263
1880,14,2,3,0,0,19,0.7368421052631579
1881,15,0,3,0,0,18,0.8333333333333334
1882,13,0,3,0,0,16,0.8125
1883,16,2,3,0,0,21,0.7619047619047619
1884,16,1,3,0,0,20,0.8
1885,15,0,3,0,0,18,0.8333333333333334
1886,16,1,3,0,0,20,0.8
1887,16,2,3,0,0,21,0.7619047619047619
1888,16,1,3,0,0,20,0.8
1889,16,1,3,0,0,20,0.8
1890,14,1,3,0,0,18,0.7777777777777778
1891,14,1,3,0,0,18,0.7777777777777778
1892,13,1,3,0,0,17,0.7647058823529411
1893,14,1,3,0,0,18,0.7777777777777778
1894,13,1,3,0,0,17,0.7647058823529411
1895,14,0,3,0,0,17,0.8235294117647058
1896,14,1,3,0,0,18,0.7777777777777778
1897,14,2,3,0,0,19,0.7368421052631579
1898,14,1,3,0,0,18,0.7777777777777778
1899,14,2,3,1,0,20,0.7
1900,15,1,3,0,0,19,0.7894736842105263
1901,16,1,3,0,0,20,0.8
1902,15,2,3,1,0,21,0.7142857142857143
1903,14,1,3,0,0,18,0.7777777777777778
1904,15,3,3,0,0,21,0.7142857142857143
1905,15,2,3,1,0,21,0.7142857142857143
1906,13,1,3,0,0,17,0.7647058823529411
1907,14,2,3,1,0,20,0.7
1908,13,2,3,1,0,19,0.6842105263157895
1909,13,1,3,1,0,18,0.7222222222222222
1910,13,1,3,0,0,17,0.7647058823529411
1911,9,0,3,0,0,12,0.75
1912,14,0,3,0,0,17,0.8235294117647058
1913,15,1,3,0,0,19,0.7894736842105263
1914,13,0,3,1,0,17,0.7647058823529411
1915,14,1,3,0,0,18,0.7777777777777778
1916,14,0,3,0,0,17,0.8235294117647058
1917,15,1,3,0,0,19,0.7894736842105263
1918,14,0,3,1,0,18,0.7777777777777778
1919,14,1,3,0,0,18,0.7777777777777778
1920,14,1,3,0,0,18,0.7777777777777778
1921,13,0,3,0,0,16,0.8125
1922,14,0,2,0,0,16,0.875
1923,13,0,4,1,0,18,0.7222222222222222
1924,14,0,3,0,0,17,0.8235294117647058
1925,13,1,3,0,0,17,0.7647058823529411
1926,13,1,3,1,0,18,0.7222222222222222
1927,13,0,3,0,0,16,0.8125
1928,13,0,3,0,0,16,0.8125
1929,15,1,3,0,0,19,0.7894736842105263
1930,14,1,3,0,0,18,0.7777777777777778
1931,12,0,3,0,0,15,0.8
1932,15,1,3,0,0,19,0.7894736842105263
1933,16,1,3,0,0,20,0.8
1934,14,0,3,0,0,17,0.8235294117647058
1935,13,2,3,0,0,18,0.7222222222222222
1936,16,1,3,0,0,20,0.8
1937,15,1,3,0,0,19,0.7894736842105263
1938,16,1,3,0,0,20,0.8
1939,15,1,3,0,0,19,0.7894736842105263
1940,16,1,3,0,0,20,0.8
1941,15,1,3,0,0,19,0.7894736842105263
1942,16,1,3,0,0,20,0.8
1943,16,1,3,0,0,20,0.8
1944,15,1,3,0,0,19,0.7894736842105263
1945,15,2,3,0,0,20,0.75
1946,16,1,3,0,0,20,0.8
1947,12,0,3,0,0,15,0.8
1948,15,1,3,0,0,19,0.7894736842105263
1949,16,1,3,0,0,20,0.8
1950,16,2,3,0,0,21,0.7619047619047619
1951,15,1,3,0,0,19,0.7894736842105263
1952,15,1,3,0,0,19,0.7894736842105263
1953,15,0,3,0,0,18,0.8333333333333334
1954,15,1,3,0,0,19,0.7894736842105263
1955,14,0,3,0,0,17,0.8235294117647058
1956,14,2,3,0,0,19,0.7368421052631579
1957,15,2,3,0,0,20,0.75
1958,15,2,3,0,0,20,0.75
1959,15,2,3,0,0,20,0.75
1960,16,2,3,0,0,21,0.7619047619047619
1961,15,2,3,0,0,20,0.75
1962,16,1,3,0,0,20,0.8
1963,16,1,3,0,0,20,0.8
1964,16,0,3,0,0,19,0.8421052631578947
1965,15,2,3,0,0,20,0.75
1966,14,2,3,0,0,19,0.7368421052631579
1967,15,1,3,0,0,19,0.7894736842105263
1968,16,1,3,0,0,20,0.8
1969,16,2,3,0,0,21,0.7619047619047619
1970,14,1,3,0,0,18,0.7777777777777778
1971,16,1,3,0,0,20,0.8
1972,14,1,3,0,0,18,0.7777777777777778
1973,16,2,3,0,0,21,0.7619047619047619
1974,16,1,3,0,0,20,0.8
1975,15,1,3,0,0,19,0.7894736842105263
1976,15,1,3,0,0,19,0.7894736842105263
1977,16,2,3,0,0,21,0.7619047619047619
1978,15,1,3,0,0,19,0.7894736842105263
1979,16,2,2,0,0,20,0.8
1980,16,1,3,0,0,20,0.8
1981,15,1,3,0,0,19,0.7894736842105263
1982,15,1,3,0,0,19,0.7894736842105263
1983,15,0,2,0,0,17,0.8823529411764706
1984,15,2,3,0,0,20,0.75
1985,16,1,3,0,0,20,0.8
1986,15,0,3,0,0,18,0.8333333333333334
1987,16,1,3,0,0,20,0.8
1988,16,2,3,0,0,21,0.7619047619047619
1989,13,2,3,0,0,18,0.7222222222222222
1990,15,1,3,0,0,19,0.7894736842105263
1991,16,1,3,0,0,20,0.8
1992,13,2,3,0,0,18,0.7222222222222222
1993,15,1,3,0,0,19,0.7894736842105263
1994,15,1,3,0,0,19,0.7894736842105263
1995,16,1,3,0,0,20,0.8
1996,13,0,3,0,0,16,0.8125
1997,16,1,3,0,0,20,0.8
1998,15,1,3,0,0,19,0.7894736842105263
1999,15,1,3,0,0,19,0.7894736842105263
2000,16,1,3,0,0,20,0.8
2001,16,2,3,0,0,21,0.7619047619047619
2002,14,0,3,0,0,17,0.8235294117647058
2003,14,2,3,0,0,19,0.7368421052631579
2004,15,2,3,0,0,20,0.75
2005,14,1,3,0,0,18,0.7777777777777778
2006,16,2,3,0,0,21,0.7619047619047619
2007,14,1,3,0,0,18,0.7777777777777778
2008,16,2,3,0,0,21,0.7619047619047619
2009,16,1,3,0,0,20,0.8
2010,13,2,3,0,0,18,0.7222222222222222
2011,15,1,3,0,0,19,0.7894736842105263
2012,13,0,3,0,0,16,0.8125
2013,13,2,3,0,0,18,0.7222222222222222
2014,13,2,3,0,0,18,0.7222222222222222
2015,16,2,3,0,0,21,0.7619047619047619
2016,16,1,3,0,0,20,0.8
2017,15,1,3,0,0,19,0.7894736842105263
2018,16,1,3,0,0,20,0.8
2019,16,1,3,0,0,20,0.8
2020,15,1,3,0,0,19,0.7894736842105263
2021,15,1,3,0,0,19,0.7894736842105263
2022,16,0,3,0,0,19,0.8421052631578947
2023,15,0,3,0,0,18,0.8333333333333334
2024,16,1,3,0,0,20,0.8
2025,16,1,3,0,0,20,0.8
2026,16,2,3,0,0,21,0.7619047619047619
2027,14,0,3,0,0,17,0.8235294117647058
2028,16,0,3,0,0,19,0.8421052631578947
2029,14,1,3,0,0,18,0.7777777777777778
2030,16,1,3,0,0,20,0.8
2031,15,1,3,0,0,19,0.7894736842105263
2032,15,1,3,0,0,19,0.7894736842105263
2033,16,1,3,0,0,20,0.8
2034,15,1,3,0,0,19,0.7894736842105263
2035,14,1,3,0,0,18,0.7777777777777778
2036,14,1,3,0,0,18,0.7777777777777778
2037,14,1,3,0,0,18,0.7777777777777778
2038,15,2,3,0,0,20,0.75
2039,16,1,3,0,0,20,0.8
2040,15,1,3,0,0,19,0.7894736842105263
2041,14,1,3,0,0,18,0.7777777777777778
2042,15,1,3,0,0,19,0.7894736842105263
2043,15,1,3,0,0,19,0.7894736842105263
2044,16,1,3,0,0,20,0.8
2045,15,1,3,0,0,19,0.7894736842105263
2046,16,1,3,0,0,20,0.8
2047,16,2,3,0,0,21,0.7619047619047619
2048,15,2,3,0,0,20,0.75
2049,15,1,3,0,0,19,0.7894736842105263
2050,16,1,3,0,0,20,0.8
2051,15,1,3,0,0,19,0.7894736842105263
2052,14,1,3,0,0,18,0.7777777777777778
2053,13,1,3,0,0,17,0.7647058823529411
2054,16,1,3,0,0,20,0.8
2055,15,1,3,0,0,19,0.7894736842105263
2056,14,1,3,0,0,18,0.7777777777777778
2057,16,2,3,0,0,21,0.7619047619047619
2058,15,2,3,0,0,20,0.75
2059,16,1,3,0,0,20,0.8
2060,16,1,3,0,0,20,0.8
2061,15,2,3,0,0,20,0.75
2062,16,1,3,0,0,20,0.8
2063,15,1,3,0,0,19,0.7894736842105263
2064,15,1,3,0,0,19,0.7894736842105263
2065,16,0,3,0,0,19,0.8421052631578947
2066,15,2,3,0,0,20,0.75
2067,16,2,3,0,0,21,0.7619047619047619
2068,15,2,3,0,0,20,0.75
2069,15,1,3,0,0,19,0.7894736842105263
2070,15,1,3,0,0,19,0.7894736842105263
2071,16,1,3,0,0,20,0.8
2072,15,1,3,0,0,19,0.7894736842105263
2073,14,2,3,0,0,19,0.7368421052631579
2074,15,1,3,0,0,19,0.7894736842105263
2075,15,2,3,0,0,20,0.75
2076,15,1,3,0,0,19,0.7894736842105263
2077,16,1,3,0,0,20,0.8
2078,16,1,3,0,0,20,0.8
2079,15,1,3,0,0,19,0.7894736842105263
2080,14,0,3,0,0,17,0.8235294117647058
2081,12,0,3,0,0,15,0.8
2082,14,1,3,0,0,18,0.7777777777777778
2083,14,1,3,1,0,19,0.7368421052631579
2084,13,1,3,0,0,17,0.7647058823529411
2085,14,0,3,0,0,17,0.8235294117647058
2086,15,1,3,0,0,19,0.7894736842105263
2087,15,1,3,0,0,19,0.7894736842105263
2088,15,2,3,0,0,20,0.75
2089,15,1,3,0,0,19,0.7894736842105263
2090,15,2,3,0,0,20,0.75
2091,13,1,3,0,0,17,0.7647058823529411
2092,15,1,3,0,0,19,0.7894736842105263
2093,15,2,3,0,0,20,0.75
2094,11,0,3,0,0,14,0.7857142857142857
2095,16,1,3,0,0,20,0.8
2096,13,1,3,0,0,17,0.7647058823529411
2097,13,0,3,0,0,16,0.8125
2098,14,0,3,0,0,17,0.8235294117647058
2099,13,1,3,0,0,17,0.7647058823529411
2100,14,2,3,0,0,19,0.7368421052631579
2101,14,1,3,0,0,18,0.7777777777777778
2102,15,2,3,0,0,20,0.75
2103,15,1,3,0,0,19,0.7894736842105263
2104,14,1,3,1,0,19,0.7368421052631579
2105,13,0,4,0,0,17,0.7647058823529411
2106,14,1,3,0,0,18,0.7777777777777778
2107,13,0,4,1,0,18,0.7222222222222222
2108,13,0,3,0,0,16,0.8125
2109,14,2,3,0,0,19,0.7368421052631579
2110,14,0,3,0,0,17,0.8235294117647058
2111,15,2,3,0,0,20,0.75
2112,14,0,3,0,0,17,0.8235294117647058
2113,14,0,3,0,0,17,0.8235294117647058
2114,14,0,3,0,0,17,0.8235294117647058
2115,13,1,3,1,0,18,0.7222222222222222
2116,13,2,3,0,0,18,0.7222222222222222
2117,13,2,3,0,0,18,0.7222222222222222
2118,13,1,3,0,0,17,0.7647058823529411
2119,16,2,3,0,0,21,0.7619047619047619
2120,16,1,3,0,0,20,0.8
2121,14,1,3,0,0,18,0.7777777777777778
2122,16,0,3,0,0,19,0.8421052631578947
2123,15,2,3,1,0,21,0.7142857142857143
2124,14,2,3,0,0,19,0.7368421052631579
2125,13,1,4,1,0,19,0.6842105263157895
2126,15,1,3,0,0,19,0.7894736842105263
2127,15,1,3,0,0,19,0.7894736842105263
2128,15,1,3,0,0,19,0.7894736842105263
2129,13,1,3,0,0,17,0.7647058823529411
2130,13,0,3,0,0,16,0.8125
2131,15,0,3,1,0,19,0.7894736842105263
2132,15,0,3,0,0,18,0.8333333333333334
2133,12,1,3,0,0,16,0.75
2134,12,1,3,0,0,16,0.75
2135,15,1,3,0,0,19,0.7894736842105263
2136,16,1,3,0,0,20,0.8
2137,13,0,3,0,0,16,0.8125
2138,14,2,3,0,0,19,0.7368421052631579
2139,11,0,3,0,0,14,0.7857142857142857
2140,15,1,3,0,0,19,0.7894736842105263
2141,16,2,3,0,0,21,0.7619047619047619
2142,16,2,3,0,0,21,0.7619047619047619
2143,15,1,3,0,0,19,0.7894736842105263
2144,15,2,3,0,0,20,0.75
2145,15,1,3,0,0,19,0.7894736842105263
2146,15,1,3,0,0,19,0.7894736842105263
2147,16,1,3,0,0,20,0.8
2148,15,0,3,0,0,18,0.8333333333333334
2149,15,1,3,0,0,19,0.7894736842105263
2150,15,2,3,0,0,20,0.75
2151,15,2,3,0,0,20,0.75
2152,13,0,3,0,0,16,0.8125
2153,14,1,3,0,0,18,0.7777777777777778
2154,15,0,3,0,0,18,0.8333333333333334
2155,16,0,3,0,0,19,0.8421052631578947
2156,14,1,3,0,0,18,0.7777777777777778
2157,12,1,2,0,0,15,0.8
2158,12,0,3,0,0,15,0.8
2159,13,1,3,0,0,17,0.7647058823529411
2160,13,0,3,0,0,16,0.8125
2161,15,1,3,0,0,19,0.7894736842105263
2162,13,0,3,0,0,16,0.8125
2163,14,0,3,0,0,17,0.8235294117647058
2164,13,2,3,0,0,18,0.7222222222222222
2165,15,1,3,0,0,19,0.7894736842105263
2166,16,1,3,0,0,20,0.8
2167,15,0,3,0,0,18,0.8333333333333334
2168,14,0,3,0,0,17,0.8235294117647058
2169,16,1,3,0,0,20,0.8
2170,16,1,3,0,0,20,0.8
2171,16,1,3,0,0,20,0.8
2172,15,0,3,0,0,18,0.8333333333333334
2173,15,1,3,0,0,19,0.7894736842105263
2174,16,2,3,0,0,21,0.7619047619047619
2175,16,1,3,0,0,20,0.8
2176,13,2,3,0,0,18,0.7222222222222222
2177,15,2,3,0,0,20,0.75
2178,16,1,3,0,0,20,0.8
2179,15,1,3,0,0,19,0.7894736842105263
2180,15,1,3,0,0,19,0.7894736842105263
2181,16,0,3,0,0,19,0.8421052631578947
2182,15,1,3,0,0,19,0.7894736842105263
2183,15,0,3,0,0,18,0.8333333333333334
2184,15,0,3,0,0,18,0.8333333333333334
2185,14,1,3,0,0,18,0.7777777777777778
2186,13,0,4,1,0,18,0.7222222222222222
2187,13,0,4,0,0,17,0.7647058823529411
2188,14,0,4,1,0,19,0.7368421052631579
2189,13,0,3,1,0,17,0.7647058823529411
2190,14,0,3,1,0,18,0.7777777777777778
2191,14,0,3,0,0,17,0.8235294117647058
2192,14,1,3,1,0,19,0.7368421052631579
2193,15,0,3,0,0,18,0.8333333333333334
2194,11,1,3,0,0,15,0.7333333333333333
2195,13,0,3,0,0,16,0.8125
2196,13,0,3,0,0,16,0.8125
2197,12,0,3,0,0,15,0.8
2198,14,1,3,0,0,18,0.7777777777777778
2199,15,1,3,0,0,19,0.7894736842105263
2200,15,1,3,0,0,19,0.7894736842105263
2201,16,1,3,0,0,20,0.8
2202,14,0,3,0,0,17,0.8235294117647058
2203,15,1,3,0,0,19,0.7894736842105263
2204,12,0,3,0,0,15,0.8
2205,14,0,4,0,0,18,0.7777777777777778
2206,15,1,3,0,0,19,0.7894736842105263
2207,14,1,3,0,0,18,0.7777777777777778
2208,15,2,3,0,0,20,0.75
2209,16,2,3,0,0,21,0.7619047619047619
2210,14,2,3,0,0,19,0.7368421052631579
2211,12,2,3,0,0,17,0.7058823529411765
2212,16,2,3,0,0,21,0.7619047619047619
2213,15,1,3,0,0,19,0.7894736842105263
2214,14,2,3,0,0,19,0.7368421052631579
2215,15,1,3,0,0,19,0.7894736842105263
2216,14,1,3,0,0,18,0.7777777777777778
2217,13,0,3,0,0,16,0.8125
2218,15,1,3,0,0,19,0.7894736842105263
2219,13,0,3,0,0,16,0.8125
2220,12,0,3,0,0,15,0.8
2221,10,1,3,0,0,14,0.7142857142857143
2222,16,1,3,0,0,20,0.8
2223,15,1,3,0,0,19,0.7894736842105263
2224,13,1,3,0,0,17,0.7647058823529411
2225,16,2,3,0,0,21,0.7619047619047619
2226,15,2,3,0,0,20,0.75
2227,16,1,3,0,0,20,0.8
2228,14,2,3,0,0,19,0.7368421052631579
2229,13,2,3,0,0,18,0.7222222222222222
2230,16,2,3,0,0,21,0.7619047619047619
2231,16,1,3,0,0,20,0.8
2232,14,1,3,0,0,18,0.7777777777777778
2233,15,2,3,0,0,20,0.75
2234,13,1,3,0,0,17,0.7647058823529411
2235,12,1,3,0,0,16,0.75
2236,16,1,3,0,0,20,0.8
2237,14,2,3,0,0,19,0.7368421052631579
2238,15,1,3,0,0,19,0.7894736842105263
2239,16,1,3,0,0,20,0.8
2240,14,2,3,0,0,19,0.7368421052631579
2241,12,0,4,0,0,16,0.75
2242,15,1,3,0,0,19,0.7894736842105263
2243,16,1,3,0,0,20,0.8
2244,15,1,3,0,0,19,0.7894736842105263
2245,14,1,3,0,0,18,0.7777777777777778
2246,16,1,3,0,0,20,0.8
2247,14,1,3,0,0,18,0.7777777777777778
2248,16,1,3,0,0,20,0.8
2249,14,1,3,0,0,18,0.7777777777777778
2250,14,2,3,0,0,19,0.7368421052631579
2251,16,1,3,0,0,20,0.8
2252,15,1,3,0,0,19,0.7894736842105263
2253,15,1,3,0,0,19,0.7894736842105263
2254,13,0,3,0,0,16,0.8125
2255,15,1,3,0,0,19,0.7894736842105263
2256,15,1,3,0,0,19,0.7894736842105263
2257,16,2,3,0,0,21,0.7619047619047619
2258,16,2,3,0,0,21,0.7619047619047619
2259,16,2,3,0,0,21,0.7619047619047619
2260,15,1,3,0,0,19,0.7894736842105263
2261,13,1,3,0,0,17,0.7647058823529411
2262,14,1,4,0,0,19,0.7368421052631579
2263,16,2,3,0,0,21,0.7619047619047619
2264,16,1,3,0,0,20,0.8
2265,14,2,3,0,0,19,0.7368421052631579
2266,15,2,4,0,0,21,0.7142857142857143
2267,14,1,4,0,0,19,0.7368421052631579
2268,16,2,4,0,0,22,0.7272727272727273
2269,14,2,4,0,0,20,0.7
2270,16,1,3,0,0,20,0.8
2271,16,1,3,0,0,20,0.8
2272,16,2,3,0,0,21,0.7619047619047619
2273,15,1,3,0,0,19,0.7894736842105263
2274,13,2,3,0,0,18,0.7222222222222222
2275,16,0,3,0,0,19,0.8421052631578947
2276,14,1,3,0,0,18,0.7777777777777778
2277,16,1,3,0,0,20,0.8
2278,16,1,3,0,0,20,0.8
2279,15,1,3,0,0,19,0.7894736842105263
2280,15,1,3,0,0,19,0.7894736842105263
2281,15,1,3,0,0,19,0.7894736842105263
2282,15,1,3,0,0,19,0.7894736842105263
2283,14,1,3,0,0,18,0.7777777777777778
2284,15,1,3,0,0,19,0.7894736842105263
2285,14,1,3,1,0,19,0.7368421052631579
2286,15,1,3,0,0,19,0.7894736842105263
2287,14,0,3,0,0,17,0.8235294117647058
2288,15,1,4,0,0,20,0.75
2289,14,1,4,0,0,19,0.7368421052631579
2290,16,1,4,0,0,21,0.7619047619047619
2291,15,2,3,0,0,20,0.75
2292,16,2,4,0,0,22,0.7272727272727273
2293,14,0,4,0,0,18,0.7777777777777778
2294,12,1,4,0,0,17,0.7058823529411765
2295,14,2,5,0,0,21,0.6666666666666666
2296,13,0,4,0,0,17,0.7647058823529411
2297,15,1,4,0,0,20,0.75
2298,16,1,3,0,0,20,0.8
2299,14,1,3,1,0,19,0.7368421052631579
2300,12,0,4,1,0,17,0.7058823529411765
2301,16,1,3,0,0,20,0.8
2302,14,1,4,0,0,19,0.7368421052631579
2303,15,1,3,0,0,19,0.7894736842105263
2304,13,1,4,0,0,18,0.7222222222222222
2305,15,0,3,0,0,18,0.8333333333333334
2306,16,1,3,0,0,20,0.8
2307,15,1,3,0,0,19,0.7894736842105263
2308,16,1,3,0,0,20,0.8
2309,16,1,4,0,0,21,0.7619047619047619
2310,13,0,3,0,0,16,0.8125
2311,16,1,3,0,0,20,0.8
2312,15,1,4,0,0,20,0.75
2313,15,1,3,0,0,19,0.7894736842105263
2314,15,1,3,0,0,19,0.7894736842105263
2315,15,1,3,0,0,19,0.7894736842105263
2316,14,1,3,0,0,18,0.7777777777777778
2317,12,0,4,1,0,17,0.7058823529411765
2318,13,2,4,0,0,19,0.6842105263157895
2319,15,1,4,0,0,20,0.75
2320,14,0,4,0,0,18,0.7777777777777778
2321,14,0,3,0,0,17,0.8235294117647058
2322,14,2,4,0,0,20,0.7
2323,15,0,4,0,0,19,0.7894736842105263
2324,16,1,3,0,0,20,0.8
2325,14,1,4,0,0,19,0.7368421052631579
2326,16,1,3,0,0,20,0.8
2327,15,2,4,0,0,21,0.7142857142857143
2328,14,1,4,0,0,19,0.7368421052631579
2329,16,2,4,0,0,22,0.7272727272727273
2330,13,2,3,0,0,18,0.7222222222222222
2331,15,0,4,0,0,19,0.7894736842105263
2332,12,1,3,0,0,16,0.75
2333,13,0,3,0,0,16,0.8125
2334,14,0,3,0,0,17,0.8235294117647058
2335,14,0,3,0,0,17,0.8235294117647058
2336,14,1,3,0,0,18,0.7777777777777778
2337,15,1,3,0,0,19,0.7894736842105263
2338,14,0,3,0,0,17,0.8235294117647058
2339,13,0,4,0,0,17,0.7647058823529411
2340,14,2,4,0,0,20,0.7
2341,12,2,3,0,0,17,0.7058823529411765
2342,15,1,3,0,0,19,0.7894736842105263
2343,14,1,3,1,0,19,0.7368421052631579
2344,14,0,3,0,0,17,0.8235294117647058
2345,14,0,3,0,0,17,0.8235294117647058
2346,13,0,3,0,0,16,0.8125
2347,14,2,3,0,0,19,0.7368421052631579
2348,14,1,4,0,0,19,0.7368421052631579
2349,13,2,4,0,0,19,0.6842105263157895
2350,15,1,4,0,0,20,0.75
2351,15,0,3,0,0,18,0.8333333333333334
2352,14,1,4,0,0,19,0.7368421052631579
2353,16,0,3,0,0,19,0.8421052631578947
2354,14,1,4,0,0,19,0.7368421052631579
2355,16,2,4,0,0,22,0.7272727272727273
2356,14,1,4,0,0,19,0.7368421052631579
2357,15,0,4,0,0,19,0.7894736842105263
2358,13,1,3,0,0,17,0.7647058823529411
2359,15,2,4,0,0,21,0.7142857142857143
2360,15,1,4,0,0,20,0.75
2361,16,2,4,0,0,22,0.7272727272727273
2362,15,0,3,0,0,18,0.8333333333333334
2363,14,1,3,0,0,18,0.7777777777777778
2364,16,1,3,0,0,20,0.8
2365,13,2,4,0,0,19,0.6842105263157895
2366,15,1,4,0,0,20,0.75
2367,15,2,4,0,0,21,0.7142857142857143
2368,16,0,4,0,0,20,0.8
2369,16,1,4,0,0,21,0.7619047619047619
2370,15,2,4,0,0,21,0.7142857142857143
2371,16,0,4,0,0,20,0.8
2372,15,2,3,1,0,21,0.7142857142857143
2373,14,1,4,1,0,20,0.7
2374,14,1,4,0,0,19,0.7368421052631579
2375,13,2,4,0,0,19,0.6842105263157895
2376,14,2,3,0,0,19,0.7368421052631579
2377,14,0,3,0,0,17,0.8235294117647058
2378,14,2,3,0,0,19,0.7368421052631579
2379,15,1,3,0,0,19,0.7894736842105263
2380,15,1,4,0,0,20,0.75
2381,14,1,3,0,0,18,0.7777777777777778
2382,13,0,3,1,0,17,0.7647058823529411
2383,13,1,4,1,0,19,0.6842105263157895
2384,12,2,4,0,0,18,0.6666666666666666
2385,14,1,4,0,0,19,0.7368421052631579
2386,14,0,4,0,0,18,0.7777777777777778
2387,12,2,4,0,0,18,0.6666666666666666
2388,13,1,4,1,0,19,0.6842105263157895
2389,13,1,4,1,0,19,0.6842105263157895
2390,12,1,5,1,0,19,0.631578947368421
2391,13,1,3,1,0,18,0.7222222222222222
2392,13,2,3,1,0,19,0.6842105263157895
2393,16,0,3,0,0,19,0.8421052631578947
2394,13,1,3,0,0,17,0.7647058823529411
2395,16,1,4,0,0,21,0.7619047619047619
2396,16,1,4,0,0,21,0.7619047619047619
2397,16,2,4,0,0,22,0.7272727272727273
2398,15,2,4,0,0,21,0.7142857142857143
2399,13,2,3,0,0,18,0.7222222222222222
2400,15,0,3,0,0,18,0.8333333333333334
2401,15,1,4,0,0,20,0.75
2402,13,0,4,0,0,17,0.7647058823529411
2403,14,1,4,0,0,19,0.7368421052631579
2404,14,2,4,0,0,20,0.7
2405,15,1,4,0,0,20,0.75
2406,15,1,4,0,0,20,0.75
2407,15,1,3,0,0,19,0.7894736842105263
2408,13,1,4,0,0,18,0.7222222222222222
2409,13,1,4,0,0,18,0.7222222222222222
2410,12,2,3,0,0,17,0.7058823529411765
2411,14,1,4,0,0,19,0.7368421052631579
2412,14,0,3,0,0,17,0.8235294117647058
2413,14,2,4,0,0,20,0.7
2414,13,1,4,0,0,18,0.7222222222222222
2415,14,1,4,0,0,19,0.7368421052631579
2416,12,1,3,1,0,17,0.7058823529411765
2417,13,1,4,0,0,18,0.7222222222222222
2418,14,1,3,0,0,18,0.7777777777777778
2419,13,1,4,0,0,18,0.7222222222222222
2420,14,3,4,0,0,21,0.6666666666666666
2421,15,0,4,0,0,19,0.7894736842105263
2422,14,1,4,0,0,19,0.7368421052631579
2423,14,1,4,0,0,19,0.7368421052631579
2424,14,1,4,0,0,19,0.7368421052631579
2425,13,2,4,0,0,19,0.6842105263157895
2426,11,0,3,1,0,15,0.7333333333333333
2427,11,1,3,0,0,15,0.7333333333333333
2428,14,1,4,0,0,19,0.7368421052631579
2429,15,1,4,0,0,20,0.75
2430,14,0,4,1,0,19,0.7368421052631579
2431,14,3,4,0,0,21,0.6666666666666666
2432,12,0,4,0,0,16,0.75
2433,14,1,3,0,0,18,0.7777777777777778
2434,14,2,3,1,0,20,0.7
2435,13,2,4,0,0,19,0.6842105263157895
2436,14,1,4,0,0,19,0.7368421052631579
2437,12,2,4,0,0,18,0.6666666666666666
2438,13,2,3,0,0,18,0.7222222222222222
2439,13,1,3,0,0,17,0.7647058823529411
2440,13,0,4,0,0,17,0.7647058823529411
2441,15,0,4,0,0,19,0.7894736842105263
2442,13,0,3,0,0,16,0.8125
2443,14,1,3,0,0,18,0.7777777777777778
2444,15,0,3,0,0,18,0.8333333333333334
2445,13,1,4,0,0,18,0.7222222222222222
2446,14,0,4,0,0,18,0.7777777777777778
2447,14,2,4,0,0,20,0.7
2448,13,1,4,0,0,18,0.7222222222222222
2449,14,1,4,0,0,19,0.7368421052631579
2450,15,1,3,0,0,19,0.7894736842105263
2451,14,1,4,0,0,19,0.7368421052631579
2452,14,1,3,0,0,18,0.7777777777777778
2453,13,0,4,1,0,18,0.7222222222222222
2454,15,1,4,0,0,20,0.75
2455,15,2,4,0,0,21,0.7142857142857143
2456,14,1,4,0,0,19,0.7368421052631579
2457,15,2,4,0,0,21,0.7142857142857143
2458,14,2,3,0,0,19,0.7368421052631579
2459,13,1,4,0,0,18,0.7222222222222222
2460,14,0,4,0,0,18,0.7777777777777778
2461,16,2,3,0,0,21,0.7619047619047619
2462,14,0,3,0,0,17,0.8235294117647058
2463,16,1,4,0,0,21,0.7619047619047619
2464,14,0,3,0,0,17,0.8235294117647058
2465,15,3,4,0,0,22,0.6818181818181818
2466,16,1,3,0,0,20,0.8
2467,15,1,4,0,0,20,0.75
2468,15,1,4,0,0,20,0.75
2469,14,1,4,0,0,19,0.7368421052631579
2470,14,1,4,0,0,19,0.7368421052631579
2471,14,1,3,0,0,18,0.7777777777777778
2472,15,2,3,0,0,20,0.75
2473,14,0,4,0,0,18,0.7777777777777778
2474,13,2,3,0,0,18,0.7222222222222222
2475,15,1,4,0,0,20,0.75
2476,15,0,4,0,0,19,0.7894736842105263
2477,14,2,3,0,0,19,0.7368421052631579
2478,13,2,3,0,0,18,0.7222222222222222
2479,14,1,4,0,0,19,0.7368421052631579
2480,14,2,3,0,0,19,0.7368421052631579
2481,15,1,4,0,0,20,0.75
2482,15,2,3,0,0,20,0.75
2483,14,1,4,0,0,19,0.7368421052631579
2484,16,0,4,0,0,20,0.8
2485,15,1,3,0,0,19,0.7894736842105263
2486,16,0,3,0,0,19,0.8421052631578947
2487,14,0,4,0,0,18,0.7777777777777778
2488,15,0,3,0,0,18,0.8333333333333334
2489,15,1,3,0,0,19,0.7894736842105263
2490,13,0,3,0,0,16,0.8125
2491,16,1,3,0,0,20,0.8
2492,14,2,5,1,0,22,0.6363636363636364
2493,14,2,3,0,0,19,0.7368421052631579
2494,14,1,3,1,0,19,0.7368421052631579
2495,13,1,3,1,0,18,0.7222222222222222
2496,15,0,3,1,0,19,0.7894736842105263
2497,14,0,4,0,0,18,0.7777777777777778
2498,14,1,4,0,0,19,0.7368421052631579
2499,14,0,4,0,0,18,0.7777777777777778
2500,14,1,3,0,0,18,0.7777777777777778
2501,14,1,4,0,0,19,0.7368421052631579
2502,13,1,3,0,0,17,0.7647058823529411
2503,12,1,3,0,0,16,0.75
2504,14,2,3,0,0,19,0.7368421052631579
2505,12,1,4,0,0,17,0.7058823529411765
2506,13,2,2,0,0,17,0.7647058823529411
2507,15,1,4,0,0,20,0.75
2508,15,1,4,0,0,20,0.75
2509,15,1,3,0,0,19,0.7894736842105263
2510,14,3,3,0,0,20,0.7
2511,15,1,3,0,0,19,0.7894736842105263
2512,14,2,3,0,0,19,0.7368421052631579
2513,13,1,4,0,0,18,0.7222222222222222
2514,14,2,3,0,0,19,0.7368421052631579
2515,13,1,4,0,0,18,0.7222222222222222
2516,15,1,4,0,0,20,0.75
2517,14,2,3,0,0,19,0.7368421052631579
2518,13,0,3,0,0,16,0.8125
2519,15,2,3,1,0,21,0.7142857142857143
2520,14,2,3,0,0,19,0.7368421052631579
2521,12,2,3,0,0,17,0.7058823529411765
2522,15,2,3,0,0,20,0.75
2523,14,2,3,0,0,19,0.7368421052631579
2524,14,1,3,0,0,18,0.7777777777777778
2525,14,2,4,0,0,20,0.7
2526,14,1,3,0,0,18,0.7777777777777778
2527,14,0,3,0,0,17,0.8235294117647058
2528,15,1,3,0,0,19,0.7894736842105263
2529,14,2,3,0,0,19,0.7368421052631579
2530,14,1,3,0,0,18,0.7777777777777778
2531,14,1,3,0,0,18,0.7777777777777778
2532,15,1,3,0,0,19,0.7894736842105263
2533,14,1,3,0,0,18,0.7777777777777778
2534,15,0,3,0,0,18,0.8333333333333334
2535,15,2,3,0,0,20,0.75
2536,14,2,3,0,0,19,0.7368421052631579
2537,12,2,3,0,0,17,0.7058823529411765
2538,14,0,3,0,0,17,0.8235294117647058
2539,16,2,3,0,0,21,0.7619047619047619
2540,16,2,3,0,0,21,0.7619047619047619
2541,14,1,3,0,0,18,0.7777777777777778
2542,12,2,4,0,0,18,0.6666666666666666
2543,13,0,3,0,0,16,0.8125
2544,14,1,4,0,0,19,0.7368421052631579
2545,14,0,3,0,0,17,0.8235294117647058
2546,11,0,5,0,0,16,0.6875
2547,16,2,3,0,0,21,0.7619047619047619
2548,16,0,4,0,0,20,0.8
2549,14,2,4,0,0,20,0.7
2550,13,1,4,0,0,18,0.7222222222222222
2551,16,2,3,0,0,21,0.7619047619047619
2552,15,1,4,0,0,20,0.75
2553,13,1,3,0,0,17,0.7647058823529411
2554,14,0,3,0,0,17,0.8235294117647058
2555,15,2,4,0,0,21,0.7142857142857143
2556,13,2,3,0,0,18,0.7222222222222222
2557,16,2,4,0,0,22,0.7272727272727273
2558,16,0,3,0,0,19,0.8421052631578947
2559,16,1,4,0,0,21,0.7619047619047619
2560,14,2,4,0,0,20,0.7
2561,14,0,4,0,0,18,0.7777777777777778
2562,13,0,4,0,0,17,0.7647058823529411
2563,14,2,3,0,0,19,0.7368421052631579
2564,15,2,3,0,0,20,0.75
2565,16,1,3,0,0,20,0.8
2566,16,0,3,0,0,19,0.8421052631578947
2567,16,1,4,0,0,21,0.7619047619047619
2568,14,1,3,0,0,18,0.7777777777777778
2569,15,2,4,0,0,21,0.7142857142857143
2570,14,1,3,0,0,18,0.7777777777777778
2571,15,2,4,0,0,21,0.7142857142857143
2572,14,1,3,0,0,18,0.7777777777777778
2573,14,2,4,0,0,20,0.7
2574,15,2,4,0,0,21,0.7142857142857143
2575,13,0,4,0,0,17,0.7647058823529411
2576,12,1,4,0,0,17,0.7058823529411765
2577,14,0,3,0,0,17,0.8235294117647058
2578,12,1,3,0,0,16,0.75
2579,15,0,4,0,0,19,0.7894736842105263
2580,14,0,4,0,0,18,0.7777777777777778
2581,14,2,3,0,0,19,0.7368421052631579
2582,13,0,4,0,0,17,0.7647058823529411
2583,14,0,4,0,0,18,0.7777777777777778
2584,13,1,3,0,0,17,0.7647058823529411
2585,13,2,3,0,0,18,0.7222222222222222
2586,14,1,4,1,0,20,0.7
2587,13,1,3,1,0,18,0.7222222222222222
2588,15,0,3,0,0,18,0.8333333333333334
2589,14,1,3,0,0,18,0.7777777777777778
2590,13,2,3,1,0,19,0.6842105263157895
2591,12,2,2,0,0,16,0.75
2592,13,2,4,1,0,20,0.65
2593,11,1,3,1,0,16,0.6875
2594,14,1,3,1,0,19,0.7368421052631579
2595,13,1,3,1,0,18,0.7222222222222222
2596,14,0,3,1,0,18,0.7777777777777778
2597,13,0,3,1,0,17,0.7647058823529411
2598,15,1,3,1,0,20,0.75
2599,13,0,4,1,0,18,0.7222222222222222
2600,14,1,3,1,0,19,0.7368421052631579
2601,15,1,3,1,0,20,0.75
2602,15,1,4,1,0,21,0.7142857142857143
2603,13,2,3,1,0,19,0.6842105263157895
2604,12,0,3,1,0,16,0.75
2605,15,0,2,0,0,17,0.8823529411764706
2606,12,2,2,0,0,16,0.75
2607,13,0,3,1,0,17,0.7647058823529411
2608,16,0,3,0,0,19,0.8421052631578947
2609,14,1,3,0,0,18,0.7777777777777778
2610,13,2,3,1,0,19,0.6842105263157895
2611,15,0,3,0,0,18,0.8333333333333334
2612,14,1,3,1,0,19,0.7368421052631579
2613,14,0,3,0,0,17,0.8235294117647058
2614,12,1,3,0,0,16,0.75
2615,15,0,4,0,0,19,0.7894736842105263
2616,15,1,3,0,0,19,0.7894736842105263
2617,13,0,4,1,0,18,0.7222222222222222
2618,13,1,3,0,0,17,0.7647058823529411
2619,12,1,3,1,0,17,0.7058823529411765
2620,15,0,4,0,0,19,0.7894736842105263
2621,16,1,3,0,0,20,0.8
2622,16,1,3,0,0,20,0.8
2623,12,1,2,0,0,15,0.8
2624,15,1,3,0,0,19,0.7894736842105263
2625,14,0,2,0,0,16,0.875
2626,15,1,3,0,0,19,0.7894736842105263
2627,15,1,3,0,0,19,0.7894736842105263
2628,15,1,3,0,0,19,0.7894736842105263
2629,15,0,3,0,0,18,0.8333333333333334
2630,13,0,3,0,0,16,0.8125
2631,13,1,3,0,0,17,0.7647058823529411
2632,13,1,3,0,0,17,0.7647058823529411
2633,16,1,3,0,0,20,0.8
2634,16,0,3,0,0,19,0.8421052631578947
2635,13,1,2,0,0,16,0.8125
2636,15,0,2,1,0,18,0.8333333333333334
2637,15,0,4,0,0,19,0.7894736842105263
2638,15,0,4,0,0,19,0.7894736842105263
2639,12,2,2,1,0,17,0.7058823529411765
2640,15,0,4,1,0,20,0.75
2641,15,0,3,1,0,19,0.7894736842105263
2642,15,1,2,1,0,19,0.7894736842105263
2643,14,1,4,1,0,20,0.7
2644,15,1,4,1,0,21,0.7142857142857143
2645,16,1,3,0,0,20,0.8
2646,14,0,4,0,0,18,0.7777777777777778
2647,14,0,3,1,0,18,0.7777777777777778
2648,14,1,4,1,0,20,0.7
2649,14,0,4,1,0,19,0.7368421052631579
2650,14,1,4,1,0,20,0.7
2651,15,1,4,1,0,21,0.7142857142857143
2652,12,1,3,1,0,17,0.7058823529411765
2653,14,0,4,1,0,19,0.7368421052631579
2654,15,1,3,1,0,20,0.75
2655,15,1,3,1,0,20,0.75
2656,16,1,4,1,0,22,0.7272727272727273
2657,14,0,3,1,0,18,0.7777777777777778
2658,13,1,3,1,0,18,0.7222222222222222
2659,15,1,3,1,0,20,0.75
2660,13,1,4,1,0,19,0.6842105263157895
2661,16,0,3,1,0,20,0.8
2662,13,2,3,1,0,19,0.6842105263157895
2663,16,1,3,1,0,21,0.7619047619047619
2664,15,1,3,1,0,20,0.75
2665,15,1,3,1,0,20,0.75
2666,13,1,2,1,0,17,0.7647058823529411
2667,16,0,3,1,0,20,0.8
2668,12,1,3,1,0,17,0.7058823529411765
2669,14,1,4,1,0,20,0.7
2670,15,1,3,1,0,20,0.75
2671,14,1,3,1,0,19,0.7368421052631579
2672,13,0,2,1,0,16,0.8125
2673,15,0,4,1,0,20,0.75
2674,13,1,3,1,0,18,0.7222222222222222
2675,14,1,3,1,0,19,0.7368421052631579
2676,12,0,4,1,0,17,0.7058823529411765
2677,13,0,3,1,0,17,0.7647058823529411
2678,13,0,3,1,0,17,0.7647058823529411
2679,12,1,4,1,0,18,0.6666666666666666
2680,13,1,3,1,0,18,0.7222222222222222
2681,13,1,3,1,0,18,0.7222222222222222
2682,11,0,3,1,0,15,0.7333333333333333
2683,14,1,3,1,0,19,0.7368421052631579
2684,15,1,2,1,0,19,0.7894736842105263
2685,11,1,3,1,0,16,0.6875
2686,11,0,4,1,0,16,0.6875
2687,12,0,3,1,0,16,0.75
2688,13,1,3,1,0,18,0.7222222222222222
2689,15,1,3,1,0,20,0.75
2690,12,1,2,1,0,16,0.75
2691,13,1,2,0,0,16,0.8125
2692,13,2,2,0,0,17,0.7647058823529411
2693,12,1,2,0,0,15,0.8
2694,13,1,2,0,0,16,0.8125
2695,11,1,2,0,0,14,0.7857142857142857
2696,12,1,2,0,0,15,0.8
2697,12,0,2,0,0,14,0.8571428571428571
2698,13,0,2,0,0,15,0.8666666666666667
2699,16,0,4,0,0,20,0.8
2700,10,1,3,0,0,14,0.7142857142857143
2701,11,1,2,0,0,14,0.7857142857142857
2702,12,1,2,0,0,15,0.8
2703,12,1,2,0,0,15,0.8
2704,14,1,3,0,0,18,0.7777777777777778
2705,11,1,2,0,0,14,0.7857142857142857
2706,13,1,3,0,0,17,0.7647058823529411
2707,13,0,2,0,0,15,0.8666666666666667
2708,12,0,2,0,0,14,0.8571428571428571
2709,14,0,3,0,0,17,0.8235294117647058
2710,13,1,2,0,0,16,0.8125
2711,14,1,2,0,0,17,0.8235294117647058
2712,13,1,2,0,0,16,0.8125
2713,12,1,2,0,0,15,0.8
2714,15,1,3,0,0,19,0.7894736842105263
2715,14,1,2,0,0,17,0.8235294117647058
2716,13,1,2,0,0,16,0.8125
2717,12,1,3,0,0,16,0.75
2718,13,1,2,0,0,16,0.8125
2719,14,1,3,0,0,18,0.7777777777777778
2720,14,1,2,0,0,17,0.8235294117647058
2721,14,2,2,0,0,18,0.7777777777777778
2722,14,3,2,0,0,19,0.7368421052631579
2723,12,1,2,0,0,15,0.8
2724,13,1,3,0,0,17,0.7647058823529411
2725,15,1,2,0,0,18,0.8333333333333334
2726,12,2,2,0,0,16,0.75
2727,14,2,3,0,0,19,0.7368421052631579
2728,13,1,2,1,0,17,0.7647058823529411
2729,13,2,3,1,0,19,0.6842105263157895
2730,13,2,2,0,0,17,0.7647058823529411
2731,12,1,3,1,0,17,0.7058823529411765
2732,13,1,3,1,0,18,0.7222222222222222
2733,13,2,3,1,0,19,0.6842105263157895
2734,14,1,2,0,0,17,0.8235294117647058
2735,12,1,2,0,0,15,0.8
2736,14,1,3,0,0,18,0.7777777777777778
2737,13,1,2,0,0,16,0.8125
2738,14,0,3,0,0,17,0.8235294117647058
2739,12,1,2,0,0,15,0.8
2740,13,1,3,0,0,17,0.7647058823529411
2741,13,1,2,0,0,16,0.8125
2742,14,1,2,0,0,17,0.8235294117647058
2743,13,1,2,0,0,16,0.8125
2744,15,0,3,0,0,18,0.8333333333333334
2745,14,1,2,0,0,17,0.8235294117647058
2746,14,1,4,0,0,19,0.7368421052631579
2747,14,1,3,0,0,18,0.7777777777777778
2748,14,1,2,0,0,17,0.8235294117647058
2749,15,1,3,0,0,19,0.7894736842105263
2750,14,1,3,0,0,18,0.7777777777777778
2751,13,1,2,0,0,16,0.8125
2752,13,1,2,0,0,16,0.8125
2753,14,0,2,0,0,16,0.875
2754,14,1,2,0,0,17,0.8235294117647058
2755,13,0,3,0,0,16,0.8125
2756,13,1,2,0,0,16,0.8125
2757,13,0,2,0,0,15,0.8666666666666667
2758,13,1,2,0,0,16,0.8125
2759,13,1,2,0,0,16,0.8125
2760,13,1,2,0,0,16,0.8125
2761,13,1,2,0,0,16,0.8125
2762,14,1,2,0,0,17,0.8235294117647058
2763,13,1,3,0,0,17,0.7647058823529411
2764,12,1,3,0,0,16,0.75
2765,12,1,2,0,0,15,0.8
2766,13,1,2,0,0,16,0.8125
2767,14,1,2,0,0,17,0.8235294117647058
2768,14,1,2,1,0,18,0.7777777777777778
2769,14,1,2,0,0,17,0.8235294117647058
2770,12,0,3,1,0,16,0.75
2771,14,1,2,1,0,18,0.7777777777777778
2772,14,1,2,0,0,17,0.8235294117647058
2773,13,1,3,0,0,17,0.7647058823529411
2774,12,1,2,0,0,15,0.8
2775,13,1,2,0,0,16,0.8125
2776,13,0,3,0,0,16,0.8125
2777,13,2,3,0,0,18,0.7222222222222222
2778,14,1,3,0,0,18,0.7777777777777778
2779,13,1,2,0,0,16,0.8125
2780,13,0,2,0,0,15,0.8666666666666667
2781,12,1,2,0,0,15,0.8
2782,13,1,3,0,0,17,0.7647058823529411
2783,12,1,2,0,0,15,0.8
2784,13,1,2,0,0,16,0.8125
2785,13,1,2,0,0,16,0.8125
2786,13,1,3,0,0,17,0.7647058823529411
2787,13,1,2,0,0,16,0.8125
2788,12,1,2,0,0,15,0.8
2789,12,1,2,0,0,15,0.8
2790,12,1,2,0,0,15,0.8
2791,13,1,3,0,0,17,0.7647058823529411
2792,13,1,2,0,0,16,0.8125
2793,13,1,2,0,0,16,0.8125
2794,14,1,2,0,0,17,0.8235294117647058
2795,13,1,3,0,0,17,0.7647058823529411
2796,13,1,2,0,0,16,0.8125
2797,14,1,2,0,0,17,0.8235294117647058
2798,12,1,2,0,0,15,0.8
2799,13,1,2,0,0,16,0.8125
2800,12,0,3,0,0,15,0.8
2801,10,1,2,0,0,13,0.7692307692307693
2802,13,1,2,0,0,16,0.8125
2803,12,1,4,0,0,17,0.7058823529411765
2804,12,1,2,0,0,15,0.8
2805,13,1,2,0,0,16,0.8125
2806,13,0,2,0,0,15,0.8666666666666667
2807,13,1,2,0,0,16,0.8125
2808,13,1,2,0,0,16,0.8125
2809,13,1,2,0,0,16,0.8125
2810,14,1,2,0,0,17,0.8235294117647058
2811,14,1,2,0,0,17,0.8235294117647058
2812,14,1,2,0,0,17,0.8235294117647058
2813,12,1,2,0,0,15,0.8
2814,13,1,2,0,0,16,0.8125
2815,13,0,2,0,0,15,0.8666666666666667
2816,14,1,2,0,0,17,0.8235294117647058
2817,13,1,2,0,0,16,0.8125
2818,14,1,2,0,0,17,0.8235294117647058
2819,11,1,2,0,0,14,0.7857142857142857
2820,12,1,2,0,0,15,0.8
2821,14,2,2,0,0,18,0.7777777777777778
2822,11,1,2,0,0,14,0.7857142857142857
2823,13,0,2,0,0,15,0.8666666666666667
2824,13,0,2,0,0,15,0.8666666666666667
2825,12,1,3,0,0,16,0.75
2826,13,1,3,0,0,17,0.7647058823529411
2827,13,1,3,0,0,17,0.7647058823529411
2828,13,1,3,0,0,17,0.7647058823529411
2829,14,1,2,0,0,17,0.8235294117647058
2830,12,1,2,0,0,15,0.8
2831,13,1,2,0,0,16,0.8125
2832,14,1,2,0,0,17,0.8235294117647058
2833,13,1,2,0,0,16,0.8125
2834,13,1,3,0,0,17,0.7647058823529411
2835,14,1,2,0,0,17,0.8235294117647058
2836,13,0,3,0,0,16,0.8125
2837,12,0,3,0,0,15,0.8
2838,13,1,2,0,0,16,0.8125
2839,13,1,2,0,0,16,0.8125
2840,13,0,2,0,0,15,0.8666666666666667
2841,13,1,3,0,0,17,0.7647058823529411
2842,12,1,2,0,0,15,0.8
2843,13,1,2,0,0,16,0.8125
2844,13,1,2,0,0,16,0.8125
2845,12,0,2,0,0,14,0.8571428571428571
2846,13,1,2,0,0,16,0.8125
2847,13,1,2,0,0,16,0.8125
2848,15,0,2,0,0,17,0.8823529411764706
2849,12,1,3,0,0,16,0.75
2850,15,1,3,0,0,19,0.7894736842105263
2851,13,2,3,0,0,18,0.7222222222222222
2852,13,1,2,0,0,16,0.8125
2853,13,2,3,0,0,18,0.7222222222222222
2854,14,1,3,0,0,18,0.7777777777777778
2855,13,1,3,0,0,17,0.7647058823529411
2856,13,1,3,0,0,17,0.7647058823529411
2857,14,1,2,0,0,17,0.8235294117647058
2858,13,1,2,0,0,16,0.8125
2859,12,2,3,0,0,17,0.7058823529411765
2860,12,2,3,0,0,17,0.7058823529411765
2861,13,2,2,0,0,17,0.7647058823529411
2862,11,2,2,0,0,15,0.7333333333333333
2863,13,2,2,0,0,17,0.7647058823529411
2864,14,1,2,0,0,17,0.8235294117647058
2865,13,2,3,0,0,18,0.7222222222222222
2866,13,1,3,0,0,17,0.7647058823529411
2867,15,1,2,0,0,18,0.8333333333333334
2868,12,1,2,0,0,15,0.8
2869,14,1,3,0,0,18,0.7777777777777778
2870,14,1,3,0,0,18,0.7777777777777778
2871,13,1,2,0,0,16,0.8125
2872,11,1,2,0,0,14,0.7857142857142857
2873,13,1,2,0,0,16,0.8125
2874,14,1,2,0,0,17,0.8235294117647058
2875,13,1,2,0,0,16,0.8125
2876,13,1,2,0,0,16,0.8125
2877,13,2,2,0,0,17,0.7647058823529411
2878,12,0,3,0,0,15,0.8
2879,12,1,2,0,0,15,0.8
2880,12,1,2,0,0,15,0.8
2881,12,1,3,0,0,16,0.75
2882,13,0,4,0,0,17,0.7647058823529411
2883,14,2,2,0,0,18,0.7777777777777778
2884,12,2,2,0,0,16,0.75
2885,13,2,2,0,0,17,0.7647058823529411
2886,11,1,2,0,0,14,0.7857142857142857
2887,13,1,3,0,0,17,0.7647058823529411
2888,12,1,2,0,0,15,0.8
2889,12,1,3,0,0,16,0.75
2890,13,1,2,1,0,17,0.7647058823529411
2891,12,1,2,1,0,16,0.75
2892,14,1,2,0,0,17,0.8235294117647058
2893,13,1,3,1,0,18,0.7222222222222222
2894,15,2,4,1,0,22,0.6818181818181818
2895,14,2,1,0,0,17,0.8235294117647058
2896,16,2,2,0,0,20,0.8
2897,15,2,2,0,0,19,0.7894736842105263
2898,16,2,2,0,0,20,0.8
2899,12,2,2,0,0,16,0.75
2900,13,2,3,0,0,18,0.7222222222222222
2901,13,2,2,0,0,17,0.7647058823529411
2902,15,2,2,0,0,19,0.7894736842105263
2903,17,2,3,0,0,22,0.7727272727272727
2904,14,2,2,0,0,18,0.7777777777777778
2905,17,2,2,0,0,21,0.8095238095238095
2906,13,2,2,0,0,17,0.7647058823529411
2907,15,2,2,0,0,19,0.7894736842105263
2908,16,2,2,0,0,20,0.8
2909,15,2,2,0,0,19,0.7894736842105263
2910,16,2,2,0,0,20,0.8
2911,14,2,2,0,0,18,0.7777777777777778
2912,16,2,2,0,0,20,0.8
2913,15,2,2,0,0,19,0.7894736842105263
2914,15,2,2,0,0,19,0.7894736842105263
2915,14,2,2,0,0,18,0.7777777777777778
2916,16,2,2,0,0,20,0.8
2917,13,2,2,0,0,17,0.7647058823529411
2918,14,2,2,0,0,18,0.7777777777777778
2919,13,2,2,0,0,17,0.7647058823529411
2920,11,3,2,0,0,16,0.6875
2921,14,2,2,0,0,18,0.7777777777777778
2922,15,2,2,0,0,19,0.7894736842105263
2923,16,2,2,0,0,20,0.8
2924,13,2,2,0,0,17,0.7647058823529411
2925,15,2,2,0,0,19,0.7894736842105263
2926,15,2,3,0,0,20,0.75
2927,14,2,2,0,0,18,0.7777777777777778
2928,16,2,2,0,0,20,0.8
2929,17,2,2,0,0,21,0.8095238095238095
2930,14,2,2,0,0,18,0.7777777777777778
2931,15,2,2,0,0,19,0.7894736842105263
2932,14,2,2,0,0,18,0.7777777777777778
2933,16,2,2,0,0,20,0.8
2934,15,2,2,0,0,19,0.7894736842105263
2935,16,2,2,0,0,20,0.8
2936,14,2,2,0,0,18,0.7777777777777778
2937,15,2,2,0,0,19,0.7894736842105263
2938,13,2,2,0,0,17,0.7647058823529411
2939,15,2,2,0,0,19,0.7894736842105263
2940,15,2,2,0,0,19,0.7894736842105263
2941,15,2,2,0,0,19,0.7894736842105263
2942,17,2,2,0,0,21,0.8095238095238095
2943,13,2,3,0,0,18,0.7222222222222222
2944,16,2,2,0,0,20,0.8
2945,16,2,2,0,0,20,0.8
2946,16,2,2,0,0,20,0.8
2947,18,2,2,0,0,22,0.8181818181818182
2948,15,2,2,0,0,19,0.7894736842105263
2949,15,2,2,0,0,19,0.7894736842105263
2950,15,2,2,0,0,19,0.7894736842105263
2951,13,2,2,0,0,17,0.7647058823529411
2952,16,2,2,0,0,20,0.8
2953,15,2,2,0,0,19,0.7894736842105263
2954,15,2,2,0,0,19,0.7894736842105263
2955,15,2,2,0,0,19,0.7894736842105263
2956,14,2,2,0,0,18,0.7777777777777778
2957,15,2,2,0,0,19,0.7894736842105263
2958,15,2,2,0,0,19,0.7894736842105263
2959,15,2,2,0,0,19,0.7894736842105263
2960,15,2,2,0,0,19,0.7894736842105263
2961,14,2,2,0,0,18,0.7777777777777778
2962,15,2,2,0,0,19,0.7894736842105263
2963,17,2,2,0,0,21,0.8095238095238095
2964,14,2,2,0,0,18,0.7777777777777778
2965,16,2,2,0,0,20,0.8
2966,16,2,2,0,0,20,0.8
2967,16,2,2,0,0,20,0.8
2968,13,2,2,0,0,17,0.7647058823529411
2969,15,2,2,0,0,19,0.7894736842105263
2970,16,2,2,0,0,20,0.8
2971,17,2,2,0,0,21,0.8095238095238095
2972,16,2,2,0,0,20,0.8
2973,17,2,2,0,0,21,0.8095238095238095
2974,14,2,2,0,0,18,0.7777777777777778
2975,16,2,2,0,0,20,0.8
2976,17,2,2,0,0,21,0.8095238095238095
2977,15,2,2,0,0,19,0.7894736842105263
2978,15,2,2,0,0,19,0.7894736842105263
2979,16,2,2,0,0,20,0.8
2980,16,2,2,0,0,20,0.8
2981,16,2,2,0,0,20,0.8
2982,15,2,3,0,0,20,0.75
2983,16,2,2,0,0,20,0.8
2984,15,2,2,0,0,19,0.7894736842105263
2985,16,2,2,0,0,20,0.8
2986,15,2,2,0,0,19,0.7894736842105263
2987,14,2,2,0,0,18,0.7777777777777778
2988,15,2,2,0,0,19,0.7894736842105263
2989,16,2,2,0,0,20,0.8
2990,14,2,3,0,0,19,0.7368421052631579
2991,15,2,2,0,0,19,0.7894736842105263
2992,16,2,2,0,0,20,0.8
2993,16,2,3,0,0,21,0.7619047619047619
2994,17,2,2,0,0,21,0.8095238095238095
2995,16,2,2,0,0,20,0.8
2996,16,2,2,0,0,20,0.8
2997,14,2,2,0,0,18,0.7777777777777778
2998,16,2,2,0,0,20,0.8
2999,16,2,2,0,0,20,0.8
3000,13,2,2,0,0,17,0.7647058823529411
3001,15,2,2,0,0,19,0.7894736842105263
3002,15,2,2,0,0,19,0.7894736842105263
3003,16,2,2,0,0,20,0.8
3004,13,2,1,0,0,16,0.8125
3005,15,2,1,0,0,18,0.8333333333333334
3006,13,2,2,0,0,17,0.7647058823529411
3007,14,2,1,0,0,17,0.8235294117647058
3008,17,2,2,0,0,21,0.8095238095238095
3009,15,2,2,0,0,19,0.7894736842105263
3010,16,2,2,0,0,20,0.8
3011,14,2,2,0,0,18,0.7777777777777778
3012,15,2,2,0,0,19,0.7894736842105263
3013,16,2,2,0,0,20,0.8
3014,16,2,2,0,0,20,0.8
3015,14,2,2,0,0,18,0.7777777777777778
3016,14,2,2,0,0,18,0.7777777777777778
3017,15,2,2,0,0,19,0.7894736842105263
3018,16,2,2,0,0,20,0.8
3019,15,2,2,0,0,19,0.7894736842105263
3020,15,2,2,0,0,19,0.7894736842105263
3021,15,2,2,0,0,19,0.7894736842105263
3022,16,2,2,0,0,20,0.8
3023,16,2,2,0,0,20,0.8
3024,16,3,2,0,0,21,0.7619047619047619
3025,16,3,2,0,0,21,0.7619047619047619
3026,15,2,2,0,0,19,0.7894736842105263
3027,15,2,2,0,0,19,0.7894736842105263
3028,14,2,2,0,0,18,0.7777777777777778
3029,13,2,2,0,0,17,0.7647058823529411
3030,12,2,2,0,0,16,0.75
3031,14,2,2,0,0,18,0.7777777777777778
3032,13,2,2,0,0,17,0.7647058823529411
3033,14,2,3,0,0,19,0.7368421052631579
3034,15,2,2,0,0,19,0.7894736842105263
3035,16,2,2,0,0,20,0.8
3036,13,3,2,0,0,18,0.7222222222222222
3037,16,3,2,0,0,21,0.7619047619047619
3038,15,2,3,0,0,20,0.75
3039,16,2,2,0,0,20,0.8
3040,15,2,3,0,0,20,0.75
3041,13,2,2,0,0,17,0.7647058823529411
3042,13,2,2,0,0,17,0.7647058823529411
3043,14,2,2,0,0,18,0.7777777777777778
3044,15,2,3,0,0,20,0.75
3045,13,2,2,0,0,17,0.7647058823529411
3046,15,2,2,0,0,19,0.7894736842105263
3047,15,3,2,0,0,20,0.75
3048,13,2,2,0,0,17,0.7647058823529411
3049,13,2,2,0,0,17,0.7647058823529411
3050,14,2,2,0,0,18,0.7777777777777778
3051,15,2,2,0,0,19,0.7894736842105263
3052,14,2,2,0,0,18,0.7777777777777778
3053,16,2,2,0,0,20,0.8
3054,15,2,3,0,0,20,0.75
3055,16,2,2,0,0,20,0.8
3056,12,2,2,0,0,16,0.75
3057,15,2,2,0,0,19,0.7894736842105263
3058,16,2,2,0,0,20,0.8
3059,13,2,2,0,0,17,0.7647058823529411
3060,13,2,2,0,0,17,0.7647058823529411
3061,16,2,2,0,0,20,0.8
3062,14,2,2,0,0,18,0.7777777777777778
3063,15,2,2,0,0,19,0.7894736842105263
3064,14,2,2,0,0,18,0.7777777777777778
3065,12,2,2,0,0,16,0.75
3066,17,2,2,0,0,21,0.8095238095238095
3067,12,2,2,0,0,16,0.75
3068,14,2,2,0,0,18,0.7777777777777778
3069,15,2,2,0,0,19,0.7894736842105263
3070,13,2,2,0,0,17,0.7647058823529411
3071,15,2,2,0,0,19,0.7894736842105263
3072,12,2,2,0,0,16,0.75
3073,14,2,3,0,0,19,0.7368421052631579
3074,14,2,2,0,0,18,0.7777777777777778
3075,12,2,2,0,0,16,0.75
3076,13,2,2,0,0,17,0.7647058823529411
3077,14,2,2,0,0,18,0.7777777777777778
3078,12,3,3,0,0,18,0.6666666666666666
3079,13,3,2,0,0,18,0.7222222222222222
3080,15,2,2,0,0,19,0.7894736842105263
3081,14,2,2,0,0,18,0.7777777777777778
3082,16,2,2,0,0,20,0.8
3083,16,2,2,0,0,20,0.8
3084,16,2,2,0,0,20,0.8
3085,14,3,2,0,0,19,0.7368421052631579
3086,14,3,2,0,0,19,0.7368421052631579
3087,15,3,2,0,0,20,0.75
3088,16,3,2,0,0,21,0.7619047619047619
3089,15,2,2,0,0,19,0.7894736842105263
3090,15,2,2,0,0,19,0.7894736842105263
3091,13,2,2,0,0,17,0.7647058823529411
3092,16,2,2,0,0,20,0.8
3093,13,2,2,0,0,17,0.7647058823529411
3094,14,2,2,0,0,18,0.7777777777777778
3095,15,2,2,0,0,19,0.7894736842105263
3096,12,2,2,0,0,16,0.75
3097,15,2,2,0,0,19,0.7894736842105263
3098,13,2,2,0,0,17,0.7647058823529411
3099,14,2,2,0,0,18,0.7777777777777778
3100,15,2,2,0,0,19,0.7894736842105263
3101,13,2,2,0,0,17,0.7647058823529411
3102,12,2,2,0,0,16,0.75
3103,16,2,2,0,0,20,0.8
3104,14,2,2,0,0,18,0.7777777777777778
3105,16,2,2,0,0,20,0.8
3106,15,2,2,0,0,19,0.7894736842105263
3107,16,2,2,0,0,20,0.8
3108,13,2,2,0,0,17,0.7647058823529411
3109,16,2,2,0,0,20,0.8
3110,14,2,2,0,0,18,0.7777777777777778
3111,13,2,2,0,0,17,0.7647058823529411
3112,15,2,3,0,0,20,0.75
3113,15,2,2,0,0,19,0.7894736842105263
3114,15,2,2,0,0,19,0.7894736842105263
3115,15,2,2,0,0,19,0.7894736842105263
3116,15,2,2,0,0,19,0.7894736842105263
3117,14,2,2,0,0,18,0.7777777777777778
3118,13,2,2,0,0,17,0.7647058823529411
3119,13,3,2,0,0,18,0.7222222222222222
3120,15,2,2,0,0,19,0.7894736842105263
3121,15,2,2,0,0,19,0.7894736842105263
3122,15,3,2,0,0,20,0.75
3123,15,2,2,0,0,19,0.7894736842105263
3124,16,2,2,0,0,20,0.8
3125,13,2,2,0,0,17,0.7647058823529411
3126,14,2,2,0,0,18,0.7777777777777778
3127,14,3,2,0,0,19,0.7368421052631579
3128,12,3,2,0,0,17,0.7058823529411765
3129,13,2,2,0,0,17,0.7647058823529411
3130,12,2,2,0,0,16,0.75
3131,17,2,2,0,0,21,0.8095238095238095
3132,16,2,2,0,0,20,0.8
3133,14,2,2,0,0,18,0.7777777777777778
3134,15,2,2,0,0,19,0.7894736842105263
3135,16,2,2,0,0,20,0.8
3136,16,2,2,0,0,20,0.8
3137,13,2,3,0,0,18,0.7222222222222222
3138,16,2,3,0,0,21,0.7619047619047619
3139,16,2,2,0,0,20,0.8
3140,16,2,2,0,0,20,0.8
3141,14,2,2,0,0,18,0.7777777777777778
3142,13,2,2,0,0,17,0.7647058823529411
3143,15,3,2,0,0,20,0.75
3144,14,2,2,0,0,18,0.7777777777777778
3145,14,2,2,0,0,18,0.7777777777777778
3146,13,2,2,0,0,17,0.7647058823529411
3147,16,3,2,0,0,21,0.7619047619047619
3148,13,2,2,0,0,17,0.7647058823529411
3149,16,2,2,0,0,20,0.8
3150,13,2,2,0,0,17,0.7647058823529411
3151,16,2,2,0,0,20,0.8
3152,14,2,2,0,0,18,0.7777777777777778
3153,15,2,2,0,0,19,0.7894736842105263
3154,16,2,2,0,0,20,0.8
3155,13,2,2,0,0,17,0.7647058823529411
3156,14,2,2,0,0,18,0.7777777777777778
3157,15,2,2,0,0,19,0.7894736842105263
3158,16,2,2,0,0,20,0.8
3159,15,2,3,0,0,20,0.75
3160,11,2,3,0,0,16,0.6875
3161,12,3,2,0,0,17,0.7058823529411765
3162,15,2,2,0,0,19,0.7894736842105263
3163,14,2,2,0,0,18,0.7777777777777778
3164,14,2,2,0,0,18,0.7777777777777778
3165,14,2,2,0,0,18,0.7777777777777778
3166,19,2,2,0,0,23,0.8260869565217391
3167,16,2,2,0,0,20,0.8
3168,15,2,2,0,0,19,0.7894736842105263
3169,15,2,2,0,0,19,0.7894736842105263
3170,14,2,3,0,0,19,0.7368421052631579
3171,15,2,3,0,0,20,0.75
3172,15,2,2,0,0,19,0.7894736842105263
3173,15,2,2,0,0,19,0.7894736842105263
3174,15,2,2,0,0,19,0.7894736842105263
3175,13,2,2,0,0,17,0.7647058823529411
3176,15,2,2,0,0,19,0.7894736842105263
3177,16,3,2,0,0,21,0.7619047619047619
3178,13,2,2,0,0,17,0.7647058823529411
3179,14,2,2,0,0,18,0.7777777777777778
3180,13,2,2,0,0,17,0.7647058823529411
3181,15,2,2,0,0,19,0.7894736842105263
3182,16,3,2,0,0,21,0.7619047619047619
3183,15,2,2,0,0,19,0.7894736842105263
3184,13,2,2,0,0,17,0.7647058823529411
3185,13,2,2,0,0,17,0.7647058823529411
3186,15,2,3,0,0,20,0.75
3187,15,2,2,0,0,19,0.7894736842105263
3188,15,2,3,0,0,20,0.75
3189,16,2,2,0,0,20,0.8
3190,14,2,2,0,0,18,0.7777777777777778
3191,15,2,2,0,0,19,0.7894736842105263
3192,15,2,2,0,0,19,0.7894736842105263
3193,14,2,2,0,0,18,0.7777777777777778
3194,13,2,2,0,0,17,0.7647058823529411
3195,16,2,2,0,0,20,0.8
3196,16,2,2,0,0,20,0.8
3197,16,2,2,0,0,20,0.8
3198,15,2,2,0,0,19,0.7894736842105263
3199,14,2,2,0,0,18,0.7777777777777778
3200,16,2,2,0,0,20,0.8
3201,14,2,2,0,0,18,0.7777777777777778
3202,14,2,2,0,0,18,0.7777777777777778
3203,15,2,2,0,0,19,0.7894736842105263
3204,13,2,2,0,0,17,0.7647058823529411
3205,15,2,2,0,0,19,0.7894736842105263
3206,14,2,2,0,0,18,0.7777777777777778
3207,14,2,2,0,0,18,0.7777777777777778
3208,14,2,2,0,0,18,0.7777777777777778
3209,15,2,3,0,0,20,0.75
3210,15,2,2,0,0,19,0.7894736842105263
3211,15,2,2,0,0,19,0.7894736842105263
3212,17,2,2,0,0,21,0.8095238095238095
3213,16,2,2,0,0,20,0.8
3214,15,2,2,0,0,19,0.7894736842105263
3215,15,2,2,0,0,19,0.7894736842105263
3216,14,2,3,0,0,19,0.7368421052631579
3217,16,2,2,0,0,20,0.8
3218,14,2,2,0,0,18,0.7777777777777778
3219,14,2,2,0,0,18,0.7777777777777778
3220,14,2,2,0,0,18,0.7777777777777778
3221,15,2,2,0,0,19,0.7894736842105263
3222,16,2,3,0,0,21,0.7619047619047619
3223,15,2,2,0,0,19,0.7894736842105263
3224,15,2,3,0,0,20,0.75
3225,12,2,2,0,0,16,0.75
3226,13,2,3,0,0,18,0.7222222222222222
3227,14,2,3,0,0,19,0.7368421052631579
3228,14,2,2,0,0,18,0.7777777777777778
3229,16,2,2,0,0,20,0.8
3230,15,2,2,0,0,19,0.7894736842105263
3231,15,2,2,0,0,19,0.7894736842105263
3232,15,2,2,0,0,19,0.7894736842105263
3233,17,2,2,0,0,21,0.8095238095238095
3234,14,2,2,0,0,18,0.7777777777777778
3235,15,2,2,0,0,19,0.7894736842105263
3236,15,2,2,0,0,19,0.7894736842105263
3237,16,2,2,0,0,20,0.8
3238,13,2,2,0,0,17,0.7647058823529411
3239,15,2,2,0,0,19,0.7894736842105263
3240,16,2,2,0,0,20,0.8
3241,16,2,2,0,0,20,0.8
3242,15,2,3,0,0,20,0.75
3243,14,2,2,0,0,18,0.7777777777777778
3244,18,2,2,0,0,22,0.8181818181818182
3245,15,2,2,0,0,19,0.7894736842105263
3246,14,2,2,0,0,18,0.7777777777777778
3247,16,2,2,0,0,20,0.8
3248,14,2,3,0,0,19,0.7368421052631579
3249,15,2,2,0,0,19,0.7894736842105263
3250,14,2,2,0,0,18,0.7777777777777778
3251,16,2,2,0,0,20,0.8
3252,15,2,2,0,0,19,0.7894736842105263
3253,16,2,2,0,0,20,0.8
3254,16,2,2,0,0,20,0.8
3255,12,2,2,0,0,16,0.75
3256,17,2,2,0,0,21,0.8095238095238095
3257,16,2,2,0,0,20,0.8
3258,17,2,2,0,0,21,0.8095238095238095
3259,16,2,2,0,0,20,0.8
3260,15,2,2,0,0,19,0.7894736842105263
3261,14,2,2,0,0,18,0.7777777777777778
3262,14,2,2,0,0,18,0.7777777777777778
3263,12,2,2,0,0,16,0.75
3264,14,2,3,0,0,19,0.7368421052631579
3265,14,2,2,0,0,18,0.7777777777777778
3266,15,2,2,0,0,19,0.7894736842105263
3267,15,2,3,0,0,20,0.75
3268,15,3,2,0,0,20,0.75
3269,14,2,2,0,0,18,0.7777777777777778
3270,14,2,2,0,0,18,0.7777777777777778
3271,16,2,2,0,0,20,0.8
3272,15,2,2,0,0,19,0.7894736842105263
3273,14,2,2,0,0,18,0.7777777777777778
3274,10,2,2,0,0,14,0.7142857142857143
3275,17,2,2,0,0,21,0.8095238095238095
3276,15,2,2,0,0,19,0.7894736842105263
3277,16,2,2,0,0,20,0.8
3278,14,2,2,0,0,18,0.7777777777777778
3279,13,2,2,0,0,17,0.7647058823529411
3280,14,3,3,0,0,20,0.7
3281,15,2,2,0,0,19,0.7894736842105263
3282,16,2,2,0,0,20,0.8
3283,15,2,2,0,0,19,0.7894736842105263
3284,16,2,2,0,0,20,0.8
3285,16,2,2,0,0,20,0.8
3286,15,2,2,0,0,19,0.7894736842105263
3287,14,2,2,0,0,18,0.7777777777777778
3288,14,2,2,0,0,18,0.7777777777777778
3289,16,2,2,0,0,20,0.8
3290,16,2,2,0,0,20,0.8
3291,15,2,2,0,0,19,0.7894736842105263
3292,16,2,2,0,0,20,0.8
3293,16,2,2,0,0,20,0.8
3294,14,2,2,0,0,18,0.7777777777777778
3295,17,2,2,0,0,21,0.8095238095238095
3296,14,2,2,0,0,18,0.7777777777777778
3297,17,2,2,0,0,21,0.8095238095238095
3298,14,2,2,0,0,18,0.7777777777777778
3299,15,2,2,0,0,19,0.7894736842105263
3300,14,2,3,0,0,19,0.7368421052631579
3301,14,2,2,0,0,18,0.7777777777777778
3302,16,2,2,0,0,20,0.8
3303,17,2,2,0,0,21,0.8095238095238095
3304,14,2,2,0,0,18,0.7777777777777778
3305,10,2,2,0,0,14,0.7142857142857143
3306,14,2,2,0,0,18,0.7777777777777778
3307,14,2,2,0,0,18,0.7777777777777778
3308,14,2,2,0,0,18,0.7777777777777778
3309,14,2,2,0,0,18,0.7777777777777778
3310,14,2,2,0,0,18,0.7777777777777778
3311,16,2,2,0,0,20,0.8
3312,17,2,2,0,0,21,0.8095238095238095
3313,17,2,2,0,0,21,0.8095238095238095
3314,17,2,2,0,0,21,0.8095238095238095
3315,14,2,2,0,0,18,0.7777777777777778
3316,15,2,2,0,0,19,0.7894736842105263
3317,14,2,2,0,0,18,0.7777777777777778
3318,14,2,2,0,0,18,0.7777777777777778
3319,17,2,2,0,0,21,0.8095238095238095
3320,15,2,3,0,0,20,0.75
3321,17,2,2,0,0,21,0.8095238095238095
3322,16,2,2,0,0,20,0.8
3323,15,2,2,0,0,19,0.7894736842105263
3324,16,2,2,0,0,20,0.8
3325,14,2,2,0,0,18,0.7777777777777778
3326,14,2,2,0,0,18,0.7777777777777778
3327,15,2,2,0,0,19,0.7894736842105263
3328,14,2,2,0,0,18,0.7777777777777778
3329,16,2,2,0,0,20,0.8
3330,14,2,2,0,0,18,0.7777777777777778
3331,14,2,2,0,0,18,0.7777777777777778
3332,16,2,2,0,0,20,0.8
3333,15,2,2,0,0,19,0.7894736842105263
3334,15,2,2,0,0,19,0.7894736842105263
3335,16,2,2,0,0,20,0.8
3336,16,2,2,0,0,20,0.8
3337,15,2,2,0,0,19,0.7894736842105263
3338,15,2,2,0,0,19,0.7894736842105263
3339,14,2,2,0,0,18,0.7777777777777778
3340,14,2,2,0,0,18,0.7777777777777778
3341,15,3,2,0,0,20,0.75
3342,16,2,2,0,0,20,0.8
3343,16,3,2,0,0,21,0.7619047619047619
3344,16,2,2,0,0,20,0.8
3345,15,2,2,0,0,19,0.7894736842105263
3346,16,2,2,0,0,20,0.8
3347,15,2,2,0,0,19,0.7894736842105263
3348,15,2,2,0,0,19,0.7894736842105263
3349,14,2,2,0,0,18,0.7777777777777778
3350,15,2,2,0,0,19,0.7894736842105263
3351,17,2,2,0,0,21,0.8095238095238095
3352,15,2,2,0,0,19,0.7894736842105263
3353,16,2,3,0,0,21,0.7619047619047619
3354,16,2,3,0,0,21,0.7619047619047619
3355,16,2,3,0,0,21,0.7619047619047619
3356,16,2,2,0,0,20,0.8
3357,15,2,2,0,0,19,0.7894736842105263
3358,15,3,2,0,0,20,0.75
3359,15,3,2,0,0,20,0.75
3360,15,2,2,0,0,19,0.7894736842105263
3361,13,2,2,0,0,17,0.7647058823529411
3362,15,2,2,0,0,19,0.7894736842105263
3363,14,2,2,0,0,18,0.7777777777777778
3364,15,2,2,0,0,19,0.7894736842105263
3365,13,2,2,0,0,17,0.7647058823529411
3366,15,2,2,0,0,19,0.7894736842105263
3367,15,2,2,0,0,19,0.7894736842105263
3368,18,3,2,0,0,23,0.782608695652174
3369,16,2,2,0,0,20,0.8
3370,16,2,2,0,0,20,0.8
3371,13,2,2,0,0,17,0.7647058823529411
3372,15,2,2,0,0,19,0.7894736842105263
3373,17,2,2,0,0,21,0.8095238095238095
3374,16,2,2,0,0,20,0.8
3375,17,2,2,0,0,21,0.8095238095238095
3376,15,2,2,0,0,19,0.7894736842105263
3377,15,2,2,0,0,19,0.7894736842105263
3378,17,2,2,0,0,21,0.8095238095238095
3379,15,2,2,0,0,19,0.7894736842105263
3380,14,2,2,0,0,18,0.7777777777777778
3381,16,2,2,0,0,20,0.8
3382,13,2,2,0,0,17,0.7647058823529411
3383,15,2,2,0,0,19,0.7894736842105263
3384,15,2,2,0,0,19,0.7894736842105263
3385,17,2,2,0,0,21,0.8095238095238095
3386,16,2,2,0,0,20,0.8
3387,13,2,2,0,0,17,0.7647058823529411
3388,17,2,2,0,0,21,0.8095238095238095
3389,15,2,2,0,0,19,0.7894736842105263
3390,17,2,2,0,0,21,0.8095238095238095
3391,15,2,3,0,0,20,0.75
3392,17,2,2,0,0,21,0.8095238095238095
3393,18,2,3,0,0,23,0.782608695652174
3394,17,2,2,0,0,21,0.8095238095238095
3395,15,2,2,0,0,19,0.7894736842105263
3396,14,2,3,0,0,19,0.7368421052631579
3397,14,2,2,0,0,18,0.7777777777777778
3398,17,2,3,0,0,22,0.7727272727272727
3399,16,2,3,0,0,21,0.7619047619047619
3400,17,2,2,0,0,21,0.8095238095238095
3401,14,2,3,0,0,19,0.7368421052631579
3402,16,2,2,0,0,20,0.8
3403,16,2,3,0,0,21,0.7619047619047619
3404,16,2,2,0,0,20,0.8
3405,17,2,2,0,0,21,0.8095238095238095
3406,16,3,2,0,0,21,0.7619047619047619
3407,16,2,2,0,0,20,0.8
3408,16,2,2,0,0,20,0.8
3409,15,2,2,0,0,19,0.7894736842105263
3410,15,2,2,0,0,19,0.7894736842105263
3411,15,2,2,0,0,19,0.7894736842105263
3412,14,2,2,0,0,18,0.7777777777777778
3413,15,2,3,0,0,20,0.75
3414,14,2,2,0,0,18,0.7777777777777778
3415,15,2,2,0,0,19,0.7894736842105263
3416,15,2,2,0,0,19,0.7894736842105263
3417,16,3,2,0,0,21,0.7619047619047619
3418,16,2,2,0,0,20,0.8
3419,14,2,2,0,0,18,0.7777777777777778
3420,15,2,2,0,0,19,0.7894736842105263
3421,16,2,2,0,0,20,0.8
3422,16,2,2,0,0,20,0.8
3423,16,2,2,0,0,20,0.8
3424,13,2,2,0,0,17,0.7647058823529411
3425,14,2,2,0,0,18,0.7777777777777778
3426,15,2,2,0,0,19,0.7894736842105263
3427,16,2,2,0,0,20,0.8
3428,16,3,2,0,0,21,0.7619047619047619
3429,13,3,2,0,0,18,0.7222222222222222
3430,18,3,2,0,0,23,0.782608695652174
3431,15,2,2,0,0,19,0.7894736842105263
3432,16,2,2,0,0,20,0.8
3433,18,2,2,0,0,22,0.8181818181818182
3434,17,2,2,0,0,21,0.8095238095238095
3435,14,2,2,0,0,18,0.7777777777777778
3436,15,2,2,0,0,19,0.7894736842105263
3437,14,2,2,0,0,18,0.7777777777777778
3438,15,3,2,0,0,20,0.75
3439,15,2,2,0,0,19,0.7894736842105263
3440,15,2,2,0,0,19,0.7894736842105263
3441,16,2,2,0,0,20,0.8
3442,16,2,2,0,0,20,0.8
3443,16,2,2,0,0,20,0.8
3444,15,2,2,0,0,19,0.7894736842105263
3445,13,2,2,0,0,17,0.7647058823529411
3446,13,2,2,0,0,17,0.7647058823529411
3447,15,2,2,0,0,19,0.7894736842105263
3448,13,2,2,0,0,17,0.7647058823529411
3449,13,2,3,0,0,18,0.7222222222222222
3450,13,2,2,0,0,17,0.7647058823529411
3451,15,2,3,0,0,20,0.75
3452,13,2,3,0,0,18,0.7222222222222222
3453,15,2,2,0,0,19,0.7894736842105263
3454,16,2,3,0,0,21,0.7619047619047619
3455,15,2,3,0,0,20,0.75
3456,13,2,3,0,0,18,0.7222222222222222
3457,15,2,3,0,0,20,0.75
3458,11,2,2,0,0,15,0.7333333333333333
3459,14,2,3,0,0,19,0.7368421052631579
3460,15,2,2,0,0,19,0.7894736842105263
3461,14,2,3,0,0,19,0.7368421052631579
3462,15,3,3,0,0,21,0.7142857142857143
3463,13,2,3,0,0,18,0.7222222222222222
3464,13,2,3,0,0,18,0.7222222222222222
3465,15,2,3,0,0,20,0.75
3466,15,2,2,0,0,19,0.7894736842105263
3467,14,2,2,0,0,18,0.7777777777777778
3468,13,2,3,0,0,18,0.7222222222222222
3469,15,2,3,0,0,20,0.75
3470,14,2,2,0,0,18,0.7777777777777778
3471,15,2,2,0,0,19,0.7894736842105263
3472,13,2,3,0,0,18,0.7222222222222222
3473,14,2,3,0,0,19,0.7368421052631579
3474,13,2,4,0,0,19,0.6842105263157895
3475,15,2,3,0,0,20,0.75
3476,15,3,3,0,0,21,0.7142857142857143
3477,12,3,2,0,0,17,0.7058823529411765
3478,16,2,3,0,0,21,0.7619047619047619
3479,15,2,3,0,0,20,0.75
3480,14,2,2,0,0,18,0.7777777777777778
3481,13,2,3,0,0,18,0.7222222222222222
3482,17,2,3,0,0,22,0.7727272727272727
3483,12,3,3,0,0,18,0.6666666666666666
3484,12,3,3,0,0,18,0.6666666666666666
3485,15,2,3,0,0,20,0.75
3486,15,2,3,0,0,20,0.75
3487,11,2,3,0,0,16,0.6875
3488,15,2,3,0,0,20,0.75
3489,16,2,3,0,0,21,0.7619047619047619
3490,15,2,3,0,0,20,0.75
3491,16,2,3,0,0,21,0.7619047619047619
3492,14,2,3,0,0,19,0.7368421052631579
3493,13,2,3,0,0,18,0.7222222222222222
3494,13,2,3,0,0,18,0.7222222222222222
3495,14,2,3,0,0,19,0.7368421052631579
3496,15,2,3,0,0,20,0.75
3497,16,2,3,0,0,21,0.7619047619047619
3498,16,2,3,0,0,21,0.7619047619047619
3499,14,2,3,0,0,19,0.7368421052631579
3500,14,2,3,0,0,19,0.7368421052631579
3501,13,2,3,0,0,18,0.7222222222222222
3502,12,2,3,0,0,17,0.7058823529411765
3503,13,2,3,0,0,18,0.7222222222222222
3504,14,2,3,0,0,19,0.7368421052631579
3505,14,2,3,0,0,19,0.7368421052631579
3506,13,2,2,0,0,17,0.7647058823529411
3507,16,2,2,0,0,20,0.8
3508,14,2,2,0,0,18,0.7777777777777778
3509,12,2,3,0,0,17,0.7058823529411765
3510,16,2,2,0,0,20,0.8
3511,12,2,3,0,0,17,0.7058823529411765
3512,13,2,3,0,0,18,0.7222222222222222
3513,14,2,3,0,0,19,0.7368421052631579
3514,12,2,3,0,0,17,0.7058823529411765
3515,14,2,3,0,0,19,0.7368421052631579
3516,13,2,3,0,0,18,0.7222222222222222
3517,12,2,3,0,0,17,0.7058823529411765
3518,14,2,3,0,0,19,0.7368421052631579
3519,14,2,3,0,0,19,0.7368421052631579
3520,14,2,3,0,0,19,0.7368421052631579
3521,12,2,3,0,0,17,0.7058823529411765
3522,14,2,3,0,0,19,0.7368421052631579
3523,13,2,3,0,0,18,0.7222222222222222
3524,13,3,3,0,0,19,0.6842105263157895
3525,13,2,3,0,0,18,0.7222222222222222
3526,13,2,3,0,0,18,0.7222222222222222
3527,13,2,3,0,0,18,0.7222222222222222
3528,12,2,3,0,0,17,0.7058823529411765
3529,14,2,3,0,0,19,0.7368421052631579
3530,15,2,3,0,0,20,0.75
3531,14,2,4,0,0,20,0.7
3532,15,2,3,0,0,20,0.75
3533,12,2,3,0,0,17,0.7058823529411765
3534,12,2,3,0,0,17,0.7058823529411765
3535,13,2,3,0,0,18,0.7222222222222222
3536,14,2,3,0,0,19,0.7368421052631579
3537,14,2,2,0,0,18,0.7777777777777778
3538,15,2,3,0,0,20,0.75
3539,14,2,3,0,0,19,0.7368421052631579
3540,13,2,3,0,0,18,0.7222222222222222
3541,16,2,3,0,0,21,0.7619047619047619
3542,12,2,3,0,0,17,0.7058823529411765
3543,16,2,3,0,0,21,0.7619047619047619
3544,14,2,3,0,0,19,0.7368421052631579
3545,13,2,3,0,0,18,0.7222222222222222
3546,14,2,3,0,0,19,0.7368421052631579
3547,15,2,3,0,0,20,0.75
3548,13,2,3,0,0,18,0.7222222222222222
3549,17,2,3,0,0,22,0.7727272727272727
3550,15,2,3,0,0,20,0.75
3551,13,2,3,0,0,18,0.7222222222222222
3552,14,2,3,0,0,19,0.7368421052631579
3553,14,2,3,0,0,19,0.7368421052631579
3554,16,2,3,0,0,21,0.7619047619047619
3555,16,2,3,0,0,21,0.7619047619047619
3556,15,2,3,0,0,20,0.75
3557,13,3,3,0,0,19,0.6842105263157895
3558,13,2,3,0,0,18,0.7222222222222222
3559,14,2,3,0,0,19,0.7368421052631579
3560,15,2,3,0,0,20,0.75
3561,15,2,2,0,0,19,0.7894736842105263
3562,15,2,3,0,0,20,0.75
3563,14,2,3,0,0,19,0.7368421052631579
3564,13,2,3,0,0,18,0.7222222222222222
3565,14,2,2,0,0,18,0.7777777777777778
3566,12,2,3,0,0,17,0.7058823529411765
3567,13,2,3,0,0,18,0.7222222222222222
3568,14,2,2,0,0,18,0.7777777777777778
3569,16,3,3,0,0,22,0.7272727272727273
3570,14,2,3,0,0,19,0.7368421052631579
3571,12,2,2,0,0,16,0.75
3572,17,2,3,0,0,22,0.7727272727272727
3573,14,2,3,0,0,19,0.7368421052631579
3574,14,3,3,0,0,20,0.7
3575,15,3,3,0,0,21,0.7142857142857143
3576,15,2,3,0,0,20,0.75
3577,15,2,3,0,0,20,0.75
3578,15,2,2,0,0,19,0.7894736842105263
3579,16,2,3,0,0,21,0.7619047619047619
3580,15,3,3,0,0,21,0.7142857142857143
3581,15,3,3,0,0,21,0.7142857142857143
3582,15,3,2,0,0,20,0.75
3583,11,3,3,0,0,17,0.6470588235294118
3584,15,2,3,0,0,20,0.75
3585,12,2,2,0,0,16,0.75
3586,13,2,3,0,0,18,0.7222222222222222
3587,14,2,2,0,0,18,0.7777777777777778
3588,14,2,3,0,0,19,0.7368421052631579
3589,14,3,2,0,0,19,0.7368421052631579
3590,13,2,3,0,0,18,0.7222222222222222
3591,12,2,2,0,0,16,0.75
3592,14,2,3,0,0,19,0.7368421052631579
3593,15,2,3,0,0,20,0.75
3594,13,2,3,0,0,18,0.7222222222222222
3595,13,3,3,0,0,19,0.6842105263157895
3596,15,2,3,0,0,20,0.75
3597,13,2,3,0,0,18,0.7222222222222222
3598,13,3,3,0,0,19,0.6842105263157895
3599,15,3,3,0,0,21,0.7142857142857143
3600,15,2,3,0,0,20,0.75
3601,12,2,2,0,0,16,0.75
3602,15,2,2,0,0,19,0.7894736842105263
3603,11,2,3,0,0,16,0.6875
3604,12,3,3,0,0,18,0.6666666666666666
3605,13,2,3,0,0,18,0.7222222222222222
3606,13,2,3,0,0,18,0.7222222222222222
3607,13,2,3,0,0,18,0.7222222222222222
3608,16,2,3,0,0,21,0.7619047619047619
3609,15,2,3,0,0,20,0.75
3610,14,2,3,0,0,19,0.7368421052631579
3611,14,3,2,0,0,19,0.7368421052631579
3612,15,2,2,0,0,19,0.7894736842105263
3613,14,2,3,0,0,19,0.7368421052631579
3614,15,2,2,0,0,19,0.7894736842105263
3615,15,2,3,0,0,20,0.75
3616,13,2,2,0,0,17,0.7647058823529411
3617,14,2,3,0,0,19,0.7368421052631579
3618,14,2,2,0,0,18,0.7777777777777778
3619,13,1,3,0,0,17,0.7647058823529411
3620,17,3,3,0,0,23,0.7391304347826086
3621,15,2,3,0,0,20,0.75
3622,12,2,2,0,0,16,0.75
3623,12,2,2,0,0,16,0.75
3624,12,0,4,0,0,16,0.75
3625,13,2,2,0,0,17,0.7647058823529411
3626,14,2,3,0,0,19,0.7368421052631579
3627,13,3,3,0,0,19,0.6842105263157895
3628,13,3,3,0,0,19,0.6842105263157895
3629,12,2,2,0,0,16,0.75
3630,13,3,3,0,0,19,0.6842105263157895
3631,14,2,3,0,0,19,0.7368421052631579
3632,14,2,2,0,0,18,0.7777777777777778
3633,16,2,3,0,0,21,0.7619047619047619
3634,12,3,2,0,0,17,0.7058823529411765
3635,13,2,3,0,0,18,0.7222222222222222
3636,14,1,2,0,0,17,0.8235294117647058
3637,16,1,3,0,0,20,0.8
3638,15,1,3,0,0,19,0.7894736842105263
3639,13,0,3,0,0,16,0.8125
3640,15,1,2,0,0,18,0.8333333333333334
3641,14,0,2,0,0,16,0.875
3642,14,1,2,0,0,17,0.8235294117647058
3643,15,0,3,0,0,18,0.8333333333333334
3644,15,1,2,0,0,18,0.8333333333333334
3645,16,0,2,0,0,18,0.8888888888888888
3646,14,0,2,0,0,16,0.875
3647,14,0,3,0,0,17,0.8235294117647058
3648,14,1,2,0,0,17,0.8235294117647058
3649,16,0,3,0,0,19,0.8421052631578947
3650,14,2,2,0,0,18,0.7777777777777778
3651,14,2,2,0,0,18,0.7777777777777778
3652,13,2,3,0,0,18,0.7222222222222222
3653,15,2,3,0,0,20,0.75
3654,16,2,3,0,0,21,0.7619047619047619
3655,14,2,3,0,0,19,0.7368421052631579
3656,14,2,3,0,0,19,0.7368421052631579
3657,14,2,2,0,0,18,0.7777777777777778
3658,13,2,2,0,0,17,0.7647058823529411
3659,14,2,3,0,0,19,0.7368421052631579
3660,14,2,3,0,0,19,0.7368421052631579
3661,15,0,2,0,0,17,0.8823529411764706
3662,13,1,2,0,0,16,0.8125
3663,15,1,3,0,0,19,0.7894736842105263
3664,15,1,2,0,0,18,0.8333333333333334
3665,15,2,3,0,0,20,0.75
3666,16,1,3,0,0,20,0.8
3667,16,1,3,0,0,20,0.8
3668,15,0,2,0,0,17,0.8823529411764706
3669,15,0,3,0,0,18,0.8333333333333334
3670,13,1,3,0,0,17,0.7647058823529411
3671,13,1,2,0,0,16,0.8125
3672,13,1,2,0,0,16,0.8125
3673,13,1,3,0,0,17,0.7647058823529411
3674,12,0,2,0,0,14,0.8571428571428571
3675,14,0,2,0,0,16,0.875
3676,15,0,3,0,0,18,0.8333333333333334
3677,15,1,3,0,0,19,0.7894736842105263
3678,15,1,3,0,0,19,0.7894736842105263
3679,12,1,2,0,0,15,0.8
3680,13,1,4,0,0,18,0.7222222222222222
3681,15,0,2,0,0,17,0.8823529411764706
3682,13,1,2,0,0,16,0.8125
3683,15,1,2,0,0,18,0.8333333333333334
3684,15,0,2,0,0,17,0.8823529411764706
3685,15,0,3,0,0,18,0.8333333333333334
3686,16,0,3,0,0,19,0.8421052631578947
3687,15,0,2,0,0,17,0.8823529411764706
3688,15,0,2,0,0,17,0.8823529411764706
3689,14,0,3,0,0,17,0.8235294117647058
3690,16,0,2,0,0,18,0.8888888888888888
3691,14,2,3,0,0,19,0.7368421052631579
3692,13,1,2,0,0,16,0.8125
3693,14,0,3,0,0,17,0.8235294117647058
3694,14,0,3,0,0,17,0.8235294117647058
3695,14,2,3,0,0,19,0.7368421052631579
3696,16,0,3,0,0,19,0.8421052631578947
3697,15,1,2,0,0,18,0.8333333333333334
3698,14,2,3,0,0,19,0.7368421052631579
3699,13,1,3,0,0,17,0.7647058823529411
3700,13,1,4,0,0,18,0.7222222222222222
3701,13,1,2,0,0,16,0.8125
3702,14,0,2,0,0,16,0.875
3703,17,0,3,0,0,20,0.85
3704,14,1,3,0,0,18,0.7777777777777778
3705,14,1,2,0,0,17,0.8235294117647058
3706,15,0,2,0,0,17,0.8823529411764706
3707,15,0,2,0,0,17,0.8823529411764706
3708,14,0,2,0,0,16,0.875
3709,14,1,3,0,0,18,0.7777777777777778
3710,14,1,3,0,0,18,0.7777777777777778
3711,16,0,3,0,0,19,0.8421052631578947
3712,16,1,3,0,0,20,0.8
3713,15,1,3,0,0,19,0.7894736842105263
3714,15,1,3,0,0,19,0.7894736842105263
3715,14,1,3,0,0,18,0.7777777777777778
3716,15,2,2,0,0,19,0.7894736842105263
3717,15,0,3,0,0,18,0.8333333333333334
3718,14,1,3,0,0,18,0.7777777777777778
3719,16,1,2,0,0,19,0.8421052631578947
3720,15,0,3,0,0,18,0.8333333333333334
3721,16,1,3,0,0,20,0.8
3722,14,1,2,0,0,17,0.8235294117647058
3723,13,1,2,0,0,16,0.8125
3724,13,2,3,0,0,18,0.7222222222222222
3725,14,1,3,0,0,18,0.7777777777777778
3726,13,1,2,0,0,16,0.8125
3727,13,1,3,0,0,17,0.7647058823529411
3728,13,1,2,0,0,16,0.8125
3729,13,1,2,0,0,16,0.8125
3730,14,1,2,0,0,17,0.8235294117647058
3731,14,1,2,0,0,17,0.8235294117647058
3732,15,1,3,0,0,19,0.7894736842105263
3733,12,0,2,0,0,14,0.8571428571428571
3734,10,1,3,0,0,14,0.7142857142857143
3735,10,1,3,0,0,14,0.7142857142857143
3736,11,2,3,0,0,16,0.6875
3737,12,3,2,0,0,17,0.7058823529411765
3738,14,1,3,0,0,18,0.7777777777777778
3739,14,1,3,0,0,18,0.7777777777777778
3740,13,0,2,0,0,15,0.8666666666666667
3741,13,1,2,0,0,16,0.8125
3742,13,1,3,0,0,17,0.7647058823529411
3743,13,1,2,0,0,16,0.8125
3744,12,1,3,0,0,16,0.75
3745,13,1,2,0,0,16,0.8125
3746,13,0,2,0,0,15,0.8666666666666667
3747,13,0,2,0,0,15,0.8666666666666667
3748,14,0,3,0,0,17,0.8235294117647058
3749,12,0,2,0,0,14,0.8571428571428571
3750,14,1,3,0,0,18,0.7777777777777778
3751,14,1,2,0,0,17,0.8235294117647058
3752,14,1,2,0,0,17,0.8235294117647058
3753,13,1,2,0,0,16,0.8125
3754,13,2,2,0,0,17,0.7647058823529411
3755,13,0,3,0,0,16,0.8125
3756,13,0,2,0,0,15,0.8666666666666667
3757,14,0,2,0,0,16,0.875
3758,13,0,3,0,0,16,0.8125
3759,14,0,2,0,0,16,0.875
3760,13,1,3,0,0,17,0.7647058823529411
3761,14,0,2,0,0,16,0.875
3762,13,1,2,0,0,16,0.8125
3763,13,1,2,0,0,16,0.8125
3764,14,1,2,0,0,17,0.8235294117647058
3765,13,1,2,0,0,16,0.8125
3766,14,0,2,0,0,16,0.875
3767,13,1,2,0,0,16,0.8125
3768,13,0,2,0,0,15,0.8666666666666667
3769,13,1,3,0,0,17,0.7647058823529411
3770,13,1,2,0,0,16,0.8125
3771,12,1,2,0,0,15,0.8
3772,13,0,2,0,0,15,0.8666666666666667
3773,13,0,3,0,0,16,0.8125
3774,13,2,2,0,0,17,0.7647058823529411
3775,13,0,3,0,0,16,0.8125
3776,12,1,2,0,0,15,0.8
3777,13,0,2,0,0,15,0.8666666666666667
3778,13,1,2,0,0,16,0.8125
3779,13,1,2,0,0,16,0.8125
3780,13,1,2,0,0,16,0.8125
3781,13,1,2,0,0,16,0.8125
3782,14,1,4,0,0,19,0.7368421052631579
3783,14,0,4,0,0,18,0.7777777777777778
3784,13,1,2,0,0,16,0.8125
3785,14,0,3,0,0,17,0.8235294117647058
3786,13,1,3,0,0,17,0.7647058823529411
3787,13,0,2,0,0,15,0.8666666666666667
3788,12,1,2,0,0,15,0.8
3789,12,1,2,0,0,15,0.8
3790,13,1,3,0,0,17,0.7647058823529411
3791,14,1,3,0,0,18,0.7777777777777778
3792,14,1,3,0,0,18,0.7777777777777778
3793,13,1,2,0,0,16,0.8125
3794,13,1,3,0,0,17,0.7647058823529411
3795,14,0,3,0,0,17,0.8235294117647058
3796,13,1,3,0,0,17,0.7647058823529411
3797,16,0,3,0,0,19,0.8421052631578947
3798,12,0,4,0,0,16,0.75
3799,13,1,3,0,0,17,0.7647058823529411
3800,13,0,3,0,0,16,0.8125
3801,12,2,4,0,0,18,0.6666666666666666
3802,12,1,3,0,0,16,0.75
3803,12,0,4,0,0,16,0.75
3804,13,1,3,0,0,17,0.7647058823529411
3805,12,1,3,0,0,16,0.75
3806,13,1,3,0,0,17,0.7647058823529411
3807,13,0,3,0,0,16,0.8125
3808,12,1,3,0,0,16,0.75
3809,12,1,4,0,0,17,0.7058823529411765
3810,12,1,4,0,0,17,0.7058823529411765
3811,12,1,3,0,0,16,0.75
3812,12,0,3,0,0,15,0.8
3813,13,1,3,0,0,17,0.7647058823529411
3814,13,0,3,0,0,16,0.8125
3815,13,1,4,0,0,18,0.7222222222222222
3816,11,1,4,0,0,16,0.6875
3817,13,0,4,0,0,17,0.7647058823529411
3818,14,1,3,0,0,18,0.7777777777777778
3819,11,1,3,0,0,15,0.7333333333333333
3820,11,1,2,0,0,14,0.7857142857142857
3821,13,1,4,0,0,18,0.7222222222222222
3822,11,1,3,0,0,15,0.7333333333333333
3823,12,1,3,0,0,16,0.75
3824,13,1,3,0,0,17,0.7647058823529411
3825,13,1,4,0,0,18,0.7222222222222222
3826,11,1,3,0,0,15,0.7333333333333333
3827,16,1,3,0,0,20,0.8
3828,14,1,4,0,0,19,0.7368421052631579
3829,11,0,4,0,0,15,0.7333333333333333
3830,13,1,4,0,0,18,0.7222222222222222
3831,13,1,4,0,0,18,0.7222222222222222
3832,12,2,3,0,0,17,0.7058823529411765
3833,12,1,4,0,0,17,0.7058823529411765
3834,12,1,4,0,0,17,0.7058823529411765
3835,14,2,3,0,0,19,0.7368421052631579
3836,15,3,3,0,0,21,0.7142857142857143
3837,13,1,4,0,0,18,0.7222222222222222
3838,12,2,3,0,0,17,0.7058823529411765
3839,14,2,3,0,0,19,0.7368421052631579
3840,11,3,3,0,0,17,0.6470588235294118
3841,13,3,4,0,0,20,0.65
3842,13,2,3,0,0,18,0.7222222222222222
3843,12,2,3,0,0,17,0.7058823529411765
3844,12,2,3,0,0,17,0.7058823529411765
3845,12,2,2,0,0,16,0.75
3846,12,2,3,0,0,17,0.7058823529411765
3847,12,2,2,0,0,16,0.75
3848,14,2,4,0,0,20,0.7
3849,12,2,3,0,0,17,0.7058823529411765
3850,10,3,3,0,0,16,0.625
3851,13,2,3,0,0,18,0.7222222222222222
3852,11,2,4,0,0,17,0.6470588235294118
3853,11,3,2,0,0,16,0.6875
3854,12,3,2,0,0,17,0.7058823529411765
3855,10,2,3,0,0,15,0.6666666666666666
3856,11,2,3,0,0,16,0.6875
3857,11,2,4,0,0,17,0.6470588235294118
3858,12,1,3,0,0,16,0.75
3859,13,1,3,0,0,17,0.7647058823529411
3860,13,1,4,0,0,18,0.7222222222222222
3861,15,1,3,0,0,19,0.7894736842105263
3862,13,0,4,0,0,17,0.7647058823529411
3863,14,0,4,0,0,18,0.7777777777777778
3864,12,1,3,0,0,16,0.75
3865,12,1,4,0,0,17,0.7058823529411765
3866,12,0,4,0,0,16,0.75
3867,12,1,4,1,0,18,0.6666666666666666
3868,14,0,3,0,0,17,0.8235294117647058
3869,15,0,3,0,0,18,0.8333333333333334
3870,14,0,3,0,0,17,0.8235294117647058
3871,12,0,3,0,0,15,0.8
3872,13,0,4,0,0,17,0.7647058823529411
3873,11,1,3,0,0,15,0.7333333333333333
3874,14,2,3,0,0,19,0.7368421052631579
3875,11,2,3,0,0,16,0.6875
3876,13,2,3,0,0,18,0.7222222222222222
3877,13,2,3,0,0,18,0.7222222222222222
3878,13,2,3,0,0,18,0.7222222222222222
3879,13,2,3,0,0,18,0.7222222222222222
3880,14,3,3,0,0,20,0.7
3881,12,2,3,0,0,17,0.7058823529411765
3882,14,3,3,0,0,20,0.7
3883,13,2,3,0,0,18,0.7222222222222222
3884,13,2,3,0,0,18,0.7222222222222222
3885,13,2,3,0,0,18,0.7222222222222222
3886,10,2,3,0,0,15,0.6666666666666666
3887,10,2,2,1,0,15,0.6666666666666666
3888,12,2,3,0,0,17,0.7058823529411765
3889,13,3,3,0,0,19,0.6842105263157895
3890,14,2,3,0,0,19,0.7368421052631579
3891,13,2,3,0,0,18,0.7222222222222222
3892,13,2,3,0,0,18,0.7222222222222222
3893,12,2,3,0,0,17,0.7058823529411765
3894,14,2,3,0,0,19,0.7368421052631579
3895,13,2,3,0,0,18,0.7222222222222222
3896,13,2,2,0,0,17,0.7647058823529411
3897,13,2,3,0,0,18,0.7222222222222222
3898,12,3,2,0,0,17,0.7058823529411765
3899,14,2,2,0,0,18,0.7777777777777778
3900,12,2,4,0,0,18,0.6666666666666666
3901,12,2,2,0,0,16,0.75
3902,12,2,3,0,0,17,0.7058823529411765
3903,13,2,2,0,0,17,0.7647058823529411
3904,13,2,2,0,0,17,0.7647058823529411
3905,12,3,2,0,0,17,0.7058823529411765
3906,12,2,3,0,0,17,0.7058823529411765
3907,14,2,2,0,0,18,0.7777777777777778
3908,11,2,3,0,0,16,0.6875
3909,12,2,2,0,0,16,0.75
3910,12,3,3,0,0,18,0.6666666666666666
3911,14,2,3,0,0,19,0.7368421052631579
3912,13,2,3,0,0,18,0.7222222222222222
3913,13,3,2,0,0,18,0.7222222222222222
3914,13,2,3,0,0,18,0.7222222222222222
3915,13,2,3,0,0,18,0.7222222222222222
3916,14,2,2,0,0,18,0.7777777777777778
3917,13,2,3,0,0,18,0.7222222222222222
3918,14,2,3,0,0,19,0.7368421052631579
3919,13,3,2,0,0,18,0.7222222222222222
3920,11,2,3,0,0,16,0.6875
3921,12,3,3,0,0,18,0.6666666666666666
3922,14,2,3,0,0,19,0.7368421052631579
3923,11,2,2,0,0,15,0.7333333333333333
3924,13,2,3,0,0,18,0.7222222222222222
3925,12,2,4,0,0,18,0.6666666666666666
3926,12,2,3,0,0,17,0.7058823529411765
3927,12,3,4,0,0,19,0.631578947368421
3928,13,2,3,0,0,18,0.7222222222222222
3929,12,2,3,0,0,17,0.7058823529411765
3930,12,2,3,0,0,17,0.7058823529411765
3931,12,2,3,0,0,17,0.7058823529411765
3932,14,2,3,0,0,19,0.7368421052631579
3933,12,2,3,0,0,17,0.7058823529411765
3934,14,2,2,0,0,18,0.7777777777777778
3935,13,2,3,0,0,18,0.7222222222222222
3936,13,2,2,0,0,17,0.7647058823529411
3937,12,1,3,0,0,16,0.75
3938,13,1,2,0,0,16,0.8125
3939,13,0,3,0,0,16,0.8125
3940,14,1,3,0,0,18,0.7777777777777778
3941,13,1,4,0,0,18,0.7222222222222222
3942,14,1,2,0,0,17,0.8235294117647058
3943,14,1,2,0,0,17,0.8235294117647058
3944,12,1,3,0,0,16,0.75
3945,13,1,1,0,0,15,0.8666666666666667
3946,14,0,3,0,0,17,0.8235294117647058
3947,11,1,2,0,0,14,0.7857142857142857
3948,12,2,3,0,0,17,0.7058823529411765
3949,13,0,2,0,0,15,0.8666666666666667
3950,13,1,1,0,0,15,0.8666666666666667
3951,14,1,3,0,0,18,0.7777777777777778
3952,13,1,2,0,0,16,0.8125
3953,13,1,4,0,0,18,0.7222222222222222
3954,15,2,3,0,0,20,0.75
3955,13,1,2,0,0,16,0.8125
3956,12,1,3,0,0,16,0.75
3957,14,1,3,0,0,18,0.7777777777777778
3958,14,1,2,0,0,17,0.8235294117647058
3959,12,1,2,0,0,15,0.8
3960,12,1,3,0,0,16,0.75
3961,14,1,3,0,0,18,0.7777777777777778
3962,13,1,2,0,0,16,0.8125
3963,13,1,3,0,0,17,0.7647058823529411
3964,12,2,3,0,0,17,0.7058823529411765
3965,13,1,3,0,0,17,0.7647058823529411
3966,14,1,2,0,0,17,0.8235294117647058
3967,15,1,2,0,0,18,0.8333333333333334
3968,13,2,4,0,0,19,0.6842105263157895
3969,14,1,2,0,0,17,0.8235294117647058
3970,13,2,3,0,0,18,0.7222222222222222
3971,13,1,2,0,0,16,0.8125
3972,13,1,3,0,0,17,0.7647058823529411
3973,15,1,3,0,0,19,0.7894736842105263
3974,14,1,2,0,0,17,0.8235294117647058
3975,14,2,3,0,0,19,0.7368421052631579
3976,13,1,2,0,0,16,0.8125
3977,13,1,2,0,0,16,0.8125
3978,12,1,2,0,0,15,0.8
3979,13,1,2,0,0,16,0.8125
3980,13,0,2,0,0,15,0.8666666666666667
3981,14,1,3,0,0,18,0.7777777777777778
3982,13,1,3,0,0,17,0.7647058823529411
3983,14,1,2,0,0,17,0.8235294117647058
3984,13,1,2,0,0,16,0.8125
3985,13,1,3,0,0,17,0.7647058823529411
3986,12,1,2,0,0,15,0.8
3987,15,1,2,0,0,18,0.8333333333333334
3988,14,1,2,0,0,17,0.8235294117647058
3989,14,1,2,0,0,17,0.8235294117647058
3990,13,1,3,0,0,17,0.7647058823529411
3991,13,1,3,0,0,17,0.7647058823529411
3992,12,1,3,0,0,16,0.75
3993,13,2,3,0,0,18,0.7222222222222222
3994,12,1,2,0,0,15,0.8
3995,13,2,2,0,0,17,0.7647058823529411
3996,13,1,3,0,0,17,0.7647058823529411
3997,13,2,4,0,0,19,0.6842105263157895
3998,12,0,2,0,0,14,0.8571428571428571
3999,13,0,2,0,0,15,0.8666666666666667
4000,12,1,4,0,0,17,0.7058823529411765
4001,13,2,2,0,0,17,0.7647058823529411
4002,12,1,3,0,0,16,0.75
4003,13,1,3,0,0,17,0.7647058823529411
4004,13,1,2,0,0,16,0.8125
4005,12,1,2,0,0,15,0.8
4006,13,0,3,0,0,16,0.8125
4007,14,1,3,0,0,18,0.7777777777777778
4008,13,2,3,0,0,18,0.7222222222222222
4009,14,1,2,0,0,17,0.8235294117647058
4010,12,1,3,0,0,16,0.75
4011,13,1,4,0,0,18,0.7222222222222222
4012,13,2,3,0,0,18,0.7222222222222222
4013,12,1,3,0,0,16,0.75
4014,13,1,3,0,0,17,0.7647058823529411
4015,14,2,4,0,0,20,0.7
4016,13,1,2,0,0,16,0.8125
4017,13,1,3,0,0,17,0.7647058823529411
4018,13,1,3,0,0,17,0.7647058823529411
4019,11,2,2,0,0,15,0.7333333333333333
4020,12,1,3,0,0,16,0.75
4021,13,1,3,0,0,17,0.7647058823529411
4022,13,2,3,0,0,18,0.7222222222222222
4023,15,1,3,0,0,19,0.7894736842105263
4024,14,1,3,0,0,18,0.7777777777777778
4025,16,1,3,0,0,20,0.8
4026,16,1,2,0,0,19,0.8421052631578947
4027,15,0,4,0,0,19,0.7894736842105263
4028,14,1,3,0,0,18,0.7777777777777778
4029,13,2,3,0,0,18,0.7222222222222222
4030,13,1,4,0,0,18,0.7222222222222222
4031,14,1,4,0,0,19,0.7368421052631579
4032,12,1,2,0,0,15,0.8
4033,16,1,4,0,0,21,0.7619047619047619
4034,14,1,3,0,0,18,0.7777777777777778
4035,16,1,3,0,0,20,0.8
4036,13,2,2,0,0,17,0.7647058823529411
4037,13,2,2,0,0,17,0.7647058823529411
4038,13,1,2,0,0,16,0.8125
4039,13,2,2,0,0,17,0.7647058823529411
4040,14,1,4,0,0,19,0.7368421052631579
4041,15,1,4,0,0,20,0.75
4042,14,2,4,0,0,20,0.7
4043,13,1,3,0,0,17,0.7647058823529411
4044,13,2,2,0,0,17,0.7647058823529411
4045,14,2,3,0,0,19,0.7368421052631579
4046,12,1,2,0,0,15,0.8
4047,13,1,3,0,0,17,0.7647058823529411
4048,14,2,3,0,0,19,0.7368421052631579
4049,14,1,3,0,0,18,0.7777777777777778
4050,13,1,3,0,0,17,0.7647058823529411
4051,14,1,4,0,0,19,0.7368421052631579
4052,15,2,4,0,0,21,0.7142857142857143
4053,13,1,4,0,0,18,0.7222222222222222
4054,15,2,3,0,0,20,0.75
4055,13,0,4,0,0,17,0.7647058823529411
4056,14,2,4,0,0,20,0.7
4057,16,2,3,0,0,21,0.7619047619047619
4058,14,0,4,0,0,18,0.7777777777777778
4059,15,1,4,0,0,20,0.75
4060,14,1,3,0,0,18,0.7777777777777778
4061,13,0,3,0,0,16,0.8125
4062,15,1,4,0,0,20,0.75
4063,15,0,3,0,0,18,0.8333333333333334
4064,15,1,3,0,0,19,0.7894736842105263
4065,15,1,4,0,0,20,0.75
4066,15,1,3,0,0,19,0.7894736842105263
4067,15,1,3,0,0,19,0.7894736842105263
4068,14,2,3,0,0,19,0.7368421052631579
4069,14,1,3,0,0,18,0.7777777777777778
4070,14,1,4,0,0,19,0.7368421052631579
4071,13,1,2,0,0,16,0.8125
4072,14,2,3,0,0,19,0.7368421052631579
4073,15,2,2,0,0,19,0.7894736842105263
4074,15,0,2,0,0,17,0.8823529411764706
4075,15,1,3,0,0,19,0.7894736842105263
4076,15,0,3,0,0,18,0.8333333333333334
4077,14,1,2,0,0,17,0.8235294117647058
4078,14,0,2,0,0,16,0.875
4079,14,1,2,0,0,17,0.8235294117647058
4080,14,0,3,0,0,17,0.8235294117647058
4081,14,1,2,0,0,17,0.8235294117647058
4082,15,0,2,0,0,17,0.8823529411764706
4083,16,2,2,0,0,20,0.8
4084,14,0,2,0,0,16,0.875
4085,15,1,3,0,0,19,0.7894736842105263
4086,15,1,2,0,0,18,0.8333333333333334
4087,13,0,2,0,0,15,0.8666666666666667
4088,14,0,2,0,0,16,0.875
4089,14,1,2,0,0,17,0.8235294117647058
4090,15,0,2,0,0,17,0.8823529411764706
4091,16,1,2,0,0,19,0.8421052631578947
4092,15,1,3,0,0,19,0.7894736842105263
4093,17,0,3,0,0,20,0.85
4094,16,0,3,0,0,19,0.8421052631578947
4095,15,0,3,0,0,18,0.8333333333333334
4096,14,0,3,0,0,17,0.8235294117647058
4097,14,0,3,0,0,17,0.8235294117647058
4098,15,0,3,0,0,18,0.8333333333333334
4099,14,1,2,0,0,17,0.8235294117647058
4100,14,1,2,0,0,17,0.8235294117647058
4101,16,0,3,0,0,19,0.8421052631578947
4102,15,1,3,0,0,19,0.7894736842105263
4103,15,1,2,0,0,18,0.8333333333333334
4104,18,1,3,0,0,22,0.8181818181818182
4105,15,0,3,0,0,18,0.8333333333333334
4106,17,0,2,0,0,19,0.8947368421052632
4107,16,0,3,0,0,19,0.8421052631578947
4108,15,0,3,0,0,18,0.8333333333333334
4109,14,0,3,0,0,17,0.8235294117647058
4110,12,1,3,0,0,16,0.75
4111,14,0,2,0,0,16,0.875
4112,15,1,3,0,0,19,0.7894736842105263
4113,17,0,3,0,0,20,0.85
4114,16,0,2,0,0,18,0.8888888888888888
4115,13,0,4,0,0,17,0.7647058823529411
4116,14,0,3,0,0,17,0.8235294117647058
4117,17,0,3,0,0,20,0.85
4118,14,1,3,0,0,18,0.7777777777777778
4119,13,0,2,0,0,15,0.8666666666666667
4120,16,0,3,0,0,19,0.8421052631578947
4121,13,2,3,0,0,18,0.7222222222222222
4122,13,0,4,0,0,17,0.7647058823529411
4123,16,0,3,0,0,19,0.8421052631578947
4124,14,1,3,0,0,18,0.7777777777777778
4125,15,1,3,0,0,19,0.7894736842105263
4126,13,2,3,0,0,18,0.7222222222222222
4127,14,1,3,0,0,18,0.7777777777777778
4128,13,1,3,0,0,17,0.7647058823529411
4129,14,1,3,0,0,18,0.7777777777777778
4130,13,0,2,0,0,15,0.8666666666666667
4131,14,2,3,0,0,19,0.7368421052631579
4132,15,1,3,0,0,19,0.7894736842105263
4133,14,0,3,0,0,17,0.8235294117647058
4134,16,1,3,0,0,20,0.8
4135,14,1,4,0,0,19,0.7368421052631579
4136,16,1,3,0,0,20,0.8
4137,15,0,3,0,0,18,0.8333333333333334
4138,15,0,4,0,0,19,0.7894736842105263
4139,14,1,3,0,0,18,0.7777777777777778
4140,15,0,3,0,0,18,0.8333333333333334
4141,13,1,3,0,0,17,0.7647058823529411
4142,15,0,2,0,0,17,0.8823529411764706
4143,13,1,2,0,0,16,0.8125
4144,16,0,3,0,0,19,0.8421052631578947
4145,15,0,3,0,0,18,0.8333333333333334
4146,11,0,3,0,0,14,0.7857142857142857
4147,13,1,3,0,0,17,0.7647058823529411
4148,12,1,3,0,0,16,0.75
4149,14,0,3,0,0,17,0.8235294117647058
4150,15,0,3,0,0,18,0.8333333333333334
4151,14,0,3,0,0,17,0.8235294117647058
4152,14,2,3,0,0,19,0.7368421052631579
4153,13,1,3,0,0,17,0.7647058823529411
4154,14,0,3,0,0,17,0.8235294117647058
4155,14,1,3,0,0,18,0.7777777777777778
4156,13,2,3,0,0,18,0.7222222222222222
4157,17,1,3,0,0,21,0.8095238095238095
4158,14,0,3,0,0,17,0.8235294117647058
4159,13,0,3,0,0,16,0.8125
4160,15,0,3,0,0,18,0.8333333333333334
4161,17,1,3,0,0,21,0.8095238095238095
4162,16,2,3,0,0,21,0.7619047619047619
4163,15,2,3,0,0,20,0.75
4164,16,2,3,0,0,21,0.7619047619047619
4165,15,2,3,0,0,20,0.75
4166,16,2,3,0,0,21,0.7619047619047619
4167,15,2,3,0,0,20,0.75
4168,13,2,3,0,0,18,0.7222222222222222
4169,15,2,3,0,0,20,0.75
4170,16,2,3,0,0,21,0.7619047619047619
4171,15,3,3,0,0,21,0.7142857142857143
4172,14,2,3,0,0,19,0.7368421052631579
4173,12,3,3,0,0,18,0.6666666666666666
4174,13,2,3,0,0,18,0.7222222222222222
4175,15,2,3,0,0,20,0.75
4176,14,2,3,0,0,19,0.7368421052631579
4177,12,2,3,0,0,17,0.7058823529411765
4178,12,2,3,0,0,17,0.7058823529411765
4179,10,2,3,0,0,15,0.6666666666666666
4180,13,2,3,0,0,18,0.7222222222222222
4181,16,3,3,0,0,22,0.7272727272727273
4182,14,3,3,0,0,20,0.7
4183,12,2,3,0,0,17,0.7058823529411765
4184,16,2,3,0,0,21,0.7619047619047619
4185,18,3,3,0,0,24,0.75
4186,15,3,3,0,0,21,0.7142857142857143
4187,13,2,3,0,0,18,0.7222222222222222
4188,12,3,3,0,0,18,0.6666666666666666
4189,12,2,3,0,0,17,0.7058823529411765
4190,10,2,3,0,0,15,0.6666666666666666
4191,11,2,3,0,0,16,0.6875
4192,13,3,3,0,0,19,0.6842105263157895
4193,15,3,3,0,0,21,0.7142857142857143
4194,15,2,3,0,0,20,0.75
4195,14,2,3,0,0,19,0.7368421052631579
4196,13,2,3,0,0,18,0.7222222222222222
4197,12,2,3,0,0,17,0.7058823529411765
4198,13,2,3,0,0,18,0.7222222222222222
4199,13,2,3,0,0,18,0.7222222222222222
4200,14,2,3,0,0,19,0.7368421052631579
4201,15,2,3,0,0,20,0.75
4202,13,2,3,0,0,18,0.7222222222222222
4203,10,3,3,0,0,16,0.625
4204,13,2,3,0,0,18,0.7222222222222222
4205,12,3,4,0,0,19,0.631578947368421
4206,13,2,3,0,0,18,0.7222222222222222
4207,12,2,4,0,0,18,0.6666666666666666
4208,14,2,3,0,0,19,0.7368421052631579
4209,12,3,4,0,0,19,0.631578947368421
4210,16,3,3,0,0,22,0.7272727272727273
4211,14,2,3,0,0,19,0.7368421052631579
4212,14,2,3,0,0,19,0.7368421052631579
4213,12,2,2,0,0,16,0.75
4214,13,2,3,0,0,18,0.7222222222222222
4215,12,3,3,0,0,18,0.6666666666666666
4216,15,2,3,0,0,20,0.75
4217,13,2,3,0,0,18,0.7222222222222222
4218,15,3,3,0,0,21,0.7142857142857143
4219,15,0,3,0,0,18,0.8333333333333334
4220,13,0,3,0,0,16,0.8125
4221,15,0,2,0,0,17,0.8823529411764706
4222,15,0,3,0,0,18,0.8333333333333334
4223,13,1,3,0,0,17,0.7647058823529411
4224,14,2,3,0,0,19,0.7368421052631579
4225,16,2,3,0,0,21,0.7619047619047619
4226,15,3,3,0,0,21,0.7142857142857143
4227,15,2,3,0,0,20,0.75
4228,15,2,3,0,0,20,0.75
4229,14,2,2,0,0,18,0.7777777777777778
4230,15,2,3,0,0,20,0.75
4231,14,2,2,0,0,18,0.7777777777777778
4232,14,3,3,0,0,20,0.7
4233,13,2,3,0,0,18,0.7222222222222222
4234,14,3,2,0,0,19,0.7368421052631579
4235,12,2,2,0,0,16,0.75
4236,15,2,2,0,0,19,0.7894736842105263
4237,12,2,3,0,0,17,0.7058823529411765
4238,13,2,2,0,0,17,0.7647058823529411
4239,12,2,2,0,0,16,0.75
4240,13,2,3,0,0,18,0.7222222222222222
4241,14,2,3,0,0,19,0.7368421052631579
4242,15,2,3,0,0,20,0.75
4243,13,2,3,0,0,18,0.7222222222222222
4244,14,2,3,0,0,19,0.7368421052631579
4245,13,2,3,0,0,18,0.7222222222222222
4246,13,2,3,0,0,18,0.7222222222222222
4247,13,2,3,0,0,18,0.7222222222222222
4248,13,2,3,0,0,18,0.7222222222222222
4249,15,0,3,0,0,18,0.8333333333333334
4250,14,0,3,0,0,17,0.8235294117647058
4251,13,1,2,0,0,16,0.8125
4252,15,0,3,0,0,18,0.8333333333333334
4253,11,0,2,0,0,13,0.8461538461538461
4254,11,0,3,0,0,14,0.7857142857142857
4255,15,0,3,0,0,18,0.8333333333333334
4256,15,0,3,0,0,18,0.8333333333333334
4257,13,2,2,0,0,17,0.7647058823529411
4258,14,2,3,0,0,19,0.7368421052631579
4259,15,2,2,0,0,19,0.7894736842105263
4260,15,2,3,0,0,20,0.75
4261,14,0,2,0,0,16,0.875
4262,14,1,3,0,0,18,0.7777777777777778
4263,13,0,3,0,0,16,0.8125
4264,14,1,2,0,0,17,0.8235294117647058
4265,14,0,3,0,0,17,0.8235294117647058
4266,14,2,2,0,0,18,0.7777777777777778
4267,14,2,2,0,0,18,0.7777777777777778
4268,13,3,3,0,0,19,0.6842105263157895
4269,13,2,3,0,0,18,0.7222222222222222
4270,14,2,3,0,0,19,0.7368421052631579
4271,15,2,3,0,0,20,0.75
4272,12,2,3,0,0,17,0.7058823529411765
4273,13,3,2,0,0,18,0.7222222222222222
4274,14,2,2,0,0,18,0.7777777777777778
4275,12,2,3,0,0,17,0.7058823529411765
4276,13,1,3,0,0,17,0.7647058823529411
4277,14,2,2,0,0,18,0.7777777777777778
4278,14,2,2,0,0,18,0.7777777777777778
4279,12,2,2,0,0,16,0.75
4280,11,3,3,0,0,17,0.6470588235294118
4281,12,2,3,0,0,17,0.7058823529411765
4282,13,2,3,0,0,18,0.7222222222222222
4283,11,2,3,0,0,16,0.6875
4284,11,1,3,0,0,15,0.7333333333333333
4285,13,3,3,0,0,19,0.6842105263157895
4286,13,2,3,0,0,18,0.7222222222222222
4287,13,2,3,0,0,18,0.7222222222222222
4288,14,2,3,0,0,19,0.7368421052631579
4289,16,2,3,0,0,21,0.7619047619047619
4290,16,2,3,0,0,21,0.7619047619047619
4291,15,2,4,0,0,21,0.7142857142857143
4292,14,2,3,0,0,19,0.7368421052631579
4293,16,2,3,0,0,21,0.7619047619047619
4294,14,3,3,0,0,20,0.7
4295,11,2,3,0,0,16,0.6875
4296,15,2,3,0,0,20,0.75
4297,14,2,3,0,0,19,0.7368421052631579
4298,16,2,3,0,0,21,0.7619047619047619
4299,16,2,3,0,0,21,0.7619047619047619
4300,14,2,3,0,0,19,0.7368421052631579
4301,14,2,3,0,0,19,0.7368421052631579
4302,15,2,3,0,0,20,0.75
4303,14,2,3,0,0,19,0.7368421052631579
4304,14,2,3,0,0,19,0.7368421052631579
4305,15,2,3,0,0,20,0.75
4306,18,2,3,0,0,23,0.782608695652174
4307,13,2,3,0,0,18,0.7222222222222222
4308,15,2,3,0,0,20,0.75
4309,15,2,3,0,0,20,0.75
4310,13,2,3,0,0,18,0.7222222222222222
4311,16,2,3,0,0,21,0.7619047619047619
4312,16,2,3,0,0,21,0.7619047619047619
4313,17,3,3,0,0,23,0.7391304347826086
4314,14,2,3,0,0,19,0.7368421052631579
4315,15,2,3,0,0,20,0.75
4316,16,2,3,0,0,21,0.7619047619047619
4317,15,3,3,0,0,21,0.7142857142857143
4318,16,2,3,0,0,21,0.7619047619047619
4319,16,2,3,0,0,21,0.7619047619047619
4320,14,2,3,0,0,19,0.7368421052631579
4321,15,3,3,0,0,21,0.7142857142857143
4322,14,2,2,0,0,18,0.7777777777777778
4323,15,3,3,0,0,21,0.7142857142857143
4324,14,2,3,0,0,19,0.7368421052631579
4325,12,2,3,0,0,17,0.7058823529411765
4326,13,2,2,0,0,17,0.7647058823529411
4327,16,2,2,0,0,20,0.8
4328,15,2,2,0,0,19,0.7894736842105263
4329,12,2,3,0,0,17,0.7058823529411765
4330,14,2,2,0,0,18,0.7777777777777778
4331,13,2,2,0,0,17,0.7647058823529411
4332,15,2,3,0,0,20,0.75
4333,14,2,2,0,0,18,0.7777777777777778
4334,15,2,2,0,0,19,0.7894736842105263
4335,13,3,2,0,0,18,0.7222222222222222
4336,15,2,3,0,0,20,0.75
4337,14,2,3,0,0,19,0.7368421052631579
4338,16,2,3,0,0,21,0.7619047619047619
4339,15,3,3,0,0,21,0.7142857142857143
4340,15,3,3,0,0,21,0.7142857142857143
4341,15,2,3,0,0,20,0.75
4342,16,3,3,0,0,22,0.7272727272727273
4343,17,2,3,0,0,22,0.7727272727272727
4344,13,2,3,0,0,18,0.7222222222222222
4345,13,3,2,0,0,18,0.7222222222222222
4346,13,2,3,0,0,18,0.7222222222222222
4347,14,2,3,0,0,19,0.7368421052631579
4348,16,2,2,0,0,20,0.8
4349,15,2,3,0,0,20,0.75
4350,16,3,2,0,0,21,0.7619047619047619
4351,14,2,2,0,0,18,0.7777777777777778
4352,14,3,2,0,0,19,0.7368421052631579
4353,14,2,2,0,0,18,0.7777777777777778
4354,13,2,3,0,0,18,0.7222222222222222
4355,15,3,3,0,0,21,0.7142857142857143
4356,14,2,3,0,0,19,0.7368421052631579
4357,15,2,3,0,0,20,0.75
4358,15,2,3,0,0,20,0.75
4359,14,2,2,0,0,18,0.7777777777777778
4360,15,2,2,0,0,19,0.7894736842105263
4361,14,2,3,0,0,19,0.7368421052631579
4362,14,2,3,0,0,19,0.7368421052631579
4363,13,3,3,0,0,19,0.6842105263157895
4364,14,2,3,0,0,19,0.7368421052631579
4365,14,3,3,0,0,20,0.7
4366,13,3,3,0,0,19,0.6842105263157895
4367,15,1,3,0,0,19,0.7894736842105263
4368,12,2,3,0,0,17,0.7058823529411765
4369,13,3,3,0,0,19,0.6842105263157895
4370,17,2,3,0,0,22,0.7727272727272727
4371,14,2,3,0,0,19,0.7368421052631579
4372,16,3,3,0,0,22,0.7272727272727273
4373,17,2,3,0,0,22,0.7727272727272727
4374,16,3,3,0,0,22,0.7272727272727273
4375,14,2,3,0,0,19,0.7368421052631579
4376,15,2,3,0,0,20,0.75
4377,14,2,2,0,0,18,0.7777777777777778
4378,16,2,3,0,0,21,0.7619047619047619
4379,14,2,3,0,0,19,0.7368421052631579
4380,19,1,3,0,0,23,0.8260869565217391
4381,15,2,3,0,0,20,0.75
4382,15,3,3,0,0,21,0.7142857142857143
4383,15,2,3,0,0,20,0.75
4384,14,2,3,0,0,19,0.7368421052631579
4385,12,2,3,0,0,17,0.7058823529411765
4386,12,2,3,0,0,17,0.7058823529411765
4387,16,2,3,0,0,21,0.7619047619047619
4388,15,2,2,0,0,19,0.7894736842105263
4389,15,2,3,0,0,20,0.75
4390,14,2,3,0,0,19,0.7368421052631579
4391,14,2,3,0,0,19,0.7368421052631579
4392,15,2,3,0,0,20,0.75
4393,14,2,3,0,0,19,0.7368421052631579
4394,16,2,3,0,0,21,0.7619047619047619
4395,16,2,3,0,0,21,0.7619047619047619
4396,17,2,2,0,0,21,0.8095238095238095
4397,14,2,3,0,0,19,0.7368421052631579
4398,15,2,3,0,0,20,0.75
4399,15,2,3,0,0,20,0.75
4400,16,2,3,0,0,21,0.7619047619047619
4401,16,2,3,0,0,21,0.7619047619047619
4402,14,2,3,0,0,19,0.7368421052631579
4403,15,2,3,0,0,20,0.75
4404,15,2,3,0,0,20,0.75
4405,14,2,3,0,0,19,0.7368421052631579
4406,13,2,3,0,0,18,0.7222222222222222
4407,16,2,3,0,0,21,0.7619047619047619
4408,13,2,3,0,0,18,0.7222222222222222
4409,18,2,3,0,0,23,0.782608695652174
4410,15,2,3,0,0,20,0.75
4411,14,2,3,0,0,19,0.7368421052631579
4412,15,2,3,0,0,20,0.75
4413,15,2,3,0,0,20,0.75
4414,15,2,3,0,0,20,0.75
4415,14,2,3,0,0,19,0.7368421052631579
4416,14,2,2,0,0,18,0.7777777777777778
4417,15,2,2,0,0,19,0.7894736842105263
4418,15,2,3,0,0,20,0.75
4419,13,2,2,0,0,17,0.7647058823529411
4420,15,2,3,0,0,20,0.75
4421,17,2,2,0,0,21,0.8095238095238095
4422,13,3,3,0,0,19,0.6842105263157895
4423,14,2,2,0,0,18,0.7777777777777778
4424,16,2,3,0,0,21,0.7619047619047619
4425,14,2,3,0,0,19,0.7368421052631579
4426,14,2,2,0,0,18,0.7777777777777778
4427,15,2,3,0,0,20,0.75
4428,14,3,3,0,0,20,0.7
4429,14,2,3,0,0,19,0.7368421052631579
4430,12,2,3,0,0,17,0.7058823529411765
4431,15,2,2,0,0,19,0.7894736842105263
4432,14,2,3,0,0,19,0.7368421052631579
4433,14,2,3,0,0,19,0.7368421052631579
4434,14,2,3,0,0,19,0.7368421052631579
4435,15,2,3,0,0,20,0.75
4436,15,2,3,0,0,20,0.75
4437,15,2,3,0,0,20,0.75
4438,12,2,2,0,0,16,0.75
4439,14,2,2,0,0,18,0.7777777777777778
4440,12,2,3,0,0,17,0.7058823529411765
4441,13,2,2,0,0,17,0.7647058823529411
4442,11,2,2,0,0,15,0.7333333333333333
4443,12,2,3,0,0,17,0.7058823529411765
4444,15,2,3,0,0,20,0.75
4445,15,2,3,0,0,20,0.75
4446,14,2,3,0,0,19,0.7368421052631579
4447,16,2,3,0,0,21,0.7619047619047619
4448,13,2,2,0,0,17,0.7647058823529411
4449,15,2,2,0,0,19,0.7894736842105263
4450,15,2,3,0,0,20,0.75
4451,15,1,3,0,0,19,0.7894736842105263
4452,13,3,3,0,0,19,0.6842105263157895
4453,11,2,3,0,0,16,0.6875
4454,16,2,3,0,0,21,0.7619047619047619
4455,17,2,3,0,0,22,0.7727272727272727
4456,12,2,2,0,0,16,0.75
4457,15,3,3,0,0,21,0.7142857142857143
4458,14,2,4,0,0,20,0.7
4459,15,3,2,0,0,20,0.75
4460,14,3,3,0,0,20,0.7
4461,15,3,2,0,0,20,0.75
4462,15,2,3,0,0,20,0.75
4463,15,3,3,0,0,21,0.7142857142857143
4464,13,2,3,0,0,18,0.7222222222222222
4465,12,2,3,0,0,17,0.7058823529411765
4466,14,2,3,0,0,19,0.7368421052631579
4467,14,2,3,0,0,19,0.7368421052631579
4468,15,3,3,0,0,21,0.7142857142857143
4469,14,2,3,0,0,19,0.7368421052631579
4470,14,2,3,0,0,19,0.7368421052631579
4471,14,2,3,0,0,19,0.7368421052631579
4472,13,2,3,0,0,18,0.7222222222222222
4473,14,2,3,0,0,19,0.7368421052631579
4474,15,3,3,0,0,21,0.7142857142857143
4475,15,2,3,0,0,20,0.75
4476,15,2,3,0,0,20,0.75
4477,12,3,3,0,0,18,0.6666666666666666
4478,16,3,3,0,0,22,0.7272727272727273
4479,12,2,3,0,0,17,0.7058823529411765
4480,14,2,3,0,0,19,0.7368421052631579
4481,13,2,3,0,0,18,0.7222222222222222
4482,12,2,2,0,0,16,0.75
4483,13,2,3,0,0,18,0.7222222222222222
4484,13,2,2,0,0,17,0.7647058823529411
4485,16,2,3,0,0,21,0.7619047619047619
4486,15,3,2,0,0,20,0.75
4487,13,2,4,0,0,19,0.6842105263157895
4488,12,2,3,0,0,17,0.7058823529411765
4489,13,2,3,0,0,18,0.7222222222222222
4490,14,2,3,0,0,19,0.7368421052631579
4491,14,2,2,0,0,18,0.7777777777777778
4492,13,2,2,0,0,17,0.7647058823529411
4493,15,2,2,0,0,19,0.7894736842105263
4494,12,2,3,0,0,17,0.7058823529411765
4495,14,2,3,0,0,19,0.7368421052631579
4496,13,2,3,0,0,18,0.7222222222222222
4497,15,2,3,0,0,20,0.75
4498,14,2,3,0,0,19,0.7368421052631579
4499,13,2,2,0,0,17,0.7647058823529411
4500,13,2,3,0,0,18,0.7222222222222222
4501,14,2,3,0,0,19,0.7368421052631579
4502,13,0,3,0,0,16,0.8125
4503,14,0,3,0,0,17,0.8235294117647058
4504,14,1,2,0,0,17,0.8235294117647058
4505,13,2,3,0,0,18,0.7222222222222222
4506,13,2,3,0,0,18,0.7222222222222222
4507,16,2,3,0,0,21,0.7619047619047619
4508,16,2,3,0,0,21,0.7619047619047619
4509,15,2,3,0,0,20,0.75
4510,13,2,3,0,0,18,0.7222222222222222
4511,15,2,3,0,0,20,0.75
4512,14,2,3,0,0,19,0.7368421052631579
4513,15,0,2,0,0,17,0.8823529411764706
4514,14,0,3,0,0,17,0.8235294117647058
4515,16,0,3,0,0,19,0.8421052631578947
4516,12,0,3,0,0,15,0.8
4517,16,0,3,0,0,19,0.8421052631578947
4518,15,1,3,0,0,19,0.7894736842105263
4519,13,1,3,0,0,17,0.7647058823529411
4520,16,1,3,0,0,20,0.8
4521,16,0,3,0,0,19,0.8421052631578947
4522,13,0,3,0,0,16,0.8125
4523,14,1,3,0,0,18,0.7777777777777778
4524,15,1,3,0,0,19,0.7894736842105263
4525,14,1,3,0,0,18,0.7777777777777778
4526,14,1,3,0,0,18,0.7777777777777778
4527,15,0,3,0,0,18,0.8333333333333334
4528,14,1,3,0,0,18,0.7777777777777778
4529,13,2,2,0,0,17,0.7647058823529411
4530,16,3,3,0,0,22,0.7272727272727273
4531,15,3,2,0,0,20,0.75
4532,14,2,3,0,0,19,0.7368421052631579
4533,14,2,3,0,0,19,0.7368421052631579
4534,13,3,3,0,0,19,0.6842105263157895
4535,14,2,3,0,0,19,0.7368421052631579
4536,13,2,4,0,0,19,0.6842105263157895
4537,14,2,3,0,0,19,0.7368421052631579
4538,11,3,4,0,0,18,0.6111111111111112
4539,14,3,3,0,0,20,0.7
4540,13,2,3,0,0,18,0.7222222222222222
4541,11,2,2,0,0,15,0.7333333333333333
4542,14,3,3,0,0,20,0.7
4543,14,3,3,0,0,20,0.7
4544,10,2,3,0,0,15,0.6666666666666666
4545,13,2,2,0,0,17,0.7647058823529411
4546,13,3,3,0,0,19,0.6842105263157895
4547,13,3,3,0,0,19,0.6842105263157895
4548,13,2,3,0,0,18,0.7222222222222222
4549,15,3,4,0,0,22,0.6818181818181818
4550,13,3,4,0,0,20,0.65
4551,14,2,3,0,0,19,0.7368421052631579
4552,13,3,3,0,0,19,0.6842105263157895
4553,13,2,3,0,0,18,0.7222222222222222
4554,14,2,3,0,0,19,0.7368421052631579
4555,12,3,3,0,0,18,0.6666666666666666
4556,14,1,3,0,0,18,0.7777777777777778
4557,12,1,3,0,0,16,0.75
4558,13,2,3,0,0,18,0.7222222222222222
4559,13,1,2,0,0,16,0.8125
4560,12,2,4,0,0,18,0.6666666666666666
4561,12,1,3,0,0,16,0.75
4562,12,1,3,0,0,16,0.75
4563,13,2,3,0,0,18,0.7222222222222222
4564,13,1,3,0,0,17,0.7647058823529411
4565,14,2,3,0,0,19,0.7368421052631579
4566,11,2,3,0,0,16,0.6875
4567,12,2,2,0,0,16,0.75
4568,11,3,3,0,0,17,0.6470588235294118
4569,12,2,4,0,0,18,0.6666666666666666
4570,12,3,3,0,0,18,0.6666666666666666
4571,13,3,3,0,0,19,0.6842105263157895
4572,12,2,3,0,0,17,0.7058823529411765
4573,14,2,3,0,0,19,0.7368421052631579
4574,11,2,4,0,0,17,0.6470588235294118
4575,11,2,3,0,0,16,0.6875
4576,12,2,3,0,0,17,0.7058823529411765
4577,14,2,3,0,0,19,0.7368421052631579
4578,12,3,3,0,0,18,0.6666666666666666
4579,13,2,3,0,0,18,0.7222222222222222
4580,12,2,4,0,0,18,0.6666666666666666
4581,13,3,3,0,0,19,0.6842105263157895
4582,15,3,3,0,0,21,0.7142857142857143
4583,15,3,3,0,0,21,0.7142857142857143
4584,14,2,3,0,0,19,0.7368421052631579
4585,13,2,3,0,0,18,0.7222222222222222
4586,15,2,3,0,0,20,0.75
4587,12,2,3,0,0,17,0.7058823529411765
4588,13,2,3,0,0,18,0.7222222222222222
4589,17,2,3,0,0,22,0.7727272727272727
4590,14,2,3,0,0,19,0.7368421052631579
4591,13,2,3,0,0,18,0.7222222222222222
4592,13,3,3,0,0,19,0.6842105263157895
4593,15,2,3,0,0,20,0.75
4594,14,3,3,0,0,20,0.7
4595,15,2,3,0,0,20,0.75
4596,14,2,3,0,0,19,0.7368421052631579
4597,15,2,3,0,0,20,0.75
4598,14,2,3,0,0,19,0.7368421052631579
4599,14,2,3,0,0,19,0.7368421052631579
4600,15,2,3,0,0,20,0.75
4601,15,2,3,0,0,20,0.75
4602,16,2,3,0,0,21,0.7619047619047619
4603,14,2,3,0,0,19,0.7368421052631579
4604,12,2,3,0,0,17,0.7058823529411765
4605,15,2,3,0,0,20,0.75
4606,13,2,3,0,0,18,0.7222222222222222
4607,13,2,3,0,0,18,0.7222222222222222
4608,13,2,3,0,0,18,0.7222222222222222
4609,11,2,3,0,0,16,0.6875
4610,15,2,3,0,0,20,0.75
4611,15,2,3,0,0,20,0.75
4612,15,2,3,0,0,20,0.75
4613,13,2,3,0,0,18,0.7222222222222222
4614,14,2,3,0,0,19,0.7368421052631579
4615,14,2,3,0,0,19,0.7368421052631579
4616,13,2,3,0,0,18,0.7222222222222222
4617,14,2,3,0,0,19,0.7368421052631579
4618,12,2,3,0,0,17,0.7058823529411765
4619,14,2,3,0,0,19,0.7368421052631579
4620,13,2,3,0,0,18,0.7222222222222222
4621,14,2,3,0,0,19,0.7368421052631579
4622,12,2,3,0,0,17,0.7058823529411765
4623,14,2,3,0,0,19,0.7368421052631579
4624,14,0,3,0,0,17,0.8235294117647058
4625,16,0,3,0,0,19,0.8421052631578947
4626,15,0,2,0,0,17,0.8823529411764706
4627,16,0,3,0,0,19,0.8421052631578947
4628,16,2,3,0,0,21,0.7619047619047619
4629,15,2,3,0,0,20,0.75
4630,14,2,3,0,0,19,0.7368421052631579
4631,14,2,3,0,0,19,0.7368421052631579
4632,14,2,3,0,0,19,0.7368421052631579
4633,15,2,3,0,0,20,0.75
4634,14,2,2,0,0,18,0.7777777777777778
4635,13,2,3,0,0,18,0.7222222222222222
4636,14,2,4,0,0,20,0.7
4637,13,2,3,0,0,18,0.7222222222222222
4638,12,3,3,0,0,18,0.6666666666666666
4639,13,2,3,0,0,18,0.7222222222222222
4640,15,3,3,0,0,21,0.7142857142857143
4641,14,2,3,0,0,19,0.7368421052631579
4642,15,2,3,0,0,20,0.75
4643,12,2,3,0,0,17,0.7058823529411765
4644,13,3,3,0,0,19,0.6842105263157895
4645,14,3,3,0,0,20,0.7
4646,14,2,3,0,0,19,0.7368421052631579
4647,15,2,3,0,0,20,0.75
4648,12,2,3,0,0,17,0.7058823529411765
4649,16,2,3,0,0,21,0.7619047619047619
4650,13,3,3,0,0,19,0.6842105263157895
4651,14,2,3,0,0,19,0.7368421052631579
4652,16,2,3,0,0,21,0.7619047619047619
4653,16,3,3,0,0,22,0.7272727272727273
4654,16,2,3,0,0,21,0.7619047619047619
4655,13,3,3,0,0,19,0.6842105263157895
4656,12,2,3,0,0,17,0.7058823529411765
4657,15,2,3,0,0,20,0.75
4658,14,2,3,0,0,19,0.7368421052631579
4659,17,3,3,0,0,23,0.7391304347826086
4660,14,3,3,0,0,20,0.7
4661,12,2,3,0,0,17,0.7058823529411765
4662,15,2,3,0,0,20,0.75
4663,16,2,3,0,0,21,0.7619047619047619
4664,15,2,3,0,0,20,0.75
4665,12,3,3,0,0,18,0.6666666666666666
4666,13,2,3,0,0,18,0.7222222222222222
4667,14,2,4,0,0,20,0.7
4668,14,3,3,0,0,20,0.7
4669,14,2,3,0,0,19,0.7368421052631579
4670,14,2,3,0,0,19,0.7368421052631579
4671,14,2,3,0,0,19,0.7368421052631579
4672,14,3,3,0,0,20,0.7
4673,16,3,3,0,0,22,0.7272727272727273
4674,15,2,3,0,0,20,0.75
4675,14,2,4,0,0,20,0.7
4676,18,2,4,0,0,24,0.75
4677,14,2,4,0,0,20,0.7
4678,16,2,4,0,0,22,0.7272727272727273
4679,17,2,3,0,0,22,0.7727272727272727
4680,14,2,4,0,0,20,0.7
4681,13,2,4,0,0,19,0.6842105263157895
4682,13,2,4,0,0,19,0.6842105263157895
4683,16,2,4,0,0,22,0.7272727272727273
4684,15,2,4,0,0,21,0.7142857142857143
4685,15,2,3,0,0,20,0.75
4686,16,3,4,0,0,23,0.6956521739130435
4687,14,2,3,0,0,19,0.7368421052631579
4688,13,2,3,0,0,18,0.7222222222222222
4689,16,2,3,0,0,21,0.7619047619047619
4690,15,2,3,0,0,20,0.75
4691,15,2,4,0,0,21,0.7142857142857143
4692,14,2,4,0,0,20,0.7
4693,15,3,4,0,0,22,0.6818181818181818
4694,17,3,4,0,0,24,0.7083333333333334
4695,16,2,3,0,0,21,0.7619047619047619
4696,17,2,4,0,0,23,0.7391304347826086
4697,15,3,3,0,0,21,0.7142857142857143
4698,13,3,3,0,0,19,0.6842105263157895
4699,13,2,3,0,0,18,0.7222222222222222
4700,14,2,4,0,0,20,0.7
4701,15,2,4,0,0,21,0.7142857142857143
4702,11,2,3,0,0,16,0.6875
4703,16,2,3,0,0,21,0.7619047619047619
4704,16,3,3,0,0,22,0.7272727272727273
4705,13,2,3,0,0,18,0.7222222222222222
4706,12,2,3,0,0,17,0.7058823529411765
4707,15,2,3,0,0,20,0.75
4708,17,2,3,0,0,22,0.7727272727272727
4709,14,2,3,0,0,19,0.7368421052631579
4710,11,3,3,0,0,17,0.6470588235294118
4711,14,2,3,0,0,19,0.7368421052631579
4712,13,2,3,0,0,18,0.7222222222222222
4713,14,3,3,0,0,20,0.7
4714,16,2,3,0,0,21,0.7619047619047619
4715,13,2,3,0,0,18,0.7222222222222222
4716,14,2,3,0,0,19,0.7368421052631579
4717,16,2,3,0,0,21,0.7619047619047619
4718,16,2,3,0,0,21,0.7619047619047619
4719,14,2,3,0,0,19,0.7368421052631579
4720,13,3,3,0,0,19,0.6842105263157895
4721,14,3,3,0,0,20,0.7
4722,13,2,3,0,0,18,0.7222222222222222
4723,15,2,3,0,0,20,0.75
4724,14,2,3,0,0,19,0.7368421052631579
4725,16,2,3,0,0,21,0.7619047619047619
4726,14,2,3,0,0,19,0.7368421052631579
4727,13,2,3,0,0,18,0.7222222222222222
4728,12,1,2,0,0,15,0.8
4729,14,3,3,0,0,20,0.7
4730,13,2,3,0,0,18,0.7222222222222222
4731,12,3,3,0,0,18,0.6666666666666666
4732,17,2,3,0,0,22,0.7727272727272727
4733,13,3,3,0,0,19,0.6842105263157895
4734,17,2,3,0,0,22,0.7727272727272727
4735,15,1,3,0,0,19,0.7894736842105263
4736,13,2,3,0,0,18,0.7222222222222222
4737,14,2,3,0,0,19,0.7368421052631579
4738,14,2,3,0,0,19,0.7368421052631579
4739,14,2,3,0,0,19,0.7368421052631579
4740,15,2,3,0,0,20,0.75
4741,13,2,3,0,0,18,0.7222222222222222
4742,16,2,3,0,0,21,0.7619047619047619
4743,13,2,3,0,0,18,0.7222222222222222
4744,15,2,3,0,0,20,0.75
4745,15,3,3,0,0,21,0.7142857142857143
4746,13,3,3,0,0,19,0.6842105263157895
4747,15,2,3,0,0,20,0.75
4748,13,3,3,0,0,19,0.6842105263157895
4749,14,2,3,0,0,19,0.7368421052631579
4750,14,3,3,0,0,20,0.7
4751,12,3,3,0,0,18,0.6666666666666666
4752,15,2,3,0,0,20,0.75
4753,14,2,3,0,0,19,0.7368421052631579
4754,16,3,4,0,0,23,0.6956521739130435
4755,16,2,3,0,0,21,0.7619047619047619
4756,14,3,4,0,0,21,0.6666666666666666
4757,14,2,3,0,0,19,0.7368421052631579
4758,16,2,3,0,0,21,0.7619047619047619
4759,13,3,3,0,0,19,0.6842105263157895
4760,15,2,3,0,0,20,0.75
4761,15,1,3,0,0,19,0.7894736842105263
4762,15,1,2,0,0,18,0.8333333333333334
4763,16,2,3,0,0,21,0.7619047619047619
4764,17,2,3,0,0,22,0.7727272727272727
4765,12,2,4,0,0,18,0.6666666666666666
4766,14,2,3,0,0,19,0.7368421052631579
4767,14,2,3,0,0,19,0.7368421052631579
4768,12,3,3,0,0,18,0.6666666666666666
4769,13,2,2,0,0,17,0.7647058823529411
4770,15,2,3,0,0,20,0.75
4771,16,2,3,0,0,21,0.7619047619047619
4772,14,3,3,0,0,20,0.7
4773,12,3,3,0,0,18,0.6666666666666666
4774,16,2,3,0,0,21,0.7619047619047619
4775,14,2,3,0,0,19,0.7368421052631579
4776,13,3,3,0,0,19,0.6842105263157895
4777,14,2,3,0,0,19,0.7368421052631579
4778,15,3,3,0,0,21,0.7142857142857143
4779,13,2,2,0,0,17,0.7647058823529411
4780,14,3,2,0,0,19,0.7368421052631579
4781,16,2,2,0,0,20,0.8
4782,15,2,3,0,0,20,0.75
4783,13,3,2,0,0,18,0.7222222222222222
4784,16,2,3,0,0,21,0.7619047619047619
4785,15,3,3,0,0,21,0.7142857142857143
4786,13,2,2,0,0,17,0.7647058823529411
4787,14,3,3,0,0,20,0.7
4788,12,1,2,0,0,15,0.8
4789,14,3,3,0,0,20,0.7
4790,17,3,2,0,0,22,0.7727272727272727
4791,14,2,3,0,0,19,0.7368421052631579
4792,15,2,2,0,0,19,0.7894736842105263
4793,12,2,2,0,0,16,0.75
4794,16,3,3,0,0,22,0.7272727272727273
4795,15,2,3,0,0,20,0.75
4796,17,3,2,0,0,22,0.7727272727272727
4797,16,3,2,0,0,21,0.7619047619047619
4798,16,2,2,0,0,20,0.8
4799,16,2,2,0,0,20,0.8
4800,14,2,3,0,0,19,0.7368421052631579
4801,15,2,3,0,0,20,0.75
4802,13,2,3,0,0,18,0.7222222222222222
4803,14,2,3,0,0,19,0.7368421052631579
4804,12,2,2,0,0,16,0.75
4805,15,3,3,0,0,21,0.7142857142857143
4806,13,2,2,0,0,17,0.7647058823529411
4807,14,2,3,0,0,19,0.7368421052631579
4808,13,2,2,0,0,17,0.7647058823529411
4809,13,3,2,0,0,18,0.7222222222222222
4810,16,3,2,0,0,21,0.7619047619047619
4811,12,3,3,0,0,18,0.6666666666666666
4812,13,2,2,0,0,17,0.7647058823529411
4813,14,2,2,0,0,18,0.7777777777777778
4814,14,2,3,0,0,19,0.7368421052631579
4815,14,3,2,0,0,19,0.7368421052631579
4816,15,3,2,0,0,20,0.75
4817,15,2,2,0,0,19,0.7894736842105263
4818,14,2,3,0,0,19,0.7368421052631579
4819,14,2,3,0,0,19,0.7368421052631579
4820,14,2,2,0,0,18,0.7777777777777778
4821,16,3,3,0,0,22,0.7272727272727273
4822,15,2,3,0,0,20,0.75
4823,12,2,3,0,0,17,0.7058823529411765
4824,14,2,2,0,0,18,0.7777777777777778
4825,13,1,3,0,0,17,0.7647058823529411
4826,12,2,2,0,0,16,0.75
4827,14,2,3,0,0,19,0.7368421052631579
4828,12,2,3,0,0,17,0.7058823529411765
4829,14,2,3,0,0,19,0.7368421052631579
4830,13,2,3,0,0,18,0.7222222222222222
4831,12,3,2,0,0,17,0.7058823529411765
4832,13,3,2,0,0,18,0.7222222222222222
4833,12,3,2,0,0,17,0.7058823529411765
4834,13,3,3,0,0,19,0.6842105263157895
4835,13,3,2,0,0,18,0.7222222222222222
4836,13,2,2,0,0,17,0.7647058823529411
4837,13,3,3,0,0,19,0.6842105263157895
4838,11,2,2,0,0,15,0.7333333333333333
4839,13,2,2,0,0,17,0.7647058823529411
4840,12,3,4,0,0,19,0.631578947368421
4841,14,3,3,0,0,20,0.7
4842,16,2,3,0,0,21,0.7619047619047619
4843,15,2,3,0,0,20,0.75
4844,10,2,3,0,0,15,0.6666666666666666
4845,14,2,3,0,0,19,0.7368421052631579
4846,13,2,3,0,0,18,0.7222222222222222
4847,13,2,3,0,0,18,0.7222222222222222
4848,13,2,3,0,0,18,0.7222222222222222
4849,12,2,2,0,0,16,0.75
4850,16,2,2,0,0,20,0.8
4851,14,2,2,0,0,18,0.7777777777777778
4852,15,2,2,0,0,19,0.7894736842105263
4853,14,2,3,0,0,19,0.7368421052631579
4854,13,1,2,0,0,16,0.8125
4855,14,0,2,0,0,16,0.875
4856,12,3,2,0,0,17,0.7058823529411765
4857,13,2,2,0,0,17,0.7647058823529411
4858,13,3,2,0,0,18,0.7222222222222222
4859,13,2,2,0,0,17,0.7647058823529411
4860,14,1,2,0,0,17,0.8235294117647058
4861,13,0,2,0,0,15,0.8666666666666667
4862,13,1,2,0,0,16,0.8125
4863,13,1,2,0,0,16,0.8125
4864,15,1,2,0,0,18,0.8333333333333334
4865,12,2,2,0,0,16,0.75
4866,15,1,3,0,0,19,0.7894736842105263
4867,13,1,2,0,0,16,0.8125
4868,13,1,2,0,0,16,0.8125
4869,14,1,3,0,0,18,0.7777777777777778
4870,15,1,3,0,0,19,0.7894736842105263
4871,14,1,2,0,0,17,0.8235294117647058
4872,14,2,2,0,0,18,0.7777777777777778
4873,13,1,2,0,0,16,0.8125
4874,13,0,3,0,0,16,0.8125
4875,13,1,3,0,0,17,0.7647058823529411
4876,13,1,2,0,0,16,0.8125
4877,14,1,3,0,0,18,0.7777777777777778
4878,13,2,3,0,0,18,0.7222222222222222
4879,14,1,3,0,0,18,0.7777777777777778
4880,13,1,2,0,0,16,0.8125
4881,14,1,2,0,0,17,0.8235294117647058
4882,13,2,3,0,0,18,0.7222222222222222
4883,14,1,4,0,0,19,0.7368421052631579
4884,14,1,2,0,0,17,0.8235294117647058
4885,14,1,3,0,0,18,0.7777777777777778
4886,13,0,2,0,0,15,0.8666666666666667
4887,13,1,3,0,0,17,0.7647058823529411
4888,14,1,3,0,0,18,0.7777777777777778
4889,14,1,2,0,0,17,0.8235294117647058
4890,13,1,2,0,0,16,0.8125
4891,13,0,3,0,0,16,0.8125
4892,13,1,2,0,0,16,0.8125
4893,14,2,3,0,0,19,0.7368421052631579
4894,13,2,2,0,0,17,0.7647058823529411
4895,13,1,3,0,0,17,0.7647058823529411
4896,15,1,2,0,0,18,0.8333333333333334
4897,13,1,3,0,0,17,0.7647058823529411
4898,13,2,3,0,0,18,0.7222222222222222
4899,14,1,2,0,0,17,0.8235294117647058
4900,13,1,3,0,0,17,0.7647058823529411
4901,13,1,4,0,0,18,0.7222222222222222
4902,13,1,3,0,0,17,0.7647058823529411
4903,12,1,2,0,0,15,0.8
4904,13,1,3,0,0,17,0.7647058823529411
4905,13,1,3,0,0,17,0.7647058823529411
4906,14,1,2,0,0,17,0.8235294117647058
4907,13,1,3,0,0,17,0.7647058823529411
4908,13,1,2,0,0,16,0.8125
4909,13,1,2,0,0,16,0.8125
4910,13,1,2,0,0,16,0.8125
4911,13,1,2,0,0,16,0.8125
4912,13,1,2,0,0,16,0.8125
4913,13,1,2,0,0,16,0.8125
4914,14,1,3,0,0,18,0.7777777777777778
4915,12,1,3,0,0,16,0.75
4916,12,1,2,0,0,15,0.8
4917,13,1,2,0,0,16,0.8125
4918,14,1,2,0,0,17,0.8235294117647058
4919,13,1,4,0,0,18,0.7222222222222222
4920,13,1,2,0,0,16,0.8125
4921,13,1,3,0,0,17,0.7647058823529411
4922,12,2,3,0,0,17,0.7058823529411765
4923,13,3,3,0,0,19,0.6842105263157895
4924,13,1,3,0,0,17,0.7647058823529411
4925,13,1,2,0,0,16,0.8125
4926,12,1,3,0,0,16,0.75
4927,13,1,3,0,0,17,0.7647058823529411
4928,14,1,2,0,0,17,0.8235294117647058
4929,13,2,2,0,0,17,0.7647058823529411
4930,13,1,3,0,0,17,0.7647058823529411
4931,14,1,3,0,0,18,0.7777777777777778
4932,13,1,2,0,0,16,0.8125
4933,14,1,2,0,0,17,0.8235294117647058
4934,13,1,3,0,0,17,0.7647058823529411
4935,12,1,3,0,0,16,0.75
4936,11,1,3,0,0,15,0.7333333333333333
4937,13,1,2,0,0,16,0.8125
4938,13,1,3,0,0,17,0.7647058823529411
4939,14,0,2,0,0,16,0.875
4940,13,1,2,0,0,16,0.8125
4941,13,1,3,0,0,17,0.7647058823529411
4942,13,0,2,0,0,15,0.8666666666666667
4943,13,2,2,0,0,17,0.7647058823529411
4944,13,0,3,0,0,16,0.8125
4945,13,0,3,0,0,16,0.8125
4946,14,1,2,0,0,17,0.8235294117647058
4947,13,1,3,0,0,17,0.7647058823529411
4948,13,2,3,0,0,18,0.7222222222222222
4949,14,1,3,0,0,18,0.7777777777777778
4950,13,1,3,0,0,17,0.7647058823529411
4951,13,1,2,0,0,16,0.8125
4952,14,2,3,0,0,19,0.7368421052631579
4953,14,1,2,0,0,17,0.8235294117647058
4954,14,1,3,0,0,18,0.7777777777777778
4955,15,2,3,0,0,20,0.75
4956,14,0,2,0,0,16,0.875
4957,13,0,4,0,0,17,0.7647058823529411
4958,14,0,2,0,0,16,0.875
4959,13,1,2,0,0,16,0.8125
4960,13,1,3,0,0,17,0.7647058823529411
4961,14,0,2,0,0,16,0.875
4962,14,1,4,0,0,19,0.7368421052631579
4963,13,1,3,0,0,17,0.7647058823529411
4964,12,1,3,0,0,16,0.75
4965,13,1,2,0,0,16,0.8125
4966,13,1,2,0,0,16,0.8125
4967,13,1,3,0,0,17,0.7647058823529411
4968,13,1,3,0,0,17,0.7647058823529411
4969,13,1,2,0,0,16,0.8125
4970,13,1,2,0,0,16,0.8125
4971,13,1,2,1,0,17,0.7647058823529411
4972,13,2,3,0,0,18,0.7222222222222222
4973,13,1,3,0,0,17,0.7647058823529411
4974,13,1,2,0,0,16,0.8125
4975,13,1,2,0,0,16,0.8125
4976,13,1,2,0,0,16,0.8125
4977,14,1,4,0,0,19,0.7368421052631579
4978,14,1,2,0,0,17,0.8235294117647058
4979,14,1,2,0,0,17,0.8235294117647058
4980,14,1,2,0,0,17,0.8235294117647058
4981,13,1,3,0,0,17,0.7647058823529411
4982,13,1,3,0,0,17,0.7647058823529411
4983,13,0,2,0,0,15,0.8666666666666667
4984,14,1,3,0,0,18,0.7777777777777778
4985,13,0,3,0,0,16,0.8125
4986,13,0,2,0,0,15,0.8666666666666667
4987,13,0,3,0,0,16,0.8125
4988,13,1,4,0,0,18,0.7222222222222222
4989,15,1,3,0,0,19,0.7894736842105263
4990,13,1,2,0,0,16,0.8125
4991,13,1,3,0,0,17,0.7647058823529411
4992,13,1,2,0,0,16,0.8125
4993,13,1,2,0,0,16,0.8125
4994,12,1,2,0,0,15,0.8
4995,14,0,2,0,0,16,0.875
4996,13,0,2,0,0,15,0.8666666666666667
4997,14,1,3,0,0,18,0.7777777777777778
4998,12,0,3,0,0,15,0.8
4999,13,0,2,0,0,15,0.8666666666666667
5000,13,1,2,0,0,16,0.8125
5001,14,1,3,0,0,18,0.7777777777777778
5002,13,1,2,0,0,16,0.8125
5003,12,0,2,0,0,14,0.8571428571428571
5004,14,0,3,0,0,17,0.8235294117647058
5005,13,1,2,0,0,16,0.8125
5006,13,1,2,0,0,16,0.8125
5007,13,1,2,0,0,16,0.8125
5008,13,0,3,0,0,16,0.8125
5009,13,1,3,0,0,17,0.7647058823529411
5010,14,1,2,0,0,17,0.8235294117647058
5011,14,1,2,0,0,17,0.8235294117647058
5012,14,1,3,0,0,18,0.7777777777777778
5013,13,1,2,0,0,16,0.8125
5014,13,1,3,0,0,17,0.7647058823529411
5015,13,1,3,0,0,17,0.7647058823529411
5016,15,1,2,0,0,18,0.8333333333333334
5017,12,0,2,0,0,14,0.8571428571428571
5018,13,1,2,0,0,16,0.8125
5019,13,1,2,0,0,16,0.8125
5020,14,1,2,0,0,17,0.8235294117647058
5021,13,0,3,0,0,16,0.8125
5022,14,1,3,0,0,18,0.7777777777777778
5023,13,1,3,0,0,17,0.7647058823529411
5024,13,1,2,0,0,16,0.8125
5025,13,0,2,0,0,15,0.8666666666666667
5026,15,0,2,0,0,17,0.8823529411764706
5027,13,1,3,0,0,17,0.7647058823529411
5028,13,0,2,0,0,15,0.8666666666666667
5029,14,1,2,0,0,17,0.8235294117647058
5030,14,1,2,0,0,17,0.8235294117647058
5031,12,1,2,0,0,15,0.8
5032,13,1,3,0,0,17,0.7647058823529411
5033,14,1,2,0,0,17,0.8235294117647058
5034,14,1,3,0,0,18,0.7777777777777778
5035,13,1,2,0,0,16,0.8125
5036,13,1,2,0,0,16,0.8125
5037,12,1,3,0,0,16,0.75
5038,13,1,3,0,0,17,0.7647058823529411
5039,14,2,3,0,0,19,0.7368421052631579
5040,13,0,3,0,0,16,0.8125
5041,13,1,3,0,0,17,0.7647058823529411
5042,12,1,2,0,0,15,0.8
5043,13,1,3,0,0,17,0.7647058823529411
5044,13,1,2,0,0,16,0.8125
5045,13,1,2,0,0,16,0.8125
5046,13,1,2,0,0,16,0.8125
5047,11,1,3,0,0,15,0.7333333333333333
5048,11,1,3,0,0,15,0.7333333333333333
5049,13,1,3,0,0,17,0.7647058823529411
5050,13,1,2,0,0,16,0.8125
5051,11,1,3,0,0,15,0.7333333333333333
5052,11,1,3,0,0,15,0.7333333333333333
5053,12,0,2,0,0,14,0.8571428571428571
5054,13,1,2,0,0,16,0.8125
5055,13,1,2,0,0,16,0.8125
5056,12,2,3,0,0,17,0.7058823529411765
5057,10,2,4,0,0,16,0.625
5058,13,1,3,0,0,17,0.7647058823529411
5059,12,2,2,0,0,16,0.75
5060,13,1,2,0,0,16,0.8125
5061,11,1,2,0,0,14,0.7857142857142857
5062,13,2,2,0,0,17,0.7647058823529411
5063,15,2,2,0,0,19,0.7894736842105263
5064,12,1,3,0,0,16,0.75
5065,12,1,3,0,0,16,0.75
5066,14,2,2,0,0,18,0.7777777777777778
5067,13,2,2,0,0,17,0.7647058823529411
5068,11,3,2,0,0,16,0.6875
5069,13,1,4,0,0,18,0.7222222222222222
5070,11,1,2,0,0,14,0.7857142857142857
5071,12,1,3,0,0,16,0.75
5072,11,1,3,0,0,15,0.7333333333333333
5073,11,0,3,0,0,14,0.7857142857142857
5074,13,3,2,0,0,18,0.7222222222222222
5075,13,2,2,0,0,17,0.7647058823529411
5076,12,2,2,0,0,16,0.75
5077,13,2,3,0,0,18,0.7222222222222222
5078,12,3,2,0,0,17,0.7058823529411765
5079,14,3,3,0,0,20,0.7
5080,12,2,3,0,0,17,0.7058823529411765
5081,13,2,2,0,0,17,0.7647058823529411
5082,14,2,3,0,0,19,0.7368421052631579
5083,16,2,3,0,0,21,0.7619047619047619
5084,14,2,2,0,0,18,0.7777777777777778
5085,15,2,3,0,0,20,0.75
5086,12,2,2,0,0,16,0.75
5087,13,3,3,0,0,19,0.6842105263157895
5088,16,2,3,0,0,21,0.7619047619047619
5089,14,2,3,0,0,19,0.7368421052631579
5090,12,2,2,0,0,16,0.75
5091,12,2,2,0,0,16,0.75
5092,14,2,2,0,0,18,0.7777777777777778
5093,14,2,3,0,0,19,0.7368421052631579
5094,13,2,2,0,0,17,0.7647058823529411
5095,14,2,2,0,0,18,0.7777777777777778
5096,13,0,2,0,0,15,0.8666666666666667
5097,13,0,2,0,0,15,0.8666666666666667
5098,13,1,2,0,0,16,0.8125
5099,10,2,2,0,0,14,0.7142857142857143
5100,15,2,2,0,0,19,0.7894736842105263
5101,15,2,2,0,0,19,0.7894736842105263
5102,14,2,2,0,0,18,0.7777777777777778
5103,12,2,2,0,0,16,0.75
5104,14,2,3,0,0,19,0.7368421052631579
5105,15,2,3,0,0,20,0.75
5106,12,2,2,0,0,16,0.75
5107,12,1,3,0,0,16,0.75
5108,14,1,2,0,0,17,0.8235294117647058
5109,13,0,2,0,0,15,0.8666666666666667
5110,14,0,3,0,0,17,0.8235294117647058
5111,13,0,2,0,0,15,0.8666666666666667
5112,14,0,2,0,0,16,0.875
5113,13,0,4,0,0,17,0.7647058823529411
5114,14,0,3,0,0,17,0.8235294117647058
5115,14,0,3,0,0,17,0.8235294117647058
5116,13,0,4,0,0,17,0.7647058823529411
5117,13,0,4,0,0,17,0.7647058823529411
5118,13,1,3,0,0,17,0.7647058823529411
5119,13,0,3,0,0,16,0.8125
5120,13,1,3,0,0,17,0.7647058823529411
5121,13,1,3,0,0,17,0.7647058823529411
5122,13,2,3,0,0,18,0.7222222222222222
5123,13,1,4,0,0,18,0.7222222222222222
5124,13,1,2,0,0,16,0.8125
5125,13,1,2,0,0,16,0.8125
5126,13,0,3,0,0,16,0.8125
5127,14,1,3,0,0,18,0.7777777777777778
5128,13,1,3,0,0,17,0.7647058823529411
5129,12,0,3,0,0,15,0.8
5130,13,1,3,0,0,17,0.7647058823529411
5131,12,0,3,0,0,15,0.8
5132,13,1,3,0,0,17,0.7647058823529411
5133,13,1,3,0,0,17,0.7647058823529411
5134,14,1,3,0,0,18,0.7777777777777778
5135,13,1,3,0,0,17,0.7647058823529411
5136,14,1,2,0,0,17,0.8235294117647058
5137,14,1,2,0,0,17,0.8235294117647058
5138,13,2,3,0,0,18,0.7222222222222222
5139,13,1,2,0,0,16,0.8125
5140,13,1,3,0,0,17,0.7647058823529411
5141,13,0,3,0,0,16,0.8125
5142,13,1,3,0,0,17,0.7647058823529411
5143,14,1,2,0,0,17,0.8235294117647058
5144,15,3,3,0,0,21,0.7142857142857143
5145,12,3,3,0,0,18,0.6666666666666666
5146,13,1,2,0,0,16,0.8125
5147,13,0,3,0,0,16,0.8125
5148,13,1,2,0,0,16,0.8125
5149,13,1,3,0,0,17,0.7647058823529411
5150,13,1,3,0,0,17,0.7647058823529411
5151,13,1,4,0,0,18,0.7222222222222222
5152,13,1,2,0,0,16,0.8125
5153,14,1,2,0,0,17,0.8235294117647058
5154,13,0,3,0,0,16,0.8125
5155,13,0,3,0,0,16,0.8125
5156,14,1,3,0,0,18,0.7777777777777778
5157,14,2,2,0,0,18,0.7777777777777778
5158,15,2,2,0,0,19,0.7894736842105263
5159,15,2,2,0,0,19,0.7894736842105263
5160,13,2,3,0,0,18,0.7222222222222222
5161,14,2,3,0,0,19,0.7368421052631579
5162,9,2,3,0,0,14,0.6428571428571429
5163,13,2,2,0,0,17,0.7647058823529411
5164,13,2,3,0,0,18,0.7222222222222222
5165,13,2,3,0,0,18,0.7222222222222222
5166,14,2,4,0,0,20,0.7
5167,12,2,3,0,0,17,0.7058823529411765
5168,15,2,3,0,0,20,0.75
5169,15,2,2,0,0,19,0.7894736842105263
5170,12,2,4,0,0,18,0.6666666666666666
5171,15,2,2,0,0,19,0.7894736842105263
5172,16,2,2,0,0,20,0.8
5173,15,2,2,0,0,19,0.7894736842105263
5174,16,2,2,0,0,20,0.8
5175,15,3,3,0,0,21,0.7142857142857143
5176,11,2,4,0,0,17,0.6470588235294118
5177,14,2,3,0,0,19,0.7368421052631579
5178,16,3,3,0,0,22,0.7272727272727273
5179,17,3,3,0,0,23,0.7391304347826086
5180,16,2,3,0,0,21,0.7619047619047619
5181,17,3,3,0,0,23,0.7391304347826086
5182,15,2,3,0,0,20,0.75
5183,15,2,3,0,0,20,0.75
5184,17,2,3,0,0,22,0.7727272727272727
5185,17,2,3,0,0,22,0.7727272727272727
5186,17,3,3,0,0,23,0.7391304347826086
5187,15,2,3,0,0,20,0.75
5188,17,2,3,0,0,22,0.7727272727272727
5189,15,2,3,0,0,20,0.75
5190,17,2,3,0,0,22,0.7727272727272727
5191,15,2,3,0,0,20,0.75
5192,15,2,3,0,0,20,0.75
5193,14,3,3,0,0,20,0.7
5194,16,2,3,0,0,21,0.7619047619047619
5195,16,3,3,0,0,22,0.7272727272727273
5196,13,2,3,0,0,18,0.7222222222222222
5197,16,2,3,0,0,21,0.7619047619047619
5198,15,2,3,0,0,20,0.75
5199,14,2,2,0,0,18,0.7777777777777778
5200,12,2,3,0,0,17,0.7058823529411765
5201,13,2,3,0,0,18,0.7222222222222222
5202,17,2,3,0,0,22,0.7727272727272727
5203,15,2,2,0,0,19,0.7894736842105263
5204,17,2,3,0,0,22,0.7727272727272727
5205,14,2,3,0,0,19,0.7368421052631579
5206,14,2,3,0,0,19,0.7368421052631579
5207,17,2,3,0,0,22,0.7727272727272727
5208,14,2,3,0,0,19,0.7368421052631579
5209,16,2,3,0,0,21,0.7619047619047619
5210,17,3,3,0,0,23,0.7391304347826086
5211,16,2,3,0,0,21,0.7619047619047619
5212,15,2,3,0,0,20,0.75
5213,16,2,3,0,0,21,0.7619047619047619
5214,15,2,3,0,0,20,0.75
5215,17,2,3,0,0,22,0.7727272727272727
5216,17,2,3,0,0,22,0.7727272727272727
5217,14,2,2,0,0,18,0.7777777777777778
5218,17,2,3,0,0,22,0.7727272727272727
5219,14,2,3,0,0,19,0.7368421052631579
5220,16,2,2,0,0,20,0.8
5221,15,2,3,0,0,20,0.75
5222,15,2,2,0,0,19,0.7894736842105263
5223,17,2,3,0,0,22,0.7727272727272727
5224,17,2,3,0,0,22,0.7727272727272727
5225,17,2,2,0,0,21,0.8095238095238095
5226,16,2,4,0,0,22,0.7272727272727273
5227,15,2,3,0,0,20,0.75
5228,16,2,3,0,0,21,0.7619047619047619
5229,16,2,3,0,0,21,0.7619047619047619
5230,17,2,3,0,0,22,0.7727272727272727
5231,15,3,3,0,0,21,0.7142857142857143
5232,16,2,3,0,0,21,0.7619047619047619
5233,15,2,3,0,0,20,0.75
5234,15,2,3,0,0,20,0.75
5235,15,2,3,0,0,20,0.75
5236,15,2,3,0,0,20,0.75
5237,13,2,2,0,0,17,0.7647058823529411
5238,16,2,3,0,0,21,0.7619047619047619
5239,12,2,2,0,0,16,0.75
5240,15,2,3,0,0,20,0.75
5241,17,2,3,0,0,22,0.7727272727272727
5242,16,2,3,0,0,21,0.7619047619047619
5243,16,2,3,0,0,21,0.7619047619047619
5244,18,2,3,0,0,23,0.782608695652174
5245,16,2,3,0,0,21,0.7619047619047619
5246,16,3,3,0,0,22,0.7272727272727273
5247,15,2,3,0,0,20,0.75
5248,13,2,3,0,0,18,0.7222222222222222
5249,14,2,3,0,0,19,0.7368421052631579
5250,12,2,2,0,0,16,0.75
5251,15,2,2,0,0,19,0.7894736842105263
5252,14,2,3,0,0,19,0.7368421052631579
5253,15,2,3,0,0,20,0.75
5254,14,2,2,0,0,18,0.7777777777777778
5255,13,2,3,0,0,18,0.7222222222222222
5256,13,2,3,0,0,18,0.7222222222222222
5257,14,3,3,0,0,20,0.7
5258,15,2,3,0,0,20,0.75
5259,14,2,3,0,0,19,0.7368421052631579
5260,13,2,3,0,0,18,0.7222222222222222
5261,14,2,3,0,0,19,0.7368421052631579
5262,13,3,2,0,0,18,0.7222222222222222
5263,14,2,3,0,0,19,0.7368421052631579
5264,12,3,3,0,0,18,0.6666666666666666
5265,14,2,3,0,0,19,0.7368421052631579
5266,15,2,3,0,0,20,0.75
5267,14,2,3,0,0,19,0.7368421052631579
5268,14,2,3,0,0,19,0.7368421052631579
5269,14,3,3,0,0,20,0.7
5270,15,2,3,0,0,20,0.75
5271,15,2,3,0,0,20,0.75
5272,14,2,3,0,0,19,0.7368421052631579
5273,15,2,2,0,0,19,0.7894736842105263
5274,14,3,2,0,0,19,0.7368421052631579
5275,18,3,3,0,0,24,0.75
5276,16,3,2,0,0,21,0.7619047619047619
5277,15,2,3,0,0,20,0.75
5278,14,2,3,0,0,19,0.7368421052631579
5279,14,3,3,0,0,20,0.7
5280,15,2,3,0,0,20,0.75
5281,16,3,3,0,0,22,0.7272727272727273
5282,14,3,3,0,0,20,0.7
5283,15,2,2,0,0,19,0.7894736842105263
5284,13,2,2,0,0,17,0.7647058823529411
5285,13,2,3,0,0,18,0.7222222222222222
5286,15,3,3,0,0,21,0.7142857142857143
5287,13,2,2,0,0,17,0.7647058823529411
5288,15,2,3,0,0,20,0.75
5289,15,3,3,0,0,21,0.7142857142857143
5290,14,3,3,0,0,20,0.7
5291,14,3,3,0,0,20,0.7
5292,14,2,3,0,0,19,0.7368421052631579
5293,14,3,3,0,0,20,0.7
5294,16,3,3,0,0,22,0.7272727272727273
5295,15,2,3,0,0,20,0.75
5296,15,3,3,0,0,21,0.7142857142857143
5297,13,3,4,0,0,20,0.65
5298,15,2,3,0,0,20,0.75
5299,11,1,3,0,0,15,0.7333333333333333
5300,13,2,3,0,0,18,0.7222222222222222
5301,13,2,3,0,0,18,0.7222222222222222
5302,15,3,3,0,0,21,0.7142857142857143
5303,17,2,3,0,0,22,0.7727272727272727
5304,14,2,3,0,0,19,0.7368421052631579
5305,11,2,3,0,0,16,0.6875
5306,14,2,3,0,0,19,0.7368421052631579
5307,16,2,3,0,0,21,0.7619047619047619
5308,13,2,3,0,0,18,0.7222222222222222
5309,15,2,3,0,0,20,0.75
5310,13,2,3,0,0,18,0.7222222222222222
5311,13,1,3,0,0,17,0.7647058823529411
5312,13,1,4,0,0,18,0.7222222222222222
5313,12,1,3,0,0,16,0.75
5314,15,0,3,0,0,18,0.8333333333333334
5315,14,0,3,0,0,17,0.8235294117647058
5316,14,0,4,0,0,18,0.7777777777777778
5317,14,0,2,0,0,16,0.875
5318,14,0,4,0,0,18,0.7777777777777778
5319,12,0,3,0,0,15,0.8
5320,16,0,3,0,0,19,0.8421052631578947
5321,15,0,3,0,0,18,0.8333333333333334
5322,15,0,4,0,0,19,0.7894736842105263
5323,15,0,4,0,0,19,0.7894736842105263
5324,16,0,3,0,0,19,0.8421052631578947
5325,17,0,3,0,0,20,0.85
5326,15,0,3,0,0,18,0.8333333333333334
5327,14,0,3,0,0,17,0.8235294117647058
5328,15,0,4,0,0,19,0.7894736842105263
5329,14,0,4,0,0,18,0.7777777777777778
5330,14,0,4,0,0,18,0.7777777777777778
5331,15,0,3,0,0,18,0.8333333333333334
5332,15,1,4,0,0,20,0.75
5333,14,0,4,0,0,18,0.7777777777777778
5334,17,0,4,0,0,21,0.8095238095238095
5335,16,0,4,0,0,20,0.8
5336,15,0,3,0,0,18,0.8333333333333334
5337,15,2,3,0,0,20,0.75
5338,16,2,3,0,0,21,0.7619047619047619
5339,13,2,3,0,0,18,0.7222222222222222
5340,15,3,3,0,0,21,0.7142857142857143
5341,15,2,3,0,0,20,0.75
5342,17,2,3,0,0,22,0.7727272727272727
5343,16,2,3,0,0,21,0.7619047619047619
5344,15,2,3,0,0,20,0.75
5345,15,0,3,0,0,18,0.8333333333333334
5346,15,2,3,0,0,20,0.75
5347,15,2,3,0,0,20,0.75
5348,14,2,3,0,0,19,0.7368421052631579
5349,15,2,3,0,0,20,0.75
5350,14,2,3,0,0,19,0.7368421052631579
5351,15,2,3,0,0,20,0.75
5352,17,2,3,0,0,22,0.7727272727272727
5353,15,2,3,0,0,20,0.75
5354,13,2,4,0,0,19,0.6842105263157895
5355,15,2,3,0,0,20,0.75
5356,15,2,3,0,0,20,0.75
5357,14,2,3,0,0,19,0.7368421052631579
5358,15,3,3,0,0,21,0.7142857142857143
5359,16,2,3,0,0,21,0.7619047619047619
5360,16,2,3,0,0,21,0.7619047619047619
5361,18,2,3,0,0,23,0.782608695652174
5362,17,2,3,0,0,22,0.7727272727272727
5363,15,2,3,0,0,20,0.75
5364,16,2,4,0,0,22,0.7272727272727273
5365,17,2,3,0,0,22,0.7727272727272727
5366,16,2,3,0,0,21,0.7619047619047619
5367,17,2,3,0,0,22,0.7727272727272727
5368,13,2,3,0,0,18,0.7222222222222222
5369,14,2,3,0,0,19,0.7368421052631579
5370,13,2,3,0,0,18,0.7222222222222222
5371,16,2,3,0,0,21,0.7619047619047619
5372,17,2,4,0,0,23,0.7391304347826086
5373,16,2,3,0,0,21,0.7619047619047619
5374,17,2,3,0,0,22,0.7727272727272727
5375,16,2,3,0,0,21,0.7619047619047619
5376,14,2,3,0,0,19,0.7368421052631579
5377,14,2,3,0,0,19,0.7368421052631579
5378,14,2,3,0,0,19,0.7368421052631579
5379,17,2,3,0,0,22,0.7727272727272727
5380,15,2,3,0,0,20,0.75
5381,16,3,3,0,0,22,0.7272727272727273
5382,14,3,3,0,0,20,0.7
5383,16,2,3,0,0,21,0.7619047619047619
5384,17,2,3,0,0,22,0.7727272727272727
5385,12,2,3,0,0,17,0.7058823529411765
5386,16,2,3,0,0,21,0.7619047619047619
5387,14,2,3,0,0,19,0.7368421052631579
5388,13,2,4,0,0,19,0.6842105263157895
5389,16,2,3,0,0,21,0.7619047619047619
5390,15,2,3,0,0,20,0.75
5391,14,2,3,0,0,19,0.7368421052631579
5392,17,3,3,0,0,23,0.7391304347826086
5393,16,2,3,0,0,21,0.7619047619047619
5394,17,3,3,0,0,23,0.7391304347826086
5395,18,2,3,0,0,23,0.782608695652174
5396,16,2,3,0,0,21,0.7619047619047619
5397,16,2,3,0,0,21,0.7619047619047619
5398,16,2,3,0,0,21,0.7619047619047619
5399,15,2,3,0,0,20,0.75
5400,17,3,3,0,0,23,0.7391304347826086
5401,15,2,3,0,0,20,0.75
5402,17,2,3,0,0,22,0.7727272727272727
5403,17,2,3,0,0,22,0.7727272727272727
5404,16,3,3,0,0,22,0.7272727272727273
5405,17,2,3,0,0,22,0.7727272727272727
5406,15,3,3,0,0,21,0.7142857142857143
5407,16,3,3,0,0,22,0.7272727272727273
5408,16,2,3,0,0,21,0.7619047619047619
5409,15,2,3,0,0,20,0.75
5410,15,2,3,0,0,20,0.75
5411,16,2,3,0,0,21,0.7619047619047619
5412,15,1,3,0,0,19,0.7894736842105263
5413,16,2,3,0,0,21,0.7619047619047619
5414,15,2,2,0,0,19,0.7894736842105263
5415,14,2,3,0,0,19,0.7368421052631579
5416,16,3,4,0,0,23,0.6956521739130435
5417,13,2,3,0,0,18,0.7222222222222222
5418,14,2,4,0,0,20,0.7
5419,18,2,3,0,0,23,0.782608695652174
5420,15,2,3,0,0,20,0.75
5421,15,2,3,0,0,20,0.75
5422,15,2,3,0,0,20,0.75
5423,14,2,4,0,0,20,0.7
5424,14,2,3,0,0,19,0.7368421052631579
5425,15,2,3,0,0,20,0.75
5426,15,2,3,0,0,20,0.75
5427,15,2,3,0,0,20,0.75
5428,13,2,4,0,0,19,0.6842105263157895
5429,15,2,3,0,0,20,0.75
5430,15,2,3,0,0,20,0.75
5431,17,2,3,0,0,22,0.7727272727272727
5432,17,2,3,0,0,22,0.7727272727272727
5433,16,2,3,0,0,21,0.7619047619047619
5434,16,2,3,0,0,21,0.7619047619047619
5435,15,2,3,0,0,20,0.75
5436,13,2,4,0,0,19,0.6842105263157895
5437,15,3,4,0,0,22,0.6818181818181818
5438,17,2,4,0,0,23,0.7391304347826086
5439,13,2,3,0,0,18,0.7222222222222222
5440,17,2,3,0,0,22,0.7727272727272727
5441,17,2,3,0,0,22,0.7727272727272727
5442,14,2,3,0,0,19,0.7368421052631579
5443,14,2,4,0,0,20,0.7
5444,15,2,4,0,0,21,0.7142857142857143
5445,12,2,3,0,0,17,0.7058823529411765
5446,15,2,3,0,0,20,0.75
5447,16,2,3,0,0,21,0.7619047619047619
5448,13,2,3,0,0,18,0.7222222222222222
5449,15,2,3,0,0,20,0.75
5450,14,2,4,0,0,20,0.7
5451,16,2,4,0,0,22,0.7272727272727273
5452,15,2,3,0,0,20,0.75
5453,15,2,4,0,0,21,0.7142857142857143
5454,17,1,3,0,0,21,0.8095238095238095
5455,15,1,3,0,0,19,0.7894736842105263
5456,14,2,3,0,0,19,0.7368421052631579
5457,16,2,3,0,0,21,0.7619047619047619
5458,16,2,3,0,0,21,0.7619047619047619
5459,17,2,3,0,0,22,0.7727272727272727
5460,16,2,3,0,0,21,0.7619047619047619
5461,16,2,3,0,0,21,0.7619047619047619
5462,16,2,3,0,0,21,0.7619047619047619
5463,13,2,3,0,0,18,0.7222222222222222
5464,17,2,3,0,0,22,0.7727272727272727
5465,13,2,3,0,0,18,0.7222222222222222
5466,16,2,3,0,0,21,0.7619047619047619
5467,14,2,4,0,0,20,0.7
5468,17,2,3,0,0,22,0.7727272727272727
5469,14,2,3,0,0,19,0.7368421052631579
5470,15,2,3,0,0,20,0.75
5471,14,2,3,0,0,19,0.7368421052631579
5472,14,3,3,0,0,20,0.7
5473,16,2,3,0,0,21,0.7619047619047619
5474,15,2,3,0,0,20,0.75
5475,15,2,3,0,0,20,0.75
5476,14,2,3,0,0,19,0.7368421052631579
5477,15,2,3,0,0,20,0.75
5478,13,2,3,0,0,18,0.7222222222222222
5479,14,2,3,0,0,19,0.7368421052631579
5480,14,2,4,0,0,20,0.7
5481,15,2,3,0,0,20,0.75
5482,15,2,3,0,0,20,0.75
5483,13,2,3,0,0,18,0.7222222222222222
5484,16,2,3,0,0,21,0.7619047619047619
5485,16,2,3,0,0,21,0.7619047619047619
5486,15,2,3,0,0,20,0.75
5487,16,2,3,0,0,21,0.7619047619047619
5488,16,2,3,0,0,21,0.7619047619047619
5489,16,2,3,0,0,21,0.7619047619047619
5490,14,2,3,0,0,19,0.7368421052631579
5491,16,2,3,0,0,21,0.7619047619047619
5492,15,2,3,0,0,20,0.75
5493,14,3,3,0,0,20,0.7
5494,16,2,3,0,0,21,0.7619047619047619
5495,14,2,3,0,0,19,0.7368421052631579
5496,12,2,3,0,0,17,0.7058823529411765
5497,15,2,3,0,0,20,0.75
5498,16,2,3,0,0,21,0.7619047619047619
5499,13,2,3,0,0,18,0.7222222222222222
5500,16,3,3,0,0,22,0.7272727272727273
5501,15,2,3,0,0,20,0.75
5502,15,2,3,0,0,20,0.75
5503,16,2,3,0,0,21,0.7619047619047619
5504,16,2,2,0,0,20,0.8
5505,14,2,3,0,0,19,0.7368421052631579
5506,16,2,3,0,0,21,0.7619047619047619
5507,15,2,3,0,0,20,0.75
5508,15,2,3,0,0,20,0.75
5509,14,2,3,0,0,19,0.7368421052631579
5510,15,2,3,0,0,20,0.75
5511,17,2,3,0,0,22,0.7727272727272727
5512,18,3,3,0,0,24,0.75
5513,15,2,3,0,0,20,0.75
5514,15,2,2,0,0,19,0.7894736842105263
5515,17,2,3,0,0,22,0.7727272727272727
5516,18,2,3,0,0,23,0.782608695652174
5517,17,2,3,0,0,22,0.7727272727272727
5518,16,2,3,0,0,21,0.7619047619047619
5519,16,2,3,0,0,21,0.7619047619047619
5520,15,2,3,0,0,20,0.75
5521,15,2,3,0,0,20,0.75
5522,17,3,3,0,0,23,0.7391304347826086
5523,16,2,3,0,0,21,0.7619047619047619
5524,17,2,3,0,0,22,0.7727272727272727
5525,17,2,3,0,0,22,0.7727272727272727
5526,17,2,3,0,0,22,0.7727272727272727
5527,15,3,3,0,0,21,0.7142857142857143
5528,17,2,3,0,0,22,0.7727272727272727
5529,15,2,2,0,0,19,0.7894736842105263
5530,16,2,2,0,0,20,0.8
5531,16,2,3,0,0,21,0.7619047619047619
5532,16,2,3,0,0,21,0.7619047619047619
5533,15,2,2,0,0,19,0.7894736842105263
5534,16,2,2,0,0,20,0.8
5535,16,2,2,0,0,20,0.8
5536,13,2,2,0,0,17,0.7647058823529411
5537,17,2,2,0,0,21,0.8095238095238095
5538,15,2,2,0,0,19,0.7894736842105263
5539,15,2,3,0,0,20,0.75
5540,16,2,2,0,0,20,0.8
5541,15,2,2,0,0,19,0.7894736842105263
5542,16,2,3,0,0,21,0.7619047619047619
5543,15,2,2,0,0,19,0.7894736842105263
5544,17,2,3,0,0,22,0.7727272727272727
5545,15,2,2,0,0,19,0.7894736842105263
5546,16,2,2,0,0,20,0.8
5547,15,2,2,0,0,19,0.7894736842105263
5548,15,2,2,0,0,19,0.7894736842105263
5549,16,2,2,0,0,20,0.8
5550,16,2,2,0,0,20,0.8
5551,16,3,2,0,0,21,0.7619047619047619
5552,15,2,2,0,0,19,0.7894736842105263
5553,14,2,2,0,0,18,0.7777777777777778
5554,15,2,2,0,0,19,0.7894736842105263
5555,13,2,2,0,0,17,0.7647058823529411
5556,17,2,2,0,0,21,0.8095238095238095
5557,16,2,2,0,0,20,0.8
5558,16,2,2,0,0,20,0.8
5559,14,2,2,0,0,18,0.7777777777777778
5560,13,2,2,0,0,17,0.7647058823529411
5561,15,2,2,0,0,19,0.7894736842105263
5562,17,2,3,0,0,22,0.7727272727272727
5563,16,2,2,0,0,20,0.8
5564,16,2,2,0,0,20,0.8
5565,16,2,2,0,0,20,0.8
5566,16,2,2,0,0,20,0.8
5567,16,2,2,0,0,20,0.8
5568,16,2,3,0,0,21,0.7619047619047619
5569,17,2,2,0,0,21,0.8095238095238095
5570,16,2,3,0,0,21,0.7619047619047619
5571,16,2,2,0,0,20,0.8
5572,16,2,2,0,0,20,0.8
5573,17,2,2,0,0,21,0.8095238095238095
5574,16,2,2,0,0,20,0.8
5575,15,2,3,0,0,20,0.75
5576,17,2,3,0,0,22,0.7727272727272727
5577,16,2,3,0,0,21,0.7619047619047619
5578,15,2,3,0,0,20,0.75
5579,18,2,3,0,0,23,0.782608695652174
5580,16,2,3,0,0,21,0.7619047619047619
5581,16,2,3,0,0,21,0.7619047619047619
5582,15,2,3,0,0,20,0.75
5583,18,2,3,0,0,23,0.782608695652174
5584,17,2,3,0,0,22,0.7727272727272727
5585,16,2,3,0,0,21,0.7619047619047619
5586,17,2,3,0,0,22,0.7727272727272727
5587,17,2,3,0,0,22,0.7727272727272727
5588,17,2,3,0,0,22,0.7727272727272727
5589,16,2,3,0,0,21,0.7619047619047619
5590,17,2,3,0,0,22,0.7727272727272727
5591,16,3,3,0,0,22,0.7272727272727273
5592,18,3,3,0,0,24,0.75
5593,17,2,3,0,0,22,0.7727272727272727
5594,16,2,3,0,0,21,0.7619047619047619
5595,16,2,3,0,0,21,0.7619047619047619
5596,16,2,2,0,0,20,0.8
5597,17,2,2,0,0,21,0.8095238095238095
5598,17,2,3,0,0,22,0.7727272727272727
5599,17,2,3,0,0,22,0.7727272727272727
