frame,n_hydrophobic,n_polar,n_pos_charged,n_neg_charged,n_other,n_total,frac_hydrophobic
0,14,1,2,2,0,19,0.7368421052631579
1,14,1,2,2,0,19,0.7368421052631579
2,14,1,2,2,0,19,0.7368421052631579
3,15,1,2,2,0,20,0.75
4,13,1,2,2,0,18,0.7222222222222222
5,15,1,2,2,0,20,0.75
6,14,1,2,2,0,19,0.7368421052631579
7,12,1,2,2,0,17,0.7058823529411765
8,15,1,2,2,0,20,0.75
9,11,1,2,2,0,16,0.6875
10,15,2,2,2,0,21,0.7142857142857143
11,14,1,2,2,0,19,0.7368421052631579
12,13,1,2,2,0,18,0.7222222222222222
13,15,1,2,2,0,20,0.75
14,14,2,2,2,0,20,0.7
15,14,1,2,2,0,19,0.7368421052631579
16,15,1,2,2,0,20,0.75
17,15,1,2,2,0,20,0.75
18,14,1,2,2,0,19,0.7368421052631579
19,12,1,2,2,0,17,0.7058823529411765
20,12,1,2,2,0,17,0.7058823529411765
21,13,1,2,2,0,18,0.7222222222222222
22,15,1,2,2,0,20,0.75
23,12,1,2,2,0,17,0.7058823529411765
24,14,1,2,2,0,19,0.7368421052631579
25,12,1,2,2,0,17,0.7058823529411765
26,11,1,2,2,0,16,0.6875
27,11,2,2,2,0,17,0.6470588235294118
28,15,1,2,2,0,20,0.75
29,15,1,2,2,0,20,0.75
30,17,1,2,2,0,22,0.7727272727272727
31,12,1,2,2,0,17,0.7058823529411765
32,13,1,2,2,0,18,0.7222222222222222
33,12,1,2,2,0,17,0.7058823529411765
34,15,1,2,2,0,20,0.75
35,15,1,2,2,0,20,0.75
36,16,1,2,2,0,21,0.7619047619047619
37,14,1,2,2,0,19,0.7368421052631579
38,15,1,2,2,0,20,0.75
39,15,1,2,2,0,20,0.75
40,16,1,2,2,0,21,0.7619047619047619
41,11,1,2,2,0,16,0.6875
42,13,1,2,2,0,18,0.7222222222222222
43,13,1,2,2,0,18,0.7222222222222222
44,14,1,2,2,0,19,0.7368421052631579
45,15,1,2,2,0,20,0.75
46,15,1,2,2,0,20,0.75
47,12,1,2,2,0,17,0.7058823529411765
48,14,1,2,2,0,19,0.7368421052631579
49,15,1,2,2,0,20,0.75
50,16,1,2,2,0,21,0.7619047619047619
51,17,1,2,1,0,21,0.8095238095238095
52,15,1,2,2,0,20,0.75
53,17,1,2,2,0,22,0.7727272727272727
54,13,1,2,2,0,18,0.7222222222222222
55,15,2,2,2,0,21,0.7142857142857143
56,16,1,2,2,0,21,0.7619047619047619
57,13,1,2,2,0,18,0.7222222222222222
58,12,1,2,2,0,17,0.7058823529411765
59,12,1,2,2,0,17,0.7058823529411765
60,13,1,2,2,0,18,0.7222222222222222
61,13,1,2,2,0,18,0.7222222222222222
62,12,1,2,2,0,17,0.7058823529411765
63,12,1,2,2,0,17,0.7058823529411765
64,12,1,2,2,0,17,0.7058823529411765
65,11,1,3,2,0,17,0.6470588235294118
66,13,1,2,2,0,18,0.7222222222222222
67,13,1,2,2,0,18,0.7222222222222222
68,13,1,2,2,0,18,0.7222222222222222
69,12,1,2,2,0,17,0.7058823529411765
70,12,1,2,2,0,17,0.7058823529411765
71,12,1,2,2,0,17,0.7058823529411765
72,13,1,2,2,0,18,0.7222222222222222
73,14,1,2,2,0,19,0.7368421052631579
74,14,2,2,2,0,20,0.7
75,12,1,3,2,0,18,0.6666666666666666
76,14,1,2,2,0,19,0.7368421052631579
77,14,1,2,2,0,19,0.7368421052631579
78,13,1,2,2,0,18,0.7222222222222222
79,13,1,2,2,0,18,0.7222222222222222
80,14,1,2,2,0,19,0.7368421052631579
81,13,1,2,2,0,18,0.7222222222222222
82,13,1,2,2,0,18,0.7222222222222222
83,12,1,2,2,0,17,0.7058823529411765
84,14,1,2,1,0,18,0.7777777777777778
85,14,1,2,2,0,19,0.7368421052631579
86,14,1,2,2,0,19,0.7368421052631579
87,14,0,2,2,0,18,0.7777777777777778
88,15,0,2,2,0,19,0.7894736842105263
89,16,0,2,2,0,20,0.8
90,13,0,2,2,0,17,0.7647058823529411
91,14,0,2,2,0,18,0.7777777777777778
92,14,0,2,2,0,18,0.7777777777777778
93,13,1,1,2,0,17,0.7647058823529411
94,11,1,2,2,0,16,0.6875
95,12,1,2,1,0,16,0.75
96,15,1,2,2,0,20,0.75
97,12,1,2,2,0,17,0.7058823529411765
98,15,1,2,2,0,20,0.75
99,13,1,2,2,0,18,0.7222222222222222
100,14,1,2,2,0,19,0.7368421052631579
101,15,1,2,2,0,20,0.75
102,14,1,2,2,0,19,0.7368421052631579
103,12,1,2,2,0,17,0.7058823529411765
104,14,1,2,2,0,19,0.7368421052631579
105,12,0,2,2,0,16,0.75
106,13,0,2,2,0,17,0.7647058823529411
107,14,0,2,2,0,18,0.7777777777777778
108,13,0,2,2,0,17,0.7647058823529411
109,16,0,2,2,0,20,0.8
110,13,0,2,2,0,17,0.7647058823529411
111,12,0,2,2,0,16,0.75
112,14,0,2,2,0,18,0.7777777777777778
113,13,0,2,2,0,17,0.7647058823529411
114,11,0,2,2,0,15,0.7333333333333333
115,14,0,2,2,0,18,0.7777777777777778
116,15,0,2,2,0,19,0.7894736842105263
117,12,0,2,2,0,16,0.75
118,13,0,2,2,0,17,0.7647058823529411
119,13,0,2,2,0,17,0.7647058823529411
120,15,0,2,2,0,19,0.7894736842105263
121,15,0,2,2,0,19,0.7894736842105263
122,13,0,2,2,0,17,0.7647058823529411
123,14,0,2,2,0,18,0.7777777777777778
124,15,0,2,2,0,19,0.7894736842105263
125,15,0,2,2,0,19,0.7894736842105263
126,16,0,2,2,0,20,0.8
127,14,0,2,2,0,18,0.7777777777777778
128,16,0,2,2,0,20,0.8
129,14,0,2,2,0,18,0.7777777777777778
130,14,0,2,2,0,18,0.7777777777777778
131,15,0,2,2,0,19,0.7894736842105263
132,12,0,2,2,0,16,0.75
133,16,0,2,2,0,20,0.8
134,13,0,2,2,0,17,0.7647058823529411
135,15,0,2,2,0,19,0.7894736842105263
136,14,0,2,2,0,18,0.7777777777777778
137,13,0,2,2,0,17,0.7647058823529411
138,14,0,2,2,0,18,0.7777777777777778
139,15,0,2,2,0,19,0.7894736842105263
140,15,0,2,2,0,19,0.7894736842105263
141,15,0,2,2,0,19,0.7894736842105263
142,14,1,2,2,0,19,0.7368421052631579
143,12,0,2,2,0,16,0.75
144,16,0,2,2,0,20,0.8
145,15,0,2,2,0,19,0.7894736842105263
146,13,0,2,2,0,17,0.7647058823529411
147,14,0,2,2,0,18,0.7777777777777778
148,13,0,2,2,0,17,0.7647058823529411
149,12,0,2,2,0,16,0.75
150,14,0,2,2,0,18,0.7777777777777778
151,13,0,2,2,0,17,0.7647058823529411
152,15,0,2,2,0,19,0.7894736842105263
153,13,0,2,2,0,17,0.7647058823529411
154,15,0,2,2,0,19,0.7894736842105263
155,13,1,2,2,0,18,0.7222222222222222
156,13,1,2,2,0,18,0.7222222222222222
157,15,1,2,2,0,20,0.75
158,15,1,2,2,0,20,0.75
159,13,1,2,2,0,18,0.7222222222222222
160,16,1,2,2,0,21,0.7619047619047619
161,12,1,2,2,0,17,0.7058823529411765
162,12,1,2,2,0,17,0.7058823529411765
163,13,1,2,2,0,18,0.7222222222222222
164,15,1,2,2,0,20,0.75
165,13,1,2,2,0,18,0.7222222222222222
166,13,1,2,2,0,18,0.7222222222222222
167,13,1,2,2,0,18,0.7222222222222222
168,14,1,2,2,0,19,0.7368421052631579
169,14,1,2,2,0,19,0.7368421052631579
170,13,1,2,2,0,18,0.7222222222222222
171,16,1,2,2,0,21,0.7619047619047619
172,13,1,2,2,0,18,0.7222222222222222
173,15,1,2,2,0,20,0.75
174,13,1,2,3,0,19,0.6842105263157895
175,15,1,2,2,0,20,0.75
176,16,1,2,2,0,21,0.7619047619047619
177,15,1,2,2,0,20,0.75
178,15,1,2,2,0,20,0.75
179,14,1,2,2,0,19,0.7368421052631579
180,14,1,2,2,0,19,0.7368421052631579
181,14,1,2,2,0,19,0.7368421052631579
182,12,1,2,2,0,17,0.7058823529411765
183,13,2,2,2,0,19,0.6842105263157895
184,14,1,2,2,0,19,0.7368421052631579
185,14,1,2,2,0,19,0.7368421052631579
186,14,1,2,2,0,19,0.7368421052631579
187,14,1,2,2,0,19,0.7368421052631579
188,15,1,2,2,0,20,0.75
189,13,1,2,2,0,18,0.7222222222222222
190,14,1,2,2,0,19,0.7368421052631579
191,13,1,2,2,0,18,0.7222222222222222
192,14,2,2,3,0,21,0.6666666666666666
193,12,1,2,2,0,17,0.7058823529411765
194,14,1,2,2,0,19,0.7368421052631579
195,13,1,2,2,0,18,0.7222222222222222
196,13,1,2,2,0,18,0.7222222222222222
197,15,1,2,2,0,20,0.75
198,13,1,2,2,0,18,0.7222222222222222
199,14,1,2,2,0,19,0.7368421052631579
200,14,1,2,2,0,19,0.7368421052631579
201,14,1,2,2,0,19,0.7368421052631579
202,13,1,2,2,0,18,0.7222222222222222
203,12,1,2,2,0,17,0.7058823529411765
204,15,1,2,2,0,20,0.75
205,15,1,2,2,0,20,0.75
206,15,1,2,2,0,20,0.75
207,15,1,2,2,0,20,0.75
208,15,1,2,2,0,20,0.75
209,14,2,2,2,0,20,0.7
210,13,1,2,2,0,18,0.7222222222222222
211,14,1,2,2,0,19,0.7368421052631579
212,13,1,2,2,0,18,0.7222222222222222
213,14,1,2,2,0,19,0.7368421052631579
214,15,1,2,2,0,20,0.75
215,14,1,2,2,0,19,0.7368421052631579
216,15,1,2,2,0,20,0.75
217,16,1,2,2,0,21,0.7619047619047619
218,14,3,2,2,0,21,0.6666666666666666
219,16,1,2,2,0,21,0.7619047619047619
220,15,3,2,2,0,22,0.6818181818181818
221,14,2,2,2,0,20,0.7
222,16,2,2,2,0,22,0.7272727272727273
223,14,2,2,2,0,20,0.7
224,14,3,2,2,0,21,0.6666666666666666
225,15,2,2,2,0,21,0.7142857142857143
226,14,3,2,2,0,21,0.6666666666666666
227,15,3,2,2,0,22,0.6818181818181818
228,15,3,2,2,0,22,0.6818181818181818
229,14,3,2,2,0,21,0.6666666666666666
230,15,3,2,2,0,22,0.6818181818181818
231,14,3,2,2,0,21,0.6666666666666666
232,13,3,2,2,0,20,0.65
233,15,3,2,2,0,22,0.6818181818181818
234,12,3,2,2,0,19,0.631578947368421
235,13,3,2,2,0,20,0.65
236,14,3,2,2,0,21,0.6666666666666666
237,14,2,2,2,0,20,0.7
238,14,2,2,2,0,20,0.7
239,15,2,2,2,0,21,0.7142857142857143
240,13,2,2,2,0,19,0.6842105263157895
241,15,3,2,2,0,22,0.6818181818181818
242,14,3,2,1,0,20,0.7
243,13,2,2,2,0,19,0.6842105263157895
244,12,2,2,2,0,18,0.6666666666666666
245,13,2,2,2,0,19,0.6842105263157895
246,13,3,2,3,0,21,0.6190476190476191
247,14,2,2,2,0,20,0.7
248,14,1,2,2,0,19,0.7368421052631579
249,11,1,2,2,0,16,0.6875
250,13,2,2,2,0,19,0.6842105263157895
251,14,1,2,1,0,18,0.7777777777777778
252,12,2,2,2,0,18,0.6666666666666666
253,14,1,2,2,0,19,0.7368421052631579
254,16,1,2,2,0,21,0.7619047619047619
255,13,1,2,2,0,18,0.7222222222222222
256,14,2,2,2,0,20,0.7
257,12,1,2,2,0,17,0.7058823529411765
258,13,1,2,2,0,18,0.7222222222222222
259,14,1,2,3,0,20,0.7
260,14,1,2,2,0,19,0.7368421052631579
261,15,1,2,2,0,20,0.75
262,16,1,2,3,0,22,0.7272727272727273
263,14,1,2,3,0,20,0.7
264,12,1,2,2,0,17,0.7058823529411765
265,14,1,2,2,0,19,0.7368421052631579
266,13,1,2,3,0,19,0.6842105263157895
267,15,1,2,3,0,21,0.7142857142857143
268,14,1,2,3,0,20,0.7
269,14,1,2,2,0,19,0.7368421052631579
270,15,1,2,3,0,21,0.7142857142857143
271,14,1,2,2,0,19,0.7368421052631579
272,12,2,2,2,0,18,0.6666666666666666
273,13,2,2,3,0,20,0.65
274,14,1,2,1,0,18,0.7777777777777778
275,13,1,2,2,0,18,0.7222222222222222
276,15,1,2,3,0,21,0.7142857142857143
277,14,2,2,2,0,20,0.7
278,13,1,2,2,0,18,0.7222222222222222
279,14,1,2,2,0,19,0.7368421052631579
280,14,1,2,1,0,18,0.7777777777777778
281,13,1,2,3,0,19,0.6842105263157895
282,12,1,2,3,0,18,0.6666666666666666
283,13,1,2,3,0,19,0.6842105263157895
284,15,1,2,3,0,21,0.7142857142857143
285,14,2,2,2,0,20,0.7
286,15,1,2,3,0,21,0.7142857142857143
287,15,1,2,2,0,20,0.75
288,15,2,2,3,0,22,0.6818181818181818
289,13,3,2,2,0,20,0.65
290,15,1,2,3,0,21,0.7142857142857143
291,14,2,2,3,0,21,0.6666666666666666
292,12,2,2,2,0,18,0.6666666666666666
293,14,3,2,2,0,21,0.6666666666666666
294,14,3,2,2,0,21,0.6666666666666666
295,14,2,2,3,0,21,0.6666666666666666
296,14,2,2,1,0,19,0.7368421052631579
297,14,3,2,1,0,20,0.7
298,15,2,2,1,0,20,0.75
299,13,3,2,2,0,20,0.65
300,16,1,2,2,0,21,0.7619047619047619
301,14,3,2,2,0,21,0.6666666666666666
302,14,2,2,2,0,20,0.7
303,14,3,2,1,0,20,0.7
304,13,1,2,2,0,18,0.7222222222222222
305,14,2,2,2,0,20,0.7
306,14,3,2,2,0,21,0.6666666666666666
307,14,1,2,2,0,19,0.7368421052631579
308,14,2,2,2,0,20,0.7
309,13,1,2,1,0,17,0.7647058823529411
310,12,1,2,2,0,17,0.7058823529411765
311,15,2,2,1,0,20,0.75
312,14,2,2,2,0,20,0.7
313,15,2,2,2,0,21,0.7142857142857143
314,12,1,2,2,0,17,0.7058823529411765
315,14,1,2,2,0,19,0.7368421052631579
316,11,3,2,2,0,18,0.6111111111111112
317,14,2,2,2,0,20,0.7
318,12,2,2,2,0,18,0.6666666666666666
319,14,1,2,2,0,19,0.7368421052631579
320,12,2,2,2,0,18,0.6666666666666666
321,14,2,2,2,0,20,0.7
322,13,3,2,3,0,21,0.6190476190476191
323,11,2,2,2,0,17,0.6470588235294118
324,14,2,2,2,0,20,0.7
325,13,2,2,2,0,19,0.6842105263157895
326,14,2,2,2,0,20,0.7
327,14,2,2,2,0,20,0.7
328,12,2,2,1,0,17,0.7058823529411765
329,14,3,2,2,0,21,0.6666666666666666
330,13,2,2,2,0,19,0.6842105263157895
331,13,2,2,1,0,18,0.7222222222222222
332,13,2,2,2,0,19,0.6842105263157895
333,14,0,2,1,0,17,0.8235294117647058
334,11,2,2,1,0,16,0.6875
335,13,2,2,2,0,19,0.6842105263157895
336,13,2,2,2,0,19,0.6842105263157895
337,14,3,2,2,0,21,0.6666666666666666
338,14,2,2,2,0,20,0.7
339,14,1,2,2,0,19,0.7368421052631579
340,14,3,2,1,0,20,0.7
341,12,3,2,2,0,19,0.631578947368421
342,11,2,2,3,0,18,0.6111111111111112
343,14,2,2,2,0,20,0.7
344,15,2,2,2,0,21,0.7142857142857143
345,14,2,2,1,0,19,0.7368421052631579
346,12,2,2,1,0,17,0.7058823529411765
347,12,3,2,1,0,18,0.6666666666666666
348,14,3,2,3,0,22,0.6363636363636364
349,12,2,2,2,0,18,0.6666666666666666
350,14,2,2,2,0,20,0.7
351,14,2,2,2,0,20,0.7
352,13,2,2,1,0,18,0.7222222222222222
353,13,3,2,2,0,20,0.65
354,14,1,2,1,0,18,0.7777777777777778
355,13,2,2,2,0,19,0.6842105263157895
356,14,2,2,2,0,20,0.7
357,14,3,2,2,0,21,0.6666666666666666
358,12,2,2,2,0,18,0.6666666666666666
359,13,3,2,2,0,20,0.65
360,13,2,2,2,0,19,0.6842105263157895
361,13,1,2,1,0,17,0.7647058823529411
362,13,3,2,1,0,19,0.6842105263157895
363,14,1,2,1,0,18,0.7777777777777778
364,12,3,2,3,0,20,0.6
365,12,2,2,2,0,18,0.6666666666666666
366,11,1,2,2,0,16,0.6875
367,14,3,2,2,0,21,0.6666666666666666
368,12,3,2,2,0,19,0.631578947368421
369,12,3,2,2,0,19,0.631578947368421
370,14,1,2,2,0,19,0.7368421052631579
371,14,2,2,1,0,19,0.7368421052631579
372,14,2,2,2,0,20,0.7
373,13,2,2,2,0,19,0.6842105263157895
374,14,3,2,2,0,21,0.6666666666666666
375,13,3,2,2,0,20,0.65
376,12,1,2,2,0,17,0.7058823529411765
377,13,3,2,2,0,20,0.65
378,14,2,2,2,0,20,0.7
379,14,3,2,2,0,21,0.6666666666666666
380,14,3,2,1,0,20,0.7
381,14,3,2,2,0,21,0.6666666666666666
382,15,3,2,2,0,22,0.6818181818181818
383,14,2,2,2,0,20,0.7
384,13,1,2,1,0,17,0.7647058823529411
385,15,1,2,1,0,19,0.7894736842105263
386,12,2,2,1,0,17,0.7058823529411765
387,14,1,2,1,0,18,0.7777777777777778
388,16,3,2,1,0,22,0.7272727272727273
389,10,1,2,2,0,15,0.6666666666666666
390,11,2,2,1,0,16,0.6875
391,15,3,2,2,0,22,0.6818181818181818
392,12,3,2,1,0,18,0.6666666666666666
393,13,2,2,2,0,19,0.6842105263157895
394,12,1,2,2,0,17,0.7058823529411765
395,13,2,2,3,0,20,0.65
396,14,1,2,2,0,19,0.7368421052631579
397,13,3,2,1,0,19,0.6842105263157895
398,13,3,2,2,0,20,0.65
399,13,1,2,2,0,18,0.7222222222222222
400,14,3,2,3,0,22,0.6363636363636364
401,15,2,2,2,0,21,0.7142857142857143
402,13,2,2,1,0,18,0.7222222222222222
403,13,2,2,2,0,19,0.6842105263157895
404,14,3,2,2,0,21,0.6666666666666666
405,15,3,2,2,0,22,0.6818181818181818
406,13,3,2,2,0,20,0.65
407,12,1,2,3,0,18,0.6666666666666666
408,15,3,2,2,0,22,0.6818181818181818
409,12,2,2,2,0,18,0.6666666666666666
410,14,3,2,2,0,21,0.6666666666666666
411,16,2,2,2,0,22,0.7272727272727273
412,12,3,2,3,0,20,0.6
413,13,3,2,2,0,20,0.65
414,14,2,2,3,0,21,0.6666666666666666
415,13,2,2,3,0,20,0.65
416,14,2,2,3,0,21,0.6666666666666666
417,13,3,2,3,0,21,0.6190476190476191
418,16,2,2,2,0,22,0.7272727272727273
419,15,3,2,2,0,22,0.6818181818181818
420,12,3,2,2,0,19,0.631578947368421
421,15,3,2,2,0,22,0.6818181818181818
422,14,3,2,3,0,22,0.6363636363636364
423,14,3,2,3,0,22,0.6363636363636364
424,13,1,2,2,0,18,0.7222222222222222
425,14,3,2,2,0,21,0.6666666666666666
426,13,1,2,2,0,18,0.7222222222222222
427,16,1,2,2,0,21,0.7619047619047619
428,17,2,2,2,0,23,0.7391304347826086
429,15,3,2,2,0,22,0.6818181818181818
430,17,3,2,2,0,24,0.7083333333333334
431,16,3,2,1,0,22,0.7272727272727273
432,16,3,2,2,0,23,0.6956521739130435
433,12,1,2,2,0,17,0.7058823529411765
434,14,1,2,2,0,19,0.7368421052631579
435,14,1,2,2,0,19,0.7368421052631579
436,14,3,2,3,0,22,0.6363636363636364
437,12,0,2,2,0,16,0.75
438,16,3,2,2,0,23,0.6956521739130435
439,13,2,2,2,0,19,0.6842105263157895
440,15,2,2,2,0,21,0.7142857142857143
441,11,1,2,2,0,16,0.6875
442,13,2,2,2,0,19,0.6842105263157895
443,14,3,2,1,0,20,0.7
444,13,2,2,2,0,19,0.6842105263157895
445,11,2,2,2,0,17,0.6470588235294118
446,13,2,2,1,0,18,0.7222222222222222
447,10,2,2,2,0,16,0.625
448,14,2,2,2,0,20,0.7
449,13,2,2,2,0,19,0.6842105263157895
450,12,1,2,2,0,17,0.7058823529411765
451,13,1,2,3,0,19,0.6842105263157895
452,13,2,2,1,0,18,0.7222222222222222
453,15,1,2,2,0,20,0.75
454,13,2,2,3,0,20,0.65
455,13,1,2,3,0,19,0.6842105263157895
456,14,1,2,2,0,19,0.7368421052631579
457,13,1,2,3,0,19,0.6842105263157895
458,12,2,2,2,0,18,0.6666666666666666
459,14,1,2,2,0,19,0.7368421052631579
460,13,1,2,2,0,18,0.7222222222222222
461,11,1,2,2,0,16,0.6875
462,15,1,2,2,0,20,0.75
463,12,1,2,2,0,17,0.7058823529411765
464,11,2,2,2,0,17,0.6470588235294118
465,12,1,2,2,0,17,0.7058823529411765
466,12,1,2,2,0,17,0.7058823529411765
467,12,1,2,2,0,17,0.7058823529411765
468,14,1,2,2,0,19,0.7368421052631579
469,14,1,2,2,0,19,0.7368421052631579
470,14,1,2,2,0,19,0.7368421052631579
471,14,1,2,2,0,19,0.7368421052631579
472,12,1,2,2,0,17,0.7058823529411765
473,14,1,2,2,0,19,0.7368421052631579
474,12,1,2,3,0,18,0.6666666666666666
475,14,1,2,2,0,19,0.7368421052631579
476,13,1,2,3,0,19,0.6842105263157895
477,11,1,2,2,0,16,0.6875
478,14,1,2,3,0,20,0.7
479,15,1,2,1,0,19,0.7894736842105263
480,14,1,2,1,0,18,0.7777777777777778
481,13,1,2,1,0,17,0.7647058823529411
482,13,1,2,2,0,18,0.7222222222222222
483,14,1,2,2,0,19,0.7368421052631579
484,16,1,2,2,0,21,0.7619047619047619
485,11,1,2,3,0,17,0.6470588235294118
486,12,1,2,2,0,17,0.7058823529411765
487,13,1,2,2,0,18,0.7222222222222222
488,13,1,2,2,0,18,0.7222222222222222
489,15,1,2,2,0,20,0.75
490,13,1,2,2,0,18,0.7222222222222222
491,10,1,2,2,0,15,0.6666666666666666
492,15,2,2,1,0,20,0.75
493,12,1,2,1,0,16,0.75
494,12,1,2,1,0,16,0.75
495,13,1,2,3,0,19,0.6842105263157895
496,14,1,2,1,0,18,0.7777777777777778
497,14,1,2,2,0,19,0.7368421052631579
498,14,2,2,2,0,20,0.7
499,13,1,2,3,0,19,0.6842105263157895
500,14,1,2,2,0,19,0.7368421052631579
501,14,2,2,2,0,20,0.7
502,15,1,2,2,0,20,0.75
503,12,1,2,2,0,17,0.7058823529411765
504,15,1,2,1,0,19,0.7894736842105263
505,12,1,2,1,0,16,0.75
506,15,1,2,2,0,20,0.75
507,15,1,2,1,0,19,0.7894736842105263
508,14,1,2,2,0,19,0.7368421052631579
509,13,1,2,2,0,18,0.7222222222222222
510,14,1,2,2,0,19,0.7368421052631579
511,13,1,2,2,0,18,0.7222222222222222
512,14,1,2,2,0,19,0.7368421052631579
513,14,2,2,1,0,19,0.7368421052631579
514,15,1,2,2,0,20,0.75
515,12,1,2,2,0,17,0.7058823529411765
516,14,1,2,2,0,19,0.7368421052631579
517,13,2,2,1,0,18,0.7222222222222222
518,13,2,2,2,0,19,0.6842105263157895
519,13,1,2,2,0,18,0.7222222222222222
520,12,1,2,2,0,17,0.7058823529411765
521,11,1,2,2,0,16,0.6875
522,14,2,2,2,0,20,0.7
523,11,1,2,2,0,16,0.6875
524,14,2,2,2,0,20,0.7
525,14,1,2,2,0,19,0.7368421052631579
526,14,1,2,1,0,18,0.7777777777777778
527,13,1,2,2,0,18,0.7222222222222222
528,13,1,2,2,0,18,0.7222222222222222
529,12,2,2,2,0,18,0.6666666666666666
530,13,3,2,3,0,21,0.6190476190476191
531,13,3,2,2,0,20,0.65
532,12,1,2,1,0,16,0.75
533,13,2,2,2,0,19,0.6842105263157895
534,12,1,2,2,0,17,0.7058823529411765
535,12,1,2,1,0,16,0.75
536,14,3,2,1,0,20,0.7
537,13,1,2,2,0,18,0.7222222222222222
538,15,2,2,1,0,20,0.75
539,13,2,2,2,0,19,0.6842105263157895
540,13,2,2,2,0,19,0.6842105263157895
541,12,2,2,2,0,18,0.6666666666666666
542,13,1,2,1,0,17,0.7647058823529411
543,15,3,2,2,0,22,0.6818181818181818
544,15,1,2,2,0,20,0.75
545,13,1,2,2,0,18,0.7222222222222222
546,15,2,2,2,0,21,0.7142857142857143
547,14,1,2,2,0,19,0.7368421052631579
548,15,1,2,2,0,20,0.75
549,13,1,2,1,0,17,0.7647058823529411
550,16,1,2,2,0,21,0.7619047619047619
551,15,1,2,2,0,20,0.75
552,14,1,2,2,0,19,0.7368421052631579
553,12,3,2,2,0,19,0.631578947368421
554,12,2,2,2,0,18,0.6666666666666666
555,13,2,2,2,0,19,0.6842105263157895
556,15,1,2,2,0,20,0.75
557,15,1,2,1,0,19,0.7894736842105263
558,14,1,2,2,0,19,0.7368421052631579
559,14,1,2,2,0,19,0.7368421052631579
560,14,1,2,2,0,19,0.7368421052631579
561,12,1,2,2,0,17,0.7058823529411765
562,14,1,2,2,0,19,0.7368421052631579
563,13,1,2,2,0,18,0.7222222222222222
564,15,1,2,2,0,20,0.75
565,12,1,2,2,0,17,0.7058823529411765
566,16,2,2,1,0,21,0.7619047619047619
567,15,1,2,2,0,20,0.75
568,15,1,2,1,0,19,0.7894736842105263
569,15,1,2,2,0,20,0.75
570,13,2,2,2,0,19,0.6842105263157895
571,15,2,2,2,0,21,0.7142857142857143
572,15,1,2,1,0,19,0.7894736842105263
573,14,1,2,2,0,19,0.7368421052631579
574,15,1,2,2,0,20,0.75
575,15,1,2,2,0,20,0.75
576,15,1,2,2,0,20,0.75
577,14,0,2,2,0,18,0.7777777777777778
578,14,1,2,1,0,18,0.7777777777777778
579,13,1,2,1,0,17,0.7647058823529411
580,15,1,2,2,0,20,0.75
581,15,1,2,1,0,19,0.7894736842105263
582,13,1,2,2,0,18,0.7222222222222222
583,13,1,2,3,0,19,0.6842105263157895
584,15,1,2,2,0,20,0.75
585,15,1,2,2,0,20,0.75
586,13,1,2,1,0,17,0.7647058823529411
587,12,1,2,1,0,16,0.75
588,13,1,2,2,0,18,0.7222222222222222
589,14,1,2,2,0,19,0.7368421052631579
590,14,1,2,2,0,19,0.7368421052631579
591,12,1,2,1,0,16,0.75
592,14,1,2,1,0,18,0.7777777777777778
593,15,1,2,2,0,20,0.75
594,14,1,2,2,0,19,0.7368421052631579
595,15,1,2,1,0,19,0.7894736842105263
596,12,1,2,2,0,17,0.7058823529411765
597,14,1,2,2,0,19,0.7368421052631579
598,15,1,2,2,0,20,0.75
599,15,1,2,2,0,20,0.75
600,14,1,2,2,0,19,0.7368421052631579
601,14,1,2,2,0,19,0.7368421052631579
602,16,1,2,2,0,21,0.7619047619047619
603,13,1,2,3,0,19,0.6842105263157895
604,16,1,2,2,0,21,0.7619047619047619
605,14,1,2,2,0,19,0.7368421052631579
606,16,1,2,2,0,21,0.7619047619047619
607,14,1,2,1,0,18,0.7777777777777778
608,15,1,2,2,0,20,0.75
609,15,1,2,1,0,19,0.7894736842105263
610,12,1,2,2,0,17,0.7058823529411765
611,13,1,2,2,0,18,0.7222222222222222
612,14,2,2,1,0,19,0.7368421052631579
613,14,1,2,1,0,18,0.7777777777777778
614,15,1,2,2,0,20,0.75
615,13,1,2,2,0,18,0.7222222222222222
616,12,1,2,2,0,17,0.7058823529411765
617,14,1,2,2,0,19,0.7368421052631579
618,11,1,2,2,0,16,0.6875
619,16,1,2,2,0,21,0.7619047619047619
620,13,1,2,2,0,18,0.7222222222222222
621,15,1,2,2,0,20,0.75
622,15,1,2,2,0,20,0.75
623,14,1,2,2,0,19,0.7368421052631579
624,14,2,2,2,0,20,0.7
625,16,1,2,2,0,21,0.7619047619047619
626,15,1,2,2,0,20,0.75
627,14,1,2,2,0,19,0.7368421052631579
628,13,1,2,3,0,19,0.6842105263157895
629,13,1,2,2,0,18,0.7222222222222222
630,13,1,2,2,0,18,0.7222222222222222
631,15,1,2,2,0,20,0.75
632,15,1,2,2,0,20,0.75
633,16,1,2,3,0,22,0.7272727272727273
634,15,1,2,2,0,20,0.75
635,14,1,2,2,0,19,0.7368421052631579
636,16,1,2,1,0,20,0.8
637,16,1,2,2,0,21,0.7619047619047619
638,14,1,2,2,0,19,0.7368421052631579
639,14,2,2,1,0,19,0.7368421052631579
640,16,1,2,3,0,22,0.7272727272727273
641,14,1,2,2,0,19,0.7368421052631579
642,14,1,2,3,0,20,0.7
643,14,2,2,1,0,19,0.7368421052631579
644,15,1,2,2,0,20,0.75
645,15,1,2,2,0,20,0.75
646,15,1,2,2,0,20,0.75
647,15,1,2,1,0,19,0.7894736842105263
648,15,1,2,2,0,20,0.75
649,13,1,2,2,0,18,0.7222222222222222
650,15,2,2,1,0,20,0.75
651,15,2,2,2,0,21,0.7142857142857143
652,14,1,2,2,0,19,0.7368421052631579
653,15,2,2,2,0,21,0.7142857142857143
654,15,1,2,2,0,20,0.75
655,15,1,2,2,0,20,0.75
656,13,1,2,2,0,18,0.7222222222222222
657,15,1,2,2,0,20,0.75
658,14,1,2,2,0,19,0.7368421052631579
659,14,1,2,1,0,18,0.7777777777777778
660,14,1,2,2,0,19,0.7368421052631579
661,12,1,2,3,0,18,0.6666666666666666
662,15,1,2,2,0,20,0.75
663,15,1,2,1,0,19,0.7894736842105263
664,14,1,2,2,0,19,0.7368421052631579
665,13,1,2,2,0,18,0.7222222222222222
666,14,1,2,1,0,18,0.7777777777777778
667,14,1,2,2,0,19,0.7368421052631579
668,14,1,2,2,0,19,0.7368421052631579
669,14,1,2,2,0,19,0.7368421052631579
670,16,1,2,2,0,21,0.7619047619047619
671,14,1,2,2,0,19,0.7368421052631579
672,14,1,2,1,0,18,0.7777777777777778
673,13,1,2,2,0,18,0.7222222222222222
674,13,1,2,1,0,17,0.7647058823529411
675,15,1,2,2,0,20,0.75
676,16,1,2,2,0,21,0.7619047619047619
677,15,1,2,2,0,20,0.75
678,13,1,2,1,0,17,0.7647058823529411
679,14,1,2,1,0,18,0.7777777777777778
680,13,1,2,2,0,18,0.7222222222222222
681,14,1,2,2,0,19,0.7368421052631579
682,17,1,2,2,0,22,0.7727272727272727
683,14,1,2,1,0,18,0.7777777777777778
684,12,1,2,2,0,17,0.7058823529411765
685,15,1,2,2,0,20,0.75
686,15,2,2,2,0,21,0.7142857142857143
687,15,1,2,2,0,20,0.75
688,16,1,2,2,0,21,0.7619047619047619
689,15,1,2,3,0,21,0.7142857142857143
690,16,1,2,2,0,21,0.7619047619047619
691,15,1,2,2,0,20,0.75
692,15,1,2,2,0,20,0.75
693,14,1,2,2,0,19,0.7368421052631579
694,13,1,2,2,0,18,0.7222222222222222
695,15,1,2,2,0,20,0.75
696,13,1,2,2,0,18,0.7222222222222222
697,16,1,2,2,0,21,0.7619047619047619
698,15,1,2,2,0,20,0.75
699,13,1,2,2,0,18,0.7222222222222222
700,14,1,2,2,0,19,0.7368421052631579
701,13,1,2,2,0,18,0.7222222222222222
702,12,1,2,2,0,17,0.7058823529411765
703,14,1,2,2,0,19,0.7368421052631579
704,14,1,2,2,0,19,0.7368421052631579
705,15,1,2,2,0,20,0.75
706,13,1,2,2,0,18,0.7222222222222222
707,12,1,2,2,0,17,0.7058823529411765
708,14,1,2,2,0,19,0.7368421052631579
709,14,1,2,2,0,19,0.7368421052631579
710,14,1,2,2,0,19,0.7368421052631579
711,15,1,2,2,0,20,0.75
712,14,1,2,2,0,19,0.7368421052631579
713,14,1,2,2,0,19,0.7368421052631579
714,13,1,2,2,0,18,0.7222222222222222
715,15,1,2,2,0,20,0.75
716,13,1,2,1,0,17,0.7647058823529411
717,15,1,2,2,0,20,0.75
718,16,1,2,2,0,21,0.7619047619047619
719,14,1,2,2,0,19,0.7368421052631579
720,15,1,2,2,0,20,0.75
721,13,1,2,2,0,18,0.7222222222222222
722,15,1,2,2,0,20,0.75
723,12,1,2,2,0,17,0.7058823529411765
724,12,1,1,2,0,16,0.75
725,13,1,2,2,0,18,0.7222222222222222
726,13,1,2,1,0,17,0.7647058823529411
727,16,1,2,2,0,21,0.7619047619047619
728,16,1,1,2,0,20,0.8
729,15,1,2,2,0,20,0.75
730,15,1,2,2,0,20,0.75
731,14,1,2,2,0,19,0.7368421052631579
732,15,1,2,2,0,20,0.75
733,13,1,2,2,0,18,0.7222222222222222
734,15,1,2,2,0,20,0.75
735,16,1,2,2,0,21,0.7619047619047619
736,12,1,2,2,0,17,0.7058823529411765
737,13,1,2,2,0,18,0.7222222222222222
738,15,1,2,2,0,20,0.75
739,15,1,2,2,0,20,0.75
740,13,1,2,2,0,18,0.7222222222222222
741,12,1,2,2,0,17,0.7058823529411765
742,14,1,2,2,0,19,0.7368421052631579
743,12,1,2,2,0,17,0.7058823529411765
744,15,1,2,2,0,20,0.75
745,14,1,2,2,0,19,0.7368421052631579
746,12,1,2,1,0,16,0.75
747,15,1,2,2,0,20,0.75
748,14,1,2,2,0,19,0.7368421052631579
749,14,1,2,2,0,19,0.7368421052631579
750,13,1,2,2,0,18,0.7222222222222222
751,14,1,2,2,0,19,0.7368421052631579
752,13,1,2,2,0,18,0.7222222222222222
753,14,1,2,2,0,19,0.7368421052631579
754,15,1,2,2,0,20,0.75
755,13,1,2,2,0,18,0.7222222222222222
756,15,1,2,2,0,20,0.75
757,14,0,2,2,0,18,0.7777777777777778
758,13,1,2,2,0,18,0.7222222222222222
759,12,1,2,2,0,17,0.7058823529411765
760,14,1,2,2,0,19,0.7368421052631579
761,13,1,2,2,0,18,0.7222222222222222
762,15,1,2,2,0,20,0.75
763,12,1,2,2,0,17,0.7058823529411765
764,13,1,2,2,0,18,0.7222222222222222
765,13,1,2,2,0,18,0.7222222222222222
766,11,1,2,2,0,16,0.6875
767,14,1,2,2,0,19,0.7368421052631579
768,15,1,2,2,0,20,0.75
769,14,1,2,2,0,19,0.7368421052631579
770,13,1,2,2,0,18,0.7222222222222222
771,16,1,2,2,0,21,0.7619047619047619
772,15,1,2,2,0,20,0.75
773,15,1,2,2,0,20,0.75
774,14,1,2,1,0,18,0.7777777777777778
775,15,1,2,2,0,20,0.75
776,15,1,2,2,0,20,0.75
777,15,1,2,2,0,20,0.75
778,13,1,2,2,0,18,0.7222222222222222
779,13,1,2,2,0,18,0.7222222222222222
780,12,1,2,2,0,17,0.7058823529411765
781,14,1,2,1,0,18,0.7777777777777778
782,13,1,2,1,0,17,0.7647058823529411
783,14,2,2,2,0,20,0.7
784,13,1,2,2,0,18,0.7222222222222222
785,14,2,2,2,0,20,0.7
786,13,2,2,3,0,20,0.65
787,14,1,2,2,0,19,0.7368421052631579
788,13,3,2,2,0,20,0.65
789,13,2,2,2,0,19,0.6842105263157895
790,13,3,2,2,0,20,0.65
791,14,2,2,2,0,20,0.7
792,15,2,2,1,0,20,0.75
793,11,2,2,2,0,17,0.6470588235294118
794,14,2,2,2,0,20,0.7
795,14,1,2,2,0,19,0.7368421052631579
796,12,1,2,2,0,17,0.7058823529411765
797,10,1,2,2,0,15,0.6666666666666666
798,14,2,2,2,0,20,0.7
799,14,1,2,2,0,19,0.7368421052631579
800,15,1,2,2,0,20,0.75
801,14,1,2,2,0,19,0.7368421052631579
802,15,1,2,2,0,20,0.75
803,13,1,2,2,0,18,0.7222222222222222
804,16,1,2,2,0,21,0.7619047619047619
805,14,1,2,2,0,19,0.7368421052631579
806,15,1,2,2,0,20,0.75
807,15,3,2,2,0,22,0.6818181818181818
808,13,3,2,2,0,20,0.65
809,14,1,2,2,0,19,0.7368421052631579
810,12,1,2,2,0,17,0.7058823529411765
811,12,1,2,2,0,17,0.7058823529411765
812,12,2,2,2,0,18,0.6666666666666666
813,16,2,2,2,0,22,0.7272727272727273
814,14,3,2,2,0,21,0.6666666666666666
815,12,2,2,2,0,18,0.6666666666666666
816,16,2,2,2,0,22,0.7272727272727273
817,13,2,2,2,0,19,0.6842105263157895
818,14,1,2,2,0,19,0.7368421052631579
819,15,1,2,2,0,20,0.75
820,12,3,2,2,0,19,0.631578947368421
821,13,1,2,2,0,18,0.7222222222222222
822,14,2,2,2,0,20,0.7
823,13,3,2,2,0,20,0.65
824,15,3,2,2,0,22,0.6818181818181818
825,15,3,2,2,0,22,0.6818181818181818
826,15,3,2,2,0,22,0.6818181818181818
827,15,3,2,2,0,22,0.6818181818181818
828,17,2,2,2,0,23,0.7391304347826086
829,14,2,2,2,0,20,0.7
830,16,3,2,2,0,23,0.6956521739130435
831,14,3,2,3,0,22,0.6363636363636364
832,16,3,2,2,0,23,0.6956521739130435
833,16,2,2,2,0,22,0.7272727272727273
834,14,3,2,2,0,21,0.6666666666666666
835,12,2,2,2,0,18,0.6666666666666666
836,14,3,2,2,0,21,0.6666666666666666
837,14,2,2,2,0,20,0.7
838,15,3,2,2,0,22,0.6818181818181818
839,14,3,2,2,0,21,0.6666666666666666
840,13,3,2,2,0,20,0.65
841,14,3,2,2,0,21,0.6666666666666666
842,16,3,2,2,0,23,0.6956521739130435
843,14,3,2,2,0,21,0.6666666666666666
844,15,2,2,2,0,21,0.7142857142857143
845,16,2,2,2,0,22,0.7272727272727273
846,14,2,2,2,0,20,0.7
847,16,2,2,2,0,22,0.7272727272727273
848,12,1,2,2,0,17,0.7058823529411765
849,12,2,2,2,0,18,0.6666666666666666
850,14,1,2,2,0,19,0.7368421052631579
851,13,1,2,2,0,18,0.7222222222222222
852,15,3,2,1,0,21,0.7142857142857143
853,13,2,2,1,0,18,0.7222222222222222
854,13,3,2,2,0,20,0.65
855,15,3,2,1,0,21,0.7142857142857143
856,14,2,2,2,0,20,0.7
857,16,2,2,2,0,22,0.7272727272727273
858,14,2,2,1,0,19,0.7368421052631579
859,13,1,2,2,0,18,0.7222222222222222
860,12,2,2,2,0,18,0.6666666666666666
861,14,1,2,2,0,19,0.7368421052631579
862,12,3,2,2,0,19,0.631578947368421
863,13,2,2,2,0,19,0.6842105263157895
864,14,3,2,1,0,20,0.7
865,12,2,2,1,0,17,0.7058823529411765
866,15,2,2,2,0,21,0.7142857142857143
867,13,3,2,2,0,20,0.65
868,16,2,2,2,0,22,0.7272727272727273
869,12,2,2,2,0,18,0.6666666666666666
870,12,1,2,2,0,17,0.7058823529411765
871,14,2,2,2,0,20,0.7
872,14,1,2,2,0,19,0.7368421052631579
873,15,1,2,2,0,20,0.75
874,13,3,2,2,0,20,0.65
875,13,1,2,2,0,18,0.7222222222222222
876,16,1,2,2,0,21,0.7619047619047619
877,15,1,2,2,0,20,0.75
878,15,1,2,2,0,20,0.75
879,14,1,2,2,0,19,0.7368421052631579
880,15,1,2,2,0,20,0.75
881,12,2,2,1,0,17,0.7058823529411765
882,14,1,2,2,0,19,0.7368421052631579
883,14,1,2,2,0,19,0.7368421052631579
884,13,2,2,2,0,19,0.6842105263157895
885,11,1,2,2,0,16,0.6875
886,13,1,2,2,0,18,0.7222222222222222
887,14,2,2,2,0,20,0.7
888,16,1,2,2,0,21,0.7619047619047619
889,14,1,2,2,0,19,0.7368421052631579
890,14,2,2,2,0,20,0.7
891,13,2,2,2,0,19,0.6842105263157895
892,14,2,2,2,0,20,0.7
893,14,2,2,2,0,20,0.7
894,11,2,2,2,0,17,0.6470588235294118
895,13,2,2,2,0,19,0.6842105263157895
896,13,2,2,2,0,19,0.6842105263157895
897,14,2,2,2,0,20,0.7
898,12,2,2,2,0,18,0.6666666666666666
899,10,1,2,2,0,15,0.6666666666666666
900,13,1,2,2,0,18,0.7222222222222222
901,14,1,2,2,0,19,0.7368421052631579
902,13,1,2,2,0,18,0.7222222222222222
903,14,2,2,2,0,20,0.7
904,14,1,2,2,0,19,0.7368421052631579
905,12,2,2,2,0,18,0.6666666666666666
906,13,1,2,2,0,18,0.7222222222222222
907,13,1,2,2,0,18,0.7222222222222222
908,12,1,2,2,0,17,0.7058823529411765
909,12,1,2,2,0,17,0.7058823529411765
910,13,1,2,2,0,18,0.7222222222222222
911,13,1,2,1,0,17,0.7647058823529411
912,11,1,2,2,0,16,0.6875
913,12,1,2,2,0,17,0.7058823529411765
914,12,1,2,2,0,17,0.7058823529411765
915,12,1,2,2,0,17,0.7058823529411765
916,13,1,2,2,0,18,0.7222222222222222
917,13,1,2,2,0,18,0.7222222222222222
918,13,1,2,2,0,18,0.7222222222222222
919,14,1,2,2,0,19,0.7368421052631579
920,12,1,2,2,0,17,0.7058823529411765
921,13,1,2,2,0,18,0.7222222222222222
922,15,1,2,2,0,20,0.75
923,13,1,2,2,0,18,0.7222222222222222
924,13,1,2,2,0,18,0.7222222222222222
925,14,1,2,2,0,19,0.7368421052631579
926,15,1,2,2,0,20,0.75
927,11,1,2,2,0,16,0.6875
928,14,1,2,2,0,19,0.7368421052631579
929,12,1,2,2,0,17,0.7058823529411765
930,15,1,2,2,0,20,0.75
931,14,1,2,2,0,19,0.7368421052631579
932,13,1,2,2,0,18,0.7222222222222222
933,14,1,2,2,0,19,0.7368421052631579
934,14,1,2,2,0,19,0.7368421052631579
935,15,1,2,2,0,20,0.75
936,14,1,2,2,0,19,0.7368421052631579
937,13,1,2,2,0,18,0.7222222222222222
938,13,1,2,2,0,18,0.7222222222222222
939,15,1,2,2,0,20,0.75
940,12,1,2,2,0,17,0.7058823529411765
941,12,0,2,2,0,16,0.75
942,15,1,2,2,0,20,0.75
943,14,0,2,2,0,18,0.7777777777777778
944,11,1,2,2,0,16,0.6875
945,15,1,2,2,0,20,0.75
946,13,1,2,2,0,18,0.7222222222222222
947,13,1,2,2,0,18,0.7222222222222222
948,13,1,2,2,0,18,0.7222222222222222
949,14,1,2,2,0,19,0.7368421052631579
950,15,1,2,2,0,20,0.75
951,13,1,2,2,0,18,0.7222222222222222
952,13,1,2,2,0,18,0.7222222222222222
953,13,2,2,2,0,19,0.6842105263157895
954,12,2,2,2,0,18,0.6666666666666666
955,14,1,2,2,0,19,0.7368421052631579
956,13,2,2,2,0,19,0.6842105263157895
957,14,1,2,2,0,19,0.7368421052631579
958,15,1,2,2,0,20,0.75
959,14,2,2,2,0,20,0.7
960,15,2,2,2,0,21,0.7142857142857143
961,14,1,2,2,0,19,0.7368421052631579
962,15,1,2,2,0,20,0.75
963,13,1,2,2,0,18,0.7222222222222222
964,15,2,2,2,0,21,0.7142857142857143
965,16,1,2,2,0,21,0.7619047619047619
966,14,1,2,2,0,19,0.7368421052631579
967,13,1,2,2,0,18,0.7222222222222222
968,13,1,2,1,0,17,0.7647058823529411
969,14,1,2,2,0,19,0.7368421052631579
970,13,1,2,2,0,18,0.7222222222222222
971,14,1,2,2,0,19,0.7368421052631579
972,14,1,2,2,0,19,0.7368421052631579
973,16,1,2,2,0,21,0.7619047619047619
974,15,2,2,2,0,21,0.7142857142857143
975,13,1,2,2,0,18,0.7222222222222222
976,15,1,2,2,0,20,0.75
977,13,2,2,2,0,19,0.6842105263157895
978,15,1,2,2,0,20,0.75
979,16,1,2,2,0,21,0.7619047619047619
980,15,1,2,2,0,20,0.75
981,16,1,2,2,0,21,0.7619047619047619
982,16,1,2,2,0,21,0.7619047619047619
983,12,1,2,2,0,17,0.7058823529411765
984,14,1,2,2,0,19,0.7368421052631579
985,14,2,2,2,0,20,0.7
986,14,1,2,2,0,19,0.7368421052631579
987,16,1,1,2,0,20,0.8
988,13,1,2,2,0,18,0.7222222222222222
989,13,1,2,2,0,18,0.7222222222222222
990,14,1,2,2,0,19,0.7368421052631579
991,13,1,2,2,0,18,0.7222222222222222
992,14,1,2,2,0,19,0.7368421052631579
993,14,1,2,2,0,19,0.7368421052631579
994,13,1,2,2,0,18,0.7222222222222222
995,16,1,2,2,0,21,0.7619047619047619
996,16,1,2,2,0,21,0.7619047619047619
997,14,1,2,2,0,19,0.7368421052631579
998,14,2,2,2,0,20,0.7
999,14,1,2,2,0,19,0.7368421052631579
1000,14,2,2,2,0,20,0.7
1001,16,1,2,2,0,21,0.7619047619047619
1002,12,1,2,2,0,17,0.7058823529411765
1003,15,1,2,2,0,20,0.75
1004,14,1,2,2,0,19,0.7368421052631579
1005,13,1,2,2,0,18,0.7222222222222222
1006,16,1,2,2,0,21,0.7619047619047619
1007,14,1,2,2,0,19,0.7368421052631579
1008,14,2,2,2,0,20,0.7
1009,15,1,2,2,0,20,0.75
1010,16,3,2,2,0,23,0.6956521739130435
1011,14,3,2,3,0,22,0.6363636363636364
1012,16,4,2,2,0,24,0.6666666666666666
1013,15,3,2,2,0,22,0.6818181818181818
1014,16,1,2,2,0,21,0.7619047619047619
1015,16,1,2,2,0,21,0.7619047619047619
1016,14,1,2,2,0,19,0.7368421052631579
1017,14,1,2,2,0,19,0.7368421052631579
1018,16,1,2,2,0,21,0.7619047619047619
1019,14,1,2,2,0,19,0.7368421052631579
1020,15,1,2,2,0,20,0.75
1021,16,1,2,2,0,21,0.7619047619047619
1022,16,1,2,2,0,21,0.7619047619047619
1023,16,1,2,2,0,21,0.7619047619047619
1024,17,1,2,2,0,22,0.7727272727272727
1025,16,2,2,2,0,22,0.7272727272727273
1026,13,1,2,2,0,18,0.7222222222222222
1027,16,1,2,2,0,21,0.7619047619047619
1028,14,1,2,2,0,19,0.7368421052631579
1029,16,2,2,2,0,22,0.7272727272727273
1030,15,1,2,2,0,20,0.75
1031,13,1,2,2,0,18,0.7222222222222222
1032,15,1,2,2,0,20,0.75
1033,14,2,2,2,0,20,0.7
1034,14,1,2,2,0,19,0.7368421052631579
1035,16,1,2,2,0,21,0.7619047619047619
1036,16,1,2,1,0,20,0.8
1037,17,1,2,2,0,22,0.7727272727272727
1038,14,1,2,2,0,19,0.7368421052631579
1039,15,2,2,2,0,21,0.7142857142857143
1040,14,1,2,2,0,19,0.7368421052631579
1041,15,1,2,2,0,20,0.75
1042,14,1,2,2,0,19,0.7368421052631579
1043,13,1,2,2,0,18,0.7222222222222222
1044,13,1,2,2,0,18,0.7222222222222222
1045,16,1,2,2,0,21,0.7619047619047619
1046,13,1,2,2,0,18,0.7222222222222222
1047,14,1,2,2,0,19,0.7368421052631579
1048,14,1,2,2,0,19,0.7368421052631579
1049,12,1,2,2,0,17,0.7058823529411765
1050,11,1,2,2,0,16,0.6875
1051,13,1,2,2,0,18,0.7222222222222222
1052,15,1,2,2,0,20,0.75
1053,14,1,2,2,0,19,0.7368421052631579
1054,13,1,2,2,0,18,0.7222222222222222
1055,15,1,2,2,0,20,0.75
1056,12,1,2,2,0,17,0.7058823529411765
1057,13,1,2,2,0,18,0.7222222222222222
1058,13,1,2,2,0,18,0.7222222222222222
1059,13,1,2,2,0,18,0.7222222222222222
1060,16,1,2,2,0,21,0.7619047619047619
1061,14,1,2,2,0,19,0.7368421052631579
1062,14,1,2,2,0,19,0.7368421052631579
1063,17,2,2,3,0,24,0.7083333333333334
1064,15,1,2,2,0,20,0.75
1065,15,1,2,2,0,20,0.75
1066,14,1,2,2,0,19,0.7368421052631579
1067,14,1,2,2,0,19,0.7368421052631579
1068,12,1,2,2,0,17,0.7058823529411765
1069,14,2,2,2,0,20,0.7
1070,15,2,2,2,0,21,0.7142857142857143
1071,16,3,2,2,0,23,0.6956521739130435
1072,14,2,2,3,0,21,0.6666666666666666
1073,16,2,2,2,0,22,0.7272727272727273
1074,14,2,2,2,0,20,0.7
1075,13,2,2,2,0,19,0.6842105263157895
1076,13,1,2,2,0,18,0.7222222222222222
1077,13,2,2,2,0,19,0.6842105263157895
1078,14,2,2,2,0,20,0.7
1079,14,2,2,3,0,21,0.6666666666666666
1080,14,3,2,3,0,22,0.6363636363636364
1081,16,2,2,2,0,22,0.7272727272727273
1082,14,1,2,2,0,19,0.7368421052631579
1083,13,1,2,2,0,18,0.7222222222222222
1084,12,2,2,3,0,19,0.631578947368421
1085,13,2,2,3,0,20,0.65
1086,14,1,2,2,0,19,0.7368421052631579
1087,15,3,2,2,0,22,0.6818181818181818
1088,11,3,2,2,0,18,0.6111111111111112
1089,13,1,2,3,0,19,0.6842105263157895
1090,14,3,2,3,0,22,0.6363636363636364
1091,14,3,2,3,0,22,0.6363636363636364
1092,14,2,2,2,0,20,0.7
1093,16,2,2,2,0,22,0.7272727272727273
1094,13,1,2,2,0,18,0.7222222222222222
1095,14,2,2,2,0,20,0.7
1096,15,4,2,2,0,23,0.6521739130434783
1097,13,2,2,2,0,19,0.6842105263157895
1098,15,2,2,2,0,21,0.7142857142857143
1099,13,0,2,2,0,17,0.7647058823529411
1100,15,3,2,1,0,21,0.7142857142857143
1101,14,2,2,2,0,20,0.7
1102,16,1,2,2,0,21,0.7619047619047619
1103,15,3,2,2,0,22,0.6818181818181818
1104,15,2,2,2,0,21,0.7142857142857143
1105,15,4,2,2,0,23,0.6521739130434783
1106,16,2,2,2,0,22,0.7272727272727273
1107,13,2,2,2,0,19,0.6842105263157895
1108,14,2,2,2,0,20,0.7
1109,14,1,2,2,0,19,0.7368421052631579
1110,13,2,2,2,0,19,0.6842105263157895
1111,14,2,2,3,0,21,0.6666666666666666
1112,14,2,2,2,0,20,0.7
1113,15,2,2,2,0,21,0.7142857142857143
1114,12,2,2,3,0,19,0.631578947368421
1115,15,1,2,2,0,20,0.75
1116,16,3,2,2,0,23,0.6956521739130435
1117,15,2,2,2,0,21,0.7142857142857143
1118,16,2,2,2,0,22,0.7272727272727273
1119,15,2,2,2,0,21,0.7142857142857143
1120,13,1,2,2,0,18,0.7222222222222222
1121,16,1,2,2,0,21,0.7619047619047619
1122,14,1,2,2,0,19,0.7368421052631579
1123,15,2,2,2,0,21,0.7142857142857143
1124,15,2,2,2,0,21,0.7142857142857143
1125,14,2,2,2,0,20,0.7
1126,13,2,2,2,0,19,0.6842105263157895
1127,16,1,2,2,0,21,0.7619047619047619
1128,16,2,2,2,0,22,0.7272727272727273
1129,16,1,2,2,0,21,0.7619047619047619
1130,13,2,2,2,0,19,0.6842105263157895
1131,16,2,2,2,0,22,0.7272727272727273
1132,14,1,2,2,0,19,0.7368421052631579
1133,12,1,2,2,0,17,0.7058823529411765
1134,13,1,2,2,0,18,0.7222222222222222
1135,15,2,2,2,0,21,0.7142857142857143
1136,14,2,2,2,0,20,0.7
1137,12,3,2,2,0,19,0.631578947368421
1138,12,2,2,2,0,18,0.6666666666666666
1139,13,1,2,2,0,18,0.7222222222222222
1140,13,0,2,2,0,17,0.7647058823529411
1141,17,1,2,2,0,22,0.7727272727272727
1142,15,1,2,1,0,19,0.7894736842105263
1143,16,1,2,2,0,21,0.7619047619047619
1144,16,1,2,2,0,21,0.7619047619047619
1145,14,1,2,2,0,19,0.7368421052631579
1146,14,2,2,2,0,20,0.7
1147,13,1,2,2,0,18,0.7222222222222222
1148,16,1,2,2,0,21,0.7619047619047619
1149,16,1,2,2,0,21,0.7619047619047619
1150,15,2,2,2,0,21,0.7142857142857143
1151,13,0,2,2,0,17,0.7647058823529411
1152,14,0,2,2,0,18,0.7777777777777778
1153,14,2,2,1,0,19,0.7368421052631579
1154,16,1,2,2,0,21,0.7619047619047619
1155,13,1,2,2,0,18,0.7222222222222222
1156,15,1,2,2,0,20,0.75
1157,15,2,2,2,0,21,0.7142857142857143
1158,15,1,2,2,0,20,0.75
1159,16,1,2,2,0,21,0.7619047619047619
1160,13,3,2,3,0,21,0.6190476190476191
1161,14,2,2,2,0,20,0.7
1162,15,1,2,2,0,20,0.75
1163,13,3,2,2,0,20,0.65
1164,15,2,2,2,0,21,0.7142857142857143
1165,14,2,2,2,0,20,0.7
1166,16,2,2,2,0,22,0.7272727272727273
1167,14,1,2,2,0,19,0.7368421052631579
1168,16,2,2,2,0,22,0.7272727272727273
1169,12,3,2,3,0,20,0.6
1170,14,1,2,2,0,19,0.7368421052631579
1171,16,1,2,2,0,21,0.7619047619047619
1172,13,1,2,2,0,18,0.7222222222222222
1173,12,0,2,2,0,16,0.75
1174,13,2,2,2,0,19,0.6842105263157895
1175,13,1,2,2,0,18,0.7222222222222222
1176,14,1,2,2,0,19,0.7368421052631579
1177,16,1,2,2,0,21,0.7619047619047619
1178,13,2,2,2,0,19,0.6842105263157895
1179,14,2,2,3,0,21,0.6666666666666666
1180,15,2,2,2,0,21,0.7142857142857143
1181,16,2,2,2,0,22,0.7272727272727273
1182,14,0,2,1,0,17,0.8235294117647058
1183,16,1,2,2,0,21,0.7619047619047619
1184,11,2,2,2,0,17,0.6470588235294118
1185,14,1,2,2,0,19,0.7368421052631579
1186,14,1,2,2,0,19,0.7368421052631579
1187,15,1,2,2,0,20,0.75
1188,14,2,2,2,0,20,0.7
1189,14,1,2,2,0,19,0.7368421052631579
1190,16,1,2,2,0,21,0.7619047619047619
1191,12,1,2,2,0,17,0.7058823529411765
1192,15,2,2,2,0,21,0.7142857142857143
1193,15,0,2,2,0,19,0.7894736842105263
1194,17,1,2,2,0,22,0.7727272727272727
1195,15,0,2,2,0,19,0.7894736842105263
1196,13,1,2,2,0,18,0.7222222222222222
1197,14,1,2,2,0,19,0.7368421052631579
1198,15,1,2,3,0,21,0.7142857142857143
1199,13,2,2,2,0,19,0.6842105263157895
1200,15,0,2,2,0,19,0.7894736842105263
1201,15,0,2,2,0,19,0.7894736842105263
1202,14,0,2,2,0,18,0.7777777777777778
1203,12,0,2,2,0,16,0.75
1204,16,1,2,2,0,21,0.7619047619047619
1205,17,1,2,1,0,21,0.8095238095238095
1206,16,1,2,2,0,21,0.7619047619047619
1207,11,0,2,2,0,15,0.7333333333333333
1208,14,0,2,2,0,18,0.7777777777777778
1209,15,0,2,2,0,19,0.7894736842105263
1210,14,0,2,2,0,18,0.7777777777777778
1211,12,1,2,2,0,17,0.7058823529411765
1212,15,1,2,2,0,20,0.75
1213,15,1,2,2,0,20,0.75
1214,15,1,2,2,0,20,0.75
1215,15,1,2,2,0,20,0.75
1216,15,1,2,2,0,20,0.75
1217,15,1,2,2,0,20,0.75
1218,15,2,2,2,0,21,0.7142857142857143
1219,16,2,2,2,0,22,0.7272727272727273
1220,12,2,2,2,0,18,0.6666666666666666
1221,15,0,2,2,0,19,0.7894736842105263
1222,15,0,2,2,0,19,0.7894736842105263
1223,15,1,2,2,0,20,0.75
1224,16,1,2,2,0,21,0.7619047619047619
1225,16,1,2,2,0,21,0.7619047619047619
1226,16,2,2,2,0,22,0.7272727272727273
1227,14,1,2,2,0,19,0.7368421052631579
1228,13,2,2,2,0,19,0.6842105263157895
1229,15,3,2,2,0,22,0.6818181818181818
1230,15,2,2,2,0,21,0.7142857142857143
1231,16,1,2,2,0,21,0.7619047619047619
1232,15,0,2,2,0,19,0.7894736842105263
1233,12,2,2,2,0,18,0.6666666666666666
1234,16,2,2,2,0,22,0.7272727272727273
1235,15,2,2,2,0,21,0.7142857142857143
1236,15,0,2,2,0,19,0.7894736842105263
1237,12,0,2,2,0,16,0.75
1238,15,1,2,2,0,20,0.75
1239,15,3,2,2,0,22,0.6818181818181818
1240,14,1,2,2,0,19,0.7368421052631579
1241,15,0,2,2,0,19,0.7894736842105263
1242,16,1,2,2,0,21,0.7619047619047619
1243,14,0,2,2,0,18,0.7777777777777778
1244,15,1,2,1,0,19,0.7894736842105263
1245,14,0,2,2,0,18,0.7777777777777778
1246,16,1,2,2,0,21,0.7619047619047619
1247,15,1,2,2,0,20,0.75
1248,14,1,2,2,0,19,0.7368421052631579
1249,15,1,2,3,0,21,0.7142857142857143
1250,15,0,2,2,0,19,0.7894736842105263
1251,16,2,2,2,0,22,0.7272727272727273
1252,15,0,2,2,0,19,0.7894736842105263
1253,14,0,2,2,0,18,0.7777777777777778
1254,13,0,2,2,0,17,0.7647058823529411
1255,13,2,2,2,0,19,0.6842105263157895
1256,14,1,2,2,0,19,0.7368421052631579
1257,14,1,2,1,0,18,0.7777777777777778
1258,14,2,2,3,0,21,0.6666666666666666
1259,16,1,2,2,0,21,0.7619047619047619
1260,14,1,2,2,0,19,0.7368421052631579
1261,14,1,2,2,0,19,0.7368421052631579
1262,15,1,2,3,0,21,0.7142857142857143
1263,16,1,2,3,0,22,0.7272727272727273
1264,16,1,2,2,0,21,0.7619047619047619
1265,12,2,2,3,0,19,0.631578947368421
1266,15,2,2,3,0,22,0.6818181818181818
1267,14,2,2,3,0,21,0.6666666666666666
1268,14,2,2,3,0,21,0.6666666666666666
1269,13,1,1,2,0,17,0.7647058823529411
1270,13,1,2,3,0,19,0.6842105263157895
1271,12,1,2,3,0,18,0.6666666666666666
1272,14,2,2,2,0,20,0.7
1273,15,2,2,3,0,22,0.6818181818181818
1274,14,0,2,2,0,18,0.7777777777777778
1275,15,2,2,2,0,21,0.7142857142857143
1276,15,0,2,4,0,21,0.7142857142857143
1277,16,2,2,2,0,22,0.7272727272727273
1278,15,1,2,2,0,20,0.75
1279,15,2,2,2,0,21,0.7142857142857143
1280,14,2,2,2,0,20,0.7
1281,15,2,1,2,0,20,0.75
1282,15,1,2,2,0,20,0.75
1283,16,1,2,2,0,21,0.7619047619047619
1284,15,2,2,2,0,21,0.7142857142857143
1285,14,1,2,2,0,19,0.7368421052631579
1286,14,2,2,2,0,20,0.7
1287,14,3,2,2,0,21,0.6666666666666666
1288,12,3,2,1,0,18,0.6666666666666666
1289,14,2,2,1,0,19,0.7368421052631579
1290,16,2,2,3,0,23,0.6956521739130435
1291,15,2,2,2,0,21,0.7142857142857143
1292,17,1,2,2,0,22,0.7727272727272727
1293,16,2,2,2,0,22,0.7272727272727273
1294,16,1,2,2,0,21,0.7619047619047619
1295,14,1,2,2,0,19,0.7368421052631579
1296,13,2,2,2,0,19,0.6842105263157895
1297,13,2,2,2,0,19,0.6842105263157895
1298,16,2,2,2,0,22,0.7272727272727273
1299,15,3,2,2,0,22,0.6818181818181818
1300,15,2,2,2,0,21,0.7142857142857143
1301,14,2,2,2,0,20,0.7
1302,16,2,2,2,0,22,0.7272727272727273
1303,14,2,2,2,0,20,0.7
1304,14,3,2,2,0,21,0.6666666666666666
1305,13,1,2,2,0,18,0.7222222222222222
1306,16,0,2,2,0,20,0.8
1307,15,0,2,2,0,19,0.7894736842105263
1308,15,0,2,2,0,19,0.7894736842105263
1309,15,0,2,2,0,19,0.7894736842105263
1310,15,0,2,2,0,19,0.7894736842105263
1311,13,4,2,2,0,21,0.6190476190476191
1312,15,1,2,2,0,20,0.75
1313,16,0,2,2,0,20,0.8
1314,14,1,2,2,0,19,0.7368421052631579
1315,15,0,2,2,0,19,0.7894736842105263
1316,16,1,2,2,0,21,0.7619047619047619
1317,17,0,2,2,0,21,0.8095238095238095
1318,16,0,2,2,0,20,0.8
1319,16,1,2,2,0,21,0.7619047619047619
1320,15,0,2,2,0,19,0.7894736842105263
1321,15,2,2,2,0,21,0.7142857142857143
1322,17,4,2,1,0,24,0.7083333333333334
1323,16,2,2,2,0,22,0.7272727272727273
1324,15,2,2,3,0,22,0.6818181818181818
1325,15,2,2,3,0,22,0.6818181818181818
1326,16,4,2,2,0,24,0.6666666666666666
1327,13,3,2,2,0,20,0.65
1328,12,2,2,2,0,18,0.6666666666666666
1329,15,4,2,2,0,23,0.6521739130434783
1330,15,4,2,3,0,24,0.625
1331,12,2,2,2,0,18,0.6666666666666666
1332,13,0,2,2,0,17,0.7647058823529411
1333,14,2,2,2,0,20,0.7
1334,15,2,2,2,0,21,0.7142857142857143
1335,15,1,2,2,0,20,0.75
1336,15,2,2,2,0,21,0.7142857142857143
1337,14,1,2,2,0,19,0.7368421052631579
1338,15,1,2,2,0,20,0.75
1339,14,3,2,2,0,21,0.6666666666666666
1340,14,2,2,2,0,20,0.7
1341,14,2,2,2,0,20,0.7
1342,14,1,2,2,0,19,0.7368421052631579
1343,14,0,2,2,0,18,0.7777777777777778
1344,13,0,2,2,0,17,0.7647058823529411
1345,14,3,2,2,0,21,0.6666666666666666
1346,16,2,2,2,0,22,0.7272727272727273
1347,15,1,2,2,0,20,0.75
1348,17,2,2,2,0,23,0.7391304347826086
1349,13,3,2,2,0,20,0.65
1350,12,1,2,2,0,17,0.7058823529411765
1351,15,3,2,2,0,22,0.6818181818181818
1352,13,2,2,2,0,19,0.6842105263157895
1353,14,2,2,2,0,20,0.7
1354,14,3,2,2,0,21,0.6666666666666666
1355,15,1,2,2,0,20,0.75
1356,15,3,2,2,0,22,0.6818181818181818
1357,14,2,2,2,0,20,0.7
1358,16,2,2,2,0,22,0.7272727272727273
1359,16,2,2,2,0,22,0.7272727272727273
1360,15,4,2,2,0,23,0.6521739130434783
1361,14,1,2,2,0,19,0.7368421052631579
1362,15,3,2,2,0,22,0.6818181818181818
1363,13,3,2,2,0,20,0.65
1364,15,3,2,2,0,22,0.6818181818181818
1365,15,2,2,2,0,21,0.7142857142857143
1366,13,2,1,2,0,18,0.7222222222222222
1367,14,2,2,2,0,20,0.7
1368,15,2,2,2,0,21,0.7142857142857143
1369,13,2,2,2,0,19,0.6842105263157895
1370,13,2,2,2,0,19,0.6842105263157895
1371,13,3,2,2,0,20,0.65
1372,13,2,2,2,0,19,0.6842105263157895
1373,16,2,2,2,0,22,0.7272727272727273
1374,13,2,2,2,0,19,0.6842105263157895
1375,14,1,2,2,0,19,0.7368421052631579
1376,14,2,2,2,0,20,0.7
1377,14,1,2,2,0,19,0.7368421052631579
1378,16,2,2,2,0,22,0.7272727272727273
1379,14,1,2,2,0,19,0.7368421052631579
1380,14,0,2,2,0,18,0.7777777777777778
1381,13,2,2,2,0,19,0.6842105263157895
1382,14,2,2,2,0,20,0.7
1383,14,2,2,2,0,20,0.7
1384,15,2,2,2,0,21,0.7142857142857143
1385,16,2,2,3,0,23,0.6956521739130435
1386,15,2,2,2,0,21,0.7142857142857143
1387,16,2,2,2,0,22,0.7272727272727273
1388,16,2,2,3,0,23,0.6956521739130435
1389,16,3,2,2,0,23,0.6956521739130435
1390,15,1,2,2,0,20,0.75
1391,14,2,2,2,0,20,0.7
1392,15,2,2,2,0,21,0.7142857142857143
1393,17,2,2,2,0,23,0.7391304347826086
1394,16,1,2,2,0,21,0.7619047619047619
1395,17,1,2,2,0,22,0.7727272727272727
1396,16,2,2,2,0,22,0.7272727272727273
1397,15,2,2,1,0,20,0.75
1398,13,4,2,2,0,21,0.6190476190476191
1399,14,2,2,2,0,20,0.7
1400,16,4,2,2,0,24,0.6666666666666666
1401,14,3,2,2,0,21,0.6666666666666666
1402,15,3,2,2,0,22,0.6818181818181818
1403,14,2,2,2,0,20,0.7
1404,15,2,2,2,0,21,0.7142857142857143
1405,16,1,2,2,0,21,0.7619047619047619
1406,17,1,2,2,0,22,0.7727272727272727
1407,16,2,2,2,0,22,0.7272727272727273
1408,14,3,2,2,0,21,0.6666666666666666
1409,13,2,2,2,0,19,0.6842105263157895
1410,13,3,2,2,0,20,0.65
1411,14,3,2,2,0,21,0.6666666666666666
1412,16,2,2,2,0,22,0.7272727272727273
1413,14,4,2,2,0,22,0.6363636363636364
1414,13,4,2,2,0,21,0.6190476190476191
1415,16,2,2,2,0,22,0.7272727272727273
1416,16,2,2,2,0,22,0.7272727272727273
1417,17,4,2,2,0,25,0.68
1418,16,1,2,2,0,21,0.7619047619047619
1419,14,1,2,2,0,19,0.7368421052631579
1420,13,2,2,3,0,20,0.65
1421,14,2,2,1,0,19,0.7368421052631579
1422,14,1,2,2,0,19,0.7368421052631579
1423,15,2,2,2,0,21,0.7142857142857143
1424,12,2,2,2,0,18,0.6666666666666666
1425,16,4,2,2,0,24,0.6666666666666666
1426,15,2,2,3,0,22,0.6818181818181818
1427,14,2,2,2,0,20,0.7
1428,16,2,2,2,0,22,0.7272727272727273
1429,14,4,2,2,0,22,0.6363636363636364
1430,16,3,2,2,0,23,0.6956521739130435
1431,15,2,2,2,0,21,0.7142857142857143
1432,16,2,2,2,0,22,0.7272727272727273
1433,14,3,2,2,0,21,0.6666666666666666
1434,16,2,2,2,0,22,0.7272727272727273
1435,15,3,2,2,0,22,0.6818181818181818
1436,15,2,2,2,0,21,0.7142857142857143
1437,16,3,2,2,0,23,0.6956521739130435
1438,15,2,2,2,0,21,0.7142857142857143
1439,15,0,2,2,0,19,0.7894736842105263
1440,16,2,2,2,0,22,0.7272727272727273
1441,13,2,2,2,0,19,0.6842105263157895
1442,13,2,2,2,0,19,0.6842105263157895
1443,15,2,2,2,0,21,0.7142857142857143
1444,15,1,2,2,0,20,0.75
1445,16,2,2,2,0,22,0.7272727272727273
1446,15,2,2,2,0,21,0.7142857142857143
1447,17,2,2,1,0,22,0.7727272727272727
1448,16,2,2,2,0,22,0.7272727272727273
1449,15,3,2,2,0,22,0.6818181818181818
1450,17,2,2,2,0,23,0.7391304347826086
1451,16,2,2,2,0,22,0.7272727272727273
1452,17,2,2,2,0,23,0.7391304347826086
1453,16,3,2,2,0,23,0.6956521739130435
1454,15,2,2,2,0,21,0.7142857142857143
1455,17,2,2,2,0,23,0.7391304347826086
1456,16,1,2,2,0,21,0.7619047619047619
1457,15,4,2,2,0,23,0.6521739130434783
1458,13,3,2,2,0,20,0.65
1459,17,2,2,2,0,23,0.7391304347826086
1460,16,2,2,2,0,22,0.7272727272727273
1461,16,2,2,2,0,22,0.7272727272727273
1462,18,3,2,2,0,25,0.72
1463,15,1,2,2,0,20,0.75
1464,17,2,2,2,0,23,0.7391304347826086
1465,16,2,2,2,0,22,0.7272727272727273
1466,15,2,2,2,0,21,0.7142857142857143
1467,16,3,2,2,0,23,0.6956521739130435
1468,14,2,2,2,0,20,0.7
1469,15,1,2,2,0,20,0.75
1470,14,3,2,2,0,21,0.6666666666666666
1471,15,2,2,2,0,21,0.7142857142857143
1472,15,3,2,2,0,22,0.6818181818181818
1473,13,2,2,2,0,19,0.6842105263157895
1474,17,3,2,2,0,24,0.7083333333333334
1475,16,3,2,2,0,23,0.6956521739130435
1476,16,3,2,2,0,23,0.6956521739130435
1477,13,2,2,2,0,19,0.6842105263157895
1478,14,2,2,2,0,20,0.7
1479,15,2,2,2,0,21,0.7142857142857143
1480,14,3,2,2,0,21,0.6666666666666666
1481,13,2,2,2,0,19,0.6842105263157895
1482,14,3,2,2,0,21,0.6666666666666666
1483,17,2,2,2,0,23,0.7391304347826086
1484,15,4,2,3,0,24,0.625
1485,14,4,2,2,0,22,0.6363636363636364
1486,17,2,2,2,0,23,0.7391304347826086
1487,18,4,2,2,0,26,0.6923076923076923
1488,16,2,2,2,0,22,0.7272727272727273
1489,16,1,2,2,0,21,0.7619047619047619
1490,15,2,2,2,0,21,0.7142857142857143
1491,16,2,2,2,0,22,0.7272727272727273
1492,15,0,2,2,0,19,0.7894736842105263
1493,17,1,2,2,0,22,0.7727272727272727
1494,15,3,2,2,0,22,0.6818181818181818
1495,15,3,2,2,0,22,0.6818181818181818
1496,15,3,2,2,0,22,0.6818181818181818
1497,14,3,2,2,0,21,0.6666666666666666
1498,14,2,2,2,0,20,0.7
1499,14,3,2,2,0,21,0.6666666666666666
1500,13,3,2,2,0,20,0.65
1501,17,3,2,2,0,24,0.7083333333333334
1502,15,3,2,1,0,21,0.7142857142857143
1503,14,2,2,1,0,19,0.7368421052631579
1504,14,2,2,2,0,20,0.7
1505,15,1,2,1,0,19,0.7894736842105263
1506,15,2,2,2,0,21,0.7142857142857143
1507,17,3,2,2,0,24,0.7083333333333334
1508,17,2,2,2,0,23,0.7391304347826086
1509,16,4,2,3,0,25,0.64
1510,14,2,2,2,0,20,0.7
1511,16,2,2,2,0,22,0.7272727272727273
1512,13,2,2,2,0,19,0.6842105263157895
1513,14,2,2,2,0,20,0.7
1514,14,2,2,2,0,20,0.7
1515,14,2,2,2,0,20,0.7
1516,16,2,2,2,0,22,0.7272727272727273
1517,14,2,2,2,0,20,0.7
1518,16,1,2,2,0,21,0.7619047619047619
1519,12,2,2,2,0,18,0.6666666666666666
1520,17,2,2,2,0,23,0.7391304347826086
1521,16,2,2,2,0,22,0.7272727272727273
1522,14,2,2,2,0,20,0.7
1523,14,2,2,2,0,20,0.7
1524,13,2,2,2,0,19,0.6842105263157895
1525,16,2,2,3,0,23,0.6956521739130435
1526,15,1,2,2,0,20,0.75
1527,15,2,2,2,0,21,0.7142857142857143
1528,15,1,2,2,0,20,0.75
1529,16,2,2,2,0,22,0.7272727272727273
1530,13,2,2,2,0,19,0.6842105263157895
1531,14,2,2,2,0,20,0.7
1532,14,2,2,2,0,20,0.7
1533,15,2,2,2,0,21,0.7142857142857143
1534,13,2,2,2,0,19,0.6842105263157895
1535,15,2,2,2,0,21,0.7142857142857143
1536,14,2,2,2,0,20,0.7
1537,16,2,2,2,0,22,0.7272727272727273
1538,13,2,2,2,0,19,0.6842105263157895
1539,15,2,2,2,0,21,0.7142857142857143
1540,16,2,2,2,0,22,0.7272727272727273
1541,14,2,2,2,0,20,0.7
1542,15,2,2,2,0,21,0.7142857142857143
1543,16,3,2,2,0,23,0.6956521739130435
1544,15,2,1,2,0,20,0.75
1545,15,2,2,2,0,21,0.7142857142857143
1546,17,1,2,2,0,22,0.7727272727272727
1547,12,1,2,2,0,17,0.7058823529411765
1548,13,1,2,2,0,18,0.7222222222222222
1549,17,2,2,2,0,23,0.7391304347826086
1550,16,2,2,2,0,22,0.7272727272727273
1551,15,2,2,2,0,21,0.7142857142857143
1552,15,2,2,2,0,21,0.7142857142857143
1553,16,2,2,2,0,22,0.7272727272727273
1554,17,2,2,2,0,23,0.7391304347826086
1555,16,2,2,2,0,22,0.7272727272727273
1556,12,2,2,2,0,18,0.6666666666666666
1557,16,2,2,2,0,22,0.7272727272727273
1558,15,1,2,2,0,20,0.75
1559,12,2,2,2,0,18,0.6666666666666666
1560,15,2,2,2,0,21,0.7142857142857143
1561,14,2,2,2,0,20,0.7
1562,16,3,2,2,0,23,0.6956521739130435
1563,16,3,2,2,0,23,0.6956521739130435
1564,17,1,2,2,0,22,0.7727272727272727
1565,17,2,2,2,0,23,0.7391304347826086
1566,14,2,2,2,0,20,0.7
1567,14,3,2,2,0,21,0.6666666666666666
1568,16,3,2,2,0,23,0.6956521739130435
1569,15,3,2,2,0,22,0.6818181818181818
1570,16,3,2,2,0,23,0.6956521739130435
1571,16,3,2,2,0,23,0.6956521739130435
1572,16,3,2,1,0,22,0.7272727272727273
1573,15,3,2,2,0,22,0.6818181818181818
1574,16,2,2,2,0,22,0.7272727272727273
1575,16,2,2,2,0,22,0.7272727272727273
1576,17,2,2,2,0,23,0.7391304347826086
1577,15,2,2,2,0,21,0.7142857142857143
1578,15,1,2,2,0,20,0.75
1579,15,3,2,2,0,22,0.6818181818181818
1580,16,3,2,2,0,23,0.6956521739130435
1581,15,2,2,2,0,21,0.7142857142857143
1582,16,3,2,2,0,23,0.6956521739130435
1583,16,2,2,2,0,22,0.7272727272727273
1584,17,2,2,2,0,23,0.7391304347826086
1585,15,2,2,2,0,21,0.7142857142857143
1586,15,2,2,2,0,21,0.7142857142857143
1587,13,1,2,2,0,18,0.7222222222222222
1588,14,2,2,2,0,20,0.7
1589,15,3,2,2,0,22,0.6818181818181818
1590,15,2,2,2,0,21,0.7142857142857143
1591,14,3,2,2,0,21,0.6666666666666666
1592,14,3,2,2,0,21,0.6666666666666666
1593,15,3,2,2,0,22,0.6818181818181818
1594,15,2,2,2,0,21,0.7142857142857143
1595,15,2,2,2,0,21,0.7142857142857143
1596,14,2,2,2,0,20,0.7
1597,15,3,2,2,0,22,0.6818181818181818
1598,15,3,2,2,0,22,0.6818181818181818
1599,14,2,2,2,0,20,0.7
1600,16,3,2,2,0,23,0.6956521739130435
1601,15,3,2,2,0,22,0.6818181818181818
1602,16,3,2,2,0,23,0.6956521739130435
1603,16,3,2,2,0,23,0.6956521739130435
1604,15,3,2,2,0,22,0.6818181818181818
1605,16,3,2,2,0,23,0.6956521739130435
1606,16,3,2,2,0,23,0.6956521739130435
1607,15,3,2,2,0,22,0.6818181818181818
1608,14,2,2,2,0,20,0.7
1609,15,3,2,2,0,22,0.6818181818181818
1610,13,2,2,2,0,19,0.6842105263157895
1611,15,3,2,2,0,22,0.6818181818181818
1612,16,2,2,2,0,22,0.7272727272727273
1613,14,3,2,2,0,21,0.6666666666666666
1614,16,1,2,2,0,21,0.7619047619047619
1615,15,3,2,2,0,22,0.6818181818181818
1616,14,2,2,2,0,20,0.7
1617,13,3,2,2,0,20,0.65
1618,16,3,2,2,0,23,0.6956521739130435
1619,15,3,2,2,0,22,0.6818181818181818
1620,16,3,2,2,0,23,0.6956521739130435
1621,14,3,2,2,0,21,0.6666666666666666
1622,15,3,2,2,0,22,0.6818181818181818
1623,14,3,2,2,0,21,0.6666666666666666
1624,16,2,2,2,0,22,0.7272727272727273
1625,17,2,2,2,0,23,0.7391304347826086
1626,14,2,2,2,0,20,0.7
1627,15,3,2,2,0,22,0.6818181818181818
1628,13,2,2,2,0,19,0.6842105263157895
1629,16,2,2,2,0,22,0.7272727272727273
1630,17,3,2,2,0,24,0.7083333333333334
1631,15,3,2,2,0,22,0.6818181818181818
1632,16,2,2,2,0,22,0.7272727272727273
1633,15,3,2,2,0,22,0.6818181818181818
1634,15,3,2,1,0,21,0.7142857142857143
1635,14,3,2,2,0,21,0.6666666666666666
1636,13,3,2,2,0,20,0.65
1637,15,2,2,2,0,21,0.7142857142857143
1638,15,2,2,2,0,21,0.7142857142857143
1639,16,3,2,2,0,23,0.6956521739130435
1640,15,3,2,2,0,22,0.6818181818181818
1641,15,3,2,2,0,22,0.6818181818181818
1642,13,4,2,2,0,21,0.6190476190476191
1643,15,4,2,2,0,23,0.6521739130434783
1644,16,3,2,2,0,23,0.6956521739130435
1645,15,3,2,2,0,22,0.6818181818181818
1646,15,2,2,2,0,21,0.7142857142857143
1647,14,2,2,2,0,20,0.7
1648,15,2,2,2,0,21,0.7142857142857143
1649,15,3,2,2,0,22,0.6818181818181818
1650,16,4,2,1,0,23,0.6956521739130435
1651,15,3,2,2,0,22,0.6818181818181818
1652,14,2,2,2,0,20,0.7
1653,14,4,2,2,0,22,0.6363636363636364
1654,17,4,2,2,0,25,0.68
1655,14,4,2,1,0,21,0.6666666666666666
1656,17,2,2,2,0,23,0.7391304347826086
1657,16,2,2,2,0,22,0.7272727272727273
1658,15,3,2,2,0,22,0.6818181818181818
1659,15,2,2,2,0,21,0.7142857142857143
1660,15,0,2,2,0,19,0.7894736842105263
1661,14,3,2,2,0,21,0.6666666666666666
1662,15,3,2,2,0,22,0.6818181818181818
1663,14,2,2,2,0,20,0.7
1664,15,2,2,2,0,21,0.7142857142857143
1665,16,3,2,2,0,23,0.6956521739130435
1666,17,1,2,2,0,22,0.7727272727272727
1667,15,3,2,2,0,22,0.6818181818181818
1668,14,3,2,2,0,21,0.6666666666666666
1669,16,2,2,2,0,22,0.7272727272727273
1670,15,3,2,2,0,22,0.6818181818181818
1671,16,3,2,2,0,23,0.6956521739130435
1672,13,2,2,2,0,19,0.6842105263157895
1673,14,1,2,2,0,19,0.7368421052631579
1674,14,3,2,2,0,21,0.6666666666666666
1675,16,2,2,2,0,22,0.7272727272727273
1676,16,1,2,2,0,21,0.7619047619047619
1677,17,2,2,2,0,23,0.7391304347826086
1678,15,2,2,2,0,21,0.7142857142857143
1679,15,2,2,2,0,21,0.7142857142857143
1680,15,2,2,2,0,21,0.7142857142857143
1681,15,1,2,2,0,20,0.75
1682,16,2,2,2,0,22,0.7272727272727273
1683,16,2,2,1,0,21,0.7619047619047619
1684,14,2,2,2,0,20,0.7
1685,16,2,2,2,0,22,0.7272727272727273
1686,17,2,2,2,0,23,0.7391304347826086
1687,17,2,2,2,0,23,0.7391304347826086
1688,15,2,2,2,0,21,0.7142857142857143
1689,16,2,2,2,0,22,0.7272727272727273
1690,15,2,2,2,0,21,0.7142857142857143
1691,13,2,2,2,0,19,0.6842105263157895
1692,17,2,2,2,0,23,0.7391304347826086
1693,14,2,2,2,0,20,0.7
1694,16,2,2,2,0,22,0.7272727272727273
1695,16,2,2,2,0,22,0.7272727272727273
1696,15,2,2,2,0,21,0.7142857142857143
1697,17,3,2,2,0,24,0.7083333333333334
1698,16,2,2,2,0,22,0.7272727272727273
1699,16,3,2,2,0,23,0.6956521739130435
1700,15,3,2,2,0,22,0.6818181818181818
1701,16,3,2,2,0,23,0.6956521739130435
1702,14,2,2,2,0,20,0.7
1703,13,4,2,2,0,21,0.6190476190476191
1704,15,3,2,2,0,22,0.6818181818181818
1705,15,3,2,2,0,22,0.6818181818181818
1706,15,3,2,2,0,22,0.6818181818181818
1707,14,4,2,2,0,22,0.6363636363636364
1708,16,3,2,2,0,23,0.6956521739130435
1709,16,4,2,2,0,24,0.6666666666666666
1710,16,3,2,2,0,23,0.6956521739130435
1711,16,3,2,2,0,23,0.6956521739130435
1712,17,3,2,2,0,24,0.7083333333333334
1713,15,2,2,2,0,21,0.7142857142857143
1714,14,3,2,2,0,21,0.6666666666666666
1715,17,3,2,2,0,24,0.7083333333333334
1716,15,2,2,2,0,21,0.7142857142857143
1717,14,3,2,2,0,21,0.6666666666666666
1718,16,3,2,2,0,23,0.6956521739130435
1719,14,3,2,2,0,21,0.6666666666666666
1720,14,3,2,3,0,22,0.6363636363636364
1721,14,3,2,2,0,21,0.6666666666666666
1722,12,3,2,2,0,19,0.631578947368421
1723,14,3,2,2,0,21,0.6666666666666666
1724,11,2,2,2,0,17,0.6470588235294118
1725,12,3,2,2,0,19,0.631578947368421
1726,15,3,2,2,0,22,0.6818181818181818
1727,13,3,2,3,0,21,0.6190476190476191
1728,16,3,2,2,0,23,0.6956521739130435
1729,14,2,2,2,0,20,0.7
1730,14,3,2,2,0,21,0.6666666666666666
1731,14,3,2,2,0,21,0.6666666666666666
1732,13,3,2,3,0,21,0.6190476190476191
1733,16,3,2,2,0,23,0.6956521739130435
1734,14,3,2,2,0,21,0.6666666666666666
1735,16,3,2,2,0,23,0.6956521739130435
1736,16,3,2,3,0,24,0.6666666666666666
1737,15,3,2,3,0,23,0.6521739130434783
1738,13,3,2,3,0,21,0.6190476190476191
1739,16,3,2,2,0,23,0.6956521739130435
1740,14,2,2,2,0,20,0.7
1741,13,3,2,2,0,20,0.65
1742,14,3,1,3,0,21,0.6666666666666666
1743,15,3,2,2,0,22,0.6818181818181818
1744,14,3,2,1,0,20,0.7
1745,14,2,2,2,0,20,0.7
1746,14,3,2,2,0,21,0.6666666666666666
1747,12,3,2,2,0,19,0.631578947368421
1748,13,3,2,2,0,20,0.65
1749,15,3,2,2,0,22,0.6818181818181818
1750,15,3,2,2,0,22,0.6818181818181818
1751,15,2,2,2,0,21,0.7142857142857143
1752,16,2,2,2,0,22,0.7272727272727273
1753,13,3,2,2,0,20,0.65
1754,13,3,2,2,0,20,0.65
1755,12,3,1,2,0,18,0.6666666666666666
1756,15,2,2,2,0,21,0.7142857142857143
1757,15,2,2,2,0,21,0.7142857142857143
1758,17,3,2,2,0,24,0.7083333333333334
1759,16,2,2,2,0,22,0.7272727272727273
1760,14,3,2,2,0,21,0.6666666666666666
1761,15,3,2,2,0,22,0.6818181818181818
1762,15,2,2,2,0,21,0.7142857142857143
1763,15,2,2,2,0,21,0.7142857142857143
1764,14,3,2,2,0,21,0.6666666666666666
1765,14,3,2,2,0,21,0.6666666666666666
1766,13,3,2,2,0,20,0.65
1767,13,3,2,2,0,20,0.65
1768,15,3,2,2,0,22,0.6818181818181818
1769,14,3,2,2,0,21,0.6666666666666666
1770,14,3,2,2,0,21,0.6666666666666666
1771,13,3,2,2,0,20,0.65
1772,13,3,2,2,0,20,0.65
1773,16,3,2,2,0,23,0.6956521739130435
1774,12,3,2,2,0,19,0.631578947368421
1775,14,3,2,2,0,21,0.6666666666666666
1776,15,3,2,2,0,22,0.6818181818181818
1777,15,3,2,2,0,22,0.6818181818181818
1778,15,3,2,2,0,22,0.6818181818181818
1779,16,3,2,2,0,23,0.6956521739130435
1780,14,3,2,2,0,21,0.6666666666666666
1781,17,2,2,2,0,23,0.7391304347826086
1782,15,3,2,2,0,22,0.6818181818181818
1783,16,3,2,2,0,23,0.6956521739130435
1784,16,3,2,2,0,23,0.6956521739130435
1785,16,4,2,2,0,24,0.6666666666666666
1786,13,3,2,2,0,20,0.65
1787,13,4,2,2,0,21,0.6190476190476191
1788,15,3,2,2,0,22,0.6818181818181818
1789,13,3,2,2,0,20,0.65
1790,15,3,2,2,0,22,0.6818181818181818
1791,15,2,2,2,0,21,0.7142857142857143
1792,14,3,2,2,0,21,0.6666666666666666
1793,14,2,2,2,0,20,0.7
1794,15,2,2,2,0,21,0.7142857142857143
1795,14,2,2,3,0,21,0.6666666666666666
1796,14,2,2,3,0,21,0.6666666666666666
1797,13,2,2,3,0,20,0.65
1798,13,1,1,2,0,17,0.7647058823529411
1799,15,2,2,2,0,21,0.7142857142857143
1800,15,2,2,2,0,21,0.7142857142857143
1801,14,2,2,3,0,21,0.6666666666666666
1802,13,3,2,1,0,19,0.6842105263157895
1803,14,3,2,2,0,21,0.6666666666666666
1804,14,3,2,2,0,21,0.6666666666666666
1805,13,3,2,2,0,20,0.65
1806,15,3,2,2,0,22,0.6818181818181818
1807,16,2,2,2,0,22,0.7272727272727273
1808,15,2,2,2,0,21,0.7142857142857143
1809,13,3,2,2,0,20,0.65
1810,16,1,2,2,0,21,0.7619047619047619
1811,13,3,2,2,0,20,0.65
1812,15,2,2,2,0,21,0.7142857142857143
1813,16,3,2,2,0,23,0.6956521739130435
1814,13,3,2,2,0,20,0.65
1815,15,2,2,2,0,21,0.7142857142857143
1816,14,3,2,2,0,21,0.6666666666666666
1817,15,3,2,3,0,23,0.6521739130434783
1818,14,2,2,2,0,20,0.7
1819,14,3,2,3,0,22,0.6363636363636364
1820,16,3,2,2,0,23,0.6956521739130435
1821,15,3,2,2,0,22,0.6818181818181818
1822,16,2,2,2,0,22,0.7272727272727273
1823,14,3,2,3,0,22,0.6363636363636364
1824,15,3,2,2,0,22,0.6818181818181818
1825,15,3,2,2,0,22,0.6818181818181818
1826,17,3,2,2,0,24,0.7083333333333334
1827,13,3,2,2,0,20,0.65
1828,14,3,2,2,0,21,0.6666666666666666
1829,12,2,2,2,0,18,0.6666666666666666
1830,14,2,2,3,0,21,0.6666666666666666
1831,16,3,2,2,0,23,0.6956521739130435
1832,15,3,2,2,0,22,0.6818181818181818
1833,15,3,2,2,0,22,0.6818181818181818
1834,14,3,2,2,0,21,0.6666666666666666
1835,13,2,2,2,0,19,0.6842105263157895
1836,16,3,2,2,0,23,0.6956521739130435
1837,17,3,2,2,0,24,0.7083333333333334
1838,14,3,2,2,0,21,0.6666666666666666
1839,13,3,2,2,0,20,0.65
1840,16,2,2,3,0,23,0.6956521739130435
1841,15,2,2,3,0,22,0.6818181818181818
1842,15,3,2,3,0,23,0.6521739130434783
1843,17,4,2,2,0,25,0.68
1844,14,2,2,2,0,20,0.7
1845,14,2,2,2,0,20,0.7
1846,15,3,2,2,0,22,0.6818181818181818
1847,14,2,2,2,0,20,0.7
1848,15,2,2,2,0,21,0.7142857142857143
1849,14,1,2,2,0,19,0.7368421052631579
1850,15,3,2,2,0,22,0.6818181818181818
1851,14,3,2,2,0,21,0.6666666666666666
1852,16,4,2,2,0,24,0.6666666666666666
1853,12,3,2,2,0,19,0.631578947368421
1854,15,2,2,2,0,21,0.7142857142857143
1855,15,3,2,2,0,22,0.6818181818181818
1856,14,2,2,2,0,20,0.7
1857,15,2,2,2,0,21,0.7142857142857143
1858,13,2,2,2,0,19,0.6842105263157895
1859,14,1,2,2,0,19,0.7368421052631579
1860,17,1,2,2,0,22,0.7727272727272727
1861,15,1,2,2,0,20,0.75
1862,11,1,2,2,0,16,0.6875
1863,13,2,2,2,0,19,0.6842105263157895
1864,16,3,2,2,0,23,0.6956521739130435
1865,16,2,2,1,0,21,0.7619047619047619
1866,14,2,2,2,0,20,0.7
1867,15,3,2,2,0,22,0.6818181818181818
1868,13,1,2,2,0,18,0.7222222222222222
1869,16,2,2,2,0,22,0.7272727272727273
1870,13,3,2,2,0,20,0.65
1871,15,3,2,2,0,22,0.6818181818181818
1872,14,3,2,2,0,21,0.6666666666666666
1873,14,3,2,1,0,20,0.7
1874,17,2,2,2,0,23,0.7391304347826086
1875,14,3,2,2,0,21,0.6666666666666666
1876,15,3,2,2,0,22,0.6818181818181818
1877,17,3,2,2,0,24,0.7083333333333334
1878,14,3,2,2,0,21,0.6666666666666666
1879,14,3,2,2,0,21,0.6666666666666666
1880,13,3,2,2,0,20,0.65
1881,14,2,2,2,0,20,0.7
1882,16,3,2,2,0,23,0.6956521739130435
1883,16,2,2,2,0,22,0.7272727272727273
1884,13,3,2,1,0,19,0.6842105263157895
1885,16,3,2,2,0,23,0.6956521739130435
1886,16,1,2,2,0,21,0.7619047619047619
1887,15,4,2,2,0,23,0.6521739130434783
1888,15,3,2,2,0,22,0.6818181818181818
1889,16,3,2,2,0,23,0.6956521739130435
1890,16,3,2,2,0,23,0.6956521739130435
1891,16,3,2,2,0,23,0.6956521739130435
1892,15,2,2,3,0,22,0.6818181818181818
1893,16,2,2,2,0,22,0.7272727272727273
1894,14,3,2,2,0,21,0.6666666666666666
1895,16,1,2,2,0,21,0.7619047619047619
1896,13,2,2,2,0,19,0.6842105263157895
1897,14,3,2,2,0,21,0.6666666666666666
1898,16,2,2,2,0,22,0.7272727272727273
1899,15,3,2,2,0,22,0.6818181818181818
1900,16,3,2,3,0,24,0.6666666666666666
1901,13,3,2,2,0,20,0.65
1902,17,3,2,2,0,24,0.7083333333333334
1903,16,3,2,3,0,24,0.6666666666666666
1904,17,3,2,4,0,26,0.6538461538461539
1905,14,3,2,3,0,22,0.6363636363636364
1906,15,3,2,2,0,22,0.6818181818181818
1907,16,3,2,2,0,23,0.6956521739130435
1908,12,4,2,2,0,20,0.6
1909,15,3,2,2,0,22,0.6818181818181818
1910,14,3,2,2,0,21,0.6666666666666666
1911,17,3,2,2,0,24,0.7083333333333334
1912,16,3,2,2,0,23,0.6956521739130435
1913,14,3,2,2,0,21,0.6666666666666666
1914,16,3,2,2,0,23,0.6956521739130435
1915,17,3,2,2,0,24,0.7083333333333334
1916,15,4,2,2,0,23,0.6521739130434783
1917,14,3,2,3,0,22,0.6363636363636364
1918,16,3,2,1,0,22,0.7272727272727273
1919,13,3,2,2,0,20,0.65
1920,15,3,2,2,0,22,0.6818181818181818
1921,14,2,2,2,0,20,0.7
1922,16,4,2,3,0,25,0.64
1923,17,3,2,2,0,24,0.7083333333333334
1924,16,4,2,2,0,24,0.6666666666666666
1925,16,3,2,2,0,23,0.6956521739130435
1926,17,3,2,2,0,24,0.7083333333333334
1927,14,3,2,2,0,21,0.6666666666666666
1928,14,3,2,2,0,21,0.6666666666666666
1929,16,3,2,2,0,23,0.6956521739130435
1930,17,3,2,2,0,24,0.7083333333333334
1931,15,3,2,2,0,22,0.6818181818181818
1932,17,3,2,2,0,24,0.7083333333333334
1933,16,3,2,2,0,23,0.6956521739130435
1934,16,3,2,2,0,23,0.6956521739130435
1935,13,3,2,2,0,20,0.65
1936,17,3,2,2,0,24,0.7083333333333334
1937,13,2,2,2,0,19,0.6842105263157895
1938,14,3,2,2,0,21,0.6666666666666666
1939,15,3,2,2,0,22,0.6818181818181818
1940,17,2,2,2,0,23,0.7391304347826086
1941,17,3,2,2,0,24,0.7083333333333334
1942,16,3,2,2,0,23,0.6956521739130435
1943,14,3,2,2,0,21,0.6666666666666666
1944,16,3,2,2,0,23,0.6956521739130435
1945,16,3,2,2,0,23,0.6956521739130435
1946,15,3,2,2,0,22,0.6818181818181818
1947,16,3,2,2,0,23,0.6956521739130435
1948,16,3,2,2,0,23,0.6956521739130435
1949,17,3,2,2,0,24,0.7083333333333334
1950,14,3,2,2,0,21,0.6666666666666666
1951,14,4,2,2,0,22,0.6363636363636364
1952,16,3,2,2,0,23,0.6956521739130435
1953,15,4,2,1,0,22,0.6818181818181818
1954,15,2,2,2,0,21,0.7142857142857143
1955,17,3,2,2,0,24,0.7083333333333334
1956,16,3,2,2,0,23,0.6956521739130435
1957,15,3,2,2,0,22,0.6818181818181818
1958,13,2,2,2,0,19,0.6842105263157895
1959,17,2,2,2,0,23,0.7391304347826086
1960,17,2,2,2,0,23,0.7391304347826086
1961,16,3,2,2,0,23,0.6956521739130435
1962,15,3,2,2,0,22,0.6818181818181818
1963,15,3,2,2,0,22,0.6818181818181818
1964,15,3,2,2,0,22,0.6818181818181818
1965,15,3,2,2,0,22,0.6818181818181818
1966,15,3,2,2,0,22,0.6818181818181818
1967,14,3,2,2,0,21,0.6666666666666666
1968,15,3,2,1,0,21,0.7142857142857143
1969,13,4,2,2,0,21,0.6190476190476191
1970,17,3,2,2,0,24,0.7083333333333334
1971,14,3,2,2,0,21,0.6666666666666666
1972,17,3,2,3,0,25,0.68
1973,14,3,2,3,0,22,0.6363636363636364
1974,13,3,2,2,0,20,0.65
1975,16,3,2,2,0,23,0.6956521739130435
1976,15,3,2,2,0,22,0.6818181818181818
1977,16,2,2,2,0,22,0.7272727272727273
1978,16,3,2,2,0,23,0.6956521739130435
1979,15,3,2,1,0,21,0.7142857142857143
1980,13,4,2,2,0,21,0.6190476190476191
1981,12,4,2,2,0,20,0.6
1982,13,2,2,2,0,19,0.6842105263157895
1983,15,3,2,2,0,22,0.6818181818181818
1984,14,2,2,2,0,20,0.7
1985,13,3,2,2,0,20,0.65
1986,14,3,2,2,0,21,0.6666666666666666
1987,14,3,2,2,0,21,0.6666666666666666
1988,13,3,2,2,0,20,0.65
1989,13,3,2,2,0,20,0.65
1990,15,3,2,3,0,23,0.6521739130434783
1991,15,3,2,2,0,22,0.6818181818181818
1992,12,2,2,2,0,18,0.6666666666666666
1993,16,3,2,2,0,23,0.6956521739130435
1994,14,3,2,2,0,21,0.6666666666666666
1995,15,1,2,2,0,20,0.75
1996,13,2,2,2,0,19,0.6842105263157895
1997,14,3,2,2,0,21,0.6666666666666666
1998,16,3,2,2,0,23,0.6956521739130435
1999,13,2,2,2,0,19,0.6842105263157895
2000,13,2,1,2,0,18,0.7222222222222222
2001,14,2,2,2,0,20,0.7
2002,15,1,2,2,0,20,0.75
2003,13,3,2,2,0,20,0.65
2004,14,3,2,2,0,21,0.6666666666666666
2005,14,3,2,2,0,21,0.6666666666666666
2006,15,3,2,1,0,21,0.7142857142857143
2007,16,2,2,2,0,22,0.7272727272727273
2008,15,4,2,2,0,23,0.6521739130434783
2009,15,4,2,2,0,23,0.6521739130434783
2010,14,3,2,2,0,21,0.6666666666666666
2011,15,2,2,2,0,21,0.7142857142857143
2012,16,3,2,2,0,23,0.6956521739130435
2013,15,2,2,2,0,21,0.7142857142857143
2014,16,3,2,2,0,23,0.6956521739130435
2015,17,3,2,2,0,24,0.7083333333333334
2016,14,3,2,2,0,21,0.6666666666666666
2017,16,3,2,2,0,23,0.6956521739130435
2018,17,4,2,2,0,25,0.68
2019,17,2,2,2,0,23,0.7391304347826086
2020,16,4,2,2,0,24,0.6666666666666666
2021,17,3,2,2,0,24,0.7083333333333334
2022,16,3,2,2,0,23,0.6956521739130435
2023,14,2,2,2,0,20,0.7
2024,16,3,2,2,0,23,0.6956521739130435
2025,14,3,2,2,0,21,0.6666666666666666
2026,17,3,2,2,0,24,0.7083333333333334
2027,14,3,2,2,0,21,0.6666666666666666
2028,14,3,2,2,0,21,0.6666666666666666
2029,17,2,2,2,0,23,0.7391304347826086
2030,16,3,2,2,0,23,0.6956521739130435
2031,16,2,2,2,0,22,0.7272727272727273
2032,16,3,2,2,0,23,0.6956521739130435
2033,15,2,2,2,0,21,0.7142857142857143
2034,16,3,2,2,0,23,0.6956521739130435
2035,17,3,2,2,0,24,0.7083333333333334
2036,17,4,2,2,0,25,0.68
2037,17,3,2,2,0,24,0.7083333333333334
2038,15,2,2,2,0,21,0.7142857142857143
2039,14,2,2,2,0,20,0.7
2040,16,3,2,2,0,23,0.6956521739130435
2041,14,3,2,2,0,21,0.6666666666666666
2042,15,3,2,2,0,22,0.6818181818181818
2043,17,3,2,2,0,24,0.7083333333333334
2044,16,3,2,2,0,23,0.6956521739130435
2045,13,2,2,3,0,20,0.65
2046,16,3,2,2,0,23,0.6956521739130435
2047,14,3,2,2,0,21,0.6666666666666666
2048,17,3,2,2,0,24,0.7083333333333334
2049,14,3,2,2,0,21,0.6666666666666666
2050,13,4,2,2,0,21,0.6190476190476191
2051,15,2,2,2,0,21,0.7142857142857143
2052,12,2,2,2,0,18,0.6666666666666666
2053,13,2,2,2,0,19,0.6842105263157895
2054,14,3,2,2,0,21,0.6666666666666666
2055,13,3,2,1,0,19,0.6842105263157895
2056,15,2,2,2,0,21,0.7142857142857143
2057,15,3,2,2,0,22,0.6818181818181818
2058,13,3,2,2,0,20,0.65
2059,14,3,2,2,0,21,0.6666666666666666
2060,15,3,2,2,0,22,0.6818181818181818
2061,16,3,2,2,0,23,0.6956521739130435
2062,17,2,2,2,0,23,0.7391304347826086
2063,15,2,2,3,0,22,0.6818181818181818
2064,14,3,2,2,0,21,0.6666666666666666
2065,14,3,2,3,0,22,0.6363636363636364
2066,14,3,2,2,0,21,0.6666666666666666
2067,17,3,2,2,0,24,0.7083333333333334
2068,16,3,2,2,0,23,0.6956521739130435
2069,15,2,2,2,0,21,0.7142857142857143
2070,14,3,2,2,0,21,0.6666666666666666
2071,17,3,2,2,0,24,0.7083333333333334
2072,15,3,2,2,0,22,0.6818181818181818
2073,15,3,2,2,0,22,0.6818181818181818
2074,16,2,2,2,0,22,0.7272727272727273
2075,16,4,2,2,0,24,0.6666666666666666
2076,15,3,2,2,0,22,0.6818181818181818
2077,15,5,2,2,0,24,0.625
2078,13,2,2,2,0,19,0.6842105263157895
2079,17,3,2,1,0,23,0.7391304347826086
2080,16,3,2,2,0,23,0.6956521739130435
2081,15,4,2,2,0,23,0.6521739130434783
2082,15,3,2,2,0,22,0.6818181818181818
2083,17,3,2,2,0,24,0.7083333333333334
2084,16,3,2,2,0,23,0.6956521739130435
2085,15,3,2,2,0,22,0.6818181818181818
2086,15,3,2,2,0,22,0.6818181818181818
2087,16,3,2,2,0,23,0.6956521739130435
2088,16,3,2,2,0,23,0.6956521739130435
2089,15,3,2,2,0,22,0.6818181818181818
2090,14,3,2,2,0,21,0.6666666666666666
2091,17,3,2,2,0,24,0.7083333333333334
2092,16,3,2,2,0,23,0.6956521739130435
2093,16,3,2,2,0,23,0.6956521739130435
2094,17,3,2,2,0,24,0.7083333333333334
2095,16,3,2,2,0,23,0.6956521739130435
2096,14,3,2,2,0,21,0.6666666666666666
2097,16,3,2,2,0,23,0.6956521739130435
2098,16,3,2,2,0,23,0.6956521739130435
2099,16,3,2,2,0,23,0.6956521739130435
2100,13,3,2,2,0,20,0.65
2101,16,3,2,2,0,23,0.6956521739130435
2102,15,3,2,2,0,22,0.6818181818181818
2103,15,3,2,2,0,22,0.6818181818181818
2104,16,3,2,2,0,23,0.6956521739130435
2105,16,1,2,2,0,21,0.7619047619047619
2106,13,3,2,2,0,20,0.65
2107,15,2,2,2,0,21,0.7142857142857143
2108,15,1,2,2,0,20,0.75
2109,16,3,2,2,0,23,0.6956521739130435
2110,15,3,2,2,0,22,0.6818181818181818
2111,17,2,2,2,0,23,0.7391304347826086
2112,15,4,2,2,0,23,0.6521739130434783
2113,16,3,2,2,0,23,0.6956521739130435
2114,13,3,2,2,0,20,0.65
2115,15,4,2,2,0,23,0.6521739130434783
2116,16,3,2,2,0,23,0.6956521739130435
2117,13,4,2,2,0,21,0.6190476190476191
2118,16,3,2,2,0,23,0.6956521739130435
2119,16,3,2,2,0,23,0.6956521739130435
2120,15,3,2,2,0,22,0.6818181818181818
2121,13,3,2,2,0,20,0.65
2122,14,3,2,2,0,21,0.6666666666666666
2123,13,3,2,2,0,20,0.65
2124,16,3,2,2,0,23,0.6956521739130435
2125,16,3,2,2,0,23,0.6956521739130435
2126,16,3,2,2,0,23,0.6956521739130435
2127,15,3,2,2,0,22,0.6818181818181818
2128,16,3,2,2,0,23,0.6956521739130435
2129,14,4,2,2,0,22,0.6363636363636364
2130,16,4,2,2,0,24,0.6666666666666666
2131,15,3,2,2,0,22,0.6818181818181818
2132,16,2,2,2,0,22,0.7272727272727273
2133,16,2,2,2,0,22,0.7272727272727273
2134,14,2,2,2,0,20,0.7
2135,16,2,2,2,0,22,0.7272727272727273
2136,14,2,2,2,0,20,0.7
2137,15,2,2,2,0,21,0.7142857142857143
2138,15,4,2,2,0,23,0.6521739130434783
2139,15,3,2,3,0,23,0.6521739130434783
2140,14,4,2,2,0,22,0.6363636363636364
2141,16,2,2,3,0,23,0.6956521739130435
2142,14,3,2,2,0,21,0.6666666666666666
2143,13,1,2,2,0,18,0.7222222222222222
2144,13,3,2,2,0,20,0.65
2145,15,2,2,2,0,21,0.7142857142857143
2146,13,3,2,1,0,19,0.6842105263157895
2147,15,4,2,3,0,24,0.625
2148,16,2,2,2,0,22,0.7272727272727273
2149,16,3,2,2,0,23,0.6956521739130435
2150,15,3,2,2,0,22,0.6818181818181818
2151,14,3,2,2,0,21,0.6666666666666666
2152,13,2,2,3,0,20,0.65
2153,15,2,2,3,0,22,0.6818181818181818
2154,14,2,2,2,0,20,0.7
2155,14,1,2,2,0,19,0.7368421052631579
2156,14,1,2,2,0,19,0.7368421052631579
2157,15,2,2,2,0,21,0.7142857142857143
2158,12,1,2,2,0,17,0.7058823529411765
2159,14,1,2,2,0,19,0.7368421052631579
2160,13,2,2,2,0,19,0.6842105263157895
2161,14,1,2,2,0,19,0.7368421052631579
2162,14,3,2,2,0,21,0.6666666666666666
2163,11,3,2,2,0,18,0.6111111111111112
2164,14,3,2,2,0,21,0.6666666666666666
2165,15,3,2,2,0,22,0.6818181818181818
2166,14,3,1,2,0,20,0.7
2167,14,3,2,2,0,21,0.6666666666666666
2168,16,2,2,2,0,22,0.7272727272727273
2169,13,2,2,2,0,19,0.6842105263157895
2170,9,3,2,2,0,16,0.5625
2171,13,2,2,2,0,19,0.6842105263157895
2172,15,3,2,2,0,22,0.6818181818181818
2173,14,3,2,1,0,20,0.7
2174,16,3,2,2,0,23,0.6956521739130435
2175,14,3,2,2,0,21,0.6666666666666666
2176,14,3,2,2,0,21,0.6666666666666666
2177,13,4,2,2,0,21,0.6190476190476191
2178,16,3,2,2,0,23,0.6956521739130435
2179,14,3,2,2,0,21,0.6666666666666666
2180,15,3,2,2,0,22,0.6818181818181818
2181,11,3,2,2,0,18,0.6111111111111112
2182,16,4,2,2,0,24,0.6666666666666666
2183,15,3,2,1,0,21,0.7142857142857143
2184,15,3,2,2,0,22,0.6818181818181818
2185,17,3,2,2,0,24,0.7083333333333334
2186,13,2,2,2,0,19,0.6842105263157895
2187,15,3,2,2,0,22,0.6818181818181818
2188,17,2,2,2,0,23,0.7391304347826086
2189,17,3,2,2,0,24,0.7083333333333334
2190,15,2,2,2,0,21,0.7142857142857143
2191,13,3,2,2,0,20,0.65
2192,14,3,2,2,0,21,0.6666666666666666
2193,14,3,2,2,0,21,0.6666666666666666
2194,16,3,2,2,0,23,0.6956521739130435
2195,17,3,2,1,0,23,0.7391304347826086
2196,14,3,2,2,0,21,0.6666666666666666
2197,15,3,2,2,0,22,0.6818181818181818
2198,17,3,2,2,0,24,0.7083333333333334
2199,13,3,2,2,0,20,0.65
2200,17,2,2,2,0,23,0.7391304347826086
2201,13,2,2,2,0,19,0.6842105263157895
2202,17,3,2,2,0,24,0.7083333333333334
2203,16,3,2,2,0,23,0.6956521739130435
2204,17,2,2,2,0,23,0.7391304347826086
2205,14,4,2,2,0,22,0.6363636363636364
2206,17,3,2,2,0,24,0.7083333333333334
2207,16,3,2,2,0,23,0.6956521739130435
2208,14,3,2,2,0,21,0.6666666666666666
2209,16,3,2,3,0,24,0.6666666666666666
2210,15,3,2,2,0,22,0.6818181818181818
2211,11,3,2,2,0,18,0.6111111111111112
2212,15,2,2,2,0,21,0.7142857142857143
2213,13,3,2,2,0,20,0.65
2214,14,3,2,2,0,21,0.6666666666666666
2215,14,3,2,2,0,21,0.6666666666666666
2216,15,3,2,3,0,23,0.6521739130434783
2217,15,3,2,2,0,22,0.6818181818181818
2218,15,3,2,2,0,22,0.6818181818181818
2219,16,2,2,2,0,22,0.7272727272727273
2220,16,2,2,2,0,22,0.7272727272727273
2221,17,3,2,2,0,24,0.7083333333333334
2222,16,2,2,2,0,22,0.7272727272727273
2223,17,4,2,2,0,25,0.68
2224,15,3,2,2,0,22,0.6818181818181818
2225,17,3,2,2,0,24,0.7083333333333334
2226,15,3,2,2,0,22,0.6818181818181818
2227,14,3,2,2,0,21,0.6666666666666666
2228,17,3,2,2,0,24,0.7083333333333334
2229,14,3,2,2,0,21,0.6666666666666666
2230,16,1,2,2,0,21,0.7619047619047619
2231,14,2,2,2,0,20,0.7
2232,16,2,2,2,0,22,0.7272727272727273
2233,14,2,2,2,0,20,0.7
2234,16,3,2,2,0,23,0.6956521739130435
2235,15,2,2,2,0,21,0.7142857142857143
2236,14,2,2,2,0,20,0.7
2237,15,2,2,3,0,22,0.6818181818181818
2238,14,3,2,2,0,21,0.6666666666666666
2239,15,3,2,2,0,22,0.6818181818181818
2240,14,3,2,2,0,21,0.6666666666666666
2241,15,1,2,2,0,20,0.75
2242,12,3,2,2,0,19,0.631578947368421
2243,12,3,2,2,0,19,0.631578947368421
2244,14,4,2,2,0,22,0.6363636363636364
2245,13,3,2,2,0,20,0.65
2246,12,2,2,2,0,18,0.6666666666666666
2247,14,2,2,3,0,21,0.6666666666666666
2248,15,1,2,2,0,20,0.75
2249,13,2,2,2,0,19,0.6842105263157895
2250,13,2,2,2,0,19,0.6842105263157895
2251,13,2,2,2,0,19,0.6842105263157895
2252,15,2,2,2,0,21,0.7142857142857143
2253,12,2,2,2,0,18,0.6666666666666666
2254,16,3,2,3,0,24,0.6666666666666666
2255,12,2,2,2,0,18,0.6666666666666666
2256,14,3,2,2,0,21,0.6666666666666666
2257,16,3,2,2,0,23,0.6956521739130435
2258,16,1,2,2,0,21,0.7619047619047619
2259,14,3,2,2,0,21,0.6666666666666666
2260,16,4,2,3,0,25,0.64
2261,13,2,2,3,0,20,0.65
2262,15,2,2,2,0,21,0.7142857142857143
2263,16,2,2,2,0,22,0.7272727272727273
2264,16,3,2,2,0,23,0.6956521739130435
2265,15,3,2,2,0,22,0.6818181818181818
2266,14,3,2,3,0,22,0.6363636363636364
2267,13,2,2,2,0,19,0.6842105263157895
2268,14,2,2,2,0,20,0.7
2269,15,1,2,2,0,20,0.75
2270,13,3,2,2,0,20,0.65
2271,15,3,2,2,0,22,0.6818181818181818
2272,13,2,2,2,0,19,0.6842105263157895
2273,15,2,2,2,0,21,0.7142857142857143
2274,14,2,2,2,0,20,0.7
2275,14,1,2,2,0,19,0.7368421052631579
2276,14,1,1,2,0,18,0.7777777777777778
2277,14,1,2,2,0,19,0.7368421052631579
2278,16,2,2,2,0,22,0.7272727272727273
2279,14,2,2,2,0,20,0.7
2280,12,3,2,3,0,20,0.6
2281,15,2,2,2,0,21,0.7142857142857143
2282,15,3,2,2,0,22,0.6818181818181818
2283,13,2,2,1,0,18,0.7222222222222222
2284,14,2,2,2,0,20,0.7
2285,13,2,1,2,0,18,0.7222222222222222
2286,14,2,2,3,0,21,0.6666666666666666
2287,15,2,2,3,0,22,0.6818181818181818
2288,15,3,2,2,0,22,0.6818181818181818
2289,12,3,2,2,0,19,0.631578947368421
2290,14,3,2,2,0,21,0.6666666666666666
2291,14,3,2,2,0,21,0.6666666666666666
2292,14,2,2,2,0,20,0.7
2293,13,2,2,3,0,20,0.65
2294,14,3,2,2,0,21,0.6666666666666666
2295,16,3,2,2,0,23,0.6956521739130435
2296,13,2,2,2,0,19,0.6842105263157895
2297,13,3,2,2,0,20,0.65
2298,14,2,2,2,0,20,0.7
2299,12,3,2,2,0,19,0.631578947368421
2300,17,3,2,2,0,24,0.7083333333333334
2301,16,2,2,2,0,22,0.7272727272727273
2302,15,4,2,3,0,24,0.625
2303,15,2,2,3,0,22,0.6818181818181818
2304,13,3,2,2,0,20,0.65
2305,15,3,2,2,0,22,0.6818181818181818
2306,14,3,2,2,0,21,0.6666666666666666
2307,13,3,2,2,0,20,0.65
2308,14,3,2,2,0,21,0.6666666666666666
2309,13,3,2,2,0,20,0.65
2310,15,2,2,2,0,21,0.7142857142857143
2311,15,3,2,2,0,22,0.6818181818181818
2312,14,2,2,2,0,20,0.7
2313,14,3,2,2,0,21,0.6666666666666666
2314,15,3,2,2,0,22,0.6818181818181818
2315,14,2,2,2,0,20,0.7
2316,14,2,2,2,0,20,0.7
2317,15,3,2,2,0,22,0.6818181818181818
2318,14,3,2,2,0,21,0.6666666666666666
2319,17,2,2,2,0,23,0.7391304347826086
2320,14,3,2,2,0,21,0.6666666666666666
2321,16,3,2,2,0,23,0.6956521739130435
2322,15,3,2,2,0,22,0.6818181818181818
2323,17,4,2,2,0,25,0.68
2324,11,2,2,2,0,17,0.6470588235294118
2325,14,4,2,2,0,22,0.6363636363636364
2326,14,1,2,2,0,19,0.7368421052631579
2327,13,2,2,2,0,19,0.6842105263157895
2328,14,1,2,2,0,19,0.7368421052631579
2329,13,2,2,2,0,19,0.6842105263157895
2330,15,1,2,2,0,20,0.75
2331,14,2,2,2,0,20,0.7
2332,14,3,2,2,0,21,0.6666666666666666
2333,15,2,2,2,0,21,0.7142857142857143
2334,13,2,2,3,0,20,0.65
2335,16,3,2,2,0,23,0.6956521739130435
2336,15,2,2,2,0,21,0.7142857142857143
2337,13,3,2,2,0,20,0.65
2338,14,2,2,2,0,20,0.7
2339,13,3,2,2,0,20,0.65
2340,14,2,2,2,0,20,0.7
2341,15,1,2,2,0,20,0.75
2342,12,2,2,2,0,18,0.6666666666666666
2343,13,3,2,2,0,20,0.65
2344,12,2,2,2,0,18,0.6666666666666666
2345,15,2,2,2,0,21,0.7142857142857143
2346,15,2,2,2,0,21,0.7142857142857143
2347,15,1,2,2,0,20,0.75
2348,13,2,2,2,0,19,0.6842105263157895
2349,13,2,2,2,0,19,0.6842105263157895
2350,16,2,2,2,0,22,0.7272727272727273
2351,15,2,2,2,0,21,0.7142857142857143
2352,16,2,2,2,0,22,0.7272727272727273
2353,16,2,2,2,0,22,0.7272727272727273
2354,16,2,2,2,0,22,0.7272727272727273
2355,15,2,2,2,0,21,0.7142857142857143
2356,15,2,2,2,0,21,0.7142857142857143
2357,13,2,2,1,0,18,0.7222222222222222
2358,13,2,2,2,0,19,0.6842105263157895
2359,13,2,2,2,0,19,0.6842105263157895
2360,13,2,2,2,0,19,0.6842105263157895
2361,14,3,2,2,0,21,0.6666666666666666
2362,14,2,2,2,0,20,0.7
2363,14,2,2,2,0,20,0.7
2364,13,2,2,2,0,19,0.6842105263157895
2365,13,2,2,2,0,19,0.6842105263157895
2366,14,2,2,2,0,20,0.7
2367,12,2,2,2,0,18,0.6666666666666666
2368,14,2,2,2,0,20,0.7
2369,13,1,1,2,0,17,0.7647058823529411
2370,12,2,2,2,0,18,0.6666666666666666
2371,14,3,2,2,0,21,0.6666666666666666
2372,13,2,2,2,0,19,0.6842105263157895
2373,13,1,2,2,0,18,0.7222222222222222
2374,13,2,2,2,0,19,0.6842105263157895
2375,14,1,2,2,0,19,0.7368421052631579
2376,12,1,2,2,0,17,0.7058823529411765
2377,15,2,2,2,0,21,0.7142857142857143
2378,15,2,2,2,0,21,0.7142857142857143
2379,15,2,2,2,0,21,0.7142857142857143
2380,14,1,2,2,0,19,0.7368421052631579
2381,14,2,2,2,0,20,0.7
2382,12,2,2,3,0,19,0.631578947368421
2383,13,3,2,2,0,20,0.65
2384,14,2,2,2,0,20,0.7
2385,12,3,1,2,0,18,0.6666666666666666
2386,13,3,2,2,0,20,0.65
2387,15,3,2,2,0,22,0.6818181818181818
2388,13,1,2,1,0,17,0.7647058823529411
2389,15,2,2,2,0,21,0.7142857142857143
2390,14,2,2,2,0,20,0.7
2391,14,2,2,2,0,20,0.7
2392,16,3,1,2,0,22,0.7272727272727273
2393,14,3,2,2,0,21,0.6666666666666666
2394,14,4,2,2,0,22,0.6363636363636364
2395,13,1,2,2,0,18,0.7222222222222222
2396,15,3,2,2,0,22,0.6818181818181818
2397,12,3,2,2,0,19,0.631578947368421
2398,14,3,2,1,0,20,0.7
2399,15,3,2,2,0,22,0.6818181818181818
2400,16,3,2,2,0,23,0.6956521739130435
2401,13,3,2,2,0,20,0.65
2402,13,3,2,2,0,20,0.65
2403,17,3,2,2,0,24,0.7083333333333334
2404,14,3,2,2,0,21,0.6666666666666666
2405,17,4,2,2,0,25,0.68
2406,16,3,2,2,0,23,0.6956521739130435
2407,14,2,2,2,0,20,0.7
2408,15,3,2,2,0,22,0.6818181818181818
2409,15,3,2,2,0,22,0.6818181818181818
2410,13,4,2,2,0,21,0.6190476190476191
2411,14,4,2,2,0,22,0.6363636363636364
2412,15,3,2,2,0,22,0.6818181818181818
2413,16,4,2,2,0,24,0.6666666666666666
2414,15,3,2,2,0,22,0.6818181818181818
2415,14,3,2,1,0,20,0.7
2416,15,3,2,2,0,22,0.6818181818181818
2417,15,4,2,3,0,24,0.625
2418,16,2,2,2,0,22,0.7272727272727273
2419,15,2,2,2,0,21,0.7142857142857143
2420,17,3,2,2,0,24,0.7083333333333334
2421,15,3,2,2,0,22,0.6818181818181818
2422,15,3,2,2,0,22,0.6818181818181818
2423,14,3,2,2,0,21,0.6666666666666666
2424,16,3,2,2,0,23,0.6956521739130435
2425,16,4,2,2,0,24,0.6666666666666666
2426,15,3,2,2,0,22,0.6818181818181818
2427,16,3,2,2,0,23,0.6956521739130435
2428,14,2,2,2,0,20,0.7
2429,14,2,2,2,0,20,0.7
2430,16,2,2,2,0,22,0.7272727272727273
2431,15,2,2,2,0,21,0.7142857142857143
2432,15,3,2,2,0,22,0.6818181818181818
2433,13,3,2,2,0,20,0.65
2434,14,3,2,2,0,21,0.6666666666666666
2435,12,3,2,2,0,19,0.631578947368421
2436,16,3,2,2,0,23,0.6956521739130435
2437,16,3,2,2,0,23,0.6956521739130435
2438,17,4,2,2,0,25,0.68
2439,15,2,2,2,0,21,0.7142857142857143
2440,14,3,2,2,0,21,0.6666666666666666
2441,18,3,2,2,0,25,0.72
2442,15,3,2,2,0,22,0.6818181818181818
2443,17,3,2,2,0,24,0.7083333333333334
2444,17,3,2,2,0,24,0.7083333333333334
2445,15,3,2,2,0,22,0.6818181818181818
2446,17,3,2,1,0,23,0.7391304347826086
2447,17,4,2,2,0,25,0.68
2448,15,3,2,2,0,22,0.6818181818181818
2449,14,3,2,2,0,21,0.6666666666666666
2450,15,3,2,2,0,22,0.6818181818181818
2451,15,3,2,2,0,22,0.6818181818181818
2452,17,3,2,2,0,24,0.7083333333333334
2453,13,4,2,2,0,21,0.6190476190476191
2454,17,3,2,2,0,24,0.7083333333333334
2455,15,4,2,2,0,23,0.6521739130434783
2456,17,3,2,2,0,24,0.7083333333333334
2457,14,4,2,2,0,22,0.6363636363636364
2458,16,2,2,2,0,22,0.7272727272727273
2459,13,2,2,2,0,19,0.6842105263157895
2460,14,3,2,2,0,21,0.6666666666666666
2461,15,3,2,2,0,22,0.6818181818181818
2462,14,3,2,2,0,21,0.6666666666666666
2463,16,3,2,2,0,23,0.6956521739130435
2464,14,3,2,2,0,21,0.6666666666666666
2465,15,4,2,2,0,23,0.6521739130434783
2466,17,3,2,3,0,25,0.68
2467,17,3,2,3,0,25,0.68
2468,17,2,2,2,0,23,0.7391304347826086
2469,17,3,2,2,0,24,0.7083333333333334
2470,13,3,2,2,0,20,0.65
2471,16,3,2,2,0,23,0.6956521739130435
2472,14,3,2,2,0,21,0.6666666666666666
2473,15,3,2,3,0,23,0.6521739130434783
2474,17,3,2,2,0,24,0.7083333333333334
2475,17,3,2,2,0,24,0.7083333333333334
2476,14,3,2,2,0,21,0.6666666666666666
2477,16,3,2,3,0,24,0.6666666666666666
2478,15,3,2,2,0,22,0.6818181818181818
2479,14,3,2,3,0,22,0.6363636363636364
2480,13,3,2,2,0,20,0.65
2481,17,3,2,2,0,24,0.7083333333333334
2482,17,3,2,2,0,24,0.7083333333333334
2483,17,3,2,1,0,23,0.7391304347826086
2484,15,3,2,2,0,22,0.6818181818181818
2485,17,2,2,2,0,23,0.7391304347826086
2486,12,1,2,2,0,17,0.7058823529411765
2487,12,3,2,2,0,19,0.631578947368421
2488,14,3,2,2,0,21,0.6666666666666666
2489,16,2,2,2,0,22,0.7272727272727273
2490,14,2,2,2,0,20,0.7
2491,15,2,2,2,0,21,0.7142857142857143
2492,13,2,2,2,0,19,0.6842105263157895
2493,14,2,2,2,0,20,0.7
2494,16,4,2,2,0,24,0.6666666666666666
2495,16,3,2,2,0,23,0.6956521739130435
2496,15,3,2,2,0,22,0.6818181818181818
2497,16,4,2,3,0,25,0.64
2498,15,3,2,2,0,22,0.6818181818181818
2499,15,3,2,1,0,21,0.7142857142857143
2500,15,3,2,3,0,23,0.6521739130434783
2501,16,3,2,3,0,24,0.6666666666666666
2502,15,3,2,2,0,22,0.6818181818181818
2503,15,3,2,2,0,22,0.6818181818181818
2504,17,2,2,2,0,23,0.7391304347826086
2505,16,2,2,2,0,22,0.7272727272727273
2506,15,3,2,2,0,22,0.6818181818181818
2507,15,2,2,2,0,21,0.7142857142857143
2508,16,4,2,3,0,25,0.64
2509,14,3,2,3,0,22,0.6363636363636364
2510,16,4,2,2,0,24,0.6666666666666666
2511,16,4,2,2,0,24,0.6666666666666666
2512,17,3,2,2,0,24,0.7083333333333334
2513,16,4,2,2,0,24,0.6666666666666666
2514,17,3,2,2,0,24,0.7083333333333334
2515,13,3,2,2,0,20,0.65
2516,14,3,2,2,0,21,0.6666666666666666
2517,16,3,2,3,0,24,0.6666666666666666
2518,14,3,2,3,0,22,0.6363636363636364
2519,16,2,2,2,0,22,0.7272727272727273
2520,13,1,2,2,0,18,0.7222222222222222
2521,14,1,2,2,0,19,0.7368421052631579
2522,12,1,2,2,0,17,0.7058823529411765
2523,15,2,2,2,0,21,0.7142857142857143
2524,15,2,2,2,0,21,0.7142857142857143
2525,14,3,2,2,0,21,0.6666666666666666
2526,16,2,2,2,0,22,0.7272727272727273
2527,16,2,2,3,0,23,0.6956521739130435
2528,14,3,2,2,0,21,0.6666666666666666
2529,14,2,2,2,0,20,0.7
2530,13,2,2,2,0,19,0.6842105263157895
2531,14,2,2,3,0,21,0.6666666666666666
2532,14,2,2,2,0,20,0.7
2533,15,1,2,2,0,20,0.75
2534,16,1,2,2,0,21,0.7619047619047619
2535,15,1,2,2,0,20,0.75
2536,13,2,2,2,0,19,0.6842105263157895
2537,13,2,2,2,0,19,0.6842105263157895
2538,13,3,2,2,0,20,0.65
2539,15,2,2,2,0,21,0.7142857142857143
2540,17,2,2,2,0,23,0.7391304347826086
2541,15,2,2,2,0,21,0.7142857142857143
2542,17,3,2,3,0,25,0.68
2543,15,3,2,3,0,23,0.6521739130434783
2544,15,4,2,2,0,23,0.6521739130434783
2545,15,2,2,2,0,21,0.7142857142857143
2546,15,3,2,3,0,23,0.6521739130434783
2547,13,3,2,2,0,20,0.65
2548,17,3,2,2,0,24,0.7083333333333334
2549,16,3,2,2,0,23,0.6956521739130435
2550,15,4,2,3,0,24,0.625
2551,17,2,2,3,0,24,0.7083333333333334
2552,16,3,2,2,0,23,0.6956521739130435
2553,15,3,2,2,0,22,0.6818181818181818
2554,16,2,2,2,0,22,0.7272727272727273
2555,15,3,2,2,0,22,0.6818181818181818
2556,14,3,2,2,0,21,0.6666666666666666
2557,16,1,2,2,0,21,0.7619047619047619
2558,17,3,2,2,0,24,0.7083333333333334
2559,15,3,2,2,0,22,0.6818181818181818
2560,17,3,2,2,0,24,0.7083333333333334
2561,16,3,2,2,0,23,0.6956521739130435
2562,16,3,2,2,0,23,0.6956521739130435
2563,14,3,2,2,0,21,0.6666666666666666
2564,16,3,2,2,0,23,0.6956521739130435
2565,15,2,2,2,0,21,0.7142857142857143
2566,15,3,2,2,0,22,0.6818181818181818
2567,14,4,2,2,0,22,0.6363636363636364
2568,15,3,2,2,0,22,0.6818181818181818
2569,15,3,2,2,0,22,0.6818181818181818
2570,15,3,2,2,0,22,0.6818181818181818
2571,14,3,2,2,0,21,0.6666666666666666
2572,16,2,2,3,0,23,0.6956521739130435
2573,11,3,2,2,0,18,0.6111111111111112
2574,17,3,2,2,0,24,0.7083333333333334
2575,16,3,2,2,0,23,0.6956521739130435
2576,14,3,2,2,0,21,0.6666666666666666
2577,15,3,2,2,0,22,0.6818181818181818
2578,16,1,2,2,0,21,0.7619047619047619
2579,13,3,2,2,0,20,0.65
2580,16,1,2,2,0,21,0.7619047619047619
2581,14,3,2,2,0,21,0.6666666666666666
2582,15,2,1,2,0,20,0.75
2583,13,3,2,2,0,20,0.65
2584,16,3,2,2,0,23,0.6956521739130435
2585,16,3,2,2,0,23,0.6956521739130435
2586,16,2,2,2,0,22,0.7272727272727273
2587,13,3,2,2,0,20,0.65
2588,15,1,2,2,0,20,0.75
2589,13,3,2,2,0,20,0.65
2590,14,3,2,2,0,21,0.6666666666666666
2591,15,2,2,2,0,21,0.7142857142857143
2592,15,3,2,3,0,23,0.6521739130434783
2593,14,3,2,2,0,21,0.6666666666666666
2594,15,3,2,2,0,22,0.6818181818181818
2595,15,3,2,2,0,22,0.6818181818181818
2596,15,3,2,2,0,22,0.6818181818181818
2597,14,3,2,2,0,21,0.6666666666666666
2598,13,2,2,2,0,19,0.6842105263157895
2599,16,3,2,2,0,23,0.6956521739130435
2600,15,3,2,2,0,22,0.6818181818181818
2601,15,3,2,2,0,22,0.6818181818181818
2602,16,3,2,2,0,23,0.6956521739130435
2603,16,3,2,2,0,23,0.6956521739130435
2604,16,2,2,2,0,22,0.7272727272727273
2605,14,3,2,3,0,22,0.6363636363636364
2606,15,3,2,2,0,22,0.6818181818181818
2607,14,3,2,2,0,21,0.6666666666666666
2608,15,3,2,2,0,22,0.6818181818181818
2609,15,3,2,2,0,22,0.6818181818181818
2610,15,4,2,2,0,23,0.6521739130434783
2611,15,3,2,2,0,22,0.6818181818181818
2612,15,3,2,2,0,22,0.6818181818181818
2613,13,3,2,2,0,20,0.65
2614,13,3,2,2,0,20,0.65
2615,14,3,2,2,0,21,0.6666666666666666
2616,15,2,2,2,0,21,0.7142857142857143
2617,16,2,2,3,0,23,0.6956521739130435
2618,14,3,2,2,0,21,0.6666666666666666
2619,15,3,2,2,0,22,0.6818181818181818
2620,13,3,2,2,0,20,0.65
2621,14,3,2,2,0,21,0.6666666666666666
2622,16,3,2,2,0,23,0.6956521739130435
2623,14,3,2,2,0,21,0.6666666666666666
2624,15,4,2,2,0,23,0.6521739130434783
2625,15,3,2,2,0,22,0.6818181818181818
2626,13,3,2,2,0,20,0.65
2627,14,3,2,2,0,21,0.6666666666666666
2628,17,3,2,2,0,24,0.7083333333333334
2629,14,2,2,2,0,20,0.7
2630,14,3,2,2,0,21,0.6666666666666666
2631,15,3,2,2,0,22,0.6818181818181818
2632,14,2,2,2,0,20,0.7
2633,13,2,2,2,0,19,0.6842105263157895
2634,15,2,2,2,0,21,0.7142857142857143
2635,14,2,2,2,0,20,0.7
2636,15,2,2,2,0,21,0.7142857142857143
2637,16,1,2,2,0,21,0.7619047619047619
2638,17,2,2,2,0,23,0.7391304347826086
2639,16,3,2,2,0,23,0.6956521739130435
2640,16,3,2,1,0,22,0.7272727272727273
2641,14,3,2,2,0,21,0.6666666666666666
2642,15,3,2,2,0,22,0.6818181818181818
2643,16,3,2,2,0,23,0.6956521739130435
2644,16,3,2,2,0,23,0.6956521739130435
2645,15,3,2,2,0,22,0.6818181818181818
2646,17,2,2,2,0,23,0.7391304347826086
2647,16,1,2,2,0,21,0.7619047619047619
2648,15,3,2,3,0,23,0.6521739130434783
2649,16,3,2,2,0,23,0.6956521739130435
2650,17,4,2,2,0,25,0.68
2651,17,2,2,2,0,23,0.7391304347826086
2652,16,3,2,2,0,23,0.6956521739130435
2653,14,3,2,2,0,21,0.6666666666666666
2654,17,3,2,2,0,24,0.7083333333333334
2655,16,3,2,2,0,23,0.6956521739130435
2656,15,3,2,2,0,22,0.6818181818181818
2657,16,3,2,2,0,23,0.6956521739130435
2658,13,1,2,2,0,18,0.7222222222222222
2659,15,2,2,2,0,21,0.7142857142857143
2660,15,3,2,2,0,22,0.6818181818181818
2661,15,4,2,2,0,23,0.6521739130434783
2662,14,3,2,2,0,21,0.6666666666666666
2663,16,3,2,2,0,23,0.6956521739130435
2664,15,4,2,2,0,23,0.6521739130434783
2665,15,3,2,2,0,22,0.6818181818181818
2666,16,2,2,2,0,22,0.7272727272727273
2667,15,3,2,2,0,22,0.6818181818181818
2668,15,3,2,2,0,22,0.6818181818181818
2669,16,3,2,2,0,23,0.6956521739130435
2670,14,2,2,2,0,20,0.7
2671,17,3,2,2,0,24,0.7083333333333334
2672,15,3,2,3,0,23,0.6521739130434783
2673,16,3,2,2,0,23,0.6956521739130435
2674,14,3,2,2,0,21,0.6666666666666666
2675,14,3,2,2,0,21,0.6666666666666666
2676,15,3,2,2,0,22,0.6818181818181818
2677,17,3,2,2,0,24,0.7083333333333334
2678,16,3,2,2,0,23,0.6956521739130435
2679,16,4,2,2,0,24,0.6666666666666666
2680,15,4,2,2,0,23,0.6521739130434783
2681,15,3,2,2,0,22,0.6818181818181818
2682,17,3,2,2,0,24,0.7083333333333334
2683,15,5,2,2,0,24,0.625
2684,17,3,2,2,0,24,0.7083333333333334
2685,14,2,2,2,0,20,0.7
2686,16,3,2,2,0,23,0.6956521739130435
2687,15,3,2,2,0,22,0.6818181818181818
2688,16,4,2,2,0,24,0.6666666666666666
2689,16,3,2,2,0,23,0.6956521739130435
2690,17,2,2,2,0,23,0.7391304347826086
2691,15,3,2,3,0,23,0.6521739130434783
2692,16,3,2,2,0,23,0.6956521739130435
2693,16,3,2,2,0,23,0.6956521739130435
2694,16,3,2,2,0,23,0.6956521739130435
2695,16,2,2,2,0,22,0.7272727272727273
2696,14,3,2,2,0,21,0.6666666666666666
2697,16,2,2,2,0,22,0.7272727272727273
2698,16,2,2,2,0,22,0.7272727272727273
2699,16,2,2,2,0,22,0.7272727272727273
2700,14,3,2,2,0,21,0.6666666666666666
2701,14,3,2,2,0,21,0.6666666666666666
2702,14,2,2,2,0,20,0.7
2703,15,3,2,3,0,23,0.6521739130434783
2704,15,2,2,2,0,21,0.7142857142857143
2705,15,3,2,2,0,22,0.6818181818181818
2706,14,3,2,2,0,21,0.6666666666666666
2707,14,2,2,2,0,20,0.7
2708,16,3,2,2,0,23,0.6956521739130435
2709,14,2,2,2,0,20,0.7
2710,15,3,2,2,0,22,0.6818181818181818
2711,13,4,2,2,0,21,0.6190476190476191
2712,13,2,2,2,0,19,0.6842105263157895
2713,15,3,2,2,0,22,0.6818181818181818
2714,16,2,2,2,0,22,0.7272727272727273
2715,14,1,2,2,0,19,0.7368421052631579
2716,15,3,2,2,0,22,0.6818181818181818
2717,13,3,2,2,0,20,0.65
2718,15,2,2,2,0,21,0.7142857142857143
2719,14,3,2,1,0,20,0.7
2720,13,2,2,2,0,19,0.6842105263157895
2721,15,2,2,2,0,21,0.7142857142857143
2722,16,2,2,2,0,22,0.7272727272727273
2723,14,3,2,2,0,21,0.6666666666666666
2724,14,2,2,2,0,20,0.7
2725,14,3,2,2,0,21,0.6666666666666666
2726,13,2,2,2,0,19,0.6842105263157895
2727,15,3,2,2,0,22,0.6818181818181818
2728,13,2,2,2,0,19,0.6842105263157895
2729,14,2,2,2,0,20,0.7
2730,15,2,2,2,0,21,0.7142857142857143
2731,16,2,2,2,0,22,0.7272727272727273
2732,14,3,2,2,0,21,0.6666666666666666
2733,15,3,2,2,0,22,0.6818181818181818
2734,14,1,2,2,0,19,0.7368421052631579
2735,17,3,2,2,0,24,0.7083333333333334
2736,12,3,2,2,0,19,0.631578947368421
2737,15,3,2,2,0,22,0.6818181818181818
2738,13,4,2,2,0,21,0.6190476190476191
2739,15,2,2,2,0,21,0.7142857142857143
2740,15,1,2,2,0,20,0.75
2741,13,4,2,2,0,21,0.6190476190476191
2742,13,2,2,2,0,19,0.6842105263157895
2743,14,3,2,2,0,21,0.6666666666666666
2744,15,4,2,2,0,23,0.6521739130434783
2745,15,3,2,2,0,22,0.6818181818181818
2746,13,3,2,2,0,20,0.65
2747,14,3,2,2,0,21,0.6666666666666666
2748,14,3,2,2,0,21,0.6666666666666666
2749,14,3,2,2,0,21,0.6666666666666666
2750,16,2,2,2,0,22,0.7272727272727273
2751,16,3,2,2,0,23,0.6956521739130435
2752,15,3,2,2,0,22,0.6818181818181818
2753,14,3,2,2,0,21,0.6666666666666666
2754,14,2,2,2,0,20,0.7
2755,14,3,2,2,0,21,0.6666666666666666
2756,13,3,1,2,0,19,0.6842105263157895
2757,12,3,2,2,0,19,0.631578947368421
2758,13,2,2,2,0,19,0.6842105263157895
2759,14,4,1,2,0,21,0.6666666666666666
2760,16,3,2,2,0,23,0.6956521739130435
2761,14,3,2,2,0,21,0.6666666666666666
2762,14,3,2,2,0,21,0.6666666666666666
2763,16,3,2,2,0,23,0.6956521739130435
2764,15,2,2,2,0,21,0.7142857142857143
2765,15,4,2,2,0,23,0.6521739130434783
2766,14,4,2,3,0,23,0.6086956521739131
2767,17,3,2,2,0,24,0.7083333333333334
2768,14,2,2,2,0,20,0.7
2769,16,2,2,2,0,22,0.7272727272727273
2770,16,2,2,2,0,22,0.7272727272727273
2771,16,2,2,2,0,22,0.7272727272727273
2772,13,3,2,2,0,20,0.65
2773,15,3,2,2,0,22,0.6818181818181818
2774,14,3,2,2,0,21,0.6666666666666666
2775,13,3,2,2,0,20,0.65
2776,14,4,2,2,0,22,0.6363636363636364
2777,15,2,2,2,0,21,0.7142857142857143
2778,13,2,2,2,0,19,0.6842105263157895
2779,13,2,2,2,0,19,0.6842105263157895
2780,16,3,2,2,0,23,0.6956521739130435
2781,15,2,2,2,0,21,0.7142857142857143
2782,14,1,2,2,0,19,0.7368421052631579
2783,13,1,2,2,0,18,0.7222222222222222
2784,16,3,2,2,0,23,0.6956521739130435
2785,15,3,2,2,0,22,0.6818181818181818
2786,14,3,2,2,0,21,0.6666666666666666
2787,15,3,2,2,0,22,0.6818181818181818
2788,16,4,2,2,0,24,0.6666666666666666
2789,13,2,2,2,0,19,0.6842105263157895
2790,15,3,2,2,0,22,0.6818181818181818
2791,12,1,2,2,0,17,0.7058823529411765
2792,16,1,2,2,0,21,0.7619047619047619
2793,16,2,2,2,0,22,0.7272727272727273
2794,13,2,2,2,0,19,0.6842105263157895
2795,14,2,2,2,0,20,0.7
2796,14,1,2,2,0,19,0.7368421052631579
2797,13,2,2,2,0,19,0.6842105263157895
2798,14,2,2,2,0,20,0.7
2799,13,2,2,2,0,19,0.6842105263157895
2800,15,4,2,2,0,23,0.6521739130434783
2801,14,2,2,2,0,20,0.7
2802,13,2,2,1,0,18,0.7222222222222222
2803,15,3,2,2,0,22,0.6818181818181818
2804,13,3,2,2,0,20,0.65
2805,16,3,2,2,0,23,0.6956521739130435
2806,15,4,2,2,0,23,0.6521739130434783
2807,15,1,2,2,0,20,0.75
2808,13,1,2,2,0,18,0.7222222222222222
2809,16,2,2,2,0,22,0.7272727272727273
2810,13,1,2,2,0,18,0.7222222222222222
2811,14,1,2,2,0,19,0.7368421052631579
2812,14,1,2,2,0,19,0.7368421052631579
2813,15,2,2,2,0,21,0.7142857142857143
2814,15,1,2,2,0,20,0.75
2815,15,1,2,2,0,20,0.75
2816,13,1,2,2,0,18,0.7222222222222222
2817,13,2,2,2,0,19,0.6842105263157895
2818,16,3,2,3,0,24,0.6666666666666666
2819,15,3,2,2,0,22,0.6818181818181818
2820,14,3,2,2,0,21,0.6666666666666666
2821,15,1,2,2,0,20,0.75
2822,13,4,2,2,0,21,0.6190476190476191
2823,14,2,2,2,0,20,0.7
2824,15,1,2,2,0,20,0.75
2825,14,1,2,2,0,19,0.7368421052631579
2826,12,1,2,2,0,17,0.7058823529411765
2827,15,2,2,2,0,21,0.7142857142857143
2828,14,3,2,2,0,21,0.6666666666666666
2829,13,3,2,3,0,21,0.6190476190476191
2830,15,3,2,2,0,22,0.6818181818181818
2831,13,4,2,1,0,20,0.65
2832,15,3,2,2,0,22,0.6818181818181818
2833,15,3,2,2,0,22,0.6818181818181818
2834,16,3,2,3,0,24,0.6666666666666666
2835,14,3,2,2,0,21,0.6666666666666666
2836,15,3,2,2,0,22,0.6818181818181818
2837,13,3,2,2,0,20,0.65
2838,12,2,2,2,0,18,0.6666666666666666
2839,13,3,2,2,0,20,0.65
2840,16,3,2,2,0,23,0.6956521739130435
2841,14,2,2,1,0,19,0.7368421052631579
2842,14,3,2,2,0,21,0.6666666666666666
2843,13,3,2,2,0,20,0.65
2844,15,3,2,2,0,22,0.6818181818181818
2845,15,3,2,2,0,22,0.6818181818181818
2846,15,2,2,2,0,21,0.7142857142857143
2847,14,3,2,2,0,21,0.6666666666666666
2848,13,3,2,2,0,20,0.65
2849,13,3,2,2,0,20,0.65
2850,14,3,2,2,0,21,0.6666666666666666
2851,15,2,2,2,0,21,0.7142857142857143
2852,14,3,2,2,0,21,0.6666666666666666
2853,15,3,2,2,0,22,0.6818181818181818
2854,15,3,2,2,0,22,0.6818181818181818
2855,14,3,2,2,0,21,0.6666666666666666
2856,16,2,2,2,0,22,0.7272727272727273
2857,17,3,2,2,0,24,0.7083333333333334
2858,16,3,2,2,0,23,0.6956521739130435
2859,16,4,2,2,0,24,0.6666666666666666
2860,16,3,2,2,0,23,0.6956521739130435
2861,14,2,2,2,0,20,0.7
2862,16,2,2,2,0,22,0.7272727272727273
2863,15,3,2,2,0,22,0.6818181818181818
2864,14,2,2,2,0,20,0.7
2865,15,3,2,2,0,22,0.6818181818181818
2866,17,3,2,2,0,24,0.7083333333333334
2867,16,2,2,2,0,22,0.7272727272727273
2868,15,3,2,2,0,22,0.6818181818181818
2869,17,3,2,2,0,24,0.7083333333333334
2870,16,2,2,2,0,22,0.7272727272727273
2871,15,2,2,2,0,21,0.7142857142857143
2872,13,3,2,2,0,20,0.65
2873,15,1,2,2,0,20,0.75
2874,16,3,2,2,0,23,0.6956521739130435
2875,16,2,2,2,0,22,0.7272727272727273
2876,16,4,2,3,0,25,0.64
2877,17,3,2,2,0,24,0.7083333333333334
2878,15,3,2,2,0,22,0.6818181818181818
2879,16,3,2,2,0,23,0.6956521739130435
2880,14,2,2,2,0,20,0.7
2881,15,3,2,2,0,22,0.6818181818181818
2882,17,2,2,2,0,23,0.7391304347826086
2883,15,4,2,2,0,23,0.6521739130434783
2884,15,3,2,2,0,22,0.6818181818181818
2885,14,3,2,2,0,21,0.6666666666666666
2886,13,3,2,2,0,20,0.65
2887,16,3,2,2,0,23,0.6956521739130435
2888,14,3,2,2,0,21,0.6666666666666666
2889,16,3,2,2,0,23,0.6956521739130435
2890,16,3,2,2,0,23,0.6956521739130435
2891,14,3,2,2,0,21,0.6666666666666666
2892,14,3,2,2,0,21,0.6666666666666666
2893,16,3,2,2,0,23,0.6956521739130435
2894,16,3,2,2,0,23,0.6956521739130435
2895,14,3,2,2,0,21,0.6666666666666666
2896,15,3,2,2,0,22,0.6818181818181818
2897,13,2,2,2,0,19,0.6842105263157895
2898,13,3,2,2,0,20,0.65
2899,14,3,2,1,0,20,0.7
2900,17,2,2,1,0,22,0.7727272727272727
2901,14,3,2,2,0,21,0.6666666666666666
2902,16,2,2,2,0,22,0.7272727272727273
2903,13,3,2,2,0,20,0.65
2904,17,2,2,2,0,23,0.7391304347826086
2905,15,4,2,2,0,23,0.6521739130434783
2906,17,3,2,2,0,24,0.7083333333333334
2907,12,3,2,2,0,19,0.631578947368421
2908,17,3,2,2,0,24,0.7083333333333334
2909,15,3,2,2,0,22,0.6818181818181818
2910,14,2,2,2,0,20,0.7
2911,14,3,2,2,0,21,0.6666666666666666
2912,15,2,2,2,0,21,0.7142857142857143
2913,16,2,2,2,0,22,0.7272727272727273
2914,14,3,2,2,0,21,0.6666666666666666
2915,13,3,2,2,0,20,0.65
2916,13,3,2,2,0,20,0.65
2917,15,3,2,2,0,22,0.6818181818181818
2918,14,2,2,2,0,20,0.7
2919,13,1,1,2,0,17,0.7647058823529411
2920,16,2,2,2,0,22,0.7272727272727273
2921,15,2,2,3,0,22,0.6818181818181818
2922,14,3,2,2,0,21,0.6666666666666666
2923,13,2,2,2,0,19,0.6842105263157895
2924,15,3,2,2,0,22,0.6818181818181818
2925,17,3,2,2,0,24,0.7083333333333334
2926,15,3,2,2,0,22,0.6818181818181818
2927,13,2,2,2,0,19,0.6842105263157895
2928,15,3,2,2,0,22,0.6818181818181818
2929,15,3,1,2,0,21,0.7142857142857143
2930,16,1,2,2,0,21,0.7619047619047619
2931,16,3,2,2,0,23,0.6956521739130435
2932,12,3,2,2,0,19,0.631578947368421
2933,14,2,2,2,0,20,0.7
2934,14,1,2,2,0,19,0.7368421052631579
2935,14,3,2,2,0,21,0.6666666666666666
2936,12,1,2,2,0,17,0.7058823529411765
2937,15,2,2,2,0,21,0.7142857142857143
2938,15,2,2,1,0,20,0.75
2939,13,3,1,2,0,19,0.6842105263157895
2940,13,3,2,2,0,20,0.65
2941,15,3,2,2,0,22,0.6818181818181818
2942,13,4,2,2,0,21,0.6190476190476191
2943,16,3,2,2,0,23,0.6956521739130435
2944,15,3,2,2,0,22,0.6818181818181818
2945,15,3,2,2,0,22,0.6818181818181818
2946,16,3,2,2,0,23,0.6956521739130435
2947,16,3,2,2,0,23,0.6956521739130435
2948,15,3,2,2,0,22,0.6818181818181818
2949,14,2,2,2,0,20,0.7
2950,15,3,2,2,0,22,0.6818181818181818
2951,14,3,2,3,0,22,0.6363636363636364
2952,14,3,2,2,0,21,0.6666666666666666
2953,14,4,2,2,0,22,0.6363636363636364
2954,11,3,2,2,0,18,0.6111111111111112
2955,16,3,2,2,0,23,0.6956521739130435
2956,16,3,2,2,0,23,0.6956521739130435
2957,14,3,2,2,0,21,0.6666666666666666
2958,15,3,2,2,0,22,0.6818181818181818
2959,16,3,2,2,0,23,0.6956521739130435
2960,17,4,2,2,0,25,0.68
2961,16,3,2,2,0,23,0.6956521739130435
2962,16,3,2,2,0,23,0.6956521739130435
2963,15,3,2,2,0,22,0.6818181818181818
2964,15,2,1,2,0,20,0.75
2965,17,3,2,2,0,24,0.7083333333333334
2966,17,3,2,2,0,24,0.7083333333333334
2967,16,3,2,2,0,23,0.6956521739130435
2968,14,3,2,2,0,21,0.6666666666666666
2969,17,3,2,2,0,24,0.7083333333333334
2970,14,3,2,2,0,21,0.6666666666666666
2971,17,3,2,2,0,24,0.7083333333333334
2972,14,3,2,2,0,21,0.6666666666666666
2973,14,3,2,2,0,21,0.6666666666666666
2974,15,3,2,2,0,22,0.6818181818181818
2975,16,2,2,2,0,22,0.7272727272727273
2976,15,3,2,2,0,22,0.6818181818181818
2977,15,3,2,2,0,22,0.6818181818181818
2978,13,1,2,2,0,18,0.7222222222222222
2979,15,3,2,2,0,22,0.6818181818181818
2980,15,3,2,2,0,22,0.6818181818181818
2981,13,3,2,2,0,20,0.65
2982,15,3,2,2,0,22,0.6818181818181818
2983,12,3,2,2,0,19,0.631578947368421
2984,16,3,2,2,0,23,0.6956521739130435
2985,15,4,2,2,0,23,0.6521739130434783
2986,16,3,2,2,0,23,0.6956521739130435
2987,14,3,2,2,0,21,0.6666666666666666
2988,14,2,2,2,0,20,0.7
2989,14,3,2,2,0,21,0.6666666666666666
2990,16,2,2,2,0,22,0.7272727272727273
2991,14,3,2,2,0,21,0.6666666666666666
2992,15,3,2,2,0,22,0.6818181818181818
2993,17,3,2,2,0,24,0.7083333333333334
2994,14,3,2,2,0,21,0.6666666666666666
2995,16,3,2,2,0,23,0.6956521739130435
2996,15,3,2,2,0,22,0.6818181818181818
2997,16,4,2,2,0,24,0.6666666666666666
2998,16,4,2,2,0,24,0.6666666666666666
2999,16,4,2,2,0,24,0.6666666666666666
3000,13,3,2,2,0,20,0.65
3001,16,3,2,2,0,23,0.6956521739130435
3002,15,3,2,2,0,22,0.6818181818181818
3003,14,2,2,2,0,20,0.7
3004,14,3,2,2,0,21,0.6666666666666666
3005,16,2,2,2,0,22,0.7272727272727273
3006,16,3,2,2,0,23,0.6956521739130435
3007,15,2,2,2,0,21,0.7142857142857143
3008,15,1,2,2,0,20,0.75
3009,14,3,2,2,0,21,0.6666666666666666
3010,16,3,2,2,0,23,0.6956521739130435
3011,16,2,2,2,0,22,0.7272727272727273
3012,16,2,2,2,0,22,0.7272727272727273
3013,15,4,2,2,0,23,0.6521739130434783
3014,17,3,2,2,0,24,0.7083333333333334
3015,13,3,2,2,0,20,0.65
3016,16,3,2,2,0,23,0.6956521739130435
3017,17,3,2,2,0,24,0.7083333333333334
3018,13,2,2,2,0,19,0.6842105263157895
3019,16,4,2,2,0,24,0.6666666666666666
3020,17,3,2,2,0,24,0.7083333333333334
3021,15,3,2,2,0,22,0.6818181818181818
3022,16,3,2,2,0,23,0.6956521739130435
3023,17,2,2,2,0,23,0.7391304347826086
3024,15,1,2,2,0,20,0.75
3025,17,4,2,2,0,25,0.68
3026,14,3,2,2,0,21,0.6666666666666666
3027,17,1,2,2,0,22,0.7727272727272727
3028,17,3,2,2,0,24,0.7083333333333334
3029,16,2,2,2,0,22,0.7272727272727273
3030,13,3,2,2,0,20,0.65
3031,16,3,2,2,0,23,0.6956521739130435
3032,14,3,2,2,0,21,0.6666666666666666
3033,16,3,2,2,0,23,0.6956521739130435
3034,15,3,2,2,0,22,0.6818181818181818
3035,14,3,2,2,0,21,0.6666666666666666
3036,17,3,2,2,0,24,0.7083333333333334
3037,15,3,2,2,0,22,0.6818181818181818
3038,15,3,2,2,0,22,0.6818181818181818
3039,16,3,2,2,0,23,0.6956521739130435
3040,15,3,2,2,0,22,0.6818181818181818
3041,17,3,2,2,0,24,0.7083333333333334
3042,17,3,2,2,0,24,0.7083333333333334
3043,17,4,2,2,0,25,0.68
3044,17,3,2,2,0,24,0.7083333333333334
3045,17,3,2,2,0,24,0.7083333333333334
3046,16,2,2,2,0,22,0.7272727272727273
3047,16,3,2,2,0,23,0.6956521739130435
3048,15,3,2,2,0,22,0.6818181818181818
3049,14,2,2,2,0,20,0.7
3050,15,1,2,2,0,20,0.75
3051,16,3,2,2,0,23,0.6956521739130435
3052,15,3,2,2,0,22,0.6818181818181818
3053,15,3,2,1,0,21,0.7142857142857143
3054,13,3,2,2,0,20,0.65
3055,14,4,2,2,0,22,0.6363636363636364
3056,14,2,2,2,0,20,0.7
3057,16,3,2,2,0,23,0.6956521739130435
3058,14,3,2,2,0,21,0.6666666666666666
3059,16,2,2,2,0,22,0.7272727272727273
3060,13,1,1,2,0,17,0.7647058823529411
3061,16,2,2,2,0,22,0.7272727272727273
3062,14,2,2,2,0,20,0.7
3063,14,3,2,2,0,21,0.6666666666666666
3064,14,3,2,2,0,21,0.6666666666666666
3065,15,2,2,2,0,21,0.7142857142857143
3066,15,2,2,2,0,21,0.7142857142857143
3067,12,4,1,3,0,20,0.6
3068,16,2,2,2,0,22,0.7272727272727273
3069,15,2,2,2,0,21,0.7142857142857143
3070,15,2,2,2,0,21,0.7142857142857143
3071,16,2,2,2,0,22,0.7272727272727273
3072,14,2,2,3,0,21,0.6666666666666666
3073,14,2,1,2,0,19,0.7368421052631579
3074,14,2,1,2,0,19,0.7368421052631579
3075,14,2,2,2,0,20,0.7
3076,14,2,2,2,0,20,0.7
3077,15,2,2,2,0,21,0.7142857142857143
3078,14,2,2,2,0,20,0.7
3079,15,2,2,2,0,21,0.7142857142857143
3080,15,2,2,2,0,21,0.7142857142857143
3081,15,2,2,2,0,21,0.7142857142857143
3082,15,2,2,2,0,21,0.7142857142857143
3083,15,2,2,2,0,21,0.7142857142857143
3084,16,2,2,2,0,22,0.7272727272727273
3085,15,2,2,2,0,21,0.7142857142857143
3086,16,1,2,2,0,21,0.7619047619047619
3087,15,1,2,2,0,20,0.75
3088,15,2,2,2,0,21,0.7142857142857143
3089,15,2,2,2,0,21,0.7142857142857143
3090,15,2,2,2,0,21,0.7142857142857143
3091,16,2,2,2,0,22,0.7272727272727273
3092,13,2,2,2,0,19,0.6842105263157895
3093,15,2,2,2,0,21,0.7142857142857143
3094,16,2,2,2,0,22,0.7272727272727273
3095,15,2,2,2,0,21,0.7142857142857143
3096,15,2,2,2,0,21,0.7142857142857143
3097,14,2,2,2,0,20,0.7
3098,17,1,2,2,0,22,0.7727272727272727
3099,14,2,2,2,0,20,0.7
3100,15,1,2,2,0,20,0.75
3101,16,2,2,2,0,22,0.7272727272727273
3102,16,1,2,2,0,21,0.7619047619047619
3103,13,2,2,2,0,19,0.6842105263157895
3104,15,3,2,2,0,22,0.6818181818181818
3105,16,2,2,2,0,22,0.7272727272727273
3106,16,2,2,2,0,22,0.7272727272727273
3107,15,2,2,2,0,21,0.7142857142857143
3108,14,2,2,2,0,20,0.7
3109,16,2,2,2,0,22,0.7272727272727273
3110,15,2,2,2,0,21,0.7142857142857143
3111,15,3,2,2,0,22,0.6818181818181818
3112,16,2,2,2,0,22,0.7272727272727273
3113,15,2,2,2,0,21,0.7142857142857143
3114,16,2,2,2,0,22,0.7272727272727273
3115,17,2,2,2,0,23,0.7391304347826086
3116,14,3,2,2,0,21,0.6666666666666666
3117,15,2,2,2,0,21,0.7142857142857143
3118,16,2,2,2,0,22,0.7272727272727273
3119,15,3,2,2,0,22,0.6818181818181818
3120,13,1,2,2,0,18,0.7222222222222222
3121,17,2,2,2,0,23,0.7391304347826086
3122,15,2,2,2,0,21,0.7142857142857143
3123,15,2,2,2,0,21,0.7142857142857143
3124,14,2,2,2,0,20,0.7
3125,16,2,2,2,0,22,0.7272727272727273
3126,16,2,2,2,0,22,0.7272727272727273
3127,16,3,2,2,0,23,0.6956521739130435
3128,16,3,2,2,0,23,0.6956521739130435
3129,15,2,2,2,0,21,0.7142857142857143
3130,15,1,2,2,0,20,0.75
3131,17,2,2,2,0,23,0.7391304347826086
3132,15,3,2,2,0,22,0.6818181818181818
3133,15,1,2,2,0,20,0.75
3134,17,2,2,2,0,23,0.7391304347826086
3135,14,2,2,2,0,20,0.7
3136,14,0,2,2,0,18,0.7777777777777778
3137,16,1,2,2,0,21,0.7619047619047619
3138,16,2,2,2,0,22,0.7272727272727273
3139,16,1,2,2,0,21,0.7619047619047619
3140,17,2,2,2,0,23,0.7391304347826086
3141,15,2,2,2,0,21,0.7142857142857143
3142,16,3,2,2,0,23,0.6956521739130435
3143,14,3,2,2,0,21,0.6666666666666666
3144,15,3,2,2,0,22,0.6818181818181818
3145,15,2,2,2,0,21,0.7142857142857143
3146,14,2,2,3,0,21,0.6666666666666666
3147,15,1,2,3,0,21,0.7142857142857143
3148,13,3,2,2,0,20,0.65
3149,16,2,2,2,0,22,0.7272727272727273
3150,12,3,2,2,0,19,0.631578947368421
3151,13,3,2,2,0,20,0.65
3152,16,2,2,2,0,22,0.7272727272727273
3153,17,1,2,2,0,22,0.7727272727272727
3154,15,2,2,2,0,21,0.7142857142857143
3155,14,1,2,2,0,19,0.7368421052631579
3156,13,3,2,2,0,20,0.65
3157,14,3,2,2,0,21,0.6666666666666666
3158,13,4,2,2,0,21,0.6190476190476191
3159,16,2,2,2,0,22,0.7272727272727273
3160,16,2,2,2,0,22,0.7272727272727273
3161,16,3,2,2,0,23,0.6956521739130435
3162,17,1,2,2,0,22,0.7727272727272727
3163,16,2,2,2,0,22,0.7272727272727273
3164,17,2,2,2,0,23,0.7391304347826086
3165,15,1,2,2,0,20,0.75
3166,15,2,2,2,0,21,0.7142857142857143
3167,17,2,2,1,0,22,0.7727272727272727
3168,17,2,2,3,0,24,0.7083333333333334
3169,14,2,2,2,0,20,0.7
3170,15,3,2,2,0,22,0.6818181818181818
3171,17,2,2,2,0,23,0.7391304347826086
3172,15,4,2,2,0,23,0.6521739130434783
3173,16,2,2,2,0,22,0.7272727272727273
3174,14,2,2,2,0,20,0.7
3175,15,2,2,2,0,21,0.7142857142857143
3176,14,2,2,2,0,20,0.7
3177,14,0,2,2,0,18,0.7777777777777778
3178,12,1,2,2,0,17,0.7058823529411765
3179,17,1,2,2,0,22,0.7727272727272727
3180,12,2,2,2,0,18,0.6666666666666666
3181,16,1,2,2,0,21,0.7619047619047619
3182,16,1,2,2,0,21,0.7619047619047619
3183,16,2,2,2,0,22,0.7272727272727273
3184,15,2,2,2,0,21,0.7142857142857143
3185,14,2,2,2,0,20,0.7
3186,13,3,2,2,0,20,0.65
3187,16,3,2,2,0,23,0.6956521739130435
3188,17,2,2,2,0,23,0.7391304347826086
3189,15,3,2,2,0,22,0.6818181818181818
3190,15,2,2,2,0,21,0.7142857142857143
3191,14,2,2,2,0,20,0.7
3192,14,0,2,2,0,18,0.7777777777777778
3193,13,2,2,2,0,19,0.6842105263157895
3194,16,2,2,2,0,22,0.7272727272727273
3195,13,3,2,2,0,20,0.65
3196,16,3,2,2,0,23,0.6956521739130435
3197,15,3,2,2,0,22,0.6818181818181818
3198,15,1,2,3,0,21,0.7142857142857143
3199,16,2,2,2,0,22,0.7272727272727273
3200,13,2,2,2,0,19,0.6842105263157895
3201,12,1,2,2,0,17,0.7058823529411765
3202,14,2,2,2,0,20,0.7
3203,15,2,2,2,0,21,0.7142857142857143
3204,12,2,2,3,0,19,0.631578947368421
3205,14,3,2,2,0,21,0.6666666666666666
3206,12,2,2,2,0,18,0.6666666666666666
3207,10,0,2,2,0,14,0.7142857142857143
3208,13,3,2,2,0,20,0.65
3209,13,2,2,2,0,19,0.6842105263157895
3210,12,1,2,2,0,17,0.7058823529411765
3211,14,1,2,2,0,19,0.7368421052631579
3212,14,2,2,1,0,19,0.7368421052631579
3213,13,0,2,2,0,17,0.7647058823529411
3214,12,2,2,2,0,18,0.6666666666666666
3215,12,1,2,2,0,17,0.7058823529411765
3216,12,0,2,2,0,16,0.75
3217,14,0,2,2,0,18,0.7777777777777778
3218,11,0,2,2,0,15,0.7333333333333333
3219,12,1,2,2,0,17,0.7058823529411765
3220,13,1,2,2,0,18,0.7222222222222222
3221,14,1,2,2,0,19,0.7368421052631579
3222,14,1,2,3,0,20,0.7
3223,14,1,2,2,0,19,0.7368421052631579
3224,15,1,2,2,0,20,0.75
3225,13,2,2,2,0,19,0.6842105263157895
3226,14,1,2,2,0,19,0.7368421052631579
3227,13,1,2,2,0,18,0.7222222222222222
3228,14,0,2,2,0,18,0.7777777777777778
3229,13,2,2,2,0,19,0.6842105263157895
3230,13,2,2,2,0,19,0.6842105263157895
3231,15,3,2,2,0,22,0.6818181818181818
3232,16,1,2,2,0,21,0.7619047619047619
3233,13,0,2,2,0,17,0.7647058823529411
3234,13,0,1,2,0,16,0.8125
3235,13,1,2,2,0,18,0.7222222222222222
3236,15,1,2,2,0,20,0.75
3237,14,2,2,1,0,19,0.7368421052631579
3238,16,3,2,2,0,23,0.6956521739130435
3239,14,2,2,2,0,20,0.7
3240,14,3,2,2,0,21,0.6666666666666666
3241,17,2,2,2,0,23,0.7391304347826086
3242,16,2,2,2,0,22,0.7272727272727273
3243,15,2,2,2,0,21,0.7142857142857143
3244,16,2,2,2,0,22,0.7272727272727273
3245,15,2,2,2,0,21,0.7142857142857143
3246,15,0,2,2,0,19,0.7894736842105263
3247,16,1,2,2,0,21,0.7619047619047619
3248,16,1,2,2,0,21,0.7619047619047619
3249,17,2,2,2,0,23,0.7391304347826086
3250,13,2,2,2,0,19,0.6842105263157895
3251,14,2,2,1,0,19,0.7368421052631579
3252,17,2,2,3,0,24,0.7083333333333334
3253,15,1,2,2,0,20,0.75
3254,14,2,2,3,0,21,0.6666666666666666
3255,16,2,2,2,0,22,0.7272727272727273
3256,16,2,2,1,0,21,0.7619047619047619
3257,16,2,2,2,0,22,0.7272727272727273
3258,17,3,2,2,0,24,0.7083333333333334
3259,16,1,2,2,0,21,0.7619047619047619
3260,17,2,2,2,0,23,0.7391304347826086
3261,14,1,2,2,0,19,0.7368421052631579
3262,16,3,2,2,0,23,0.6956521739130435
3263,13,2,2,2,0,19,0.6842105263157895
3264,16,1,2,3,0,22,0.7272727272727273
3265,16,2,2,2,0,22,0.7272727272727273
3266,16,2,2,2,0,22,0.7272727272727273
3267,15,1,2,2,0,20,0.75
3268,16,1,2,2,0,21,0.7619047619047619
3269,16,2,2,2,0,22,0.7272727272727273
3270,15,2,2,2,0,21,0.7142857142857143
3271,14,1,2,2,0,19,0.7368421052631579
3272,15,1,2,3,0,21,0.7142857142857143
3273,13,1,2,2,0,18,0.7222222222222222
3274,15,1,2,2,0,20,0.75
3275,12,1,2,2,0,17,0.7058823529411765
3276,17,2,2,2,0,23,0.7391304347826086
3277,16,1,2,2,0,21,0.7619047619047619
3278,15,2,2,2,0,21,0.7142857142857143
3279,15,2,2,2,0,21,0.7142857142857143
3280,15,2,2,2,0,21,0.7142857142857143
3281,16,2,2,2,0,22,0.7272727272727273
3282,13,2,2,2,0,19,0.6842105263157895
3283,16,2,2,2,0,22,0.7272727272727273
3284,16,2,2,2,0,22,0.7272727272727273
3285,15,1,2,2,0,20,0.75
3286,13,0,2,2,0,17,0.7647058823529411
3287,16,2,2,2,0,22,0.7272727272727273
3288,14,2,2,2,0,20,0.7
3289,14,1,2,2,0,19,0.7368421052631579
3290,16,2,2,2,0,22,0.7272727272727273
3291,16,2,2,2,0,22,0.7272727272727273
3292,14,2,2,2,0,20,0.7
3293,12,3,2,2,0,19,0.631578947368421
3294,16,2,2,2,0,22,0.7272727272727273
3295,16,1,2,2,0,21,0.7619047619047619
3296,16,2,2,2,0,22,0.7272727272727273
3297,16,2,2,2,0,22,0.7272727272727273
3298,17,2,2,2,0,23,0.7391304347826086
3299,15,2,2,2,0,21,0.7142857142857143
3300,16,2,2,2,0,22,0.7272727272727273
3301,16,3,2,2,0,23,0.6956521739130435
3302,14,2,2,2,0,20,0.7
3303,16,2,2,2,0,22,0.7272727272727273
3304,17,2,2,2,0,23,0.7391304347826086
3305,13,1,2,2,0,18,0.7222222222222222
3306,14,2,2,2,0,20,0.7
3307,16,1,2,2,0,21,0.7619047619047619
3308,15,2,2,2,0,21,0.7142857142857143
3309,16,2,2,2,0,22,0.7272727272727273
3310,17,2,2,2,0,23,0.7391304347826086
3311,16,1,2,2,0,21,0.7619047619047619
3312,16,2,2,2,0,22,0.7272727272727273
3313,15,2,2,2,0,21,0.7142857142857143
3314,14,3,2,2,0,21,0.6666666666666666
3315,14,4,2,3,0,23,0.6086956521739131
3316,16,3,2,2,0,23,0.6956521739130435
3317,14,2,2,2,0,20,0.7
3318,17,2,2,2,0,23,0.7391304347826086
3319,17,2,2,2,0,23,0.7391304347826086
3320,16,2,2,2,0,22,0.7272727272727273
3321,15,2,2,2,0,21,0.7142857142857143
3322,16,1,2,2,0,21,0.7619047619047619
3323,17,3,2,2,0,24,0.7083333333333334
3324,15,2,2,2,0,21,0.7142857142857143
3325,17,2,2,2,0,23,0.7391304347826086
3326,14,0,2,2,0,18,0.7777777777777778
3327,14,2,2,2,0,20,0.7
3328,16,2,2,2,0,22,0.7272727272727273
3329,14,2,2,2,0,20,0.7
3330,14,3,2,3,0,22,0.6363636363636364
3331,14,2,2,2,0,20,0.7
3332,16,2,2,2,0,22,0.7272727272727273
3333,16,2,2,2,0,22,0.7272727272727273
3334,14,3,2,2,0,21,0.6666666666666666
3335,16,2,2,2,0,22,0.7272727272727273
3336,14,2,2,2,0,20,0.7
3337,14,2,2,2,0,20,0.7
3338,16,2,2,2,0,22,0.7272727272727273
3339,14,2,2,2,0,20,0.7
3340,14,2,2,2,0,20,0.7
3341,14,2,2,2,0,20,0.7
3342,14,2,2,2,0,20,0.7
3343,14,2,2,2,0,20,0.7
3344,14,2,2,2,0,20,0.7
3345,15,2,2,2,0,21,0.7142857142857143
3346,12,2,2,2,0,18,0.6666666666666666
3347,14,2,2,2,0,20,0.7
3348,12,2,2,2,0,18,0.6666666666666666
3349,11,3,1,2,0,17,0.6470588235294118
3350,16,2,2,2,0,22,0.7272727272727273
3351,14,2,2,2,0,20,0.7
3352,14,3,2,2,0,21,0.6666666666666666
3353,15,2,2,3,0,22,0.6818181818181818
3354,13,2,2,3,0,20,0.65
3355,15,1,2,2,0,20,0.75
3356,17,2,2,2,0,23,0.7391304347826086
3357,12,2,2,2,0,18,0.6666666666666666
3358,12,1,2,2,0,17,0.7058823529411765
3359,12,2,2,2,0,18,0.6666666666666666
3360,11,1,2,2,0,16,0.6875
3361,14,1,2,2,0,19,0.7368421052631579
3362,14,1,2,3,0,20,0.7
3363,13,1,2,2,0,18,0.7222222222222222
3364,12,1,2,2,0,17,0.7058823529411765
3365,12,1,2,3,0,18,0.6666666666666666
3366,13,2,2,3,0,20,0.65
3367,16,0,2,2,0,20,0.8
3368,15,0,2,2,0,19,0.7894736842105263
3369,13,1,2,2,0,18,0.7222222222222222
3370,14,0,2,2,0,18,0.7777777777777778
3371,14,1,2,1,0,18,0.7777777777777778
3372,13,1,2,2,0,18,0.7222222222222222
3373,15,2,2,2,0,21,0.7142857142857143
3374,16,0,2,3,0,21,0.7619047619047619
3375,13,0,2,2,0,17,0.7647058823529411
3376,13,2,2,2,0,19,0.6842105263157895
3377,12,0,2,2,0,16,0.75
3378,13,2,2,2,0,19,0.6842105263157895
3379,13,1,2,2,0,18,0.7222222222222222
3380,15,1,2,2,0,20,0.75
3381,16,1,2,3,0,22,0.7272727272727273
3382,13,1,2,2,0,18,0.7222222222222222
3383,14,1,2,2,0,19,0.7368421052631579
3384,12,1,2,2,0,17,0.7058823529411765
3385,13,3,2,2,0,20,0.65
3386,14,1,2,2,0,19,0.7368421052631579
3387,12,1,2,2,0,17,0.7058823529411765
3388,15,1,2,2,0,20,0.75
3389,13,1,2,2,0,18,0.7222222222222222
3390,11,2,2,2,0,17,0.6470588235294118
3391,13,0,2,2,0,17,0.7647058823529411
3392,14,0,2,2,0,18,0.7777777777777778
3393,14,1,2,2,0,19,0.7368421052631579
3394,14,1,2,2,0,19,0.7368421052631579
3395,15,0,2,2,0,19,0.7894736842105263
3396,15,0,2,2,0,19,0.7894736842105263
3397,11,2,2,3,0,18,0.6111111111111112
3398,14,0,2,2,0,18,0.7777777777777778
3399,14,0,2,2,0,18,0.7777777777777778
3400,15,0,2,2,0,19,0.7894736842105263
3401,10,1,2,2,0,15,0.6666666666666666
3402,15,1,2,2,0,20,0.75
3403,16,1,2,2,0,21,0.7619047619047619
3404,14,1,2,2,0,19,0.7368421052631579
3405,14,1,2,2,0,19,0.7368421052631579
3406,14,1,2,2,0,19,0.7368421052631579
3407,14,2,2,2,0,20,0.7
3408,15,2,2,2,0,21,0.7142857142857143
3409,15,2,2,2,0,21,0.7142857142857143
3410,14,2,2,2,0,20,0.7
3411,15,2,2,2,0,21,0.7142857142857143
3412,13,1,2,2,0,18,0.7222222222222222
3413,15,2,2,2,0,21,0.7142857142857143
3414,14,1,2,2,0,19,0.7368421052631579
3415,15,2,2,2,0,21,0.7142857142857143
3416,15,2,2,2,0,21,0.7142857142857143
3417,15,2,2,2,0,21,0.7142857142857143
3418,15,2,2,2,0,21,0.7142857142857143
3419,15,2,2,2,0,21,0.7142857142857143
3420,12,1,2,2,0,17,0.7058823529411765
3421,16,1,2,2,0,21,0.7619047619047619
3422,13,2,2,2,0,19,0.6842105263157895
3423,15,1,2,2,0,20,0.75
3424,15,2,2,2,0,21,0.7142857142857143
3425,15,1,2,2,0,20,0.75
3426,16,2,2,2,0,22,0.7272727272727273
3427,14,2,1,2,0,19,0.7368421052631579
3428,15,1,2,2,0,20,0.75
3429,12,2,2,2,0,18,0.6666666666666666
3430,13,0,2,2,0,17,0.7647058823529411
3431,14,1,2,2,0,19,0.7368421052631579
3432,16,2,2,2,0,22,0.7272727272727273
3433,14,2,2,2,0,20,0.7
3434,16,2,2,2,0,22,0.7272727272727273
3435,14,2,2,2,0,20,0.7
3436,13,2,2,2,0,19,0.6842105263157895
3437,17,2,2,2,0,23,0.7391304347826086
3438,17,2,2,2,0,23,0.7391304347826086
3439,16,2,2,2,0,22,0.7272727272727273
3440,16,1,2,2,0,21,0.7619047619047619
3441,14,2,2,2,0,20,0.7
3442,12,2,2,2,0,18,0.6666666666666666
3443,15,2,2,2,0,21,0.7142857142857143
3444,15,2,2,2,0,21,0.7142857142857143
3445,15,2,2,2,0,21,0.7142857142857143
3446,15,2,2,2,0,21,0.7142857142857143
3447,15,2,2,2,0,21,0.7142857142857143
3448,16,2,2,2,0,22,0.7272727272727273
3449,17,2,2,2,0,23,0.7391304347826086
3450,15,2,2,2,0,21,0.7142857142857143
3451,15,2,2,2,0,21,0.7142857142857143
3452,15,2,2,2,0,21,0.7142857142857143
3453,14,0,2,2,0,18,0.7777777777777778
3454,14,1,1,3,0,19,0.7368421052631579
3455,16,1,2,2,0,21,0.7619047619047619
3456,16,1,2,2,0,21,0.7619047619047619
3457,15,1,2,2,0,20,0.75
3458,13,2,2,2,0,19,0.6842105263157895
3459,14,2,2,2,0,20,0.7
3460,14,2,2,2,0,20,0.7
3461,15,1,2,2,0,20,0.75
3462,13,2,2,2,0,19,0.6842105263157895
3463,15,2,2,2,0,21,0.7142857142857143
3464,13,1,2,2,0,18,0.7222222222222222
3465,15,0,2,2,0,19,0.7894736842105263
3466,14,2,1,2,0,19,0.7368421052631579
3467,14,2,2,2,0,20,0.7
3468,15,2,2,2,0,21,0.7142857142857143
3469,15,1,2,2,0,20,0.75
3470,13,2,2,2,0,19,0.6842105263157895
3471,15,1,2,2,0,20,0.75
3472,14,1,2,2,0,19,0.7368421052631579
3473,14,2,2,2,0,20,0.7
3474,14,2,2,2,0,20,0.7
3475,13,2,2,2,0,19,0.6842105263157895
3476,14,1,2,2,0,19,0.7368421052631579
3477,15,2,2,2,0,21,0.7142857142857143
3478,16,2,2,2,0,22,0.7272727272727273
3479,13,1,2,2,0,18,0.7222222222222222
3480,17,1,2,2,0,22,0.7727272727272727
3481,16,1,2,2,0,21,0.7619047619047619
3482,16,2,2,2,0,22,0.7272727272727273
3483,17,2,2,2,0,23,0.7391304347826086
3484,17,2,2,2,0,23,0.7391304347826086
3485,15,2,2,2,0,21,0.7142857142857143
3486,15,2,2,2,0,21,0.7142857142857143
3487,13,0,2,2,0,17,0.7647058823529411
3488,15,1,2,2,0,20,0.75
3489,13,1,2,2,0,18,0.7222222222222222
3490,16,2,2,2,0,22,0.7272727272727273
3491,14,2,2,2,0,20,0.7
3492,15,2,2,2,0,21,0.7142857142857143
3493,15,2,2,2,0,21,0.7142857142857143
3494,13,3,2,3,0,21,0.6190476190476191
3495,12,1,2,2,0,17,0.7058823529411765
3496,14,2,2,2,0,20,0.7
3497,11,2,2,2,0,17,0.6470588235294118
3498,15,2,2,2,0,21,0.7142857142857143
3499,15,2,2,2,0,21,0.7142857142857143
3500,14,2,2,2,0,20,0.7
3501,15,1,2,2,0,20,0.75
3502,16,2,2,2,0,22,0.7272727272727273
3503,16,1,2,2,0,21,0.7619047619047619
3504,16,1,2,2,0,21,0.7619047619047619
3505,15,2,2,2,0,21,0.7142857142857143
3506,14,2,2,2,0,20,0.7
3507,14,2,2,2,0,20,0.7
3508,15,2,2,2,0,21,0.7142857142857143
3509,16,2,2,2,0,22,0.7272727272727273
3510,16,2,2,2,0,22,0.7272727272727273
3511,15,2,2,2,0,21,0.7142857142857143
3512,16,2,2,2,0,22,0.7272727272727273
3513,12,1,2,2,0,17,0.7058823529411765
3514,16,2,2,2,0,22,0.7272727272727273
3515,15,2,2,2,0,21,0.7142857142857143
3516,16,2,2,2,0,22,0.7272727272727273
3517,15,2,2,2,0,21,0.7142857142857143
3518,15,2,2,2,0,21,0.7142857142857143
3519,15,2,2,2,0,21,0.7142857142857143
3520,17,1,2,2,0,22,0.7727272727272727
3521,14,2,2,2,0,20,0.7
3522,15,1,2,1,0,19,0.7894736842105263
3523,16,2,2,2,0,22,0.7272727272727273
3524,14,1,2,2,0,19,0.7368421052631579
3525,14,2,2,2,0,20,0.7
3526,16,2,2,1,0,21,0.7619047619047619
3527,14,2,2,2,0,20,0.7
3528,15,2,2,2,0,21,0.7142857142857143
3529,14,2,2,2,0,20,0.7
3530,14,2,2,1,0,19,0.7368421052631579
3531,13,2,2,2,0,19,0.6842105263157895
3532,13,2,2,2,0,19,0.6842105263157895
3533,14,1,2,2,0,19,0.7368421052631579
3534,14,0,2,2,0,18,0.7777777777777778
3535,15,2,2,2,0,21,0.7142857142857143
3536,15,2,2,2,0,21,0.7142857142857143
3537,15,2,2,2,0,21,0.7142857142857143
3538,16,1,2,2,0,21,0.7619047619047619
3539,15,1,2,2,0,20,0.75
3540,15,2,2,2,0,21,0.7142857142857143
3541,16,2,2,2,0,22,0.7272727272727273
3542,16,2,2,2,0,22,0.7272727272727273
3543,17,2,2,2,0,23,0.7391304347826086
3544,16,2,2,2,0,22,0.7272727272727273
3545,14,2,2,2,0,20,0.7
3546,15,2,2,2,0,21,0.7142857142857143
3547,14,2,2,2,0,20,0.7
3548,15,2,2,2,0,21,0.7142857142857143
3549,16,1,2,2,0,21,0.7619047619047619
3550,15,2,2,1,0,20,0.75
3551,15,2,2,2,0,21,0.7142857142857143
3552,15,2,2,2,0,21,0.7142857142857143
3553,14,2,2,2,0,20,0.7
3554,15,2,2,2,0,21,0.7142857142857143
3555,13,2,2,2,0,19,0.6842105263157895
3556,17,2,2,2,0,23,0.7391304347826086
3557,16,2,2,2,0,22,0.7272727272727273
3558,15,2,2,2,0,21,0.7142857142857143
3559,14,2,2,2,0,20,0.7
3560,15,2,2,2,0,21,0.7142857142857143
3561,16,2,2,2,0,22,0.7272727272727273
3562,14,2,2,2,0,20,0.7
3563,15,2,2,2,0,21,0.7142857142857143
3564,15,2,2,2,0,21,0.7142857142857143
3565,16,2,2,2,0,22,0.7272727272727273
3566,15,2,2,2,0,21,0.7142857142857143
3567,15,0,2,2,0,19,0.7894736842105263
3568,15,2,2,2,0,21,0.7142857142857143
3569,13,2,2,3,0,20,0.65
3570,13,2,2,2,0,19,0.6842105263157895
3571,14,2,2,2,0,20,0.7
3572,16,2,2,2,0,22,0.7272727272727273
3573,16,2,2,2,0,22,0.7272727272727273
3574,16,1,2,2,0,21,0.7619047619047619
3575,13,2,2,2,0,19,0.6842105263157895
3576,14,2,2,2,0,20,0.7
3577,12,2,2,2,0,18,0.6666666666666666
3578,16,2,2,2,0,22,0.7272727272727273
3579,16,2,2,3,0,23,0.6956521739130435
3580,15,1,2,2,0,20,0.75
3581,14,1,2,2,0,19,0.7368421052631579
3582,14,2,2,2,0,20,0.7
3583,16,1,2,2,0,21,0.7619047619047619
3584,16,1,2,2,0,21,0.7619047619047619
3585,14,2,2,2,0,20,0.7
3586,15,2,2,2,0,21,0.7142857142857143
3587,14,1,2,2,0,19,0.7368421052631579
3588,14,2,2,2,0,20,0.7
3589,14,1,2,2,0,19,0.7368421052631579
3590,14,1,2,2,0,19,0.7368421052631579
3591,15,2,2,2,0,21,0.7142857142857143
3592,15,2,2,2,0,21,0.7142857142857143
3593,16,1,2,2,0,21,0.7619047619047619
3594,15,2,2,2,0,21,0.7142857142857143
3595,12,1,2,2,0,17,0.7058823529411765
3596,14,1,2,2,0,19,0.7368421052631579
3597,15,1,2,1,0,19,0.7894736842105263
3598,14,1,2,2,0,19,0.7368421052631579
3599,17,1,2,2,0,22,0.7727272727272727
3600,14,1,2,2,0,19,0.7368421052631579
3601,15,1,2,2,0,20,0.75
3602,14,1,2,2,0,19,0.7368421052631579
3603,12,1,2,2,0,17,0.7058823529411765
3604,16,1,2,2,0,21,0.7619047619047619
3605,13,1,2,2,0,18,0.7222222222222222
3606,14,1,2,2,0,19,0.7368421052631579
3607,14,0,2,2,0,18,0.7777777777777778
3608,16,0,2,2,0,20,0.8
3609,15,1,2,2,0,20,0.75
3610,14,1,2,2,0,19,0.7368421052631579
3611,12,1,2,2,0,17,0.7058823529411765
3612,15,2,2,2,0,21,0.7142857142857143
3613,14,1,2,2,0,19,0.7368421052631579
3614,17,1,2,2,0,22,0.7727272727272727
3615,15,1,2,2,0,20,0.75
3616,14,2,2,2,0,20,0.7
3617,17,2,2,2,0,23,0.7391304347826086
3618,16,1,2,2,0,21,0.7619047619047619
3619,15,0,2,2,0,19,0.7894736842105263
3620,15,1,2,2,0,20,0.75
3621,15,1,2,2,0,20,0.75
3622,15,0,2,2,0,19,0.7894736842105263
3623,15,1,2,1,0,19,0.7894736842105263
3624,13,2,2,2,0,19,0.6842105263157895
3625,15,2,2,2,0,21,0.7142857142857143
3626,16,1,2,2,0,21,0.7619047619047619
3627,16,1,2,2,0,21,0.7619047619047619
3628,14,1,2,2,0,19,0.7368421052631579
3629,17,1,2,2,0,22,0.7727272727272727
3630,14,2,2,1,0,19,0.7368421052631579
3631,11,2,2,2,0,17,0.6470588235294118
3632,16,1,2,2,0,21,0.7619047619047619
3633,17,1,2,2,0,22,0.7727272727272727
3634,16,1,2,2,0,21,0.7619047619047619
3635,13,1,2,2,0,18,0.7222222222222222
3636,15,2,2,1,0,20,0.75
3637,14,1,2,2,0,19,0.7368421052631579
3638,16,2,2,2,0,22,0.7272727272727273
3639,14,1,2,2,0,19,0.7368421052631579
3640,16,2,2,2,0,22,0.7272727272727273
3641,17,1,2,2,0,22,0.7727272727272727
3642,14,2,2,2,0,20,0.7
3643,16,2,2,2,0,22,0.7272727272727273
3644,15,1,2,2,0,20,0.75
3645,16,1,2,2,0,21,0.7619047619047619
3646,14,1,2,2,0,19,0.7368421052631579
3647,16,1,2,2,0,21,0.7619047619047619
3648,15,2,2,2,0,21,0.7142857142857143
3649,16,1,2,2,0,21,0.7619047619047619
3650,15,1,2,2,0,20,0.75
3651,15,0,1,2,0,18,0.8333333333333334
3652,14,2,2,2,0,20,0.7
3653,14,2,2,2,0,20,0.7
3654,16,2,2,2,0,22,0.7272727272727273
3655,15,0,2,2,0,19,0.7894736842105263
3656,14,1,2,2,0,19,0.7368421052631579
3657,16,1,2,2,0,21,0.7619047619047619
3658,13,1,2,2,0,18,0.7222222222222222
3659,13,1,2,2,0,18,0.7222222222222222
3660,14,1,2,2,0,19,0.7368421052631579
3661,15,1,2,2,0,20,0.75
3662,13,1,2,2,0,18,0.7222222222222222
3663,16,1,2,2,0,21,0.7619047619047619
3664,16,1,2,2,0,21,0.7619047619047619
3665,14,1,2,2,0,19,0.7368421052631579
3666,15,1,2,2,0,20,0.75
3667,15,1,2,2,0,20,0.75
3668,16,2,2,2,0,22,0.7272727272727273
3669,15,2,2,2,0,21,0.7142857142857143
3670,15,1,2,2,0,20,0.75
3671,15,1,2,2,0,20,0.75
3672,15,0,2,2,0,19,0.7894736842105263
3673,15,1,2,2,0,20,0.75
3674,15,2,2,2,0,21,0.7142857142857143
3675,13,0,2,2,0,17,0.7647058823529411
3676,15,1,2,2,0,20,0.75
3677,16,0,2,2,0,20,0.8
3678,15,0,2,2,0,19,0.7894736842105263
3679,17,1,2,2,0,22,0.7727272727272727
3680,13,2,2,2,0,19,0.6842105263157895
3681,14,1,2,2,0,19,0.7368421052631579
3682,16,1,2,2,0,21,0.7619047619047619
3683,17,2,2,2,0,23,0.7391304347826086
3684,15,2,2,2,0,21,0.7142857142857143
3685,13,1,2,2,0,18,0.7222222222222222
3686,17,1,2,2,0,22,0.7727272727272727
3687,14,1,2,2,0,19,0.7368421052631579
3688,15,2,2,2,0,21,0.7142857142857143
3689,15,1,2,2,0,20,0.75
3690,15,1,2,2,0,20,0.75
3691,15,1,2,2,0,20,0.75
3692,17,2,2,2,0,23,0.7391304347826086
3693,14,1,2,2,0,19,0.7368421052631579
3694,16,2,2,2,0,22,0.7272727272727273
3695,15,1,2,2,0,20,0.75
3696,15,1,2,2,0,20,0.75
3697,14,0,2,2,0,18,0.7777777777777778
3698,15,0,2,2,0,19,0.7894736842105263
3699,14,1,2,2,0,19,0.7368421052631579
3700,15,1,2,2,0,20,0.75
3701,16,0,2,2,0,20,0.8
3702,15,1,2,2,0,20,0.75
3703,14,1,2,2,0,19,0.7368421052631579
3704,16,1,2,2,0,21,0.7619047619047619
3705,16,1,2,2,0,21,0.7619047619047619
3706,16,1,2,1,0,20,0.8
3707,16,1,2,2,0,21,0.7619047619047619
3708,14,1,2,1,0,18,0.7777777777777778
3709,17,0,2,3,0,22,0.7727272727272727
3710,14,1,2,2,0,19,0.7368421052631579
3711,15,2,2,2,0,21,0.7142857142857143
3712,17,1,2,1,0,21,0.8095238095238095
3713,14,1,2,2,0,19,0.7368421052631579
3714,16,1,2,2,0,21,0.7619047619047619
3715,15,1,2,2,0,20,0.75
3716,15,1,2,2,0,20,0.75
3717,16,2,2,2,0,22,0.7272727272727273
3718,16,0,2,2,0,20,0.8
3719,15,1,2,2,0,20,0.75
3720,17,1,2,2,0,22,0.7727272727272727
3721,17,1,2,2,0,22,0.7727272727272727
3722,13,2,2,2,0,19,0.6842105263157895
3723,16,2,2,2,0,22,0.7272727272727273
3724,16,0,2,2,0,20,0.8
3725,15,1,2,2,0,20,0.75
3726,16,2,2,2,0,22,0.7272727272727273
3727,16,2,2,2,0,22,0.7272727272727273
3728,16,1,2,2,0,21,0.7619047619047619
3729,14,2,2,2,0,20,0.7
3730,17,1,2,2,0,22,0.7727272727272727
3731,14,2,2,2,0,20,0.7
3732,17,2,2,2,0,23,0.7391304347826086
3733,14,2,2,2,0,20,0.7
3734,14,2,2,2,0,20,0.7
3735,11,1,2,2,0,16,0.6875
3736,15,1,2,2,0,20,0.75
3737,14,2,2,2,0,20,0.7
3738,16,2,2,2,0,22,0.7272727272727273
3739,16,1,2,2,0,21,0.7619047619047619
3740,15,1,2,2,0,20,0.75
3741,14,2,2,2,0,20,0.7
3742,15,2,2,2,0,21,0.7142857142857143
3743,17,1,2,2,0,22,0.7727272727272727
3744,15,2,2,2,0,21,0.7142857142857143
3745,14,2,2,1,0,19,0.7368421052631579
3746,15,2,2,3,0,22,0.6818181818181818
3747,15,0,2,2,0,19,0.7894736842105263
3748,15,2,2,2,0,21,0.7142857142857143
3749,14,2,2,2,0,20,0.7
3750,15,1,2,2,0,20,0.75
3751,16,2,2,2,0,22,0.7272727272727273
3752,13,2,2,2,0,19,0.6842105263157895
3753,14,2,2,2,0,20,0.7
3754,15,2,2,2,0,21,0.7142857142857143
3755,15,2,2,2,0,21,0.7142857142857143
3756,16,2,2,2,0,22,0.7272727272727273
3757,16,2,2,2,0,22,0.7272727272727273
3758,15,2,2,2,0,21,0.7142857142857143
3759,14,2,2,2,0,20,0.7
3760,16,2,2,2,0,22,0.7272727272727273
3761,15,1,2,2,0,20,0.75
3762,14,2,2,2,0,20,0.7
3763,15,2,2,2,0,21,0.7142857142857143
3764,15,2,2,2,0,21,0.7142857142857143
3765,14,3,2,2,0,21,0.6666666666666666
3766,17,1,2,2,0,22,0.7727272727272727
3767,16,2,2,2,0,22,0.7272727272727273
3768,13,2,2,2,0,19,0.6842105263157895
3769,14,2,2,2,0,20,0.7
3770,15,2,2,2,0,21,0.7142857142857143
3771,12,2,2,2,0,18,0.6666666666666666
3772,14,2,2,2,0,20,0.7
3773,15,2,2,2,0,21,0.7142857142857143
3774,15,2,2,2,0,21,0.7142857142857143
3775,15,1,2,2,0,20,0.75
3776,14,3,2,1,0,20,0.7
3777,16,2,2,2,0,22,0.7272727272727273
3778,16,2,2,2,0,22,0.7272727272727273
3779,15,2,2,2,0,21,0.7142857142857143
3780,13,2,2,2,0,19,0.6842105263157895
3781,14,2,2,2,0,20,0.7
3782,15,1,2,2,0,20,0.75
3783,17,2,2,2,0,23,0.7391304347826086
3784,17,2,2,2,0,23,0.7391304347826086
3785,15,0,2,2,0,19,0.7894736842105263
3786,14,1,2,2,0,19,0.7368421052631579
3787,15,1,2,2,0,20,0.75
3788,14,1,2,2,0,19,0.7368421052631579
3789,14,2,2,2,0,20,0.7
3790,15,3,2,2,0,22,0.6818181818181818
3791,13,2,2,2,0,19,0.6842105263157895
3792,13,2,2,2,0,19,0.6842105263157895
3793,17,2,2,2,0,23,0.7391304347826086
3794,15,2,2,2,0,21,0.7142857142857143
3795,12,3,2,2,0,19,0.631578947368421
3796,15,1,2,2,0,20,0.75
3797,13,2,2,2,0,19,0.6842105263157895
3798,11,2,2,2,0,17,0.6470588235294118
3799,15,3,2,2,0,22,0.6818181818181818
3800,12,2,1,1,0,16,0.75
3801,12,3,2,2,0,19,0.631578947368421
3802,14,2,2,2,0,20,0.7
3803,15,2,2,2,0,21,0.7142857142857143
3804,15,1,2,2,0,20,0.75
3805,15,2,2,2,0,21,0.7142857142857143
3806,17,2,2,2,0,23,0.7391304347826086
3807,14,2,2,2,0,20,0.7
3808,12,2,2,2,0,18,0.6666666666666666
3809,12,1,2,2,0,17,0.7058823529411765
3810,13,1,2,2,0,18,0.7222222222222222
3811,13,1,2,2,0,18,0.7222222222222222
3812,14,2,2,2,0,20,0.7
3813,16,1,2,2,0,21,0.7619047619047619
3814,15,2,2,2,0,21,0.7142857142857143
3815,11,1,2,2,0,16,0.6875
3816,17,0,2,2,0,21,0.8095238095238095
3817,15,1,2,2,0,20,0.75
3818,14,1,2,2,0,19,0.7368421052631579
3819,13,2,2,2,0,19,0.6842105263157895
3820,16,2,2,2,0,22,0.7272727272727273
3821,16,1,2,2,0,21,0.7619047619047619
3822,14,1,2,2,0,19,0.7368421052631579
3823,15,1,2,2,0,20,0.75
3824,13,2,2,2,0,19,0.6842105263157895
3825,12,2,2,2,0,18,0.6666666666666666
3826,17,2,2,2,0,23,0.7391304347826086
3827,14,2,2,2,0,20,0.7
3828,15,2,2,2,0,21,0.7142857142857143
3829,17,1,2,2,0,22,0.7727272727272727
3830,14,2,2,2,0,20,0.7
3831,15,1,2,2,0,20,0.75
3832,15,2,2,2,0,21,0.7142857142857143
3833,15,2,2,2,0,21,0.7142857142857143
3834,12,2,2,2,0,18,0.6666666666666666
3835,14,1,2,2,0,19,0.7368421052631579
3836,16,1,2,2,0,21,0.7619047619047619
3837,16,2,2,2,0,22,0.7272727272727273
3838,16,2,2,2,0,22,0.7272727272727273
3839,14,2,2,2,0,20,0.7
3840,17,1,2,2,0,22,0.7727272727272727
3841,17,2,2,2,0,23,0.7391304347826086
3842,15,2,2,2,0,21,0.7142857142857143
3843,14,2,2,1,0,19,0.7368421052631579
3844,14,1,2,2,0,19,0.7368421052631579
3845,15,2,2,2,0,21,0.7142857142857143
3846,15,2,2,2,0,21,0.7142857142857143
3847,14,2,2,2,0,20,0.7
3848,14,2,2,2,0,20,0.7
3849,15,2,2,2,0,21,0.7142857142857143
3850,17,2,2,2,0,23,0.7391304347826086
3851,15,1,2,2,0,20,0.75
3852,16,2,2,2,0,22,0.7272727272727273
3853,15,2,2,2,0,21,0.7142857142857143
3854,12,2,2,2,0,18,0.6666666666666666
3855,13,2,2,2,0,19,0.6842105263157895
3856,15,2,2,2,0,21,0.7142857142857143
3857,15,2,2,2,0,21,0.7142857142857143
3858,16,1,2,2,0,21,0.7619047619047619
3859,14,2,2,2,0,20,0.7
3860,16,1,2,2,0,21,0.7619047619047619
3861,15,2,2,2,0,21,0.7142857142857143
3862,16,2,2,2,0,22,0.7272727272727273
3863,14,1,2,2,0,19,0.7368421052631579
3864,15,2,2,2,0,21,0.7142857142857143
3865,13,2,2,2,0,19,0.6842105263157895
3866,15,2,2,2,0,21,0.7142857142857143
3867,17,2,2,2,0,23,0.7391304347826086
3868,14,2,2,2,0,20,0.7
3869,16,2,2,2,0,22,0.7272727272727273
3870,14,2,2,2,0,20,0.7
3871,15,1,2,2,0,20,0.75
3872,14,2,2,2,0,20,0.7
3873,14,2,2,2,0,20,0.7
3874,16,2,2,2,0,22,0.7272727272727273
3875,17,2,2,2,0,23,0.7391304347826086
3876,16,1,2,2,0,21,0.7619047619047619
3877,16,2,2,2,0,22,0.7272727272727273
3878,16,2,2,2,0,22,0.7272727272727273
3879,14,2,2,2,0,20,0.7
3880,13,2,1,2,0,18,0.7222222222222222
3881,14,2,2,1,0,19,0.7368421052631579
3882,15,1,2,2,0,20,0.75
3883,14,2,2,2,0,20,0.7
3884,15,2,2,2,0,21,0.7142857142857143
3885,15,1,2,2,0,20,0.75
3886,15,2,2,2,0,21,0.7142857142857143
3887,14,1,2,2,0,19,0.7368421052631579
3888,16,2,2,2,0,22,0.7272727272727273
3889,11,2,2,2,0,17,0.6470588235294118
3890,16,2,2,2,0,22,0.7272727272727273
3891,13,2,2,2,0,19,0.6842105263157895
3892,16,2,2,2,0,22,0.7272727272727273
3893,13,2,2,2,0,19,0.6842105263157895
3894,17,2,2,2,0,23,0.7391304347826086
3895,14,2,2,2,0,20,0.7
3896,16,2,2,2,0,22,0.7272727272727273
3897,16,2,2,2,0,22,0.7272727272727273
3898,14,2,2,2,0,20,0.7
3899,16,2,2,2,0,22,0.7272727272727273
3900,14,2,2,2,0,20,0.7
3901,14,2,2,1,0,19,0.7368421052631579
3902,15,2,2,2,0,21,0.7142857142857143
3903,15,1,2,2,0,20,0.75
3904,14,2,2,2,0,20,0.7
3905,16,2,2,2,0,22,0.7272727272727273
3906,15,2,2,2,0,21,0.7142857142857143
3907,15,2,2,2,0,21,0.7142857142857143
3908,16,2,2,2,0,22,0.7272727272727273
3909,16,1,2,2,0,21,0.7619047619047619
3910,15,2,2,2,0,21,0.7142857142857143
3911,16,2,2,1,0,21,0.7619047619047619
3912,15,2,2,2,0,21,0.7142857142857143
3913,15,2,2,2,0,21,0.7142857142857143
3914,15,1,2,2,0,20,0.75
3915,15,2,2,2,0,21,0.7142857142857143
3916,14,2,2,2,0,20,0.7
3917,15,2,2,2,0,21,0.7142857142857143
3918,15,2,2,2,0,21,0.7142857142857143
3919,16,2,2,2,0,22,0.7272727272727273
3920,16,2,2,2,0,22,0.7272727272727273
3921,17,1,2,2,0,22,0.7727272727272727
3922,16,2,2,2,0,22,0.7272727272727273
3923,16,2,2,2,0,22,0.7272727272727273
3924,15,2,2,2,0,21,0.7142857142857143
3925,14,2,2,2,0,20,0.7
3926,17,2,2,2,0,23,0.7391304347826086
3927,12,2,2,2,0,18,0.6666666666666666
3928,12,2,2,2,0,18,0.6666666666666666
3929,13,2,2,2,0,19,0.6842105263157895
3930,16,2,2,2,0,22,0.7272727272727273
3931,14,2,2,2,0,20,0.7
3932,15,2,2,2,0,21,0.7142857142857143
3933,15,2,2,2,0,21,0.7142857142857143
3934,16,2,2,2,0,22,0.7272727272727273
3935,16,2,2,2,0,22,0.7272727272727273
3936,16,2,2,2,0,22,0.7272727272727273
3937,13,2,2,2,0,19,0.6842105263157895
3938,16,1,2,2,0,21,0.7619047619047619
3939,14,2,2,2,0,20,0.7
3940,15,2,2,2,0,21,0.7142857142857143
3941,15,2,2,2,0,21,0.7142857142857143
3942,14,2,2,2,0,20,0.7
3943,13,2,2,2,0,19,0.6842105263157895
3944,14,2,2,2,0,20,0.7
3945,13,2,2,2,0,19,0.6842105263157895
3946,16,2,2,2,0,22,0.7272727272727273
3947,15,1,2,2,0,20,0.75
3948,16,2,2,2,0,22,0.7272727272727273
3949,16,2,2,2,0,22,0.7272727272727273
3950,16,2,2,2,0,22,0.7272727272727273
3951,17,1,2,2,0,22,0.7727272727272727
3952,16,2,2,3,0,23,0.6956521739130435
3953,14,1,2,2,0,19,0.7368421052631579
3954,14,2,2,2,0,20,0.7
3955,13,2,2,2,0,19,0.6842105263157895
3956,14,1,2,2,0,19,0.7368421052631579
3957,14,1,2,2,0,19,0.7368421052631579
3958,15,1,2,2,0,20,0.75
3959,15,2,2,2,0,21,0.7142857142857143
3960,12,1,2,2,0,17,0.7058823529411765
3961,16,2,2,2,0,22,0.7272727272727273
3962,14,2,2,2,0,20,0.7
3963,17,2,2,2,0,23,0.7391304347826086
3964,15,2,2,3,0,22,0.6818181818181818
3965,15,1,2,2,0,20,0.75
3966,15,2,2,2,0,21,0.7142857142857143
3967,13,0,2,2,0,17,0.7647058823529411
3968,15,2,2,2,0,21,0.7142857142857143
3969,13,2,2,2,0,19,0.6842105263157895
3970,15,2,2,2,0,21,0.7142857142857143
3971,14,2,2,2,0,20,0.7
3972,16,1,2,2,0,21,0.7619047619047619
3973,13,2,2,2,0,19,0.6842105263157895
3974,15,2,2,2,0,21,0.7142857142857143
3975,16,2,2,2,0,22,0.7272727272727273
3976,16,2,2,2,0,22,0.7272727272727273
3977,15,2,2,2,0,21,0.7142857142857143
3978,15,2,2,2,0,21,0.7142857142857143
3979,15,2,2,2,0,21,0.7142857142857143
3980,16,2,2,2,0,22,0.7272727272727273
3981,16,2,2,2,0,22,0.7272727272727273
3982,15,2,2,2,0,21,0.7142857142857143
3983,14,2,2,2,0,20,0.7
3984,13,2,2,2,0,19,0.6842105263157895
3985,17,1,2,2,0,22,0.7727272727272727
3986,13,2,2,2,0,19,0.6842105263157895
3987,16,2,2,2,0,22,0.7272727272727273
3988,17,2,2,2,0,23,0.7391304347826086
3989,14,2,2,2,0,20,0.7
3990,17,1,2,2,0,22,0.7727272727272727
3991,14,2,2,2,0,20,0.7
3992,15,1,2,2,0,20,0.75
3993,15,1,2,2,0,20,0.75
3994,15,2,1,2,0,20,0.75
3995,14,2,2,2,0,20,0.7
3996,14,2,2,2,0,20,0.7
3997,14,2,2,2,0,20,0.7
3998,16,2,2,2,0,22,0.7272727272727273
3999,17,2,2,2,0,23,0.7391304347826086
4000,15,2,2,2,0,21,0.7142857142857143
4001,17,1,2,2,0,22,0.7727272727272727
4002,16,2,2,2,0,22,0.7272727272727273
4003,16,2,2,2,0,22,0.7272727272727273
4004,15,2,2,2,0,21,0.7142857142857143
4005,14,1,2,2,0,19,0.7368421052631579
4006,14,0,2,2,0,18,0.7777777777777778
4007,16,2,2,2,0,22,0.7272727272727273
4008,13,2,1,2,0,18,0.7222222222222222
4009,16,0,2,2,0,20,0.8
4010,15,1,2,2,0,20,0.75
4011,11,1,2,2,0,16,0.6875
4012,16,1,2,2,0,21,0.7619047619047619
4013,15,0,2,2,0,19,0.7894736842105263
4014,15,1,2,2,0,20,0.75
4015,14,1,2,2,0,19,0.7368421052631579
4016,16,1,2,2,0,21,0.7619047619047619
4017,16,3,2,3,0,24,0.6666666666666666
4018,16,2,2,2,0,22,0.7272727272727273
4019,16,2,2,2,0,22,0.7272727272727273
4020,16,1,2,2,0,21,0.7619047619047619
4021,14,1,2,2,0,19,0.7368421052631579
4022,15,3,2,2,0,22,0.6818181818181818
4023,13,0,2,2,0,17,0.7647058823529411
4024,16,2,2,2,0,22,0.7272727272727273
4025,16,2,2,2,0,22,0.7272727272727273
4026,17,3,2,2,0,24,0.7083333333333334
4027,17,3,2,2,0,24,0.7083333333333334
4028,16,3,2,2,0,23,0.6956521739130435
4029,14,3,2,2,0,21,0.6666666666666666
4030,13,1,2,2,0,18,0.7222222222222222
4031,16,1,2,2,0,21,0.7619047619047619
4032,17,0,2,2,0,21,0.8095238095238095
4033,15,2,2,2,0,21,0.7142857142857143
4034,17,1,2,2,0,22,0.7727272727272727
4035,14,2,2,1,0,19,0.7368421052631579
4036,14,2,2,2,0,20,0.7
4037,14,1,2,2,0,19,0.7368421052631579
4038,15,2,2,2,0,21,0.7142857142857143
4039,14,1,2,2,0,19,0.7368421052631579
4040,17,1,2,2,0,22,0.7727272727272727
4041,13,3,2,2,0,20,0.65
4042,17,3,2,2,0,24,0.7083333333333334
4043,14,1,2,2,0,19,0.7368421052631579
4044,13,2,2,2,0,19,0.6842105263157895
4045,14,4,2,2,0,22,0.6363636363636364
4046,15,3,2,2,0,22,0.6818181818181818
4047,16,3,2,2,0,23,0.6956521739130435
4048,13,3,2,2,0,20,0.65
4049,16,3,2,2,0,23,0.6956521739130435
4050,17,3,2,2,0,24,0.7083333333333334
4051,16,2,2,2,0,22,0.7272727272727273
4052,16,3,2,2,0,23,0.6956521739130435
4053,13,2,2,2,0,19,0.6842105263157895
4054,13,2,2,2,0,19,0.6842105263157895
4055,14,2,2,2,0,20,0.7
4056,14,2,2,2,0,20,0.7
4057,15,3,2,2,0,22,0.6818181818181818
4058,14,1,2,2,0,19,0.7368421052631579
4059,13,3,2,2,0,20,0.65
4060,14,1,2,3,0,20,0.7
4061,11,1,2,2,0,16,0.6875
4062,14,3,2,2,0,21,0.6666666666666666
4063,13,2,2,2,0,19,0.6842105263157895
4064,13,3,2,2,0,20,0.65
4065,15,3,2,2,0,22,0.6818181818181818
4066,14,3,2,2,0,21,0.6666666666666666
4067,13,3,2,2,0,20,0.65
4068,17,3,2,2,0,24,0.7083333333333334
4069,14,2,2,2,0,20,0.7
4070,15,3,2,2,0,22,0.6818181818181818
4071,13,2,2,2,0,19,0.6842105263157895
4072,12,2,2,2,0,18,0.6666666666666666
4073,15,3,2,2,0,22,0.6818181818181818
4074,14,3,2,2,0,21,0.6666666666666666
4075,14,3,2,2,0,21,0.6666666666666666
4076,14,4,2,2,0,22,0.6363636363636364
4077,13,3,2,2,0,20,0.65
4078,14,2,2,2,0,20,0.7
4079,12,1,2,2,0,17,0.7058823529411765
4080,13,4,2,2,0,21,0.6190476190476191
4081,14,3,2,2,0,21,0.6666666666666666
4082,14,3,2,2,0,21,0.6666666666666666
4083,14,3,2,2,0,21,0.6666666666666666
4084,16,3,2,2,0,23,0.6956521739130435
4085,13,3,2,2,0,20,0.65
4086,12,3,2,2,0,19,0.631578947368421
4087,13,3,2,2,0,20,0.65
4088,15,3,2,2,0,22,0.6818181818181818
4089,14,3,2,2,0,21,0.6666666666666666
4090,16,3,2,2,0,23,0.6956521739130435
4091,15,4,2,2,0,23,0.6521739130434783
4092,16,4,2,2,0,24,0.6666666666666666
4093,14,3,2,2,0,21,0.6666666666666666
4094,14,3,2,2,0,21,0.6666666666666666
4095,15,3,2,2,0,22,0.6818181818181818
4096,13,2,2,2,0,19,0.6842105263157895
4097,15,3,2,2,0,22,0.6818181818181818
4098,16,2,2,2,0,22,0.7272727272727273
4099,14,4,2,2,0,22,0.6363636363636364
4100,17,2,2,2,0,23,0.7391304347826086
4101,16,4,2,2,0,24,0.6666666666666666
4102,14,3,2,1,0,20,0.7
4103,14,3,2,2,0,21,0.6666666666666666
4104,15,2,2,3,0,22,0.6818181818181818
4105,16,2,2,3,0,23,0.6956521739130435
4106,17,2,2,2,0,23,0.7391304347826086
4107,13,2,2,2,0,19,0.6842105263157895
4108,15,1,2,2,0,20,0.75
4109,16,3,2,2,0,23,0.6956521739130435
4110,13,2,2,3,0,20,0.65
4111,12,3,2,3,0,20,0.6
4112,16,3,2,2,0,23,0.6956521739130435
4113,14,0,2,2,0,18,0.7777777777777778
4114,14,0,2,2,0,18,0.7777777777777778
4115,16,2,2,2,0,22,0.7272727272727273
4116,14,2,2,2,0,20,0.7
4117,12,1,2,2,0,17,0.7058823529411765
4118,14,1,2,3,0,20,0.7
4119,15,2,2,4,0,23,0.6521739130434783
4120,14,2,2,3,0,21,0.6666666666666666
4121,15,1,2,3,0,21,0.7142857142857143
4122,14,2,2,2,0,20,0.7
4123,16,3,2,2,0,23,0.6956521739130435
4124,15,4,2,3,0,24,0.625
4125,16,3,2,3,0,24,0.6666666666666666
4126,14,2,2,4,0,22,0.6363636363636364
4127,15,3,2,3,0,23,0.6521739130434783
4128,15,2,2,2,0,21,0.7142857142857143
4129,16,2,2,2,0,22,0.7272727272727273
4130,16,3,2,3,0,24,0.6666666666666666
4131,15,4,2,3,0,24,0.625
4132,15,3,2,3,0,23,0.6521739130434783
4133,15,2,2,2,0,21,0.7142857142857143
4134,16,3,2,3,0,24,0.6666666666666666
4135,14,3,2,3,0,22,0.6363636363636364
4136,15,3,2,3,0,23,0.6521739130434783
4137,16,3,2,2,0,23,0.6956521739130435
4138,16,4,2,2,0,24,0.6666666666666666
4139,15,2,2,2,0,21,0.7142857142857143
4140,14,3,2,2,0,21,0.6666666666666666
4141,16,3,2,2,0,23,0.6956521739130435
4142,14,2,2,2,0,20,0.7
4143,16,1,2,2,0,21,0.7619047619047619
4144,13,1,2,3,0,19,0.6842105263157895
4145,15,1,2,2,0,20,0.75
4146,15,2,2,2,0,21,0.7142857142857143
4147,15,2,2,2,0,21,0.7142857142857143
4148,14,2,2,2,0,20,0.7
4149,15,2,2,3,0,22,0.6818181818181818
4150,15,2,2,2,0,21,0.7142857142857143
4151,17,2,2,2,0,23,0.7391304347826086
4152,15,2,2,2,0,21,0.7142857142857143
4153,16,2,2,2,0,22,0.7272727272727273
4154,15,2,2,2,0,21,0.7142857142857143
4155,13,2,2,2,0,19,0.6842105263157895
4156,14,2,2,2,0,20,0.7
4157,15,3,2,2,0,22,0.6818181818181818
4158,17,2,2,2,0,23,0.7391304347826086
4159,12,2,2,2,0,18,0.6666666666666666
4160,14,1,2,2,0,19,0.7368421052631579
4161,12,2,2,2,0,18,0.6666666666666666
4162,15,1,2,2,0,20,0.75
4163,14,3,2,2,0,21,0.6666666666666666
4164,14,2,2,2,0,20,0.7
4165,16,2,2,2,0,22,0.7272727272727273
4166,14,1,2,2,0,19,0.7368421052631579
4167,15,1,2,2,0,20,0.75
4168,16,2,2,2,0,22,0.7272727272727273
4169,14,2,2,2,0,20,0.7
4170,15,2,2,2,0,21,0.7142857142857143
4171,15,2,2,2,0,21,0.7142857142857143
4172,15,4,2,3,0,24,0.625
4173,15,3,2,2,0,22,0.6818181818181818
4174,13,3,2,2,0,20,0.65
4175,15,2,2,2,0,21,0.7142857142857143
4176,13,4,2,2,0,21,0.6190476190476191
4177,14,2,2,2,0,20,0.7
4178,15,2,2,2,0,21,0.7142857142857143
4179,16,3,2,2,0,23,0.6956521739130435
4180,15,3,2,2,0,22,0.6818181818181818
4181,16,3,2,2,0,23,0.6956521739130435
4182,13,2,2,2,0,19,0.6842105263157895
4183,15,3,2,1,0,21,0.7142857142857143
4184,14,1,2,2,0,19,0.7368421052631579
4185,14,2,2,2,0,20,0.7
4186,14,3,2,2,0,21,0.6666666666666666
4187,14,2,2,2,0,20,0.7
4188,14,2,2,2,0,20,0.7
4189,13,2,2,2,0,19,0.6842105263157895
4190,12,2,2,2,0,18,0.6666666666666666
4191,13,2,2,2,0,19,0.6842105263157895
4192,14,2,2,2,0,20,0.7
4193,14,2,2,2,0,20,0.7
4194,13,1,2,2,0,18,0.7222222222222222
4195,16,2,2,2,0,22,0.7272727272727273
4196,13,2,2,2,0,19,0.6842105263157895
4197,13,2,2,2,0,19,0.6842105263157895
4198,15,2,2,2,0,21,0.7142857142857143
4199,14,2,2,2,0,20,0.7
4200,15,1,2,2,0,20,0.75
4201,14,2,1,2,0,19,0.7368421052631579
4202,13,2,2,2,0,19,0.6842105263157895
4203,16,2,2,1,0,21,0.7619047619047619
4204,14,2,2,2,0,20,0.7
4205,14,2,2,2,0,20,0.7
4206,14,2,2,2,0,20,0.7
4207,14,3,2,2,0,21,0.6666666666666666
4208,14,2,2,2,0,20,0.7
4209,14,1,2,2,0,19,0.7368421052631579
4210,12,2,2,2,0,18,0.6666666666666666
4211,12,2,2,2,0,18,0.6666666666666666
4212,13,2,2,2,0,19,0.6842105263157895
4213,13,2,2,2,0,19,0.6842105263157895
4214,14,3,2,2,0,21,0.6666666666666666
4215,17,2,2,2,0,23,0.7391304347826086
4216,13,2,2,2,0,19,0.6842105263157895
4217,14,2,2,2,0,20,0.7
4218,13,2,2,2,0,19,0.6842105263157895
4219,12,2,2,2,0,18,0.6666666666666666
4220,15,2,2,2,0,21,0.7142857142857143
4221,15,2,2,2,0,21,0.7142857142857143
4222,14,2,2,2,0,20,0.7
4223,16,2,2,2,0,22,0.7272727272727273
4224,13,2,2,2,0,19,0.6842105263157895
4225,16,2,2,2,0,22,0.7272727272727273
4226,14,2,2,2,0,20,0.7
4227,15,2,2,2,0,21,0.7142857142857143
4228,14,2,2,2,0,20,0.7
4229,14,2,2,2,0,20,0.7
4230,15,2,2,2,0,21,0.7142857142857143
4231,14,2,2,2,0,20,0.7
4232,14,2,2,2,0,20,0.7
4233,13,2,2,2,0,19,0.6842105263157895
4234,15,2,2,2,0,21,0.7142857142857143
4235,15,2,2,2,0,21,0.7142857142857143
4236,13,2,2,2,0,19,0.6842105263157895
4237,15,2,2,2,0,21,0.7142857142857143
4238,14,2,2,2,0,20,0.7
4239,14,1,2,2,0,19,0.7368421052631579
4240,11,2,2,2,0,17,0.6470588235294118
4241,13,1,2,2,0,18,0.7222222222222222
4242,12,1,2,2,0,17,0.7058823529411765
4243,13,2,2,3,0,20,0.65
4244,14,1,2,2,0,19,0.7368421052631579
4245,14,1,2,2,0,19,0.7368421052631579
4246,16,1,2,2,0,21,0.7619047619047619
4247,12,2,2,2,0,18,0.6666666666666666
4248,14,1,2,2,0,19,0.7368421052631579
4249,13,2,2,3,0,20,0.65
4250,14,2,2,2,0,20,0.7
4251,14,2,2,2,0,20,0.7
4252,14,1,2,2,0,19,0.7368421052631579
4253,15,2,2,2,0,21,0.7142857142857143
4254,13,3,2,2,0,20,0.65
4255,16,2,2,2,0,22,0.7272727272727273
4256,14,2,2,2,0,20,0.7
4257,12,2,2,2,0,18,0.6666666666666666
4258,14,1,2,2,0,19,0.7368421052631579
4259,14,1,2,2,0,19,0.7368421052631579
4260,14,1,2,2,0,19,0.7368421052631579
4261,15,3,2,2,0,22,0.6818181818181818
4262,14,1,2,1,0,18,0.7777777777777778
4263,16,2,2,2,0,22,0.7272727272727273
4264,17,2,2,2,0,23,0.7391304347826086
4265,12,2,2,2,0,18,0.6666666666666666
4266,13,2,2,2,0,19,0.6842105263157895
4267,13,2,2,2,0,19,0.6842105263157895
4268,15,2,2,2,0,21,0.7142857142857143
4269,15,3,2,2,0,22,0.6818181818181818
4270,15,2,2,2,0,21,0.7142857142857143
4271,15,0,2,1,0,18,0.8333333333333334
4272,14,3,2,2,0,21,0.6666666666666666
4273,15,1,2,2,0,20,0.75
4274,15,2,2,2,0,21,0.7142857142857143
4275,15,3,2,2,0,22,0.6818181818181818
4276,16,2,2,2,0,22,0.7272727272727273
4277,14,2,2,2,0,20,0.7
4278,12,2,2,2,0,18,0.6666666666666666
4279,15,3,2,2,0,22,0.6818181818181818
4280,16,2,2,2,0,22,0.7272727272727273
4281,16,2,2,2,0,22,0.7272727272727273
4282,13,3,2,2,0,20,0.65
4283,15,2,2,2,0,21,0.7142857142857143
4284,14,3,2,2,0,21,0.6666666666666666
4285,14,2,2,1,0,19,0.7368421052631579
4286,15,2,2,2,0,21,0.7142857142857143
4287,15,2,2,2,0,21,0.7142857142857143
4288,15,2,2,2,0,21,0.7142857142857143
4289,15,2,2,2,0,21,0.7142857142857143
4290,13,2,2,2,0,19,0.6842105263157895
4291,14,2,2,2,0,20,0.7
4292,16,2,2,2,0,22,0.7272727272727273
4293,15,2,2,2,0,21,0.7142857142857143
4294,13,2,2,2,0,19,0.6842105263157895
4295,14,2,2,2,0,20,0.7
4296,15,2,2,2,0,21,0.7142857142857143
4297,17,2,2,2,0,23,0.7391304347826086
4298,15,3,2,2,0,22,0.6818181818181818
4299,17,3,2,2,0,24,0.7083333333333334
4300,14,3,2,2,0,21,0.6666666666666666
4301,15,2,2,2,0,21,0.7142857142857143
4302,15,1,2,2,0,20,0.75
4303,14,3,2,2,0,21,0.6666666666666666
4304,16,3,2,2,0,23,0.6956521739130435
4305,15,3,2,2,0,22,0.6818181818181818
4306,13,4,2,2,0,21,0.6190476190476191
4307,16,3,2,2,0,23,0.6956521739130435
4308,15,3,2,2,0,22,0.6818181818181818
4309,14,3,2,1,0,20,0.7
4310,16,3,2,2,0,23,0.6956521739130435
4311,15,1,2,2,0,20,0.75
4312,13,3,2,2,0,20,0.65
4313,15,3,2,2,0,22,0.6818181818181818
4314,15,2,2,2,0,21,0.7142857142857143
4315,15,2,2,2,0,21,0.7142857142857143
4316,13,2,2,2,0,19,0.6842105263157895
4317,14,2,2,2,0,20,0.7
4318,14,3,2,2,0,21,0.6666666666666666
4319,14,2,2,2,0,20,0.7
4320,15,3,2,3,0,23,0.6521739130434783
4321,15,2,2,2,0,21,0.7142857142857143
4322,14,3,2,2,0,21,0.6666666666666666
4323,15,4,2,3,0,24,0.625
4324,14,2,2,2,0,20,0.7
4325,14,2,2,2,0,20,0.7
4326,14,2,2,2,0,20,0.7
4327,15,3,2,2,0,22,0.6818181818181818
4328,15,4,2,2,0,23,0.6521739130434783
4329,13,1,2,2,0,18,0.7222222222222222
4330,15,2,2,2,0,21,0.7142857142857143
4331,13,2,2,2,0,19,0.6842105263157895
4332,13,2,2,2,0,19,0.6842105263157895
4333,15,1,2,2,0,20,0.75
4334,13,2,2,2,0,19,0.6842105263157895
4335,11,2,2,2,0,17,0.6470588235294118
4336,14,1,2,2,0,19,0.7368421052631579
4337,13,2,2,2,0,19,0.6842105263157895
4338,14,2,2,2,0,20,0.7
4339,12,2,2,2,0,18,0.6666666666666666
4340,11,1,2,2,0,16,0.6875
4341,14,2,2,2,0,20,0.7
4342,12,2,2,2,0,18,0.6666666666666666
4343,14,2,2,2,0,20,0.7
4344,14,2,2,2,0,20,0.7
4345,14,2,2,2,0,20,0.7
4346,13,2,2,2,0,19,0.6842105263157895
4347,13,2,2,2,0,19,0.6842105263157895
4348,13,1,2,2,0,18,0.7222222222222222
4349,13,1,2,2,0,18,0.7222222222222222
4350,13,2,2,2,0,19,0.6842105263157895
4351,14,3,2,2,0,21,0.6666666666666666
4352,12,1,2,2,0,17,0.7058823529411765
4353,12,3,2,2,0,19,0.631578947368421
4354,13,2,2,1,0,18,0.7222222222222222
4355,13,2,2,2,0,19,0.6842105263157895
4356,13,1,2,2,0,18,0.7222222222222222
4357,13,2,2,2,0,19,0.6842105263157895
4358,13,2,2,2,0,19,0.6842105263157895
4359,12,2,2,2,0,18,0.6666666666666666
4360,14,2,2,2,0,20,0.7
4361,13,2,2,2,0,19,0.6842105263157895
4362,13,2,2,1,0,18,0.7222222222222222
4363,14,2,2,2,0,20,0.7
4364,14,2,2,2,0,20,0.7
4365,13,2,2,2,0,19,0.6842105263157895
4366,13,3,2,2,0,20,0.65
4367,13,2,2,2,0,19,0.6842105263157895
4368,14,2,2,2,0,20,0.7
4369,14,2,2,2,0,20,0.7
4370,14,2,2,2,0,20,0.7
4371,12,2,2,2,0,18,0.6666666666666666
4372,13,2,2,2,0,19,0.6842105263157895
4373,13,2,2,2,0,19,0.6842105263157895
4374,14,2,2,2,0,20,0.7
4375,13,2,2,2,0,19,0.6842105263157895
4376,11,2,2,2,0,17,0.6470588235294118
4377,14,2,2,2,0,20,0.7
4378,15,2,2,2,0,21,0.7142857142857143
4379,15,2,2,2,0,21,0.7142857142857143
4380,13,1,2,2,0,18,0.7222222222222222
4381,13,2,2,2,0,19,0.6842105263157895
4382,13,1,2,2,0,18,0.7222222222222222
4383,15,3,2,2,0,22,0.6818181818181818
4384,13,2,2,2,0,19,0.6842105263157895
4385,14,2,2,2,0,20,0.7
4386,16,2,2,2,0,22,0.7272727272727273
4387,14,2,2,2,0,20,0.7
4388,14,2,2,2,0,20,0.7
4389,14,3,2,2,0,21,0.6666666666666666
4390,14,2,2,2,0,20,0.7
4391,13,1,2,2,0,18,0.7222222222222222
4392,14,2,2,2,0,20,0.7
4393,13,3,2,2,0,20,0.65
4394,14,0,2,2,0,18,0.7777777777777778
4395,12,2,2,2,0,18,0.6666666666666666
4396,13,2,2,2,0,19,0.6842105263157895
4397,13,2,2,2,0,19,0.6842105263157895
4398,13,2,2,2,0,19,0.6842105263157895
4399,13,2,2,2,0,19,0.6842105263157895
4400,13,1,2,2,0,18,0.7222222222222222
4401,13,2,2,2,0,19,0.6842105263157895
4402,13,2,2,2,0,19,0.6842105263157895
4403,14,2,2,2,0,20,0.7
4404,14,1,2,2,0,19,0.7368421052631579
4405,12,2,2,2,0,18,0.6666666666666666
4406,13,2,2,2,0,19,0.6842105263157895
4407,15,2,2,2,0,21,0.7142857142857143
4408,14,2,2,2,0,20,0.7
4409,14,2,2,2,0,20,0.7
4410,14,2,2,2,0,20,0.7
4411,13,2,2,2,0,19,0.6842105263157895
4412,15,1,2,2,0,20,0.75
4413,12,2,2,2,0,18,0.6666666666666666
4414,14,2,2,2,0,20,0.7
4415,14,2,2,2,0,20,0.7
4416,14,2,2,2,0,20,0.7
4417,13,2,2,2,0,19,0.6842105263157895
4418,15,2,2,2,0,21,0.7142857142857143
4419,11,1,2,2,0,16,0.6875
4420,14,2,2,2,0,20,0.7
4421,12,1,2,2,0,17,0.7058823529411765
4422,13,2,2,2,0,19,0.6842105263157895
4423,13,1,2,2,0,18,0.7222222222222222
4424,12,1,2,2,0,17,0.7058823529411765
4425,15,2,2,2,0,21,0.7142857142857143
4426,13,1,2,2,0,18,0.7222222222222222
4427,15,2,2,2,0,21,0.7142857142857143
4428,16,2,2,2,0,22,0.7272727272727273
4429,17,1,2,2,0,22,0.7727272727272727
4430,16,1,2,2,0,21,0.7619047619047619
4431,16,1,2,2,0,21,0.7619047619047619
4432,15,2,2,2,0,21,0.7142857142857143
4433,14,2,2,2,0,20,0.7
4434,12,2,2,2,0,18,0.6666666666666666
4435,12,1,2,2,0,17,0.7058823529411765
4436,13,2,2,1,0,18,0.7222222222222222
4437,13,2,2,2,0,19,0.6842105263157895
4438,13,2,2,2,0,19,0.6842105263157895
4439,12,2,2,2,0,18,0.6666666666666666
4440,13,1,2,2,0,18,0.7222222222222222
4441,14,2,2,2,0,20,0.7
4442,12,2,2,2,0,18,0.6666666666666666
4443,13,2,2,2,0,19,0.6842105263157895
4444,13,1,2,2,0,18,0.7222222222222222
4445,14,2,2,2,0,20,0.7
4446,13,1,2,2,0,18,0.7222222222222222
4447,13,2,2,2,0,19,0.6842105263157895
4448,15,1,2,2,0,20,0.75
4449,14,1,2,2,0,19,0.7368421052631579
4450,14,1,2,2,0,19,0.7368421052631579
4451,13,2,2,2,0,19,0.6842105263157895
4452,13,1,2,2,0,18,0.7222222222222222
4453,14,2,2,2,0,20,0.7
4454,13,2,2,2,0,19,0.6842105263157895
4455,15,2,2,2,0,21,0.7142857142857143
4456,13,1,2,2,0,18,0.7222222222222222
4457,13,2,2,2,0,19,0.6842105263157895
4458,11,2,2,2,0,17,0.6470588235294118
4459,14,2,2,2,0,20,0.7
4460,12,2,2,2,0,18,0.6666666666666666
4461,13,2,2,2,0,19,0.6842105263157895
4462,11,3,2,2,0,18,0.6111111111111112
4463,13,2,2,2,0,19,0.6842105263157895
4464,12,3,2,2,0,19,0.631578947368421
4465,14,1,2,2,0,19,0.7368421052631579
4466,12,2,2,2,0,18,0.6666666666666666
4467,13,2,2,2,0,19,0.6842105263157895
4468,14,2,2,2,0,20,0.7
4469,15,1,2,2,0,20,0.75
4470,14,2,2,2,0,20,0.7
4471,14,2,2,2,0,20,0.7
4472,14,2,2,2,0,20,0.7
4473,13,2,2,2,0,19,0.6842105263157895
4474,12,1,2,2,0,17,0.7058823529411765
4475,12,3,2,2,0,19,0.631578947368421
4476,13,2,2,2,0,19,0.6842105263157895
4477,13,3,2,2,0,20,0.65
4478,13,1,2,2,0,18,0.7222222222222222
4479,14,1,2,2,0,19,0.7368421052631579
4480,14,3,2,2,0,21,0.6666666666666666
4481,14,1,2,2,0,19,0.7368421052631579
4482,11,2,2,2,0,17,0.6470588235294118
4483,12,1,2,2,0,17,0.7058823529411765
4484,13,2,2,2,0,19,0.6842105263157895
4485,13,2,2,2,0,19,0.6842105263157895
4486,11,2,2,2,0,17,0.6470588235294118
4487,14,3,2,2,0,21,0.6666666666666666
4488,14,1,2,2,0,19,0.7368421052631579
4489,13,2,2,2,0,19,0.6842105263157895
4490,15,2,2,2,0,21,0.7142857142857143
4491,14,3,2,2,0,21,0.6666666666666666
4492,14,2,2,2,0,20,0.7
4493,14,2,2,2,0,20,0.7
4494,13,3,2,2,0,20,0.65
4495,14,2,2,2,0,20,0.7
4496,13,2,2,2,0,19,0.6842105263157895
4497,12,3,2,2,0,19,0.631578947368421
4498,14,1,2,2,0,19,0.7368421052631579
4499,12,2,2,2,0,18,0.6666666666666666
4500,15,2,2,2,0,21,0.7142857142857143
4501,13,2,2,2,0,19,0.6842105263157895
4502,15,2,2,2,0,21,0.7142857142857143
4503,13,2,2,2,0,19,0.6842105263157895
4504,14,2,2,2,0,20,0.7
4505,13,1,2,2,0,18,0.7222222222222222
4506,15,1,2,2,0,20,0.75
4507,12,1,2,2,0,17,0.7058823529411765
4508,14,3,2,2,0,21,0.6666666666666666
4509,13,2,2,2,0,19,0.6842105263157895
4510,14,1,2,2,0,19,0.7368421052631579
4511,15,1,2,2,0,20,0.75
4512,14,2,2,2,0,20,0.7
4513,12,2,2,2,0,18,0.6666666666666666
4514,14,2,2,2,0,20,0.7
4515,14,4,2,2,0,22,0.6363636363636364
4516,13,3,2,2,0,20,0.65
4517,15,1,2,2,0,20,0.75
4518,15,2,2,2,0,21,0.7142857142857143
4519,13,1,2,2,0,18,0.7222222222222222
4520,10,1,2,2,0,15,0.6666666666666666
4521,15,1,2,2,0,20,0.75
4522,12,2,2,2,0,18,0.6666666666666666
4523,14,2,2,2,0,20,0.7
4524,13,2,2,2,0,19,0.6842105263157895
4525,13,1,2,2,0,18,0.7222222222222222
4526,13,2,2,2,0,19,0.6842105263157895
4527,13,2,2,2,0,19,0.6842105263157895
4528,12,2,2,2,0,18,0.6666666666666666
4529,11,2,2,2,0,17,0.6470588235294118
4530,13,2,2,2,0,19,0.6842105263157895
4531,13,3,2,2,0,20,0.65
4532,13,1,2,2,0,18,0.7222222222222222
4533,14,1,2,2,0,19,0.7368421052631579
4534,15,1,2,2,0,20,0.75
4535,14,2,2,2,0,20,0.7
4536,15,2,2,2,0,21,0.7142857142857143
4537,15,2,2,2,0,21,0.7142857142857143
4538,13,2,2,2,0,19,0.6842105263157895
4539,14,2,2,2,0,20,0.7
4540,13,2,2,2,0,19,0.6842105263157895
4541,13,2,2,2,0,19,0.6842105263157895
4542,13,2,2,2,0,19,0.6842105263157895
4543,13,2,2,2,0,19,0.6842105263157895
4544,14,1,2,2,0,19,0.7368421052631579
4545,11,2,2,2,0,17,0.6470588235294118
4546,13,1,2,2,0,18,0.7222222222222222
4547,13,2,2,2,0,19,0.6842105263157895
4548,14,1,2,2,0,19,0.7368421052631579
4549,14,1,2,2,0,19,0.7368421052631579
4550,14,1,2,2,0,19,0.7368421052631579
4551,13,2,2,2,0,19,0.6842105263157895
4552,13,2,2,2,0,19,0.6842105263157895
4553,15,2,2,2,0,21,0.7142857142857143
4554,13,2,2,2,0,19,0.6842105263157895
4555,13,2,2,2,0,19,0.6842105263157895
4556,12,2,2,2,0,18,0.6666666666666666
4557,15,1,2,2,0,20,0.75
4558,14,2,2,2,0,20,0.7
4559,12,2,2,2,0,18,0.6666666666666666
4560,12,2,2,2,0,18,0.6666666666666666
4561,14,2,2,2,0,20,0.7
4562,13,2,2,2,0,19,0.6842105263157895
4563,13,1,2,2,0,18,0.7222222222222222
4564,15,2,2,2,0,21,0.7142857142857143
4565,12,2,2,2,0,18,0.6666666666666666
4566,12,4,2,2,0,20,0.6
4567,14,1,2,2,0,19,0.7368421052631579
4568,13,2,2,2,0,19,0.6842105263157895
4569,13,4,2,2,0,21,0.6190476190476191
4570,15,2,2,2,0,21,0.7142857142857143
4571,13,4,2,2,0,21,0.6190476190476191
4572,12,2,2,2,0,18,0.6666666666666666
4573,13,1,2,2,0,18,0.7222222222222222
4574,14,2,2,2,0,20,0.7
4575,14,1,2,2,0,19,0.7368421052631579
4576,14,2,2,2,0,20,0.7
4577,13,2,2,2,0,19,0.6842105263157895
4578,15,1,2,2,0,20,0.75
4579,16,2,2,2,0,22,0.7272727272727273
4580,14,3,2,2,0,21,0.6666666666666666
4581,12,3,2,2,0,19,0.631578947368421
4582,14,3,2,2,0,21,0.6666666666666666
4583,15,3,2,2,0,22,0.6818181818181818
4584,13,2,2,2,0,19,0.6842105263157895
4585,14,3,2,2,0,21,0.6666666666666666
4586,14,3,2,2,0,21,0.6666666666666666
4587,13,3,2,2,0,20,0.65
4588,14,3,2,2,0,21,0.6666666666666666
4589,16,2,2,2,0,22,0.7272727272727273
4590,13,2,2,2,0,19,0.6842105263157895
4591,13,3,2,1,0,19,0.6842105263157895
4592,14,2,2,2,0,20,0.7
4593,13,2,2,2,0,19,0.6842105263157895
4594,15,2,2,2,0,21,0.7142857142857143
4595,13,1,2,2,0,18,0.7222222222222222
4596,14,2,2,2,0,20,0.7
4597,13,1,2,2,0,18,0.7222222222222222
4598,12,2,2,1,0,17,0.7058823529411765
4599,13,2,2,2,0,19,0.6842105263157895
4600,11,2,2,2,0,17,0.6470588235294118
4601,13,2,2,2,0,19,0.6842105263157895
4602,14,1,2,2,0,19,0.7368421052631579
4603,13,2,2,2,0,19,0.6842105263157895
4604,14,1,2,2,0,19,0.7368421052631579
4605,14,1,2,2,0,19,0.7368421052631579
4606,14,3,2,2,0,21,0.6666666666666666
4607,13,2,2,2,0,19,0.6842105263157895
4608,13,4,2,2,0,21,0.6190476190476191
4609,16,4,2,2,0,24,0.6666666666666666
4610,14,2,2,2,0,20,0.7
4611,16,3,2,2,0,23,0.6956521739130435
4612,15,3,2,2,0,22,0.6818181818181818
4613,14,3,2,2,0,21,0.6666666666666666
4614,16,3,2,2,0,23,0.6956521739130435
4615,13,3,2,2,0,20,0.65
4616,16,3,2,2,0,23,0.6956521739130435
4617,14,3,2,2,0,21,0.6666666666666666
4618,15,3,2,2,0,22,0.6818181818181818
4619,16,4,2,2,0,24,0.6666666666666666
4620,14,3,2,2,0,21,0.6666666666666666
4621,14,4,2,2,0,22,0.6363636363636364
4622,14,3,2,2,0,21,0.6666666666666666
4623,16,4,2,2,0,24,0.6666666666666666
4624,14,4,2,2,0,22,0.6363636363636364
4625,14,4,2,2,0,22,0.6363636363636364
4626,13,3,2,2,0,20,0.65
4627,15,3,2,2,0,22,0.6818181818181818
4628,13,4,2,2,0,21,0.6190476190476191
4629,14,2,2,2,0,20,0.7
4630,13,4,2,2,0,21,0.6190476190476191
4631,15,4,2,2,0,23,0.6521739130434783
4632,13,3,2,2,0,20,0.65
4633,14,4,2,2,0,22,0.6363636363636364
4634,15,1,2,2,0,20,0.75
4635,16,3,2,2,0,23,0.6956521739130435
4636,13,2,2,2,0,19,0.6842105263157895
4637,14,4,2,2,0,22,0.6363636363636364
4638,12,3,2,2,0,19,0.631578947368421
4639,14,3,2,2,0,21,0.6666666666666666
4640,13,4,2,2,0,21,0.6190476190476191
4641,14,3,2,2,0,21,0.6666666666666666
4642,16,3,2,2,0,23,0.6956521739130435
4643,15,4,2,2,0,23,0.6521739130434783
4644,14,2,2,2,0,20,0.7
4645,16,4,2,2,0,24,0.6666666666666666
4646,17,3,2,2,0,24,0.7083333333333334
4647,17,2,2,2,0,23,0.7391304347826086
4648,14,4,2,2,0,22,0.6363636363636364
4649,15,4,2,2,0,23,0.6521739130434783
4650,15,4,2,2,0,23,0.6521739130434783
4651,14,4,2,2,0,22,0.6363636363636364
4652,16,4,2,1,0,23,0.6956521739130435
4653,14,4,2,2,0,22,0.6363636363636364
4654,14,3,2,2,0,21,0.6666666666666666
4655,13,4,2,2,0,21,0.6190476190476191
4656,16,3,2,2,0,23,0.6956521739130435
4657,15,4,2,2,0,23,0.6521739130434783
4658,13,3,2,2,0,20,0.65
4659,15,3,2,2,0,22,0.6818181818181818
4660,13,4,2,2,0,21,0.6190476190476191
4661,13,3,2,2,0,20,0.65
4662,14,4,2,2,0,22,0.6363636363636364
4663,14,4,2,2,0,22,0.6363636363636364
4664,13,3,2,2,0,20,0.65
4665,15,3,2,2,0,22,0.6818181818181818
4666,13,2,2,2,0,19,0.6842105263157895
4667,14,4,2,2,0,22,0.6363636363636364
4668,13,3,2,2,0,20,0.65
4669,15,3,2,2,0,22,0.6818181818181818
4670,16,3,2,2,0,23,0.6956521739130435
4671,14,3,2,2,0,21,0.6666666666666666
4672,17,2,2,2,0,23,0.7391304347826086
4673,14,3,2,2,0,21,0.6666666666666666
4674,14,3,2,2,0,21,0.6666666666666666
4675,15,3,2,2,0,22,0.6818181818181818
4676,13,3,2,2,0,20,0.65
4677,16,3,2,2,0,23,0.6956521739130435
4678,14,3,2,2,0,21,0.6666666666666666
4679,15,3,2,2,0,22,0.6818181818181818
4680,14,4,2,2,0,22,0.6363636363636364
4681,15,2,2,1,0,20,0.75
4682,15,4,2,2,0,23,0.6521739130434783
4683,16,3,2,2,0,23,0.6956521739130435
4684,13,4,2,2,0,21,0.6190476190476191
4685,13,3,2,2,0,20,0.65
4686,16,3,2,2,0,23,0.6956521739130435
4687,14,3,2,2,0,21,0.6666666666666666
4688,16,4,2,2,0,24,0.6666666666666666
4689,14,3,2,2,0,21,0.6666666666666666
4690,15,4,2,2,0,23,0.6521739130434783
4691,13,4,2,2,0,21,0.6190476190476191
4692,14,3,2,2,0,21,0.6666666666666666
4693,16,4,2,2,0,24,0.6666666666666666
4694,12,3,2,2,0,19,0.631578947368421
4695,16,2,2,2,0,22,0.7272727272727273
4696,13,4,2,2,0,21,0.6190476190476191
4697,14,3,2,2,0,21,0.6666666666666666
4698,16,3,2,2,0,23,0.6956521739130435
4699,15,3,2,2,0,22,0.6818181818181818
4700,15,2,2,2,0,21,0.7142857142857143
4701,15,4,2,2,0,23,0.6521739130434783
4702,14,4,2,2,0,22,0.6363636363636364
4703,15,2,2,2,0,21,0.7142857142857143
4704,15,4,2,2,0,23,0.6521739130434783
4705,14,3,2,2,0,21,0.6666666666666666
4706,16,2,2,2,0,22,0.7272727272727273
4707,14,4,2,2,0,22,0.6363636363636364
4708,13,3,2,2,0,20,0.65
4709,14,2,2,2,0,20,0.7
4710,16,3,2,2,0,23,0.6956521739130435
4711,16,4,2,2,0,24,0.6666666666666666
4712,15,3,2,2,0,22,0.6818181818181818
4713,15,4,2,2,0,23,0.6521739130434783
4714,15,4,2,2,0,23,0.6521739130434783
4715,14,3,2,2,0,21,0.6666666666666666
4716,15,3,2,2,0,22,0.6818181818181818
4717,13,2,2,2,0,19,0.6842105263157895
4718,14,4,2,2,0,22,0.6363636363636364
4719,14,4,2,2,0,22,0.6363636363636364
4720,16,4,2,2,0,24,0.6666666666666666
4721,15,4,2,2,0,23,0.6521739130434783
4722,15,3,2,2,0,22,0.6818181818181818
4723,15,4,2,2,0,23,0.6521739130434783
4724,13,3,2,2,0,20,0.65
4725,13,3,2,2,0,20,0.65
4726,15,3,2,2,0,22,0.6818181818181818
4727,15,3,2,2,0,22,0.6818181818181818
4728,15,4,2,2,0,23,0.6521739130434783
4729,15,3,2,2,0,22,0.6818181818181818
4730,15,4,2,2,0,23,0.6521739130434783
4731,14,3,2,2,0,21,0.6666666666666666
4732,13,2,2,2,0,19,0.6842105263157895
4733,16,3,2,2,0,23,0.6956521739130435
4734,16,4,2,2,0,24,0.6666666666666666
4735,16,2,2,2,0,22,0.7272727272727273
4736,13,4,2,2,0,21,0.6190476190476191
4737,15,4,2,2,0,23,0.6521739130434783
4738,13,4,2,2,0,21,0.6190476190476191
4739,16,3,2,2,0,23,0.6956521739130435
4740,16,4,2,2,0,24,0.6666666666666666
4741,16,4,2,2,0,24,0.6666666666666666
4742,13,3,2,2,0,20,0.65
4743,16,3,2,2,0,23,0.6956521739130435
4744,15,2,2,2,0,21,0.7142857142857143
4745,15,4,2,2,0,23,0.6521739130434783
4746,14,3,2,2,0,21,0.6666666666666666
4747,14,3,2,2,0,21,0.6666666666666666
4748,15,4,2,2,0,23,0.6521739130434783
4749,15,3,2,2,0,22,0.6818181818181818
4750,16,3,2,2,0,23,0.6956521739130435
4751,14,3,2,2,0,21,0.6666666666666666
4752,14,3,2,2,0,21,0.6666666666666666
4753,16,3,2,2,0,23,0.6956521739130435
4754,16,2,2,2,0,22,0.7272727272727273
4755,15,3,2,2,0,22,0.6818181818181818
4756,15,1,2,2,0,20,0.75
4757,15,3,2,2,0,22,0.6818181818181818
4758,15,3,2,2,0,22,0.6818181818181818
4759,14,4,2,2,0,22,0.6363636363636364
4760,15,3,2,2,0,22,0.6818181818181818
4761,14,1,2,2,0,19,0.7368421052631579
4762,13,2,2,2,0,19,0.6842105263157895
4763,14,3,2,1,0,20,0.7
4764,15,4,2,2,0,23,0.6521739130434783
4765,15,3,2,2,0,22,0.6818181818181818
4766,14,3,2,2,0,21,0.6666666666666666
4767,13,3,2,2,0,20,0.65
4768,14,4,2,2,0,22,0.6363636363636364
4769,15,2,2,1,0,20,0.75
4770,13,2,2,1,0,18,0.7222222222222222
4771,13,3,2,2,0,20,0.65
4772,14,3,2,2,0,21,0.6666666666666666
4773,14,2,2,2,0,20,0.7
4774,13,2,2,2,0,19,0.6842105263157895
4775,12,2,2,1,0,17,0.7058823529411765
4776,13,4,2,2,0,21,0.6190476190476191
4777,13,3,2,1,0,19,0.6842105263157895
4778,13,3,2,1,0,19,0.6842105263157895
4779,13,3,2,1,0,19,0.6842105263157895
4780,14,2,2,1,0,19,0.7368421052631579
4781,13,2,2,2,0,19,0.6842105263157895
4782,15,3,2,2,0,22,0.6818181818181818
4783,13,3,2,2,0,20,0.65
4784,14,3,2,2,0,21,0.6666666666666666
4785,12,2,2,2,0,18,0.6666666666666666
4786,13,2,2,2,0,19,0.6842105263157895
4787,13,3,2,2,0,20,0.65
4788,12,2,2,1,0,17,0.7058823529411765
4789,12,2,2,2,0,18,0.6666666666666666
4790,13,2,2,2,0,19,0.6842105263157895
4791,15,3,2,2,0,22,0.6818181818181818
4792,12,3,2,2,0,19,0.631578947368421
4793,14,2,2,2,0,20,0.7
4794,14,2,2,2,0,20,0.7
4795,13,3,2,2,0,20,0.65
4796,12,3,2,2,0,19,0.631578947368421
4797,13,2,2,2,0,19,0.6842105263157895
4798,12,3,2,1,0,18,0.6666666666666666
4799,13,2,2,2,0,19,0.6842105263157895
4800,13,3,2,1,0,19,0.6842105263157895
4801,14,2,2,2,0,20,0.7
4802,13,3,2,2,0,20,0.65
4803,11,3,2,2,0,18,0.6111111111111112
4804,12,3,2,2,0,19,0.631578947368421
4805,14,2,2,2,0,20,0.7
4806,14,3,2,2,0,21,0.6666666666666666
4807,13,3,2,2,0,20,0.65
4808,11,3,2,2,0,18,0.6111111111111112
4809,13,2,2,2,0,19,0.6842105263157895
4810,14,2,2,2,0,20,0.7
4811,15,3,2,2,0,22,0.6818181818181818
4812,13,3,2,2,0,20,0.65
4813,13,2,2,2,0,19,0.6842105263157895
4814,14,3,2,2,0,21,0.6666666666666666
4815,14,3,2,2,0,21,0.6666666666666666
4816,12,3,2,2,0,19,0.631578947368421
4817,14,2,2,2,0,20,0.7
4818,13,3,2,2,0,20,0.65
4819,12,2,2,2,0,18,0.6666666666666666
4820,14,2,2,1,0,19,0.7368421052631579
4821,14,3,2,2,0,21,0.6666666666666666
4822,13,4,2,2,0,21,0.6190476190476191
4823,12,2,2,2,0,18,0.6666666666666666
4824,14,3,2,2,0,21,0.6666666666666666
4825,13,4,2,1,0,20,0.65
4826,15,2,2,2,0,21,0.7142857142857143
4827,11,3,2,2,0,18,0.6111111111111112
4828,12,3,2,2,0,19,0.631578947368421
4829,13,3,2,2,0,20,0.65
4830,13,3,2,2,0,20,0.65
4831,14,3,2,2,0,21,0.6666666666666666
4832,14,4,2,2,0,22,0.6363636363636364
4833,13,4,2,2,0,21,0.6190476190476191
4834,14,2,2,2,0,20,0.7
4835,12,2,2,2,0,18,0.6666666666666666
4836,14,4,2,2,0,22,0.6363636363636364
4837,14,3,2,2,0,21,0.6666666666666666
4838,14,3,2,2,0,21,0.6666666666666666
4839,14,3,2,2,0,21,0.6666666666666666
4840,14,3,2,2,0,21,0.6666666666666666
4841,14,2,2,2,0,20,0.7
4842,13,3,2,2,0,20,0.65
4843,14,2,2,1,0,19,0.7368421052631579
4844,12,2,2,2,0,18,0.6666666666666666
4845,13,2,2,2,0,19,0.6842105263157895
4846,12,1,2,2,0,17,0.7058823529411765
4847,13,3,2,2,0,20,0.65
4848,12,1,2,2,0,17,0.7058823529411765
4849,13,1,2,2,0,18,0.7222222222222222
4850,13,3,2,2,0,20,0.65
4851,13,2,2,2,0,19,0.6842105263157895
4852,13,1,2,2,0,18,0.7222222222222222
4853,13,2,2,1,0,18,0.7222222222222222
4854,15,2,2,2,0,21,0.7142857142857143
4855,12,1,2,2,0,17,0.7058823529411765
4856,13,3,2,2,0,20,0.65
4857,12,3,2,2,0,19,0.631578947368421
4858,14,3,2,2,0,21,0.6666666666666666
4859,13,4,2,2,0,21,0.6190476190476191
4860,13,2,2,2,0,19,0.6842105263157895
4861,13,2,2,1,0,18,0.7222222222222222
4862,14,2,2,1,0,19,0.7368421052631579
4863,15,3,2,2,0,22,0.6818181818181818
4864,14,2,2,2,0,20,0.7
4865,13,3,2,2,0,20,0.65
4866,13,4,2,2,0,21,0.6190476190476191
4867,15,4,2,2,0,23,0.6521739130434783
4868,12,2,2,2,0,18,0.6666666666666666
4869,15,3,2,2,0,22,0.6818181818181818
4870,14,3,2,1,0,20,0.7
4871,14,4,2,2,0,22,0.6363636363636364
4872,12,2,2,2,0,18,0.6666666666666666
4873,14,2,2,2,0,20,0.7
4874,11,1,2,1,0,15,0.7333333333333333
4875,15,3,2,2,0,22,0.6818181818181818
4876,14,2,2,1,0,19,0.7368421052631579
4877,13,2,2,1,0,18,0.7222222222222222
4878,14,3,2,2,0,21,0.6666666666666666
4879,12,1,2,2,0,17,0.7058823529411765
4880,14,2,2,2,0,20,0.7
4881,14,3,2,1,0,20,0.7
4882,13,4,2,2,0,21,0.6190476190476191
4883,12,4,2,2,0,20,0.6
4884,14,3,2,2,0,21,0.6666666666666666
4885,14,3,2,2,0,21,0.6666666666666666
4886,14,3,2,2,0,21,0.6666666666666666
4887,14,2,2,1,0,19,0.7368421052631579
4888,13,2,2,2,0,19,0.6842105263157895
4889,13,3,2,2,0,20,0.65
4890,13,2,2,2,0,19,0.6842105263157895
4891,12,2,2,2,0,18,0.6666666666666666
4892,13,2,2,1,0,18,0.7222222222222222
4893,15,1,2,2,0,20,0.75
4894,13,2,2,1,0,18,0.7222222222222222
4895,13,3,2,1,0,19,0.6842105263157895
4896,13,4,2,2,0,21,0.6190476190476191
4897,14,3,2,2,0,21,0.6666666666666666
4898,14,4,2,2,0,22,0.6363636363636364
4899,14,3,2,1,0,20,0.7
4900,14,3,2,2,0,21,0.6666666666666666
4901,12,1,2,2,0,17,0.7058823529411765
4902,14,2,2,2,0,20,0.7
4903,12,3,2,2,0,19,0.631578947368421
4904,14,3,2,2,0,21,0.6666666666666666
4905,11,3,2,2,0,18,0.6111111111111112
4906,14,1,2,2,0,19,0.7368421052631579
4907,13,2,2,2,0,19,0.6842105263157895
4908,12,1,2,2,0,17,0.7058823529411765
4909,14,3,2,2,0,21,0.6666666666666666
4910,14,3,2,1,0,20,0.7
4911,12,2,2,2,0,18,0.6666666666666666
4912,12,1,2,2,0,17,0.7058823529411765
4913,14,2,2,2,0,20,0.7
4914,11,2,2,2,0,17,0.6470588235294118
4915,14,2,2,2,0,20,0.7
4916,14,1,2,2,0,19,0.7368421052631579
4917,13,1,2,1,0,17,0.7647058823529411
4918,12,2,2,2,0,18,0.6666666666666666
4919,14,3,2,1,0,20,0.7
4920,14,2,2,2,0,20,0.7
4921,13,3,2,2,0,20,0.65
4922,14,3,2,2,0,21,0.6666666666666666
4923,15,1,2,2,0,20,0.75
4924,14,1,2,2,0,19,0.7368421052631579
4925,14,2,2,2,0,20,0.7
4926,16,1,2,2,0,21,0.7619047619047619
4927,15,3,2,2,0,22,0.6818181818181818
4928,17,3,2,2,0,24,0.7083333333333334
4929,13,1,2,2,0,18,0.7222222222222222
4930,13,4,2,2,0,21,0.6190476190476191
4931,11,3,2,2,0,18,0.6111111111111112
4932,13,2,2,2,0,19,0.6842105263157895
4933,12,2,2,2,0,18,0.6666666666666666
4934,14,3,2,2,0,21,0.6666666666666666
4935,12,2,2,2,0,18,0.6666666666666666
4936,14,2,2,2,0,20,0.7
4937,12,1,2,2,0,17,0.7058823529411765
4938,13,2,2,2,0,19,0.6842105263157895
4939,16,2,2,2,0,22,0.7272727272727273
4940,13,4,2,2,0,21,0.6190476190476191
4941,13,4,2,2,0,21,0.6190476190476191
4942,14,2,2,2,0,20,0.7
4943,15,4,2,2,0,23,0.6521739130434783
4944,14,3,2,2,0,21,0.6666666666666666
4945,14,4,2,2,0,22,0.6363636363636364
4946,15,1,2,2,0,20,0.75
4947,13,4,2,2,0,21,0.6190476190476191
4948,13,2,2,2,0,19,0.6842105263157895
4949,14,3,2,2,0,21,0.6666666666666666
4950,14,4,2,2,0,22,0.6363636363636364
4951,15,2,2,2,0,21,0.7142857142857143
4952,13,2,2,2,0,19,0.6842105263157895
4953,15,2,2,2,0,21,0.7142857142857143
4954,15,2,2,2,0,21,0.7142857142857143
4955,13,3,2,2,0,20,0.65
4956,13,3,2,2,0,20,0.65
4957,15,3,2,2,0,22,0.6818181818181818
4958,14,3,2,2,0,21,0.6666666666666666
4959,13,2,2,2,0,19,0.6842105263157895
4960,15,2,2,2,0,21,0.7142857142857143
4961,15,2,2,2,0,21,0.7142857142857143
4962,10,3,2,2,0,17,0.5882352941176471
4963,12,3,2,2,0,19,0.631578947368421
4964,15,3,2,2,0,22,0.6818181818181818
4965,15,4,2,2,0,23,0.6521739130434783
4966,12,4,2,2,0,20,0.6
4967,13,3,2,2,0,20,0.65
4968,15,4,2,2,0,23,0.6521739130434783
4969,15,2,2,2,0,21,0.7142857142857143
4970,14,3,2,2,0,21,0.6666666666666666
4971,16,4,2,2,0,24,0.6666666666666666
4972,15,2,2,2,0,21,0.7142857142857143
4973,15,2,2,2,0,21,0.7142857142857143
4974,16,3,2,2,0,23,0.6956521739130435
4975,14,2,2,2,0,20,0.7
4976,14,4,2,2,0,22,0.6363636363636364
4977,14,2,2,2,0,20,0.7
4978,14,3,2,2,0,21,0.6666666666666666
4979,14,3,2,2,0,21,0.6666666666666666
4980,11,2,2,2,0,17,0.6470588235294118
4981,13,4,2,2,0,21,0.6190476190476191
4982,15,3,2,2,0,22,0.6818181818181818
4983,16,2,2,2,0,22,0.7272727272727273
4984,12,4,2,2,0,20,0.6
4985,14,3,2,2,0,21,0.6666666666666666
4986,14,2,2,2,0,20,0.7
4987,15,4,2,2,0,23,0.6521739130434783
4988,13,2,2,2,0,19,0.6842105263157895
4989,15,2,2,2,0,21,0.7142857142857143
4990,12,3,2,2,0,19,0.631578947368421
4991,14,3,1,2,0,20,0.7
4992,14,3,1,2,0,20,0.7
4993,15,2,2,2,0,21,0.7142857142857143
4994,15,1,2,3,0,21,0.7142857142857143
4995,14,2,2,2,0,20,0.7
4996,15,1,2,2,0,20,0.75
4997,16,3,2,2,0,23,0.6956521739130435
4998,14,1,2,2,0,19,0.7368421052631579
4999,14,1,2,2,0,19,0.7368421052631579
5000,13,2,2,2,0,19,0.6842105263157895
5001,14,3,2,2,0,21,0.6666666666666666
5002,15,1,2,2,0,20,0.75
5003,15,2,2,2,0,21,0.7142857142857143
5004,13,2,2,2,0,19,0.6842105263157895
5005,16,2,2,2,0,22,0.7272727272727273
5006,13,4,2,2,0,21,0.6190476190476191
5007,13,2,2,2,0,19,0.6842105263157895
5008,15,2,2,2,0,21,0.7142857142857143
5009,14,1,2,2,0,19,0.7368421052631579
5010,15,3,2,2,0,22,0.6818181818181818
5011,14,1,2,2,0,19,0.7368421052631579
5012,14,2,2,2,0,20,0.7
5013,13,1,1,2,0,17,0.7647058823529411
5014,13,2,2,2,0,19,0.6842105263157895
5015,13,1,2,2,0,18,0.7222222222222222
5016,13,2,2,2,0,19,0.6842105263157895
5017,14,2,2,2,0,20,0.7
5018,13,1,2,2,0,18,0.7222222222222222
5019,13,2,2,2,0,19,0.6842105263157895
5020,16,2,2,2,0,22,0.7272727272727273
5021,12,4,2,2,0,20,0.6
5022,12,2,2,2,0,18,0.6666666666666666
5023,12,3,2,2,0,19,0.631578947368421
5024,15,1,2,2,0,20,0.75
5025,15,3,2,2,0,22,0.6818181818181818
5026,14,1,2,2,0,19,0.7368421052631579
5027,15,3,2,2,0,22,0.6818181818181818
5028,14,3,2,2,0,21,0.6666666666666666
5029,14,2,2,2,0,20,0.7
5030,13,1,2,2,0,18,0.7222222222222222
5031,12,2,2,2,0,18,0.6666666666666666
5032,12,1,2,2,0,17,0.7058823529411765
5033,12,2,2,2,0,18,0.6666666666666666
5034,13,2,2,2,0,19,0.6842105263157895
5035,15,1,1,2,0,19,0.7894736842105263
5036,13,2,2,2,0,19,0.6842105263157895
5037,13,1,1,2,0,17,0.7647058823529411
5038,14,3,1,2,0,20,0.7
5039,15,2,1,2,0,20,0.75
5040,15,1,1,2,0,19,0.7894736842105263
5041,12,1,1,2,0,16,0.75
5042,16,3,1,2,0,22,0.7272727272727273
5043,14,1,2,2,0,19,0.7368421052631579
5044,14,2,2,2,0,20,0.7
5045,13,3,2,2,0,20,0.65
5046,11,2,2,2,0,17,0.6470588235294118
5047,15,0,2,2,0,19,0.7894736842105263
5048,12,2,2,2,0,18,0.6666666666666666
5049,14,2,2,2,0,20,0.7
5050,14,2,1,2,0,19,0.7368421052631579
5051,14,0,2,2,0,18,0.7777777777777778
5052,14,1,2,2,0,19,0.7368421052631579
5053,14,2,2,2,0,20,0.7
5054,13,1,2,2,0,18,0.7222222222222222
5055,13,4,2,2,0,21,0.6190476190476191
5056,13,2,2,2,0,19,0.6842105263157895
5057,14,3,2,2,0,21,0.6666666666666666
5058,15,2,2,2,0,21,0.7142857142857143
5059,14,3,2,2,0,21,0.6666666666666666
5060,13,1,2,2,0,18,0.7222222222222222
5061,13,1,2,2,0,18,0.7222222222222222
5062,13,2,2,2,0,19,0.6842105263157895
5063,14,2,2,2,0,20,0.7
5064,14,2,2,2,0,20,0.7
5065,14,2,2,2,0,20,0.7
5066,15,2,2,2,0,21,0.7142857142857143
5067,14,4,2,3,0,23,0.6086956521739131
5068,13,1,2,2,0,18,0.7222222222222222
5069,13,3,2,2,0,20,0.65
5070,15,3,2,2,0,22,0.6818181818181818
5071,11,4,2,2,0,19,0.5789473684210527
5072,14,3,2,2,0,21,0.6666666666666666
5073,15,2,2,2,0,21,0.7142857142857143
5074,15,3,2,2,0,22,0.6818181818181818
5075,13,1,2,2,0,18,0.7222222222222222
5076,14,2,2,2,0,20,0.7
5077,14,2,2,2,0,20,0.7
5078,12,2,2,2,0,18,0.6666666666666666
5079,12,2,2,2,0,18,0.6666666666666666
5080,12,2,2,2,0,18,0.6666666666666666
5081,14,3,2,2,0,21,0.6666666666666666
5082,15,1,2,2,0,20,0.75
5083,13,1,2,2,0,18,0.7222222222222222
5084,14,3,2,2,0,21,0.6666666666666666
5085,16,2,2,2,0,22,0.7272727272727273
5086,14,3,2,2,0,21,0.6666666666666666
5087,15,1,2,2,0,20,0.75
5088,14,2,2,2,0,20,0.7
5089,11,3,2,2,0,18,0.6111111111111112
5090,13,3,2,2,0,20,0.65
5091,15,2,2,2,0,21,0.7142857142857143
5092,14,2,2,2,0,20,0.7
5093,12,3,2,2,0,19,0.631578947368421
5094,13,3,2,2,0,20,0.65
5095,13,3,2,2,0,20,0.65
5096,15,3,2,2,0,22,0.6818181818181818
5097,15,2,2,2,0,21,0.7142857142857143
5098,14,2,2,2,0,20,0.7
5099,16,3,2,2,0,23,0.6956521739130435
5100,15,3,2,2,0,22,0.6818181818181818
5101,14,1,2,2,0,19,0.7368421052631579
5102,15,4,2,2,0,23,0.6521739130434783
5103,13,2,2,2,0,19,0.6842105263157895
5104,11,3,2,2,0,18,0.6111111111111112
5105,13,3,2,2,0,20,0.65
5106,14,4,2,2,0,22,0.6363636363636364
5107,15,4,2,2,0,23,0.6521739130434783
5108,12,4,2,2,0,20,0.6
5109,14,3,2,2,0,21,0.6666666666666666
5110,17,3,2,2,0,24,0.7083333333333334
5111,13,4,2,2,0,21,0.6190476190476191
5112,13,3,2,2,0,20,0.65
5113,12,3,2,2,0,19,0.631578947368421
5114,13,4,2,2,0,21,0.6190476190476191
5115,14,4,2,2,0,22,0.6363636363636364
5116,14,4,2,2,0,22,0.6363636363636364
5117,14,3,2,2,0,21,0.6666666666666666
5118,14,4,2,2,0,22,0.6363636363636364
5119,14,3,2,2,0,21,0.6666666666666666
5120,16,3,2,2,0,23,0.6956521739130435
5121,12,4,2,2,0,20,0.6
5122,14,3,2,2,0,21,0.6666666666666666
5123,14,2,2,2,0,20,0.7
5124,13,2,2,2,0,19,0.6842105263157895
5125,15,3,2,2,0,22,0.6818181818181818
5126,14,4,2,2,0,22,0.6363636363636364
5127,14,2,2,2,0,20,0.7
5128,17,2,2,2,0,23,0.7391304347826086
5129,12,4,2,2,0,20,0.6
5130,12,2,2,2,0,18,0.6666666666666666
5131,14,2,2,2,0,20,0.7
5132,13,2,2,2,0,19,0.6842105263157895
5133,14,2,2,2,0,20,0.7
5134,16,2,2,2,0,22,0.7272727272727273
5135,13,4,2,2,0,21,0.6190476190476191
5136,11,2,2,2,0,17,0.6470588235294118
5137,14,3,2,2,0,21,0.6666666666666666
5138,17,4,2,2,0,25,0.68
5139,14,4,2,2,0,22,0.6363636363636364
5140,13,4,2,2,0,21,0.6190476190476191
5141,14,3,2,2,0,21,0.6666666666666666
5142,16,2,2,2,0,22,0.7272727272727273
5143,16,3,2,2,0,23,0.6956521739130435
5144,13,4,2,2,0,21,0.6190476190476191
5145,14,2,2,2,0,20,0.7
5146,15,2,2,2,0,21,0.7142857142857143
5147,16,2,2,2,0,22,0.7272727272727273
5148,13,2,2,2,0,19,0.6842105263157895
5149,13,4,2,2,0,21,0.6190476190476191
5150,14,2,2,2,0,20,0.7
5151,16,5,2,2,0,25,0.64
5152,14,4,2,2,0,22,0.6363636363636364
5153,15,3,2,2,0,22,0.6818181818181818
5154,14,3,2,2,0,21,0.6666666666666666
5155,14,3,2,2,0,21,0.6666666666666666
5156,15,3,2,2,0,22,0.6818181818181818
5157,15,3,2,2,0,22,0.6818181818181818
5158,13,4,2,2,0,21,0.6190476190476191
5159,14,2,2,2,0,20,0.7
5160,14,2,2,2,0,20,0.7
5161,16,3,2,2,0,23,0.6956521739130435
5162,15,3,2,2,0,22,0.6818181818181818
5163,16,3,2,2,0,23,0.6956521739130435
5164,15,3,2,2,0,22,0.6818181818181818
5165,14,4,2,2,0,22,0.6363636363636364
5166,13,3,2,2,0,20,0.65
5167,14,4,2,2,0,22,0.6363636363636364
5168,16,3,2,2,0,23,0.6956521739130435
5169,15,3,2,2,0,22,0.6818181818181818
5170,14,2,2,2,0,20,0.7
5171,13,4,2,2,0,21,0.6190476190476191
5172,16,2,2,2,0,22,0.7272727272727273
5173,14,2,2,2,0,20,0.7
5174,12,3,2,2,0,19,0.631578947368421
5175,13,4,2,2,0,21,0.6190476190476191
5176,15,4,2,2,0,23,0.6521739130434783
5177,14,4,2,2,0,22,0.6363636363636364
5178,12,2,2,2,0,18,0.6666666666666666
5179,15,2,2,2,0,21,0.7142857142857143
5180,14,2,2,2,0,20,0.7
5181,12,3,2,2,0,19,0.631578947368421
5182,14,4,2,2,0,22,0.6363636363636364
5183,15,3,2,3,0,23,0.6521739130434783
5184,15,3,2,2,0,22,0.6818181818181818
5185,15,3,2,2,0,22,0.6818181818181818
5186,15,3,2,2,0,22,0.6818181818181818
5187,14,4,2,2,0,22,0.6363636363636364
5188,15,4,2,1,0,22,0.6818181818181818
5189,13,2,2,2,0,19,0.6842105263157895
5190,16,1,2,2,0,21,0.7619047619047619
5191,13,2,2,2,0,19,0.6842105263157895
5192,14,4,2,2,0,22,0.6363636363636364
5193,14,4,2,2,0,22,0.6363636363636364
5194,16,4,2,2,0,24,0.6666666666666666
5195,13,4,2,2,0,21,0.6190476190476191
5196,16,3,2,2,0,23,0.6956521739130435
5197,14,1,2,2,0,19,0.7368421052631579
5198,16,3,2,2,0,23,0.6956521739130435
5199,16,4,2,2,0,24,0.6666666666666666
5200,16,4,2,2,0,24,0.6666666666666666
5201,15,1,2,2,0,20,0.75
5202,14,2,2,2,0,20,0.7
5203,16,2,2,2,0,22,0.7272727272727273
5204,14,3,2,1,0,20,0.7
5205,14,3,2,2,0,21,0.6666666666666666
5206,14,2,2,2,0,20,0.7
5207,15,1,2,2,0,20,0.75
5208,15,3,2,2,0,22,0.6818181818181818
5209,15,3,2,2,0,22,0.6818181818181818
5210,14,3,2,2,0,21,0.6666666666666666
5211,15,2,2,1,0,20,0.75
5212,15,4,2,2,0,23,0.6521739130434783
5213,15,2,2,2,0,21,0.7142857142857143
5214,15,2,2,2,0,21,0.7142857142857143
5215,15,3,2,2,0,22,0.6818181818181818
5216,15,4,2,2,0,23,0.6521739130434783
5217,16,4,2,2,0,24,0.6666666666666666
5218,15,3,2,2,0,22,0.6818181818181818
5219,15,4,2,2,0,23,0.6521739130434783
5220,13,4,2,1,0,20,0.65
5221,15,3,2,2,0,22,0.6818181818181818
5222,14,4,2,2,0,22,0.6363636363636364
5223,16,3,2,2,0,23,0.6956521739130435
5224,14,4,2,2,0,22,0.6363636363636364
5225,13,4,2,2,0,21,0.6190476190476191
5226,14,4,2,1,0,21,0.6666666666666666
5227,15,3,2,2,0,22,0.6818181818181818
5228,15,2,2,2,0,21,0.7142857142857143
5229,15,3,2,2,0,22,0.6818181818181818
5230,17,2,2,2,0,23,0.7391304347826086
5231,13,4,2,1,0,20,0.65
5232,15,4,2,2,0,23,0.6521739130434783
5233,11,3,2,2,0,18,0.6111111111111112
5234,14,3,2,2,0,21,0.6666666666666666
5235,14,2,2,2,0,20,0.7
5236,15,1,2,2,0,20,0.75
5237,16,4,2,2,0,24,0.6666666666666666
5238,15,4,2,2,0,23,0.6521739130434783
5239,15,2,2,2,0,21,0.7142857142857143
5240,14,3,2,2,0,21,0.6666666666666666
5241,17,3,2,2,0,24,0.7083333333333334
5242,16,3,2,2,0,23,0.6956521739130435
5243,15,3,2,2,0,22,0.6818181818181818
5244,15,4,2,2,0,23,0.6521739130434783
5245,16,3,2,2,0,23,0.6956521739130435
5246,16,3,2,2,0,23,0.6956521739130435
5247,15,5,2,3,0,25,0.6
5248,14,4,2,2,0,22,0.6363636363636364
5249,17,2,2,3,0,24,0.7083333333333334
5250,16,3,2,2,0,23,0.6956521739130435
5251,14,3,2,2,0,21,0.6666666666666666
5252,15,2,2,3,0,22,0.6818181818181818
5253,13,3,2,2,0,20,0.65
5254,15,4,2,2,0,23,0.6521739130434783
5255,14,3,2,2,0,21,0.6666666666666666
5256,14,3,2,2,0,21,0.6666666666666666
5257,14,4,2,2,0,22,0.6363636363636364
5258,16,4,2,2,0,24,0.6666666666666666
5259,14,3,2,2,0,21,0.6666666666666666
5260,13,3,2,2,0,20,0.65
5261,14,4,2,2,0,22,0.6363636363636364
5262,15,2,2,2,0,21,0.7142857142857143
5263,14,2,2,2,0,20,0.7
5264,16,3,2,2,0,23,0.6956521739130435
5265,14,3,2,2,0,21,0.6666666666666666
5266,15,4,2,3,0,24,0.625
5267,15,4,2,2,0,23,0.6521739130434783
5268,16,4,2,2,0,24,0.6666666666666666
5269,14,3,2,2,0,21,0.6666666666666666
5270,16,4,2,2,0,24,0.6666666666666666
5271,15,3,2,2,0,22,0.6818181818181818
5272,14,4,2,2,0,22,0.6363636363636364
5273,15,4,2,2,0,23,0.6521739130434783
5274,17,3,2,2,0,24,0.7083333333333334
5275,17,3,2,2,0,24,0.7083333333333334
5276,16,3,2,2,0,23,0.6956521739130435
5277,15,2,2,2,0,21,0.7142857142857143
5278,16,3,2,2,0,23,0.6956521739130435
5279,13,3,2,2,0,20,0.65
5280,13,3,2,2,0,20,0.65
5281,15,4,2,2,0,23,0.6521739130434783
5282,14,2,2,2,0,20,0.7
5283,15,3,2,2,0,22,0.6818181818181818
5284,15,3,2,2,0,22,0.6818181818181818
5285,14,4,2,2,0,22,0.6363636363636364
5286,14,4,2,2,0,22,0.6363636363636364
5287,13,4,2,1,0,20,0.65
5288,14,3,2,2,0,21,0.6666666666666666
5289,15,4,2,1,0,22,0.6818181818181818
5290,15,3,2,2,0,22,0.6818181818181818
5291,15,2,2,2,0,21,0.7142857142857143
5292,17,3,2,2,0,24,0.7083333333333334
5293,15,2,2,2,0,21,0.7142857142857143
5294,16,3,2,2,0,23,0.6956521739130435
5295,15,3,2,2,0,22,0.6818181818181818
5296,15,3,2,2,0,22,0.6818181818181818
5297,15,2,2,2,0,21,0.7142857142857143
5298,15,3,2,2,0,22,0.6818181818181818
5299,16,2,2,2,0,22,0.7272727272727273
5300,16,3,2,2,0,23,0.6956521739130435
5301,14,4,2,2,0,22,0.6363636363636364
5302,13,3,2,2,0,20,0.65
5303,12,4,2,2,0,20,0.6
5304,16,2,2,2,0,22,0.7272727272727273
5305,13,3,2,2,0,20,0.65
5306,12,4,2,2,0,20,0.6
5307,16,4,2,2,0,24,0.6666666666666666
5308,15,4,2,2,0,23,0.6521739130434783
5309,14,1,2,2,0,19,0.7368421052631579
5310,13,3,2,2,0,20,0.65
5311,14,2,2,2,0,20,0.7
5312,13,3,2,2,0,20,0.65
5313,13,3,2,2,0,20,0.65
5314,13,3,2,3,0,21,0.6190476190476191
5315,12,4,2,2,0,20,0.6
5316,14,4,2,2,0,22,0.6363636363636364
5317,15,3,2,2,0,22,0.6818181818181818
5318,14,5,2,2,0,23,0.6086956521739131
5319,14,3,2,2,0,21,0.6666666666666666
5320,17,3,2,2,0,24,0.7083333333333334
5321,15,3,2,2,0,22,0.6818181818181818
5322,16,1,2,2,0,21,0.7619047619047619
5323,15,2,2,2,0,21,0.7142857142857143
5324,15,3,2,2,0,22,0.6818181818181818
5325,14,4,2,2,0,22,0.6363636363636364
5326,16,2,2,2,0,22,0.7272727272727273
5327,14,4,2,2,0,22,0.6363636363636364
5328,13,3,2,2,0,20,0.65
5329,14,3,2,2,0,21,0.6666666666666666
5330,14,2,2,2,0,20,0.7
5331,17,3,2,2,0,24,0.7083333333333334
5332,15,2,2,2,0,21,0.7142857142857143
5333,16,3,2,2,0,23,0.6956521739130435
5334,16,3,2,2,0,23,0.6956521739130435
5335,16,4,2,2,0,24,0.6666666666666666
5336,16,2,2,2,0,22,0.7272727272727273
5337,15,4,2,2,0,23,0.6521739130434783
5338,14,3,2,2,0,21,0.6666666666666666
5339,15,2,2,2,0,21,0.7142857142857143
5340,16,4,2,2,0,24,0.6666666666666666
5341,15,4,2,2,0,23,0.6521739130434783
5342,13,3,2,2,0,20,0.65
5343,15,4,2,2,0,23,0.6521739130434783
5344,16,3,2,2,0,23,0.6956521739130435
5345,16,4,2,2,0,24,0.6666666666666666
5346,14,4,2,2,0,22,0.6363636363636364
5347,16,2,2,2,0,22,0.7272727272727273
5348,14,3,2,2,0,21,0.6666666666666666
5349,14,4,2,2,0,22,0.6363636363636364
5350,17,3,2,2,0,24,0.7083333333333334
5351,14,3,2,2,0,21,0.6666666666666666
5352,13,4,2,2,0,21,0.6190476190476191
5353,13,4,2,2,0,21,0.6190476190476191
5354,15,3,2,2,0,22,0.6818181818181818
5355,12,3,2,2,0,19,0.631578947368421
5356,14,3,2,2,0,21,0.6666666666666666
5357,16,4,2,2,0,24,0.6666666666666666
5358,14,3,2,2,0,21,0.6666666666666666
5359,12,3,2,2,0,19,0.631578947368421
5360,15,3,2,2,0,22,0.6818181818181818
5361,16,3,2,2,0,23,0.6956521739130435
5362,14,3,1,2,0,20,0.7
5363,11,1,2,2,0,16,0.6875
5364,15,3,2,2,0,22,0.6818181818181818
5365,13,3,2,2,0,20,0.65
5366,15,3,2,2,0,22,0.6818181818181818
5367,15,4,2,2,0,23,0.6521739130434783
5368,15,3,2,2,0,22,0.6818181818181818
5369,16,2,2,2,0,22,0.7272727272727273
5370,14,2,2,2,0,20,0.7
5371,14,3,2,2,0,21,0.6666666666666666
5372,16,2,2,2,0,22,0.7272727272727273
5373,13,3,2,2,0,20,0.65
5374,14,2,2,2,0,20,0.7
5375,15,2,2,2,0,21,0.7142857142857143
5376,16,4,2,2,0,24,0.6666666666666666
5377,15,4,2,2,0,23,0.6521739130434783
5378,12,2,2,2,0,18,0.6666666666666666
5379,12,2,2,2,0,18,0.6666666666666666
5380,14,3,2,2,0,21,0.6666666666666666
5381,16,3,2,2,0,23,0.6956521739130435
5382,15,3,2,2,0,22,0.6818181818181818
5383,14,2,2,2,0,20,0.7
5384,16,2,2,2,0,22,0.7272727272727273
5385,14,3,2,2,0,21,0.6666666666666666
5386,15,2,2,2,0,21,0.7142857142857143
5387,14,3,2,2,0,21,0.6666666666666666
5388,14,4,2,2,0,22,0.6363636363636364
5389,13,2,2,2,0,19,0.6842105263157895
5390,15,3,2,1,0,21,0.7142857142857143
5391,16,4,2,2,0,24,0.6666666666666666
5392,15,1,2,2,0,20,0.75
5393,16,3,2,2,0,23,0.6956521739130435
5394,14,3,2,2,0,21,0.6666666666666666
5395,15,3,2,2,0,22,0.6818181818181818
5396,15,3,2,2,0,22,0.6818181818181818
5397,13,4,2,2,0,21,0.6190476190476191
5398,15,3,2,2,0,22,0.6818181818181818
5399,16,3,2,2,0,23,0.6956521739130435
5400,15,4,2,2,0,23,0.6521739130434783
5401,16,4,2,2,0,24,0.6666666666666666
5402,14,2,2,2,0,20,0.7
5403,13,4,2,2,0,21,0.6190476190476191
5404,14,3,2,2,0,21,0.6666666666666666
5405,16,3,2,2,0,23,0.6956521739130435
5406,15,4,2,2,0,23,0.6521739130434783
5407,15,3,2,2,0,22,0.6818181818181818
5408,17,3,2,2,0,24,0.7083333333333334
5409,15,2,2,2,0,21,0.7142857142857143
5410,16,4,2,2,0,24,0.6666666666666666
5411,15,3,2,2,0,22,0.6818181818181818
5412,15,3,2,2,0,22,0.6818181818181818
5413,12,3,2,2,0,19,0.631578947368421
5414,16,3,2,2,0,23,0.6956521739130435
5415,16,3,2,2,0,23,0.6956521739130435
5416,14,4,2,2,0,22,0.6363636363636364
5417,15,4,2,2,0,23,0.6521739130434783
5418,15,3,2,2,0,22,0.6818181818181818
5419,15,3,2,2,0,22,0.6818181818181818
5420,14,3,2,2,0,21,0.6666666666666666
5421,16,3,2,2,0,23,0.6956521739130435
5422,15,3,2,2,0,22,0.6818181818181818
5423,13,2,2,2,0,19,0.6842105263157895
5424,15,4,2,2,0,23,0.6521739130434783
5425,14,4,2,2,0,22,0.6363636363636364
5426,14,4,2,2,0,22,0.6363636363636364
5427,14,3,2,2,0,21,0.6666666666666666
5428,14,3,2,2,0,21,0.6666666666666666
5429,14,4,2,2,0,22,0.6363636363636364
5430,15,2,2,2,0,21,0.7142857142857143
5431,13,4,2,2,0,21,0.6190476190476191
5432,14,4,2,2,0,22,0.6363636363636364
5433,12,4,2,2,0,20,0.6
5434,15,3,2,2,0,22,0.6818181818181818
5435,14,4,2,2,0,22,0.6363636363636364
5436,14,4,2,2,0,22,0.6363636363636364
5437,13,4,2,2,0,21,0.6190476190476191
5438,14,4,2,2,0,22,0.6363636363636364
5439,14,3,2,3,0,22,0.6363636363636364
5440,15,3,2,2,0,22,0.6818181818181818
5441,15,3,2,2,0,22,0.6818181818181818
5442,16,2,2,2,0,22,0.7272727272727273
5443,13,3,2,2,0,20,0.65
5444,13,4,2,2,0,21,0.6190476190476191
5445,14,3,2,1,0,20,0.7
5446,12,2,2,2,0,18,0.6666666666666666
5447,14,2,2,2,0,20,0.7
5448,16,2,2,2,0,22,0.7272727272727273
5449,16,3,2,2,0,23,0.6956521739130435
5450,16,1,2,2,0,21,0.7619047619047619
5451,14,2,2,2,0,20,0.7
5452,14,4,2,2,0,22,0.6363636363636364
5453,15,3,2,2,0,22,0.6818181818181818
5454,13,4,2,2,0,21,0.6190476190476191
5455,17,2,2,2,0,23,0.7391304347826086
5456,12,2,2,2,0,18,0.6666666666666666
5457,13,3,2,2,0,20,0.65
5458,15,2,2,2,0,21,0.7142857142857143
5459,14,4,2,2,0,22,0.6363636363636364
5460,14,2,2,2,0,20,0.7
5461,15,3,2,2,0,22,0.6818181818181818
5462,16,3,2,2,0,23,0.6956521739130435
5463,15,4,2,2,0,23,0.6521739130434783
5464,15,3,2,2,0,22,0.6818181818181818
5465,12,2,2,2,0,18,0.6666666666666666
5466,13,2,2,2,0,19,0.6842105263157895
5467,13,2,2,2,0,19,0.6842105263157895
5468,12,2,2,2,0,18,0.6666666666666666
5469,14,4,2,2,0,22,0.6363636363636364
5470,10,2,2,2,0,16,0.625
5471,14,3,2,2,0,21,0.6666666666666666
5472,15,3,2,2,0,22,0.6818181818181818
5473,15,4,2,2,0,23,0.6521739130434783
5474,14,3,2,2,0,21,0.6666666666666666
5475,15,3,2,2,0,22,0.6818181818181818
5476,14,3,2,2,0,21,0.6666666666666666
5477,14,2,2,2,0,20,0.7
5478,16,3,2,2,0,23,0.6956521739130435
5479,16,3,2,2,0,23,0.6956521739130435
5480,14,3,2,2,0,21,0.6666666666666666
5481,14,3,2,2,0,21,0.6666666666666666
5482,12,2,2,2,0,18,0.6666666666666666
5483,11,2,2,2,0,17,0.6470588235294118
5484,13,2,2,2,0,19,0.6842105263157895
5485,16,2,2,2,0,22,0.7272727272727273
5486,15,4,2,2,0,23,0.6521739130434783
5487,14,3,2,2,0,21,0.6666666666666666
5488,12,2,2,2,0,18,0.6666666666666666
5489,15,3,2,2,0,22,0.6818181818181818
5490,13,2,2,2,0,19,0.6842105263157895
5491,15,3,2,2,0,22,0.6818181818181818
5492,15,3,2,2,0,22,0.6818181818181818
5493,15,4,2,2,0,23,0.6521739130434783
5494,14,2,2,2,0,20,0.7
5495,13,2,2,2,0,19,0.6842105263157895
5496,15,4,2,2,0,23,0.6521739130434783
5497,15,3,2,2,0,22,0.6818181818181818
5498,14,4,2,2,0,22,0.6363636363636364
5499,14,3,2,2,0,21,0.6666666666666666
5500,15,3,2,2,0,22,0.6818181818181818
5501,15,3,2,2,0,22,0.6818181818181818
5502,13,3,2,2,0,20,0.65
5503,16,3,2,2,0,23,0.6956521739130435
5504,14,3,2,2,0,21,0.6666666666666666
5505,14,3,2,2,0,21,0.6666666666666666
5506,15,3,2,2,0,22,0.6818181818181818
5507,15,2,2,2,0,21,0.7142857142857143
5508,15,4,2,2,0,23,0.6521739130434783
5509,15,3,2,2,0,22,0.6818181818181818
5510,14,4,2,2,0,22,0.6363636363636364
5511,16,3,2,2,0,23,0.6956521739130435
5512,14,4,2,2,0,22,0.6363636363636364
5513,14,3,2,2,0,21,0.6666666666666666
5514,14,3,2,2,0,21,0.6666666666666666
5515,14,3,2,2,0,21,0.6666666666666666
5516,13,3,2,2,0,20,0.65
5517,12,4,2,2,0,20,0.6
5518,15,2,2,2,0,21,0.7142857142857143
5519,17,3,2,2,0,24,0.7083333333333334
5520,14,3,2,2,0,21,0.6666666666666666
5521,14,4,2,2,0,22,0.6363636363636364
5522,17,4,2,2,0,25,0.68
5523,14,3,2,2,0,21,0.6666666666666666
5524,14,4,2,2,0,22,0.6363636363636364
5525,16,3,2,2,0,23,0.6956521739130435
5526,15,2,2,2,0,21,0.7142857142857143
5527,17,3,2,2,0,24,0.7083333333333334
5528,13,2,2,2,0,19,0.6842105263157895
5529,17,4,2,2,0,25,0.68
5530,16,4,2,2,0,24,0.6666666666666666
5531,14,3,2,2,0,21,0.6666666666666666
5532,15,4,2,2,0,23,0.6521739130434783
5533,14,4,2,2,0,22,0.6363636363636364
5534,17,3,2,2,0,24,0.7083333333333334
5535,13,4,2,2,0,21,0.6190476190476191
5536,13,3,2,2,0,20,0.65
5537,16,4,2,2,0,24,0.6666666666666666
5538,15,4,2,2,0,23,0.6521739130434783
5539,15,3,2,2,0,22,0.6818181818181818
5540,15,4,2,2,0,23,0.6521739130434783
5541,12,3,2,2,0,19,0.631578947368421
5542,15,4,2,2,0,23,0.6521739130434783
5543,17,3,2,2,0,24,0.7083333333333334
5544,15,3,2,2,0,22,0.6818181818181818
5545,14,4,2,1,0,21,0.6666666666666666
5546,15,4,2,2,0,23,0.6521739130434783
5547,16,3,2,2,0,23,0.6956521739130435
5548,14,3,2,2,0,21,0.6666666666666666
5549,16,4,2,2,0,24,0.6666666666666666
5550,14,4,2,2,0,22,0.6363636363636364
5551,13,3,2,2,0,20,0.65
5552,15,2,2,2,0,21,0.7142857142857143
5553,15,4,2,2,0,23,0.6521739130434783
5554,13,3,2,2,0,20,0.65
5555,17,3,2,2,0,24,0.7083333333333334
5556,14,2,2,2,0,20,0.7
5557,16,3,2,2,0,23,0.6956521739130435
5558,14,3,2,2,0,21,0.6666666666666666
5559,15,3,2,2,0,22,0.6818181818181818
5560,16,3,2,2,0,23,0.6956521739130435
5561,14,3,2,2,0,21,0.6666666666666666
5562,16,3,2,2,0,23,0.6956521739130435
5563,15,3,2,2,0,22,0.6818181818181818
5564,12,3,2,2,0,19,0.631578947368421
5565,14,2,2,2,0,20,0.7
5566,14,2,2,2,0,20,0.7
5567,13,3,2,2,0,20,0.65
5568,14,4,2,2,0,22,0.6363636363636364
5569,15,2,2,2,0,21,0.7142857142857143
5570,15,3,2,2,0,22,0.6818181818181818
5571,14,3,2,1,0,20,0.7
5572,16,2,2,2,0,22,0.7272727272727273
5573,16,2,2,2,0,22,0.7272727272727273
5574,15,3,2,2,0,22,0.6818181818181818
5575,15,4,2,2,0,23,0.6521739130434783
5576,13,1,2,2,0,18,0.7222222222222222
5577,14,2,2,2,0,20,0.7
5578,14,2,2,2,0,20,0.7
5579,14,2,2,2,0,20,0.7
5580,14,3,2,2,0,21,0.6666666666666666
5581,14,4,2,2,0,22,0.6363636363636364
5582,13,2,2,2,0,19,0.6842105263157895
5583,14,2,2,2,0,20,0.7
5584,12,4,2,2,0,20,0.6
5585,13,3,2,2,0,20,0.65
5586,15,4,2,2,0,23,0.6521739130434783
5587,12,3,2,2,0,19,0.631578947368421
5588,15,2,2,2,0,21,0.7142857142857143
5589,15,3,2,2,0,22,0.6818181818181818
5590,14,4,2,2,0,22,0.6363636363636364
5591,12,2,2,2,0,18,0.6666666666666666
5592,14,2,2,2,0,20,0.7
5593,15,3,2,2,0,22,0.6818181818181818
5594,15,2,2,2,0,21,0.7142857142857143
5595,12,2,2,2,0,18,0.6666666666666666
5596,16,2,2,2,0,22,0.7272727272727273
5597,15,3,2,2,0,22,0.6818181818181818
5598,14,4,2,2,0,22,0.6363636363636364
5599,14,3,2,2,0,21,0.6666666666666666
