frame,n_hydrophobic,n_polar,n_pos_charged,n_neg_charged,n_other,n_total,frac_hydrophobic
0,18,1,3,0,0,22,0.8181818181818182
1,17,2,3,0,0,22,0.7727272727272727
2,16,2,3,0,0,21,0.7619047619047619
3,18,2,3,0,0,23,0.782608695652174
4,17,3,3,0,0,23,0.7391304347826086
5,15,2,3,0,0,20,0.75
6,16,2,3,0,0,21,0.7619047619047619
7,18,2,3,0,0,23,0.782608695652174
8,17,2,3,0,0,22,0.7727272727272727
9,16,1,3,0,0,20,0.8
10,18,2,3,0,0,23,0.782608695652174
11,17,2,3,0,0,22,0.7727272727272727
12,17,2,3,0,0,22,0.7727272727272727
13,18,1,3,0,0,22,0.8181818181818182
14,15,1,3,0,0,19,0.7894736842105263
15,18,2,3,0,0,23,0.782608695652174
16,17,2,3,0,0,22,0.7727272727272727
17,17,2,3,0,0,22,0.7727272727272727
18,18,2,3,0,0,23,0.782608695652174
19,19,1,3,0,0,23,0.8260869565217391
20,17,1,3,0,0,21,0.8095238095238095
21,17,1,3,0,0,21,0.8095238095238095
22,16,2,3,0,0,21,0.7619047619047619
23,17,2,3,0,0,22,0.7727272727272727
24,17,1,3,0,0,21,0.8095238095238095
25,16,1,3,0,0,20,0.8
26,16,2,3,0,0,21,0.7619047619047619
27,16,2,3,0,0,21,0.7619047619047619
28,17,3,3,0,0,23,0.7391304347826086
29,17,2,3,0,0,22,0.7727272727272727
30,16,1,3,0,0,20,0.8
31,17,2,3,0,0,22,0.7727272727272727
32,15,2,3,0,0,20,0.75
33,18,2,3,0,0,23,0.782608695652174
34,16,2,3,0,0,21,0.7619047619047619
35,17,2,3,0,0,22,0.7727272727272727
36,15,2,3,0,0,20,0.75
37,18,2,3,0,0,23,0.782608695652174
38,19,2,3,0,0,24,0.7916666666666666
39,18,1,3,0,0,22,0.8181818181818182
40,17,2,3,0,0,22,0.7727272727272727
41,17,1,3,0,0,21,0.8095238095238095
42,18,1,3,0,0,22,0.8181818181818182
43,18,2,3,0,0,23,0.782608695652174
44,15,1,3,0,0,19,0.7894736842105263
45,15,1,4,0,0,20,0.75
46,17,1,4,0,0,22,0.7727272727272727
47,18,2,4,0,0,24,0.75
48,15,2,3,0,0,20,0.75
49,16,2,4,0,0,22,0.7272727272727273
50,19,1,4,0,0,24,0.7916666666666666
51,18,2,3,0,0,23,0.782608695652174
52,17,1,4,0,0,22,0.7727272727272727
53,17,1,4,0,0,22,0.7727272727272727
54,18,1,3,0,0,22,0.8181818181818182
55,16,2,3,0,0,21,0.7619047619047619
56,15,2,4,0,0,21,0.7142857142857143
57,18,1,3,0,0,22,0.8181818181818182
58,17,2,3,0,0,22,0.7727272727272727
59,18,2,3,0,0,23,0.782608695652174
60,17,2,4,0,0,23,0.7391304347826086
61,18,1,4,0,0,23,0.782608695652174
62,19,1,4,0,0,24,0.7916666666666666
63,17,1,4,0,0,22,0.7727272727272727
64,16,2,4,0,0,22,0.7272727272727273
65,18,2,4,0,0,24,0.75
66,17,2,4,0,0,23,0.7391304347826086
67,17,2,4,0,0,23,0.7391304347826086
68,16,2,4,0,0,22,0.7272727272727273
69,17,2,3,0,0,22,0.7727272727272727
70,16,1,4,0,0,21,0.7619047619047619
71,16,2,3,0,0,21,0.7619047619047619
72,15,1,4,0,0,20,0.75
73,16,1,4,0,0,21,0.7619047619047619
74,13,2,3,0,0,18,0.7222222222222222
75,17,1,4,0,0,22,0.7727272727272727
76,15,2,3,0,0,20,0.75
77,16,2,3,0,0,21,0.7619047619047619
78,15,1,4,0,0,20,0.75
79,15,1,3,0,0,19,0.7894736842105263
80,17,2,3,0,0,22,0.7727272727272727
81,17,2,3,0,0,22,0.7727272727272727
82,18,2,4,0,0,24,0.75
83,15,2,4,0,0,21,0.7142857142857143
84,16,1,4,0,0,21,0.7619047619047619
85,14,2,4,0,0,20,0.7
86,19,2,4,0,0,25,0.76
87,16,1,3,0,0,20,0.8
88,15,1,3,0,0,19,0.7894736842105263
89,13,2,3,0,0,18,0.7222222222222222
90,17,1,4,0,0,22,0.7727272727272727
91,15,1,4,0,0,20,0.75
92,18,1,4,0,0,23,0.782608695652174
93,18,2,4,0,0,24,0.75
94,17,2,4,0,0,23,0.7391304347826086
95,14,1,3,0,0,18,0.7777777777777778
96,15,1,3,0,0,19,0.7894736842105263
97,18,1,3,0,0,22,0.8181818181818182
98,17,2,4,0,0,23,0.7391304347826086
99,18,2,4,0,0,24,0.75
100,17,2,3,0,0,22,0.7727272727272727
101,15,2,3,0,0,20,0.75
102,17,2,3,0,0,22,0.7727272727272727
103,17,2,3,0,0,22,0.7727272727272727
104,16,2,4,0,0,22,0.7272727272727273
105,17,2,4,0,0,23,0.7391304347826086
106,16,1,4,0,0,21,0.7619047619047619
107,17,1,4,0,0,22,0.7727272727272727
108,18,1,4,0,0,23,0.782608695652174
109,17,1,4,0,0,22,0.7727272727272727
110,16,2,4,0,0,22,0.7272727272727273
111,18,2,4,0,0,24,0.75
112,18,1,4,0,0,23,0.782608695652174
113,17,2,4,0,0,23,0.7391304347826086
114,16,2,4,0,0,22,0.7272727272727273
115,16,1,4,0,0,21,0.7619047619047619
116,17,2,4,0,0,23,0.7391304347826086
117,18,2,4,0,0,24,0.75
118,17,2,4,0,0,23,0.7391304347826086
119,17,2,3,0,0,22,0.7727272727272727
120,17,1,3,0,0,21,0.8095238095238095
121,17,1,4,0,0,22,0.7727272727272727
122,18,1,3,0,0,22,0.8181818181818182
123,18,2,3,0,0,23,0.782608695652174
124,17,1,4,0,0,22,0.7727272727272727
125,17,1,4,0,0,22,0.7727272727272727
126,17,2,3,0,0,22,0.7727272727272727
127,14,2,3,0,0,19,0.7368421052631579
128,18,2,3,0,0,23,0.782608695652174
129,15,1,4,0,0,20,0.75
130,17,1,4,0,0,22,0.7727272727272727
131,16,1,4,0,0,21,0.7619047619047619
132,16,2,4,0,0,22,0.7272727272727273
133,15,1,4,0,0,20,0.75
134,17,1,4,0,0,22,0.7727272727272727
135,15,2,4,0,0,21,0.7142857142857143
136,17,2,4,0,0,23,0.7391304347826086
137,18,2,4,0,0,24,0.75
138,15,1,4,0,0,20,0.75
139,17,2,4,0,0,23,0.7391304347826086
140,17,1,4,0,0,22,0.7727272727272727
141,16,1,4,0,0,21,0.7619047619047619
142,17,2,4,0,0,23,0.7391304347826086
143,16,2,4,0,0,22,0.7272727272727273
144,16,2,4,0,0,22,0.7272727272727273
145,17,2,4,0,0,23,0.7391304347826086
146,17,1,3,0,0,21,0.8095238095238095
147,17,1,4,0,0,22,0.7727272727272727
148,17,1,4,0,0,22,0.7727272727272727
149,18,2,4,0,0,24,0.75
150,17,2,4,0,0,23,0.7391304347826086
151,16,2,4,0,0,22,0.7272727272727273
152,17,2,4,0,0,23,0.7391304347826086
153,18,1,4,0,0,23,0.782608695652174
154,17,2,3,0,0,22,0.7727272727272727
155,16,1,4,0,0,21,0.7619047619047619
156,15,2,3,0,0,20,0.75
157,17,2,3,0,0,22,0.7727272727272727
158,17,1,4,0,0,22,0.7727272727272727
159,17,1,4,0,0,22,0.7727272727272727
160,15,1,3,0,0,19,0.7894736842105263
161,18,1,4,0,0,23,0.782608695652174
162,16,1,4,0,0,21,0.7619047619047619
163,18,2,4,0,0,24,0.75
164,15,2,4,0,0,21,0.7142857142857143
165,17,1,4,0,0,22,0.7727272727272727
166,17,1,4,0,0,22,0.7727272727272727
167,16,1,4,0,0,21,0.7619047619047619
168,17,1,3,0,0,21,0.8095238095238095
169,16,1,3,0,0,20,0.8
170,17,1,4,0,0,22,0.7727272727272727
171,17,2,4,0,0,23,0.7391304347826086
172,16,1,4,0,0,21,0.7619047619047619
173,17,1,4,0,0,22,0.7727272727272727
174,18,2,4,0,0,24,0.75
175,16,2,4,0,0,22,0.7272727272727273
176,17,1,4,0,0,22,0.7727272727272727
177,18,1,4,0,0,23,0.782608695652174
178,18,1,4,0,0,23,0.782608695652174
179,16,2,4,0,0,22,0.7272727272727273
180,14,1,3,0,0,18,0.7777777777777778
181,16,1,3,0,0,20,0.8
182,16,2,3,0,0,21,0.7619047619047619
183,14,1,4,0,0,19,0.7368421052631579
184,16,1,3,0,0,20,0.8
185,15,2,4,0,0,21,0.7142857142857143
186,15,2,4,0,0,21,0.7142857142857143
187,15,1,4,0,0,20,0.75
188,16,2,4,0,0,22,0.7272727272727273
189,15,2,4,0,0,21,0.7142857142857143
190,16,1,4,0,0,21,0.7619047619047619
191,16,1,4,0,0,21,0.7619047619047619
192,14,2,4,0,0,20,0.7
193,17,2,3,0,0,22,0.7727272727272727
194,17,2,4,0,0,23,0.7391304347826086
195,16,2,4,0,0,22,0.7272727272727273
196,17,2,4,0,0,23,0.7391304347826086
197,17,2,4,0,0,23,0.7391304347826086
198,16,2,4,0,0,22,0.7272727272727273
199,17,1,4,0,0,22,0.7727272727272727
200,14,1,3,0,0,18,0.7777777777777778
201,16,2,4,0,0,22,0.7272727272727273
202,17,2,4,0,0,23,0.7391304347826086
203,15,1,4,0,0,20,0.75
204,17,2,4,0,0,23,0.7391304347826086
205,15,2,4,0,0,21,0.7142857142857143
206,18,2,4,0,0,24,0.75
207,14,1,3,0,0,18,0.7777777777777778
208,15,2,4,0,0,21,0.7142857142857143
209,17,1,4,0,0,22,0.7727272727272727
210,18,1,4,0,0,23,0.782608695652174
211,17,1,4,0,0,22,0.7727272727272727
212,14,2,3,0,0,19,0.7368421052631579
213,16,2,3,0,0,21,0.7619047619047619
214,15,2,3,0,0,20,0.75
215,16,1,3,0,0,20,0.8
216,15,2,3,0,0,20,0.75
217,15,1,3,0,0,19,0.7894736842105263
218,15,2,3,0,0,20,0.75
219,17,2,3,0,0,22,0.7727272727272727
220,20,1,3,0,0,24,0.8333333333333334
221,16,1,2,0,0,19,0.8421052631578947
222,16,2,3,0,0,21,0.7619047619047619
223,17,1,3,0,0,21,0.8095238095238095
224,14,2,3,0,0,19,0.7368421052631579
225,16,1,3,0,0,20,0.8
226,17,1,3,0,0,21,0.8095238095238095
227,16,2,3,0,0,21,0.7619047619047619
228,16,2,3,0,0,21,0.7619047619047619
229,15,2,3,0,0,20,0.75
230,14,2,3,0,0,19,0.7368421052631579
231,14,1,3,0,0,18,0.7777777777777778
232,14,2,3,0,0,19,0.7368421052631579
233,15,2,3,0,0,20,0.75
234,15,2,3,0,0,20,0.75
235,15,2,3,0,0,20,0.75
236,17,1,3,0,0,21,0.8095238095238095
237,17,2,3,0,0,22,0.7727272727272727
238,16,2,3,0,0,21,0.7619047619047619
239,18,1,3,0,0,22,0.8181818181818182
240,16,2,3,0,0,21,0.7619047619047619
241,16,2,3,0,0,21,0.7619047619047619
242,15,2,3,0,0,20,0.75
243,17,1,3,0,0,21,0.8095238095238095
244,16,2,3,0,0,21,0.7619047619047619
245,15,2,3,0,0,20,0.75
246,17,2,3,0,0,22,0.7727272727272727
247,15,2,3,0,0,20,0.75
248,19,1,3,0,0,23,0.8260869565217391
249,15,2,3,0,0,20,0.75
250,17,1,3,0,0,21,0.8095238095238095
251,17,2,3,0,0,22,0.7727272727272727
252,18,2,3,0,0,23,0.782608695652174
253,13,1,3,0,0,17,0.7647058823529411
254,14,2,3,0,0,19,0.7368421052631579
255,16,2,3,0,0,21,0.7619047619047619
256,17,2,3,0,0,22,0.7727272727272727
257,17,2,3,0,0,22,0.7727272727272727
258,17,2,4,0,0,23,0.7391304347826086
259,17,2,3,0,0,22,0.7727272727272727
260,18,2,3,0,0,23,0.782608695652174
261,16,2,3,0,0,21,0.7619047619047619
262,16,1,3,0,0,20,0.8
263,15,2,3,0,0,20,0.75
264,15,2,3,0,0,20,0.75
265,16,1,3,0,0,20,0.8
266,18,2,4,0,0,24,0.75
267,16,1,3,0,0,20,0.8
268,13,1,3,0,0,17,0.7647058823529411
269,15,2,4,0,0,21,0.7142857142857143
270,17,2,4,0,0,23,0.7391304347826086
271,16,2,3,0,0,21,0.7619047619047619
272,18,1,3,0,0,22,0.8181818181818182
273,17,2,3,0,0,22,0.7727272727272727
274,18,2,2,0,0,22,0.8181818181818182
275,16,2,3,0,0,21,0.7619047619047619
276,17,1,3,0,0,21,0.8095238095238095
277,17,1,3,0,0,21,0.8095238095238095
278,16,2,3,0,0,21,0.7619047619047619
279,18,2,3,0,0,23,0.782608695652174
280,17,2,3,0,0,22,0.7727272727272727
281,15,1,3,0,0,19,0.7894736842105263
282,18,2,3,0,0,23,0.782608695652174
283,17,2,3,0,0,22,0.7727272727272727
284,15,1,3,0,0,19,0.7894736842105263
285,16,2,3,0,0,21,0.7619047619047619
286,16,2,3,0,0,21,0.7619047619047619
287,16,2,3,0,0,21,0.7619047619047619
288,15,1,3,0,0,19,0.7894736842105263
289,18,2,3,0,0,23,0.782608695652174
290,17,2,3,0,0,22,0.7727272727272727
291,16,2,3,0,0,21,0.7619047619047619
292,17,2,3,0,0,22,0.7727272727272727
293,16,2,3,0,0,21,0.7619047619047619
294,17,2,3,0,0,22,0.7727272727272727
295,17,2,3,0,0,22,0.7727272727272727
296,17,2,3,0,0,22,0.7727272727272727
297,19,2,3,0,0,24,0.7916666666666666
298,16,1,3,0,0,20,0.8
299,16,1,3,0,0,20,0.8
300,15,2,2,0,0,19,0.7894736842105263
301,16,2,3,0,0,21,0.7619047619047619
302,16,1,3,0,0,20,0.8
303,16,2,3,0,0,21,0.7619047619047619
304,17,2,3,0,0,22,0.7727272727272727
305,18,2,3,0,0,23,0.782608695652174
306,17,1,3,0,0,21,0.8095238095238095
307,17,2,4,0,0,23,0.7391304347826086
308,15,2,3,0,0,20,0.75
309,16,2,3,0,0,21,0.7619047619047619
310,18,2,3,0,0,23,0.782608695652174
311,18,1,3,0,0,22,0.8181818181818182
312,16,2,3,0,0,21,0.7619047619047619
313,15,1,3,0,0,19,0.7894736842105263
314,16,2,3,0,0,21,0.7619047619047619
315,17,1,3,0,0,21,0.8095238095238095
316,15,2,3,0,0,20,0.75
317,17,2,3,0,0,22,0.7727272727272727
318,16,2,3,0,0,21,0.7619047619047619
319,15,1,3,0,0,19,0.7894736842105263
320,18,1,4,0,0,23,0.782608695652174
321,17,2,3,0,0,22,0.7727272727272727
322,17,2,4,0,0,23,0.7391304347826086
323,16,1,4,0,0,21,0.7619047619047619
324,16,1,4,0,0,21,0.7619047619047619
325,15,2,3,0,0,20,0.75
326,17,1,4,0,0,22,0.7727272727272727
327,17,2,4,0,0,23,0.7391304347826086
328,17,1,4,0,0,22,0.7727272727272727
329,17,2,4,0,0,23,0.7391304347826086
330,17,2,3,0,0,22,0.7727272727272727
331,16,2,3,0,0,21,0.7619047619047619
332,14,1,3,0,0,18,0.7777777777777778
333,17,2,3,0,0,22,0.7727272727272727
334,17,2,3,0,0,22,0.7727272727272727
335,16,2,2,0,0,20,0.8
336,16,2,3,0,0,21,0.7619047619047619
337,15,2,3,0,0,20,0.75
338,15,2,3,0,0,20,0.75
339,14,1,3,0,0,18,0.7777777777777778
340,17,1,3,0,0,21,0.8095238095238095
341,15,2,3,0,0,20,0.75
342,14,2,3,0,0,19,0.7368421052631579
343,17,2,3,0,0,22,0.7727272727272727
344,13,2,3,0,0,18,0.7222222222222222
345,16,2,3,0,0,21,0.7619047619047619
346,17,2,3,0,0,22,0.7727272727272727
347,17,2,3,0,0,22,0.7727272727272727
348,16,2,3,0,0,21,0.7619047619047619
349,14,2,3,0,0,19,0.7368421052631579
350,16,2,3,0,0,21,0.7619047619047619
351,15,1,3,0,0,19,0.7894736842105263
352,16,2,3,0,0,21,0.7619047619047619
353,15,2,3,0,0,20,0.75
354,16,1,3,0,0,20,0.8
355,15,2,2,0,0,19,0.7894736842105263
356,14,2,3,0,0,19,0.7368421052631579
357,14,1,3,0,0,18,0.7777777777777778
358,16,2,3,0,0,21,0.7619047619047619
359,14,2,3,0,0,19,0.7368421052631579
360,17,2,3,0,0,22,0.7727272727272727
361,14,2,3,0,0,19,0.7368421052631579
362,14,2,3,0,0,19,0.7368421052631579
363,17,2,3,0,0,22,0.7727272727272727
364,14,2,3,0,0,19,0.7368421052631579
365,14,2,3,0,0,19,0.7368421052631579
366,14,2,3,0,0,19,0.7368421052631579
367,17,2,3,0,0,22,0.7727272727272727
368,13,1,3,0,0,17,0.7647058823529411
369,16,1,3,0,0,20,0.8
370,14,2,3,0,0,19,0.7368421052631579
371,14,2,3,0,0,19,0.7368421052631579
372,17,1,4,0,0,22,0.7727272727272727
373,14,2,3,0,0,19,0.7368421052631579
374,13,2,3,0,0,18,0.7222222222222222
375,16,2,3,0,0,21,0.7619047619047619
376,14,2,3,0,0,19,0.7368421052631579
377,17,1,4,0,0,22,0.7727272727272727
378,16,2,3,0,0,21,0.7619047619047619
379,15,2,3,0,0,20,0.75
380,13,1,3,0,0,17,0.7647058823529411
381,13,2,3,0,0,18,0.7222222222222222
382,13,2,3,0,0,18,0.7222222222222222
383,14,2,3,0,0,19,0.7368421052631579
384,15,1,3,0,0,19,0.7894736842105263
385,17,2,3,0,0,22,0.7727272727272727
386,16,2,3,0,0,21,0.7619047619047619
387,15,1,3,0,0,19,0.7894736842105263
388,16,1,3,0,0,20,0.8
389,14,2,3,0,0,19,0.7368421052631579
390,16,2,3,0,0,21,0.7619047619047619
391,14,2,3,0,0,19,0.7368421052631579
392,15,2,3,0,0,20,0.75
393,14,1,3,0,0,18,0.7777777777777778
394,16,2,3,0,0,21,0.7619047619047619
395,16,2,3,0,0,21,0.7619047619047619
396,16,2,3,0,0,21,0.7619047619047619
397,15,2,3,0,0,20,0.75
398,15,2,3,0,0,20,0.75
399,15,2,3,0,0,20,0.75
400,15,2,3,0,0,20,0.75
401,15,2,3,0,0,20,0.75
402,15,1,3,0,0,19,0.7894736842105263
403,13,2,3,0,0,18,0.7222222222222222
404,15,1,3,0,0,19,0.7894736842105263
405,15,2,3,0,0,20,0.75
406,14,2,3,0,0,19,0.7368421052631579
407,14,1,3,0,0,18,0.7777777777777778
408,14,2,3,0,0,19,0.7368421052631579
409,15,2,3,0,0,20,0.75
410,15,2,3,0,0,20,0.75
411,15,2,3,0,0,20,0.75
412,16,2,3,0,0,21,0.7619047619047619
413,15,2,3,0,0,20,0.75
414,14,2,3,0,0,19,0.7368421052631579
415,15,2,3,0,0,20,0.75
416,16,2,3,0,0,21,0.7619047619047619
417,13,2,4,0,0,19,0.6842105263157895
418,14,2,3,0,0,19,0.7368421052631579
419,15,2,3,0,0,20,0.75
420,14,2,3,0,0,19,0.7368421052631579
421,13,2,3,0,0,18,0.7222222222222222
422,12,2,3,0,0,17,0.7058823529411765
423,16,2,3,0,0,21,0.7619047619047619
424,15,2,3,0,0,20,0.75
425,14,1,3,0,0,18,0.7777777777777778
426,14,1,3,0,0,18,0.7777777777777778
427,15,1,3,0,0,19,0.7894736842105263
428,16,2,3,0,0,21,0.7619047619047619
429,15,2,3,0,0,20,0.75
430,16,2,3,0,0,21,0.7619047619047619
431,16,2,3,0,0,21,0.7619047619047619
432,16,1,3,0,0,20,0.8
433,15,2,3,0,0,20,0.75
434,15,2,3,0,0,20,0.75
435,16,2,3,0,0,21,0.7619047619047619
436,16,2,3,0,0,21,0.7619047619047619
437,17,2,3,0,0,22,0.7727272727272727
438,15,2,3,0,0,20,0.75
439,15,2,3,0,0,20,0.75
440,16,2,3,0,0,21,0.7619047619047619
441,15,2,3,0,0,20,0.75
442,15,2,3,0,0,20,0.75
443,16,2,3,0,0,21,0.7619047619047619
444,14,1,3,0,0,18,0.7777777777777778
445,15,2,3,0,0,20,0.75
446,14,2,3,0,0,19,0.7368421052631579
447,13,1,3,0,0,17,0.7647058823529411
448,13,2,3,0,0,18,0.7222222222222222
449,15,2,3,0,0,20,0.75
450,15,2,3,0,0,20,0.75
451,15,2,3,0,0,20,0.75
452,14,2,3,0,0,19,0.7368421052631579
453,15,1,3,0,0,19,0.7894736842105263
454,15,2,3,0,0,20,0.75
455,15,1,3,0,0,19,0.7894736842105263
456,16,2,3,0,0,21,0.7619047619047619
457,15,1,3,0,0,19,0.7894736842105263
458,14,1,3,0,0,18,0.7777777777777778
459,14,2,3,0,0,19,0.7368421052631579
460,15,2,3,0,0,20,0.75
461,15,1,3,0,0,19,0.7894736842105263
462,13,2,3,0,0,18,0.7222222222222222
463,12,2,3,0,0,17,0.7058823529411765
464,14,2,3,0,0,19,0.7368421052631579
465,17,2,3,0,0,22,0.7727272727272727
466,16,1,3,0,0,20,0.8
467,13,2,3,0,0,18,0.7222222222222222
468,14,1,4,0,0,19,0.7368421052631579
469,12,1,4,0,0,17,0.7058823529411765
470,14,2,3,0,0,19,0.7368421052631579
471,13,2,3,0,0,18,0.7222222222222222
472,13,1,4,0,0,18,0.7222222222222222
473,15,2,3,0,0,20,0.75
474,15,1,3,0,0,19,0.7894736842105263
475,17,2,3,0,0,22,0.7727272727272727
476,15,2,3,0,0,20,0.75
477,14,2,3,0,0,19,0.7368421052631579
478,14,2,3,0,0,19,0.7368421052631579
479,14,2,3,0,0,19,0.7368421052631579
480,13,2,3,0,0,18,0.7222222222222222
481,14,2,3,0,0,19,0.7368421052631579
482,14,2,3,0,0,19,0.7368421052631579
483,14,2,3,0,0,19,0.7368421052631579
484,12,2,3,0,0,17,0.7058823529411765
485,13,1,3,0,0,17,0.7647058823529411
486,14,2,3,0,0,19,0.7368421052631579
487,14,2,3,0,0,19,0.7368421052631579
488,14,1,3,0,0,18,0.7777777777777778
489,13,2,3,0,0,18,0.7222222222222222
490,12,1,3,0,0,16,0.75
491,10,2,3,0,0,15,0.6666666666666666
492,16,2,3,0,0,21,0.7619047619047619
493,13,2,3,0,0,18,0.7222222222222222
494,13,1,3,0,0,17,0.7647058823529411
495,14,1,3,0,0,18,0.7777777777777778
496,16,2,3,0,0,21,0.7619047619047619
497,14,2,3,0,0,19,0.7368421052631579
498,16,1,3,0,0,20,0.8
499,16,2,3,0,0,21,0.7619047619047619
500,15,2,3,0,0,20,0.75
501,13,1,3,0,0,17,0.7647058823529411
502,14,2,3,0,0,19,0.7368421052631579
503,13,2,3,0,0,18,0.7222222222222222
504,15,2,3,0,0,20,0.75
505,14,1,3,0,0,18,0.7777777777777778
506,17,2,3,0,0,22,0.7727272727272727
507,14,1,3,0,0,18,0.7777777777777778
508,15,1,3,0,0,19,0.7894736842105263
509,16,1,3,0,0,20,0.8
510,16,2,3,0,0,21,0.7619047619047619
511,18,1,3,0,0,22,0.8181818181818182
512,18,2,3,0,0,23,0.782608695652174
513,18,2,3,0,0,23,0.782608695652174
514,16,1,3,0,0,20,0.8
515,16,1,3,0,0,20,0.8
516,17,2,3,0,0,22,0.7727272727272727
517,17,2,3,0,0,22,0.7727272727272727
518,15,1,3,0,0,19,0.7894736842105263
519,18,2,3,0,0,23,0.782608695652174
520,17,2,3,0,0,22,0.7727272727272727
521,15,2,3,0,0,20,0.75
522,15,2,3,0,0,20,0.75
523,16,2,3,0,0,21,0.7619047619047619
524,16,2,3,0,0,21,0.7619047619047619
525,16,2,3,0,0,21,0.7619047619047619
526,15,2,3,0,0,20,0.75
527,16,2,3,0,0,21,0.7619047619047619
528,14,1,3,0,0,18,0.7777777777777778
529,15,2,3,0,0,20,0.75
530,16,1,3,0,0,20,0.8
531,16,2,3,0,0,21,0.7619047619047619
532,14,2,3,0,0,19,0.7368421052631579
533,15,2,3,0,0,20,0.75
534,15,2,3,0,0,20,0.75
535,16,2,3,0,0,21,0.7619047619047619
536,14,2,3,0,0,19,0.7368421052631579
537,18,2,3,0,0,23,0.782608695652174
538,17,1,3,0,0,21,0.8095238095238095
539,16,2,3,0,0,21,0.7619047619047619
540,16,2,3,0,0,21,0.7619047619047619
541,16,2,3,0,0,21,0.7619047619047619
542,13,2,3,0,0,18,0.7222222222222222
543,15,1,3,0,0,19,0.7894736842105263
544,15,1,3,0,0,19,0.7894736842105263
545,13,2,3,0,0,18,0.7222222222222222
546,13,2,3,0,0,18,0.7222222222222222
547,14,2,3,0,0,19,0.7368421052631579
548,14,1,3,0,0,18,0.7777777777777778
549,13,1,3,0,0,17,0.7647058823529411
550,17,2,3,0,0,22,0.7727272727272727
551,16,2,3,0,0,21,0.7619047619047619
552,17,2,3,0,0,22,0.7727272727272727
553,14,2,3,0,0,19,0.7368421052631579
554,15,2,3,0,0,20,0.75
555,13,2,3,0,0,18,0.7222222222222222
556,16,2,3,0,0,21,0.7619047619047619
557,15,2,4,0,0,21,0.7142857142857143
558,13,1,3,0,0,17,0.7647058823529411
559,14,1,3,0,0,18,0.7777777777777778
560,15,2,4,0,0,21,0.7142857142857143
561,16,2,3,0,0,21,0.7619047619047619
562,16,2,3,0,0,21,0.7619047619047619
563,17,3,3,0,0,23,0.7391304347826086
564,16,2,3,0,0,21,0.7619047619047619
565,16,2,3,0,0,21,0.7619047619047619
566,15,3,3,0,0,21,0.7142857142857143
567,16,1,3,0,0,20,0.8
568,17,2,3,0,0,22,0.7727272727272727
569,17,2,4,0,0,23,0.7391304347826086
570,17,1,4,0,0,22,0.7727272727272727
571,15,2,3,0,0,20,0.75
572,18,1,3,0,0,22,0.8181818181818182
573,15,2,3,0,0,20,0.75
574,15,2,3,0,0,20,0.75
575,16,1,3,0,0,20,0.8
576,16,2,3,0,0,21,0.7619047619047619
577,17,2,3,0,0,22,0.7727272727272727
578,16,1,3,0,0,20,0.8
579,17,2,3,0,0,22,0.7727272727272727
580,15,2,3,0,0,20,0.75
581,16,2,3,0,0,21,0.7619047619047619
582,17,2,3,0,0,22,0.7727272727272727
583,15,1,3,0,0,19,0.7894736842105263
584,14,1,3,0,0,18,0.7777777777777778
585,16,2,3,0,0,21,0.7619047619047619
586,15,2,3,0,0,20,0.75
587,16,1,3,0,0,20,0.8
588,16,1,3,0,0,20,0.8
589,14,2,3,0,0,19,0.7368421052631579
590,14,2,3,0,0,19,0.7368421052631579
591,17,2,3,0,0,22,0.7727272727272727
592,13,1,3,0,0,17,0.7647058823529411
593,16,2,3,0,0,21,0.7619047619047619
594,15,2,3,0,0,20,0.75
595,14,2,3,0,0,19,0.7368421052631579
596,15,2,3,0,0,20,0.75
597,16,2,3,0,0,21,0.7619047619047619
598,16,2,3,0,0,21,0.7619047619047619
599,17,2,3,0,0,22,0.7727272727272727
600,16,2,3,0,0,21,0.7619047619047619
601,15,2,3,0,0,20,0.75
602,14,2,3,0,0,19,0.7368421052631579
603,14,2,3,0,0,19,0.7368421052631579
604,12,1,3,0,0,16,0.75
605,14,2,3,0,0,19,0.7368421052631579
606,15,2,3,0,0,20,0.75
607,14,2,3,0,0,19,0.7368421052631579
608,13,2,3,0,0,18,0.7222222222222222
609,15,1,3,0,0,19,0.7894736842105263
610,13,2,3,0,0,18,0.7222222222222222
611,17,1,3,0,0,21,0.8095238095238095
612,13,2,3,0,0,18,0.7222222222222222
613,16,1,3,0,0,20,0.8
614,13,2,3,0,0,18,0.7222222222222222
615,13,2,3,0,0,18,0.7222222222222222
616,14,1,3,0,0,18,0.7777777777777778
617,13,1,3,0,0,17,0.7647058823529411
618,13,2,3,0,0,18,0.7222222222222222
619,16,1,3,0,0,20,0.8
620,14,2,3,0,0,19,0.7368421052631579
621,15,2,3,0,0,20,0.75
622,15,2,3,0,0,20,0.75
623,16,2,3,0,0,21,0.7619047619047619
624,15,1,3,0,0,19,0.7894736842105263
625,15,2,3,0,0,20,0.75
626,15,2,3,0,0,20,0.75
627,15,2,3,0,0,20,0.75
628,17,2,3,0,0,22,0.7727272727272727
629,15,2,3,0,0,20,0.75
630,15,2,3,0,0,20,0.75
631,19,1,3,0,0,23,0.8260869565217391
632,17,2,3,0,0,22,0.7727272727272727
633,17,2,3,0,0,22,0.7727272727272727
634,16,2,3,0,0,21,0.7619047619047619
635,16,2,3,0,0,21,0.7619047619047619
636,13,2,3,0,0,18,0.7222222222222222
637,12,2,3,0,0,17,0.7058823529411765
638,15,1,3,0,0,19,0.7894736842105263
639,15,2,3,0,0,20,0.75
640,12,1,3,0,0,16,0.75
641,14,2,3,0,0,19,0.7368421052631579
642,13,2,3,0,0,18,0.7222222222222222
643,14,2,3,0,0,19,0.7368421052631579
644,14,2,3,0,0,19,0.7368421052631579
645,17,2,3,0,0,22,0.7727272727272727
646,15,2,3,0,0,20,0.75
647,14,1,3,0,0,18,0.7777777777777778
648,13,2,3,0,0,18,0.7222222222222222
649,16,2,3,0,0,21,0.7619047619047619
650,15,2,3,0,0,20,0.75
651,15,2,3,0,0,20,0.75
652,15,2,3,0,0,20,0.75
653,15,2,3,0,0,20,0.75
654,14,2,3,0,0,19,0.7368421052631579
655,14,2,3,0,0,19,0.7368421052631579
656,13,1,3,0,0,17,0.7647058823529411
657,15,1,4,0,0,20,0.75
658,14,1,3,0,0,18,0.7777777777777778
659,14,1,3,0,0,18,0.7777777777777778
660,16,2,3,0,0,21,0.7619047619047619
661,16,1,3,0,0,20,0.8
662,14,2,3,0,0,19,0.7368421052631579
663,16,2,3,0,0,21,0.7619047619047619
664,17,2,3,0,0,22,0.7727272727272727
665,16,2,3,0,0,21,0.7619047619047619
666,14,1,3,0,0,18,0.7777777777777778
667,14,2,3,0,0,19,0.7368421052631579
668,16,2,3,0,0,21,0.7619047619047619
669,13,2,3,0,0,18,0.7222222222222222
670,15,2,3,0,0,20,0.75
671,16,2,3,0,0,21,0.7619047619047619
672,12,1,3,0,0,16,0.75
673,12,1,3,0,0,16,0.75
674,17,2,3,0,0,22,0.7727272727272727
675,14,1,3,0,0,18,0.7777777777777778
676,14,1,3,0,0,18,0.7777777777777778
677,16,2,3,0,0,21,0.7619047619047619
678,15,2,3,0,0,20,0.75
679,15,2,3,0,0,20,0.75
680,13,2,3,0,0,18,0.7222222222222222
681,14,2,3,0,0,19,0.7368421052631579
682,13,2,3,0,0,18,0.7222222222222222
683,14,1,3,0,0,18,0.7777777777777778
684,13,2,3,0,0,18,0.7222222222222222
685,15,1,3,0,0,19,0.7894736842105263
686,14,2,3,0,0,19,0.7368421052631579
687,16,2,3,0,0,21,0.7619047619047619
688,12,2,3,0,0,17,0.7058823529411765
689,15,2,3,0,0,20,0.75
690,15,2,3,0,0,20,0.75
691,16,2,3,0,0,21,0.7619047619047619
692,14,2,3,0,0,19,0.7368421052631579
693,15,2,3,0,0,20,0.75
694,15,2,3,0,0,20,0.75
695,15,1,3,0,0,19,0.7894736842105263
696,15,2,3,0,0,20,0.75
697,15,1,3,0,0,19,0.7894736842105263
698,14,2,3,0,0,19,0.7368421052631579
699,16,1,3,0,0,20,0.8
700,15,1,3,0,0,19,0.7894736842105263
701,16,2,3,0,0,21,0.7619047619047619
702,14,2,3,0,0,19,0.7368421052631579
703,14,1,3,0,0,18,0.7777777777777778
704,15,1,3,0,0,19,0.7894736842105263
705,13,2,3,0,0,18,0.7222222222222222
706,15,1,3,0,0,19,0.7894736842105263
707,15,2,3,0,0,20,0.75
708,14,2,3,0,0,19,0.7368421052631579
709,19,2,3,0,0,24,0.7916666666666666
710,15,1,3,0,0,19,0.7894736842105263
711,15,2,3,0,0,20,0.75
712,15,2,3,0,0,20,0.75
713,14,1,3,0,0,18,0.7777777777777778
714,13,1,3,0,0,17,0.7647058823529411
715,15,2,3,0,0,20,0.75
716,14,1,3,0,0,18,0.7777777777777778
717,15,1,3,0,0,19,0.7894736842105263
718,15,1,3,0,0,19,0.7894736842105263
719,14,2,3,0,0,19,0.7368421052631579
720,15,2,3,0,0,20,0.75
721,14,2,3,0,0,19,0.7368421052631579
722,14,2,3,0,0,19,0.7368421052631579
723,14,2,3,0,0,19,0.7368421052631579
724,15,2,3,0,0,20,0.75
725,16,2,3,0,0,21,0.7619047619047619
726,15,1,3,0,0,19,0.7894736842105263
727,14,2,3,0,0,19,0.7368421052631579
728,14,2,3,0,0,19,0.7368421052631579
729,15,2,3,0,0,20,0.75
730,14,1,3,0,0,18,0.7777777777777778
731,14,1,3,0,0,18,0.7777777777777778
732,16,2,3,0,0,21,0.7619047619047619
733,15,1,3,0,0,19,0.7894736842105263
734,15,2,3,0,0,20,0.75
735,15,2,3,0,0,20,0.75
736,15,2,3,0,0,20,0.75
737,15,2,3,0,0,20,0.75
738,15,2,3,0,0,20,0.75
739,14,2,3,0,0,19,0.7368421052631579
740,14,2,3,0,0,19,0.7368421052631579
741,13,2,3,0,0,18,0.7222222222222222
742,14,1,3,0,0,18,0.7777777777777778
743,14,2,3,0,0,19,0.7368421052631579
744,14,1,3,0,0,18,0.7777777777777778
745,13,1,3,0,0,17,0.7647058823529411
746,14,2,3,0,0,19,0.7368421052631579
747,14,2,3,0,0,19,0.7368421052631579
748,14,1,3,0,0,18,0.7777777777777778
749,15,2,3,0,0,20,0.75
750,15,2,3,0,0,20,0.75
751,14,2,3,0,0,19,0.7368421052631579
752,16,2,3,0,0,21,0.7619047619047619
753,13,1,3,0,0,17,0.7647058823529411
754,15,2,3,0,0,20,0.75
755,14,2,3,0,0,19,0.7368421052631579
756,13,2,3,0,0,18,0.7222222222222222
757,17,1,3,0,0,21,0.8095238095238095
758,13,2,3,0,0,18,0.7222222222222222
759,14,2,3,0,0,19,0.7368421052631579
760,15,1,3,0,0,19,0.7894736842105263
761,13,1,3,0,0,17,0.7647058823529411
762,15,2,3,0,0,20,0.75
763,13,1,3,0,0,17,0.7647058823529411
764,14,2,3,0,0,19,0.7368421052631579
765,16,2,3,0,0,21,0.7619047619047619
766,13,2,3,0,0,18,0.7222222222222222
767,13,2,3,0,0,18,0.7222222222222222
768,13,2,3,0,0,18,0.7222222222222222
769,16,2,3,0,0,21,0.7619047619047619
770,15,2,3,0,0,20,0.75
771,15,2,3,0,0,20,0.75
772,16,1,3,0,0,20,0.8
773,15,2,3,0,0,20,0.75
774,12,2,3,0,0,17,0.7058823529411765
775,13,2,3,0,0,18,0.7222222222222222
776,14,1,3,0,0,18,0.7777777777777778
777,13,2,3,0,0,18,0.7222222222222222
778,15,2,3,0,0,20,0.75
779,14,2,3,0,0,19,0.7368421052631579
780,14,2,3,0,0,19,0.7368421052631579
781,14,2,3,0,0,19,0.7368421052631579
782,14,1,3,0,0,18,0.7777777777777778
783,15,2,3,0,0,20,0.75
784,12,1,3,0,0,16,0.75
785,15,1,3,0,0,19,0.7894736842105263
786,15,1,3,0,0,19,0.7894736842105263
787,15,2,3,0,0,20,0.75
788,15,1,3,0,0,19,0.7894736842105263
789,14,2,3,0,0,19,0.7368421052631579
790,15,2,3,0,0,20,0.75
791,11,2,4,0,0,17,0.6470588235294118
792,13,2,4,0,0,19,0.6842105263157895
793,16,2,4,0,0,22,0.7272727272727273
794,13,2,4,0,0,19,0.6842105263157895
795,15,2,4,0,0,21,0.7142857142857143
796,14,2,4,0,0,20,0.7
797,12,2,4,0,0,18,0.6666666666666666
798,13,2,4,0,0,19,0.6842105263157895
799,14,1,4,0,0,19,0.7368421052631579
800,16,1,4,0,0,21,0.7619047619047619
801,13,2,4,0,0,19,0.6842105263157895
802,13,2,4,0,0,19,0.6842105263157895
803,15,2,3,0,0,20,0.75
804,13,2,3,0,0,18,0.7222222222222222
805,13,1,3,0,0,17,0.7647058823529411
806,16,2,3,0,0,21,0.7619047619047619
807,16,2,3,0,0,21,0.7619047619047619
808,14,2,3,0,0,19,0.7368421052631579
809,14,2,3,0,0,19,0.7368421052631579
810,16,1,3,0,0,20,0.8
811,14,2,3,0,0,19,0.7368421052631579
812,15,2,3,0,0,20,0.75
813,15,2,3,0,0,20,0.75
814,12,1,3,0,0,16,0.75
815,16,2,3,0,0,21,0.7619047619047619
816,16,2,3,0,0,21,0.7619047619047619
817,15,2,3,0,0,20,0.75
818,14,1,2,0,0,17,0.8235294117647058
819,13,1,4,0,0,18,0.7222222222222222
820,15,1,3,0,0,19,0.7894736842105263
821,14,2,4,0,0,20,0.7
822,14,1,4,0,0,19,0.7368421052631579
823,16,2,4,0,0,22,0.7272727272727273
824,15,1,4,0,0,20,0.75
825,15,2,3,0,0,20,0.75
826,14,1,3,0,0,18,0.7777777777777778
827,13,2,3,0,0,18,0.7222222222222222
828,14,1,3,0,0,18,0.7777777777777778
829,14,2,3,0,0,19,0.7368421052631579
830,13,1,3,0,0,17,0.7647058823529411
831,16,2,3,0,0,21,0.7619047619047619
832,11,2,3,0,0,16,0.6875
833,14,2,4,0,0,20,0.7
834,16,2,3,0,0,21,0.7619047619047619
835,14,1,3,0,0,18,0.7777777777777778
836,14,1,3,0,0,18,0.7777777777777778
837,15,1,3,0,0,19,0.7894736842105263
838,14,2,3,0,0,19,0.7368421052631579
839,15,1,3,0,0,19,0.7894736842105263
840,13,2,3,0,0,18,0.7222222222222222
841,15,2,3,0,0,20,0.75
842,12,2,3,0,0,17,0.7058823529411765
843,15,2,3,0,0,20,0.75
844,14,2,3,0,0,19,0.7368421052631579
845,13,1,3,0,0,17,0.7647058823529411
846,13,1,4,0,0,18,0.7222222222222222
847,14,1,4,0,0,19,0.7368421052631579
848,13,2,4,0,0,19,0.6842105263157895
849,13,1,3,0,0,17,0.7647058823529411
850,14,1,4,0,0,19,0.7368421052631579
851,15,2,4,0,0,21,0.7142857142857143
852,14,2,4,0,0,20,0.7
853,15,1,4,0,0,20,0.75
854,14,2,3,0,0,19,0.7368421052631579
855,14,2,4,0,0,20,0.7
856,12,2,4,0,0,18,0.6666666666666666
857,14,2,3,0,0,19,0.7368421052631579
858,14,1,4,0,0,19,0.7368421052631579
859,14,1,4,0,0,19,0.7368421052631579
860,14,1,3,0,0,18,0.7777777777777778
861,14,1,4,0,0,19,0.7368421052631579
862,12,2,3,0,0,17,0.7058823529411765
863,14,2,4,0,0,20,0.7
864,15,1,4,0,0,20,0.75
865,13,1,3,0,0,17,0.7647058823529411
866,13,1,4,0,0,18,0.7222222222222222
867,15,1,4,0,0,20,0.75
868,14,1,4,0,0,19,0.7368421052631579
869,13,2,4,0,0,19,0.6842105263157895
870,13,1,4,0,0,18,0.7222222222222222
871,13,2,4,0,0,19,0.6842105263157895
872,12,1,4,0,0,17,0.7058823529411765
873,13,1,3,0,0,17,0.7647058823529411
874,15,2,4,0,0,21,0.7142857142857143
875,17,2,4,0,0,23,0.7391304347826086
876,15,2,3,0,0,20,0.75
877,16,2,3,0,0,21,0.7619047619047619
878,17,2,4,0,0,23,0.7391304347826086
879,17,2,4,0,0,23,0.7391304347826086
880,16,1,4,0,0,21,0.7619047619047619
881,15,2,4,0,0,21,0.7142857142857143
882,16,4,3,0,0,23,0.6956521739130435
883,14,2,4,0,0,20,0.7
884,17,3,4,0,0,24,0.7083333333333334
885,16,2,4,0,0,22,0.7272727272727273
886,16,1,4,0,0,21,0.7619047619047619
887,15,2,3,0,0,20,0.75
888,15,2,4,0,0,21,0.7142857142857143
889,12,1,4,0,0,17,0.7058823529411765
890,15,1,3,0,0,19,0.7894736842105263
891,15,2,3,0,0,20,0.75
892,14,1,3,0,0,18,0.7777777777777778
893,13,2,4,0,0,19,0.6842105263157895
894,14,2,4,0,0,20,0.7
895,15,1,4,0,0,20,0.75
896,14,1,4,0,0,19,0.7368421052631579
897,13,2,4,0,0,19,0.6842105263157895
898,14,2,3,0,0,19,0.7368421052631579
899,16,2,3,0,0,21,0.7619047619047619
900,15,2,3,0,0,20,0.75
901,14,2,3,0,0,19,0.7368421052631579
902,15,2,3,0,0,20,0.75
903,14,1,3,0,0,18,0.7777777777777778
904,13,2,3,0,0,18,0.7222222222222222
905,15,2,3,0,0,20,0.75
906,15,1,3,0,0,19,0.7894736842105263
907,13,2,3,0,0,18,0.7222222222222222
908,13,1,3,0,0,17,0.7647058823529411
909,13,2,3,0,0,18,0.7222222222222222
910,14,1,3,0,0,18,0.7777777777777778
911,14,1,3,0,0,18,0.7777777777777778
912,13,2,3,0,0,18,0.7222222222222222
913,15,2,3,0,0,20,0.75
914,14,1,3,0,0,18,0.7777777777777778
915,13,2,3,0,0,18,0.7222222222222222
916,12,2,3,0,0,17,0.7058823529411765
917,14,2,3,0,0,19,0.7368421052631579
918,14,1,3,0,0,18,0.7777777777777778
919,14,2,3,0,0,19,0.7368421052631579
920,12,1,3,0,0,16,0.75
921,13,2,3,0,0,18,0.7222222222222222
922,13,2,3,0,0,18,0.7222222222222222
923,15,1,3,0,0,19,0.7894736842105263
924,14,1,3,0,0,18,0.7777777777777778
925,14,2,3,0,0,19,0.7368421052631579
926,15,1,3,0,0,19,0.7894736842105263
927,16,2,3,0,0,21,0.7619047619047619
928,15,2,3,0,0,20,0.75
929,15,1,3,0,0,19,0.7894736842105263
930,15,1,3,0,0,19,0.7894736842105263
931,13,2,3,0,0,18,0.7222222222222222
932,15,1,3,0,0,19,0.7894736842105263
933,16,2,3,0,0,21,0.7619047619047619
934,17,1,3,0,0,21,0.8095238095238095
935,14,1,3,0,0,18,0.7777777777777778
936,13,2,3,0,0,18,0.7222222222222222
937,15,1,3,0,0,19,0.7894736842105263
938,15,1,3,0,0,19,0.7894736842105263
939,15,2,3,0,0,20,0.75
940,14,2,3,0,0,19,0.7368421052631579
941,15,2,3,0,0,20,0.75
942,14,1,3,0,0,18,0.7777777777777778
943,14,1,3,0,0,18,0.7777777777777778
944,14,1,3,0,0,18,0.7777777777777778
945,15,2,3,0,0,20,0.75
946,13,2,3,0,0,18,0.7222222222222222
947,14,1,3,0,0,18,0.7777777777777778
948,15,1,3,0,0,19,0.7894736842105263
949,12,2,3,0,0,17,0.7058823529411765
950,16,2,3,0,0,21,0.7619047619047619
951,13,1,3,0,0,17,0.7647058823529411
952,12,1,3,0,0,16,0.75
953,14,2,3,0,0,19,0.7368421052631579
954,14,2,3,0,0,19,0.7368421052631579
955,15,1,3,0,0,19,0.7894736842105263
956,14,2,3,0,0,19,0.7368421052631579
957,14,2,3,0,0,19,0.7368421052631579
958,15,2,3,0,0,20,0.75
959,15,2,3,0,0,20,0.75
960,17,2,3,0,0,22,0.7727272727272727
961,17,2,3,0,0,22,0.7727272727272727
962,14,1,3,0,0,18,0.7777777777777778
963,14,2,3,0,0,19,0.7368421052631579
964,16,2,3,0,0,21,0.7619047619047619
965,16,2,3,0,0,21,0.7619047619047619
966,17,1,3,0,0,21,0.8095238095238095
967,15,2,3,0,0,20,0.75
968,15,2,3,0,0,20,0.75
969,15,2,3,0,0,20,0.75
970,17,2,3,0,0,22,0.7727272727272727
971,16,2,3,0,0,21,0.7619047619047619
972,16,1,3,0,0,20,0.8
973,16,1,2,0,0,19,0.8421052631578947
974,15,1,3,0,0,19,0.7894736842105263
975,15,1,3,0,0,19,0.7894736842105263
976,17,1,3,0,0,21,0.8095238095238095
977,15,2,3,0,0,20,0.75
978,15,2,3,0,0,20,0.75
979,15,2,3,0,0,20,0.75
980,14,2,3,0,0,19,0.7368421052631579
981,16,2,3,0,0,21,0.7619047619047619
982,14,2,3,0,0,19,0.7368421052631579
983,14,2,3,0,0,19,0.7368421052631579
984,15,2,3,0,0,20,0.75
985,15,2,3,0,0,20,0.75
986,15,2,3,0,0,20,0.75
987,14,1,3,0,0,18,0.7777777777777778
988,14,1,3,0,0,18,0.7777777777777778
989,15,1,3,0,0,19,0.7894736842105263
990,14,1,3,0,0,18,0.7777777777777778
991,12,2,3,0,0,17,0.7058823529411765
992,13,1,3,0,0,17,0.7647058823529411
993,13,2,3,0,0,18,0.7222222222222222
994,12,2,3,0,0,17,0.7058823529411765
995,12,2,3,0,0,17,0.7058823529411765
996,12,1,3,0,0,16,0.75
997,14,1,3,0,0,18,0.7777777777777778
998,15,2,3,0,0,20,0.75
999,15,1,3,0,0,19,0.7894736842105263
1000,15,1,3,0,0,19,0.7894736842105263
1001,14,2,3,0,0,19,0.7368421052631579
1002,14,2,3,0,0,19,0.7368421052631579
1003,14,2,3,0,0,19,0.7368421052631579
1004,14,1,3,0,0,18,0.7777777777777778
1005,15,1,3,0,0,19,0.7894736842105263
1006,15,1,3,0,0,19,0.7894736842105263
1007,13,2,3,0,0,18,0.7222222222222222
1008,13,2,3,0,0,18,0.7222222222222222
1009,14,1,3,0,0,18,0.7777777777777778
1010,16,1,3,0,0,20,0.8
1011,14,2,3,0,0,19,0.7368421052631579
1012,14,2,3,0,0,19,0.7368421052631579
1013,14,2,3,0,0,19,0.7368421052631579
1014,14,2,3,0,0,19,0.7368421052631579
1015,15,2,3,0,0,20,0.75
1016,14,2,3,0,0,19,0.7368421052631579
1017,15,1,3,0,0,19,0.7894736842105263
1018,14,1,3,0,0,18,0.7777777777777778
1019,12,1,3,0,0,16,0.75
1020,14,2,3,0,0,19,0.7368421052631579
1021,13,2,3,0,0,18,0.7222222222222222
1022,13,1,3,0,0,17,0.7647058823529411
1023,13,1,3,0,0,17,0.7647058823529411
1024,14,2,3,0,0,19,0.7368421052631579
1025,13,2,3,0,0,18,0.7222222222222222
1026,16,2,3,0,0,21,0.7619047619047619
1027,14,1,3,0,0,18,0.7777777777777778
1028,16,1,3,0,0,20,0.8
1029,16,2,3,0,0,21,0.7619047619047619
1030,16,2,3,0,0,21,0.7619047619047619
1031,15,1,3,0,0,19,0.7894736842105263
1032,15,1,3,0,0,19,0.7894736842105263
1033,15,1,3,0,0,19,0.7894736842105263
1034,13,1,3,0,0,17,0.7647058823529411
1035,14,2,3,0,0,19,0.7368421052631579
1036,14,2,3,0,0,19,0.7368421052631579
1037,15,1,4,0,0,20,0.75
1038,16,2,3,0,0,21,0.7619047619047619
1039,14,2,4,0,0,20,0.7
1040,16,1,4,0,0,21,0.7619047619047619
1041,16,1,3,0,0,20,0.8
1042,15,1,3,0,0,19,0.7894736842105263
1043,13,2,4,0,0,19,0.6842105263157895
1044,15,1,3,0,0,19,0.7894736842105263
1045,14,2,3,0,0,19,0.7368421052631579
1046,14,2,3,0,0,19,0.7368421052631579
1047,14,2,3,0,0,19,0.7368421052631579
1048,14,2,3,0,0,19,0.7368421052631579
1049,13,1,3,0,0,17,0.7647058823529411
1050,16,2,3,0,0,21,0.7619047619047619
1051,14,2,3,0,0,19,0.7368421052631579
1052,15,1,3,0,0,19,0.7894736842105263
1053,16,2,3,0,0,21,0.7619047619047619
1054,14,2,3,0,0,19,0.7368421052631579
1055,15,2,3,0,0,20,0.75
1056,14,2,3,0,0,19,0.7368421052631579
1057,15,2,3,0,0,20,0.75
1058,14,2,3,0,0,19,0.7368421052631579
1059,14,2,3,0,0,19,0.7368421052631579
1060,14,2,3,0,0,19,0.7368421052631579
1061,12,1,3,0,0,16,0.75
1062,15,2,3,0,0,20,0.75
1063,12,2,3,0,0,17,0.7058823529411765
1064,14,1,3,0,0,18,0.7777777777777778
1065,13,2,3,0,0,18,0.7222222222222222
1066,16,2,3,0,0,21,0.7619047619047619
1067,18,2,3,0,0,23,0.782608695652174
1068,15,1,3,0,0,19,0.7894736842105263
1069,17,1,3,0,0,21,0.8095238095238095
1070,16,1,3,0,0,20,0.8
1071,17,1,3,0,0,21,0.8095238095238095
1072,16,2,3,0,0,21,0.7619047619047619
1073,16,2,3,0,0,21,0.7619047619047619
1074,17,2,3,0,0,22,0.7727272727272727
1075,14,1,3,0,0,18,0.7777777777777778
1076,16,2,3,0,0,21,0.7619047619047619
1077,15,2,3,0,0,20,0.75
1078,15,2,3,0,0,20,0.75
1079,16,2,3,0,0,21,0.7619047619047619
1080,15,2,3,0,0,20,0.75
1081,16,2,3,0,0,21,0.7619047619047619
1082,14,1,3,0,0,18,0.7777777777777778
1083,16,1,3,0,0,20,0.8
1084,15,1,3,0,0,19,0.7894736842105263
1085,15,1,3,0,0,19,0.7894736842105263
1086,17,1,3,0,0,21,0.8095238095238095
1087,16,2,3,0,0,21,0.7619047619047619
1088,16,2,3,0,0,21,0.7619047619047619
1089,15,2,3,0,0,20,0.75
1090,16,2,3,0,0,21,0.7619047619047619
1091,15,1,3,0,0,19,0.7894736842105263
1092,15,2,3,0,0,20,0.75
1093,17,2,3,0,0,22,0.7727272727272727
1094,16,2,3,0,0,21,0.7619047619047619
1095,16,1,3,0,0,20,0.8
1096,14,2,3,0,0,19,0.7368421052631579
1097,15,2,2,0,0,19,0.7894736842105263
1098,13,2,3,0,0,18,0.7222222222222222
1099,15,2,3,0,0,20,0.75
1100,14,2,3,0,0,19,0.7368421052631579
1101,17,2,3,0,0,22,0.7727272727272727
1102,16,2,3,0,0,21,0.7619047619047619
1103,14,1,3,0,0,18,0.7777777777777778
1104,16,2,3,0,0,21,0.7619047619047619
1105,15,1,3,0,0,19,0.7894736842105263
1106,16,1,3,0,0,20,0.8
1107,15,2,3,0,0,20,0.75
1108,11,2,3,0,0,16,0.6875
1109,16,1,3,0,0,20,0.8
1110,15,2,3,0,0,20,0.75
1111,14,1,3,0,0,18,0.7777777777777778
1112,15,1,3,0,0,19,0.7894736842105263
1113,12,2,3,0,0,17,0.7058823529411765
1114,14,1,3,0,0,18,0.7777777777777778
1115,13,1,3,0,0,17,0.7647058823529411
1116,15,1,3,0,0,19,0.7894736842105263
1117,17,1,3,0,0,21,0.8095238095238095
1118,15,2,3,0,0,20,0.75
1119,15,1,3,0,0,19,0.7894736842105263
1120,15,2,3,0,0,20,0.75
1121,15,1,3,0,0,19,0.7894736842105263
1122,11,2,3,0,0,16,0.6875
1123,16,2,3,0,0,21,0.7619047619047619
1124,14,2,3,0,0,19,0.7368421052631579
1125,15,2,3,0,0,20,0.75
1126,17,2,3,0,0,22,0.7727272727272727
1127,15,2,3,0,0,20,0.75
1128,17,2,3,0,0,22,0.7727272727272727
1129,15,2,3,0,0,20,0.75
1130,16,1,3,0,0,20,0.8
1131,15,2,3,0,0,20,0.75
1132,14,1,3,0,0,18,0.7777777777777778
1133,13,1,3,0,0,17,0.7647058823529411
1134,14,1,3,0,0,18,0.7777777777777778
1135,14,2,3,0,0,19,0.7368421052631579
1136,14,1,3,0,0,18,0.7777777777777778
1137,16,2,3,0,0,21,0.7619047619047619
1138,16,2,3,0,0,21,0.7619047619047619
1139,15,1,3,0,0,19,0.7894736842105263
1140,13,1,3,0,0,17,0.7647058823529411
1141,15,1,3,0,0,19,0.7894736842105263
1142,14,3,3,0,0,20,0.7
1143,14,2,3,0,0,19,0.7368421052631579
1144,14,1,3,0,0,18,0.7777777777777778
1145,14,2,3,0,0,19,0.7368421052631579
1146,14,2,3,0,0,19,0.7368421052631579
1147,15,2,3,0,0,20,0.75
1148,16,1,3,0,0,20,0.8
1149,15,2,3,0,0,20,0.75
1150,16,2,3,0,0,21,0.7619047619047619
1151,15,2,2,0,0,19,0.7894736842105263
1152,13,2,3,0,0,18,0.7222222222222222
1153,15,2,3,0,0,20,0.75
1154,16,2,3,0,0,21,0.7619047619047619
1155,14,2,3,0,0,19,0.7368421052631579
1156,16,1,3,0,0,20,0.8
1157,14,1,3,0,0,18,0.7777777777777778
1158,15,1,3,0,0,19,0.7894736842105263
1159,16,1,3,0,0,20,0.8
1160,14,1,3,0,0,18,0.7777777777777778
1161,15,2,3,0,0,20,0.75
1162,14,2,3,0,0,19,0.7368421052631579
1163,15,1,3,0,0,19,0.7894736842105263
1164,14,2,3,0,0,19,0.7368421052631579
1165,13,2,3,0,0,18,0.7222222222222222
1166,17,1,3,0,0,21,0.8095238095238095
1167,15,1,3,0,0,19,0.7894736842105263
1168,16,2,3,0,0,21,0.7619047619047619
1169,15,1,3,0,0,19,0.7894736842105263
1170,13,2,3,0,0,18,0.7222222222222222
1171,15,1,3,0,0,19,0.7894736842105263
1172,16,1,3,0,0,20,0.8
1173,14,2,3,0,0,19,0.7368421052631579
1174,14,1,3,0,0,18,0.7777777777777778
1175,15,2,3,0,0,20,0.75
1176,15,1,3,0,0,19,0.7894736842105263
1177,14,1,3,0,0,18,0.7777777777777778
1178,16,2,3,0,0,21,0.7619047619047619
1179,14,3,3,0,0,20,0.7
1180,16,2,3,0,0,21,0.7619047619047619
1181,14,1,3,0,0,18,0.7777777777777778
1182,14,2,3,0,0,19,0.7368421052631579
1183,14,1,3,0,0,18,0.7777777777777778
1184,14,2,3,0,0,19,0.7368421052631579
1185,15,2,3,0,0,20,0.75
1186,14,1,3,0,0,18,0.7777777777777778
1187,11,2,3,0,0,16,0.6875
1188,14,2,3,0,0,19,0.7368421052631579
1189,15,2,3,0,0,20,0.75
1190,15,1,3,0,0,19,0.7894736842105263
1191,15,2,3,0,0,20,0.75
1192,15,1,3,0,0,19,0.7894736842105263
1193,15,2,3,0,0,20,0.75
1194,15,1,3,0,0,19,0.7894736842105263
1195,15,1,3,0,0,19,0.7894736842105263
1196,16,1,3,0,0,20,0.8
1197,14,1,3,0,0,18,0.7777777777777778
1198,14,2,3,0,0,19,0.7368421052631579
1199,12,2,3,0,0,17,0.7058823529411765
1200,16,1,3,0,0,20,0.8
1201,14,1,3,0,0,18,0.7777777777777778
1202,14,2,3,0,0,19,0.7368421052631579
1203,13,2,3,0,0,18,0.7222222222222222
1204,13,2,3,0,0,18,0.7222222222222222
1205,15,2,3,0,0,20,0.75
1206,14,1,3,0,0,18,0.7777777777777778
1207,15,2,3,0,0,20,0.75
1208,13,2,3,0,0,18,0.7222222222222222
1209,15,2,3,0,0,20,0.75
1210,16,2,3,0,0,21,0.7619047619047619
1211,15,2,3,0,0,20,0.75
1212,14,2,3,0,0,19,0.7368421052631579
1213,17,1,3,0,0,21,0.8095238095238095
1214,16,2,3,0,0,21,0.7619047619047619
1215,16,1,3,0,0,20,0.8
1216,17,2,3,0,0,22,0.7727272727272727
1217,17,1,3,0,0,21,0.8095238095238095
1218,15,1,3,0,0,19,0.7894736842105263
1219,15,1,3,0,0,19,0.7894736842105263
1220,13,1,3,0,0,17,0.7647058823529411
1221,17,1,3,0,0,21,0.8095238095238095
1222,15,2,3,0,0,20,0.75
1223,14,1,3,0,0,18,0.7777777777777778
1224,14,2,3,0,0,19,0.7368421052631579
1225,14,2,3,0,0,19,0.7368421052631579
1226,14,2,3,0,0,19,0.7368421052631579
1227,14,2,3,0,0,19,0.7368421052631579
1228,13,1,3,0,0,17,0.7647058823529411
1229,15,2,3,0,0,20,0.75
1230,12,1,3,0,0,16,0.75
1231,15,2,3,0,0,20,0.75
1232,15,1,3,0,0,19,0.7894736842105263
1233,16,1,3,0,0,20,0.8
1234,15,1,3,0,0,19,0.7894736842105263
1235,14,1,3,0,0,18,0.7777777777777778
1236,16,1,3,0,0,20,0.8
1237,16,1,3,0,0,20,0.8
1238,16,2,3,0,0,21,0.7619047619047619
1239,16,1,3,0,0,20,0.8
1240,17,1,3,0,0,21,0.8095238095238095
1241,14,2,3,0,0,19,0.7368421052631579
1242,12,1,3,0,0,16,0.75
1243,14,1,3,0,0,18,0.7777777777777778
1244,16,2,3,0,0,21,0.7619047619047619
1245,18,3,3,0,0,24,0.75
1246,15,2,3,0,0,20,0.75
1247,17,1,3,0,0,21,0.8095238095238095
1248,16,1,3,0,0,20,0.8
1249,15,2,3,0,0,20,0.75
1250,16,2,3,0,0,21,0.7619047619047619
1251,16,1,3,0,0,20,0.8
1252,16,1,2,0,0,19,0.8421052631578947
1253,17,1,3,0,0,21,0.8095238095238095
1254,16,2,3,0,0,21,0.7619047619047619
1255,16,2,3,0,0,21,0.7619047619047619
1256,16,1,3,0,0,20,0.8
1257,14,2,3,0,0,19,0.7368421052631579
1258,18,1,3,0,0,22,0.8181818181818182
1259,18,2,3,0,0,23,0.782608695652174
1260,17,1,3,0,0,21,0.8095238095238095
1261,15,1,3,0,0,19,0.7894736842105263
1262,16,2,3,0,0,21,0.7619047619047619
1263,17,1,3,0,0,21,0.8095238095238095
1264,18,1,3,0,0,22,0.8181818181818182
1265,15,1,3,0,0,19,0.7894736842105263
1266,16,2,3,0,0,21,0.7619047619047619
1267,18,1,3,0,0,22,0.8181818181818182
1268,14,1,3,0,0,18,0.7777777777777778
1269,15,2,3,0,0,20,0.75
1270,17,1,3,0,0,21,0.8095238095238095
1271,16,2,3,0,0,21,0.7619047619047619
1272,15,2,2,0,0,19,0.7894736842105263
1273,17,1,3,0,0,21,0.8095238095238095
1274,16,1,3,0,0,20,0.8
1275,17,1,3,0,0,21,0.8095238095238095
1276,16,2,3,0,0,21,0.7619047619047619
1277,17,2,3,0,0,22,0.7727272727272727
1278,16,1,3,0,0,20,0.8
1279,15,1,3,0,0,19,0.7894736842105263
1280,16,2,3,0,0,21,0.7619047619047619
1281,16,1,3,0,0,20,0.8
1282,13,2,3,0,0,18,0.7222222222222222
1283,16,1,3,0,0,20,0.8
1284,17,2,3,0,0,22,0.7727272727272727
1285,16,1,3,0,0,20,0.8
1286,18,2,3,0,0,23,0.782608695652174
1287,17,2,3,0,0,22,0.7727272727272727
1288,16,1,3,0,0,20,0.8
1289,16,2,3,0,0,21,0.7619047619047619
1290,15,2,3,0,0,20,0.75
1291,17,1,3,0,0,21,0.8095238095238095
1292,16,2,2,0,0,20,0.8
1293,16,1,3,0,0,20,0.8
1294,16,2,3,0,0,21,0.7619047619047619
1295,16,2,3,0,0,21,0.7619047619047619
1296,18,1,4,0,0,23,0.782608695652174
1297,15,2,3,0,0,20,0.75
1298,15,1,3,0,0,19,0.7894736842105263
1299,18,1,3,0,0,22,0.8181818181818182
1300,18,1,3,0,0,22,0.8181818181818182
1301,17,1,4,0,0,22,0.7727272727272727
1302,17,2,3,0,0,22,0.7727272727272727
1303,15,2,3,0,0,20,0.75
1304,16,2,4,0,0,22,0.7272727272727273
1305,16,2,3,0,0,21,0.7619047619047619
1306,18,1,3,0,0,22,0.8181818181818182
1307,17,2,3,0,0,22,0.7727272727272727
1308,16,2,3,0,0,21,0.7619047619047619
1309,14,1,3,0,0,18,0.7777777777777778
1310,16,1,3,0,0,20,0.8
1311,16,2,3,0,0,21,0.7619047619047619
1312,17,1,3,0,0,21,0.8095238095238095
1313,16,1,3,0,0,20,0.8
1314,15,2,3,0,0,20,0.75
1315,17,2,3,0,0,22,0.7727272727272727
1316,18,2,3,0,0,23,0.782608695652174
1317,16,1,3,0,0,20,0.8
1318,14,2,3,0,0,19,0.7368421052631579
1319,16,1,3,0,0,20,0.8
1320,17,1,3,0,0,21,0.8095238095238095
1321,16,1,3,0,0,20,0.8
1322,17,1,3,0,0,21,0.8095238095238095
1323,16,1,3,0,0,20,0.8
1324,16,1,3,0,0,20,0.8
1325,15,2,2,0,0,19,0.7894736842105263
1326,15,1,3,0,0,19,0.7894736842105263
1327,14,2,3,0,0,19,0.7368421052631579
1328,17,2,3,0,0,22,0.7727272727272727
1329,16,1,3,0,0,20,0.8
1330,15,1,3,0,0,19,0.7894736842105263
1331,16,1,3,0,0,20,0.8
1332,17,2,3,0,0,22,0.7727272727272727
1333,14,1,3,0,0,18,0.7777777777777778
1334,16,2,3,0,0,21,0.7619047619047619
1335,17,2,4,0,0,23,0.7391304347826086
1336,15,1,3,0,0,19,0.7894736842105263
1337,18,1,4,0,0,23,0.782608695652174
1338,16,1,4,0,0,21,0.7619047619047619
1339,15,2,4,0,0,21,0.7142857142857143
1340,19,1,4,0,0,24,0.7916666666666666
1341,15,1,4,0,0,20,0.75
1342,17,3,4,0,0,24,0.7083333333333334
1343,17,3,4,0,0,24,0.7083333333333334
1344,15,2,4,0,0,21,0.7142857142857143
1345,16,2,4,0,0,22,0.7272727272727273
1346,17,3,3,0,0,23,0.7391304347826086
1347,18,1,4,0,0,23,0.782608695652174
1348,15,2,4,0,0,21,0.7142857142857143
1349,15,1,4,0,0,20,0.75
1350,15,2,4,0,0,21,0.7142857142857143
1351,17,1,4,0,0,22,0.7727272727272727
1352,17,1,4,0,0,22,0.7727272727272727
1353,18,1,4,0,0,23,0.782608695652174
1354,17,1,4,0,0,22,0.7727272727272727
1355,17,1,4,0,0,22,0.7727272727272727
1356,15,1,3,0,0,19,0.7894736842105263
1357,18,1,4,0,0,23,0.782608695652174
1358,16,1,3,0,0,20,0.8
1359,17,2,4,0,0,23,0.7391304347826086
1360,17,2,4,0,0,23,0.7391304347826086
1361,16,2,4,0,0,22,0.7272727272727273
1362,15,1,4,0,0,20,0.75
1363,18,1,4,0,0,23,0.782608695652174
1364,13,1,4,0,0,18,0.7222222222222222
1365,17,1,4,0,0,22,0.7727272727272727
1366,16,1,4,0,0,21,0.7619047619047619
1367,15,2,4,0,0,21,0.7142857142857143
1368,16,2,4,0,0,22,0.7272727272727273
1369,15,2,3,0,0,20,0.75
1370,17,2,4,0,0,23,0.7391304347826086
1371,17,1,4,0,0,22,0.7727272727272727
1372,16,1,4,0,0,21,0.7619047619047619
1373,16,1,4,0,0,21,0.7619047619047619
1374,17,1,4,0,0,22,0.7727272727272727
1375,15,2,4,0,0,21,0.7142857142857143
1376,16,1,4,0,0,21,0.7619047619047619
1377,16,1,4,0,0,21,0.7619047619047619
1378,18,1,4,0,0,23,0.782608695652174
1379,17,1,4,0,0,22,0.7727272727272727
1380,18,2,4,0,0,24,0.75
1381,17,1,4,0,0,22,0.7727272727272727
1382,17,1,4,0,0,22,0.7727272727272727
1383,17,1,4,0,0,22,0.7727272727272727
1384,18,1,4,0,0,23,0.782608695652174
1385,17,1,4,0,0,22,0.7727272727272727
1386,17,1,4,0,0,22,0.7727272727272727
1387,16,1,4,0,0,21,0.7619047619047619
1388,17,2,4,0,0,23,0.7391304347826086
1389,17,1,4,0,0,22,0.7727272727272727
1390,17,1,4,0,0,22,0.7727272727272727
1391,17,1,4,0,0,22,0.7727272727272727
1392,16,1,4,0,0,21,0.7619047619047619
1393,16,1,4,0,0,21,0.7619047619047619
1394,17,1,3,0,0,21,0.8095238095238095
1395,18,1,4,0,0,23,0.782608695652174
1396,16,1,4,0,0,21,0.7619047619047619
1397,16,2,4,0,0,22,0.7272727272727273
1398,16,1,4,0,0,21,0.7619047619047619
1399,17,2,4,0,0,23,0.7391304347826086
1400,16,1,4,0,0,21,0.7619047619047619
1401,15,1,4,0,0,20,0.75
1402,18,2,4,0,0,24,0.75
1403,17,1,4,0,0,22,0.7727272727272727
1404,18,1,4,0,0,23,0.782608695652174
1405,17,2,4,0,0,23,0.7391304347826086
1406,16,1,4,0,0,21,0.7619047619047619
1407,16,1,4,0,0,21,0.7619047619047619
1408,15,1,4,0,0,20,0.75
1409,15,2,4,0,0,21,0.7142857142857143
1410,16,2,4,0,0,22,0.7272727272727273
1411,16,1,4,0,0,21,0.7619047619047619
1412,17,1,4,0,0,22,0.7727272727272727
1413,18,2,4,0,0,24,0.75
1414,18,1,4,0,0,23,0.782608695652174
1415,17,1,4,0,0,22,0.7727272727272727
1416,18,1,4,0,0,23,0.782608695652174
1417,15,1,4,0,0,20,0.75
1418,14,1,3,0,0,18,0.7777777777777778
1419,16,1,4,0,0,21,0.7619047619047619
1420,17,1,3,0,0,21,0.8095238095238095
1421,16,1,4,0,0,21,0.7619047619047619
1422,17,1,4,0,0,22,0.7727272727272727
1423,17,2,4,0,0,23,0.7391304347826086
1424,17,1,4,0,0,22,0.7727272727272727
1425,15,1,4,0,0,20,0.75
1426,17,2,4,0,0,23,0.7391304347826086
1427,17,1,4,0,0,22,0.7727272727272727
1428,17,2,4,0,0,23,0.7391304347826086
1429,16,1,4,0,0,21,0.7619047619047619
1430,16,2,4,0,0,22,0.7272727272727273
1431,16,2,4,0,0,22,0.7272727272727273
1432,17,2,4,0,0,23,0.7391304347826086
1433,16,1,4,0,0,21,0.7619047619047619
1434,17,1,4,0,0,22,0.7727272727272727
1435,17,1,4,0,0,22,0.7727272727272727
1436,17,2,4,0,0,23,0.7391304347826086
1437,18,1,4,0,0,23,0.782608695652174
1438,17,2,4,0,0,23,0.7391304347826086
1439,17,2,4,0,0,23,0.7391304347826086
1440,17,2,4,0,0,23,0.7391304347826086
1441,18,1,4,0,0,23,0.782608695652174
1442,17,2,4,0,0,23,0.7391304347826086
1443,16,1,4,0,0,21,0.7619047619047619
1444,15,2,4,0,0,21,0.7142857142857143
1445,15,1,4,0,0,20,0.75
1446,13,2,4,0,0,19,0.6842105263157895
1447,17,1,3,0,0,21,0.8095238095238095
1448,15,2,4,0,0,21,0.7142857142857143
1449,16,2,3,0,0,21,0.7619047619047619
1450,16,2,4,0,0,22,0.7272727272727273
1451,19,2,4,0,0,25,0.76
1452,16,1,4,0,0,21,0.7619047619047619
1453,16,2,4,0,0,22,0.7272727272727273
1454,16,1,4,0,0,21,0.7619047619047619
1455,18,1,4,0,0,23,0.782608695652174
1456,14,2,4,0,0,20,0.7
1457,15,1,4,0,0,20,0.75
1458,17,1,4,0,0,22,0.7727272727272727
1459,18,1,4,0,0,23,0.782608695652174
1460,17,1,4,0,0,22,0.7727272727272727
1461,18,1,4,0,0,23,0.782608695652174
1462,17,1,4,0,0,22,0.7727272727272727
1463,17,1,4,0,0,22,0.7727272727272727
1464,14,1,3,0,0,18,0.7777777777777778
1465,17,1,4,0,0,22,0.7727272727272727
1466,16,2,4,0,0,22,0.7272727272727273
1467,16,2,4,0,0,22,0.7272727272727273
1468,16,1,3,0,0,20,0.8
1469,16,2,4,0,0,22,0.7272727272727273
1470,15,2,4,0,0,21,0.7142857142857143
1471,15,2,4,0,0,21,0.7142857142857143
1472,16,2,3,0,0,21,0.7619047619047619
1473,14,2,4,0,0,20,0.7
1474,15,1,4,0,0,20,0.75
1475,17,2,4,0,0,23,0.7391304347826086
1476,15,2,4,0,0,21,0.7142857142857143
1477,14,2,4,0,0,20,0.7
1478,16,1,4,0,0,21,0.7619047619047619
1479,18,1,4,0,0,23,0.782608695652174
1480,16,2,4,0,0,22,0.7272727272727273
1481,15,2,4,0,0,21,0.7142857142857143
1482,16,2,4,0,0,22,0.7272727272727273
1483,15,2,4,0,0,21,0.7142857142857143
1484,17,1,4,0,0,22,0.7727272727272727
1485,17,1,4,0,0,22,0.7727272727272727
1486,17,2,4,0,0,23,0.7391304347826086
1487,17,1,4,0,0,22,0.7727272727272727
1488,16,1,4,0,0,21,0.7619047619047619
1489,17,2,4,0,0,23,0.7391304347826086
1490,16,2,4,0,0,22,0.7272727272727273
1491,16,1,4,0,0,21,0.7619047619047619
1492,18,1,4,0,0,23,0.782608695652174
1493,15,2,4,0,0,21,0.7142857142857143
1494,16,1,4,0,0,21,0.7619047619047619
1495,17,1,3,0,0,21,0.8095238095238095
1496,17,2,4,0,0,23,0.7391304347826086
1497,16,2,4,0,0,22,0.7272727272727273
1498,17,2,4,0,0,23,0.7391304347826086
1499,17,2,3,0,0,22,0.7727272727272727
1500,14,2,4,0,0,20,0.7
1501,14,2,4,0,0,20,0.7
1502,14,2,4,0,0,20,0.7
1503,16,1,4,0,0,21,0.7619047619047619
1504,15,1,4,0,0,20,0.75
1505,18,1,4,0,0,23,0.782608695652174
1506,16,2,4,0,0,22,0.7272727272727273
1507,15,2,4,0,0,21,0.7142857142857143
1508,17,1,4,0,0,22,0.7727272727272727
1509,15,1,3,0,0,19,0.7894736842105263
1510,16,1,4,0,0,21,0.7619047619047619
1511,15,1,4,0,0,20,0.75
1512,15,2,4,0,0,21,0.7142857142857143
1513,16,2,4,0,0,22,0.7272727272727273
1514,16,2,4,0,0,22,0.7272727272727273
1515,18,1,3,0,0,22,0.8181818181818182
1516,16,1,4,0,0,21,0.7619047619047619
1517,18,1,4,0,0,23,0.782608695652174
1518,15,1,4,0,0,20,0.75
1519,16,2,4,0,0,22,0.7272727272727273
1520,16,1,4,0,0,21,0.7619047619047619
1521,16,1,4,0,0,21,0.7619047619047619
1522,15,2,4,0,0,21,0.7142857142857143
1523,16,1,4,0,0,21,0.7619047619047619
1524,17,2,4,0,0,23,0.7391304347826086
1525,15,1,4,0,0,20,0.75
1526,15,2,4,0,0,21,0.7142857142857143
1527,15,2,4,0,0,21,0.7142857142857143
1528,16,2,4,0,0,22,0.7272727272727273
1529,18,1,4,0,0,23,0.782608695652174
1530,17,2,4,0,0,23,0.7391304347826086
1531,16,1,3,0,0,20,0.8
1532,16,1,4,0,0,21,0.7619047619047619
1533,15,2,4,0,0,21,0.7142857142857143
1534,16,1,4,0,0,21,0.7619047619047619
1535,15,2,3,0,0,20,0.75
1536,14,2,4,0,0,20,0.7
1537,16,2,4,0,0,22,0.7272727272727273
1538,14,1,4,0,0,19,0.7368421052631579
1539,16,2,4,0,0,22,0.7272727272727273
1540,13,1,4,0,0,18,0.7222222222222222
1541,16,1,4,0,0,21,0.7619047619047619
1542,17,2,4,0,0,23,0.7391304347826086
1543,16,2,4,0,0,22,0.7272727272727273
1544,15,2,4,0,0,21,0.7142857142857143
1545,15,1,4,0,0,20,0.75
1546,16,1,4,0,0,21,0.7619047619047619
1547,16,2,3,0,0,21,0.7619047619047619
1548,15,1,3,0,0,19,0.7894736842105263
1549,15,1,3,0,0,19,0.7894736842105263
1550,15,2,4,0,0,21,0.7142857142857143
1551,15,2,4,0,0,21,0.7142857142857143
1552,16,2,3,0,0,21,0.7619047619047619
1553,17,2,4,0,0,23,0.7391304347826086
1554,14,2,4,0,0,20,0.7
1555,16,2,4,0,0,22,0.7272727272727273
1556,17,1,4,0,0,22,0.7727272727272727
1557,17,2,4,0,0,23,0.7391304347826086
1558,16,2,4,0,0,22,0.7272727272727273
1559,17,1,4,0,0,22,0.7727272727272727
1560,15,2,4,0,0,21,0.7142857142857143
1561,16,1,4,0,0,21,0.7619047619047619
1562,16,1,4,0,0,21,0.7619047619047619
1563,17,1,4,0,0,22,0.7727272727272727
1564,17,2,4,0,0,23,0.7391304347826086
1565,16,2,4,0,0,22,0.7272727272727273
1566,16,1,4,0,0,21,0.7619047619047619
1567,16,2,4,0,0,22,0.7272727272727273
1568,16,2,4,0,0,22,0.7272727272727273
1569,16,2,4,0,0,22,0.7272727272727273
1570,17,1,4,0,0,22,0.7727272727272727
1571,18,1,4,0,0,23,0.782608695652174
1572,15,1,4,0,0,20,0.75
1573,18,2,4,0,0,24,0.75
1574,14,1,4,0,0,19,0.7368421052631579
1575,17,2,4,0,0,23,0.7391304347826086
1576,16,2,4,0,0,22,0.7272727272727273
1577,16,1,3,0,0,20,0.8
1578,18,1,4,0,0,23,0.782608695652174
1579,16,1,4,0,0,21,0.7619047619047619
1580,16,2,4,0,0,22,0.7272727272727273
1581,17,1,4,0,0,22,0.7727272727272727
1582,16,1,4,0,0,21,0.7619047619047619
1583,16,1,4,0,0,21,0.7619047619047619
1584,15,2,4,0,0,21,0.7142857142857143
1585,17,1,4,0,0,22,0.7727272727272727
1586,16,1,4,0,0,21,0.7619047619047619
1587,18,1,4,0,0,23,0.782608695652174
1588,17,1,4,0,0,22,0.7727272727272727
1589,16,2,3,0,0,21,0.7619047619047619
1590,15,1,4,0,0,20,0.75
1591,16,1,4,0,0,21,0.7619047619047619
1592,14,1,4,0,0,19,0.7368421052631579
1593,17,1,4,0,0,22,0.7727272727272727
1594,15,1,4,0,0,20,0.75
1595,17,2,4,0,0,23,0.7391304347826086
1596,16,1,4,0,0,21,0.7619047619047619
1597,16,1,4,0,0,21,0.7619047619047619
1598,15,1,4,0,0,20,0.75
1599,15,2,3,0,0,20,0.75
1600,16,2,3,0,0,21,0.7619047619047619
1601,16,2,4,0,0,22,0.7272727272727273
1602,17,1,4,0,0,22,0.7727272727272727
1603,16,1,4,0,0,21,0.7619047619047619
1604,16,2,4,0,0,22,0.7272727272727273
1605,15,2,4,0,0,21,0.7142857142857143
1606,15,1,4,0,0,20,0.75
1607,15,2,4,0,0,21,0.7142857142857143
1608,17,1,4,0,0,22,0.7727272727272727
1609,17,1,4,0,0,22,0.7727272727272727
1610,15,1,4,0,0,20,0.75
1611,17,1,4,0,0,22,0.7727272727272727
1612,17,1,4,0,0,22,0.7727272727272727
1613,15,1,4,0,0,20,0.75
1614,16,2,4,0,0,22,0.7272727272727273
1615,17,2,4,0,0,23,0.7391304347826086
1616,15,2,4,0,0,21,0.7142857142857143
1617,17,2,3,0,0,22,0.7727272727272727
1618,16,2,4,0,0,22,0.7272727272727273
1619,15,1,3,0,0,19,0.7894736842105263
1620,16,1,4,0,0,21,0.7619047619047619
1621,17,1,4,0,0,22,0.7727272727272727
1622,17,1,4,0,0,22,0.7727272727272727
1623,17,2,4,0,0,23,0.7391304347826086
1624,15,1,4,0,0,20,0.75
1625,15,1,4,0,0,20,0.75
1626,18,1,4,0,0,23,0.782608695652174
1627,15,2,4,0,0,21,0.7142857142857143
1628,16,2,4,0,0,22,0.7272727272727273
1629,18,1,4,0,0,23,0.782608695652174
1630,17,2,4,0,0,23,0.7391304347826086
1631,15,2,4,0,0,21,0.7142857142857143
1632,16,1,4,0,0,21,0.7619047619047619
1633,17,2,4,0,0,23,0.7391304347826086
1634,17,1,4,0,0,22,0.7727272727272727
1635,15,2,4,0,0,21,0.7142857142857143
1636,17,1,4,0,0,22,0.7727272727272727
1637,17,1,4,0,0,22,0.7727272727272727
1638,16,1,4,0,0,21,0.7619047619047619
1639,15,1,3,0,0,19,0.7894736842105263
1640,16,1,4,0,0,21,0.7619047619047619
1641,16,2,4,0,0,22,0.7272727272727273
1642,16,2,3,0,0,21,0.7619047619047619
1643,15,1,4,0,0,20,0.75
1644,17,1,4,0,0,22,0.7727272727272727
1645,15,2,3,0,0,20,0.75
1646,16,2,4,0,0,22,0.7272727272727273
1647,17,1,4,0,0,22,0.7727272727272727
1648,16,1,4,0,0,21,0.7619047619047619
1649,16,1,4,0,0,21,0.7619047619047619
1650,17,2,4,0,0,23,0.7391304347826086
1651,15,2,3,0,0,20,0.75
1652,15,1,4,0,0,20,0.75
1653,16,1,3,0,0,20,0.8
1654,15,2,4,0,0,21,0.7142857142857143
1655,15,2,4,0,0,21,0.7142857142857143
1656,17,2,4,0,0,23,0.7391304347826086
1657,18,1,4,0,0,23,0.782608695652174
1658,16,1,4,0,0,21,0.7619047619047619
1659,17,1,4,0,0,22,0.7727272727272727
1660,14,1,4,0,0,19,0.7368421052631579
1661,15,1,4,0,0,20,0.75
1662,15,1,4,0,0,20,0.75
1663,15,1,4,0,0,20,0.75
1664,17,2,4,0,0,23,0.7391304347826086
1665,17,1,4,0,0,22,0.7727272727272727
1666,15,2,4,0,0,21,0.7142857142857143
1667,16,2,4,0,0,22,0.7272727272727273
1668,14,1,4,0,0,19,0.7368421052631579
1669,16,1,4,0,0,21,0.7619047619047619
1670,17,2,4,0,0,23,0.7391304347826086
1671,17,1,4,0,0,22,0.7727272727272727
1672,15,1,4,0,0,20,0.75
1673,16,1,4,0,0,21,0.7619047619047619
1674,18,1,4,0,0,23,0.782608695652174
1675,14,1,4,0,0,19,0.7368421052631579
1676,15,2,4,0,0,21,0.7142857142857143
1677,15,1,4,0,0,20,0.75
1678,13,2,4,0,0,19,0.6842105263157895
1679,14,2,4,0,0,20,0.7
1680,16,2,4,0,0,22,0.7272727272727273
1681,16,2,3,0,0,21,0.7619047619047619
1682,19,1,4,0,0,24,0.7916666666666666
1683,17,1,4,0,0,22,0.7727272727272727
1684,17,1,4,0,0,22,0.7727272727272727
1685,16,1,4,0,0,21,0.7619047619047619
1686,15,1,4,0,0,20,0.75
1687,16,2,4,0,0,22,0.7272727272727273
1688,17,2,3,0,0,22,0.7727272727272727
1689,15,2,4,0,0,21,0.7142857142857143
1690,15,2,4,0,0,21,0.7142857142857143
1691,14,2,4,0,0,20,0.7
1692,16,1,4,0,0,21,0.7619047619047619
1693,15,1,4,0,0,20,0.75
1694,15,2,4,0,0,21,0.7142857142857143
1695,17,1,4,0,0,22,0.7727272727272727
1696,17,2,4,0,0,23,0.7391304347826086
1697,15,1,4,0,0,20,0.75
1698,16,1,4,0,0,21,0.7619047619047619
1699,16,1,4,0,0,21,0.7619047619047619
1700,16,2,4,0,0,22,0.7272727272727273
1701,17,2,4,0,0,23,0.7391304347826086
1702,14,2,3,0,0,19,0.7368421052631579
1703,15,1,4,0,0,20,0.75
1704,14,1,4,0,0,19,0.7368421052631579
1705,18,1,4,0,0,23,0.782608695652174
1706,17,2,4,0,0,23,0.7391304347826086
1707,16,1,4,0,0,21,0.7619047619047619
1708,14,2,4,0,0,20,0.7
1709,18,2,4,0,0,24,0.75
1710,15,2,4,0,0,21,0.7142857142857143
1711,17,1,4,0,0,22,0.7727272727272727
1712,13,2,3,0,0,18,0.7222222222222222
1713,13,2,4,0,0,19,0.6842105263157895
1714,16,2,4,0,0,22,0.7272727272727273
1715,15,1,4,0,0,20,0.75
1716,13,2,4,0,0,19,0.6842105263157895
1717,16,2,4,0,0,22,0.7272727272727273
1718,13,1,4,0,0,18,0.7222222222222222
1719,15,2,4,0,0,21,0.7142857142857143
1720,14,1,4,0,0,19,0.7368421052631579
1721,17,2,4,0,0,23,0.7391304347826086
1722,16,2,4,0,0,22,0.7272727272727273
1723,15,1,4,0,0,20,0.75
1724,15,2,3,0,0,20,0.75
1725,14,2,3,0,0,19,0.7368421052631579
1726,14,2,4,0,0,20,0.7
1727,15,1,4,0,0,20,0.75
1728,15,2,3,0,0,20,0.75
1729,15,2,4,0,0,21,0.7142857142857143
1730,13,2,3,0,0,18,0.7222222222222222
1731,17,2,4,0,0,23,0.7391304347826086
1732,15,2,4,0,0,21,0.7142857142857143
1733,16,1,4,0,0,21,0.7619047619047619
1734,15,2,4,0,0,21,0.7142857142857143
1735,17,1,4,0,0,22,0.7727272727272727
1736,15,2,3,0,0,20,0.75
1737,16,1,4,0,0,21,0.7619047619047619
1738,15,2,4,0,0,21,0.7142857142857143
1739,16,2,4,0,0,22,0.7272727272727273
1740,14,2,4,0,0,20,0.7
1741,15,2,4,0,0,21,0.7142857142857143
1742,15,2,3,0,0,20,0.75
1743,15,2,4,0,0,21,0.7142857142857143
1744,16,1,3,0,0,20,0.8
1745,15,2,4,0,0,21,0.7142857142857143
1746,17,1,4,0,0,22,0.7727272727272727
1747,15,1,3,0,0,19,0.7894736842105263
1748,16,2,3,0,0,21,0.7619047619047619
1749,15,1,4,0,0,20,0.75
1750,16,2,4,0,0,22,0.7272727272727273
1751,17,2,4,0,0,23,0.7391304347826086
1752,15,2,4,0,0,21,0.7142857142857143
1753,15,1,4,0,0,20,0.75
1754,13,2,4,0,0,19,0.6842105263157895
1755,16,1,3,0,0,20,0.8
1756,15,2,4,0,0,21,0.7142857142857143
1757,16,2,4,0,0,22,0.7272727272727273
1758,17,2,4,0,0,23,0.7391304347826086
1759,15,2,3,0,0,20,0.75
1760,14,2,3,0,0,19,0.7368421052631579
1761,17,2,4,0,0,23,0.7391304347826086
1762,16,2,4,0,0,22,0.7272727272727273
1763,17,2,4,0,0,23,0.7391304347826086
1764,15,1,4,0,0,20,0.75
1765,18,2,4,0,0,24,0.75
1766,16,2,4,0,0,22,0.7272727272727273
1767,15,2,4,0,0,21,0.7142857142857143
1768,15,2,3,0,0,20,0.75
1769,16,1,4,0,0,21,0.7619047619047619
1770,16,2,4,0,0,22,0.7272727272727273
1771,16,1,4,0,0,21,0.7619047619047619
1772,17,2,4,0,0,23,0.7391304347826086
1773,17,1,4,0,0,22,0.7727272727272727
1774,14,2,3,0,0,19,0.7368421052631579
1775,18,2,4,0,0,24,0.75
1776,14,1,4,0,0,19,0.7368421052631579
1777,16,2,4,0,0,22,0.7272727272727273
1778,17,2,4,0,0,23,0.7391304347826086
1779,16,1,3,0,0,20,0.8
1780,15,1,4,0,0,20,0.75
1781,15,2,4,0,0,21,0.7142857142857143
1782,15,2,4,0,0,21,0.7142857142857143
1783,16,2,4,0,0,22,0.7272727272727273
1784,17,2,4,0,0,23,0.7391304347826086
1785,15,1,4,0,0,20,0.75
1786,16,2,4,0,0,22,0.7272727272727273
1787,17,2,4,0,0,23,0.7391304347826086
1788,17,2,4,0,0,23,0.7391304347826086
1789,15,2,4,0,0,21,0.7142857142857143
1790,16,2,3,0,0,21,0.7619047619047619
1791,17,1,4,0,0,22,0.7727272727272727
1792,15,2,4,0,0,21,0.7142857142857143
1793,16,2,3,0,0,21,0.7619047619047619
1794,18,2,4,0,0,24,0.75
1795,16,1,3,0,0,20,0.8
1796,16,2,4,0,0,22,0.7272727272727273
1797,16,2,4,0,0,22,0.7272727272727273
1798,16,1,4,0,0,21,0.7619047619047619
1799,14,1,4,0,0,19,0.7368421052631579
1800,17,1,4,0,0,22,0.7727272727272727
1801,18,2,4,0,0,24,0.75
1802,16,2,4,0,0,22,0.7272727272727273
1803,18,2,4,0,0,24,0.75
1804,15,2,4,0,0,21,0.7142857142857143
1805,16,1,4,0,0,21,0.7619047619047619
1806,14,2,3,0,0,19,0.7368421052631579
1807,17,1,3,0,0,21,0.8095238095238095
1808,15,2,4,0,0,21,0.7142857142857143
1809,16,2,4,0,0,22,0.7272727272727273
1810,17,2,4,0,0,23,0.7391304347826086
1811,18,1,4,0,0,23,0.782608695652174
1812,17,1,3,0,0,21,0.8095238095238095
1813,16,2,4,0,0,22,0.7272727272727273
1814,17,2,4,0,0,23,0.7391304347826086
1815,16,1,4,0,0,21,0.7619047619047619
1816,17,1,4,0,0,22,0.7727272727272727
1817,18,2,3,0,0,23,0.782608695652174
1818,16,2,4,0,0,22,0.7272727272727273
1819,17,2,4,0,0,23,0.7391304347826086
1820,18,2,4,0,0,24,0.75
1821,16,1,4,0,0,21,0.7619047619047619
1822,15,1,4,0,0,20,0.75
1823,17,1,4,0,0,22,0.7727272727272727
1824,17,2,4,0,0,23,0.7391304347826086
1825,18,1,4,0,0,23,0.782608695652174
1826,12,2,4,0,0,18,0.6666666666666666
1827,15,2,4,0,0,21,0.7142857142857143
1828,18,2,4,0,0,24,0.75
1829,16,1,4,0,0,21,0.7619047619047619
1830,16,2,4,0,0,22,0.7272727272727273
1831,17,2,4,0,0,23,0.7391304347826086
1832,17,1,4,0,0,22,0.7727272727272727
1833,18,2,4,0,0,24,0.75
1834,18,2,4,0,0,24,0.75
1835,15,1,4,0,0,20,0.75
1836,14,2,4,0,0,20,0.7
1837,15,2,4,0,0,21,0.7142857142857143
1838,17,1,4,0,0,22,0.7727272727272727
1839,15,1,4,0,0,20,0.75
1840,17,2,3,0,0,22,0.7727272727272727
1841,18,2,4,0,0,24,0.75
1842,16,2,4,0,0,22,0.7272727272727273
1843,15,2,4,0,0,21,0.7142857142857143
1844,14,1,4,0,0,19,0.7368421052631579
1845,16,2,4,0,0,22,0.7272727272727273
1846,15,2,4,0,0,21,0.7142857142857143
1847,17,2,3,0,0,22,0.7727272727272727
1848,17,1,4,0,0,22,0.7727272727272727
1849,17,1,2,0,0,20,0.85
1850,17,1,3,0,0,21,0.8095238095238095
1851,16,2,4,0,0,22,0.7272727272727273
1852,17,2,4,0,0,23,0.7391304347826086
1853,18,1,4,0,0,23,0.782608695652174
1854,18,1,4,0,0,23,0.782608695652174
1855,16,1,4,0,0,21,0.7619047619047619
1856,16,1,4,0,0,21,0.7619047619047619
1857,17,1,4,0,0,22,0.7727272727272727
1858,16,1,3,0,0,20,0.8
1859,17,1,4,0,0,22,0.7727272727272727
1860,17,1,4,0,0,22,0.7727272727272727
1861,18,1,4,0,0,23,0.782608695652174
1862,18,1,4,0,0,23,0.782608695652174
1863,16,2,3,0,0,21,0.7619047619047619
1864,16,1,4,0,0,21,0.7619047619047619
1865,16,2,3,0,0,21,0.7619047619047619
1866,16,1,4,0,0,21,0.7619047619047619
1867,17,1,4,0,0,22,0.7727272727272727
1868,16,1,4,0,0,21,0.7619047619047619
1869,14,2,4,0,0,20,0.7
1870,16,1,4,0,0,21,0.7619047619047619
1871,17,2,4,0,0,23,0.7391304347826086
1872,16,1,4,0,0,21,0.7619047619047619
1873,17,2,4,0,0,23,0.7391304347826086
1874,17,2,3,0,0,22,0.7727272727272727
1875,13,2,4,0,0,19,0.6842105263157895
1876,15,2,4,0,0,21,0.7142857142857143
1877,16,1,3,0,0,20,0.8
1878,16,2,3,0,0,21,0.7619047619047619
1879,15,1,4,0,0,20,0.75
1880,16,1,4,0,0,21,0.7619047619047619
1881,17,1,4,0,0,22,0.7727272727272727
1882,18,2,4,0,0,24,0.75
1883,18,2,4,0,0,24,0.75
1884,17,1,4,0,0,22,0.7727272727272727
1885,16,2,4,0,0,22,0.7272727272727273
1886,16,1,4,0,0,21,0.7619047619047619
1887,17,2,4,0,0,23,0.7391304347826086
1888,16,1,4,0,0,21,0.7619047619047619
1889,18,1,4,0,0,23,0.782608695652174
1890,16,2,3,0,0,21,0.7619047619047619
1891,15,2,3,0,0,20,0.75
1892,15,1,4,0,0,20,0.75
1893,16,2,4,0,0,22,0.7272727272727273
1894,16,1,3,0,0,20,0.8
1895,15,1,4,0,0,20,0.75
1896,17,1,4,0,0,22,0.7727272727272727
1897,15,1,4,0,0,20,0.75
1898,15,2,3,0,0,20,0.75
1899,18,1,4,0,0,23,0.782608695652174
1900,16,1,4,0,0,21,0.7619047619047619
1901,16,1,4,0,0,21,0.7619047619047619
1902,15,1,4,0,0,20,0.75
1903,16,1,4,0,0,21,0.7619047619047619
1904,17,2,3,0,0,22,0.7727272727272727
1905,14,2,4,0,0,20,0.7
1906,15,1,3,0,0,19,0.7894736842105263
1907,17,1,4,0,0,22,0.7727272727272727
1908,16,2,3,0,0,21,0.7619047619047619
1909,17,1,4,0,0,22,0.7727272727272727
1910,17,3,4,0,0,24,0.7083333333333334
1911,16,2,3,0,0,21,0.7619047619047619
1912,15,1,4,0,0,20,0.75
1913,17,1,4,0,0,22,0.7727272727272727
1914,17,2,4,0,0,23,0.7391304347826086
1915,16,2,4,0,0,22,0.7272727272727273
1916,16,1,3,0,0,20,0.8
1917,15,1,4,0,0,20,0.75
1918,16,1,4,0,0,21,0.7619047619047619
1919,16,2,4,0,0,22,0.7272727272727273
1920,16,1,4,0,0,21,0.7619047619047619
1921,15,2,4,0,0,21,0.7142857142857143
1922,16,2,3,0,0,21,0.7619047619047619
1923,17,2,4,0,0,23,0.7391304347826086
1924,17,2,4,0,0,23,0.7391304347826086
1925,16,2,3,0,0,21,0.7619047619047619
1926,19,2,4,0,0,25,0.76
1927,17,1,4,0,0,22,0.7727272727272727
1928,16,2,4,0,0,22,0.7272727272727273
1929,17,2,4,0,0,23,0.7391304347826086
1930,14,2,4,0,0,20,0.7
1931,16,2,4,0,0,22,0.7272727272727273
1932,17,2,4,0,0,23,0.7391304347826086
1933,18,1,4,0,0,23,0.782608695652174
1934,16,2,3,0,0,21,0.7619047619047619
1935,16,2,3,0,0,21,0.7619047619047619
1936,18,1,4,0,0,23,0.782608695652174
1937,15,2,3,0,0,20,0.75
1938,18,1,4,0,0,23,0.782608695652174
1939,16,1,4,0,0,21,0.7619047619047619
1940,19,2,3,0,0,24,0.7916666666666666
1941,18,2,4,0,0,24,0.75
1942,18,2,4,0,0,24,0.75
1943,17,2,4,0,0,23,0.7391304347826086
1944,17,2,4,0,0,23,0.7391304347826086
1945,17,2,4,0,0,23,0.7391304347826086
1946,17,2,4,0,0,23,0.7391304347826086
1947,18,1,4,0,0,23,0.782608695652174
1948,15,2,4,0,0,21,0.7142857142857143
1949,18,2,4,0,0,24,0.75
1950,18,1,3,0,0,22,0.8181818181818182
1951,17,2,3,0,0,22,0.7727272727272727
1952,18,1,4,0,0,23,0.782608695652174
1953,17,1,4,0,0,22,0.7727272727272727
1954,16,1,4,0,0,21,0.7619047619047619
1955,16,2,4,0,0,22,0.7272727272727273
1956,16,2,4,0,0,22,0.7272727272727273
1957,17,2,4,0,0,23,0.7391304347826086
1958,17,1,4,0,0,22,0.7727272727272727
1959,16,3,4,0,0,23,0.6956521739130435
1960,17,2,4,0,0,23,0.7391304347826086
1961,16,2,4,0,0,22,0.7272727272727273
1962,16,2,4,0,0,22,0.7272727272727273
1963,18,2,4,0,0,24,0.75
1964,16,2,4,0,0,22,0.7272727272727273
1965,14,1,4,0,0,19,0.7368421052631579
1966,16,2,4,0,0,22,0.7272727272727273
1967,18,1,4,0,0,23,0.782608695652174
1968,19,2,4,0,0,25,0.76
1969,18,2,4,0,0,24,0.75
1970,17,2,4,0,0,23,0.7391304347826086
1971,18,2,4,0,0,24,0.75
1972,17,2,4,0,0,23,0.7391304347826086
1973,18,2,4,0,0,24,0.75
1974,18,2,4,0,0,24,0.75
1975,18,2,4,0,0,24,0.75
1976,19,2,4,0,0,25,0.76
1977,19,1,4,0,0,24,0.7916666666666666
1978,16,1,4,0,0,21,0.7619047619047619
1979,18,1,4,0,0,23,0.782608695652174
1980,17,2,4,0,0,23,0.7391304347826086
1981,16,2,4,0,0,22,0.7272727272727273
1982,18,2,4,0,0,24,0.75
1983,17,2,3,0,0,22,0.7727272727272727
1984,18,2,3,0,0,23,0.782608695652174
1985,17,2,4,0,0,23,0.7391304347826086
1986,18,2,4,0,0,24,0.75
1987,17,2,4,0,0,23,0.7391304347826086
1988,17,2,3,0,0,22,0.7727272727272727
1989,18,2,3,0,0,23,0.782608695652174
1990,16,2,4,0,0,22,0.7272727272727273
1991,17,2,4,0,0,23,0.7391304347826086
1992,17,2,4,0,0,23,0.7391304347826086
1993,17,2,4,0,0,23,0.7391304347826086
1994,17,4,4,0,0,25,0.68
1995,18,1,3,0,0,22,0.8181818181818182
1996,16,1,4,0,0,21,0.7619047619047619
1997,17,2,4,0,0,23,0.7391304347826086
1998,18,2,3,0,0,23,0.782608695652174
1999,16,2,4,0,0,22,0.7272727272727273
2000,18,2,4,0,0,24,0.75
2001,17,1,4,0,0,22,0.7727272727272727
2002,15,2,4,0,0,21,0.7142857142857143
2003,17,2,4,0,0,23,0.7391304347826086
2004,18,2,4,0,0,24,0.75
2005,18,2,4,0,0,24,0.75
2006,18,2,4,0,0,24,0.75
2007,18,2,4,0,0,24,0.75
2008,17,2,4,0,0,23,0.7391304347826086
2009,15,2,4,0,0,21,0.7142857142857143
2010,18,2,4,0,0,24,0.75
2011,17,2,3,0,0,22,0.7727272727272727
2012,17,2,3,0,0,22,0.7727272727272727
2013,17,1,4,0,0,22,0.7727272727272727
2014,15,2,4,0,0,21,0.7142857142857143
2015,16,2,4,0,0,22,0.7272727272727273
2016,16,1,4,0,0,21,0.7619047619047619
2017,17,2,4,0,0,23,0.7391304347826086
2018,17,2,4,0,0,23,0.7391304347826086
2019,18,2,4,0,0,24,0.75
2020,16,1,4,0,0,21,0.7619047619047619
2021,17,2,4,0,0,23,0.7391304347826086
2022,14,2,3,0,0,19,0.7368421052631579
2023,16,1,4,0,0,21,0.7619047619047619
2024,15,2,4,0,0,21,0.7142857142857143
2025,18,2,4,0,0,24,0.75
2026,17,2,4,0,0,23,0.7391304347826086
2027,13,2,4,0,0,19,0.6842105263157895
2028,17,2,4,0,0,23,0.7391304347826086
2029,16,2,4,0,0,22,0.7272727272727273
2030,18,2,4,0,0,24,0.75
2031,15,2,2,0,0,19,0.7894736842105263
2032,16,2,4,0,0,22,0.7272727272727273
2033,18,2,4,0,0,24,0.75
2034,17,1,4,0,0,22,0.7727272727272727
2035,17,2,4,0,0,23,0.7391304347826086
2036,16,2,4,0,0,22,0.7272727272727273
2037,17,1,4,0,0,22,0.7727272727272727
2038,17,1,4,0,0,22,0.7727272727272727
2039,17,2,4,0,0,23,0.7391304347826086
2040,17,2,4,0,0,23,0.7391304347826086
2041,17,2,4,0,0,23,0.7391304347826086
2042,18,2,4,0,0,24,0.75
2043,17,2,4,0,0,23,0.7391304347826086
2044,18,2,4,0,0,24,0.75
2045,17,2,4,0,0,23,0.7391304347826086
2046,17,1,4,0,0,22,0.7727272727272727
2047,17,2,4,0,0,23,0.7391304347826086
2048,18,1,4,0,0,23,0.782608695652174
2049,19,2,3,0,0,24,0.7916666666666666
2050,15,2,4,0,0,21,0.7142857142857143
2051,17,1,4,0,0,22,0.7727272727272727
2052,17,2,4,0,0,23,0.7391304347826086
2053,16,2,4,0,0,22,0.7272727272727273
2054,16,1,4,0,0,21,0.7619047619047619
2055,15,1,4,0,0,20,0.75
2056,18,2,4,0,0,24,0.75
2057,17,2,4,0,0,23,0.7391304347826086
2058,18,2,4,0,0,24,0.75
2059,18,1,4,0,0,23,0.782608695652174
2060,18,2,4,0,0,24,0.75
2061,17,1,4,0,0,22,0.7727272727272727
2062,19,2,3,0,0,24,0.7916666666666666
2063,16,2,4,0,0,22,0.7272727272727273
2064,17,1,4,0,0,22,0.7727272727272727
2065,16,2,4,0,0,22,0.7272727272727273
2066,16,2,4,0,0,22,0.7272727272727273
2067,15,2,4,0,0,21,0.7142857142857143
2068,18,1,4,0,0,23,0.782608695652174
2069,16,2,4,0,0,22,0.7272727272727273
2070,15,2,4,0,0,21,0.7142857142857143
2071,14,2,4,0,0,20,0.7
2072,17,1,4,0,0,22,0.7727272727272727
2073,17,2,3,0,0,22,0.7727272727272727
2074,16,1,4,0,0,21,0.7619047619047619
2075,16,1,4,0,0,21,0.7619047619047619
2076,16,2,4,0,0,22,0.7272727272727273
2077,17,2,4,0,0,23,0.7391304347826086
2078,17,1,4,0,0,22,0.7727272727272727
2079,17,2,4,0,0,23,0.7391304347826086
2080,17,1,4,0,0,22,0.7727272727272727
2081,14,2,4,0,0,20,0.7
2082,16,1,4,0,0,21,0.7619047619047619
2083,17,2,2,0,0,21,0.8095238095238095
2084,14,2,3,0,0,19,0.7368421052631579
2085,17,2,4,0,0,23,0.7391304347826086
2086,17,2,4,0,0,23,0.7391304347826086
2087,19,1,4,0,0,24,0.7916666666666666
2088,17,2,4,0,0,23,0.7391304347826086
2089,14,2,3,0,0,19,0.7368421052631579
2090,18,2,4,0,0,24,0.75
2091,18,2,4,0,0,24,0.75
2092,17,2,4,0,0,23,0.7391304347826086
2093,14,1,3,0,0,18,0.7777777777777778
2094,17,2,4,0,0,23,0.7391304347826086
2095,16,2,4,0,0,22,0.7272727272727273
2096,15,1,4,0,0,20,0.75
2097,13,2,4,0,0,19,0.6842105263157895
2098,15,2,4,0,0,21,0.7142857142857143
2099,16,2,4,0,0,22,0.7272727272727273
2100,15,2,4,0,0,21,0.7142857142857143
2101,16,2,3,0,0,21,0.7619047619047619
2102,15,2,4,0,0,21,0.7142857142857143
2103,15,2,4,0,0,21,0.7142857142857143
2104,14,2,4,0,0,20,0.7
2105,15,2,4,0,0,21,0.7142857142857143
2106,18,1,4,0,0,23,0.782608695652174
2107,17,1,3,0,0,21,0.8095238095238095
2108,16,2,4,0,0,22,0.7272727272727273
2109,17,1,4,0,0,22,0.7727272727272727
2110,15,1,4,0,0,20,0.75
2111,14,1,4,0,0,19,0.7368421052631579
2112,17,2,4,0,0,23,0.7391304347826086
2113,18,2,4,0,0,24,0.75
2114,18,1,4,0,0,23,0.782608695652174
2115,17,1,4,0,0,22,0.7727272727272727
2116,17,2,4,0,0,23,0.7391304347826086
2117,18,1,4,0,0,23,0.782608695652174
2118,18,1,3,0,0,22,0.8181818181818182
2119,17,2,4,0,0,23,0.7391304347826086
2120,16,1,4,0,0,21,0.7619047619047619
2121,16,1,4,0,0,21,0.7619047619047619
2122,15,2,4,0,0,21,0.7142857142857143
2123,16,2,4,0,0,22,0.7272727272727273
2124,17,2,3,0,0,22,0.7727272727272727
2125,14,1,4,0,0,19,0.7368421052631579
2126,18,2,4,0,0,24,0.75
2127,17,2,4,0,0,23,0.7391304347826086
2128,18,2,4,0,0,24,0.75
2129,18,1,4,0,0,23,0.782608695652174
2130,17,2,4,0,0,23,0.7391304347826086
2131,17,1,4,0,0,22,0.7727272727272727
2132,17,1,4,0,0,22,0.7727272727272727
2133,18,2,4,0,0,24,0.75
2134,17,2,3,0,0,22,0.7727272727272727
2135,16,1,4,0,0,21,0.7619047619047619
2136,18,1,4,0,0,23,0.782608695652174
2137,18,1,4,0,0,23,0.782608695652174
2138,17,2,4,0,0,23,0.7391304347826086
2139,16,1,4,0,0,21,0.7619047619047619
2140,17,2,4,0,0,23,0.7391304347826086
2141,16,2,4,0,0,22,0.7272727272727273
2142,17,2,4,0,0,23,0.7391304347826086
2143,17,2,4,0,0,23,0.7391304347826086
2144,16,2,4,0,0,22,0.7272727272727273
2145,17,2,3,0,0,22,0.7727272727272727
2146,16,2,4,0,0,22,0.7272727272727273
2147,16,2,4,0,0,22,0.7272727272727273
2148,17,2,4,0,0,23,0.7391304347826086
2149,16,1,4,0,0,21,0.7619047619047619
2150,17,2,4,0,0,23,0.7391304347826086
2151,15,2,3,0,0,20,0.75
2152,18,1,4,0,0,23,0.782608695652174
2153,17,1,4,0,0,22,0.7727272727272727
2154,18,1,4,0,0,23,0.782608695652174
2155,16,1,4,0,0,21,0.7619047619047619
2156,16,2,4,0,0,22,0.7272727272727273
2157,16,2,4,0,0,22,0.7272727272727273
2158,17,1,4,0,0,22,0.7727272727272727
2159,18,2,4,0,0,24,0.75
2160,18,1,4,0,0,23,0.782608695652174
2161,18,1,4,0,0,23,0.782608695652174
2162,14,2,4,0,0,20,0.7
2163,16,3,4,0,0,23,0.6956521739130435
2164,18,2,4,0,0,24,0.75
2165,15,2,4,0,0,21,0.7142857142857143
2166,17,1,4,0,0,22,0.7727272727272727
2167,17,2,4,0,0,23,0.7391304347826086
2168,17,1,4,0,0,22,0.7727272727272727
2169,16,1,3,0,0,20,0.8
2170,17,1,4,0,0,22,0.7727272727272727
2171,18,2,4,0,0,24,0.75
2172,17,1,4,0,0,22,0.7727272727272727
2173,18,1,4,0,0,23,0.782608695652174
2174,18,2,4,0,0,24,0.75
2175,17,2,4,0,0,23,0.7391304347826086
2176,16,1,4,0,0,21,0.7619047619047619
2177,16,1,4,0,0,21,0.7619047619047619
2178,17,2,4,0,0,23,0.7391304347826086
2179,17,2,4,0,0,23,0.7391304347826086
2180,17,2,3,0,0,22,0.7727272727272727
2181,16,2,4,0,0,22,0.7272727272727273
2182,18,2,4,0,0,24,0.75
2183,15,2,4,0,0,21,0.7142857142857143
2184,16,2,4,0,0,22,0.7272727272727273
2185,16,2,4,0,0,22,0.7272727272727273
2186,16,2,4,0,0,22,0.7272727272727273
2187,15,1,3,0,0,19,0.7894736842105263
2188,17,2,4,0,0,23,0.7391304347826086
2189,17,2,4,0,0,23,0.7391304347826086
2190,18,2,4,0,0,24,0.75
2191,18,1,4,0,0,23,0.782608695652174
2192,18,2,4,0,0,24,0.75
2193,16,2,4,0,0,22,0.7272727272727273
2194,18,1,4,0,0,23,0.782608695652174
2195,17,1,4,0,0,22,0.7727272727272727
2196,16,2,4,0,0,22,0.7272727272727273
2197,18,2,4,0,0,24,0.75
2198,18,2,3,0,0,23,0.782608695652174
2199,17,1,4,0,0,22,0.7727272727272727
2200,18,2,4,0,0,24,0.75
2201,18,2,4,0,0,24,0.75
2202,18,1,4,0,0,23,0.782608695652174
2203,17,2,4,0,0,23,0.7391304347826086
2204,18,2,4,0,0,24,0.75
2205,18,2,3,0,0,23,0.782608695652174
2206,16,1,4,0,0,21,0.7619047619047619
2207,18,2,4,0,0,24,0.75
2208,17,2,4,0,0,23,0.7391304347826086
2209,17,1,4,0,0,22,0.7727272727272727
2210,17,2,4,0,0,23,0.7391304347826086
2211,18,1,4,0,0,23,0.782608695652174
2212,17,1,4,0,0,22,0.7727272727272727
2213,16,2,4,0,0,22,0.7272727272727273
2214,18,1,4,0,0,23,0.782608695652174
2215,16,2,4,0,0,22,0.7272727272727273
2216,17,2,4,0,0,23,0.7391304347826086
2217,17,2,4,0,0,23,0.7391304347826086
2218,17,1,4,0,0,22,0.7727272727272727
2219,18,1,4,0,0,23,0.782608695652174
2220,17,2,4,0,0,23,0.7391304347826086
2221,18,2,3,0,0,23,0.782608695652174
2222,18,1,4,0,0,23,0.782608695652174
2223,18,2,4,0,0,24,0.75
2224,17,2,4,0,0,23,0.7391304347826086
2225,16,1,4,0,0,21,0.7619047619047619
2226,17,2,4,0,0,23,0.7391304347826086
2227,17,2,4,0,0,23,0.7391304347826086
2228,17,2,4,0,0,23,0.7391304347826086
2229,17,1,4,0,0,22,0.7727272727272727
2230,16,2,4,0,0,22,0.7272727272727273
2231,19,2,4,0,0,25,0.76
2232,17,2,4,0,0,23,0.7391304347826086
2233,17,1,3,0,0,21,0.8095238095238095
2234,16,2,4,0,0,22,0.7272727272727273
2235,17,1,4,0,0,22,0.7727272727272727
2236,18,2,4,0,0,24,0.75
2237,18,2,4,0,0,24,0.75
2238,18,2,4,0,0,24,0.75
2239,18,2,4,0,0,24,0.75
2240,18,2,4,0,0,24,0.75
2241,17,1,4,0,0,22,0.7727272727272727
2242,17,2,4,0,0,23,0.7391304347826086
2243,18,1,4,0,0,23,0.782608695652174
2244,17,1,4,0,0,22,0.7727272727272727
2245,18,1,4,0,0,23,0.782608695652174
2246,18,1,4,0,0,23,0.782608695652174
2247,17,1,4,0,0,22,0.7727272727272727
2248,17,2,4,0,0,23,0.7391304347826086
2249,15,2,4,0,0,21,0.7142857142857143
2250,15,2,4,0,0,21,0.7142857142857143
2251,18,1,4,0,0,23,0.782608695652174
2252,18,1,4,0,0,23,0.782608695652174
2253,17,2,4,0,0,23,0.7391304347826086
2254,17,2,4,0,0,23,0.7391304347826086
2255,18,1,4,0,0,23,0.782608695652174
2256,19,2,3,0,0,24,0.7916666666666666
2257,17,2,3,0,0,22,0.7727272727272727
2258,18,2,4,0,0,24,0.75
2259,16,1,3,0,0,20,0.8
2260,18,1,4,0,0,23,0.782608695652174
2261,18,1,4,0,0,23,0.782608695652174
2262,17,2,4,0,0,23,0.7391304347826086
2263,18,2,4,0,0,24,0.75
2264,16,2,4,0,0,22,0.7272727272727273
2265,17,1,4,0,0,22,0.7727272727272727
2266,16,2,4,0,0,22,0.7272727272727273
2267,18,1,4,0,0,23,0.782608695652174
2268,18,1,4,0,0,23,0.782608695652174
2269,18,1,2,0,0,21,0.8571428571428571
2270,17,2,4,0,0,23,0.7391304347826086
2271,18,1,4,0,0,23,0.782608695652174
2272,17,1,3,0,0,21,0.8095238095238095
2273,17,1,4,0,0,22,0.7727272727272727
2274,16,2,4,0,0,22,0.7272727272727273
2275,16,1,4,0,0,21,0.7619047619047619
2276,18,1,3,0,0,22,0.8181818181818182
2277,16,1,4,0,0,21,0.7619047619047619
2278,19,1,4,0,0,24,0.7916666666666666
2279,17,2,4,0,0,23,0.7391304347826086
2280,17,1,4,0,0,22,0.7727272727272727
2281,18,2,4,0,0,24,0.75
2282,18,2,4,0,0,24,0.75
2283,18,1,4,0,0,23,0.782608695652174
2284,16,1,4,0,0,21,0.7619047619047619
2285,18,2,4,0,0,24,0.75
2286,17,1,4,0,0,22,0.7727272727272727
2287,15,2,4,0,0,21,0.7142857142857143
2288,17,1,4,0,0,22,0.7727272727272727
2289,17,2,4,0,0,23,0.7391304347826086
2290,18,2,4,0,0,24,0.75
2291,19,1,4,0,0,24,0.7916666666666666
2292,18,1,4,0,0,23,0.782608695652174
2293,17,2,4,0,0,23,0.7391304347826086
2294,17,2,4,0,0,23,0.7391304347826086
2295,18,2,4,0,0,24,0.75
2296,18,2,4,0,0,24,0.75
2297,18,1,4,0,0,23,0.782608695652174
2298,17,1,3,0,0,21,0.8095238095238095
2299,16,1,4,0,0,21,0.7619047619047619
2300,17,1,3,0,0,21,0.8095238095238095
2301,18,1,4,0,0,23,0.782608695652174
2302,16,3,4,0,0,23,0.6956521739130435
2303,18,1,3,0,0,22,0.8181818181818182
2304,17,1,4,0,0,22,0.7727272727272727
2305,18,1,4,0,0,23,0.782608695652174
2306,17,1,4,0,0,22,0.7727272727272727
2307,15,1,4,0,0,20,0.75
2308,18,2,4,0,0,24,0.75
2309,16,2,4,0,0,22,0.7272727272727273
2310,17,2,4,0,0,23,0.7391304347826086
2311,16,2,4,0,0,22,0.7272727272727273
2312,15,2,4,0,0,21,0.7142857142857143
2313,17,2,3,0,0,22,0.7727272727272727
2314,15,2,4,0,0,21,0.7142857142857143
2315,17,2,3,0,0,22,0.7727272727272727
2316,17,1,4,0,0,22,0.7727272727272727
2317,14,2,4,0,0,20,0.7
2318,16,1,4,0,0,21,0.7619047619047619
2319,17,2,4,0,0,23,0.7391304347826086
2320,17,1,4,0,0,22,0.7727272727272727
2321,18,2,4,0,0,24,0.75
2322,16,1,4,0,0,21,0.7619047619047619
2323,17,2,4,0,0,23,0.7391304347826086
2324,15,2,4,0,0,21,0.7142857142857143
2325,17,2,4,0,0,23,0.7391304347826086
2326,16,2,4,0,0,22,0.7272727272727273
2327,17,1,4,0,0,22,0.7727272727272727
2328,18,1,3,0,0,22,0.8181818181818182
2329,17,1,4,0,0,22,0.7727272727272727
2330,16,1,4,0,0,21,0.7619047619047619
2331,17,1,3,0,0,21,0.8095238095238095
2332,16,2,3,0,0,21,0.7619047619047619
2333,17,1,4,0,0,22,0.7727272727272727
2334,16,2,3,0,0,21,0.7619047619047619
2335,17,1,4,0,0,22,0.7727272727272727
2336,17,2,4,0,0,23,0.7391304347826086
2337,15,2,4,0,0,21,0.7142857142857143
2338,17,1,3,0,0,21,0.8095238095238095
2339,16,1,4,0,0,21,0.7619047619047619
2340,17,2,4,0,0,23,0.7391304347826086
2341,15,1,3,0,0,19,0.7894736842105263
2342,17,2,4,0,0,23,0.7391304347826086
2343,18,2,3,0,0,23,0.782608695652174
2344,18,2,3,0,0,23,0.782608695652174
2345,17,2,4,0,0,23,0.7391304347826086
2346,14,1,4,0,0,19,0.7368421052631579
2347,15,2,4,0,0,21,0.7142857142857143
2348,17,1,4,0,0,22,0.7727272727272727
2349,17,2,4,0,0,23,0.7391304347826086
2350,19,1,4,0,0,24,0.7916666666666666
2351,16,1,4,0,0,21,0.7619047619047619
2352,15,1,4,0,0,20,0.75
2353,16,2,4,0,0,22,0.7272727272727273
2354,16,2,4,0,0,22,0.7272727272727273
2355,16,2,4,0,0,22,0.7272727272727273
2356,14,2,4,0,0,20,0.7
2357,17,1,4,0,0,22,0.7727272727272727
2358,19,2,4,0,0,25,0.76
2359,17,1,3,0,0,21,0.8095238095238095
2360,18,1,2,0,0,21,0.8571428571428571
2361,17,1,4,0,0,22,0.7727272727272727
2362,18,1,4,0,0,23,0.782608695652174
2363,15,2,3,0,0,20,0.75
2364,18,1,4,0,0,23,0.782608695652174
2365,15,2,4,0,0,21,0.7142857142857143
2366,14,2,4,0,0,20,0.7
2367,16,2,4,0,0,22,0.7272727272727273
2368,16,1,4,0,0,21,0.7619047619047619
2369,15,2,3,0,0,20,0.75
2370,17,1,4,0,0,22,0.7727272727272727
2371,15,1,4,0,0,20,0.75
2372,15,2,4,0,0,21,0.7142857142857143
2373,17,1,4,0,0,22,0.7727272727272727
2374,16,2,4,0,0,22,0.7272727272727273
2375,16,2,4,0,0,22,0.7272727272727273
2376,15,2,3,0,0,20,0.75
2377,17,2,4,0,0,23,0.7391304347826086
2378,16,1,4,0,0,21,0.7619047619047619
2379,15,2,4,0,0,21,0.7142857142857143
2380,15,2,4,0,0,21,0.7142857142857143
2381,17,2,4,0,0,23,0.7391304347826086
2382,17,1,3,0,0,21,0.8095238095238095
2383,17,1,4,0,0,22,0.7727272727272727
2384,16,1,4,0,0,21,0.7619047619047619
2385,16,2,3,0,0,21,0.7619047619047619
2386,16,2,4,0,0,22,0.7272727272727273
2387,16,1,3,0,0,20,0.8
2388,17,2,2,0,0,21,0.8095238095238095
2389,16,2,4,0,0,22,0.7272727272727273
2390,17,1,4,0,0,22,0.7727272727272727
2391,17,1,4,0,0,22,0.7727272727272727
2392,16,2,4,0,0,22,0.7272727272727273
2393,16,1,4,0,0,21,0.7619047619047619
2394,17,1,4,0,0,22,0.7727272727272727
2395,17,1,4,0,0,22,0.7727272727272727
2396,15,2,4,0,0,21,0.7142857142857143
2397,17,3,4,0,0,24,0.7083333333333334
2398,17,1,4,0,0,22,0.7727272727272727
2399,16,1,4,0,0,21,0.7619047619047619
2400,17,2,3,0,0,22,0.7727272727272727
2401,17,2,4,0,0,23,0.7391304347826086
2402,16,1,4,0,0,21,0.7619047619047619
2403,16,1,4,0,0,21,0.7619047619047619
2404,16,2,4,0,0,22,0.7272727272727273
2405,17,1,4,0,0,22,0.7727272727272727
2406,15,2,4,0,0,21,0.7142857142857143
2407,17,2,4,0,0,23,0.7391304347826086
2408,17,1,4,0,0,22,0.7727272727272727
2409,15,2,4,0,0,21,0.7142857142857143
2410,14,1,4,0,0,19,0.7368421052631579
2411,16,1,3,0,0,20,0.8
2412,19,2,3,0,0,24,0.7916666666666666
2413,16,2,4,0,0,22,0.7272727272727273
2414,15,2,4,0,0,21,0.7142857142857143
2415,18,1,4,0,0,23,0.782608695652174
2416,17,2,4,0,0,23,0.7391304347826086
2417,15,2,4,0,0,21,0.7142857142857143
2418,18,2,4,0,0,24,0.75
2419,15,2,4,0,0,21,0.7142857142857143
2420,15,2,4,0,0,21,0.7142857142857143
2421,17,2,3,0,0,22,0.7727272727272727
2422,18,2,4,0,0,24,0.75
2423,14,2,4,0,0,20,0.7
2424,17,2,4,0,0,23,0.7391304347826086
2425,16,1,4,0,0,21,0.7619047619047619
2426,17,2,4,0,0,23,0.7391304347826086
2427,17,1,3,0,0,21,0.8095238095238095
2428,15,1,4,0,0,20,0.75
2429,18,2,4,0,0,24,0.75
2430,17,1,3,0,0,21,0.8095238095238095
2431,16,1,4,0,0,21,0.7619047619047619
2432,17,2,4,0,0,23,0.7391304347826086
2433,18,3,4,0,0,25,0.72
2434,15,1,3,0,0,19,0.7894736842105263
2435,18,1,4,0,0,23,0.782608695652174
2436,17,2,3,0,0,22,0.7727272727272727
2437,16,1,4,0,0,21,0.7619047619047619
2438,17,2,4,0,0,23,0.7391304347826086
2439,18,2,4,0,0,24,0.75
2440,15,2,4,0,0,21,0.7142857142857143
2441,18,1,3,0,0,22,0.8181818181818182
2442,17,2,3,0,0,22,0.7727272727272727
2443,16,2,4,0,0,22,0.7272727272727273
2444,17,1,4,0,0,22,0.7727272727272727
2445,15,2,4,0,0,21,0.7142857142857143
2446,16,2,4,0,0,22,0.7272727272727273
2447,17,2,4,0,0,23,0.7391304347826086
2448,18,1,4,0,0,23,0.782608695652174
2449,17,2,4,0,0,23,0.7391304347826086
2450,17,2,4,0,0,23,0.7391304347826086
2451,17,2,4,0,0,23,0.7391304347826086
2452,16,1,4,0,0,21,0.7619047619047619
2453,16,2,4,0,0,22,0.7272727272727273
2454,16,2,4,0,0,22,0.7272727272727273
2455,18,2,4,0,0,24,0.75
2456,16,2,4,0,0,22,0.7272727272727273
2457,17,2,4,0,0,23,0.7391304347826086
2458,18,2,4,0,0,24,0.75
2459,16,2,4,0,0,22,0.7272727272727273
2460,15,2,4,0,0,21,0.7142857142857143
2461,16,1,3,0,0,20,0.8
2462,14,1,4,0,0,19,0.7368421052631579
2463,17,2,4,0,0,23,0.7391304347826086
2464,18,1,4,0,0,23,0.782608695652174
2465,17,1,4,0,0,22,0.7727272727272727
2466,17,1,4,0,0,22,0.7727272727272727
2467,17,1,3,0,0,21,0.8095238095238095
2468,17,1,4,0,0,22,0.7727272727272727
2469,18,1,4,0,0,23,0.782608695652174
2470,16,1,3,0,0,20,0.8
2471,17,1,3,0,0,21,0.8095238095238095
2472,16,2,4,0,0,22,0.7272727272727273
2473,18,2,4,0,0,24,0.75
2474,17,1,4,0,0,22,0.7727272727272727
2475,16,1,4,0,0,21,0.7619047619047619
2476,15,2,4,0,0,21,0.7142857142857143
2477,19,1,4,0,0,24,0.7916666666666666
2478,16,2,4,0,0,22,0.7272727272727273
2479,15,2,4,0,0,21,0.7142857142857143
2480,17,1,4,0,0,22,0.7727272727272727
2481,17,1,3,0,0,21,0.8095238095238095
2482,18,1,4,0,0,23,0.782608695652174
2483,16,1,4,0,0,21,0.7619047619047619
2484,15,2,4,0,0,21,0.7142857142857143
2485,15,2,4,0,0,21,0.7142857142857143
2486,15,2,3,0,0,20,0.75
2487,17,2,4,0,0,23,0.7391304347826086
2488,16,1,4,0,0,21,0.7619047619047619
2489,16,1,4,0,0,21,0.7619047619047619
2490,17,1,4,0,0,22,0.7727272727272727
2491,16,2,4,0,0,22,0.7272727272727273
2492,15,1,4,0,0,20,0.75
2493,18,1,4,0,0,23,0.782608695652174
2494,17,2,4,0,0,23,0.7391304347826086
2495,16,1,4,0,0,21,0.7619047619047619
2496,16,1,4,0,0,21,0.7619047619047619
2497,16,1,4,0,0,21,0.7619047619047619
2498,17,2,3,0,0,22,0.7727272727272727
2499,17,1,4,0,0,22,0.7727272727272727
2500,18,2,4,0,0,24,0.75
2501,17,1,4,0,0,22,0.7727272727272727
2502,16,1,4,0,0,21,0.7619047619047619
2503,16,1,4,0,0,21,0.7619047619047619
2504,18,1,4,0,0,23,0.782608695652174
2505,16,2,4,0,0,22,0.7272727272727273
2506,13,2,4,0,0,19,0.6842105263157895
2507,16,2,4,0,0,22,0.7272727272727273
2508,17,1,4,0,0,22,0.7727272727272727
2509,16,2,4,0,0,22,0.7272727272727273
2510,17,1,4,0,0,22,0.7727272727272727
2511,16,2,4,0,0,22,0.7272727272727273
2512,17,1,4,0,0,22,0.7727272727272727
2513,18,2,4,0,0,24,0.75
2514,15,2,3,0,0,20,0.75
2515,16,2,4,0,0,22,0.7272727272727273
2516,15,1,4,0,0,20,0.75
2517,17,1,4,0,0,22,0.7727272727272727
2518,15,2,4,0,0,21,0.7142857142857143
2519,16,2,3,0,0,21,0.7619047619047619
2520,13,2,3,0,0,18,0.7222222222222222
2521,15,2,4,0,0,21,0.7142857142857143
2522,15,2,4,0,0,21,0.7142857142857143
2523,14,1,4,0,0,19,0.7368421052631579
2524,15,2,3,0,0,20,0.75
2525,17,2,4,0,0,23,0.7391304347826086
2526,16,2,4,0,0,22,0.7272727272727273
2527,15,2,4,0,0,21,0.7142857142857143
2528,14,2,3,0,0,19,0.7368421052631579
2529,13,2,4,0,0,19,0.6842105263157895
2530,15,1,4,0,0,20,0.75
2531,14,1,4,0,0,19,0.7368421052631579
2532,14,1,4,0,0,19,0.7368421052631579
2533,14,3,4,0,0,21,0.6666666666666666
2534,15,3,4,0,0,22,0.6818181818181818
2535,14,2,4,0,0,20,0.7
2536,16,2,4,0,0,22,0.7272727272727273
2537,14,3,4,0,0,21,0.6666666666666666
2538,15,3,4,0,0,22,0.6818181818181818
2539,15,3,4,0,0,22,0.6818181818181818
2540,15,3,4,0,0,22,0.6818181818181818
2541,14,3,4,0,0,21,0.6666666666666666
2542,15,3,4,0,0,22,0.6818181818181818
2543,15,4,4,0,0,23,0.6521739130434783
2544,15,2,4,0,0,21,0.7142857142857143
2545,15,2,4,0,0,21,0.7142857142857143
2546,15,1,4,1,0,21,0.7142857142857143
2547,15,1,4,0,0,20,0.75
2548,16,2,4,1,0,23,0.6956521739130435
2549,15,1,4,0,0,20,0.75
2550,15,2,4,0,0,21,0.7142857142857143
2551,15,3,3,0,0,21,0.7142857142857143
2552,15,1,4,0,0,20,0.75
2553,15,4,4,0,0,23,0.6521739130434783
2554,17,2,4,0,0,23,0.7391304347826086
2555,15,3,4,1,0,23,0.6521739130434783
2556,15,3,4,0,0,22,0.6818181818181818
2557,15,2,4,0,0,21,0.7142857142857143
2558,16,1,4,0,0,21,0.7619047619047619
2559,14,1,4,0,0,19,0.7368421052631579
2560,14,3,4,0,0,21,0.6666666666666666
2561,15,2,4,0,0,21,0.7142857142857143
2562,16,1,4,0,0,21,0.7619047619047619
2563,16,3,4,0,0,23,0.6956521739130435
2564,14,3,4,1,0,22,0.6363636363636364
2565,15,2,3,0,0,20,0.75
2566,15,1,4,0,0,20,0.75
2567,14,2,3,0,0,19,0.7368421052631579
2568,16,1,4,0,0,21,0.7619047619047619
2569,13,3,4,0,0,20,0.65
2570,14,2,4,0,0,20,0.7
2571,14,1,4,0,0,19,0.7368421052631579
2572,15,2,4,0,0,21,0.7142857142857143
2573,14,1,4,0,0,19,0.7368421052631579
2574,15,3,4,0,0,22,0.6818181818181818
2575,14,1,4,0,0,19,0.7368421052631579
2576,15,2,4,0,0,21,0.7142857142857143
2577,15,2,4,0,0,21,0.7142857142857143
2578,16,4,4,0,0,24,0.6666666666666666
2579,15,3,4,0,0,22,0.6818181818181818
2580,14,3,4,0,0,21,0.6666666666666666
2581,14,2,3,0,0,19,0.7368421052631579
2582,13,1,4,0,0,18,0.7222222222222222
2583,14,3,4,1,0,22,0.6363636363636364
2584,15,3,4,0,0,22,0.6818181818181818
2585,16,3,4,0,0,23,0.6956521739130435
2586,17,1,4,0,0,22,0.7727272727272727
2587,15,2,4,0,0,21,0.7142857142857143
2588,15,4,3,0,0,22,0.6818181818181818
2589,15,1,4,0,0,20,0.75
2590,16,2,4,0,0,22,0.7272727272727273
2591,15,3,4,1,0,23,0.6521739130434783
2592,14,1,4,0,0,19,0.7368421052631579
2593,15,3,3,0,0,21,0.7142857142857143
2594,15,2,4,0,0,21,0.7142857142857143
2595,16,4,4,0,0,24,0.6666666666666666
2596,13,3,4,0,0,20,0.65
2597,16,3,4,0,0,23,0.6956521739130435
2598,15,3,4,0,0,22,0.6818181818181818
2599,15,1,4,0,0,20,0.75
2600,14,4,4,0,0,22,0.6363636363636364
2601,15,5,4,0,0,24,0.625
2602,16,4,4,0,0,24,0.6666666666666666
2603,15,2,3,0,0,20,0.75
2604,15,3,4,1,0,23,0.6521739130434783
2605,14,3,4,0,0,21,0.6666666666666666
2606,13,2,4,0,0,19,0.6842105263157895
2607,14,1,4,1,0,20,0.7
2608,15,2,4,0,0,21,0.7142857142857143
2609,16,4,4,0,0,24,0.6666666666666666
2610,14,3,4,0,0,21,0.6666666666666666
2611,12,4,3,0,0,19,0.631578947368421
2612,15,3,4,0,0,22,0.6818181818181818
2613,15,2,4,0,0,21,0.7142857142857143
2614,14,1,4,0,0,19,0.7368421052631579
2615,16,3,4,1,0,24,0.6666666666666666
2616,15,4,4,0,0,23,0.6521739130434783
2617,14,4,4,0,0,22,0.6363636363636364
2618,14,2,4,0,0,20,0.7
2619,15,2,4,0,0,21,0.7142857142857143
2620,16,4,4,0,0,24,0.6666666666666666
2621,14,3,4,0,0,21,0.6666666666666666
2622,15,2,3,0,0,20,0.75
2623,16,2,4,0,0,22,0.7272727272727273
2624,15,2,3,0,0,20,0.75
2625,14,2,4,0,0,20,0.7
2626,16,2,4,0,0,22,0.7272727272727273
2627,13,2,4,0,0,19,0.6842105263157895
2628,16,1,4,0,0,21,0.7619047619047619
2629,16,3,4,0,0,23,0.6956521739130435
2630,13,1,4,1,0,19,0.6842105263157895
2631,16,2,4,0,0,22,0.7272727272727273
2632,16,2,4,0,0,22,0.7272727272727273
2633,15,2,4,0,0,21,0.7142857142857143
2634,15,3,4,0,0,22,0.6818181818181818
2635,15,1,4,0,0,20,0.75
2636,16,3,4,0,0,23,0.6956521739130435
2637,14,3,4,0,0,21,0.6666666666666666
2638,15,1,4,0,0,20,0.75
2639,14,3,4,0,0,21,0.6666666666666666
2640,17,2,4,0,0,23,0.7391304347826086
2641,15,3,4,1,0,23,0.6521739130434783
2642,16,1,4,0,0,21,0.7619047619047619
2643,15,2,4,0,0,21,0.7142857142857143
2644,17,4,4,1,0,26,0.6538461538461539
2645,15,2,4,0,0,21,0.7142857142857143
2646,16,2,4,0,0,22,0.7272727272727273
2647,16,3,4,0,0,23,0.6956521739130435
2648,14,2,3,0,0,19,0.7368421052631579
2649,15,2,3,0,0,20,0.75
2650,16,1,4,0,0,21,0.7619047619047619
2651,16,1,4,0,0,21,0.7619047619047619
2652,15,2,4,0,0,21,0.7142857142857143
2653,15,2,4,0,0,21,0.7142857142857143
2654,16,2,4,0,0,22,0.7272727272727273
2655,15,2,4,0,0,21,0.7142857142857143
2656,16,4,4,0,0,24,0.6666666666666666
2657,13,2,4,0,0,19,0.6842105263157895
2658,14,1,4,0,0,19,0.7368421052631579
2659,16,3,4,0,0,23,0.6956521739130435
2660,16,4,4,1,0,25,0.64
2661,15,2,4,0,0,21,0.7142857142857143
2662,15,3,4,0,0,22,0.6818181818181818
2663,13,4,4,0,0,21,0.6190476190476191
2664,15,3,3,1,0,22,0.6818181818181818
2665,16,1,4,0,0,21,0.7619047619047619
2666,13,2,4,0,0,19,0.6842105263157895
2667,15,1,4,0,0,20,0.75
2668,14,4,4,0,0,22,0.6363636363636364
2669,14,2,4,0,0,20,0.7
2670,15,1,4,0,0,20,0.75
2671,15,2,4,0,0,21,0.7142857142857143
2672,14,3,4,0,0,21,0.6666666666666666
2673,16,2,4,0,0,22,0.7272727272727273
2674,14,3,4,0,0,21,0.6666666666666666
2675,14,1,4,0,0,19,0.7368421052631579
2676,15,3,4,0,0,22,0.6818181818181818
2677,15,2,4,0,0,21,0.7142857142857143
2678,16,3,4,1,0,24,0.6666666666666666
2679,15,3,4,0,0,22,0.6818181818181818
2680,15,1,4,0,0,20,0.75
2681,15,1,4,0,0,20,0.75
2682,15,1,4,0,0,20,0.75
2683,15,3,4,0,0,22,0.6818181818181818
2684,14,3,4,0,0,21,0.6666666666666666
2685,14,1,4,0,0,19,0.7368421052631579
2686,15,1,4,0,0,20,0.75
2687,16,2,4,0,0,22,0.7272727272727273
2688,15,2,4,0,0,21,0.7142857142857143
2689,15,2,4,0,0,21,0.7142857142857143
2690,14,1,4,0,0,19,0.7368421052631579
2691,17,1,4,0,0,22,0.7727272727272727
2692,15,2,4,0,0,21,0.7142857142857143
2693,15,3,4,0,0,22,0.6818181818181818
2694,15,2,4,0,0,21,0.7142857142857143
2695,16,1,4,1,0,22,0.7272727272727273
2696,15,2,4,0,0,21,0.7142857142857143
2697,14,2,4,0,0,20,0.7
2698,17,3,4,0,0,24,0.7083333333333334
2699,15,3,4,0,0,22,0.6818181818181818
2700,17,4,3,0,0,24,0.7083333333333334
2701,15,2,4,0,0,21,0.7142857142857143
2702,13,3,4,0,0,20,0.65
2703,15,3,4,0,0,22,0.6818181818181818
2704,16,3,3,0,0,22,0.7272727272727273
2705,15,4,4,0,0,23,0.6521739130434783
2706,16,2,4,0,0,22,0.7272727272727273
2707,15,1,4,0,0,20,0.75
2708,16,4,3,0,0,23,0.6956521739130435
2709,15,4,4,0,0,23,0.6521739130434783
2710,16,3,4,0,0,23,0.6956521739130435
2711,16,1,4,0,0,21,0.7619047619047619
2712,14,3,4,0,0,21,0.6666666666666666
2713,14,2,4,0,0,20,0.7
2714,15,1,4,0,0,20,0.75
2715,17,3,4,0,0,24,0.7083333333333334
2716,15,1,4,0,0,20,0.75
2717,15,2,4,0,0,21,0.7142857142857143
2718,14,3,3,0,0,20,0.7
2719,15,3,4,0,0,22,0.6818181818181818
2720,15,3,4,1,0,23,0.6521739130434783
2721,15,3,3,0,0,21,0.7142857142857143
2722,15,3,4,0,0,22,0.6818181818181818
2723,13,2,4,0,0,19,0.6842105263157895
2724,14,1,4,0,0,19,0.7368421052631579
2725,14,2,4,0,0,20,0.7
2726,15,2,4,0,0,21,0.7142857142857143
2727,16,1,4,0,0,21,0.7619047619047619
2728,14,2,4,0,0,20,0.7
2729,15,1,3,0,0,19,0.7894736842105263
2730,15,4,4,0,0,23,0.6521739130434783
2731,15,3,4,1,0,23,0.6521739130434783
2732,15,3,4,0,0,22,0.6818181818181818
2733,15,3,4,0,0,22,0.6818181818181818
2734,16,1,4,1,0,22,0.7272727272727273
2735,16,1,4,0,0,21,0.7619047619047619
2736,15,2,4,0,0,21,0.7142857142857143
2737,15,2,4,0,0,21,0.7142857142857143
2738,14,3,4,0,0,21,0.6666666666666666
2739,16,2,4,1,0,23,0.6956521739130435
2740,14,2,4,0,0,20,0.7
2741,15,3,4,0,0,22,0.6818181818181818
2742,16,2,3,0,0,21,0.7619047619047619
2743,14,2,4,0,0,20,0.7
2744,16,1,3,0,0,20,0.8
2745,16,1,3,0,0,20,0.8
2746,15,4,4,0,0,23,0.6521739130434783
2747,15,1,4,1,0,21,0.7142857142857143
2748,16,3,3,0,0,22,0.7272727272727273
2749,14,1,4,0,0,19,0.7368421052631579
2750,16,2,3,0,0,21,0.7619047619047619
2751,16,2,4,0,0,22,0.7272727272727273
2752,14,4,4,0,0,22,0.6363636363636364
2753,15,2,3,0,0,20,0.75
2754,14,3,4,0,0,21,0.6666666666666666
2755,15,4,4,0,0,23,0.6521739130434783
2756,15,2,4,0,0,21,0.7142857142857143
2757,16,1,4,0,0,21,0.7619047619047619
2758,15,1,4,0,0,20,0.75
2759,15,1,4,0,0,20,0.75
2760,16,2,4,0,0,22,0.7272727272727273
2761,17,3,4,0,0,24,0.7083333333333334
2762,17,3,3,0,0,23,0.7391304347826086
2763,14,4,4,0,0,22,0.6363636363636364
2764,16,3,4,0,0,23,0.6956521739130435
2765,16,3,4,0,0,23,0.6956521739130435
2766,17,2,4,0,0,23,0.7391304347826086
2767,17,3,4,0,0,24,0.7083333333333334
2768,16,3,4,0,0,23,0.6956521739130435
2769,17,2,4,0,0,23,0.7391304347826086
2770,17,2,4,0,0,23,0.7391304347826086
2771,16,3,4,0,0,23,0.6956521739130435
2772,17,1,4,0,0,22,0.7727272727272727
2773,15,2,4,1,0,22,0.6818181818181818
2774,14,2,4,0,0,20,0.7
2775,16,2,4,0,0,22,0.7272727272727273
2776,16,1,4,0,0,21,0.7619047619047619
2777,16,2,4,0,0,22,0.7272727272727273
2778,16,1,4,0,0,21,0.7619047619047619
2779,17,3,4,0,0,24,0.7083333333333334
2780,16,2,4,0,0,22,0.7272727272727273
2781,15,2,4,0,0,21,0.7142857142857143
2782,15,3,4,1,0,23,0.6521739130434783
2783,15,3,4,0,0,22,0.6818181818181818
2784,15,3,4,0,0,22,0.6818181818181818
2785,15,2,4,0,0,21,0.7142857142857143
2786,15,2,4,0,0,21,0.7142857142857143
2787,15,1,4,0,0,20,0.75
2788,15,3,4,0,0,22,0.6818181818181818
2789,15,3,4,0,0,22,0.6818181818181818
2790,15,3,4,0,0,22,0.6818181818181818
2791,15,2,4,0,0,21,0.7142857142857143
2792,16,4,4,1,0,25,0.64
2793,15,1,4,0,0,20,0.75
2794,15,1,4,0,0,20,0.75
2795,15,3,4,0,0,22,0.6818181818181818
2796,16,1,4,0,0,21,0.7619047619047619
2797,15,1,4,0,0,20,0.75
2798,15,3,4,0,0,22,0.6818181818181818
2799,15,3,4,0,0,22,0.6818181818181818
2800,15,4,4,1,0,24,0.625
2801,15,2,4,0,0,21,0.7142857142857143
2802,14,2,4,0,0,20,0.7
2803,15,2,4,0,0,21,0.7142857142857143
2804,14,2,4,0,0,20,0.7
2805,14,2,4,1,0,21,0.6666666666666666
2806,15,1,4,0,0,20,0.75
2807,15,3,4,0,0,22,0.6818181818181818
2808,15,4,4,1,0,24,0.625
2809,17,4,4,1,0,26,0.6538461538461539
2810,15,2,4,0,0,21,0.7142857142857143
2811,16,2,4,1,0,23,0.6956521739130435
2812,14,2,4,1,0,21,0.6666666666666666
2813,14,3,4,0,0,21,0.6666666666666666
2814,14,3,4,0,0,21,0.6666666666666666
2815,15,1,4,1,0,21,0.7142857142857143
2816,15,1,4,0,0,20,0.75
2817,15,1,4,0,0,20,0.75
2818,15,1,4,0,0,20,0.75
2819,15,1,4,0,0,20,0.75
2820,16,1,4,0,0,21,0.7619047619047619
2821,15,1,4,0,0,20,0.75
2822,13,3,4,0,0,20,0.65
2823,14,2,4,0,0,20,0.7
2824,16,2,4,1,0,23,0.6956521739130435
2825,15,1,4,0,0,20,0.75
2826,15,1,4,0,0,20,0.75
2827,15,1,4,0,0,20,0.75
2828,15,1,4,0,0,20,0.75
2829,17,2,4,0,0,23,0.7391304347826086
2830,14,3,4,0,0,21,0.6666666666666666
2831,15,2,4,1,0,22,0.6818181818181818
2832,15,3,4,1,0,23,0.6521739130434783
2833,14,1,4,1,0,20,0.7
2834,16,2,4,1,0,23,0.6956521739130435
2835,13,1,4,0,0,18,0.7222222222222222
2836,14,3,4,0,0,21,0.6666666666666666
2837,15,2,4,0,0,21,0.7142857142857143
2838,15,1,4,1,0,21,0.7142857142857143
2839,15,1,4,1,0,21,0.7142857142857143
2840,16,2,4,1,0,23,0.6956521739130435
2841,14,1,4,1,0,20,0.7
2842,16,1,4,0,0,21,0.7619047619047619
2843,14,1,4,1,0,20,0.7
2844,15,2,4,0,0,21,0.7142857142857143
2845,16,1,4,0,0,21,0.7619047619047619
2846,16,1,4,0,0,21,0.7619047619047619
2847,15,2,4,0,0,21,0.7142857142857143
2848,15,1,4,0,0,20,0.75
2849,15,1,2,0,0,18,0.8333333333333334
2850,14,2,4,0,0,20,0.7
2851,15,2,4,1,0,22,0.6818181818181818
2852,14,3,4,0,0,21,0.6666666666666666
2853,16,1,4,0,0,21,0.7619047619047619
2854,14,1,4,0,0,19,0.7368421052631579
2855,16,1,4,0,0,21,0.7619047619047619
2856,14,2,4,0,0,20,0.7
2857,15,2,4,0,0,21,0.7142857142857143
2858,15,1,3,0,0,19,0.7894736842105263
2859,14,4,4,0,0,22,0.6363636363636364
2860,15,3,4,0,0,22,0.6818181818181818
2861,16,2,4,1,0,23,0.6956521739130435
2862,15,1,4,0,0,20,0.75
2863,15,1,4,0,0,20,0.75
2864,16,2,4,0,0,22,0.7272727272727273
2865,16,1,4,0,0,21,0.7619047619047619
2866,15,2,4,0,0,21,0.7142857142857143
2867,15,2,4,0,0,21,0.7142857142857143
2868,15,2,4,1,0,22,0.6818181818181818
2869,15,3,4,0,0,22,0.6818181818181818
2870,16,2,4,0,0,22,0.7272727272727273
2871,16,2,4,1,0,23,0.6956521739130435
2872,14,3,4,0,0,21,0.6666666666666666
2873,15,2,4,1,0,22,0.6818181818181818
2874,15,3,4,1,0,23,0.6521739130434783
2875,15,2,4,1,0,22,0.6818181818181818
2876,16,3,4,0,0,23,0.6956521739130435
2877,14,3,4,1,0,22,0.6363636363636364
2878,16,1,4,0,0,21,0.7619047619047619
2879,15,2,4,0,0,21,0.7142857142857143
2880,16,3,4,0,0,23,0.6956521739130435
2881,14,1,4,0,0,19,0.7368421052631579
2882,16,1,4,0,0,21,0.7619047619047619
2883,13,1,4,0,0,18,0.7222222222222222
2884,15,1,4,0,0,20,0.75
2885,17,2,3,0,0,22,0.7727272727272727
2886,14,2,3,0,0,19,0.7368421052631579
2887,13,1,4,0,0,18,0.7222222222222222
2888,16,2,3,0,0,21,0.7619047619047619
2889,14,1,4,0,0,19,0.7368421052631579
2890,16,2,4,0,0,22,0.7272727272727273
2891,17,2,4,0,0,23,0.7391304347826086
2892,16,1,4,0,0,21,0.7619047619047619
2893,16,1,4,0,0,21,0.7619047619047619
2894,17,1,4,0,0,22,0.7727272727272727
2895,17,2,3,0,0,22,0.7727272727272727
2896,16,2,3,0,0,21,0.7619047619047619
2897,15,2,4,0,0,21,0.7142857142857143
2898,17,1,4,0,0,22,0.7727272727272727
2899,16,1,4,0,0,21,0.7619047619047619
2900,15,2,4,0,0,21,0.7142857142857143
2901,17,1,4,0,0,22,0.7727272727272727
2902,19,1,4,0,0,24,0.7916666666666666
2903,16,2,4,0,0,22,0.7272727272727273
2904,16,2,4,1,0,23,0.6956521739130435
2905,15,2,4,0,0,21,0.7142857142857143
2906,15,3,4,1,0,23,0.6521739130434783
2907,15,1,4,0,0,20,0.75
2908,16,3,4,0,0,23,0.6956521739130435
2909,14,1,4,0,0,19,0.7368421052631579
2910,17,2,4,0,0,23,0.7391304347826086
2911,13,2,4,0,0,19,0.6842105263157895
2912,15,1,4,0,0,20,0.75
2913,14,1,4,0,0,19,0.7368421052631579
2914,16,1,4,0,0,21,0.7619047619047619
2915,17,1,4,0,0,22,0.7727272727272727
2916,14,1,4,0,0,19,0.7368421052631579
2917,14,2,4,0,0,20,0.7
2918,15,2,4,0,0,21,0.7142857142857143
2919,15,2,4,0,0,21,0.7142857142857143
2920,16,1,4,0,0,21,0.7619047619047619
2921,16,3,4,0,0,23,0.6956521739130435
2922,15,2,3,0,0,20,0.75
2923,17,1,3,0,0,21,0.8095238095238095
2924,16,2,4,0,0,22,0.7272727272727273
2925,17,2,4,0,0,23,0.7391304347826086
2926,17,2,4,0,0,23,0.7391304347826086
2927,17,2,4,0,0,23,0.7391304347826086
2928,15,3,4,0,0,22,0.6818181818181818
2929,18,1,4,0,0,23,0.782608695652174
2930,15,1,4,0,0,20,0.75
2931,16,1,3,0,0,20,0.8
2932,14,1,4,0,0,19,0.7368421052631579
2933,17,1,4,0,0,22,0.7727272727272727
2934,15,2,4,0,0,21,0.7142857142857143
2935,17,2,4,0,0,23,0.7391304347826086
2936,17,1,4,0,0,22,0.7727272727272727
2937,16,1,4,0,0,21,0.7619047619047619
2938,16,1,4,0,0,21,0.7619047619047619
2939,15,2,4,0,0,21,0.7142857142857143
2940,13,2,4,0,0,19,0.6842105263157895
2941,13,1,4,0,0,18,0.7222222222222222
2942,14,3,3,0,0,20,0.7
2943,14,1,4,0,0,19,0.7368421052631579
2944,18,2,4,0,0,24,0.75
2945,18,1,3,0,0,22,0.8181818181818182
2946,15,2,4,0,0,21,0.7142857142857143
2947,14,1,4,0,0,19,0.7368421052631579
2948,17,2,3,0,0,22,0.7727272727272727
2949,18,2,4,0,0,24,0.75
2950,15,1,4,0,0,20,0.75
2951,17,1,4,0,0,22,0.7727272727272727
2952,17,2,3,0,0,22,0.7727272727272727
2953,16,1,3,0,0,20,0.8
2954,16,2,3,0,0,21,0.7619047619047619
2955,16,1,4,0,0,21,0.7619047619047619
2956,17,1,3,0,0,21,0.8095238095238095
2957,18,2,3,0,0,23,0.782608695652174
2958,18,1,2,0,0,21,0.8571428571428571
2959,16,1,3,0,0,20,0.8
2960,17,2,4,0,0,23,0.7391304347826086
2961,17,1,4,0,0,22,0.7727272727272727
2962,16,2,3,0,0,21,0.7619047619047619
2963,15,2,4,0,0,21,0.7142857142857143
2964,16,1,4,0,0,21,0.7619047619047619
2965,17,2,2,0,0,21,0.8095238095238095
2966,17,1,4,0,0,22,0.7727272727272727
2967,16,1,3,0,0,20,0.8
2968,17,1,3,0,0,21,0.8095238095238095
2969,17,2,3,0,0,22,0.7727272727272727
2970,18,1,4,0,0,23,0.782608695652174
2971,19,1,3,0,0,23,0.8260869565217391
2972,18,1,4,0,0,23,0.782608695652174
2973,17,1,3,0,0,21,0.8095238095238095
2974,16,2,3,0,0,21,0.7619047619047619
2975,17,2,4,0,0,23,0.7391304347826086
2976,15,1,3,0,0,19,0.7894736842105263
2977,18,1,3,0,0,22,0.8181818181818182
2978,17,2,3,0,0,22,0.7727272727272727
2979,16,1,3,0,0,20,0.8
2980,17,1,4,0,0,22,0.7727272727272727
2981,17,1,3,0,0,21,0.8095238095238095
2982,17,1,3,0,0,21,0.8095238095238095
2983,18,1,4,0,0,23,0.782608695652174
2984,17,2,3,0,0,22,0.7727272727272727
2985,16,1,3,0,0,20,0.8
2986,17,1,3,0,0,21,0.8095238095238095
2987,18,1,2,0,0,21,0.8571428571428571
2988,18,1,4,0,0,23,0.782608695652174
2989,15,2,3,0,0,20,0.75
2990,17,1,3,0,0,21,0.8095238095238095
2991,17,2,4,0,0,23,0.7391304347826086
2992,18,1,4,0,0,23,0.782608695652174
2993,17,2,3,0,0,22,0.7727272727272727
2994,18,2,3,0,0,23,0.782608695652174
2995,18,1,3,0,0,22,0.8181818181818182
2996,16,1,3,0,0,20,0.8
2997,17,1,2,0,0,20,0.85
2998,16,2,3,0,0,21,0.7619047619047619
2999,16,1,4,0,0,21,0.7619047619047619
3000,17,1,3,0,0,21,0.8095238095238095
3001,17,2,3,0,0,22,0.7727272727272727
3002,18,1,3,0,0,22,0.8181818181818182
3003,17,2,3,0,0,22,0.7727272727272727
3004,17,2,3,0,0,22,0.7727272727272727
3005,16,1,3,0,0,20,0.8
3006,17,2,3,0,0,22,0.7727272727272727
3007,16,2,3,0,0,21,0.7619047619047619
3008,14,2,3,0,0,19,0.7368421052631579
3009,16,2,3,0,0,21,0.7619047619047619
3010,18,1,3,0,0,22,0.8181818181818182
3011,16,2,3,0,0,21,0.7619047619047619
3012,13,2,3,0,0,18,0.7222222222222222
3013,16,1,3,0,0,20,0.8
3014,16,2,3,0,0,21,0.7619047619047619
3015,16,2,3,0,0,21,0.7619047619047619
3016,17,1,3,0,0,21,0.8095238095238095
3017,15,2,3,0,0,20,0.75
3018,15,2,3,0,0,20,0.75
3019,17,2,3,0,0,22,0.7727272727272727
3020,17,2,3,0,0,22,0.7727272727272727
3021,17,1,4,0,0,22,0.7727272727272727
3022,17,2,2,0,0,21,0.8095238095238095
3023,17,1,3,0,0,21,0.8095238095238095
3024,15,1,3,0,0,19,0.7894736842105263
3025,17,2,3,0,0,22,0.7727272727272727
3026,18,1,3,0,0,22,0.8181818181818182
3027,17,1,3,0,0,21,0.8095238095238095
3028,16,1,3,0,0,20,0.8
3029,18,1,3,0,0,22,0.8181818181818182
3030,17,1,3,0,0,21,0.8095238095238095
3031,16,1,3,0,0,20,0.8
3032,16,2,3,0,0,21,0.7619047619047619
3033,17,1,3,0,0,21,0.8095238095238095
3034,17,1,3,0,0,21,0.8095238095238095
3035,18,2,2,0,0,22,0.8181818181818182
3036,17,2,4,0,0,23,0.7391304347826086
3037,17,1,3,0,0,21,0.8095238095238095
3038,18,1,3,0,0,22,0.8181818181818182
3039,17,1,4,0,0,22,0.7727272727272727
3040,18,2,3,0,0,23,0.782608695652174
3041,16,2,3,0,0,21,0.7619047619047619
3042,17,1,3,0,0,21,0.8095238095238095
3043,16,1,4,0,0,21,0.7619047619047619
3044,17,2,3,0,0,22,0.7727272727272727
3045,18,2,3,0,0,23,0.782608695652174
3046,17,1,3,0,0,21,0.8095238095238095
3047,16,2,3,0,0,21,0.7619047619047619
3048,16,1,3,0,0,20,0.8
3049,16,1,3,0,0,20,0.8
3050,17,1,3,0,0,21,0.8095238095238095
3051,17,2,3,0,0,22,0.7727272727272727
3052,17,2,3,0,0,22,0.7727272727272727
3053,17,1,3,0,0,21,0.8095238095238095
3054,17,2,4,0,0,23,0.7391304347826086
3055,16,1,3,0,0,20,0.8
3056,17,2,3,0,0,22,0.7727272727272727
3057,17,1,3,0,0,21,0.8095238095238095
3058,18,2,3,0,0,23,0.782608695652174
3059,16,1,4,0,0,21,0.7619047619047619
3060,17,2,3,0,0,22,0.7727272727272727
3061,18,2,3,0,0,23,0.782608695652174
3062,18,2,3,0,0,23,0.782608695652174
3063,18,2,4,0,0,24,0.75
3064,18,1,4,0,0,23,0.782608695652174
3065,16,1,4,0,0,21,0.7619047619047619
3066,16,1,3,0,0,20,0.8
3067,18,1,4,0,0,23,0.782608695652174
3068,17,2,4,0,0,23,0.7391304347826086
3069,16,1,4,0,0,21,0.7619047619047619
3070,17,2,3,0,0,22,0.7727272727272727
3071,16,2,4,0,0,22,0.7272727272727273
3072,16,1,4,0,0,21,0.7619047619047619
3073,16,1,4,0,0,21,0.7619047619047619
3074,16,1,4,0,0,21,0.7619047619047619
3075,17,1,3,0,0,21,0.8095238095238095
3076,15,2,4,0,0,21,0.7142857142857143
3077,15,1,4,0,0,20,0.75
3078,15,2,4,0,0,21,0.7142857142857143
3079,14,1,3,0,0,18,0.7777777777777778
3080,17,2,3,0,0,22,0.7727272727272727
3081,16,1,3,0,0,20,0.8
3082,15,1,3,0,0,19,0.7894736842105263
3083,14,1,3,0,0,18,0.7777777777777778
3084,12,1,3,0,0,16,0.75
3085,16,1,3,0,0,20,0.8
3086,17,1,3,0,0,21,0.8095238095238095
3087,15,2,3,0,0,20,0.75
3088,16,1,3,0,0,20,0.8
3089,15,1,3,0,0,19,0.7894736842105263
3090,17,1,2,0,0,20,0.85
3091,16,2,3,0,0,21,0.7619047619047619
3092,16,1,3,0,0,20,0.8
3093,17,2,3,0,0,22,0.7727272727272727
3094,16,1,3,0,0,20,0.8
3095,17,2,3,0,0,22,0.7727272727272727
3096,17,2,3,0,0,22,0.7727272727272727
3097,16,1,3,0,0,20,0.8
3098,17,2,3,0,0,22,0.7727272727272727
3099,17,1,3,0,0,21,0.8095238095238095
3100,17,1,3,0,0,21,0.8095238095238095
3101,17,1,3,0,0,21,0.8095238095238095
3102,17,2,3,0,0,22,0.7727272727272727
3103,16,2,3,0,0,21,0.7619047619047619
3104,17,1,3,0,0,21,0.8095238095238095
3105,17,1,3,0,0,21,0.8095238095238095
3106,18,1,3,0,0,22,0.8181818181818182
3107,18,1,2,0,0,21,0.8571428571428571
3108,18,1,3,0,0,22,0.8181818181818182
3109,15,2,3,0,0,20,0.75
3110,18,1,3,0,0,22,0.8181818181818182
3111,15,1,3,0,0,19,0.7894736842105263
3112,18,2,3,0,0,23,0.782608695652174
3113,19,2,3,0,0,24,0.7916666666666666
3114,18,2,3,0,0,23,0.782608695652174
3115,16,1,3,0,0,20,0.8
3116,18,1,3,0,0,22,0.8181818181818182
3117,18,2,2,0,0,22,0.8181818181818182
3118,15,2,3,0,0,20,0.75
3119,16,2,3,0,0,21,0.7619047619047619
3120,18,2,3,0,0,23,0.782608695652174
3121,18,1,3,0,0,22,0.8181818181818182
3122,18,1,3,0,0,22,0.8181818181818182
3123,17,1,3,0,0,21,0.8095238095238095
3124,17,2,3,0,0,22,0.7727272727272727
3125,16,2,3,0,0,21,0.7619047619047619
3126,18,1,3,0,0,22,0.8181818181818182
3127,16,1,3,0,0,20,0.8
3128,15,2,3,0,0,20,0.75
3129,16,1,3,0,0,20,0.8
3130,18,2,3,0,0,23,0.782608695652174
3131,18,2,3,0,0,23,0.782608695652174
3132,18,1,3,0,0,22,0.8181818181818182
3133,18,2,3,0,0,23,0.782608695652174
3134,15,2,3,0,0,20,0.75
3135,14,1,3,0,0,18,0.7777777777777778
3136,14,1,3,0,0,18,0.7777777777777778
3137,15,1,3,0,0,19,0.7894736842105263
3138,16,1,3,0,0,20,0.8
3139,15,1,3,0,0,19,0.7894736842105263
3140,16,2,3,0,0,21,0.7619047619047619
3141,17,1,3,0,0,21,0.8095238095238095
3142,15,1,3,0,0,19,0.7894736842105263
3143,17,2,3,0,0,22,0.7727272727272727
3144,17,1,3,0,0,21,0.8095238095238095
3145,16,1,3,0,0,20,0.8
3146,13,1,3,0,0,17,0.7647058823529411
3147,15,1,3,0,0,19,0.7894736842105263
3148,16,1,3,0,0,20,0.8
3149,15,1,3,0,0,19,0.7894736842105263
3150,16,1,3,0,0,20,0.8
3151,16,2,3,0,0,21,0.7619047619047619
3152,16,1,2,0,0,19,0.8421052631578947
3153,15,2,3,0,0,20,0.75
3154,16,1,3,0,0,20,0.8
3155,16,2,3,0,0,21,0.7619047619047619
3156,17,2,3,0,0,22,0.7727272727272727
3157,17,1,3,0,0,21,0.8095238095238095
3158,14,2,3,0,0,19,0.7368421052631579
3159,15,1,3,0,0,19,0.7894736842105263
3160,17,1,3,0,0,21,0.8095238095238095
3161,16,2,2,0,0,20,0.8
3162,16,1,3,0,0,20,0.8
3163,15,1,3,0,0,19,0.7894736842105263
3164,17,2,3,0,0,22,0.7727272727272727
3165,15,2,3,0,0,20,0.75
3166,15,1,3,0,0,19,0.7894736842105263
3167,17,2,3,0,0,22,0.7727272727272727
3168,16,1,3,0,0,20,0.8
3169,17,1,3,0,0,21,0.8095238095238095
3170,17,2,3,0,0,22,0.7727272727272727
3171,16,1,3,0,0,20,0.8
3172,16,1,3,0,0,20,0.8
3173,18,2,3,0,0,23,0.782608695652174
3174,17,1,3,0,0,21,0.8095238095238095
3175,18,1,3,0,0,22,0.8181818181818182
3176,18,2,3,0,0,23,0.782608695652174
3177,15,1,3,0,0,19,0.7894736842105263
3178,15,1,3,0,0,19,0.7894736842105263
3179,16,1,3,0,0,20,0.8
3180,16,2,3,0,0,21,0.7619047619047619
3181,17,1,3,0,0,21,0.8095238095238095
3182,16,1,3,0,0,20,0.8
3183,17,2,3,0,0,22,0.7727272727272727
3184,16,1,3,0,0,20,0.8
3185,17,2,3,0,0,22,0.7727272727272727
3186,14,1,3,0,0,18,0.7777777777777778
3187,15,1,3,0,0,19,0.7894736842105263
3188,17,1,3,0,0,21,0.8095238095238095
3189,16,1,3,0,0,20,0.8
3190,15,1,3,0,0,19,0.7894736842105263
3191,16,2,3,0,0,21,0.7619047619047619
3192,14,2,3,0,0,19,0.7368421052631579
3193,16,1,3,0,0,20,0.8
3194,17,2,3,0,0,22,0.7727272727272727
3195,18,2,3,0,0,23,0.782608695652174
3196,17,1,3,0,0,21,0.8095238095238095
3197,17,1,3,0,0,21,0.8095238095238095
3198,16,2,3,0,0,21,0.7619047619047619
3199,15,1,3,0,0,19,0.7894736842105263
3200,17,1,3,0,0,21,0.8095238095238095
3201,17,2,3,0,0,22,0.7727272727272727
3202,16,1,3,0,0,20,0.8
3203,16,2,3,0,0,21,0.7619047619047619
3204,14,1,3,0,0,18,0.7777777777777778
3205,17,2,3,0,0,22,0.7727272727272727
3206,16,2,3,0,0,21,0.7619047619047619
3207,16,2,3,0,0,21,0.7619047619047619
3208,16,2,3,0,0,21,0.7619047619047619
3209,15,2,3,0,0,20,0.75
3210,15,2,3,0,0,20,0.75
3211,15,2,3,0,0,20,0.75
3212,15,1,3,0,0,19,0.7894736842105263
3213,16,1,3,0,0,20,0.8
3214,15,2,3,0,0,20,0.75
3215,17,2,3,0,0,22,0.7727272727272727
3216,13,1,3,0,0,17,0.7647058823529411
3217,15,2,3,0,0,20,0.75
3218,15,2,3,0,0,20,0.75
3219,16,1,3,0,0,20,0.8
3220,14,1,3,0,0,18,0.7777777777777778
3221,12,2,3,0,0,17,0.7058823529411765
3222,13,1,3,0,0,17,0.7647058823529411
3223,13,2,3,0,0,18,0.7222222222222222
3224,14,1,3,0,0,18,0.7777777777777778
3225,15,2,3,0,0,20,0.75
3226,14,2,3,0,0,19,0.7368421052631579
3227,16,1,3,0,0,20,0.8
3228,13,1,3,0,0,17,0.7647058823529411
3229,14,1,3,0,0,18,0.7777777777777778
3230,14,2,3,0,0,19,0.7368421052631579
3231,15,2,3,0,0,20,0.75
3232,16,1,3,0,0,20,0.8
3233,12,1,3,0,0,16,0.75
3234,15,1,3,0,0,19,0.7894736842105263
3235,15,2,3,0,0,20,0.75
3236,17,1,3,0,0,21,0.8095238095238095
3237,16,1,3,0,0,20,0.8
3238,16,2,3,0,0,21,0.7619047619047619
3239,16,2,3,0,0,21,0.7619047619047619
3240,15,1,3,0,0,19,0.7894736842105263
3241,15,1,3,0,0,19,0.7894736842105263
3242,15,1,3,0,0,19,0.7894736842105263
3243,15,1,3,0,0,19,0.7894736842105263
3244,16,2,3,0,0,21,0.7619047619047619
3245,16,1,3,0,0,20,0.8
3246,14,3,3,0,0,20,0.7
3247,17,1,3,0,0,21,0.8095238095238095
3248,17,1,3,0,0,21,0.8095238095238095
3249,14,2,2,0,0,18,0.7777777777777778
3250,17,1,3,0,0,21,0.8095238095238095
3251,17,2,3,0,0,22,0.7727272727272727
3252,17,2,3,0,0,22,0.7727272727272727
3253,18,1,3,0,0,22,0.8181818181818182
3254,16,2,3,0,0,21,0.7619047619047619
3255,17,2,3,0,0,22,0.7727272727272727
3256,16,1,3,0,0,20,0.8
3257,17,1,3,0,0,21,0.8095238095238095
3258,17,1,3,0,0,21,0.8095238095238095
3259,15,2,3,0,0,20,0.75
3260,16,2,3,0,0,21,0.7619047619047619
3261,16,1,3,0,0,20,0.8
3262,16,2,3,0,0,21,0.7619047619047619
3263,17,1,3,0,0,21,0.8095238095238095
3264,18,1,3,0,0,22,0.8181818181818182
3265,15,1,3,0,0,19,0.7894736842105263
3266,15,2,3,0,0,20,0.75
3267,16,3,3,0,0,22,0.7272727272727273
3268,17,2,3,0,0,22,0.7727272727272727
3269,17,1,3,0,0,21,0.8095238095238095
3270,17,1,3,0,0,21,0.8095238095238095
3271,14,3,3,0,0,20,0.7
3272,17,2,3,0,0,22,0.7727272727272727
3273,16,1,3,0,0,20,0.8
3274,17,1,3,0,0,21,0.8095238095238095
3275,16,2,3,0,0,21,0.7619047619047619
3276,18,2,3,0,0,23,0.782608695652174
3277,18,1,3,0,0,22,0.8181818181818182
3278,17,1,3,0,0,21,0.8095238095238095
3279,18,1,3,0,0,22,0.8181818181818182
3280,15,1,3,0,0,19,0.7894736842105263
3281,16,1,3,0,0,20,0.8
3282,16,1,3,0,0,20,0.8
3283,16,2,3,0,0,21,0.7619047619047619
3284,15,1,3,0,0,19,0.7894736842105263
3285,17,1,3,0,0,21,0.8095238095238095
3286,16,2,3,0,0,21,0.7619047619047619
3287,15,2,3,0,0,20,0.75
3288,15,2,3,0,0,20,0.75
3289,16,2,3,0,0,21,0.7619047619047619
3290,14,1,3,0,0,18,0.7777777777777778
3291,14,2,3,0,0,19,0.7368421052631579
3292,15,1,3,0,0,19,0.7894736842105263
3293,14,1,3,0,0,18,0.7777777777777778
3294,16,2,3,0,0,21,0.7619047619047619
3295,17,2,3,0,0,22,0.7727272727272727
3296,16,1,3,0,0,20,0.8
3297,16,1,3,0,0,20,0.8
3298,16,1,3,0,0,20,0.8
3299,16,1,3,0,0,20,0.8
3300,16,1,3,0,0,20,0.8
3301,14,2,3,0,0,19,0.7368421052631579
3302,16,1,3,0,0,20,0.8
3303,14,2,3,0,0,19,0.7368421052631579
3304,16,1,3,0,0,20,0.8
3305,17,1,3,0,0,21,0.8095238095238095
3306,17,2,3,0,0,22,0.7727272727272727
3307,16,1,3,0,0,20,0.8
3308,17,1,2,0,0,20,0.85
3309,15,1,3,0,0,19,0.7894736842105263
3310,14,1,3,0,0,18,0.7777777777777778
3311,16,1,3,0,0,20,0.8
3312,15,2,3,0,0,20,0.75
3313,16,2,3,0,0,21,0.7619047619047619
3314,15,1,3,0,0,19,0.7894736842105263
3315,16,2,3,0,0,21,0.7619047619047619
3316,16,1,3,0,0,20,0.8
3317,14,1,3,0,0,18,0.7777777777777778
3318,16,2,3,0,0,21,0.7619047619047619
3319,17,1,3,0,0,21,0.8095238095238095
3320,18,2,3,0,0,23,0.782608695652174
3321,16,1,3,0,0,20,0.8
3322,15,1,3,0,0,19,0.7894736842105263
3323,17,1,3,0,0,21,0.8095238095238095
3324,18,2,3,0,0,23,0.782608695652174
3325,16,1,3,0,0,20,0.8
3326,17,1,3,0,0,21,0.8095238095238095
3327,15,2,3,0,0,20,0.75
3328,15,1,3,0,0,19,0.7894736842105263
3329,17,1,3,0,0,21,0.8095238095238095
3330,16,1,3,0,0,20,0.8
3331,16,1,3,0,0,20,0.8
3332,17,1,3,0,0,21,0.8095238095238095
3333,17,1,3,0,0,21,0.8095238095238095
3334,14,1,3,0,0,18,0.7777777777777778
3335,18,1,3,0,0,22,0.8181818181818182
3336,17,1,3,0,0,21,0.8095238095238095
3337,17,1,3,0,0,21,0.8095238095238095
3338,17,1,3,0,0,21,0.8095238095238095
3339,16,1,3,0,0,20,0.8
3340,16,2,3,0,0,21,0.7619047619047619
3341,17,1,3,0,0,21,0.8095238095238095
3342,16,2,3,0,0,21,0.7619047619047619
3343,14,1,3,0,0,18,0.7777777777777778
3344,17,2,3,0,0,22,0.7727272727272727
3345,15,1,3,0,0,19,0.7894736842105263
3346,16,2,3,0,0,21,0.7619047619047619
3347,17,2,3,0,0,22,0.7727272727272727
3348,17,2,3,0,0,22,0.7727272727272727
3349,15,2,3,0,0,20,0.75
3350,16,1,3,0,0,20,0.8
3351,15,1,3,0,0,19,0.7894736842105263
3352,17,1,3,0,0,21,0.8095238095238095
3353,18,1,3,0,0,22,0.8181818181818182
3354,15,1,3,0,0,19,0.7894736842105263
3355,16,1,3,0,0,20,0.8
3356,15,2,3,0,0,20,0.75
3357,18,1,3,0,0,22,0.8181818181818182
3358,16,2,3,0,0,21,0.7619047619047619
3359,18,2,3,0,0,23,0.782608695652174
3360,15,2,3,0,0,20,0.75
3361,15,1,3,0,0,19,0.7894736842105263
3362,16,1,3,0,0,20,0.8
3363,17,2,3,0,0,22,0.7727272727272727
3364,18,2,3,0,0,23,0.782608695652174
3365,17,2,3,0,0,22,0.7727272727272727
3366,16,1,3,0,0,20,0.8
3367,18,2,3,0,0,23,0.782608695652174
3368,17,2,3,0,0,22,0.7727272727272727
3369,15,1,3,0,0,19,0.7894736842105263
3370,18,1,3,0,0,22,0.8181818181818182
3371,16,2,3,0,0,21,0.7619047619047619
3372,17,2,3,0,0,22,0.7727272727272727
3373,18,2,3,0,0,23,0.782608695652174
3374,19,1,3,0,0,23,0.8260869565217391
3375,15,1,3,0,0,19,0.7894736842105263
3376,15,1,3,0,0,19,0.7894736842105263
3377,18,2,3,0,0,23,0.782608695652174
3378,15,1,3,0,0,19,0.7894736842105263
3379,19,1,3,0,0,23,0.8260869565217391
3380,15,2,3,0,0,20,0.75
3381,18,2,3,0,0,23,0.782608695652174
3382,15,1,3,0,0,19,0.7894736842105263
3383,18,2,3,0,0,23,0.782608695652174
3384,16,2,3,0,0,21,0.7619047619047619
3385,15,2,3,0,0,20,0.75
3386,17,1,3,0,0,21,0.8095238095238095
3387,15,1,3,0,0,19,0.7894736842105263
3388,16,2,3,0,0,21,0.7619047619047619
3389,15,2,3,0,0,20,0.75
3390,17,1,3,0,0,21,0.8095238095238095
3391,13,1,3,0,0,17,0.7647058823529411
3392,17,1,3,0,0,21,0.8095238095238095
3393,17,2,3,0,0,22,0.7727272727272727
3394,17,2,3,0,0,22,0.7727272727272727
3395,18,1,3,0,0,22,0.8181818181818182
3396,16,2,3,0,0,21,0.7619047619047619
3397,16,1,3,0,0,20,0.8
3398,18,1,3,0,0,22,0.8181818181818182
3399,18,2,3,0,0,23,0.782608695652174
3400,16,1,3,0,0,20,0.8
3401,18,1,3,0,0,22,0.8181818181818182
3402,17,2,3,0,0,22,0.7727272727272727
3403,17,1,3,0,0,21,0.8095238095238095
3404,16,1,3,0,0,20,0.8
3405,15,3,2,0,0,20,0.75
3406,16,2,3,0,0,21,0.7619047619047619
3407,16,1,3,0,0,20,0.8
3408,16,1,3,0,0,20,0.8
3409,17,2,2,0,0,21,0.8095238095238095
3410,17,2,3,0,0,22,0.7727272727272727
3411,17,1,4,0,0,22,0.7727272727272727
3412,19,2,3,0,0,24,0.7916666666666666
3413,15,2,3,0,0,20,0.75
3414,15,1,3,0,0,19,0.7894736842105263
3415,18,2,2,0,0,22,0.8181818181818182
3416,17,1,3,0,0,21,0.8095238095238095
3417,16,2,3,0,0,21,0.7619047619047619
3418,15,1,3,0,0,19,0.7894736842105263
3419,15,1,3,0,0,19,0.7894736842105263
3420,17,1,3,0,0,21,0.8095238095238095
3421,18,1,3,0,0,22,0.8181818181818182
3422,18,2,3,0,0,23,0.782608695652174
3423,16,2,3,0,0,21,0.7619047619047619
3424,17,2,3,0,0,22,0.7727272727272727
3425,15,1,3,0,0,19,0.7894736842105263
3426,16,1,3,0,0,20,0.8
3427,18,2,3,0,0,23,0.782608695652174
3428,15,1,2,0,0,18,0.8333333333333334
3429,18,1,3,0,0,22,0.8181818181818182
3430,18,2,3,0,0,23,0.782608695652174
3431,15,2,3,0,0,20,0.75
3432,15,2,3,0,0,20,0.75
3433,16,1,3,0,0,20,0.8
3434,17,2,3,0,0,22,0.7727272727272727
3435,17,1,3,0,0,21,0.8095238095238095
3436,17,2,3,0,0,22,0.7727272727272727
3437,18,1,3,0,0,22,0.8181818181818182
3438,15,1,3,0,0,19,0.7894736842105263
3439,17,1,3,0,0,21,0.8095238095238095
3440,16,2,3,0,0,21,0.7619047619047619
3441,15,1,3,0,0,19,0.7894736842105263
3442,17,1,3,0,0,21,0.8095238095238095
3443,16,1,3,0,0,20,0.8
3444,17,1,3,0,0,21,0.8095238095238095
3445,13,1,3,0,0,17,0.7647058823529411
3446,17,2,3,0,0,22,0.7727272727272727
3447,18,1,3,0,0,22,0.8181818181818182
3448,17,1,3,0,0,21,0.8095238095238095
3449,16,2,3,0,0,21,0.7619047619047619
3450,17,2,3,0,0,22,0.7727272727272727
3451,15,2,3,0,0,20,0.75
3452,18,1,3,0,0,22,0.8181818181818182
3453,15,1,3,0,0,19,0.7894736842105263
3454,16,2,3,0,0,21,0.7619047619047619
3455,16,1,3,0,0,20,0.8
3456,17,1,3,0,0,21,0.8095238095238095
3457,17,1,3,0,0,21,0.8095238095238095
3458,17,1,2,0,0,20,0.85
3459,15,2,3,0,0,20,0.75
3460,17,2,3,0,0,22,0.7727272727272727
3461,17,1,3,0,0,21,0.8095238095238095
3462,19,1,3,0,0,23,0.8260869565217391
3463,16,1,3,0,0,20,0.8
3464,15,2,3,0,0,20,0.75
3465,17,1,3,0,0,21,0.8095238095238095
3466,15,2,3,0,0,20,0.75
3467,16,2,4,0,0,22,0.7272727272727273
3468,15,1,4,0,0,20,0.75
3469,15,2,3,0,0,20,0.75
3470,19,1,3,0,0,23,0.8260869565217391
3471,17,1,3,0,0,21,0.8095238095238095
3472,15,2,3,0,0,20,0.75
3473,15,1,3,0,0,19,0.7894736842105263
3474,17,1,3,0,0,21,0.8095238095238095
3475,17,1,3,0,0,21,0.8095238095238095
3476,17,2,3,0,0,22,0.7727272727272727
3477,18,2,3,0,0,23,0.782608695652174
3478,17,1,3,0,0,21,0.8095238095238095
3479,17,1,3,0,0,21,0.8095238095238095
3480,16,2,3,0,0,21,0.7619047619047619
3481,18,1,3,0,0,22,0.8181818181818182
3482,17,1,3,0,0,21,0.8095238095238095
3483,18,1,3,0,0,22,0.8181818181818182
3484,17,2,3,0,0,22,0.7727272727272727
3485,17,1,3,0,0,21,0.8095238095238095
3486,17,1,3,0,0,21,0.8095238095238095
3487,16,1,3,0,0,20,0.8
3488,16,1,3,0,0,20,0.8
3489,17,2,3,0,0,22,0.7727272727272727
3490,18,1,3,0,0,22,0.8181818181818182
3491,17,2,2,0,0,21,0.8095238095238095
3492,16,2,3,0,0,21,0.7619047619047619
3493,17,2,3,0,0,22,0.7727272727272727
3494,16,2,3,0,0,21,0.7619047619047619
3495,18,2,3,0,0,23,0.782608695652174
3496,18,1,3,0,0,22,0.8181818181818182
3497,15,2,3,0,0,20,0.75
3498,15,2,3,0,0,20,0.75
3499,18,2,3,0,0,23,0.782608695652174
3500,18,1,3,0,0,22,0.8181818181818182
3501,17,1,3,0,0,21,0.8095238095238095
3502,17,1,3,0,0,21,0.8095238095238095
3503,18,1,3,0,0,22,0.8181818181818182
3504,18,1,3,0,0,22,0.8181818181818182
3505,16,1,3,0,0,20,0.8
3506,16,2,3,0,0,21,0.7619047619047619
3507,19,2,3,0,0,24,0.7916666666666666
3508,18,2,4,0,0,24,0.75
3509,18,1,4,0,0,23,0.782608695652174
3510,16,1,4,0,0,21,0.7619047619047619
3511,18,1,4,0,0,23,0.782608695652174
3512,16,2,4,0,0,22,0.7272727272727273
3513,16,2,4,0,0,22,0.7272727272727273
3514,16,2,4,0,0,22,0.7272727272727273
3515,18,2,4,0,0,24,0.75
3516,17,2,4,0,0,23,0.7391304347826086
3517,14,2,4,0,0,20,0.7
3518,18,2,4,0,0,24,0.75
3519,18,2,4,0,0,24,0.75
3520,17,2,4,0,0,23,0.7391304347826086
3521,17,2,4,0,0,23,0.7391304347826086
3522,17,2,4,0,0,23,0.7391304347826086
3523,17,1,4,0,0,22,0.7727272727272727
3524,17,1,4,0,0,22,0.7727272727272727
3525,17,1,4,0,0,22,0.7727272727272727
3526,17,2,4,0,0,23,0.7391304347826086
3527,15,2,4,0,0,21,0.7142857142857143
3528,16,2,4,0,0,22,0.7272727272727273
3529,17,2,4,0,0,23,0.7391304347826086
3530,17,2,4,0,0,23,0.7391304347826086
3531,17,1,4,0,0,22,0.7727272727272727
3532,17,1,4,0,0,22,0.7727272727272727
3533,16,2,4,0,0,22,0.7272727272727273
3534,17,2,4,0,0,23,0.7391304347826086
3535,16,1,4,0,0,21,0.7619047619047619
3536,17,2,4,0,0,23,0.7391304347826086
3537,17,1,4,0,0,22,0.7727272727272727
3538,18,1,4,0,0,23,0.782608695652174
3539,17,2,4,0,0,23,0.7391304347826086
3540,16,1,4,0,0,21,0.7619047619047619
3541,17,1,4,0,0,22,0.7727272727272727
3542,18,2,4,0,0,24,0.75
3543,17,1,4,0,0,22,0.7727272727272727
3544,17,1,4,0,0,22,0.7727272727272727
3545,17,2,3,0,0,22,0.7727272727272727
3546,18,2,4,0,0,24,0.75
3547,18,1,4,0,0,23,0.782608695652174
3548,18,2,4,0,0,24,0.75
3549,16,1,3,0,0,20,0.8
3550,18,1,4,0,0,23,0.782608695652174
3551,16,1,4,0,0,21,0.7619047619047619
3552,17,2,3,0,0,22,0.7727272727272727
3553,18,2,4,0,0,24,0.75
3554,17,1,4,0,0,22,0.7727272727272727
3555,17,2,4,0,0,23,0.7391304347826086
3556,17,2,4,0,0,23,0.7391304347826086
3557,17,2,4,0,0,23,0.7391304347826086
3558,17,2,4,0,0,23,0.7391304347826086
3559,17,2,4,0,0,23,0.7391304347826086
3560,16,1,4,0,0,21,0.7619047619047619
3561,17,2,4,0,0,23,0.7391304347826086
3562,17,2,4,0,0,23,0.7391304347826086
3563,16,1,4,0,0,21,0.7619047619047619
3564,16,2,4,0,0,22,0.7272727272727273
3565,16,1,4,0,0,21,0.7619047619047619
3566,17,1,4,0,0,22,0.7727272727272727
3567,15,1,4,0,0,20,0.75
3568,17,2,4,0,0,23,0.7391304347826086
3569,16,2,4,0,0,22,0.7272727272727273
3570,16,1,4,0,0,21,0.7619047619047619
3571,17,1,4,0,0,22,0.7727272727272727
3572,17,1,4,0,0,22,0.7727272727272727
3573,17,1,4,0,0,22,0.7727272727272727
3574,17,2,4,0,0,23,0.7391304347826086
3575,18,2,3,0,0,23,0.782608695652174
3576,16,2,4,0,0,22,0.7272727272727273
3577,18,1,4,0,0,23,0.782608695652174
3578,16,2,4,0,0,22,0.7272727272727273
3579,16,1,4,0,0,21,0.7619047619047619
3580,16,1,4,0,0,21,0.7619047619047619
3581,18,1,4,0,0,23,0.782608695652174
3582,17,2,4,0,0,23,0.7391304347826086
3583,18,1,4,0,0,23,0.782608695652174
3584,16,2,4,0,0,22,0.7272727272727273
3585,18,2,4,0,0,24,0.75
3586,17,1,4,0,0,22,0.7727272727272727
3587,18,2,4,0,0,24,0.75
3588,18,2,4,0,0,24,0.75
3589,15,1,4,0,0,20,0.75
3590,16,1,4,0,0,21,0.7619047619047619
3591,16,1,4,0,0,21,0.7619047619047619
3592,16,1,4,0,0,21,0.7619047619047619
3593,17,2,4,0,0,23,0.7391304347826086
3594,18,1,4,0,0,23,0.782608695652174
3595,16,2,4,0,0,22,0.7272727272727273
3596,18,2,3,0,0,23,0.782608695652174
3597,17,1,4,0,0,22,0.7727272727272727
3598,18,2,4,0,0,24,0.75
3599,16,1,4,0,0,21,0.7619047619047619
3600,15,2,4,0,0,21,0.7142857142857143
3601,16,1,4,0,0,21,0.7619047619047619
3602,16,1,4,0,0,21,0.7619047619047619
3603,15,1,4,0,0,20,0.75
3604,16,2,4,0,0,22,0.7272727272727273
3605,16,2,4,0,0,22,0.7272727272727273
3606,16,1,4,0,0,21,0.7619047619047619
3607,17,2,4,0,0,23,0.7391304347826086
3608,15,2,4,0,0,21,0.7142857142857143
3609,13,2,4,0,0,19,0.6842105263157895
3610,15,1,4,0,0,20,0.75
3611,17,1,3,0,0,21,0.8095238095238095
3612,17,1,4,0,0,22,0.7727272727272727
3613,17,1,4,0,0,22,0.7727272727272727
3614,17,1,4,0,0,22,0.7727272727272727
3615,16,2,4,0,0,22,0.7272727272727273
3616,18,1,4,0,0,23,0.782608695652174
3617,17,1,4,0,0,22,0.7727272727272727
3618,16,2,4,0,0,22,0.7272727272727273
3619,17,2,4,0,0,23,0.7391304347826086
3620,17,2,4,0,0,23,0.7391304347826086
3621,17,2,4,0,0,23,0.7391304347826086
3622,17,1,4,0,0,22,0.7727272727272727
3623,18,2,4,0,0,24,0.75
3624,17,1,4,0,0,22,0.7727272727272727
3625,16,2,4,0,0,22,0.7272727272727273
3626,15,2,4,0,0,21,0.7142857142857143
3627,17,2,4,0,0,23,0.7391304347826086
3628,16,2,3,0,0,21,0.7619047619047619
3629,16,2,4,0,0,22,0.7272727272727273
3630,17,2,4,0,0,23,0.7391304347826086
3631,17,2,4,0,0,23,0.7391304347826086
3632,16,2,4,0,0,22,0.7272727272727273
3633,16,1,4,0,0,21,0.7619047619047619
3634,18,1,4,0,0,23,0.782608695652174
3635,16,2,4,0,0,22,0.7272727272727273
3636,18,1,4,0,0,23,0.782608695652174
3637,18,2,4,0,0,24,0.75
3638,18,2,4,0,0,24,0.75
3639,17,2,4,0,0,23,0.7391304347826086
3640,17,1,4,0,0,22,0.7727272727272727
3641,17,1,4,0,0,22,0.7727272727272727
3642,17,2,2,0,0,21,0.8095238095238095
3643,16,1,3,0,0,20,0.8
3644,16,1,4,0,0,21,0.7619047619047619
3645,16,2,4,0,0,22,0.7272727272727273
3646,18,2,4,0,0,24,0.75
3647,16,2,4,0,0,22,0.7272727272727273
3648,14,1,4,0,0,19,0.7368421052631579
3649,14,2,4,0,0,20,0.7
3650,18,1,4,0,0,23,0.782608695652174
3651,17,1,4,0,0,22,0.7727272727272727
3652,17,1,4,0,0,22,0.7727272727272727
3653,15,2,4,0,0,21,0.7142857142857143
3654,17,1,4,0,0,22,0.7727272727272727
3655,17,1,4,0,0,22,0.7727272727272727
3656,17,1,4,0,0,22,0.7727272727272727
3657,18,2,4,0,0,24,0.75
3658,18,2,4,0,0,24,0.75
3659,18,1,4,0,0,23,0.782608695652174
3660,16,2,4,0,0,22,0.7272727272727273
3661,17,1,4,0,0,22,0.7727272727272727
3662,17,2,4,0,0,23,0.7391304347826086
3663,17,1,4,0,0,22,0.7727272727272727
3664,17,2,4,0,0,23,0.7391304347826086
3665,15,1,4,0,0,20,0.75
3666,18,2,4,0,0,24,0.75
3667,17,2,3,0,0,22,0.7727272727272727
3668,17,1,4,0,0,22,0.7727272727272727
3669,17,2,4,0,0,23,0.7391304347826086
3670,16,1,4,0,0,21,0.7619047619047619
3671,17,2,4,0,0,23,0.7391304347826086
3672,17,2,4,0,0,23,0.7391304347826086
3673,17,1,4,0,0,22,0.7727272727272727
3674,18,2,4,0,0,24,0.75
3675,17,1,4,0,0,22,0.7727272727272727
3676,17,2,4,0,0,23,0.7391304347826086
3677,16,2,4,0,0,22,0.7272727272727273
3678,16,2,3,0,0,21,0.7619047619047619
3679,17,1,4,0,0,22,0.7727272727272727
3680,18,1,4,0,0,23,0.782608695652174
3681,15,1,4,0,0,20,0.75
3682,17,1,3,0,0,21,0.8095238095238095
3683,17,1,4,0,0,22,0.7727272727272727
3684,17,1,4,0,0,22,0.7727272727272727
3685,18,2,4,0,0,24,0.75
3686,18,2,4,0,0,24,0.75
3687,18,2,4,0,0,24,0.75
3688,17,2,4,0,0,23,0.7391304347826086
3689,14,2,4,0,0,20,0.7
3690,15,2,4,0,0,21,0.7142857142857143
3691,17,1,4,0,0,22,0.7727272727272727
3692,16,1,4,0,0,21,0.7619047619047619
3693,17,2,4,0,0,23,0.7391304347826086
3694,17,2,4,0,0,23,0.7391304347826086
3695,17,2,4,0,0,23,0.7391304347826086
3696,17,2,4,0,0,23,0.7391304347826086
3697,18,2,3,0,0,23,0.782608695652174
3698,18,2,4,0,0,24,0.75
3699,15,2,4,0,0,21,0.7142857142857143
3700,17,1,4,0,0,22,0.7727272727272727
3701,15,1,4,0,0,20,0.75
3702,17,1,4,0,0,22,0.7727272727272727
3703,17,2,4,0,0,23,0.7391304347826086
3704,17,2,4,0,0,23,0.7391304347826086
3705,15,2,4,0,0,21,0.7142857142857143
3706,18,1,4,0,0,23,0.782608695652174
3707,16,2,4,0,0,22,0.7272727272727273
3708,16,2,4,0,0,22,0.7272727272727273
3709,16,2,4,0,0,22,0.7272727272727273
3710,17,2,4,0,0,23,0.7391304347826086
3711,15,2,4,0,0,21,0.7142857142857143
3712,18,2,4,0,0,24,0.75
3713,17,1,4,0,0,22,0.7727272727272727
3714,16,1,4,0,0,21,0.7619047619047619
3715,17,2,4,0,0,23,0.7391304347826086
3716,19,2,4,0,0,25,0.76
3717,18,1,4,0,0,23,0.782608695652174
3718,16,2,4,0,0,22,0.7272727272727273
3719,18,2,4,0,0,24,0.75
3720,17,1,4,0,0,22,0.7727272727272727
3721,18,1,4,0,0,23,0.782608695652174
3722,18,2,4,0,0,24,0.75
3723,18,1,4,0,0,23,0.782608695652174
3724,16,1,4,0,0,21,0.7619047619047619
3725,18,1,4,0,0,23,0.782608695652174
3726,17,1,4,0,0,22,0.7727272727272727
3727,16,1,4,0,0,21,0.7619047619047619
3728,16,1,4,0,0,21,0.7619047619047619
3729,17,2,4,0,0,23,0.7391304347826086
3730,17,1,4,0,0,22,0.7727272727272727
3731,17,2,3,0,0,22,0.7727272727272727
3732,17,2,4,0,0,23,0.7391304347826086
3733,16,1,4,0,0,21,0.7619047619047619
3734,15,1,4,0,0,20,0.75
3735,17,1,4,0,0,22,0.7727272727272727
3736,18,1,3,0,0,22,0.8181818181818182
3737,17,1,4,0,0,22,0.7727272727272727
3738,17,2,4,0,0,23,0.7391304347826086
3739,15,2,4,0,0,21,0.7142857142857143
3740,18,1,4,0,0,23,0.782608695652174
3741,16,1,4,0,0,21,0.7619047619047619
3742,16,2,3,0,0,21,0.7619047619047619
3743,18,2,4,0,0,24,0.75
3744,16,1,4,0,0,21,0.7619047619047619
3745,17,3,3,0,0,23,0.7391304347826086
3746,19,1,4,0,0,24,0.7916666666666666
3747,14,2,4,0,0,20,0.7
3748,18,1,4,0,0,23,0.782608695652174
3749,17,2,4,0,0,23,0.7391304347826086
3750,17,1,4,0,0,22,0.7727272727272727
3751,17,2,3,0,0,22,0.7727272727272727
3752,17,1,3,0,0,21,0.8095238095238095
3753,17,1,3,0,0,21,0.8095238095238095
3754,18,2,3,0,0,23,0.782608695652174
3755,16,2,3,0,0,21,0.7619047619047619
3756,17,1,3,0,0,21,0.8095238095238095
3757,17,1,3,0,0,21,0.8095238095238095
3758,16,2,3,0,0,21,0.7619047619047619
3759,17,2,3,0,0,22,0.7727272727272727
3760,16,2,4,0,0,22,0.7272727272727273
3761,17,2,3,0,0,22,0.7727272727272727
3762,18,2,4,0,0,24,0.75
3763,16,2,3,0,0,21,0.7619047619047619
3764,16,2,4,0,0,22,0.7272727272727273
3765,17,2,3,0,0,22,0.7727272727272727
3766,16,1,4,0,0,21,0.7619047619047619
3767,17,2,3,0,0,22,0.7727272727272727
3768,15,1,4,0,0,20,0.75
3769,18,1,4,0,0,23,0.782608695652174
3770,16,1,3,0,0,20,0.8
3771,17,1,4,0,0,22,0.7727272727272727
3772,17,2,4,0,0,23,0.7391304347826086
3773,16,2,3,0,0,21,0.7619047619047619
3774,16,1,4,0,0,21,0.7619047619047619
3775,17,1,4,0,0,22,0.7727272727272727
3776,17,2,3,0,0,22,0.7727272727272727
3777,17,2,4,0,0,23,0.7391304347826086
3778,17,1,4,0,0,22,0.7727272727272727
3779,18,1,2,0,0,21,0.8571428571428571
3780,18,1,4,0,0,23,0.782608695652174
3781,15,1,4,0,0,20,0.75
3782,16,1,3,0,0,20,0.8
3783,18,3,4,0,0,25,0.72
3784,17,1,3,0,0,21,0.8095238095238095
3785,16,1,4,0,0,21,0.7619047619047619
3786,18,1,3,0,0,22,0.8181818181818182
3787,17,1,3,0,0,21,0.8095238095238095
3788,17,1,4,0,0,22,0.7727272727272727
3789,16,3,4,0,0,23,0.6956521739130435
3790,17,1,4,0,0,22,0.7727272727272727
3791,18,1,4,0,0,23,0.782608695652174
3792,18,2,4,0,0,24,0.75
3793,16,2,3,0,0,21,0.7619047619047619
3794,16,2,3,0,0,21,0.7619047619047619
3795,17,2,3,0,0,22,0.7727272727272727
3796,18,1,3,0,0,22,0.8181818181818182
3797,17,1,3,0,0,21,0.8095238095238095
3798,17,1,3,0,0,21,0.8095238095238095
3799,17,1,3,0,0,21,0.8095238095238095
3800,17,2,3,0,0,22,0.7727272727272727
3801,17,2,3,0,0,22,0.7727272727272727
3802,17,2,3,0,0,22,0.7727272727272727
3803,16,1,3,0,0,20,0.8
3804,16,2,3,0,0,21,0.7619047619047619
3805,18,1,3,0,0,22,0.8181818181818182
3806,17,1,3,0,0,21,0.8095238095238095
3807,17,2,3,0,0,22,0.7727272727272727
3808,18,1,3,0,0,22,0.8181818181818182
3809,17,2,3,0,0,22,0.7727272727272727
3810,17,2,3,0,0,22,0.7727272727272727
3811,16,1,3,0,0,20,0.8
3812,17,1,3,0,0,21,0.8095238095238095
3813,17,2,3,0,0,22,0.7727272727272727
3814,15,2,3,0,0,20,0.75
3815,17,1,3,0,0,21,0.8095238095238095
3816,17,2,3,0,0,22,0.7727272727272727
3817,16,2,3,0,0,21,0.7619047619047619
3818,17,1,3,0,0,21,0.8095238095238095
3819,17,2,3,0,0,22,0.7727272727272727
3820,17,1,4,0,0,22,0.7727272727272727
3821,17,2,4,0,0,23,0.7391304347826086
3822,16,1,4,0,0,21,0.7619047619047619
3823,17,1,4,0,0,22,0.7727272727272727
3824,17,1,3,0,0,21,0.8095238095238095
3825,18,1,3,0,0,22,0.8181818181818182
3826,16,2,3,0,0,21,0.7619047619047619
3827,18,3,3,0,0,24,0.75
3828,18,2,3,0,0,23,0.782608695652174
3829,17,1,3,0,0,21,0.8095238095238095
3830,16,2,3,0,0,21,0.7619047619047619
3831,17,1,3,0,0,21,0.8095238095238095
3832,18,1,3,0,0,22,0.8181818181818182
3833,17,2,3,0,0,22,0.7727272727272727
3834,17,2,3,0,0,22,0.7727272727272727
3835,16,2,3,0,0,21,0.7619047619047619
3836,19,1,3,0,0,23,0.8260869565217391
3837,15,1,3,0,0,19,0.7894736842105263
3838,18,1,3,0,0,22,0.8181818181818182
3839,16,2,3,0,0,21,0.7619047619047619
3840,18,1,3,0,0,22,0.8181818181818182
3841,18,2,3,0,0,23,0.782608695652174
3842,17,2,3,0,0,22,0.7727272727272727
3843,18,2,3,0,0,23,0.782608695652174
3844,17,2,3,0,0,22,0.7727272727272727
3845,18,2,3,0,0,23,0.782608695652174
3846,18,2,3,0,0,23,0.782608695652174
3847,18,1,3,0,0,22,0.8181818181818182
3848,16,1,3,0,0,20,0.8
3849,18,1,3,0,0,22,0.8181818181818182
3850,16,1,3,0,0,20,0.8
3851,16,1,3,0,0,20,0.8
3852,18,1,3,0,0,22,0.8181818181818182
3853,17,2,3,0,0,22,0.7727272727272727
3854,18,1,3,0,0,22,0.8181818181818182
3855,18,2,3,0,0,23,0.782608695652174
3856,18,2,3,0,0,23,0.782608695652174
3857,17,2,3,0,0,22,0.7727272727272727
3858,16,1,3,0,0,20,0.8
3859,17,1,3,0,0,21,0.8095238095238095
3860,17,1,2,0,0,20,0.85
3861,19,2,3,0,0,24,0.7916666666666666
3862,17,1,3,0,0,21,0.8095238095238095
3863,16,3,3,0,0,22,0.7272727272727273
3864,17,1,3,0,0,21,0.8095238095238095
3865,18,2,3,0,0,23,0.782608695652174
3866,17,2,3,0,0,22,0.7727272727272727
3867,17,1,3,0,0,21,0.8095238095238095
3868,16,1,3,0,0,20,0.8
3869,17,1,3,0,0,21,0.8095238095238095
3870,17,1,3,0,0,21,0.8095238095238095
3871,16,1,3,0,0,20,0.8
3872,17,2,3,0,0,22,0.7727272727272727
3873,18,1,3,0,0,22,0.8181818181818182
3874,16,1,3,0,0,20,0.8
3875,17,1,3,0,0,21,0.8095238095238095
3876,17,1,3,0,0,21,0.8095238095238095
3877,18,2,3,0,0,23,0.782608695652174
3878,17,2,3,0,0,22,0.7727272727272727
3879,17,2,3,0,0,22,0.7727272727272727
3880,18,1,3,0,0,22,0.8181818181818182
3881,17,2,3,0,0,22,0.7727272727272727
3882,16,1,3,0,0,20,0.8
3883,15,2,3,0,0,20,0.75
3884,16,1,3,0,0,20,0.8
3885,16,1,3,0,0,20,0.8
3886,17,2,3,0,0,22,0.7727272727272727
3887,17,2,3,0,0,22,0.7727272727272727
3888,17,3,3,0,0,23,0.7391304347826086
3889,17,2,3,0,0,22,0.7727272727272727
3890,19,1,3,0,0,23,0.8260869565217391
3891,17,1,3,0,0,21,0.8095238095238095
3892,16,1,3,0,0,20,0.8
3893,16,2,3,0,0,21,0.7619047619047619
3894,15,1,3,0,0,19,0.7894736842105263
3895,16,2,3,0,0,21,0.7619047619047619
3896,18,3,3,0,0,24,0.75
3897,17,2,3,0,0,22,0.7727272727272727
3898,16,2,3,0,0,21,0.7619047619047619
3899,18,2,3,0,0,23,0.782608695652174
3900,17,1,3,0,0,21,0.8095238095238095
3901,18,2,3,0,0,23,0.782608695652174
3902,16,2,3,0,0,21,0.7619047619047619
3903,16,1,3,0,0,20,0.8
3904,16,2,3,0,0,21,0.7619047619047619
3905,15,2,3,0,0,20,0.75
3906,17,1,3,0,0,21,0.8095238095238095
3907,14,2,3,0,0,19,0.7368421052631579
3908,17,2,3,0,0,22,0.7727272727272727
3909,17,2,3,0,0,22,0.7727272727272727
3910,16,3,3,0,0,22,0.7272727272727273
3911,17,1,3,0,0,21,0.8095238095238095
3912,14,1,3,0,0,18,0.7777777777777778
3913,17,2,3,0,0,22,0.7727272727272727
3914,15,3,3,0,0,21,0.7142857142857143
3915,16,2,3,0,0,21,0.7619047619047619
3916,16,2,3,0,0,21,0.7619047619047619
3917,17,2,3,0,0,22,0.7727272727272727
3918,18,1,3,0,0,22,0.8181818181818182
3919,17,1,3,0,0,21,0.8095238095238095
3920,15,2,3,0,0,20,0.75
3921,16,1,3,0,0,20,0.8
3922,16,1,3,0,0,20,0.8
3923,16,1,3,0,0,20,0.8
3924,19,2,3,0,0,24,0.7916666666666666
3925,17,2,3,0,0,22,0.7727272727272727
3926,18,2,3,0,0,23,0.782608695652174
3927,16,2,3,0,0,21,0.7619047619047619
3928,16,2,3,0,0,21,0.7619047619047619
3929,17,1,3,0,0,21,0.8095238095238095
3930,16,2,3,0,0,21,0.7619047619047619
3931,16,1,3,0,0,20,0.8
3932,18,2,3,0,0,23,0.782608695652174
3933,16,2,3,0,0,21,0.7619047619047619
3934,17,1,3,0,0,21,0.8095238095238095
3935,18,1,3,0,0,22,0.8181818181818182
3936,18,1,3,0,0,22,0.8181818181818182
3937,16,2,3,0,0,21,0.7619047619047619
3938,16,3,3,0,0,22,0.7272727272727273
3939,17,2,3,0,0,22,0.7727272727272727
3940,19,1,3,0,0,23,0.8260869565217391
3941,17,2,3,0,0,22,0.7727272727272727
3942,18,2,3,0,0,23,0.782608695652174
3943,17,1,3,0,0,21,0.8095238095238095
3944,19,1,3,0,0,23,0.8260869565217391
3945,16,1,3,0,0,20,0.8
3946,18,1,3,0,0,22,0.8181818181818182
3947,17,1,3,0,0,21,0.8095238095238095
3948,16,2,3,0,0,21,0.7619047619047619
3949,15,2,2,0,0,19,0.7894736842105263
3950,17,1,3,0,0,21,0.8095238095238095
3951,18,2,3,0,0,23,0.782608695652174
3952,17,2,3,0,0,22,0.7727272727272727
3953,18,1,3,0,0,22,0.8181818181818182
3954,17,1,3,0,0,21,0.8095238095238095
3955,16,1,3,0,0,20,0.8
3956,15,2,3,0,0,20,0.75
3957,17,1,3,0,0,21,0.8095238095238095
3958,16,2,3,0,0,21,0.7619047619047619
3959,18,2,3,0,0,23,0.782608695652174
3960,17,2,3,0,0,22,0.7727272727272727
3961,18,1,3,0,0,22,0.8181818181818182
3962,19,2,3,0,0,24,0.7916666666666666
3963,18,1,3,0,0,22,0.8181818181818182
3964,18,1,3,0,0,22,0.8181818181818182
3965,16,2,3,0,0,21,0.7619047619047619
3966,18,2,3,0,0,23,0.782608695652174
3967,18,2,2,0,0,22,0.8181818181818182
3968,18,1,3,0,0,22,0.8181818181818182
3969,18,2,3,0,0,23,0.782608695652174
3970,17,1,3,0,0,21,0.8095238095238095
3971,16,1,3,0,0,20,0.8
3972,16,2,3,0,0,21,0.7619047619047619
3973,16,1,3,0,0,20,0.8
3974,18,2,3,0,0,23,0.782608695652174
3975,17,1,3,0,0,21,0.8095238095238095
3976,16,2,3,0,0,21,0.7619047619047619
3977,16,2,3,0,0,21,0.7619047619047619
3978,19,1,3,0,0,23,0.8260869565217391
3979,15,1,3,0,0,19,0.7894736842105263
3980,19,1,3,0,0,23,0.8260869565217391
3981,18,2,3,0,0,23,0.782608695652174
3982,18,1,3,0,0,22,0.8181818181818182
3983,17,1,3,0,0,21,0.8095238095238095
3984,19,2,3,0,0,24,0.7916666666666666
3985,18,1,3,0,0,22,0.8181818181818182
3986,19,2,3,0,0,24,0.7916666666666666
3987,17,2,3,0,0,22,0.7727272727272727
3988,17,1,3,0,0,21,0.8095238095238095
3989,17,1,3,0,0,21,0.8095238095238095
3990,18,2,3,0,0,23,0.782608695652174
3991,18,1,3,0,0,22,0.8181818181818182
3992,18,1,3,0,0,22,0.8181818181818182
3993,17,2,3,0,0,22,0.7727272727272727
3994,18,1,3,0,0,22,0.8181818181818182
3995,18,2,3,0,0,23,0.782608695652174
3996,16,1,3,0,0,20,0.8
3997,17,1,3,0,0,21,0.8095238095238095
3998,17,2,3,0,0,22,0.7727272727272727
3999,18,1,3,0,0,22,0.8181818181818182
4000,18,2,3,0,0,23,0.782608695652174
4001,14,2,3,0,0,19,0.7368421052631579
4002,18,1,3,0,0,22,0.8181818181818182
4003,18,1,3,0,0,22,0.8181818181818182
4004,16,1,3,0,0,20,0.8
4005,18,1,3,0,0,22,0.8181818181818182
4006,17,1,3,0,0,21,0.8095238095238095
4007,16,2,3,0,0,21,0.7619047619047619
4008,17,2,3,0,0,22,0.7727272727272727
4009,15,2,3,0,0,20,0.75
4010,18,1,3,0,0,22,0.8181818181818182
4011,19,2,3,0,0,24,0.7916666666666666
4012,18,2,3,0,0,23,0.782608695652174
4013,18,1,3,0,0,22,0.8181818181818182
4014,18,2,3,0,0,23,0.782608695652174
4015,17,2,3,0,0,22,0.7727272727272727
4016,17,1,3,0,0,21,0.8095238095238095
4017,19,2,3,0,0,24,0.7916666666666666
4018,17,1,3,0,0,21,0.8095238095238095
4019,17,1,3,0,0,21,0.8095238095238095
4020,19,1,3,0,0,23,0.8260869565217391
4021,19,1,3,0,0,23,0.8260869565217391
4022,16,2,3,0,0,21,0.7619047619047619
4023,16,2,3,0,0,21,0.7619047619047619
4024,17,2,3,0,0,22,0.7727272727272727
4025,16,2,3,0,0,21,0.7619047619047619
4026,17,2,3,0,0,22,0.7727272727272727
4027,17,1,3,0,0,21,0.8095238095238095
4028,17,1,3,0,0,21,0.8095238095238095
4029,15,2,3,0,0,20,0.75
4030,19,2,3,0,0,24,0.7916666666666666
4031,16,1,3,0,0,20,0.8
4032,17,1,3,0,0,21,0.8095238095238095
4033,18,1,3,0,0,22,0.8181818181818182
4034,18,1,3,0,0,22,0.8181818181818182
4035,19,1,3,0,0,23,0.8260869565217391
4036,17,1,3,0,0,21,0.8095238095238095
4037,18,2,3,0,0,23,0.782608695652174
4038,18,2,3,0,0,23,0.782608695652174
4039,19,1,3,0,0,23,0.8260869565217391
4040,17,2,3,0,0,22,0.7727272727272727
4041,19,1,3,0,0,23,0.8260869565217391
4042,17,2,3,0,0,22,0.7727272727272727
4043,17,2,3,0,0,22,0.7727272727272727
4044,17,1,3,0,0,21,0.8095238095238095
4045,16,1,3,0,0,20,0.8
4046,17,2,3,0,0,22,0.7727272727272727
4047,18,2,3,0,0,23,0.782608695652174
4048,16,2,3,0,0,21,0.7619047619047619
4049,18,2,3,0,0,23,0.782608695652174
4050,17,1,3,0,0,21,0.8095238095238095
4051,17,2,3,0,0,22,0.7727272727272727
4052,18,1,3,0,0,22,0.8181818181818182
4053,19,1,3,0,0,23,0.8260869565217391
4054,18,1,3,0,0,22,0.8181818181818182
4055,18,1,3,0,0,22,0.8181818181818182
4056,16,2,3,0,0,21,0.7619047619047619
4057,16,1,3,0,0,20,0.8
4058,16,2,3,0,0,21,0.7619047619047619
4059,18,1,3,0,0,22,0.8181818181818182
4060,17,1,3,0,0,21,0.8095238095238095
4061,17,1,3,0,0,21,0.8095238095238095
4062,19,2,3,0,0,24,0.7916666666666666
4063,17,2,3,0,0,22,0.7727272727272727
4064,17,2,3,0,0,22,0.7727272727272727
4065,16,2,3,0,0,21,0.7619047619047619
4066,17,2,3,0,0,22,0.7727272727272727
4067,17,2,3,0,0,22,0.7727272727272727
4068,17,1,3,0,0,21,0.8095238095238095
4069,18,1,3,0,0,22,0.8181818181818182
4070,18,2,3,0,0,23,0.782608695652174
4071,18,2,3,0,0,23,0.782608695652174
4072,19,1,3,0,0,23,0.8260869565217391
4073,16,2,3,0,0,21,0.7619047619047619
4074,15,1,3,0,0,19,0.7894736842105263
4075,17,2,3,0,0,22,0.7727272727272727
4076,17,1,3,0,0,21,0.8095238095238095
4077,19,2,3,0,0,24,0.7916666666666666
4078,17,1,3,0,0,21,0.8095238095238095
4079,18,1,3,0,0,22,0.8181818181818182
4080,18,1,3,0,0,22,0.8181818181818182
4081,19,2,3,0,0,24,0.7916666666666666
4082,18,1,3,0,0,22,0.8181818181818182
4083,17,1,3,0,0,21,0.8095238095238095
4084,16,1,3,0,0,20,0.8
4085,17,1,3,0,0,21,0.8095238095238095
4086,17,2,3,0,0,22,0.7727272727272727
4087,18,2,3,0,0,23,0.782608695652174
4088,20,1,3,0,0,24,0.8333333333333334
4089,19,1,3,0,0,23,0.8260869565217391
4090,17,1,3,0,0,21,0.8095238095238095
4091,18,1,3,0,0,22,0.8181818181818182
4092,17,1,3,0,0,21,0.8095238095238095
4093,17,2,2,0,0,21,0.8095238095238095
4094,19,1,3,0,0,23,0.8260869565217391
4095,17,2,3,0,0,22,0.7727272727272727
4096,18,2,3,0,0,23,0.782608695652174
4097,16,2,3,0,0,21,0.7619047619047619
4098,19,1,3,0,0,23,0.8260869565217391
4099,18,1,3,0,0,22,0.8181818181818182
4100,18,2,3,0,0,23,0.782608695652174
4101,15,1,3,0,0,19,0.7894736842105263
4102,19,1,3,0,0,23,0.8260869565217391
4103,18,1,3,0,0,22,0.8181818181818182
4104,19,2,3,0,0,24,0.7916666666666666
4105,19,1,3,0,0,23,0.8260869565217391
4106,14,1,3,0,0,18,0.7777777777777778
4107,18,1,3,0,0,22,0.8181818181818182
4108,18,1,3,0,0,22,0.8181818181818182
4109,18,1,3,0,0,22,0.8181818181818182
4110,17,2,3,0,0,22,0.7727272727272727
4111,17,1,3,0,0,21,0.8095238095238095
4112,19,1,3,0,0,23,0.8260869565217391
4113,18,2,3,0,0,23,0.782608695652174
4114,17,2,3,0,0,22,0.7727272727272727
4115,17,1,3,0,0,21,0.8095238095238095
4116,18,1,3,0,0,22,0.8181818181818182
4117,17,1,3,0,0,21,0.8095238095238095
4118,16,2,3,0,0,21,0.7619047619047619
4119,16,2,3,0,0,21,0.7619047619047619
4120,16,2,3,0,0,21,0.7619047619047619
4121,18,2,3,0,0,23,0.782608695652174
4122,17,1,3,0,0,21,0.8095238095238095
4123,19,1,3,0,0,23,0.8260869565217391
4124,17,1,3,0,0,21,0.8095238095238095
4125,15,2,3,0,0,20,0.75
4126,18,1,3,0,0,22,0.8181818181818182
4127,16,1,3,0,0,20,0.8
4128,18,2,3,0,0,23,0.782608695652174
4129,17,1,2,0,0,20,0.85
4130,17,2,3,0,0,22,0.7727272727272727
4131,18,2,3,0,0,23,0.782608695652174
4132,17,1,3,0,0,21,0.8095238095238095
4133,18,2,3,0,0,23,0.782608695652174
4134,16,2,3,0,0,21,0.7619047619047619
4135,16,1,3,0,0,20,0.8
4136,17,2,3,0,0,22,0.7727272727272727
4137,19,1,3,0,0,23,0.8260869565217391
4138,17,1,3,0,0,21,0.8095238095238095
4139,17,1,3,0,0,21,0.8095238095238095
4140,19,1,3,0,0,23,0.8260869565217391
4141,18,1,3,0,0,22,0.8181818181818182
4142,17,2,3,0,0,22,0.7727272727272727
4143,18,2,3,0,0,23,0.782608695652174
4144,17,2,3,0,0,22,0.7727272727272727
4145,17,2,3,0,0,22,0.7727272727272727
4146,18,2,3,0,0,23,0.782608695652174
4147,18,2,3,0,0,23,0.782608695652174
4148,17,1,3,0,0,21,0.8095238095238095
4149,17,2,3,0,0,22,0.7727272727272727
4150,17,1,3,0,0,21,0.8095238095238095
4151,17,2,3,0,0,22,0.7727272727272727
4152,17,1,3,0,0,21,0.8095238095238095
4153,18,1,3,0,0,22,0.8181818181818182
4154,16,1,3,0,0,20,0.8
4155,19,2,3,0,0,24,0.7916666666666666
4156,15,1,3,0,0,19,0.7894736842105263
4157,17,1,3,0,0,21,0.8095238095238095
4158,17,1,3,0,0,21,0.8095238095238095
4159,18,2,3,0,0,23,0.782608695652174
4160,19,1,3,0,0,23,0.8260869565217391
4161,17,2,3,0,0,22,0.7727272727272727
4162,18,2,3,0,0,23,0.782608695652174
4163,17,1,3,0,0,21,0.8095238095238095
4164,20,2,3,0,0,25,0.8
4165,17,1,3,0,0,21,0.8095238095238095
4166,17,1,3,0,0,21,0.8095238095238095
4167,17,1,3,0,0,21,0.8095238095238095
4168,19,1,3,0,0,23,0.8260869565217391
4169,18,1,3,0,0,22,0.8181818181818182
4170,17,1,3,0,0,21,0.8095238095238095
4171,17,1,3,0,0,21,0.8095238095238095
4172,17,2,3,0,0,22,0.7727272727272727
4173,19,1,3,0,0,23,0.8260869565217391
4174,18,1,3,0,0,22,0.8181818181818182
4175,16,2,3,0,0,21,0.7619047619047619
4176,18,2,3,0,0,23,0.782608695652174
4177,17,2,3,0,0,22,0.7727272727272727
4178,17,1,3,0,0,21,0.8095238095238095
4179,17,1,3,0,0,21,0.8095238095238095
4180,18,2,3,0,0,23,0.782608695652174
4181,17,1,3,0,0,21,0.8095238095238095
4182,18,2,3,0,0,23,0.782608695652174
4183,18,1,3,0,0,22,0.8181818181818182
4184,18,2,3,0,0,23,0.782608695652174
4185,18,2,3,0,0,23,0.782608695652174
4186,16,2,3,0,0,21,0.7619047619047619
4187,17,1,3,0,0,21,0.8095238095238095
4188,17,2,3,0,0,22,0.7727272727272727
4189,19,1,3,0,0,23,0.8260869565217391
4190,17,2,3,0,0,22,0.7727272727272727
4191,18,1,3,0,0,22,0.8181818181818182
4192,16,1,3,0,0,20,0.8
4193,17,2,3,0,0,22,0.7727272727272727
4194,17,2,3,0,0,22,0.7727272727272727
4195,18,2,3,0,0,23,0.782608695652174
4196,18,2,3,0,0,23,0.782608695652174
4197,18,1,3,0,0,22,0.8181818181818182
4198,18,1,3,0,0,22,0.8181818181818182
4199,18,2,3,0,0,23,0.782608695652174
4200,18,1,3,0,0,22,0.8181818181818182
4201,17,2,3,0,0,22,0.7727272727272727
4202,16,2,3,0,0,21,0.7619047619047619
4203,18,1,3,0,0,22,0.8181818181818182
4204,17,1,3,0,0,21,0.8095238095238095
4205,17,1,3,0,0,21,0.8095238095238095
4206,18,1,3,0,0,22,0.8181818181818182
4207,15,2,3,0,0,20,0.75
4208,18,2,3,0,0,23,0.782608695652174
4209,16,2,3,0,0,21,0.7619047619047619
4210,17,1,3,0,0,21,0.8095238095238095
4211,19,2,3,0,0,24,0.7916666666666666
4212,17,1,3,0,0,21,0.8095238095238095
4213,15,1,3,0,0,19,0.7894736842105263
4214,15,2,3,0,0,20,0.75
4215,17,2,3,0,0,22,0.7727272727272727
4216,17,2,3,0,0,22,0.7727272727272727
4217,16,1,3,0,0,20,0.8
4218,20,2,3,0,0,25,0.8
4219,17,2,3,0,0,22,0.7727272727272727
4220,18,2,3,0,0,23,0.782608695652174
4221,17,1,3,0,0,21,0.8095238095238095
4222,17,1,3,0,0,21,0.8095238095238095
4223,18,1,3,0,0,22,0.8181818181818182
4224,18,2,3,0,0,23,0.782608695652174
4225,17,1,3,0,0,21,0.8095238095238095
4226,17,3,3,0,0,23,0.7391304347826086
4227,15,2,3,0,0,20,0.75
4228,19,2,3,0,0,24,0.7916666666666666
4229,18,2,3,0,0,23,0.782608695652174
4230,18,1,3,0,0,22,0.8181818181818182
4231,17,1,3,0,0,21,0.8095238095238095
4232,16,1,3,0,0,20,0.8
4233,17,1,3,0,0,21,0.8095238095238095
4234,17,1,3,0,0,21,0.8095238095238095
4235,17,2,3,0,0,22,0.7727272727272727
4236,18,1,3,0,0,22,0.8181818181818182
4237,18,1,3,0,0,22,0.8181818181818182
4238,16,2,3,0,0,21,0.7619047619047619
4239,16,1,3,0,0,20,0.8
4240,17,2,3,0,0,22,0.7727272727272727
4241,16,2,3,0,0,21,0.7619047619047619
4242,17,2,3,0,0,22,0.7727272727272727
4243,15,1,3,0,0,19,0.7894736842105263
4244,17,2,3,0,0,22,0.7727272727272727
4245,15,2,3,0,0,20,0.75
4246,16,2,3,0,0,21,0.7619047619047619
4247,19,2,3,0,0,24,0.7916666666666666
4248,15,2,3,0,0,20,0.75
4249,17,2,3,0,0,22,0.7727272727272727
4250,17,2,3,0,0,22,0.7727272727272727
4251,16,1,3,0,0,20,0.8
4252,16,2,3,0,0,21,0.7619047619047619
4253,16,1,3,0,0,20,0.8
4254,17,1,3,0,0,21,0.8095238095238095
4255,17,1,3,0,0,21,0.8095238095238095
4256,17,1,2,0,0,20,0.85
4257,17,1,3,0,0,21,0.8095238095238095
4258,19,1,3,0,0,23,0.8260869565217391
4259,17,1,3,0,0,21,0.8095238095238095
4260,18,2,3,0,0,23,0.782608695652174
4261,18,1,3,0,0,22,0.8181818181818182
4262,18,1,3,0,0,22,0.8181818181818182
4263,20,1,3,0,0,24,0.8333333333333334
4264,17,1,3,0,0,21,0.8095238095238095
4265,17,1,3,0,0,21,0.8095238095238095
4266,16,2,3,0,0,21,0.7619047619047619
4267,19,1,3,0,0,23,0.8260869565217391
4268,16,1,3,0,0,20,0.8
4269,18,2,3,0,0,23,0.782608695652174
4270,14,1,3,0,0,18,0.7777777777777778
4271,16,1,3,0,0,20,0.8
4272,18,2,3,0,0,23,0.782608695652174
4273,18,1,3,0,0,22,0.8181818181818182
4274,18,1,3,0,0,22,0.8181818181818182
4275,19,1,3,0,0,23,0.8260869565217391
4276,17,2,3,0,0,22,0.7727272727272727
4277,17,1,3,0,0,21,0.8095238095238095
4278,15,1,3,0,0,19,0.7894736842105263
4279,17,2,3,0,0,22,0.7727272727272727
4280,18,2,2,0,0,22,0.8181818181818182
4281,17,1,3,0,0,21,0.8095238095238095
4282,19,1,3,0,0,23,0.8260869565217391
4283,18,1,3,0,0,22,0.8181818181818182
4284,15,1,3,0,0,19,0.7894736842105263
4285,18,2,3,0,0,23,0.782608695652174
4286,17,1,3,0,0,21,0.8095238095238095
4287,17,2,3,0,0,22,0.7727272727272727
4288,17,1,3,0,0,21,0.8095238095238095
4289,18,1,3,0,0,22,0.8181818181818182
4290,19,2,3,0,0,24,0.7916666666666666
4291,18,1,3,0,0,22,0.8181818181818182
4292,18,1,3,0,0,22,0.8181818181818182
4293,19,1,3,0,0,23,0.8260869565217391
4294,17,2,3,0,0,22,0.7727272727272727
4295,18,1,3,0,0,22,0.8181818181818182
4296,18,1,3,0,0,22,0.8181818181818182
4297,17,1,3,0,0,21,0.8095238095238095
4298,17,2,3,0,0,22,0.7727272727272727
4299,17,1,3,0,0,21,0.8095238095238095
4300,16,1,3,0,0,20,0.8
4301,17,2,3,0,0,22,0.7727272727272727
4302,18,2,3,0,0,23,0.782608695652174
4303,19,1,3,0,0,23,0.8260869565217391
4304,17,2,3,0,0,22,0.7727272727272727
4305,17,1,3,0,0,21,0.8095238095238095
4306,17,1,3,0,0,21,0.8095238095238095
4307,19,2,3,0,0,24,0.7916666666666666
4308,17,2,3,0,0,22,0.7727272727272727
4309,18,2,3,0,0,23,0.782608695652174
4310,17,1,3,0,0,21,0.8095238095238095
4311,15,1,3,0,0,19,0.7894736842105263
4312,17,1,3,0,0,21,0.8095238095238095
4313,18,1,3,0,0,22,0.8181818181818182
4314,17,1,3,0,0,21,0.8095238095238095
4315,16,2,3,0,0,21,0.7619047619047619
4316,18,1,3,0,0,22,0.8181818181818182
4317,18,1,3,0,0,22,0.8181818181818182
4318,16,1,3,0,0,20,0.8
4319,16,2,3,0,0,21,0.7619047619047619
4320,19,1,3,0,0,23,0.8260869565217391
4321,17,1,3,0,0,21,0.8095238095238095
4322,18,2,3,0,0,23,0.782608695652174
4323,16,1,3,0,0,20,0.8
4324,17,1,3,0,0,21,0.8095238095238095
4325,17,2,3,0,0,22,0.7727272727272727
4326,18,1,3,0,0,22,0.8181818181818182
4327,18,2,3,0,0,23,0.782608695652174
4328,16,1,3,0,0,20,0.8
4329,17,2,3,0,0,22,0.7727272727272727
4330,15,2,3,0,0,20,0.75
4331,17,2,3,0,0,22,0.7727272727272727
4332,17,2,2,0,0,21,0.8095238095238095
4333,18,2,3,0,0,23,0.782608695652174
4334,16,1,3,0,0,20,0.8
4335,18,1,3,0,0,22,0.8181818181818182
4336,18,1,3,0,0,22,0.8181818181818182
4337,19,2,3,0,0,24,0.7916666666666666
4338,19,1,3,0,0,23,0.8260869565217391
4339,17,2,3,0,0,22,0.7727272727272727
4340,19,1,3,0,0,23,0.8260869565217391
4341,17,1,3,0,0,21,0.8095238095238095
4342,18,2,3,0,0,23,0.782608695652174
4343,17,2,3,0,0,22,0.7727272727272727
4344,18,1,3,0,0,22,0.8181818181818182
4345,17,2,3,0,0,22,0.7727272727272727
4346,17,1,3,0,0,21,0.8095238095238095
4347,19,2,3,0,0,24,0.7916666666666666
4348,17,2,3,0,0,22,0.7727272727272727
4349,16,3,3,0,0,22,0.7272727272727273
4350,16,2,3,0,0,21,0.7619047619047619
4351,17,2,3,0,0,22,0.7727272727272727
4352,17,2,3,0,0,22,0.7727272727272727
4353,16,1,3,0,0,20,0.8
4354,18,1,3,0,0,22,0.8181818181818182
4355,17,2,3,0,0,22,0.7727272727272727
4356,18,1,3,0,0,22,0.8181818181818182
4357,16,1,3,0,0,20,0.8
4358,18,1,3,0,0,22,0.8181818181818182
4359,18,1,3,0,0,22,0.8181818181818182
4360,17,1,3,0,0,21,0.8095238095238095
4361,16,2,2,0,0,20,0.8
4362,16,2,3,0,0,21,0.7619047619047619
4363,17,2,3,0,0,22,0.7727272727272727
4364,18,1,3,0,0,22,0.8181818181818182
4365,19,1,3,0,0,23,0.8260869565217391
4366,16,1,3,0,0,20,0.8
4367,17,1,3,0,0,21,0.8095238095238095
4368,17,2,3,0,0,22,0.7727272727272727
4369,16,2,3,0,0,21,0.7619047619047619
4370,19,2,3,0,0,24,0.7916666666666666
4371,16,1,3,0,0,20,0.8
4372,19,2,3,0,0,24,0.7916666666666666
4373,18,2,3,0,0,23,0.782608695652174
4374,17,2,3,0,0,22,0.7727272727272727
4375,17,1,3,0,0,21,0.8095238095238095
4376,17,2,3,0,0,22,0.7727272727272727
4377,18,1,3,0,0,22,0.8181818181818182
4378,17,1,3,0,0,21,0.8095238095238095
4379,17,2,3,0,0,22,0.7727272727272727
4380,18,1,3,0,0,22,0.8181818181818182
4381,17,1,3,0,0,21,0.8095238095238095
4382,19,2,3,0,0,24,0.7916666666666666
4383,18,2,3,0,0,23,0.782608695652174
4384,17,1,3,0,0,21,0.8095238095238095
4385,18,2,3,0,0,23,0.782608695652174
4386,19,1,3,0,0,23,0.8260869565217391
4387,18,1,3,0,0,22,0.8181818181818182
4388,19,2,3,0,0,24,0.7916666666666666
4389,16,1,3,0,0,20,0.8
4390,18,2,3,0,0,23,0.782608695652174
4391,16,2,3,0,0,21,0.7619047619047619
4392,17,1,3,0,0,21,0.8095238095238095
4393,17,2,3,0,0,22,0.7727272727272727
4394,17,1,3,0,0,21,0.8095238095238095
4395,17,2,3,0,0,22,0.7727272727272727
4396,17,2,3,0,0,22,0.7727272727272727
4397,13,2,3,0,0,18,0.7222222222222222
4398,16,1,3,0,0,20,0.8
4399,17,1,3,0,0,21,0.8095238095238095
4400,18,2,3,0,0,23,0.782608695652174
4401,17,1,3,0,0,21,0.8095238095238095
4402,19,2,3,0,0,24,0.7916666666666666
4403,18,1,3,0,0,22,0.8181818181818182
4404,17,1,3,0,0,21,0.8095238095238095
4405,17,2,3,0,0,22,0.7727272727272727
4406,18,2,3,0,0,23,0.782608695652174
4407,18,1,3,0,0,22,0.8181818181818182
4408,18,1,3,0,0,22,0.8181818181818182
4409,17,2,3,0,0,22,0.7727272727272727
4410,17,1,3,0,0,21,0.8095238095238095
4411,15,2,3,0,0,20,0.75
4412,17,1,3,0,0,21,0.8095238095238095
4413,17,2,3,0,0,22,0.7727272727272727
4414,17,1,3,0,0,21,0.8095238095238095
4415,17,2,3,0,0,22,0.7727272727272727
4416,17,1,3,0,0,21,0.8095238095238095
4417,19,2,3,0,0,24,0.7916666666666666
4418,19,2,3,0,0,24,0.7916666666666666
4419,18,2,3,0,0,23,0.782608695652174
4420,17,2,3,0,0,22,0.7727272727272727
4421,19,1,3,0,0,23,0.8260869565217391
4422,17,2,3,0,0,22,0.7727272727272727
4423,18,2,3,0,0,23,0.782608695652174
4424,17,2,3,0,0,22,0.7727272727272727
4425,15,2,3,0,0,20,0.75
4426,17,2,3,0,0,22,0.7727272727272727
4427,17,2,3,0,0,22,0.7727272727272727
4428,18,2,3,0,0,23,0.782608695652174
4429,18,2,3,0,0,23,0.782608695652174
4430,16,2,3,0,0,21,0.7619047619047619
4431,16,2,3,0,0,21,0.7619047619047619
4432,18,2,3,0,0,23,0.782608695652174
4433,15,1,3,0,0,19,0.7894736842105263
4434,16,1,3,0,0,20,0.8
4435,19,2,3,0,0,24,0.7916666666666666
4436,18,2,3,0,0,23,0.782608695652174
4437,17,1,3,0,0,21,0.8095238095238095
4438,16,1,3,0,0,20,0.8
4439,20,2,3,0,0,25,0.8
4440,16,2,3,0,0,21,0.7619047619047619
4441,18,1,3,0,0,22,0.8181818181818182
4442,18,2,3,0,0,23,0.782608695652174
4443,19,1,3,0,0,23,0.8260869565217391
4444,16,1,3,0,0,20,0.8
4445,17,1,3,0,0,21,0.8095238095238095
4446,18,1,3,0,0,22,0.8181818181818182
4447,17,1,3,0,0,21,0.8095238095238095
4448,19,1,3,0,0,23,0.8260869565217391
4449,16,1,3,0,0,20,0.8
4450,18,1,3,0,0,22,0.8181818181818182
4451,16,2,3,0,0,21,0.7619047619047619
4452,17,1,3,0,0,21,0.8095238095238095
4453,19,1,3,0,0,23,0.8260869565217391
4454,18,1,3,0,0,22,0.8181818181818182
4455,20,1,3,0,0,24,0.8333333333333334
4456,17,1,3,0,0,21,0.8095238095238095
4457,17,1,3,0,0,21,0.8095238095238095
4458,18,1,3,0,0,22,0.8181818181818182
4459,18,2,3,0,0,23,0.782608695652174
4460,16,2,3,0,0,21,0.7619047619047619
4461,19,1,3,0,0,23,0.8260869565217391
4462,17,1,3,0,0,21,0.8095238095238095
4463,17,2,3,0,0,22,0.7727272727272727
4464,16,2,3,0,0,21,0.7619047619047619
4465,17,1,3,0,0,21,0.8095238095238095
4466,14,1,3,0,0,18,0.7777777777777778
4467,18,2,3,0,0,23,0.782608695652174
4468,18,2,3,0,0,23,0.782608695652174
4469,20,2,3,0,0,25,0.8
4470,18,1,3,0,0,22,0.8181818181818182
4471,16,2,3,0,0,21,0.7619047619047619
4472,17,1,3,0,0,21,0.8095238095238095
4473,20,1,3,0,0,24,0.8333333333333334
4474,18,2,3,0,0,23,0.782608695652174
4475,18,1,3,0,0,22,0.8181818181818182
4476,18,1,3,0,0,22,0.8181818181818182
4477,17,1,3,0,0,21,0.8095238095238095
4478,18,2,3,0,0,23,0.782608695652174
4479,17,2,3,0,0,22,0.7727272727272727
4480,18,1,3,0,0,22,0.8181818181818182
4481,18,2,3,0,0,23,0.782608695652174
4482,18,1,3,0,0,22,0.8181818181818182
4483,16,1,3,0,0,20,0.8
4484,18,1,3,0,0,22,0.8181818181818182
4485,18,1,3,0,0,22,0.8181818181818182
4486,16,1,3,0,0,20,0.8
4487,17,1,3,0,0,21,0.8095238095238095
4488,19,2,3,0,0,24,0.7916666666666666
4489,20,1,3,0,0,24,0.8333333333333334
4490,19,1,3,0,0,23,0.8260869565217391
4491,16,1,3,0,0,20,0.8
4492,16,2,3,0,0,21,0.7619047619047619
4493,18,2,3,0,0,23,0.782608695652174
4494,16,1,3,0,0,20,0.8
4495,17,1,3,0,0,21,0.8095238095238095
4496,17,1,3,0,0,21,0.8095238095238095
4497,19,1,3,0,0,23,0.8260869565217391
4498,19,1,3,0,0,23,0.8260869565217391
4499,17,2,3,0,0,22,0.7727272727272727
4500,17,1,3,0,0,21,0.8095238095238095
4501,19,2,3,0,0,24,0.7916666666666666
4502,19,1,3,0,0,23,0.8260869565217391
4503,16,2,3,0,0,21,0.7619047619047619
4504,16,2,3,0,0,21,0.7619047619047619
4505,16,1,3,0,0,20,0.8
4506,18,2,3,0,0,23,0.782608695652174
4507,20,2,3,0,0,25,0.8
4508,19,2,3,0,0,24,0.7916666666666666
4509,17,1,3,0,0,21,0.8095238095238095
4510,17,2,3,0,0,22,0.7727272727272727
4511,18,1,3,0,0,22,0.8181818181818182
4512,19,1,3,0,0,23,0.8260869565217391
4513,19,2,3,0,0,24,0.7916666666666666
4514,17,1,3,0,0,21,0.8095238095238095
4515,19,1,3,0,0,23,0.8260869565217391
4516,15,1,3,0,0,19,0.7894736842105263
4517,18,1,3,0,0,22,0.8181818181818182
4518,17,2,3,0,0,22,0.7727272727272727
4519,16,1,3,0,0,20,0.8
4520,19,1,3,0,0,23,0.8260869565217391
4521,16,2,3,0,0,21,0.7619047619047619
4522,19,2,3,0,0,24,0.7916666666666666
4523,17,1,3,0,0,21,0.8095238095238095
4524,17,1,3,0,0,21,0.8095238095238095
4525,19,1,3,0,0,23,0.8260869565217391
4526,18,2,2,0,0,22,0.8181818181818182
4527,19,2,3,0,0,24,0.7916666666666666
4528,19,1,3,0,0,23,0.8260869565217391
4529,18,1,3,0,0,22,0.8181818181818182
4530,17,1,3,0,0,21,0.8095238095238095
4531,18,1,3,0,0,22,0.8181818181818182
4532,18,1,3,0,0,22,0.8181818181818182
4533,18,1,3,0,0,22,0.8181818181818182
4534,19,1,3,0,0,23,0.8260869565217391
4535,18,1,3,0,0,22,0.8181818181818182
4536,18,1,3,0,0,22,0.8181818181818182
4537,17,2,3,0,0,22,0.7727272727272727
4538,18,1,3,0,0,22,0.8181818181818182
4539,18,2,3,0,0,23,0.782608695652174
4540,18,1,3,0,0,22,0.8181818181818182
4541,16,2,3,0,0,21,0.7619047619047619
4542,19,2,3,0,0,24,0.7916666666666666
4543,18,1,3,0,0,22,0.8181818181818182
4544,18,2,3,0,0,23,0.782608695652174
4545,18,2,3,0,0,23,0.782608695652174
4546,17,2,3,0,0,22,0.7727272727272727
4547,17,2,3,0,0,22,0.7727272727272727
4548,18,1,3,0,0,22,0.8181818181818182
4549,18,1,3,0,0,22,0.8181818181818182
4550,14,1,3,0,0,18,0.7777777777777778
4551,16,2,3,0,0,21,0.7619047619047619
4552,17,2,3,0,0,22,0.7727272727272727
4553,18,1,3,0,0,22,0.8181818181818182
4554,15,2,3,0,0,20,0.75
4555,17,1,3,0,0,21,0.8095238095238095
4556,19,1,3,0,0,23,0.8260869565217391
4557,17,2,3,0,0,22,0.7727272727272727
4558,18,2,3,0,0,23,0.782608695652174
4559,18,1,3,0,0,22,0.8181818181818182
4560,19,2,4,0,0,25,0.76
4561,17,1,3,0,0,21,0.8095238095238095
4562,18,2,3,0,0,23,0.782608695652174
4563,17,1,3,0,0,21,0.8095238095238095
4564,18,1,3,0,0,22,0.8181818181818182
4565,16,2,3,0,0,21,0.7619047619047619
4566,15,1,3,0,0,19,0.7894736842105263
4567,18,1,3,0,0,22,0.8181818181818182
4568,19,2,3,0,0,24,0.7916666666666666
4569,17,2,3,0,0,22,0.7727272727272727
4570,18,2,3,0,0,23,0.782608695652174
4571,18,1,3,0,0,22,0.8181818181818182
4572,19,2,3,0,0,24,0.7916666666666666
4573,18,2,3,0,0,23,0.782608695652174
4574,19,1,3,0,0,23,0.8260869565217391
4575,17,2,3,0,0,22,0.7727272727272727
4576,18,2,3,0,0,23,0.782608695652174
4577,18,1,3,0,0,22,0.8181818181818182
4578,18,1,3,0,0,22,0.8181818181818182
4579,19,1,3,0,0,23,0.8260869565217391
4580,17,2,3,0,0,22,0.7727272727272727
4581,16,1,3,0,0,20,0.8
4582,18,2,3,0,0,23,0.782608695652174
4583,19,1,3,0,0,23,0.8260869565217391
4584,15,1,3,0,0,19,0.7894736842105263
4585,19,1,3,0,0,23,0.8260869565217391
4586,20,1,3,0,0,24,0.8333333333333334
4587,18,2,3,0,0,23,0.782608695652174
4588,16,1,3,0,0,20,0.8
4589,19,1,3,0,0,23,0.8260869565217391
4590,17,2,3,0,0,22,0.7727272727272727
4591,17,1,3,0,0,21,0.8095238095238095
4592,19,2,3,0,0,24,0.7916666666666666
4593,18,1,3,0,0,22,0.8181818181818182
4594,16,1,3,0,0,20,0.8
4595,17,2,3,0,0,22,0.7727272727272727
4596,18,2,3,0,0,23,0.782608695652174
4597,17,1,3,0,0,21,0.8095238095238095
4598,18,1,3,0,0,22,0.8181818181818182
4599,16,2,3,0,0,21,0.7619047619047619
4600,16,2,3,0,0,21,0.7619047619047619
4601,14,1,3,0,0,18,0.7777777777777778
4602,17,2,3,0,0,22,0.7727272727272727
4603,16,1,3,0,0,20,0.8
4604,17,2,3,0,0,22,0.7727272727272727
4605,17,2,3,0,0,22,0.7727272727272727
4606,16,2,3,0,0,21,0.7619047619047619
4607,15,2,3,0,0,20,0.75
4608,17,1,3,0,0,21,0.8095238095238095
4609,15,2,3,0,0,20,0.75
4610,16,2,3,0,0,21,0.7619047619047619
4611,19,1,3,0,0,23,0.8260869565217391
4612,18,2,3,0,0,23,0.782608695652174
4613,15,2,3,0,0,20,0.75
4614,19,2,3,0,0,24,0.7916666666666666
4615,19,2,3,0,0,24,0.7916666666666666
4616,19,1,3,0,0,23,0.8260869565217391
4617,19,2,3,0,0,24,0.7916666666666666
4618,15,2,3,0,0,20,0.75
4619,16,2,3,0,0,21,0.7619047619047619
4620,16,1,3,0,0,20,0.8
4621,13,2,3,0,0,18,0.7222222222222222
4622,17,1,3,0,0,21,0.8095238095238095
4623,17,2,3,0,0,22,0.7727272727272727
4624,16,1,3,0,0,20,0.8
4625,17,2,2,0,0,21,0.8095238095238095
4626,18,1,3,0,0,22,0.8181818181818182
4627,16,1,3,0,0,20,0.8
4628,18,1,3,0,0,22,0.8181818181818182
4629,17,1,3,0,0,21,0.8095238095238095
4630,18,1,3,0,0,22,0.8181818181818182
4631,17,1,3,0,0,21,0.8095238095238095
4632,19,1,3,0,0,23,0.8260869565217391
4633,17,1,3,0,0,21,0.8095238095238095
4634,16,1,3,0,0,20,0.8
4635,17,1,3,0,0,21,0.8095238095238095
4636,14,2,3,0,0,19,0.7368421052631579
4637,16,1,3,0,0,20,0.8
4638,16,2,3,0,0,21,0.7619047619047619
4639,18,1,3,0,0,22,0.8181818181818182
4640,17,2,3,0,0,22,0.7727272727272727
4641,16,1,3,0,0,20,0.8
4642,16,1,3,0,0,20,0.8
4643,17,2,3,0,0,22,0.7727272727272727
4644,15,2,3,0,0,20,0.75
4645,17,1,3,0,0,21,0.8095238095238095
4646,17,1,3,0,0,21,0.8095238095238095
4647,17,1,3,0,0,21,0.8095238095238095
4648,19,1,3,0,0,23,0.8260869565217391
4649,16,2,3,0,0,21,0.7619047619047619
4650,18,2,3,0,0,23,0.782608695652174
4651,17,2,3,0,0,22,0.7727272727272727
4652,18,2,2,0,0,22,0.8181818181818182
4653,17,1,3,0,0,21,0.8095238095238095
4654,18,1,3,0,0,22,0.8181818181818182
4655,16,2,3,0,0,21,0.7619047619047619
4656,18,1,3,0,0,22,0.8181818181818182
4657,18,2,3,0,0,23,0.782608695652174
4658,16,1,3,0,0,20,0.8
4659,17,2,3,0,0,22,0.7727272727272727
4660,15,1,3,0,0,19,0.7894736842105263
4661,16,1,3,0,0,20,0.8
4662,18,1,3,0,0,22,0.8181818181818182
4663,18,2,3,0,0,23,0.782608695652174
4664,18,1,3,0,0,22,0.8181818181818182
4665,19,1,3,0,0,23,0.8260869565217391
4666,17,1,3,0,0,21,0.8095238095238095
4667,16,2,3,0,0,21,0.7619047619047619
4668,16,1,3,0,0,20,0.8
4669,19,1,3,0,0,23,0.8260869565217391
4670,18,2,3,0,0,23,0.782608695652174
4671,19,2,3,0,0,24,0.7916666666666666
4672,18,2,3,0,0,23,0.782608695652174
4673,19,1,3,0,0,23,0.8260869565217391
4674,19,1,3,0,0,23,0.8260869565217391
4675,18,1,3,0,0,22,0.8181818181818182
4676,18,2,3,0,0,23,0.782608695652174
4677,18,1,3,0,0,22,0.8181818181818182
4678,17,1,3,0,0,21,0.8095238095238095
4679,17,1,3,0,0,21,0.8095238095238095
4680,19,1,3,0,0,23,0.8260869565217391
4681,18,1,3,0,0,22,0.8181818181818182
4682,17,2,3,0,0,22,0.7727272727272727
4683,17,1,3,0,0,21,0.8095238095238095
4684,18,2,3,0,0,23,0.782608695652174
4685,16,1,3,0,0,20,0.8
4686,17,2,3,0,0,22,0.7727272727272727
4687,19,2,3,0,0,24,0.7916666666666666
4688,17,2,3,0,0,22,0.7727272727272727
4689,16,1,3,0,0,20,0.8
4690,19,1,3,0,0,23,0.8260869565217391
4691,17,1,3,0,0,21,0.8095238095238095
4692,17,2,3,0,0,22,0.7727272727272727
4693,18,1,3,0,0,22,0.8181818181818182
4694,18,1,3,0,0,22,0.8181818181818182
4695,17,1,3,0,0,21,0.8095238095238095
4696,18,2,3,0,0,23,0.782608695652174
4697,17,1,3,0,0,21,0.8095238095238095
4698,14,1,3,0,0,18,0.7777777777777778
4699,17,2,3,0,0,22,0.7727272727272727
4700,17,1,3,0,0,21,0.8095238095238095
4701,18,1,3,0,0,22,0.8181818181818182
4702,19,1,3,0,0,23,0.8260869565217391
4703,17,1,3,0,0,21,0.8095238095238095
4704,16,1,3,0,0,20,0.8
4705,18,1,3,0,0,22,0.8181818181818182
4706,18,2,3,0,0,23,0.782608695652174
4707,19,1,3,0,0,23,0.8260869565217391
4708,17,2,3,0,0,22,0.7727272727272727
4709,17,2,3,0,0,22,0.7727272727272727
4710,19,2,3,0,0,24,0.7916666666666666
4711,19,2,3,0,0,24,0.7916666666666666
4712,17,2,3,0,0,22,0.7727272727272727
4713,16,1,3,0,0,20,0.8
4714,17,2,3,0,0,22,0.7727272727272727
4715,14,2,3,0,0,19,0.7368421052631579
4716,18,1,3,0,0,22,0.8181818181818182
4717,16,1,3,0,0,20,0.8
4718,18,2,3,0,0,23,0.782608695652174
4719,16,2,3,0,0,21,0.7619047619047619
4720,18,1,3,0,0,22,0.8181818181818182
4721,17,1,3,0,0,21,0.8095238095238095
4722,20,1,3,0,0,24,0.8333333333333334
4723,17,1,3,0,0,21,0.8095238095238095
4724,19,2,3,0,0,24,0.7916666666666666
4725,16,2,3,0,0,21,0.7619047619047619
4726,17,1,3,0,0,21,0.8095238095238095
4727,17,1,3,0,0,21,0.8095238095238095
4728,16,2,3,0,0,21,0.7619047619047619
4729,19,1,3,0,0,23,0.8260869565217391
4730,18,2,3,0,0,23,0.782608695652174
4731,18,1,3,0,0,22,0.8181818181818182
4732,18,1,3,0,0,22,0.8181818181818182
4733,17,2,3,0,0,22,0.7727272727272727
4734,16,1,3,0,0,20,0.8
4735,17,1,3,0,0,21,0.8095238095238095
4736,18,2,3,0,0,23,0.782608695652174
4737,19,1,3,0,0,23,0.8260869565217391
4738,18,1,3,0,0,22,0.8181818181818182
4739,17,2,3,0,0,22,0.7727272727272727
4740,14,2,3,0,0,19,0.7368421052631579
4741,17,2,3,0,0,22,0.7727272727272727
4742,18,2,3,0,0,23,0.782608695652174
4743,16,2,3,0,0,21,0.7619047619047619
4744,18,1,3,0,0,22,0.8181818181818182
4745,18,2,3,0,0,23,0.782608695652174
4746,20,2,3,0,0,25,0.8
4747,17,2,3,0,0,22,0.7727272727272727
4748,20,2,3,0,0,25,0.8
4749,17,1,3,0,0,21,0.8095238095238095
4750,17,3,3,0,0,23,0.7391304347826086
4751,18,2,3,0,0,23,0.782608695652174
4752,18,1,3,0,0,22,0.8181818181818182
4753,19,1,3,0,0,23,0.8260869565217391
4754,17,1,3,0,0,21,0.8095238095238095
4755,18,2,3,0,0,23,0.782608695652174
4756,17,2,3,0,0,22,0.7727272727272727
4757,19,2,3,0,0,24,0.7916666666666666
4758,18,1,3,0,0,22,0.8181818181818182
4759,16,1,3,0,0,20,0.8
4760,18,2,3,0,0,23,0.782608695652174
4761,17,2,3,0,0,22,0.7727272727272727
4762,16,1,3,0,0,20,0.8
4763,17,2,3,0,0,22,0.7727272727272727
4764,18,2,3,0,0,23,0.782608695652174
4765,19,1,3,0,0,23,0.8260869565217391
4766,17,1,3,0,0,21,0.8095238095238095
4767,16,2,3,0,0,21,0.7619047619047619
4768,16,2,3,0,0,21,0.7619047619047619
4769,17,2,3,0,0,22,0.7727272727272727
4770,19,1,3,0,0,23,0.8260869565217391
4771,16,1,3,0,0,20,0.8
4772,16,2,3,0,0,21,0.7619047619047619
4773,15,2,3,0,0,20,0.75
4774,18,2,3,0,0,23,0.782608695652174
4775,17,2,3,0,0,22,0.7727272727272727
4776,18,2,3,0,0,23,0.782608695652174
4777,18,1,3,0,0,22,0.8181818181818182
4778,16,1,3,0,0,20,0.8
4779,19,1,3,0,0,23,0.8260869565217391
4780,16,2,3,0,0,21,0.7619047619047619
4781,18,2,3,0,0,23,0.782608695652174
4782,17,2,3,0,0,22,0.7727272727272727
4783,15,2,3,0,0,20,0.75
4784,18,1,3,0,0,22,0.8181818181818182
4785,17,2,3,0,0,22,0.7727272727272727
4786,17,2,3,0,0,22,0.7727272727272727
4787,19,2,3,0,0,24,0.7916666666666666
4788,17,2,3,0,0,22,0.7727272727272727
4789,19,2,3,0,0,24,0.7916666666666666
4790,16,2,3,0,0,21,0.7619047619047619
4791,17,1,3,0,0,21,0.8095238095238095
4792,18,2,3,0,0,23,0.782608695652174
4793,18,1,3,0,0,22,0.8181818181818182
4794,17,2,3,0,0,22,0.7727272727272727
4795,18,1,3,0,0,22,0.8181818181818182
4796,18,1,3,0,0,22,0.8181818181818182
4797,18,1,3,0,0,22,0.8181818181818182
4798,18,1,3,0,0,22,0.8181818181818182
4799,18,2,3,0,0,23,0.782608695652174
4800,16,2,3,0,0,21,0.7619047619047619
4801,17,2,3,0,0,22,0.7727272727272727
4802,17,1,3,0,0,21,0.8095238095238095
4803,18,2,3,0,0,23,0.782608695652174
4804,18,1,3,0,0,22,0.8181818181818182
4805,18,2,3,0,0,23,0.782608695652174
4806,16,1,3,0,0,20,0.8
4807,14,2,3,0,0,19,0.7368421052631579
4808,18,2,3,0,0,23,0.782608695652174
4809,17,2,3,0,0,22,0.7727272727272727
4810,19,2,3,0,0,24,0.7916666666666666
4811,17,2,2,0,0,21,0.8095238095238095
4812,16,2,3,0,0,21,0.7619047619047619
4813,18,2,3,0,0,23,0.782608695652174
4814,16,2,3,0,0,21,0.7619047619047619
4815,16,2,3,0,0,21,0.7619047619047619
4816,17,2,3,0,0,22,0.7727272727272727
4817,16,2,3,0,0,21,0.7619047619047619
4818,18,1,3,0,0,22,0.8181818181818182
4819,18,1,3,0,0,22,0.8181818181818182
4820,17,1,3,0,0,21,0.8095238095238095
4821,17,2,3,0,0,22,0.7727272727272727
4822,19,2,3,0,0,24,0.7916666666666666
4823,18,2,3,0,0,23,0.782608695652174
4824,17,2,3,0,0,22,0.7727272727272727
4825,17,1,3,0,0,21,0.8095238095238095
4826,17,2,3,0,0,22,0.7727272727272727
4827,17,1,3,0,0,21,0.8095238095238095
4828,17,2,3,0,0,22,0.7727272727272727
4829,15,1,3,0,0,19,0.7894736842105263
4830,17,2,3,0,0,22,0.7727272727272727
4831,16,1,3,0,0,20,0.8
4832,16,2,3,0,0,21,0.7619047619047619
4833,17,1,3,0,0,21,0.8095238095238095
4834,16,1,3,0,0,20,0.8
4835,17,1,3,0,0,21,0.8095238095238095
4836,17,1,3,0,0,21,0.8095238095238095
4837,17,2,3,0,0,22,0.7727272727272727
4838,18,2,3,0,0,23,0.782608695652174
4839,16,2,3,0,0,21,0.7619047619047619
4840,20,1,3,0,0,24,0.8333333333333334
4841,18,2,3,0,0,23,0.782608695652174
4842,15,2,3,0,0,20,0.75
4843,20,2,3,0,0,25,0.8
4844,17,2,3,0,0,22,0.7727272727272727
4845,17,1,3,0,0,21,0.8095238095238095
4846,20,2,3,0,0,25,0.8
4847,18,1,3,0,0,22,0.8181818181818182
4848,17,2,3,0,0,22,0.7727272727272727
4849,18,1,3,0,0,22,0.8181818181818182
4850,18,2,3,0,0,23,0.782608695652174
4851,18,2,3,0,0,23,0.782608695652174
4852,17,2,3,0,0,22,0.7727272727272727
4853,17,1,3,0,0,21,0.8095238095238095
4854,16,2,3,0,0,21,0.7619047619047619
4855,15,1,3,0,0,19,0.7894736842105263
4856,16,1,3,0,0,20,0.8
4857,19,2,3,0,0,24,0.7916666666666666
4858,17,2,3,0,0,22,0.7727272727272727
4859,16,2,3,0,0,21,0.7619047619047619
4860,18,1,3,0,0,22,0.8181818181818182
4861,18,2,3,0,0,23,0.782608695652174
4862,19,1,3,0,0,23,0.8260869565217391
4863,18,2,3,0,0,23,0.782608695652174
4864,17,1,3,0,0,21,0.8095238095238095
4865,17,2,3,0,0,22,0.7727272727272727
4866,15,1,3,0,0,19,0.7894736842105263
4867,18,2,3,0,0,23,0.782608695652174
4868,19,2,3,0,0,24,0.7916666666666666
4869,16,2,3,0,0,21,0.7619047619047619
4870,19,1,3,0,0,23,0.8260869565217391
4871,19,1,3,0,0,23,0.8260869565217391
4872,17,1,3,0,0,21,0.8095238095238095
4873,17,1,3,0,0,21,0.8095238095238095
4874,18,1,3,0,0,22,0.8181818181818182
4875,17,2,2,0,0,21,0.8095238095238095
4876,16,1,3,0,0,20,0.8
4877,18,2,3,0,0,23,0.782608695652174
4878,18,2,3,0,0,23,0.782608695652174
4879,16,1,3,0,0,20,0.8
4880,17,1,3,0,0,21,0.8095238095238095
4881,15,2,3,0,0,20,0.75
4882,18,2,3,0,0,23,0.782608695652174
4883,17,1,3,0,0,21,0.8095238095238095
4884,16,3,3,0,0,22,0.7272727272727273
4885,18,2,3,0,0,23,0.782608695652174
4886,17,1,3,0,0,21,0.8095238095238095
4887,16,1,3,0,0,20,0.8
4888,15,2,3,0,0,20,0.75
4889,17,2,3,0,0,22,0.7727272727272727
4890,16,1,3,0,0,20,0.8
4891,18,2,3,0,0,23,0.782608695652174
4892,16,2,3,0,0,21,0.7619047619047619
4893,16,1,3,0,0,20,0.8
4894,17,1,3,0,0,21,0.8095238095238095
4895,18,2,3,0,0,23,0.782608695652174
4896,20,2,3,0,0,25,0.8
4897,16,1,3,0,0,20,0.8
4898,17,1,3,0,0,21,0.8095238095238095
4899,19,1,2,0,0,22,0.8636363636363636
4900,16,2,3,0,0,21,0.7619047619047619
4901,15,1,3,0,0,19,0.7894736842105263
4902,19,2,3,0,0,24,0.7916666666666666
4903,17,2,3,0,0,22,0.7727272727272727
4904,17,2,3,0,0,22,0.7727272727272727
4905,18,2,3,0,0,23,0.782608695652174
4906,17,2,3,0,0,22,0.7727272727272727
4907,18,2,3,0,0,23,0.782608695652174
4908,16,1,3,0,0,20,0.8
4909,19,2,3,0,0,24,0.7916666666666666
4910,18,1,3,0,0,22,0.8181818181818182
4911,15,2,3,0,0,20,0.75
4912,14,2,3,0,0,19,0.7368421052631579
4913,17,1,3,0,0,21,0.8095238095238095
4914,17,1,3,0,0,21,0.8095238095238095
4915,18,2,3,0,0,23,0.782608695652174
4916,17,2,3,0,0,22,0.7727272727272727
4917,17,2,3,0,0,22,0.7727272727272727
4918,19,2,3,0,0,24,0.7916666666666666
4919,17,1,3,0,0,21,0.8095238095238095
4920,19,1,3,0,0,23,0.8260869565217391
4921,18,2,3,0,0,23,0.782608695652174
4922,15,1,3,0,0,19,0.7894736842105263
4923,16,2,3,0,0,21,0.7619047619047619
4924,17,1,3,0,0,21,0.8095238095238095
4925,18,2,3,0,0,23,0.782608695652174
4926,17,1,3,0,0,21,0.8095238095238095
4927,15,2,3,0,0,20,0.75
4928,18,1,3,0,0,22,0.8181818181818182
4929,14,2,3,0,0,19,0.7368421052631579
4930,18,1,3,0,0,22,0.8181818181818182
4931,18,2,3,0,0,23,0.782608695652174
4932,17,1,3,0,0,21,0.8095238095238095
4933,17,1,3,0,0,21,0.8095238095238095
4934,16,1,3,0,0,20,0.8
4935,17,2,3,0,0,22,0.7727272727272727
4936,18,1,3,0,0,22,0.8181818181818182
4937,17,1,3,0,0,21,0.8095238095238095
4938,17,1,3,0,0,21,0.8095238095238095
4939,17,1,3,0,0,21,0.8095238095238095
4940,17,1,3,0,0,21,0.8095238095238095
4941,19,1,3,0,0,23,0.8260869565217391
4942,17,1,3,0,0,21,0.8095238095238095
4943,17,1,3,0,0,21,0.8095238095238095
4944,18,1,3,0,0,22,0.8181818181818182
4945,15,1,3,0,0,19,0.7894736842105263
4946,18,1,3,0,0,22,0.8181818181818182
4947,16,2,3,0,0,21,0.7619047619047619
4948,19,2,3,0,0,24,0.7916666666666666
4949,19,2,3,0,0,24,0.7916666666666666
4950,17,2,3,0,0,22,0.7727272727272727
4951,17,1,3,0,0,21,0.8095238095238095
4952,17,1,3,0,0,21,0.8095238095238095
4953,17,2,3,0,0,22,0.7727272727272727
4954,18,2,3,0,0,23,0.782608695652174
4955,16,1,3,0,0,20,0.8
4956,17,1,3,0,0,21,0.8095238095238095
4957,16,2,3,0,0,21,0.7619047619047619
4958,18,2,3,0,0,23,0.782608695652174
4959,19,1,3,0,0,23,0.8260869565217391
4960,19,2,3,0,0,24,0.7916666666666666
4961,16,2,3,0,0,21,0.7619047619047619
4962,18,2,3,0,0,23,0.782608695652174
4963,16,2,2,0,0,20,0.8
4964,18,2,3,0,0,23,0.782608695652174
4965,19,1,3,0,0,23,0.8260869565217391
4966,17,2,3,0,0,22,0.7727272727272727
4967,18,2,3,0,0,23,0.782608695652174
4968,17,1,3,0,0,21,0.8095238095238095
4969,18,2,3,0,0,23,0.782608695652174
4970,17,1,3,0,0,21,0.8095238095238095
4971,17,1,3,0,0,21,0.8095238095238095
4972,17,1,3,0,0,21,0.8095238095238095
4973,19,1,3,0,0,23,0.8260869565217391
4974,17,2,3,0,0,22,0.7727272727272727
4975,18,2,3,0,0,23,0.782608695652174
4976,18,2,3,0,0,23,0.782608695652174
4977,18,1,3,0,0,22,0.8181818181818182
4978,17,1,3,0,0,21,0.8095238095238095
4979,18,2,3,0,0,23,0.782608695652174
4980,16,1,3,0,0,20,0.8
4981,18,2,3,0,0,23,0.782608695652174
4982,18,2,3,0,0,23,0.782608695652174
4983,19,2,3,0,0,24,0.7916666666666666
4984,17,1,3,0,0,21,0.8095238095238095
4985,18,2,3,0,0,23,0.782608695652174
4986,19,1,3,0,0,23,0.8260869565217391
4987,16,2,3,0,0,21,0.7619047619047619
4988,17,2,3,0,0,22,0.7727272727272727
4989,17,2,3,0,0,22,0.7727272727272727
4990,17,1,3,0,0,21,0.8095238095238095
4991,17,1,3,0,0,21,0.8095238095238095
4992,17,2,3,0,0,22,0.7727272727272727
4993,18,2,3,0,0,23,0.782608695652174
4994,17,1,3,0,0,21,0.8095238095238095
4995,18,1,3,0,0,22,0.8181818181818182
4996,16,2,3,0,0,21,0.7619047619047619
4997,17,1,3,0,0,21,0.8095238095238095
4998,18,2,3,0,0,23,0.782608695652174
4999,14,2,3,0,0,19,0.7368421052631579
5000,18,1,3,0,0,22,0.8181818181818182
5001,15,2,3,0,0,20,0.75
5002,16,2,3,0,0,21,0.7619047619047619
5003,17,1,3,0,0,21,0.8095238095238095
5004,17,2,3,0,0,22,0.7727272727272727
5005,18,2,3,0,0,23,0.782608695652174
5006,18,2,3,0,0,23,0.782608695652174
5007,19,1,3,0,0,23,0.8260869565217391
5008,18,2,3,0,0,23,0.782608695652174
5009,19,2,3,0,0,24,0.7916666666666666
5010,18,1,3,0,0,22,0.8181818181818182
5011,20,2,3,0,0,25,0.8
5012,17,1,3,0,0,21,0.8095238095238095
5013,15,2,3,0,0,20,0.75
5014,19,2,3,0,0,24,0.7916666666666666
5015,19,1,3,0,0,23,0.8260869565217391
5016,18,2,3,0,0,23,0.782608695652174
5017,17,1,3,0,0,21,0.8095238095238095
5018,17,2,3,0,0,22,0.7727272727272727
5019,19,1,3,0,0,23,0.8260869565217391
5020,18,2,3,0,0,23,0.782608695652174
5021,19,2,3,0,0,24,0.7916666666666666
5022,17,1,3,0,0,21,0.8095238095238095
5023,19,2,3,0,0,24,0.7916666666666666
5024,17,1,3,0,0,21,0.8095238095238095
5025,16,1,3,0,0,20,0.8
5026,14,1,3,0,0,18,0.7777777777777778
5027,18,2,3,0,0,23,0.782608695652174
5028,18,1,3,0,0,22,0.8181818181818182
5029,18,1,3,0,0,22,0.8181818181818182
5030,17,1,3,0,0,21,0.8095238095238095
5031,18,2,3,0,0,23,0.782608695652174
5032,17,1,3,0,0,21,0.8095238095238095
5033,16,2,3,0,0,21,0.7619047619047619
5034,16,2,3,0,0,21,0.7619047619047619
5035,18,2,3,0,0,23,0.782608695652174
5036,16,2,3,0,0,21,0.7619047619047619
5037,18,2,3,0,0,23,0.782608695652174
5038,17,2,3,0,0,22,0.7727272727272727
5039,17,1,3,0,0,21,0.8095238095238095
5040,18,2,3,0,0,23,0.782608695652174
5041,17,1,3,0,0,21,0.8095238095238095
5042,18,1,3,0,0,22,0.8181818181818182
5043,17,1,3,0,0,21,0.8095238095238095
5044,17,2,3,0,0,22,0.7727272727272727
5045,18,1,3,0,0,22,0.8181818181818182
5046,17,2,3,0,0,22,0.7727272727272727
5047,16,1,3,0,0,20,0.8
5048,18,2,3,0,0,23,0.782608695652174
5049,18,1,3,0,0,22,0.8181818181818182
5050,18,2,3,0,0,23,0.782608695652174
5051,19,2,3,0,0,24,0.7916666666666666
5052,16,1,3,0,0,20,0.8
5053,17,1,3,0,0,21,0.8095238095238095
5054,17,2,3,0,0,22,0.7727272727272727
5055,18,1,3,0,0,22,0.8181818181818182
5056,17,1,3,0,0,21,0.8095238095238095
5057,18,1,3,0,0,22,0.8181818181818182
5058,16,1,3,0,0,20,0.8
5059,18,1,3,0,0,22,0.8181818181818182
5060,16,2,3,0,0,21,0.7619047619047619
5061,19,2,3,0,0,24,0.7916666666666666
5062,18,1,3,0,0,22,0.8181818181818182
5063,18,1,3,0,0,22,0.8181818181818182
5064,15,1,3,0,0,19,0.7894736842105263
5065,18,1,3,0,0,22,0.8181818181818182
5066,16,1,3,0,0,20,0.8
5067,18,2,3,0,0,23,0.782608695652174
5068,16,2,3,0,0,21,0.7619047619047619
5069,18,1,3,0,0,22,0.8181818181818182
5070,17,2,3,0,0,22,0.7727272727272727
5071,16,2,3,0,0,21,0.7619047619047619
5072,18,2,3,0,0,23,0.782608695652174
5073,18,2,2,0,0,22,0.8181818181818182
5074,19,1,3,0,0,23,0.8260869565217391
5075,18,1,3,0,0,22,0.8181818181818182
5076,15,1,3,0,0,19,0.7894736842105263
5077,18,2,3,0,0,23,0.782608695652174
5078,16,1,3,0,0,20,0.8
5079,16,2,3,0,0,21,0.7619047619047619
5080,18,1,3,0,0,22,0.8181818181818182
5081,19,1,3,0,0,23,0.8260869565217391
5082,17,1,3,0,0,21,0.8095238095238095
5083,17,1,3,0,0,21,0.8095238095238095
5084,15,1,3,0,0,19,0.7894736842105263
5085,16,1,3,0,0,20,0.8
5086,14,1,3,0,0,18,0.7777777777777778
5087,18,2,3,0,0,23,0.782608695652174
5088,19,2,3,0,0,24,0.7916666666666666
5089,18,1,3,0,0,22,0.8181818181818182
5090,18,2,3,0,0,23,0.782608695652174
5091,19,1,3,0,0,23,0.8260869565217391
5092,19,1,3,0,0,23,0.8260869565217391
5093,18,1,3,0,0,22,0.8181818181818182
5094,17,1,3,0,0,21,0.8095238095238095
5095,19,1,3,0,0,23,0.8260869565217391
5096,19,2,3,0,0,24,0.7916666666666666
5097,17,2,3,0,0,22,0.7727272727272727
5098,17,2,3,0,0,22,0.7727272727272727
5099,16,1,3,0,0,20,0.8
5100,18,1,3,0,0,22,0.8181818181818182
5101,16,1,3,0,0,20,0.8
5102,18,1,3,0,0,22,0.8181818181818182
5103,19,1,3,0,0,23,0.8260869565217391
5104,18,2,3,0,0,23,0.782608695652174
5105,16,1,3,0,0,20,0.8
5106,15,1,3,0,0,19,0.7894736842105263
5107,17,1,3,0,0,21,0.8095238095238095
5108,18,1,3,0,0,22,0.8181818181818182
5109,17,1,3,0,0,21,0.8095238095238095
5110,19,1,3,0,0,23,0.8260869565217391
5111,18,1,3,0,0,22,0.8181818181818182
5112,17,1,3,0,0,21,0.8095238095238095
5113,18,2,3,0,0,23,0.782608695652174
5114,18,1,3,0,0,22,0.8181818181818182
5115,17,1,3,0,0,21,0.8095238095238095
5116,18,2,3,0,0,23,0.782608695652174
5117,19,1,3,0,0,23,0.8260869565217391
5118,17,1,2,0,0,20,0.85
5119,18,1,3,0,0,22,0.8181818181818182
5120,18,2,3,0,0,23,0.782608695652174
5121,18,2,3,0,0,23,0.782608695652174
5122,18,1,3,0,0,22,0.8181818181818182
5123,19,1,3,0,0,23,0.8260869565217391
5124,16,1,3,0,0,20,0.8
5125,17,2,3,0,0,22,0.7727272727272727
5126,18,1,3,0,0,22,0.8181818181818182
5127,17,1,3,0,0,21,0.8095238095238095
5128,17,1,3,0,0,21,0.8095238095238095
5129,18,1,3,0,0,22,0.8181818181818182
5130,17,1,3,0,0,21,0.8095238095238095
5131,16,1,3,0,0,20,0.8
5132,16,1,3,0,0,20,0.8
5133,19,1,3,0,0,23,0.8260869565217391
5134,17,2,3,0,0,22,0.7727272727272727
5135,18,2,3,0,0,23,0.782608695652174
5136,18,1,3,0,0,22,0.8181818181818182
5137,19,1,3,0,0,23,0.8260869565217391
5138,17,2,3,0,0,22,0.7727272727272727
5139,17,1,3,0,0,21,0.8095238095238095
5140,17,1,3,0,0,21,0.8095238095238095
5141,18,2,3,0,0,23,0.782608695652174
5142,16,2,3,0,0,21,0.7619047619047619
5143,16,2,3,0,0,21,0.7619047619047619
5144,16,2,3,0,0,21,0.7619047619047619
5145,16,1,3,0,0,20,0.8
5146,16,2,3,0,0,21,0.7619047619047619
5147,19,2,3,0,0,24,0.7916666666666666
5148,18,1,3,0,0,22,0.8181818181818182
5149,17,2,3,0,0,22,0.7727272727272727
5150,18,1,3,0,0,22,0.8181818181818182
5151,18,2,3,0,0,23,0.782608695652174
5152,18,1,3,0,0,22,0.8181818181818182
5153,17,1,3,0,0,21,0.8095238095238095
5154,17,2,3,0,0,22,0.7727272727272727
5155,16,2,3,0,0,21,0.7619047619047619
5156,18,2,3,0,0,23,0.782608695652174
5157,16,2,3,0,0,21,0.7619047619047619
5158,16,1,3,0,0,20,0.8
5159,19,1,3,0,0,23,0.8260869565217391
5160,19,1,3,0,0,23,0.8260869565217391
5161,17,2,3,0,0,22,0.7727272727272727
5162,17,1,3,0,0,21,0.8095238095238095
5163,19,1,3,0,0,23,0.8260869565217391
5164,17,2,3,0,0,22,0.7727272727272727
5165,17,1,3,0,0,21,0.8095238095238095
5166,18,2,3,0,0,23,0.782608695652174
5167,17,2,3,0,0,22,0.7727272727272727
5168,16,2,3,0,0,21,0.7619047619047619
5169,18,2,3,0,0,23,0.782608695652174
5170,17,2,3,0,0,22,0.7727272727272727
5171,18,1,3,0,0,22,0.8181818181818182
5172,19,1,3,0,0,23,0.8260869565217391
5173,18,1,3,0,0,22,0.8181818181818182
5174,18,1,3,0,0,22,0.8181818181818182
5175,19,1,3,0,0,23,0.8260869565217391
5176,19,2,3,0,0,24,0.7916666666666666
5177,18,2,3,0,0,23,0.782608695652174
5178,17,1,3,0,0,21,0.8095238095238095
5179,17,1,3,0,0,21,0.8095238095238095
5180,15,1,3,0,0,19,0.7894736842105263
5181,16,2,3,0,0,21,0.7619047619047619
5182,16,1,3,0,0,20,0.8
5183,16,2,2,0,0,20,0.8
5184,17,1,3,0,0,21,0.8095238095238095
5185,15,2,3,0,0,20,0.75
5186,16,2,3,0,0,21,0.7619047619047619
5187,16,1,3,0,0,20,0.8
5188,16,2,3,0,0,21,0.7619047619047619
5189,18,1,3,0,0,22,0.8181818181818182
5190,16,2,3,0,0,21,0.7619047619047619
5191,20,1,3,0,0,24,0.8333333333333334
5192,16,2,3,0,0,21,0.7619047619047619
5193,17,2,3,0,0,22,0.7727272727272727
5194,17,1,3,0,0,21,0.8095238095238095
5195,19,1,3,0,0,23,0.8260869565217391
5196,16,2,3,0,0,21,0.7619047619047619
5197,16,2,3,0,0,21,0.7619047619047619
5198,17,1,3,0,0,21,0.8095238095238095
5199,19,1,3,0,0,23,0.8260869565217391
5200,19,2,3,0,0,24,0.7916666666666666
5201,15,1,3,0,0,19,0.7894736842105263
5202,18,1,3,0,0,22,0.8181818181818182
5203,18,2,3,0,0,23,0.782608695652174
5204,18,1,3,0,0,22,0.8181818181818182
5205,16,1,3,0,0,20,0.8
5206,19,2,3,0,0,24,0.7916666666666666
5207,17,1,3,0,0,21,0.8095238095238095
5208,17,1,3,0,0,21,0.8095238095238095
5209,17,1,3,0,0,21,0.8095238095238095
5210,17,2,3,0,0,22,0.7727272727272727
5211,18,1,3,0,0,22,0.8181818181818182
5212,18,1,3,0,0,22,0.8181818181818182
5213,16,1,3,0,0,20,0.8
5214,17,1,3,0,0,21,0.8095238095238095
5215,18,2,3,0,0,23,0.782608695652174
5216,19,1,3,0,0,23,0.8260869565217391
5217,18,1,3,0,0,22,0.8181818181818182
5218,18,2,3,0,0,23,0.782608695652174
5219,15,2,3,0,0,20,0.75
5220,17,1,3,0,0,21,0.8095238095238095
5221,18,1,3,0,0,22,0.8181818181818182
5222,17,2,3,0,0,22,0.7727272727272727
5223,19,2,3,0,0,24,0.7916666666666666
5224,19,1,3,0,0,23,0.8260869565217391
5225,18,1,3,0,0,22,0.8181818181818182
5226,16,2,3,0,0,21,0.7619047619047619
5227,19,2,3,0,0,24,0.7916666666666666
5228,19,1,3,0,0,23,0.8260869565217391
5229,17,2,3,0,0,22,0.7727272727272727
5230,20,1,3,0,0,24,0.8333333333333334
5231,16,1,3,0,0,20,0.8
5232,15,2,3,0,0,20,0.75
5233,16,2,3,0,0,21,0.7619047619047619
5234,18,2,3,0,0,23,0.782608695652174
5235,17,2,3,0,0,22,0.7727272727272727
5236,18,2,3,0,0,23,0.782608695652174
5237,18,2,3,0,0,23,0.782608695652174
5238,18,1,3,0,0,22,0.8181818181818182
5239,18,1,3,0,0,22,0.8181818181818182
5240,18,1,3,0,0,22,0.8181818181818182
5241,17,1,3,0,0,21,0.8095238095238095
5242,18,2,3,0,0,23,0.782608695652174
5243,17,2,3,0,0,22,0.7727272727272727
5244,15,2,3,0,0,20,0.75
5245,16,2,3,0,0,21,0.7619047619047619
5246,15,1,3,0,0,19,0.7894736842105263
5247,16,1,3,0,0,20,0.8
5248,17,1,3,0,0,21,0.8095238095238095
5249,17,1,3,0,0,21,0.8095238095238095
5250,17,1,3,0,0,21,0.8095238095238095
5251,17,1,3,0,0,21,0.8095238095238095
5252,17,1,3,0,0,21,0.8095238095238095
5253,15,1,3,0,0,19,0.7894736842105263
5254,17,1,3,0,0,21,0.8095238095238095
5255,16,1,3,0,0,20,0.8
5256,16,2,3,0,0,21,0.7619047619047619
5257,16,1,3,0,0,20,0.8
5258,15,2,3,0,0,20,0.75
5259,17,2,3,0,0,22,0.7727272727272727
5260,17,1,3,0,0,21,0.8095238095238095
5261,19,1,3,0,0,23,0.8260869565217391
5262,17,2,3,0,0,22,0.7727272727272727
5263,14,1,3,0,0,18,0.7777777777777778
5264,16,2,3,0,0,21,0.7619047619047619
5265,16,1,3,0,0,20,0.8
5266,16,2,3,0,0,21,0.7619047619047619
5267,17,1,3,0,0,21,0.8095238095238095
5268,16,2,3,0,0,21,0.7619047619047619
5269,16,1,3,0,0,20,0.8
5270,17,2,3,0,0,22,0.7727272727272727
5271,16,2,3,0,0,21,0.7619047619047619
5272,16,1,3,0,0,20,0.8
5273,17,2,3,0,0,22,0.7727272727272727
5274,17,1,3,0,0,21,0.8095238095238095
5275,18,2,3,0,0,23,0.782608695652174
5276,16,2,3,0,0,21,0.7619047619047619
5277,17,2,3,0,0,22,0.7727272727272727
5278,16,1,3,0,0,20,0.8
5279,15,2,3,0,0,20,0.75
5280,15,1,3,0,0,19,0.7894736842105263
5281,16,2,3,0,0,21,0.7619047619047619
5282,16,2,3,0,0,21,0.7619047619047619
5283,18,2,3,0,0,23,0.782608695652174
5284,15,1,3,0,0,19,0.7894736842105263
5285,17,2,3,0,0,22,0.7727272727272727
5286,16,2,3,0,0,21,0.7619047619047619
5287,17,1,3,0,0,21,0.8095238095238095
5288,15,2,3,0,0,20,0.75
5289,17,2,3,0,0,22,0.7727272727272727
5290,17,1,3,0,0,21,0.8095238095238095
5291,17,2,3,0,0,22,0.7727272727272727
5292,17,2,3,0,0,22,0.7727272727272727
5293,18,2,3,0,0,23,0.782608695652174
5294,17,1,3,0,0,21,0.8095238095238095
5295,18,2,3,0,0,23,0.782608695652174
5296,15,2,3,0,0,20,0.75
5297,18,1,3,0,0,22,0.8181818181818182
5298,19,1,3,0,0,23,0.8260869565217391
5299,20,1,3,0,0,24,0.8333333333333334
5300,18,1,3,0,0,22,0.8181818181818182
5301,16,1,3,0,0,20,0.8
5302,16,2,3,0,0,21,0.7619047619047619
5303,17,2,3,0,0,22,0.7727272727272727
5304,18,1,3,0,0,22,0.8181818181818182
5305,20,1,3,0,0,24,0.8333333333333334
5306,16,2,3,0,0,21,0.7619047619047619
5307,18,1,3,0,0,22,0.8181818181818182
5308,16,1,3,0,0,20,0.8
5309,19,2,3,0,0,24,0.7916666666666666
5310,19,2,3,0,0,24,0.7916666666666666
5311,18,1,3,0,0,22,0.8181818181818182
5312,19,1,3,0,0,23,0.8260869565217391
5313,20,2,3,0,0,25,0.8
5314,17,1,3,0,0,21,0.8095238095238095
5315,16,2,3,0,0,21,0.7619047619047619
5316,17,1,3,0,0,21,0.8095238095238095
5317,17,2,3,0,0,22,0.7727272727272727
5318,17,2,3,0,0,22,0.7727272727272727
5319,19,2,3,0,0,24,0.7916666666666666
5320,19,2,3,0,0,24,0.7916666666666666
5321,17,1,3,0,0,21,0.8095238095238095
5322,17,1,3,0,0,21,0.8095238095238095
5323,16,1,3,0,0,20,0.8
5324,17,2,3,0,0,22,0.7727272727272727
5325,19,1,3,0,0,23,0.8260869565217391
5326,19,2,3,0,0,24,0.7916666666666666
5327,20,1,3,0,0,24,0.8333333333333334
5328,18,1,3,0,0,22,0.8181818181818182
5329,19,1,3,0,0,23,0.8260869565217391
5330,20,2,3,0,0,25,0.8
5331,17,1,3,0,0,21,0.8095238095238095
5332,19,2,3,0,0,24,0.7916666666666666
5333,18,2,3,0,0,23,0.782608695652174
5334,19,2,3,0,0,24,0.7916666666666666
5335,17,1,3,0,0,21,0.8095238095238095
5336,17,2,3,0,0,22,0.7727272727272727
5337,18,2,3,0,0,23,0.782608695652174
5338,16,2,3,0,0,21,0.7619047619047619
5339,19,2,3,0,0,24,0.7916666666666666
5340,16,1,3,0,0,20,0.8
5341,15,2,3,0,0,20,0.75
5342,18,1,3,0,0,22,0.8181818181818182
5343,16,1,3,0,0,20,0.8
5344,17,2,3,0,0,22,0.7727272727272727
5345,19,2,3,0,0,24,0.7916666666666666
5346,19,1,3,0,0,23,0.8260869565217391
5347,19,2,3,0,0,24,0.7916666666666666
5348,17,2,3,0,0,22,0.7727272727272727
5349,18,1,3,0,0,22,0.8181818181818182
5350,17,2,3,0,0,22,0.7727272727272727
5351,17,1,3,0,0,21,0.8095238095238095
5352,16,2,3,0,0,21,0.7619047619047619
5353,17,1,3,0,0,21,0.8095238095238095
5354,18,2,3,0,0,23,0.782608695652174
5355,18,2,3,0,0,23,0.782608695652174
5356,17,2,3,0,0,22,0.7727272727272727
5357,18,1,3,0,0,22,0.8181818181818182
5358,18,1,3,0,0,22,0.8181818181818182
5359,19,2,3,0,0,24,0.7916666666666666
5360,19,1,3,0,0,23,0.8260869565217391
5361,17,1,3,0,0,21,0.8095238095238095
5362,19,2,3,0,0,24,0.7916666666666666
5363,16,1,3,0,0,20,0.8
5364,19,1,3,0,0,23,0.8260869565217391
5365,19,2,3,0,0,24,0.7916666666666666
5366,19,2,3,0,0,24,0.7916666666666666
5367,16,2,3,0,0,21,0.7619047619047619
5368,19,1,3,0,0,23,0.8260869565217391
5369,19,1,3,0,0,23,0.8260869565217391
5370,19,1,3,0,0,23,0.8260869565217391
5371,19,1,3,0,0,23,0.8260869565217391
5372,17,1,3,0,0,21,0.8095238095238095
5373,18,1,3,0,0,22,0.8181818181818182
5374,19,1,3,0,0,23,0.8260869565217391
5375,17,1,3,0,0,21,0.8095238095238095
5376,18,2,3,0,0,23,0.782608695652174
5377,19,1,3,0,0,23,0.8260869565217391
5378,18,2,3,0,0,23,0.782608695652174
5379,19,1,3,0,0,23,0.8260869565217391
5380,19,2,3,0,0,24,0.7916666666666666
5381,16,2,3,0,0,21,0.7619047619047619
5382,17,1,3,0,0,21,0.8095238095238095
5383,18,1,3,0,0,22,0.8181818181818182
5384,18,1,3,0,0,22,0.8181818181818182
5385,18,2,3,0,0,23,0.782608695652174
5386,19,1,3,0,0,23,0.8260869565217391
5387,17,1,3,0,0,21,0.8095238095238095
5388,17,2,3,0,0,22,0.7727272727272727
5389,18,1,3,0,0,22,0.8181818181818182
5390,19,2,3,0,0,24,0.7916666666666666
5391,19,2,3,0,0,24,0.7916666666666666
5392,17,1,3,0,0,21,0.8095238095238095
5393,17,2,3,0,0,22,0.7727272727272727
5394,20,1,3,0,0,24,0.8333333333333334
5395,19,1,3,0,0,23,0.8260869565217391
5396,17,2,3,0,0,22,0.7727272727272727
5397,19,1,3,0,0,23,0.8260869565217391
5398,15,1,3,0,0,19,0.7894736842105263
5399,20,1,3,0,0,24,0.8333333333333334
5400,18,1,3,0,0,22,0.8181818181818182
5401,18,1,3,0,0,22,0.8181818181818182
5402,18,1,3,0,0,22,0.8181818181818182
5403,15,1,3,0,0,19,0.7894736842105263
5404,18,1,3,0,0,22,0.8181818181818182
5405,18,2,3,0,0,23,0.782608695652174
5406,16,1,3,0,0,20,0.8
5407,17,1,3,0,0,21,0.8095238095238095
5408,16,1,3,0,0,20,0.8
5409,17,2,3,0,0,22,0.7727272727272727
5410,18,2,3,0,0,23,0.782608695652174
5411,15,1,3,0,0,19,0.7894736842105263
5412,17,1,3,0,0,21,0.8095238095238095
5413,15,2,3,0,0,20,0.75
5414,17,1,3,0,0,21,0.8095238095238095
5415,17,1,3,0,0,21,0.8095238095238095
5416,17,1,3,0,0,21,0.8095238095238095
5417,19,2,3,0,0,24,0.7916666666666666
5418,17,1,3,0,0,21,0.8095238095238095
5419,17,2,3,0,0,22,0.7727272727272727
5420,16,1,3,0,0,20,0.8
5421,17,2,3,0,0,22,0.7727272727272727
5422,20,2,3,0,0,25,0.8
5423,16,1,3,0,0,20,0.8
5424,20,2,3,0,0,25,0.8
5425,17,2,3,0,0,22,0.7727272727272727
5426,20,2,3,0,0,25,0.8
5427,18,2,3,0,0,23,0.782608695652174
5428,17,1,3,0,0,21,0.8095238095238095
5429,18,2,3,0,0,23,0.782608695652174
5430,20,2,3,0,0,25,0.8
5431,17,3,3,0,0,23,0.7391304347826086
5432,18,2,3,0,0,23,0.782608695652174
5433,18,2,3,0,0,23,0.782608695652174
5434,17,1,3,0,0,21,0.8095238095238095
5435,17,1,3,0,0,21,0.8095238095238095
5436,18,1,3,0,0,22,0.8181818181818182
5437,20,1,3,0,0,24,0.8333333333333334
5438,18,2,3,0,0,23,0.782608695652174
5439,19,1,3,0,0,23,0.8260869565217391
5440,18,1,3,0,0,22,0.8181818181818182
5441,18,1,3,0,0,22,0.8181818181818182
5442,20,2,3,0,0,25,0.8
5443,17,2,3,0,0,22,0.7727272727272727
5444,17,2,3,0,0,22,0.7727272727272727
5445,17,2,3,0,0,22,0.7727272727272727
5446,19,2,3,0,0,24,0.7916666666666666
5447,17,2,3,0,0,22,0.7727272727272727
5448,19,2,3,0,0,24,0.7916666666666666
5449,18,2,3,0,0,23,0.782608695652174
5450,18,2,3,0,0,23,0.782608695652174
5451,17,2,3,0,0,22,0.7727272727272727
5452,19,2,3,0,0,24,0.7916666666666666
5453,18,1,3,0,0,22,0.8181818181818182
5454,19,1,3,0,0,23,0.8260869565217391
5455,19,1,3,0,0,23,0.8260869565217391
5456,18,1,3,0,0,22,0.8181818181818182
5457,16,2,3,0,0,21,0.7619047619047619
5458,17,1,3,0,0,21,0.8095238095238095
5459,17,1,3,0,0,21,0.8095238095238095
5460,18,2,3,0,0,23,0.782608695652174
5461,17,2,3,0,0,22,0.7727272727272727
5462,17,2,3,0,0,22,0.7727272727272727
5463,18,2,3,0,0,23,0.782608695652174
5464,18,1,3,0,0,22,0.8181818181818182
5465,19,1,3,0,0,23,0.8260869565217391
5466,18,2,3,0,0,23,0.782608695652174
5467,18,2,3,0,0,23,0.782608695652174
5468,17,2,3,0,0,22,0.7727272727272727
5469,16,2,3,0,0,21,0.7619047619047619
5470,19,2,3,0,0,24,0.7916666666666666
5471,16,2,3,0,0,21,0.7619047619047619
5472,17,1,3,0,0,21,0.8095238095238095
5473,18,2,3,0,0,23,0.782608695652174
5474,17,2,3,0,0,22,0.7727272727272727
5475,17,2,3,0,0,22,0.7727272727272727
5476,18,2,3,0,0,23,0.782608695652174
5477,15,2,3,0,0,20,0.75
5478,18,1,3,0,0,22,0.8181818181818182
5479,18,2,3,0,0,23,0.782608695652174
5480,17,2,3,0,0,22,0.7727272727272727
5481,18,1,3,0,0,22,0.8181818181818182
5482,19,2,3,0,0,24,0.7916666666666666
5483,17,2,3,0,0,22,0.7727272727272727
5484,15,2,3,0,0,20,0.75
5485,20,2,3,0,0,25,0.8
5486,18,2,3,0,0,23,0.782608695652174
5487,17,1,3,0,0,21,0.8095238095238095
5488,18,1,3,0,0,22,0.8181818181818182
5489,17,1,3,0,0,21,0.8095238095238095
5490,16,1,3,0,0,20,0.8
5491,17,1,3,0,0,21,0.8095238095238095
5492,15,1,3,0,0,19,0.7894736842105263
5493,18,1,3,0,0,22,0.8181818181818182
5494,18,1,3,0,0,22,0.8181818181818182
5495,17,1,3,0,0,21,0.8095238095238095
5496,18,1,3,0,0,22,0.8181818181818182
5497,17,1,3,0,0,21,0.8095238095238095
5498,18,2,3,0,0,23,0.782608695652174
5499,14,1,3,0,0,18,0.7777777777777778
5500,19,2,3,0,0,24,0.7916666666666666
5501,18,1,3,0,0,22,0.8181818181818182
5502,18,1,3,0,0,22,0.8181818181818182
5503,17,1,3,0,0,21,0.8095238095238095
5504,16,2,3,0,0,21,0.7619047619047619
5505,17,1,3,0,0,21,0.8095238095238095
5506,16,2,3,0,0,21,0.7619047619047619
5507,15,2,3,0,0,20,0.75
5508,18,1,3,0,0,22,0.8181818181818182
5509,16,2,3,0,0,21,0.7619047619047619
5510,20,1,3,0,0,24,0.8333333333333334
5511,18,1,3,0,0,22,0.8181818181818182
5512,16,2,3,0,0,21,0.7619047619047619
5513,14,2,3,0,0,19,0.7368421052631579
5514,17,1,3,0,0,21,0.8095238095238095
5515,17,2,3,0,0,22,0.7727272727272727
5516,17,1,3,0,0,21,0.8095238095238095
5517,15,2,3,0,0,20,0.75
5518,15,2,3,0,0,20,0.75
5519,17,1,3,0,0,21,0.8095238095238095
5520,17,1,3,0,0,21,0.8095238095238095
5521,17,1,3,0,0,21,0.8095238095238095
5522,15,2,3,0,0,20,0.75
5523,17,2,3,0,0,22,0.7727272727272727
5524,15,2,3,0,0,20,0.75
5525,16,1,3,0,0,20,0.8
5526,17,2,3,0,0,22,0.7727272727272727
5527,14,1,3,0,0,18,0.7777777777777778
5528,19,2,3,0,0,24,0.7916666666666666
5529,18,2,3,0,0,23,0.782608695652174
5530,17,2,3,0,0,22,0.7727272727272727
5531,17,1,3,0,0,21,0.8095238095238095
5532,17,1,3,0,0,21,0.8095238095238095
5533,16,2,3,0,0,21,0.7619047619047619
5534,18,2,3,0,0,23,0.782608695652174
5535,18,1,3,0,0,22,0.8181818181818182
5536,17,1,3,0,0,21,0.8095238095238095
5537,16,2,3,0,0,21,0.7619047619047619
5538,16,2,3,0,0,21,0.7619047619047619
5539,17,1,3,0,0,21,0.8095238095238095
5540,15,1,3,0,0,19,0.7894736842105263
5541,16,1,3,0,0,20,0.8
5542,18,1,3,0,0,22,0.8181818181818182
5543,18,1,3,0,0,22,0.8181818181818182
5544,17,1,3,0,0,21,0.8095238095238095
5545,18,1,3,0,0,22,0.8181818181818182
5546,18,1,3,0,0,22,0.8181818181818182
5547,17,1,3,0,0,21,0.8095238095238095
5548,19,1,3,0,0,23,0.8260869565217391
5549,17,1,3,0,0,21,0.8095238095238095
5550,17,1,3,0,0,21,0.8095238095238095
5551,16,1,3,0,0,20,0.8
5552,16,1,3,0,0,20,0.8
5553,18,1,3,0,0,22,0.8181818181818182
5554,16,1,3,0,0,20,0.8
5555,18,2,3,0,0,23,0.782608695652174
5556,19,2,3,0,0,24,0.7916666666666666
5557,18,2,3,0,0,23,0.782608695652174
5558,16,1,3,0,0,20,0.8
5559,17,1,3,0,0,21,0.8095238095238095
5560,19,1,3,0,0,23,0.8260869565217391
5561,18,1,3,0,0,22,0.8181818181818182
5562,18,1,3,0,0,22,0.8181818181818182
5563,16,1,3,0,0,20,0.8
5564,16,1,3,0,0,20,0.8
5565,17,1,3,0,0,21,0.8095238095238095
5566,17,1,3,0,0,21,0.8095238095238095
5567,19,1,3,0,0,23,0.8260869565217391
5568,18,1,3,0,0,22,0.8181818181818182
5569,19,1,3,0,0,23,0.8260869565217391
5570,18,2,3,0,0,23,0.782608695652174
5571,16,1,3,0,0,20,0.8
5572,21,2,3,0,0,26,0.8076923076923077
5573,17,1,3,0,0,21,0.8095238095238095
5574,15,1,3,0,0,19,0.7894736842105263
5575,19,1,3,0,0,23,0.8260869565217391
5576,19,1,3,0,0,23,0.8260869565217391
5577,19,2,3,0,0,24,0.7916666666666666
5578,19,2,3,0,0,24,0.7916666666666666
5579,19,1,3,0,0,23,0.8260869565217391
5580,19,1,3,0,0,23,0.8260869565217391
5581,17,1,3,0,0,21,0.8095238095238095
5582,19,2,3,0,0,24,0.7916666666666666
5583,17,1,3,0,0,21,0.8095238095238095
5584,17,1,3,0,0,21,0.8095238095238095
5585,17,1,3,0,0,21,0.8095238095238095
5586,16,1,3,0,0,20,0.8
5587,15,2,3,0,0,20,0.75
5588,17,2,3,0,0,22,0.7727272727272727
5589,15,1,3,0,0,19,0.7894736842105263
5590,16,2,3,0,0,21,0.7619047619047619
5591,16,2,3,0,0,21,0.7619047619047619
5592,19,2,3,0,0,24,0.7916666666666666
5593,17,2,3,0,0,22,0.7727272727272727
5594,15,1,3,0,0,19,0.7894736842105263
5595,18,1,3,0,0,22,0.8181818181818182
5596,16,1,3,0,0,20,0.8
5597,18,2,3,0,0,23,0.782608695652174
5598,17,2,3,0,0,22,0.7727272727272727
5599,16,2,3,0,0,21,0.7619047619047619
