frame,n_hydrophobic,n_polar,n_pos_charged,n_neg_charged,n_other,n_total,frac_hydrophobic
0,12,0,2,1,0,15,0.8
1,11,1,1,0,0,13,0.8461538461538461
2,11,2,2,0,0,15,0.7333333333333333
3,12,1,2,0,0,15,0.8
4,11,1,2,0,0,14,0.7857142857142857
5,11,1,1,0,0,13,0.8461538461538461
6,11,1,2,0,0,14,0.7857142857142857
7,12,1,1,0,0,14,0.8571428571428571
8,9,1,2,0,0,12,0.75
9,11,1,1,0,0,13,0.8461538461538461
10,12,1,1,0,0,14,0.8571428571428571
11,9,1,2,0,0,12,0.75
12,14,1,2,0,0,17,0.8235294117647058
13,13,1,2,0,0,16,0.8125
14,11,1,2,1,0,15,0.7333333333333333
15,13,1,2,0,0,16,0.8125
16,14,1,2,0,0,17,0.8235294117647058
17,13,1,2,0,0,16,0.8125
18,11,1,2,1,0,15,0.7333333333333333
19,12,1,1,0,0,14,0.8571428571428571
20,13,1,2,0,0,16,0.8125
21,13,1,2,1,0,17,0.7647058823529411
22,10,1,2,0,0,13,0.7692307692307693
23,13,0,3,0,0,16,0.8125
24,16,1,3,1,0,21,0.7619047619047619
25,15,2,3,2,0,22,0.6818181818181818
26,15,2,3,1,0,21,0.7142857142857143
27,15,2,3,1,0,21,0.7142857142857143
28,14,1,3,1,0,19,0.7368421052631579
29,14,2,2,1,0,19,0.7368421052631579
30,16,2,3,1,0,22,0.7272727272727273
31,15,2,3,1,0,21,0.7142857142857143
32,13,2,3,1,0,19,0.6842105263157895
33,13,2,3,2,0,20,0.65
34,14,2,3,1,0,20,0.7
35,16,2,3,1,0,22,0.7272727272727273
36,15,2,3,1,0,21,0.7142857142857143
37,16,2,3,2,0,23,0.6956521739130435
38,16,1,3,2,0,22,0.7272727272727273
39,13,2,3,1,0,19,0.6842105263157895
40,16,1,3,1,0,21,0.7619047619047619
41,13,2,3,0,0,18,0.7222222222222222
42,14,1,3,1,0,19,0.7368421052631579
43,16,2,3,1,0,22,0.7272727272727273
44,12,2,3,1,0,18,0.6666666666666666
45,11,2,3,1,0,17,0.6470588235294118
46,15,1,3,1,0,20,0.75
47,14,1,3,1,0,19,0.7368421052631579
48,15,2,3,1,0,21,0.7142857142857143
49,13,2,3,1,0,19,0.6842105263157895
50,16,2,3,2,0,23,0.6956521739130435
51,15,2,3,1,0,21,0.7142857142857143
52,15,2,3,2,0,22,0.6818181818181818
53,13,1,3,1,0,18,0.7222222222222222
54,12,2,3,1,0,18,0.6666666666666666
55,15,2,3,1,0,21,0.7142857142857143
56,14,1,3,2,0,20,0.7
57,15,2,3,2,0,22,0.6818181818181818
58,13,2,2,1,0,18,0.7222222222222222
59,15,2,3,0,0,20,0.75
60,14,2,3,0,0,19,0.7368421052631579
61,15,0,3,0,0,18,0.8333333333333334
62,14,1,3,1,0,19,0.7368421052631579
63,16,1,3,1,0,21,0.7619047619047619
64,15,2,3,1,0,21,0.7142857142857143
65,14,2,3,0,0,19,0.7368421052631579
66,15,1,3,1,0,20,0.75
67,15,0,3,1,0,19,0.7894736842105263
68,14,1,3,1,0,19,0.7368421052631579
69,12,1,3,1,0,17,0.7058823529411765
70,15,2,3,1,0,21,0.7142857142857143
71,15,2,2,1,0,20,0.75
72,14,2,3,1,0,20,0.7
73,14,2,3,2,0,21,0.6666666666666666
74,13,0,3,1,0,17,0.7647058823529411
75,14,2,3,1,0,20,0.7
76,13,1,2,0,0,16,0.8125
77,13,2,3,1,0,19,0.6842105263157895
78,16,2,3,1,0,22,0.7272727272727273
79,14,1,3,1,0,19,0.7368421052631579
80,14,1,3,2,0,20,0.7
81,14,2,2,0,0,18,0.7777777777777778
82,14,1,3,0,0,18,0.7777777777777778
83,14,1,2,0,0,17,0.8235294117647058
84,15,1,2,0,0,18,0.8333333333333334
85,15,1,3,0,0,19,0.7894736842105263
86,13,1,2,0,0,16,0.8125
87,13,1,1,1,0,16,0.8125
88,16,2,2,0,0,20,0.8
89,14,1,1,0,0,16,0.875
90,14,2,1,0,0,17,0.8235294117647058
91,13,1,0,0,0,14,0.9285714285714286
92,14,1,2,0,0,17,0.8235294117647058
93,13,1,2,0,0,16,0.8125
94,12,1,1,0,0,14,0.8571428571428571
95,14,1,0,0,0,15,0.9333333333333333
96,15,1,1,0,0,17,0.8823529411764706
97,16,2,2,1,0,21,0.7619047619047619
98,13,1,1,1,0,16,0.8125
99,15,0,2,0,0,17,0.8823529411764706
100,13,1,1,0,0,15,0.8666666666666667
101,13,1,1,1,0,16,0.8125
102,14,1,1,0,0,16,0.875
103,13,1,1,0,0,15,0.8666666666666667
104,13,2,1,0,0,16,0.8125
105,14,1,1,0,0,16,0.875
106,12,1,1,0,0,14,0.8571428571428571
107,13,2,2,0,0,17,0.7647058823529411
108,13,2,1,0,0,16,0.8125
109,13,1,1,0,0,15,0.8666666666666667
110,14,1,1,0,0,16,0.875
111,12,1,1,0,0,14,0.8571428571428571
112,13,2,2,0,0,17,0.7647058823529411
113,11,2,2,0,0,15,0.7333333333333333
114,14,2,1,0,0,17,0.8235294117647058
115,15,2,2,0,0,19,0.7894736842105263
116,13,2,0,0,0,15,0.8666666666666667
117,16,2,1,0,0,19,0.8421052631578947
118,13,1,1,0,0,15,0.8666666666666667
119,13,2,0,0,0,15,0.8666666666666667
120,14,2,1,0,0,17,0.8235294117647058
121,14,2,1,0,0,17,0.8235294117647058
122,13,2,0,0,0,15,0.8666666666666667
123,13,2,0,0,0,15,0.8666666666666667
124,14,2,0,0,0,16,0.875
125,11,2,1,0,0,14,0.7857142857142857
126,13,2,0,0,0,15,0.8666666666666667
127,13,2,0,0,0,15,0.8666666666666667
128,12,2,1,0,0,15,0.8
129,14,2,1,0,0,17,0.8235294117647058
130,11,2,1,0,0,14,0.7857142857142857
131,14,2,2,0,0,18,0.7777777777777778
132,14,2,2,0,0,18,0.7777777777777778
133,9,2,1,0,0,12,0.75
134,14,2,2,0,0,18,0.7777777777777778
135,12,2,3,0,0,17,0.7058823529411765
136,11,1,2,0,0,14,0.7857142857142857
137,11,0,3,1,0,15,0.7333333333333333
138,13,1,3,1,0,18,0.7222222222222222
139,14,1,3,0,0,18,0.7777777777777778
140,13,0,3,0,0,16,0.8125
141,14,1,3,0,0,18,0.7777777777777778
142,14,2,3,1,0,20,0.7
143,15,2,3,1,0,21,0.7142857142857143
144,15,2,3,0,0,20,0.75
145,15,2,3,0,0,20,0.75
146,14,2,3,0,0,19,0.7368421052631579
147,16,2,3,1,0,22,0.7272727272727273
148,17,1,3,1,0,22,0.7727272727272727
149,16,1,3,1,0,21,0.7619047619047619
150,16,2,3,1,0,22,0.7272727272727273
151,16,1,3,1,0,21,0.7619047619047619
152,14,1,3,1,0,19,0.7368421052631579
153,16,2,3,1,0,22,0.7272727272727273
154,15,2,3,1,0,21,0.7142857142857143
155,16,2,3,1,0,22,0.7272727272727273
156,14,2,3,1,0,20,0.7
157,15,1,3,0,0,19,0.7894736842105263
158,16,1,3,1,0,21,0.7619047619047619
159,14,2,3,1,0,20,0.7
160,15,1,3,1,0,20,0.75
161,16,1,3,1,0,21,0.7619047619047619
162,16,2,3,1,0,22,0.7272727272727273
163,14,1,3,1,0,19,0.7368421052631579
164,15,0,3,0,0,18,0.8333333333333334
165,14,0,3,1,0,18,0.7777777777777778
166,17,1,3,1,0,22,0.7727272727272727
167,14,1,3,0,0,18,0.7777777777777778
168,15,1,3,0,0,19,0.7894736842105263
169,13,1,3,1,0,18,0.7222222222222222
170,15,1,3,1,0,20,0.75
171,15,1,3,1,0,20,0.75
172,14,1,3,1,0,19,0.7368421052631579
173,13,1,3,1,0,18,0.7222222222222222
174,12,1,2,1,0,16,0.75
175,14,1,3,1,0,19,0.7368421052631579
176,16,1,3,0,0,20,0.8
177,12,2,3,0,0,17,0.7058823529411765
178,15,1,3,1,0,20,0.75
179,15,1,3,0,0,19,0.7894736842105263
180,15,1,3,1,0,20,0.75
181,15,1,4,0,0,20,0.75
182,15,2,4,0,0,21,0.7142857142857143
183,16,1,3,0,0,20,0.8
184,14,2,3,1,0,20,0.7
185,15,1,3,1,0,20,0.75
186,15,1,3,0,0,19,0.7894736842105263
187,16,0,3,1,0,20,0.8
188,16,0,3,1,0,20,0.8
189,14,2,3,0,0,19,0.7368421052631579
190,15,2,4,0,0,21,0.7142857142857143
191,14,2,3,0,0,19,0.7368421052631579
192,13,2,3,0,0,18,0.7222222222222222
193,14,2,3,0,0,19,0.7368421052631579
194,15,1,3,0,0,19,0.7894736842105263
195,14,2,3,0,0,19,0.7368421052631579
196,14,2,3,1,0,20,0.7
197,13,1,3,0,0,17,0.7647058823529411
198,12,2,3,0,0,17,0.7058823529411765
199,14,1,2,0,0,17,0.8235294117647058
200,14,2,2,0,0,18,0.7777777777777778
201,12,2,3,0,0,17,0.7058823529411765
202,15,2,2,0,0,19,0.7894736842105263
203,16,1,3,0,0,20,0.8
204,14,1,2,0,0,17,0.8235294117647058
205,13,3,3,0,0,19,0.6842105263157895
206,13,3,3,0,0,19,0.6842105263157895
207,12,3,3,0,0,18,0.6666666666666666
208,13,2,3,0,0,18,0.7222222222222222
209,14,3,3,0,0,20,0.7
210,14,2,3,0,0,19,0.7368421052631579
211,12,2,3,0,0,17,0.7058823529411765
212,14,2,3,0,0,19,0.7368421052631579
213,13,2,3,0,0,18,0.7222222222222222
214,14,2,2,0,0,18,0.7777777777777778
215,13,2,3,0,0,18,0.7222222222222222
216,12,1,3,0,0,16,0.75
217,13,1,3,0,0,17,0.7647058823529411
218,13,2,3,0,0,18,0.7222222222222222
219,14,3,3,0,0,20,0.7
220,12,2,3,0,0,17,0.7058823529411765
221,13,1,3,0,0,17,0.7647058823529411
222,11,2,2,0,0,15,0.7333333333333333
223,12,1,3,0,0,16,0.75
224,12,3,3,0,0,18,0.6666666666666666
225,13,2,3,0,0,18,0.7222222222222222
226,12,2,3,0,0,17,0.7058823529411765
227,12,2,3,0,0,17,0.7058823529411765
228,10,2,3,0,0,15,0.6666666666666666
229,11,1,1,0,0,13,0.8461538461538461
230,15,1,1,0,0,17,0.8823529411764706
231,11,2,3,0,0,16,0.6875
232,15,1,2,0,0,18,0.8333333333333334
233,13,3,3,0,0,19,0.6842105263157895
234,12,1,3,0,0,16,0.75
235,11,1,3,0,0,15,0.7333333333333333
236,13,1,3,0,0,17,0.7647058823529411
237,15,1,3,0,0,19,0.7894736842105263
238,14,1,3,0,0,18,0.7777777777777778
239,15,2,3,1,0,21,0.7142857142857143
240,15,2,3,1,0,21,0.7142857142857143
241,15,1,3,0,0,19,0.7894736842105263
242,16,2,3,0,0,21,0.7619047619047619
243,14,0,3,0,0,17,0.8235294117647058
244,13,1,3,0,0,17,0.7647058823529411
245,11,2,3,0,0,16,0.6875
246,13,2,3,0,0,18,0.7222222222222222
247,13,2,3,0,0,18,0.7222222222222222
248,14,3,3,0,0,20,0.7
249,13,2,3,0,0,18,0.7222222222222222
250,13,2,3,0,0,18,0.7222222222222222
251,14,2,3,0,0,19,0.7368421052631579
252,13,2,3,0,0,18,0.7222222222222222
253,13,2,3,0,0,18,0.7222222222222222
254,14,3,3,0,0,20,0.7
255,12,3,3,0,0,18,0.6666666666666666
256,13,2,3,0,0,18,0.7222222222222222
257,13,2,3,0,0,18,0.7222222222222222
258,11,2,3,0,0,16,0.6875
259,13,2,3,0,0,18,0.7222222222222222
260,16,2,2,0,0,20,0.8
261,14,1,3,0,0,18,0.7777777777777778
262,13,2,3,0,0,18,0.7222222222222222
263,13,2,3,0,0,18,0.7222222222222222
264,14,2,3,0,0,19,0.7368421052631579
265,14,3,3,0,0,20,0.7
266,14,2,3,0,0,19,0.7368421052631579
267,13,3,3,0,0,19,0.6842105263157895
268,14,2,3,0,0,19,0.7368421052631579
269,13,2,2,0,0,17,0.7647058823529411
270,12,3,3,0,0,18,0.6666666666666666
271,14,1,3,0,0,18,0.7777777777777778
272,14,1,3,0,0,18,0.7777777777777778
273,13,2,3,0,0,18,0.7222222222222222
274,14,2,3,0,0,19,0.7368421052631579
275,14,2,3,0,0,19,0.7368421052631579
276,14,2,3,0,0,19,0.7368421052631579
277,14,0,3,0,0,17,0.8235294117647058
278,14,2,3,0,0,19,0.7368421052631579
279,14,1,4,0,0,19,0.7368421052631579
280,14,1,3,0,0,18,0.7777777777777778
281,15,1,3,0,0,19,0.7894736842105263
282,14,1,4,0,0,19,0.7368421052631579
283,13,1,4,0,0,18,0.7222222222222222
284,14,1,4,0,0,19,0.7368421052631579
285,15,1,3,0,0,19,0.7894736842105263
286,13,1,4,0,0,18,0.7222222222222222
287,13,2,3,0,0,18,0.7222222222222222
288,13,2,3,0,0,18,0.7222222222222222
289,14,2,3,0,0,19,0.7368421052631579
290,12,2,3,0,0,17,0.7058823529411765
291,13,2,3,0,0,18,0.7222222222222222
292,10,1,3,0,0,14,0.7142857142857143
293,12,2,3,0,0,17,0.7058823529411765
294,12,3,3,0,0,18,0.6666666666666666
295,13,3,3,0,0,19,0.6842105263157895
296,12,3,3,0,0,18,0.6666666666666666
297,12,2,3,0,0,17,0.7058823529411765
298,13,3,3,0,0,19,0.6842105263157895
299,14,3,3,0,0,20,0.7
300,13,2,3,0,0,18,0.7222222222222222
301,13,2,3,0,0,18,0.7222222222222222
302,12,1,3,0,0,16,0.75
303,13,3,3,0,0,19,0.6842105263157895
304,13,3,3,0,0,19,0.6842105263157895
305,12,3,3,0,0,18,0.6666666666666666
306,12,3,2,0,0,17,0.7058823529411765
307,15,3,3,0,0,21,0.7142857142857143
308,12,3,3,0,0,18,0.6666666666666666
309,12,2,3,0,0,17,0.7058823529411765
310,13,3,3,0,0,19,0.6842105263157895
311,13,3,3,0,0,19,0.6842105263157895
312,14,2,3,0,0,19,0.7368421052631579
313,13,2,3,0,0,18,0.7222222222222222
314,11,2,3,0,0,16,0.6875
315,12,1,3,0,0,16,0.75
316,16,2,3,0,0,21,0.7619047619047619
317,14,2,3,0,0,19,0.7368421052631579
318,11,2,3,0,0,16,0.6875
319,13,3,3,0,0,19,0.6842105263157895
320,12,3,3,0,0,18,0.6666666666666666
321,13,3,3,0,0,19,0.6842105263157895
322,13,3,3,0,0,19,0.6842105263157895
323,14,3,3,0,0,20,0.7
324,11,2,3,0,0,16,0.6875
325,13,3,3,0,0,19,0.6842105263157895
326,12,3,3,0,0,18,0.6666666666666666
327,11,2,3,0,0,16,0.6875
328,11,2,3,0,0,16,0.6875
329,13,3,3,0,0,19,0.6842105263157895
330,10,3,3,0,0,16,0.625
331,12,2,3,0,0,17,0.7058823529411765
332,12,3,3,0,0,18,0.6666666666666666
333,12,3,3,0,0,18,0.6666666666666666
334,11,2,3,0,0,16,0.6875
335,13,2,3,0,0,18,0.7222222222222222
336,15,3,3,0,0,21,0.7142857142857143
337,13,3,2,0,0,18,0.7222222222222222
338,12,3,1,0,0,16,0.75
339,11,3,3,0,0,17,0.6470588235294118
340,13,3,2,0,0,18,0.7222222222222222
341,12,1,3,0,0,16,0.75
342,13,3,3,0,0,19,0.6842105263157895
343,12,2,3,0,0,17,0.7058823529411765
344,13,2,3,0,0,18,0.7222222222222222
345,11,2,3,0,0,16,0.6875
346,12,2,3,0,0,17,0.7058823529411765
347,14,3,2,0,0,19,0.7368421052631579
348,14,1,4,0,0,19,0.7368421052631579
349,13,2,4,0,0,19,0.6842105263157895
350,12,1,3,0,0,16,0.75
351,14,1,3,0,0,18,0.7777777777777778
352,16,1,3,0,0,20,0.8
353,12,1,4,0,0,17,0.7058823529411765
354,11,1,3,0,0,15,0.7333333333333333
355,13,1,3,0,0,17,0.7647058823529411
356,12,1,4,0,0,17,0.7058823529411765
357,12,2,3,0,0,17,0.7058823529411765
358,11,2,3,0,0,16,0.6875
359,12,3,2,0,0,17,0.7058823529411765
360,11,3,2,0,0,16,0.6875
361,12,1,2,0,0,15,0.8
362,12,1,2,0,0,15,0.8
363,14,1,4,1,0,20,0.7
364,15,1,3,1,0,20,0.75
365,11,1,4,0,0,16,0.6875
366,16,1,4,0,0,21,0.7619047619047619
367,14,2,3,0,0,19,0.7368421052631579
368,12,2,2,0,0,16,0.75
369,13,2,3,0,0,18,0.7222222222222222
370,13,2,2,0,0,17,0.7647058823529411
371,14,2,2,0,0,18,0.7777777777777778
372,13,2,2,0,0,17,0.7647058823529411
373,12,2,2,0,0,16,0.75
374,13,1,3,0,0,17,0.7647058823529411
375,14,1,3,0,0,18,0.7777777777777778
376,14,1,2,0,0,17,0.8235294117647058
377,13,2,2,0,0,17,0.7647058823529411
378,12,1,2,0,0,15,0.8
379,10,3,2,0,0,15,0.6666666666666666
380,12,2,3,0,0,17,0.7058823529411765
381,12,2,3,0,0,17,0.7058823529411765
382,13,2,3,0,0,18,0.7222222222222222
383,13,1,2,0,0,16,0.8125
384,12,2,2,0,0,16,0.75
385,14,2,2,0,0,18,0.7777777777777778
386,12,2,3,0,0,17,0.7058823529411765
387,10,2,2,0,0,14,0.7142857142857143
388,12,2,3,0,0,17,0.7058823529411765
389,12,2,2,0,0,16,0.75
390,11,2,2,0,0,15,0.7333333333333333
391,14,1,4,0,0,19,0.7368421052631579
392,12,1,3,0,0,16,0.75
393,11,2,2,0,0,15,0.7333333333333333
394,14,1,3,0,0,18,0.7777777777777778
395,13,1,3,0,0,17,0.7647058823529411
396,14,2,1,0,0,17,0.8235294117647058
397,13,2,3,0,0,18,0.7222222222222222
398,14,2,3,0,0,19,0.7368421052631579
399,12,2,3,0,0,17,0.7058823529411765
400,11,1,3,0,0,15,0.7333333333333333
401,13,2,3,0,0,18,0.7222222222222222
402,15,1,2,1,0,19,0.7894736842105263
403,14,1,3,0,0,18,0.7777777777777778
404,12,0,2,0,0,14,0.8571428571428571
405,13,2,3,0,0,18,0.7222222222222222
406,14,1,2,0,0,17,0.8235294117647058
407,13,1,2,0,0,16,0.8125
408,13,2,3,0,0,18,0.7222222222222222
409,14,1,2,0,0,17,0.8235294117647058
410,13,2,3,0,0,18,0.7222222222222222
411,13,2,3,0,0,18,0.7222222222222222
412,12,2,2,0,0,16,0.75
413,12,2,2,0,0,16,0.75
414,14,1,2,0,0,17,0.8235294117647058
415,13,1,2,0,0,16,0.8125
416,13,2,2,0,0,17,0.7647058823529411
417,13,1,2,0,0,16,0.8125
418,13,2,3,0,0,18,0.7222222222222222
419,15,2,3,0,0,20,0.75
420,14,2,2,0,0,18,0.7777777777777778
421,14,2,4,0,0,20,0.7
422,13,2,3,0,0,18,0.7222222222222222
423,14,2,3,0,0,19,0.7368421052631579
424,10,2,3,0,0,15,0.6666666666666666
425,12,3,2,0,0,17,0.7058823529411765
426,13,2,3,0,0,18,0.7222222222222222
427,11,2,2,0,0,15,0.7333333333333333
428,12,2,2,0,0,16,0.75
429,12,2,3,0,0,17,0.7058823529411765
430,12,2,2,0,0,16,0.75
431,13,2,2,0,0,17,0.7647058823529411
432,14,1,2,0,0,17,0.8235294117647058
433,13,2,2,0,0,17,0.7647058823529411
434,14,3,3,0,0,20,0.7
435,13,2,2,0,0,17,0.7647058823529411
436,15,3,3,0,0,21,0.7142857142857143
437,15,2,3,0,0,20,0.75
438,15,1,2,0,0,18,0.8333333333333334
439,15,2,4,0,0,21,0.7142857142857143
440,13,2,3,0,0,18,0.7222222222222222
441,14,1,4,0,0,19,0.7368421052631579
442,14,1,4,0,0,19,0.7368421052631579
443,15,1,4,0,0,20,0.75
444,12,1,3,0,0,16,0.75
445,14,2,2,0,0,18,0.7777777777777778
446,14,2,3,0,0,19,0.7368421052631579
447,15,1,3,0,0,19,0.7894736842105263
448,14,2,3,0,0,19,0.7368421052631579
449,13,1,4,0,0,18,0.7222222222222222
450,14,2,3,0,0,19,0.7368421052631579
451,13,2,4,0,0,19,0.6842105263157895
452,14,1,3,0,0,18,0.7777777777777778
453,16,1,3,0,0,20,0.8
454,14,2,3,0,0,19,0.7368421052631579
455,14,1,3,0,0,18,0.7777777777777778
456,14,2,3,0,0,19,0.7368421052631579
457,12,1,3,0,0,16,0.75
458,12,1,3,0,0,16,0.75
459,12,1,3,0,0,16,0.75
460,17,2,4,0,0,23,0.7391304347826086
461,12,1,3,0,0,16,0.75
462,15,1,3,0,0,19,0.7894736842105263
463,13,2,3,0,0,18,0.7222222222222222
464,11,0,3,0,0,14,0.7857142857142857
465,13,1,3,0,0,17,0.7647058823529411
466,13,2,3,0,0,18,0.7222222222222222
467,14,1,3,0,0,18,0.7777777777777778
468,13,2,3,0,0,18,0.7222222222222222
469,14,2,3,0,0,19,0.7368421052631579
470,13,2,3,0,0,18,0.7222222222222222
471,13,1,2,0,0,16,0.8125
472,13,2,3,0,0,18,0.7222222222222222
473,12,2,3,0,0,17,0.7058823529411765
474,12,3,3,0,0,18,0.6666666666666666
475,12,1,3,0,0,16,0.75
476,15,1,3,0,0,19,0.7894736842105263
477,13,1,4,0,0,18,0.7222222222222222
478,12,1,3,0,0,16,0.75
479,12,1,3,0,0,16,0.75
480,13,1,3,0,0,17,0.7647058823529411
481,13,1,3,0,0,17,0.7647058823529411
482,13,1,2,0,0,16,0.8125
483,11,0,2,0,0,13,0.8461538461538461
484,14,0,4,0,0,18,0.7777777777777778
485,13,0,3,0,0,16,0.8125
486,13,1,3,0,0,17,0.7647058823529411
487,14,1,4,0,0,19,0.7368421052631579
488,14,1,3,0,0,18,0.7777777777777778
489,13,1,3,0,0,17,0.7647058823529411
490,14,1,4,0,0,19,0.7368421052631579
491,13,2,3,0,0,18,0.7222222222222222
492,13,2,3,0,0,18,0.7222222222222222
493,15,1,4,0,0,20,0.75
494,13,1,3,0,0,17,0.7647058823529411
495,11,1,2,0,0,14,0.7857142857142857
496,13,1,3,0,0,17,0.7647058823529411
497,13,0,3,1,0,17,0.7647058823529411
498,12,0,2,0,0,14,0.8571428571428571
499,12,1,2,0,0,15,0.8
500,13,1,4,1,0,19,0.6842105263157895
501,14,1,3,0,0,18,0.7777777777777778
502,13,1,4,0,0,18,0.7222222222222222
503,13,1,4,0,0,18,0.7222222222222222
504,12,1,2,0,0,15,0.8
505,13,1,2,0,0,16,0.8125
506,13,1,2,0,0,16,0.8125
507,14,1,2,0,0,17,0.8235294117647058
508,13,1,2,0,0,16,0.8125
509,14,1,2,0,0,17,0.8235294117647058
510,13,1,2,0,0,16,0.8125
511,13,1,2,0,0,16,0.8125
512,14,1,2,0,0,17,0.8235294117647058
513,11,2,3,0,0,16,0.6875
514,12,1,3,0,0,16,0.75
515,12,2,3,0,0,17,0.7058823529411765
516,14,2,2,0,0,18,0.7777777777777778
517,12,2,3,0,0,17,0.7058823529411765
518,12,1,3,0,0,16,0.75
519,13,2,3,0,0,18,0.7222222222222222
520,12,2,2,0,0,16,0.75
521,13,2,2,0,0,17,0.7647058823529411
522,12,1,3,0,0,16,0.75
523,13,1,3,0,0,17,0.7647058823529411
524,13,1,2,0,0,16,0.8125
525,13,1,2,0,0,16,0.8125
526,12,2,2,0,0,16,0.75
527,11,2,3,0,0,16,0.6875
528,11,2,3,0,0,16,0.6875
529,12,2,2,0,0,16,0.75
530,13,1,2,0,0,16,0.8125
531,11,2,2,0,0,15,0.7333333333333333
532,12,1,2,0,0,15,0.8
533,13,2,3,0,0,18,0.7222222222222222
534,13,2,2,0,0,17,0.7647058823529411
535,14,2,2,0,0,18,0.7777777777777778
536,12,1,3,0,0,16,0.75
537,11,2,3,0,0,16,0.6875
538,13,1,2,0,0,16,0.8125
539,13,2,3,0,0,18,0.7222222222222222
540,12,1,2,0,0,15,0.8
541,14,2,3,0,0,19,0.7368421052631579
542,12,1,3,0,0,16,0.75
543,14,2,2,0,0,18,0.7777777777777778
544,12,1,3,0,0,16,0.75
545,14,1,2,0,0,17,0.8235294117647058
546,13,1,3,0,0,17,0.7647058823529411
547,13,2,3,0,0,18,0.7222222222222222
548,12,1,2,0,0,15,0.8
549,14,1,3,0,0,18,0.7777777777777778
550,13,2,3,0,0,18,0.7222222222222222
551,12,1,3,0,0,16,0.75
552,11,2,3,0,0,16,0.6875
553,11,2,3,0,0,16,0.6875
554,13,2,3,0,0,18,0.7222222222222222
555,10,2,2,0,0,14,0.7142857142857143
556,13,1,3,0,0,17,0.7647058823529411
557,15,1,3,0,0,19,0.7894736842105263
558,15,1,3,0,0,19,0.7894736842105263
559,13,1,2,0,0,16,0.8125
560,12,1,2,0,0,15,0.8
561,11,0,1,0,0,12,0.9166666666666666
562,13,0,2,0,0,15,0.8666666666666667
563,14,2,2,0,0,18,0.7777777777777778
564,13,2,2,0,0,17,0.7647058823529411
565,13,1,2,0,0,16,0.8125
566,14,1,4,0,0,19,0.7368421052631579
567,14,1,4,0,0,19,0.7368421052631579
568,15,1,2,0,0,18,0.8333333333333334
569,13,0,2,0,0,15,0.8666666666666667
570,13,1,2,0,0,16,0.8125
571,15,2,2,0,0,19,0.7894736842105263
572,14,2,3,0,0,19,0.7368421052631579
573,14,2,3,0,0,19,0.7368421052631579
574,14,2,3,0,0,19,0.7368421052631579
575,13,2,3,0,0,18,0.7222222222222222
576,12,2,3,0,0,17,0.7058823529411765
577,14,2,3,0,0,19,0.7368421052631579
578,13,2,3,0,0,18,0.7222222222222222
579,12,2,3,0,0,17,0.7058823529411765
580,12,2,2,0,0,16,0.75
581,14,2,3,0,0,19,0.7368421052631579
582,13,2,3,0,0,18,0.7222222222222222
583,12,2,3,0,0,17,0.7058823529411765
584,13,1,3,0,0,17,0.7647058823529411
585,12,2,3,0,0,17,0.7058823529411765
586,13,2,3,0,0,18,0.7222222222222222
587,13,2,3,0,0,18,0.7222222222222222
588,14,0,3,0,0,17,0.8235294117647058
589,9,2,3,0,0,14,0.6428571428571429
590,13,2,2,0,0,17,0.7647058823529411
591,12,1,3,0,0,16,0.75
592,14,1,3,0,0,18,0.7777777777777778
593,12,1,2,0,0,15,0.8
594,11,1,3,0,0,15,0.7333333333333333
595,13,1,3,0,0,17,0.7647058823529411
596,11,2,3,0,0,16,0.6875
597,12,1,3,0,0,16,0.75
598,15,1,3,0,0,19,0.7894736842105263
599,13,1,3,0,0,17,0.7647058823529411
600,11,2,3,0,0,16,0.6875
601,13,2,3,0,0,18,0.7222222222222222
602,15,2,3,0,0,20,0.75
603,13,1,3,0,0,17,0.7647058823529411
604,13,1,2,0,0,16,0.8125
605,12,2,3,0,0,17,0.7058823529411765
606,13,2,3,0,0,18,0.7222222222222222
607,14,2,3,0,0,19,0.7368421052631579
608,13,1,3,0,0,17,0.7647058823529411
609,12,2,3,0,0,17,0.7058823529411765
610,13,1,3,0,0,17,0.7647058823529411
611,14,2,3,0,0,19,0.7368421052631579
612,13,2,3,0,0,18,0.7222222222222222
613,12,2,3,0,0,17,0.7058823529411765
614,13,2,4,0,0,19,0.6842105263157895
615,13,0,4,0,0,17,0.7647058823529411
616,14,1,3,0,0,18,0.7777777777777778
617,13,2,3,0,0,18,0.7222222222222222
618,14,1,4,0,0,19,0.7368421052631579
619,14,1,4,0,0,19,0.7368421052631579
620,15,1,3,0,0,19,0.7894736842105263
621,14,1,3,0,0,18,0.7777777777777778
622,13,1,3,0,0,17,0.7647058823529411
623,12,1,3,0,0,16,0.75
624,12,1,3,0,0,16,0.75
625,13,1,3,0,0,17,0.7647058823529411
626,12,1,3,0,0,16,0.75
627,13,1,4,0,0,18,0.7222222222222222
628,13,1,3,0,0,17,0.7647058823529411
629,14,1,4,1,0,20,0.7
630,14,1,3,0,0,18,0.7777777777777778
631,14,1,3,0,0,18,0.7777777777777778
632,14,1,3,0,0,18,0.7777777777777778
633,14,1,3,0,0,18,0.7777777777777778
634,14,2,3,0,0,19,0.7368421052631579
635,13,3,3,0,0,19,0.6842105263157895
636,15,1,3,0,0,19,0.7894736842105263
637,10,2,3,0,0,15,0.6666666666666666
638,12,1,3,0,0,16,0.75
639,13,2,3,0,0,18,0.7222222222222222
640,13,2,2,0,0,17,0.7647058823529411
641,13,2,3,0,0,18,0.7222222222222222
642,12,2,3,0,0,17,0.7058823529411765
643,14,3,3,0,0,20,0.7
644,13,2,3,0,0,18,0.7222222222222222
645,12,2,3,0,0,17,0.7058823529411765
646,14,2,3,0,0,19,0.7368421052631579
647,13,1,3,0,0,17,0.7647058823529411
648,13,1,2,0,0,16,0.8125
649,11,2,3,0,0,16,0.6875
650,11,2,3,0,0,16,0.6875
651,13,2,3,0,0,18,0.7222222222222222
652,14,1,3,0,0,18,0.7777777777777778
653,12,2,3,0,0,17,0.7058823529411765
654,14,2,3,0,0,19,0.7368421052631579
655,12,2,3,0,0,17,0.7058823529411765
656,12,2,3,0,0,17,0.7058823529411765
657,13,1,3,0,0,17,0.7647058823529411
658,13,1,3,0,0,17,0.7647058823529411
659,13,2,2,0,0,17,0.7647058823529411
660,14,2,4,0,0,20,0.7
661,14,2,4,0,0,20,0.7
662,13,1,4,0,0,18,0.7222222222222222
663,15,1,4,0,0,20,0.75
664,14,1,3,0,0,18,0.7777777777777778
665,16,1,3,0,0,20,0.8
666,13,1,3,0,0,17,0.7647058823529411
667,12,2,3,0,0,17,0.7058823529411765
668,11,2,3,0,0,16,0.6875
669,13,2,3,0,0,18,0.7222222222222222
670,14,1,4,0,0,19,0.7368421052631579
671,14,2,4,0,0,20,0.7
672,13,2,4,0,0,19,0.6842105263157895
673,15,2,4,0,0,21,0.7142857142857143
674,17,2,4,0,0,23,0.7391304347826086
675,14,1,3,0,0,18,0.7777777777777778
676,14,2,4,0,0,20,0.7
677,14,2,4,0,0,20,0.7
678,15,2,4,0,0,21,0.7142857142857143
679,11,0,4,0,0,15,0.7333333333333333
680,13,3,3,0,0,19,0.6842105263157895
681,13,2,3,0,0,18,0.7222222222222222
682,13,2,2,0,0,17,0.7647058823529411
683,12,2,3,0,0,17,0.7058823529411765
684,12,2,3,0,0,17,0.7058823529411765
685,12,1,3,0,0,16,0.75
686,11,2,3,0,0,16,0.6875
687,11,2,3,0,0,16,0.6875
688,12,2,3,0,0,17,0.7058823529411765
689,14,2,3,0,0,19,0.7368421052631579
690,13,2,3,0,0,18,0.7222222222222222
691,12,2,3,0,0,17,0.7058823529411765
692,12,1,3,0,0,16,0.75
693,14,1,3,0,0,18,0.7777777777777778
694,13,2,3,0,0,18,0.7222222222222222
695,13,2,2,0,0,17,0.7647058823529411
696,13,2,3,0,0,18,0.7222222222222222
697,14,1,3,0,0,18,0.7777777777777778
698,12,2,2,0,0,16,0.75
699,12,2,2,0,0,16,0.75
700,12,2,2,0,0,16,0.75
701,12,1,1,0,0,14,0.8571428571428571
702,12,3,2,0,0,17,0.7058823529411765
703,13,2,2,0,0,17,0.7647058823529411
704,12,2,2,0,0,16,0.75
705,12,1,2,0,0,15,0.8
706,13,1,2,0,0,16,0.8125
707,12,2,2,0,0,16,0.75
708,11,2,2,0,0,15,0.7333333333333333
709,12,2,2,0,0,16,0.75
710,11,2,2,0,0,15,0.7333333333333333
711,12,1,2,0,0,15,0.8
712,11,1,2,0,0,14,0.7857142857142857
713,13,1,3,0,0,17,0.7647058823529411
714,13,1,2,0,0,16,0.8125
715,13,2,2,0,0,17,0.7647058823529411
716,15,1,2,0,0,18,0.8333333333333334
717,13,2,3,0,0,18,0.7222222222222222
718,15,2,2,0,0,19,0.7894736842105263
719,15,2,2,0,0,19,0.7894736842105263
720,14,2,2,0,0,18,0.7777777777777778
721,14,2,2,0,0,18,0.7777777777777778
722,14,2,2,0,0,18,0.7777777777777778
723,13,2,2,0,0,17,0.7647058823529411
724,15,2,2,0,0,19,0.7894736842105263
725,14,2,2,0,0,18,0.7777777777777778
726,14,3,3,0,0,20,0.7
727,13,1,3,0,0,17,0.7647058823529411
728,13,2,3,0,0,18,0.7222222222222222
729,14,2,3,0,0,19,0.7368421052631579
730,15,1,3,0,0,19,0.7894736842105263
731,13,3,3,0,0,19,0.6842105263157895
732,13,2,3,0,0,18,0.7222222222222222
733,12,1,3,0,0,16,0.75
734,14,2,3,0,0,19,0.7368421052631579
735,14,2,2,0,0,18,0.7777777777777778
736,15,2,3,0,0,20,0.75
737,14,2,4,0,0,20,0.7
738,13,2,3,0,0,18,0.7222222222222222
739,15,2,4,0,0,21,0.7142857142857143
740,15,2,3,0,0,20,0.75
741,15,2,4,0,0,21,0.7142857142857143
742,13,2,4,0,0,19,0.6842105263157895
743,14,2,4,0,0,20,0.7
744,11,2,4,0,0,17,0.6470588235294118
745,13,2,2,0,0,17,0.7647058823529411
746,14,1,3,0,0,18,0.7777777777777778
747,13,1,4,0,0,18,0.7222222222222222
748,17,1,4,0,0,22,0.7727272727272727
749,14,1,4,0,0,19,0.7368421052631579
750,13,1,3,0,0,17,0.7647058823529411
751,13,2,4,0,0,19,0.6842105263157895
752,13,2,4,0,0,19,0.6842105263157895
753,14,1,3,0,0,18,0.7777777777777778
754,13,2,4,0,0,19,0.6842105263157895
755,13,1,4,0,0,18,0.7222222222222222
756,13,2,4,0,0,19,0.6842105263157895
757,14,2,4,0,0,20,0.7
758,12,2,4,0,0,18,0.6666666666666666
759,13,1,3,0,0,17,0.7647058823529411
760,13,2,4,0,0,19,0.6842105263157895
761,13,2,3,0,0,18,0.7222222222222222
762,13,2,3,0,0,18,0.7222222222222222
763,15,2,4,0,0,21,0.7142857142857143
764,13,2,4,0,0,19,0.6842105263157895
765,13,2,3,0,0,18,0.7222222222222222
766,14,1,3,0,0,18,0.7777777777777778
767,13,2,3,0,0,18,0.7222222222222222
768,13,2,3,0,0,18,0.7222222222222222
769,13,2,3,0,0,18,0.7222222222222222
770,14,1,2,0,0,17,0.8235294117647058
771,13,2,2,0,0,17,0.7647058823529411
772,12,2,3,0,0,17,0.7058823529411765
773,14,2,3,0,0,19,0.7368421052631579
774,15,2,3,0,0,20,0.75
775,13,2,2,0,0,17,0.7647058823529411
776,13,3,4,0,0,20,0.65
777,14,2,3,0,0,19,0.7368421052631579
778,13,1,2,0,0,16,0.8125
779,13,1,3,0,0,17,0.7647058823529411
780,14,1,2,0,0,17,0.8235294117647058
781,13,2,2,0,0,17,0.7647058823529411
782,13,2,2,0,0,17,0.7647058823529411
783,11,2,3,0,0,16,0.6875
784,12,1,2,0,0,15,0.8
785,13,0,2,0,0,15,0.8666666666666667
786,15,1,4,0,0,20,0.75
787,15,1,3,0,0,19,0.7894736842105263
788,14,1,3,0,0,18,0.7777777777777778
789,12,2,3,0,0,17,0.7058823529411765
790,11,2,3,0,0,16,0.6875
791,14,1,3,0,0,18,0.7777777777777778
792,11,1,3,0,0,15,0.7333333333333333
793,13,1,3,0,0,17,0.7647058823529411
794,14,1,3,0,0,18,0.7777777777777778
795,15,1,3,0,0,19,0.7894736842105263
796,14,2,3,0,0,19,0.7368421052631579
797,14,1,3,0,0,18,0.7777777777777778
798,13,1,3,0,0,17,0.7647058823529411
799,12,0,3,0,0,15,0.8
800,13,1,3,0,0,17,0.7647058823529411
801,15,2,3,0,0,20,0.75
802,13,2,3,0,0,18,0.7222222222222222
803,13,1,3,0,0,17,0.7647058823529411
804,13,1,2,0,0,16,0.8125
805,14,2,2,0,0,18,0.7777777777777778
806,14,2,2,0,0,18,0.7777777777777778
807,13,1,2,0,0,16,0.8125
808,15,1,1,0,0,17,0.8823529411764706
809,14,2,2,0,0,18,0.7777777777777778
810,14,2,2,0,0,18,0.7777777777777778
811,14,1,2,0,0,17,0.8235294117647058
812,15,1,2,0,0,18,0.8333333333333334
813,12,1,2,0,0,15,0.8
814,11,2,2,0,0,15,0.7333333333333333
815,12,1,2,0,0,15,0.8
816,15,2,2,0,0,19,0.7894736842105263
817,13,2,2,0,0,17,0.7647058823529411
818,13,1,3,0,0,17,0.7647058823529411
819,13,1,3,0,0,17,0.7647058823529411
820,14,1,3,0,0,18,0.7777777777777778
821,12,1,3,0,0,16,0.75
822,13,1,4,0,0,18,0.7222222222222222
823,14,0,2,0,0,16,0.875
824,13,1,2,1,0,17,0.7647058823529411
825,15,1,2,0,0,18,0.8333333333333334
826,16,0,3,0,0,19,0.8421052631578947
827,14,1,2,0,0,17,0.8235294117647058
828,14,1,4,0,0,19,0.7368421052631579
829,15,0,2,1,0,18,0.8333333333333334
830,13,1,2,1,0,17,0.7647058823529411
831,13,2,2,0,0,17,0.7647058823529411
832,15,2,2,0,0,19,0.7894736842105263
833,13,2,3,0,0,18,0.7222222222222222
834,13,1,3,0,0,17,0.7647058823529411
835,12,2,3,0,0,17,0.7058823529411765
836,12,2,3,0,0,17,0.7058823529411765
837,13,2,3,0,0,18,0.7222222222222222
838,13,1,3,0,0,17,0.7647058823529411
839,13,1,3,0,0,17,0.7647058823529411
840,14,1,3,0,0,18,0.7777777777777778
841,12,1,2,0,0,15,0.8
842,13,1,2,0,0,16,0.8125
843,16,1,2,1,0,20,0.8
844,16,0,2,0,0,18,0.8888888888888888
845,15,0,2,1,0,18,0.8333333333333334
846,15,1,3,0,0,19,0.7894736842105263
847,13,2,2,0,0,17,0.7647058823529411
848,13,1,2,0,0,16,0.8125
849,12,1,2,0,0,15,0.8
850,14,2,2,0,0,18,0.7777777777777778
851,14,2,3,0,0,19,0.7368421052631579
852,14,2,2,0,0,18,0.7777777777777778
853,17,1,2,1,0,21,0.8095238095238095
854,13,1,2,1,0,17,0.7647058823529411
855,15,0,2,1,0,18,0.8333333333333334
856,15,1,3,1,0,20,0.75
857,14,1,3,1,0,19,0.7368421052631579
858,14,0,2,1,0,17,0.8235294117647058
859,15,1,2,0,0,18,0.8333333333333334
860,16,1,3,1,0,21,0.7619047619047619
861,15,0,2,1,0,18,0.8333333333333334
862,15,0,2,1,0,18,0.8333333333333334
863,14,0,2,1,0,17,0.8235294117647058
864,15,0,2,0,0,17,0.8823529411764706
865,14,1,2,1,0,18,0.7777777777777778
866,15,0,3,1,0,19,0.7894736842105263
867,15,0,3,0,0,18,0.8333333333333334
868,14,0,3,0,0,17,0.8235294117647058
869,15,2,2,1,0,20,0.75
870,14,0,2,0,0,16,0.875
871,14,1,2,0,0,17,0.8235294117647058
872,14,0,2,1,0,17,0.8235294117647058
873,14,1,2,1,0,18,0.7777777777777778
874,15,0,2,0,0,17,0.8823529411764706
875,13,0,2,1,0,16,0.8125
876,14,0,3,1,0,18,0.7777777777777778
877,15,0,3,0,0,18,0.8333333333333334
878,15,1,2,1,0,19,0.7894736842105263
879,14,1,2,0,0,17,0.8235294117647058
880,15,0,3,0,0,18,0.8333333333333334
881,16,0,3,0,0,19,0.8421052631578947
882,14,0,3,0,0,17,0.8235294117647058
883,15,2,3,1,0,21,0.7142857142857143
884,16,2,3,1,0,22,0.7272727272727273
885,13,1,2,1,0,17,0.7647058823529411
886,13,1,3,0,0,17,0.7647058823529411
887,14,0,1,1,0,16,0.875
888,15,1,1,1,0,18,0.8333333333333334
889,13,0,2,0,0,15,0.8666666666666667
890,14,2,1,0,0,17,0.8235294117647058
891,12,2,2,0,0,16,0.75
892,14,1,3,0,0,18,0.7777777777777778
893,13,1,2,0,0,16,0.8125
894,15,1,1,1,0,18,0.8333333333333334
895,13,1,1,0,0,15,0.8666666666666667
896,13,1,1,0,0,15,0.8666666666666667
897,13,1,2,0,0,16,0.8125
898,12,1,2,0,0,15,0.8
899,12,1,1,0,0,14,0.8571428571428571
900,13,1,3,0,0,17,0.7647058823529411
901,12,2,1,0,0,15,0.8
902,14,1,3,0,0,18,0.7777777777777778
903,11,1,2,0,0,14,0.7857142857142857
904,15,1,1,0,0,17,0.8823529411764706
905,13,1,1,0,0,15,0.8666666666666667
906,12,1,2,0,0,15,0.8
907,13,1,1,0,0,15,0.8666666666666667
908,13,1,1,0,0,15,0.8666666666666667
909,15,1,2,0,0,18,0.8333333333333334
910,14,1,1,0,0,16,0.875
911,13,1,1,0,0,15,0.8666666666666667
912,12,1,3,0,0,16,0.75
913,14,0,1,1,0,16,0.875
914,13,1,2,1,0,17,0.7647058823529411
915,15,1,2,1,0,19,0.7894736842105263
916,14,1,2,0,0,17,0.8235294117647058
917,13,1,3,0,0,17,0.7647058823529411
918,15,1,1,1,0,18,0.8333333333333334
919,14,1,2,0,0,17,0.8235294117647058
920,15,1,2,0,0,18,0.8333333333333334
921,14,1,2,1,0,18,0.7777777777777778
922,16,1,1,1,0,19,0.8421052631578947
923,16,1,1,1,0,19,0.8421052631578947
924,15,1,2,1,0,19,0.7894736842105263
925,13,1,1,1,0,16,0.8125
926,14,1,2,0,0,17,0.8235294117647058
927,15,1,2,1,0,19,0.7894736842105263
928,14,1,1,1,0,17,0.8235294117647058
929,14,1,2,0,0,17,0.8235294117647058
930,14,1,1,0,0,16,0.875
931,14,1,2,0,0,17,0.8235294117647058
932,15,1,1,0,0,17,0.8823529411764706
933,15,1,1,1,0,18,0.8333333333333334
934,15,1,1,1,0,18,0.8333333333333334
935,14,1,2,0,0,17,0.8235294117647058
936,16,2,1,1,0,20,0.8
937,15,1,1,1,0,18,0.8333333333333334
938,14,1,1,1,0,17,0.8235294117647058
939,15,1,1,0,0,17,0.8823529411764706
940,14,1,1,0,0,16,0.875
941,13,1,1,1,0,16,0.8125
942,13,1,1,0,0,15,0.8666666666666667
943,15,1,1,0,0,17,0.8823529411764706
944,15,1,2,1,0,19,0.7894736842105263
945,14,1,1,0,0,16,0.875
946,14,0,1,1,0,16,0.875
947,13,0,1,1,0,15,0.8666666666666667
948,15,1,1,1,0,18,0.8333333333333334
949,15,1,1,0,0,17,0.8823529411764706
950,15,1,2,0,0,18,0.8333333333333334
951,15,1,1,1,0,18,0.8333333333333334
952,11,1,2,1,0,15,0.7333333333333333
953,16,2,1,1,0,20,0.8
954,13,1,1,1,0,16,0.8125
955,16,1,1,1,0,19,0.8421052631578947
956,12,1,1,0,0,14,0.8571428571428571
957,13,1,2,1,0,17,0.7647058823529411
958,13,1,2,0,0,16,0.8125
959,15,1,2,0,0,18,0.8333333333333334
960,13,1,2,0,0,16,0.8125
961,15,1,1,1,0,18,0.8333333333333334
962,14,1,1,1,0,17,0.8235294117647058
963,15,1,1,1,0,18,0.8333333333333334
964,13,1,1,1,0,16,0.8125
965,13,0,1,1,0,15,0.8666666666666667
966,13,0,1,0,0,14,0.9285714285714286
967,14,1,1,1,0,17,0.8235294117647058
968,14,2,1,1,0,18,0.7777777777777778
969,12,1,1,1,0,15,0.8
970,15,1,1,1,0,18,0.8333333333333334
971,13,2,2,1,0,18,0.7222222222222222
972,13,1,1,1,0,16,0.8125
973,12,1,2,0,0,15,0.8
974,14,1,2,0,0,17,0.8235294117647058
975,14,1,2,0,0,17,0.8235294117647058
976,12,2,2,0,0,16,0.75
977,13,1,3,0,0,17,0.7647058823529411
978,10,1,2,0,0,13,0.7692307692307693
979,13,1,1,0,0,15,0.8666666666666667
980,13,1,2,0,0,16,0.8125
981,13,2,1,0,0,16,0.8125
982,12,2,1,0,0,15,0.8
983,13,1,2,0,0,16,0.8125
984,13,1,1,0,0,15,0.8666666666666667
985,10,2,2,0,0,14,0.7142857142857143
986,16,2,2,0,0,20,0.8
987,13,2,2,0,0,17,0.7647058823529411
988,12,2,2,0,0,16,0.75
989,15,2,2,1,0,20,0.75
990,16,2,2,1,0,21,0.7619047619047619
991,14,1,2,1,0,18,0.7777777777777778
992,15,1,2,1,0,19,0.7894736842105263
993,13,1,1,0,0,15,0.8666666666666667
994,14,1,2,0,0,17,0.8235294117647058
995,13,1,1,1,0,16,0.8125
996,14,1,1,1,0,17,0.8235294117647058
997,14,1,1,0,0,16,0.875
998,14,1,2,1,0,18,0.7777777777777778
999,14,1,1,1,0,17,0.8235294117647058
1000,14,1,2,1,0,18,0.7777777777777778
1001,14,1,2,1,0,18,0.7777777777777778
1002,14,0,2,1,0,17,0.8235294117647058
1003,14,1,2,1,0,18,0.7777777777777778
1004,13,1,2,1,0,17,0.7647058823529411
1005,13,0,2,1,0,16,0.8125
1006,13,2,2,1,0,18,0.7222222222222222
1007,15,1,2,1,0,19,0.7894736842105263
1008,13,1,1,1,0,16,0.8125
1009,12,1,1,0,0,14,0.8571428571428571
1010,13,1,1,1,0,16,0.8125
1011,14,1,1,1,0,17,0.8235294117647058
1012,13,1,1,1,0,16,0.8125
1013,14,1,1,1,0,17,0.8235294117647058
1014,14,1,1,1,0,17,0.8235294117647058
1015,16,0,2,1,0,19,0.8421052631578947
1016,15,1,1,0,0,17,0.8823529411764706
1017,15,0,1,1,0,17,0.8823529411764706
1018,16,1,1,1,0,19,0.8421052631578947
1019,11,1,1,1,0,14,0.7857142857142857
1020,13,0,1,1,0,15,0.8666666666666667
1021,12,1,1,1,0,15,0.8
1022,16,2,1,1,0,20,0.8
1023,14,2,1,0,0,17,0.8235294117647058
1024,15,2,1,1,0,19,0.7894736842105263
1025,16,2,1,0,0,19,0.8421052631578947
1026,15,1,1,1,0,18,0.8333333333333334
1027,14,1,1,1,0,17,0.8235294117647058
1028,15,1,1,1,0,18,0.8333333333333334
1029,16,1,1,1,0,19,0.8421052631578947
1030,13,0,1,1,0,15,0.8666666666666667
1031,16,1,1,1,0,19,0.8421052631578947
1032,15,1,1,1,0,18,0.8333333333333334
1033,14,1,1,1,0,17,0.8235294117647058
1034,15,2,1,1,0,19,0.7894736842105263
1035,14,2,1,1,0,18,0.7777777777777778
1036,13,1,1,1,0,16,0.8125
1037,15,1,1,1,0,18,0.8333333333333334
1038,15,2,2,1,0,20,0.75
1039,14,1,1,0,0,16,0.875
1040,15,1,1,0,0,17,0.8823529411764706
1041,15,1,2,0,0,18,0.8333333333333334
1042,15,1,1,1,0,18,0.8333333333333334
1043,17,2,3,1,0,23,0.7391304347826086
1044,16,1,2,1,0,20,0.8
1045,15,2,4,1,0,22,0.6818181818181818
1046,16,1,3,1,0,21,0.7619047619047619
1047,14,1,4,0,0,19,0.7368421052631579
1048,13,1,3,0,0,17,0.7647058823529411
1049,14,1,2,0,0,17,0.8235294117647058
1050,12,1,2,1,0,16,0.75
1051,13,1,2,0,0,16,0.8125
1052,14,1,1,1,0,17,0.8235294117647058
1053,13,1,2,1,0,17,0.7647058823529411
1054,13,1,1,1,0,16,0.8125
1055,15,0,1,1,0,17,0.8823529411764706
1056,16,1,1,1,0,19,0.8421052631578947
1057,16,1,2,1,0,20,0.8
1058,14,2,1,1,0,18,0.7777777777777778
1059,16,1,1,1,0,19,0.8421052631578947
1060,16,2,2,1,0,21,0.7619047619047619
1061,16,2,3,1,0,22,0.7272727272727273
1062,15,2,3,1,0,21,0.7142857142857143
1063,14,1,2,1,0,18,0.7777777777777778
1064,16,1,1,1,0,19,0.8421052631578947
1065,13,2,1,0,0,16,0.8125
1066,15,2,2,1,0,20,0.75
1067,16,2,1,0,0,19,0.8421052631578947
1068,14,1,1,0,0,16,0.875
1069,14,0,3,1,0,18,0.7777777777777778
1070,12,2,3,1,0,18,0.6666666666666666
1071,13,1,3,0,0,17,0.7647058823529411
1072,13,1,3,1,0,18,0.7222222222222222
1073,13,2,1,1,0,17,0.7647058823529411
1074,14,1,3,0,0,18,0.7777777777777778
1075,15,2,2,0,0,19,0.7894736842105263
1076,12,1,1,0,0,14,0.8571428571428571
1077,15,2,2,0,0,19,0.7894736842105263
1078,13,2,3,0,0,18,0.7222222222222222
1079,13,2,2,0,0,17,0.7647058823529411
1080,14,2,3,0,0,19,0.7368421052631579
1081,14,2,1,0,0,17,0.8235294117647058
1082,15,2,2,0,0,19,0.7894736842105263
1083,12,2,1,0,0,15,0.8
1084,12,2,1,0,0,15,0.8
1085,14,2,2,0,0,18,0.7777777777777778
1086,11,2,1,0,0,14,0.7857142857142857
1087,14,2,1,0,0,17,0.8235294117647058
1088,13,2,3,0,0,18,0.7222222222222222
1089,13,2,2,0,0,17,0.7647058823529411
1090,13,2,2,0,0,17,0.7647058823529411
1091,11,2,3,0,0,16,0.6875
1092,11,2,4,0,0,17,0.6470588235294118
1093,11,2,3,0,0,16,0.6875
1094,14,2,2,0,0,18,0.7777777777777778
1095,12,1,2,0,0,15,0.8
1096,16,2,2,0,0,20,0.8
1097,12,2,2,0,0,16,0.75
1098,14,2,2,0,0,18,0.7777777777777778
1099,14,2,2,0,0,18,0.7777777777777778
1100,12,2,2,0,0,16,0.75
1101,13,2,3,0,0,18,0.7222222222222222
1102,13,2,2,0,0,17,0.7647058823529411
1103,14,2,2,0,0,18,0.7777777777777778
1104,14,2,2,0,0,18,0.7777777777777778
1105,14,2,2,0,0,18,0.7777777777777778
1106,15,2,3,0,0,20,0.75
1107,13,2,2,0,0,17,0.7647058823529411
1108,14,2,2,0,0,18,0.7777777777777778
1109,14,3,3,0,0,20,0.7
1110,14,2,3,0,0,19,0.7368421052631579
1111,13,2,3,0,0,18,0.7222222222222222
1112,14,2,3,0,0,19,0.7368421052631579
1113,13,2,3,0,0,18,0.7222222222222222
1114,13,2,3,0,0,18,0.7222222222222222
1115,12,2,3,0,0,17,0.7058823529411765
1116,12,2,3,0,0,17,0.7058823529411765
1117,14,2,3,0,0,19,0.7368421052631579
1118,13,2,2,0,0,17,0.7647058823529411
1119,14,2,3,0,0,19,0.7368421052631579
1120,15,1,2,0,0,18,0.8333333333333334
1121,15,2,2,0,0,19,0.7894736842105263
1122,13,2,2,0,0,17,0.7647058823529411
1123,13,2,2,0,0,17,0.7647058823529411
1124,13,2,2,0,0,17,0.7647058823529411
1125,15,2,3,0,0,20,0.75
1126,14,2,3,0,0,19,0.7368421052631579
1127,13,2,3,0,0,18,0.7222222222222222
1128,14,2,3,0,0,19,0.7368421052631579
1129,13,2,3,0,0,18,0.7222222222222222
1130,15,2,3,0,0,20,0.75
1131,13,2,3,0,0,18,0.7222222222222222
1132,15,2,3,0,0,20,0.75
1133,14,2,3,0,0,19,0.7368421052631579
1134,12,2,2,0,0,16,0.75
1135,14,2,4,0,0,20,0.7
1136,14,2,3,0,0,19,0.7368421052631579
1137,13,2,3,0,0,18,0.7222222222222222
1138,12,1,3,0,0,16,0.75
1139,15,2,4,0,0,21,0.7142857142857143
1140,15,2,3,0,0,20,0.75
1141,12,1,3,1,0,17,0.7058823529411765
1142,13,2,3,0,0,18,0.7222222222222222
1143,15,2,3,0,0,20,0.75
1144,14,2,3,0,0,19,0.7368421052631579
1145,12,2,3,0,0,17,0.7058823529411765
1146,14,2,3,0,0,19,0.7368421052631579
1147,14,2,4,0,0,20,0.7
1148,14,2,4,0,0,20,0.7
1149,13,2,3,0,0,18,0.7222222222222222
1150,13,2,3,0,0,18,0.7222222222222222
1151,15,2,3,0,0,20,0.75
1152,14,2,3,0,0,19,0.7368421052631579
1153,14,2,3,0,0,19,0.7368421052631579
1154,13,1,3,0,0,17,0.7647058823529411
1155,13,2,3,0,0,18,0.7222222222222222
1156,14,2,3,0,0,19,0.7368421052631579
1157,15,2,3,0,0,20,0.75
1158,14,1,3,0,0,18,0.7777777777777778
1159,14,2,4,0,0,20,0.7
1160,15,2,3,0,0,20,0.75
1161,14,2,3,0,0,19,0.7368421052631579
1162,15,1,4,0,0,20,0.75
1163,15,2,3,0,0,20,0.75
1164,12,2,3,0,0,17,0.7058823529411765
1165,11,2,4,0,0,17,0.6470588235294118
1166,13,1,3,0,0,17,0.7647058823529411
1167,14,0,3,0,0,17,0.8235294117647058
1168,14,0,3,0,0,17,0.8235294117647058
1169,13,2,3,0,0,18,0.7222222222222222
1170,14,0,3,0,0,17,0.8235294117647058
1171,13,1,3,0,0,17,0.7647058823529411
1172,12,2,4,0,0,18,0.6666666666666666
1173,13,1,3,0,0,17,0.7647058823529411
1174,14,0,4,0,0,18,0.7777777777777778
1175,14,1,3,0,0,18,0.7777777777777778
1176,13,1,3,0,0,17,0.7647058823529411
1177,10,1,3,0,0,14,0.7142857142857143
1178,16,1,3,1,0,21,0.7619047619047619
1179,13,1,4,1,0,19,0.6842105263157895
1180,14,1,3,1,0,19,0.7368421052631579
1181,14,1,3,0,0,18,0.7777777777777778
1182,14,1,3,0,0,18,0.7777777777777778
1183,16,1,3,1,0,21,0.7619047619047619
1184,15,1,3,0,0,19,0.7894736842105263
1185,13,1,3,1,0,18,0.7222222222222222
1186,15,1,3,0,0,19,0.7894736842105263
1187,13,1,3,0,0,17,0.7647058823529411
1188,13,1,3,1,0,18,0.7222222222222222
1189,14,0,4,0,0,18,0.7777777777777778
1190,14,1,4,0,0,19,0.7368421052631579
1191,15,1,4,1,0,21,0.7142857142857143
1192,14,1,4,0,0,19,0.7368421052631579
1193,12,1,4,0,0,17,0.7058823529411765
1194,13,2,4,1,0,20,0.65
1195,14,1,3,1,0,19,0.7368421052631579
1196,12,1,4,1,0,18,0.6666666666666666
1197,14,2,4,0,0,20,0.7
1198,14,1,3,0,0,18,0.7777777777777778
1199,14,1,4,1,0,20,0.7
1200,16,1,3,1,0,21,0.7619047619047619
1201,14,1,3,0,0,18,0.7777777777777778
1202,14,1,4,0,0,19,0.7368421052631579
1203,13,2,3,0,0,18,0.7222222222222222
1204,13,2,3,0,0,18,0.7222222222222222
1205,11,2,3,0,0,16,0.6875
1206,12,2,3,0,0,17,0.7058823529411765
1207,12,2,4,0,0,18,0.6666666666666666
1208,11,2,4,0,0,17,0.6470588235294118
1209,13,2,4,0,0,19,0.6842105263157895
1210,14,2,4,0,0,20,0.7
1211,14,2,4,0,0,20,0.7
1212,12,1,3,0,0,16,0.75
1213,14,2,4,0,0,20,0.7
1214,13,1,3,0,0,17,0.7647058823529411
1215,11,1,3,0,0,15,0.7333333333333333
1216,13,1,3,0,0,17,0.7647058823529411
1217,11,1,4,0,0,16,0.6875
1218,14,2,3,0,0,19,0.7368421052631579
1219,13,2,4,0,0,19,0.6842105263157895
1220,14,1,4,0,0,19,0.7368421052631579
1221,14,1,4,0,0,19,0.7368421052631579
1222,13,1,3,0,0,17,0.7647058823529411
1223,11,1,4,0,0,16,0.6875
1224,14,1,3,0,0,18,0.7777777777777778
1225,12,1,3,0,0,16,0.75
1226,14,1,4,0,0,19,0.7368421052631579
1227,12,2,3,0,0,17,0.7058823529411765
1228,13,2,3,0,0,18,0.7222222222222222
1229,13,1,4,0,0,18,0.7222222222222222
1230,14,1,4,0,0,19,0.7368421052631579
1231,12,1,3,0,0,16,0.75
1232,13,2,4,0,0,19,0.6842105263157895
1233,15,2,4,0,0,21,0.7142857142857143
1234,13,2,3,0,0,18,0.7222222222222222
1235,12,1,3,0,0,16,0.75
1236,12,1,4,0,0,17,0.7058823529411765
1237,13,2,3,0,0,18,0.7222222222222222
1238,14,1,3,0,0,18,0.7777777777777778
1239,14,1,3,0,0,18,0.7777777777777778
1240,11,1,4,0,0,16,0.6875
1241,14,1,3,0,0,18,0.7777777777777778
1242,12,1,3,0,0,16,0.75
1243,12,1,3,0,0,16,0.75
1244,12,1,4,0,0,17,0.7058823529411765
1245,13,1,3,0,0,17,0.7647058823529411
1246,14,1,4,0,0,19,0.7368421052631579
1247,12,2,3,0,0,17,0.7058823529411765
1248,12,1,4,0,0,17,0.7058823529411765
1249,14,1,4,0,0,19,0.7368421052631579
1250,13,2,3,0,0,18,0.7222222222222222
1251,11,2,3,0,0,16,0.6875
1252,13,2,3,0,0,18,0.7222222222222222
1253,14,2,3,0,0,19,0.7368421052631579
1254,11,2,3,0,0,16,0.6875
1255,13,2,3,0,0,18,0.7222222222222222
1256,12,2,3,0,0,17,0.7058823529411765
1257,14,2,3,0,0,19,0.7368421052631579
1258,12,2,3,0,0,17,0.7058823529411765
1259,11,1,3,0,0,15,0.7333333333333333
1260,11,1,3,0,0,15,0.7333333333333333
1261,12,1,3,0,0,16,0.75
1262,12,2,3,0,0,17,0.7058823529411765
1263,11,1,4,0,0,16,0.6875
1264,10,1,3,0,0,14,0.7142857142857143
1265,11,1,3,0,0,15,0.7333333333333333
1266,12,1,4,1,0,18,0.6666666666666666
1267,14,1,3,0,0,18,0.7777777777777778
1268,14,1,4,0,0,19,0.7368421052631579
1269,11,1,3,0,0,15,0.7333333333333333
1270,12,1,4,1,0,18,0.6666666666666666
1271,12,1,3,0,0,16,0.75
1272,12,1,3,1,0,17,0.7058823529411765
1273,13,1,3,0,0,17,0.7647058823529411
1274,14,1,4,0,0,19,0.7368421052631579
1275,11,1,4,0,0,16,0.6875
1276,14,1,4,0,0,19,0.7368421052631579
1277,13,1,3,0,0,17,0.7647058823529411
1278,13,1,4,0,0,18,0.7222222222222222
1279,13,1,4,0,0,18,0.7222222222222222
1280,11,1,3,0,0,15,0.7333333333333333
1281,14,1,4,0,0,19,0.7368421052631579
1282,13,2,3,0,0,18,0.7222222222222222
1283,12,1,4,0,0,17,0.7058823529411765
1284,11,1,4,0,0,16,0.6875
1285,11,2,3,0,0,16,0.6875
1286,14,1,4,0,0,19,0.7368421052631579
1287,12,2,3,0,0,17,0.7058823529411765
1288,13,1,4,0,0,18,0.7222222222222222
1289,12,1,4,0,0,17,0.7058823529411765
1290,12,1,3,1,0,17,0.7058823529411765
1291,13,1,4,0,0,18,0.7222222222222222
1292,12,1,3,0,0,16,0.75
1293,12,1,3,0,0,16,0.75
1294,13,1,4,0,0,18,0.7222222222222222
1295,14,1,4,0,0,19,0.7368421052631579
1296,14,0,3,0,0,17,0.8235294117647058
1297,14,2,4,0,0,20,0.7
1298,15,2,3,0,0,20,0.75
1299,13,2,3,0,0,18,0.7222222222222222
1300,13,2,3,0,0,18,0.7222222222222222
1301,13,2,4,0,0,19,0.6842105263157895
1302,13,1,4,0,0,18,0.7222222222222222
1303,14,2,3,0,0,19,0.7368421052631579
1304,12,0,4,0,0,16,0.75
1305,14,1,4,0,0,19,0.7368421052631579
1306,13,2,3,0,0,18,0.7222222222222222
1307,9,2,3,0,0,14,0.6428571428571429
1308,13,2,3,0,0,18,0.7222222222222222
1309,13,1,4,0,0,18,0.7222222222222222
1310,14,0,4,0,0,18,0.7777777777777778
1311,14,2,3,0,0,19,0.7368421052631579
1312,15,2,3,0,0,20,0.75
1313,13,1,3,0,0,17,0.7647058823529411
1314,15,2,3,0,0,20,0.75
1315,12,2,3,0,0,17,0.7058823529411765
1316,12,2,3,0,0,17,0.7058823529411765
1317,12,2,3,0,0,17,0.7058823529411765
1318,12,1,3,0,0,16,0.75
1319,12,1,3,0,0,16,0.75
1320,15,2,4,0,0,21,0.7142857142857143
1321,13,1,4,0,0,18,0.7222222222222222
1322,13,1,3,0,0,17,0.7647058823529411
1323,11,2,3,0,0,16,0.6875
1324,11,1,3,0,0,15,0.7333333333333333
1325,14,2,3,0,0,19,0.7368421052631579
1326,11,1,3,0,0,15,0.7333333333333333
1327,14,1,4,0,0,19,0.7368421052631579
1328,13,1,4,0,0,18,0.7222222222222222
1329,14,1,4,0,0,19,0.7368421052631579
1330,16,0,4,0,0,20,0.8
1331,13,1,4,0,0,18,0.7222222222222222
1332,14,1,3,1,0,19,0.7368421052631579
1333,14,0,3,0,0,17,0.8235294117647058
1334,13,0,4,1,0,18,0.7222222222222222
1335,14,1,3,1,0,19,0.7368421052631579
1336,16,1,3,1,0,21,0.7619047619047619
1337,14,1,3,0,0,18,0.7777777777777778
1338,15,1,3,1,0,20,0.75
1339,13,1,3,0,0,17,0.7647058823529411
1340,13,1,3,1,0,18,0.7222222222222222
1341,12,1,4,1,0,18,0.6666666666666666
1342,14,1,4,0,0,19,0.7368421052631579
1343,12,1,4,0,0,17,0.7058823529411765
1344,15,1,3,0,0,19,0.7894736842105263
1345,13,1,3,1,0,18,0.7222222222222222
1346,14,1,3,1,0,19,0.7368421052631579
1347,15,0,4,0,0,19,0.7894736842105263
1348,14,1,3,1,0,19,0.7368421052631579
1349,15,1,3,1,0,20,0.75
1350,11,1,4,0,0,16,0.6875
1351,16,1,3,1,0,21,0.7619047619047619
1352,10,0,4,0,0,14,0.7142857142857143
1353,16,1,3,1,0,21,0.7619047619047619
1354,15,1,3,1,0,20,0.75
1355,14,1,4,0,0,19,0.7368421052631579
1356,13,1,4,0,0,18,0.7222222222222222
1357,14,1,3,1,0,19,0.7368421052631579
1358,15,1,3,1,0,20,0.75
1359,15,2,3,1,0,21,0.7142857142857143
1360,13,2,4,1,0,20,0.65
1361,12,1,4,0,0,17,0.7058823529411765
1362,11,2,4,0,0,17,0.6470588235294118
1363,10,1,4,0,0,15,0.6666666666666666
1364,15,1,4,0,0,20,0.75
1365,13,0,3,1,0,17,0.7647058823529411
1366,12,0,3,0,0,15,0.8
1367,15,2,3,1,0,21,0.7142857142857143
1368,11,2,3,0,0,16,0.6875
1369,12,0,4,0,0,16,0.75
1370,12,0,3,1,0,16,0.75
1371,13,1,4,0,0,18,0.7222222222222222
1372,14,1,3,1,0,19,0.7368421052631579
1373,12,0,3,1,0,16,0.75
1374,14,1,3,1,0,19,0.7368421052631579
1375,16,0,3,1,0,20,0.8
1376,14,1,3,1,0,19,0.7368421052631579
1377,16,1,3,0,0,20,0.8
1378,14,1,3,1,0,19,0.7368421052631579
1379,14,2,4,0,0,20,0.7
1380,15,1,4,0,0,20,0.75
1381,14,1,3,1,0,19,0.7368421052631579
1382,13,1,4,1,0,19,0.6842105263157895
1383,14,1,4,1,0,20,0.7
1384,14,1,3,1,0,19,0.7368421052631579
1385,13,1,4,0,0,18,0.7222222222222222
1386,14,1,4,0,0,19,0.7368421052631579
1387,14,1,4,1,0,20,0.7
1388,17,2,3,0,0,22,0.7727272727272727
1389,15,1,4,1,0,21,0.7142857142857143
1390,11,1,3,0,0,15,0.7333333333333333
1391,15,1,4,1,0,21,0.7142857142857143
1392,13,1,4,0,0,18,0.7222222222222222
1393,13,1,4,1,0,19,0.6842105263157895
1394,14,2,4,0,0,20,0.7
1395,15,1,4,0,0,20,0.75
1396,14,1,4,1,0,20,0.7
1397,15,1,3,1,0,20,0.75
1398,15,1,4,1,0,21,0.7142857142857143
1399,16,1,4,1,0,22,0.7272727272727273
1400,14,1,4,0,0,19,0.7368421052631579
1401,16,1,3,1,0,21,0.7619047619047619
1402,14,0,3,1,0,18,0.7777777777777778
1403,16,1,3,1,0,21,0.7619047619047619
1404,11,1,3,1,0,16,0.6875
1405,16,1,3,1,0,21,0.7619047619047619
1406,14,1,3,1,0,19,0.7368421052631579
1407,14,1,3,0,0,18,0.7777777777777778
1408,13,1,3,1,0,18,0.7222222222222222
1409,15,0,4,1,0,20,0.75
1410,15,0,3,1,0,19,0.7894736842105263
1411,11,1,3,1,0,16,0.6875
1412,12,1,3,0,0,16,0.75
1413,11,1,3,1,0,16,0.6875
1414,14,1,3,1,0,19,0.7368421052631579
1415,13,1,3,0,0,17,0.7647058823529411
1416,13,1,4,0,0,18,0.7222222222222222
1417,14,1,3,0,0,18,0.7777777777777778
1418,13,1,3,0,0,17,0.7647058823529411
1419,13,2,3,0,0,18,0.7222222222222222
1420,12,2,3,0,0,17,0.7058823529411765
1421,12,2,3,0,0,17,0.7058823529411765
1422,13,2,3,0,0,18,0.7222222222222222
1423,11,2,3,0,0,16,0.6875
1424,12,2,3,0,0,17,0.7058823529411765
1425,12,2,3,0,0,17,0.7058823529411765
1426,13,2,3,0,0,18,0.7222222222222222
1427,13,2,3,0,0,18,0.7222222222222222
1428,12,2,3,0,0,17,0.7058823529411765
1429,13,2,3,0,0,18,0.7222222222222222
1430,11,2,3,0,0,16,0.6875
1431,13,3,3,0,0,19,0.6842105263157895
1432,13,2,3,0,0,18,0.7222222222222222
1433,14,2,3,0,0,19,0.7368421052631579
1434,14,2,3,0,0,19,0.7368421052631579
1435,14,2,3,0,0,19,0.7368421052631579
1436,14,2,3,0,0,19,0.7368421052631579
1437,15,2,4,0,0,21,0.7142857142857143
1438,13,2,3,0,0,18,0.7222222222222222
1439,13,2,3,0,0,18,0.7222222222222222
1440,13,2,3,0,0,18,0.7222222222222222
1441,15,3,3,0,0,21,0.7142857142857143
1442,10,3,3,0,0,16,0.625
1443,12,2,3,0,0,17,0.7058823529411765
1444,12,2,3,0,0,17,0.7058823529411765
1445,14,2,3,0,0,19,0.7368421052631579
1446,13,2,3,0,0,18,0.7222222222222222
1447,13,3,3,0,0,19,0.6842105263157895
1448,11,3,3,0,0,17,0.6470588235294118
1449,10,2,3,0,0,15,0.6666666666666666
1450,14,2,3,0,0,19,0.7368421052631579
1451,12,2,3,0,0,17,0.7058823529411765
1452,13,2,3,0,0,18,0.7222222222222222
1453,12,2,3,0,0,17,0.7058823529411765
1454,14,3,3,0,0,20,0.7
1455,13,2,3,0,0,18,0.7222222222222222
1456,13,3,3,0,0,19,0.6842105263157895
1457,12,2,4,0,0,18,0.6666666666666666
1458,13,1,4,0,0,18,0.7222222222222222
1459,12,2,4,0,0,18,0.6666666666666666
1460,13,2,4,0,0,19,0.6842105263157895
1461,14,2,3,0,0,19,0.7368421052631579
1462,13,2,3,0,0,18,0.7222222222222222
1463,14,2,3,0,0,19,0.7368421052631579
1464,13,2,3,0,0,18,0.7222222222222222
1465,16,1,4,0,0,21,0.7619047619047619
1466,14,2,3,0,0,19,0.7368421052631579
1467,14,2,3,0,0,19,0.7368421052631579
1468,15,2,3,0,0,20,0.75
1469,14,2,3,0,0,19,0.7368421052631579
1470,11,2,3,0,0,16,0.6875
1471,12,1,3,0,0,16,0.75
1472,13,2,3,0,0,18,0.7222222222222222
1473,15,1,4,0,0,20,0.75
1474,12,1,3,0,0,16,0.75
1475,14,1,3,0,0,18,0.7777777777777778
1476,13,1,3,0,0,17,0.7647058823529411
1477,13,1,3,0,0,17,0.7647058823529411
1478,11,2,3,0,0,16,0.6875
1479,13,2,3,0,0,18,0.7222222222222222
1480,13,2,3,0,0,18,0.7222222222222222
1481,12,2,3,0,0,17,0.7058823529411765
1482,11,1,3,0,0,15,0.7333333333333333
1483,12,1,4,0,0,17,0.7058823529411765
1484,14,1,3,1,0,19,0.7368421052631579
1485,13,1,3,0,0,17,0.7647058823529411
1486,14,1,3,0,0,18,0.7777777777777778
1487,13,1,4,0,0,18,0.7222222222222222
1488,13,1,3,0,0,17,0.7647058823529411
1489,12,1,4,0,0,17,0.7058823529411765
1490,11,0,3,0,0,14,0.7857142857142857
1491,13,1,3,0,0,17,0.7647058823529411
1492,14,2,3,0,0,19,0.7368421052631579
1493,12,2,3,0,0,17,0.7058823529411765
1494,12,2,3,0,0,17,0.7058823529411765
1495,13,1,4,0,0,18,0.7222222222222222
1496,14,1,3,1,0,19,0.7368421052631579
1497,15,1,3,1,0,20,0.75
1498,14,1,3,1,0,19,0.7368421052631579
1499,14,1,3,1,0,19,0.7368421052631579
1500,16,2,3,1,0,22,0.7272727272727273
1501,16,1,3,0,0,20,0.8
1502,15,0,4,1,0,20,0.75
1503,13,1,3,1,0,18,0.7222222222222222
1504,15,1,3,1,0,20,0.75
1505,16,0,3,1,0,20,0.8
1506,15,1,3,1,0,20,0.75
1507,16,1,3,1,0,21,0.7619047619047619
1508,14,1,3,1,0,19,0.7368421052631579
1509,13,1,3,1,0,18,0.7222222222222222
1510,15,1,3,1,0,20,0.75
1511,17,1,3,1,0,22,0.7727272727272727
1512,15,1,3,1,0,20,0.75
1513,15,1,3,0,0,19,0.7894736842105263
1514,16,1,3,0,0,20,0.8
1515,13,1,3,1,0,18,0.7222222222222222
1516,16,1,3,1,0,21,0.7619047619047619
1517,13,2,3,1,0,19,0.6842105263157895
1518,14,1,3,1,0,19,0.7368421052631579
1519,15,1,3,0,0,19,0.7894736842105263
1520,13,1,3,1,0,18,0.7222222222222222
1521,14,1,3,1,0,19,0.7368421052631579
1522,15,1,3,1,0,20,0.75
1523,15,1,2,1,0,19,0.7894736842105263
1524,15,1,3,1,0,20,0.75
1525,16,1,3,1,0,21,0.7619047619047619
1526,14,1,3,1,0,19,0.7368421052631579
1527,16,1,3,1,0,21,0.7619047619047619
1528,15,1,3,1,0,20,0.75
1529,14,1,3,0,0,18,0.7777777777777778
1530,14,1,3,1,0,19,0.7368421052631579
1531,15,1,3,1,0,20,0.75
1532,15,1,3,1,0,20,0.75
1533,16,1,3,1,0,21,0.7619047619047619
1534,15,1,3,1,0,20,0.75
1535,15,1,3,1,0,20,0.75
1536,14,0,3,1,0,18,0.7777777777777778
1537,15,1,3,1,0,20,0.75
1538,14,1,3,0,0,18,0.7777777777777778
1539,14,1,3,1,0,19,0.7368421052631579
1540,16,1,3,1,0,21,0.7619047619047619
1541,15,1,3,1,0,20,0.75
1542,15,1,3,0,0,19,0.7894736842105263
1543,15,1,3,1,0,20,0.75
1544,14,1,3,1,0,19,0.7368421052631579
1545,15,1,3,0,0,19,0.7894736842105263
1546,16,1,3,1,0,21,0.7619047619047619
1547,15,1,3,1,0,20,0.75
1548,14,1,3,1,0,19,0.7368421052631579
1549,14,0,3,1,0,18,0.7777777777777778
1550,13,1,3,0,0,17,0.7647058823529411
1551,12,1,3,1,0,17,0.7058823529411765
1552,16,1,3,1,0,21,0.7619047619047619
1553,14,1,3,1,0,19,0.7368421052631579
1554,15,1,3,1,0,20,0.75
1555,16,1,3,1,0,21,0.7619047619047619
1556,14,1,3,0,0,18,0.7777777777777778
1557,14,1,3,1,0,19,0.7368421052631579
1558,15,1,3,1,0,20,0.75
1559,14,0,3,1,0,18,0.7777777777777778
1560,12,1,3,1,0,17,0.7058823529411765
1561,14,1,3,1,0,19,0.7368421052631579
1562,13,1,3,1,0,18,0.7222222222222222
1563,14,0,3,1,0,18,0.7777777777777778
1564,16,1,3,1,0,21,0.7619047619047619
1565,14,1,3,0,0,18,0.7777777777777778
1566,14,1,3,1,0,19,0.7368421052631579
1567,13,0,3,1,0,17,0.7647058823529411
1568,16,1,3,1,0,21,0.7619047619047619
1569,17,1,3,0,0,21,0.8095238095238095
1570,15,1,3,1,0,20,0.75
1571,14,1,3,1,0,19,0.7368421052631579
1572,15,1,3,0,0,19,0.7894736842105263
1573,16,1,3,1,0,21,0.7619047619047619
1574,15,1,3,1,0,20,0.75
1575,14,1,3,1,0,19,0.7368421052631579
1576,14,1,3,1,0,19,0.7368421052631579
1577,15,1,3,1,0,20,0.75
1578,16,1,3,0,0,20,0.8
1579,15,1,3,1,0,20,0.75
1580,13,1,3,0,0,17,0.7647058823529411
1581,14,1,3,1,0,19,0.7368421052631579
1582,16,1,3,1,0,21,0.7619047619047619
1583,14,1,3,0,0,18,0.7777777777777778
1584,16,1,3,1,0,21,0.7619047619047619
1585,11,1,3,1,0,16,0.6875
1586,16,1,3,1,0,21,0.7619047619047619
1587,15,1,3,0,0,19,0.7894736842105263
1588,15,1,4,0,0,20,0.75
1589,14,1,4,1,0,20,0.7
1590,14,1,3,1,0,19,0.7368421052631579
1591,15,1,3,1,0,20,0.75
1592,14,1,3,1,0,19,0.7368421052631579
1593,14,1,3,1,0,19,0.7368421052631579
1594,14,2,3,0,0,19,0.7368421052631579
1595,16,1,3,1,0,21,0.7619047619047619
1596,13,1,3,0,0,17,0.7647058823529411
1597,14,1,3,1,0,19,0.7368421052631579
1598,13,1,3,1,0,18,0.7222222222222222
1599,12,1,3,0,0,16,0.75
1600,15,1,3,0,0,19,0.7894736842105263
1601,16,1,3,0,0,20,0.8
1602,13,1,3,1,0,18,0.7222222222222222
1603,15,1,3,0,0,19,0.7894736842105263
1604,15,1,3,0,0,19,0.7894736842105263
1605,12,0,4,0,0,16,0.75
1606,15,1,3,1,0,20,0.75
1607,12,1,3,0,0,16,0.75
1608,14,1,3,1,0,19,0.7368421052631579
1609,16,1,3,0,0,20,0.8
1610,14,1,3,0,0,18,0.7777777777777778
1611,11,1,3,1,0,16,0.6875
1612,14,1,3,1,0,19,0.7368421052631579
1613,15,0,3,1,0,19,0.7894736842105263
1614,14,1,3,1,0,19,0.7368421052631579
1615,16,1,3,1,0,21,0.7619047619047619
1616,15,1,3,1,0,20,0.75
1617,14,1,3,1,0,19,0.7368421052631579
1618,14,0,4,1,0,19,0.7368421052631579
1619,15,1,4,0,0,20,0.75
1620,13,1,4,0,0,18,0.7222222222222222
1621,13,2,3,0,0,18,0.7222222222222222
1622,15,1,3,1,0,20,0.75
1623,16,1,4,1,0,22,0.7272727272727273
1624,14,1,3,0,0,18,0.7777777777777778
1625,13,0,3,1,0,17,0.7647058823529411
1626,14,1,4,0,0,19,0.7368421052631579
1627,15,1,4,0,0,20,0.75
1628,14,1,3,1,0,19,0.7368421052631579
1629,12,1,3,0,0,16,0.75
1630,13,1,3,1,0,18,0.7222222222222222
1631,12,1,3,1,0,17,0.7058823529411765
1632,14,1,3,1,0,19,0.7368421052631579
1633,12,1,3,1,0,17,0.7058823529411765
1634,13,0,4,0,0,17,0.7647058823529411
1635,11,1,4,1,0,17,0.6470588235294118
1636,11,2,3,0,0,16,0.6875
1637,11,1,3,0,0,15,0.7333333333333333
1638,11,2,3,0,0,16,0.6875
1639,13,2,3,0,0,18,0.7222222222222222
1640,14,2,3,0,0,19,0.7368421052631579
1641,11,2,3,0,0,16,0.6875
1642,13,2,3,0,0,18,0.7222222222222222
1643,15,2,4,0,0,21,0.7142857142857143
1644,13,1,3,0,0,17,0.7647058823529411
1645,15,2,3,0,0,20,0.75
1646,13,1,3,0,0,17,0.7647058823529411
1647,15,2,3,0,0,20,0.75
1648,10,1,3,0,0,14,0.7142857142857143
1649,10,1,4,0,0,15,0.6666666666666666
1650,10,2,3,0,0,15,0.6666666666666666
1651,10,2,3,0,0,15,0.6666666666666666
1652,12,1,3,0,0,16,0.75
1653,12,2,3,0,0,17,0.7058823529411765
1654,14,2,3,0,0,19,0.7368421052631579
1655,13,2,3,0,0,18,0.7222222222222222
1656,12,2,4,0,0,18,0.6666666666666666
1657,13,2,3,1,0,19,0.6842105263157895
1658,13,2,4,0,0,19,0.6842105263157895
1659,14,2,3,0,0,19,0.7368421052631579
1660,13,1,3,0,0,17,0.7647058823529411
1661,13,1,3,0,0,17,0.7647058823529411
1662,12,2,3,0,0,17,0.7058823529411765
1663,13,2,3,0,0,18,0.7222222222222222
1664,13,1,4,0,0,18,0.7222222222222222
1665,12,1,3,0,0,16,0.75
1666,15,2,3,0,0,20,0.75
1667,15,1,3,0,0,19,0.7894736842105263
1668,12,1,3,0,0,16,0.75
1669,14,2,3,0,0,19,0.7368421052631579
1670,14,1,3,0,0,18,0.7777777777777778
1671,13,2,3,0,0,18,0.7222222222222222
1672,13,1,3,0,0,17,0.7647058823529411
1673,13,1,3,0,0,17,0.7647058823529411
1674,14,2,3,0,0,19,0.7368421052631579
1675,15,2,3,0,0,20,0.75
1676,10,1,4,0,0,15,0.6666666666666666
1677,11,1,4,0,0,16,0.6875
1678,13,2,3,0,0,18,0.7222222222222222
1679,13,2,4,0,0,19,0.6842105263157895
1680,11,2,3,0,0,16,0.6875
1681,13,1,3,0,0,17,0.7647058823529411
1682,13,1,4,0,0,18,0.7222222222222222
1683,14,2,4,0,0,20,0.7
1684,12,2,3,0,0,17,0.7058823529411765
1685,13,2,3,0,0,18,0.7222222222222222
1686,11,2,3,0,0,16,0.6875
1687,12,2,3,0,0,17,0.7058823529411765
1688,13,2,3,0,0,18,0.7222222222222222
1689,13,1,4,0,0,18,0.7222222222222222
1690,13,1,3,0,0,17,0.7647058823529411
1691,13,0,3,0,0,16,0.8125
1692,13,2,3,0,0,18,0.7222222222222222
1693,12,2,3,0,0,17,0.7058823529411765
1694,10,1,3,0,0,14,0.7142857142857143
1695,13,2,3,0,0,18,0.7222222222222222
1696,13,2,3,0,0,18,0.7222222222222222
1697,13,2,3,0,0,18,0.7222222222222222
1698,11,1,3,0,0,15,0.7333333333333333
1699,12,1,3,0,0,16,0.75
1700,12,1,3,0,0,16,0.75
1701,13,1,3,0,0,17,0.7647058823529411
1702,12,1,3,0,0,16,0.75
1703,12,1,3,0,0,16,0.75
1704,11,1,3,0,0,15,0.7333333333333333
1705,14,1,3,0,0,18,0.7777777777777778
1706,11,2,3,0,0,16,0.6875
1707,13,2,3,0,0,18,0.7222222222222222
1708,11,2,3,0,0,16,0.6875
1709,11,1,3,0,0,15,0.7333333333333333
1710,12,2,3,0,0,17,0.7058823529411765
1711,12,2,3,0,0,17,0.7058823529411765
1712,14,2,3,0,0,19,0.7368421052631579
1713,11,2,3,0,0,16,0.6875
1714,13,1,3,0,0,17,0.7647058823529411
1715,12,1,3,0,0,16,0.75
1716,14,0,3,0,0,17,0.8235294117647058
1717,14,2,3,0,0,19,0.7368421052631579
1718,14,2,3,0,0,19,0.7368421052631579
1719,12,1,3,0,0,16,0.75
1720,12,2,3,0,0,17,0.7058823529411765
1721,15,2,3,0,0,20,0.75
1722,14,1,3,0,0,18,0.7777777777777778
1723,11,2,3,0,0,16,0.6875
1724,12,1,3,0,0,16,0.75
1725,13,0,3,0,0,16,0.8125
1726,14,2,3,0,0,19,0.7368421052631579
1727,13,2,3,0,0,18,0.7222222222222222
1728,13,2,3,0,0,18,0.7222222222222222
1729,9,2,3,0,0,14,0.6428571428571429
1730,15,1,3,0,0,19,0.7894736842105263
1731,14,2,3,0,0,19,0.7368421052631579
1732,13,1,3,0,0,17,0.7647058823529411
1733,15,2,3,0,0,20,0.75
1734,12,2,3,0,0,17,0.7058823529411765
1735,13,2,3,0,0,18,0.7222222222222222
1736,12,1,3,0,0,16,0.75
1737,13,1,3,0,0,17,0.7647058823529411
1738,11,1,3,0,0,15,0.7333333333333333
1739,13,1,4,0,0,18,0.7222222222222222
1740,13,1,4,0,0,18,0.7222222222222222
1741,12,1,3,1,0,17,0.7058823529411765
1742,16,1,3,1,0,21,0.7619047619047619
1743,15,1,3,1,0,20,0.75
1744,14,1,3,0,0,18,0.7777777777777778
1745,15,1,3,0,0,19,0.7894736842105263
1746,14,1,3,0,0,18,0.7777777777777778
1747,15,1,3,0,0,19,0.7894736842105263
1748,15,1,3,1,0,20,0.75
1749,13,1,3,1,0,18,0.7222222222222222
1750,15,1,3,1,0,20,0.75
1751,14,1,3,1,0,19,0.7368421052631579
1752,14,1,3,0,0,18,0.7777777777777778
1753,14,1,4,0,0,19,0.7368421052631579
1754,16,1,3,1,0,21,0.7619047619047619
1755,13,2,4,1,0,20,0.65
1756,16,0,4,1,0,21,0.7619047619047619
1757,14,2,3,0,0,19,0.7368421052631579
1758,15,2,4,0,0,21,0.7142857142857143
1759,15,1,4,0,0,20,0.75
1760,14,2,4,0,0,20,0.7
1761,14,1,4,0,0,19,0.7368421052631579
1762,13,2,3,0,0,18,0.7222222222222222
1763,15,2,4,0,0,21,0.7142857142857143
1764,14,2,3,0,0,19,0.7368421052631579
1765,14,2,4,0,0,20,0.7
1766,13,2,3,0,0,18,0.7222222222222222
1767,15,1,3,1,0,20,0.75
1768,13,2,4,1,0,20,0.65
1769,16,1,3,1,0,21,0.7619047619047619
1770,14,2,3,0,0,19,0.7368421052631579
1771,13,2,3,0,0,18,0.7222222222222222
1772,12,1,4,0,0,17,0.7058823529411765
1773,11,2,3,0,0,16,0.6875
1774,11,2,3,0,0,16,0.6875
1775,13,2,3,0,0,18,0.7222222222222222
1776,12,2,3,0,0,17,0.7058823529411765
1777,14,2,3,0,0,19,0.7368421052631579
1778,12,2,3,0,0,17,0.7058823529411765
1779,11,2,3,0,0,16,0.6875
1780,12,2,3,0,0,17,0.7058823529411765
1781,11,2,3,0,0,16,0.6875
1782,12,2,3,0,0,17,0.7058823529411765
1783,12,2,3,0,0,17,0.7058823529411765
1784,12,2,3,0,0,17,0.7058823529411765
1785,15,2,3,0,0,20,0.75
1786,14,2,3,0,0,19,0.7368421052631579
1787,10,2,3,0,0,15,0.6666666666666666
1788,12,2,3,0,0,17,0.7058823529411765
1789,10,1,3,0,0,14,0.7142857142857143
1790,12,2,3,0,0,17,0.7058823529411765
1791,12,2,3,0,0,17,0.7058823529411765
1792,13,2,3,0,0,18,0.7222222222222222
1793,12,1,4,0,0,17,0.7058823529411765
1794,13,2,3,0,0,18,0.7222222222222222
1795,17,1,4,1,0,23,0.7391304347826086
1796,16,1,3,1,0,21,0.7619047619047619
1797,12,1,4,0,0,17,0.7058823529411765
1798,15,2,4,0,0,21,0.7142857142857143
1799,13,2,3,1,0,19,0.6842105263157895
1800,14,1,3,0,0,18,0.7777777777777778
1801,15,1,3,0,0,19,0.7894736842105263
1802,14,1,3,1,0,19,0.7368421052631579
1803,14,0,3,1,0,18,0.7777777777777778
1804,11,1,4,0,0,16,0.6875
1805,12,1,3,0,0,16,0.75
1806,15,2,4,0,0,21,0.7142857142857143
1807,14,0,3,1,0,18,0.7777777777777778
1808,15,1,3,0,0,19,0.7894736842105263
1809,10,1,3,0,0,14,0.7142857142857143
1810,13,1,3,1,0,18,0.7222222222222222
1811,15,1,3,0,0,19,0.7894736842105263
1812,13,1,3,1,0,18,0.7222222222222222
1813,14,1,3,0,0,18,0.7777777777777778
1814,15,1,3,1,0,20,0.75
1815,14,1,4,0,0,19,0.7368421052631579
1816,14,1,3,1,0,19,0.7368421052631579
1817,15,1,3,0,0,19,0.7894736842105263
1818,13,1,3,1,0,18,0.7222222222222222
1819,16,1,3,1,0,21,0.7619047619047619
1820,14,1,3,1,0,19,0.7368421052631579
1821,15,0,3,1,0,19,0.7894736842105263
1822,15,1,3,0,0,19,0.7894736842105263
1823,16,2,3,1,0,22,0.7272727272727273
1824,15,1,3,0,0,19,0.7894736842105263
1825,15,1,3,1,0,20,0.75
1826,14,1,3,1,0,19,0.7368421052631579
1827,13,0,3,1,0,17,0.7647058823529411
1828,12,2,4,0,0,18,0.6666666666666666
1829,11,1,3,0,0,15,0.7333333333333333
1830,11,1,4,0,0,16,0.6875
1831,14,1,3,1,0,19,0.7368421052631579
1832,11,1,3,0,0,15,0.7333333333333333
1833,15,1,3,1,0,20,0.75
1834,16,1,3,1,0,21,0.7619047619047619
1835,12,0,4,1,0,17,0.7058823529411765
1836,14,1,3,1,0,19,0.7368421052631579
1837,13,0,3,1,0,17,0.7647058823529411
1838,14,1,3,1,0,19,0.7368421052631579
1839,13,1,3,1,0,18,0.7222222222222222
1840,15,1,3,1,0,20,0.75
1841,14,1,3,0,0,18,0.7777777777777778
1842,15,0,3,1,0,19,0.7894736842105263
1843,14,1,4,1,0,20,0.7
1844,14,1,4,0,0,19,0.7368421052631579
1845,12,1,4,1,0,18,0.6666666666666666
1846,14,1,4,0,0,19,0.7368421052631579
1847,14,1,4,0,0,19,0.7368421052631579
1848,14,1,4,0,0,19,0.7368421052631579
1849,13,1,4,0,0,18,0.7222222222222222
1850,15,2,4,0,0,21,0.7142857142857143
1851,15,2,4,0,0,21,0.7142857142857143
1852,11,0,3,0,0,14,0.7857142857142857
1853,14,1,3,1,0,19,0.7368421052631579
1854,12,1,4,0,0,17,0.7058823529411765
1855,15,1,3,1,0,20,0.75
1856,13,0,3,1,0,17,0.7647058823529411
1857,11,1,4,1,0,17,0.6470588235294118
1858,14,1,3,1,0,19,0.7368421052631579
1859,14,0,3,1,0,18,0.7777777777777778
1860,15,0,4,1,0,20,0.75
1861,12,1,4,0,0,17,0.7058823529411765
1862,14,1,3,1,0,19,0.7368421052631579
1863,12,1,3,1,0,17,0.7058823529411765
1864,14,1,3,1,0,19,0.7368421052631579
1865,14,1,3,1,0,19,0.7368421052631579
1866,16,0,3,1,0,20,0.8
1867,16,0,3,1,0,20,0.8
1868,14,1,4,1,0,20,0.7
1869,16,0,4,1,0,21,0.7619047619047619
1870,14,0,4,0,0,18,0.7777777777777778
1871,12,1,4,0,0,17,0.7058823529411765
1872,14,0,4,0,0,18,0.7777777777777778
1873,12,2,4,0,0,18,0.6666666666666666
1874,13,2,4,1,0,20,0.65
1875,13,0,4,1,0,18,0.7222222222222222
1876,14,1,4,1,0,20,0.7
1877,14,2,4,0,0,20,0.7
1878,13,1,3,0,0,17,0.7647058823529411
1879,15,1,3,1,0,20,0.75
1880,15,1,4,0,0,20,0.75
1881,13,1,3,0,0,17,0.7647058823529411
1882,16,1,4,0,0,21,0.7619047619047619
1883,14,1,4,0,0,19,0.7368421052631579
1884,12,1,4,0,0,17,0.7058823529411765
1885,13,0,3,0,0,16,0.8125
1886,12,1,3,1,0,17,0.7058823529411765
1887,16,1,3,1,0,21,0.7619047619047619
1888,14,1,4,1,0,20,0.7
1889,13,1,4,0,0,18,0.7222222222222222
1890,15,1,3,1,0,20,0.75
1891,14,0,3,1,0,18,0.7777777777777778
1892,14,0,3,1,0,18,0.7777777777777778
1893,16,1,3,1,0,21,0.7619047619047619
1894,14,1,3,1,0,19,0.7368421052631579
1895,14,1,3,1,0,19,0.7368421052631579
1896,14,1,4,1,0,20,0.7
1897,12,1,4,0,0,17,0.7058823529411765
1898,12,1,3,0,0,16,0.75
1899,14,1,4,1,0,20,0.7
1900,14,1,3,1,0,19,0.7368421052631579
1901,13,1,3,0,0,17,0.7647058823529411
1902,14,1,4,0,0,19,0.7368421052631579
1903,14,1,2,0,0,17,0.8235294117647058
1904,12,1,3,1,0,17,0.7058823529411765
1905,13,1,3,1,0,18,0.7222222222222222
1906,11,1,3,0,0,15,0.7333333333333333
1907,14,1,3,0,0,18,0.7777777777777778
1908,12,1,3,1,0,17,0.7058823529411765
1909,13,1,3,0,0,17,0.7647058823529411
1910,12,2,3,1,0,18,0.6666666666666666
1911,13,1,4,1,0,19,0.6842105263157895
1912,13,1,3,1,0,18,0.7222222222222222
1913,15,1,3,0,0,19,0.7894736842105263
1914,12,1,4,0,0,17,0.7058823529411765
1915,9,1,3,1,0,14,0.6428571428571429
1916,13,1,3,1,0,18,0.7222222222222222
1917,13,1,4,1,0,19,0.6842105263157895
1918,14,1,3,0,0,18,0.7777777777777778
1919,11,1,3,0,0,15,0.7333333333333333
1920,14,0,3,0,0,17,0.8235294117647058
1921,14,1,3,0,0,18,0.7777777777777778
1922,15,1,3,1,0,20,0.75
1923,13,1,4,0,0,18,0.7222222222222222
1924,11,0,4,0,0,15,0.7333333333333333
1925,11,0,4,0,0,15,0.7333333333333333
1926,13,1,4,1,0,19,0.6842105263157895
1927,13,1,3,1,0,18,0.7222222222222222
1928,16,1,3,0,0,20,0.8
1929,14,0,3,1,0,18,0.7777777777777778
1930,13,0,3,1,0,17,0.7647058823529411
1931,12,1,3,1,0,17,0.7058823529411765
1932,16,1,3,1,0,21,0.7619047619047619
1933,15,0,4,0,0,19,0.7894736842105263
1934,15,1,3,1,0,20,0.75
1935,14,1,4,1,0,20,0.7
1936,14,1,3,1,0,19,0.7368421052631579
1937,12,0,4,1,0,17,0.7058823529411765
1938,14,1,4,1,0,20,0.7
1939,15,1,3,1,0,20,0.75
1940,12,1,4,0,0,17,0.7058823529411765
1941,13,1,3,0,0,17,0.7647058823529411
1942,11,1,4,0,0,16,0.6875
1943,15,1,3,1,0,20,0.75
1944,14,1,3,1,0,19,0.7368421052631579
1945,14,1,3,1,0,19,0.7368421052631579
1946,15,1,3,1,0,20,0.75
1947,13,2,4,0,0,19,0.6842105263157895
1948,12,1,3,0,0,16,0.75
1949,12,1,4,0,0,17,0.7058823529411765
1950,16,1,3,1,0,21,0.7619047619047619
1951,13,1,3,1,0,18,0.7222222222222222
1952,14,1,3,1,0,19,0.7368421052631579
1953,13,1,4,1,0,19,0.6842105263157895
1954,14,0,3,1,0,18,0.7777777777777778
1955,11,1,3,0,0,15,0.7333333333333333
1956,12,1,3,1,0,17,0.7058823529411765
1957,12,1,3,1,0,17,0.7058823529411765
1958,14,1,3,0,0,18,0.7777777777777778
1959,13,1,4,0,0,18,0.7222222222222222
1960,13,1,3,0,0,17,0.7647058823529411
1961,11,1,4,0,0,16,0.6875
1962,17,1,3,1,0,22,0.7727272727272727
1963,16,1,3,0,0,20,0.8
1964,15,1,3,0,0,19,0.7894736842105263
1965,10,1,4,0,0,15,0.6666666666666666
1966,12,2,3,0,0,17,0.7058823529411765
1967,14,1,4,1,0,20,0.7
1968,14,1,3,1,0,19,0.7368421052631579
1969,14,1,4,1,0,20,0.7
1970,14,1,4,1,0,20,0.7
1971,13,0,4,1,0,18,0.7222222222222222
1972,15,1,3,1,0,20,0.75
1973,15,1,1,1,0,18,0.8333333333333334
1974,15,1,1,0,0,17,0.8823529411764706
1975,13,1,1,1,0,16,0.8125
1976,12,1,3,0,0,16,0.75
1977,15,1,3,1,0,20,0.75
1978,14,1,2,1,0,18,0.7777777777777778
1979,14,1,4,0,0,19,0.7368421052631579
1980,14,1,4,1,0,20,0.7
1981,14,1,3,1,0,19,0.7368421052631579
1982,14,1,3,1,0,19,0.7368421052631579
1983,13,1,3,0,0,17,0.7647058823529411
1984,14,1,3,0,0,18,0.7777777777777778
1985,13,1,3,0,0,17,0.7647058823529411
1986,16,1,4,0,0,21,0.7619047619047619
1987,13,0,3,1,0,17,0.7647058823529411
1988,13,1,4,0,0,18,0.7222222222222222
1989,14,1,3,1,0,19,0.7368421052631579
1990,15,1,3,0,0,19,0.7894736842105263
1991,16,0,3,1,0,20,0.8
1992,14,1,3,0,0,18,0.7777777777777778
1993,12,1,3,1,0,17,0.7058823529411765
1994,14,1,2,1,0,18,0.7777777777777778
1995,15,1,3,0,0,19,0.7894736842105263
1996,14,1,1,0,0,16,0.875
1997,13,1,3,1,0,18,0.7222222222222222
1998,14,1,1,0,0,16,0.875
1999,14,0,2,0,0,16,0.875
2000,15,1,2,1,0,19,0.7894736842105263
2001,14,1,1,0,0,16,0.875
2002,15,2,1,0,0,18,0.8333333333333334
2003,14,1,2,0,0,17,0.8235294117647058
2004,16,1,1,0,0,18,0.8888888888888888
2005,16,1,1,1,0,19,0.8421052631578947
2006,13,1,1,0,0,15,0.8666666666666667
2007,15,1,1,0,0,17,0.8823529411764706
2008,11,0,1,1,0,13,0.8461538461538461
2009,15,1,1,0,0,17,0.8823529411764706
2010,15,1,2,0,0,18,0.8333333333333334
2011,15,1,2,1,0,19,0.7894736842105263
2012,15,0,2,0,0,17,0.8823529411764706
2013,14,1,2,1,0,18,0.7777777777777778
2014,17,1,2,1,0,21,0.8095238095238095
2015,16,1,2,0,0,19,0.8421052631578947
2016,13,1,3,0,0,17,0.7647058823529411
2017,16,1,1,0,0,18,0.8888888888888888
2018,15,1,2,1,0,19,0.7894736842105263
2019,15,1,2,0,0,18,0.8333333333333334
2020,14,1,2,1,0,18,0.7777777777777778
2021,13,1,2,1,0,17,0.7647058823529411
2022,13,1,2,1,0,17,0.7647058823529411
2023,13,1,2,0,0,16,0.8125
2024,15,1,1,0,0,17,0.8823529411764706
2025,14,2,1,1,0,18,0.7777777777777778
2026,15,1,1,1,0,18,0.8333333333333334
2027,14,0,3,0,0,17,0.8235294117647058
2028,10,1,2,0,0,13,0.7692307692307693
2029,13,1,2,0,0,16,0.8125
2030,13,1,1,0,0,15,0.8666666666666667
2031,14,1,2,0,0,17,0.8235294117647058
2032,15,1,1,0,0,17,0.8823529411764706
2033,13,1,1,0,0,15,0.8666666666666667
2034,13,1,1,0,0,15,0.8666666666666667
2035,13,1,1,0,0,15,0.8666666666666667
2036,13,1,1,0,0,15,0.8666666666666667
2037,13,1,1,0,0,15,0.8666666666666667
2038,10,1,2,0,0,13,0.7692307692307693
2039,10,1,1,0,0,12,0.8333333333333334
2040,12,1,2,0,0,15,0.8
2041,11,2,1,0,0,14,0.7857142857142857
2042,11,1,2,0,0,14,0.7857142857142857
2043,12,1,2,0,0,15,0.8
2044,11,2,1,0,0,14,0.7857142857142857
2045,11,0,2,1,0,14,0.7857142857142857
2046,13,1,1,1,0,16,0.8125
2047,13,1,2,0,0,16,0.8125
2048,13,0,3,1,0,17,0.7647058823529411
2049,14,1,3,1,0,19,0.7368421052631579
2050,14,1,3,1,0,19,0.7368421052631579
2051,11,1,3,0,0,15,0.7333333333333333
2052,11,2,3,1,0,17,0.6470588235294118
2053,13,1,3,1,0,18,0.7222222222222222
2054,14,1,3,0,0,18,0.7777777777777778
2055,13,1,3,0,0,17,0.7647058823529411
2056,16,1,3,0,0,20,0.8
2057,14,1,3,0,0,18,0.7777777777777778
2058,14,2,3,0,0,19,0.7368421052631579
2059,12,2,3,1,0,18,0.6666666666666666
2060,13,1,3,1,0,18,0.7222222222222222
2061,12,1,3,1,0,17,0.7058823529411765
2062,13,2,3,1,0,19,0.6842105263157895
2063,13,0,3,1,0,17,0.7647058823529411
2064,12,0,3,1,0,16,0.75
2065,11,1,3,0,0,15,0.7333333333333333
2066,12,0,3,1,0,16,0.75
2067,13,2,3,1,0,19,0.6842105263157895
2068,13,1,3,1,0,18,0.7222222222222222
2069,14,0,4,0,0,18,0.7777777777777778
2070,13,0,3,0,0,16,0.8125
2071,12,0,3,1,0,16,0.75
2072,12,0,3,0,0,15,0.8
2073,13,2,3,0,0,18,0.7222222222222222
2074,10,1,3,1,0,15,0.6666666666666666
2075,15,1,3,1,0,20,0.75
2076,15,2,3,0,0,20,0.75
2077,16,1,3,1,0,21,0.7619047619047619
2078,15,1,3,1,0,20,0.75
2079,14,1,3,1,0,19,0.7368421052631579
2080,13,1,3,1,0,18,0.7222222222222222
2081,15,1,3,1,0,20,0.75
2082,15,1,3,0,0,19,0.7894736842105263
2083,13,1,3,1,0,18,0.7222222222222222
2084,13,0,3,1,0,17,0.7647058823529411
2085,12,0,3,1,0,16,0.75
2086,14,1,3,0,0,18,0.7777777777777778
2087,13,1,3,0,0,17,0.7647058823529411
2088,13,0,3,1,0,17,0.7647058823529411
2089,12,1,3,1,0,17,0.7058823529411765
2090,12,1,3,1,0,17,0.7058823529411765
2091,14,1,3,1,0,19,0.7368421052631579
2092,15,1,3,1,0,20,0.75
2093,15,1,3,1,0,20,0.75
2094,10,1,4,0,0,15,0.6666666666666666
2095,13,2,3,1,0,19,0.6842105263157895
2096,15,1,3,0,0,19,0.7894736842105263
2097,11,1,3,0,0,15,0.7333333333333333
2098,13,1,3,0,0,17,0.7647058823529411
2099,15,1,3,1,0,20,0.75
2100,10,0,4,0,0,14,0.7142857142857143
2101,14,1,3,1,0,19,0.7368421052631579
2102,14,0,4,0,0,18,0.7777777777777778
2103,14,1,3,1,0,19,0.7368421052631579
2104,14,1,3,0,0,18,0.7777777777777778
2105,15,1,3,1,0,20,0.75
2106,15,1,4,0,0,20,0.75
2107,15,0,3,1,0,19,0.7894736842105263
2108,13,1,3,1,0,18,0.7222222222222222
2109,13,1,3,1,0,18,0.7222222222222222
2110,14,1,4,0,0,19,0.7368421052631579
2111,14,1,3,1,0,19,0.7368421052631579
2112,14,1,3,1,0,19,0.7368421052631579
2113,13,1,3,0,0,17,0.7647058823529411
2114,11,1,4,0,0,16,0.6875
2115,13,0,3,1,0,17,0.7647058823529411
2116,14,1,3,1,0,19,0.7368421052631579
2117,11,1,3,0,0,15,0.7333333333333333
2118,13,0,3,1,0,17,0.7647058823529411
2119,15,0,3,0,0,18,0.8333333333333334
2120,12,1,3,0,0,16,0.75
2121,12,0,3,0,0,15,0.8
2122,15,0,3,1,0,19,0.7894736842105263
2123,15,1,3,1,0,20,0.75
2124,14,1,3,0,0,18,0.7777777777777778
2125,13,1,3,0,0,17,0.7647058823529411
2126,14,0,3,1,0,18,0.7777777777777778
2127,15,0,3,1,0,19,0.7894736842105263
2128,14,1,3,0,0,18,0.7777777777777778
2129,16,1,3,1,0,21,0.7619047619047619
2130,13,1,3,1,0,18,0.7222222222222222
2131,12,1,3,0,0,16,0.75
2132,12,1,4,0,0,17,0.7058823529411765
2133,13,0,3,0,0,16,0.8125
2134,15,1,3,1,0,20,0.75
2135,13,0,3,1,0,17,0.7647058823529411
2136,13,1,3,1,0,18,0.7222222222222222
2137,13,1,3,1,0,18,0.7222222222222222
2138,10,1,3,0,0,14,0.7142857142857143
2139,14,1,4,1,0,20,0.7
2140,12,1,3,0,0,16,0.75
2141,13,1,4,0,0,18,0.7222222222222222
2142,14,1,3,0,0,18,0.7777777777777778
2143,14,1,3,0,0,18,0.7777777777777778
2144,14,1,3,0,0,18,0.7777777777777778
2145,12,1,4,0,0,17,0.7058823529411765
2146,14,1,3,1,0,19,0.7368421052631579
2147,12,1,3,0,0,16,0.75
2148,13,0,3,0,0,16,0.8125
2149,15,1,4,0,0,20,0.75
2150,13,1,3,0,0,17,0.7647058823529411
2151,12,1,3,0,0,16,0.75
2152,13,1,3,0,0,17,0.7647058823529411
2153,14,1,4,0,0,19,0.7368421052631579
2154,12,2,3,0,0,17,0.7058823529411765
2155,14,1,4,0,0,19,0.7368421052631579
2156,13,1,3,0,0,17,0.7647058823529411
2157,12,1,4,0,0,17,0.7058823529411765
2158,14,1,3,0,0,18,0.7777777777777778
2159,13,2,4,0,0,19,0.6842105263157895
2160,14,1,3,0,0,18,0.7777777777777778
2161,11,1,3,0,0,15,0.7333333333333333
2162,12,1,3,0,0,16,0.75
2163,16,0,3,1,0,20,0.8
2164,15,1,4,0,0,20,0.75
2165,15,0,3,1,0,19,0.7894736842105263
2166,14,1,3,1,0,19,0.7368421052631579
2167,15,0,3,1,0,19,0.7894736842105263
2168,17,0,3,1,0,21,0.8095238095238095
2169,16,0,3,1,0,20,0.8
2170,15,0,3,1,0,19,0.7894736842105263
2171,16,0,4,1,0,21,0.7619047619047619
2172,14,0,2,0,0,16,0.875
2173,17,0,3,1,0,21,0.8095238095238095
2174,13,0,3,1,0,17,0.7647058823529411
2175,13,0,3,1,0,17,0.7647058823529411
2176,14,0,3,1,0,18,0.7777777777777778
2177,16,0,3,1,0,20,0.8
2178,15,2,3,1,0,21,0.7142857142857143
2179,13,0,3,1,0,17,0.7647058823529411
2180,16,0,4,0,0,20,0.8
2181,15,0,3,1,0,19,0.7894736842105263
2182,14,1,3,1,0,19,0.7368421052631579
2183,15,0,3,0,0,18,0.8333333333333334
2184,16,0,3,1,0,20,0.8
2185,15,0,3,1,0,19,0.7894736842105263
2186,15,0,3,1,0,19,0.7894736842105263
2187,15,1,3,1,0,20,0.75
2188,16,0,3,1,0,20,0.8
2189,17,0,3,1,0,21,0.8095238095238095
2190,16,0,3,1,0,20,0.8
2191,16,0,3,1,0,20,0.8
2192,15,0,3,1,0,19,0.7894736842105263
2193,17,0,3,1,0,21,0.8095238095238095
2194,15,0,3,1,0,19,0.7894736842105263
2195,15,0,3,1,0,19,0.7894736842105263
2196,16,0,3,1,0,20,0.8
2197,16,1,3,1,0,21,0.7619047619047619
2198,14,1,3,1,0,19,0.7368421052631579
2199,15,2,4,0,0,21,0.7142857142857143
2200,12,1,4,1,0,18,0.6666666666666666
2201,15,1,3,0,0,19,0.7894736842105263
2202,15,1,3,0,0,19,0.7894736842105263
2203,12,1,3,1,0,17,0.7058823529411765
2204,14,1,4,0,0,19,0.7368421052631579
2205,16,1,3,1,0,21,0.7619047619047619
2206,16,1,3,0,0,20,0.8
2207,16,1,3,1,0,21,0.7619047619047619
2208,14,1,3,0,0,18,0.7777777777777778
2209,14,1,4,0,0,19,0.7368421052631579
2210,15,1,4,1,0,21,0.7142857142857143
2211,15,1,3,1,0,20,0.75
2212,13,1,3,1,0,18,0.7222222222222222
2213,14,0,3,1,0,18,0.7777777777777778
2214,15,1,4,0,0,20,0.75
2215,13,1,3,0,0,17,0.7647058823529411
2216,15,1,3,1,0,20,0.75
2217,15,1,3,1,0,20,0.75
2218,14,1,4,1,0,20,0.7
2219,16,2,3,1,0,22,0.7272727272727273
2220,13,0,4,1,0,18,0.7222222222222222
2221,15,1,3,1,0,20,0.75
2222,17,1,3,1,0,22,0.7727272727272727
2223,16,1,4,1,0,22,0.7272727272727273
2224,16,1,3,0,0,20,0.8
2225,14,1,3,1,0,19,0.7368421052631579
2226,14,0,4,0,0,18,0.7777777777777778
2227,14,1,4,1,0,20,0.7
2228,14,1,3,1,0,19,0.7368421052631579
2229,15,1,4,0,0,20,0.75
2230,12,1,3,0,0,16,0.75
2231,14,1,4,1,0,20,0.7
2232,16,1,3,1,0,21,0.7619047619047619
2233,16,1,3,1,0,21,0.7619047619047619
2234,15,1,4,0,0,20,0.75
2235,17,1,3,1,0,22,0.7727272727272727
2236,12,1,3,0,0,16,0.75
2237,13,1,3,0,0,17,0.7647058823529411
2238,13,1,4,1,0,19,0.6842105263157895
2239,15,1,3,1,0,20,0.75
2240,15,2,4,1,0,22,0.6818181818181818
2241,15,0,3,1,0,19,0.7894736842105263
2242,14,2,4,0,0,20,0.7
2243,15,1,3,1,0,20,0.75
2244,14,1,4,0,0,19,0.7368421052631579
2245,12,1,4,0,0,17,0.7058823529411765
2246,15,1,3,1,0,20,0.75
2247,14,0,4,1,0,19,0.7368421052631579
2248,13,1,4,0,0,18,0.7222222222222222
2249,14,0,4,0,0,18,0.7777777777777778
2250,14,1,4,0,0,19,0.7368421052631579
2251,14,1,4,0,0,19,0.7368421052631579
2252,17,1,3,1,0,22,0.7727272727272727
2253,15,1,3,1,0,20,0.75
2254,14,0,4,0,0,18,0.7777777777777778
2255,13,0,3,1,0,17,0.7647058823529411
2256,16,1,3,1,0,21,0.7619047619047619
2257,14,1,3,1,0,19,0.7368421052631579
2258,14,1,3,1,0,19,0.7368421052631579
2259,15,1,3,1,0,20,0.75
2260,16,1,3,1,0,21,0.7619047619047619
2261,16,2,3,0,0,21,0.7619047619047619
2262,13,1,4,0,0,18,0.7222222222222222
2263,13,0,3,1,0,17,0.7647058823529411
2264,13,1,4,0,0,18,0.7222222222222222
2265,14,0,3,1,0,18,0.7777777777777778
2266,14,1,3,0,0,18,0.7777777777777778
2267,15,1,3,0,0,19,0.7894736842105263
2268,13,1,3,1,0,18,0.7222222222222222
2269,13,1,4,1,0,19,0.6842105263157895
2270,13,0,3,1,0,17,0.7647058823529411
2271,12,0,4,0,0,16,0.75
2272,16,0,3,1,0,20,0.8
2273,13,0,4,0,0,17,0.7647058823529411
2274,15,1,3,0,0,19,0.7894736842105263
2275,14,1,3,1,0,19,0.7368421052631579
2276,14,1,3,1,0,19,0.7368421052631579
2277,14,1,3,0,0,18,0.7777777777777778
2278,15,1,3,1,0,20,0.75
2279,13,0,3,0,0,16,0.8125
2280,15,1,3,0,0,19,0.7894736842105263
2281,14,0,4,0,0,18,0.7777777777777778
2282,13,1,3,1,0,18,0.7222222222222222
2283,12,1,3,0,0,16,0.75
2284,16,1,3,0,0,20,0.8
2285,16,0,3,1,0,20,0.8
2286,14,0,3,0,0,17,0.8235294117647058
2287,15,1,4,1,0,21,0.7142857142857143
2288,13,1,4,0,0,18,0.7222222222222222
2289,15,1,4,1,0,21,0.7142857142857143
2290,14,0,3,0,0,17,0.8235294117647058
2291,15,1,3,1,0,20,0.75
2292,12,1,3,1,0,17,0.7058823529411765
2293,11,1,4,1,0,17,0.6470588235294118
2294,15,1,3,1,0,20,0.75
2295,15,1,3,1,0,20,0.75
2296,14,1,3,0,0,18,0.7777777777777778
2297,14,1,3,0,0,18,0.7777777777777778
2298,14,1,3,1,0,19,0.7368421052631579
2299,14,1,4,0,0,19,0.7368421052631579
2300,16,0,3,1,0,20,0.8
2301,14,1,4,0,0,19,0.7368421052631579
2302,14,1,4,1,0,20,0.7
2303,14,1,4,1,0,20,0.7
2304,15,1,3,1,0,20,0.75
2305,14,1,3,0,0,18,0.7777777777777778
2306,15,1,3,0,0,19,0.7894736842105263
2307,16,1,3,1,0,21,0.7619047619047619
2308,14,1,3,1,0,19,0.7368421052631579
2309,16,1,3,1,0,21,0.7619047619047619
2310,15,2,4,1,0,22,0.6818181818181818
2311,15,1,3,1,0,20,0.75
2312,15,1,3,1,0,20,0.75
2313,12,1,3,0,0,16,0.75
2314,15,1,4,1,0,21,0.7142857142857143
2315,15,1,3,1,0,20,0.75
2316,16,1,3,1,0,21,0.7619047619047619
2317,14,1,3,1,0,19,0.7368421052631579
2318,13,1,3,1,0,18,0.7222222222222222
2319,16,1,3,1,0,21,0.7619047619047619
2320,14,1,3,1,0,19,0.7368421052631579
2321,15,2,4,0,0,21,0.7142857142857143
2322,14,1,4,1,0,20,0.7
2323,15,2,4,1,0,22,0.6818181818181818
2324,13,1,4,0,0,18,0.7222222222222222
2325,13,1,3,0,0,17,0.7647058823529411
2326,12,1,4,1,0,18,0.6666666666666666
2327,16,1,3,1,0,21,0.7619047619047619
2328,15,1,3,0,0,19,0.7894736842105263
2329,14,1,4,1,0,20,0.7
2330,14,1,3,1,0,19,0.7368421052631579
2331,13,1,3,1,0,18,0.7222222222222222
2332,15,1,3,0,0,19,0.7894736842105263
2333,16,1,3,1,0,21,0.7619047619047619
2334,13,1,4,0,0,18,0.7222222222222222
2335,13,1,3,1,0,18,0.7222222222222222
2336,14,1,3,1,0,19,0.7368421052631579
2337,15,0,3,1,0,19,0.7894736842105263
2338,15,0,3,1,0,19,0.7894736842105263
2339,16,2,3,1,0,22,0.7272727272727273
2340,14,1,3,0,0,18,0.7777777777777778
2341,13,0,3,1,0,17,0.7647058823529411
2342,15,0,3,1,0,19,0.7894736842105263
2343,14,1,3,1,0,19,0.7368421052631579
2344,11,1,3,1,0,16,0.6875
2345,15,1,3,1,0,20,0.75
2346,15,1,4,0,0,20,0.75
2347,14,1,3,1,0,19,0.7368421052631579
2348,16,1,3,1,0,21,0.7619047619047619
2349,12,1,3,1,0,17,0.7058823529411765
2350,14,2,3,1,0,20,0.7
2351,13,2,3,0,0,18,0.7222222222222222
2352,15,2,4,0,0,21,0.7142857142857143
2353,12,1,4,0,0,17,0.7058823529411765
2354,13,1,3,1,0,18,0.7222222222222222
2355,12,1,3,1,0,17,0.7058823529411765
2356,13,1,4,0,0,18,0.7222222222222222
2357,14,1,3,0,0,18,0.7777777777777778
2358,10,1,4,1,0,16,0.625
2359,15,1,4,1,0,21,0.7142857142857143
2360,11,1,4,1,0,17,0.6470588235294118
2361,14,1,4,1,0,20,0.7
2362,15,1,3,1,0,20,0.75
2363,14,1,3,1,0,19,0.7368421052631579
2364,12,1,4,0,0,17,0.7058823529411765
2365,14,1,4,1,0,20,0.7
2366,13,0,4,0,0,17,0.7647058823529411
2367,13,1,3,1,0,18,0.7222222222222222
2368,14,0,3,1,0,18,0.7777777777777778
2369,14,0,3,1,0,18,0.7777777777777778
2370,15,0,3,1,0,19,0.7894736842105263
2371,15,0,3,0,0,18,0.8333333333333334
2372,16,1,3,1,0,21,0.7619047619047619
2373,14,1,4,1,0,20,0.7
2374,13,1,3,1,0,18,0.7222222222222222
2375,14,1,4,1,0,20,0.7
2376,10,1,4,0,0,15,0.6666666666666666
2377,13,1,3,1,0,18,0.7222222222222222
2378,14,1,3,1,0,19,0.7368421052631579
2379,13,1,3,1,0,18,0.7222222222222222
2380,14,1,3,1,0,19,0.7368421052631579
2381,15,1,3,0,0,19,0.7894736842105263
2382,15,1,3,1,0,20,0.75
2383,13,0,3,1,0,17,0.7647058823529411
2384,15,1,3,1,0,20,0.75
2385,12,1,3,0,0,16,0.75
2386,14,1,4,0,0,19,0.7368421052631579
2387,15,1,3,1,0,20,0.75
2388,12,1,3,0,0,16,0.75
2389,14,1,3,0,0,18,0.7777777777777778
2390,13,0,4,0,0,17,0.7647058823529411
2391,14,1,3,1,0,19,0.7368421052631579
2392,16,0,3,1,0,20,0.8
2393,14,1,3,0,0,18,0.7777777777777778
2394,14,1,4,1,0,20,0.7
2395,12,1,3,0,0,16,0.75
2396,14,1,3,0,0,18,0.7777777777777778
2397,14,1,4,0,0,19,0.7368421052631579
2398,13,1,3,0,0,17,0.7647058823529411
2399,14,1,3,0,0,18,0.7777777777777778
2400,13,1,3,1,0,18,0.7222222222222222
2401,13,1,3,1,0,18,0.7222222222222222
2402,13,0,4,0,0,17,0.7647058823529411
2403,14,1,3,1,0,19,0.7368421052631579
2404,15,1,3,1,0,20,0.75
2405,14,1,3,1,0,19,0.7368421052631579
2406,15,1,3,0,0,19,0.7894736842105263
2407,17,1,3,1,0,22,0.7727272727272727
2408,16,1,3,1,0,21,0.7619047619047619
2409,16,1,3,1,0,21,0.7619047619047619
2410,15,1,3,0,0,19,0.7894736842105263
2411,14,1,3,1,0,19,0.7368421052631579
2412,15,1,3,0,0,19,0.7894736842105263
2413,14,1,3,1,0,19,0.7368421052631579
2414,14,1,3,1,0,19,0.7368421052631579
2415,15,1,3,1,0,20,0.75
2416,16,1,3,1,0,21,0.7619047619047619
2417,15,2,3,1,0,21,0.7142857142857143
2418,16,1,3,1,0,21,0.7619047619047619
2419,15,1,3,1,0,20,0.75
2420,16,1,3,1,0,21,0.7619047619047619
2421,16,1,3,1,0,21,0.7619047619047619
2422,14,0,3,0,0,17,0.8235294117647058
2423,12,1,3,1,0,17,0.7058823529411765
2424,15,1,3,1,0,20,0.75
2425,14,0,3,0,0,17,0.8235294117647058
2426,14,1,3,1,0,19,0.7368421052631579
2427,16,0,3,1,0,20,0.8
2428,14,2,3,0,0,19,0.7368421052631579
2429,15,2,4,1,0,22,0.6818181818181818
2430,15,1,4,0,0,20,0.75
2431,15,1,3,1,0,20,0.75
2432,10,1,3,0,0,14,0.7142857142857143
2433,14,2,3,1,0,20,0.7
2434,13,0,4,1,0,18,0.7222222222222222
2435,12,1,3,1,0,17,0.7058823529411765
2436,13,1,3,1,0,18,0.7222222222222222
2437,12,1,4,0,0,17,0.7058823529411765
2438,15,1,3,0,0,19,0.7894736842105263
2439,14,0,3,0,0,17,0.8235294117647058
2440,13,0,4,0,0,17,0.7647058823529411
2441,13,0,4,0,0,17,0.7647058823529411
2442,12,0,3,1,0,16,0.75
2443,14,1,3,0,0,18,0.7777777777777778
2444,14,1,4,0,0,19,0.7368421052631579
2445,14,0,3,1,0,18,0.7777777777777778
2446,16,1,3,0,0,20,0.8
2447,17,1,3,1,0,22,0.7727272727272727
2448,16,1,3,1,0,21,0.7619047619047619
2449,16,1,3,0,0,20,0.8
2450,13,1,3,1,0,18,0.7222222222222222
2451,13,0,3,1,0,17,0.7647058823529411
2452,15,2,3,1,0,21,0.7142857142857143
2453,14,1,3,0,0,18,0.7777777777777778
2454,14,1,3,1,0,19,0.7368421052631579
2455,16,1,3,1,0,21,0.7619047619047619
2456,14,1,3,1,0,19,0.7368421052631579
2457,13,1,3,1,0,18,0.7222222222222222
2458,16,1,3,1,0,21,0.7619047619047619
2459,14,1,3,0,0,18,0.7777777777777778
2460,14,1,3,1,0,19,0.7368421052631579
2461,16,1,3,1,0,21,0.7619047619047619
2462,15,1,3,0,0,19,0.7894736842105263
2463,14,1,3,1,0,19,0.7368421052631579
2464,16,1,3,1,0,21,0.7619047619047619
2465,16,1,3,0,0,20,0.8
2466,14,1,3,1,0,19,0.7368421052631579
2467,16,1,3,1,0,21,0.7619047619047619
2468,14,1,3,0,0,18,0.7777777777777778
2469,13,1,3,1,0,18,0.7222222222222222
2470,14,1,3,0,0,18,0.7777777777777778
2471,16,1,3,0,0,20,0.8
2472,12,1,3,1,0,17,0.7058823529411765
2473,16,1,3,1,0,21,0.7619047619047619
2474,15,1,3,1,0,20,0.75
2475,13,1,4,0,0,18,0.7222222222222222
2476,14,1,3,1,0,19,0.7368421052631579
2477,16,1,4,0,0,21,0.7619047619047619
2478,16,1,3,1,0,21,0.7619047619047619
2479,14,1,3,1,0,19,0.7368421052631579
2480,14,0,3,1,0,18,0.7777777777777778
2481,15,1,3,1,0,20,0.75
2482,14,1,3,1,0,19,0.7368421052631579
2483,13,1,3,0,0,17,0.7647058823529411
2484,15,1,3,1,0,20,0.75
2485,14,0,3,1,0,18,0.7777777777777778
2486,15,1,3,0,0,19,0.7894736842105263
2487,15,1,3,0,0,19,0.7894736842105263
2488,15,1,3,0,0,19,0.7894736842105263
2489,15,1,3,1,0,20,0.75
2490,14,1,4,1,0,20,0.7
2491,17,0,3,1,0,21,0.8095238095238095
2492,15,1,2,1,0,19,0.7894736842105263
2493,15,2,3,0,0,20,0.75
2494,12,1,3,0,0,16,0.75
2495,15,1,3,1,0,20,0.75
2496,16,1,3,1,0,21,0.7619047619047619
2497,13,1,3,0,0,17,0.7647058823529411
2498,15,1,3,0,0,19,0.7894736842105263
2499,16,0,3,1,0,20,0.8
2500,16,0,3,0,0,19,0.8421052631578947
2501,15,1,3,1,0,20,0.75
2502,15,1,3,0,0,19,0.7894736842105263
2503,13,1,3,1,0,18,0.7222222222222222
2504,14,1,3,1,0,19,0.7368421052631579
2505,14,1,3,1,0,19,0.7368421052631579
2506,15,1,3,1,0,20,0.75
2507,13,1,3,1,0,18,0.7222222222222222
2508,13,1,3,1,0,18,0.7222222222222222
2509,14,1,3,0,0,18,0.7777777777777778
2510,15,1,3,1,0,20,0.75
2511,13,0,3,1,0,17,0.7647058823529411
2512,13,1,3,1,0,18,0.7222222222222222
2513,14,1,3,1,0,19,0.7368421052631579
2514,14,1,4,0,0,19,0.7368421052631579
2515,13,0,3,1,0,17,0.7647058823529411
2516,13,1,3,1,0,18,0.7222222222222222
2517,14,1,3,1,0,19,0.7368421052631579
2518,15,1,3,1,0,20,0.75
2519,15,1,3,0,0,19,0.7894736842105263
2520,14,1,3,0,0,18,0.7777777777777778
2521,14,1,3,0,0,18,0.7777777777777778
2522,16,1,3,1,0,21,0.7619047619047619
2523,14,1,3,1,0,19,0.7368421052631579
2524,13,1,3,0,0,17,0.7647058823529411
2525,16,1,3,1,0,21,0.7619047619047619
2526,16,1,3,0,0,20,0.8
2527,16,1,3,1,0,21,0.7619047619047619
2528,14,1,3,0,0,18,0.7777777777777778
2529,16,1,3,1,0,21,0.7619047619047619
2530,14,1,3,1,0,19,0.7368421052631579
2531,15,0,3,0,0,18,0.8333333333333334
2532,15,1,3,1,0,20,0.75
2533,11,1,3,0,0,15,0.7333333333333333
2534,12,1,3,0,0,16,0.75
2535,16,1,3,1,0,21,0.7619047619047619
2536,15,1,3,0,0,19,0.7894736842105263
2537,14,1,3,1,0,19,0.7368421052631579
2538,13,1,3,1,0,18,0.7222222222222222
2539,14,1,3,1,0,19,0.7368421052631579
2540,15,1,3,1,0,20,0.75
2541,15,1,3,0,0,19,0.7894736842105263
2542,15,1,3,1,0,20,0.75
2543,15,0,4,0,0,19,0.7894736842105263
2544,14,0,3,1,0,18,0.7777777777777778
2545,17,1,3,1,0,22,0.7727272727272727
2546,15,1,3,1,0,20,0.75
2547,16,1,3,0,0,20,0.8
2548,15,1,3,1,0,20,0.75
2549,16,1,3,1,0,21,0.7619047619047619
2550,12,1,3,0,0,16,0.75
2551,17,1,3,1,0,22,0.7727272727272727
2552,15,1,3,1,0,20,0.75
2553,14,1,3,1,0,19,0.7368421052631579
2554,16,1,3,0,0,20,0.8
2555,16,1,3,1,0,21,0.7619047619047619
2556,15,1,3,0,0,19,0.7894736842105263
2557,14,1,3,1,0,19,0.7368421052631579
2558,15,1,3,1,0,20,0.75
2559,16,1,3,1,0,21,0.7619047619047619
2560,14,1,3,1,0,19,0.7368421052631579
2561,16,0,3,0,0,19,0.8421052631578947
2562,16,1,3,0,0,20,0.8
2563,15,1,3,1,0,20,0.75
2564,15,1,3,1,0,20,0.75
2565,14,1,3,0,0,18,0.7777777777777778
2566,12,1,3,1,0,17,0.7058823529411765
2567,14,1,3,1,0,19,0.7368421052631579
2568,15,1,3,1,0,20,0.75
2569,14,2,3,0,0,19,0.7368421052631579
2570,16,1,3,1,0,21,0.7619047619047619
2571,15,1,3,0,0,19,0.7894736842105263
2572,14,1,3,0,0,18,0.7777777777777778
2573,16,1,3,0,0,20,0.8
2574,13,1,3,1,0,18,0.7222222222222222
2575,13,1,3,0,0,17,0.7647058823529411
2576,15,1,2,0,0,18,0.8333333333333334
2577,15,1,3,1,0,20,0.75
2578,14,1,3,0,0,18,0.7777777777777778
2579,15,1,3,1,0,20,0.75
2580,14,1,3,1,0,19,0.7368421052631579
2581,16,1,3,1,0,21,0.7619047619047619
2582,15,2,3,1,0,21,0.7142857142857143
2583,17,1,4,1,0,23,0.7391304347826086
2584,14,1,3,0,0,18,0.7777777777777778
2585,13,0,2,1,0,16,0.8125
2586,14,1,4,0,0,19,0.7368421052631579
2587,14,1,4,0,0,19,0.7368421052631579
2588,15,2,4,1,0,22,0.6818181818181818
2589,15,1,2,0,0,18,0.8333333333333334
2590,14,1,3,0,0,18,0.7777777777777778
2591,13,1,3,0,0,17,0.7647058823529411
2592,17,1,4,1,0,23,0.7391304347826086
2593,14,2,3,1,0,20,0.7
2594,16,1,3,1,0,21,0.7619047619047619
2595,16,1,3,1,0,21,0.7619047619047619
2596,16,1,3,1,0,21,0.7619047619047619
2597,16,1,3,1,0,21,0.7619047619047619
2598,16,1,3,1,0,21,0.7619047619047619
2599,13,1,4,1,0,19,0.6842105263157895
2600,15,1,3,1,0,20,0.75
2601,15,1,4,0,0,20,0.75
2602,15,2,4,1,0,22,0.6818181818181818
2603,15,1,4,1,0,21,0.7142857142857143
2604,16,0,3,1,0,20,0.8
2605,15,2,4,0,0,21,0.7142857142857143
2606,17,1,4,1,0,23,0.7391304347826086
2607,16,1,4,0,0,21,0.7619047619047619
2608,15,2,3,1,0,21,0.7142857142857143
2609,14,2,3,1,0,20,0.7
2610,15,1,4,0,0,20,0.75
2611,14,1,4,1,0,20,0.7
2612,16,1,4,1,0,22,0.7272727272727273
2613,14,1,2,1,0,18,0.7777777777777778
2614,14,2,3,0,0,19,0.7368421052631579
2615,16,1,2,1,0,20,0.8
2616,15,1,3,0,0,19,0.7894736842105263
2617,15,1,3,1,0,20,0.75
2618,11,1,4,0,0,16,0.6875
2619,12,1,4,0,0,17,0.7058823529411765
2620,11,1,3,0,0,15,0.7333333333333333
2621,13,1,3,1,0,18,0.7222222222222222
2622,11,1,4,0,0,16,0.6875
2623,13,1,3,0,0,17,0.7647058823529411
2624,14,1,3,0,0,18,0.7777777777777778
2625,14,1,3,0,0,18,0.7777777777777778
2626,15,1,3,1,0,20,0.75
2627,15,1,3,1,0,20,0.75
2628,15,1,3,1,0,20,0.75
2629,12,1,4,0,0,17,0.7058823529411765
2630,13,1,4,0,0,18,0.7222222222222222
2631,13,1,3,0,0,17,0.7647058823529411
2632,12,1,4,0,0,17,0.7058823529411765
2633,14,1,3,0,0,18,0.7777777777777778
2634,17,1,3,1,0,22,0.7727272727272727
2635,13,0,4,1,0,18,0.7222222222222222
2636,15,1,4,1,0,21,0.7142857142857143
2637,15,1,3,1,0,20,0.75
2638,14,0,4,0,0,18,0.7777777777777778
2639,13,1,4,0,0,18,0.7222222222222222
2640,13,1,3,0,0,17,0.7647058823529411
2641,14,1,3,0,0,18,0.7777777777777778
2642,15,1,3,1,0,20,0.75
2643,15,1,3,0,0,19,0.7894736842105263
2644,16,2,3,1,0,22,0.7272727272727273
2645,14,1,3,1,0,19,0.7368421052631579
2646,12,2,4,1,0,19,0.631578947368421
2647,15,1,3,1,0,20,0.75
2648,16,1,3,1,0,21,0.7619047619047619
2649,14,1,3,0,0,18,0.7777777777777778
2650,15,1,3,1,0,20,0.75
2651,15,1,3,1,0,20,0.75
2652,13,1,3,0,0,17,0.7647058823529411
2653,11,1,3,0,0,15,0.7333333333333333
2654,15,1,2,0,0,18,0.8333333333333334
2655,15,1,3,1,0,20,0.75
2656,15,0,3,0,0,18,0.8333333333333334
2657,16,0,3,0,0,19,0.8421052631578947
2658,14,0,3,1,0,18,0.7777777777777778
2659,16,1,3,0,0,20,0.8
2660,13,1,3,0,0,17,0.7647058823529411
2661,12,1,4,0,0,17,0.7058823529411765
2662,14,0,3,1,0,18,0.7777777777777778
2663,16,0,3,1,0,20,0.8
2664,15,1,4,0,0,20,0.75
2665,16,0,3,1,0,20,0.8
2666,15,1,4,0,0,20,0.75
2667,12,0,3,0,0,15,0.8
2668,14,1,3,1,0,19,0.7368421052631579
2669,15,1,3,0,0,19,0.7894736842105263
2670,14,1,3,0,0,18,0.7777777777777778
2671,16,1,3,1,0,21,0.7619047619047619
2672,13,0,3,0,0,16,0.8125
2673,14,1,3,1,0,19,0.7368421052631579
2674,13,0,3,0,0,16,0.8125
2675,13,2,3,0,0,18,0.7222222222222222
2676,12,1,4,0,0,17,0.7058823529411765
2677,14,1,4,0,0,19,0.7368421052631579
2678,15,1,2,0,0,18,0.8333333333333334
2679,12,2,4,0,0,18,0.6666666666666666
2680,12,1,4,0,0,17,0.7058823529411765
2681,13,1,3,0,0,17,0.7647058823529411
2682,13,1,3,0,0,17,0.7647058823529411
2683,12,1,4,0,0,17,0.7058823529411765
2684,12,1,3,0,0,16,0.75
2685,14,1,4,0,0,19,0.7368421052631579
2686,14,2,3,0,0,19,0.7368421052631579
2687,12,1,3,0,0,16,0.75
2688,11,1,3,0,0,15,0.7333333333333333
2689,15,0,3,0,0,18,0.8333333333333334
2690,15,1,4,0,0,20,0.75
2691,12,1,4,0,0,17,0.7058823529411765
2692,14,1,3,0,0,18,0.7777777777777778
2693,15,1,3,1,0,20,0.75
2694,14,1,4,0,0,19,0.7368421052631579
2695,15,1,3,0,0,19,0.7894736842105263
2696,13,1,3,0,0,17,0.7647058823529411
2697,15,1,3,0,0,19,0.7894736842105263
2698,15,1,3,1,0,20,0.75
2699,12,1,4,0,0,17,0.7058823529411765
2700,13,1,3,0,0,17,0.7647058823529411
2701,11,0,3,0,0,14,0.7857142857142857
2702,14,1,3,1,0,19,0.7368421052631579
2703,14,1,3,0,0,18,0.7777777777777778
2704,14,1,3,1,0,19,0.7368421052631579
2705,14,1,3,1,0,19,0.7368421052631579
2706,12,0,4,1,0,17,0.7058823529411765
2707,15,1,3,1,0,20,0.75
2708,15,1,3,1,0,20,0.75
2709,16,1,3,1,0,21,0.7619047619047619
2710,15,1,4,0,0,20,0.75
2711,16,1,3,1,0,21,0.7619047619047619
2712,14,1,3,1,0,19,0.7368421052631579
2713,15,1,3,1,0,20,0.75
2714,13,1,4,1,0,19,0.6842105263157895
2715,15,1,3,0,0,19,0.7894736842105263
2716,15,1,4,1,0,21,0.7142857142857143
2717,14,1,4,1,0,20,0.7
2718,12,1,3,0,0,16,0.75
2719,13,1,4,0,0,18,0.7222222222222222
2720,15,1,3,1,0,20,0.75
2721,13,1,4,0,0,18,0.7222222222222222
2722,14,1,4,0,0,19,0.7368421052631579
2723,13,1,4,0,0,18,0.7222222222222222
2724,14,1,3,1,0,19,0.7368421052631579
2725,14,0,3,0,0,17,0.8235294117647058
2726,14,1,3,0,0,18,0.7777777777777778
2727,14,2,4,1,0,21,0.6666666666666666
2728,16,1,2,1,0,20,0.8
2729,15,1,3,1,0,20,0.75
2730,15,1,3,0,0,19,0.7894736842105263
2731,16,1,3,0,0,20,0.8
2732,15,1,3,1,0,20,0.75
2733,14,1,2,0,0,17,0.8235294117647058
2734,15,1,3,1,0,20,0.75
2735,17,1,3,0,0,21,0.8095238095238095
2736,13,1,3,0,0,17,0.7647058823529411
2737,17,1,3,1,0,22,0.7727272727272727
2738,17,1,3,1,0,22,0.7727272727272727
2739,15,1,3,1,0,20,0.75
2740,15,1,3,1,0,20,0.75
2741,13,1,3,1,0,18,0.7222222222222222
2742,10,1,3,0,0,14,0.7142857142857143
2743,16,1,3,0,0,20,0.8
2744,14,1,3,1,0,19,0.7368421052631579
2745,13,1,3,0,0,17,0.7647058823529411
2746,15,1,3,1,0,20,0.75
2747,14,1,3,1,0,19,0.7368421052631579
2748,14,1,3,1,0,19,0.7368421052631579
2749,13,1,3,0,0,17,0.7647058823529411
2750,14,1,3,1,0,19,0.7368421052631579
2751,13,1,3,0,0,17,0.7647058823529411
2752,11,1,3,0,0,15,0.7333333333333333
2753,12,1,4,0,0,17,0.7058823529411765
2754,13,1,3,0,0,17,0.7647058823529411
2755,12,0,3,0,0,15,0.8
2756,15,1,3,0,0,19,0.7894736842105263
2757,14,1,4,0,0,19,0.7368421052631579
2758,11,1,3,0,0,15,0.7333333333333333
2759,14,1,3,1,0,19,0.7368421052631579
2760,13,1,3,0,0,17,0.7647058823529411
2761,13,2,3,0,0,18,0.7222222222222222
2762,13,1,3,0,0,17,0.7647058823529411
2763,11,1,3,0,0,15,0.7333333333333333
2764,10,1,3,0,0,14,0.7142857142857143
2765,13,1,3,0,0,17,0.7647058823529411
2766,12,1,3,0,0,16,0.75
2767,11,2,2,0,0,15,0.7333333333333333
2768,12,2,3,0,0,17,0.7058823529411765
2769,13,1,3,0,0,17,0.7647058823529411
2770,12,1,3,0,0,16,0.75
2771,16,3,3,0,0,22,0.7272727272727273
2772,13,1,3,0,0,17,0.7647058823529411
2773,12,1,3,0,0,16,0.75
2774,10,1,3,0,0,14,0.7142857142857143
2775,12,2,2,0,0,16,0.75
2776,13,2,4,0,0,19,0.6842105263157895
2777,13,1,3,0,0,17,0.7647058823529411
2778,13,0,3,1,0,17,0.7647058823529411
2779,12,1,4,0,0,17,0.7058823529411765
2780,10,2,3,0,0,15,0.6666666666666666
2781,14,3,2,0,0,19,0.7368421052631579
2782,15,2,3,0,0,20,0.75
2783,14,1,3,0,0,18,0.7777777777777778
2784,16,2,4,0,0,22,0.7272727272727273
2785,13,1,4,0,0,18,0.7222222222222222
2786,14,1,4,0,0,19,0.7368421052631579
2787,14,1,4,0,0,19,0.7368421052631579
2788,15,2,4,0,0,21,0.7142857142857143
2789,16,1,4,0,0,21,0.7619047619047619
2790,15,2,4,0,0,21,0.7142857142857143
2791,15,1,3,1,0,20,0.75
2792,16,1,4,0,0,21,0.7619047619047619
2793,15,1,4,0,0,20,0.75
2794,14,1,3,0,0,18,0.7777777777777778
2795,16,1,4,0,0,21,0.7619047619047619
2796,17,1,3,0,0,21,0.8095238095238095
2797,15,1,4,0,0,20,0.75
2798,13,1,3,0,0,17,0.7647058823529411
2799,14,2,3,0,0,19,0.7368421052631579
2800,14,1,3,0,0,18,0.7777777777777778
2801,13,2,3,0,0,18,0.7222222222222222
2802,13,2,3,0,0,18,0.7222222222222222
2803,14,2,2,0,0,18,0.7777777777777778
2804,12,1,3,0,0,16,0.75
2805,12,2,3,0,0,17,0.7058823529411765
2806,11,2,3,0,0,16,0.6875
2807,14,1,3,0,0,18,0.7777777777777778
2808,15,1,3,1,0,20,0.75
2809,15,2,4,1,0,22,0.6818181818181818
2810,15,1,4,0,0,20,0.75
2811,14,2,4,1,0,21,0.6666666666666666
2812,16,1,4,1,0,22,0.7272727272727273
2813,15,1,3,1,0,20,0.75
2814,16,1,3,0,0,20,0.8
2815,16,1,3,1,0,21,0.7619047619047619
2816,15,1,4,0,0,20,0.75
2817,14,2,3,1,0,20,0.7
2818,15,1,4,0,0,20,0.75
2819,15,1,3,1,0,20,0.75
2820,14,2,3,1,0,20,0.7
2821,13,2,3,0,0,18,0.7222222222222222
2822,15,1,3,1,0,20,0.75
2823,13,1,3,1,0,18,0.7222222222222222
2824,14,2,3,0,0,19,0.7368421052631579
2825,14,2,4,1,0,21,0.6666666666666666
2826,15,1,3,1,0,20,0.75
2827,13,1,3,1,0,18,0.7222222222222222
2828,14,1,3,0,0,18,0.7777777777777778
2829,14,1,3,0,0,18,0.7777777777777778
2830,14,1,3,1,0,19,0.7368421052631579
2831,15,1,3,1,0,20,0.75
2832,16,2,3,1,0,22,0.7272727272727273
2833,15,1,3,0,0,19,0.7894736842105263
2834,15,2,3,1,0,21,0.7142857142857143
2835,16,1,3,0,0,20,0.8
2836,16,1,3,1,0,21,0.7619047619047619
2837,13,0,3,1,0,17,0.7647058823529411
2838,15,0,3,1,0,19,0.7894736842105263
2839,16,1,3,1,0,21,0.7619047619047619
2840,13,1,3,1,0,18,0.7222222222222222
2841,13,1,3,1,0,18,0.7222222222222222
2842,15,1,3,1,0,20,0.75
2843,15,1,3,1,0,20,0.75
2844,16,1,3,1,0,21,0.7619047619047619
2845,11,1,3,0,0,15,0.7333333333333333
2846,16,2,3,1,0,22,0.7272727272727273
2847,14,1,3,1,0,19,0.7368421052631579
2848,14,1,3,1,0,19,0.7368421052631579
2849,16,1,3,1,0,21,0.7619047619047619
2850,14,1,3,1,0,19,0.7368421052631579
2851,15,2,3,1,0,21,0.7142857142857143
2852,15,1,3,1,0,20,0.75
2853,15,1,3,0,0,19,0.7894736842105263
2854,15,2,3,1,0,21,0.7142857142857143
2855,16,2,3,0,0,21,0.7619047619047619
2856,14,1,3,0,0,18,0.7777777777777778
2857,16,2,4,0,0,22,0.7272727272727273
2858,17,2,4,0,0,23,0.7391304347826086
2859,14,1,3,1,0,19,0.7368421052631579
2860,14,1,3,1,0,19,0.7368421052631579
2861,13,1,4,0,0,18,0.7222222222222222
2862,13,2,4,0,0,19,0.6842105263157895
2863,16,1,3,1,0,21,0.7619047619047619
2864,16,2,4,0,0,22,0.7272727272727273
2865,16,1,3,0,0,20,0.8
2866,15,1,3,0,0,19,0.7894736842105263
2867,16,1,3,0,0,20,0.8
2868,16,2,3,1,0,22,0.7272727272727273
2869,15,2,4,1,0,22,0.6818181818181818
2870,16,1,3,1,0,21,0.7619047619047619
2871,14,1,3,0,0,18,0.7777777777777778
2872,15,1,4,0,0,20,0.75
2873,15,0,3,1,0,19,0.7894736842105263
2874,15,2,3,1,0,21,0.7142857142857143
2875,14,0,3,0,0,17,0.8235294117647058
2876,14,1,3,1,0,19,0.7368421052631579
2877,15,1,3,1,0,20,0.75
2878,15,1,3,1,0,20,0.75
2879,15,2,3,0,0,20,0.75
2880,13,1,3,0,0,17,0.7647058823529411
2881,14,0,4,0,0,18,0.7777777777777778
2882,16,1,3,1,0,21,0.7619047619047619
2883,15,1,3,1,0,20,0.75
2884,14,1,3,1,0,19,0.7368421052631579
2885,14,1,3,1,0,19,0.7368421052631579
2886,14,2,3,0,0,19,0.7368421052631579
2887,14,2,3,1,0,20,0.7
2888,17,1,3,0,0,21,0.8095238095238095
2889,15,1,3,1,0,20,0.75
2890,15,1,3,0,0,19,0.7894736842105263
2891,16,1,3,1,0,21,0.7619047619047619
2892,15,2,3,1,0,21,0.7142857142857143
2893,15,1,3,1,0,20,0.75
2894,13,1,3,0,0,17,0.7647058823529411
2895,15,2,3,0,0,20,0.75
2896,12,2,3,1,0,18,0.6666666666666666
2897,14,2,4,0,0,20,0.7
2898,13,1,4,1,0,19,0.6842105263157895
2899,14,1,3,1,0,19,0.7368421052631579
2900,13,0,3,1,0,17,0.7647058823529411
2901,11,1,3,1,0,16,0.6875
2902,14,2,2,0,0,18,0.7777777777777778
2903,14,1,3,0,0,18,0.7777777777777778
2904,15,2,3,1,0,21,0.7142857142857143
2905,14,2,2,0,0,18,0.7777777777777778
2906,11,1,3,0,0,15,0.7333333333333333
2907,11,1,4,0,0,16,0.6875
2908,13,1,4,0,0,18,0.7222222222222222
2909,10,1,3,0,0,14,0.7142857142857143
2910,13,1,4,0,0,18,0.7222222222222222
2911,12,1,4,0,0,17,0.7058823529411765
2912,12,2,3,0,0,17,0.7058823529411765
2913,13,1,4,0,0,18,0.7222222222222222
2914,11,2,4,0,0,17,0.6470588235294118
2915,11,2,4,0,0,17,0.6470588235294118
2916,13,1,4,0,0,18,0.7222222222222222
2917,12,1,3,0,0,16,0.75
2918,11,1,3,0,0,15,0.7333333333333333
2919,9,1,3,0,0,13,0.6923076923076923
2920,14,1,4,0,0,19,0.7368421052631579
2921,13,1,4,0,0,18,0.7222222222222222
2922,14,1,4,0,0,19,0.7368421052631579
2923,11,1,4,0,0,16,0.6875
2924,11,1,3,0,0,15,0.7333333333333333
2925,12,2,3,0,0,17,0.7058823529411765
2926,13,1,4,0,0,18,0.7222222222222222
2927,11,1,3,0,0,15,0.7333333333333333
2928,11,2,3,0,0,16,0.6875
2929,11,1,3,0,0,15,0.7333333333333333
2930,12,1,3,0,0,16,0.75
2931,12,1,3,0,0,16,0.75
2932,12,1,3,0,0,16,0.75
2933,12,1,3,0,0,16,0.75
2934,11,1,3,0,0,15,0.7333333333333333
2935,11,1,3,0,0,15,0.7333333333333333
2936,10,2,2,0,0,14,0.7142857142857143
2937,11,1,3,0,0,15,0.7333333333333333
2938,9,2,3,0,0,14,0.6428571428571429
2939,11,1,3,0,0,15,0.7333333333333333
2940,11,1,3,0,0,15,0.7333333333333333
2941,11,2,3,0,0,16,0.6875
2942,10,2,3,0,0,15,0.6666666666666666
2943,11,1,3,0,0,15,0.7333333333333333
2944,11,2,3,0,0,16,0.6875
2945,11,1,3,0,0,15,0.7333333333333333
2946,12,1,3,0,0,16,0.75
2947,11,1,3,0,0,15,0.7333333333333333
2948,12,1,3,1,0,17,0.7058823529411765
2949,11,1,3,0,0,15,0.7333333333333333
2950,11,1,3,0,0,15,0.7333333333333333
2951,11,3,3,0,0,17,0.6470588235294118
2952,11,1,3,0,0,15,0.7333333333333333
2953,10,0,3,0,0,13,0.7692307692307693
2954,10,1,3,0,0,14,0.7142857142857143
2955,11,2,2,0,0,15,0.7333333333333333
2956,11,3,3,0,0,17,0.6470588235294118
2957,11,1,3,0,0,15,0.7333333333333333
2958,11,2,3,0,0,16,0.6875
2959,9,2,3,0,0,14,0.6428571428571429
2960,11,2,3,0,0,16,0.6875
2961,11,3,3,0,0,17,0.6470588235294118
2962,12,1,3,0,0,16,0.75
2963,12,1,3,0,0,16,0.75
2964,11,1,3,0,0,15,0.7333333333333333
2965,10,2,3,0,0,15,0.6666666666666666
2966,10,2,3,0,0,15,0.6666666666666666
2967,12,2,3,0,0,17,0.7058823529411765
2968,12,2,3,0,0,17,0.7058823529411765
2969,10,1,3,0,0,14,0.7142857142857143
2970,12,2,3,0,0,17,0.7058823529411765
2971,11,1,3,0,0,15,0.7333333333333333
2972,11,2,3,0,0,16,0.6875
2973,12,2,3,0,0,17,0.7058823529411765
2974,11,1,3,0,0,15,0.7333333333333333
2975,12,1,3,0,0,16,0.75
2976,12,1,3,0,0,16,0.75
2977,11,2,3,0,0,16,0.6875
2978,11,2,3,0,0,16,0.6875
2979,12,2,3,0,0,17,0.7058823529411765
2980,12,0,3,0,0,15,0.8
2981,11,0,3,0,0,14,0.7857142857142857
2982,12,1,3,0,0,16,0.75
2983,10,2,3,0,0,15,0.6666666666666666
2984,12,1,3,0,0,16,0.75
2985,11,2,3,0,0,16,0.6875
2986,12,1,3,0,0,16,0.75
2987,12,1,3,0,0,16,0.75
2988,12,0,3,0,0,15,0.8
2989,10,2,3,0,0,15,0.6666666666666666
2990,12,1,3,0,0,16,0.75
2991,11,1,3,0,0,15,0.7333333333333333
2992,12,1,3,0,0,16,0.75
2993,11,1,3,0,0,15,0.7333333333333333
2994,11,2,3,0,0,16,0.6875
2995,11,2,3,0,0,16,0.6875
2996,11,1,3,0,0,15,0.7333333333333333
2997,11,1,3,0,0,15,0.7333333333333333
2998,10,2,3,0,0,15,0.6666666666666666
2999,11,2,3,0,0,16,0.6875
3000,12,1,3,0,0,16,0.75
3001,12,2,3,0,0,17,0.7058823529411765
3002,11,2,3,0,0,16,0.6875
3003,12,1,3,0,0,16,0.75
3004,12,1,3,0,0,16,0.75
3005,10,2,3,0,0,15,0.6666666666666666
3006,11,1,3,0,0,15,0.7333333333333333
3007,12,1,3,0,0,16,0.75
3008,10,1,3,0,0,14,0.7142857142857143
3009,11,1,3,0,0,15,0.7333333333333333
3010,11,2,3,0,0,16,0.6875
3011,12,2,3,0,0,17,0.7058823529411765
3012,10,1,3,0,0,14,0.7142857142857143
3013,9,2,3,0,0,14,0.6428571428571429
3014,11,1,3,0,0,15,0.7333333333333333
3015,11,1,3,0,0,15,0.7333333333333333
3016,10,1,3,0,0,14,0.7142857142857143
3017,11,1,3,0,0,15,0.7333333333333333
3018,11,2,3,0,0,16,0.6875
3019,11,1,3,0,0,15,0.7333333333333333
3020,11,1,3,0,0,15,0.7333333333333333
3021,11,1,2,0,0,14,0.7857142857142857
3022,12,1,3,0,0,16,0.75
3023,12,1,3,0,0,16,0.75
3024,10,1,3,0,0,14,0.7142857142857143
3025,12,1,3,0,0,16,0.75
3026,11,1,3,0,0,15,0.7333333333333333
3027,12,1,3,0,0,16,0.75
3028,10,1,3,0,0,14,0.7142857142857143
3029,12,1,3,0,0,16,0.75
3030,12,0,3,0,0,15,0.8
3031,12,0,3,0,0,15,0.8
3032,11,2,3,0,0,16,0.6875
3033,11,1,3,0,0,15,0.7333333333333333
3034,11,2,3,0,0,16,0.6875
3035,12,1,3,0,0,16,0.75
3036,12,1,3,0,0,16,0.75
3037,12,2,3,0,0,17,0.7058823529411765
3038,12,1,3,0,0,16,0.75
3039,11,1,3,0,0,15,0.7333333333333333
3040,10,1,3,0,0,14,0.7142857142857143
3041,11,1,3,0,0,15,0.7333333333333333
3042,12,1,3,0,0,16,0.75
3043,11,2,3,0,0,16,0.6875
3044,10,1,3,0,0,14,0.7142857142857143
3045,12,1,3,0,0,16,0.75
3046,11,0,3,0,0,14,0.7857142857142857
3047,11,1,3,0,0,15,0.7333333333333333
3048,11,0,3,0,0,14,0.7857142857142857
3049,11,1,3,0,0,15,0.7333333333333333
3050,10,1,3,0,0,14,0.7142857142857143
3051,11,0,3,0,0,14,0.7857142857142857
3052,12,1,3,0,0,16,0.75
3053,10,0,3,0,0,13,0.7692307692307693
3054,11,0,3,0,0,14,0.7857142857142857
3055,11,0,3,0,0,14,0.7857142857142857
3056,11,0,3,0,0,14,0.7857142857142857
3057,11,0,3,0,0,14,0.7857142857142857
3058,11,0,3,0,0,14,0.7857142857142857
3059,11,1,3,0,0,15,0.7333333333333333
3060,10,1,3,0,0,14,0.7142857142857143
3061,11,1,3,0,0,15,0.7333333333333333
3062,12,1,3,0,0,16,0.75
3063,12,1,3,0,0,16,0.75
3064,13,1,3,0,0,17,0.7647058823529411
3065,11,1,3,0,0,15,0.7333333333333333
3066,11,1,3,0,0,15,0.7333333333333333
3067,11,1,3,0,0,15,0.7333333333333333
3068,12,1,3,0,0,16,0.75
3069,10,2,3,0,0,15,0.6666666666666666
3070,12,1,3,0,0,16,0.75
3071,12,1,3,0,0,16,0.75
3072,12,1,3,0,0,16,0.75
3073,14,1,3,0,0,18,0.7777777777777778
3074,11,1,3,0,0,15,0.7333333333333333
3075,11,2,3,0,0,16,0.6875
3076,11,2,3,0,0,16,0.6875
3077,11,1,3,0,0,15,0.7333333333333333
3078,12,1,3,0,0,16,0.75
3079,12,1,4,0,0,17,0.7058823529411765
3080,11,1,3,0,0,15,0.7333333333333333
3081,13,1,3,0,0,17,0.7647058823529411
3082,11,1,3,0,0,15,0.7333333333333333
3083,13,1,3,0,0,17,0.7647058823529411
3084,12,1,3,0,0,16,0.75
3085,12,1,3,0,0,16,0.75
3086,13,1,3,0,0,17,0.7647058823529411
3087,13,1,3,0,0,17,0.7647058823529411
3088,12,1,3,0,0,16,0.75
3089,11,2,3,0,0,16,0.6875
3090,12,1,3,0,0,16,0.75
3091,12,1,3,0,0,16,0.75
3092,13,1,3,0,0,17,0.7647058823529411
3093,11,1,3,0,0,15,0.7333333333333333
3094,11,2,3,0,0,16,0.6875
3095,12,2,3,0,0,17,0.7058823529411765
3096,12,2,3,0,0,17,0.7058823529411765
3097,11,1,3,0,0,15,0.7333333333333333
3098,11,1,3,0,0,15,0.7333333333333333
3099,13,1,3,0,0,17,0.7647058823529411
3100,12,0,3,0,0,15,0.8
3101,10,2,3,0,0,15,0.6666666666666666
3102,11,1,3,0,0,15,0.7333333333333333
3103,10,0,3,0,0,13,0.7692307692307693
3104,11,0,3,0,0,14,0.7857142857142857
3105,11,1,3,0,0,15,0.7333333333333333
3106,12,1,3,0,0,16,0.75
3107,11,1,3,0,0,15,0.7333333333333333
3108,11,1,3,0,0,15,0.7333333333333333
3109,11,1,3,1,0,16,0.6875
3110,10,1,3,0,0,14,0.7142857142857143
3111,11,1,3,0,0,15,0.7333333333333333
3112,11,0,3,0,0,14,0.7857142857142857
3113,11,1,3,0,0,15,0.7333333333333333
3114,12,1,3,0,0,16,0.75
3115,13,1,3,0,0,17,0.7647058823529411
3116,12,1,3,0,0,16,0.75
3117,11,1,3,0,0,15,0.7333333333333333
3118,12,0,3,0,0,15,0.8
3119,12,1,3,0,0,16,0.75
3120,10,1,3,0,0,14,0.7142857142857143
3121,13,0,3,0,0,16,0.8125
3122,11,2,3,0,0,16,0.6875
3123,12,2,3,0,0,17,0.7058823529411765
3124,12,1,3,0,0,16,0.75
3125,13,0,3,0,0,16,0.8125
3126,13,2,3,0,0,18,0.7222222222222222
3127,10,1,3,0,0,14,0.7142857142857143
3128,13,2,3,0,0,18,0.7222222222222222
3129,12,1,3,0,0,16,0.75
3130,11,1,3,0,0,15,0.7333333333333333
3131,12,1,3,0,0,16,0.75
3132,11,2,3,0,0,16,0.6875
3133,12,2,3,0,0,17,0.7058823529411765
3134,11,2,3,0,0,16,0.6875
3135,12,2,3,1,0,18,0.6666666666666666
3136,11,1,3,0,0,15,0.7333333333333333
3137,10,1,3,0,0,14,0.7142857142857143
3138,12,1,3,0,0,16,0.75
3139,13,1,3,0,0,17,0.7647058823529411
3140,13,1,3,0,0,17,0.7647058823529411
3141,12,1,3,0,0,16,0.75
3142,13,1,3,0,0,17,0.7647058823529411
3143,12,1,3,0,0,16,0.75
3144,11,1,3,0,0,15,0.7333333333333333
3145,11,1,3,0,0,15,0.7333333333333333
3146,10,1,3,0,0,14,0.7142857142857143
3147,11,1,3,0,0,15,0.7333333333333333
3148,14,1,2,0,0,17,0.8235294117647058
3149,13,1,3,0,0,17,0.7647058823529411
3150,14,1,3,0,0,18,0.7777777777777778
3151,12,1,3,0,0,16,0.75
3152,10,2,3,0,0,15,0.6666666666666666
3153,12,0,3,0,0,15,0.8
3154,12,1,3,0,0,16,0.75
3155,12,1,3,0,0,16,0.75
3156,13,1,3,0,0,17,0.7647058823529411
3157,13,0,3,0,0,16,0.8125
3158,13,1,3,0,0,17,0.7647058823529411
3159,12,1,3,0,0,16,0.75
3160,12,1,3,0,0,16,0.75
3161,13,2,3,0,0,18,0.7222222222222222
3162,13,2,3,0,0,18,0.7222222222222222
3163,15,2,2,0,0,19,0.7894736842105263
3164,12,1,2,0,0,15,0.8
3165,13,2,3,0,0,18,0.7222222222222222
3166,12,1,3,0,0,16,0.75
3167,12,1,3,0,0,16,0.75
3168,13,1,3,0,0,17,0.7647058823529411
3169,13,1,3,0,0,17,0.7647058823529411
3170,12,1,3,0,0,16,0.75
3171,12,1,3,0,0,16,0.75
3172,12,2,3,0,0,17,0.7058823529411765
3173,13,2,3,0,0,18,0.7222222222222222
3174,11,2,2,0,0,15,0.7333333333333333
3175,12,2,3,0,0,17,0.7058823529411765
3176,12,1,3,0,0,16,0.75
3177,12,1,4,0,0,17,0.7058823529411765
3178,15,2,4,0,0,21,0.7142857142857143
3179,16,2,4,0,0,22,0.7272727272727273
3180,14,2,3,0,0,19,0.7368421052631579
3181,15,1,2,0,0,18,0.8333333333333334
3182,14,1,3,0,0,18,0.7777777777777778
3183,12,1,3,0,0,16,0.75
3184,15,1,3,0,0,19,0.7894736842105263
3185,13,1,3,0,0,17,0.7647058823529411
3186,14,1,3,0,0,18,0.7777777777777778
3187,14,1,3,0,0,18,0.7777777777777778
3188,13,1,3,0,0,17,0.7647058823529411
3189,13,1,3,0,0,17,0.7647058823529411
3190,13,1,2,0,0,16,0.8125
3191,11,1,3,0,0,15,0.7333333333333333
3192,14,1,4,0,0,19,0.7368421052631579
3193,15,1,2,0,0,18,0.8333333333333334
3194,14,2,4,0,0,20,0.7
3195,13,2,4,0,0,19,0.6842105263157895
3196,13,2,3,0,0,18,0.7222222222222222
3197,13,1,4,0,0,18,0.7222222222222222
3198,12,1,3,0,0,16,0.75
3199,14,2,4,0,0,20,0.7
3200,14,2,4,0,0,20,0.7
3201,14,2,3,0,0,19,0.7368421052631579
3202,13,2,3,0,0,18,0.7222222222222222
3203,12,2,4,0,0,18,0.6666666666666666
3204,13,2,4,0,0,19,0.6842105263157895
3205,14,1,4,0,0,19,0.7368421052631579
3206,12,2,3,0,0,17,0.7058823529411765
3207,16,2,3,0,0,21,0.7619047619047619
3208,15,1,3,0,0,19,0.7894736842105263
3209,13,2,4,0,0,19,0.6842105263157895
3210,17,1,3,1,0,22,0.7727272727272727
3211,12,2,4,0,0,18,0.6666666666666666
3212,12,2,3,0,0,17,0.7058823529411765
3213,15,2,4,0,0,21,0.7142857142857143
3214,13,2,2,0,0,17,0.7647058823529411
3215,16,2,3,0,0,21,0.7619047619047619
3216,14,2,2,0,0,18,0.7777777777777778
3217,14,2,3,0,0,19,0.7368421052631579
3218,13,2,2,0,0,17,0.7647058823529411
3219,14,2,3,0,0,19,0.7368421052631579
3220,14,1,2,0,0,17,0.8235294117647058
3221,14,2,2,0,0,18,0.7777777777777778
3222,11,2,4,0,0,17,0.6470588235294118
3223,13,2,4,0,0,19,0.6842105263157895
3224,12,2,3,0,0,17,0.7058823529411765
3225,12,2,4,0,0,18,0.6666666666666666
3226,11,2,4,0,0,17,0.6470588235294118
3227,13,1,4,0,0,18,0.7222222222222222
3228,14,2,4,0,0,20,0.7
3229,13,2,3,0,0,18,0.7222222222222222
3230,13,1,4,0,0,18,0.7222222222222222
3231,15,1,4,0,0,20,0.75
3232,15,1,4,0,0,20,0.75
3233,13,1,3,0,0,17,0.7647058823529411
3234,14,2,3,0,0,19,0.7368421052631579
3235,14,2,3,0,0,19,0.7368421052631579
3236,14,2,3,0,0,19,0.7368421052631579
3237,13,1,4,0,0,18,0.7222222222222222
3238,13,1,3,0,0,17,0.7647058823529411
3239,13,2,3,0,0,18,0.7222222222222222
3240,14,1,3,0,0,18,0.7777777777777778
3241,13,1,3,0,0,17,0.7647058823529411
3242,13,2,4,0,0,19,0.6842105263157895
3243,12,2,4,0,0,18,0.6666666666666666
3244,11,2,3,0,0,16,0.6875
3245,10,2,4,0,0,16,0.625
3246,14,1,4,0,0,19,0.7368421052631579
3247,12,2,3,0,0,17,0.7058823529411765
3248,12,2,3,0,0,17,0.7058823529411765
3249,12,2,4,0,0,18,0.6666666666666666
3250,14,2,4,0,0,20,0.7
3251,14,2,4,0,0,20,0.7
3252,13,1,4,0,0,18,0.7222222222222222
3253,13,2,3,0,0,18,0.7222222222222222
3254,13,2,3,0,0,18,0.7222222222222222
3255,13,2,4,0,0,19,0.6842105263157895
3256,13,1,4,0,0,18,0.7222222222222222
3257,11,1,4,0,0,16,0.6875
3258,12,1,4,0,0,17,0.7058823529411765
3259,12,2,3,0,0,17,0.7058823529411765
3260,13,2,4,0,0,19,0.6842105263157895
3261,12,1,4,0,0,17,0.7058823529411765
3262,13,1,3,0,0,17,0.7647058823529411
3263,13,2,3,0,0,18,0.7222222222222222
3264,14,1,4,0,0,19,0.7368421052631579
3265,13,1,4,0,0,18,0.7222222222222222
3266,14,1,3,0,0,18,0.7777777777777778
3267,12,1,3,0,0,16,0.75
3268,13,0,3,0,0,16,0.8125
3269,13,1,3,0,0,17,0.7647058823529411
3270,15,1,3,0,0,19,0.7894736842105263
3271,14,1,4,0,0,19,0.7368421052631579
3272,13,1,3,0,0,17,0.7647058823529411
3273,14,1,3,0,0,18,0.7777777777777778
3274,14,1,4,0,0,19,0.7368421052631579
3275,14,1,4,0,0,19,0.7368421052631579
3276,14,2,4,0,0,20,0.7
3277,13,1,4,0,0,18,0.7222222222222222
3278,14,2,4,0,0,20,0.7
3279,13,1,4,0,0,18,0.7222222222222222
3280,14,1,4,0,0,19,0.7368421052631579
3281,13,1,4,0,0,18,0.7222222222222222
3282,14,1,4,0,0,19,0.7368421052631579
3283,10,1,4,0,0,15,0.6666666666666666
3284,13,2,4,0,0,19,0.6842105263157895
3285,14,1,4,0,0,19,0.7368421052631579
3286,12,2,3,0,0,17,0.7058823529411765
3287,12,2,4,0,0,18,0.6666666666666666
3288,14,1,3,0,0,18,0.7777777777777778
3289,14,2,4,0,0,20,0.7
3290,14,2,4,0,0,20,0.7
3291,13,1,4,0,0,18,0.7222222222222222
3292,14,1,4,0,0,19,0.7368421052631579
3293,14,1,3,0,0,18,0.7777777777777778
3294,13,1,3,0,0,17,0.7647058823529411
3295,12,1,3,0,0,16,0.75
3296,12,1,3,1,0,17,0.7058823529411765
3297,14,2,4,0,0,20,0.7
3298,13,1,4,0,0,18,0.7222222222222222
3299,14,1,4,0,0,19,0.7368421052631579
3300,15,1,4,0,0,20,0.75
3301,12,1,3,0,0,16,0.75
3302,14,1,2,1,0,18,0.7777777777777778
3303,13,1,3,1,0,18,0.7222222222222222
3304,12,1,3,1,0,17,0.7058823529411765
3305,14,2,4,0,0,20,0.7
3306,12,2,3,0,0,17,0.7058823529411765
3307,14,2,3,0,0,19,0.7368421052631579
3308,13,1,4,0,0,18,0.7222222222222222
3309,13,2,4,0,0,19,0.6842105263157895
3310,14,2,3,0,0,19,0.7368421052631579
3311,13,2,4,0,0,19,0.6842105263157895
3312,12,1,3,0,0,16,0.75
3313,14,1,2,0,0,17,0.8235294117647058
3314,13,1,2,0,0,16,0.8125
3315,12,1,3,0,0,16,0.75
3316,12,2,2,0,0,16,0.75
3317,13,2,3,0,0,18,0.7222222222222222
3318,11,2,2,0,0,15,0.7333333333333333
3319,12,1,2,0,0,15,0.8
3320,12,2,2,0,0,16,0.75
3321,13,2,4,0,0,19,0.6842105263157895
3322,12,2,3,0,0,17,0.7058823529411765
3323,11,1,3,0,0,15,0.7333333333333333
3324,14,1,3,0,0,18,0.7777777777777778
3325,14,2,2,0,0,18,0.7777777777777778
3326,15,1,3,0,0,19,0.7894736842105263
3327,14,1,3,0,0,18,0.7777777777777778
3328,13,1,3,0,0,17,0.7647058823529411
3329,13,1,3,0,0,17,0.7647058823529411
3330,13,1,3,0,0,17,0.7647058823529411
3331,13,1,2,0,0,16,0.8125
3332,13,2,3,0,0,18,0.7222222222222222
3333,13,1,2,0,0,16,0.8125
3334,14,2,3,0,0,19,0.7368421052631579
3335,13,1,2,0,0,16,0.8125
3336,12,1,2,0,0,15,0.8
3337,13,0,3,1,0,17,0.7647058823529411
3338,15,1,2,1,0,19,0.7894736842105263
3339,13,1,3,1,0,18,0.7222222222222222
3340,13,1,3,1,0,18,0.7222222222222222
3341,14,1,2,1,0,18,0.7777777777777778
3342,14,1,2,0,0,17,0.8235294117647058
3343,14,1,2,1,0,18,0.7777777777777778
3344,14,1,2,0,0,17,0.8235294117647058
3345,13,2,3,0,0,18,0.7222222222222222
3346,15,1,3,1,0,20,0.75
3347,13,2,2,0,0,17,0.7647058823529411
3348,13,2,0,0,0,15,0.8666666666666667
3349,13,1,4,0,0,18,0.7222222222222222
3350,14,1,4,0,0,19,0.7368421052631579
3351,12,3,4,0,0,19,0.631578947368421
3352,14,2,3,1,0,20,0.7
3353,12,2,2,0,0,16,0.75
3354,14,1,2,1,0,18,0.7777777777777778
3355,13,2,2,1,0,18,0.7222222222222222
3356,13,2,4,1,0,20,0.65
3357,13,1,3,0,0,17,0.7647058823529411
3358,13,1,4,0,0,18,0.7222222222222222
3359,13,2,2,0,0,17,0.7647058823529411
3360,15,2,3,0,0,20,0.75
3361,14,2,3,0,0,19,0.7368421052631579
3362,14,1,3,0,0,18,0.7777777777777778
3363,13,1,3,0,0,17,0.7647058823529411
3364,14,2,2,0,0,18,0.7777777777777778
3365,13,1,2,1,0,17,0.7647058823529411
3366,13,2,2,1,0,18,0.7222222222222222
3367,14,1,2,1,0,18,0.7777777777777778
3368,15,1,2,1,0,19,0.7894736842105263
3369,14,1,2,1,0,18,0.7777777777777778
3370,13,1,2,0,0,16,0.8125
3371,12,2,2,0,0,16,0.75
3372,12,2,2,0,0,16,0.75
3373,12,2,2,0,0,16,0.75
3374,13,2,3,0,0,18,0.7222222222222222
3375,13,1,2,0,0,16,0.8125
3376,13,2,2,0,0,17,0.7647058823529411
3377,13,1,2,0,0,16,0.8125
3378,12,1,3,0,0,16,0.75
3379,13,2,3,0,0,18,0.7222222222222222
3380,13,1,1,0,0,15,0.8666666666666667
3381,14,2,2,0,0,18,0.7777777777777778
3382,14,1,2,0,0,17,0.8235294117647058
3383,13,1,1,0,0,15,0.8666666666666667
3384,14,1,1,0,0,16,0.875
3385,12,1,1,0,0,14,0.8571428571428571
3386,15,1,2,1,0,19,0.7894736842105263
3387,13,1,3,1,0,18,0.7222222222222222
3388,12,1,3,0,0,16,0.75
3389,12,1,3,0,0,16,0.75
3390,13,1,3,0,0,17,0.7647058823529411
3391,14,3,2,0,0,19,0.7368421052631579
3392,11,3,2,0,0,16,0.6875
3393,13,3,3,0,0,19,0.6842105263157895
3394,13,3,2,0,0,18,0.7222222222222222
3395,12,3,2,0,0,17,0.7058823529411765
3396,12,3,2,0,0,17,0.7058823529411765
3397,12,3,2,0,0,17,0.7058823529411765
3398,13,3,2,0,0,18,0.7222222222222222
3399,12,2,2,0,0,16,0.75
3400,13,3,2,0,0,18,0.7222222222222222
3401,11,2,3,0,0,16,0.6875
3402,13,4,2,0,0,19,0.6842105263157895
3403,13,3,2,0,0,18,0.7222222222222222
3404,12,2,2,0,0,16,0.75
3405,11,3,3,0,0,17,0.6470588235294118
3406,12,3,2,0,0,17,0.7058823529411765
3407,13,3,2,0,0,18,0.7222222222222222
3408,13,3,2,0,0,18,0.7222222222222222
3409,12,4,3,0,0,19,0.631578947368421
3410,13,2,3,0,0,18,0.7222222222222222
3411,13,5,3,0,0,21,0.6190476190476191
3412,14,3,3,0,0,20,0.7
3413,13,3,3,0,0,19,0.6842105263157895
3414,13,3,3,0,0,19,0.6842105263157895
3415,13,3,3,0,0,19,0.6842105263157895
3416,13,3,3,0,0,19,0.6842105263157895
3417,12,3,2,0,0,17,0.7058823529411765
3418,13,3,3,0,0,19,0.6842105263157895
3419,12,3,3,0,0,18,0.6666666666666666
3420,12,3,3,0,0,18,0.6666666666666666
3421,14,3,2,0,0,19,0.7368421052631579
3422,13,3,3,0,0,19,0.6842105263157895
3423,14,3,2,0,0,19,0.7368421052631579
3424,14,3,3,0,0,20,0.7
3425,13,3,2,0,0,18,0.7222222222222222
3426,13,3,2,0,0,18,0.7222222222222222
3427,13,4,2,0,0,19,0.6842105263157895
3428,12,4,1,0,0,17,0.7058823529411765
3429,10,3,2,0,0,15,0.6666666666666666
3430,12,3,2,0,0,17,0.7058823529411765
3431,12,3,2,0,0,17,0.7058823529411765
3432,13,3,3,0,0,19,0.6842105263157895
3433,13,4,2,0,0,19,0.6842105263157895
3434,11,4,2,0,0,17,0.6470588235294118
3435,13,4,2,0,0,19,0.6842105263157895
3436,12,4,2,0,0,18,0.6666666666666666
3437,13,2,2,0,0,17,0.7647058823529411
3438,12,3,2,0,0,17,0.7058823529411765
3439,13,4,2,0,0,19,0.6842105263157895
3440,12,4,2,0,0,18,0.6666666666666666
3441,13,3,2,0,0,18,0.7222222222222222
3442,13,3,3,0,0,19,0.6842105263157895
3443,14,3,2,0,0,19,0.7368421052631579
3444,14,4,2,0,0,20,0.7
3445,13,2,2,0,0,17,0.7647058823529411
3446,12,4,2,0,0,18,0.6666666666666666
3447,13,3,2,0,0,18,0.7222222222222222
3448,13,4,2,0,0,19,0.6842105263157895
3449,13,4,2,0,0,19,0.6842105263157895
3450,11,3,2,0,0,16,0.6875
3451,14,4,2,0,0,20,0.7
3452,12,4,2,0,0,18,0.6666666666666666
3453,13,3,2,0,0,18,0.7222222222222222
3454,14,5,2,0,0,21,0.6666666666666666
3455,14,4,2,0,0,20,0.7
3456,13,4,2,0,0,19,0.6842105263157895
3457,13,4,2,0,0,19,0.6842105263157895
3458,13,3,2,0,0,18,0.7222222222222222
3459,14,3,2,0,0,19,0.7368421052631579
3460,12,3,2,0,0,17,0.7058823529411765
3461,14,4,2,0,0,20,0.7
3462,13,5,2,0,0,20,0.65
3463,14,3,2,0,0,19,0.7368421052631579
3464,13,4,2,0,0,19,0.6842105263157895
3465,14,3,2,0,0,19,0.7368421052631579
3466,13,3,2,0,0,18,0.7222222222222222
3467,14,4,2,0,0,20,0.7
3468,14,3,2,0,0,19,0.7368421052631579
3469,14,3,2,0,0,19,0.7368421052631579
3470,14,4,2,0,0,20,0.7
3471,13,4,2,0,0,19,0.6842105263157895
3472,13,4,2,0,0,19,0.6842105263157895
3473,14,4,2,0,0,20,0.7
3474,12,4,2,0,0,18,0.6666666666666666
3475,12,5,2,0,0,19,0.631578947368421
3476,12,3,2,0,0,17,0.7058823529411765
3477,13,4,2,0,0,19,0.6842105263157895
3478,14,4,2,0,0,20,0.7
3479,11,4,2,0,0,17,0.6470588235294118
3480,11,4,2,0,0,17,0.6470588235294118
3481,14,3,2,0,0,19,0.7368421052631579
3482,14,4,2,0,0,20,0.7
3483,13,4,2,0,0,19,0.6842105263157895
3484,12,4,3,0,0,19,0.631578947368421
3485,13,4,2,0,0,19,0.6842105263157895
3486,14,4,2,0,0,20,0.7
3487,11,4,2,0,0,17,0.6470588235294118
3488,13,5,2,0,0,20,0.65
3489,13,4,3,0,0,20,0.65
3490,13,3,2,0,0,18,0.7222222222222222
3491,13,4,3,0,0,20,0.65
3492,13,4,3,0,0,20,0.65
3493,13,5,2,0,0,20,0.65
3494,13,3,2,0,0,18,0.7222222222222222
3495,14,3,3,0,0,20,0.7
3496,14,3,3,0,0,20,0.7
3497,12,3,3,0,0,18,0.6666666666666666
3498,12,3,2,0,0,17,0.7058823529411765
3499,13,4,2,0,0,19,0.6842105263157895
3500,11,3,2,0,0,16,0.6875
3501,13,3,2,0,0,18,0.7222222222222222
3502,13,4,2,0,0,19,0.6842105263157895
3503,12,4,2,0,0,18,0.6666666666666666
3504,12,4,2,0,0,18,0.6666666666666666
3505,13,2,2,0,0,17,0.7647058823529411
3506,12,4,3,0,0,19,0.631578947368421
3507,12,4,3,0,0,19,0.631578947368421
3508,13,3,3,0,0,19,0.6842105263157895
3509,13,3,3,0,0,19,0.6842105263157895
3510,14,4,2,0,0,20,0.7
3511,13,3,2,0,0,18,0.7222222222222222
3512,13,5,2,0,0,20,0.65
3513,13,4,2,0,0,19,0.6842105263157895
3514,13,3,2,0,0,18,0.7222222222222222
3515,13,4,2,0,0,19,0.6842105263157895
3516,13,4,2,0,0,19,0.6842105263157895
3517,11,3,3,0,0,17,0.6470588235294118
3518,12,4,3,0,0,19,0.631578947368421
3519,13,4,3,0,0,20,0.65
3520,10,4,1,0,0,15,0.6666666666666666
3521,13,2,1,0,0,16,0.8125
3522,13,2,3,0,0,18,0.7222222222222222
3523,13,1,3,0,0,17,0.7647058823529411
3524,13,1,3,0,0,17,0.7647058823529411
3525,13,1,3,0,0,17,0.7647058823529411
3526,11,1,3,0,0,15,0.7333333333333333
3527,10,1,3,0,0,14,0.7142857142857143
3528,12,1,3,0,0,16,0.75
3529,11,1,3,0,0,15,0.7333333333333333
3530,10,3,2,0,0,15,0.6666666666666666
3531,11,3,2,0,0,16,0.6875
3532,12,2,3,0,0,17,0.7058823529411765
3533,12,3,2,0,0,17,0.7058823529411765
3534,12,2,1,0,0,15,0.8
3535,12,4,2,0,0,18,0.6666666666666666
3536,12,3,1,0,0,16,0.75
3537,12,3,1,0,0,16,0.75
3538,12,3,2,0,0,17,0.7058823529411765
3539,8,4,2,0,0,14,0.5714285714285714
3540,12,3,1,0,0,16,0.75
3541,12,2,2,0,0,16,0.75
3542,12,3,1,0,0,16,0.75
3543,13,2,1,0,0,16,0.8125
3544,14,2,1,0,0,17,0.8235294117647058
3545,13,2,1,0,0,16,0.8125
3546,12,1,1,0,0,14,0.8571428571428571
3547,13,3,1,0,0,17,0.7647058823529411
3548,12,3,1,0,0,16,0.75
3549,13,2,1,0,0,16,0.8125
3550,14,2,2,0,0,18,0.7777777777777778
3551,12,2,1,0,0,15,0.8
3552,11,2,1,0,0,14,0.7857142857142857
3553,13,1,1,0,0,15,0.8666666666666667
3554,11,2,1,0,0,14,0.7857142857142857
3555,11,1,1,0,0,13,0.8461538461538461
3556,13,1,1,0,0,15,0.8666666666666667
3557,12,2,1,0,0,15,0.8
3558,11,1,1,0,0,13,0.8461538461538461
3559,11,1,1,0,0,13,0.8461538461538461
3560,14,1,1,0,0,16,0.875
3561,13,2,1,0,0,16,0.8125
3562,13,2,1,0,0,16,0.8125
3563,14,2,1,0,0,17,0.8235294117647058
3564,11,2,1,0,0,14,0.7857142857142857
3565,12,1,1,0,0,14,0.8571428571428571
3566,12,2,1,0,0,15,0.8
3567,11,2,1,0,0,14,0.7857142857142857
3568,12,2,1,0,0,15,0.8
3569,12,1,2,0,0,15,0.8
3570,10,1,1,0,0,12,0.8333333333333334
3571,12,2,1,0,0,15,0.8
3572,11,1,1,0,0,13,0.8461538461538461
3573,11,1,1,0,0,13,0.8461538461538461
3574,11,2,1,0,0,14,0.7857142857142857
3575,13,2,1,0,0,16,0.8125
3576,13,2,1,0,0,16,0.8125
3577,14,2,2,0,0,18,0.7777777777777778
3578,14,2,1,0,0,17,0.8235294117647058
3579,13,2,1,0,0,16,0.8125
3580,14,2,1,0,0,17,0.8235294117647058
3581,12,2,2,0,0,16,0.75
3582,14,2,1,0,0,17,0.8235294117647058
3583,13,1,2,0,0,16,0.8125
3584,14,2,1,0,0,17,0.8235294117647058
3585,15,2,2,1,0,20,0.75
3586,14,2,1,0,0,17,0.8235294117647058
3587,14,2,2,0,0,18,0.7777777777777778
3588,13,2,1,0,0,16,0.8125
3589,13,2,1,0,0,16,0.8125
3590,13,2,1,0,0,16,0.8125
3591,14,2,1,0,0,17,0.8235294117647058
3592,12,2,2,0,0,16,0.75
3593,12,2,1,0,0,15,0.8
3594,12,2,2,0,0,16,0.75
3595,10,2,1,0,0,13,0.7692307692307693
3596,12,2,1,0,0,15,0.8
3597,11,3,1,0,0,15,0.7333333333333333
3598,13,2,1,0,0,16,0.8125
3599,12,2,1,0,0,15,0.8
3600,13,2,1,0,0,16,0.8125
3601,13,2,1,0,0,16,0.8125
3602,12,1,1,0,0,14,0.8571428571428571
3603,13,2,1,0,0,16,0.8125
3604,15,2,1,0,0,18,0.8333333333333334
3605,13,2,1,0,0,16,0.8125
3606,12,1,1,0,0,14,0.8571428571428571
3607,13,2,1,0,0,16,0.8125
3608,12,2,1,0,0,15,0.8
3609,14,2,1,0,0,17,0.8235294117647058
3610,13,2,1,0,0,16,0.8125
3611,13,2,1,0,0,16,0.8125
3612,14,2,1,0,0,17,0.8235294117647058
3613,12,5,1,0,0,18,0.6666666666666666
3614,12,2,1,0,0,15,0.8
3615,13,2,1,0,0,16,0.8125
3616,12,1,1,0,0,14,0.8571428571428571
3617,11,1,1,0,0,13,0.8461538461538461
3618,12,2,2,0,0,16,0.75
3619,13,2,1,0,0,16,0.8125
3620,13,2,1,0,0,16,0.8125
3621,12,2,1,0,0,15,0.8
3622,12,3,1,0,0,16,0.75
3623,12,2,1,0,0,15,0.8
3624,12,2,1,0,0,15,0.8
3625,13,2,1,0,0,16,0.8125
3626,15,2,2,0,0,19,0.7894736842105263
3627,12,2,1,0,0,15,0.8
3628,12,3,1,0,0,16,0.75
3629,12,2,1,0,0,15,0.8
3630,12,2,1,0,0,15,0.8
3631,13,3,1,0,0,17,0.7647058823529411
3632,12,2,2,0,0,16,0.75
3633,13,1,2,0,0,16,0.8125
3634,12,2,2,0,0,16,0.75
3635,11,2,1,0,0,14,0.7857142857142857
3636,13,2,1,0,0,16,0.8125
3637,14,2,1,0,0,17,0.8235294117647058
3638,14,2,1,0,0,17,0.8235294117647058
3639,13,2,1,0,0,16,0.8125
3640,14,1,1,0,0,16,0.875
3641,9,2,2,0,0,13,0.6923076923076923
3642,13,2,1,0,0,16,0.8125
3643,13,1,1,0,0,15,0.8666666666666667
3644,10,2,1,0,0,13,0.7692307692307693
3645,13,3,1,0,0,17,0.7647058823529411
3646,11,2,1,0,0,14,0.7857142857142857
3647,13,1,2,0,0,16,0.8125
3648,11,2,1,0,0,14,0.7857142857142857
3649,10,3,1,0,0,14,0.7142857142857143
3650,13,2,1,0,0,16,0.8125
3651,13,3,1,0,0,17,0.7647058823529411
3652,14,3,1,0,0,18,0.7777777777777778
3653,11,3,1,0,0,15,0.7333333333333333
3654,13,3,1,0,0,17,0.7647058823529411
3655,13,3,2,0,0,18,0.7222222222222222
3656,13,3,1,0,0,17,0.7647058823529411
3657,12,3,1,0,0,16,0.75
3658,12,2,2,0,0,16,0.75
3659,13,2,1,0,0,16,0.8125
3660,14,2,1,0,0,17,0.8235294117647058
3661,13,3,1,0,0,17,0.7647058823529411
3662,14,2,1,0,0,17,0.8235294117647058
3663,15,2,1,0,0,18,0.8333333333333334
3664,13,2,1,0,0,16,0.8125
3665,13,1,1,0,0,15,0.8666666666666667
3666,13,3,1,0,0,17,0.7647058823529411
3667,13,3,1,0,0,17,0.7647058823529411
3668,12,2,1,0,0,15,0.8
3669,12,2,1,0,0,15,0.8
3670,15,1,2,0,0,18,0.8333333333333334
3671,13,1,1,0,0,15,0.8666666666666667
3672,13,1,2,0,0,16,0.8125
3673,12,2,1,0,0,15,0.8
3674,12,2,1,0,0,15,0.8
3675,11,3,1,0,0,15,0.7333333333333333
3676,13,2,1,0,0,16,0.8125
3677,13,2,1,0,0,16,0.8125
3678,11,2,1,0,0,14,0.7857142857142857
3679,12,2,1,0,0,15,0.8
3680,11,3,1,0,0,15,0.7333333333333333
3681,13,3,1,0,0,17,0.7647058823529411
3682,11,3,1,0,0,15,0.7333333333333333
3683,12,2,2,0,0,16,0.75
3684,14,4,1,0,0,19,0.7368421052631579
3685,12,2,1,0,0,15,0.8
3686,14,2,1,0,0,17,0.8235294117647058
3687,14,3,1,0,0,18,0.7777777777777778
3688,13,3,1,0,0,17,0.7647058823529411
3689,13,3,1,0,0,17,0.7647058823529411
3690,12,3,1,0,0,16,0.75
3691,11,3,2,0,0,16,0.6875
3692,12,3,1,0,0,16,0.75
3693,14,2,1,0,0,17,0.8235294117647058
3694,13,2,1,0,0,16,0.8125
3695,14,2,1,0,0,17,0.8235294117647058
3696,13,3,1,0,0,17,0.7647058823529411
3697,12,2,1,0,0,15,0.8
3698,13,3,2,0,0,18,0.7222222222222222
3699,12,4,1,0,0,17,0.7058823529411765
3700,13,2,1,0,0,16,0.8125
3701,14,2,1,0,0,17,0.8235294117647058
3702,12,4,1,0,0,17,0.7058823529411765
3703,12,3,1,0,0,16,0.75
3704,14,3,1,0,0,18,0.7777777777777778
3705,14,2,1,0,0,17,0.8235294117647058
3706,13,3,1,0,0,17,0.7647058823529411
3707,12,3,2,0,0,17,0.7058823529411765
3708,13,3,1,0,0,17,0.7647058823529411
3709,12,3,1,0,0,16,0.75
3710,13,3,1,0,0,17,0.7647058823529411
3711,13,4,1,0,0,18,0.7222222222222222
3712,12,3,1,0,0,16,0.75
3713,12,3,1,0,0,16,0.75
3714,12,2,1,0,0,15,0.8
3715,13,1,1,0,0,15,0.8666666666666667
3716,13,3,1,0,0,17,0.7647058823529411
3717,13,2,1,0,0,16,0.8125
3718,11,3,1,0,0,15,0.7333333333333333
3719,13,3,1,0,0,17,0.7647058823529411
3720,14,3,1,0,0,18,0.7777777777777778
3721,12,3,1,0,0,16,0.75
3722,13,3,1,0,0,17,0.7647058823529411
3723,12,4,1,0,0,17,0.7058823529411765
3724,13,3,1,0,0,17,0.7647058823529411
3725,13,4,1,0,0,18,0.7222222222222222
3726,12,4,1,0,0,17,0.7058823529411765
3727,12,4,1,0,0,17,0.7058823529411765
3728,12,3,2,0,0,17,0.7058823529411765
3729,12,4,1,0,0,17,0.7058823529411765
3730,11,3,2,0,0,16,0.6875
3731,11,4,1,0,0,16,0.6875
3732,12,5,1,0,0,18,0.6666666666666666
3733,12,4,1,0,0,17,0.7058823529411765
3734,12,3,1,0,0,16,0.75
3735,14,1,1,0,0,16,0.875
3736,13,3,1,0,0,17,0.7647058823529411
3737,12,3,1,0,0,16,0.75
3738,12,3,1,0,0,16,0.75
3739,12,4,2,0,0,18,0.6666666666666666
3740,13,2,2,0,0,17,0.7647058823529411
3741,12,2,2,0,0,16,0.75
3742,13,4,1,0,0,18,0.7222222222222222
3743,13,4,1,0,0,18,0.7222222222222222
3744,13,4,2,0,0,19,0.6842105263157895
3745,13,4,1,0,0,18,0.7222222222222222
3746,11,3,1,0,0,15,0.7333333333333333
3747,12,3,1,0,0,16,0.75
3748,12,2,1,0,0,15,0.8
3749,12,4,1,0,0,17,0.7058823529411765
3750,12,4,1,0,0,17,0.7058823529411765
3751,11,3,1,0,0,15,0.7333333333333333
3752,13,4,1,0,0,18,0.7222222222222222
3753,12,3,1,0,0,16,0.75
3754,12,3,1,0,0,16,0.75
3755,13,4,1,0,0,18,0.7222222222222222
3756,13,5,1,0,0,19,0.6842105263157895
3757,11,3,1,0,0,15,0.7333333333333333
3758,11,3,1,0,0,15,0.7333333333333333
3759,13,3,1,0,0,17,0.7647058823529411
3760,13,2,1,0,0,16,0.8125
3761,12,4,1,0,0,17,0.7058823529411765
3762,13,3,1,0,0,17,0.7647058823529411
3763,13,4,1,0,0,18,0.7222222222222222
3764,13,3,1,0,0,17,0.7647058823529411
3765,13,4,1,0,0,18,0.7222222222222222
3766,13,4,1,0,0,18,0.7222222222222222
3767,12,3,1,0,0,16,0.75
3768,15,3,1,0,0,19,0.7894736842105263
3769,11,4,1,0,0,16,0.6875
3770,12,3,1,0,0,16,0.75
3771,12,4,1,0,0,17,0.7058823529411765
3772,12,4,1,0,0,17,0.7058823529411765
3773,12,3,1,0,0,16,0.75
3774,10,4,1,0,0,15,0.6666666666666666
3775,12,4,1,0,0,17,0.7058823529411765
3776,11,3,1,0,0,15,0.7333333333333333
3777,12,4,1,0,0,17,0.7058823529411765
3778,14,4,1,0,0,19,0.7368421052631579
3779,12,4,1,0,0,17,0.7058823529411765
3780,12,2,1,0,0,15,0.8
3781,12,3,1,0,0,16,0.75
3782,11,1,1,0,0,13,0.8461538461538461
3783,11,2,1,0,0,14,0.7857142857142857
3784,13,2,1,0,0,16,0.8125
3785,16,1,1,0,0,18,0.8888888888888888
3786,14,2,0,0,0,16,0.875
3787,15,2,0,0,0,17,0.8823529411764706
3788,13,2,1,0,0,16,0.8125
3789,16,1,1,0,0,18,0.8888888888888888
3790,16,2,1,0,0,19,0.8421052631578947
3791,14,2,0,0,0,16,0.875
3792,16,1,1,0,0,18,0.8888888888888888
3793,13,2,2,0,0,17,0.7647058823529411
3794,15,2,1,0,0,18,0.8333333333333334
3795,16,1,1,0,0,18,0.8888888888888888
3796,15,2,2,0,0,19,0.7894736842105263
3797,15,1,1,0,0,17,0.8823529411764706
3798,13,0,1,0,0,14,0.9285714285714286
3799,15,2,2,0,0,19,0.7894736842105263
3800,13,1,2,0,0,16,0.8125
3801,15,1,2,0,0,18,0.8333333333333334
3802,14,2,1,0,0,17,0.8235294117647058
3803,15,1,1,1,0,18,0.8333333333333334
3804,13,2,1,0,0,16,0.8125
3805,12,1,2,1,0,16,0.75
3806,14,1,3,0,0,18,0.7777777777777778
3807,14,1,3,0,0,18,0.7777777777777778
3808,14,1,3,1,0,19,0.7368421052631579
3809,14,1,3,0,0,18,0.7777777777777778
3810,15,2,2,1,0,20,0.75
3811,14,2,2,0,0,18,0.7777777777777778
3812,14,1,1,0,0,16,0.875
3813,15,2,1,0,0,18,0.8333333333333334
3814,15,2,1,1,0,19,0.7894736842105263
3815,15,2,1,0,0,18,0.8333333333333334
3816,15,2,1,1,0,19,0.7894736842105263
3817,14,2,1,0,0,17,0.8235294117647058
3818,13,3,1,0,0,17,0.7647058823529411
3819,14,2,1,0,0,17,0.8235294117647058
3820,14,2,1,0,0,17,0.8235294117647058
3821,13,1,1,0,0,15,0.8666666666666667
3822,13,2,1,0,0,16,0.8125
3823,16,1,2,0,0,19,0.8421052631578947
3824,15,2,1,0,0,18,0.8333333333333334
3825,13,2,1,0,0,16,0.8125
3826,13,2,1,0,0,16,0.8125
3827,14,2,1,0,0,17,0.8235294117647058
3828,12,2,1,0,0,15,0.8
3829,15,3,1,0,0,19,0.7894736842105263
3830,13,2,1,0,0,16,0.8125
3831,14,2,2,0,0,18,0.7777777777777778
3832,14,2,1,0,0,17,0.8235294117647058
3833,11,2,1,0,0,14,0.7857142857142857
3834,13,2,1,0,0,16,0.8125
3835,13,2,1,0,0,16,0.8125
3836,14,2,1,0,0,17,0.8235294117647058
3837,13,2,1,0,0,16,0.8125
3838,11,2,1,0,0,14,0.7857142857142857
3839,11,2,1,0,0,14,0.7857142857142857
3840,13,2,1,0,0,16,0.8125
3841,14,2,1,0,0,17,0.8235294117647058
3842,12,2,1,0,0,15,0.8
3843,12,2,1,0,0,15,0.8
3844,13,2,1,0,0,16,0.8125
3845,12,2,1,0,0,15,0.8
3846,12,2,1,0,0,15,0.8
3847,14,2,1,0,0,17,0.8235294117647058
3848,14,2,2,0,0,18,0.7777777777777778
3849,14,2,1,0,0,17,0.8235294117647058
3850,12,2,1,0,0,15,0.8
3851,15,1,1,0,0,17,0.8823529411764706
3852,14,1,1,0,0,16,0.875
3853,15,2,1,0,0,18,0.8333333333333334
3854,15,2,1,0,0,18,0.8333333333333334
3855,13,2,2,0,0,17,0.7647058823529411
3856,12,1,1,0,0,14,0.8571428571428571
3857,13,2,1,0,0,16,0.8125
3858,14,2,1,0,0,17,0.8235294117647058
3859,12,2,1,0,0,15,0.8
3860,13,3,1,0,0,17,0.7647058823529411
3861,13,3,1,0,0,17,0.7647058823529411
3862,12,2,1,0,0,15,0.8
3863,12,4,1,0,0,17,0.7058823529411765
3864,13,2,1,0,0,16,0.8125
3865,13,2,1,0,0,16,0.8125
3866,11,2,1,0,0,14,0.7857142857142857
3867,12,2,1,0,0,15,0.8
3868,13,1,2,0,0,16,0.8125
3869,12,3,1,0,0,16,0.75
3870,12,2,1,0,0,15,0.8
3871,12,2,1,0,0,15,0.8
3872,13,2,1,0,0,16,0.8125
3873,12,3,1,0,0,16,0.75
3874,14,2,1,0,0,17,0.8235294117647058
3875,14,2,1,0,0,17,0.8235294117647058
3876,13,4,2,0,0,19,0.6842105263157895
3877,13,2,1,0,0,16,0.8125
3878,12,2,1,0,0,15,0.8
3879,11,2,2,0,0,15,0.7333333333333333
3880,12,2,2,0,0,16,0.75
3881,12,2,1,0,0,15,0.8
3882,10,2,1,0,0,13,0.7692307692307693
3883,11,2,1,0,0,14,0.7857142857142857
3884,13,2,2,0,0,17,0.7647058823529411
3885,10,2,2,0,0,14,0.7142857142857143
3886,13,2,2,0,0,17,0.7647058823529411
3887,13,2,1,0,0,16,0.8125
3888,13,2,2,0,0,17,0.7647058823529411
3889,13,2,1,0,0,16,0.8125
3890,13,3,1,0,0,17,0.7647058823529411
3891,12,4,1,0,0,17,0.7058823529411765
3892,13,3,1,0,0,17,0.7647058823529411
3893,13,4,1,0,0,18,0.7222222222222222
3894,13,4,1,0,0,18,0.7222222222222222
3895,12,3,1,0,0,16,0.75
3896,12,4,1,0,0,17,0.7058823529411765
3897,12,4,1,0,0,17,0.7058823529411765
3898,12,4,1,0,0,17,0.7058823529411765
3899,12,2,1,0,0,15,0.8
3900,14,3,1,0,0,18,0.7777777777777778
3901,13,4,1,0,0,18,0.7222222222222222
3902,10,5,1,0,0,16,0.625
3903,14,4,1,0,0,19,0.7368421052631579
3904,13,4,1,0,0,18,0.7222222222222222
3905,11,2,1,0,0,14,0.7857142857142857
3906,11,1,1,0,0,13,0.8461538461538461
3907,13,2,1,0,0,16,0.8125
3908,12,2,1,0,0,15,0.8
3909,11,2,1,0,0,14,0.7857142857142857
3910,12,1,1,0,0,14,0.8571428571428571
3911,13,2,1,0,0,16,0.8125
3912,11,1,1,0,0,13,0.8461538461538461
3913,12,2,1,0,0,15,0.8
3914,14,2,1,0,0,17,0.8235294117647058
3915,12,2,1,0,0,15,0.8
3916,13,2,1,0,0,16,0.8125
3917,11,2,1,0,0,14,0.7857142857142857
3918,12,2,1,0,0,15,0.8
3919,13,5,1,0,0,19,0.6842105263157895
3920,12,3,1,0,0,16,0.75
3921,14,2,1,0,0,17,0.8235294117647058
3922,11,2,1,0,0,14,0.7857142857142857
3923,13,2,1,0,0,16,0.8125
3924,14,2,1,0,0,17,0.8235294117647058
3925,12,2,1,0,0,15,0.8
3926,12,2,1,0,0,15,0.8
3927,12,2,2,0,0,16,0.75
3928,15,2,1,0,0,18,0.8333333333333334
3929,13,2,1,0,0,16,0.8125
3930,17,2,1,0,0,20,0.85
3931,16,2,1,0,0,19,0.8421052631578947
3932,13,2,1,0,0,16,0.8125
3933,13,2,1,0,0,16,0.8125
3934,14,2,1,0,0,17,0.8235294117647058
3935,12,2,1,0,0,15,0.8
3936,14,1,1,0,0,16,0.875
3937,15,2,1,0,0,18,0.8333333333333334
3938,15,1,1,0,0,17,0.8823529411764706
3939,15,2,1,0,0,18,0.8333333333333334
3940,13,2,1,0,0,16,0.8125
3941,15,2,1,0,0,18,0.8333333333333334
3942,13,1,1,0,0,15,0.8666666666666667
3943,12,2,1,0,0,15,0.8
3944,15,2,1,0,0,18,0.8333333333333334
3945,12,1,1,0,0,14,0.8571428571428571
3946,12,2,1,0,0,15,0.8
3947,14,1,1,0,0,16,0.875
3948,13,2,1,0,0,16,0.8125
3949,11,2,1,0,0,14,0.7857142857142857
3950,15,2,1,0,0,18,0.8333333333333334
3951,11,2,1,0,0,14,0.7857142857142857
3952,12,2,1,0,0,15,0.8
3953,14,1,1,0,0,16,0.875
3954,12,1,1,0,0,14,0.8571428571428571
3955,13,2,1,0,0,16,0.8125
3956,13,2,1,0,0,16,0.8125
3957,14,2,2,0,0,18,0.7777777777777778
3958,14,2,0,0,0,16,0.875
3959,11,1,1,0,0,13,0.8461538461538461
3960,13,2,1,0,0,16,0.8125
3961,11,2,2,0,0,15,0.7333333333333333
3962,12,1,2,0,0,15,0.8
3963,12,2,1,0,0,15,0.8
3964,13,1,1,0,0,15,0.8666666666666667
3965,13,2,1,0,0,16,0.8125
3966,12,2,1,0,0,15,0.8
3967,13,1,1,0,0,15,0.8666666666666667
3968,11,1,1,0,0,13,0.8461538461538461
3969,13,2,1,0,0,16,0.8125
3970,11,3,1,0,0,15,0.7333333333333333
3971,12,2,1,0,0,15,0.8
3972,13,2,1,0,0,16,0.8125
3973,13,2,1,0,0,16,0.8125
3974,13,2,1,0,0,16,0.8125
3975,12,3,1,0,0,16,0.75
3976,12,4,1,0,0,17,0.7058823529411765
3977,12,2,1,0,0,15,0.8
3978,11,3,1,0,0,15,0.7333333333333333
3979,13,2,1,0,0,16,0.8125
3980,12,3,1,0,0,16,0.75
3981,12,2,1,0,0,15,0.8
3982,12,2,1,0,0,15,0.8
3983,13,2,1,0,0,16,0.8125
3984,14,3,1,0,0,18,0.7777777777777778
3985,12,1,1,0,0,14,0.8571428571428571
3986,10,2,2,0,0,14,0.7142857142857143
3987,13,2,1,0,0,16,0.8125
3988,14,2,1,0,0,17,0.8235294117647058
3989,13,2,1,0,0,16,0.8125
3990,12,2,1,0,0,15,0.8
3991,13,2,1,0,0,16,0.8125
3992,12,2,1,0,0,15,0.8
3993,14,1,1,0,0,16,0.875
3994,13,2,1,0,0,16,0.8125
3995,12,2,1,0,0,15,0.8
3996,12,2,1,0,0,15,0.8
3997,13,2,1,0,0,16,0.8125
3998,13,2,1,0,0,16,0.8125
3999,12,2,1,0,0,15,0.8
4000,13,2,2,0,0,17,0.7647058823529411
4001,13,3,1,0,0,17,0.7647058823529411
4002,13,3,1,0,0,17,0.7647058823529411
4003,10,3,1,0,0,14,0.7142857142857143
4004,13,2,2,0,0,17,0.7647058823529411
4005,13,1,2,0,0,16,0.8125
4006,15,2,2,0,0,19,0.7894736842105263
4007,14,2,1,0,0,17,0.8235294117647058
4008,13,2,1,0,0,16,0.8125
4009,12,2,1,0,0,15,0.8
4010,13,2,1,0,0,16,0.8125
4011,11,2,1,0,0,14,0.7857142857142857
4012,10,2,2,0,0,14,0.7142857142857143
4013,10,2,1,0,0,13,0.7692307692307693
4014,11,2,1,0,0,14,0.7857142857142857
4015,11,1,1,0,0,13,0.8461538461538461
4016,11,2,1,0,0,14,0.7857142857142857
4017,12,2,1,0,0,15,0.8
4018,11,2,1,0,0,14,0.7857142857142857
4019,13,2,1,0,0,16,0.8125
4020,13,2,1,0,0,16,0.8125
4021,13,2,1,0,0,16,0.8125
4022,10,3,1,0,0,14,0.7142857142857143
4023,9,2,1,0,0,12,0.75
4024,12,2,1,0,0,15,0.8
4025,11,2,1,0,0,14,0.7857142857142857
4026,13,2,1,0,0,16,0.8125
4027,12,1,1,1,0,15,0.8
4028,12,0,1,1,0,14,0.8571428571428571
4029,14,1,1,1,0,17,0.8235294117647058
4030,14,1,1,0,0,16,0.875
4031,14,2,0,0,0,16,0.875
4032,11,1,1,0,0,13,0.8461538461538461
4033,12,1,1,0,0,14,0.8571428571428571
4034,13,2,1,0,0,16,0.8125
4035,12,2,1,0,0,15,0.8
4036,13,1,1,0,0,15,0.8666666666666667
4037,13,2,1,0,0,16,0.8125
4038,13,1,1,1,0,16,0.8125
4039,12,2,2,0,0,16,0.75
4040,15,2,2,1,0,20,0.75
4041,13,1,2,1,0,17,0.7647058823529411
4042,15,2,2,1,0,20,0.75
4043,13,1,1,0,0,15,0.8666666666666667
4044,16,2,2,1,0,21,0.7619047619047619
4045,16,2,2,1,0,21,0.7619047619047619
4046,13,2,1,0,0,16,0.8125
4047,14,1,2,0,0,17,0.8235294117647058
4048,13,1,2,0,0,16,0.8125
4049,12,1,2,0,0,15,0.8
4050,14,1,2,1,0,18,0.7777777777777778
4051,14,1,2,1,0,18,0.7777777777777778
4052,13,1,1,1,0,16,0.8125
4053,14,1,1,1,0,17,0.8235294117647058
4054,12,1,1,1,0,15,0.8
4055,13,0,2,1,0,16,0.8125
4056,10,3,2,1,0,16,0.625
4057,13,1,3,1,0,18,0.7222222222222222
4058,14,0,2,1,0,17,0.8235294117647058
4059,13,1,1,1,0,16,0.8125
4060,14,2,2,0,0,18,0.7777777777777778
4061,13,2,1,0,0,16,0.8125
4062,13,2,1,0,0,16,0.8125
4063,14,1,1,0,0,16,0.875
4064,13,1,1,1,0,16,0.8125
4065,13,1,1,0,0,15,0.8666666666666667
4066,13,1,1,0,0,15,0.8666666666666667
4067,13,1,0,0,0,14,0.9285714285714286
4068,15,2,1,0,0,18,0.8333333333333334
4069,14,1,1,0,0,16,0.875
4070,15,1,1,0,0,17,0.8823529411764706
4071,15,1,2,1,0,19,0.7894736842105263
4072,14,2,1,0,0,17,0.8235294117647058
4073,15,1,1,1,0,18,0.8333333333333334
4074,13,1,1,1,0,16,0.8125
4075,13,2,1,1,0,17,0.7647058823529411
4076,13,2,1,0,0,16,0.8125
4077,12,2,1,0,0,15,0.8
4078,13,1,1,1,0,16,0.8125
4079,15,1,1,0,0,17,0.8823529411764706
4080,12,1,1,1,0,15,0.8
4081,14,1,1,0,0,16,0.875
4082,13,0,1,1,0,15,0.8666666666666667
4083,14,2,1,0,0,17,0.8235294117647058
4084,10,2,1,0,0,13,0.7692307692307693
4085,15,2,1,0,0,18,0.8333333333333334
4086,14,2,1,1,0,18,0.7777777777777778
4087,13,1,1,0,0,15,0.8666666666666667
4088,14,1,1,1,0,17,0.8235294117647058
4089,13,1,2,0,0,16,0.8125
4090,12,1,1,0,0,14,0.8571428571428571
4091,13,2,1,0,0,16,0.8125
4092,13,1,1,0,0,15,0.8666666666666667
4093,13,1,3,0,0,17,0.7647058823529411
4094,12,2,1,0,0,15,0.8
4095,12,1,1,0,0,14,0.8571428571428571
4096,14,2,1,1,0,18,0.7777777777777778
4097,12,2,1,0,0,15,0.8
4098,14,2,1,0,0,17,0.8235294117647058
4099,14,2,1,0,0,17,0.8235294117647058
4100,14,2,1,0,0,17,0.8235294117647058
4101,14,1,2,0,0,17,0.8235294117647058
4102,12,1,2,0,0,15,0.8
4103,13,1,1,0,0,15,0.8666666666666667
4104,12,2,1,0,0,15,0.8
4105,14,2,2,0,0,18,0.7777777777777778
4106,13,2,1,0,0,16,0.8125
4107,14,2,1,0,0,17,0.8235294117647058
4108,13,3,1,0,0,17,0.7647058823529411
4109,11,5,1,0,0,17,0.6470588235294118
4110,13,3,1,0,0,17,0.7647058823529411
4111,12,3,1,0,0,16,0.75
4112,13,2,1,0,0,16,0.8125
4113,12,3,2,0,0,17,0.7058823529411765
4114,14,4,1,0,0,19,0.7368421052631579
4115,12,4,2,0,0,18,0.6666666666666666
4116,12,3,1,0,0,16,0.75
4117,13,3,1,0,0,17,0.7647058823529411
4118,12,3,1,0,0,16,0.75
4119,12,2,1,0,0,15,0.8
4120,11,3,1,0,0,15,0.7333333333333333
4121,13,2,1,0,0,16,0.8125
4122,14,3,1,0,0,18,0.7777777777777778
4123,14,3,1,0,0,18,0.7777777777777778
4124,12,3,1,0,0,16,0.75
4125,11,3,2,0,0,16,0.6875
4126,13,4,1,0,0,18,0.7222222222222222
4127,12,4,1,0,0,17,0.7058823529411765
4128,11,3,2,0,0,16,0.6875
4129,12,4,1,0,0,17,0.7058823529411765
4130,13,4,1,0,0,18,0.7222222222222222
4131,13,2,1,0,0,16,0.8125
4132,13,4,1,0,0,18,0.7222222222222222
4133,13,4,1,0,0,18,0.7222222222222222
4134,12,3,1,0,0,16,0.75
4135,11,2,2,0,0,15,0.7333333333333333
4136,11,3,1,0,0,15,0.7333333333333333
4137,12,4,1,0,0,17,0.7058823529411765
4138,12,4,1,0,0,17,0.7058823529411765
4139,10,4,1,0,0,15,0.6666666666666666
4140,13,3,1,0,0,17,0.7647058823529411
4141,13,3,1,0,0,17,0.7647058823529411
4142,14,4,1,0,0,19,0.7368421052631579
4143,13,4,1,0,0,18,0.7222222222222222
4144,12,4,1,0,0,17,0.7058823529411765
4145,15,2,1,0,0,18,0.8333333333333334
4146,13,4,1,0,0,18,0.7222222222222222
4147,13,3,1,0,0,17,0.7647058823529411
4148,12,4,1,0,0,17,0.7058823529411765
4149,14,2,2,0,0,18,0.7777777777777778
4150,13,4,1,0,0,18,0.7222222222222222
4151,13,5,1,0,0,19,0.6842105263157895
4152,12,2,1,0,0,15,0.8
4153,14,3,1,0,0,18,0.7777777777777778
4154,15,3,2,0,0,20,0.75
4155,14,3,1,0,0,18,0.7777777777777778
4156,14,3,2,0,0,19,0.7368421052631579
4157,12,4,1,0,0,17,0.7058823529411765
4158,12,4,2,0,0,18,0.6666666666666666
4159,12,3,1,0,0,16,0.75
4160,13,4,1,0,0,18,0.7222222222222222
4161,12,3,2,0,0,17,0.7058823529411765
4162,12,3,1,0,0,16,0.75
4163,13,3,1,0,0,17,0.7647058823529411
4164,13,3,2,0,0,18,0.7222222222222222
4165,12,4,1,0,0,17,0.7058823529411765
4166,11,4,1,0,0,16,0.6875
4167,12,5,2,0,0,19,0.631578947368421
4168,13,4,1,0,0,18,0.7222222222222222
4169,13,4,1,0,0,18,0.7222222222222222
4170,13,3,2,0,0,18,0.7222222222222222
4171,11,3,1,0,0,15,0.7333333333333333
4172,11,3,1,0,0,15,0.7333333333333333
4173,13,4,1,0,0,18,0.7222222222222222
4174,13,4,2,0,0,19,0.6842105263157895
4175,12,3,1,0,0,16,0.75
4176,12,3,1,0,0,16,0.75
4177,13,2,1,0,0,16,0.8125
4178,13,3,1,0,0,17,0.7647058823529411
4179,12,2,1,0,0,15,0.8
4180,13,4,1,0,0,18,0.7222222222222222
4181,13,5,1,0,0,19,0.6842105263157895
4182,13,4,1,0,0,18,0.7222222222222222
4183,12,4,3,0,0,19,0.631578947368421
4184,12,2,2,0,0,16,0.75
4185,12,4,1,0,0,17,0.7058823529411765
4186,10,4,1,0,0,15,0.6666666666666666
4187,14,4,1,0,0,19,0.7368421052631579
4188,14,2,1,0,0,17,0.8235294117647058
4189,13,3,1,0,0,17,0.7647058823529411
4190,12,3,1,0,0,16,0.75
4191,14,3,1,0,0,18,0.7777777777777778
4192,12,3,1,0,0,16,0.75
4193,12,4,1,0,0,17,0.7058823529411765
4194,14,4,1,0,0,19,0.7368421052631579
4195,14,4,1,0,0,19,0.7368421052631579
4196,13,4,1,0,0,18,0.7222222222222222
4197,12,4,1,0,0,17,0.7058823529411765
4198,11,5,1,0,0,17,0.6470588235294118
4199,13,3,1,0,0,17,0.7647058823529411
4200,13,4,1,0,0,18,0.7222222222222222
4201,13,4,1,0,0,18,0.7222222222222222
4202,12,4,1,0,0,17,0.7058823529411765
4203,13,4,1,0,0,18,0.7222222222222222
4204,12,4,1,0,0,17,0.7058823529411765
4205,10,3,1,0,0,14,0.7142857142857143
4206,11,4,1,0,0,16,0.6875
4207,11,3,1,0,0,15,0.7333333333333333
4208,11,3,1,0,0,15,0.7333333333333333
4209,11,4,1,0,0,16,0.6875
4210,9,4,1,0,0,14,0.6428571428571429
4211,13,2,1,0,0,16,0.8125
4212,11,3,1,0,0,15,0.7333333333333333
4213,11,3,1,0,0,15,0.7333333333333333
4214,13,3,1,0,0,17,0.7647058823529411
4215,12,3,1,0,0,16,0.75
4216,12,3,1,0,0,16,0.75
4217,13,3,1,0,0,17,0.7647058823529411
4218,12,5,2,0,0,19,0.631578947368421
4219,13,3,1,0,0,17,0.7647058823529411
4220,11,4,1,0,0,16,0.6875
4221,12,4,1,0,0,17,0.7058823529411765
4222,12,5,1,0,0,18,0.6666666666666666
4223,14,4,1,0,0,19,0.7368421052631579
4224,12,4,1,0,0,17,0.7058823529411765
4225,12,4,1,0,0,17,0.7058823529411765
4226,12,2,1,0,0,15,0.8
4227,13,5,1,0,0,19,0.6842105263157895
4228,12,4,3,0,0,19,0.631578947368421
4229,13,4,2,0,0,19,0.6842105263157895
4230,14,3,2,0,0,19,0.7368421052631579
4231,12,2,2,0,0,16,0.75
4232,13,3,3,0,0,19,0.6842105263157895
4233,13,4,2,0,0,19,0.6842105263157895
4234,14,4,2,0,0,20,0.7
4235,13,4,2,0,0,19,0.6842105263157895
4236,12,4,2,0,0,18,0.6666666666666666
4237,13,3,1,0,0,17,0.7647058823529411
4238,12,4,1,0,0,17,0.7058823529411765
4239,13,4,2,0,0,19,0.6842105263157895
4240,12,4,3,0,0,19,0.631578947368421
4241,12,4,1,0,0,17,0.7058823529411765
4242,12,4,2,0,0,18,0.6666666666666666
4243,12,5,1,0,0,18,0.6666666666666666
4244,13,3,1,0,0,17,0.7647058823529411
4245,13,5,1,0,0,19,0.6842105263157895
4246,12,4,2,0,0,18,0.6666666666666666
4247,13,4,1,0,0,18,0.7222222222222222
4248,12,3,1,0,0,16,0.75
4249,11,2,1,0,0,14,0.7857142857142857
4250,12,5,1,0,0,18,0.6666666666666666
4251,13,4,2,0,0,19,0.6842105263157895
4252,14,3,1,0,0,18,0.7777777777777778
4253,12,5,1,0,0,18,0.6666666666666666
4254,15,4,2,0,0,21,0.7142857142857143
4255,13,4,1,0,0,18,0.7222222222222222
4256,13,4,1,0,0,18,0.7222222222222222
4257,13,4,1,0,0,18,0.7222222222222222
4258,13,3,2,0,0,18,0.7222222222222222
4259,14,4,2,0,0,20,0.7
4260,13,5,1,0,0,19,0.6842105263157895
4261,13,4,2,0,0,19,0.6842105263157895
4262,13,5,1,0,0,19,0.6842105263157895
4263,12,5,1,0,0,18,0.6666666666666666
4264,13,4,1,0,0,18,0.7222222222222222
4265,14,4,1,0,0,19,0.7368421052631579
4266,13,4,2,0,0,19,0.6842105263157895
4267,13,4,1,0,0,18,0.7222222222222222
4268,13,4,1,0,0,18,0.7222222222222222
4269,13,4,1,0,0,18,0.7222222222222222
4270,13,3,2,0,0,18,0.7222222222222222
4271,13,4,1,0,0,18,0.7222222222222222
4272,12,2,1,0,0,15,0.8
4273,13,2,1,0,0,16,0.8125
4274,15,5,1,0,0,21,0.7142857142857143
4275,13,3,1,0,0,17,0.7647058823529411
4276,14,3,1,0,0,18,0.7777777777777778
4277,13,4,1,0,0,18,0.7222222222222222
4278,13,3,1,0,0,17,0.7647058823529411
4279,13,4,1,0,0,18,0.7222222222222222
4280,12,5,1,0,0,18,0.6666666666666666
4281,12,4,1,0,0,17,0.7058823529411765
4282,13,3,1,0,0,17,0.7647058823529411
4283,11,3,1,0,0,15,0.7333333333333333
4284,12,4,1,0,0,17,0.7058823529411765
4285,13,5,1,0,0,19,0.6842105263157895
4286,14,3,1,0,0,18,0.7777777777777778
4287,13,4,1,0,0,18,0.7222222222222222
4288,14,3,1,0,0,18,0.7777777777777778
4289,12,5,1,0,0,18,0.6666666666666666
4290,13,4,1,0,0,18,0.7222222222222222
4291,14,3,1,0,0,18,0.7777777777777778
4292,13,4,1,0,0,18,0.7222222222222222
4293,11,4,1,0,0,16,0.6875
4294,11,4,1,0,0,16,0.6875
4295,13,3,1,0,0,17,0.7647058823529411
4296,12,3,1,0,0,16,0.75
4297,14,4,1,0,0,19,0.7368421052631579
4298,13,2,1,0,0,16,0.8125
4299,13,4,1,0,0,18,0.7222222222222222
4300,13,3,1,0,0,17,0.7647058823529411
4301,13,3,1,0,0,17,0.7647058823529411
4302,13,2,1,0,0,16,0.8125
4303,13,4,1,0,0,18,0.7222222222222222
4304,14,4,1,0,0,19,0.7368421052631579
4305,14,4,1,0,0,19,0.7368421052631579
4306,13,4,1,0,0,18,0.7222222222222222
4307,14,3,1,0,0,18,0.7777777777777778
4308,13,4,1,0,0,18,0.7222222222222222
4309,13,5,1,0,0,19,0.6842105263157895
4310,12,2,1,0,0,15,0.8
4311,13,4,1,0,0,18,0.7222222222222222
4312,13,4,2,0,0,19,0.6842105263157895
4313,14,2,2,0,0,18,0.7777777777777778
4314,14,2,1,0,0,17,0.8235294117647058
4315,14,2,1,0,0,17,0.8235294117647058
4316,10,3,1,0,0,14,0.7142857142857143
4317,12,3,1,0,0,16,0.75
4318,11,2,1,0,0,14,0.7857142857142857
4319,11,3,1,0,0,15,0.7333333333333333
4320,11,4,1,0,0,16,0.6875
4321,12,4,1,0,0,17,0.7058823529411765
4322,10,4,1,0,0,15,0.6666666666666666
4323,10,4,1,0,0,15,0.6666666666666666
4324,13,3,1,0,0,17,0.7647058823529411
4325,12,2,1,0,0,15,0.8
4326,13,2,1,0,0,16,0.8125
4327,14,2,1,0,0,17,0.8235294117647058
4328,11,4,1,0,0,16,0.6875
4329,11,3,1,0,0,15,0.7333333333333333
4330,11,2,1,0,0,14,0.7857142857142857
4331,12,2,1,0,0,15,0.8
4332,11,3,1,0,0,15,0.7333333333333333
4333,11,3,1,0,0,15,0.7333333333333333
4334,13,3,1,0,0,17,0.7647058823529411
4335,11,3,1,0,0,15,0.7333333333333333
4336,14,4,1,0,0,19,0.7368421052631579
4337,12,4,1,0,0,17,0.7058823529411765
4338,13,4,1,0,0,18,0.7222222222222222
4339,13,3,1,0,0,17,0.7647058823529411
4340,12,4,1,0,0,17,0.7058823529411765
4341,10,5,1,0,0,16,0.625
4342,12,2,1,0,0,15,0.8
4343,11,4,1,0,0,16,0.6875
4344,12,2,1,0,0,15,0.8
4345,11,2,2,0,0,15,0.7333333333333333
4346,12,3,2,0,0,17,0.7058823529411765
4347,12,3,1,0,0,16,0.75
4348,11,3,1,0,0,15,0.7333333333333333
4349,12,3,1,0,0,16,0.75
4350,12,3,1,0,0,16,0.75
4351,13,3,1,0,0,17,0.7647058823529411
4352,13,3,1,0,0,17,0.7647058823529411
4353,15,3,1,0,0,19,0.7894736842105263
4354,13,4,2,0,0,19,0.6842105263157895
4355,12,3,1,0,0,16,0.75
4356,12,3,1,0,0,16,0.75
4357,13,4,1,0,0,18,0.7222222222222222
4358,13,3,1,0,0,17,0.7647058823529411
4359,12,2,2,0,0,16,0.75
4360,10,4,1,0,0,15,0.6666666666666666
4361,12,3,1,0,0,16,0.75
4362,13,3,1,0,0,17,0.7647058823529411
4363,13,4,1,0,0,18,0.7222222222222222
4364,14,4,1,0,0,19,0.7368421052631579
4365,13,4,1,0,0,18,0.7222222222222222
4366,12,4,1,0,0,17,0.7058823529411765
4367,13,3,2,0,0,18,0.7222222222222222
4368,12,3,2,0,0,17,0.7058823529411765
4369,14,3,2,0,0,19,0.7368421052631579
4370,14,2,3,0,0,19,0.7368421052631579
4371,12,2,2,0,0,16,0.75
4372,13,4,2,0,0,19,0.6842105263157895
4373,12,2,2,0,0,16,0.75
4374,11,2,1,0,0,14,0.7857142857142857
4375,13,4,1,0,0,18,0.7222222222222222
4376,13,4,1,0,0,18,0.7222222222222222
4377,14,3,1,0,0,18,0.7777777777777778
4378,13,3,1,0,0,17,0.7647058823529411
4379,12,2,1,0,0,15,0.8
4380,12,3,1,0,0,16,0.75
4381,11,3,1,0,0,15,0.7333333333333333
4382,12,3,1,0,0,16,0.75
4383,11,3,1,0,0,15,0.7333333333333333
4384,12,5,1,0,0,18,0.6666666666666666
4385,11,5,1,0,0,17,0.6470588235294118
4386,11,4,1,0,0,16,0.6875
4387,11,2,1,0,0,14,0.7857142857142857
4388,12,3,1,0,0,16,0.75
4389,12,3,2,0,0,17,0.7058823529411765
4390,11,2,1,0,0,14,0.7857142857142857
4391,11,3,1,0,0,15,0.7333333333333333
4392,10,2,1,0,0,13,0.7692307692307693
4393,13,3,1,0,0,17,0.7647058823529411
4394,12,4,1,0,0,17,0.7058823529411765
4395,11,4,1,0,0,16,0.6875
4396,11,3,1,0,0,15,0.7333333333333333
4397,11,2,2,0,0,15,0.7333333333333333
4398,12,3,2,0,0,17,0.7058823529411765
4399,13,3,1,0,0,17,0.7647058823529411
4400,13,4,1,0,0,18,0.7222222222222222
4401,13,3,1,0,0,17,0.7647058823529411
4402,13,3,2,0,0,18,0.7222222222222222
4403,12,3,1,0,0,16,0.75
4404,13,2,1,0,0,16,0.8125
4405,14,3,1,0,0,18,0.7777777777777778
4406,12,3,2,0,0,17,0.7058823529411765
4407,12,4,3,0,0,19,0.631578947368421
4408,11,4,3,0,0,18,0.6111111111111112
4409,12,4,2,0,0,18,0.6666666666666666
4410,12,4,2,0,0,18,0.6666666666666666
4411,14,2,2,0,0,18,0.7777777777777778
4412,12,3,3,0,0,18,0.6666666666666666
4413,12,3,3,0,0,18,0.6666666666666666
4414,13,3,1,0,0,17,0.7647058823529411
4415,11,3,1,0,0,15,0.7333333333333333
4416,12,4,1,0,0,17,0.7058823529411765
4417,13,3,1,0,0,17,0.7647058823529411
4418,12,3,1,0,0,16,0.75
4419,13,3,1,0,0,17,0.7647058823529411
4420,12,2,1,0,0,15,0.8
4421,12,4,1,0,0,17,0.7058823529411765
4422,12,3,1,0,0,16,0.75
4423,13,3,1,0,0,17,0.7647058823529411
4424,15,3,1,0,0,19,0.7894736842105263
4425,13,3,3,0,0,19,0.6842105263157895
4426,12,3,1,0,0,16,0.75
4427,12,3,1,0,0,16,0.75
4428,12,3,1,0,0,16,0.75
4429,12,3,2,0,0,17,0.7058823529411765
4430,15,4,1,0,0,20,0.75
4431,10,4,1,0,0,15,0.6666666666666666
4432,12,2,1,0,0,15,0.8
4433,13,3,1,0,0,17,0.7647058823529411
4434,12,2,1,0,0,15,0.8
4435,11,4,1,0,0,16,0.6875
4436,12,3,1,0,0,16,0.75
4437,11,2,1,0,0,14,0.7857142857142857
4438,13,2,1,0,0,16,0.8125
4439,12,3,1,0,0,16,0.75
4440,13,3,1,0,0,17,0.7647058823529411
4441,13,4,1,0,0,18,0.7222222222222222
4442,12,2,1,0,0,15,0.8
4443,10,3,1,0,0,14,0.7142857142857143
4444,13,3,1,0,0,17,0.7647058823529411
4445,12,2,1,0,0,15,0.8
4446,11,5,1,0,0,17,0.6470588235294118
4447,12,5,1,0,0,18,0.6666666666666666
4448,9,3,1,0,0,13,0.6923076923076923
4449,12,3,1,0,0,16,0.75
4450,13,3,1,0,0,17,0.7647058823529411
4451,12,1,1,0,0,14,0.8571428571428571
4452,12,1,1,0,0,14,0.8571428571428571
4453,10,2,1,0,0,13,0.7692307692307693
4454,11,2,1,0,0,14,0.7857142857142857
4455,12,2,1,0,0,15,0.8
4456,12,1,1,0,0,14,0.8571428571428571
4457,12,2,1,0,0,15,0.8
4458,12,2,1,0,0,15,0.8
4459,10,2,1,0,0,13,0.7692307692307693
4460,12,3,1,0,0,16,0.75
4461,12,1,1,0,0,14,0.8571428571428571
4462,12,3,1,0,0,16,0.75
4463,11,2,1,0,0,14,0.7857142857142857
4464,12,1,1,0,0,14,0.8571428571428571
4465,11,3,3,0,0,17,0.6470588235294118
4466,9,1,3,0,0,13,0.6923076923076923
4467,11,3,3,0,0,17,0.6470588235294118
4468,13,1,3,0,0,17,0.7647058823529411
4469,12,1,1,0,0,14,0.8571428571428571
4470,11,1,3,0,0,15,0.7333333333333333
4471,11,0,3,0,0,14,0.7857142857142857
4472,13,2,3,0,0,18,0.7222222222222222
4473,12,2,2,0,0,16,0.75
4474,14,2,2,0,0,18,0.7777777777777778
4475,13,1,2,0,0,16,0.8125
4476,11,2,2,0,0,15,0.7333333333333333
4477,12,2,2,0,0,16,0.75
4478,13,1,2,0,0,16,0.8125
4479,10,2,2,0,0,14,0.7142857142857143
4480,13,2,2,0,0,17,0.7647058823529411
4481,12,3,2,0,0,17,0.7058823529411765
4482,13,2,3,0,0,18,0.7222222222222222
4483,11,3,2,0,0,16,0.6875
4484,12,3,2,0,0,17,0.7058823529411765
4485,11,3,3,0,0,17,0.6470588235294118
4486,12,1,2,0,0,15,0.8
4487,12,2,2,0,0,16,0.75
4488,13,2,1,0,0,16,0.8125
4489,10,2,1,0,0,13,0.7692307692307693
4490,13,2,1,0,0,16,0.8125
4491,11,2,1,0,0,14,0.7857142857142857
4492,13,2,2,0,0,17,0.7647058823529411
4493,13,2,2,0,0,17,0.7647058823529411
4494,11,2,2,0,0,15,0.7333333333333333
4495,12,3,1,0,0,16,0.75
4496,12,5,1,0,0,18,0.6666666666666666
4497,12,3,1,0,0,16,0.75
4498,11,1,1,0,0,13,0.8461538461538461
4499,13,3,1,0,0,17,0.7647058823529411
4500,12,3,1,0,0,16,0.75
4501,13,2,1,0,0,16,0.8125
4502,13,2,1,0,0,16,0.8125
4503,12,2,1,0,0,15,0.8
4504,11,2,1,0,0,14,0.7857142857142857
4505,12,2,1,0,0,15,0.8
4506,11,2,1,0,0,14,0.7857142857142857
4507,11,2,1,0,0,14,0.7857142857142857
4508,12,2,1,0,0,15,0.8
4509,12,2,1,0,0,15,0.8
4510,12,2,1,0,0,15,0.8
4511,12,2,1,0,0,15,0.8
4512,12,2,1,0,0,15,0.8
4513,10,4,1,0,0,15,0.6666666666666666
4514,11,2,1,0,0,14,0.7857142857142857
4515,12,2,1,0,0,15,0.8
4516,10,2,1,0,0,13,0.7692307692307693
4517,11,2,1,0,0,14,0.7857142857142857
4518,12,2,1,0,0,15,0.8
4519,12,2,1,0,0,15,0.8
4520,13,2,1,0,0,16,0.8125
4521,14,2,2,0,0,18,0.7777777777777778
4522,14,2,1,0,0,17,0.8235294117647058
4523,11,2,1,0,0,14,0.7857142857142857
4524,11,2,1,0,0,14,0.7857142857142857
4525,11,2,1,0,0,14,0.7857142857142857
4526,14,3,1,0,0,18,0.7777777777777778
4527,12,2,1,0,0,15,0.8
4528,11,2,1,0,0,14,0.7857142857142857
4529,12,2,1,0,0,15,0.8
4530,12,2,1,0,0,15,0.8
4531,12,3,1,0,0,16,0.75
4532,12,2,1,0,0,15,0.8
4533,12,2,1,0,0,15,0.8
4534,12,2,1,0,0,15,0.8
4535,11,2,1,0,0,14,0.7857142857142857
4536,11,2,1,0,0,14,0.7857142857142857
4537,13,2,2,0,0,17,0.7647058823529411
4538,13,2,1,0,0,16,0.8125
4539,13,1,1,0,0,15,0.8666666666666667
4540,11,1,1,0,0,13,0.8461538461538461
4541,11,2,2,0,0,15,0.7333333333333333
4542,11,2,2,0,0,15,0.7333333333333333
4543,13,2,2,0,0,17,0.7647058823529411
4544,15,1,2,0,0,18,0.8333333333333334
4545,12,2,2,0,0,16,0.75
4546,11,2,2,0,0,15,0.7333333333333333
4547,11,1,2,0,0,14,0.7857142857142857
4548,11,1,2,0,0,14,0.7857142857142857
4549,13,2,1,0,0,16,0.8125
4550,12,2,1,0,0,15,0.8
4551,12,2,1,0,0,15,0.8
4552,14,2,1,0,0,17,0.8235294117647058
4553,12,2,2,0,0,16,0.75
4554,14,2,1,0,0,17,0.8235294117647058
4555,11,1,1,0,0,13,0.8461538461538461
4556,10,2,1,0,0,13,0.7692307692307693
4557,12,2,1,0,0,15,0.8
4558,13,2,1,0,0,16,0.8125
4559,12,2,1,0,0,15,0.8
4560,11,2,1,0,0,14,0.7857142857142857
4561,12,2,1,0,0,15,0.8
4562,12,2,1,0,0,15,0.8
4563,13,2,1,0,0,16,0.8125
4564,15,2,1,0,0,18,0.8333333333333334
4565,13,2,1,0,0,16,0.8125
4566,14,2,1,0,0,17,0.8235294117647058
4567,14,2,1,0,0,17,0.8235294117647058
4568,13,2,1,0,0,16,0.8125
4569,12,1,1,0,0,14,0.8571428571428571
4570,12,2,1,0,0,15,0.8
4571,12,2,1,0,0,15,0.8
4572,13,2,1,0,0,16,0.8125
4573,13,2,1,0,0,16,0.8125
4574,12,2,1,0,0,15,0.8
4575,13,2,1,0,0,16,0.8125
4576,13,1,1,0,0,15,0.8666666666666667
4577,11,2,1,0,0,14,0.7857142857142857
4578,11,2,1,0,0,14,0.7857142857142857
4579,11,2,1,0,0,14,0.7857142857142857
4580,11,2,1,0,0,14,0.7857142857142857
4581,10,2,1,0,0,13,0.7692307692307693
4582,11,2,1,0,0,14,0.7857142857142857
4583,9,2,2,0,0,13,0.6923076923076923
4584,12,2,3,0,0,17,0.7058823529411765
4585,13,2,2,0,0,17,0.7647058823529411
4586,13,2,3,0,0,18,0.7222222222222222
4587,12,2,1,0,0,15,0.8
4588,13,2,1,0,0,16,0.8125
4589,11,2,1,0,0,14,0.7857142857142857
4590,11,2,1,0,0,14,0.7857142857142857
4591,11,2,1,0,0,14,0.7857142857142857
4592,13,1,1,0,0,15,0.8666666666666667
4593,13,2,1,0,0,16,0.8125
4594,11,2,1,0,0,14,0.7857142857142857
4595,13,2,1,0,0,16,0.8125
4596,12,2,1,0,0,15,0.8
4597,14,2,1,0,0,17,0.8235294117647058
4598,13,2,1,0,0,16,0.8125
4599,12,2,1,0,0,15,0.8
4600,12,1,1,0,0,14,0.8571428571428571
4601,11,2,1,0,0,14,0.7857142857142857
4602,11,2,1,0,0,14,0.7857142857142857
4603,14,2,1,0,0,17,0.8235294117647058
4604,14,2,1,0,0,17,0.8235294117647058
4605,14,2,1,0,0,17,0.8235294117647058
4606,11,2,1,0,0,14,0.7857142857142857
4607,12,2,1,0,0,15,0.8
4608,14,2,1,0,0,17,0.8235294117647058
4609,12,2,1,0,0,15,0.8
4610,13,1,1,0,0,15,0.8666666666666667
4611,12,2,1,0,0,15,0.8
4612,12,2,1,0,0,15,0.8
4613,12,2,1,0,0,15,0.8
4614,11,2,1,0,0,14,0.7857142857142857
4615,15,2,1,0,0,18,0.8333333333333334
4616,14,2,1,0,0,17,0.8235294117647058
4617,13,2,1,0,0,16,0.8125
4618,12,2,1,0,0,15,0.8
4619,13,2,1,0,0,16,0.8125
4620,14,2,1,0,0,17,0.8235294117647058
4621,14,2,1,0,0,17,0.8235294117647058
4622,12,2,1,0,0,15,0.8
4623,15,2,1,0,0,18,0.8333333333333334
4624,13,1,1,0,0,15,0.8666666666666667
4625,13,2,1,0,0,16,0.8125
4626,10,2,1,0,0,13,0.7692307692307693
4627,15,2,1,1,0,19,0.7894736842105263
4628,15,2,1,1,0,19,0.7894736842105263
4629,13,2,1,1,0,17,0.7647058823529411
4630,11,1,0,0,0,12,0.9166666666666666
4631,11,2,1,0,0,14,0.7857142857142857
4632,14,3,2,1,0,20,0.7
4633,14,2,1,0,0,17,0.8235294117647058
4634,12,2,1,1,0,16,0.75
4635,13,2,1,1,0,17,0.7647058823529411
4636,13,2,1,0,0,16,0.8125
4637,14,2,1,1,0,18,0.7777777777777778
4638,15,2,1,0,0,18,0.8333333333333334
4639,12,2,2,1,0,17,0.7058823529411765
4640,15,2,2,0,0,19,0.7894736842105263
4641,14,2,2,0,0,18,0.7777777777777778
4642,16,2,2,0,0,20,0.8
4643,14,2,2,1,0,19,0.7368421052631579
4644,15,2,2,1,0,20,0.75
4645,13,2,2,0,0,17,0.7647058823529411
4646,14,2,1,0,0,17,0.8235294117647058
4647,12,1,1,0,0,14,0.8571428571428571
4648,14,2,2,0,0,18,0.7777777777777778
4649,15,2,2,1,0,20,0.75
4650,11,2,1,0,0,14,0.7857142857142857
4651,14,1,1,0,0,16,0.875
4652,15,2,1,0,0,18,0.8333333333333334
4653,15,2,1,1,0,19,0.7894736842105263
4654,14,2,1,0,0,17,0.8235294117647058
4655,15,2,1,1,0,19,0.7894736842105263
4656,16,2,1,1,0,20,0.8
4657,14,2,1,1,0,18,0.7777777777777778
4658,15,2,1,1,0,19,0.7894736842105263
4659,14,1,1,0,0,16,0.875
4660,14,2,1,0,0,17,0.8235294117647058
4661,11,2,2,0,0,15,0.7333333333333333
4662,14,2,1,0,0,17,0.8235294117647058
4663,12,2,1,1,0,16,0.75
4664,14,2,2,1,0,19,0.7368421052631579
4665,14,2,1,0,0,17,0.8235294117647058
4666,12,1,2,0,0,15,0.8
4667,11,2,1,0,0,14,0.7857142857142857
4668,14,2,1,0,0,17,0.8235294117647058
4669,13,2,1,0,0,16,0.8125
4670,9,2,1,0,0,12,0.75
4671,13,2,2,0,0,17,0.7647058823529411
4672,11,2,2,0,0,15,0.7333333333333333
4673,14,2,1,0,0,17,0.8235294117647058
4674,11,3,1,0,0,15,0.7333333333333333
4675,12,2,2,0,0,16,0.75
4676,12,1,1,0,0,14,0.8571428571428571
4677,12,3,1,0,0,16,0.75
4678,12,2,1,0,0,15,0.8
4679,12,4,1,0,0,17,0.7058823529411765
4680,13,4,1,0,0,18,0.7222222222222222
4681,13,4,1,0,0,18,0.7222222222222222
4682,11,2,1,0,0,14,0.7857142857142857
4683,12,3,1,0,0,16,0.75
4684,12,3,1,0,0,16,0.75
4685,13,1,2,0,0,16,0.8125
4686,11,2,1,0,0,14,0.7857142857142857
4687,13,2,1,0,0,16,0.8125
4688,15,2,1,1,0,19,0.7894736842105263
4689,15,2,1,1,0,19,0.7894736842105263
4690,13,2,1,0,0,16,0.8125
4691,13,2,1,0,0,16,0.8125
4692,14,2,1,0,0,17,0.8235294117647058
4693,12,1,1,0,0,14,0.8571428571428571
4694,11,2,1,0,0,14,0.7857142857142857
4695,15,2,1,0,0,18,0.8333333333333334
4696,14,2,2,0,0,18,0.7777777777777778
4697,14,2,1,0,0,17,0.8235294117647058
4698,15,1,1,0,0,17,0.8823529411764706
4699,15,2,1,1,0,19,0.7894736842105263
4700,15,2,1,1,0,19,0.7894736842105263
4701,13,1,2,0,0,16,0.8125
4702,13,1,2,1,0,17,0.7647058823529411
4703,12,0,3,1,0,16,0.75
4704,16,2,1,1,0,20,0.8
4705,15,2,1,1,0,19,0.7894736842105263
4706,13,2,1,1,0,17,0.7647058823529411
4707,12,2,2,1,0,17,0.7058823529411765
4708,13,2,2,0,0,17,0.7647058823529411
4709,14,0,2,0,0,16,0.875
4710,15,1,1,0,0,17,0.8823529411764706
4711,14,1,2,1,0,18,0.7777777777777778
4712,14,0,1,1,0,16,0.875
4713,13,1,2,0,0,16,0.8125
4714,12,1,2,0,0,15,0.8
4715,14,1,1,1,0,17,0.8235294117647058
4716,12,0,1,1,0,14,0.8571428571428571
4717,14,1,1,1,0,17,0.8235294117647058
4718,15,1,1,0,0,17,0.8823529411764706
4719,14,0,1,1,0,16,0.875
4720,15,2,1,1,0,19,0.7894736842105263
4721,13,1,1,1,0,16,0.8125
4722,14,2,2,0,0,18,0.7777777777777778
4723,12,0,1,0,0,13,0.9230769230769231
4724,14,1,2,0,0,17,0.8235294117647058
4725,15,1,1,0,0,17,0.8823529411764706
4726,14,1,2,0,0,17,0.8235294117647058
4727,14,1,1,0,0,16,0.875
4728,13,1,2,0,0,16,0.8125
4729,13,2,1,0,0,16,0.8125
4730,13,2,1,0,0,16,0.8125
4731,14,2,1,0,0,17,0.8235294117647058
4732,16,2,1,0,0,19,0.8421052631578947
4733,14,1,1,0,0,16,0.875
4734,15,1,1,0,0,17,0.8823529411764706
4735,12,2,1,0,0,15,0.8
4736,12,2,1,0,0,15,0.8
4737,13,1,1,0,0,15,0.8666666666666667
4738,13,2,1,0,0,16,0.8125
4739,12,2,1,0,0,15,0.8
4740,12,1,1,0,0,14,0.8571428571428571
4741,12,1,2,0,0,15,0.8
4742,13,1,1,0,0,15,0.8666666666666667
4743,12,1,1,0,0,14,0.8571428571428571
4744,12,2,1,0,0,15,0.8
4745,14,2,1,0,0,17,0.8235294117647058
4746,14,1,1,0,0,16,0.875
4747,14,1,3,0,0,18,0.7777777777777778
4748,13,1,2,0,0,16,0.8125
4749,11,1,1,0,0,13,0.8461538461538461
4750,14,2,1,0,0,17,0.8235294117647058
4751,12,1,0,0,0,13,0.9230769230769231
4752,12,1,3,0,0,16,0.75
4753,15,1,1,0,0,17,0.8823529411764706
4754,13,2,4,0,0,19,0.6842105263157895
4755,14,1,3,0,0,18,0.7777777777777778
4756,14,1,3,0,0,18,0.7777777777777778
4757,14,1,4,0,0,19,0.7368421052631579
4758,15,1,4,0,0,20,0.75
4759,13,1,3,0,0,17,0.7647058823529411
4760,13,1,3,0,0,17,0.7647058823529411
4761,14,1,4,0,0,19,0.7368421052631579
4762,14,2,4,0,0,20,0.7
4763,13,2,4,0,0,19,0.6842105263157895
4764,14,1,4,0,0,19,0.7368421052631579
4765,12,2,1,0,0,15,0.8
4766,14,1,3,0,0,18,0.7777777777777778
4767,14,1,3,0,0,18,0.7777777777777778
4768,14,1,3,0,0,18,0.7777777777777778
4769,13,0,3,0,0,16,0.8125
4770,11,1,2,1,0,15,0.7333333333333333
4771,12,1,4,0,0,17,0.7058823529411765
4772,12,1,3,0,0,16,0.75
4773,13,1,2,0,0,16,0.8125
4774,13,1,3,0,0,17,0.7647058823529411
4775,13,1,3,0,0,17,0.7647058823529411
4776,12,1,3,0,0,16,0.75
4777,12,1,3,0,0,16,0.75
4778,11,1,4,0,0,16,0.6875
4779,12,1,3,0,0,16,0.75
4780,12,2,3,0,0,17,0.7058823529411765
4781,14,2,3,0,0,19,0.7368421052631579
4782,14,1,3,0,0,18,0.7777777777777778
4783,13,2,3,0,0,18,0.7222222222222222
4784,15,3,3,0,0,21,0.7142857142857143
4785,13,2,3,0,0,18,0.7222222222222222
4786,13,1,3,0,0,17,0.7647058823529411
4787,13,2,3,0,0,18,0.7222222222222222
4788,11,2,3,0,0,16,0.6875
4789,14,1,4,0,0,19,0.7368421052631579
4790,15,1,4,0,0,20,0.75
4791,12,1,3,0,0,16,0.75
4792,14,1,4,0,0,19,0.7368421052631579
4793,11,1,4,0,0,16,0.6875
4794,12,1,3,0,0,16,0.75
4795,14,2,3,0,0,19,0.7368421052631579
4796,11,1,3,0,0,15,0.7333333333333333
4797,14,1,3,0,0,18,0.7777777777777778
4798,11,1,3,0,0,15,0.7333333333333333
4799,12,1,3,0,0,16,0.75
4800,13,2,3,0,0,18,0.7222222222222222
4801,12,2,3,0,0,17,0.7058823529411765
4802,12,2,3,0,0,17,0.7058823529411765
4803,10,1,3,0,0,14,0.7142857142857143
4804,13,2,3,0,0,18,0.7222222222222222
4805,12,3,3,0,0,18,0.6666666666666666
4806,13,3,3,0,0,19,0.6842105263157895
4807,12,3,3,0,0,18,0.6666666666666666
4808,12,3,3,0,0,18,0.6666666666666666
4809,13,2,3,0,0,18,0.7222222222222222
4810,12,1,3,0,0,16,0.75
4811,12,2,3,0,0,17,0.7058823529411765
4812,13,2,3,0,0,18,0.7222222222222222
4813,14,2,4,0,0,20,0.7
4814,12,2,3,0,0,17,0.7058823529411765
4815,11,1,3,0,0,15,0.7333333333333333
4816,10,1,3,0,0,14,0.7142857142857143
4817,12,2,3,0,0,17,0.7058823529411765
4818,11,2,3,0,0,16,0.6875
4819,11,2,4,0,0,17,0.6470588235294118
4820,16,2,4,0,0,22,0.7272727272727273
4821,12,2,3,0,0,17,0.7058823529411765
4822,13,2,3,0,0,18,0.7222222222222222
4823,11,2,3,0,0,16,0.6875
4824,14,1,3,1,0,19,0.7368421052631579
4825,12,2,3,1,0,18,0.6666666666666666
4826,11,1,2,0,0,14,0.7857142857142857
4827,9,1,3,0,0,13,0.6923076923076923
4828,12,2,3,0,0,17,0.7058823529411765
4829,12,1,3,0,0,16,0.75
4830,11,1,4,0,0,16,0.6875
4831,13,1,3,0,0,17,0.7647058823529411
4832,14,1,4,0,0,19,0.7368421052631579
4833,14,1,4,0,0,19,0.7368421052631579
4834,12,2,3,0,0,17,0.7058823529411765
4835,13,2,3,0,0,18,0.7222222222222222
4836,13,2,3,0,0,18,0.7222222222222222
4837,13,2,4,0,0,19,0.6842105263157895
4838,11,1,4,0,0,16,0.6875
4839,14,1,3,0,0,18,0.7777777777777778
4840,15,2,3,1,0,21,0.7142857142857143
4841,15,1,3,0,0,19,0.7894736842105263
4842,15,1,3,0,0,19,0.7894736842105263
4843,13,2,3,1,0,19,0.6842105263157895
4844,13,1,3,0,0,17,0.7647058823529411
4845,14,2,3,0,0,19,0.7368421052631579
4846,11,2,3,0,0,16,0.6875
4847,14,1,3,0,0,18,0.7777777777777778
4848,14,1,2,0,0,17,0.8235294117647058
4849,13,1,3,0,0,17,0.7647058823529411
4850,15,2,3,0,0,20,0.75
4851,14,2,3,0,0,19,0.7368421052631579
4852,13,2,4,0,0,19,0.6842105263157895
4853,12,1,4,0,0,17,0.7058823529411765
4854,11,1,3,0,0,15,0.7333333333333333
4855,13,1,3,0,0,17,0.7647058823529411
4856,12,1,3,0,0,16,0.75
4857,13,1,4,0,0,18,0.7222222222222222
4858,12,2,3,0,0,17,0.7058823529411765
4859,13,2,4,0,0,19,0.6842105263157895
4860,13,1,4,0,0,18,0.7222222222222222
4861,14,1,3,0,0,18,0.7777777777777778
4862,13,2,3,0,0,18,0.7222222222222222
4863,14,1,3,0,0,18,0.7777777777777778
4864,14,2,4,0,0,20,0.7
4865,12,1,3,0,0,16,0.75
4866,14,1,3,0,0,18,0.7777777777777778
4867,11,1,3,0,0,15,0.7333333333333333
4868,12,1,3,0,0,16,0.75
4869,11,1,4,0,0,16,0.6875
4870,13,1,4,0,0,18,0.7222222222222222
4871,12,2,3,0,0,17,0.7058823529411765
4872,14,1,3,0,0,18,0.7777777777777778
4873,15,1,4,0,0,20,0.75
4874,12,1,4,0,0,17,0.7058823529411765
4875,13,2,4,0,0,19,0.6842105263157895
4876,12,1,4,0,0,17,0.7058823529411765
4877,12,2,3,0,0,17,0.7058823529411765
4878,14,1,4,0,0,19,0.7368421052631579
4879,11,1,3,0,0,15,0.7333333333333333
4880,13,1,4,0,0,18,0.7222222222222222
4881,13,1,4,0,0,18,0.7222222222222222
4882,12,1,3,0,0,16,0.75
4883,12,2,3,0,0,17,0.7058823529411765
4884,14,1,3,0,0,18,0.7777777777777778
4885,12,1,3,0,0,16,0.75
4886,13,1,3,0,0,17,0.7647058823529411
4887,15,2,4,0,0,21,0.7142857142857143
4888,13,1,4,0,0,18,0.7222222222222222
4889,11,1,4,0,0,16,0.6875
4890,11,1,3,0,0,15,0.7333333333333333
4891,13,1,4,0,0,18,0.7222222222222222
4892,14,1,3,0,0,18,0.7777777777777778
4893,12,2,4,0,0,18,0.6666666666666666
4894,14,1,3,0,0,18,0.7777777777777778
4895,13,1,3,0,0,17,0.7647058823529411
4896,13,1,3,0,0,17,0.7647058823529411
4897,13,2,3,0,0,18,0.7222222222222222
4898,12,1,3,0,0,16,0.75
4899,14,1,3,0,0,18,0.7777777777777778
4900,13,1,3,0,0,17,0.7647058823529411
4901,13,2,3,0,0,18,0.7222222222222222
4902,13,1,3,0,0,17,0.7647058823529411
4903,13,1,3,0,0,17,0.7647058823529411
4904,12,1,4,0,0,17,0.7058823529411765
4905,12,1,3,0,0,16,0.75
4906,14,2,3,0,0,19,0.7368421052631579
4907,10,3,3,0,0,16,0.625
4908,13,2,3,0,0,18,0.7222222222222222
4909,12,2,3,0,0,17,0.7058823529411765
4910,13,2,3,0,0,18,0.7222222222222222
4911,15,1,3,0,0,19,0.7894736842105263
4912,14,1,3,0,0,18,0.7777777777777778
4913,11,1,3,0,0,15,0.7333333333333333
4914,13,2,3,0,0,18,0.7222222222222222
4915,10,2,3,0,0,15,0.6666666666666666
4916,12,1,3,0,0,16,0.75
4917,12,1,3,0,0,16,0.75
4918,14,1,2,0,0,17,0.8235294117647058
4919,15,1,2,0,0,18,0.8333333333333334
4920,12,2,2,0,0,16,0.75
4921,13,2,3,0,0,18,0.7222222222222222
4922,12,1,3,0,0,16,0.75
4923,12,1,3,0,0,16,0.75
4924,12,1,3,0,0,16,0.75
4925,11,2,3,0,0,16,0.6875
4926,12,1,3,0,0,16,0.75
4927,12,0,3,0,0,15,0.8
4928,13,0,3,0,0,16,0.8125
4929,12,0,3,0,0,15,0.8
4930,12,0,3,0,0,15,0.8
4931,13,1,3,0,0,17,0.7647058823529411
4932,13,0,3,0,0,16,0.8125
4933,14,2,3,0,0,19,0.7368421052631579
4934,13,1,3,0,0,17,0.7647058823529411
4935,15,1,3,0,0,19,0.7894736842105263
4936,14,2,4,0,0,20,0.7
4937,14,2,3,0,0,19,0.7368421052631579
4938,13,1,4,0,0,18,0.7222222222222222
4939,13,2,3,0,0,18,0.7222222222222222
4940,16,1,4,0,0,21,0.7619047619047619
4941,13,1,3,0,0,17,0.7647058823529411
4942,13,2,3,0,0,18,0.7222222222222222
4943,12,2,3,0,0,17,0.7058823529411765
4944,12,1,3,0,0,16,0.75
4945,14,3,3,0,0,20,0.7
4946,12,1,4,0,0,17,0.7058823529411765
4947,13,2,4,0,0,19,0.6842105263157895
4948,13,2,3,0,0,18,0.7222222222222222
4949,13,2,3,0,0,18,0.7222222222222222
4950,13,2,3,0,0,18,0.7222222222222222
4951,13,2,3,0,0,18,0.7222222222222222
4952,15,1,4,0,0,20,0.75
4953,13,1,3,0,0,17,0.7647058823529411
4954,14,1,3,0,0,18,0.7777777777777778
4955,11,1,3,0,0,15,0.7333333333333333
4956,13,2,3,0,0,18,0.7222222222222222
4957,14,1,3,0,0,18,0.7777777777777778
4958,13,1,3,0,0,17,0.7647058823529411
4959,14,1,3,0,0,18,0.7777777777777778
4960,13,2,4,0,0,19,0.6842105263157895
4961,12,2,3,0,0,17,0.7058823529411765
4962,15,1,3,0,0,19,0.7894736842105263
4963,14,1,3,0,0,18,0.7777777777777778
4964,13,1,4,0,0,18,0.7222222222222222
4965,13,1,3,0,0,17,0.7647058823529411
4966,14,1,4,0,0,19,0.7368421052631579
4967,13,1,3,0,0,17,0.7647058823529411
4968,12,3,3,0,0,18,0.6666666666666666
4969,13,2,3,0,0,18,0.7222222222222222
4970,12,1,3,0,0,16,0.75
4971,14,2,3,0,0,19,0.7368421052631579
4972,13,1,4,1,0,19,0.6842105263157895
4973,12,1,3,0,0,16,0.75
4974,12,1,3,0,0,16,0.75
4975,11,2,3,0,0,16,0.6875
4976,11,1,3,0,0,15,0.7333333333333333
4977,12,0,3,0,0,15,0.8
4978,11,2,3,0,0,16,0.6875
4979,14,2,3,0,0,19,0.7368421052631579
4980,13,1,4,0,0,18,0.7222222222222222
4981,15,2,3,0,0,20,0.75
4982,10,1,3,0,0,14,0.7142857142857143
4983,12,1,3,0,0,16,0.75
4984,10,1,3,0,0,14,0.7142857142857143
4985,12,2,3,0,0,17,0.7058823529411765
4986,10,2,3,0,0,15,0.6666666666666666
4987,10,2,3,0,0,15,0.6666666666666666
4988,12,1,3,0,0,16,0.75
4989,12,2,3,0,0,17,0.7058823529411765
4990,11,2,2,0,0,15,0.7333333333333333
4991,13,2,2,0,0,17,0.7647058823529411
4992,12,2,2,0,0,16,0.75
4993,12,2,3,0,0,17,0.7058823529411765
4994,10,2,3,0,0,15,0.6666666666666666
4995,12,1,3,0,0,16,0.75
4996,12,1,3,0,0,16,0.75
4997,11,2,3,0,0,16,0.6875
4998,15,2,3,0,0,20,0.75
4999,13,4,3,0,0,20,0.65
5000,11,3,3,0,0,17,0.6470588235294118
5001,12,1,3,0,0,16,0.75
5002,13,3,3,0,0,19,0.6842105263157895
5003,13,4,2,0,0,19,0.6842105263157895
5004,13,4,2,0,0,19,0.6842105263157895
5005,13,2,2,0,0,17,0.7647058823529411
5006,12,4,3,0,0,19,0.631578947368421
5007,10,4,3,0,0,17,0.5882352941176471
5008,14,2,2,0,0,18,0.7777777777777778
5009,14,4,2,0,0,20,0.7
5010,13,3,2,0,0,18,0.7222222222222222
5011,12,4,2,0,0,18,0.6666666666666666
5012,13,4,2,0,0,19,0.6842105263157895
5013,13,3,3,0,0,19,0.6842105263157895
5014,12,4,3,0,0,19,0.631578947368421
5015,11,4,3,0,0,18,0.6111111111111112
5016,12,4,2,0,0,18,0.6666666666666666
5017,13,2,3,0,0,18,0.7222222222222222
5018,12,4,2,0,0,18,0.6666666666666666
5019,13,4,2,0,0,19,0.6842105263157895
5020,12,3,2,0,0,17,0.7058823529411765
5021,12,3,2,0,0,17,0.7058823529411765
5022,13,3,2,0,0,18,0.7222222222222222
5023,14,2,2,0,0,18,0.7777777777777778
5024,12,2,2,0,0,16,0.75
5025,11,2,3,0,0,16,0.6875
5026,13,2,3,0,0,18,0.7222222222222222
5027,13,2,3,0,0,18,0.7222222222222222
5028,12,2,3,0,0,17,0.7058823529411765
5029,12,1,3,0,0,16,0.75
5030,12,2,3,0,0,17,0.7058823529411765
5031,10,1,3,0,0,14,0.7142857142857143
5032,13,3,2,0,0,18,0.7222222222222222
5033,10,3,3,0,0,16,0.625
5034,13,2,2,0,0,17,0.7647058823529411
5035,11,2,2,0,0,15,0.7333333333333333
5036,13,2,2,0,0,17,0.7647058823529411
5037,12,1,2,0,0,15,0.8
5038,13,2,3,0,0,18,0.7222222222222222
5039,12,2,3,0,0,17,0.7058823529411765
5040,13,1,3,0,0,17,0.7647058823529411
5041,11,2,3,0,0,16,0.6875
5042,12,1,3,0,0,16,0.75
5043,13,2,3,0,0,18,0.7222222222222222
5044,13,2,3,0,0,18,0.7222222222222222
5045,14,2,3,0,0,19,0.7368421052631579
5046,12,1,3,0,0,16,0.75
5047,13,2,3,0,0,18,0.7222222222222222
5048,14,1,3,0,0,18,0.7777777777777778
5049,12,1,4,0,0,17,0.7058823529411765
5050,13,2,4,0,0,19,0.6842105263157895
5051,12,2,4,0,0,18,0.6666666666666666
5052,14,1,4,0,0,19,0.7368421052631579
5053,15,1,4,0,0,20,0.75
5054,14,2,3,0,0,19,0.7368421052631579
5055,13,1,4,0,0,18,0.7222222222222222
5056,12,2,3,0,0,17,0.7058823529411765
5057,13,1,3,0,0,17,0.7647058823529411
5058,14,1,3,1,0,19,0.7368421052631579
5059,13,2,3,0,0,18,0.7222222222222222
5060,13,1,3,0,0,17,0.7647058823529411
5061,14,1,4,0,0,19,0.7368421052631579
5062,14,1,3,0,0,18,0.7777777777777778
5063,13,1,3,0,0,17,0.7647058823529411
5064,14,0,3,0,0,17,0.8235294117647058
5065,14,1,3,0,0,18,0.7777777777777778
5066,13,0,3,0,0,16,0.8125
5067,11,1,3,0,0,15,0.7333333333333333
5068,13,1,3,0,0,17,0.7647058823529411
5069,13,1,3,0,0,17,0.7647058823529411
5070,12,2,3,0,0,17,0.7058823529411765
5071,13,1,3,0,0,17,0.7647058823529411
5072,13,2,3,0,0,18,0.7222222222222222
5073,14,1,3,0,0,18,0.7777777777777778
5074,12,2,3,0,0,17,0.7058823529411765
5075,15,1,4,0,0,20,0.75
5076,12,1,3,0,0,16,0.75
5077,13,2,3,0,0,18,0.7222222222222222
5078,13,2,3,0,0,18,0.7222222222222222
5079,13,2,3,0,0,18,0.7222222222222222
5080,14,1,3,0,0,18,0.7777777777777778
5081,13,1,3,0,0,17,0.7647058823529411
5082,13,1,3,0,0,17,0.7647058823529411
5083,12,2,3,0,0,17,0.7058823529411765
5084,11,2,3,0,0,16,0.6875
5085,11,0,3,0,0,14,0.7857142857142857
5086,13,1,4,0,0,18,0.7222222222222222
5087,12,1,3,0,0,16,0.75
5088,10,1,3,0,0,14,0.7142857142857143
5089,13,1,3,1,0,18,0.7222222222222222
5090,14,1,3,0,0,18,0.7777777777777778
5091,13,1,3,0,0,17,0.7647058823529411
5092,13,1,3,0,0,17,0.7647058823529411
5093,13,1,3,1,0,18,0.7222222222222222
5094,14,1,3,0,0,18,0.7777777777777778
5095,14,1,3,0,0,18,0.7777777777777778
5096,13,0,3,0,0,16,0.8125
5097,12,1,3,0,0,16,0.75
5098,13,1,4,0,0,18,0.7222222222222222
5099,14,1,3,1,0,19,0.7368421052631579
5100,13,1,3,1,0,18,0.7222222222222222
5101,13,2,3,0,0,18,0.7222222222222222
5102,12,0,3,1,0,16,0.75
5103,16,1,3,1,0,21,0.7619047619047619
5104,12,0,3,1,0,16,0.75
5105,13,1,3,1,0,18,0.7222222222222222
5106,14,0,3,1,0,18,0.7777777777777778
5107,14,1,4,0,0,19,0.7368421052631579
5108,12,2,4,0,0,18,0.6666666666666666
5109,11,1,4,0,0,16,0.6875
5110,15,2,4,0,0,21,0.7142857142857143
5111,13,2,3,0,0,18,0.7222222222222222
5112,13,1,4,0,0,18,0.7222222222222222
5113,14,1,4,0,0,19,0.7368421052631579
5114,15,2,4,0,0,21,0.7142857142857143
5115,13,3,3,0,0,19,0.6842105263157895
5116,15,1,3,0,0,19,0.7894736842105263
5117,12,2,4,0,0,18,0.6666666666666666
5118,13,2,4,0,0,19,0.6842105263157895
5119,14,1,4,0,0,19,0.7368421052631579
5120,12,1,3,0,0,16,0.75
5121,12,1,4,0,0,17,0.7058823529411765
5122,15,1,4,0,0,20,0.75
5123,14,1,3,0,0,18,0.7777777777777778
5124,15,3,3,0,0,21,0.7142857142857143
5125,15,2,3,0,0,20,0.75
5126,14,3,4,0,0,21,0.6666666666666666
5127,12,2,4,0,0,18,0.6666666666666666
5128,13,1,3,0,0,17,0.7647058823529411
5129,13,2,4,0,0,19,0.6842105263157895
5130,14,2,3,0,0,19,0.7368421052631579
5131,13,2,3,0,0,18,0.7222222222222222
5132,15,2,4,0,0,21,0.7142857142857143
5133,14,2,3,0,0,19,0.7368421052631579
5134,13,2,3,0,0,18,0.7222222222222222
5135,14,1,3,0,0,18,0.7777777777777778
5136,12,2,3,0,0,17,0.7058823529411765
5137,12,1,3,0,0,16,0.75
5138,14,3,4,0,0,21,0.6666666666666666
5139,13,1,4,0,0,18,0.7222222222222222
5140,13,1,4,0,0,18,0.7222222222222222
5141,13,1,3,0,0,17,0.7647058823529411
5142,10,2,4,0,0,16,0.625
5143,12,1,3,0,0,16,0.75
5144,12,1,4,0,0,17,0.7058823529411765
5145,14,1,4,0,0,19,0.7368421052631579
5146,13,1,3,0,0,17,0.7647058823529411
5147,13,2,4,0,0,19,0.6842105263157895
5148,14,1,4,0,0,19,0.7368421052631579
5149,14,2,3,0,0,19,0.7368421052631579
5150,10,2,3,0,0,15,0.6666666666666666
5151,13,1,3,0,0,17,0.7647058823529411
5152,13,1,3,0,0,17,0.7647058823529411
5153,13,2,3,0,0,18,0.7222222222222222
5154,13,3,3,0,0,19,0.6842105263157895
5155,13,3,3,0,0,19,0.6842105263157895
5156,14,1,3,0,0,18,0.7777777777777778
5157,9,2,4,0,0,15,0.6
5158,13,1,4,0,0,18,0.7222222222222222
5159,14,1,4,0,0,19,0.7368421052631579
5160,9,1,4,0,0,14,0.6428571428571429
5161,13,2,3,0,0,18,0.7222222222222222
5162,13,2,3,0,0,18,0.7222222222222222
5163,14,2,3,0,0,19,0.7368421052631579
5164,15,2,4,0,0,21,0.7142857142857143
5165,13,3,3,0,0,19,0.6842105263157895
5166,11,2,3,0,0,16,0.6875
5167,14,3,3,0,0,20,0.7
5168,15,2,4,0,0,21,0.7142857142857143
5169,13,1,4,0,0,18,0.7222222222222222
5170,14,1,4,0,0,19,0.7368421052631579
5171,11,2,3,0,0,16,0.6875
5172,14,1,3,0,0,18,0.7777777777777778
5173,13,1,3,0,0,17,0.7647058823529411
5174,11,1,4,0,0,16,0.6875
5175,12,2,3,0,0,17,0.7058823529411765
5176,14,1,3,0,0,18,0.7777777777777778
5177,12,1,3,0,0,16,0.75
5178,12,1,4,0,0,17,0.7058823529411765
5179,13,1,3,0,0,17,0.7647058823529411
5180,14,1,4,0,0,19,0.7368421052631579
5181,13,1,4,0,0,18,0.7222222222222222
5182,10,1,4,0,0,15,0.6666666666666666
5183,12,2,4,0,0,18,0.6666666666666666
5184,13,2,4,0,0,19,0.6842105263157895
5185,12,2,4,0,0,18,0.6666666666666666
5186,12,1,3,0,0,16,0.75
5187,13,1,4,0,0,18,0.7222222222222222
5188,12,2,3,0,0,17,0.7058823529411765
5189,11,1,3,0,0,15,0.7333333333333333
5190,13,2,3,0,0,18,0.7222222222222222
5191,10,2,4,0,0,16,0.625
5192,13,2,3,0,0,18,0.7222222222222222
5193,10,2,3,0,0,15,0.6666666666666666
5194,11,3,3,0,0,17,0.6470588235294118
5195,9,1,3,0,0,13,0.6923076923076923
5196,12,2,3,0,0,17,0.7058823529411765
5197,14,2,3,0,0,19,0.7368421052631579
5198,12,2,3,0,0,17,0.7058823529411765
5199,13,2,3,0,0,18,0.7222222222222222
5200,12,2,3,0,0,17,0.7058823529411765
5201,13,3,3,0,0,19,0.6842105263157895
5202,11,2,3,0,0,16,0.6875
5203,12,2,3,0,0,17,0.7058823529411765
5204,12,2,3,0,0,17,0.7058823529411765
5205,11,2,3,0,0,16,0.6875
5206,14,2,3,0,0,19,0.7368421052631579
5207,14,2,3,0,0,19,0.7368421052631579
5208,13,2,3,0,0,18,0.7222222222222222
5209,13,2,3,0,0,18,0.7222222222222222
5210,12,2,3,0,0,17,0.7058823529411765
5211,13,2,4,0,0,19,0.6842105263157895
5212,11,2,3,0,0,16,0.6875
5213,11,2,3,0,0,16,0.6875
5214,12,2,3,0,0,17,0.7058823529411765
5215,11,2,1,0,0,14,0.7857142857142857
5216,11,2,3,0,0,16,0.6875
5217,11,2,3,0,0,16,0.6875
5218,12,2,3,0,0,17,0.7058823529411765
5219,12,1,3,0,0,16,0.75
5220,11,2,3,0,0,16,0.6875
5221,12,2,1,0,0,15,0.8
5222,13,3,3,0,0,19,0.6842105263157895
5223,13,2,2,0,0,17,0.7647058823529411
5224,11,2,3,0,0,16,0.6875
5225,11,2,3,0,0,16,0.6875
5226,11,1,3,0,0,15,0.7333333333333333
5227,11,2,3,0,0,16,0.6875
5228,12,1,3,0,0,16,0.75
5229,11,2,3,0,0,16,0.6875
5230,11,2,3,0,0,16,0.6875
5231,14,2,3,0,0,19,0.7368421052631579
5232,13,3,2,0,0,18,0.7222222222222222
5233,12,2,2,0,0,16,0.75
5234,13,1,2,0,0,16,0.8125
5235,12,3,1,0,0,16,0.75
5236,12,2,1,0,0,15,0.8
5237,11,1,1,0,0,13,0.8461538461538461
5238,12,1,1,0,0,14,0.8571428571428571
5239,12,2,1,0,0,15,0.8
5240,12,2,1,0,0,15,0.8
5241,13,1,1,0,0,15,0.8666666666666667
5242,12,2,1,0,0,15,0.8
5243,14,2,1,0,0,17,0.8235294117647058
5244,13,2,1,0,0,16,0.8125
5245,13,3,1,0,0,17,0.7647058823529411
5246,12,2,2,0,0,16,0.75
5247,10,3,2,0,0,15,0.6666666666666666
5248,13,2,1,0,0,16,0.8125
5249,13,3,2,0,0,18,0.7222222222222222
5250,11,2,1,0,0,14,0.7857142857142857
5251,11,3,1,0,0,15,0.7333333333333333
5252,12,1,1,0,0,14,0.8571428571428571
5253,11,2,1,0,0,14,0.7857142857142857
5254,12,0,1,0,0,13,0.9230769230769231
5255,11,3,1,0,0,15,0.7333333333333333
5256,12,2,1,0,0,15,0.8
5257,10,1,1,0,0,12,0.8333333333333334
5258,13,3,1,0,0,17,0.7647058823529411
5259,11,2,2,0,0,15,0.7333333333333333
5260,13,1,1,0,0,15,0.8666666666666667
5261,12,1,1,0,0,14,0.8571428571428571
5262,13,2,2,0,0,17,0.7647058823529411
5263,12,1,2,0,0,15,0.8
5264,11,2,2,0,0,15,0.7333333333333333
5265,14,2,1,0,0,17,0.8235294117647058
5266,13,2,2,0,0,17,0.7647058823529411
5267,13,2,1,0,0,16,0.8125
5268,11,2,1,0,0,14,0.7857142857142857
5269,11,2,1,0,0,14,0.7857142857142857
5270,13,1,2,0,0,16,0.8125
5271,12,2,1,0,0,15,0.8
5272,14,2,1,0,0,17,0.8235294117647058
5273,11,2,1,0,0,14,0.7857142857142857
5274,13,1,1,0,0,15,0.8666666666666667
5275,13,2,1,0,0,16,0.8125
5276,13,2,1,0,0,16,0.8125
5277,12,2,1,0,0,15,0.8
5278,14,2,1,0,0,17,0.8235294117647058
5279,14,2,1,0,0,17,0.8235294117647058
5280,14,3,1,0,0,18,0.7777777777777778
5281,12,2,1,0,0,15,0.8
5282,12,2,1,0,0,15,0.8
5283,13,2,1,0,0,16,0.8125
5284,12,2,1,0,0,15,0.8
5285,14,2,1,0,0,17,0.8235294117647058
5286,14,2,2,0,0,18,0.7777777777777778
5287,13,1,1,0,0,15,0.8666666666666667
5288,13,1,1,0,0,15,0.8666666666666667
5289,13,2,2,0,0,17,0.7647058823529411
5290,15,1,1,0,0,17,0.8823529411764706
5291,14,1,1,0,0,16,0.875
5292,12,1,1,0,0,14,0.8571428571428571
5293,12,2,1,0,0,15,0.8
5294,12,1,2,0,0,15,0.8
5295,12,2,2,0,0,16,0.75
5296,13,1,1,0,0,15,0.8666666666666667
5297,13,1,2,0,0,16,0.8125
5298,13,2,2,0,0,17,0.7647058823529411
5299,13,2,1,0,0,16,0.8125
5300,13,2,1,0,0,16,0.8125
5301,13,1,3,0,0,17,0.7647058823529411
5302,12,1,1,1,0,15,0.8
5303,15,1,1,0,0,17,0.8823529411764706
5304,12,2,1,0,0,15,0.8
5305,13,2,1,0,0,16,0.8125
5306,13,2,3,0,0,18,0.7222222222222222
5307,14,2,4,0,0,20,0.7
5308,11,1,2,0,0,14,0.7857142857142857
5309,12,3,1,0,0,16,0.75
5310,11,2,1,0,0,14,0.7857142857142857
5311,13,3,3,0,0,19,0.6842105263157895
5312,13,3,1,0,0,17,0.7647058823529411
5313,14,2,2,0,0,18,0.7777777777777778
5314,13,3,4,0,0,20,0.65
5315,15,1,4,0,0,20,0.75
5316,14,3,4,0,0,21,0.6666666666666666
5317,12,2,1,1,0,16,0.75
5318,14,2,4,0,0,20,0.7
5319,13,1,2,0,0,16,0.8125
5320,15,3,1,0,0,19,0.7894736842105263
5321,13,2,2,0,0,17,0.7647058823529411
5322,12,3,1,0,0,16,0.75
5323,12,2,3,0,0,17,0.7058823529411765
5324,10,3,2,0,0,15,0.6666666666666666
5325,12,3,3,0,0,18,0.6666666666666666
5326,11,3,3,0,0,17,0.6470588235294118
5327,11,3,2,0,0,16,0.6875
5328,12,2,3,0,0,17,0.7058823529411765
5329,13,2,3,0,0,18,0.7222222222222222
5330,14,2,3,1,0,20,0.7
5331,14,2,3,1,0,20,0.7
5332,13,2,3,0,0,18,0.7222222222222222
5333,14,1,3,1,0,19,0.7368421052631579
5334,13,1,3,1,0,18,0.7222222222222222
5335,15,1,3,1,0,20,0.75
5336,16,3,3,1,0,23,0.6956521739130435
5337,14,2,3,0,0,19,0.7368421052631579
5338,15,3,3,0,0,21,0.7142857142857143
5339,14,1,2,0,0,17,0.8235294117647058
5340,13,2,3,1,0,19,0.6842105263157895
5341,13,1,3,1,0,18,0.7222222222222222
5342,13,3,3,1,0,20,0.65
5343,15,3,4,0,0,22,0.6818181818181818
5344,13,1,3,1,0,18,0.7222222222222222
5345,11,1,3,0,0,15,0.7333333333333333
5346,13,1,3,0,0,17,0.7647058823529411
5347,12,1,3,1,0,17,0.7058823529411765
5348,14,2,3,0,0,19,0.7368421052631579
5349,15,2,3,1,0,21,0.7142857142857143
5350,14,3,3,0,0,20,0.7
5351,14,1,3,0,0,18,0.7777777777777778
5352,15,1,3,1,0,20,0.75
5353,14,2,2,1,0,19,0.7368421052631579
5354,15,2,2,1,0,20,0.75
5355,13,1,3,0,0,17,0.7647058823529411
5356,12,2,3,1,0,18,0.6666666666666666
5357,14,1,3,1,0,19,0.7368421052631579
5358,12,1,3,0,0,16,0.75
5359,14,1,2,1,0,18,0.7777777777777778
5360,13,1,3,1,0,18,0.7222222222222222
5361,14,2,1,1,0,18,0.7777777777777778
5362,14,2,1,1,0,18,0.7777777777777778
5363,13,1,2,0,0,16,0.8125
5364,14,1,1,1,0,17,0.8235294117647058
5365,15,1,1,1,0,18,0.8333333333333334
5366,12,1,1,1,0,15,0.8
5367,14,0,3,1,0,18,0.7777777777777778
5368,13,1,3,1,0,18,0.7222222222222222
5369,14,2,3,0,0,19,0.7368421052631579
5370,13,2,3,0,0,18,0.7222222222222222
5371,12,2,3,1,0,18,0.6666666666666666
5372,15,2,2,0,0,19,0.7894736842105263
5373,13,1,2,1,0,17,0.7647058823529411
5374,12,0,2,1,0,15,0.8
5375,13,2,3,0,0,18,0.7222222222222222
5376,13,2,3,1,0,19,0.6842105263157895
5377,14,1,3,1,0,19,0.7368421052631579
5378,15,1,3,1,0,20,0.75
5379,14,1,3,1,0,19,0.7368421052631579
5380,13,2,3,1,0,19,0.6842105263157895
5381,14,3,3,0,0,20,0.7
5382,12,2,3,1,0,18,0.6666666666666666
5383,13,2,3,0,0,18,0.7222222222222222
5384,13,0,3,0,0,16,0.8125
5385,14,1,3,1,0,19,0.7368421052631579
5386,14,2,3,1,0,20,0.7
5387,13,2,3,0,0,18,0.7222222222222222
5388,14,2,3,1,0,20,0.7
5389,15,2,1,1,0,19,0.7894736842105263
5390,12,1,3,1,0,17,0.7058823529411765
5391,14,2,1,0,0,17,0.8235294117647058
5392,15,3,3,1,0,22,0.6818181818181818
5393,14,2,3,1,0,20,0.7
5394,15,1,3,1,0,20,0.75
5395,13,1,3,1,0,18,0.7222222222222222
5396,16,1,3,0,0,20,0.8
5397,14,2,3,0,0,19,0.7368421052631579
5398,14,2,3,0,0,19,0.7368421052631579
5399,12,3,3,0,0,18,0.6666666666666666
5400,16,2,3,1,0,22,0.7272727272727273
5401,12,3,3,1,0,19,0.631578947368421
5402,13,2,3,1,0,19,0.6842105263157895
5403,14,2,3,1,0,20,0.7
5404,14,2,3,1,0,20,0.7
5405,15,2,3,0,0,20,0.75
5406,15,1,3,1,0,20,0.75
5407,13,1,3,1,0,18,0.7222222222222222
5408,12,1,3,1,0,17,0.7058823529411765
5409,14,3,3,1,0,21,0.6666666666666666
5410,14,1,3,1,0,19,0.7368421052631579
5411,16,1,3,0,0,20,0.8
5412,13,1,3,1,0,18,0.7222222222222222
5413,14,2,3,1,0,20,0.7
5414,15,3,4,0,0,22,0.6818181818181818
5415,15,1,3,1,0,20,0.75
5416,15,3,3,1,0,22,0.6818181818181818
5417,16,1,3,1,0,21,0.7619047619047619
5418,12,1,3,1,0,17,0.7058823529411765
5419,13,2,3,1,0,19,0.6842105263157895
5420,14,2,3,0,0,19,0.7368421052631579
5421,15,2,3,1,0,21,0.7142857142857143
5422,15,2,3,1,0,21,0.7142857142857143
5423,16,2,3,1,0,22,0.7272727272727273
5424,13,2,3,1,0,19,0.6842105263157895
5425,15,2,3,1,0,21,0.7142857142857143
5426,14,2,3,1,0,20,0.7
5427,16,2,3,1,0,22,0.7272727272727273
5428,14,2,4,1,0,21,0.6666666666666666
5429,16,1,3,0,0,20,0.8
5430,14,1,3,1,0,19,0.7368421052631579
5431,14,2,3,1,0,20,0.7
5432,12,3,4,1,0,20,0.6
5433,15,2,3,1,0,21,0.7142857142857143
5434,12,2,3,0,0,17,0.7058823529411765
5435,15,2,3,0,0,20,0.75
5436,16,3,3,1,0,23,0.6956521739130435
5437,15,2,3,1,0,21,0.7142857142857143
5438,14,2,3,1,0,20,0.7
5439,13,1,4,1,0,19,0.6842105263157895
5440,15,2,3,1,0,21,0.7142857142857143
5441,15,1,3,0,0,19,0.7894736842105263
5442,15,1,3,1,0,20,0.75
5443,14,1,3,1,0,19,0.7368421052631579
5444,15,0,3,1,0,19,0.7894736842105263
5445,15,2,3,1,0,21,0.7142857142857143
5446,13,1,3,0,0,17,0.7647058823529411
5447,12,2,3,0,0,17,0.7058823529411765
5448,14,0,2,1,0,17,0.8235294117647058
5449,15,0,3,1,0,19,0.7894736842105263
5450,13,0,3,0,0,16,0.8125
5451,14,2,3,1,0,20,0.7
5452,15,1,3,1,0,20,0.75
5453,15,1,3,1,0,20,0.75
5454,16,0,3,1,0,20,0.8
5455,16,1,3,0,0,20,0.8
5456,14,1,3,1,0,19,0.7368421052631579
5457,15,1,3,0,0,19,0.7894736842105263
5458,14,1,3,1,0,19,0.7368421052631579
5459,13,0,2,1,0,16,0.8125
5460,15,1,3,1,0,20,0.75
5461,14,2,3,1,0,20,0.7
5462,15,1,3,0,0,19,0.7894736842105263
5463,12,1,3,1,0,17,0.7058823529411765
5464,13,1,4,1,0,19,0.6842105263157895
5465,14,0,2,1,0,17,0.8235294117647058
5466,13,1,2,0,0,16,0.8125
5467,11,1,2,1,0,15,0.7333333333333333
5468,15,1,1,1,0,18,0.8333333333333334
5469,15,1,1,0,0,17,0.8823529411764706
5470,15,1,1,0,0,17,0.8823529411764706
5471,15,1,1,1,0,18,0.8333333333333334
5472,15,1,1,1,0,18,0.8333333333333334
5473,13,2,1,1,0,17,0.7647058823529411
5474,14,1,1,0,0,16,0.875
5475,13,2,2,0,0,17,0.7647058823529411
5476,13,1,2,0,0,16,0.8125
5477,13,1,4,0,0,18,0.7222222222222222
5478,14,1,3,0,0,18,0.7777777777777778
5479,12,0,3,1,0,16,0.75
5480,13,1,3,1,0,18,0.7222222222222222
5481,15,1,3,1,0,20,0.75
5482,15,0,3,1,0,19,0.7894736842105263
5483,15,0,3,0,0,18,0.8333333333333334
5484,15,2,3,0,0,20,0.75
5485,15,2,3,0,0,20,0.75
5486,17,2,3,1,0,23,0.7391304347826086
5487,16,1,3,1,0,21,0.7619047619047619
5488,15,1,2,0,0,18,0.8333333333333334
5489,14,0,3,0,0,17,0.8235294117647058
5490,15,0,3,1,0,19,0.7894736842105263
5491,14,1,3,1,0,19,0.7368421052631579
5492,13,0,3,1,0,17,0.7647058823529411
5493,12,1,3,0,0,16,0.75
5494,13,1,3,1,0,18,0.7222222222222222
5495,17,1,3,1,0,22,0.7727272727272727
5496,15,1,3,1,0,20,0.75
5497,16,1,3,1,0,21,0.7619047619047619
5498,13,1,3,0,0,17,0.7647058823529411
5499,14,2,3,1,0,20,0.7
5500,14,1,3,0,0,18,0.7777777777777778
5501,12,2,3,0,0,17,0.7058823529411765
5502,12,1,3,0,0,16,0.75
5503,14,2,3,0,0,19,0.7368421052631579
5504,15,2,3,1,0,21,0.7142857142857143
5505,14,1,3,0,0,18,0.7777777777777778
5506,12,0,3,1,0,16,0.75
5507,15,1,3,1,0,20,0.75
5508,13,1,3,1,0,18,0.7222222222222222
5509,15,2,3,0,0,20,0.75
5510,14,1,3,1,0,19,0.7368421052631579
5511,15,1,3,0,0,19,0.7894736842105263
5512,13,1,3,1,0,18,0.7222222222222222
5513,12,2,3,1,0,18,0.6666666666666666
5514,15,1,3,1,0,20,0.75
5515,14,1,3,0,0,18,0.7777777777777778
5516,16,1,3,1,0,21,0.7619047619047619
5517,16,1,3,1,0,21,0.7619047619047619
5518,16,2,3,0,0,21,0.7619047619047619
5519,17,2,3,0,0,22,0.7727272727272727
5520,14,1,3,1,0,19,0.7368421052631579
5521,15,2,2,1,0,20,0.75
5522,16,1,3,1,0,21,0.7619047619047619
5523,13,2,3,0,0,18,0.7222222222222222
5524,14,1,3,1,0,19,0.7368421052631579
5525,15,2,3,1,0,21,0.7142857142857143
5526,15,1,3,1,0,20,0.75
5527,13,1,3,1,0,18,0.7222222222222222
5528,16,2,3,1,0,22,0.7272727272727273
5529,15,2,3,0,0,20,0.75
5530,14,1,3,1,0,19,0.7368421052631579
5531,15,2,3,1,0,21,0.7142857142857143
5532,16,2,3,0,0,21,0.7619047619047619
5533,17,1,3,1,0,22,0.7727272727272727
5534,14,1,3,1,0,19,0.7368421052631579
5535,14,0,3,1,0,18,0.7777777777777778
5536,14,0,3,1,0,18,0.7777777777777778
5537,15,1,3,1,0,20,0.75
5538,15,2,3,0,0,20,0.75
5539,13,2,3,0,0,18,0.7222222222222222
5540,13,2,3,0,0,18,0.7222222222222222
5541,17,1,3,1,0,22,0.7727272727272727
5542,14,2,3,1,0,20,0.7
5543,15,1,3,1,0,20,0.75
5544,13,0,3,1,0,17,0.7647058823529411
5545,15,1,3,1,0,20,0.75
5546,13,1,3,1,0,18,0.7222222222222222
5547,16,0,3,1,0,20,0.8
5548,12,2,3,1,0,18,0.6666666666666666
5549,15,1,3,0,0,19,0.7894736842105263
5550,13,1,3,1,0,18,0.7222222222222222
5551,12,1,3,1,0,17,0.7058823529411765
5552,14,1,3,1,0,19,0.7368421052631579
5553,16,2,3,1,0,22,0.7272727272727273
5554,16,1,3,0,0,20,0.8
5555,15,1,3,0,0,19,0.7894736842105263
5556,13,1,3,1,0,18,0.7222222222222222
5557,14,2,3,0,0,19,0.7368421052631579
5558,13,2,3,1,0,19,0.6842105263157895
5559,14,0,3,1,0,18,0.7777777777777778
5560,13,0,3,1,0,17,0.7647058823529411
5561,12,2,3,1,0,18,0.6666666666666666
5562,14,3,3,1,0,21,0.6666666666666666
5563,15,1,3,1,0,20,0.75
5564,14,2,3,1,0,20,0.7
5565,16,1,3,1,0,21,0.7619047619047619
5566,12,1,3,1,0,17,0.7058823529411765
5567,15,1,3,1,0,20,0.75
5568,17,1,3,1,0,22,0.7727272727272727
5569,13,1,3,1,0,18,0.7222222222222222
5570,14,1,3,0,0,18,0.7777777777777778
5571,15,2,3,0,0,20,0.75
5572,15,3,3,1,0,22,0.6818181818181818
5573,13,2,3,1,0,19,0.6842105263157895
5574,13,1,3,1,0,18,0.7222222222222222
5575,15,1,3,1,0,20,0.75
5576,15,1,3,1,0,20,0.75
5577,16,2,3,1,0,22,0.7272727272727273
5578,16,1,3,1,0,21,0.7619047619047619
5579,14,0,3,0,0,17,0.8235294117647058
5580,13,1,3,1,0,18,0.7222222222222222
5581,16,0,3,1,0,20,0.8
5582,15,1,3,1,0,20,0.75
5583,13,2,3,1,0,19,0.6842105263157895
5584,13,1,3,1,0,18,0.7222222222222222
5585,15,1,3,1,0,20,0.75
5586,14,2,3,0,0,19,0.7368421052631579
5587,15,1,3,1,0,20,0.75
5588,15,3,3,1,0,22,0.6818181818181818
5589,12,0,3,0,0,15,0.8
5590,12,1,3,1,0,17,0.7058823529411765
5591,15,1,3,1,0,20,0.75
5592,16,1,3,1,0,21,0.7619047619047619
5593,14,1,3,1,0,19,0.7368421052631579
5594,14,1,3,1,0,19,0.7368421052631579
5595,14,1,3,1,0,19,0.7368421052631579
5596,15,2,3,0,0,20,0.75
5597,16,3,3,0,0,22,0.7272727272727273
5598,15,0,3,1,0,19,0.7894736842105263
5599,17,2,3,1,0,23,0.7391304347826086
