frame,n_hydrophobic,n_polar,n_pos_charged,n_neg_charged,n_other,n_total,frac_hydrophobic
0,13,4,4,0,0,21,0.6190476190476191
1,14,5,4,1,0,24,0.5833333333333334
2,12,5,4,0,0,21,0.5714285714285714
3,14,5,4,1,0,24,0.5833333333333334
4,14,5,4,1,0,24,0.5833333333333334
5,13,5,4,0,0,22,0.5909090909090909
6,13,5,4,0,0,22,0.5909090909090909
7,13,5,4,1,0,23,0.5652173913043478
8,12,5,4,1,0,22,0.5454545454545454
9,13,5,4,1,0,23,0.5652173913043478
10,13,5,4,1,0,23,0.5652173913043478
11,13,6,4,0,0,23,0.5652173913043478
12,11,6,4,1,0,22,0.5
13,13,5,4,1,0,23,0.5652173913043478
14,12,6,4,0,0,22,0.5454545454545454
15,13,5,4,0,0,22,0.5909090909090909
16,12,5,4,0,0,21,0.5714285714285714
17,14,5,4,0,0,23,0.6086956521739131
18,13,6,4,0,0,23,0.5652173913043478
19,13,4,4,0,0,21,0.6190476190476191
20,13,4,4,0,0,21,0.6190476190476191
21,13,6,4,0,0,23,0.5652173913043478
22,12,4,4,0,0,20,0.6
23,14,6,4,0,0,24,0.5833333333333334
24,12,5,4,0,0,21,0.5714285714285714
25,10,5,4,0,0,19,0.5263157894736842
26,12,5,4,1,0,22,0.5454545454545454
27,12,5,4,0,0,21,0.5714285714285714
28,14,5,4,1,0,24,0.5833333333333334
29,13,5,4,0,0,22,0.5909090909090909
30,13,4,4,0,0,21,0.6190476190476191
31,13,5,4,0,0,22,0.5909090909090909
32,14,5,4,0,0,23,0.6086956521739131
33,13,5,4,1,0,23,0.5652173913043478
34,12,5,4,0,0,21,0.5714285714285714
35,12,5,4,0,0,21,0.5714285714285714
36,12,5,4,1,0,22,0.5454545454545454
37,12,5,4,1,0,22,0.5454545454545454
38,12,5,4,0,0,21,0.5714285714285714
39,12,5,4,1,0,22,0.5454545454545454
40,13,4,4,0,0,21,0.6190476190476191
41,12,5,4,0,0,21,0.5714285714285714
42,12,4,4,1,0,21,0.5714285714285714
43,12,6,4,1,0,23,0.5217391304347826
44,13,6,4,1,0,24,0.5416666666666666
45,13,6,4,0,0,23,0.5652173913043478
46,14,5,4,0,0,23,0.6086956521739131
47,13,4,4,1,0,22,0.5909090909090909
48,13,5,4,0,0,22,0.5909090909090909
49,12,6,4,0,0,22,0.5454545454545454
50,12,5,4,0,0,21,0.5714285714285714
51,12,5,4,0,0,21,0.5714285714285714
52,13,4,4,0,0,21,0.6190476190476191
53,12,5,4,0,0,21,0.5714285714285714
54,13,5,4,0,0,22,0.5909090909090909
55,13,3,4,1,0,21,0.6190476190476191
56,11,6,4,1,0,22,0.5
57,14,5,4,0,0,23,0.6086956521739131
58,11,5,4,0,0,20,0.55
59,12,5,4,1,0,22,0.5454545454545454
60,13,5,4,1,0,23,0.5652173913043478
61,12,6,4,0,0,22,0.5454545454545454
62,12,5,4,1,0,22,0.5454545454545454
63,12,6,4,0,0,22,0.5454545454545454
64,12,5,4,1,0,22,0.5454545454545454
65,14,6,4,0,0,24,0.5833333333333334
66,13,5,4,1,0,23,0.5652173913043478
67,13,4,4,0,0,21,0.6190476190476191
68,13,5,4,0,0,22,0.5909090909090909
69,14,4,4,1,0,23,0.6086956521739131
70,13,5,4,0,0,22,0.5909090909090909
71,13,4,4,0,0,21,0.6190476190476191
72,13,5,4,0,0,22,0.5909090909090909
73,14,5,4,0,0,23,0.6086956521739131
74,10,5,4,0,0,19,0.5263157894736842
75,11,5,4,0,0,20,0.55
76,13,5,4,1,0,23,0.5652173913043478
77,12,5,4,0,0,21,0.5714285714285714
78,14,5,4,1,0,24,0.5833333333333334
79,14,5,4,0,0,23,0.6086956521739131
80,14,5,4,1,0,24,0.5833333333333334
81,13,5,4,0,0,22,0.5909090909090909
82,12,6,4,1,0,23,0.5217391304347826
83,13,6,4,0,0,23,0.5652173913043478
84,11,4,4,0,0,19,0.5789473684210527
85,12,4,4,1,0,21,0.5714285714285714
86,12,6,4,1,0,23,0.5217391304347826
87,12,4,4,0,0,20,0.6
88,11,6,4,1,0,22,0.5
89,12,5,4,0,0,21,0.5714285714285714
90,12,5,4,1,0,22,0.5454545454545454
91,11,6,4,0,0,21,0.5238095238095238
92,12,5,4,0,0,21,0.5714285714285714
93,13,6,4,1,0,24,0.5416666666666666
94,13,6,4,0,0,23,0.5652173913043478
95,13,4,4,0,0,21,0.6190476190476191
96,13,3,4,1,0,21,0.6190476190476191
97,13,6,4,1,0,24,0.5416666666666666
98,14,5,4,1,0,24,0.5833333333333334
99,13,4,4,1,0,22,0.5909090909090909
100,11,5,4,1,0,21,0.5238095238095238
101,13,5,4,0,0,22,0.5909090909090909
102,12,5,4,1,0,22,0.5454545454545454
103,13,6,4,1,0,24,0.5416666666666666
104,11,5,4,0,0,20,0.55
105,13,6,4,1,0,24,0.5416666666666666
106,12,4,4,0,0,20,0.6
107,14,6,4,1,0,25,0.56
108,13,5,4,1,0,23,0.5652173913043478
109,12,5,4,1,0,22,0.5454545454545454
110,12,5,4,1,0,22,0.5454545454545454
111,12,4,4,1,0,21,0.5714285714285714
112,13,4,4,0,0,21,0.6190476190476191
113,14,5,4,0,0,23,0.6086956521739131
114,12,6,4,0,0,22,0.5454545454545454
115,12,5,4,0,0,21,0.5714285714285714
116,14,5,4,0,0,23,0.6086956521739131
117,13,4,4,0,0,21,0.6190476190476191
118,13,5,4,0,0,22,0.5909090909090909
119,14,3,4,0,0,21,0.6666666666666666
120,12,5,4,0,0,21,0.5714285714285714
121,13,5,4,0,0,22,0.5909090909090909
122,13,6,4,0,0,23,0.5652173913043478
123,14,3,4,0,0,21,0.6666666666666666
124,14,5,4,0,0,23,0.6086956521739131
125,13,6,4,0,0,23,0.5652173913043478
126,12,5,4,0,0,21,0.5714285714285714
127,12,4,4,0,0,20,0.6
128,13,4,4,0,0,21,0.6190476190476191
129,13,5,4,0,0,22,0.5909090909090909
130,14,4,4,0,0,22,0.6363636363636364
131,12,3,4,0,0,19,0.631578947368421
132,13,4,4,0,0,21,0.6190476190476191
133,14,4,4,0,0,22,0.6363636363636364
134,15,3,4,0,0,22,0.6818181818181818
135,14,3,4,0,0,21,0.6666666666666666
136,13,3,4,0,0,20,0.65
137,13,3,4,0,0,20,0.65
138,13,3,4,0,0,20,0.65
139,15,2,4,0,0,21,0.7142857142857143
140,15,2,4,0,0,21,0.7142857142857143
141,14,2,4,0,0,20,0.7
142,15,2,4,0,0,21,0.7142857142857143
143,13,2,4,0,0,19,0.6842105263157895
144,15,3,4,0,0,22,0.6818181818181818
145,15,3,4,0,0,22,0.6818181818181818
146,13,2,4,0,0,19,0.6842105263157895
147,14,3,4,0,0,21,0.6666666666666666
148,13,3,4,0,0,20,0.65
149,15,2,4,0,0,21,0.7142857142857143
150,15,3,4,0,0,22,0.6818181818181818
151,15,3,4,0,0,22,0.6818181818181818
152,14,5,4,0,0,23,0.6086956521739131
153,13,4,4,0,0,21,0.6190476190476191
154,14,4,4,1,0,23,0.6086956521739131
155,13,4,4,0,0,21,0.6190476190476191
156,14,3,4,0,0,21,0.6666666666666666
157,15,2,4,0,0,21,0.7142857142857143
158,15,3,4,0,0,22,0.6818181818181818
159,15,3,4,0,0,22,0.6818181818181818
160,14,3,4,0,0,21,0.6666666666666666
161,15,4,4,0,0,23,0.6521739130434783
162,15,3,4,1,0,23,0.6521739130434783
163,15,3,4,0,0,22,0.6818181818181818
164,14,3,4,0,0,21,0.6666666666666666
165,14,3,4,0,0,21,0.6666666666666666
166,15,2,4,0,0,21,0.7142857142857143
167,12,2,4,0,0,18,0.6666666666666666
168,14,3,4,0,0,21,0.6666666666666666
169,15,3,4,0,0,22,0.6818181818181818
170,14,3,4,0,0,21,0.6666666666666666
171,15,3,4,0,0,22,0.6818181818181818
172,14,3,4,0,0,21,0.6666666666666666
173,12,2,4,0,0,18,0.6666666666666666
174,14,3,4,0,0,21,0.6666666666666666
175,15,4,4,0,0,23,0.6521739130434783
176,13,3,4,0,0,20,0.65
177,14,2,4,0,0,20,0.7
178,15,3,4,0,0,22,0.6818181818181818
179,15,3,4,0,0,22,0.6818181818181818
180,15,3,4,0,0,22,0.6818181818181818
181,13,3,4,0,0,20,0.65
182,14,2,4,0,0,20,0.7
183,15,3,4,0,0,22,0.6818181818181818
184,15,3,4,0,0,22,0.6818181818181818
185,14,3,4,0,0,21,0.6666666666666666
186,14,3,4,0,0,21,0.6666666666666666
187,15,4,4,0,0,23,0.6521739130434783
188,12,2,4,0,0,18,0.6666666666666666
189,15,2,4,0,0,21,0.7142857142857143
190,15,3,4,0,0,22,0.6818181818181818
191,15,2,4,0,0,21,0.7142857142857143
192,14,2,4,0,0,20,0.7
193,14,2,4,0,0,20,0.7
194,11,3,4,1,0,19,0.5789473684210527
195,13,3,4,0,0,20,0.65
196,14,2,3,0,0,19,0.7368421052631579
197,10,2,4,1,0,17,0.5882352941176471
198,14,3,3,0,0,20,0.7
199,11,3,4,1,0,19,0.5789473684210527
200,12,4,3,0,0,19,0.631578947368421
201,13,4,3,0,0,20,0.65
202,14,4,4,1,0,23,0.6086956521739131
203,14,4,4,1,0,23,0.6086956521739131
204,12,3,3,0,0,18,0.6666666666666666
205,14,2,2,0,0,18,0.7777777777777778
206,12,2,3,0,0,17,0.7058823529411765
207,11,3,4,1,0,19,0.5789473684210527
208,13,3,4,1,0,21,0.6190476190476191
209,13,4,4,1,0,22,0.5909090909090909
210,12,3,4,0,0,19,0.631578947368421
211,13,3,4,0,0,20,0.65
212,13,4,4,1,0,22,0.5909090909090909
213,13,3,4,0,0,20,0.65
214,15,3,2,0,0,20,0.75
215,13,3,4,0,0,20,0.65
216,12,3,4,1,0,20,0.6
217,14,2,4,1,0,21,0.6666666666666666
218,13,2,4,1,0,20,0.65
219,13,3,4,1,0,21,0.6190476190476191
220,11,4,4,1,0,20,0.55
221,10,3,4,1,0,18,0.5555555555555556
222,13,3,4,0,0,20,0.65
223,12,2,3,0,0,17,0.7058823529411765
224,13,3,4,0,0,20,0.65
225,14,3,4,0,0,21,0.6666666666666666
226,12,3,2,1,0,18,0.6666666666666666
227,12,4,4,1,0,21,0.5714285714285714
228,13,3,4,1,0,21,0.6190476190476191
229,14,3,3,0,0,20,0.7
230,13,3,3,0,0,19,0.6842105263157895
231,13,4,3,0,0,20,0.65
232,13,3,1,0,0,17,0.7647058823529411
233,13,3,3,0,0,19,0.6842105263157895
234,11,3,3,1,0,18,0.6111111111111112
235,14,3,2,0,0,19,0.7368421052631579
236,13,3,3,1,0,20,0.65
237,12,4,3,0,0,19,0.631578947368421
238,14,2,3,0,0,19,0.7368421052631579
239,11,4,2,0,0,17,0.6470588235294118
240,13,2,3,0,0,18,0.7222222222222222
241,13,2,3,0,0,18,0.7222222222222222
242,13,3,3,0,0,19,0.6842105263157895
243,13,3,3,0,0,19,0.6842105263157895
244,11,3,3,0,0,17,0.6470588235294118
245,11,2,3,0,0,16,0.6875
246,14,3,3,0,0,20,0.7
247,12,3,3,0,0,18,0.6666666666666666
248,12,3,3,0,0,18,0.6666666666666666
249,12,4,2,0,0,18,0.6666666666666666
250,13,2,3,0,0,18,0.7222222222222222
251,12,2,3,0,0,17,0.7058823529411765
252,12,2,3,0,0,17,0.7058823529411765
253,13,3,2,0,0,18,0.7222222222222222
254,13,2,2,0,0,17,0.7647058823529411
255,13,4,2,0,0,19,0.6842105263157895
256,11,4,4,1,0,20,0.55
257,13,3,2,0,0,18,0.7222222222222222
258,12,2,4,1,0,19,0.631578947368421
259,12,3,4,1,0,20,0.6
260,12,3,4,1,0,20,0.6
261,12,3,4,1,0,20,0.6
262,11,2,4,1,0,18,0.6111111111111112
263,13,3,2,0,0,18,0.7222222222222222
264,14,2,2,0,0,18,0.7777777777777778
265,14,2,4,0,0,20,0.7
266,13,3,3,0,0,19,0.6842105263157895
267,12,2,3,0,0,17,0.7058823529411765
268,13,2,4,0,0,19,0.6842105263157895
269,13,2,2,0,0,17,0.7647058823529411
270,13,4,3,0,0,20,0.65
271,13,3,3,0,0,19,0.6842105263157895
272,12,3,3,0,0,18,0.6666666666666666
273,13,2,3,0,0,18,0.7222222222222222
274,12,3,4,0,0,19,0.631578947368421
275,12,3,3,0,0,18,0.6666666666666666
276,13,4,3,0,0,20,0.65
277,11,3,2,0,0,16,0.6875
278,14,3,2,0,0,19,0.7368421052631579
279,12,3,3,0,0,18,0.6666666666666666
280,12,3,3,0,0,18,0.6666666666666666
281,12,2,3,0,0,17,0.7058823529411765
282,11,3,3,0,0,17,0.6470588235294118
283,13,2,3,0,0,18,0.7222222222222222
284,14,3,2,0,0,19,0.7368421052631579
285,15,3,2,0,0,20,0.75
286,13,2,2,1,0,18,0.7222222222222222
287,12,2,3,1,0,18,0.6666666666666666
288,15,2,2,0,0,19,0.7894736842105263
289,11,2,4,1,0,18,0.6111111111111112
290,10,3,4,1,0,18,0.5555555555555556
291,10,3,4,1,0,18,0.5555555555555556
292,11,3,4,0,0,18,0.6111111111111112
293,11,3,4,0,0,18,0.6111111111111112
294,12,2,4,0,0,18,0.6666666666666666
295,12,4,4,0,0,20,0.6
296,13,4,4,0,0,21,0.6190476190476191
297,12,3,4,1,0,20,0.6
298,12,3,4,1,0,20,0.6
299,12,3,4,0,0,19,0.631578947368421
300,11,3,4,0,0,18,0.6111111111111112
301,12,2,4,1,0,19,0.631578947368421
302,11,3,4,1,0,19,0.5789473684210527
303,14,2,4,1,0,21,0.6666666666666666
304,12,3,4,0,0,19,0.631578947368421
305,12,2,4,0,0,18,0.6666666666666666
306,12,3,4,1,0,20,0.6
307,13,4,4,1,0,22,0.5909090909090909
308,13,3,4,0,0,20,0.65
309,14,3,2,0,0,19,0.7368421052631579
310,14,4,4,0,0,22,0.6363636363636364
311,14,3,4,1,0,22,0.6363636363636364
312,13,2,4,1,0,20,0.65
313,13,3,4,1,0,21,0.6190476190476191
314,14,3,4,1,0,22,0.6363636363636364
315,15,3,3,1,0,22,0.6818181818181818
316,13,3,4,1,0,21,0.6190476190476191
317,14,3,4,1,0,22,0.6363636363636364
318,14,4,4,1,0,23,0.6086956521739131
319,13,3,4,1,0,21,0.6190476190476191
320,12,3,2,0,0,17,0.7058823529411765
321,15,3,3,1,0,22,0.6818181818181818
322,14,3,3,1,0,21,0.6666666666666666
323,12,2,3,1,0,18,0.6666666666666666
324,14,4,4,1,0,23,0.6086956521739131
325,13,3,4,0,0,20,0.65
326,12,4,4,0,0,20,0.6
327,12,5,4,1,0,22,0.5454545454545454
328,13,3,3,0,0,19,0.6842105263157895
329,14,4,4,0,0,22,0.6363636363636364
330,12,4,4,1,0,21,0.5714285714285714
331,14,4,4,0,0,22,0.6363636363636364
332,14,5,4,1,0,24,0.5833333333333334
333,13,3,4,0,0,20,0.65
334,12,5,3,1,0,21,0.5714285714285714
335,12,4,4,1,0,21,0.5714285714285714
336,12,5,4,1,0,22,0.5454545454545454
337,11,4,3,1,0,19,0.5789473684210527
338,14,4,4,1,0,23,0.6086956521739131
339,13,4,4,1,0,22,0.5909090909090909
340,12,4,4,1,0,21,0.5714285714285714
341,12,5,4,1,0,22,0.5454545454545454
342,13,3,4,1,0,21,0.6190476190476191
343,14,3,4,0,0,21,0.6666666666666666
344,12,3,4,1,0,20,0.6
345,13,3,3,1,0,20,0.65
346,13,2,3,1,0,19,0.6842105263157895
347,14,2,4,0,0,20,0.7
348,13,4,4,0,0,21,0.6190476190476191
349,13,3,4,1,0,21,0.6190476190476191
350,13,3,4,1,0,21,0.6190476190476191
351,12,3,4,1,0,20,0.6
352,12,5,4,1,0,22,0.5454545454545454
353,12,5,3,1,0,21,0.5714285714285714
354,11,5,4,1,0,21,0.5238095238095238
355,11,5,4,1,0,21,0.5238095238095238
356,11,4,4,1,0,20,0.55
357,13,5,4,1,0,23,0.5652173913043478
358,12,4,4,1,0,21,0.5714285714285714
359,14,4,4,1,0,23,0.6086956521739131
360,11,5,4,1,0,21,0.5238095238095238
361,11,5,4,1,0,21,0.5238095238095238
362,12,5,4,1,0,22,0.5454545454545454
363,11,4,4,1,0,20,0.55
364,12,5,4,1,0,22,0.5454545454545454
365,14,5,4,1,0,24,0.5833333333333334
366,12,3,4,1,0,20,0.6
367,13,3,4,1,0,21,0.6190476190476191
368,12,4,4,1,0,21,0.5714285714285714
369,13,5,4,1,0,23,0.5652173913043478
370,11,4,4,1,0,20,0.55
371,13,5,4,1,0,23,0.5652173913043478
372,11,5,4,1,0,21,0.5238095238095238
373,13,4,4,1,0,22,0.5909090909090909
374,12,5,4,1,0,22,0.5454545454545454
375,12,5,4,1,0,22,0.5454545454545454
376,13,4,4,1,0,22,0.5909090909090909
377,13,4,4,1,0,22,0.5909090909090909
378,12,4,4,1,0,21,0.5714285714285714
379,11,5,4,1,0,21,0.5238095238095238
380,13,5,4,1,0,23,0.5652173913043478
381,11,5,4,1,0,21,0.5238095238095238
382,13,4,4,1,0,22,0.5909090909090909
383,12,4,4,1,0,21,0.5714285714285714
384,14,5,4,1,0,24,0.5833333333333334
385,13,4,4,1,0,22,0.5909090909090909
386,14,4,4,1,0,23,0.6086956521739131
387,13,5,4,1,0,23,0.5652173913043478
388,13,5,4,1,0,23,0.5652173913043478
389,12,4,4,0,0,20,0.6
390,13,5,4,1,0,23,0.5652173913043478
391,13,3,4,1,0,21,0.6190476190476191
392,13,2,4,0,0,19,0.6842105263157895
393,13,5,4,0,0,22,0.5909090909090909
394,14,5,4,1,0,24,0.5833333333333334
395,13,5,4,1,0,23,0.5652173913043478
396,11,5,4,1,0,21,0.5238095238095238
397,12,5,4,1,0,22,0.5454545454545454
398,12,3,4,1,0,20,0.6
399,11,5,4,0,0,20,0.55
400,13,4,4,1,0,22,0.5909090909090909
401,11,5,4,1,0,21,0.5238095238095238
402,12,4,4,1,0,21,0.5714285714285714
403,13,4,4,1,0,22,0.5909090909090909
404,14,5,4,1,0,24,0.5833333333333334
405,13,5,4,1,0,23,0.5652173913043478
406,12,4,4,1,0,21,0.5714285714285714
407,13,5,4,1,0,23,0.5652173913043478
408,12,4,4,1,0,21,0.5714285714285714
409,13,5,4,1,0,23,0.5652173913043478
410,12,5,4,1,0,22,0.5454545454545454
411,10,6,4,1,0,21,0.47619047619047616
412,13,5,4,1,0,23,0.5652173913043478
413,13,5,4,0,0,22,0.5909090909090909
414,12,4,4,0,0,20,0.6
415,12,5,4,1,0,22,0.5454545454545454
416,13,5,4,1,0,23,0.5652173913043478
417,13,4,4,1,0,22,0.5909090909090909
418,13,5,4,1,0,23,0.5652173913043478
419,13,4,4,1,0,22,0.5909090909090909
420,12,5,4,1,0,22,0.5454545454545454
421,12,5,4,1,0,22,0.5454545454545454
422,12,5,4,1,0,22,0.5454545454545454
423,13,5,4,1,0,23,0.5652173913043478
424,13,4,4,1,0,22,0.5909090909090909
425,13,5,4,1,0,23,0.5652173913043478
426,13,5,4,1,0,23,0.5652173913043478
427,10,4,4,1,0,19,0.5263157894736842
428,12,4,4,1,0,21,0.5714285714285714
429,12,4,4,1,0,21,0.5714285714285714
430,14,4,4,1,0,23,0.6086956521739131
431,12,5,4,1,0,22,0.5454545454545454
432,12,4,4,1,0,21,0.5714285714285714
433,13,5,4,1,0,23,0.5652173913043478
434,12,5,4,1,0,22,0.5454545454545454
435,12,5,4,1,0,22,0.5454545454545454
436,12,5,4,1,0,22,0.5454545454545454
437,13,4,4,1,0,22,0.5909090909090909
438,13,5,4,1,0,23,0.5652173913043478
439,13,5,4,1,0,23,0.5652173913043478
440,13,4,4,1,0,22,0.5909090909090909
441,12,4,4,0,0,20,0.6
442,13,5,4,0,0,22,0.5909090909090909
443,11,5,4,1,0,21,0.5238095238095238
444,13,6,4,1,0,24,0.5416666666666666
445,10,5,4,1,0,20,0.5
446,12,5,4,1,0,22,0.5454545454545454
447,12,5,4,0,0,21,0.5714285714285714
448,13,5,4,1,0,23,0.5652173913043478
449,13,3,4,0,0,20,0.65
450,12,4,4,0,0,20,0.6
451,12,3,4,0,0,19,0.631578947368421
452,13,4,4,1,0,22,0.5909090909090909
453,12,3,4,1,0,20,0.6
454,12,5,4,0,0,21,0.5714285714285714
455,11,2,4,0,0,17,0.6470588235294118
456,12,5,4,0,0,21,0.5714285714285714
457,12,5,4,0,0,21,0.5714285714285714
458,12,4,4,0,0,20,0.6
459,14,3,3,0,0,20,0.7
460,14,3,4,0,0,21,0.6666666666666666
461,13,4,3,0,0,20,0.65
462,12,3,4,0,0,19,0.631578947368421
463,13,3,3,0,0,19,0.6842105263157895
464,13,3,3,0,0,19,0.6842105263157895
465,13,4,4,0,0,21,0.6190476190476191
466,14,3,4,0,0,21,0.6666666666666666
467,12,3,4,0,0,19,0.631578947368421
468,13,3,4,0,0,20,0.65
469,14,3,4,0,0,21,0.6666666666666666
470,13,4,4,0,0,21,0.6190476190476191
471,15,4,4,0,0,23,0.6521739130434783
472,15,3,5,0,0,23,0.6521739130434783
473,14,2,4,0,0,20,0.7
474,13,2,4,0,0,19,0.6842105263157895
475,14,4,4,0,0,22,0.6363636363636364
476,13,3,4,0,0,20,0.65
477,13,3,4,0,0,20,0.65
478,14,3,4,0,0,21,0.6666666666666666
479,13,3,4,0,0,20,0.65
480,13,3,4,0,0,20,0.65
481,15,3,4,0,0,22,0.6818181818181818
482,13,2,4,0,0,19,0.6842105263157895
483,15,3,4,0,0,22,0.6818181818181818
484,15,2,4,0,0,21,0.7142857142857143
485,15,2,4,0,0,21,0.7142857142857143
486,14,3,4,0,0,21,0.6666666666666666
487,14,3,4,0,0,21,0.6666666666666666
488,12,2,4,0,0,18,0.6666666666666666
489,13,3,4,0,0,20,0.65
490,14,3,4,0,0,21,0.6666666666666666
491,14,3,4,0,0,21,0.6666666666666666
492,14,3,4,0,0,21,0.6666666666666666
493,14,4,4,0,0,22,0.6363636363636364
494,14,2,4,0,0,20,0.7
495,13,2,4,0,0,19,0.6842105263157895
496,13,2,4,0,0,19,0.6842105263157895
497,13,3,4,0,0,20,0.65
498,13,2,4,0,0,19,0.6842105263157895
499,15,3,4,0,0,22,0.6818181818181818
500,13,2,4,0,0,19,0.6842105263157895
501,14,3,4,0,0,21,0.6666666666666666
502,12,3,4,0,0,19,0.631578947368421
503,13,2,4,0,0,19,0.6842105263157895
504,12,2,4,0,0,18,0.6666666666666666
505,14,2,4,0,0,20,0.7
506,12,2,4,0,0,18,0.6666666666666666
507,14,2,4,0,0,20,0.7
508,14,3,4,0,0,21,0.6666666666666666
509,15,2,4,0,0,21,0.7142857142857143
510,12,2,4,0,0,18,0.6666666666666666
511,14,3,4,0,0,21,0.6666666666666666
512,14,2,2,0,0,18,0.7777777777777778
513,10,2,4,0,0,16,0.625
514,12,2,4,0,0,18,0.6666666666666666
515,13,3,4,1,0,21,0.6190476190476191
516,12,2,4,0,0,18,0.6666666666666666
517,13,3,4,0,0,20,0.65
518,13,2,4,0,0,19,0.6842105263157895
519,12,2,4,0,0,18,0.6666666666666666
520,13,2,4,0,0,19,0.6842105263157895
521,13,3,3,1,0,20,0.65
522,12,4,4,0,0,20,0.6
523,14,2,4,0,0,20,0.7
524,12,2,4,0,0,18,0.6666666666666666
525,12,3,4,0,0,19,0.631578947368421
526,13,3,4,0,0,20,0.65
527,15,1,4,0,0,20,0.75
528,15,2,4,0,0,21,0.7142857142857143
529,14,3,4,0,0,21,0.6666666666666666
530,12,3,4,0,0,19,0.631578947368421
531,14,2,4,0,0,20,0.7
532,13,2,4,0,0,19,0.6842105263157895
533,14,2,4,0,0,20,0.7
534,12,3,4,0,0,19,0.631578947368421
535,14,2,4,0,0,20,0.7
536,14,2,4,0,0,20,0.7
537,12,2,3,0,0,17,0.7058823529411765
538,11,2,3,0,0,16,0.6875
539,12,2,3,0,0,17,0.7058823529411765
540,12,2,3,0,0,17,0.7058823529411765
541,13,2,3,0,0,18,0.7222222222222222
542,12,2,3,0,0,17,0.7058823529411765
543,14,2,3,0,0,19,0.7368421052631579
544,13,2,3,0,0,18,0.7222222222222222
545,12,2,4,0,0,18,0.6666666666666666
546,11,2,4,0,0,17,0.6470588235294118
547,13,3,3,0,0,19,0.6842105263157895
548,11,2,2,0,0,15,0.7333333333333333
549,12,3,3,0,0,18,0.6666666666666666
550,12,2,3,0,0,17,0.7058823529411765
551,10,2,4,0,0,16,0.625
552,11,2,4,0,0,17,0.6470588235294118
553,10,3,4,0,0,17,0.5882352941176471
554,12,2,3,0,0,17,0.7058823529411765
555,12,3,3,0,0,18,0.6666666666666666
556,12,3,3,0,0,18,0.6666666666666666
557,13,2,3,0,0,18,0.7222222222222222
558,13,2,3,0,0,18,0.7222222222222222
559,14,2,3,0,0,19,0.7368421052631579
560,11,3,3,0,0,17,0.6470588235294118
561,12,2,3,0,0,17,0.7058823529411765
562,12,2,4,0,0,18,0.6666666666666666
563,13,2,3,0,0,18,0.7222222222222222
564,13,2,3,0,0,18,0.7222222222222222
565,14,2,3,0,0,19,0.7368421052631579
566,12,3,3,0,0,18,0.6666666666666666
567,12,2,3,0,0,17,0.7058823529411765
568,11,2,3,0,0,16,0.6875
569,13,3,4,0,0,20,0.65
570,13,3,3,0,0,19,0.6842105263157895
571,14,3,4,0,0,21,0.6666666666666666
572,12,2,3,0,0,17,0.7058823529411765
573,12,3,4,0,0,19,0.631578947368421
574,13,2,3,0,0,18,0.7222222222222222
575,12,3,4,0,0,19,0.631578947368421
576,14,2,4,0,0,20,0.7
577,13,2,4,0,0,19,0.6842105263157895
578,13,4,3,0,0,20,0.65
579,14,2,4,0,0,20,0.7
580,14,3,3,0,0,20,0.7
581,12,2,3,0,0,17,0.7058823529411765
582,11,2,4,0,0,17,0.6470588235294118
583,14,3,3,0,0,20,0.7
584,12,2,4,0,0,18,0.6666666666666666
585,12,3,4,0,0,19,0.631578947368421
586,14,3,2,0,0,19,0.7368421052631579
587,12,3,3,0,0,18,0.6666666666666666
588,13,3,4,0,0,20,0.65
589,11,2,4,0,0,17,0.6470588235294118
590,11,3,4,0,0,18,0.6111111111111112
591,11,2,4,0,0,17,0.6470588235294118
592,11,2,4,0,0,17,0.6470588235294118
593,12,3,4,0,0,19,0.631578947368421
594,11,3,3,0,0,17,0.6470588235294118
595,13,3,4,0,0,20,0.65
596,11,2,4,0,0,17,0.6470588235294118
597,13,3,4,0,0,20,0.65
598,11,3,3,0,0,17,0.6470588235294118
599,13,3,2,0,0,18,0.7222222222222222
600,12,3,3,0,0,18,0.6666666666666666
601,11,2,3,0,0,16,0.6875
602,12,2,4,0,0,18,0.6666666666666666
603,11,2,4,1,0,18,0.6111111111111112
604,14,2,4,0,0,20,0.7
605,12,2,3,1,0,18,0.6666666666666666
606,11,3,5,0,0,19,0.5789473684210527
607,9,2,3,0,0,14,0.6428571428571429
608,11,3,5,0,0,19,0.5789473684210527
609,11,2,3,0,0,16,0.6875
610,12,2,4,0,0,18,0.6666666666666666
611,8,2,4,1,0,15,0.5333333333333333
612,12,2,4,0,0,18,0.6666666666666666
613,11,3,5,0,0,19,0.5789473684210527
614,12,2,4,0,0,18,0.6666666666666666
615,11,3,5,0,0,19,0.5789473684210527
616,12,2,3,1,0,18,0.6666666666666666
617,14,2,3,0,0,19,0.7368421052631579
618,11,3,4,1,0,19,0.5789473684210527
619,11,2,3,0,0,16,0.6875
620,14,3,2,0,0,19,0.7368421052631579
621,13,2,3,0,0,18,0.7222222222222222
622,10,2,2,0,0,14,0.7142857142857143
623,12,2,3,0,0,17,0.7058823529411765
624,12,2,2,0,0,16,0.75
625,13,2,3,1,0,19,0.6842105263157895
626,13,3,3,0,0,19,0.6842105263157895
627,12,3,2,0,0,17,0.7058823529411765
628,13,3,3,0,0,19,0.6842105263157895
629,11,3,4,0,0,18,0.6111111111111112
630,13,2,4,1,0,20,0.65
631,12,3,3,0,0,18,0.6666666666666666
632,12,3,3,0,0,18,0.6666666666666666
633,14,3,2,0,0,19,0.7368421052631579
634,12,2,3,0,0,17,0.7058823529411765
635,12,2,4,0,0,18,0.6666666666666666
636,13,2,4,0,0,19,0.6842105263157895
637,12,3,4,0,0,19,0.631578947368421
638,12,3,4,1,0,20,0.6
639,11,2,3,0,0,16,0.6875
640,13,2,3,1,0,19,0.6842105263157895
641,11,2,3,0,0,16,0.6875
642,11,2,3,0,0,16,0.6875
643,13,3,3,1,0,20,0.65
644,11,3,3,0,0,17,0.6470588235294118
645,12,2,3,1,0,18,0.6666666666666666
646,13,3,3,0,0,19,0.6842105263157895
647,11,2,3,0,0,16,0.6875
648,14,3,4,1,0,22,0.6363636363636364
649,11,2,3,0,0,16,0.6875
650,13,2,4,1,0,20,0.65
651,12,2,4,1,0,19,0.631578947368421
652,13,2,4,1,0,20,0.65
653,10,2,4,1,0,17,0.5882352941176471
654,11,3,3,1,0,18,0.6111111111111112
655,13,2,4,1,0,20,0.65
656,11,3,4,1,0,19,0.5789473684210527
657,12,4,4,1,0,21,0.5714285714285714
658,11,2,4,1,0,18,0.6111111111111112
659,11,2,4,1,0,18,0.6111111111111112
660,12,2,4,1,0,19,0.631578947368421
661,12,3,4,1,0,20,0.6
662,11,3,4,1,0,19,0.5789473684210527
663,10,2,4,1,0,17,0.5882352941176471
664,10,2,4,1,0,17,0.5882352941176471
665,13,2,4,1,0,20,0.65
666,12,3,4,1,0,20,0.6
667,10,4,4,1,0,19,0.5263157894736842
668,12,4,4,1,0,21,0.5714285714285714
669,12,2,4,1,0,19,0.631578947368421
670,12,3,4,1,0,20,0.6
671,11,3,4,1,0,19,0.5789473684210527
672,13,4,4,1,0,22,0.5909090909090909
673,10,3,4,1,0,18,0.5555555555555556
674,13,2,4,1,0,20,0.65
675,12,2,4,1,0,19,0.631578947368421
676,11,3,4,1,0,19,0.5789473684210527
677,10,3,3,1,0,17,0.5882352941176471
678,10,3,4,1,0,18,0.5555555555555556
679,12,4,3,1,0,20,0.6
680,12,3,4,1,0,20,0.6
681,12,2,4,1,0,19,0.631578947368421
682,11,2,4,1,0,18,0.6111111111111112
683,13,4,4,1,0,22,0.5909090909090909
684,13,2,4,0,0,19,0.6842105263157895
685,12,3,4,0,0,19,0.631578947368421
686,14,3,2,0,0,19,0.7368421052631579
687,13,2,2,0,0,17,0.7647058823529411
688,11,3,3,0,0,17,0.6470588235294118
689,12,2,2,0,0,16,0.75
690,12,4,4,1,0,21,0.5714285714285714
691,13,3,4,1,0,21,0.6190476190476191
692,13,2,4,1,0,20,0.65
693,12,3,4,1,0,20,0.6
694,14,2,4,1,0,21,0.6666666666666666
695,11,2,4,1,0,18,0.6111111111111112
696,14,2,4,1,0,21,0.6666666666666666
697,13,2,4,1,0,20,0.65
698,14,3,4,1,0,22,0.6363636363636364
699,13,2,4,1,0,20,0.65
700,13,3,4,1,0,21,0.6190476190476191
701,12,2,4,1,0,19,0.631578947368421
702,12,3,4,1,0,20,0.6
703,13,3,4,0,0,20,0.65
704,13,2,4,1,0,20,0.65
705,14,3,4,0,0,21,0.6666666666666666
706,13,3,4,1,0,21,0.6190476190476191
707,12,3,4,1,0,20,0.6
708,14,3,4,1,0,22,0.6363636363636364
709,10,2,3,1,0,16,0.625
710,14,3,4,1,0,22,0.6363636363636364
711,13,2,4,1,0,20,0.65
712,12,2,4,1,0,19,0.631578947368421
713,13,3,4,1,0,21,0.6190476190476191
714,13,2,4,1,0,20,0.65
715,13,2,4,1,0,20,0.65
716,14,2,4,1,0,21,0.6666666666666666
717,12,3,4,1,0,20,0.6
718,14,2,4,1,0,21,0.6666666666666666
719,11,4,4,1,0,20,0.55
720,10,3,4,1,0,18,0.5555555555555556
721,12,3,4,1,0,20,0.6
722,14,3,3,1,0,21,0.6666666666666666
723,12,2,4,1,0,19,0.631578947368421
724,14,4,3,1,0,22,0.6363636363636364
725,12,3,5,0,0,20,0.6
726,12,3,4,0,0,19,0.631578947368421
727,12,3,4,0,0,19,0.631578947368421
728,11,2,5,0,0,18,0.6111111111111112
729,12,4,4,0,0,20,0.6
730,14,2,5,1,0,22,0.6363636363636364
731,9,3,4,0,0,16,0.5625
732,13,2,5,0,0,20,0.65
733,12,2,4,0,0,18,0.6666666666666666
734,11,4,5,1,0,21,0.5238095238095238
735,13,3,2,0,0,18,0.7222222222222222
736,13,4,2,0,0,19,0.6842105263157895
737,12,2,2,0,0,16,0.75
738,12,2,2,1,0,17,0.7058823529411765
739,11,2,2,0,0,15,0.7333333333333333
740,14,2,3,1,0,20,0.7
741,13,2,3,0,0,18,0.7222222222222222
742,12,2,3,0,0,17,0.7058823529411765
743,13,2,4,0,0,19,0.6842105263157895
744,14,2,3,0,0,19,0.7368421052631579
745,13,2,4,0,0,19,0.6842105263157895
746,12,2,3,0,0,17,0.7058823529411765
747,14,2,4,0,0,20,0.7
748,10,4,3,1,0,18,0.5555555555555556
749,12,2,3,0,0,17,0.7058823529411765
750,14,2,4,0,0,20,0.7
751,13,4,4,1,0,22,0.5909090909090909
752,11,2,3,0,0,16,0.6875
753,13,3,4,0,0,20,0.65
754,12,2,3,0,0,17,0.7058823529411765
755,14,2,4,1,0,21,0.6666666666666666
756,12,3,3,0,0,18,0.6666666666666666
757,13,2,3,0,0,18,0.7222222222222222
758,14,2,3,1,0,20,0.7
759,13,3,4,1,0,21,0.6190476190476191
760,14,2,4,1,0,21,0.6666666666666666
761,10,2,3,1,0,16,0.625
762,12,2,3,0,0,17,0.7058823529411765
763,14,2,4,1,0,21,0.6666666666666666
764,10,3,4,1,0,18,0.5555555555555556
765,14,2,3,1,0,20,0.7
766,13,2,3,0,0,18,0.7222222222222222
767,11,2,3,1,0,17,0.6470588235294118
768,14,2,4,0,0,20,0.7
769,10,4,4,1,0,19,0.5263157894736842
770,14,2,4,0,0,20,0.7
771,12,3,3,0,0,18,0.6666666666666666
772,13,2,2,1,0,18,0.7222222222222222
773,11,2,3,0,0,16,0.6875
774,11,3,3,1,0,18,0.6111111111111112
775,11,2,4,0,0,17,0.6470588235294118
776,11,3,4,1,0,19,0.5789473684210527
777,13,2,4,1,0,20,0.65
778,11,2,3,0,0,16,0.6875
779,13,3,3,0,0,19,0.6842105263157895
780,12,2,3,0,0,17,0.7058823529411765
781,13,2,3,0,0,18,0.7222222222222222
782,13,2,4,1,0,20,0.65
783,10,2,3,0,0,15,0.6666666666666666
784,14,3,4,0,0,21,0.6666666666666666
785,14,2,4,0,0,20,0.7
786,10,2,3,0,0,15,0.6666666666666666
787,11,2,4,0,0,17,0.6470588235294118
788,13,2,3,0,0,18,0.7222222222222222
789,13,3,3,0,0,19,0.6842105263157895
790,13,2,3,0,0,18,0.7222222222222222
791,11,3,3,0,0,17,0.6470588235294118
792,11,3,4,1,0,19,0.5789473684210527
793,12,2,4,1,0,19,0.631578947368421
794,12,3,4,1,0,20,0.6
795,14,3,3,0,0,20,0.7
796,12,2,4,0,0,18,0.6666666666666666
797,11,2,4,1,0,18,0.6111111111111112
798,13,2,4,1,0,20,0.65
799,13,2,3,1,0,19,0.6842105263157895
800,11,3,4,1,0,19,0.5789473684210527
801,13,2,2,0,0,17,0.7647058823529411
802,12,3,3,0,0,18,0.6666666666666666
803,13,2,2,0,0,17,0.7647058823529411
804,11,2,4,1,0,18,0.6111111111111112
805,10,2,3,1,0,16,0.625
806,12,2,4,0,0,18,0.6666666666666666
807,11,3,4,1,0,19,0.5789473684210527
808,11,2,4,0,0,17,0.6470588235294118
809,13,3,4,1,0,21,0.6190476190476191
810,10,3,4,1,0,18,0.5555555555555556
811,12,2,4,1,0,19,0.631578947368421
812,11,2,4,1,0,18,0.6111111111111112
813,13,2,4,1,0,20,0.65
814,12,3,4,0,0,19,0.631578947368421
815,12,2,4,1,0,19,0.631578947368421
816,13,2,3,0,0,18,0.7222222222222222
817,11,2,4,1,0,18,0.6111111111111112
818,13,2,3,0,0,18,0.7222222222222222
819,10,3,4,1,0,18,0.5555555555555556
820,10,3,4,1,0,18,0.5555555555555556
821,11,3,4,0,0,18,0.6111111111111112
822,14,3,4,0,0,21,0.6666666666666666
823,12,2,4,1,0,19,0.631578947368421
824,12,2,4,1,0,19,0.631578947368421
825,13,2,4,0,0,19,0.6842105263157895
826,12,2,4,1,0,19,0.631578947368421
827,14,2,4,1,0,21,0.6666666666666666
828,12,2,4,1,0,19,0.631578947368421
829,11,2,3,0,0,16,0.6875
830,11,2,4,1,0,18,0.6111111111111112
831,12,2,3,0,0,17,0.7058823529411765
832,13,2,4,1,0,20,0.65
833,13,2,3,0,0,18,0.7222222222222222
834,11,2,4,1,0,18,0.6111111111111112
835,11,2,4,1,0,18,0.6111111111111112
836,10,2,3,0,0,15,0.6666666666666666
837,13,2,4,0,0,19,0.6842105263157895
838,14,2,4,1,0,21,0.6666666666666666
839,11,3,4,0,0,18,0.6111111111111112
840,13,2,3,0,0,18,0.7222222222222222
841,11,3,4,1,0,19,0.5789473684210527
842,9,3,4,1,0,17,0.5294117647058824
843,11,2,3,0,0,16,0.6875
844,13,2,4,1,0,20,0.65
845,12,2,4,0,0,18,0.6666666666666666
846,11,2,2,0,0,15,0.7333333333333333
847,13,2,4,0,0,19,0.6842105263157895
848,13,2,3,0,0,18,0.7222222222222222
849,12,2,2,0,0,16,0.75
850,13,2,3,1,0,19,0.6842105263157895
851,14,2,2,0,0,18,0.7777777777777778
852,13,2,3,0,0,18,0.7222222222222222
853,13,3,3,0,0,19,0.6842105263157895
854,14,2,2,0,0,18,0.7777777777777778
855,12,2,4,1,0,19,0.631578947368421
856,14,2,4,1,0,21,0.6666666666666666
857,10,2,3,0,0,15,0.6666666666666666
858,13,4,3,1,0,21,0.6190476190476191
859,13,2,3,0,0,18,0.7222222222222222
860,14,2,2,0,0,18,0.7777777777777778
861,14,2,3,1,0,20,0.7
862,10,3,2,0,0,15,0.6666666666666666
863,11,2,3,0,0,16,0.6875
864,13,2,3,0,0,18,0.7222222222222222
865,12,2,4,1,0,19,0.631578947368421
866,9,3,4,1,0,17,0.5294117647058824
867,11,2,3,1,0,17,0.6470588235294118
868,11,2,4,0,0,17,0.6470588235294118
869,13,2,4,1,0,20,0.65
870,13,2,4,1,0,20,0.65
871,13,2,3,0,0,18,0.7222222222222222
872,11,3,1,0,0,15,0.7333333333333333
873,12,2,3,0,0,17,0.7058823529411765
874,11,2,4,0,0,17,0.6470588235294118
875,13,3,4,1,0,21,0.6190476190476191
876,13,2,4,0,0,19,0.6842105263157895
877,13,2,4,1,0,20,0.65
878,11,2,4,0,0,17,0.6470588235294118
879,12,2,4,1,0,19,0.631578947368421
880,12,2,4,0,0,18,0.6666666666666666
881,11,4,3,1,0,19,0.5789473684210527
882,14,2,3,0,0,19,0.7368421052631579
883,12,2,4,0,0,18,0.6666666666666666
884,11,2,4,0,0,17,0.6470588235294118
885,13,2,3,0,0,18,0.7222222222222222
886,14,2,5,0,0,21,0.6666666666666666
887,12,2,4,1,0,19,0.631578947368421
888,14,4,4,0,0,22,0.6363636363636364
889,13,3,4,0,0,20,0.65
890,13,2,4,0,0,19,0.6842105263157895
891,13,3,4,0,0,20,0.65
892,12,2,4,0,0,18,0.6666666666666666
893,13,2,4,0,0,19,0.6842105263157895
894,13,2,4,1,0,20,0.65
895,11,2,3,1,0,17,0.6470588235294118
896,11,3,3,0,0,17,0.6470588235294118
897,11,2,4,1,0,18,0.6111111111111112
898,12,2,3,0,0,17,0.7058823529411765
899,13,2,3,0,0,18,0.7222222222222222
900,10,2,5,1,0,18,0.5555555555555556
901,12,3,4,0,0,19,0.631578947368421
902,13,2,3,1,0,19,0.6842105263157895
903,12,3,4,1,0,20,0.6
904,13,2,4,1,0,20,0.65
905,13,2,3,0,0,18,0.7222222222222222
906,14,2,4,1,0,21,0.6666666666666666
907,13,2,4,1,0,20,0.65
908,13,2,3,1,0,19,0.6842105263157895
909,13,3,4,1,0,21,0.6190476190476191
910,13,3,3,1,0,20,0.65
911,14,2,4,1,0,21,0.6666666666666666
912,12,3,4,1,0,20,0.6
913,13,2,4,1,0,20,0.65
914,12,2,4,1,0,19,0.631578947368421
915,12,2,4,0,0,18,0.6666666666666666
916,11,2,4,0,0,17,0.6470588235294118
917,12,3,3,0,0,18,0.6666666666666666
918,13,2,4,0,0,19,0.6842105263157895
919,13,3,4,1,0,21,0.6190476190476191
920,12,2,4,1,0,19,0.631578947368421
921,13,3,4,0,0,20,0.65
922,10,2,3,0,0,15,0.6666666666666666
923,14,2,3,0,0,19,0.7368421052631579
924,14,3,3,0,0,20,0.7
925,12,2,4,1,0,19,0.631578947368421
926,11,3,4,0,0,18,0.6111111111111112
927,13,2,4,1,0,20,0.65
928,12,3,4,0,0,19,0.631578947368421
929,12,2,4,0,0,18,0.6666666666666666
930,14,3,3,0,0,20,0.7
931,13,2,3,0,0,18,0.7222222222222222
932,13,3,3,0,0,19,0.6842105263157895
933,11,3,3,0,0,17,0.6470588235294118
934,12,3,4,0,0,19,0.631578947368421
935,15,3,4,0,0,22,0.6818181818181818
936,13,3,4,0,0,20,0.65
937,14,2,4,1,0,21,0.6666666666666666
938,15,3,4,0,0,22,0.6818181818181818
939,14,2,4,0,0,20,0.7
940,14,2,4,0,0,20,0.7
941,14,2,4,0,0,20,0.7
942,15,2,4,0,0,21,0.7142857142857143
943,13,3,4,0,0,20,0.65
944,13,2,4,0,0,19,0.6842105263157895
945,14,3,4,0,0,21,0.6666666666666666
946,15,3,4,0,0,22,0.6818181818181818
947,14,3,4,0,0,21,0.6666666666666666
948,13,3,4,0,0,20,0.65
949,15,4,4,0,0,23,0.6521739130434783
950,12,3,4,0,0,19,0.631578947368421
951,13,2,4,0,0,19,0.6842105263157895
952,12,2,4,0,0,18,0.6666666666666666
953,14,2,4,0,0,20,0.7
954,13,2,4,0,0,19,0.6842105263157895
955,13,4,4,0,0,21,0.6190476190476191
956,12,2,4,0,0,18,0.6666666666666666
957,14,2,4,0,0,20,0.7
958,13,3,4,0,0,20,0.65
959,14,2,4,0,0,20,0.7
960,13,3,4,0,0,20,0.65
961,13,3,4,0,0,20,0.65
962,14,3,4,0,0,21,0.6666666666666666
963,14,3,4,0,0,21,0.6666666666666666
964,13,3,4,0,0,20,0.65
965,14,2,4,0,0,20,0.7
966,13,2,4,0,0,19,0.6842105263157895
967,13,4,4,0,0,21,0.6190476190476191
968,14,2,4,0,0,20,0.7
969,14,2,4,0,0,20,0.7
970,14,2,4,0,0,20,0.7
971,12,2,4,0,0,18,0.6666666666666666
972,13,2,4,0,0,19,0.6842105263157895
973,13,2,4,0,0,19,0.6842105263157895
974,14,3,4,0,0,21,0.6666666666666666
975,14,2,4,0,0,20,0.7
976,14,2,4,0,0,20,0.7
977,13,2,4,0,0,19,0.6842105263157895
978,13,2,4,0,0,19,0.6842105263157895
979,13,2,4,0,0,19,0.6842105263157895
980,13,3,4,0,0,20,0.65
981,15,2,4,0,0,21,0.7142857142857143
982,13,2,4,0,0,19,0.6842105263157895
983,12,3,3,0,0,18,0.6666666666666666
984,14,2,4,1,0,21,0.6666666666666666
985,14,2,4,0,0,20,0.7
986,11,2,4,0,0,17,0.6470588235294118
987,15,2,4,0,0,21,0.7142857142857143
988,14,2,4,0,0,20,0.7
989,12,3,4,0,0,19,0.631578947368421
990,14,3,4,0,0,21,0.6666666666666666
991,15,4,4,0,0,23,0.6521739130434783
992,13,2,3,1,0,19,0.6842105263157895
993,12,2,4,1,0,19,0.631578947368421
994,13,2,4,1,0,20,0.65
995,12,2,3,0,0,17,0.7058823529411765
996,11,2,3,0,0,16,0.6875
997,12,3,3,0,0,18,0.6666666666666666
998,14,3,3,0,0,20,0.7
999,14,2,3,0,0,19,0.7368421052631579
1000,13,3,3,0,0,19,0.6842105263157895
1001,11,2,3,0,0,16,0.6875
1002,12,3,2,0,0,17,0.7058823529411765
1003,12,2,4,0,0,18,0.6666666666666666
1004,13,2,4,0,0,19,0.6842105263157895
1005,12,2,4,1,0,19,0.631578947368421
1006,13,3,4,1,0,21,0.6190476190476191
1007,13,2,4,1,0,20,0.65
1008,12,3,4,1,0,20,0.6
1009,12,3,3,0,0,18,0.6666666666666666
1010,10,3,3,0,0,16,0.625
1011,13,2,4,0,0,19,0.6842105263157895
1012,12,4,4,0,0,20,0.6
1013,14,2,3,1,0,20,0.7
1014,13,2,2,0,0,17,0.7647058823529411
1015,12,3,4,0,0,19,0.631578947368421
1016,14,2,4,0,0,20,0.7
1017,14,3,4,1,0,22,0.6363636363636364
1018,14,3,4,1,0,22,0.6363636363636364
1019,12,3,4,1,0,20,0.6
1020,13,2,4,1,0,20,0.65
1021,13,2,4,0,0,19,0.6842105263157895
1022,13,3,3,0,0,19,0.6842105263157895
1023,14,2,4,1,0,21,0.6666666666666666
1024,15,2,4,0,0,21,0.7142857142857143
1025,11,3,4,1,0,19,0.5789473684210527
1026,13,4,4,1,0,22,0.5909090909090909
1027,13,2,4,0,0,19,0.6842105263157895
1028,13,2,3,0,0,18,0.7222222222222222
1029,13,3,3,0,0,19,0.6842105263157895
1030,11,4,4,1,0,20,0.55
1031,12,2,4,0,0,18,0.6666666666666666
1032,13,3,4,1,0,21,0.6190476190476191
1033,14,2,4,0,0,20,0.7
1034,13,2,4,1,0,20,0.65
1035,14,3,4,1,0,22,0.6363636363636364
1036,15,3,4,1,0,23,0.6521739130434783
1037,15,2,4,0,0,21,0.7142857142857143
1038,12,2,3,0,0,17,0.7058823529411765
1039,14,3,4,1,0,22,0.6363636363636364
1040,14,2,3,0,0,19,0.7368421052631579
1041,14,3,4,0,0,21,0.6666666666666666
1042,14,2,4,0,0,20,0.7
1043,12,3,4,1,0,20,0.6
1044,13,2,4,1,0,20,0.65
1045,13,3,4,0,0,20,0.65
1046,14,2,4,1,0,21,0.6666666666666666
1047,14,3,4,1,0,22,0.6363636363636364
1048,14,2,4,1,0,21,0.6666666666666666
1049,13,2,4,0,0,19,0.6842105263157895
1050,14,4,4,1,0,23,0.6086956521739131
1051,12,2,4,1,0,19,0.631578947368421
1052,13,2,4,1,0,20,0.65
1053,13,2,4,0,0,19,0.6842105263157895
1054,13,2,4,1,0,20,0.65
1055,14,3,4,1,0,22,0.6363636363636364
1056,14,4,4,1,0,23,0.6086956521739131
1057,13,3,4,1,0,21,0.6190476190476191
1058,15,3,4,1,0,23,0.6521739130434783
1059,14,2,4,1,0,21,0.6666666666666666
1060,14,2,4,1,0,21,0.6666666666666666
1061,14,2,3,0,0,19,0.7368421052631579
1062,14,2,4,1,0,21,0.6666666666666666
1063,13,4,4,1,0,22,0.5909090909090909
1064,14,2,4,1,0,21,0.6666666666666666
1065,14,2,4,1,0,21,0.6666666666666666
1066,14,3,4,1,0,22,0.6363636363636364
1067,14,3,4,0,0,21,0.6666666666666666
1068,13,3,4,0,0,20,0.65
1069,15,2,4,1,0,22,0.6818181818181818
1070,13,3,4,1,0,21,0.6190476190476191
1071,13,2,4,1,0,20,0.65
1072,13,2,4,1,0,20,0.65
1073,15,2,4,1,0,22,0.6818181818181818
1074,14,2,4,1,0,21,0.6666666666666666
1075,14,3,4,0,0,21,0.6666666666666666
1076,14,3,4,1,0,22,0.6363636363636364
1077,14,2,3,0,0,19,0.7368421052631579
1078,15,2,4,1,0,22,0.6818181818181818
1079,13,2,4,1,0,20,0.65
1080,15,3,4,0,0,22,0.6818181818181818
1081,12,2,4,1,0,19,0.631578947368421
1082,14,2,4,1,0,21,0.6666666666666666
1083,13,3,4,0,0,20,0.65
1084,11,2,4,1,0,18,0.6111111111111112
1085,14,2,4,1,0,21,0.6666666666666666
1086,12,2,4,0,0,18,0.6666666666666666
1087,12,2,4,1,0,19,0.631578947368421
1088,13,2,4,1,0,20,0.65
1089,13,3,4,1,0,21,0.6190476190476191
1090,15,2,4,1,0,22,0.6818181818181818
1091,13,2,4,1,0,20,0.65
1092,14,3,4,1,0,22,0.6363636363636364
1093,13,2,4,1,0,20,0.65
1094,12,2,4,1,0,19,0.631578947368421
1095,14,2,4,1,0,21,0.6666666666666666
1096,15,2,4,1,0,22,0.6818181818181818
1097,13,4,4,0,0,21,0.6190476190476191
1098,14,2,4,0,0,20,0.7
1099,13,4,4,1,0,22,0.5909090909090909
1100,13,2,4,1,0,20,0.65
1101,13,2,4,1,0,20,0.65
1102,13,3,4,1,0,21,0.6190476190476191
1103,12,2,4,1,0,19,0.631578947368421
1104,13,4,4,1,0,22,0.5909090909090909
1105,14,2,3,0,0,19,0.7368421052631579
1106,12,3,4,1,0,20,0.6
1107,14,2,4,1,0,21,0.6666666666666666
1108,15,2,4,1,0,22,0.6818181818181818
1109,12,2,4,1,0,19,0.631578947368421
1110,13,3,4,1,0,21,0.6190476190476191
1111,14,2,2,0,0,18,0.7777777777777778
1112,13,3,3,0,0,19,0.6842105263157895
1113,12,3,3,0,0,18,0.6666666666666666
1114,11,2,4,0,0,17,0.6470588235294118
1115,13,3,4,0,0,20,0.65
1116,14,3,3,0,0,20,0.7
1117,13,2,4,0,0,19,0.6842105263157895
1118,14,2,4,1,0,21,0.6666666666666666
1119,13,2,4,1,0,20,0.65
1120,13,2,4,1,0,20,0.65
1121,13,3,3,0,0,19,0.6842105263157895
1122,13,3,4,0,0,20,0.65
1123,13,2,4,0,0,19,0.6842105263157895
1124,14,2,4,1,0,21,0.6666666666666666
1125,14,3,2,0,0,19,0.7368421052631579
1126,14,3,4,0,0,21,0.6666666666666666
1127,14,3,4,1,0,22,0.6363636363636364
1128,13,2,4,1,0,20,0.65
1129,13,2,4,1,0,20,0.65
1130,12,2,4,1,0,19,0.631578947368421
1131,12,3,4,1,0,20,0.6
1132,13,3,4,0,0,20,0.65
1133,13,2,4,0,0,19,0.6842105263157895
1134,13,2,4,0,0,19,0.6842105263157895
1135,14,2,4,0,0,20,0.7
1136,12,3,4,0,0,19,0.631578947368421
1137,12,3,4,0,0,19,0.631578947368421
1138,12,3,4,0,0,19,0.631578947368421
1139,14,3,4,0,0,21,0.6666666666666666
1140,12,3,4,0,0,19,0.631578947368421
1141,11,2,4,1,0,18,0.6111111111111112
1142,13,2,4,1,0,20,0.65
1143,15,2,3,0,0,20,0.75
1144,13,2,4,1,0,20,0.65
1145,14,3,4,0,0,21,0.6666666666666666
1146,14,2,4,0,0,20,0.7
1147,14,2,4,0,0,20,0.7
1148,11,3,4,0,0,18,0.6111111111111112
1149,14,3,1,0,0,18,0.7777777777777778
1150,12,2,3,0,0,17,0.7058823529411765
1151,13,4,2,0,0,19,0.6842105263157895
1152,13,2,3,0,0,18,0.7222222222222222
1153,14,2,4,1,0,21,0.6666666666666666
1154,13,4,4,0,0,21,0.6190476190476191
1155,13,3,3,0,0,19,0.6842105263157895
1156,12,2,3,0,0,17,0.7058823529411765
1157,12,2,2,0,0,16,0.75
1158,13,2,3,1,0,19,0.6842105263157895
1159,14,2,3,0,0,19,0.7368421052631579
1160,12,2,4,0,0,18,0.6666666666666666
1161,10,2,4,0,0,16,0.625
1162,14,2,4,0,0,20,0.7
1163,12,2,4,0,0,18,0.6666666666666666
1164,11,3,3,0,0,17,0.6470588235294118
1165,13,3,3,0,0,19,0.6842105263157895
1166,13,4,3,0,0,20,0.65
1167,14,3,3,0,0,20,0.7
1168,13,2,3,0,0,18,0.7222222222222222
1169,12,3,3,0,0,18,0.6666666666666666
1170,13,2,3,0,0,18,0.7222222222222222
1171,9,2,3,0,0,14,0.6428571428571429
1172,12,2,3,0,0,17,0.7058823529411765
1173,12,2,3,0,0,17,0.7058823529411765
1174,12,3,3,0,0,18,0.6666666666666666
1175,11,3,3,0,0,17,0.6470588235294118
1176,14,2,3,0,0,19,0.7368421052631579
1177,13,4,2,0,0,19,0.6842105263157895
1178,12,3,4,0,0,19,0.631578947368421
1179,11,2,3,0,0,16,0.6875
1180,12,3,3,0,0,18,0.6666666666666666
1181,12,2,4,0,0,18,0.6666666666666666
1182,12,4,4,0,0,20,0.6
1183,11,3,4,0,0,18,0.6111111111111112
1184,13,3,3,0,0,19,0.6842105263157895
1185,13,3,4,0,0,20,0.65
1186,8,3,4,0,0,15,0.5333333333333333
1187,10,3,2,0,0,15,0.6666666666666666
1188,12,2,3,0,0,17,0.7058823529411765
1189,11,2,3,0,0,16,0.6875
1190,10,2,3,0,0,15,0.6666666666666666
1191,13,3,4,0,0,20,0.65
1192,11,2,3,0,0,16,0.6875
1193,13,2,3,0,0,18,0.7222222222222222
1194,12,3,3,0,0,18,0.6666666666666666
1195,13,3,2,0,0,18,0.7222222222222222
1196,12,4,4,0,0,20,0.6
1197,12,2,4,0,0,18,0.6666666666666666
1198,13,4,3,0,0,20,0.65
1199,14,3,3,0,0,20,0.7
1200,11,4,4,0,0,19,0.5789473684210527
1201,12,3,4,0,0,19,0.631578947368421
1202,12,3,4,0,0,19,0.631578947368421
1203,12,2,2,0,0,16,0.75
1204,12,2,4,0,0,18,0.6666666666666666
1205,13,2,3,0,0,18,0.7222222222222222
1206,13,3,3,0,0,19,0.6842105263157895
1207,11,3,3,0,0,17,0.6470588235294118
1208,13,2,4,0,0,19,0.6842105263157895
1209,9,4,3,0,0,16,0.5625
1210,13,4,3,0,0,20,0.65
1211,12,2,4,0,0,18,0.6666666666666666
1212,11,3,4,0,0,18,0.6111111111111112
1213,12,2,3,0,0,17,0.7058823529411765
1214,11,3,3,0,0,17,0.6470588235294118
1215,12,3,4,0,0,19,0.631578947368421
1216,13,3,3,0,0,19,0.6842105263157895
1217,12,3,4,0,0,19,0.631578947368421
1218,12,3,3,0,0,18,0.6666666666666666
1219,12,2,3,0,0,17,0.7058823529411765
1220,13,2,4,0,0,19,0.6842105263157895
1221,13,2,3,0,0,18,0.7222222222222222
1222,13,4,4,0,0,21,0.6190476190476191
1223,12,2,4,0,0,18,0.6666666666666666
1224,15,2,3,0,0,20,0.75
1225,13,3,4,0,0,20,0.65
1226,13,4,2,0,0,19,0.6842105263157895
1227,13,3,3,0,0,19,0.6842105263157895
1228,14,3,3,0,0,20,0.7
1229,13,3,3,0,0,19,0.6842105263157895
1230,14,4,4,0,0,22,0.6363636363636364
1231,14,2,3,0,0,19,0.7368421052631579
1232,12,3,3,0,0,18,0.6666666666666666
1233,14,3,3,0,0,20,0.7
1234,13,2,4,0,0,19,0.6842105263157895
1235,13,3,3,0,0,19,0.6842105263157895
1236,11,3,4,0,0,18,0.6111111111111112
1237,11,3,2,0,0,16,0.6875
1238,15,4,3,0,0,22,0.6818181818181818
1239,14,4,3,0,0,21,0.6666666666666666
1240,15,3,4,0,0,22,0.6818181818181818
1241,13,2,3,0,0,18,0.7222222222222222
1242,12,3,4,0,0,19,0.631578947368421
1243,14,3,3,0,0,20,0.7
1244,13,2,3,0,0,18,0.7222222222222222
1245,14,2,3,0,0,19,0.7368421052631579
1246,13,2,3,0,0,18,0.7222222222222222
1247,14,2,3,0,0,19,0.7368421052631579
1248,14,2,4,1,0,21,0.6666666666666666
1249,12,2,3,0,0,17,0.7058823529411765
1250,12,3,2,0,0,17,0.7058823529411765
1251,14,4,3,0,0,21,0.6666666666666666
1252,11,2,3,0,0,16,0.6875
1253,12,3,2,0,0,17,0.7058823529411765
1254,14,2,3,0,0,19,0.7368421052631579
1255,14,2,3,0,0,19,0.7368421052631579
1256,12,4,3,0,0,19,0.631578947368421
1257,13,3,3,0,0,19,0.6842105263157895
1258,14,2,3,0,0,19,0.7368421052631579
1259,13,2,3,0,0,18,0.7222222222222222
1260,12,2,3,0,0,17,0.7058823529411765
1261,11,2,3,0,0,16,0.6875
1262,15,2,3,0,0,20,0.75
1263,10,3,3,0,0,16,0.625
1264,13,3,3,0,0,19,0.6842105263157895
1265,13,3,3,0,0,19,0.6842105263157895
1266,12,4,3,0,0,19,0.631578947368421
1267,12,2,3,0,0,17,0.7058823529411765
1268,11,3,4,0,0,18,0.6111111111111112
1269,14,3,3,0,0,20,0.7
1270,14,2,3,0,0,19,0.7368421052631579
1271,13,2,3,0,0,18,0.7222222222222222
1272,11,2,4,0,0,17,0.6470588235294118
1273,9,3,4,0,0,16,0.5625
1274,13,2,3,0,0,18,0.7222222222222222
1275,14,2,2,0,0,18,0.7777777777777778
1276,14,2,3,0,0,19,0.7368421052631579
1277,14,2,3,0,0,19,0.7368421052631579
1278,13,2,3,0,0,18,0.7222222222222222
1279,15,3,3,0,0,21,0.7142857142857143
1280,12,2,2,0,0,16,0.75
1281,12,2,4,0,0,18,0.6666666666666666
1282,14,2,1,0,0,17,0.8235294117647058
1283,15,3,3,0,0,21,0.7142857142857143
1284,13,2,4,0,0,19,0.6842105263157895
1285,14,2,3,0,0,19,0.7368421052631579
1286,13,3,3,0,0,19,0.6842105263157895
1287,12,3,3,0,0,18,0.6666666666666666
1288,11,3,3,0,0,17,0.6470588235294118
1289,13,2,3,0,0,18,0.7222222222222222
1290,14,2,3,0,0,19,0.7368421052631579
1291,14,3,3,0,0,20,0.7
1292,14,2,3,0,0,19,0.7368421052631579
1293,15,3,2,0,0,20,0.75
1294,14,3,3,0,0,20,0.7
1295,12,2,3,0,0,17,0.7058823529411765
1296,13,2,4,0,0,19,0.6842105263157895
1297,13,2,4,1,0,20,0.65
1298,11,2,3,1,0,17,0.6470588235294118
1299,14,3,4,1,0,22,0.6363636363636364
1300,13,2,4,1,0,20,0.65
1301,10,2,4,1,0,17,0.5882352941176471
1302,13,2,4,1,0,20,0.65
1303,13,2,4,0,0,19,0.6842105263157895
1304,13,2,4,1,0,20,0.65
1305,11,2,3,0,0,16,0.6875
1306,12,4,3,0,0,19,0.631578947368421
1307,13,3,3,0,0,19,0.6842105263157895
1308,14,2,3,0,0,19,0.7368421052631579
1309,14,3,3,0,0,20,0.7
1310,13,3,3,0,0,19,0.6842105263157895
1311,15,2,3,0,0,20,0.75
1312,13,3,3,0,0,19,0.6842105263157895
1313,14,2,3,0,0,19,0.7368421052631579
1314,14,2,3,0,0,19,0.7368421052631579
1315,12,2,3,0,0,17,0.7058823529411765
1316,12,2,3,0,0,17,0.7058823529411765
1317,12,2,3,0,0,17,0.7058823529411765
1318,14,2,4,0,0,20,0.7
1319,12,2,4,0,0,18,0.6666666666666666
1320,15,2,4,0,0,21,0.7142857142857143
1321,14,2,4,0,0,20,0.7
1322,15,2,4,0,0,21,0.7142857142857143
1323,14,3,4,0,0,21,0.6666666666666666
1324,11,3,4,0,0,18,0.6111111111111112
1325,15,2,4,0,0,21,0.7142857142857143
1326,12,4,4,0,0,20,0.6
1327,13,2,4,0,0,19,0.6842105263157895
1328,13,2,4,0,0,19,0.6842105263157895
1329,14,4,4,0,0,22,0.6363636363636364
1330,14,2,4,0,0,20,0.7
1331,14,3,4,0,0,21,0.6666666666666666
1332,15,3,4,0,0,22,0.6818181818181818
1333,14,2,4,0,0,20,0.7
1334,14,2,4,0,0,20,0.7
1335,14,2,4,0,0,20,0.7
1336,15,2,4,0,0,21,0.7142857142857143
1337,14,3,4,0,0,21,0.6666666666666666
1338,14,2,4,0,0,20,0.7
1339,15,2,4,0,0,21,0.7142857142857143
1340,14,2,4,0,0,20,0.7
1341,14,2,3,0,0,19,0.7368421052631579
1342,15,2,4,1,0,22,0.6818181818181818
1343,14,3,3,0,0,20,0.7
1344,13,3,4,0,0,20,0.65
1345,14,2,4,0,0,20,0.7
1346,15,3,4,0,0,22,0.6818181818181818
1347,13,2,4,0,0,19,0.6842105263157895
1348,12,2,4,0,0,18,0.6666666666666666
1349,14,2,4,0,0,20,0.7
1350,12,2,4,0,0,18,0.6666666666666666
1351,12,2,4,0,0,18,0.6666666666666666
1352,11,3,4,0,0,18,0.6111111111111112
1353,11,3,3,0,0,17,0.6470588235294118
1354,12,3,4,0,0,19,0.631578947368421
1355,12,3,3,0,0,18,0.6666666666666666
1356,14,2,4,0,0,20,0.7
1357,13,4,4,0,0,21,0.6190476190476191
1358,13,3,3,0,0,19,0.6842105263157895
1359,11,2,3,0,0,16,0.6875
1360,14,2,3,0,0,19,0.7368421052631579
1361,14,3,4,0,0,21,0.6666666666666666
1362,15,3,4,0,0,22,0.6818181818181818
1363,15,3,4,0,0,22,0.6818181818181818
1364,15,2,4,0,0,21,0.7142857142857143
1365,15,2,4,0,0,21,0.7142857142857143
1366,14,4,4,0,0,22,0.6363636363636364
1367,15,3,4,0,0,22,0.6818181818181818
1368,12,2,4,0,0,18,0.6666666666666666
1369,13,3,4,0,0,20,0.65
1370,15,3,4,0,0,22,0.6818181818181818
1371,14,2,4,0,0,20,0.7
1372,15,3,4,0,0,22,0.6818181818181818
1373,14,3,4,0,0,21,0.6666666666666666
1374,15,3,4,0,0,22,0.6818181818181818
1375,14,3,4,0,0,21,0.6666666666666666
1376,14,4,4,0,0,22,0.6363636363636364
1377,15,5,4,0,0,24,0.625
1378,13,2,4,0,0,19,0.6842105263157895
1379,14,2,4,0,0,20,0.7
1380,11,2,4,0,0,17,0.6470588235294118
1381,15,2,4,0,0,21,0.7142857142857143
1382,14,4,4,0,0,22,0.6363636363636364
1383,14,3,4,0,0,21,0.6666666666666666
1384,14,2,4,0,0,20,0.7
1385,14,2,4,0,0,20,0.7
1386,15,3,4,0,0,22,0.6818181818181818
1387,15,3,4,0,0,22,0.6818181818181818
1388,13,3,4,0,0,20,0.65
1389,14,2,4,0,0,20,0.7
1390,15,2,4,0,0,21,0.7142857142857143
1391,13,3,4,0,0,20,0.65
1392,15,2,4,0,0,21,0.7142857142857143
1393,15,4,4,0,0,23,0.6521739130434783
1394,15,3,4,0,0,22,0.6818181818181818
1395,15,3,4,0,0,22,0.6818181818181818
1396,15,3,4,0,0,22,0.6818181818181818
1397,15,2,4,0,0,21,0.7142857142857143
1398,15,2,4,0,0,21,0.7142857142857143
1399,15,2,4,0,0,21,0.7142857142857143
1400,14,4,4,0,0,22,0.6363636363636364
1401,13,2,4,0,0,19,0.6842105263157895
1402,14,2,4,0,0,20,0.7
1403,14,3,4,0,0,21,0.6666666666666666
1404,13,3,4,0,0,20,0.65
1405,12,3,4,0,0,19,0.631578947368421
1406,15,4,4,0,0,23,0.6521739130434783
1407,15,3,4,0,0,22,0.6818181818181818
1408,13,3,4,0,0,20,0.65
1409,13,3,4,0,0,20,0.65
1410,14,4,4,0,0,22,0.6363636363636364
1411,13,3,4,0,0,20,0.65
1412,15,3,4,0,0,22,0.6818181818181818
1413,14,2,4,0,0,20,0.7
1414,14,3,4,0,0,21,0.6666666666666666
1415,14,2,4,0,0,20,0.7
1416,14,3,4,0,0,21,0.6666666666666666
1417,15,2,4,0,0,21,0.7142857142857143
1418,15,3,4,0,0,22,0.6818181818181818
1419,15,3,4,0,0,22,0.6818181818181818
1420,15,2,4,0,0,21,0.7142857142857143
1421,14,3,4,0,0,21,0.6666666666666666
1422,14,2,4,0,0,20,0.7
1423,14,2,4,0,0,20,0.7
1424,14,4,4,0,0,22,0.6363636363636364
1425,15,2,4,0,0,21,0.7142857142857143
1426,14,3,4,1,0,22,0.6363636363636364
1427,13,2,4,1,0,20,0.65
1428,14,3,4,0,0,21,0.6666666666666666
1429,10,3,4,0,0,17,0.5882352941176471
1430,14,2,4,0,0,20,0.7
1431,15,3,4,1,0,23,0.6521739130434783
1432,15,3,4,0,0,22,0.6818181818181818
1433,15,2,4,0,0,21,0.7142857142857143
1434,13,4,4,0,0,21,0.6190476190476191
1435,14,2,4,1,0,21,0.6666666666666666
1436,14,2,4,0,0,20,0.7
1437,15,3,4,0,0,22,0.6818181818181818
1438,13,5,4,0,0,22,0.5909090909090909
1439,15,2,4,0,0,21,0.7142857142857143
1440,15,4,4,0,0,23,0.6521739130434783
1441,13,3,4,0,0,20,0.65
1442,15,2,4,0,0,21,0.7142857142857143
1443,13,2,4,0,0,19,0.6842105263157895
1444,15,2,4,0,0,21,0.7142857142857143
1445,15,2,4,0,0,21,0.7142857142857143
1446,15,2,4,0,0,21,0.7142857142857143
1447,15,2,4,0,0,21,0.7142857142857143
1448,15,2,4,0,0,21,0.7142857142857143
1449,13,2,4,0,0,19,0.6842105263157895
1450,15,3,4,0,0,22,0.6818181818181818
1451,12,4,4,1,0,21,0.5714285714285714
1452,14,3,4,0,0,21,0.6666666666666666
1453,14,2,4,1,0,21,0.6666666666666666
1454,14,3,4,1,0,22,0.6363636363636364
1455,13,2,4,1,0,20,0.65
1456,13,3,4,1,0,21,0.6190476190476191
1457,12,2,4,1,0,19,0.631578947368421
1458,13,3,4,0,0,20,0.65
1459,14,3,4,1,0,22,0.6363636363636364
1460,14,4,4,0,0,22,0.6363636363636364
1461,13,2,4,0,0,19,0.6842105263157895
1462,14,2,4,1,0,21,0.6666666666666666
1463,14,2,4,0,0,20,0.7
1464,13,3,4,1,0,21,0.6190476190476191
1465,14,3,4,0,0,21,0.6666666666666666
1466,14,3,4,0,0,21,0.6666666666666666
1467,13,2,4,0,0,19,0.6842105263157895
1468,14,4,4,0,0,22,0.6363636363636364
1469,13,2,4,1,0,20,0.65
1470,12,3,4,1,0,20,0.6
1471,14,3,4,1,0,22,0.6363636363636364
1472,14,2,4,0,0,20,0.7
1473,14,3,4,1,0,22,0.6363636363636364
1474,14,2,4,1,0,21,0.6666666666666666
1475,14,3,4,1,0,22,0.6363636363636364
1476,14,2,4,1,0,21,0.6666666666666666
1477,13,2,3,0,0,18,0.7222222222222222
1478,14,2,4,1,0,21,0.6666666666666666
1479,13,2,4,1,0,20,0.65
1480,14,2,4,1,0,21,0.6666666666666666
1481,13,2,4,1,0,20,0.65
1482,14,3,4,1,0,22,0.6363636363636364
1483,12,2,4,0,0,18,0.6666666666666666
1484,13,2,4,1,0,20,0.65
1485,14,2,4,0,0,20,0.7
1486,13,2,4,0,0,19,0.6842105263157895
1487,14,2,3,0,0,19,0.7368421052631579
1488,13,3,4,1,0,21,0.6190476190476191
1489,13,2,4,1,0,20,0.65
1490,14,2,4,1,0,21,0.6666666666666666
1491,12,2,4,1,0,19,0.631578947368421
1492,13,3,4,0,0,20,0.65
1493,14,2,4,0,0,20,0.7
1494,13,2,4,0,0,19,0.6842105263157895
1495,13,2,4,1,0,20,0.65
1496,12,3,4,0,0,19,0.631578947368421
1497,12,3,4,0,0,19,0.631578947368421
1498,13,4,4,0,0,21,0.6190476190476191
1499,14,3,4,0,0,21,0.6666666666666666
1500,13,3,2,0,0,18,0.7222222222222222
1501,12,2,3,0,0,17,0.7058823529411765
1502,12,3,4,0,0,19,0.631578947368421
1503,12,3,4,0,0,19,0.631578947368421
1504,13,3,5,0,0,21,0.6190476190476191
1505,10,3,4,0,0,17,0.5882352941176471
1506,13,2,3,0,0,18,0.7222222222222222
1507,9,3,4,0,0,16,0.5625
1508,12,2,2,0,0,16,0.75
1509,14,4,4,0,0,22,0.6363636363636364
1510,13,3,3,0,0,19,0.6842105263157895
1511,14,2,3,0,0,19,0.7368421052631579
1512,12,2,3,0,0,17,0.7058823529411765
1513,13,3,4,0,0,20,0.65
1514,12,2,4,0,0,18,0.6666666666666666
1515,13,4,4,0,0,21,0.6190476190476191
1516,13,2,4,0,0,19,0.6842105263157895
1517,12,3,4,0,0,19,0.631578947368421
1518,13,3,4,0,0,20,0.65
1519,13,2,4,0,0,19,0.6842105263157895
1520,12,2,3,0,0,17,0.7058823529411765
1521,12,3,3,0,0,18,0.6666666666666666
1522,13,2,3,0,0,18,0.7222222222222222
1523,12,2,4,0,0,18,0.6666666666666666
1524,12,2,4,0,0,18,0.6666666666666666
1525,12,4,3,0,0,19,0.631578947368421
1526,13,3,5,0,0,21,0.6190476190476191
1527,13,3,4,1,0,21,0.6190476190476191
1528,12,3,4,1,0,20,0.6
1529,11,2,4,0,0,17,0.6470588235294118
1530,13,2,4,0,0,19,0.6842105263157895
1531,13,3,4,1,0,21,0.6190476190476191
1532,14,2,4,0,0,20,0.7
1533,13,3,4,1,0,21,0.6190476190476191
1534,11,3,4,1,0,19,0.5789473684210527
1535,13,2,4,0,0,19,0.6842105263157895
1536,13,2,3,0,0,18,0.7222222222222222
1537,12,3,4,0,0,19,0.631578947368421
1538,13,4,3,0,0,20,0.65
1539,13,3,3,0,0,19,0.6842105263157895
1540,14,3,3,0,0,20,0.7
1541,13,3,4,0,0,20,0.65
1542,14,2,3,0,0,19,0.7368421052631579
1543,13,2,3,0,0,18,0.7222222222222222
1544,12,2,3,0,0,17,0.7058823529411765
1545,12,2,3,0,0,17,0.7058823529411765
1546,14,3,3,0,0,20,0.7
1547,14,2,4,0,0,20,0.7
1548,13,3,4,0,0,20,0.65
1549,12,3,4,0,0,19,0.631578947368421
1550,14,4,3,0,0,21,0.6666666666666666
1551,14,3,4,0,0,21,0.6666666666666666
1552,13,3,4,0,0,20,0.65
1553,14,4,4,0,0,22,0.6363636363636364
1554,14,3,4,0,0,21,0.6666666666666666
1555,14,5,4,0,0,23,0.6086956521739131
1556,14,5,4,0,0,23,0.6086956521739131
1557,13,3,4,0,0,20,0.65
1558,15,3,3,0,0,21,0.7142857142857143
1559,13,4,3,0,0,20,0.65
1560,14,2,4,0,0,20,0.7
1561,12,2,3,0,0,17,0.7058823529411765
1562,14,4,3,0,0,21,0.6666666666666666
1563,12,3,3,0,0,18,0.6666666666666666
1564,12,4,4,0,0,20,0.6
1565,14,2,4,0,0,20,0.7
1566,12,3,3,0,0,18,0.6666666666666666
1567,12,2,3,0,0,17,0.7058823529411765
1568,13,3,3,0,0,19,0.6842105263157895
1569,12,5,4,0,0,21,0.5714285714285714
1570,14,4,3,0,0,21,0.6666666666666666
1571,14,3,3,0,0,20,0.7
1572,14,5,4,0,0,23,0.6086956521739131
1573,12,5,4,0,0,21,0.5714285714285714
1574,13,3,3,0,0,19,0.6842105263157895
1575,14,3,3,0,0,20,0.7
1576,14,4,3,0,0,21,0.6666666666666666
1577,13,4,3,0,0,20,0.65
1578,13,4,3,0,0,20,0.65
1579,14,3,3,0,0,20,0.7
1580,13,2,3,0,0,18,0.7222222222222222
1581,12,3,3,0,0,18,0.6666666666666666
1582,12,3,3,0,0,18,0.6666666666666666
1583,11,3,3,0,0,17,0.6470588235294118
1584,12,3,3,0,0,18,0.6666666666666666
1585,12,3,3,0,0,18,0.6666666666666666
1586,14,3,3,0,0,20,0.7
1587,13,3,4,0,0,20,0.65
1588,14,4,3,0,0,21,0.6666666666666666
1589,14,5,3,0,0,22,0.6363636363636364
1590,13,3,4,0,0,20,0.65
1591,12,2,4,0,0,18,0.6666666666666666
1592,13,2,4,0,0,19,0.6842105263157895
1593,11,4,3,0,0,18,0.6111111111111112
1594,14,3,4,0,0,21,0.6666666666666666
1595,13,2,4,0,0,19,0.6842105263157895
1596,12,3,3,0,0,18,0.6666666666666666
1597,12,3,4,0,0,19,0.631578947368421
1598,13,3,3,0,0,19,0.6842105263157895
1599,14,2,3,0,0,19,0.7368421052631579
1600,13,2,2,0,0,17,0.7647058823529411
1601,12,2,4,0,0,18,0.6666666666666666
1602,15,2,3,0,0,20,0.75
1603,13,3,3,0,0,19,0.6842105263157895
1604,14,3,2,0,0,19,0.7368421052631579
1605,12,2,4,0,0,18,0.6666666666666666
1606,12,3,2,0,0,17,0.7058823529411765
1607,13,3,3,0,0,19,0.6842105263157895
1608,12,3,3,0,0,18,0.6666666666666666
1609,13,3,4,0,0,20,0.65
1610,14,3,3,0,0,20,0.7
1611,14,2,3,0,0,19,0.7368421052631579
1612,14,5,3,0,0,22,0.6363636363636364
1613,14,2,3,0,0,19,0.7368421052631579
1614,15,2,2,0,0,19,0.7894736842105263
1615,12,3,3,0,0,18,0.6666666666666666
1616,12,3,4,0,0,19,0.631578947368421
1617,13,3,2,0,0,18,0.7222222222222222
1618,12,2,3,0,0,17,0.7058823529411765
1619,12,3,3,0,0,18,0.6666666666666666
1620,11,3,2,0,0,16,0.6875
1621,14,4,2,0,0,20,0.7
1622,14,3,2,0,0,19,0.7368421052631579
1623,15,2,3,0,0,20,0.75
1624,14,2,4,0,0,20,0.7
1625,13,3,4,0,0,20,0.65
1626,14,3,4,0,0,21,0.6666666666666666
1627,13,4,4,0,0,21,0.6190476190476191
1628,13,3,4,0,0,20,0.65
1629,12,3,4,0,0,19,0.631578947368421
1630,13,3,4,0,0,20,0.65
1631,14,3,4,0,0,21,0.6666666666666666
1632,14,3,4,0,0,21,0.6666666666666666
1633,14,3,4,0,0,21,0.6666666666666666
1634,14,4,4,0,0,22,0.6363636363636364
1635,14,4,4,0,0,22,0.6363636363636364
1636,14,3,4,0,0,21,0.6666666666666666
1637,15,2,4,0,0,21,0.7142857142857143
1638,15,3,4,0,0,22,0.6818181818181818
1639,15,3,4,0,0,22,0.6818181818181818
1640,15,2,4,0,0,21,0.7142857142857143
1641,15,2,4,0,0,21,0.7142857142857143
1642,15,3,4,0,0,22,0.6818181818181818
1643,14,2,4,0,0,20,0.7
1644,15,4,4,0,0,23,0.6521739130434783
1645,15,2,4,0,0,21,0.7142857142857143
1646,15,2,4,0,0,21,0.7142857142857143
1647,14,2,4,0,0,20,0.7
1648,13,2,4,0,0,19,0.6842105263157895
1649,15,2,4,0,0,21,0.7142857142857143
1650,15,4,4,0,0,23,0.6521739130434783
1651,15,4,4,0,0,23,0.6521739130434783
1652,15,2,4,0,0,21,0.7142857142857143
1653,15,2,4,0,0,21,0.7142857142857143
1654,14,2,4,0,0,20,0.7
1655,14,3,4,0,0,21,0.6666666666666666
1656,13,4,4,0,0,21,0.6190476190476191
1657,15,2,4,0,0,21,0.7142857142857143
1658,15,4,4,0,0,23,0.6521739130434783
1659,13,3,4,0,0,20,0.65
1660,14,2,4,0,0,20,0.7
1661,15,2,4,0,0,21,0.7142857142857143
1662,14,3,4,0,0,21,0.6666666666666666
1663,14,2,4,0,0,20,0.7
1664,15,4,4,0,0,23,0.6521739130434783
1665,15,2,4,0,0,21,0.7142857142857143
1666,15,3,4,0,0,22,0.6818181818181818
1667,15,2,4,0,0,21,0.7142857142857143
1668,15,2,4,0,0,21,0.7142857142857143
1669,12,2,4,0,0,18,0.6666666666666666
1670,13,2,4,0,0,19,0.6842105263157895
1671,11,3,4,0,0,18,0.6111111111111112
1672,13,3,4,0,0,20,0.65
1673,14,3,4,0,0,21,0.6666666666666666
1674,15,2,4,0,0,21,0.7142857142857143
1675,12,2,4,0,0,18,0.6666666666666666
1676,15,3,4,0,0,22,0.6818181818181818
1677,14,2,4,0,0,20,0.7
1678,15,3,4,0,0,22,0.6818181818181818
1679,12,2,4,0,0,18,0.6666666666666666
1680,13,3,4,0,0,20,0.65
1681,12,3,4,0,0,19,0.631578947368421
1682,11,2,4,0,0,17,0.6470588235294118
1683,12,3,4,0,0,19,0.631578947368421
1684,12,2,4,0,0,18,0.6666666666666666
1685,13,4,4,0,0,21,0.6190476190476191
1686,12,3,4,0,0,19,0.631578947368421
1687,14,5,4,0,0,23,0.6086956521739131
1688,12,2,4,0,0,18,0.6666666666666666
1689,13,2,4,0,0,19,0.6842105263157895
1690,13,2,4,0,0,19,0.6842105263157895
1691,14,2,4,1,0,21,0.6666666666666666
1692,12,2,4,1,0,19,0.631578947368421
1693,13,3,4,1,0,21,0.6190476190476191
1694,12,4,4,0,0,20,0.6
1695,12,2,4,0,0,18,0.6666666666666666
1696,12,2,4,1,0,19,0.631578947368421
1697,13,2,4,0,0,19,0.6842105263157895
1698,13,4,4,0,0,21,0.6190476190476191
1699,12,3,4,0,0,19,0.631578947368421
1700,13,2,4,0,0,19,0.6842105263157895
1701,11,3,4,0,0,18,0.6111111111111112
1702,13,2,4,0,0,19,0.6842105263157895
1703,11,3,4,0,0,18,0.6111111111111112
1704,14,3,4,0,0,21,0.6666666666666666
1705,11,5,4,0,0,20,0.55
1706,12,3,4,0,0,19,0.631578947368421
1707,13,2,4,0,0,19,0.6842105263157895
1708,13,3,4,0,0,20,0.65
1709,13,3,4,0,0,20,0.65
1710,14,2,4,0,0,20,0.7
1711,14,2,4,0,0,20,0.7
1712,13,2,4,0,0,19,0.6842105263157895
1713,15,2,4,0,0,21,0.7142857142857143
1714,15,3,4,0,0,22,0.6818181818181818
1715,15,2,4,0,0,21,0.7142857142857143
1716,13,2,4,0,0,19,0.6842105263157895
1717,15,2,4,0,0,21,0.7142857142857143
1718,14,3,4,0,0,21,0.6666666666666666
1719,14,3,4,0,0,21,0.6666666666666666
1720,15,2,4,0,0,21,0.7142857142857143
1721,12,2,4,0,0,18,0.6666666666666666
1722,14,3,4,0,0,21,0.6666666666666666
1723,15,3,4,0,0,22,0.6818181818181818
1724,13,3,4,0,0,20,0.65
1725,15,2,4,0,0,21,0.7142857142857143
1726,15,2,4,0,0,21,0.7142857142857143
1727,15,3,4,0,0,22,0.6818181818181818
1728,13,2,4,0,0,19,0.6842105263157895
1729,13,3,4,0,0,20,0.65
1730,15,3,4,0,0,22,0.6818181818181818
1731,14,2,4,0,0,20,0.7
1732,14,3,4,0,0,21,0.6666666666666666
1733,15,2,4,0,0,21,0.7142857142857143
1734,15,3,4,0,0,22,0.6818181818181818
1735,15,4,4,0,0,23,0.6521739130434783
1736,15,3,4,0,0,22,0.6818181818181818
1737,15,4,4,0,0,23,0.6521739130434783
1738,14,2,4,0,0,20,0.7
1739,15,2,4,0,0,21,0.7142857142857143
1740,13,4,4,0,0,21,0.6190476190476191
1741,14,2,4,0,0,20,0.7
1742,15,2,4,0,0,21,0.7142857142857143
1743,15,2,4,0,0,21,0.7142857142857143
1744,13,4,4,0,0,21,0.6190476190476191
1745,13,2,4,0,0,19,0.6842105263157895
1746,15,5,4,0,0,24,0.625
1747,14,3,4,0,0,21,0.6666666666666666
1748,14,3,4,0,0,21,0.6666666666666666
1749,15,4,4,0,0,23,0.6521739130434783
1750,14,2,4,0,0,20,0.7
1751,15,3,4,0,0,22,0.6818181818181818
1752,13,2,4,0,0,19,0.6842105263157895
1753,13,2,4,0,0,19,0.6842105263157895
1754,14,2,4,0,0,20,0.7
1755,14,4,4,0,0,22,0.6363636363636364
1756,15,2,4,0,0,21,0.7142857142857143
1757,15,3,4,0,0,22,0.6818181818181818
1758,13,2,4,0,0,19,0.6842105263157895
1759,15,2,4,0,0,21,0.7142857142857143
1760,14,3,4,0,0,21,0.6666666666666666
1761,14,2,4,0,0,20,0.7
1762,14,3,4,0,0,21,0.6666666666666666
1763,13,2,4,0,0,19,0.6842105263157895
1764,14,2,4,0,0,20,0.7
1765,14,3,4,0,0,21,0.6666666666666666
1766,13,3,4,0,0,20,0.65
1767,14,3,4,0,0,21,0.6666666666666666
1768,15,3,4,0,0,22,0.6818181818181818
1769,14,3,4,0,0,21,0.6666666666666666
1770,15,3,4,0,0,22,0.6818181818181818
1771,13,4,4,0,0,21,0.6190476190476191
1772,14,3,4,0,0,21,0.6666666666666666
1773,15,2,4,0,0,21,0.7142857142857143
1774,15,2,4,0,0,21,0.7142857142857143
1775,14,4,4,0,0,22,0.6363636363636364
1776,14,4,4,0,0,22,0.6363636363636364
1777,14,3,4,0,0,21,0.6666666666666666
1778,13,2,4,0,0,19,0.6842105263157895
1779,13,2,4,0,0,19,0.6842105263157895
1780,14,3,4,0,0,21,0.6666666666666666
1781,13,3,4,0,0,20,0.65
1782,15,3,4,0,0,22,0.6818181818181818
1783,14,4,4,0,0,22,0.6363636363636364
1784,13,3,4,0,0,20,0.65
1785,13,4,4,0,0,21,0.6190476190476191
1786,13,3,4,0,0,20,0.65
1787,14,4,4,0,0,22,0.6363636363636364
1788,14,2,4,0,0,20,0.7
1789,15,3,4,0,0,22,0.6818181818181818
1790,14,3,4,0,0,21,0.6666666666666666
1791,15,4,4,0,0,23,0.6521739130434783
1792,15,4,4,0,0,23,0.6521739130434783
1793,14,3,4,0,0,21,0.6666666666666666
1794,15,3,4,0,0,22,0.6818181818181818
1795,14,2,4,0,0,20,0.7
1796,16,3,4,0,0,23,0.6956521739130435
1797,14,3,4,0,0,21,0.6666666666666666
1798,13,3,4,0,0,20,0.65
1799,15,3,4,0,0,22,0.6818181818181818
1800,14,3,4,0,0,21,0.6666666666666666
1801,12,3,4,0,0,19,0.631578947368421
1802,13,3,4,0,0,20,0.65
1803,15,3,4,0,0,22,0.6818181818181818
1804,15,3,4,0,0,22,0.6818181818181818
1805,15,3,4,0,0,22,0.6818181818181818
1806,14,4,4,0,0,22,0.6363636363636364
1807,15,3,4,0,0,22,0.6818181818181818
1808,14,5,4,0,0,23,0.6086956521739131
1809,14,3,4,0,0,21,0.6666666666666666
1810,15,4,4,0,0,23,0.6521739130434783
1811,14,3,4,0,0,21,0.6666666666666666
1812,13,4,4,0,0,21,0.6190476190476191
1813,14,3,4,0,0,21,0.6666666666666666
1814,14,3,3,0,0,20,0.7
1815,15,3,4,0,0,22,0.6818181818181818
1816,15,4,4,0,0,23,0.6521739130434783
1817,13,3,4,0,0,20,0.65
1818,14,4,4,0,0,22,0.6363636363636364
1819,13,3,4,0,0,20,0.65
1820,14,3,4,0,0,21,0.6666666666666666
1821,14,3,4,0,0,21,0.6666666666666666
1822,15,3,4,0,0,22,0.6818181818181818
1823,13,4,4,0,0,21,0.6190476190476191
1824,14,3,4,0,0,21,0.6666666666666666
1825,14,3,4,0,0,21,0.6666666666666666
1826,12,3,4,0,0,19,0.631578947368421
1827,13,3,4,0,0,20,0.65
1828,13,3,4,0,0,20,0.65
1829,13,3,4,0,0,20,0.65
1830,14,4,4,0,0,22,0.6363636363636364
1831,14,4,4,0,0,22,0.6363636363636364
1832,9,4,4,0,0,17,0.5294117647058824
1833,15,3,4,0,0,22,0.6818181818181818
1834,15,3,4,0,0,22,0.6818181818181818
1835,14,3,4,0,0,21,0.6666666666666666
1836,14,3,4,0,0,21,0.6666666666666666
1837,13,4,4,0,0,21,0.6190476190476191
1838,14,3,4,0,0,21,0.6666666666666666
1839,14,3,4,0,0,21,0.6666666666666666
1840,14,2,4,0,0,20,0.7
1841,14,2,4,0,0,20,0.7
1842,14,3,4,0,0,21,0.6666666666666666
1843,12,3,4,0,0,19,0.631578947368421
1844,14,3,4,0,0,21,0.6666666666666666
1845,13,3,4,0,0,20,0.65
1846,15,3,4,0,0,22,0.6818181818181818
1847,14,3,4,0,0,21,0.6666666666666666
1848,14,3,4,0,0,21,0.6666666666666666
1849,14,3,4,0,0,21,0.6666666666666666
1850,15,3,4,0,0,22,0.6818181818181818
1851,12,3,4,0,0,19,0.631578947368421
1852,14,3,3,0,0,20,0.7
1853,14,3,4,0,0,21,0.6666666666666666
1854,15,3,4,0,0,22,0.6818181818181818
1855,13,3,4,0,0,20,0.65
1856,13,3,4,0,0,20,0.65
1857,14,4,4,0,0,22,0.6363636363636364
1858,14,3,4,0,0,21,0.6666666666666666
1859,13,3,4,0,0,20,0.65
1860,14,3,4,0,0,21,0.6666666666666666
1861,12,4,4,0,0,20,0.6
1862,13,1,4,0,0,18,0.7222222222222222
1863,13,2,4,0,0,19,0.6842105263157895
1864,14,2,4,0,0,20,0.7
1865,14,3,4,0,0,21,0.6666666666666666
1866,13,2,4,0,0,19,0.6842105263157895
1867,15,2,4,0,0,21,0.7142857142857143
1868,13,4,4,0,0,21,0.6190476190476191
1869,13,3,4,0,0,20,0.65
1870,13,3,4,0,0,20,0.65
1871,11,3,4,0,0,18,0.6111111111111112
1872,15,3,4,0,0,22,0.6818181818181818
1873,15,3,4,0,0,22,0.6818181818181818
1874,14,4,4,0,0,22,0.6363636363636364
1875,15,3,4,0,0,22,0.6818181818181818
1876,11,3,4,0,0,18,0.6111111111111112
1877,13,4,4,0,0,21,0.6190476190476191
1878,13,3,4,0,0,20,0.65
1879,11,4,4,1,0,20,0.55
1880,13,4,4,0,0,21,0.6190476190476191
1881,15,4,4,0,0,23,0.6521739130434783
1882,13,3,4,0,0,20,0.65
1883,14,3,4,0,0,21,0.6666666666666666
1884,14,3,4,0,0,21,0.6666666666666666
1885,14,3,4,0,0,21,0.6666666666666666
1886,15,4,4,0,0,23,0.6521739130434783
1887,15,4,3,0,0,22,0.6818181818181818
1888,14,2,4,1,0,21,0.6666666666666666
1889,11,4,4,0,0,19,0.5789473684210527
1890,14,4,4,0,0,22,0.6363636363636364
1891,14,4,4,0,0,22,0.6363636363636364
1892,14,3,4,0,0,21,0.6666666666666666
1893,14,4,4,0,0,22,0.6363636363636364
1894,13,3,4,0,0,20,0.65
1895,13,3,4,0,0,20,0.65
1896,14,3,4,0,0,21,0.6666666666666666
1897,13,3,4,0,0,20,0.65
1898,13,3,4,0,0,20,0.65
1899,12,3,4,0,0,19,0.631578947368421
1900,11,3,4,0,0,18,0.6111111111111112
1901,13,3,4,0,0,20,0.65
1902,11,3,4,0,0,18,0.6111111111111112
1903,12,3,4,0,0,19,0.631578947368421
1904,13,3,4,0,0,20,0.65
1905,13,3,4,0,0,20,0.65
1906,13,3,4,0,0,20,0.65
1907,14,3,4,0,0,21,0.6666666666666666
1908,14,3,4,0,0,21,0.6666666666666666
1909,14,3,4,0,0,21,0.6666666666666666
1910,13,3,4,0,0,20,0.65
1911,14,3,4,0,0,21,0.6666666666666666
1912,14,3,4,0,0,21,0.6666666666666666
1913,12,3,4,0,0,19,0.631578947368421
1914,12,4,4,0,0,20,0.6
1915,13,3,4,0,0,20,0.65
1916,13,4,4,0,0,21,0.6190476190476191
1917,13,4,4,0,0,21,0.6190476190476191
1918,14,3,4,0,0,21,0.6666666666666666
1919,14,3,4,0,0,21,0.6666666666666666
1920,15,4,4,0,0,23,0.6521739130434783
1921,13,3,4,0,0,20,0.65
1922,13,3,4,0,0,20,0.65
1923,14,3,4,0,0,21,0.6666666666666666
1924,14,4,4,0,0,22,0.6363636363636364
1925,13,3,4,0,0,20,0.65
1926,14,3,4,0,0,21,0.6666666666666666
1927,12,4,4,0,0,20,0.6
1928,12,3,3,0,0,18,0.6666666666666666
1929,14,4,3,0,0,21,0.6666666666666666
1930,15,3,4,0,0,22,0.6818181818181818
1931,13,3,4,0,0,20,0.65
1932,12,4,4,0,0,20,0.6
1933,14,3,4,0,0,21,0.6666666666666666
1934,12,4,4,0,0,20,0.6
1935,11,3,4,0,0,18,0.6111111111111112
1936,12,3,4,0,0,19,0.631578947368421
1937,12,3,4,0,0,19,0.631578947368421
1938,12,3,4,0,0,19,0.631578947368421
1939,12,3,4,0,0,19,0.631578947368421
1940,13,4,4,0,0,21,0.6190476190476191
1941,13,4,4,0,0,21,0.6190476190476191
1942,11,3,4,0,0,18,0.6111111111111112
1943,12,4,3,0,0,19,0.631578947368421
1944,12,3,4,0,0,19,0.631578947368421
1945,13,3,3,0,0,19,0.6842105263157895
1946,14,3,1,0,0,18,0.7777777777777778
1947,13,3,2,0,0,18,0.7222222222222222
1948,14,3,3,0,0,20,0.7
1949,11,4,2,0,0,17,0.6470588235294118
1950,12,3,4,0,0,19,0.631578947368421
1951,12,3,4,0,0,19,0.631578947368421
1952,14,4,4,0,0,22,0.6363636363636364
1953,11,3,4,0,0,18,0.6111111111111112
1954,12,3,4,0,0,19,0.631578947368421
1955,12,4,4,0,0,20,0.6
1956,11,3,4,0,0,18,0.6111111111111112
1957,13,3,2,0,0,18,0.7222222222222222
1958,11,3,4,0,0,18,0.6111111111111112
1959,13,3,4,0,0,20,0.65
1960,14,3,4,0,0,21,0.6666666666666666
1961,13,3,4,0,0,20,0.65
1962,13,3,4,0,0,20,0.65
1963,14,3,4,0,0,21,0.6666666666666666
1964,14,3,4,0,0,21,0.6666666666666666
1965,14,3,4,0,0,21,0.6666666666666666
1966,13,3,4,0,0,20,0.65
1967,14,3,3,0,0,20,0.7
1968,14,3,3,0,0,20,0.7
1969,15,3,4,0,0,22,0.6818181818181818
1970,15,4,4,0,0,23,0.6521739130434783
1971,13,3,4,0,0,20,0.65
1972,14,3,4,0,0,21,0.6666666666666666
1973,14,3,4,0,0,21,0.6666666666666666
1974,12,3,4,0,0,19,0.631578947368421
1975,14,4,4,0,0,22,0.6363636363636364
1976,15,3,4,0,0,22,0.6818181818181818
1977,14,3,4,0,0,21,0.6666666666666666
1978,14,3,4,0,0,21,0.6666666666666666
1979,13,3,4,0,0,20,0.65
1980,14,3,4,0,0,21,0.6666666666666666
1981,15,3,4,0,0,22,0.6818181818181818
1982,15,3,4,0,0,22,0.6818181818181818
1983,14,2,4,0,0,20,0.7
1984,12,4,4,0,0,20,0.6
1985,14,4,4,0,0,22,0.6363636363636364
1986,13,3,4,0,0,20,0.65
1987,11,4,4,0,0,19,0.5789473684210527
1988,15,3,4,0,0,22,0.6818181818181818
1989,12,3,4,0,0,19,0.631578947368421
1990,13,4,4,0,0,21,0.6190476190476191
1991,11,3,4,0,0,18,0.6111111111111112
1992,13,3,4,0,0,20,0.65
1993,15,2,4,0,0,21,0.7142857142857143
1994,14,3,4,0,0,21,0.6666666666666666
1995,12,3,4,0,0,19,0.631578947368421
1996,14,3,4,0,0,21,0.6666666666666666
1997,13,3,4,0,0,20,0.65
1998,13,3,4,0,0,20,0.65
1999,13,3,4,0,0,20,0.65
2000,14,3,4,0,0,21,0.6666666666666666
2001,14,3,4,0,0,21,0.6666666666666666
2002,12,4,4,0,0,20,0.6
2003,14,4,4,0,0,22,0.6363636363636364
2004,14,3,4,0,0,21,0.6666666666666666
2005,14,3,4,0,0,21,0.6666666666666666
2006,12,3,4,0,0,19,0.631578947368421
2007,14,3,4,0,0,21,0.6666666666666666
2008,14,3,4,0,0,21,0.6666666666666666
2009,13,3,4,0,0,20,0.65
2010,12,3,4,0,0,19,0.631578947368421
2011,15,3,4,0,0,22,0.6818181818181818
2012,14,3,4,0,0,21,0.6666666666666666
2013,14,4,4,0,0,22,0.6363636363636364
2014,12,3,4,0,0,19,0.631578947368421
2015,12,3,4,0,0,19,0.631578947368421
2016,15,3,4,0,0,22,0.6818181818181818
2017,15,2,4,0,0,21,0.7142857142857143
2018,14,3,4,0,0,21,0.6666666666666666
2019,14,3,4,0,0,21,0.6666666666666666
2020,14,4,4,0,0,22,0.6363636363636364
2021,12,4,4,0,0,20,0.6
2022,13,3,4,0,0,20,0.65
2023,15,2,4,0,0,21,0.7142857142857143
2024,12,3,4,0,0,19,0.631578947368421
2025,12,3,4,0,0,19,0.631578947368421
2026,15,3,4,0,0,22,0.6818181818181818
2027,14,3,4,0,0,21,0.6666666666666666
2028,14,3,4,0,0,21,0.6666666666666666
2029,13,3,4,0,0,20,0.65
2030,15,3,4,0,0,22,0.6818181818181818
2031,15,3,4,0,0,22,0.6818181818181818
2032,14,3,4,0,0,21,0.6666666666666666
2033,15,3,4,0,0,22,0.6818181818181818
2034,15,3,4,0,0,22,0.6818181818181818
2035,13,3,4,0,0,20,0.65
2036,14,3,4,0,0,21,0.6666666666666666
2037,13,3,4,0,0,20,0.65
2038,14,2,4,0,0,20,0.7
2039,15,3,4,0,0,22,0.6818181818181818
2040,15,3,4,0,0,22,0.6818181818181818
2041,15,4,4,0,0,23,0.6521739130434783
2042,15,4,4,0,0,23,0.6521739130434783
2043,14,4,4,0,0,22,0.6363636363636364
2044,15,4,4,0,0,23,0.6521739130434783
2045,12,3,4,0,0,19,0.631578947368421
2046,13,3,4,0,0,20,0.65
2047,15,4,4,0,0,23,0.6521739130434783
2048,11,3,4,0,0,18,0.6111111111111112
2049,12,3,4,0,0,19,0.631578947368421
2050,13,3,4,0,0,20,0.65
2051,12,4,4,0,0,20,0.6
2052,14,3,4,0,0,21,0.6666666666666666
2053,10,3,4,0,0,17,0.5882352941176471
2054,14,3,4,0,0,21,0.6666666666666666
2055,12,3,4,0,0,19,0.631578947368421
2056,13,3,4,0,0,20,0.65
2057,12,4,4,0,0,20,0.6
2058,13,5,4,0,0,22,0.5909090909090909
2059,13,3,4,0,0,20,0.65
2060,14,4,4,0,0,22,0.6363636363636364
2061,15,3,4,0,0,22,0.6818181818181818
2062,14,3,4,0,0,21,0.6666666666666666
2063,14,3,4,0,0,21,0.6666666666666666
2064,13,4,4,0,0,21,0.6190476190476191
2065,15,3,4,0,0,22,0.6818181818181818
2066,13,4,4,0,0,21,0.6190476190476191
2067,13,3,4,0,0,20,0.65
2068,13,3,4,0,0,20,0.65
2069,14,4,4,0,0,22,0.6363636363636364
2070,14,3,4,0,0,21,0.6666666666666666
2071,12,4,4,0,0,20,0.6
2072,14,3,4,0,0,21,0.6666666666666666
2073,12,4,4,0,0,20,0.6
2074,15,5,4,0,0,24,0.625
2075,14,4,4,0,0,22,0.6363636363636364
2076,12,3,4,0,0,19,0.631578947368421
2077,15,3,4,0,0,22,0.6818181818181818
2078,11,3,4,0,0,18,0.6111111111111112
2079,15,4,4,0,0,23,0.6521739130434783
2080,14,4,4,0,0,22,0.6363636363636364
2081,12,3,4,0,0,19,0.631578947368421
2082,12,4,4,0,0,20,0.6
2083,14,3,4,0,0,21,0.6666666666666666
2084,14,3,4,0,0,21,0.6666666666666666
2085,15,3,4,0,0,22,0.6818181818181818
2086,15,4,4,0,0,23,0.6521739130434783
2087,15,3,3,0,0,21,0.7142857142857143
2088,14,3,4,0,0,21,0.6666666666666666
2089,13,4,4,0,0,21,0.6190476190476191
2090,15,3,4,0,0,22,0.6818181818181818
2091,15,3,4,0,0,22,0.6818181818181818
2092,14,3,4,0,0,21,0.6666666666666666
2093,13,3,4,0,0,20,0.65
2094,13,4,4,0,0,21,0.6190476190476191
2095,14,3,4,0,0,21,0.6666666666666666
2096,13,3,4,0,0,20,0.65
2097,14,3,4,0,0,21,0.6666666666666666
2098,13,2,4,0,0,19,0.6842105263157895
2099,14,3,4,0,0,21,0.6666666666666666
2100,13,3,4,0,0,20,0.65
2101,14,3,4,0,0,21,0.6666666666666666
2102,13,3,4,0,0,20,0.65
2103,15,3,4,0,0,22,0.6818181818181818
2104,14,3,4,0,0,21,0.6666666666666666
2105,15,3,4,0,0,22,0.6818181818181818
2106,14,3,4,0,0,21,0.6666666666666666
2107,13,3,4,0,0,20,0.65
2108,14,3,4,0,0,21,0.6666666666666666
2109,15,3,4,0,0,22,0.6818181818181818
2110,14,3,4,0,0,21,0.6666666666666666
2111,13,3,4,0,0,20,0.65
2112,13,4,4,0,0,21,0.6190476190476191
2113,14,3,4,0,0,21,0.6666666666666666
2114,13,3,4,0,0,20,0.65
2115,14,3,4,0,0,21,0.6666666666666666
2116,14,3,4,0,0,21,0.6666666666666666
2117,14,3,4,0,0,21,0.6666666666666666
2118,14,3,4,0,0,21,0.6666666666666666
2119,15,3,4,0,0,22,0.6818181818181818
2120,14,3,4,0,0,21,0.6666666666666666
2121,13,4,4,0,0,21,0.6190476190476191
2122,13,4,4,0,0,21,0.6190476190476191
2123,14,3,4,0,0,21,0.6666666666666666
2124,13,3,4,0,0,20,0.65
2125,13,3,4,0,0,20,0.65
2126,14,3,4,0,0,21,0.6666666666666666
2127,13,3,4,0,0,20,0.65
2128,15,3,4,0,0,22,0.6818181818181818
2129,14,3,4,0,0,21,0.6666666666666666
2130,13,2,4,0,0,19,0.6842105263157895
2131,13,3,4,0,0,20,0.65
2132,14,4,4,0,0,22,0.6363636363636364
2133,15,3,4,0,0,22,0.6818181818181818
2134,15,3,4,0,0,22,0.6818181818181818
2135,13,3,4,0,0,20,0.65
2136,13,3,4,0,0,20,0.65
2137,14,3,4,0,0,21,0.6666666666666666
2138,13,3,4,0,0,20,0.65
2139,13,3,4,0,0,20,0.65
2140,15,3,4,0,0,22,0.6818181818181818
2141,15,4,4,0,0,23,0.6521739130434783
2142,12,3,4,0,0,19,0.631578947368421
2143,15,3,4,0,0,22,0.6818181818181818
2144,15,3,4,0,0,22,0.6818181818181818
2145,15,3,4,0,0,22,0.6818181818181818
2146,15,3,4,0,0,22,0.6818181818181818
2147,12,4,4,0,0,20,0.6
2148,11,3,4,0,0,18,0.6111111111111112
2149,15,3,4,0,0,22,0.6818181818181818
2150,11,3,4,0,0,18,0.6111111111111112
2151,12,4,4,0,0,20,0.6
2152,13,3,4,0,0,20,0.65
2153,13,3,4,0,0,20,0.65
2154,13,3,4,0,0,20,0.65
2155,15,3,4,0,0,22,0.6818181818181818
2156,15,3,4,0,0,22,0.6818181818181818
2157,14,3,4,0,0,21,0.6666666666666666
2158,13,3,4,0,0,20,0.65
2159,14,3,4,0,0,21,0.6666666666666666
2160,13,4,4,0,0,21,0.6190476190476191
2161,11,3,3,0,0,17,0.6470588235294118
2162,13,4,4,0,0,21,0.6190476190476191
2163,14,3,4,0,0,21,0.6666666666666666
2164,14,3,4,0,0,21,0.6666666666666666
2165,14,3,4,0,0,21,0.6666666666666666
2166,13,4,4,0,0,21,0.6190476190476191
2167,15,3,4,0,0,22,0.6818181818181818
2168,13,3,4,0,0,20,0.65
2169,14,2,4,0,0,20,0.7
2170,14,3,4,0,0,21,0.6666666666666666
2171,14,4,4,0,0,22,0.6363636363636364
2172,15,3,4,0,0,22,0.6818181818181818
2173,15,3,4,0,0,22,0.6818181818181818
2174,12,3,4,0,0,19,0.631578947368421
2175,11,4,4,0,0,19,0.5789473684210527
2176,14,4,4,0,0,22,0.6363636363636364
2177,13,3,4,0,0,20,0.65
2178,13,3,4,0,0,20,0.65
2179,12,4,4,0,0,20,0.6
2180,12,3,4,0,0,19,0.631578947368421
2181,13,3,4,0,0,20,0.65
2182,13,3,4,0,0,20,0.65
2183,13,4,4,0,0,21,0.6190476190476191
2184,15,2,4,0,0,21,0.7142857142857143
2185,13,3,4,0,0,20,0.65
2186,15,3,4,0,0,22,0.6818181818181818
2187,11,2,4,0,0,17,0.6470588235294118
2188,14,2,4,0,0,20,0.7
2189,14,3,4,0,0,21,0.6666666666666666
2190,11,4,4,0,0,19,0.5789473684210527
2191,12,4,4,0,0,20,0.6
2192,15,3,4,0,0,22,0.6818181818181818
2193,13,3,4,0,0,20,0.65
2194,12,2,4,0,0,18,0.6666666666666666
2195,12,4,4,0,0,20,0.6
2196,14,3,4,0,0,21,0.6666666666666666
2197,14,3,4,0,0,21,0.6666666666666666
2198,13,3,4,0,0,20,0.65
2199,13,3,4,0,0,20,0.65
2200,13,3,4,0,0,20,0.65
2201,12,3,4,0,0,19,0.631578947368421
2202,13,3,4,0,0,20,0.65
2203,13,3,4,0,0,20,0.65
2204,15,3,4,0,0,22,0.6818181818181818
2205,14,2,4,0,0,20,0.7
2206,13,3,4,0,0,20,0.65
2207,14,3,4,0,0,21,0.6666666666666666
2208,13,2,4,0,0,19,0.6842105263157895
2209,11,3,4,0,0,18,0.6111111111111112
2210,15,2,4,0,0,21,0.7142857142857143
2211,14,3,4,0,0,21,0.6666666666666666
2212,13,4,4,0,0,21,0.6190476190476191
2213,14,4,4,0,0,22,0.6363636363636364
2214,14,3,4,0,0,21,0.6666666666666666
2215,14,3,4,0,0,21,0.6666666666666666
2216,15,4,4,0,0,23,0.6521739130434783
2217,12,3,4,0,0,19,0.631578947368421
2218,12,3,4,0,0,19,0.631578947368421
2219,14,3,4,0,0,21,0.6666666666666666
2220,11,3,4,0,0,18,0.6111111111111112
2221,14,3,4,0,0,21,0.6666666666666666
2222,14,3,4,0,0,21,0.6666666666666666
2223,9,3,4,0,0,16,0.5625
2224,12,3,4,0,0,19,0.631578947368421
2225,12,3,4,0,0,19,0.631578947368421
2226,13,2,4,0,0,19,0.6842105263157895
2227,13,2,4,0,0,19,0.6842105263157895
2228,13,3,4,0,0,20,0.65
2229,14,3,4,0,0,21,0.6666666666666666
2230,12,2,4,0,0,18,0.6666666666666666
2231,13,3,4,0,0,20,0.65
2232,15,3,4,0,0,22,0.6818181818181818
2233,13,3,4,0,0,20,0.65
2234,13,3,4,0,0,20,0.65
2235,15,3,4,0,0,22,0.6818181818181818
2236,13,3,4,0,0,20,0.65
2237,12,3,4,0,0,19,0.631578947368421
2238,14,3,4,0,0,21,0.6666666666666666
2239,14,3,4,1,0,22,0.6363636363636364
2240,14,3,4,0,0,21,0.6666666666666666
2241,14,3,4,0,0,21,0.6666666666666666
2242,11,3,4,0,0,18,0.6111111111111112
2243,13,3,4,0,0,20,0.65
2244,14,3,4,0,0,21,0.6666666666666666
2245,15,3,4,0,0,22,0.6818181818181818
2246,13,3,4,0,0,20,0.65
2247,13,3,4,0,0,20,0.65
2248,14,3,4,0,0,21,0.6666666666666666
2249,12,4,4,0,0,20,0.6
2250,13,4,4,0,0,21,0.6190476190476191
2251,12,3,4,0,0,19,0.631578947368421
2252,12,3,4,1,0,20,0.6
2253,13,2,4,0,0,19,0.6842105263157895
2254,14,2,4,0,0,20,0.7
2255,13,1,4,0,0,18,0.7222222222222222
2256,13,3,4,0,0,20,0.65
2257,14,2,4,0,0,20,0.7
2258,13,3,4,0,0,20,0.65
2259,13,3,4,0,0,20,0.65
2260,13,3,4,0,0,20,0.65
2261,13,3,4,0,0,20,0.65
2262,14,2,4,0,0,20,0.7
2263,12,3,4,0,0,19,0.631578947368421
2264,11,1,4,0,0,16,0.6875
2265,11,1,4,0,0,16,0.6875
2266,12,3,4,0,0,19,0.631578947368421
2267,12,3,4,0,0,19,0.631578947368421
2268,12,3,4,0,0,19,0.631578947368421
2269,13,3,4,0,0,20,0.65
2270,11,3,4,0,0,18,0.6111111111111112
2271,13,3,4,0,0,20,0.65
2272,11,2,4,1,0,18,0.6111111111111112
2273,11,3,3,0,0,17,0.6470588235294118
2274,13,2,4,0,0,19,0.6842105263157895
2275,13,2,4,0,0,19,0.6842105263157895
2276,10,3,4,0,0,17,0.5882352941176471
2277,12,3,4,0,0,19,0.631578947368421
2278,12,3,4,0,0,19,0.631578947368421
2279,12,3,4,0,0,19,0.631578947368421
2280,12,3,4,0,0,19,0.631578947368421
2281,12,3,4,0,0,19,0.631578947368421
2282,10,4,3,0,0,17,0.5882352941176471
2283,12,3,4,0,0,19,0.631578947368421
2284,12,3,4,0,0,19,0.631578947368421
2285,12,3,4,0,0,19,0.631578947368421
2286,12,3,4,0,0,19,0.631578947368421
2287,11,3,4,0,0,18,0.6111111111111112
2288,12,3,4,0,0,19,0.631578947368421
2289,11,3,4,0,0,18,0.6111111111111112
2290,12,4,4,0,0,20,0.6
2291,12,3,4,1,0,20,0.6
2292,12,4,4,0,0,20,0.6
2293,11,4,4,0,0,19,0.5789473684210527
2294,10,3,4,0,0,17,0.5882352941176471
2295,11,4,4,0,0,19,0.5789473684210527
2296,11,4,3,0,0,18,0.6111111111111112
2297,12,3,4,0,0,19,0.631578947368421
2298,13,3,4,0,0,20,0.65
2299,12,4,4,0,0,20,0.6
2300,13,3,4,0,0,20,0.65
2301,12,3,4,0,0,19,0.631578947368421
2302,12,3,4,0,0,19,0.631578947368421
2303,12,3,4,0,0,19,0.631578947368421
2304,11,3,4,0,0,18,0.6111111111111112
2305,13,3,4,1,0,21,0.6190476190476191
2306,13,3,4,0,0,20,0.65
2307,11,3,4,0,0,18,0.6111111111111112
2308,13,3,4,0,0,20,0.65
2309,11,3,4,0,0,18,0.6111111111111112
2310,10,3,4,0,0,17,0.5882352941176471
2311,12,3,4,0,0,19,0.631578947368421
2312,12,3,4,0,0,19,0.631578947368421
2313,13,3,4,0,0,20,0.65
2314,12,3,4,0,0,19,0.631578947368421
2315,15,3,4,0,0,22,0.6818181818181818
2316,14,1,4,0,0,19,0.7368421052631579
2317,13,3,4,0,0,20,0.65
2318,14,3,4,0,0,21,0.6666666666666666
2319,14,3,4,0,0,21,0.6666666666666666
2320,13,3,4,0,0,20,0.65
2321,10,4,4,0,0,18,0.5555555555555556
2322,13,3,4,0,0,20,0.65
2323,12,4,4,0,0,20,0.6
2324,14,3,4,0,0,21,0.6666666666666666
2325,13,3,4,0,0,20,0.65
2326,14,3,4,0,0,21,0.6666666666666666
2327,12,3,4,0,0,19,0.631578947368421
2328,13,2,4,0,0,19,0.6842105263157895
2329,12,4,4,1,0,21,0.5714285714285714
2330,12,3,3,0,0,18,0.6666666666666666
2331,13,4,4,0,0,21,0.6190476190476191
2332,11,4,4,0,0,19,0.5789473684210527
2333,13,3,4,0,0,20,0.65
2334,10,3,4,0,0,17,0.5882352941176471
2335,11,3,4,0,0,18,0.6111111111111112
2336,12,3,4,0,0,19,0.631578947368421
2337,14,3,4,0,0,21,0.6666666666666666
2338,11,3,4,0,0,18,0.6111111111111112
2339,12,4,4,0,0,20,0.6
2340,12,3,4,0,0,19,0.631578947368421
2341,13,3,4,0,0,20,0.65
2342,12,3,4,0,0,19,0.631578947368421
2343,11,3,4,1,0,19,0.5789473684210527
2344,13,4,4,0,0,21,0.6190476190476191
2345,11,3,4,0,0,18,0.6111111111111112
2346,12,4,4,0,0,20,0.6
2347,12,4,4,0,0,20,0.6
2348,13,3,4,0,0,20,0.65
2349,12,3,4,0,0,19,0.631578947368421
2350,10,3,4,0,0,17,0.5882352941176471
2351,11,3,4,0,0,18,0.6111111111111112
2352,12,4,4,0,0,20,0.6
2353,11,3,4,0,0,18,0.6111111111111112
2354,13,3,4,0,0,20,0.65
2355,13,3,4,0,0,20,0.65
2356,14,3,4,0,0,21,0.6666666666666666
2357,12,3,4,0,0,19,0.631578947368421
2358,11,3,4,0,0,18,0.6111111111111112
2359,13,3,4,0,0,20,0.65
2360,13,3,4,0,0,20,0.65
2361,13,4,4,0,0,21,0.6190476190476191
2362,12,3,4,0,0,19,0.631578947368421
2363,11,4,4,0,0,19,0.5789473684210527
2364,12,3,4,1,0,20,0.6
2365,12,3,4,1,0,20,0.6
2366,11,4,4,0,0,19,0.5789473684210527
2367,12,3,4,0,0,19,0.631578947368421
2368,14,3,4,0,0,21,0.6666666666666666
2369,14,3,4,0,0,21,0.6666666666666666
2370,15,3,4,0,0,22,0.6818181818181818
2371,13,3,4,0,0,20,0.65
2372,14,4,4,0,0,22,0.6363636363636364
2373,14,3,4,0,0,21,0.6666666666666666
2374,14,3,4,0,0,21,0.6666666666666666
2375,13,3,4,0,0,20,0.65
2376,12,3,4,0,0,19,0.631578947368421
2377,13,3,4,0,0,20,0.65
2378,15,4,4,0,0,23,0.6521739130434783
2379,12,3,4,0,0,19,0.631578947368421
2380,13,3,4,0,0,20,0.65
2381,14,3,4,0,0,21,0.6666666666666666
2382,14,3,4,0,0,21,0.6666666666666666
2383,12,3,3,0,0,18,0.6666666666666666
2384,13,3,4,0,0,20,0.65
2385,14,3,4,0,0,21,0.6666666666666666
2386,15,3,4,0,0,22,0.6818181818181818
2387,15,4,4,0,0,23,0.6521739130434783
2388,14,4,4,0,0,22,0.6363636363636364
2389,14,3,4,0,0,21,0.6666666666666666
2390,14,3,4,0,0,21,0.6666666666666666
2391,14,3,4,0,0,21,0.6666666666666666
2392,13,4,4,0,0,21,0.6190476190476191
2393,14,3,4,0,0,21,0.6666666666666666
2394,13,3,4,0,0,20,0.65
2395,15,3,4,0,0,22,0.6818181818181818
2396,13,3,4,0,0,20,0.65
2397,12,3,4,0,0,19,0.631578947368421
2398,14,3,4,0,0,21,0.6666666666666666
2399,15,2,4,0,0,21,0.7142857142857143
2400,12,3,4,0,0,19,0.631578947368421
2401,15,3,4,0,0,22,0.6818181818181818
2402,14,3,4,0,0,21,0.6666666666666666
2403,14,3,4,0,0,21,0.6666666666666666
2404,14,3,4,0,0,21,0.6666666666666666
2405,15,3,4,0,0,22,0.6818181818181818
2406,13,3,4,0,0,20,0.65
2407,14,3,4,0,0,21,0.6666666666666666
2408,14,3,4,0,0,21,0.6666666666666666
2409,14,4,4,0,0,22,0.6363636363636364
2410,14,3,4,0,0,21,0.6666666666666666
2411,13,3,4,0,0,20,0.65
2412,14,3,4,0,0,21,0.6666666666666666
2413,13,3,4,0,0,20,0.65
2414,15,2,4,0,0,21,0.7142857142857143
2415,15,2,4,0,0,21,0.7142857142857143
2416,14,2,4,0,0,20,0.7
2417,14,3,4,0,0,21,0.6666666666666666
2418,15,3,4,0,0,22,0.6818181818181818
2419,14,3,4,0,0,21,0.6666666666666666
2420,15,3,4,0,0,22,0.6818181818181818
2421,12,2,4,0,0,18,0.6666666666666666
2422,13,2,4,0,0,19,0.6842105263157895
2423,12,3,4,0,0,19,0.631578947368421
2424,12,3,4,0,0,19,0.631578947368421
2425,13,3,4,0,0,20,0.65
2426,14,3,4,0,0,21,0.6666666666666666
2427,12,3,4,0,0,19,0.631578947368421
2428,13,3,4,0,0,20,0.65
2429,13,3,4,0,0,20,0.65
2430,12,3,4,0,0,19,0.631578947368421
2431,11,3,4,0,0,18,0.6111111111111112
2432,11,3,4,0,0,18,0.6111111111111112
2433,13,3,4,0,0,20,0.65
2434,15,3,4,0,0,22,0.6818181818181818
2435,14,3,4,0,0,21,0.6666666666666666
2436,13,3,4,0,0,20,0.65
2437,12,4,4,0,0,20,0.6
2438,14,4,4,0,0,22,0.6363636363636364
2439,14,3,4,0,0,21,0.6666666666666666
2440,13,4,4,0,0,21,0.6190476190476191
2441,13,3,4,0,0,20,0.65
2442,14,3,4,0,0,21,0.6666666666666666
2443,15,3,4,0,0,22,0.6818181818181818
2444,14,3,4,0,0,21,0.6666666666666666
2445,13,3,4,0,0,20,0.65
2446,15,3,4,0,0,22,0.6818181818181818
2447,14,3,4,0,0,21,0.6666666666666666
2448,10,3,4,0,0,17,0.5882352941176471
2449,13,3,4,0,0,20,0.65
2450,14,3,4,0,0,21,0.6666666666666666
2451,13,3,4,0,0,20,0.65
2452,15,3,3,0,0,21,0.7142857142857143
2453,13,3,4,0,0,20,0.65
2454,14,4,4,0,0,22,0.6363636363636364
2455,12,3,4,0,0,19,0.631578947368421
2456,14,3,4,0,0,21,0.6666666666666666
2457,13,4,4,0,0,21,0.6190476190476191
2458,13,2,4,0,0,19,0.6842105263157895
2459,15,3,4,0,0,22,0.6818181818181818
2460,14,4,4,0,0,22,0.6363636363636364
2461,14,3,4,0,0,21,0.6666666666666666
2462,15,3,4,0,0,22,0.6818181818181818
2463,12,4,4,0,0,20,0.6
2464,12,3,4,0,0,19,0.631578947368421
2465,13,3,4,0,0,20,0.65
2466,12,3,4,0,0,19,0.631578947368421
2467,13,3,4,0,0,20,0.65
2468,13,3,4,0,0,20,0.65
2469,13,3,4,0,0,20,0.65
2470,14,4,4,0,0,22,0.6363636363636364
2471,13,3,4,0,0,20,0.65
2472,15,3,4,0,0,22,0.6818181818181818
2473,12,3,4,0,0,19,0.631578947368421
2474,15,3,4,0,0,22,0.6818181818181818
2475,14,3,4,0,0,21,0.6666666666666666
2476,14,3,3,0,0,20,0.7
2477,14,3,4,0,0,21,0.6666666666666666
2478,14,3,4,0,0,21,0.6666666666666666
2479,13,4,3,0,0,20,0.65
2480,15,3,4,0,0,22,0.6818181818181818
2481,12,3,4,0,0,19,0.631578947368421
2482,13,3,4,0,0,20,0.65
2483,13,3,4,0,0,20,0.65
2484,15,3,4,0,0,22,0.6818181818181818
2485,15,3,4,0,0,22,0.6818181818181818
2486,14,3,4,0,0,21,0.6666666666666666
2487,14,4,4,0,0,22,0.6363636363636364
2488,10,3,4,0,0,17,0.5882352941176471
2489,12,3,4,0,0,19,0.631578947368421
2490,14,3,3,0,0,20,0.7
2491,14,3,4,0,0,21,0.6666666666666666
2492,15,2,4,0,0,21,0.7142857142857143
2493,12,3,4,0,0,19,0.631578947368421
2494,12,3,4,0,0,19,0.631578947368421
2495,15,3,4,0,0,22,0.6818181818181818
2496,12,3,4,0,0,19,0.631578947368421
2497,15,3,4,0,0,22,0.6818181818181818
2498,13,3,4,0,0,20,0.65
2499,12,3,4,0,0,19,0.631578947368421
2500,15,3,3,0,0,21,0.7142857142857143
2501,13,3,4,0,0,20,0.65
2502,13,3,4,0,0,20,0.65
2503,15,3,4,0,0,22,0.6818181818181818
2504,14,3,4,0,0,21,0.6666666666666666
2505,15,3,4,0,0,22,0.6818181818181818
2506,15,3,4,0,0,22,0.6818181818181818
2507,13,3,4,0,0,20,0.65
2508,13,3,4,0,0,20,0.65
2509,14,3,3,0,0,20,0.7
2510,14,3,4,0,0,21,0.6666666666666666
2511,15,3,4,0,0,22,0.6818181818181818
2512,15,3,4,0,0,22,0.6818181818181818
2513,13,3,4,0,0,20,0.65
2514,14,4,4,0,0,22,0.6363636363636364
2515,15,3,4,0,0,22,0.6818181818181818
2516,14,4,4,0,0,22,0.6363636363636364
2517,15,3,4,0,0,22,0.6818181818181818
2518,14,3,4,0,0,21,0.6666666666666666
2519,15,1,4,0,0,20,0.75
2520,13,4,4,0,0,21,0.6190476190476191
2521,14,3,4,0,0,21,0.6666666666666666
2522,13,3,4,0,0,20,0.65
2523,13,4,4,0,0,21,0.6190476190476191
2524,14,3,4,0,0,21,0.6666666666666666
2525,12,3,4,0,0,19,0.631578947368421
2526,13,3,4,0,0,20,0.65
2527,15,3,4,0,0,22,0.6818181818181818
2528,15,3,4,0,0,22,0.6818181818181818
2529,14,3,4,0,0,21,0.6666666666666666
2530,15,3,4,0,0,22,0.6818181818181818
2531,14,3,4,0,0,21,0.6666666666666666
2532,12,3,4,0,0,19,0.631578947368421
2533,13,3,3,0,0,19,0.6842105263157895
2534,12,3,4,0,0,19,0.631578947368421
2535,14,3,4,0,0,21,0.6666666666666666
2536,14,3,4,0,0,21,0.6666666666666666
2537,11,3,4,0,0,18,0.6111111111111112
2538,13,3,4,0,0,20,0.65
2539,13,3,4,0,0,20,0.65
2540,13,3,4,0,0,20,0.65
2541,15,3,4,0,0,22,0.6818181818181818
2542,14,3,4,0,0,21,0.6666666666666666
2543,14,3,4,0,0,21,0.6666666666666666
2544,15,3,4,0,0,22,0.6818181818181818
2545,14,4,4,0,0,22,0.6363636363636364
2546,15,4,4,0,0,23,0.6521739130434783
2547,15,3,4,0,0,22,0.6818181818181818
2548,14,4,4,0,0,22,0.6363636363636364
2549,11,3,4,0,0,18,0.6111111111111112
2550,15,3,4,0,0,22,0.6818181818181818
2551,14,3,4,0,0,21,0.6666666666666666
2552,14,3,4,0,0,21,0.6666666666666666
2553,15,3,4,0,0,22,0.6818181818181818
2554,15,3,4,0,0,22,0.6818181818181818
2555,14,3,4,0,0,21,0.6666666666666666
2556,12,3,4,0,0,19,0.631578947368421
2557,14,3,4,0,0,21,0.6666666666666666
2558,15,3,4,0,0,22,0.6818181818181818
2559,10,3,4,0,0,17,0.5882352941176471
2560,15,4,4,0,0,23,0.6521739130434783
2561,13,3,4,0,0,20,0.65
2562,14,3,4,0,0,21,0.6666666666666666
2563,13,3,4,0,0,20,0.65
2564,14,3,4,0,0,21,0.6666666666666666
2565,13,3,4,0,0,20,0.65
2566,15,3,4,0,0,22,0.6818181818181818
2567,15,3,4,0,0,22,0.6818181818181818
2568,13,3,4,0,0,20,0.65
2569,13,3,4,0,0,20,0.65
2570,13,4,4,0,0,21,0.6190476190476191
2571,14,3,4,0,0,21,0.6666666666666666
2572,15,3,4,0,0,22,0.6818181818181818
2573,13,3,4,0,0,20,0.65
2574,11,3,4,0,0,18,0.6111111111111112
2575,13,3,4,0,0,20,0.65
2576,15,4,4,0,0,23,0.6521739130434783
2577,12,3,4,0,0,19,0.631578947368421
2578,13,3,4,0,0,20,0.65
2579,14,3,4,0,0,21,0.6666666666666666
2580,13,3,4,0,0,20,0.65
2581,14,3,4,0,0,21,0.6666666666666666
2582,13,3,4,0,0,20,0.65
2583,13,3,4,0,0,20,0.65
2584,15,3,4,0,0,22,0.6818181818181818
2585,13,3,4,0,0,20,0.65
2586,15,3,4,0,0,22,0.6818181818181818
2587,15,3,4,0,0,22,0.6818181818181818
2588,15,2,4,0,0,21,0.7142857142857143
2589,12,3,4,0,0,19,0.631578947368421
2590,15,4,4,0,0,23,0.6521739130434783
2591,14,2,4,0,0,20,0.7
2592,14,4,4,0,0,22,0.6363636363636364
2593,14,3,4,0,0,21,0.6666666666666666
2594,13,3,4,0,0,20,0.65
2595,15,4,4,0,0,23,0.6521739130434783
2596,14,3,4,0,0,21,0.6666666666666666
2597,15,3,4,0,0,22,0.6818181818181818
2598,14,3,4,0,0,21,0.6666666666666666
2599,13,3,4,0,0,20,0.65
2600,14,3,4,0,0,21,0.6666666666666666
2601,13,3,4,0,0,20,0.65
2602,14,3,4,0,0,21,0.6666666666666666
2603,14,3,4,0,0,21,0.6666666666666666
2604,15,3,4,0,0,22,0.6818181818181818
2605,14,3,4,0,0,21,0.6666666666666666
2606,13,3,4,0,0,20,0.65
2607,15,3,4,0,0,22,0.6818181818181818
2608,13,3,4,0,0,20,0.65
2609,14,3,4,0,0,21,0.6666666666666666
2610,12,3,4,0,0,19,0.631578947368421
2611,13,3,4,0,0,20,0.65
2612,13,3,4,0,0,20,0.65
2613,14,3,4,0,0,21,0.6666666666666666
2614,13,3,4,0,0,20,0.65
2615,13,3,4,0,0,20,0.65
2616,12,4,4,0,0,20,0.6
2617,14,3,4,0,0,21,0.6666666666666666
2618,13,5,4,0,0,22,0.5909090909090909
2619,13,4,4,0,0,21,0.6190476190476191
2620,14,4,4,0,0,22,0.6363636363636364
2621,13,3,4,0,0,20,0.65
2622,14,4,4,0,0,22,0.6363636363636364
2623,15,3,4,0,0,22,0.6818181818181818
2624,14,4,4,0,0,22,0.6363636363636364
2625,14,3,4,0,0,21,0.6666666666666666
2626,14,3,4,0,0,21,0.6666666666666666
2627,14,3,4,0,0,21,0.6666666666666666
2628,12,3,4,0,0,19,0.631578947368421
2629,14,4,4,0,0,22,0.6363636363636364
2630,15,3,4,0,0,22,0.6818181818181818
2631,13,3,4,0,0,20,0.65
2632,15,3,4,0,0,22,0.6818181818181818
2633,15,3,4,0,0,22,0.6818181818181818
2634,14,3,3,0,0,20,0.7
2635,15,3,4,0,0,22,0.6818181818181818
2636,12,3,4,0,0,19,0.631578947368421
2637,14,3,4,0,0,21,0.6666666666666666
2638,13,3,4,0,0,20,0.65
2639,14,3,4,0,0,21,0.6666666666666666
2640,14,3,4,0,0,21,0.6666666666666666
2641,14,3,4,0,0,21,0.6666666666666666
2642,14,4,4,0,0,22,0.6363636363636364
2643,15,3,4,0,0,22,0.6818181818181818
2644,15,4,4,0,0,23,0.6521739130434783
2645,15,3,4,0,0,22,0.6818181818181818
2646,14,3,4,0,0,21,0.6666666666666666
2647,15,3,4,0,0,22,0.6818181818181818
2648,14,3,4,0,0,21,0.6666666666666666
2649,15,3,4,0,0,22,0.6818181818181818
2650,13,3,4,0,0,20,0.65
2651,15,3,4,0,0,22,0.6818181818181818
2652,15,3,4,0,0,22,0.6818181818181818
2653,14,3,4,0,0,21,0.6666666666666666
2654,15,4,4,0,0,23,0.6521739130434783
2655,10,3,4,0,0,17,0.5882352941176471
2656,12,4,4,0,0,20,0.6
2657,14,3,4,0,0,21,0.6666666666666666
2658,15,4,4,0,0,23,0.6521739130434783
2659,14,3,4,0,0,21,0.6666666666666666
2660,14,3,4,0,0,21,0.6666666666666666
2661,13,3,4,0,0,20,0.65
2662,13,3,4,0,0,20,0.65
2663,12,3,4,0,0,19,0.631578947368421
2664,14,3,4,0,0,21,0.6666666666666666
2665,14,3,4,0,0,21,0.6666666666666666
2666,15,3,4,0,0,22,0.6818181818181818
2667,13,3,4,0,0,20,0.65
2668,14,3,4,0,0,21,0.6666666666666666
2669,13,3,4,0,0,20,0.65
2670,14,3,4,0,0,21,0.6666666666666666
2671,13,3,4,0,0,20,0.65
2672,14,4,4,0,0,22,0.6363636363636364
2673,13,4,4,0,0,21,0.6190476190476191
2674,14,3,4,0,0,21,0.6666666666666666
2675,13,2,4,0,0,19,0.6842105263157895
2676,14,3,4,0,0,21,0.6666666666666666
2677,14,3,4,0,0,21,0.6666666666666666
2678,14,3,4,0,0,21,0.6666666666666666
2679,15,3,4,0,0,22,0.6818181818181818
2680,15,4,4,0,0,23,0.6521739130434783
2681,13,3,4,0,0,20,0.65
2682,15,3,4,0,0,22,0.6818181818181818
2683,15,3,4,0,0,22,0.6818181818181818
2684,14,3,3,0,0,20,0.7
2685,12,3,4,0,0,19,0.631578947368421
2686,14,3,4,0,0,21,0.6666666666666666
2687,14,3,4,0,0,21,0.6666666666666666
2688,11,4,4,0,0,19,0.5789473684210527
2689,13,3,4,0,0,20,0.65
2690,15,3,4,0,0,22,0.6818181818181818
2691,15,3,4,0,0,22,0.6818181818181818
2692,15,3,4,0,0,22,0.6818181818181818
2693,15,3,4,0,0,22,0.6818181818181818
2694,13,3,4,0,0,20,0.65
2695,14,3,4,0,0,21,0.6666666666666666
2696,13,3,4,0,0,20,0.65
2697,14,3,4,0,0,21,0.6666666666666666
2698,13,3,4,0,0,20,0.65
2699,13,3,4,0,0,20,0.65
2700,14,4,4,0,0,22,0.6363636363636364
2701,15,4,4,0,0,23,0.6521739130434783
2702,14,3,4,0,0,21,0.6666666666666666
2703,15,3,4,0,0,22,0.6818181818181818
2704,13,3,4,0,0,20,0.65
2705,11,3,4,0,0,18,0.6111111111111112
2706,14,3,4,0,0,21,0.6666666666666666
2707,15,2,4,0,0,21,0.7142857142857143
2708,14,3,4,0,0,21,0.6666666666666666
2709,14,4,4,0,0,22,0.6363636363636364
2710,14,4,4,0,0,22,0.6363636363636364
2711,14,3,4,0,0,21,0.6666666666666666
2712,14,3,4,0,0,21,0.6666666666666666
2713,15,2,4,0,0,21,0.7142857142857143
2714,13,3,4,0,0,20,0.65
2715,12,3,4,0,0,19,0.631578947368421
2716,13,3,4,0,0,20,0.65
2717,13,4,4,0,0,21,0.6190476190476191
2718,14,3,4,0,0,21,0.6666666666666666
2719,15,3,4,0,0,22,0.6818181818181818
2720,15,4,4,0,0,23,0.6521739130434783
2721,15,2,4,0,0,21,0.7142857142857143
2722,15,4,4,0,0,23,0.6521739130434783
2723,14,3,4,0,0,21,0.6666666666666666
2724,14,3,4,0,0,21,0.6666666666666666
2725,14,3,4,0,0,21,0.6666666666666666
2726,15,3,4,0,0,22,0.6818181818181818
2727,13,3,4,0,0,20,0.65
2728,14,4,4,0,0,22,0.6363636363636364
2729,15,3,4,0,0,22,0.6818181818181818
2730,15,3,4,0,0,22,0.6818181818181818
2731,15,3,4,0,0,22,0.6818181818181818
2732,15,3,4,0,0,22,0.6818181818181818
2733,14,3,4,0,0,21,0.6666666666666666
2734,13,3,4,0,0,20,0.65
2735,13,3,4,0,0,20,0.65
2736,14,3,4,0,0,21,0.6666666666666666
2737,15,4,4,0,0,23,0.6521739130434783
2738,15,3,4,0,0,22,0.6818181818181818
2739,14,3,4,0,0,21,0.6666666666666666
2740,14,3,4,0,0,21,0.6666666666666666
2741,15,3,4,0,0,22,0.6818181818181818
2742,13,3,4,0,0,20,0.65
2743,13,3,4,0,0,20,0.65
2744,14,4,3,0,0,21,0.6666666666666666
2745,14,3,4,0,0,21,0.6666666666666666
2746,15,3,4,0,0,22,0.6818181818181818
2747,14,3,4,0,0,21,0.6666666666666666
2748,13,3,4,0,0,20,0.65
2749,14,4,4,0,0,22,0.6363636363636364
2750,13,2,4,0,0,19,0.6842105263157895
2751,14,3,4,0,0,21,0.6666666666666666
2752,14,3,4,0,0,21,0.6666666666666666
2753,15,3,4,0,0,22,0.6818181818181818
2754,13,3,4,0,0,20,0.65
2755,11,3,4,0,0,18,0.6111111111111112
2756,15,3,4,0,0,22,0.6818181818181818
2757,15,3,4,0,0,22,0.6818181818181818
2758,15,3,4,0,0,22,0.6818181818181818
2759,13,3,4,0,0,20,0.65
2760,15,3,4,0,0,22,0.6818181818181818
2761,13,2,4,0,0,19,0.6842105263157895
2762,15,3,4,0,0,22,0.6818181818181818
2763,14,3,4,0,0,21,0.6666666666666666
2764,14,3,4,0,0,21,0.6666666666666666
2765,15,3,4,0,0,22,0.6818181818181818
2766,15,4,3,0,0,22,0.6818181818181818
2767,14,3,4,0,0,21,0.6666666666666666
2768,15,3,4,0,0,22,0.6818181818181818
2769,14,3,4,0,0,21,0.6666666666666666
2770,15,3,4,0,0,22,0.6818181818181818
2771,14,3,4,0,0,21,0.6666666666666666
2772,14,3,4,0,0,21,0.6666666666666666
2773,14,3,4,0,0,21,0.6666666666666666
2774,13,3,4,0,0,20,0.65
2775,13,3,4,0,0,20,0.65
2776,14,4,4,0,0,22,0.6363636363636364
2777,14,3,4,0,0,21,0.6666666666666666
2778,13,3,4,0,0,20,0.65
2779,14,3,4,0,0,21,0.6666666666666666
2780,15,3,4,0,0,22,0.6818181818181818
2781,13,4,4,0,0,21,0.6190476190476191
2782,15,3,4,0,0,22,0.6818181818181818
2783,15,3,4,0,0,22,0.6818181818181818
2784,13,3,4,0,0,20,0.65
2785,12,3,4,0,0,19,0.631578947368421
2786,15,4,4,0,0,23,0.6521739130434783
2787,14,3,4,0,0,21,0.6666666666666666
2788,14,3,4,0,0,21,0.6666666666666666
2789,13,3,4,0,0,20,0.65
2790,12,3,4,0,0,19,0.631578947368421
2791,13,3,4,0,0,20,0.65
2792,15,3,4,0,0,22,0.6818181818181818
2793,14,3,4,0,0,21,0.6666666666666666
2794,13,3,4,0,0,20,0.65
2795,14,3,4,0,0,21,0.6666666666666666
2796,14,3,4,0,0,21,0.6666666666666666
2797,13,3,3,0,0,19,0.6842105263157895
2798,14,3,4,0,0,21,0.6666666666666666
2799,15,3,4,0,0,22,0.6818181818181818
2800,15,3,4,0,0,22,0.6818181818181818
2801,15,3,4,0,0,22,0.6818181818181818
2802,15,3,3,0,0,21,0.7142857142857143
2803,15,3,4,0,0,22,0.6818181818181818
2804,14,4,3,0,0,21,0.6666666666666666
2805,11,4,4,0,0,19,0.5789473684210527
2806,12,3,4,0,0,19,0.631578947368421
2807,14,3,4,0,0,21,0.6666666666666666
2808,14,3,3,0,0,20,0.7
2809,12,3,4,0,0,19,0.631578947368421
2810,15,3,4,0,0,22,0.6818181818181818
2811,15,3,4,0,0,22,0.6818181818181818
2812,14,3,4,0,0,21,0.6666666666666666
2813,15,4,4,0,0,23,0.6521739130434783
2814,15,3,4,0,0,22,0.6818181818181818
2815,14,3,4,0,0,21,0.6666666666666666
2816,13,3,4,0,0,20,0.65
2817,14,3,4,0,0,21,0.6666666666666666
2818,14,3,4,0,0,21,0.6666666666666666
2819,14,3,4,0,0,21,0.6666666666666666
2820,15,3,4,0,0,22,0.6818181818181818
2821,15,3,4,0,0,22,0.6818181818181818
2822,15,4,4,0,0,23,0.6521739130434783
2823,13,3,4,0,0,20,0.65
2824,13,4,4,0,0,21,0.6190476190476191
2825,14,4,4,0,0,22,0.6363636363636364
2826,15,4,4,0,0,23,0.6521739130434783
2827,15,3,4,0,0,22,0.6818181818181818
2828,15,3,4,0,0,22,0.6818181818181818
2829,13,3,3,0,0,19,0.6842105263157895
2830,13,3,4,0,0,20,0.65
2831,15,4,4,0,0,23,0.6521739130434783
2832,12,3,4,0,0,19,0.631578947368421
2833,14,3,4,0,0,21,0.6666666666666666
2834,15,3,4,0,0,22,0.6818181818181818
2835,15,3,4,0,0,22,0.6818181818181818
2836,15,2,4,0,0,21,0.7142857142857143
2837,14,3,4,0,0,21,0.6666666666666666
2838,14,4,4,0,0,22,0.6363636363636364
2839,15,3,4,0,0,22,0.6818181818181818
2840,14,3,4,0,0,21,0.6666666666666666
2841,14,3,4,0,0,21,0.6666666666666666
2842,14,4,4,0,0,22,0.6363636363636364
2843,13,4,4,0,0,21,0.6190476190476191
2844,15,2,4,0,0,21,0.7142857142857143
2845,14,3,4,0,0,21,0.6666666666666666
2846,15,3,4,0,0,22,0.6818181818181818
2847,14,3,4,0,0,21,0.6666666666666666
2848,14,3,4,0,0,21,0.6666666666666666
2849,13,3,4,0,0,20,0.65
2850,12,3,4,0,0,19,0.631578947368421
2851,15,3,4,0,0,22,0.6818181818181818
2852,11,3,4,0,0,18,0.6111111111111112
2853,15,4,4,0,0,23,0.6521739130434783
2854,14,3,4,0,0,21,0.6666666666666666
2855,14,3,4,0,0,21,0.6666666666666666
2856,15,3,4,0,0,22,0.6818181818181818
2857,12,3,4,0,0,19,0.631578947368421
2858,13,3,4,0,0,20,0.65
2859,11,4,4,0,0,19,0.5789473684210527
2860,15,3,4,0,0,22,0.6818181818181818
2861,14,2,4,0,0,20,0.7
2862,12,4,4,0,0,20,0.6
2863,13,3,4,0,0,20,0.65
2864,14,3,4,0,0,21,0.6666666666666666
2865,15,3,4,0,0,22,0.6818181818181818
2866,14,3,4,0,0,21,0.6666666666666666
2867,13,3,4,0,0,20,0.65
2868,13,3,4,0,0,20,0.65
2869,12,3,4,0,0,19,0.631578947368421
2870,10,4,4,0,0,18,0.5555555555555556
2871,14,4,4,0,0,22,0.6363636363636364
2872,14,4,4,0,0,22,0.6363636363636364
2873,14,4,4,0,0,22,0.6363636363636364
2874,13,3,4,0,0,20,0.65
2875,14,3,4,0,0,21,0.6666666666666666
2876,13,4,4,0,0,21,0.6190476190476191
2877,13,3,4,0,0,20,0.65
2878,15,4,4,0,0,23,0.6521739130434783
2879,15,3,4,0,0,22,0.6818181818181818
2880,14,3,4,0,0,21,0.6666666666666666
2881,13,3,4,0,0,20,0.65
2882,14,3,4,0,0,21,0.6666666666666666
2883,14,3,4,0,0,21,0.6666666666666666
2884,12,3,4,0,0,19,0.631578947368421
2885,16,3,4,0,0,23,0.6956521739130435
2886,14,3,4,0,0,21,0.6666666666666666
2887,13,3,4,0,0,20,0.65
2888,15,4,4,0,0,23,0.6521739130434783
2889,12,3,4,0,0,19,0.631578947368421
2890,14,3,4,0,0,21,0.6666666666666666
2891,13,3,4,0,0,20,0.65
2892,14,4,4,0,0,22,0.6363636363636364
2893,15,3,4,0,0,22,0.6818181818181818
2894,14,4,4,0,0,22,0.6363636363636364
2895,15,3,4,0,0,22,0.6818181818181818
2896,14,4,4,0,0,22,0.6363636363636364
2897,10,4,4,0,0,18,0.5555555555555556
2898,14,4,4,0,0,22,0.6363636363636364
2899,15,3,4,0,0,22,0.6818181818181818
2900,15,3,4,0,0,22,0.6818181818181818
2901,13,3,4,0,0,20,0.65
2902,15,4,4,0,0,23,0.6521739130434783
2903,15,3,4,0,0,22,0.6818181818181818
2904,15,3,4,0,0,22,0.6818181818181818
2905,15,3,4,0,0,22,0.6818181818181818
2906,12,4,4,0,0,20,0.6
2907,15,3,4,0,0,22,0.6818181818181818
2908,14,4,4,0,0,22,0.6363636363636364
2909,13,3,4,0,0,20,0.65
2910,14,3,4,0,0,21,0.6666666666666666
2911,14,3,4,0,0,21,0.6666666666666666
2912,13,3,4,0,0,20,0.65
2913,11,3,4,0,0,18,0.6111111111111112
2914,14,4,4,0,0,22,0.6363636363636364
2915,15,3,4,0,0,22,0.6818181818181818
2916,14,3,4,0,0,21,0.6666666666666666
2917,15,3,4,0,0,22,0.6818181818181818
2918,14,3,4,0,0,21,0.6666666666666666
2919,15,4,4,0,0,23,0.6521739130434783
2920,15,4,4,0,0,23,0.6521739130434783
2921,15,3,4,0,0,22,0.6818181818181818
2922,13,3,4,0,0,20,0.65
2923,15,3,4,0,0,22,0.6818181818181818
2924,14,4,4,0,0,22,0.6363636363636364
2925,14,4,4,0,0,22,0.6363636363636364
2926,14,3,4,0,0,21,0.6666666666666666
2927,14,3,4,0,0,21,0.6666666666666666
2928,14,3,4,0,0,21,0.6666666666666666
2929,14,3,4,0,0,21,0.6666666666666666
2930,14,4,4,0,0,22,0.6363636363636364
2931,14,3,4,0,0,21,0.6666666666666666
2932,14,2,4,0,0,20,0.7
2933,15,3,4,0,0,22,0.6818181818181818
2934,13,3,4,0,0,20,0.65
2935,15,3,4,0,0,22,0.6818181818181818
2936,15,3,4,0,0,22,0.6818181818181818
2937,13,4,4,0,0,21,0.6190476190476191
2938,15,3,4,0,0,22,0.6818181818181818
2939,15,5,4,0,0,24,0.625
2940,14,3,4,0,0,21,0.6666666666666666
2941,15,4,4,0,0,23,0.6521739130434783
2942,13,4,4,0,0,21,0.6190476190476191
2943,14,3,4,0,0,21,0.6666666666666666
2944,14,3,4,0,0,21,0.6666666666666666
2945,13,4,4,0,0,21,0.6190476190476191
2946,15,4,4,0,0,23,0.6521739130434783
2947,15,4,4,0,0,23,0.6521739130434783
2948,15,3,4,0,0,22,0.6818181818181818
2949,13,3,4,0,0,20,0.65
2950,14,4,4,0,0,22,0.6363636363636364
2951,15,3,4,0,0,22,0.6818181818181818
2952,13,3,4,0,0,20,0.65
2953,15,4,4,0,0,23,0.6521739130434783
2954,14,3,4,0,0,21,0.6666666666666666
2955,14,3,3,0,0,20,0.7
2956,15,3,4,0,0,22,0.6818181818181818
2957,12,2,4,0,0,18,0.6666666666666666
2958,13,2,4,0,0,19,0.6842105263157895
2959,9,4,4,0,0,17,0.5294117647058824
2960,15,3,4,0,0,22,0.6818181818181818
2961,12,3,4,0,0,19,0.631578947368421
2962,13,3,4,0,0,20,0.65
2963,13,4,4,0,0,21,0.6190476190476191
2964,13,3,4,0,0,20,0.65
2965,13,3,4,0,0,20,0.65
2966,11,3,4,0,0,18,0.6111111111111112
2967,14,3,4,0,0,21,0.6666666666666666
2968,13,3,4,0,0,20,0.65
2969,13,3,4,0,0,20,0.65
2970,15,3,4,0,0,22,0.6818181818181818
2971,12,3,4,0,0,19,0.631578947368421
2972,14,3,4,0,0,21,0.6666666666666666
2973,15,3,4,0,0,22,0.6818181818181818
2974,13,2,4,0,0,19,0.6842105263157895
2975,14,3,4,0,0,21,0.6666666666666666
2976,13,3,4,0,0,20,0.65
2977,11,3,4,0,0,18,0.6111111111111112
2978,14,3,4,0,0,21,0.6666666666666666
2979,13,4,4,0,0,21,0.6190476190476191
2980,15,3,4,0,0,22,0.6818181818181818
2981,15,3,4,0,0,22,0.6818181818181818
2982,14,3,4,0,0,21,0.6666666666666666
2983,14,3,4,0,0,21,0.6666666666666666
2984,13,3,4,0,0,20,0.65
2985,14,3,4,0,0,21,0.6666666666666666
2986,14,3,4,0,0,21,0.6666666666666666
2987,14,3,4,0,0,21,0.6666666666666666
2988,14,3,4,0,0,21,0.6666666666666666
2989,14,3,4,0,0,21,0.6666666666666666
2990,14,2,4,0,0,20,0.7
2991,14,3,4,0,0,21,0.6666666666666666
2992,12,3,4,0,0,19,0.631578947368421
2993,13,3,4,0,0,20,0.65
2994,14,4,4,0,0,22,0.6363636363636364
2995,15,3,4,0,0,22,0.6818181818181818
2996,14,3,4,0,0,21,0.6666666666666666
2997,12,3,4,0,0,19,0.631578947368421
2998,11,3,4,0,0,18,0.6111111111111112
2999,13,4,4,0,0,21,0.6190476190476191
3000,15,4,4,0,0,23,0.6521739130434783
3001,14,3,4,0,0,21,0.6666666666666666
3002,12,3,4,0,0,19,0.631578947368421
3003,14,3,4,0,0,21,0.6666666666666666
3004,14,3,4,0,0,21,0.6666666666666666
3005,15,3,4,0,0,22,0.6818181818181818
3006,14,3,4,0,0,21,0.6666666666666666
3007,14,3,4,0,0,21,0.6666666666666666
3008,12,3,4,0,0,19,0.631578947368421
3009,14,3,4,0,0,21,0.6666666666666666
3010,15,3,4,0,0,22,0.6818181818181818
3011,15,3,4,0,0,22,0.6818181818181818
3012,15,3,4,0,0,22,0.6818181818181818
3013,13,3,4,0,0,20,0.65
3014,13,4,4,0,0,21,0.6190476190476191
3015,13,3,4,0,0,20,0.65
3016,14,3,4,0,0,21,0.6666666666666666
3017,13,3,4,0,0,20,0.65
3018,14,3,4,0,0,21,0.6666666666666666
3019,15,3,4,0,0,22,0.6818181818181818
3020,15,3,4,0,0,22,0.6818181818181818
3021,15,3,4,0,0,22,0.6818181818181818
3022,15,3,4,0,0,22,0.6818181818181818
3023,14,3,4,0,0,21,0.6666666666666666
3024,15,3,4,0,0,22,0.6818181818181818
3025,13,3,4,0,0,20,0.65
3026,15,3,4,0,0,22,0.6818181818181818
3027,14,4,4,0,0,22,0.6363636363636364
3028,15,3,4,0,0,22,0.6818181818181818
3029,15,4,4,0,0,23,0.6521739130434783
3030,13,3,4,0,0,20,0.65
3031,15,3,4,0,0,22,0.6818181818181818
3032,15,3,4,0,0,22,0.6818181818181818
3033,14,3,4,0,0,21,0.6666666666666666
3034,12,2,4,0,0,18,0.6666666666666666
3035,14,3,3,0,0,20,0.7
3036,14,3,4,0,0,21,0.6666666666666666
3037,15,4,4,0,0,23,0.6521739130434783
3038,13,3,4,0,0,20,0.65
3039,15,3,4,0,0,22,0.6818181818181818
3040,15,3,4,0,0,22,0.6818181818181818
3041,15,3,4,0,0,22,0.6818181818181818
3042,14,3,4,0,0,21,0.6666666666666666
3043,14,3,4,0,0,21,0.6666666666666666
3044,14,3,4,0,0,21,0.6666666666666666
3045,12,4,4,0,0,20,0.6
3046,15,3,4,0,0,22,0.6818181818181818
3047,14,4,4,0,0,22,0.6363636363636364
3048,14,3,4,0,0,21,0.6666666666666666
3049,14,3,4,0,0,21,0.6666666666666666
3050,13,3,4,0,0,20,0.65
3051,14,3,4,0,0,21,0.6666666666666666
3052,13,3,4,0,0,20,0.65
3053,11,3,4,0,0,18,0.6111111111111112
3054,15,3,4,0,0,22,0.6818181818181818
3055,14,3,4,0,0,21,0.6666666666666666
3056,14,3,4,0,0,21,0.6666666666666666
3057,14,3,4,0,0,21,0.6666666666666666
3058,13,3,4,0,0,20,0.65
3059,15,3,4,0,0,22,0.6818181818181818
3060,13,4,4,0,0,21,0.6190476190476191
3061,13,3,4,0,0,20,0.65
3062,14,3,4,0,0,21,0.6666666666666666
3063,12,3,4,0,0,19,0.631578947368421
3064,15,3,4,0,0,22,0.6818181818181818
3065,14,3,4,0,0,21,0.6666666666666666
3066,14,4,4,0,0,22,0.6363636363636364
3067,11,3,4,0,0,18,0.6111111111111112
3068,14,3,4,0,0,21,0.6666666666666666
3069,13,3,4,0,0,20,0.65
3070,14,3,4,0,0,21,0.6666666666666666
3071,14,2,4,0,0,20,0.7
3072,15,4,4,0,0,23,0.6521739130434783
3073,15,3,4,0,0,22,0.6818181818181818
3074,15,3,4,0,0,22,0.6818181818181818
3075,15,3,4,0,0,22,0.6818181818181818
3076,14,3,4,0,0,21,0.6666666666666666
3077,15,3,4,0,0,22,0.6818181818181818
3078,15,4,4,0,0,23,0.6521739130434783
3079,15,4,4,0,0,23,0.6521739130434783
3080,14,3,4,0,0,21,0.6666666666666666
3081,14,3,4,0,0,21,0.6666666666666666
3082,15,3,4,0,0,22,0.6818181818181818
3083,14,3,4,0,0,21,0.6666666666666666
3084,14,3,4,0,0,21,0.6666666666666666
3085,15,3,4,0,0,22,0.6818181818181818
3086,13,3,4,0,0,20,0.65
3087,15,3,4,0,0,22,0.6818181818181818
3088,13,4,4,0,0,21,0.6190476190476191
3089,13,3,4,0,0,20,0.65
3090,15,3,4,0,0,22,0.6818181818181818
3091,14,3,4,0,0,21,0.6666666666666666
3092,13,3,4,0,0,20,0.65
3093,13,3,4,0,0,20,0.65
3094,15,3,4,0,0,22,0.6818181818181818
3095,15,3,4,0,0,22,0.6818181818181818
3096,14,3,4,0,0,21,0.6666666666666666
3097,14,3,4,0,0,21,0.6666666666666666
3098,13,3,3,0,0,19,0.6842105263157895
3099,13,4,4,0,0,21,0.6190476190476191
3100,13,3,4,0,0,20,0.65
3101,14,4,4,0,0,22,0.6363636363636364
3102,15,4,4,0,0,23,0.6521739130434783
3103,13,3,4,0,0,20,0.65
3104,15,2,4,0,0,21,0.7142857142857143
3105,14,4,4,0,0,22,0.6363636363636364
3106,15,2,4,0,0,21,0.7142857142857143
3107,14,3,4,0,0,21,0.6666666666666666
3108,15,3,4,0,0,22,0.6818181818181818
3109,15,3,4,0,0,22,0.6818181818181818
3110,14,3,4,0,0,21,0.6666666666666666
3111,14,3,4,0,0,21,0.6666666666666666
3112,14,3,4,0,0,21,0.6666666666666666
3113,13,3,4,0,0,20,0.65
3114,15,3,4,0,0,22,0.6818181818181818
3115,14,3,4,0,0,21,0.6666666666666666
3116,15,3,4,0,0,22,0.6818181818181818
3117,13,3,4,0,0,20,0.65
3118,14,3,4,0,0,21,0.6666666666666666
3119,13,3,4,0,0,20,0.65
3120,15,3,4,0,0,22,0.6818181818181818
3121,15,2,4,0,0,21,0.7142857142857143
3122,14,3,4,0,0,21,0.6666666666666666
3123,15,3,4,0,0,22,0.6818181818181818
3124,14,3,4,0,0,21,0.6666666666666666
3125,15,2,4,0,0,21,0.7142857142857143
3126,14,3,4,0,0,21,0.6666666666666666
3127,12,3,4,0,0,19,0.631578947368421
3128,14,3,4,0,0,21,0.6666666666666666
3129,13,4,4,0,0,21,0.6190476190476191
3130,15,4,4,0,0,23,0.6521739130434783
3131,13,4,4,0,0,21,0.6190476190476191
3132,16,4,4,0,0,24,0.6666666666666666
3133,13,4,4,0,0,21,0.6190476190476191
3134,15,3,3,0,0,21,0.7142857142857143
3135,14,3,4,0,0,21,0.6666666666666666
3136,13,3,4,0,0,20,0.65
3137,14,4,4,0,0,22,0.6363636363636364
3138,15,3,4,0,0,22,0.6818181818181818
3139,14,3,4,0,0,21,0.6666666666666666
3140,15,3,4,0,0,22,0.6818181818181818
3141,15,4,4,0,0,23,0.6521739130434783
3142,14,3,4,0,0,21,0.6666666666666666
3143,12,3,4,0,0,19,0.631578947368421
3144,14,3,4,0,0,21,0.6666666666666666
3145,14,2,4,0,0,20,0.7
3146,14,3,4,0,0,21,0.6666666666666666
3147,13,3,4,0,0,20,0.65
3148,13,3,4,0,0,20,0.65
3149,13,3,4,0,0,20,0.65
3150,14,3,4,0,0,21,0.6666666666666666
3151,12,3,4,0,0,19,0.631578947368421
3152,13,3,4,0,0,20,0.65
3153,14,3,4,0,0,21,0.6666666666666666
3154,15,3,4,0,0,22,0.6818181818181818
3155,15,3,4,0,0,22,0.6818181818181818
3156,12,3,4,0,0,19,0.631578947368421
3157,14,4,4,0,0,22,0.6363636363636364
3158,14,3,4,0,0,21,0.6666666666666666
3159,13,3,4,0,0,20,0.65
3160,15,3,4,0,0,22,0.6818181818181818
3161,14,3,4,0,0,21,0.6666666666666666
3162,14,3,4,0,0,21,0.6666666666666666
3163,14,3,4,0,0,21,0.6666666666666666
3164,15,3,4,0,0,22,0.6818181818181818
3165,15,3,4,0,0,22,0.6818181818181818
3166,14,3,4,0,0,21,0.6666666666666666
3167,15,3,4,0,0,22,0.6818181818181818
3168,14,3,4,0,0,21,0.6666666666666666
3169,13,3,4,0,0,20,0.65
3170,10,3,4,0,0,17,0.5882352941176471
3171,14,3,4,0,0,21,0.6666666666666666
3172,14,3,4,0,0,21,0.6666666666666666
3173,15,3,4,0,0,22,0.6818181818181818
3174,14,3,3,0,0,20,0.7
3175,14,3,4,0,0,21,0.6666666666666666
3176,14,3,4,0,0,21,0.6666666666666666
3177,12,3,4,0,0,19,0.631578947368421
3178,15,3,4,0,0,22,0.6818181818181818
3179,12,3,4,0,0,19,0.631578947368421
3180,14,3,4,0,0,21,0.6666666666666666
3181,14,3,4,0,0,21,0.6666666666666666
3182,14,3,4,0,0,21,0.6666666666666666
3183,14,3,4,0,0,21,0.6666666666666666
3184,15,3,4,0,0,22,0.6818181818181818
3185,14,4,4,0,0,22,0.6363636363636364
3186,12,4,4,0,0,20,0.6
3187,15,4,4,0,0,23,0.6521739130434783
3188,12,3,4,0,0,19,0.631578947368421
3189,15,3,4,0,0,22,0.6818181818181818
3190,14,3,4,0,0,21,0.6666666666666666
3191,15,4,4,0,0,23,0.6521739130434783
3192,14,3,4,0,0,21,0.6666666666666666
3193,13,3,4,0,0,20,0.65
3194,15,3,4,0,0,22,0.6818181818181818
3195,14,3,4,0,0,21,0.6666666666666666
3196,13,3,4,0,0,20,0.65
3197,13,4,4,0,0,21,0.6190476190476191
3198,14,3,4,0,0,21,0.6666666666666666
3199,12,3,4,0,0,19,0.631578947368421
3200,15,4,4,0,0,23,0.6521739130434783
3201,14,3,4,0,0,21,0.6666666666666666
3202,15,3,4,0,0,22,0.6818181818181818
3203,13,3,4,0,0,20,0.65
3204,15,3,4,0,0,22,0.6818181818181818
3205,14,3,4,0,0,21,0.6666666666666666
3206,14,3,3,0,0,20,0.7
3207,14,3,4,0,0,21,0.6666666666666666
3208,12,3,4,0,0,19,0.631578947368421
3209,13,3,4,0,0,20,0.65
3210,15,3,4,0,0,22,0.6818181818181818
3211,15,3,4,0,0,22,0.6818181818181818
3212,14,3,4,0,0,21,0.6666666666666666
3213,14,3,4,0,0,21,0.6666666666666666
3214,12,3,4,0,0,19,0.631578947368421
3215,12,3,4,0,0,19,0.631578947368421
3216,14,3,4,0,0,21,0.6666666666666666
3217,12,4,4,0,0,20,0.6
3218,12,3,4,0,0,19,0.631578947368421
3219,15,3,4,0,0,22,0.6818181818181818
3220,12,3,4,0,0,19,0.631578947368421
3221,13,4,4,0,0,21,0.6190476190476191
3222,13,3,4,0,0,20,0.65
3223,15,3,4,0,0,22,0.6818181818181818
3224,14,4,4,0,0,22,0.6363636363636364
3225,13,3,4,0,0,20,0.65
3226,15,3,4,0,0,22,0.6818181818181818
3227,14,4,4,0,0,22,0.6363636363636364
3228,15,3,4,0,0,22,0.6818181818181818
3229,13,3,3,0,0,19,0.6842105263157895
3230,15,3,4,0,0,22,0.6818181818181818
3231,14,3,4,0,0,21,0.6666666666666666
3232,14,3,4,0,0,21,0.6666666666666666
3233,14,3,4,0,0,21,0.6666666666666666
3234,16,3,4,0,0,23,0.6956521739130435
3235,15,3,4,0,0,22,0.6818181818181818
3236,13,3,4,0,0,20,0.65
3237,14,3,4,0,0,21,0.6666666666666666
3238,15,3,4,0,0,22,0.6818181818181818
3239,14,3,4,0,0,21,0.6666666666666666
3240,15,3,4,0,0,22,0.6818181818181818
3241,14,3,4,0,0,21,0.6666666666666666
3242,15,3,4,0,0,22,0.6818181818181818
3243,13,4,4,0,0,21,0.6190476190476191
3244,13,3,4,0,0,20,0.65
3245,13,4,4,0,0,21,0.6190476190476191
3246,14,3,4,0,0,21,0.6666666666666666
3247,15,3,4,0,0,22,0.6818181818181818
3248,15,3,4,0,0,22,0.6818181818181818
3249,14,3,4,0,0,21,0.6666666666666666
3250,13,3,4,0,0,20,0.65
3251,14,3,4,0,0,21,0.6666666666666666
3252,15,3,4,0,0,22,0.6818181818181818
3253,15,3,4,0,0,22,0.6818181818181818
3254,13,4,4,0,0,21,0.6190476190476191
3255,14,3,4,0,0,21,0.6666666666666666
3256,15,3,4,0,0,22,0.6818181818181818
3257,14,3,4,0,0,21,0.6666666666666666
3258,14,3,4,0,0,21,0.6666666666666666
3259,13,3,4,0,0,20,0.65
3260,15,3,4,0,0,22,0.6818181818181818
3261,14,3,4,0,0,21,0.6666666666666666
3262,13,3,4,0,0,20,0.65
3263,14,3,4,0,0,21,0.6666666666666666
3264,14,3,4,0,0,21,0.6666666666666666
3265,15,3,4,0,0,22,0.6818181818181818
3266,14,3,4,0,0,21,0.6666666666666666
3267,13,3,4,0,0,20,0.65
3268,14,4,4,0,0,22,0.6363636363636364
3269,15,3,4,0,0,22,0.6818181818181818
3270,13,3,4,0,0,20,0.65
3271,15,3,4,0,0,22,0.6818181818181818
3272,12,3,4,0,0,19,0.631578947368421
3273,15,3,4,0,0,22,0.6818181818181818
3274,13,3,4,0,0,20,0.65
3275,15,3,4,0,0,22,0.6818181818181818
3276,14,3,4,0,0,21,0.6666666666666666
3277,13,3,4,0,0,20,0.65
3278,15,3,4,0,0,22,0.6818181818181818
3279,15,3,4,0,0,22,0.6818181818181818
3280,15,4,5,0,0,24,0.625
3281,14,3,4,0,0,21,0.6666666666666666
3282,14,3,4,0,0,21,0.6666666666666666
3283,14,3,4,0,0,21,0.6666666666666666
3284,13,3,4,0,0,20,0.65
3285,13,3,4,0,0,20,0.65
3286,15,3,4,0,0,22,0.6818181818181818
3287,14,3,4,0,0,21,0.6666666666666666
3288,14,3,4,0,0,21,0.6666666666666666
3289,14,3,4,0,0,21,0.6666666666666666
3290,14,3,4,0,0,21,0.6666666666666666
3291,14,3,3,0,0,20,0.7
3292,13,3,4,0,0,20,0.65
3293,13,3,4,0,0,20,0.65
3294,12,3,4,0,0,19,0.631578947368421
3295,14,4,4,0,0,22,0.6363636363636364
3296,15,3,4,0,0,22,0.6818181818181818
3297,14,3,4,0,0,21,0.6666666666666666
3298,14,3,4,0,0,21,0.6666666666666666
3299,14,4,4,0,0,22,0.6363636363636364
3300,15,2,4,0,0,21,0.7142857142857143
3301,14,3,4,0,0,21,0.6666666666666666
3302,13,3,4,0,0,20,0.65
3303,15,3,4,0,0,22,0.6818181818181818
3304,13,3,4,0,0,20,0.65
3305,13,4,4,0,0,21,0.6190476190476191
3306,12,4,4,0,0,20,0.6
3307,15,3,4,0,0,22,0.6818181818181818
3308,14,3,4,0,0,21,0.6666666666666666
3309,11,4,4,0,0,19,0.5789473684210527
3310,14,3,4,0,0,21,0.6666666666666666
3311,13,3,4,0,0,20,0.65
3312,15,4,4,0,0,23,0.6521739130434783
3313,14,4,4,0,0,22,0.6363636363636364
3314,12,4,4,0,0,20,0.6
3315,14,4,4,0,0,22,0.6363636363636364
3316,14,3,4,0,0,21,0.6666666666666666
3317,14,3,4,0,0,21,0.6666666666666666
3318,15,3,4,0,0,22,0.6818181818181818
3319,14,3,4,0,0,21,0.6666666666666666
3320,13,4,4,0,0,21,0.6190476190476191
3321,13,2,4,0,0,19,0.6842105263157895
3322,15,2,4,0,0,21,0.7142857142857143
3323,14,4,4,0,0,22,0.6363636363636364
3324,15,4,4,0,0,23,0.6521739130434783
3325,14,2,4,0,0,20,0.7
3326,13,4,4,0,0,21,0.6190476190476191
3327,14,2,4,0,0,20,0.7
3328,15,2,4,0,0,21,0.7142857142857143
3329,14,2,4,0,0,20,0.7
3330,12,2,4,0,0,18,0.6666666666666666
3331,15,3,4,0,0,22,0.6818181818181818
3332,14,3,4,0,0,21,0.6666666666666666
3333,14,5,4,0,0,23,0.6086956521739131
3334,13,3,4,0,0,20,0.65
3335,15,4,4,0,0,23,0.6521739130434783
3336,15,3,4,0,0,22,0.6818181818181818
3337,14,3,4,0,0,21,0.6666666666666666
3338,13,3,4,0,0,20,0.65
3339,13,4,4,0,0,21,0.6190476190476191
3340,13,3,4,0,0,20,0.65
3341,13,3,4,0,0,20,0.65
3342,13,4,4,0,0,21,0.6190476190476191
3343,14,3,4,0,0,21,0.6666666666666666
3344,13,3,4,0,0,20,0.65
3345,12,4,4,0,0,20,0.6
3346,13,3,4,0,0,20,0.65
3347,13,3,4,0,0,20,0.65
3348,10,3,4,0,0,17,0.5882352941176471
3349,13,3,4,0,0,20,0.65
3350,15,2,4,0,0,21,0.7142857142857143
3351,13,4,4,0,0,21,0.6190476190476191
3352,13,5,4,0,0,22,0.5909090909090909
3353,14,4,4,0,0,22,0.6363636363636364
3354,14,4,4,0,0,22,0.6363636363636364
3355,12,3,4,0,0,19,0.631578947368421
3356,13,4,4,0,0,21,0.6190476190476191
3357,15,4,4,0,0,23,0.6521739130434783
3358,12,3,4,0,0,19,0.631578947368421
3359,14,4,4,0,0,22,0.6363636363636364
3360,14,4,4,0,0,22,0.6363636363636364
3361,13,3,3,0,0,19,0.6842105263157895
3362,13,4,4,0,0,21,0.6190476190476191
3363,15,3,4,0,0,22,0.6818181818181818
3364,12,4,4,0,0,20,0.6
3365,13,4,4,0,0,21,0.6190476190476191
3366,12,3,4,0,0,19,0.631578947368421
3367,12,4,4,0,0,20,0.6
3368,13,3,4,0,0,20,0.65
3369,13,4,4,0,0,21,0.6190476190476191
3370,13,3,4,0,0,20,0.65
3371,12,3,4,0,0,19,0.631578947368421
3372,13,3,4,0,0,20,0.65
3373,13,3,4,0,0,20,0.65
3374,12,3,4,0,0,19,0.631578947368421
3375,13,3,4,0,0,20,0.65
3376,12,4,4,0,0,20,0.6
3377,15,4,4,0,0,23,0.6521739130434783
3378,13,3,4,0,0,20,0.65
3379,14,3,4,0,0,21,0.6666666666666666
3380,13,4,3,0,0,20,0.65
3381,14,3,4,0,0,21,0.6666666666666666
3382,14,3,4,0,0,21,0.6666666666666666
3383,11,3,4,0,0,18,0.6111111111111112
3384,13,4,4,0,0,21,0.6190476190476191
3385,14,3,4,0,0,21,0.6666666666666666
3386,13,3,4,0,0,20,0.65
3387,12,3,4,0,0,19,0.631578947368421
3388,12,4,4,0,0,20,0.6
3389,12,4,4,0,0,20,0.6
3390,14,3,4,0,0,21,0.6666666666666666
3391,14,4,4,0,0,22,0.6363636363636364
3392,11,3,4,0,0,18,0.6111111111111112
3393,14,3,4,0,0,21,0.6666666666666666
3394,13,4,4,0,0,21,0.6190476190476191
3395,12,3,4,0,0,19,0.631578947368421
3396,12,4,4,0,0,20,0.6
3397,11,4,4,0,0,19,0.5789473684210527
3398,13,3,4,0,0,20,0.65
3399,13,3,4,0,0,20,0.65
3400,13,4,4,0,0,21,0.6190476190476191
3401,13,3,4,0,0,20,0.65
3402,13,3,4,0,0,20,0.65
3403,13,3,4,0,0,20,0.65
3404,12,4,4,0,0,20,0.6
3405,13,3,4,0,0,20,0.65
3406,12,3,4,0,0,19,0.631578947368421
3407,13,3,4,0,0,20,0.65
3408,12,3,4,0,0,19,0.631578947368421
3409,12,3,4,0,0,19,0.631578947368421
3410,12,3,4,0,0,19,0.631578947368421
3411,13,3,4,0,0,20,0.65
3412,12,4,4,0,0,20,0.6
3413,10,3,4,0,0,17,0.5882352941176471
3414,12,3,4,0,0,19,0.631578947368421
3415,14,2,4,0,0,20,0.7
3416,14,3,4,0,0,21,0.6666666666666666
3417,13,3,4,0,0,20,0.65
3418,13,3,4,0,0,20,0.65
3419,13,3,3,0,0,19,0.6842105263157895
3420,14,3,4,0,0,21,0.6666666666666666
3421,11,3,4,0,0,18,0.6111111111111112
3422,12,4,4,0,0,20,0.6
3423,13,4,3,0,0,20,0.65
3424,12,4,4,0,0,20,0.6
3425,12,4,4,0,0,20,0.6
3426,10,3,4,0,0,17,0.5882352941176471
3427,14,3,4,0,0,21,0.6666666666666666
3428,12,3,4,0,0,19,0.631578947368421
3429,14,3,4,0,0,21,0.6666666666666666
3430,13,3,4,0,0,20,0.65
3431,13,4,4,0,0,21,0.6190476190476191
3432,14,3,4,0,0,21,0.6666666666666666
3433,12,4,4,0,0,20,0.6
3434,12,4,4,0,0,20,0.6
3435,14,4,4,0,0,22,0.6363636363636364
3436,14,3,4,0,0,21,0.6666666666666666
3437,12,3,4,0,0,19,0.631578947368421
3438,14,3,4,0,0,21,0.6666666666666666
3439,14,3,4,0,0,21,0.6666666666666666
3440,14,4,4,0,0,22,0.6363636363636364
3441,15,3,4,0,0,22,0.6818181818181818
3442,12,3,4,0,0,19,0.631578947368421
3443,15,3,4,0,0,22,0.6818181818181818
3444,15,3,4,0,0,22,0.6818181818181818
3445,14,3,4,0,0,21,0.6666666666666666
3446,14,3,4,0,0,21,0.6666666666666666
3447,13,4,4,0,0,21,0.6190476190476191
3448,14,4,4,0,0,22,0.6363636363636364
3449,14,3,4,0,0,21,0.6666666666666666
3450,15,3,4,0,0,22,0.6818181818181818
3451,12,3,4,0,0,19,0.631578947368421
3452,15,3,4,0,0,22,0.6818181818181818
3453,14,4,4,0,0,22,0.6363636363636364
3454,14,3,4,0,0,21,0.6666666666666666
3455,13,4,4,0,0,21,0.6190476190476191
3456,15,3,4,0,0,22,0.6818181818181818
3457,14,3,4,0,0,21,0.6666666666666666
3458,13,3,4,0,0,20,0.65
3459,13,4,4,0,0,21,0.6190476190476191
3460,13,4,4,0,0,21,0.6190476190476191
3461,14,3,4,0,0,21,0.6666666666666666
3462,14,3,4,0,0,21,0.6666666666666666
3463,13,3,4,0,0,20,0.65
3464,13,4,4,0,0,21,0.6190476190476191
3465,14,4,4,0,0,22,0.6363636363636364
3466,15,4,4,0,0,23,0.6521739130434783
3467,12,3,4,0,0,19,0.631578947368421
3468,13,4,4,0,0,21,0.6190476190476191
3469,14,3,4,0,0,21,0.6666666666666666
3470,15,2,4,0,0,21,0.7142857142857143
3471,15,3,4,0,0,22,0.6818181818181818
3472,15,2,4,0,0,21,0.7142857142857143
3473,13,2,4,0,0,19,0.6842105263157895
3474,15,3,4,0,0,22,0.6818181818181818
3475,14,3,4,0,0,21,0.6666666666666666
3476,14,3,4,0,0,21,0.6666666666666666
3477,12,3,4,0,0,19,0.631578947368421
3478,14,3,4,0,0,21,0.6666666666666666
3479,14,3,4,0,0,21,0.6666666666666666
3480,13,3,4,0,0,20,0.65
3481,15,4,4,0,0,23,0.6521739130434783
3482,13,2,4,0,0,19,0.6842105263157895
3483,14,3,4,0,0,21,0.6666666666666666
3484,15,3,4,0,0,22,0.6818181818181818
3485,14,3,4,0,0,21,0.6666666666666666
3486,13,3,4,1,0,21,0.6190476190476191
3487,12,4,4,0,0,20,0.6
3488,13,4,4,0,0,21,0.6190476190476191
3489,13,4,4,0,0,21,0.6190476190476191
3490,12,3,4,0,0,19,0.631578947368421
3491,12,2,4,0,0,18,0.6666666666666666
3492,14,3,4,0,0,21,0.6666666666666666
3493,15,4,4,0,0,23,0.6521739130434783
3494,12,3,4,0,0,19,0.631578947368421
3495,13,3,4,0,0,20,0.65
3496,14,2,4,0,0,20,0.7
3497,12,3,4,0,0,19,0.631578947368421
3498,13,2,4,0,0,19,0.6842105263157895
3499,12,2,4,0,0,18,0.6666666666666666
3500,12,4,4,0,0,20,0.6
3501,15,3,4,0,0,22,0.6818181818181818
3502,14,4,4,0,0,22,0.6363636363636364
3503,11,3,4,0,0,18,0.6111111111111112
3504,11,2,4,0,0,17,0.6470588235294118
3505,12,4,4,0,0,20,0.6
3506,13,2,4,0,0,19,0.6842105263157895
3507,13,3,4,0,0,20,0.65
3508,14,2,4,0,0,20,0.7
3509,14,3,4,0,0,21,0.6666666666666666
3510,13,3,4,0,0,20,0.65
3511,15,3,4,0,0,22,0.6818181818181818
3512,12,2,4,0,0,18,0.6666666666666666
3513,11,3,4,0,0,18,0.6111111111111112
3514,13,3,4,0,0,20,0.65
3515,14,3,4,0,0,21,0.6666666666666666
3516,12,4,4,1,0,21,0.5714285714285714
3517,13,2,4,1,0,20,0.65
3518,14,3,4,0,0,21,0.6666666666666666
3519,13,3,4,0,0,20,0.65
3520,14,2,4,0,0,20,0.7
3521,14,2,4,0,0,20,0.7
3522,12,3,4,0,0,19,0.631578947368421
3523,13,3,4,0,0,20,0.65
3524,15,3,4,0,0,22,0.6818181818181818
3525,13,3,4,0,0,20,0.65
3526,14,3,4,0,0,21,0.6666666666666666
3527,13,2,4,0,0,19,0.6842105263157895
3528,13,3,4,0,0,20,0.65
3529,15,4,4,0,0,23,0.6521739130434783
3530,12,4,4,0,0,20,0.6
3531,14,4,4,0,0,22,0.6363636363636364
3532,13,3,4,0,0,20,0.65
3533,13,2,4,0,0,19,0.6842105263157895
3534,14,4,4,0,0,22,0.6363636363636364
3535,14,4,4,0,0,22,0.6363636363636364
3536,14,3,4,0,0,21,0.6666666666666666
3537,12,3,4,0,0,19,0.631578947368421
3538,14,3,4,0,0,21,0.6666666666666666
3539,14,2,4,0,0,20,0.7
3540,14,3,4,0,0,21,0.6666666666666666
3541,14,3,4,0,0,21,0.6666666666666666
3542,14,4,4,0,0,22,0.6363636363636364
3543,14,3,4,0,0,21,0.6666666666666666
3544,13,3,4,0,0,20,0.65
3545,14,3,4,0,0,21,0.6666666666666666
3546,14,3,4,0,0,21,0.6666666666666666
3547,14,3,4,1,0,22,0.6363636363636364
3548,12,3,4,0,0,19,0.631578947368421
3549,14,4,4,0,0,22,0.6363636363636364
3550,14,2,4,0,0,20,0.7
3551,13,2,4,0,0,19,0.6842105263157895
3552,14,2,4,0,0,20,0.7
3553,15,2,4,0,0,21,0.7142857142857143
3554,14,3,4,0,0,21,0.6666666666666666
3555,15,3,4,0,0,22,0.6818181818181818
3556,13,3,4,0,0,20,0.65
3557,13,3,4,0,0,20,0.65
3558,15,2,4,0,0,21,0.7142857142857143
3559,14,4,4,0,0,22,0.6363636363636364
3560,14,2,4,0,0,20,0.7
3561,14,3,4,0,0,21,0.6666666666666666
3562,11,4,4,0,0,19,0.5789473684210527
3563,14,3,4,0,0,21,0.6666666666666666
3564,14,3,4,0,0,21,0.6666666666666666
3565,15,3,4,0,0,22,0.6818181818181818
3566,14,3,4,0,0,21,0.6666666666666666
3567,15,4,4,0,0,23,0.6521739130434783
3568,15,2,4,1,0,22,0.6818181818181818
3569,12,2,4,0,0,18,0.6666666666666666
3570,14,2,4,0,0,20,0.7
3571,15,3,4,0,0,22,0.6818181818181818
3572,13,4,4,0,0,21,0.6190476190476191
3573,12,3,4,0,0,19,0.631578947368421
3574,15,2,4,0,0,21,0.7142857142857143
3575,14,2,4,0,0,20,0.7
3576,15,2,4,0,0,21,0.7142857142857143
3577,14,2,4,0,0,20,0.7
3578,15,2,4,0,0,21,0.7142857142857143
3579,15,2,4,0,0,21,0.7142857142857143
3580,13,3,4,0,0,20,0.65
3581,13,3,4,0,0,20,0.65
3582,13,2,4,0,0,19,0.6842105263157895
3583,13,4,4,0,0,21,0.6190476190476191
3584,14,4,4,0,0,22,0.6363636363636364
3585,14,3,4,0,0,21,0.6666666666666666
3586,15,3,4,0,0,22,0.6818181818181818
3587,14,2,4,0,0,20,0.7
3588,12,3,4,0,0,19,0.631578947368421
3589,13,3,4,0,0,20,0.65
3590,14,3,4,0,0,21,0.6666666666666666
3591,13,3,4,0,0,20,0.65
3592,14,3,4,0,0,21,0.6666666666666666
3593,12,2,4,0,0,18,0.6666666666666666
3594,15,3,4,0,0,22,0.6818181818181818
3595,14,3,4,0,0,21,0.6666666666666666
3596,13,2,4,0,0,19,0.6842105263157895
3597,15,2,4,1,0,22,0.6818181818181818
3598,15,3,4,0,0,22,0.6818181818181818
3599,12,2,4,0,0,18,0.6666666666666666
3600,14,2,4,0,0,20,0.7
3601,15,2,4,0,0,21,0.7142857142857143
3602,14,3,4,0,0,21,0.6666666666666666
3603,14,3,4,0,0,21,0.6666666666666666
3604,13,3,4,0,0,20,0.65
3605,15,2,4,0,0,21,0.7142857142857143
3606,13,2,4,0,0,19,0.6842105263157895
3607,14,2,4,0,0,20,0.7
3608,13,2,4,0,0,19,0.6842105263157895
3609,13,2,4,0,0,19,0.6842105263157895
3610,12,2,4,0,0,18,0.6666666666666666
3611,12,4,4,0,0,20,0.6
3612,12,3,4,1,0,20,0.6
3613,11,2,4,0,0,17,0.6470588235294118
3614,11,3,4,1,0,19,0.5789473684210527
3615,11,4,4,0,0,19,0.5789473684210527
3616,12,4,4,0,0,20,0.6
3617,10,4,4,1,0,19,0.5263157894736842
3618,12,4,4,1,0,21,0.5714285714285714
3619,13,5,4,1,0,23,0.5652173913043478
3620,12,4,4,1,0,21,0.5714285714285714
3621,11,5,4,1,0,21,0.5238095238095238
3622,11,3,4,1,0,19,0.5789473684210527
3623,11,4,4,1,0,20,0.55
3624,12,4,4,1,0,21,0.5714285714285714
3625,13,4,4,1,0,22,0.5909090909090909
3626,12,4,4,1,0,21,0.5714285714285714
3627,11,4,4,1,0,20,0.55
3628,12,4,4,1,0,21,0.5714285714285714
3629,11,4,4,1,0,20,0.55
3630,12,4,4,1,0,21,0.5714285714285714
3631,12,4,4,1,0,21,0.5714285714285714
3632,11,6,4,1,0,22,0.5
3633,12,5,4,1,0,22,0.5454545454545454
3634,14,3,4,1,0,22,0.6363636363636364
3635,11,4,3,1,0,19,0.5789473684210527
3636,13,3,4,1,0,21,0.6190476190476191
3637,13,3,4,1,0,21,0.6190476190476191
3638,12,4,4,1,0,21,0.5714285714285714
3639,11,4,4,1,0,20,0.55
3640,11,4,4,1,0,20,0.55
3641,11,4,4,1,0,20,0.55
3642,11,4,4,1,0,20,0.55
3643,12,4,4,1,0,21,0.5714285714285714
3644,12,4,4,1,0,21,0.5714285714285714
3645,11,4,4,1,0,20,0.55
3646,10,4,4,1,0,19,0.5263157894736842
3647,12,5,4,1,0,22,0.5454545454545454
3648,12,4,4,1,0,21,0.5714285714285714
3649,14,4,4,1,0,23,0.6086956521739131
3650,11,5,4,1,0,21,0.5238095238095238
3651,12,4,4,1,0,21,0.5714285714285714
3652,13,2,4,1,0,20,0.65
3653,11,5,4,1,0,21,0.5238095238095238
3654,12,4,4,1,0,21,0.5714285714285714
3655,12,4,4,1,0,21,0.5714285714285714
3656,12,4,4,1,0,21,0.5714285714285714
3657,12,4,4,1,0,21,0.5714285714285714
3658,14,5,4,1,0,24,0.5833333333333334
3659,13,4,4,1,0,22,0.5909090909090909
3660,11,3,4,1,0,19,0.5789473684210527
3661,12,4,4,1,0,21,0.5714285714285714
3662,13,4,4,1,0,22,0.5909090909090909
3663,11,5,4,1,0,21,0.5238095238095238
3664,12,4,4,1,0,21,0.5714285714285714
3665,12,4,4,1,0,21,0.5714285714285714
3666,11,5,4,1,0,21,0.5238095238095238
3667,11,4,4,1,0,20,0.55
3668,11,4,4,1,0,20,0.55
3669,11,4,4,1,0,20,0.55
3670,10,4,4,1,0,19,0.5263157894736842
3671,13,4,4,1,0,22,0.5909090909090909
3672,12,4,4,1,0,21,0.5714285714285714
3673,12,3,4,1,0,20,0.6
3674,11,4,4,1,0,20,0.55
3675,12,4,4,1,0,21,0.5714285714285714
3676,11,4,4,1,0,20,0.55
3677,13,4,4,1,0,22,0.5909090909090909
3678,14,4,4,1,0,23,0.6086956521739131
3679,13,4,4,1,0,22,0.5909090909090909
3680,12,3,4,1,0,20,0.6
3681,13,4,4,1,0,22,0.5909090909090909
3682,12,4,4,1,0,21,0.5714285714285714
3683,13,4,4,1,0,22,0.5909090909090909
3684,11,4,4,1,0,20,0.55
3685,10,5,4,1,0,20,0.5
3686,11,3,4,1,0,19,0.5789473684210527
3687,13,3,4,1,0,21,0.6190476190476191
3688,12,2,4,1,0,19,0.631578947368421
3689,12,3,4,1,0,20,0.6
3690,13,2,4,1,0,20,0.65
3691,14,2,4,1,0,21,0.6666666666666666
3692,12,2,4,1,0,19,0.631578947368421
3693,12,2,4,1,0,19,0.631578947368421
3694,13,2,4,1,0,20,0.65
3695,11,3,4,1,0,19,0.5789473684210527
3696,12,3,4,1,0,20,0.6
3697,12,3,4,1,0,20,0.6
3698,11,2,4,1,0,18,0.6111111111111112
3699,13,2,4,1,0,20,0.65
3700,14,2,4,1,0,21,0.6666666666666666
3701,13,3,4,1,0,21,0.6190476190476191
3702,12,2,4,1,0,19,0.631578947368421
3703,11,3,4,1,0,19,0.5789473684210527
3704,11,2,4,1,0,18,0.6111111111111112
3705,15,2,4,1,0,22,0.6818181818181818
3706,14,2,4,1,0,21,0.6666666666666666
3707,13,2,4,1,0,20,0.65
3708,12,2,4,1,0,19,0.631578947368421
3709,10,2,4,1,0,17,0.5882352941176471
3710,12,2,4,1,0,19,0.631578947368421
3711,12,2,4,1,0,19,0.631578947368421
3712,13,2,4,1,0,20,0.65
3713,11,3,4,1,0,19,0.5789473684210527
3714,13,2,4,1,0,20,0.65
3715,12,3,4,0,0,19,0.631578947368421
3716,11,4,4,0,0,19,0.5789473684210527
3717,12,2,4,0,0,18,0.6666666666666666
3718,13,3,4,0,0,20,0.65
3719,12,2,4,0,0,18,0.6666666666666666
3720,11,2,4,1,0,18,0.6111111111111112
3721,12,2,4,1,0,19,0.631578947368421
3722,12,3,4,1,0,20,0.6
3723,13,2,4,1,0,20,0.65
3724,11,4,4,1,0,20,0.55
3725,13,2,3,1,0,19,0.6842105263157895
3726,12,3,4,1,0,20,0.6
3727,15,2,4,1,0,22,0.6818181818181818
3728,13,3,4,1,0,21,0.6190476190476191
3729,14,3,4,1,0,22,0.6363636363636364
3730,14,3,4,1,0,22,0.6363636363636364
3731,12,3,4,1,0,20,0.6
3732,12,3,4,1,0,20,0.6
3733,12,2,4,1,0,19,0.631578947368421
3734,12,3,4,1,0,20,0.6
3735,12,3,4,1,0,20,0.6
3736,14,4,4,1,0,23,0.6086956521739131
3737,12,3,4,1,0,20,0.6
3738,13,3,4,1,0,21,0.6190476190476191
3739,15,4,4,1,0,24,0.625
3740,13,4,4,1,0,22,0.5909090909090909
3741,12,3,4,1,0,20,0.6
3742,13,3,4,1,0,21,0.6190476190476191
3743,12,4,4,1,0,21,0.5714285714285714
3744,12,3,4,1,0,20,0.6
3745,12,3,4,1,0,20,0.6
3746,14,3,4,1,0,22,0.6363636363636364
3747,12,4,4,1,0,21,0.5714285714285714
3748,13,4,4,1,0,22,0.5909090909090909
3749,13,4,4,1,0,22,0.5909090909090909
3750,14,4,4,1,0,23,0.6086956521739131
3751,14,4,4,1,0,23,0.6086956521739131
3752,13,4,4,1,0,22,0.5909090909090909
3753,12,3,4,1,0,20,0.6
3754,10,4,4,1,0,19,0.5263157894736842
3755,12,4,4,1,0,21,0.5714285714285714
3756,11,4,4,1,0,20,0.55
3757,13,3,4,1,0,21,0.6190476190476191
3758,12,2,4,1,0,19,0.631578947368421
3759,12,4,4,1,0,21,0.5714285714285714
3760,11,4,4,1,0,20,0.55
3761,11,4,4,1,0,20,0.55
3762,14,4,4,1,0,23,0.6086956521739131
3763,12,5,4,1,0,22,0.5454545454545454
3764,11,2,4,1,0,18,0.6111111111111112
3765,12,4,4,1,0,21,0.5714285714285714
3766,13,4,4,1,0,22,0.5909090909090909
3767,13,4,4,1,0,22,0.5909090909090909
3768,13,4,4,1,0,22,0.5909090909090909
3769,11,4,4,1,0,20,0.55
3770,13,4,4,1,0,22,0.5909090909090909
3771,13,3,4,1,0,21,0.6190476190476191
3772,13,4,4,1,0,22,0.5909090909090909
3773,13,4,4,1,0,22,0.5909090909090909
3774,11,3,4,1,0,19,0.5789473684210527
3775,11,4,4,1,0,20,0.55
3776,12,5,4,1,0,22,0.5454545454545454
3777,13,4,4,1,0,22,0.5909090909090909
3778,13,3,4,1,0,21,0.6190476190476191
3779,12,4,4,1,0,21,0.5714285714285714
3780,14,4,4,1,0,23,0.6086956521739131
3781,12,4,4,1,0,21,0.5714285714285714
3782,12,4,4,1,0,21,0.5714285714285714
3783,12,4,4,1,0,21,0.5714285714285714
3784,12,5,4,1,0,22,0.5454545454545454
3785,12,4,4,1,0,21,0.5714285714285714
3786,13,4,4,1,0,22,0.5909090909090909
3787,13,4,4,1,0,22,0.5909090909090909
3788,14,4,4,1,0,23,0.6086956521739131
3789,14,4,4,1,0,23,0.6086956521739131
3790,14,4,4,1,0,23,0.6086956521739131
3791,13,3,4,1,0,21,0.6190476190476191
3792,14,4,4,1,0,23,0.6086956521739131
3793,11,4,4,1,0,20,0.55
3794,12,5,4,1,0,22,0.5454545454545454
3795,13,4,4,1,0,22,0.5909090909090909
3796,13,4,4,1,0,22,0.5909090909090909
3797,11,3,4,1,0,19,0.5789473684210527
3798,13,4,4,1,0,22,0.5909090909090909
3799,13,4,4,1,0,22,0.5909090909090909
3800,12,5,4,1,0,22,0.5454545454545454
3801,13,4,4,1,0,22,0.5909090909090909
3802,11,5,4,1,0,21,0.5238095238095238
3803,13,4,4,1,0,22,0.5909090909090909
3804,14,4,4,1,0,23,0.6086956521739131
3805,13,4,4,1,0,22,0.5909090909090909
3806,12,4,4,1,0,21,0.5714285714285714
3807,12,4,4,1,0,21,0.5714285714285714
3808,12,4,4,1,0,21,0.5714285714285714
3809,13,4,4,1,0,22,0.5909090909090909
3810,12,4,4,1,0,21,0.5714285714285714
3811,12,4,4,1,0,21,0.5714285714285714
3812,13,4,4,1,0,22,0.5909090909090909
3813,11,4,4,1,0,20,0.55
3814,13,3,4,1,0,21,0.6190476190476191
3815,11,4,4,1,0,20,0.55
3816,12,5,4,1,0,22,0.5454545454545454
3817,14,4,4,1,0,23,0.6086956521739131
3818,13,4,4,1,0,22,0.5909090909090909
3819,14,4,4,1,0,23,0.6086956521739131
3820,11,6,4,1,0,22,0.5
3821,13,4,4,1,0,22,0.5909090909090909
3822,12,4,4,1,0,21,0.5714285714285714
3823,13,4,4,1,0,22,0.5909090909090909
3824,13,4,4,1,0,22,0.5909090909090909
3825,12,4,4,1,0,21,0.5714285714285714
3826,14,4,4,1,0,23,0.6086956521739131
3827,12,4,4,1,0,21,0.5714285714285714
3828,14,4,4,1,0,23,0.6086956521739131
3829,13,4,4,1,0,22,0.5909090909090909
3830,12,4,4,1,0,21,0.5714285714285714
3831,11,4,4,1,0,20,0.55
3832,14,4,4,1,0,23,0.6086956521739131
3833,13,4,4,1,0,22,0.5909090909090909
3834,11,5,4,1,0,21,0.5238095238095238
3835,12,4,4,1,0,21,0.5714285714285714
3836,12,3,4,1,0,20,0.6
3837,13,4,4,1,0,22,0.5909090909090909
3838,12,4,4,1,0,21,0.5714285714285714
3839,11,3,4,1,0,19,0.5789473684210527
3840,14,4,4,1,0,23,0.6086956521739131
3841,11,4,4,1,0,20,0.55
3842,13,5,4,1,0,23,0.5652173913043478
3843,12,3,4,1,0,20,0.6
3844,12,5,4,1,0,22,0.5454545454545454
3845,11,4,4,1,0,20,0.55
3846,13,3,4,1,0,21,0.6190476190476191
3847,12,3,4,1,0,20,0.6
3848,13,4,4,1,0,22,0.5909090909090909
3849,11,5,4,1,0,21,0.5238095238095238
3850,12,4,4,1,0,21,0.5714285714285714
3851,12,2,4,1,0,19,0.631578947368421
3852,12,3,4,1,0,20,0.6
3853,14,2,4,1,0,21,0.6666666666666666
3854,13,3,4,1,0,21,0.6190476190476191
3855,12,2,4,1,0,19,0.631578947368421
3856,14,3,4,1,0,22,0.6363636363636364
3857,12,3,4,1,0,20,0.6
3858,11,3,4,1,0,19,0.5789473684210527
3859,10,4,4,1,0,19,0.5263157894736842
3860,13,3,4,1,0,21,0.6190476190476191
3861,14,4,4,1,0,23,0.6086956521739131
3862,12,4,4,1,0,21,0.5714285714285714
3863,11,3,4,1,0,19,0.5789473684210527
3864,12,3,4,1,0,20,0.6
3865,13,4,4,1,0,22,0.5909090909090909
3866,11,3,4,1,0,19,0.5789473684210527
3867,13,3,4,1,0,21,0.6190476190476191
3868,12,3,4,1,0,20,0.6
3869,13,3,4,1,0,21,0.6190476190476191
3870,13,4,4,1,0,22,0.5909090909090909
3871,12,3,4,1,0,20,0.6
3872,13,4,4,1,0,22,0.5909090909090909
3873,12,3,4,1,0,20,0.6
3874,14,3,4,1,0,22,0.6363636363636364
3875,13,2,4,1,0,20,0.65
3876,8,3,4,1,0,16,0.5
3877,11,4,4,1,0,20,0.55
3878,12,4,4,1,0,21,0.5714285714285714
3879,9,3,4,1,0,17,0.5294117647058824
3880,12,2,4,1,0,19,0.631578947368421
3881,12,3,4,1,0,20,0.6
3882,13,3,4,1,0,21,0.6190476190476191
3883,12,3,4,1,0,20,0.6
3884,12,3,3,1,0,19,0.631578947368421
3885,12,3,4,1,0,20,0.6
3886,11,4,4,1,0,20,0.55
3887,12,3,4,1,0,20,0.6
3888,12,3,4,1,0,20,0.6
3889,12,2,4,1,0,19,0.631578947368421
3890,11,3,4,1,0,19,0.5789473684210527
3891,12,3,4,1,0,20,0.6
3892,12,3,4,1,0,20,0.6
3893,12,3,4,1,0,20,0.6
3894,12,3,4,1,0,20,0.6
3895,11,3,4,1,0,19,0.5789473684210527
3896,13,3,4,1,0,21,0.6190476190476191
3897,12,3,4,1,0,20,0.6
3898,13,4,4,1,0,22,0.5909090909090909
3899,13,4,4,1,0,22,0.5909090909090909
3900,12,3,4,1,0,20,0.6
3901,11,3,4,1,0,19,0.5789473684210527
3902,10,3,4,1,0,18,0.5555555555555556
3903,13,3,4,1,0,21,0.6190476190476191
3904,14,3,4,1,0,22,0.6363636363636364
3905,12,3,4,1,0,20,0.6
3906,11,2,4,1,0,18,0.6111111111111112
3907,10,3,4,1,0,18,0.5555555555555556
3908,12,3,4,1,0,20,0.6
3909,11,3,4,1,0,19,0.5789473684210527
3910,12,3,4,1,0,20,0.6
3911,10,5,4,1,0,20,0.5
3912,11,2,4,1,0,18,0.6111111111111112
3913,11,2,4,1,0,18,0.6111111111111112
3914,11,4,4,1,0,20,0.55
3915,10,3,4,1,0,18,0.5555555555555556
3916,12,3,4,1,0,20,0.6
3917,10,2,3,1,0,16,0.625
3918,12,3,3,1,0,19,0.631578947368421
3919,13,3,3,1,0,20,0.65
3920,11,3,3,1,0,18,0.6111111111111112
3921,10,4,3,1,0,18,0.5555555555555556
3922,11,3,3,1,0,18,0.6111111111111112
3923,12,5,3,1,0,21,0.5714285714285714
3924,12,3,3,1,0,19,0.631578947368421
3925,11,2,3,1,0,17,0.6470588235294118
3926,13,3,3,1,0,20,0.65
3927,13,4,3,1,0,21,0.6190476190476191
3928,13,4,3,1,0,21,0.6190476190476191
3929,13,3,3,1,0,20,0.65
3930,12,4,3,1,0,20,0.6
3931,10,3,3,1,0,17,0.5882352941176471
3932,10,4,2,1,0,17,0.5882352941176471
3933,12,5,2,1,0,20,0.6
3934,13,3,2,1,0,19,0.6842105263157895
3935,14,4,2,1,0,21,0.6666666666666666
3936,12,4,2,0,0,18,0.6666666666666666
3937,11,3,3,0,0,17,0.6470588235294118
3938,13,5,2,0,0,20,0.65
3939,12,4,2,1,0,19,0.631578947368421
3940,10,5,3,1,0,19,0.5263157894736842
3941,13,5,3,1,0,22,0.5909090909090909
3942,13,4,2,0,0,19,0.6842105263157895
3943,13,5,2,1,0,21,0.6190476190476191
3944,11,3,3,1,0,18,0.6111111111111112
3945,11,4,3,1,0,19,0.5789473684210527
3946,11,5,3,0,0,19,0.5789473684210527
3947,13,4,3,0,0,20,0.65
3948,12,4,3,1,0,20,0.6
3949,12,5,3,0,0,20,0.6
3950,13,4,3,1,0,21,0.6190476190476191
3951,13,3,3,0,0,19,0.6842105263157895
3952,12,3,3,1,0,19,0.631578947368421
3953,13,4,3,1,0,21,0.6190476190476191
3954,13,4,3,1,0,21,0.6190476190476191
3955,12,4,3,0,0,19,0.631578947368421
3956,11,3,3,1,0,18,0.6111111111111112
3957,13,4,3,1,0,21,0.6190476190476191
3958,13,4,3,1,0,21,0.6190476190476191
3959,13,3,3,1,0,20,0.65
3960,12,4,3,1,0,20,0.6
3961,13,3,3,1,0,20,0.65
3962,14,4,3,1,0,22,0.6363636363636364
3963,13,5,2,1,0,21,0.6190476190476191
3964,13,3,2,1,0,19,0.6842105263157895
3965,14,2,2,1,0,19,0.7368421052631579
3966,11,3,2,1,0,17,0.6470588235294118
3967,13,4,2,1,0,20,0.65
3968,12,4,2,1,0,19,0.631578947368421
3969,13,4,2,1,0,20,0.65
3970,13,6,2,1,0,22,0.5909090909090909
3971,13,4,3,1,0,21,0.6190476190476191
3972,14,4,2,1,0,21,0.6666666666666666
3973,13,2,2,1,0,18,0.7222222222222222
3974,13,4,3,1,0,21,0.6190476190476191
3975,11,4,2,1,0,18,0.6111111111111112
3976,14,4,2,1,0,21,0.6666666666666666
3977,12,4,2,1,0,19,0.631578947368421
3978,12,4,3,1,0,20,0.6
3979,14,4,2,1,0,21,0.6666666666666666
3980,13,3,3,1,0,20,0.65
3981,12,4,3,1,0,20,0.6
3982,13,3,3,1,0,20,0.65
3983,12,5,2,1,0,20,0.6
3984,14,4,3,1,0,22,0.6363636363636364
3985,13,4,3,1,0,21,0.6190476190476191
3986,13,5,2,1,0,21,0.6190476190476191
3987,14,3,2,1,0,20,0.7
3988,14,4,2,1,0,21,0.6666666666666666
3989,14,3,2,1,0,20,0.7
3990,14,4,2,1,0,21,0.6666666666666666
3991,14,4,2,1,0,21,0.6666666666666666
3992,13,3,2,1,0,19,0.6842105263157895
3993,14,4,2,1,0,21,0.6666666666666666
3994,13,4,2,1,0,20,0.65
3995,14,3,2,1,0,20,0.7
3996,14,5,2,1,0,22,0.6363636363636364
3997,13,4,2,1,0,20,0.65
3998,14,4,2,0,0,20,0.7
3999,14,3,2,1,0,20,0.7
4000,13,4,2,1,0,20,0.65
4001,13,4,2,1,0,20,0.65
4002,12,4,2,1,0,19,0.631578947368421
4003,13,5,3,1,0,22,0.5909090909090909
4004,11,4,2,1,0,18,0.6111111111111112
4005,13,5,2,1,0,21,0.6190476190476191
4006,13,5,2,0,0,20,0.65
4007,14,4,2,1,0,21,0.6666666666666666
4008,13,4,2,1,0,20,0.65
4009,13,3,3,1,0,20,0.65
4010,14,3,1,0,0,18,0.7777777777777778
4011,15,2,2,0,0,19,0.7894736842105263
4012,14,3,2,0,0,19,0.7368421052631579
4013,13,5,1,0,0,19,0.6842105263157895
4014,14,5,2,0,0,21,0.6666666666666666
4015,13,3,2,1,0,19,0.6842105263157895
4016,13,5,2,1,0,21,0.6190476190476191
4017,13,6,2,1,0,22,0.5909090909090909
4018,13,6,2,1,0,22,0.5909090909090909
4019,12,6,1,1,0,20,0.6
4020,12,6,2,1,0,21,0.5714285714285714
4021,13,6,2,1,0,22,0.5909090909090909
4022,13,6,2,1,0,22,0.5909090909090909
4023,13,4,3,1,0,21,0.6190476190476191
4024,12,6,3,1,0,22,0.5454545454545454
4025,12,5,3,1,0,21,0.5714285714285714
4026,14,5,2,1,0,22,0.6363636363636364
4027,14,3,3,1,0,21,0.6666666666666666
4028,14,3,2,1,0,20,0.7
4029,13,3,2,1,0,19,0.6842105263157895
4030,12,3,3,1,0,19,0.631578947368421
4031,12,3,3,1,0,19,0.631578947368421
4032,12,4,3,1,0,20,0.6
4033,14,3,3,1,0,21,0.6666666666666666
4034,13,3,3,1,0,20,0.65
4035,13,4,3,1,0,21,0.6190476190476191
4036,12,4,3,1,0,20,0.6
4037,15,4,2,1,0,22,0.6818181818181818
4038,11,5,3,1,0,20,0.55
4039,12,3,3,0,0,18,0.6666666666666666
4040,13,4,3,1,0,21,0.6190476190476191
4041,13,4,2,1,0,20,0.65
4042,14,4,2,1,0,21,0.6666666666666666
4043,14,3,2,1,0,20,0.7
4044,14,4,2,1,0,21,0.6666666666666666
4045,14,4,2,0,0,20,0.7
4046,12,3,3,1,0,19,0.631578947368421
4047,13,6,3,0,0,22,0.5909090909090909
4048,13,4,2,1,0,20,0.65
4049,14,2,2,1,0,19,0.7368421052631579
4050,15,4,2,1,0,22,0.6818181818181818
4051,13,2,2,1,0,18,0.7222222222222222
4052,13,3,2,0,0,18,0.7222222222222222
4053,12,5,2,1,0,20,0.6
4054,14,3,3,0,0,20,0.7
4055,14,3,3,0,0,20,0.7
4056,13,3,3,0,0,19,0.6842105263157895
4057,14,3,3,0,0,20,0.7
4058,13,3,3,0,0,19,0.6842105263157895
4059,13,4,3,0,0,20,0.65
4060,13,2,3,0,0,18,0.7222222222222222
4061,12,2,3,0,0,17,0.7058823529411765
4062,13,4,3,0,0,20,0.65
4063,10,4,3,0,0,17,0.5882352941176471
4064,12,4,3,0,0,19,0.631578947368421
4065,11,4,2,1,0,18,0.6111111111111112
4066,13,3,3,0,0,19,0.6842105263157895
4067,13,3,3,0,0,19,0.6842105263157895
4068,13,5,3,0,0,21,0.6190476190476191
4069,13,4,3,0,0,20,0.65
4070,13,3,3,0,0,19,0.6842105263157895
4071,13,4,3,0,0,20,0.65
4072,13,4,3,0,0,20,0.65
4073,14,3,3,0,0,20,0.7
4074,12,5,3,0,0,20,0.6
4075,11,2,3,0,0,16,0.6875
4076,12,3,3,0,0,18,0.6666666666666666
4077,12,3,3,0,0,18,0.6666666666666666
4078,14,3,3,0,0,20,0.7
4079,13,5,3,0,0,21,0.6190476190476191
4080,12,6,3,0,0,21,0.5714285714285714
4081,11,5,3,1,0,20,0.55
4082,14,4,3,1,0,22,0.6363636363636364
4083,14,4,3,1,0,22,0.6363636363636364
4084,13,4,3,1,0,21,0.6190476190476191
4085,11,4,3,1,0,19,0.5789473684210527
4086,13,4,3,1,0,21,0.6190476190476191
4087,13,4,3,1,0,21,0.6190476190476191
4088,13,4,3,1,0,21,0.6190476190476191
4089,12,4,3,1,0,20,0.6
4090,12,4,4,1,0,21,0.5714285714285714
4091,13,3,3,1,0,20,0.65
4092,13,4,3,1,0,21,0.6190476190476191
4093,13,4,3,1,0,21,0.6190476190476191
4094,14,4,3,1,0,22,0.6363636363636364
4095,11,4,2,1,0,18,0.6111111111111112
4096,14,3,3,1,0,21,0.6666666666666666
4097,12,4,2,1,0,19,0.631578947368421
4098,11,5,2,1,0,19,0.5789473684210527
4099,13,3,3,1,0,20,0.65
4100,10,2,2,1,0,15,0.6666666666666666
4101,11,2,3,1,0,17,0.6470588235294118
4102,13,3,2,1,0,19,0.6842105263157895
4103,13,4,2,1,0,20,0.65
4104,11,3,2,1,0,17,0.6470588235294118
4105,14,3,2,1,0,20,0.7
4106,12,3,2,1,0,18,0.6666666666666666
4107,15,2,2,1,0,20,0.75
4108,13,3,2,1,0,19,0.6842105263157895
4109,12,3,1,1,0,17,0.7058823529411765
4110,15,3,2,1,0,21,0.7142857142857143
4111,13,3,1,1,0,18,0.7222222222222222
4112,11,2,2,1,0,16,0.6875
4113,13,2,3,0,0,18,0.7222222222222222
4114,13,5,2,1,0,21,0.6190476190476191
4115,12,4,3,1,0,20,0.6
4116,12,4,3,1,0,20,0.6
4117,11,4,3,1,0,19,0.5789473684210527
4118,12,2,3,1,0,18,0.6666666666666666
4119,12,4,3,1,0,20,0.6
4120,13,3,3,1,0,20,0.65
4121,13,4,3,1,0,21,0.6190476190476191
4122,12,6,2,1,0,21,0.5714285714285714
4123,13,4,3,1,0,21,0.6190476190476191
4124,14,4,3,1,0,22,0.6363636363636364
4125,13,3,3,1,0,20,0.65
4126,13,4,3,1,0,21,0.6190476190476191
4127,12,4,3,1,0,20,0.6
4128,12,4,3,1,0,20,0.6
4129,12,4,3,0,0,19,0.631578947368421
4130,13,3,3,0,0,19,0.6842105263157895
4131,13,4,3,1,0,21,0.6190476190476191
4132,13,4,3,1,0,21,0.6190476190476191
4133,11,4,3,0,0,18,0.6111111111111112
4134,12,4,3,1,0,20,0.6
4135,12,3,3,1,0,19,0.631578947368421
4136,12,4,3,0,0,19,0.631578947368421
4137,12,3,3,0,0,18,0.6666666666666666
4138,10,2,3,0,0,15,0.6666666666666666
4139,12,3,3,1,0,19,0.631578947368421
4140,11,3,3,1,0,18,0.6111111111111112
4141,12,4,3,1,0,20,0.6
4142,12,4,3,1,0,20,0.6
4143,13,4,2,1,0,20,0.65
4144,13,3,3,0,0,19,0.6842105263157895
4145,14,3,2,1,0,20,0.7
4146,12,2,3,0,0,17,0.7058823529411765
4147,14,3,2,0,0,19,0.7368421052631579
4148,13,3,3,1,0,20,0.65
4149,14,2,3,0,0,19,0.7368421052631579
4150,12,3,3,0,0,18,0.6666666666666666
4151,13,2,3,0,0,18,0.7222222222222222
4152,13,4,3,0,0,20,0.65
4153,11,2,3,0,0,16,0.6875
4154,15,4,2,0,0,21,0.7142857142857143
4155,13,4,3,0,0,20,0.65
4156,13,4,3,0,0,20,0.65
4157,12,3,3,1,0,19,0.631578947368421
4158,13,3,3,0,0,19,0.6842105263157895
4159,13,3,3,0,0,19,0.6842105263157895
4160,13,5,3,0,0,21,0.6190476190476191
4161,12,5,3,1,0,21,0.5714285714285714
4162,12,4,3,0,0,19,0.631578947368421
4163,13,3,3,1,0,20,0.65
4164,12,4,3,1,0,20,0.6
4165,14,4,3,1,0,22,0.6363636363636364
4166,11,4,3,0,0,18,0.6111111111111112
4167,14,3,3,0,0,20,0.7
4168,12,5,3,1,0,21,0.5714285714285714
4169,13,4,3,1,0,21,0.6190476190476191
4170,13,4,2,0,0,19,0.6842105263157895
4171,14,4,2,1,0,21,0.6666666666666666
4172,13,4,3,0,0,20,0.65
4173,13,4,3,0,0,20,0.65
4174,12,4,3,0,0,19,0.631578947368421
4175,13,4,3,0,0,20,0.65
4176,14,3,3,0,0,20,0.7
4177,14,3,3,0,0,20,0.7
4178,12,4,3,0,0,19,0.631578947368421
4179,13,3,3,0,0,19,0.6842105263157895
4180,15,4,3,0,0,22,0.6818181818181818
4181,14,3,3,0,0,20,0.7
4182,13,4,3,1,0,21,0.6190476190476191
4183,14,4,3,1,0,22,0.6363636363636364
4184,14,4,3,1,0,22,0.6363636363636364
4185,12,4,3,0,0,19,0.631578947368421
4186,14,4,3,0,0,21,0.6666666666666666
4187,14,3,3,0,0,20,0.7
4188,14,3,3,0,0,20,0.7
4189,13,4,2,0,0,19,0.6842105263157895
4190,14,4,3,1,0,22,0.6363636363636364
4191,13,3,3,1,0,20,0.65
4192,13,4,3,1,0,21,0.6190476190476191
4193,12,4,3,1,0,20,0.6
4194,12,4,3,1,0,20,0.6
4195,13,4,2,1,0,20,0.65
4196,14,5,2,1,0,22,0.6363636363636364
4197,13,4,3,1,0,21,0.6190476190476191
4198,12,4,3,1,0,20,0.6
4199,13,4,3,1,0,21,0.6190476190476191
4200,13,3,3,1,0,20,0.65
4201,13,4,3,1,0,21,0.6190476190476191
4202,13,4,3,1,0,21,0.6190476190476191
4203,12,6,3,1,0,22,0.5454545454545454
4204,13,5,3,1,0,22,0.5909090909090909
4205,12,5,3,1,0,21,0.5714285714285714
4206,12,4,4,1,0,21,0.5714285714285714
4207,14,4,3,1,0,22,0.6363636363636364
4208,13,4,3,1,0,21,0.6190476190476191
4209,13,4,4,1,0,22,0.5909090909090909
4210,12,3,3,1,0,19,0.631578947368421
4211,13,5,3,1,0,22,0.5909090909090909
4212,12,4,3,1,0,20,0.6
4213,14,4,3,1,0,22,0.6363636363636364
4214,13,4,3,1,0,21,0.6190476190476191
4215,13,3,3,1,0,20,0.65
4216,12,5,3,1,0,21,0.5714285714285714
4217,13,4,3,1,0,21,0.6190476190476191
4218,14,4,3,1,0,22,0.6363636363636364
4219,13,4,3,1,0,21,0.6190476190476191
4220,12,4,3,1,0,20,0.6
4221,12,4,3,1,0,20,0.6
4222,14,4,3,1,0,22,0.6363636363636364
4223,13,2,3,1,0,19,0.6842105263157895
4224,13,4,3,1,0,21,0.6190476190476191
4225,13,4,3,1,0,21,0.6190476190476191
4226,12,4,3,1,0,20,0.6
4227,13,4,3,0,0,20,0.65
4228,11,4,3,1,0,19,0.5789473684210527
4229,14,4,3,1,0,22,0.6363636363636364
4230,13,3,3,0,0,19,0.6842105263157895
4231,12,4,3,1,0,20,0.6
4232,13,4,3,1,0,21,0.6190476190476191
4233,14,4,3,1,0,22,0.6363636363636364
4234,12,3,3,1,0,19,0.631578947368421
4235,14,4,3,1,0,22,0.6363636363636364
4236,12,5,3,1,0,21,0.5714285714285714
4237,14,4,3,1,0,22,0.6363636363636364
4238,13,5,2,1,0,21,0.6190476190476191
4239,13,4,3,1,0,21,0.6190476190476191
4240,15,4,3,1,0,23,0.6521739130434783
4241,11,4,3,1,0,19,0.5789473684210527
4242,13,4,3,1,0,21,0.6190476190476191
4243,13,3,3,1,0,20,0.65
4244,14,4,3,1,0,22,0.6363636363636364
4245,14,4,3,1,0,22,0.6363636363636364
4246,12,4,3,1,0,20,0.6
4247,13,5,3,1,0,22,0.5909090909090909
4248,12,3,3,1,0,19,0.631578947368421
4249,14,4,3,1,0,22,0.6363636363636364
4250,14,2,3,1,0,20,0.7
4251,13,2,3,1,0,19,0.6842105263157895
4252,15,4,3,1,0,23,0.6521739130434783
4253,14,3,3,1,0,21,0.6666666666666666
4254,13,4,3,1,0,21,0.6190476190476191
4255,14,4,3,1,0,22,0.6363636363636364
4256,13,3,3,1,0,20,0.65
4257,14,4,3,1,0,22,0.6363636363636364
4258,14,4,3,1,0,22,0.6363636363636364
4259,13,2,3,1,0,19,0.6842105263157895
4260,15,2,3,0,0,20,0.75
4261,13,4,3,1,0,21,0.6190476190476191
4262,13,4,3,1,0,21,0.6190476190476191
4263,14,4,3,1,0,22,0.6363636363636364
4264,14,4,3,1,0,22,0.6363636363636364
4265,15,4,3,1,0,23,0.6521739130434783
4266,14,4,3,1,0,22,0.6363636363636364
4267,14,4,3,1,0,22,0.6363636363636364
4268,13,4,3,1,0,21,0.6190476190476191
4269,12,4,3,1,0,20,0.6
4270,14,4,3,0,0,21,0.6666666666666666
4271,13,4,3,1,0,21,0.6190476190476191
4272,14,3,3,0,0,20,0.7
4273,13,4,3,1,0,21,0.6190476190476191
4274,11,4,3,0,0,18,0.6111111111111112
4275,11,4,2,1,0,18,0.6111111111111112
4276,14,4,3,1,0,22,0.6363636363636364
4277,13,2,3,1,0,19,0.6842105263157895
4278,14,4,3,0,0,21,0.6666666666666666
4279,13,3,3,1,0,20,0.65
4280,13,2,3,0,0,18,0.7222222222222222
4281,12,4,2,1,0,19,0.631578947368421
4282,13,4,3,1,0,21,0.6190476190476191
4283,14,3,3,0,0,20,0.7
4284,15,4,3,1,0,23,0.6521739130434783
4285,15,3,3,0,0,21,0.7142857142857143
4286,14,3,3,1,0,21,0.6666666666666666
4287,14,4,3,1,0,22,0.6363636363636364
4288,15,4,3,1,0,23,0.6521739130434783
4289,13,4,3,1,0,21,0.6190476190476191
4290,13,4,2,1,0,20,0.65
4291,13,4,3,1,0,21,0.6190476190476191
4292,13,4,3,1,0,21,0.6190476190476191
4293,12,4,2,1,0,19,0.631578947368421
4294,13,4,3,1,0,21,0.6190476190476191
4295,13,3,3,1,0,20,0.65
4296,13,4,3,1,0,21,0.6190476190476191
4297,12,4,3,1,0,20,0.6
4298,13,4,3,1,0,21,0.6190476190476191
4299,14,3,3,1,0,21,0.6666666666666666
4300,13,4,3,1,0,21,0.6190476190476191
4301,13,4,3,1,0,21,0.6190476190476191
4302,13,4,3,1,0,21,0.6190476190476191
4303,11,4,3,1,0,19,0.5789473684210527
4304,11,4,3,1,0,19,0.5789473684210527
4305,13,4,3,1,0,21,0.6190476190476191
4306,12,4,3,1,0,20,0.6
4307,13,2,3,1,0,19,0.6842105263157895
4308,14,4,3,1,0,22,0.6363636363636364
4309,13,4,3,1,0,21,0.6190476190476191
4310,13,4,3,1,0,21,0.6190476190476191
4311,10,4,2,1,0,17,0.5882352941176471
4312,14,4,3,1,0,22,0.6363636363636364
4313,12,4,3,1,0,20,0.6
4314,13,4,3,1,0,21,0.6190476190476191
4315,13,3,3,1,0,20,0.65
4316,13,4,3,1,0,21,0.6190476190476191
4317,12,3,3,1,0,19,0.631578947368421
4318,12,3,2,1,0,18,0.6666666666666666
4319,12,4,3,0,0,19,0.631578947368421
4320,12,4,2,0,0,18,0.6666666666666666
4321,12,4,2,0,0,18,0.6666666666666666
4322,13,4,2,0,0,19,0.6842105263157895
4323,13,2,2,0,0,17,0.7647058823529411
4324,14,3,2,0,0,19,0.7368421052631579
4325,13,4,2,1,0,20,0.65
4326,15,4,3,1,0,23,0.6521739130434783
4327,13,4,3,1,0,21,0.6190476190476191
4328,14,4,3,1,0,22,0.6363636363636364
4329,13,4,3,1,0,21,0.6190476190476191
4330,13,4,3,1,0,21,0.6190476190476191
4331,14,4,3,1,0,22,0.6363636363636364
4332,14,4,3,1,0,22,0.6363636363636364
4333,14,3,3,1,0,21,0.6666666666666666
4334,14,4,3,1,0,22,0.6363636363636364
4335,12,4,3,1,0,20,0.6
4336,13,4,2,1,0,20,0.65
4337,14,2,3,1,0,20,0.7
4338,14,3,3,1,0,21,0.6666666666666666
4339,12,3,2,1,0,18,0.6666666666666666
4340,12,3,3,1,0,19,0.631578947368421
4341,12,4,2,1,0,19,0.631578947368421
4342,12,3,3,1,0,19,0.631578947368421
4343,14,4,2,1,0,21,0.6666666666666666
4344,11,4,3,1,0,19,0.5789473684210527
4345,12,4,3,1,0,20,0.6
4346,12,5,3,1,0,21,0.5714285714285714
4347,13,4,2,1,0,20,0.65
4348,14,4,2,1,0,21,0.6666666666666666
4349,12,4,2,1,0,19,0.631578947368421
4350,15,4,2,1,0,22,0.6818181818181818
4351,13,4,2,1,0,20,0.65
4352,14,3,2,1,0,20,0.7
4353,13,3,2,1,0,19,0.6842105263157895
4354,12,5,2,1,0,20,0.6
4355,13,4,2,1,0,20,0.65
4356,11,4,3,1,0,19,0.5789473684210527
4357,12,4,2,1,0,19,0.631578947368421
4358,13,4,3,1,0,21,0.6190476190476191
4359,12,4,3,1,0,20,0.6
4360,14,4,3,1,0,22,0.6363636363636364
4361,14,4,3,1,0,22,0.6363636363636364
4362,13,4,3,1,0,21,0.6190476190476191
4363,14,4,3,1,0,22,0.6363636363636364
4364,13,4,3,1,0,21,0.6190476190476191
4365,14,4,3,1,0,22,0.6363636363636364
4366,14,3,3,1,0,21,0.6666666666666666
4367,15,4,3,1,0,23,0.6521739130434783
4368,13,3,3,1,0,20,0.65
4369,14,4,2,1,0,21,0.6666666666666666
4370,11,4,3,0,0,18,0.6111111111111112
4371,13,4,3,0,0,20,0.65
4372,14,4,3,0,0,21,0.6666666666666666
4373,14,4,3,0,0,21,0.6666666666666666
4374,15,2,3,0,0,20,0.75
4375,12,6,3,1,0,22,0.5454545454545454
4376,14,4,3,0,0,21,0.6666666666666666
4377,14,4,3,0,0,21,0.6666666666666666
4378,13,4,3,1,0,21,0.6190476190476191
4379,13,4,3,1,0,21,0.6190476190476191
4380,14,5,3,1,0,23,0.6086956521739131
4381,13,4,3,1,0,21,0.6190476190476191
4382,14,4,3,1,0,22,0.6363636363636364
4383,11,3,3,1,0,18,0.6111111111111112
4384,13,4,3,0,0,20,0.65
4385,12,4,3,1,0,20,0.6
4386,13,4,3,1,0,21,0.6190476190476191
4387,14,2,3,1,0,20,0.7
4388,13,4,3,1,0,21,0.6190476190476191
4389,14,4,3,0,0,21,0.6666666666666666
4390,13,4,3,0,0,20,0.65
4391,13,5,3,1,0,22,0.5909090909090909
4392,13,4,2,1,0,20,0.65
4393,12,4,3,0,0,19,0.631578947368421
4394,13,3,3,1,0,20,0.65
4395,12,4,3,1,0,20,0.6
4396,14,4,3,1,0,22,0.6363636363636364
4397,14,3,3,1,0,21,0.6666666666666666
4398,13,3,3,1,0,20,0.65
4399,13,4,3,1,0,21,0.6190476190476191
4400,12,4,3,1,0,20,0.6
4401,14,5,3,1,0,23,0.6086956521739131
4402,11,3,3,1,0,18,0.6111111111111112
4403,12,4,3,1,0,20,0.6
4404,14,4,3,1,0,22,0.6363636363636364
4405,14,4,3,1,0,22,0.6363636363636364
4406,14,3,3,0,0,20,0.7
4407,13,4,3,1,0,21,0.6190476190476191
4408,14,4,2,1,0,21,0.6666666666666666
4409,14,2,3,1,0,20,0.7
4410,13,4,3,1,0,21,0.6190476190476191
4411,14,4,3,0,0,21,0.6666666666666666
4412,13,4,3,1,0,21,0.6190476190476191
4413,12,4,2,1,0,19,0.631578947368421
4414,13,4,2,1,0,20,0.65
4415,11,5,2,1,0,19,0.5789473684210527
4416,12,4,2,1,0,19,0.631578947368421
4417,13,4,3,1,0,21,0.6190476190476191
4418,13,4,3,1,0,21,0.6190476190476191
4419,14,4,3,1,0,22,0.6363636363636364
4420,14,4,3,1,0,22,0.6363636363636364
4421,12,4,4,1,0,21,0.5714285714285714
4422,12,4,4,1,0,21,0.5714285714285714
4423,12,4,4,1,0,21,0.5714285714285714
4424,14,4,3,1,0,22,0.6363636363636364
4425,14,4,3,1,0,22,0.6363636363636364
4426,11,4,3,1,0,19,0.5789473684210527
4427,14,4,3,1,0,22,0.6363636363636364
4428,12,3,3,1,0,19,0.631578947368421
4429,13,4,3,1,0,21,0.6190476190476191
4430,12,4,3,1,0,20,0.6
4431,13,4,3,1,0,21,0.6190476190476191
4432,13,4,3,1,0,21,0.6190476190476191
4433,12,4,3,1,0,20,0.6
4434,13,3,3,1,0,20,0.65
4435,14,3,3,1,0,21,0.6666666666666666
4436,13,4,3,1,0,21,0.6190476190476191
4437,12,4,3,1,0,20,0.6
4438,13,3,2,1,0,19,0.6842105263157895
4439,11,4,3,1,0,19,0.5789473684210527
4440,12,4,3,1,0,20,0.6
4441,13,3,3,1,0,20,0.65
4442,11,3,3,1,0,18,0.6111111111111112
4443,12,3,3,1,0,19,0.631578947368421
4444,12,4,3,0,0,19,0.631578947368421
4445,12,3,3,0,0,18,0.6666666666666666
4446,13,3,3,1,0,20,0.65
4447,13,3,3,1,0,20,0.65
4448,12,5,3,1,0,21,0.5714285714285714
4449,12,5,3,1,0,21,0.5714285714285714
4450,14,5,2,1,0,22,0.6363636363636364
4451,10,4,3,1,0,18,0.5555555555555556
4452,13,4,2,1,0,20,0.65
4453,12,4,2,1,0,19,0.631578947368421
4454,14,4,2,1,0,21,0.6666666666666666
4455,13,3,3,1,0,20,0.65
4456,12,4,2,1,0,19,0.631578947368421
4457,13,4,3,1,0,21,0.6190476190476191
4458,12,3,3,1,0,19,0.631578947368421
4459,12,4,3,1,0,20,0.6
4460,12,4,3,1,0,20,0.6
4461,14,4,3,1,0,22,0.6363636363636364
4462,14,4,3,1,0,22,0.6363636363636364
4463,13,4,3,1,0,21,0.6190476190476191
4464,12,4,3,1,0,20,0.6
4465,12,4,3,1,0,20,0.6
4466,13,3,3,0,0,19,0.6842105263157895
4467,13,4,3,0,0,20,0.65
4468,14,4,3,0,0,21,0.6666666666666666
4469,13,4,3,0,0,20,0.65
4470,13,4,2,1,0,20,0.65
4471,12,3,3,1,0,19,0.631578947368421
4472,13,4,3,0,0,20,0.65
4473,14,4,3,1,0,22,0.6363636363636364
4474,13,4,3,1,0,21,0.6190476190476191
4475,14,4,3,1,0,22,0.6363636363636364
4476,13,4,3,1,0,21,0.6190476190476191
4477,12,4,3,1,0,20,0.6
4478,11,4,3,1,0,19,0.5789473684210527
4479,13,4,3,1,0,21,0.6190476190476191
4480,12,2,3,1,0,18,0.6666666666666666
4481,13,3,3,1,0,20,0.65
4482,14,4,3,1,0,22,0.6363636363636364
4483,13,4,3,1,0,21,0.6190476190476191
4484,13,3,3,1,0,20,0.65
4485,11,4,3,1,0,19,0.5789473684210527
4486,13,4,3,1,0,21,0.6190476190476191
4487,12,4,3,1,0,20,0.6
4488,15,4,3,1,0,23,0.6521739130434783
4489,14,2,3,1,0,20,0.7
4490,13,4,3,1,0,21,0.6190476190476191
4491,13,4,3,1,0,21,0.6190476190476191
4492,12,4,3,1,0,20,0.6
4493,13,4,3,0,0,20,0.65
4494,13,4,3,0,0,20,0.65
4495,14,4,3,0,0,21,0.6666666666666666
4496,13,4,3,0,0,20,0.65
4497,14,4,2,1,0,21,0.6666666666666666
4498,13,4,2,1,0,20,0.65
4499,13,5,3,0,0,21,0.6190476190476191
4500,13,4,3,0,0,20,0.65
4501,13,4,3,0,0,20,0.65
4502,13,3,3,0,0,19,0.6842105263157895
4503,14,4,3,0,0,21,0.6666666666666666
4504,13,4,3,0,0,20,0.65
4505,14,2,3,0,0,19,0.7368421052631579
4506,12,2,3,0,0,17,0.7058823529411765
4507,13,4,3,0,0,20,0.65
4508,13,4,3,0,0,20,0.65
4509,14,4,3,0,0,21,0.6666666666666666
4510,14,5,3,1,0,23,0.6086956521739131
4511,13,4,3,1,0,21,0.6190476190476191
4512,14,4,3,1,0,22,0.6363636363636364
4513,11,4,3,1,0,19,0.5789473684210527
4514,13,3,3,1,0,20,0.65
4515,14,2,3,1,0,20,0.7
4516,14,4,3,0,0,21,0.6666666666666666
4517,13,4,3,0,0,20,0.65
4518,13,4,3,1,0,21,0.6190476190476191
4519,14,4,3,1,0,22,0.6363636363636364
4520,14,3,3,1,0,21,0.6666666666666666
4521,14,3,3,1,0,21,0.6666666666666666
4522,14,3,3,1,0,21,0.6666666666666666
4523,13,4,3,1,0,21,0.6190476190476191
4524,12,4,3,0,0,19,0.631578947368421
4525,12,4,3,0,0,19,0.631578947368421
4526,11,4,3,1,0,19,0.5789473684210527
4527,14,2,3,1,0,20,0.7
4528,14,4,3,1,0,22,0.6363636363636364
4529,14,3,3,1,0,21,0.6666666666666666
4530,13,3,3,1,0,20,0.65
4531,13,3,3,0,0,19,0.6842105263157895
4532,12,4,3,1,0,20,0.6
4533,13,2,3,1,0,19,0.6842105263157895
4534,14,4,2,1,0,21,0.6666666666666666
4535,13,4,3,0,0,20,0.65
4536,14,4,2,0,0,20,0.7
4537,13,4,3,1,0,21,0.6190476190476191
4538,14,3,3,1,0,21,0.6666666666666666
4539,13,3,2,0,0,18,0.7222222222222222
4540,13,4,2,0,0,19,0.6842105263157895
4541,14,3,3,0,0,20,0.7
4542,13,4,2,1,0,20,0.65
4543,13,6,3,0,0,22,0.5909090909090909
4544,12,4,2,1,0,19,0.631578947368421
4545,14,2,3,0,0,19,0.7368421052631579
4546,12,4,2,0,0,18,0.6666666666666666
4547,12,4,3,1,0,20,0.6
4548,13,3,2,1,0,19,0.6842105263157895
4549,13,4,3,1,0,21,0.6190476190476191
4550,13,3,3,0,0,19,0.6842105263157895
4551,12,3,3,1,0,19,0.631578947368421
4552,13,3,2,0,0,18,0.7222222222222222
4553,11,4,3,0,0,18,0.6111111111111112
4554,13,3,3,0,0,19,0.6842105263157895
4555,13,6,3,1,0,23,0.5652173913043478
4556,12,4,3,1,0,20,0.6
4557,11,3,3,0,0,17,0.6470588235294118
4558,13,4,3,0,0,20,0.65
4559,12,5,3,0,0,20,0.6
4560,12,3,3,1,0,19,0.631578947368421
4561,14,3,3,1,0,21,0.6666666666666666
4562,14,4,3,1,0,22,0.6363636363636364
4563,12,4,3,1,0,20,0.6
4564,13,3,3,1,0,20,0.65
4565,13,3,3,1,0,20,0.65
4566,13,4,3,1,0,21,0.6190476190476191
4567,13,3,3,1,0,20,0.65
4568,14,4,3,1,0,22,0.6363636363636364
4569,14,4,3,1,0,22,0.6363636363636364
4570,14,4,3,1,0,22,0.6363636363636364
4571,12,4,3,1,0,20,0.6
4572,13,4,3,1,0,21,0.6190476190476191
4573,13,3,3,1,0,20,0.65
4574,14,4,3,1,0,22,0.6363636363636364
4575,12,4,3,1,0,20,0.6
4576,12,4,2,1,0,19,0.631578947368421
4577,13,4,3,1,0,21,0.6190476190476191
4578,13,3,3,1,0,20,0.65
4579,13,3,3,1,0,20,0.65
4580,13,4,2,1,0,20,0.65
4581,12,3,3,1,0,19,0.631578947368421
4582,13,4,3,0,0,20,0.65
4583,12,4,3,1,0,20,0.6
4584,13,3,3,0,0,19,0.6842105263157895
4585,14,3,3,1,0,21,0.6666666666666666
4586,13,3,3,1,0,20,0.65
4587,14,4,3,1,0,22,0.6363636363636364
4588,14,4,3,1,0,22,0.6363636363636364
4589,15,4,3,1,0,23,0.6521739130434783
4590,14,3,3,1,0,21,0.6666666666666666
4591,12,4,3,1,0,20,0.6
4592,14,3,3,1,0,21,0.6666666666666666
4593,14,4,3,1,0,22,0.6363636363636364
4594,14,3,2,1,0,20,0.7
4595,13,2,2,1,0,18,0.7222222222222222
4596,12,4,3,1,0,20,0.6
4597,14,3,2,1,0,20,0.7
4598,12,4,3,1,0,20,0.6
4599,13,4,2,1,0,20,0.65
4600,13,3,3,1,0,20,0.65
4601,14,3,3,1,0,21,0.6666666666666666
4602,14,5,3,1,0,23,0.6086956521739131
4603,13,3,3,1,0,20,0.65
4604,12,4,3,1,0,20,0.6
4605,12,5,3,1,0,21,0.5714285714285714
4606,13,4,3,1,0,21,0.6190476190476191
4607,12,3,3,1,0,19,0.631578947368421
4608,14,4,3,1,0,22,0.6363636363636364
4609,12,4,2,0,0,18,0.6666666666666666
4610,14,4,2,1,0,21,0.6666666666666666
4611,14,4,3,1,0,22,0.6363636363636364
4612,13,3,2,1,0,19,0.6842105263157895
4613,14,4,3,0,0,21,0.6666666666666666
4614,14,3,2,0,0,19,0.7368421052631579
4615,12,4,2,1,0,19,0.631578947368421
4616,14,3,3,0,0,20,0.7
4617,14,3,3,0,0,20,0.7
4618,14,4,3,0,0,21,0.6666666666666666
4619,14,4,3,1,0,22,0.6363636363636364
4620,14,4,3,1,0,22,0.6363636363636364
4621,12,3,3,1,0,19,0.631578947368421
4622,13,3,3,1,0,20,0.65
4623,13,4,3,1,0,21,0.6190476190476191
4624,13,5,3,0,0,21,0.6190476190476191
4625,13,4,3,0,0,20,0.65
4626,14,2,3,1,0,20,0.7
4627,12,4,3,1,0,20,0.6
4628,13,4,3,1,0,21,0.6190476190476191
4629,13,4,3,0,0,20,0.65
4630,14,4,3,0,0,21,0.6666666666666666
4631,14,3,3,1,0,21,0.6666666666666666
4632,14,4,3,1,0,22,0.6363636363636364
4633,13,4,3,1,0,21,0.6190476190476191
4634,13,5,3,1,0,22,0.5909090909090909
4635,12,4,3,0,0,19,0.631578947368421
4636,13,3,3,1,0,20,0.65
4637,14,4,3,1,0,22,0.6363636363636364
4638,13,3,3,1,0,20,0.65
4639,14,2,3,1,0,20,0.7
4640,14,3,3,1,0,21,0.6666666666666666
4641,13,4,3,1,0,21,0.6190476190476191
4642,13,4,3,1,0,21,0.6190476190476191
4643,14,4,3,1,0,22,0.6363636363636364
4644,14,4,3,1,0,22,0.6363636363636364
4645,12,4,3,1,0,20,0.6
4646,13,4,3,1,0,21,0.6190476190476191
4647,11,3,3,1,0,18,0.6111111111111112
4648,14,4,3,1,0,22,0.6363636363636364
4649,11,3,3,1,0,18,0.6111111111111112
4650,13,4,3,1,0,21,0.6190476190476191
4651,14,4,3,1,0,22,0.6363636363636364
4652,14,4,3,1,0,22,0.6363636363636364
4653,14,4,3,1,0,22,0.6363636363636364
4654,14,4,3,0,0,21,0.6666666666666666
4655,14,3,3,1,0,21,0.6666666666666666
4656,11,3,3,1,0,18,0.6111111111111112
4657,14,4,3,0,0,21,0.6666666666666666
4658,13,4,3,1,0,21,0.6190476190476191
4659,11,3,3,0,0,17,0.6470588235294118
4660,11,3,3,0,0,17,0.6470588235294118
4661,12,2,3,0,0,17,0.7058823529411765
4662,13,3,3,0,0,19,0.6842105263157895
4663,12,3,3,0,0,18,0.6666666666666666
4664,14,3,3,0,0,20,0.7
4665,14,3,3,0,0,20,0.7
4666,12,2,3,0,0,17,0.7058823529411765
4667,13,4,3,0,0,20,0.65
4668,14,3,3,0,0,20,0.7
4669,12,3,3,0,0,18,0.6666666666666666
4670,13,3,3,0,0,19,0.6842105263157895
4671,14,2,3,0,0,19,0.7368421052631579
4672,14,3,3,0,0,20,0.7
4673,13,4,3,0,0,20,0.65
4674,15,3,3,0,0,21,0.7142857142857143
4675,13,5,3,0,0,21,0.6190476190476191
4676,14,2,3,0,0,19,0.7368421052631579
4677,14,2,3,0,0,19,0.7368421052631579
4678,12,4,3,0,0,19,0.631578947368421
4679,13,6,3,0,0,22,0.5909090909090909
4680,12,2,3,0,0,17,0.7058823529411765
4681,14,4,3,0,0,21,0.6666666666666666
4682,14,4,3,0,0,21,0.6666666666666666
4683,14,5,3,0,0,22,0.6363636363636364
4684,13,4,3,0,0,20,0.65
4685,14,4,3,0,0,21,0.6666666666666666
4686,12,4,3,0,0,19,0.631578947368421
4687,13,5,3,0,0,21,0.6190476190476191
4688,14,4,3,0,0,21,0.6666666666666666
4689,14,3,3,0,0,20,0.7
4690,13,4,3,1,0,21,0.6190476190476191
4691,14,4,3,0,0,21,0.6666666666666666
4692,13,5,3,0,0,21,0.6190476190476191
4693,14,3,3,1,0,21,0.6666666666666666
4694,12,5,3,1,0,21,0.5714285714285714
4695,14,5,3,1,0,23,0.6086956521739131
4696,13,5,3,1,0,22,0.5909090909090909
4697,13,4,3,1,0,21,0.6190476190476191
4698,13,4,3,0,0,20,0.65
4699,13,4,3,1,0,21,0.6190476190476191
4700,12,4,3,1,0,20,0.6
4701,12,4,3,1,0,20,0.6
4702,14,4,3,1,0,22,0.6363636363636364
4703,14,4,3,1,0,22,0.6363636363636364
4704,13,4,3,0,0,20,0.65
4705,13,3,3,0,0,19,0.6842105263157895
4706,13,4,3,1,0,21,0.6190476190476191
4707,13,4,3,0,0,20,0.65
4708,14,4,3,0,0,21,0.6666666666666666
4709,12,5,3,1,0,21,0.5714285714285714
4710,12,3,3,1,0,19,0.631578947368421
4711,14,4,3,1,0,22,0.6363636363636364
4712,12,4,3,0,0,19,0.631578947368421
4713,14,4,3,1,0,22,0.6363636363636364
4714,14,4,3,1,0,22,0.6363636363636364
4715,13,4,3,0,0,20,0.65
4716,13,3,3,1,0,20,0.65
4717,13,4,3,0,0,20,0.65
4718,12,3,3,0,0,18,0.6666666666666666
4719,14,5,3,1,0,23,0.6086956521739131
4720,12,4,3,0,0,19,0.631578947368421
4721,13,4,3,0,0,20,0.65
4722,14,5,3,0,0,22,0.6363636363636364
4723,12,3,3,0,0,18,0.6666666666666666
4724,14,2,3,0,0,19,0.7368421052631579
4725,13,4,3,0,0,20,0.65
4726,14,5,3,0,0,22,0.6363636363636364
4727,14,5,3,0,0,22,0.6363636363636364
4728,13,4,3,0,0,20,0.65
4729,13,3,3,0,0,19,0.6842105263157895
4730,14,3,3,0,0,20,0.7
4731,13,4,3,0,0,20,0.65
4732,14,5,3,1,0,23,0.6086956521739131
4733,12,4,3,1,0,20,0.6
4734,14,4,3,1,0,22,0.6363636363636364
4735,14,3,3,0,0,20,0.7
4736,13,5,3,1,0,22,0.5909090909090909
4737,13,4,3,0,0,20,0.65
4738,14,4,3,1,0,22,0.6363636363636364
4739,11,4,3,0,0,18,0.6111111111111112
4740,14,2,3,0,0,19,0.7368421052631579
4741,14,4,3,0,0,21,0.6666666666666666
4742,13,3,3,0,0,19,0.6842105263157895
4743,14,3,3,0,0,20,0.7
4744,14,4,3,0,0,21,0.6666666666666666
4745,12,3,3,0,0,18,0.6666666666666666
4746,12,2,3,1,0,18,0.6666666666666666
4747,14,3,3,1,0,21,0.6666666666666666
4748,14,3,3,1,0,21,0.6666666666666666
4749,14,2,3,1,0,20,0.7
4750,11,3,3,1,0,18,0.6111111111111112
4751,14,5,3,1,0,23,0.6086956521739131
4752,14,3,3,1,0,21,0.6666666666666666
4753,14,4,3,1,0,22,0.6363636363636364
4754,13,2,3,1,0,19,0.6842105263157895
4755,14,2,3,1,0,20,0.7
4756,14,5,3,1,0,23,0.6086956521739131
4757,14,3,3,1,0,21,0.6666666666666666
4758,13,4,3,1,0,21,0.6190476190476191
4759,14,4,3,1,0,22,0.6363636363636364
4760,14,4,3,0,0,21,0.6666666666666666
4761,14,4,3,1,0,22,0.6363636363636364
4762,14,3,3,1,0,21,0.6666666666666666
4763,14,4,3,1,0,22,0.6363636363636364
4764,13,4,3,1,0,21,0.6190476190476191
4765,13,4,3,1,0,21,0.6190476190476191
4766,14,4,3,1,0,22,0.6363636363636364
4767,12,4,3,1,0,20,0.6
4768,14,4,3,1,0,22,0.6363636363636364
4769,14,3,3,0,0,20,0.7
4770,13,4,3,0,0,20,0.65
4771,14,4,3,1,0,22,0.6363636363636364
4772,14,4,3,0,0,21,0.6666666666666666
4773,13,3,3,0,0,19,0.6842105263157895
4774,13,4,3,0,0,20,0.65
4775,14,3,3,0,0,20,0.7
4776,13,3,3,0,0,19,0.6842105263157895
4777,13,4,3,0,0,20,0.65
4778,14,4,3,0,0,21,0.6666666666666666
4779,14,3,3,1,0,21,0.6666666666666666
4780,14,4,3,1,0,22,0.6363636363636364
4781,13,4,3,1,0,21,0.6190476190476191
4782,14,4,3,1,0,22,0.6363636363636364
4783,14,4,3,0,0,21,0.6666666666666666
4784,13,6,3,1,0,23,0.5652173913043478
4785,14,4,3,1,0,22,0.6363636363636364
4786,13,4,3,0,0,20,0.65
4787,14,2,3,0,0,19,0.7368421052631579
4788,13,4,3,1,0,21,0.6190476190476191
4789,13,4,3,0,0,20,0.65
4790,13,4,3,1,0,21,0.6190476190476191
4791,11,4,3,0,0,18,0.6111111111111112
4792,14,4,3,1,0,22,0.6363636363636364
4793,13,4,3,1,0,21,0.6190476190476191
4794,13,3,3,0,0,19,0.6842105263157895
4795,13,4,3,1,0,21,0.6190476190476191
4796,15,2,3,0,0,20,0.75
4797,15,3,3,0,0,21,0.7142857142857143
4798,12,4,3,0,0,19,0.631578947368421
4799,14,2,3,0,0,19,0.7368421052631579
4800,13,3,3,0,0,19,0.6842105263157895
4801,15,3,3,0,0,21,0.7142857142857143
4802,15,2,3,0,0,20,0.75
4803,15,3,3,0,0,21,0.7142857142857143
4804,13,2,2,0,0,17,0.7647058823529411
4805,13,3,3,0,0,19,0.6842105263157895
4806,15,3,3,0,0,21,0.7142857142857143
4807,15,2,3,0,0,20,0.75
4808,14,4,3,0,0,21,0.6666666666666666
4809,13,2,3,1,0,19,0.6842105263157895
4810,13,2,3,0,0,18,0.7222222222222222
4811,14,2,3,0,0,19,0.7368421052631579
4812,12,3,3,1,0,19,0.631578947368421
4813,14,4,3,0,0,21,0.6666666666666666
4814,15,2,3,0,0,20,0.75
4815,15,5,3,0,0,23,0.6521739130434783
4816,12,3,3,0,0,18,0.6666666666666666
4817,12,3,3,0,0,18,0.6666666666666666
4818,13,3,3,0,0,19,0.6842105263157895
4819,14,2,3,0,0,19,0.7368421052631579
4820,14,3,3,0,0,20,0.7
4821,12,3,3,1,0,19,0.631578947368421
4822,14,2,3,0,0,19,0.7368421052631579
4823,15,2,3,0,0,20,0.75
4824,14,3,3,1,0,21,0.6666666666666666
4825,15,2,3,1,0,21,0.7142857142857143
4826,14,3,3,1,0,21,0.6666666666666666
4827,14,2,3,0,0,19,0.7368421052631579
4828,15,2,3,0,0,20,0.75
4829,13,2,3,0,0,18,0.7222222222222222
4830,13,3,3,0,0,19,0.6842105263157895
4831,15,2,3,0,0,20,0.75
4832,14,2,3,0,0,19,0.7368421052631579
4833,14,2,3,0,0,19,0.7368421052631579
4834,13,2,3,0,0,18,0.7222222222222222
4835,13,2,3,0,0,18,0.7222222222222222
4836,15,3,3,0,0,21,0.7142857142857143
4837,12,2,3,1,0,18,0.6666666666666666
4838,14,3,2,1,0,20,0.7
4839,13,2,3,0,0,18,0.7222222222222222
4840,15,3,2,1,0,21,0.7142857142857143
4841,13,2,3,1,0,19,0.6842105263157895
4842,14,2,3,0,0,19,0.7368421052631579
4843,13,2,3,0,0,18,0.7222222222222222
4844,13,3,3,0,0,19,0.6842105263157895
4845,13,4,3,0,0,20,0.65
4846,13,2,3,0,0,18,0.7222222222222222
4847,12,3,3,0,0,18,0.6666666666666666
4848,13,4,3,0,0,20,0.65
4849,14,2,3,0,0,19,0.7368421052631579
4850,15,4,3,0,0,22,0.6818181818181818
4851,13,2,3,0,0,18,0.7222222222222222
4852,13,2,3,0,0,18,0.7222222222222222
4853,13,2,2,0,0,17,0.7647058823529411
4854,13,4,2,0,0,19,0.6842105263157895
4855,15,2,3,0,0,20,0.75
4856,15,2,3,0,0,20,0.75
4857,14,2,3,0,0,19,0.7368421052631579
4858,14,2,3,1,0,20,0.7
4859,14,2,3,0,0,19,0.7368421052631579
4860,13,2,3,0,0,18,0.7222222222222222
4861,13,2,3,0,0,18,0.7222222222222222
4862,10,2,3,0,0,15,0.6666666666666666
4863,14,2,3,0,0,19,0.7368421052631579
4864,14,3,3,0,0,20,0.7
4865,15,3,3,0,0,21,0.7142857142857143
4866,14,2,3,0,0,19,0.7368421052631579
4867,14,3,3,0,0,20,0.7
4868,15,2,3,0,0,20,0.75
4869,12,2,3,0,0,17,0.7058823529411765
4870,13,2,3,0,0,18,0.7222222222222222
4871,12,3,3,0,0,18,0.6666666666666666
4872,13,4,3,0,0,20,0.65
4873,15,4,3,0,0,22,0.6818181818181818
4874,15,2,3,0,0,20,0.75
4875,15,2,3,0,0,20,0.75
4876,13,2,2,0,0,17,0.7647058823529411
4877,15,4,2,0,0,21,0.7142857142857143
4878,13,3,3,0,0,19,0.6842105263157895
4879,14,4,3,0,0,21,0.6666666666666666
4880,14,3,3,0,0,20,0.7
4881,12,2,2,0,0,16,0.75
4882,14,2,2,0,0,18,0.7777777777777778
4883,13,2,2,0,0,17,0.7647058823529411
4884,13,2,2,0,0,17,0.7647058823529411
4885,13,2,2,0,0,17,0.7647058823529411
4886,14,2,1,0,0,17,0.8235294117647058
4887,14,5,1,0,0,20,0.7
4888,13,2,1,0,0,16,0.8125
4889,14,3,2,0,0,19,0.7368421052631579
4890,13,3,2,0,0,18,0.7222222222222222
4891,12,4,3,0,0,19,0.631578947368421
4892,13,4,2,0,0,19,0.6842105263157895
4893,13,3,2,0,0,18,0.7222222222222222
4894,14,2,3,0,0,19,0.7368421052631579
4895,13,3,3,0,0,19,0.6842105263157895
4896,15,3,3,0,0,21,0.7142857142857143
4897,12,2,2,0,0,16,0.75
4898,15,2,3,1,0,21,0.7142857142857143
4899,14,2,3,1,0,20,0.7
4900,15,2,3,1,0,21,0.7142857142857143
4901,13,3,3,1,0,20,0.65
4902,15,2,3,1,0,21,0.7142857142857143
4903,13,3,3,1,0,20,0.65
4904,15,2,1,0,0,18,0.8333333333333334
4905,14,3,1,0,0,18,0.7777777777777778
4906,14,2,2,1,0,19,0.7368421052631579
4907,13,4,2,1,0,20,0.65
4908,14,2,3,1,0,20,0.7
4909,12,2,3,1,0,18,0.6666666666666666
4910,14,2,3,1,0,20,0.7
4911,14,2,3,1,0,20,0.7
4912,15,2,3,1,0,21,0.7142857142857143
4913,15,2,3,0,0,20,0.75
4914,14,2,3,0,0,19,0.7368421052631579
4915,14,3,3,0,0,20,0.7
4916,14,2,2,0,0,18,0.7777777777777778
4917,14,2,3,0,0,19,0.7368421052631579
4918,15,2,3,0,0,20,0.75
4919,15,2,3,0,0,20,0.75
4920,15,2,3,0,0,20,0.75
4921,14,2,3,0,0,19,0.7368421052631579
4922,13,2,3,0,0,18,0.7222222222222222
4923,13,2,3,0,0,18,0.7222222222222222
4924,15,2,3,0,0,20,0.75
4925,14,2,3,0,0,19,0.7368421052631579
4926,13,2,3,0,0,18,0.7222222222222222
4927,15,3,3,0,0,21,0.7142857142857143
4928,15,3,3,0,0,21,0.7142857142857143
4929,15,3,3,0,0,21,0.7142857142857143
4930,14,2,3,0,0,19,0.7368421052631579
4931,15,2,3,0,0,20,0.75
4932,15,2,3,0,0,20,0.75
4933,15,2,3,0,0,20,0.75
4934,14,4,3,0,0,21,0.6666666666666666
4935,14,2,3,0,0,19,0.7368421052631579
4936,15,3,3,0,0,21,0.7142857142857143
4937,13,2,3,0,0,18,0.7222222222222222
4938,13,4,3,0,0,20,0.65
4939,15,1,3,0,0,19,0.7894736842105263
4940,14,2,3,0,0,19,0.7368421052631579
4941,13,2,3,0,0,18,0.7222222222222222
4942,11,3,3,0,0,17,0.6470588235294118
4943,14,2,3,0,0,19,0.7368421052631579
4944,14,2,3,0,0,19,0.7368421052631579
4945,12,2,3,0,0,17,0.7058823529411765
4946,15,2,3,0,0,20,0.75
4947,14,2,3,0,0,19,0.7368421052631579
4948,14,2,3,0,0,19,0.7368421052631579
4949,15,3,3,0,0,21,0.7142857142857143
4950,14,2,3,0,0,19,0.7368421052631579
4951,14,2,3,0,0,19,0.7368421052631579
4952,14,3,3,0,0,20,0.7
4953,15,2,3,0,0,20,0.75
4954,14,3,3,0,0,20,0.7
4955,15,3,3,0,0,21,0.7142857142857143
4956,15,2,3,0,0,20,0.75
4957,14,3,3,0,0,20,0.7
4958,14,2,3,0,0,19,0.7368421052631579
4959,14,3,3,0,0,20,0.7
4960,12,3,2,0,0,17,0.7058823529411765
4961,13,4,2,0,0,19,0.6842105263157895
4962,15,4,2,0,0,21,0.7142857142857143
4963,14,2,3,0,0,19,0.7368421052631579
4964,15,4,3,0,0,22,0.6818181818181818
4965,14,2,3,0,0,19,0.7368421052631579
4966,15,3,3,0,0,21,0.7142857142857143
4967,14,2,3,0,0,19,0.7368421052631579
4968,14,2,3,0,0,19,0.7368421052631579
4969,14,3,3,0,0,20,0.7
4970,13,4,3,0,0,20,0.65
4971,14,2,3,0,0,19,0.7368421052631579
4972,15,2,3,0,0,20,0.75
4973,14,2,3,0,0,19,0.7368421052631579
4974,15,3,3,0,0,21,0.7142857142857143
4975,15,3,3,0,0,21,0.7142857142857143
4976,14,2,3,0,0,19,0.7368421052631579
4977,15,2,3,0,0,20,0.75
4978,15,2,3,0,0,20,0.75
4979,14,2,3,0,0,19,0.7368421052631579
4980,13,2,3,0,0,18,0.7222222222222222
4981,15,2,3,0,0,20,0.75
4982,14,3,3,0,0,20,0.7
4983,13,2,3,0,0,18,0.7222222222222222
4984,10,3,3,0,0,16,0.625
4985,14,2,3,0,0,19,0.7368421052631579
4986,14,2,3,0,0,19,0.7368421052631579
4987,14,2,3,0,0,19,0.7368421052631579
4988,14,3,3,0,0,20,0.7
4989,15,3,3,0,0,21,0.7142857142857143
4990,15,3,3,0,0,21,0.7142857142857143
4991,15,2,3,0,0,20,0.75
4992,15,2,3,0,0,20,0.75
4993,14,2,3,0,0,19,0.7368421052631579
4994,12,2,3,0,0,17,0.7058823529411765
4995,14,2,3,0,0,19,0.7368421052631579
4996,15,2,3,0,0,20,0.75
4997,15,3,3,0,0,21,0.7142857142857143
4998,15,2,3,0,0,20,0.75
4999,15,3,3,0,0,21,0.7142857142857143
5000,15,3,3,0,0,21,0.7142857142857143
5001,14,2,3,0,0,19,0.7368421052631579
5002,15,2,2,0,0,19,0.7894736842105263
5003,14,2,3,0,0,19,0.7368421052631579
5004,15,2,3,0,0,20,0.75
5005,14,3,3,0,0,20,0.7
5006,15,2,3,0,0,20,0.75
5007,14,2,3,0,0,19,0.7368421052631579
5008,15,4,3,0,0,22,0.6818181818181818
5009,15,3,3,0,0,21,0.7142857142857143
5010,15,3,3,0,0,21,0.7142857142857143
5011,14,2,3,0,0,19,0.7368421052631579
5012,15,1,3,0,0,19,0.7894736842105263
5013,15,2,3,0,0,20,0.75
5014,15,1,3,0,0,19,0.7894736842105263
5015,15,3,3,0,0,21,0.7142857142857143
5016,15,1,3,0,0,19,0.7894736842105263
5017,13,2,3,0,0,18,0.7222222222222222
5018,15,3,3,0,0,21,0.7142857142857143
5019,14,2,3,0,0,19,0.7368421052631579
5020,15,2,3,0,0,20,0.75
5021,15,4,3,0,0,22,0.6818181818181818
5022,14,1,3,0,0,18,0.7777777777777778
5023,15,3,3,0,0,21,0.7142857142857143
5024,15,3,3,0,0,21,0.7142857142857143
5025,15,2,3,0,0,20,0.75
5026,14,1,3,0,0,18,0.7777777777777778
5027,14,1,3,0,0,18,0.7777777777777778
5028,15,3,3,0,0,21,0.7142857142857143
5029,13,3,3,0,0,19,0.6842105263157895
5030,15,3,3,0,0,21,0.7142857142857143
5031,15,2,3,0,0,20,0.75
5032,15,1,4,0,0,20,0.75
5033,13,1,4,0,0,18,0.7222222222222222
5034,15,3,4,0,0,22,0.6818181818181818
5035,14,3,3,0,0,20,0.7
5036,13,3,3,0,0,19,0.6842105263157895
5037,14,2,3,0,0,19,0.7368421052631579
5038,15,4,3,0,0,22,0.6818181818181818
5039,15,3,3,0,0,21,0.7142857142857143
5040,15,2,3,0,0,20,0.75
5041,14,1,3,0,0,18,0.7777777777777778
5042,12,1,4,0,0,17,0.7058823529411765
5043,13,3,4,0,0,20,0.65
5044,14,3,3,0,0,20,0.7
5045,14,3,4,0,0,21,0.6666666666666666
5046,14,3,3,0,0,20,0.7
5047,15,1,3,0,0,19,0.7894736842105263
5048,15,3,3,0,0,21,0.7142857142857143
5049,15,3,3,0,0,21,0.7142857142857143
5050,15,3,4,0,0,22,0.6818181818181818
5051,15,3,4,0,0,22,0.6818181818181818
5052,14,2,3,0,0,19,0.7368421052631579
5053,15,2,3,0,0,20,0.75
5054,15,3,3,0,0,21,0.7142857142857143
5055,13,2,3,0,0,18,0.7222222222222222
5056,14,2,3,0,0,19,0.7368421052631579
5057,15,3,3,0,0,21,0.7142857142857143
5058,13,2,3,0,0,18,0.7222222222222222
5059,13,2,3,0,0,18,0.7222222222222222
5060,14,3,3,0,0,20,0.7
5061,13,2,3,0,0,18,0.7222222222222222
5062,13,2,3,0,0,18,0.7222222222222222
5063,13,2,3,0,0,18,0.7222222222222222
5064,15,2,3,0,0,20,0.75
5065,14,4,3,0,0,21,0.6666666666666666
5066,15,4,3,0,0,22,0.6818181818181818
5067,15,3,3,0,0,21,0.7142857142857143
5068,15,2,2,0,0,19,0.7894736842105263
5069,15,2,3,0,0,20,0.75
5070,15,3,3,0,0,21,0.7142857142857143
5071,15,2,2,0,0,19,0.7894736842105263
5072,15,3,2,0,0,20,0.75
5073,13,2,2,0,0,17,0.7647058823529411
5074,13,2,2,0,0,17,0.7647058823529411
5075,15,2,2,0,0,19,0.7894736842105263
5076,15,3,2,0,0,20,0.75
5077,13,4,2,0,0,19,0.6842105263157895
5078,13,3,3,0,0,19,0.6842105263157895
5079,13,3,4,0,0,20,0.65
5080,14,2,4,0,0,20,0.7
5081,14,2,4,0,0,20,0.7
5082,15,2,3,0,0,20,0.75
5083,15,2,3,0,0,20,0.75
5084,15,3,3,0,0,21,0.7142857142857143
5085,15,3,3,0,0,21,0.7142857142857143
5086,14,2,3,0,0,19,0.7368421052631579
5087,15,3,3,0,0,21,0.7142857142857143
5088,14,4,3,0,0,21,0.6666666666666666
5089,15,2,3,0,0,20,0.75
5090,14,3,3,0,0,20,0.7
5091,14,2,3,0,0,19,0.7368421052631579
5092,14,2,3,0,0,19,0.7368421052631579
5093,15,3,3,0,0,21,0.7142857142857143
5094,15,3,3,0,0,21,0.7142857142857143
5095,14,3,3,0,0,20,0.7
5096,14,2,3,0,0,19,0.7368421052631579
5097,15,2,3,0,0,20,0.75
5098,14,2,3,0,0,19,0.7368421052631579
5099,15,4,3,0,0,22,0.6818181818181818
5100,14,3,3,0,0,20,0.7
5101,14,3,3,0,0,20,0.7
5102,15,3,3,0,0,21,0.7142857142857143
5103,14,3,3,0,0,20,0.7
5104,13,2,3,0,0,18,0.7222222222222222
5105,15,2,3,0,0,20,0.75
5106,15,3,3,0,0,21,0.7142857142857143
5107,15,3,2,0,0,20,0.75
5108,15,3,3,0,0,21,0.7142857142857143
5109,14,3,3,0,0,20,0.7
5110,14,3,3,0,0,20,0.7
5111,14,2,3,0,0,19,0.7368421052631579
5112,14,2,2,0,0,18,0.7777777777777778
5113,14,3,3,0,0,20,0.7
5114,15,3,3,0,0,21,0.7142857142857143
5115,14,3,2,0,0,19,0.7368421052631579
5116,13,2,2,0,0,17,0.7647058823529411
5117,15,2,2,0,0,19,0.7894736842105263
5118,14,3,3,0,0,20,0.7
5119,14,4,3,0,0,21,0.6666666666666666
5120,14,2,3,0,0,19,0.7368421052631579
5121,13,3,2,0,0,18,0.7222222222222222
5122,15,2,2,0,0,19,0.7894736842105263
5123,13,3,2,0,0,18,0.7222222222222222
5124,15,4,2,0,0,21,0.7142857142857143
5125,11,2,3,0,0,16,0.6875
5126,13,3,3,0,0,19,0.6842105263157895
5127,14,3,3,0,0,20,0.7
5128,15,2,3,0,0,20,0.75
5129,14,4,3,0,0,21,0.6666666666666666
5130,14,3,4,0,0,21,0.6666666666666666
5131,14,2,3,0,0,19,0.7368421052631579
5132,15,3,3,0,0,21,0.7142857142857143
5133,14,3,3,0,0,20,0.7
5134,15,2,3,0,0,20,0.75
5135,15,4,3,0,0,22,0.6818181818181818
5136,15,2,3,0,0,20,0.75
5137,14,2,3,0,0,19,0.7368421052631579
5138,14,3,3,0,0,20,0.7
5139,15,2,3,0,0,20,0.75
5140,13,3,3,0,0,19,0.6842105263157895
5141,15,3,3,0,0,21,0.7142857142857143
5142,13,2,3,0,0,18,0.7222222222222222
5143,15,3,3,0,0,21,0.7142857142857143
5144,13,3,3,0,0,19,0.6842105263157895
5145,15,3,3,0,0,21,0.7142857142857143
5146,15,4,3,0,0,22,0.6818181818181818
5147,15,3,4,0,0,22,0.6818181818181818
5148,15,3,4,0,0,22,0.6818181818181818
5149,15,4,4,0,0,23,0.6521739130434783
5150,14,3,4,0,0,21,0.6666666666666666
5151,15,3,3,0,0,21,0.7142857142857143
5152,14,3,3,0,0,20,0.7
5153,15,3,3,0,0,21,0.7142857142857143
5154,15,3,3,0,0,21,0.7142857142857143
5155,15,2,4,0,0,21,0.7142857142857143
5156,13,2,4,0,0,19,0.6842105263157895
5157,15,3,4,0,0,22,0.6818181818181818
5158,13,4,4,0,0,21,0.6190476190476191
5159,11,3,4,0,0,18,0.6111111111111112
5160,12,3,4,0,0,19,0.631578947368421
5161,14,4,4,0,0,22,0.6363636363636364
5162,14,2,4,0,0,20,0.7
5163,13,2,4,0,0,19,0.6842105263157895
5164,13,2,4,0,0,19,0.6842105263157895
5165,13,2,4,0,0,19,0.6842105263157895
5166,14,3,4,0,0,21,0.6666666666666666
5167,15,3,4,0,0,22,0.6818181818181818
5168,15,2,3,0,0,20,0.75
5169,15,3,4,0,0,22,0.6818181818181818
5170,15,3,4,0,0,22,0.6818181818181818
5171,14,3,4,0,0,21,0.6666666666666666
5172,15,2,4,1,0,22,0.6818181818181818
5173,14,5,4,1,0,24,0.5833333333333334
5174,14,2,4,0,0,20,0.7
5175,13,3,3,0,0,19,0.6842105263157895
5176,15,3,3,0,0,21,0.7142857142857143
5177,15,5,2,0,0,22,0.6818181818181818
5178,15,2,3,0,0,20,0.75
5179,15,3,3,0,0,21,0.7142857142857143
5180,13,3,3,0,0,19,0.6842105263157895
5181,15,2,3,0,0,20,0.75
5182,14,3,3,0,0,20,0.7
5183,15,3,3,0,0,21,0.7142857142857143
5184,15,2,3,0,0,20,0.75
5185,15,3,3,0,0,21,0.7142857142857143
5186,15,2,3,0,0,20,0.75
5187,14,2,3,0,0,19,0.7368421052631579
5188,15,3,3,0,0,21,0.7142857142857143
5189,13,3,3,0,0,19,0.6842105263157895
5190,14,3,3,0,0,20,0.7
5191,14,2,3,0,0,19,0.7368421052631579
5192,14,2,3,0,0,19,0.7368421052631579
5193,12,2,3,0,0,17,0.7058823529411765
5194,15,4,3,0,0,22,0.6818181818181818
5195,12,2,4,0,0,18,0.6666666666666666
5196,14,3,4,0,0,21,0.6666666666666666
5197,14,3,4,0,0,21,0.6666666666666666
5198,14,2,4,0,0,20,0.7
5199,13,3,2,0,0,18,0.7222222222222222
5200,13,2,3,0,0,18,0.7222222222222222
5201,14,3,3,0,0,20,0.7
5202,15,2,3,0,0,20,0.75
5203,15,3,3,0,0,21,0.7142857142857143
5204,14,3,3,0,0,20,0.7
5205,15,2,3,0,0,20,0.75
5206,13,2,3,0,0,18,0.7222222222222222
5207,15,3,3,0,0,21,0.7142857142857143
5208,15,2,3,0,0,20,0.75
5209,14,3,3,0,0,20,0.7
5210,15,3,3,0,0,21,0.7142857142857143
5211,14,2,3,0,0,19,0.7368421052631579
5212,15,3,3,0,0,21,0.7142857142857143
5213,13,2,3,0,0,18,0.7222222222222222
5214,12,2,2,0,0,16,0.75
5215,15,3,2,0,0,20,0.75
5216,14,2,2,0,0,18,0.7777777777777778
5217,14,4,2,0,0,20,0.7
5218,13,2,3,0,0,18,0.7222222222222222
5219,14,2,2,0,0,18,0.7777777777777778
5220,14,3,2,0,0,19,0.7368421052631579
5221,14,4,2,0,0,20,0.7
5222,13,4,2,0,0,19,0.6842105263157895
5223,15,3,2,0,0,20,0.75
5224,14,5,2,0,0,21,0.6666666666666666
5225,14,4,2,0,0,20,0.7
5226,15,5,2,0,0,22,0.6818181818181818
5227,14,6,3,0,0,23,0.6086956521739131
5228,14,4,2,0,0,20,0.7
5229,14,4,2,0,0,20,0.7
5230,12,4,3,0,0,19,0.631578947368421
5231,14,3,3,0,0,20,0.7
5232,12,5,3,0,0,20,0.6
5233,14,2,3,0,0,19,0.7368421052631579
5234,14,3,3,0,0,20,0.7
5235,13,4,2,0,0,19,0.6842105263157895
5236,13,3,3,0,0,19,0.6842105263157895
5237,14,2,2,0,0,18,0.7777777777777778
5238,13,3,2,0,0,18,0.7222222222222222
5239,15,3,3,0,0,21,0.7142857142857143
5240,15,3,4,0,0,22,0.6818181818181818
5241,15,2,3,0,0,20,0.75
5242,14,2,3,0,0,19,0.7368421052631579
5243,15,3,3,0,0,21,0.7142857142857143
5244,14,2,3,0,0,19,0.7368421052631579
5245,15,3,3,0,0,21,0.7142857142857143
5246,13,3,3,0,0,19,0.6842105263157895
5247,14,2,3,0,0,19,0.7368421052631579
5248,14,2,3,0,0,19,0.7368421052631579
5249,13,2,3,0,0,18,0.7222222222222222
5250,13,2,3,0,0,18,0.7222222222222222
5251,13,2,3,0,0,18,0.7222222222222222
5252,15,3,3,0,0,21,0.7142857142857143
5253,15,2,3,0,0,20,0.75
5254,14,3,3,0,0,20,0.7
5255,15,3,3,0,0,21,0.7142857142857143
5256,14,2,3,0,0,19,0.7368421052631579
5257,13,2,3,0,0,18,0.7222222222222222
5258,15,2,3,0,0,20,0.75
5259,16,2,3,0,0,21,0.7619047619047619
5260,15,4,4,0,0,23,0.6521739130434783
5261,14,2,3,0,0,19,0.7368421052631579
5262,15,2,3,0,0,20,0.75
5263,14,4,4,0,0,22,0.6363636363636364
5264,14,2,3,0,0,19,0.7368421052631579
5265,14,2,3,0,0,19,0.7368421052631579
5266,14,3,2,0,0,19,0.7368421052631579
5267,14,2,3,0,0,19,0.7368421052631579
5268,14,3,2,0,0,19,0.7368421052631579
5269,13,2,3,0,0,18,0.7222222222222222
5270,13,2,2,0,0,17,0.7647058823529411
5271,13,3,3,0,0,19,0.6842105263157895
5272,12,3,3,0,0,18,0.6666666666666666
5273,15,3,2,0,0,20,0.75
5274,14,2,2,0,0,18,0.7777777777777778
5275,13,4,3,0,0,20,0.65
5276,15,2,3,0,0,20,0.75
5277,14,2,2,0,0,18,0.7777777777777778
5278,15,3,2,0,0,20,0.75
5279,15,2,3,0,0,20,0.75
5280,15,3,2,0,0,20,0.75
5281,14,3,2,0,0,19,0.7368421052631579
5282,13,2,3,0,0,18,0.7222222222222222
5283,14,3,2,0,0,19,0.7368421052631579
5284,14,3,3,0,0,20,0.7
5285,14,3,2,0,0,19,0.7368421052631579
5286,13,2,3,0,0,18,0.7222222222222222
5287,13,2,2,0,0,17,0.7647058823529411
5288,14,3,2,0,0,19,0.7368421052631579
5289,14,2,3,0,0,19,0.7368421052631579
5290,15,3,3,0,0,21,0.7142857142857143
5291,14,4,3,0,0,21,0.6666666666666666
5292,12,3,3,0,0,18,0.6666666666666666
5293,14,2,3,0,0,19,0.7368421052631579
5294,10,4,3,0,0,17,0.5882352941176471
5295,13,3,3,0,0,19,0.6842105263157895
5296,14,3,3,0,0,20,0.7
5297,15,3,3,0,0,21,0.7142857142857143
5298,14,3,3,0,0,20,0.7
5299,15,3,3,0,0,21,0.7142857142857143
5300,13,3,3,0,0,19,0.6842105263157895
5301,13,4,3,0,0,20,0.65
5302,13,2,3,0,0,18,0.7222222222222222
5303,15,4,2,0,0,21,0.7142857142857143
5304,13,2,3,0,0,18,0.7222222222222222
5305,14,2,2,0,0,18,0.7777777777777778
5306,14,3,3,0,0,20,0.7
5307,12,3,2,0,0,17,0.7058823529411765
5308,13,2,2,0,0,17,0.7647058823529411
5309,14,3,2,0,0,19,0.7368421052631579
5310,12,5,2,0,0,19,0.631578947368421
5311,12,3,3,0,0,18,0.6666666666666666
5312,15,2,3,0,0,20,0.75
5313,13,3,3,0,0,19,0.6842105263157895
5314,14,3,2,0,0,19,0.7368421052631579
5315,15,2,3,0,0,20,0.75
5316,15,2,2,0,0,19,0.7894736842105263
5317,14,3,2,0,0,19,0.7368421052631579
5318,14,2,2,0,0,18,0.7777777777777778
5319,15,2,2,0,0,19,0.7894736842105263
5320,14,3,2,0,0,19,0.7368421052631579
5321,15,2,3,0,0,20,0.75
5322,14,3,3,0,0,20,0.7
5323,12,2,2,0,0,16,0.75
5324,14,3,3,0,0,20,0.7
5325,13,2,3,0,0,18,0.7222222222222222
5326,15,2,2,0,0,19,0.7894736842105263
5327,15,2,3,0,0,20,0.75
5328,13,3,3,0,0,19,0.6842105263157895
5329,13,3,2,0,0,18,0.7222222222222222
5330,13,3,2,0,0,18,0.7222222222222222
5331,14,2,3,0,0,19,0.7368421052631579
5332,14,2,3,0,0,19,0.7368421052631579
5333,15,2,3,0,0,20,0.75
5334,14,2,2,0,0,18,0.7777777777777778
5335,13,4,3,0,0,20,0.65
5336,13,3,3,0,0,19,0.6842105263157895
5337,14,3,3,0,0,20,0.7
5338,13,2,2,0,0,17,0.7647058823529411
5339,14,3,3,0,0,20,0.7
5340,14,2,2,0,0,18,0.7777777777777778
5341,14,3,3,0,0,20,0.7
5342,14,3,2,0,0,19,0.7368421052631579
5343,15,2,3,0,0,20,0.75
5344,14,3,3,0,0,20,0.7
5345,14,2,3,0,0,19,0.7368421052631579
5346,14,4,3,0,0,21,0.6666666666666666
5347,15,3,3,0,0,21,0.7142857142857143
5348,12,2,3,0,0,17,0.7058823529411765
5349,11,4,3,0,0,18,0.6111111111111112
5350,14,2,3,0,0,19,0.7368421052631579
5351,14,2,3,0,0,19,0.7368421052631579
5352,13,4,3,0,0,20,0.65
5353,15,3,3,0,0,21,0.7142857142857143
5354,14,2,2,0,0,18,0.7777777777777778
5355,13,3,3,0,0,19,0.6842105263157895
5356,15,3,3,0,0,21,0.7142857142857143
5357,13,4,3,0,0,20,0.65
5358,14,2,3,0,0,19,0.7368421052631579
5359,15,2,3,0,0,20,0.75
5360,15,3,3,0,0,21,0.7142857142857143
5361,13,2,3,0,0,18,0.7222222222222222
5362,13,3,2,0,0,18,0.7222222222222222
5363,15,4,3,0,0,22,0.6818181818181818
5364,14,2,3,1,0,20,0.7
5365,14,3,2,1,0,20,0.7
5366,13,3,2,1,0,19,0.6842105263157895
5367,14,2,2,1,0,19,0.7368421052631579
5368,15,3,2,1,0,21,0.7142857142857143
5369,10,4,3,1,0,18,0.5555555555555556
5370,15,3,3,1,0,22,0.6818181818181818
5371,15,2,3,1,0,21,0.7142857142857143
5372,15,3,3,1,0,22,0.6818181818181818
5373,14,2,3,1,0,20,0.7
5374,14,3,3,1,0,21,0.6666666666666666
5375,14,3,3,1,0,21,0.6666666666666666
5376,14,2,3,1,0,20,0.7
5377,15,3,3,1,0,22,0.6818181818181818
5378,15,3,3,1,0,22,0.6818181818181818
5379,12,4,3,1,0,20,0.6
5380,14,3,3,1,0,21,0.6666666666666666
5381,13,2,3,0,0,18,0.7222222222222222
5382,14,4,3,0,0,21,0.6666666666666666
5383,14,2,3,0,0,19,0.7368421052631579
5384,13,2,3,1,0,19,0.6842105263157895
5385,13,2,3,0,0,18,0.7222222222222222
5386,14,2,3,0,0,19,0.7368421052631579
5387,13,4,3,0,0,20,0.65
5388,14,2,3,0,0,19,0.7368421052631579
5389,14,3,3,0,0,20,0.7
5390,11,2,3,0,0,16,0.6875
5391,13,3,2,0,0,18,0.7222222222222222
5392,14,5,2,0,0,21,0.6666666666666666
5393,13,6,3,0,0,22,0.5909090909090909
5394,12,5,3,0,0,20,0.6
5395,12,6,2,0,0,20,0.6
5396,12,3,2,0,0,17,0.7058823529411765
5397,14,5,3,0,0,22,0.6363636363636364
5398,11,5,3,1,0,20,0.55
5399,12,3,3,0,0,18,0.6666666666666666
5400,14,2,2,0,0,18,0.7777777777777778
5401,13,3,3,0,0,19,0.6842105263157895
5402,12,3,3,0,0,18,0.6666666666666666
5403,12,2,2,0,0,16,0.75
5404,11,2,2,0,0,15,0.7333333333333333
5405,13,2,3,0,0,18,0.7222222222222222
5406,14,2,2,0,0,18,0.7777777777777778
5407,13,2,2,0,0,17,0.7647058823529411
5408,14,2,2,0,0,18,0.7777777777777778
5409,15,2,2,0,0,19,0.7894736842105263
5410,11,2,2,0,0,15,0.7333333333333333
5411,13,3,3,1,0,20,0.65
5412,13,2,2,0,0,17,0.7647058823529411
5413,12,2,2,0,0,16,0.75
5414,15,2,2,0,0,19,0.7894736842105263
5415,15,3,2,0,0,20,0.75
5416,15,2,3,0,0,20,0.75
5417,15,2,2,0,0,19,0.7894736842105263
5418,14,2,3,0,0,19,0.7368421052631579
5419,15,3,2,0,0,20,0.75
5420,15,2,3,0,0,20,0.75
5421,13,2,3,0,0,18,0.7222222222222222
5422,15,2,2,0,0,19,0.7894736842105263
5423,13,2,3,1,0,19,0.6842105263157895
5424,14,2,2,0,0,18,0.7777777777777778
5425,15,3,2,0,0,20,0.75
5426,14,2,2,0,0,18,0.7777777777777778
5427,15,4,2,0,0,21,0.7142857142857143
5428,15,4,3,0,0,22,0.6818181818181818
5429,14,2,2,0,0,18,0.7777777777777778
5430,12,3,3,0,0,18,0.6666666666666666
5431,15,2,3,0,0,20,0.75
5432,14,2,2,0,0,18,0.7777777777777778
5433,14,2,3,0,0,19,0.7368421052631579
5434,15,2,2,0,0,19,0.7894736842105263
5435,14,3,3,0,0,20,0.7
5436,14,2,3,0,0,19,0.7368421052631579
5437,15,2,3,0,0,20,0.75
5438,13,2,2,0,0,17,0.7647058823529411
5439,14,3,2,0,0,19,0.7368421052631579
5440,14,3,2,0,0,19,0.7368421052631579
5441,12,2,2,0,0,16,0.75
5442,14,2,3,0,0,19,0.7368421052631579
5443,14,3,2,0,0,19,0.7368421052631579
5444,14,3,3,0,0,20,0.7
5445,14,2,2,0,0,18,0.7777777777777778
5446,15,2,2,0,0,19,0.7894736842105263
5447,13,2,2,0,0,17,0.7647058823529411
5448,12,2,3,0,0,17,0.7058823529411765
5449,13,2,3,0,0,18,0.7222222222222222
5450,13,2,3,0,0,18,0.7222222222222222
5451,13,3,2,0,0,18,0.7222222222222222
5452,13,3,2,1,0,19,0.6842105263157895
5453,11,2,3,0,0,16,0.6875
5454,14,2,2,0,0,18,0.7777777777777778
5455,15,2,3,0,0,20,0.75
5456,15,3,2,0,0,20,0.75
5457,13,3,2,0,0,18,0.7222222222222222
5458,15,4,3,0,0,22,0.6818181818181818
5459,14,2,2,0,0,18,0.7777777777777778
5460,14,2,2,0,0,18,0.7777777777777778
5461,12,3,2,0,0,17,0.7058823529411765
5462,15,3,2,0,0,20,0.75
5463,15,2,3,0,0,20,0.75
5464,14,2,3,0,0,19,0.7368421052631579
5465,15,2,2,0,0,19,0.7894736842105263
5466,14,3,2,0,0,19,0.7368421052631579
5467,13,2,3,0,0,18,0.7222222222222222
5468,15,2,3,0,0,20,0.75
5469,14,3,3,0,0,20,0.7
5470,13,2,3,0,0,18,0.7222222222222222
5471,14,4,3,0,0,21,0.6666666666666666
5472,15,2,3,0,0,20,0.75
5473,11,3,2,0,0,16,0.6875
5474,14,3,3,0,0,20,0.7
5475,14,3,2,0,0,19,0.7368421052631579
5476,13,2,2,0,0,17,0.7647058823529411
5477,14,3,2,0,0,19,0.7368421052631579
5478,15,3,3,0,0,21,0.7142857142857143
5479,13,3,3,0,0,19,0.6842105263157895
5480,15,2,3,0,0,20,0.75
5481,14,2,3,0,0,19,0.7368421052631579
5482,14,2,3,0,0,19,0.7368421052631579
5483,15,2,3,0,0,20,0.75
5484,15,3,3,0,0,21,0.7142857142857143
5485,14,4,2,0,0,20,0.7
5486,14,3,2,0,0,19,0.7368421052631579
5487,14,2,2,0,0,18,0.7777777777777778
5488,13,2,2,0,0,17,0.7647058823529411
5489,15,2,3,0,0,20,0.75
5490,15,2,2,0,0,19,0.7894736842105263
5491,14,2,3,0,0,19,0.7368421052631579
5492,13,2,2,0,0,17,0.7647058823529411
5493,15,3,3,0,0,21,0.7142857142857143
5494,15,3,3,0,0,21,0.7142857142857143
5495,14,3,3,0,0,20,0.7
5496,11,1,3,1,0,16,0.6875
5497,13,2,3,0,0,18,0.7222222222222222
5498,14,3,2,0,0,19,0.7368421052631579
5499,12,4,3,0,0,19,0.631578947368421
5500,14,2,2,0,0,18,0.7777777777777778
5501,15,3,2,0,0,20,0.75
5502,15,2,2,0,0,19,0.7894736842105263
5503,15,2,3,0,0,20,0.75
5504,13,2,2,0,0,17,0.7647058823529411
5505,13,2,2,0,0,17,0.7647058823529411
5506,15,3,3,0,0,21,0.7142857142857143
5507,14,2,3,0,0,19,0.7368421052631579
5508,15,3,3,0,0,21,0.7142857142857143
5509,14,4,3,0,0,21,0.6666666666666666
5510,14,2,2,0,0,18,0.7777777777777778
5511,15,2,3,0,0,20,0.75
5512,13,3,2,0,0,18,0.7222222222222222
5513,15,2,3,0,0,20,0.75
5514,14,2,3,0,0,19,0.7368421052631579
5515,12,3,2,0,0,17,0.7058823529411765
5516,13,2,3,0,0,18,0.7222222222222222
5517,13,3,2,0,0,18,0.7222222222222222
5518,15,2,2,0,0,19,0.7894736842105263
5519,15,3,2,0,0,20,0.75
5520,14,3,3,0,0,20,0.7
5521,13,2,3,0,0,18,0.7222222222222222
5522,13,2,2,0,0,17,0.7647058823529411
5523,13,2,3,0,0,18,0.7222222222222222
5524,12,4,2,0,0,18,0.6666666666666666
5525,13,4,2,0,0,19,0.6842105263157895
5526,11,5,3,0,0,19,0.5789473684210527
5527,12,3,3,0,0,18,0.6666666666666666
5528,14,4,3,0,0,21,0.6666666666666666
5529,13,4,2,0,0,19,0.6842105263157895
5530,15,4,2,0,0,21,0.7142857142857143
5531,13,4,2,0,0,19,0.6842105263157895
5532,12,4,2,0,0,18,0.6666666666666666
5533,14,4,2,0,0,20,0.7
5534,13,4,2,0,0,19,0.6842105263157895
5535,12,3,3,0,0,18,0.6666666666666666
5536,13,5,3,0,0,21,0.6190476190476191
5537,14,3,3,0,0,20,0.7
5538,12,4,3,0,0,19,0.631578947368421
5539,13,4,2,0,0,19,0.6842105263157895
5540,14,4,3,1,0,22,0.6363636363636364
5541,14,4,2,1,0,21,0.6666666666666666
5542,13,4,3,0,0,20,0.65
5543,12,4,3,0,0,19,0.631578947368421
5544,13,3,3,0,0,19,0.6842105263157895
5545,12,3,2,0,0,17,0.7058823529411765
5546,14,4,2,0,0,20,0.7
5547,14,4,2,1,0,21,0.6666666666666666
5548,14,3,2,1,0,20,0.7
5549,14,4,3,0,0,21,0.6666666666666666
5550,12,2,3,0,0,17,0.7058823529411765
5551,14,4,3,0,0,21,0.6666666666666666
5552,12,4,3,0,0,19,0.631578947368421
5553,14,3,3,0,0,20,0.7
5554,14,4,2,0,0,20,0.7
5555,13,4,3,0,0,20,0.65
5556,14,4,2,0,0,20,0.7
5557,13,4,2,1,0,20,0.65
5558,13,3,2,1,0,19,0.6842105263157895
5559,13,4,2,0,0,19,0.6842105263157895
5560,14,3,3,1,0,21,0.6666666666666666
5561,14,4,3,0,0,21,0.6666666666666666
5562,11,3,3,0,0,17,0.6470588235294118
5563,14,2,2,0,0,18,0.7777777777777778
5564,13,3,3,0,0,19,0.6842105263157895
5565,12,2,3,0,0,17,0.7058823529411765
5566,14,3,3,0,0,20,0.7
5567,14,2,2,0,0,18,0.7777777777777778
5568,13,3,3,1,0,20,0.65
5569,13,3,3,0,0,19,0.6842105263157895
5570,13,4,3,0,0,20,0.65
5571,13,3,3,0,0,19,0.6842105263157895
5572,13,4,3,0,0,20,0.65
5573,13,3,3,0,0,19,0.6842105263157895
5574,13,3,3,1,0,20,0.65
5575,14,4,3,0,0,21,0.6666666666666666
5576,14,4,3,0,0,21,0.6666666666666666
5577,13,5,3,0,0,21,0.6190476190476191
5578,14,3,2,0,0,19,0.7368421052631579
5579,14,3,2,0,0,19,0.7368421052631579
5580,14,2,3,0,0,19,0.7368421052631579
5581,14,3,3,0,0,20,0.7
5582,13,3,3,0,0,19,0.6842105263157895
5583,13,2,2,0,0,17,0.7647058823529411
5584,14,4,3,0,0,21,0.6666666666666666
5585,12,3,3,0,0,18,0.6666666666666666
5586,14,4,2,0,0,20,0.7
5587,14,2,3,1,0,20,0.7
5588,14,2,2,0,0,18,0.7777777777777778
5589,12,2,3,1,0,18,0.6666666666666666
5590,14,4,3,1,0,22,0.6363636363636364
5591,14,3,3,1,0,21,0.6666666666666666
5592,13,2,3,0,0,18,0.7222222222222222
5593,14,3,2,1,0,20,0.7
5594,14,3,3,0,0,20,0.7
5595,14,3,2,1,0,20,0.7
5596,14,3,3,1,0,21,0.6666666666666666
5597,14,3,3,1,0,21,0.6666666666666666
5598,14,3,3,1,0,21,0.6666666666666666
5599,14,2,3,0,0,19,0.7368421052631579
