frame,n_hydrophobic,n_polar,n_pos_charged,n_neg_charged,n_other,n_total,frac_hydrophobic
0,14,1,3,0,0,18,0.7777777777777778
1,14,3,3,0,0,20,0.7
2,16,2,3,1,0,22,0.7272727272727273
3,14,2,3,0,0,19,0.7368421052631579
4,12,1,3,0,0,16,0.75
5,13,1,3,0,0,17,0.7647058823529411
6,15,1,3,1,0,20,0.75
7,15,2,3,0,0,20,0.75
8,15,2,3,1,0,21,0.7142857142857143
9,15,2,3,1,0,21,0.7142857142857143
10,15,1,3,1,0,20,0.75
11,12,1,3,0,0,16,0.75
12,14,2,3,0,0,19,0.7368421052631579
13,14,1,3,1,0,19,0.7368421052631579
14,15,3,3,1,0,22,0.6818181818181818
15,15,2,3,1,0,21,0.7142857142857143
16,15,1,3,0,0,19,0.7894736842105263
17,13,2,3,0,0,18,0.7222222222222222
18,16,2,3,0,0,21,0.7619047619047619
19,16,2,3,0,0,21,0.7619047619047619
20,13,1,3,0,0,17,0.7647058823529411
21,14,1,3,1,0,19,0.7368421052631579
22,15,1,3,0,0,19,0.7894736842105263
23,14,1,3,1,0,19,0.7368421052631579
24,15,2,3,0,0,20,0.75
25,16,1,3,0,0,20,0.8
26,14,2,3,1,0,20,0.7
27,15,1,3,0,0,19,0.7894736842105263
28,12,1,3,1,0,17,0.7058823529411765
29,15,1,3,1,0,20,0.75
30,12,2,3,1,0,18,0.6666666666666666
31,13,1,3,0,0,17,0.7647058823529411
32,15,2,3,0,0,20,0.75
33,13,1,3,0,0,17,0.7647058823529411
34,14,2,3,0,0,19,0.7368421052631579
35,15,2,3,1,0,21,0.7142857142857143
36,15,3,3,1,0,22,0.6818181818181818
37,15,2,3,1,0,21,0.7142857142857143
38,13,2,3,0,0,18,0.7222222222222222
39,14,3,3,0,0,20,0.7
40,15,2,3,0,0,20,0.75
41,16,1,3,0,0,20,0.8
42,15,2,3,0,0,20,0.75
43,16,2,3,1,0,22,0.7272727272727273
44,16,1,3,2,0,22,0.7272727272727273
45,14,2,3,1,0,20,0.7
46,15,3,3,1,0,22,0.6818181818181818
47,16,3,3,1,0,23,0.6956521739130435
48,16,2,3,0,0,21,0.7619047619047619
49,15,1,3,0,0,19,0.7894736842105263
50,15,2,3,1,0,21,0.7142857142857143
51,12,2,3,1,0,18,0.6666666666666666
52,16,3,3,1,0,23,0.6956521739130435
53,14,2,3,1,0,20,0.7
54,13,2,4,0,0,19,0.6842105263157895
55,15,1,3,0,0,19,0.7894736842105263
56,12,3,3,0,0,18,0.6666666666666666
57,16,3,3,0,0,22,0.7272727272727273
58,14,2,3,1,0,20,0.7
59,14,2,3,0,0,19,0.7368421052631579
60,16,3,3,2,0,24,0.6666666666666666
61,16,2,3,0,0,21,0.7619047619047619
62,16,2,3,2,0,23,0.6956521739130435
63,16,2,3,1,0,22,0.7272727272727273
64,16,2,3,0,0,21,0.7619047619047619
65,12,1,3,1,0,17,0.7058823529411765
66,13,1,3,1,0,18,0.7222222222222222
67,16,2,3,1,0,22,0.7272727272727273
68,15,2,3,1,0,21,0.7142857142857143
69,15,2,3,1,0,21,0.7142857142857143
70,16,2,3,1,0,22,0.7272727272727273
71,14,1,3,0,0,18,0.7777777777777778
72,15,2,3,0,0,20,0.75
73,15,2,3,0,0,20,0.75
74,16,1,3,1,0,21,0.7619047619047619
75,14,1,3,1,0,19,0.7368421052631579
76,15,1,3,1,0,20,0.75
77,16,1,3,1,0,21,0.7619047619047619
78,14,1,3,1,0,19,0.7368421052631579
79,15,2,3,1,0,21,0.7142857142857143
80,15,2,3,1,0,21,0.7142857142857143
81,15,1,3,1,0,20,0.75
82,16,2,3,1,0,22,0.7272727272727273
83,16,2,3,2,0,23,0.6956521739130435
84,15,2,3,1,0,21,0.7142857142857143
85,16,1,3,1,0,21,0.7619047619047619
86,15,1,3,0,0,19,0.7894736842105263
87,14,2,3,1,0,20,0.7
88,14,1,3,0,0,18,0.7777777777777778
89,14,1,4,2,0,21,0.6666666666666666
90,15,3,3,1,0,22,0.6818181818181818
91,13,3,3,3,0,22,0.5909090909090909
92,13,4,3,1,0,21,0.6190476190476191
93,15,3,3,1,0,22,0.6818181818181818
94,15,2,3,1,0,21,0.7142857142857143
95,15,2,3,0,0,20,0.75
96,14,1,3,1,0,19,0.7368421052631579
97,14,1,3,1,0,19,0.7368421052631579
98,15,2,3,1,0,21,0.7142857142857143
99,13,2,3,1,0,19,0.6842105263157895
100,15,2,3,1,0,21,0.7142857142857143
101,15,3,3,1,0,22,0.6818181818181818
102,14,1,3,1,0,19,0.7368421052631579
103,14,2,3,1,0,20,0.7
104,14,2,3,1,0,20,0.7
105,13,2,3,1,0,19,0.6842105263157895
106,14,2,3,0,0,19,0.7368421052631579
107,14,2,3,0,0,19,0.7368421052631579
108,13,2,3,0,0,18,0.7222222222222222
109,14,2,3,1,0,20,0.7
110,14,2,3,1,0,20,0.7
111,16,2,3,1,0,22,0.7272727272727273
112,15,1,3,1,0,20,0.75
113,15,2,3,1,0,21,0.7142857142857143
114,14,1,3,1,0,19,0.7368421052631579
115,14,2,3,1,0,20,0.7
116,12,2,3,0,0,17,0.7058823529411765
117,12,2,3,1,0,18,0.6666666666666666
118,14,2,3,1,0,20,0.7
119,13,2,3,1,0,19,0.6842105263157895
120,14,1,3,1,0,19,0.7368421052631579
121,13,1,3,1,0,18,0.7222222222222222
122,14,1,3,0,0,18,0.7777777777777778
123,14,2,3,1,0,20,0.7
124,13,2,3,2,0,20,0.65
125,12,2,3,1,0,18,0.6666666666666666
126,14,2,3,1,0,20,0.7
127,14,2,3,1,0,20,0.7
128,15,3,3,1,0,22,0.6818181818181818
129,14,1,3,1,0,19,0.7368421052631579
130,13,2,3,1,0,19,0.6842105263157895
131,13,2,3,2,0,20,0.65
132,14,3,3,2,0,22,0.6363636363636364
133,14,2,3,1,0,20,0.7
134,14,1,3,0,0,18,0.7777777777777778
135,13,3,3,1,0,20,0.65
136,11,2,2,1,0,16,0.6875
137,14,2,3,1,0,20,0.7
138,14,2,3,1,0,20,0.7
139,15,3,3,0,0,21,0.7142857142857143
140,14,1,3,1,0,19,0.7368421052631579
141,15,3,3,0,0,21,0.7142857142857143
142,15,1,3,0,0,19,0.7894736842105263
143,14,2,3,1,0,20,0.7
144,14,2,3,2,0,21,0.6666666666666666
145,13,2,3,2,0,20,0.65
146,14,2,3,2,0,21,0.6666666666666666
147,15,2,3,1,0,21,0.7142857142857143
148,16,2,3,1,0,22,0.7272727272727273
149,14,3,3,2,0,22,0.6363636363636364
150,15,1,3,1,0,20,0.75
151,15,1,3,2,0,21,0.7142857142857143
152,15,3,3,1,0,22,0.6818181818181818
153,13,4,4,0,0,21,0.6190476190476191
154,14,2,3,1,0,20,0.7
155,12,2,3,1,0,18,0.6666666666666666
156,11,2,3,1,0,17,0.6470588235294118
157,14,2,3,1,0,20,0.7
158,15,3,3,1,0,22,0.6818181818181818
159,13,2,3,2,0,20,0.65
160,15,2,3,1,0,21,0.7142857142857143
161,11,2,3,1,0,17,0.6470588235294118
162,14,1,3,1,0,19,0.7368421052631579
163,15,2,3,0,0,20,0.75
164,12,3,3,1,0,19,0.631578947368421
165,13,1,3,1,0,18,0.7222222222222222
166,14,1,3,1,0,19,0.7368421052631579
167,15,4,3,2,0,24,0.625
168,13,1,3,0,0,17,0.7647058823529411
169,12,2,3,1,0,18,0.6666666666666666
170,14,2,4,0,0,20,0.7
171,15,2,3,1,0,21,0.7142857142857143
172,14,3,3,0,0,20,0.7
173,15,2,3,1,0,21,0.7142857142857143
174,14,3,3,1,0,21,0.6666666666666666
175,15,4,3,1,0,23,0.6521739130434783
176,14,2,3,1,0,20,0.7
177,14,1,3,1,0,19,0.7368421052631579
178,14,3,3,1,0,21,0.6666666666666666
179,14,1,3,1,0,19,0.7368421052631579
180,14,2,3,1,0,20,0.7
181,14,1,3,1,0,19,0.7368421052631579
182,14,2,3,1,0,20,0.7
183,14,2,3,1,0,20,0.7
184,11,1,3,1,0,16,0.6875
185,13,2,4,1,0,20,0.65
186,15,1,3,1,0,20,0.75
187,12,2,3,0,0,17,0.7058823529411765
188,13,2,3,1,0,19,0.6842105263157895
189,14,2,3,1,0,20,0.7
190,13,1,3,1,0,18,0.7222222222222222
191,13,2,3,0,0,18,0.7222222222222222
192,13,2,4,1,0,20,0.65
193,14,2,3,1,0,20,0.7
194,17,2,3,1,0,23,0.7391304347826086
195,12,2,3,1,0,18,0.6666666666666666
196,15,2,3,1,0,21,0.7142857142857143
197,12,2,3,1,0,18,0.6666666666666666
198,12,3,3,2,0,20,0.6
199,15,2,3,2,0,22,0.6818181818181818
200,14,3,3,1,0,21,0.6666666666666666
201,15,2,3,0,0,20,0.75
202,16,2,3,0,0,21,0.7619047619047619
203,13,1,3,1,0,18,0.7222222222222222
204,13,2,3,1,0,19,0.6842105263157895
205,14,2,3,0,0,19,0.7368421052631579
206,15,2,3,1,0,21,0.7142857142857143
207,14,1,3,1,0,19,0.7368421052631579
208,15,2,3,0,0,20,0.75
209,16,1,3,1,0,21,0.7619047619047619
210,15,0,3,2,0,20,0.75
211,14,2,3,1,0,20,0.7
212,13,2,3,1,0,19,0.6842105263157895
213,14,3,3,1,0,21,0.6666666666666666
214,15,1,3,1,0,20,0.75
215,13,1,3,2,0,19,0.6842105263157895
216,15,1,3,1,0,20,0.75
217,14,2,3,2,0,21,0.6666666666666666
218,13,3,3,0,0,19,0.6842105263157895
219,12,3,3,0,0,18,0.6666666666666666
220,13,2,4,0,0,19,0.6842105263157895
221,15,2,3,1,0,21,0.7142857142857143
222,14,3,3,2,0,22,0.6363636363636364
223,14,2,3,1,0,20,0.7
224,12,2,3,1,0,18,0.6666666666666666
225,16,1,3,1,0,21,0.7619047619047619
226,15,2,3,1,0,21,0.7142857142857143
227,13,2,3,0,0,18,0.7222222222222222
228,13,1,3,1,0,18,0.7222222222222222
229,14,3,3,0,0,20,0.7
230,15,1,3,1,0,20,0.75
231,16,2,3,1,0,22,0.7272727272727273
232,14,2,3,1,0,20,0.7
233,14,2,3,1,0,20,0.7
234,15,3,3,1,0,22,0.6818181818181818
235,14,2,3,0,0,19,0.7368421052631579
236,11,3,3,0,0,17,0.6470588235294118
237,11,2,3,0,0,16,0.6875
238,15,1,3,1,0,20,0.75
239,14,2,3,1,0,20,0.7
240,15,2,3,0,0,20,0.75
241,15,2,4,1,0,22,0.6818181818181818
242,13,2,3,1,0,19,0.6842105263157895
243,12,1,3,1,0,17,0.7058823529411765
244,13,2,3,1,0,19,0.6842105263157895
245,14,3,3,1,0,21,0.6666666666666666
246,13,2,3,1,0,19,0.6842105263157895
247,15,2,3,1,0,21,0.7142857142857143
248,15,2,3,1,0,21,0.7142857142857143
249,16,2,3,0,0,21,0.7619047619047619
250,16,1,3,1,0,21,0.7619047619047619
251,15,2,3,0,0,20,0.75
252,13,1,3,1,0,18,0.7222222222222222
253,16,2,3,1,0,22,0.7272727272727273
254,13,3,3,1,0,20,0.65
255,16,1,3,1,0,21,0.7619047619047619
256,13,2,3,0,0,18,0.7222222222222222
257,14,2,3,0,0,19,0.7368421052631579
258,14,2,3,1,0,20,0.7
259,15,3,3,1,0,22,0.6818181818181818
260,15,1,3,0,0,19,0.7894736842105263
261,15,1,3,1,0,20,0.75
262,15,2,3,1,0,21,0.7142857142857143
263,14,2,3,1,0,20,0.7
264,14,2,3,1,0,20,0.7
265,15,1,3,0,0,19,0.7894736842105263
266,13,1,3,0,0,17,0.7647058823529411
267,15,1,3,1,0,20,0.75
268,15,2,3,2,0,22,0.6818181818181818
269,16,1,3,1,0,21,0.7619047619047619
270,13,2,3,2,0,20,0.65
271,16,2,3,1,0,22,0.7272727272727273
272,15,2,3,2,0,22,0.6818181818181818
273,14,2,3,1,0,20,0.7
274,13,1,3,1,0,18,0.7222222222222222
275,14,3,3,2,0,22,0.6363636363636364
276,14,2,3,0,0,19,0.7368421052631579
277,14,2,3,0,0,19,0.7368421052631579
278,14,2,3,1,0,20,0.7
279,15,2,3,1,0,21,0.7142857142857143
280,14,2,3,1,0,20,0.7
281,13,2,3,1,0,19,0.6842105263157895
282,14,2,3,1,0,20,0.7
283,16,2,3,0,0,21,0.7619047619047619
284,13,2,3,2,0,20,0.65
285,13,2,3,1,0,19,0.6842105263157895
286,15,2,3,1,0,21,0.7142857142857143
287,14,2,3,0,0,19,0.7368421052631579
288,16,2,3,1,0,22,0.7272727272727273
289,15,3,3,1,0,22,0.6818181818181818
290,15,2,3,2,0,22,0.6818181818181818
291,15,2,3,1,0,21,0.7142857142857143
292,14,2,3,1,0,20,0.7
293,14,2,3,0,0,19,0.7368421052631579
294,13,1,3,1,0,18,0.7222222222222222
295,12,2,3,2,0,19,0.631578947368421
296,14,1,3,2,0,20,0.7
297,14,1,3,1,0,19,0.7368421052631579
298,15,1,3,1,0,20,0.75
299,14,2,3,2,0,21,0.6666666666666666
300,12,1,3,1,0,17,0.7058823529411765
301,12,2,3,1,0,18,0.6666666666666666
302,11,2,4,0,0,17,0.6470588235294118
303,12,2,3,0,0,17,0.7058823529411765
304,14,2,3,1,0,20,0.7
305,15,1,3,1,0,20,0.75
306,13,2,3,0,0,18,0.7222222222222222
307,12,2,3,0,0,17,0.7058823529411765
308,13,2,3,2,0,20,0.65
309,13,1,3,0,0,17,0.7647058823529411
310,13,1,3,0,0,17,0.7647058823529411
311,14,2,3,1,0,20,0.7
312,12,1,3,1,0,17,0.7058823529411765
313,12,1,3,2,0,18,0.6666666666666666
314,16,2,3,2,0,23,0.6956521739130435
315,12,1,3,0,0,16,0.75
316,12,1,3,1,0,17,0.7058823529411765
317,13,2,3,1,0,19,0.6842105263157895
318,14,2,3,3,0,22,0.6363636363636364
319,12,2,3,0,0,17,0.7058823529411765
320,14,1,3,1,0,19,0.7368421052631579
321,13,1,3,2,0,19,0.6842105263157895
322,14,2,3,0,0,19,0.7368421052631579
323,14,1,3,1,0,19,0.7368421052631579
324,13,2,3,0,0,18,0.7222222222222222
325,13,2,3,1,0,19,0.6842105263157895
326,14,1,3,1,0,19,0.7368421052631579
327,14,1,3,1,0,19,0.7368421052631579
328,15,1,3,1,0,20,0.75
329,12,1,3,3,0,19,0.631578947368421
330,14,1,3,0,0,18,0.7777777777777778
331,14,2,3,2,0,21,0.6666666666666666
332,14,2,3,1,0,20,0.7
333,14,2,3,2,0,21,0.6666666666666666
334,13,2,3,2,0,20,0.65
335,13,2,3,1,0,19,0.6842105263157895
336,14,2,3,1,0,20,0.7
337,14,1,3,1,0,19,0.7368421052631579
338,12,1,3,2,0,18,0.6666666666666666
339,16,1,3,2,0,22,0.7272727272727273
340,14,2,3,2,0,21,0.6666666666666666
341,14,2,3,0,0,19,0.7368421052631579
342,12,1,3,1,0,17,0.7058823529411765
343,14,1,3,2,0,20,0.7
344,15,1,3,1,0,20,0.75
345,13,1,3,0,0,17,0.7647058823529411
346,15,2,3,1,0,21,0.7142857142857143
347,14,1,3,1,0,19,0.7368421052631579
348,15,1,3,1,0,20,0.75
349,14,1,3,1,0,19,0.7368421052631579
350,13,1,3,1,0,18,0.7222222222222222
351,14,1,3,2,0,20,0.7
352,13,1,3,1,0,18,0.7222222222222222
353,15,1,3,1,0,20,0.75
354,15,1,3,1,0,20,0.75
355,15,2,3,0,0,20,0.75
356,15,1,3,0,0,19,0.7894736842105263
357,13,2,3,2,0,20,0.65
358,15,2,3,2,0,22,0.6818181818181818
359,14,2,3,1,0,20,0.7
360,12,2,3,2,0,19,0.631578947368421
361,13,2,2,1,0,18,0.7222222222222222
362,13,1,3,1,0,18,0.7222222222222222
363,13,2,3,1,0,19,0.6842105263157895
364,14,1,3,2,0,20,0.7
365,14,1,3,2,0,20,0.7
366,13,1,3,1,0,18,0.7222222222222222
367,12,1,3,2,0,18,0.6666666666666666
368,14,1,3,2,0,20,0.7
369,14,1,3,1,0,19,0.7368421052631579
370,14,1,3,2,0,20,0.7
371,14,1,3,1,0,19,0.7368421052631579
372,13,1,3,1,0,18,0.7222222222222222
373,14,1,3,1,0,19,0.7368421052631579
374,12,1,3,2,0,18,0.6666666666666666
375,14,2,3,2,0,21,0.6666666666666666
376,12,2,3,2,0,19,0.631578947368421
377,13,2,3,2,0,20,0.65
378,14,1,3,1,0,19,0.7368421052631579
379,14,1,2,1,0,18,0.7777777777777778
380,13,3,3,2,0,21,0.6190476190476191
381,14,3,3,0,0,20,0.7
382,13,1,3,1,0,18,0.7222222222222222
383,10,1,2,1,0,14,0.7142857142857143
384,15,1,2,0,0,18,0.8333333333333334
385,13,1,2,0,0,16,0.8125
386,14,1,2,0,0,17,0.8235294117647058
387,13,2,2,1,0,18,0.7222222222222222
388,14,1,3,0,0,18,0.7777777777777778
389,13,1,2,0,0,16,0.8125
390,13,1,3,0,0,17,0.7647058823529411
391,13,1,3,1,0,18,0.7222222222222222
392,12,1,3,1,0,17,0.7058823529411765
393,11,1,2,1,0,15,0.7333333333333333
394,11,1,3,1,0,16,0.6875
395,13,1,3,0,0,17,0.7647058823529411
396,11,1,3,1,0,16,0.6875
397,11,1,3,1,0,16,0.6875
398,11,1,3,0,0,15,0.7333333333333333
399,12,1,3,1,0,17,0.7058823529411765
400,11,1,3,2,0,17,0.6470588235294118
401,11,1,3,2,0,17,0.6470588235294118
402,11,1,3,1,0,16,0.6875
403,11,1,3,1,0,16,0.6875
404,11,1,3,1,0,16,0.6875
405,9,1,3,1,0,14,0.6428571428571429
406,12,1,3,2,0,18,0.6666666666666666
407,12,1,3,1,0,17,0.7058823529411765
408,11,1,3,0,0,15,0.7333333333333333
409,14,2,3,0,0,19,0.7368421052631579
410,12,2,3,1,0,18,0.6666666666666666
411,13,1,3,1,0,18,0.7222222222222222
412,11,1,2,1,0,15,0.7333333333333333
413,13,1,2,1,0,17,0.7647058823529411
414,10,1,3,1,0,15,0.6666666666666666
415,11,0,2,1,0,14,0.7857142857142857
416,12,1,2,0,0,15,0.8
417,15,2,1,0,0,18,0.8333333333333334
418,12,1,2,0,0,15,0.8
419,12,1,3,0,0,16,0.75
420,13,1,2,0,0,16,0.8125
421,14,1,3,1,0,19,0.7368421052631579
422,15,1,2,0,0,18,0.8333333333333334
423,14,2,2,0,0,18,0.7777777777777778
424,13,0,3,1,0,17,0.7647058823529411
425,12,0,3,0,0,15,0.8
426,13,0,2,0,0,15,0.8666666666666667
427,14,1,3,0,0,18,0.7777777777777778
428,15,1,3,0,0,19,0.7894736842105263
429,13,0,2,0,0,15,0.8666666666666667
430,15,0,3,0,0,18,0.8333333333333334
431,14,0,3,0,0,17,0.8235294117647058
432,14,0,3,0,0,17,0.8235294117647058
433,15,0,3,0,0,18,0.8333333333333334
434,10,0,2,0,0,12,0.8333333333333334
435,14,0,2,0,0,16,0.875
436,13,0,2,0,0,15,0.8666666666666667
437,15,0,3,0,0,18,0.8333333333333334
438,10,0,3,0,0,13,0.7692307692307693
439,13,0,2,0,0,15,0.8666666666666667
440,12,0,3,0,0,15,0.8
441,12,0,2,0,0,14,0.8571428571428571
442,14,0,3,0,0,17,0.8235294117647058
443,14,1,3,0,0,18,0.7777777777777778
444,12,0,2,0,0,14,0.8571428571428571
445,12,0,3,0,0,15,0.8
446,13,0,2,0,0,15,0.8666666666666667
447,15,0,3,0,0,18,0.8333333333333334
448,14,0,3,0,0,17,0.8235294117647058
449,13,0,3,1,0,17,0.7647058823529411
450,13,0,3,0,0,16,0.8125
451,13,0,3,0,0,16,0.8125
452,13,1,3,0,0,17,0.7647058823529411
453,13,1,4,0,0,18,0.7222222222222222
454,11,0,3,0,0,14,0.7857142857142857
455,15,0,3,0,0,18,0.8333333333333334
456,13,0,3,0,0,16,0.8125
457,12,0,2,0,0,14,0.8571428571428571
458,13,0,2,0,0,15,0.8666666666666667
459,13,0,3,0,0,16,0.8125
460,13,1,2,0,0,16,0.8125
461,12,0,3,0,0,15,0.8
462,13,0,3,0,0,16,0.8125
463,13,0,3,0,0,16,0.8125
464,13,1,2,0,0,16,0.8125
465,12,1,2,0,0,15,0.8
466,13,0,2,1,0,16,0.8125
467,11,0,3,1,0,15,0.7333333333333333
468,11,0,3,1,0,15,0.7333333333333333
469,12,0,3,0,0,15,0.8
470,12,0,2,1,0,15,0.8
471,13,0,3,0,0,16,0.8125
472,12,0,2,0,0,14,0.8571428571428571
473,14,0,4,0,0,18,0.7777777777777778
474,13,0,2,0,0,15,0.8666666666666667
475,11,0,3,0,0,14,0.7857142857142857
476,13,0,3,0,0,16,0.8125
477,15,1,3,0,0,19,0.7894736842105263
478,14,0,2,0,0,16,0.875
479,12,0,3,1,0,16,0.75
480,14,0,3,1,0,18,0.7777777777777778
481,14,0,3,0,0,17,0.8235294117647058
482,14,0,3,0,0,17,0.8235294117647058
483,14,0,3,0,0,17,0.8235294117647058
484,14,1,3,0,0,18,0.7777777777777778
485,14,1,4,0,0,19,0.7368421052631579
486,13,0,4,0,0,17,0.7647058823529411
487,13,0,3,0,0,16,0.8125
488,15,1,3,0,0,19,0.7894736842105263
489,12,0,3,0,0,15,0.8
490,14,0,3,0,0,17,0.8235294117647058
491,14,0,3,0,0,17,0.8235294117647058
492,14,1,3,0,0,18,0.7777777777777778
493,14,1,3,0,0,18,0.7777777777777778
494,13,0,3,0,0,16,0.8125
495,15,1,3,0,0,19,0.7894736842105263
496,15,0,3,0,0,18,0.8333333333333334
497,14,0,3,0,0,17,0.8235294117647058
498,16,1,2,0,0,19,0.8421052631578947
499,15,1,1,0,0,17,0.8823529411764706
500,14,0,3,0,0,17,0.8235294117647058
501,15,0,4,1,0,20,0.75
502,13,0,3,0,0,16,0.8125
503,13,0,3,0,0,16,0.8125
504,12,0,2,0,0,14,0.8571428571428571
505,13,1,3,0,0,17,0.7647058823529411
506,13,0,3,0,0,16,0.8125
507,15,0,3,0,0,18,0.8333333333333334
508,13,0,3,0,0,16,0.8125
509,13,0,3,1,0,17,0.7647058823529411
510,15,0,3,0,0,18,0.8333333333333334
511,13,1,3,0,0,17,0.7647058823529411
512,13,0,2,0,0,15,0.8666666666666667
513,15,0,2,0,0,17,0.8823529411764706
514,11,0,2,0,0,13,0.8461538461538461
515,14,1,2,0,0,17,0.8235294117647058
516,15,0,3,0,0,18,0.8333333333333334
517,14,1,3,0,0,18,0.7777777777777778
518,12,0,4,0,0,16,0.75
519,15,1,3,0,0,19,0.7894736842105263
520,13,0,3,0,0,16,0.8125
521,14,0,3,0,0,17,0.8235294117647058
522,13,0,3,0,0,16,0.8125
523,11,2,2,1,0,16,0.6875
524,12,2,2,1,0,17,0.7058823529411765
525,11,2,3,1,0,17,0.6470588235294118
526,12,2,3,1,0,18,0.6666666666666666
527,13,2,3,1,0,19,0.6842105263157895
528,10,2,3,1,0,16,0.625
529,12,2,3,1,0,18,0.6666666666666666
530,10,2,3,1,0,16,0.625
531,11,2,3,3,0,19,0.5789473684210527
532,12,1,3,1,0,17,0.7058823529411765
533,12,1,2,1,0,16,0.75
534,12,1,3,1,0,17,0.7058823529411765
535,11,2,3,1,0,17,0.6470588235294118
536,10,2,2,1,0,15,0.6666666666666666
537,11,2,3,1,0,17,0.6470588235294118
538,11,1,2,1,0,15,0.7333333333333333
539,12,2,3,1,0,18,0.6666666666666666
540,11,1,2,1,0,15,0.7333333333333333
541,13,1,2,1,0,17,0.7647058823529411
542,12,1,3,1,0,17,0.7058823529411765
543,10,2,3,1,0,16,0.625
544,9,2,3,1,0,15,0.6
545,13,1,3,1,0,18,0.7222222222222222
546,8,2,2,0,0,12,0.6666666666666666
547,11,0,2,0,0,13,0.8461538461538461
548,12,1,2,2,0,17,0.7058823529411765
549,13,0,2,0,0,15,0.8666666666666667
550,13,0,3,0,0,16,0.8125
551,13,1,2,0,0,16,0.8125
552,13,1,3,0,0,17,0.7647058823529411
553,11,1,2,0,0,14,0.7857142857142857
554,12,0,3,0,0,15,0.8
555,14,1,3,1,0,19,0.7368421052631579
556,15,0,3,1,0,19,0.7894736842105263
557,13,0,3,0,0,16,0.8125
558,14,0,3,1,0,18,0.7777777777777778
559,14,0,2,0,0,16,0.875
560,12,0,3,0,0,15,0.8
561,14,0,2,0,0,16,0.875
562,14,1,3,0,0,18,0.7777777777777778
563,13,0,2,0,0,15,0.8666666666666667
564,11,0,2,0,0,13,0.8461538461538461
565,14,0,3,0,0,17,0.8235294117647058
566,14,0,3,0,0,17,0.8235294117647058
567,15,0,2,0,0,17,0.8823529411764706
568,14,0,3,0,0,17,0.8235294117647058
569,11,0,3,0,0,14,0.7857142857142857
570,14,0,3,0,0,17,0.8235294117647058
571,12,0,3,0,0,15,0.8
572,13,0,3,0,0,16,0.8125
573,12,0,2,0,0,14,0.8571428571428571
574,13,1,2,0,0,16,0.8125
575,14,1,3,0,0,18,0.7777777777777778
576,13,0,2,0,0,15,0.8666666666666667
577,12,1,2,0,0,15,0.8
578,12,1,2,0,0,15,0.8
579,14,1,3,0,0,18,0.7777777777777778
580,13,1,3,0,0,17,0.7647058823529411
581,12,1,3,1,0,17,0.7058823529411765
582,11,2,3,0,0,16,0.6875
583,15,1,2,0,0,18,0.8333333333333334
584,13,1,2,0,0,16,0.8125
585,14,1,3,0,0,18,0.7777777777777778
586,13,1,3,0,0,17,0.7647058823529411
587,13,1,3,0,0,17,0.7647058823529411
588,13,1,2,0,0,16,0.8125
589,14,2,4,0,0,20,0.7
590,13,1,2,1,0,17,0.7647058823529411
591,11,2,4,1,0,18,0.6111111111111112
592,12,2,3,1,0,18,0.6666666666666666
593,9,2,1,1,0,13,0.6923076923076923
594,11,1,3,1,0,16,0.6875
595,12,2,2,0,0,16,0.75
596,13,0,3,0,0,16,0.8125
597,13,2,3,0,0,18,0.7222222222222222
598,11,2,3,1,0,17,0.6470588235294118
599,11,2,3,0,0,16,0.6875
600,13,0,3,1,0,17,0.7647058823529411
601,13,1,3,0,0,17,0.7647058823529411
602,12,1,2,1,0,16,0.75
603,13,0,3,0,0,16,0.8125
604,12,1,4,0,0,17,0.7058823529411765
605,13,0,3,1,0,17,0.7647058823529411
606,13,1,4,0,0,18,0.7222222222222222
607,14,0,2,0,0,16,0.875
608,14,0,4,1,0,19,0.7368421052631579
609,13,2,3,1,0,19,0.6842105263157895
610,14,2,3,0,0,19,0.7368421052631579
611,13,0,2,0,0,15,0.8666666666666667
612,13,1,3,0,0,17,0.7647058823529411
613,14,1,2,0,0,17,0.8235294117647058
614,14,1,2,2,0,19,0.7368421052631579
615,11,0,3,0,0,14,0.7857142857142857
616,11,0,3,1,0,15,0.7333333333333333
617,14,1,2,1,0,18,0.7777777777777778
618,13,1,3,1,0,18,0.7222222222222222
619,12,0,3,1,0,16,0.75
620,13,1,2,0,0,16,0.8125
621,13,1,1,0,0,15,0.8666666666666667
622,14,0,2,0,0,16,0.875
623,14,0,3,0,0,17,0.8235294117647058
624,13,2,2,1,0,18,0.7222222222222222
625,12,1,2,0,0,15,0.8
626,13,0,2,0,0,15,0.8666666666666667
627,13,1,2,0,0,16,0.8125
628,13,0,2,0,0,15,0.8666666666666667
629,14,0,2,0,0,16,0.875
630,12,1,2,2,0,17,0.7058823529411765
631,13,1,2,1,0,17,0.7647058823529411
632,13,0,2,0,0,15,0.8666666666666667
633,12,0,2,1,0,15,0.8
634,13,0,2,1,0,16,0.8125
635,13,1,3,1,0,18,0.7222222222222222
636,13,1,2,0,0,16,0.8125
637,13,0,2,0,0,15,0.8666666666666667
638,13,1,2,1,0,17,0.7647058823529411
639,13,0,2,1,0,16,0.8125
640,12,0,3,1,0,16,0.75
641,12,0,2,0,0,14,0.8571428571428571
642,13,1,2,0,0,16,0.8125
643,13,1,3,1,0,18,0.7222222222222222
644,12,0,2,1,0,15,0.8
645,12,0,2,1,0,15,0.8
646,12,0,2,1,0,15,0.8
647,13,0,2,0,0,15,0.8666666666666667
648,14,0,2,0,0,16,0.875
649,12,0,2,0,0,14,0.8571428571428571
650,13,0,2,0,0,15,0.8666666666666667
651,10,0,2,0,0,12,0.8333333333333334
652,12,2,3,0,0,17,0.7058823529411765
653,14,1,2,0,0,17,0.8235294117647058
654,14,0,2,1,0,17,0.8235294117647058
655,14,2,3,0,0,19,0.7368421052631579
656,12,3,2,0,0,17,0.7058823529411765
657,11,2,2,0,0,15,0.7333333333333333
658,11,1,2,1,0,15,0.7333333333333333
659,13,1,2,1,0,17,0.7647058823529411
660,11,1,2,0,0,14,0.7857142857142857
661,12,2,2,0,0,16,0.75
662,11,2,2,0,0,15,0.7333333333333333
663,11,2,2,0,0,15,0.7333333333333333
664,13,2,1,0,0,16,0.8125
665,10,2,2,1,0,15,0.6666666666666666
666,14,1,3,0,0,18,0.7777777777777778
667,12,2,2,1,0,17,0.7058823529411765
668,12,1,2,0,0,15,0.8
669,11,1,2,0,0,14,0.7857142857142857
670,13,1,2,0,0,16,0.8125
671,12,3,2,0,0,17,0.7058823529411765
672,14,2,2,0,0,18,0.7777777777777778
673,12,2,3,0,0,17,0.7058823529411765
674,10,2,3,0,0,15,0.6666666666666666
675,11,2,2,0,0,15,0.7333333333333333
676,14,1,1,0,0,16,0.875
677,13,3,2,0,0,18,0.7222222222222222
678,13,3,2,1,0,19,0.6842105263157895
679,13,3,2,0,0,18,0.7222222222222222
680,12,2,2,0,0,16,0.75
681,13,3,2,0,0,18,0.7222222222222222
682,13,3,2,0,0,18,0.7222222222222222
683,12,1,2,0,0,15,0.8
684,10,3,2,0,0,15,0.6666666666666666
685,12,1,3,0,0,16,0.75
686,11,2,2,1,0,16,0.6875
687,13,3,3,0,0,19,0.6842105263157895
688,13,3,2,0,0,18,0.7222222222222222
689,13,2,2,0,0,17,0.7647058823529411
690,12,3,2,0,0,17,0.7058823529411765
691,13,3,2,0,0,18,0.7222222222222222
692,12,2,2,0,0,16,0.75
693,12,1,2,0,0,15,0.8
694,13,2,2,0,0,17,0.7647058823529411
695,13,2,2,0,0,17,0.7647058823529411
696,12,3,1,1,0,17,0.7058823529411765
697,14,2,2,0,0,18,0.7777777777777778
698,14,2,2,0,0,18,0.7777777777777778
699,12,2,3,0,0,17,0.7058823529411765
700,12,1,2,0,0,15,0.8
701,12,2,2,0,0,16,0.75
702,12,2,3,0,0,17,0.7058823529411765
703,13,1,3,1,0,18,0.7222222222222222
704,13,2,3,0,0,18,0.7222222222222222
705,14,1,2,0,0,17,0.8235294117647058
706,13,2,3,0,0,18,0.7222222222222222
707,12,2,2,0,0,16,0.75
708,14,3,2,0,0,19,0.7368421052631579
709,13,3,3,0,0,19,0.6842105263157895
710,12,2,2,0,0,16,0.75
711,13,1,2,0,0,16,0.8125
712,12,2,2,0,0,16,0.75
713,14,0,2,0,0,16,0.875
714,13,2,2,1,0,18,0.7222222222222222
715,12,2,2,0,0,16,0.75
716,13,2,2,0,0,17,0.7647058823529411
717,14,1,2,0,0,17,0.8235294117647058
718,14,2,3,1,0,20,0.7
719,15,0,2,0,0,17,0.8823529411764706
720,12,1,2,0,0,15,0.8
721,13,1,2,1,0,17,0.7647058823529411
722,12,1,2,0,0,15,0.8
723,13,1,2,0,0,16,0.8125
724,14,1,2,0,0,17,0.8235294117647058
725,13,3,2,0,0,18,0.7222222222222222
726,12,2,2,0,0,16,0.75
727,14,1,2,1,0,18,0.7777777777777778
728,14,1,2,0,0,17,0.8235294117647058
729,13,1,2,0,0,16,0.8125
730,14,1,2,0,0,17,0.8235294117647058
731,10,3,2,1,0,16,0.625
732,14,0,2,1,0,17,0.8235294117647058
733,13,1,2,1,0,17,0.7647058823529411
734,12,1,2,0,0,15,0.8
735,13,2,3,0,0,18,0.7222222222222222
736,14,1,1,0,0,16,0.875
737,13,0,2,1,0,16,0.8125
738,15,3,2,0,0,20,0.75
739,15,3,2,1,0,21,0.7142857142857143
740,14,2,2,0,0,18,0.7777777777777778
741,14,2,2,0,0,18,0.7777777777777778
742,13,0,2,0,0,15,0.8666666666666667
743,14,1,2,0,0,17,0.8235294117647058
744,11,2,2,1,0,16,0.6875
745,13,0,2,0,0,15,0.8666666666666667
746,13,2,3,1,0,19,0.6842105263157895
747,13,1,3,0,0,17,0.7647058823529411
748,14,1,3,1,0,19,0.7368421052631579
749,14,2,2,0,0,18,0.7777777777777778
750,13,0,2,0,0,15,0.8666666666666667
751,14,2,2,0,0,18,0.7777777777777778
752,12,2,2,0,0,16,0.75
753,14,1,2,0,0,17,0.8235294117647058
754,14,2,2,1,0,19,0.7368421052631579
755,13,2,2,0,0,17,0.7647058823529411
756,12,2,2,1,0,17,0.7058823529411765
757,11,1,2,0,0,14,0.7857142857142857
758,12,1,2,0,0,15,0.8
759,14,2,3,1,0,20,0.7
760,13,1,2,0,0,16,0.8125
761,12,2,2,0,0,16,0.75
762,13,2,3,0,0,18,0.7222222222222222
763,13,2,2,1,0,18,0.7222222222222222
764,13,1,2,0,0,16,0.8125
765,13,2,3,1,0,19,0.6842105263157895
766,13,1,3,1,0,18,0.7222222222222222
767,13,2,2,0,0,17,0.7647058823529411
768,13,1,2,1,0,17,0.7647058823529411
769,13,1,2,2,0,18,0.7222222222222222
770,13,0,2,0,0,15,0.8666666666666667
771,12,1,3,1,0,17,0.7058823529411765
772,12,0,2,0,0,14,0.8571428571428571
773,13,1,3,1,0,18,0.7222222222222222
774,13,0,3,0,0,16,0.8125
775,13,0,2,0,0,15,0.8666666666666667
776,13,1,2,0,0,16,0.8125
777,13,1,2,0,0,16,0.8125
778,13,0,2,0,0,15,0.8666666666666667
779,14,1,2,0,0,17,0.8235294117647058
780,13,1,2,0,0,16,0.8125
781,13,1,2,1,0,17,0.7647058823529411
782,13,0,3,1,0,17,0.7647058823529411
783,13,1,3,0,0,17,0.7647058823529411
784,14,0,2,0,0,16,0.875
785,13,0,2,0,0,15,0.8666666666666667
786,12,1,2,1,0,16,0.75
787,13,0,2,0,0,15,0.8666666666666667
788,12,1,2,0,0,15,0.8
789,12,1,2,0,0,15,0.8
790,12,0,2,0,0,14,0.8571428571428571
791,13,1,2,1,0,17,0.7647058823529411
792,13,1,2,0,0,16,0.8125
793,13,1,2,1,0,17,0.7647058823529411
794,14,1,3,1,0,19,0.7368421052631579
795,13,0,2,0,0,15,0.8666666666666667
796,13,1,3,0,0,17,0.7647058823529411
797,12,1,2,0,0,15,0.8
798,14,0,2,0,0,16,0.875
799,12,1,2,1,0,16,0.75
800,13,1,3,2,0,19,0.6842105263157895
801,13,1,2,0,0,16,0.8125
802,14,0,2,0,0,16,0.875
803,11,2,2,0,0,15,0.7333333333333333
804,12,0,2,0,0,14,0.8571428571428571
805,14,1,2,0,0,17,0.8235294117647058
806,11,1,2,0,0,14,0.7857142857142857
807,13,2,2,0,0,17,0.7647058823529411
808,14,2,1,0,0,17,0.8235294117647058
809,14,2,2,0,0,18,0.7777777777777778
810,13,3,2,0,0,18,0.7222222222222222
811,15,2,1,0,0,18,0.8333333333333334
812,11,1,2,0,0,14,0.7857142857142857
813,13,2,3,0,0,18,0.7222222222222222
814,13,0,2,1,0,16,0.8125
815,13,2,1,1,0,17,0.7647058823529411
816,13,3,2,0,0,18,0.7222222222222222
817,11,2,2,0,0,15,0.7333333333333333
818,13,2,2,0,0,17,0.7647058823529411
819,13,2,2,1,0,18,0.7222222222222222
820,13,2,2,0,0,17,0.7647058823529411
821,13,2,2,0,0,17,0.7647058823529411
822,14,1,2,1,0,18,0.7777777777777778
823,12,0,2,0,0,14,0.8571428571428571
824,14,1,2,0,0,17,0.8235294117647058
825,10,2,2,0,0,14,0.7142857142857143
826,13,2,2,0,0,17,0.7647058823529411
827,11,2,2,0,0,15,0.7333333333333333
828,10,2,2,1,0,15,0.6666666666666666
829,11,2,2,1,0,16,0.6875
830,12,2,2,0,0,16,0.75
831,13,2,2,0,0,17,0.7647058823529411
832,14,2,2,0,0,18,0.7777777777777778
833,13,2,2,0,0,17,0.7647058823529411
834,15,2,2,0,0,19,0.7894736842105263
835,13,3,2,0,0,18,0.7222222222222222
836,14,2,2,1,0,19,0.7368421052631579
837,11,2,2,0,0,15,0.7333333333333333
838,14,3,1,1,0,19,0.7368421052631579
839,12,1,2,1,0,16,0.75
840,14,1,2,1,0,18,0.7777777777777778
841,14,3,2,1,0,20,0.7
842,13,3,2,0,0,18,0.7222222222222222
843,13,1,2,1,0,17,0.7647058823529411
844,11,3,2,0,0,16,0.6875
845,13,2,2,0,0,17,0.7647058823529411
846,14,2,3,0,0,19,0.7368421052631579
847,14,1,2,0,0,17,0.8235294117647058
848,13,2,1,0,0,16,0.8125
849,11,2,2,0,0,15,0.7333333333333333
850,14,2,2,0,0,18,0.7777777777777778
851,12,2,2,1,0,17,0.7058823529411765
852,13,2,2,1,0,18,0.7222222222222222
853,12,3,1,0,0,16,0.75
854,10,1,2,0,0,13,0.7692307692307693
855,13,2,1,0,0,16,0.8125
856,11,2,3,0,0,16,0.6875
857,13,3,2,0,0,18,0.7222222222222222
858,12,1,2,0,0,15,0.8
859,12,1,3,0,0,16,0.75
860,14,1,2,0,0,17,0.8235294117647058
861,12,3,2,1,0,18,0.6666666666666666
862,15,3,3,1,0,22,0.6818181818181818
863,15,3,2,0,0,20,0.75
864,12,3,3,0,0,18,0.6666666666666666
865,12,3,3,1,0,19,0.631578947368421
866,14,3,2,0,0,19,0.7368421052631579
867,13,3,2,0,0,18,0.7222222222222222
868,12,2,2,0,0,16,0.75
869,14,2,2,0,0,18,0.7777777777777778
870,14,2,2,0,0,18,0.7777777777777778
871,14,3,2,0,0,19,0.7368421052631579
872,13,2,3,0,0,18,0.7222222222222222
873,13,3,2,0,0,18,0.7222222222222222
874,12,2,2,0,0,16,0.75
875,14,3,2,0,0,19,0.7368421052631579
876,13,1,2,0,0,16,0.8125
877,14,2,2,0,0,18,0.7777777777777778
878,13,3,2,0,0,18,0.7222222222222222
879,14,2,2,0,0,18,0.7777777777777778
880,13,2,2,0,0,17,0.7647058823529411
881,13,3,2,0,0,18,0.7222222222222222
882,13,3,2,0,0,18,0.7222222222222222
883,13,1,2,0,0,16,0.8125
884,13,2,2,0,0,17,0.7647058823529411
885,12,2,3,0,0,17,0.7058823529411765
886,14,1,3,0,0,18,0.7777777777777778
887,13,3,3,0,0,19,0.6842105263157895
888,13,3,2,0,0,18,0.7222222222222222
889,11,3,2,0,0,16,0.6875
890,12,3,3,0,0,18,0.6666666666666666
891,13,3,3,1,0,20,0.65
892,14,2,2,0,0,18,0.7777777777777778
893,12,1,3,1,0,17,0.7058823529411765
894,13,3,2,0,0,18,0.7222222222222222
895,13,3,2,0,0,18,0.7222222222222222
896,14,1,2,0,0,17,0.8235294117647058
897,14,2,2,0,0,18,0.7777777777777778
898,14,1,2,0,0,17,0.8235294117647058
899,12,2,2,0,0,16,0.75
900,14,1,2,1,0,18,0.7777777777777778
901,13,2,2,0,0,17,0.7647058823529411
902,14,2,2,0,0,18,0.7777777777777778
903,14,1,2,0,0,17,0.8235294117647058
904,14,3,2,0,0,19,0.7368421052631579
905,12,2,2,0,0,16,0.75
906,13,2,2,0,0,17,0.7647058823529411
907,13,2,2,1,0,18,0.7222222222222222
908,14,2,2,0,0,18,0.7777777777777778
909,13,2,2,0,0,17,0.7647058823529411
910,14,2,2,0,0,18,0.7777777777777778
911,14,2,2,1,0,19,0.7368421052631579
912,14,1,2,0,0,17,0.8235294117647058
913,12,2,2,0,0,16,0.75
914,14,2,2,0,0,18,0.7777777777777778
915,14,1,2,0,0,17,0.8235294117647058
916,12,1,2,0,0,15,0.8
917,13,1,2,0,0,16,0.8125
918,13,1,2,1,0,17,0.7647058823529411
919,14,1,3,0,0,18,0.7777777777777778
920,14,1,2,0,0,17,0.8235294117647058
921,14,2,1,1,0,18,0.7777777777777778
922,15,1,2,0,0,18,0.8333333333333334
923,13,2,2,0,0,17,0.7647058823529411
924,13,0,2,0,0,15,0.8666666666666667
925,14,0,2,0,0,16,0.875
926,14,0,2,0,0,16,0.875
927,14,1,1,0,0,16,0.875
928,14,0,3,0,0,17,0.8235294117647058
929,14,1,2,1,0,18,0.7777777777777778
930,13,0,2,0,0,15,0.8666666666666667
931,14,0,2,0,0,16,0.875
932,12,0,2,0,0,14,0.8571428571428571
933,14,0,2,1,0,17,0.8235294117647058
934,14,0,1,0,0,15,0.9333333333333333
935,11,1,2,1,0,15,0.7333333333333333
936,13,0,2,0,0,15,0.8666666666666667
937,12,0,2,0,0,14,0.8571428571428571
938,10,0,2,2,0,14,0.7142857142857143
939,11,0,2,1,0,14,0.7857142857142857
940,11,0,1,1,0,13,0.8461538461538461
941,13,1,2,1,0,17,0.7647058823529411
942,12,0,1,0,0,13,0.9230769230769231
943,14,0,3,0,0,17,0.8235294117647058
944,12,1,2,0,0,15,0.8
945,12,0,3,1,0,16,0.75
946,13,0,2,0,0,15,0.8666666666666667
947,13,1,2,1,0,17,0.7647058823529411
948,12,1,2,0,0,15,0.8
949,12,1,2,1,0,16,0.75
950,12,1,2,1,0,16,0.75
951,11,2,3,0,0,16,0.6875
952,10,1,2,1,0,14,0.7142857142857143
953,13,2,2,0,0,17,0.7647058823529411
954,12,1,3,1,0,17,0.7058823529411765
955,13,1,2,1,0,17,0.7647058823529411
956,11,1,2,2,0,16,0.6875
957,10,2,2,0,0,14,0.7142857142857143
958,11,0,3,0,0,14,0.7857142857142857
959,12,1,2,0,0,15,0.8
960,12,0,2,0,0,14,0.8571428571428571
961,11,0,2,1,0,14,0.7857142857142857
962,13,1,2,0,0,16,0.8125
963,13,0,2,1,0,16,0.8125
964,14,2,2,1,0,19,0.7368421052631579
965,13,1,2,0,0,16,0.8125
966,13,2,2,0,0,17,0.7647058823529411
967,13,1,2,1,0,17,0.7647058823529411
968,14,1,2,1,0,18,0.7777777777777778
969,13,1,2,0,0,16,0.8125
970,13,1,2,0,0,16,0.8125
971,13,1,1,0,0,15,0.8666666666666667
972,13,2,2,0,0,17,0.7647058823529411
973,12,1,1,1,0,15,0.8
974,13,1,2,0,0,16,0.8125
975,12,1,2,0,0,15,0.8
976,13,1,3,0,0,17,0.7647058823529411
977,13,0,2,0,0,15,0.8666666666666667
978,12,2,2,0,0,16,0.75
979,14,1,2,1,0,18,0.7777777777777778
980,13,3,3,1,0,20,0.65
981,13,2,2,0,0,17,0.7647058823529411
982,12,1,1,0,0,14,0.8571428571428571
983,11,1,3,1,0,16,0.6875
984,13,1,2,1,0,17,0.7647058823529411
985,13,3,2,0,0,18,0.7222222222222222
986,12,2,2,1,0,17,0.7058823529411765
987,14,2,2,0,0,18,0.7777777777777778
988,13,1,2,1,0,17,0.7647058823529411
989,13,0,2,1,0,16,0.8125
990,15,1,2,0,0,18,0.8333333333333334
991,14,1,2,1,0,18,0.7777777777777778
992,14,1,3,1,0,19,0.7368421052631579
993,13,1,2,0,0,16,0.8125
994,13,4,2,1,0,20,0.65
995,13,2,1,0,0,16,0.8125
996,13,2,2,0,0,17,0.7647058823529411
997,12,3,2,0,0,17,0.7058823529411765
998,15,2,2,1,0,20,0.75
999,14,1,2,0,0,17,0.8235294117647058
1000,15,2,2,0,0,19,0.7894736842105263
1001,14,2,2,0,0,18,0.7777777777777778
1002,14,2,1,0,0,17,0.8235294117647058
1003,13,1,2,0,0,16,0.8125
1004,14,1,2,0,0,17,0.8235294117647058
1005,13,1,2,0,0,16,0.8125
1006,13,2,2,0,0,17,0.7647058823529411
1007,13,1,2,0,0,16,0.8125
1008,14,2,1,0,0,17,0.8235294117647058
1009,14,1,2,0,0,17,0.8235294117647058
1010,14,2,2,0,0,18,0.7777777777777778
1011,12,2,2,1,0,17,0.7058823529411765
1012,10,2,2,0,0,14,0.7142857142857143
1013,11,2,2,0,0,15,0.7333333333333333
1014,13,1,2,0,0,16,0.8125
1015,14,2,2,0,0,18,0.7777777777777778
1016,15,3,2,0,0,20,0.75
1017,14,3,1,0,0,18,0.7777777777777778
1018,13,2,2,0,0,17,0.7647058823529411
1019,14,2,2,0,0,18,0.7777777777777778
1020,15,2,2,0,0,19,0.7894736842105263
1021,13,2,2,0,0,17,0.7647058823529411
1022,12,1,2,0,0,15,0.8
1023,12,2,2,0,0,16,0.75
1024,13,1,2,0,0,16,0.8125
1025,14,2,2,0,0,18,0.7777777777777778
1026,12,3,2,1,0,18,0.6666666666666666
1027,13,1,2,0,0,16,0.8125
1028,13,2,2,1,0,18,0.7222222222222222
1029,15,2,2,0,0,19,0.7894736842105263
1030,11,1,2,0,0,14,0.7857142857142857
1031,13,1,2,0,0,16,0.8125
1032,14,1,2,0,0,17,0.8235294117647058
1033,14,2,3,0,0,19,0.7368421052631579
1034,14,2,2,0,0,18,0.7777777777777778
1035,14,1,2,0,0,17,0.8235294117647058
1036,13,2,2,1,0,18,0.7222222222222222
1037,15,1,2,0,0,18,0.8333333333333334
1038,13,1,2,0,0,16,0.8125
1039,14,1,2,1,0,18,0.7777777777777778
1040,14,1,2,1,0,18,0.7777777777777778
1041,14,1,2,0,0,17,0.8235294117647058
1042,13,1,3,0,0,17,0.7647058823529411
1043,13,1,2,0,0,16,0.8125
1044,13,1,2,0,0,16,0.8125
1045,15,1,3,0,0,19,0.7894736842105263
1046,14,1,2,0,0,17,0.8235294117647058
1047,13,1,3,0,0,17,0.7647058823529411
1048,13,1,2,0,0,16,0.8125
1049,14,1,2,0,0,17,0.8235294117647058
1050,14,1,2,0,0,17,0.8235294117647058
1051,14,1,2,0,0,17,0.8235294117647058
1052,13,1,2,0,0,16,0.8125
1053,15,1,1,0,0,17,0.8823529411764706
1054,14,2,2,0,0,18,0.7777777777777778
1055,14,2,2,0,0,18,0.7777777777777778
1056,13,2,2,0,0,17,0.7647058823529411
1057,15,2,2,0,0,19,0.7894736842105263
1058,15,2,2,0,0,19,0.7894736842105263
1059,12,3,2,0,0,17,0.7058823529411765
1060,13,1,3,0,0,17,0.7647058823529411
1061,14,2,2,0,0,18,0.7777777777777778
1062,12,1,2,1,0,16,0.75
1063,15,2,2,0,0,19,0.7894736842105263
1064,14,1,2,0,0,17,0.8235294117647058
1065,14,1,2,0,0,17,0.8235294117647058
1066,14,2,2,0,0,18,0.7777777777777778
1067,14,0,2,0,0,16,0.875
1068,14,0,2,0,0,16,0.875
1069,15,2,2,0,0,19,0.7894736842105263
1070,13,1,2,0,0,16,0.8125
1071,14,2,2,0,0,18,0.7777777777777778
1072,12,1,2,0,0,15,0.8
1073,15,2,2,0,0,19,0.7894736842105263
1074,14,2,2,0,0,18,0.7777777777777778
1075,13,2,2,0,0,17,0.7647058823529411
1076,15,2,2,0,0,19,0.7894736842105263
1077,13,2,2,0,0,17,0.7647058823529411
1078,14,1,2,0,0,17,0.8235294117647058
1079,14,2,1,0,0,17,0.8235294117647058
1080,13,1,1,0,0,15,0.8666666666666667
1081,14,1,1,1,0,17,0.8235294117647058
1082,13,1,1,1,0,16,0.8125
1083,12,1,1,0,0,14,0.8571428571428571
1084,14,0,2,0,0,16,0.875
1085,13,1,3,1,0,18,0.7222222222222222
1086,9,1,2,0,0,12,0.75
1087,13,1,1,1,0,16,0.8125
1088,13,2,2,0,0,17,0.7647058823529411
1089,13,2,2,1,0,18,0.7222222222222222
1090,11,1,1,0,0,13,0.8461538461538461
1091,13,2,2,0,0,17,0.7647058823529411
1092,14,1,3,0,0,18,0.7777777777777778
1093,14,1,1,0,0,16,0.875
1094,12,1,3,0,0,16,0.75
1095,11,1,2,1,0,15,0.7333333333333333
1096,10,0,2,0,0,12,0.8333333333333334
1097,14,1,3,1,0,19,0.7368421052631579
1098,13,1,2,0,0,16,0.8125
1099,13,2,2,0,0,17,0.7647058823529411
1100,13,0,2,1,0,16,0.8125
1101,13,2,2,1,0,18,0.7222222222222222
1102,14,1,2,1,0,18,0.7777777777777778
1103,14,0,2,0,0,16,0.875
1104,13,0,2,1,0,16,0.8125
1105,13,1,1,0,0,15,0.8666666666666667
1106,13,2,2,1,0,18,0.7222222222222222
1107,13,1,3,1,0,18,0.7222222222222222
1108,12,1,2,0,0,15,0.8
1109,13,0,2,0,0,15,0.8666666666666667
1110,14,0,1,0,0,15,0.9333333333333333
1111,14,0,1,0,0,15,0.9333333333333333
1112,12,2,2,0,0,16,0.75
1113,13,1,3,0,0,17,0.7647058823529411
1114,13,0,3,1,0,17,0.7647058823529411
1115,14,0,3,0,0,17,0.8235294117647058
1116,14,0,1,0,0,15,0.9333333333333333
1117,15,3,2,0,0,20,0.75
1118,13,1,2,0,0,16,0.8125
1119,13,1,2,0,0,16,0.8125
1120,13,2,2,0,0,17,0.7647058823529411
1121,13,2,2,0,0,17,0.7647058823529411
1122,12,2,2,0,0,16,0.75
1123,11,2,2,0,0,15,0.7333333333333333
1124,11,2,2,0,0,15,0.7333333333333333
1125,11,2,2,0,0,15,0.7333333333333333
1126,11,2,2,0,0,15,0.7333333333333333
1127,13,2,2,0,0,17,0.7647058823529411
1128,11,2,3,0,0,16,0.6875
1129,11,2,2,1,0,16,0.6875
1130,14,2,2,0,0,18,0.7777777777777778
1131,12,2,2,0,0,16,0.75
1132,15,2,2,0,0,19,0.7894736842105263
1133,14,1,2,0,0,17,0.8235294117647058
1134,12,2,3,0,0,17,0.7058823529411765
1135,13,2,2,0,0,17,0.7647058823529411
1136,10,1,2,0,0,13,0.7692307692307693
1137,12,2,2,0,0,16,0.75
1138,11,1,2,0,0,14,0.7857142857142857
1139,14,1,2,0,0,17,0.8235294117647058
1140,13,2,2,0,0,17,0.7647058823529411
1141,13,3,2,0,0,18,0.7222222222222222
1142,14,2,3,0,0,19,0.7368421052631579
1143,13,2,3,0,0,18,0.7222222222222222
1144,12,1,2,0,0,15,0.8
1145,11,2,2,0,0,15,0.7333333333333333
1146,13,2,2,0,0,17,0.7647058823529411
1147,12,3,1,0,0,16,0.75
1148,12,1,1,0,0,14,0.8571428571428571
1149,12,2,2,0,0,16,0.75
1150,11,1,2,0,0,14,0.7857142857142857
1151,12,2,3,0,0,17,0.7058823529411765
1152,14,2,3,0,0,19,0.7368421052631579
1153,13,1,2,0,0,16,0.8125
1154,11,1,2,0,0,14,0.7857142857142857
1155,13,2,2,0,0,17,0.7647058823529411
1156,14,2,2,0,0,18,0.7777777777777778
1157,12,2,2,0,0,16,0.75
1158,10,2,3,0,0,15,0.6666666666666666
1159,12,2,3,0,0,17,0.7058823529411765
1160,13,2,3,0,0,18,0.7222222222222222
1161,11,1,3,1,0,16,0.6875
1162,13,2,3,0,0,18,0.7222222222222222
1163,11,2,3,1,0,17,0.6470588235294118
1164,12,2,2,0,0,16,0.75
1165,11,2,1,0,0,14,0.7857142857142857
1166,12,2,1,0,0,15,0.8
1167,14,2,3,0,0,19,0.7368421052631579
1168,13,3,3,0,0,19,0.6842105263157895
1169,13,2,3,0,0,18,0.7222222222222222
1170,14,3,2,0,0,19,0.7368421052631579
1171,12,3,2,0,0,17,0.7058823529411765
1172,12,3,2,0,0,17,0.7058823529411765
1173,13,3,2,0,0,18,0.7222222222222222
1174,12,3,2,0,0,17,0.7058823529411765
1175,13,3,2,0,0,18,0.7222222222222222
1176,13,1,2,0,0,16,0.8125
1177,12,2,1,0,0,15,0.8
1178,12,2,2,0,0,16,0.75
1179,12,3,1,0,0,16,0.75
1180,13,2,2,1,0,18,0.7222222222222222
1181,12,2,1,0,0,15,0.8
1182,13,2,1,0,0,16,0.8125
1183,14,3,2,0,0,19,0.7368421052631579
1184,13,3,1,1,0,18,0.7222222222222222
1185,13,2,1,0,0,16,0.8125
1186,12,2,2,0,0,16,0.75
1187,11,3,1,0,0,15,0.7333333333333333
1188,11,1,2,0,0,14,0.7857142857142857
1189,13,1,1,0,0,15,0.8666666666666667
1190,11,1,2,0,0,14,0.7857142857142857
1191,12,1,2,0,0,15,0.8
1192,15,1,1,0,0,17,0.8823529411764706
1193,13,2,2,0,0,17,0.7647058823529411
1194,11,2,1,0,0,14,0.7857142857142857
1195,13,1,2,1,0,17,0.7647058823529411
1196,12,2,2,0,0,16,0.75
1197,11,3,3,0,0,17,0.6470588235294118
1198,12,2,1,0,0,15,0.8
1199,13,3,2,0,0,18,0.7222222222222222
1200,12,3,2,0,0,17,0.7058823529411765
1201,13,2,1,0,0,16,0.8125
1202,13,2,2,0,0,17,0.7647058823529411
1203,14,1,2,0,0,17,0.8235294117647058
1204,13,2,3,0,0,18,0.7222222222222222
1205,12,2,2,0,0,16,0.75
1206,12,2,3,0,0,17,0.7058823529411765
1207,13,2,2,0,0,17,0.7647058823529411
1208,12,2,2,0,0,16,0.75
1209,13,2,3,0,0,18,0.7222222222222222
1210,14,2,2,0,0,18,0.7777777777777778
1211,12,2,2,0,0,16,0.75
1212,13,1,1,0,0,15,0.8666666666666667
1213,14,2,2,0,0,18,0.7777777777777778
1214,13,3,1,0,0,17,0.7647058823529411
1215,13,2,3,0,0,18,0.7222222222222222
1216,12,3,3,0,0,18,0.6666666666666666
1217,14,3,2,0,0,19,0.7368421052631579
1218,12,2,2,0,0,16,0.75
1219,13,3,2,0,0,18,0.7222222222222222
1220,12,2,3,0,0,17,0.7058823529411765
1221,12,1,3,0,0,16,0.75
1222,12,3,3,0,0,18,0.6666666666666666
1223,11,1,1,0,0,13,0.8461538461538461
1224,12,3,1,0,0,16,0.75
1225,11,2,2,1,0,16,0.6875
1226,13,2,1,0,0,16,0.8125
1227,13,3,2,0,0,18,0.7222222222222222
1228,12,2,2,0,0,16,0.75
1229,11,2,2,0,0,15,0.7333333333333333
1230,11,3,2,0,0,16,0.6875
1231,12,2,2,0,0,16,0.75
1232,13,1,2,0,0,16,0.8125
1233,12,3,2,0,0,17,0.7058823529411765
1234,12,2,2,0,0,16,0.75
1235,12,2,2,0,0,16,0.75
1236,12,2,3,1,0,18,0.6666666666666666
1237,11,1,2,0,0,14,0.7857142857142857
1238,10,3,1,0,0,14,0.7142857142857143
1239,10,1,2,0,0,13,0.7692307692307693
1240,13,1,2,1,0,17,0.7647058823529411
1241,13,2,2,0,0,17,0.7647058823529411
1242,13,2,3,1,0,19,0.6842105263157895
1243,11,1,2,1,0,15,0.7333333333333333
1244,14,3,2,1,0,20,0.7
1245,13,1,2,1,0,17,0.7647058823529411
1246,13,1,2,0,0,16,0.8125
1247,12,1,2,1,0,16,0.75
1248,12,2,2,0,0,16,0.75
1249,14,3,2,1,0,20,0.7
1250,12,2,3,1,0,18,0.6666666666666666
1251,12,3,1,1,0,17,0.7058823529411765
1252,13,2,1,1,0,17,0.7647058823529411
1253,13,3,1,1,0,18,0.7222222222222222
1254,12,2,2,1,0,17,0.7058823529411765
1255,14,2,3,1,0,20,0.7
1256,14,3,2,1,0,20,0.7
1257,13,3,2,1,0,19,0.6842105263157895
1258,12,2,2,1,0,17,0.7058823529411765
1259,12,2,2,1,0,17,0.7058823529411765
1260,11,1,1,1,0,14,0.7857142857142857
1261,13,2,2,1,0,18,0.7222222222222222
1262,12,1,2,1,0,16,0.75
1263,10,1,2,1,0,14,0.7142857142857143
1264,10,1,2,1,0,14,0.7142857142857143
1265,13,1,1,1,0,16,0.8125
1266,11,1,2,1,0,15,0.7333333333333333
1267,14,3,2,1,0,20,0.7
1268,11,1,2,1,0,15,0.7333333333333333
1269,11,2,2,1,0,16,0.6875
1270,12,1,2,1,0,16,0.75
1271,13,1,2,2,0,18,0.7222222222222222
1272,11,1,3,1,0,16,0.6875
1273,11,1,2,1,0,15,0.7333333333333333
1274,14,2,2,1,0,19,0.7368421052631579
1275,11,3,2,1,0,17,0.6470588235294118
1276,11,1,2,1,0,15,0.7333333333333333
1277,13,2,2,1,0,18,0.7222222222222222
1278,12,2,1,1,0,16,0.75
1279,11,2,2,1,0,16,0.6875
1280,11,3,2,2,0,18,0.6111111111111112
1281,12,3,1,2,0,18,0.6666666666666666
1282,13,3,2,2,0,20,0.65
1283,13,2,2,2,0,19,0.6842105263157895
1284,11,3,2,2,0,18,0.6111111111111112
1285,12,3,2,2,0,19,0.631578947368421
1286,11,3,3,2,0,19,0.5789473684210527
1287,13,3,2,1,0,19,0.6842105263157895
1288,13,3,2,2,0,20,0.65
1289,14,3,2,2,0,21,0.6666666666666666
1290,11,3,2,2,0,18,0.6111111111111112
1291,12,3,2,2,0,19,0.631578947368421
1292,12,3,1,2,0,18,0.6666666666666666
1293,12,2,2,1,0,17,0.7058823529411765
1294,13,2,2,1,0,18,0.7222222222222222
1295,11,1,3,1,0,16,0.6875
1296,13,1,2,1,0,17,0.7647058823529411
1297,12,2,2,1,0,17,0.7058823529411765
1298,10,1,2,1,0,14,0.7142857142857143
1299,12,1,1,2,0,16,0.75
1300,12,1,2,1,0,16,0.75
1301,10,1,2,1,0,14,0.7142857142857143
1302,9,1,2,2,0,14,0.6428571428571429
1303,11,1,2,1,0,15,0.7333333333333333
1304,10,1,2,2,0,15,0.6666666666666666
1305,13,1,1,1,0,16,0.8125
1306,11,1,2,3,0,17,0.6470588235294118
1307,11,1,1,3,0,16,0.6875
1308,11,1,2,2,0,16,0.6875
1309,11,1,3,3,0,18,0.6111111111111112
1310,12,1,2,2,0,17,0.7058823529411765
1311,10,1,1,3,0,15,0.6666666666666666
1312,14,2,2,2,0,20,0.7
1313,13,1,2,2,0,18,0.7222222222222222
1314,13,1,2,2,0,18,0.7222222222222222
1315,10,1,2,3,0,16,0.625
1316,12,1,2,2,0,17,0.7058823529411765
1317,10,1,2,2,0,15,0.6666666666666666
1318,9,1,2,2,0,14,0.6428571428571429
1319,12,1,2,3,0,18,0.6666666666666666
1320,11,2,1,2,0,16,0.6875
1321,9,1,1,3,0,14,0.6428571428571429
1322,11,1,1,2,0,15,0.7333333333333333
1323,11,1,2,2,0,16,0.6875
1324,11,1,2,3,0,17,0.6470588235294118
1325,11,1,2,2,0,16,0.6875
1326,10,1,2,2,0,15,0.6666666666666666
1327,10,1,2,1,0,14,0.7142857142857143
1328,11,1,2,2,0,16,0.6875
1329,10,1,2,2,0,15,0.6666666666666666
1330,11,1,2,2,0,16,0.6875
1331,10,1,2,1,0,14,0.7142857142857143
1332,10,1,2,2,0,15,0.6666666666666666
1333,9,1,2,1,0,13,0.6923076923076923
1334,12,2,2,1,0,17,0.7058823529411765
1335,11,3,2,2,0,18,0.6111111111111112
1336,11,1,2,1,0,15,0.7333333333333333
1337,11,1,2,1,0,15,0.7333333333333333
1338,10,1,2,2,0,15,0.6666666666666666
1339,11,1,1,2,0,15,0.7333333333333333
1340,12,1,2,2,0,17,0.7058823529411765
1341,12,1,2,2,0,17,0.7058823529411765
1342,14,2,1,2,0,19,0.7368421052631579
1343,10,3,2,2,0,17,0.5882352941176471
1344,12,1,2,1,0,16,0.75
1345,12,3,2,2,0,19,0.631578947368421
1346,12,3,2,2,0,19,0.631578947368421
1347,11,1,2,2,0,16,0.6875
1348,14,3,2,2,0,21,0.6666666666666666
1349,12,1,2,2,0,17,0.7058823529411765
1350,11,1,2,2,0,16,0.6875
1351,12,3,2,2,0,19,0.631578947368421
1352,13,3,1,2,0,19,0.6842105263157895
1353,13,2,1,2,0,18,0.7222222222222222
1354,13,3,2,2,0,20,0.65
1355,12,3,2,2,0,19,0.631578947368421
1356,11,1,2,2,0,16,0.6875
1357,12,1,2,2,0,17,0.7058823529411765
1358,13,1,2,2,0,18,0.7222222222222222
1359,12,2,2,2,0,18,0.6666666666666666
1360,12,2,2,2,0,18,0.6666666666666666
1361,10,1,2,1,0,14,0.7142857142857143
1362,9,1,2,2,0,14,0.6428571428571429
1363,13,3,2,2,0,20,0.65
1364,13,3,2,2,0,20,0.65
1365,11,3,2,2,0,18,0.6111111111111112
1366,12,3,2,2,0,19,0.631578947368421
1367,12,1,2,2,0,17,0.7058823529411765
1368,12,1,2,2,0,17,0.7058823529411765
1369,10,1,3,2,0,16,0.625
1370,10,1,2,2,0,15,0.6666666666666666
1371,9,1,2,2,0,14,0.6428571428571429
1372,10,1,2,2,0,15,0.6666666666666666
1373,10,1,2,2,0,15,0.6666666666666666
1374,11,0,2,2,0,15,0.7333333333333333
1375,12,1,2,2,0,17,0.7058823529411765
1376,11,1,1,1,0,14,0.7857142857142857
1377,10,1,2,2,0,15,0.6666666666666666
1378,12,1,2,2,0,17,0.7058823529411765
1379,12,1,2,2,0,17,0.7058823529411765
1380,12,1,2,2,0,17,0.7058823529411765
1381,12,1,2,1,0,16,0.75
1382,12,1,2,2,0,17,0.7058823529411765
1383,12,1,2,2,0,17,0.7058823529411765
1384,10,1,2,2,0,15,0.6666666666666666
1385,11,1,2,1,0,15,0.7333333333333333
1386,12,1,1,1,0,15,0.8
1387,12,1,2,1,0,16,0.75
1388,10,1,2,1,0,14,0.7142857142857143
1389,11,1,2,1,0,15,0.7333333333333333
1390,12,1,2,1,0,16,0.75
1391,10,1,2,1,0,14,0.7142857142857143
1392,10,1,2,1,0,14,0.7142857142857143
1393,12,2,2,2,0,18,0.6666666666666666
1394,14,3,2,1,0,20,0.7
1395,12,3,2,1,0,18,0.6666666666666666
1396,12,3,2,2,0,19,0.631578947368421
1397,14,2,2,2,0,20,0.7
1398,11,1,2,2,0,16,0.6875
1399,11,3,2,2,0,18,0.6111111111111112
1400,12,2,3,2,0,19,0.631578947368421
1401,12,3,2,2,0,19,0.631578947368421
1402,14,3,2,1,0,20,0.7
1403,12,2,2,2,0,18,0.6666666666666666
1404,12,3,2,2,0,19,0.631578947368421
1405,12,3,2,2,0,19,0.631578947368421
1406,13,3,2,2,0,20,0.65
1407,11,3,2,2,0,18,0.6111111111111112
1408,11,3,2,2,0,18,0.6111111111111112
1409,13,3,2,2,0,20,0.65
1410,12,3,2,2,0,19,0.631578947368421
1411,12,3,2,1,0,18,0.6666666666666666
1412,11,3,2,2,0,18,0.6111111111111112
1413,11,2,2,2,0,17,0.6470588235294118
1414,11,3,2,2,0,18,0.6111111111111112
1415,13,3,2,2,0,20,0.65
1416,11,2,2,1,0,16,0.6875
1417,12,2,2,2,0,18,0.6666666666666666
1418,10,2,2,2,0,16,0.625
1419,11,1,2,2,0,16,0.6875
1420,12,3,2,2,0,19,0.631578947368421
1421,13,3,2,2,0,20,0.65
1422,14,3,2,2,0,21,0.6666666666666666
1423,11,1,2,2,0,16,0.6875
1424,11,1,1,2,0,15,0.7333333333333333
1425,12,1,2,1,0,16,0.75
1426,11,1,1,1,0,14,0.7857142857142857
1427,12,1,2,1,0,16,0.75
1428,12,1,2,1,0,16,0.75
1429,13,1,2,1,0,17,0.7647058823529411
1430,12,1,2,2,0,17,0.7058823529411765
1431,13,1,2,1,0,17,0.7647058823529411
1432,13,1,2,2,0,18,0.7222222222222222
1433,13,1,2,2,0,18,0.7222222222222222
1434,12,1,2,2,0,17,0.7058823529411765
1435,10,0,2,2,0,14,0.7142857142857143
1436,11,1,2,1,0,15,0.7333333333333333
1437,11,1,2,2,0,16,0.6875
1438,12,1,2,2,0,17,0.7058823529411765
1439,11,1,2,1,0,15,0.7333333333333333
1440,12,1,2,1,0,16,0.75
1441,10,1,2,2,0,15,0.6666666666666666
1442,10,1,2,2,0,15,0.6666666666666666
1443,10,1,2,1,0,14,0.7142857142857143
1444,9,1,2,2,0,14,0.6428571428571429
1445,11,1,1,1,0,14,0.7857142857142857
1446,8,1,2,2,0,13,0.6153846153846154
1447,11,1,2,1,0,15,0.7333333333333333
1448,12,1,1,2,0,16,0.75
1449,12,1,2,2,0,17,0.7058823529411765
1450,11,1,2,2,0,16,0.6875
1451,11,1,2,1,0,15,0.7333333333333333
1452,7,1,2,1,0,11,0.6363636363636364
1453,12,1,2,2,0,17,0.7058823529411765
1454,11,1,2,1,0,15,0.7333333333333333
1455,12,1,2,1,0,16,0.75
1456,11,1,2,1,0,15,0.7333333333333333
1457,12,1,2,2,0,17,0.7058823529411765
1458,11,2,2,2,0,17,0.6470588235294118
1459,12,1,2,2,0,17,0.7058823529411765
1460,12,1,2,1,0,16,0.75
1461,13,1,1,1,0,16,0.8125
1462,12,1,2,1,0,16,0.75
1463,12,1,2,1,0,16,0.75
1464,12,1,2,2,0,17,0.7058823529411765
1465,12,1,2,1,0,16,0.75
1466,13,1,2,1,0,17,0.7647058823529411
1467,11,1,2,2,0,16,0.6875
1468,12,1,2,1,0,16,0.75
1469,12,1,1,2,0,16,0.75
1470,12,1,2,2,0,17,0.7058823529411765
1471,12,1,2,2,0,17,0.7058823529411765
1472,12,1,2,2,0,17,0.7058823529411765
1473,12,0,2,2,0,16,0.75
1474,12,1,2,2,0,17,0.7058823529411765
1475,12,1,1,2,0,16,0.75
1476,10,1,2,2,0,15,0.6666666666666666
1477,11,1,1,2,0,15,0.7333333333333333
1478,11,1,1,2,0,15,0.7333333333333333
1479,12,1,2,2,0,17,0.7058823529411765
1480,11,1,2,2,0,16,0.6875
1481,12,1,2,2,0,17,0.7058823529411765
1482,11,1,2,2,0,16,0.6875
1483,11,1,2,2,0,16,0.6875
1484,12,1,2,1,0,16,0.75
1485,13,1,2,2,0,18,0.7222222222222222
1486,13,1,2,1,0,17,0.7647058823529411
1487,13,1,2,1,0,17,0.7647058823529411
1488,13,1,2,1,0,17,0.7647058823529411
1489,12,1,2,2,0,17,0.7058823529411765
1490,12,1,2,1,0,16,0.75
1491,13,1,2,2,0,18,0.7222222222222222
1492,10,1,2,2,0,15,0.6666666666666666
1493,12,1,2,2,0,17,0.7058823529411765
1494,12,1,2,2,0,17,0.7058823529411765
1495,12,1,2,2,0,17,0.7058823529411765
1496,12,1,2,1,0,16,0.75
1497,10,1,2,1,0,14,0.7142857142857143
1498,11,1,2,1,0,15,0.7333333333333333
1499,12,1,2,2,0,17,0.7058823529411765
1500,12,1,2,2,0,17,0.7058823529411765
1501,12,1,2,2,0,17,0.7058823529411765
1502,12,1,2,2,0,17,0.7058823529411765
1503,13,1,2,2,0,18,0.7222222222222222
1504,11,1,1,2,0,15,0.7333333333333333
1505,13,1,1,2,0,17,0.7647058823529411
1506,10,1,2,2,0,15,0.6666666666666666
1507,10,1,2,2,0,15,0.6666666666666666
1508,12,1,2,1,0,16,0.75
1509,12,1,2,2,0,17,0.7058823529411765
1510,12,1,3,2,0,18,0.6666666666666666
1511,11,1,2,2,0,16,0.6875
1512,12,1,2,2,0,17,0.7058823529411765
1513,13,1,2,2,0,18,0.7222222222222222
1514,13,1,2,2,0,18,0.7222222222222222
1515,13,1,2,1,0,17,0.7647058823529411
1516,13,1,2,1,0,17,0.7647058823529411
1517,12,1,2,2,0,17,0.7058823529411765
1518,12,1,2,2,0,17,0.7058823529411765
1519,13,1,2,2,0,18,0.7222222222222222
1520,10,1,2,2,0,15,0.6666666666666666
1521,12,1,2,2,0,17,0.7058823529411765
1522,11,1,2,2,0,16,0.6875
1523,10,1,2,2,0,15,0.6666666666666666
1524,10,1,2,2,0,15,0.6666666666666666
1525,12,1,2,2,0,17,0.7058823529411765
1526,13,1,2,2,0,18,0.7222222222222222
1527,12,1,2,2,0,17,0.7058823529411765
1528,13,1,2,2,0,18,0.7222222222222222
1529,12,1,2,2,0,17,0.7058823529411765
1530,12,1,2,1,0,16,0.75
1531,13,1,2,2,0,18,0.7222222222222222
1532,12,1,2,2,0,17,0.7058823529411765
1533,10,1,2,2,0,15,0.6666666666666666
1534,10,1,2,2,0,15,0.6666666666666666
1535,11,1,2,1,0,15,0.7333333333333333
1536,12,1,2,2,0,17,0.7058823529411765
1537,11,1,2,2,0,16,0.6875
1538,12,1,2,2,0,17,0.7058823529411765
1539,11,1,2,1,0,15,0.7333333333333333
1540,12,1,2,2,0,17,0.7058823529411765
1541,13,1,2,2,0,18,0.7222222222222222
1542,13,1,2,2,0,18,0.7222222222222222
1543,13,1,2,2,0,18,0.7222222222222222
1544,12,1,2,2,0,17,0.7058823529411765
1545,11,1,2,1,0,15,0.7333333333333333
1546,12,1,2,2,0,17,0.7058823529411765
1547,12,1,2,2,0,17,0.7058823529411765
1548,10,1,2,1,0,14,0.7142857142857143
1549,10,1,1,2,0,14,0.7142857142857143
1550,10,1,2,2,0,15,0.6666666666666666
1551,9,1,2,2,0,14,0.6428571428571429
1552,9,1,2,1,0,13,0.6923076923076923
1553,12,1,2,2,0,17,0.7058823529411765
1554,10,1,2,2,0,15,0.6666666666666666
1555,12,1,2,2,0,17,0.7058823529411765
1556,12,1,2,2,0,17,0.7058823529411765
1557,11,1,2,2,0,16,0.6875
1558,12,1,2,2,0,17,0.7058823529411765
1559,12,1,2,1,0,16,0.75
1560,10,1,2,2,0,15,0.6666666666666666
1561,12,1,2,1,0,16,0.75
1562,12,1,1,1,0,15,0.8
1563,11,1,2,2,0,16,0.6875
1564,12,1,2,2,0,17,0.7058823529411765
1565,11,1,2,1,0,15,0.7333333333333333
1566,12,1,1,1,0,15,0.8
1567,12,1,1,1,0,15,0.8
1568,12,1,2,1,0,16,0.75
1569,13,1,2,1,0,17,0.7647058823529411
1570,12,1,1,1,0,15,0.8
1571,12,1,1,1,0,15,0.8
1572,11,1,2,2,0,16,0.6875
1573,11,1,2,2,0,16,0.6875
1574,11,1,2,2,0,16,0.6875
1575,11,1,2,1,0,15,0.7333333333333333
1576,12,1,2,1,0,16,0.75
1577,12,1,2,1,0,16,0.75
1578,12,1,2,1,0,16,0.75
1579,12,1,2,1,0,16,0.75
1580,12,1,2,2,0,17,0.7058823529411765
1581,11,1,1,1,0,14,0.7857142857142857
1582,12,1,2,2,0,17,0.7058823529411765
1583,11,1,1,2,0,15,0.7333333333333333
1584,12,1,2,2,0,17,0.7058823529411765
1585,11,1,2,2,0,16,0.6875
1586,12,1,2,2,0,17,0.7058823529411765
1587,12,1,2,2,0,17,0.7058823529411765
1588,12,1,2,2,0,17,0.7058823529411765
1589,13,1,2,1,0,17,0.7647058823529411
1590,12,1,2,1,0,16,0.75
1591,11,1,2,2,0,16,0.6875
1592,11,1,2,2,0,16,0.6875
1593,12,0,2,2,0,16,0.75
1594,11,1,1,2,0,15,0.7333333333333333
1595,10,1,2,2,0,15,0.6666666666666666
1596,10,1,2,1,0,14,0.7142857142857143
1597,11,1,2,1,0,15,0.7333333333333333
1598,11,1,2,1,0,15,0.7333333333333333
1599,13,1,1,1,0,16,0.8125
1600,10,1,2,1,0,14,0.7142857142857143
1601,11,1,2,1,0,15,0.7333333333333333
1602,11,1,2,1,0,15,0.7333333333333333
1603,13,1,2,2,0,18,0.7222222222222222
1604,11,1,2,2,0,16,0.6875
1605,10,1,2,2,0,15,0.6666666666666666
1606,11,1,2,2,0,16,0.6875
1607,12,1,2,1,0,16,0.75
1608,11,1,2,1,0,15,0.7333333333333333
1609,11,1,1,1,0,14,0.7857142857142857
1610,11,1,2,2,0,16,0.6875
1611,13,2,1,2,0,18,0.7222222222222222
1612,13,2,2,1,0,18,0.7222222222222222
1613,13,3,2,2,0,20,0.65
1614,11,1,2,1,0,15,0.7333333333333333
1615,11,1,2,1,0,15,0.7333333333333333
1616,12,1,2,2,0,17,0.7058823529411765
1617,11,1,2,2,0,16,0.6875
1618,13,2,1,2,0,18,0.7222222222222222
1619,11,2,2,2,0,17,0.6470588235294118
1620,12,1,1,2,0,16,0.75
1621,12,1,2,2,0,17,0.7058823529411765
1622,11,1,1,2,0,15,0.7333333333333333
1623,11,1,1,2,0,15,0.7333333333333333
1624,11,2,1,2,0,16,0.6875
1625,13,2,1,2,0,18,0.7222222222222222
1626,13,3,1,2,0,19,0.6842105263157895
1627,12,1,3,2,0,18,0.6666666666666666
1628,12,1,2,2,0,17,0.7058823529411765
1629,11,3,1,2,0,17,0.6470588235294118
1630,10,3,1,2,0,16,0.625
1631,11,2,1,2,0,16,0.6875
1632,12,3,3,2,0,20,0.6
1633,12,3,1,2,0,18,0.6666666666666666
1634,12,1,2,2,0,17,0.7058823529411765
1635,12,1,1,2,0,16,0.75
1636,13,3,1,2,0,19,0.6842105263157895
1637,11,1,1,2,0,15,0.7333333333333333
1638,12,3,2,2,0,19,0.631578947368421
1639,10,1,2,2,0,15,0.6666666666666666
1640,12,2,1,2,0,17,0.7058823529411765
1641,11,1,2,2,0,16,0.6875
1642,11,1,2,2,0,16,0.6875
1643,13,1,2,2,0,18,0.7222222222222222
1644,11,0,2,2,0,15,0.7333333333333333
1645,14,1,2,1,0,18,0.7777777777777778
1646,11,1,2,2,0,16,0.6875
1647,10,1,1,2,0,14,0.7142857142857143
1648,11,1,2,1,0,15,0.7333333333333333
1649,9,1,1,2,0,13,0.6923076923076923
1650,12,1,2,1,0,16,0.75
1651,11,1,2,2,0,16,0.6875
1652,11,1,2,2,0,16,0.6875
1653,13,1,2,2,0,18,0.7222222222222222
1654,10,1,2,2,0,15,0.6666666666666666
1655,12,1,2,1,0,16,0.75
1656,11,1,2,2,0,16,0.6875
1657,11,1,2,1,0,15,0.7333333333333333
1658,11,1,2,2,0,16,0.6875
1659,11,1,2,2,0,16,0.6875
1660,11,1,2,2,0,16,0.6875
1661,11,1,2,2,0,16,0.6875
1662,10,1,2,1,0,14,0.7142857142857143
1663,12,1,2,1,0,16,0.75
1664,9,1,2,2,0,14,0.6428571428571429
1665,12,1,1,2,0,16,0.75
1666,13,2,2,2,0,19,0.6842105263157895
1667,12,1,1,2,0,16,0.75
1668,12,1,1,2,0,16,0.75
1669,10,1,2,1,0,14,0.7142857142857143
1670,12,1,2,2,0,17,0.7058823529411765
1671,10,1,1,2,0,14,0.7142857142857143
1672,11,1,1,1,0,14,0.7857142857142857
1673,12,2,1,2,0,17,0.7058823529411765
1674,12,3,1,2,0,18,0.6666666666666666
1675,13,1,1,2,0,17,0.7647058823529411
1676,13,2,1,2,0,18,0.7222222222222222
1677,12,3,1,2,0,18,0.6666666666666666
1678,14,2,1,2,0,19,0.7368421052631579
1679,13,3,1,2,0,19,0.6842105263157895
1680,13,2,1,2,0,18,0.7222222222222222
1681,13,3,1,2,0,19,0.6842105263157895
1682,14,3,1,2,0,20,0.7
1683,10,2,1,2,0,15,0.6666666666666666
1684,7,2,1,2,0,12,0.5833333333333334
1685,14,3,1,2,0,20,0.7
1686,14,1,2,1,0,18,0.7777777777777778
1687,11,3,2,2,0,18,0.6111111111111112
1688,11,3,2,1,0,17,0.6470588235294118
1689,12,2,2,1,0,17,0.7058823529411765
1690,15,3,2,2,0,22,0.6818181818181818
1691,13,3,2,2,0,20,0.65
1692,15,2,2,1,0,20,0.75
1693,12,2,2,2,0,18,0.6666666666666666
1694,13,2,2,2,0,19,0.6842105263157895
1695,12,2,2,2,0,18,0.6666666666666666
1696,13,2,2,2,0,19,0.6842105263157895
1697,14,2,1,1,0,18,0.7777777777777778
1698,11,3,1,2,0,17,0.6470588235294118
1699,9,3,1,1,0,14,0.6428571428571429
1700,13,3,2,2,0,20,0.65
1701,14,3,2,2,0,21,0.6666666666666666
1702,12,3,2,2,0,19,0.631578947368421
1703,13,3,2,2,0,20,0.65
1704,14,2,2,2,0,20,0.7
1705,12,3,2,2,0,19,0.631578947368421
1706,12,3,2,2,0,19,0.631578947368421
1707,14,3,2,2,0,21,0.6666666666666666
1708,11,2,2,1,0,16,0.6875
1709,11,2,2,1,0,16,0.6875
1710,12,3,1,2,0,18,0.6666666666666666
1711,10,2,2,2,0,16,0.625
1712,11,3,2,2,0,18,0.6111111111111112
1713,13,3,2,2,0,20,0.65
1714,14,2,1,1,0,18,0.7777777777777778
1715,13,3,2,2,0,20,0.65
1716,13,2,2,1,0,18,0.7222222222222222
1717,14,2,2,2,0,20,0.7
1718,13,3,2,1,0,19,0.6842105263157895
1719,10,2,2,2,0,16,0.625
1720,12,3,2,2,0,19,0.631578947368421
1721,12,3,2,2,0,19,0.631578947368421
1722,12,3,2,2,0,19,0.631578947368421
1723,12,3,2,2,0,19,0.631578947368421
1724,13,3,2,1,0,19,0.6842105263157895
1725,14,1,1,1,0,17,0.8235294117647058
1726,11,3,1,1,0,16,0.6875
1727,12,3,2,2,0,19,0.631578947368421
1728,13,3,2,2,0,20,0.65
1729,13,0,1,2,0,16,0.8125
1730,10,1,2,1,0,14,0.7142857142857143
1731,10,1,2,2,0,15,0.6666666666666666
1732,11,1,2,2,0,16,0.6875
1733,11,1,2,2,0,16,0.6875
1734,9,1,2,2,0,14,0.6428571428571429
1735,11,1,2,2,0,16,0.6875
1736,13,1,2,2,0,18,0.7222222222222222
1737,11,1,2,2,0,16,0.6875
1738,11,1,2,1,0,15,0.7333333333333333
1739,8,1,2,2,0,13,0.6153846153846154
1740,10,1,2,2,0,15,0.6666666666666666
1741,12,1,2,2,0,17,0.7058823529411765
1742,12,1,2,2,0,17,0.7058823529411765
1743,11,1,2,1,0,15,0.7333333333333333
1744,13,1,2,1,0,17,0.7647058823529411
1745,12,1,2,1,0,16,0.75
1746,10,1,2,2,0,15,0.6666666666666666
1747,12,1,1,2,0,16,0.75
1748,9,1,1,2,0,13,0.6923076923076923
1749,12,1,2,2,0,17,0.7058823529411765
1750,12,1,2,2,0,17,0.7058823529411765
1751,12,1,2,1,0,16,0.75
1752,13,1,2,2,0,18,0.7222222222222222
1753,11,0,1,1,0,13,0.8461538461538461
1754,13,1,2,2,0,18,0.7222222222222222
1755,12,1,2,2,0,17,0.7058823529411765
1756,13,1,2,2,0,18,0.7222222222222222
1757,10,1,2,1,0,14,0.7142857142857143
1758,11,1,2,2,0,16,0.6875
1759,11,1,2,1,0,15,0.7333333333333333
1760,11,1,2,1,0,15,0.7333333333333333
1761,11,1,2,1,0,15,0.7333333333333333
1762,11,1,2,2,0,16,0.6875
1763,12,1,2,1,0,16,0.75
1764,10,1,2,1,0,14,0.7142857142857143
1765,11,1,2,1,0,15,0.7333333333333333
1766,10,1,2,1,0,14,0.7142857142857143
1767,11,1,1,1,0,14,0.7857142857142857
1768,11,1,2,1,0,15,0.7333333333333333
1769,10,1,2,2,0,15,0.6666666666666666
1770,12,1,2,2,0,17,0.7058823529411765
1771,11,1,2,2,0,16,0.6875
1772,12,1,2,2,0,17,0.7058823529411765
1773,11,1,2,2,0,16,0.6875
1774,13,1,2,2,0,18,0.7222222222222222
1775,10,1,2,2,0,15,0.6666666666666666
1776,12,1,2,2,0,17,0.7058823529411765
1777,10,0,2,2,0,14,0.7142857142857143
1778,10,1,2,2,0,15,0.6666666666666666
1779,10,1,2,2,0,15,0.6666666666666666
1780,10,1,2,2,0,15,0.6666666666666666
1781,12,1,2,2,0,17,0.7058823529411765
1782,11,1,2,1,0,15,0.7333333333333333
1783,11,1,3,1,0,16,0.6875
1784,11,0,3,1,0,15,0.7333333333333333
1785,10,1,2,2,0,15,0.6666666666666666
1786,13,1,2,1,0,17,0.7647058823529411
1787,11,1,2,2,0,16,0.6875
1788,12,1,2,1,0,16,0.75
1789,13,1,1,2,0,17,0.7647058823529411
1790,12,1,1,2,0,16,0.75
1791,11,1,2,2,0,16,0.6875
1792,11,1,2,2,0,16,0.6875
1793,12,1,2,2,0,17,0.7058823529411765
1794,9,1,2,2,0,14,0.6428571428571429
1795,11,1,2,1,0,15,0.7333333333333333
1796,12,1,2,1,0,16,0.75
1797,11,1,2,1,0,15,0.7333333333333333
1798,11,1,1,2,0,15,0.7333333333333333
1799,12,1,2,2,0,17,0.7058823529411765
1800,10,1,1,1,0,13,0.7692307692307693
1801,12,1,2,2,0,17,0.7058823529411765
1802,12,1,2,2,0,17,0.7058823529411765
1803,11,1,2,2,0,16,0.6875
1804,12,1,2,2,0,17,0.7058823529411765
1805,10,1,1,1,0,13,0.7692307692307693
1806,12,1,2,1,0,16,0.75
1807,11,1,2,1,0,15,0.7333333333333333
1808,12,0,3,2,0,17,0.7058823529411765
1809,12,1,2,1,0,16,0.75
1810,10,1,2,1,0,14,0.7142857142857143
1811,10,1,2,2,0,15,0.6666666666666666
1812,9,1,2,2,0,14,0.6428571428571429
1813,11,1,2,2,0,16,0.6875
1814,12,1,2,2,0,17,0.7058823529411765
1815,9,1,2,2,0,14,0.6428571428571429
1816,10,1,2,2,0,15,0.6666666666666666
1817,9,1,2,2,0,14,0.6428571428571429
1818,11,1,2,2,0,16,0.6875
1819,12,1,1,2,0,16,0.75
1820,11,1,1,2,0,15,0.7333333333333333
1821,11,1,1,1,0,14,0.7857142857142857
1822,13,1,1,1,0,16,0.8125
1823,10,1,2,2,0,15,0.6666666666666666
1824,12,1,2,2,0,17,0.7058823529411765
1825,10,1,2,2,0,15,0.6666666666666666
1826,10,1,2,2,0,15,0.6666666666666666
1827,10,1,2,2,0,15,0.6666666666666666
1828,12,1,2,2,0,17,0.7058823529411765
1829,10,1,2,1,0,14,0.7142857142857143
1830,13,1,2,2,0,18,0.7222222222222222
1831,10,1,2,2,0,15,0.6666666666666666
1832,12,1,2,2,0,17,0.7058823529411765
1833,11,1,2,2,0,16,0.6875
1834,13,1,1,1,0,16,0.8125
1835,11,1,2,2,0,16,0.6875
1836,11,1,2,2,0,16,0.6875
1837,13,1,2,2,0,18,0.7222222222222222
1838,12,1,2,2,0,17,0.7058823529411765
1839,12,1,1,2,0,16,0.75
1840,10,1,2,1,0,14,0.7142857142857143
1841,11,1,2,2,0,16,0.6875
1842,11,1,1,2,0,15,0.7333333333333333
1843,11,1,2,2,0,16,0.6875
1844,11,1,2,2,0,16,0.6875
1845,10,1,2,2,0,15,0.6666666666666666
1846,12,1,1,2,0,16,0.75
1847,10,0,2,2,0,14,0.7142857142857143
1848,11,1,2,2,0,16,0.6875
1849,12,1,2,2,0,17,0.7058823529411765
1850,9,1,2,2,0,14,0.6428571428571429
1851,12,1,2,2,0,17,0.7058823529411765
1852,9,1,2,2,0,14,0.6428571428571429
1853,12,1,2,2,0,17,0.7058823529411765
1854,11,1,2,2,0,16,0.6875
1855,11,1,2,2,0,16,0.6875
1856,8,1,2,2,0,13,0.6153846153846154
1857,11,1,2,2,0,16,0.6875
1858,12,1,2,2,0,17,0.7058823529411765
1859,12,1,2,2,0,17,0.7058823529411765
1860,12,1,2,2,0,17,0.7058823529411765
1861,12,1,2,2,0,17,0.7058823529411765
1862,12,1,2,1,0,16,0.75
1863,11,1,1,2,0,15,0.7333333333333333
1864,12,1,2,2,0,17,0.7058823529411765
1865,10,1,2,2,0,15,0.6666666666666666
1866,11,1,2,1,0,15,0.7333333333333333
1867,11,1,2,2,0,16,0.6875
1868,11,1,2,2,0,16,0.6875
1869,11,1,2,2,0,16,0.6875
1870,11,1,2,2,0,16,0.6875
1871,11,1,2,2,0,16,0.6875
1872,11,1,2,2,0,16,0.6875
1873,11,1,2,2,0,16,0.6875
1874,12,1,2,1,0,16,0.75
1875,11,1,2,2,0,16,0.6875
1876,11,1,2,2,0,16,0.6875
1877,11,1,2,2,0,16,0.6875
1878,12,1,2,2,0,17,0.7058823529411765
1879,11,1,2,2,0,16,0.6875
1880,13,1,2,2,0,18,0.7222222222222222
1881,13,1,2,2,0,18,0.7222222222222222
1882,12,1,2,2,0,17,0.7058823529411765
1883,12,1,2,2,0,17,0.7058823529411765
1884,13,1,1,2,0,17,0.7647058823529411
1885,12,1,2,2,0,17,0.7058823529411765
1886,10,1,2,2,0,15,0.6666666666666666
1887,9,1,2,1,0,13,0.6923076923076923
1888,11,1,2,2,0,16,0.6875
1889,10,1,1,2,0,14,0.7142857142857143
1890,11,1,2,2,0,16,0.6875
1891,12,1,2,2,0,17,0.7058823529411765
1892,11,1,2,1,0,15,0.7333333333333333
1893,12,1,1,2,0,16,0.75
1894,12,1,2,2,0,17,0.7058823529411765
1895,11,1,2,2,0,16,0.6875
1896,14,1,2,1,0,18,0.7777777777777778
1897,12,1,2,2,0,17,0.7058823529411765
1898,13,1,2,1,0,17,0.7647058823529411
1899,12,1,1,2,0,16,0.75
1900,12,1,2,1,0,16,0.75
1901,11,1,2,2,0,16,0.6875
1902,11,1,2,1,0,15,0.7333333333333333
1903,11,1,2,2,0,16,0.6875
1904,10,1,2,1,0,14,0.7142857142857143
1905,11,1,2,2,0,16,0.6875
1906,11,1,2,2,0,16,0.6875
1907,10,1,2,2,0,15,0.6666666666666666
1908,11,1,1,2,0,15,0.7333333333333333
1909,12,1,2,2,0,17,0.7058823529411765
1910,9,1,2,2,0,14,0.6428571428571429
1911,12,1,2,2,0,17,0.7058823529411765
1912,10,1,2,2,0,15,0.6666666666666666
1913,12,1,2,2,0,17,0.7058823529411765
1914,13,1,1,1,0,16,0.8125
1915,13,1,1,1,0,16,0.8125
1916,9,1,1,2,0,13,0.6923076923076923
1917,10,1,2,2,0,15,0.6666666666666666
1918,12,1,2,2,0,17,0.7058823529411765
1919,11,1,2,1,0,15,0.7333333333333333
1920,13,1,2,1,0,17,0.7647058823529411
1921,13,1,2,2,0,18,0.7222222222222222
1922,12,1,2,2,0,17,0.7058823529411765
1923,10,1,1,1,0,13,0.7692307692307693
1924,11,1,2,2,0,16,0.6875
1925,10,0,2,2,0,14,0.7142857142857143
1926,11,1,2,2,0,16,0.6875
1927,11,1,2,2,0,16,0.6875
1928,12,1,1,2,0,16,0.75
1929,11,1,1,2,0,15,0.7333333333333333
1930,10,1,2,1,0,14,0.7142857142857143
1931,12,1,2,2,0,17,0.7058823529411765
1932,13,1,2,1,0,17,0.7647058823529411
1933,10,1,2,2,0,15,0.6666666666666666
1934,13,1,2,2,0,18,0.7222222222222222
1935,12,1,2,2,0,17,0.7058823529411765
1936,14,1,2,2,0,19,0.7368421052631579
1937,13,1,2,1,0,17,0.7647058823529411
1938,13,1,2,2,0,18,0.7222222222222222
1939,11,1,2,2,0,16,0.6875
1940,10,1,2,2,0,15,0.6666666666666666
1941,13,1,2,2,0,18,0.7222222222222222
1942,10,1,2,2,0,15,0.6666666666666666
1943,11,1,2,2,0,16,0.6875
1944,12,1,2,2,0,17,0.7058823529411765
1945,11,1,2,1,0,15,0.7333333333333333
1946,13,1,2,2,0,18,0.7222222222222222
1947,11,1,2,2,0,16,0.6875
1948,11,1,2,1,0,15,0.7333333333333333
1949,11,1,2,2,0,16,0.6875
1950,12,1,2,2,0,17,0.7058823529411765
1951,11,1,2,2,0,16,0.6875
1952,12,1,2,1,0,16,0.75
1953,12,1,2,1,0,16,0.75
1954,11,1,2,2,0,16,0.6875
1955,10,1,2,2,0,15,0.6666666666666666
1956,13,1,2,2,0,18,0.7222222222222222
1957,13,1,2,1,0,17,0.7647058823529411
1958,12,1,2,2,0,17,0.7058823529411765
1959,11,1,2,1,0,15,0.7333333333333333
1960,13,1,2,2,0,18,0.7222222222222222
1961,12,1,2,2,0,17,0.7058823529411765
1962,12,1,2,2,0,17,0.7058823529411765
1963,12,1,2,2,0,17,0.7058823529411765
1964,13,1,2,2,0,18,0.7222222222222222
1965,13,1,2,1,0,17,0.7647058823529411
1966,10,1,2,1,0,14,0.7142857142857143
1967,12,1,2,2,0,17,0.7058823529411765
1968,10,1,2,1,0,14,0.7142857142857143
1969,13,1,2,2,0,18,0.7222222222222222
1970,12,1,2,2,0,17,0.7058823529411765
1971,12,1,1,2,0,16,0.75
1972,12,1,2,2,0,17,0.7058823529411765
1973,13,1,2,2,0,18,0.7222222222222222
1974,11,1,2,1,0,15,0.7333333333333333
1975,12,1,2,2,0,17,0.7058823529411765
1976,10,1,2,2,0,15,0.6666666666666666
1977,12,1,2,2,0,17,0.7058823529411765
1978,10,1,2,2,0,15,0.6666666666666666
1979,10,1,2,2,0,15,0.6666666666666666
1980,13,1,2,2,0,18,0.7222222222222222
1981,12,1,2,2,0,17,0.7058823529411765
1982,13,1,2,2,0,18,0.7222222222222222
1983,12,1,2,2,0,17,0.7058823529411765
1984,12,1,2,2,0,17,0.7058823529411765
1985,12,1,2,2,0,17,0.7058823529411765
1986,10,1,2,2,0,15,0.6666666666666666
1987,11,1,2,2,0,16,0.6875
1988,13,1,2,2,0,18,0.7222222222222222
1989,12,1,2,2,0,17,0.7058823529411765
1990,11,1,1,2,0,15,0.7333333333333333
1991,11,1,2,2,0,16,0.6875
1992,12,1,2,2,0,17,0.7058823529411765
1993,11,1,2,2,0,16,0.6875
1994,12,1,2,1,0,16,0.75
1995,12,1,2,2,0,17,0.7058823529411765
1996,12,1,2,2,0,17,0.7058823529411765
1997,13,1,2,2,0,18,0.7222222222222222
1998,11,1,2,1,0,15,0.7333333333333333
1999,8,1,2,2,0,13,0.6153846153846154
2000,10,1,2,1,0,14,0.7142857142857143
2001,11,1,2,2,0,16,0.6875
2002,11,1,2,2,0,16,0.6875
2003,10,1,2,2,0,15,0.6666666666666666
2004,11,1,2,2,0,16,0.6875
2005,9,1,2,2,0,14,0.6428571428571429
2006,11,1,2,1,0,15,0.7333333333333333
2007,11,1,2,2,0,16,0.6875
2008,11,1,2,2,0,16,0.6875
2009,10,1,2,2,0,15,0.6666666666666666
2010,11,1,2,2,0,16,0.6875
2011,11,1,2,1,0,15,0.7333333333333333
2012,13,1,2,2,0,18,0.7222222222222222
2013,12,1,2,1,0,16,0.75
2014,12,1,2,2,0,17,0.7058823529411765
2015,12,1,2,2,0,17,0.7058823529411765
2016,12,1,2,2,0,17,0.7058823529411765
2017,12,1,2,2,0,17,0.7058823529411765
2018,13,1,2,2,0,18,0.7222222222222222
2019,11,1,2,2,0,16,0.6875
2020,12,1,2,2,0,17,0.7058823529411765
2021,12,1,2,2,0,17,0.7058823529411765
2022,12,1,2,2,0,17,0.7058823529411765
2023,13,1,2,2,0,18,0.7222222222222222
2024,12,1,2,2,0,17,0.7058823529411765
2025,12,1,2,2,0,17,0.7058823529411765
2026,11,1,2,1,0,15,0.7333333333333333
2027,10,1,2,2,0,15,0.6666666666666666
2028,10,1,2,1,0,14,0.7142857142857143
2029,9,1,2,2,0,14,0.6428571428571429
2030,10,1,2,2,0,15,0.6666666666666666
2031,12,1,1,2,0,16,0.75
2032,11,1,2,2,0,16,0.6875
2033,12,1,2,2,0,17,0.7058823529411765
2034,11,1,2,1,0,15,0.7333333333333333
2035,11,1,2,2,0,16,0.6875
2036,9,1,2,2,0,14,0.6428571428571429
2037,11,1,2,1,0,15,0.7333333333333333
2038,11,1,2,1,0,15,0.7333333333333333
2039,9,1,2,2,0,14,0.6428571428571429
2040,11,1,2,2,0,16,0.6875
2041,11,1,2,1,0,15,0.7333333333333333
2042,11,1,2,1,0,15,0.7333333333333333
2043,11,1,2,2,0,16,0.6875
2044,11,1,2,2,0,16,0.6875
2045,11,1,2,2,0,16,0.6875
2046,11,1,2,1,0,15,0.7333333333333333
2047,9,1,2,2,0,14,0.6428571428571429
2048,11,1,2,2,0,16,0.6875
2049,12,1,2,2,0,17,0.7058823529411765
2050,9,1,2,2,0,14,0.6428571428571429
2051,10,1,2,2,0,15,0.6666666666666666
2052,10,1,1,2,0,14,0.7142857142857143
2053,10,1,2,2,0,15,0.6666666666666666
2054,10,1,2,2,0,15,0.6666666666666666
2055,12,1,2,1,0,16,0.75
2056,13,1,2,2,0,18,0.7222222222222222
2057,13,1,2,2,0,18,0.7222222222222222
2058,12,1,2,2,0,17,0.7058823529411765
2059,11,1,2,2,0,16,0.6875
2060,13,1,2,2,0,18,0.7222222222222222
2061,11,1,2,2,0,16,0.6875
2062,12,1,1,2,0,16,0.75
2063,12,1,2,1,0,16,0.75
2064,11,1,2,2,0,16,0.6875
2065,10,1,2,2,0,15,0.6666666666666666
2066,11,1,2,2,0,16,0.6875
2067,10,1,2,1,0,14,0.7142857142857143
2068,11,1,2,2,0,16,0.6875
2069,10,1,2,2,0,15,0.6666666666666666
2070,10,1,2,2,0,15,0.6666666666666666
2071,11,1,2,1,0,15,0.7333333333333333
2072,13,1,2,2,0,18,0.7222222222222222
2073,12,1,2,2,0,17,0.7058823529411765
2074,11,1,2,2,0,16,0.6875
2075,12,1,2,2,0,17,0.7058823529411765
2076,11,1,2,1,0,15,0.7333333333333333
2077,11,1,2,2,0,16,0.6875
2078,11,1,2,2,0,16,0.6875
2079,12,1,2,2,0,17,0.7058823529411765
2080,12,1,2,2,0,17,0.7058823529411765
2081,10,1,2,2,0,15,0.6666666666666666
2082,12,1,2,1,0,16,0.75
2083,11,1,2,1,0,15,0.7333333333333333
2084,11,1,2,2,0,16,0.6875
2085,11,1,2,2,0,16,0.6875
2086,9,0,2,2,0,13,0.6923076923076923
2087,13,1,2,2,0,18,0.7222222222222222
2088,9,1,2,2,0,14,0.6428571428571429
2089,10,1,2,2,0,15,0.6666666666666666
2090,10,1,3,2,0,16,0.625
2091,13,1,2,2,0,18,0.7222222222222222
2092,11,1,2,2,0,16,0.6875
2093,10,1,2,2,0,15,0.6666666666666666
2094,12,1,2,2,0,17,0.7058823529411765
2095,9,1,2,2,0,14,0.6428571428571429
2096,11,1,2,1,0,15,0.7333333333333333
2097,11,1,2,2,0,16,0.6875
2098,9,1,2,1,0,13,0.6923076923076923
2099,10,1,2,1,0,14,0.7142857142857143
2100,12,1,2,2,0,17,0.7058823529411765
2101,11,1,2,1,0,15,0.7333333333333333
2102,13,1,2,2,0,18,0.7222222222222222
2103,10,1,2,2,0,15,0.6666666666666666
2104,10,1,2,2,0,15,0.6666666666666666
2105,9,1,2,2,0,14,0.6428571428571429
2106,9,1,2,2,0,14,0.6428571428571429
2107,11,1,2,2,0,16,0.6875
2108,9,1,2,2,0,14,0.6428571428571429
2109,9,1,2,2,0,14,0.6428571428571429
2110,9,1,2,2,0,14,0.6428571428571429
2111,10,1,2,2,0,15,0.6666666666666666
2112,10,1,1,2,0,14,0.7142857142857143
2113,8,1,2,2,0,13,0.6153846153846154
2114,8,1,2,2,0,13,0.6153846153846154
2115,10,1,2,1,0,14,0.7142857142857143
2116,11,1,2,2,0,16,0.6875
2117,10,1,2,2,0,15,0.6666666666666666
2118,10,1,2,2,0,15,0.6666666666666666
2119,10,1,2,2,0,15,0.6666666666666666
2120,11,1,2,2,0,16,0.6875
2121,10,1,2,2,0,15,0.6666666666666666
2122,11,1,2,2,0,16,0.6875
2123,12,1,2,2,0,17,0.7058823529411765
2124,10,1,2,2,0,15,0.6666666666666666
2125,11,1,2,1,0,15,0.7333333333333333
2126,11,1,2,2,0,16,0.6875
2127,12,0,2,2,0,16,0.75
2128,10,1,2,2,0,15,0.6666666666666666
2129,10,1,2,2,0,15,0.6666666666666666
2130,8,1,2,2,0,13,0.6153846153846154
2131,11,1,2,2,0,16,0.6875
2132,11,1,2,2,0,16,0.6875
2133,10,1,1,1,0,13,0.7692307692307693
2134,10,1,2,2,0,15,0.6666666666666666
2135,11,1,2,2,0,16,0.6875
2136,11,1,2,1,0,15,0.7333333333333333
2137,11,1,2,2,0,16,0.6875
2138,11,1,2,2,0,16,0.6875
2139,11,1,2,1,0,15,0.7333333333333333
2140,10,1,2,1,0,14,0.7142857142857143
2141,11,1,2,2,0,16,0.6875
2142,11,1,2,2,0,16,0.6875
2143,11,1,2,2,0,16,0.6875
2144,12,1,2,2,0,17,0.7058823529411765
2145,13,1,2,2,0,18,0.7222222222222222
2146,11,1,2,2,0,16,0.6875
2147,12,1,2,2,0,17,0.7058823529411765
2148,10,1,2,2,0,15,0.6666666666666666
2149,11,1,2,2,0,16,0.6875
2150,13,1,2,2,0,18,0.7222222222222222
2151,13,1,2,2,0,18,0.7222222222222222
2152,11,1,2,2,0,16,0.6875
2153,11,1,2,2,0,16,0.6875
2154,10,1,2,2,0,15,0.6666666666666666
2155,11,1,2,2,0,16,0.6875
2156,12,1,2,2,0,17,0.7058823529411765
2157,12,1,2,2,0,17,0.7058823529411765
2158,10,1,2,2,0,15,0.6666666666666666
2159,10,1,2,2,0,15,0.6666666666666666
2160,11,1,2,2,0,16,0.6875
2161,11,1,2,2,0,16,0.6875
2162,10,1,2,2,0,15,0.6666666666666666
2163,11,1,2,2,0,16,0.6875
2164,12,1,2,1,0,16,0.75
2165,10,1,2,2,0,15,0.6666666666666666
2166,11,1,2,2,0,16,0.6875
2167,11,1,2,2,0,16,0.6875
2168,9,1,2,2,0,14,0.6428571428571429
2169,11,1,2,2,0,16,0.6875
2170,10,1,2,1,0,14,0.7142857142857143
2171,10,1,2,1,0,14,0.7142857142857143
2172,9,1,2,1,0,13,0.6923076923076923
2173,11,1,2,2,0,16,0.6875
2174,11,1,2,1,0,15,0.7333333333333333
2175,10,1,2,2,0,15,0.6666666666666666
2176,11,1,2,2,0,16,0.6875
2177,11,1,2,2,0,16,0.6875
2178,11,1,2,2,0,16,0.6875
2179,12,1,2,2,0,17,0.7058823529411765
2180,10,1,2,2,0,15,0.6666666666666666
2181,11,1,2,2,0,16,0.6875
2182,10,1,2,2,0,15,0.6666666666666666
2183,9,1,2,2,0,14,0.6428571428571429
2184,9,1,2,2,0,14,0.6428571428571429
2185,11,1,2,2,0,16,0.6875
2186,11,1,2,2,0,16,0.6875
2187,11,1,2,2,0,16,0.6875
2188,11,1,2,2,0,16,0.6875
2189,12,1,2,2,0,17,0.7058823529411765
2190,9,1,2,2,0,14,0.6428571428571429
2191,9,1,2,1,0,13,0.6923076923076923
2192,12,1,2,2,0,17,0.7058823529411765
2193,10,1,2,2,0,15,0.6666666666666666
2194,10,1,2,2,0,15,0.6666666666666666
2195,11,1,2,2,0,16,0.6875
2196,11,1,2,2,0,16,0.6875
2197,11,1,2,2,0,16,0.6875
2198,11,1,2,2,0,16,0.6875
2199,7,1,2,2,0,12,0.5833333333333334
2200,12,1,2,2,0,17,0.7058823529411765
2201,11,1,2,2,0,16,0.6875
2202,13,1,2,1,0,17,0.7647058823529411
2203,11,1,2,2,0,16,0.6875
2204,11,1,2,2,0,16,0.6875
2205,12,1,2,2,0,17,0.7058823529411765
2206,10,1,2,2,0,15,0.6666666666666666
2207,11,1,2,2,0,16,0.6875
2208,11,1,2,1,0,15,0.7333333333333333
2209,12,1,2,2,0,17,0.7058823529411765
2210,10,1,2,2,0,15,0.6666666666666666
2211,12,1,2,2,0,17,0.7058823529411765
2212,12,1,2,2,0,17,0.7058823529411765
2213,9,1,2,2,0,14,0.6428571428571429
2214,11,1,2,2,0,16,0.6875
2215,9,0,2,2,0,13,0.6923076923076923
2216,8,1,2,2,0,13,0.6153846153846154
2217,9,1,2,1,0,13,0.6923076923076923
2218,10,1,2,2,0,15,0.6666666666666666
2219,11,1,2,1,0,15,0.7333333333333333
2220,11,1,2,2,0,16,0.6875
2221,10,1,2,1,0,14,0.7142857142857143
2222,10,1,2,2,0,15,0.6666666666666666
2223,10,1,1,1,0,13,0.7692307692307693
2224,11,1,2,1,0,15,0.7333333333333333
2225,10,1,2,2,0,15,0.6666666666666666
2226,10,1,2,2,0,15,0.6666666666666666
2227,11,1,2,2,0,16,0.6875
2228,11,1,2,1,0,15,0.7333333333333333
2229,12,1,2,2,0,17,0.7058823529411765
2230,11,1,2,2,0,16,0.6875
2231,11,1,2,2,0,16,0.6875
2232,12,1,2,2,0,17,0.7058823529411765
2233,11,1,2,2,0,16,0.6875
2234,12,1,2,2,0,17,0.7058823529411765
2235,12,1,2,2,0,17,0.7058823529411765
2236,12,1,2,2,0,17,0.7058823529411765
2237,12,1,2,1,0,16,0.75
2238,10,1,2,2,0,15,0.6666666666666666
2239,12,1,2,1,0,16,0.75
2240,12,1,2,1,0,16,0.75
2241,11,1,2,2,0,16,0.6875
2242,11,1,2,2,0,16,0.6875
2243,11,1,2,3,0,17,0.6470588235294118
2244,12,1,2,2,0,17,0.7058823529411765
2245,11,0,2,2,0,15,0.7333333333333333
2246,11,1,2,1,0,15,0.7333333333333333
2247,10,1,2,1,0,14,0.7142857142857143
2248,9,1,2,1,0,13,0.6923076923076923
2249,10,1,2,2,0,15,0.6666666666666666
2250,12,1,2,1,0,16,0.75
2251,12,0,2,1,0,15,0.8
2252,12,1,2,1,0,16,0.75
2253,11,1,2,2,0,16,0.6875
2254,12,1,2,2,0,17,0.7058823529411765
2255,11,1,2,1,0,15,0.7333333333333333
2256,11,1,2,1,0,15,0.7333333333333333
2257,12,1,2,1,0,16,0.75
2258,12,1,2,2,0,17,0.7058823529411765
2259,12,1,2,2,0,17,0.7058823529411765
2260,13,1,2,2,0,18,0.7222222222222222
2261,12,1,2,2,0,17,0.7058823529411765
2262,11,1,1,2,0,15,0.7333333333333333
2263,11,1,2,2,0,16,0.6875
2264,11,1,2,2,0,16,0.6875
2265,10,1,2,2,0,15,0.6666666666666666
2266,12,1,2,1,0,16,0.75
2267,12,1,2,2,0,17,0.7058823529411765
2268,11,1,2,3,0,17,0.6470588235294118
2269,9,1,2,1,0,13,0.6923076923076923
2270,11,1,2,3,0,17,0.6470588235294118
2271,10,1,2,2,0,15,0.6666666666666666
2272,11,1,2,1,0,15,0.7333333333333333
2273,11,1,2,2,0,16,0.6875
2274,10,1,1,2,0,14,0.7142857142857143
2275,10,1,2,2,0,15,0.6666666666666666
2276,10,1,2,2,0,15,0.6666666666666666
2277,11,1,2,2,0,16,0.6875
2278,11,1,1,1,0,14,0.7857142857142857
2279,10,1,2,3,0,16,0.625
2280,10,1,2,1,0,14,0.7142857142857143
2281,9,1,2,2,0,14,0.6428571428571429
2282,12,1,2,2,0,17,0.7058823529411765
2283,11,1,2,1,0,15,0.7333333333333333
2284,10,1,2,3,0,16,0.625
2285,11,1,2,2,0,16,0.6875
2286,11,1,2,2,0,16,0.6875
2287,10,1,2,1,0,14,0.7142857142857143
2288,12,1,2,1,0,16,0.75
2289,10,1,2,2,0,15,0.6666666666666666
2290,11,1,2,1,0,15,0.7333333333333333
2291,12,1,2,1,0,16,0.75
2292,13,1,2,1,0,17,0.7647058823529411
2293,13,1,2,1,0,17,0.7647058823529411
2294,12,1,2,1,0,16,0.75
2295,10,1,2,2,0,15,0.6666666666666666
2296,12,1,2,2,0,17,0.7058823529411765
2297,12,1,1,1,0,15,0.8
2298,11,1,2,1,0,15,0.7333333333333333
2299,10,1,2,1,0,14,0.7142857142857143
2300,10,1,2,2,0,15,0.6666666666666666
2301,11,1,2,2,0,16,0.6875
2302,11,1,2,2,0,16,0.6875
2303,11,1,2,1,0,15,0.7333333333333333
2304,12,1,2,2,0,17,0.7058823529411765
2305,10,1,2,1,0,14,0.7142857142857143
2306,13,1,2,1,0,17,0.7647058823529411
2307,11,1,2,1,0,15,0.7333333333333333
2308,10,1,2,1,0,14,0.7142857142857143
2309,11,1,2,2,0,16,0.6875
2310,11,1,2,2,0,16,0.6875
2311,10,1,2,2,0,15,0.6666666666666666
2312,11,1,1,2,0,15,0.7333333333333333
2313,11,1,2,2,0,16,0.6875
2314,12,1,2,2,0,17,0.7058823529411765
2315,11,1,2,2,0,16,0.6875
2316,10,1,2,1,0,14,0.7142857142857143
2317,11,1,2,1,0,15,0.7333333333333333
2318,11,1,2,1,0,15,0.7333333333333333
2319,12,1,2,1,0,16,0.75
2320,12,1,2,2,0,17,0.7058823529411765
2321,12,1,2,2,0,17,0.7058823529411765
2322,13,1,2,2,0,18,0.7222222222222222
2323,10,1,2,2,0,15,0.6666666666666666
2324,12,1,2,2,0,17,0.7058823529411765
2325,11,1,2,2,0,16,0.6875
2326,12,1,2,2,0,17,0.7058823529411765
2327,12,1,2,2,0,17,0.7058823529411765
2328,11,1,2,2,0,16,0.6875
2329,12,1,2,2,0,17,0.7058823529411765
2330,12,1,1,2,0,16,0.75
2331,10,1,2,2,0,15,0.6666666666666666
2332,12,1,2,1,0,16,0.75
2333,11,1,2,2,0,16,0.6875
2334,11,1,2,1,0,15,0.7333333333333333
2335,10,0,2,2,0,14,0.7142857142857143
2336,10,1,1,2,0,14,0.7142857142857143
2337,11,1,2,2,0,16,0.6875
2338,10,1,2,1,0,14,0.7142857142857143
2339,10,1,2,1,0,14,0.7142857142857143
2340,10,1,2,1,0,14,0.7142857142857143
2341,11,1,2,1,0,15,0.7333333333333333
2342,12,1,2,1,0,16,0.75
2343,9,1,2,2,0,14,0.6428571428571429
2344,11,1,2,2,0,16,0.6875
2345,9,1,2,2,0,14,0.6428571428571429
2346,12,1,2,1,0,16,0.75
2347,11,0,2,1,0,14,0.7857142857142857
2348,10,1,2,1,0,14,0.7142857142857143
2349,12,1,2,1,0,16,0.75
2350,11,1,2,1,0,15,0.7333333333333333
2351,11,1,2,2,0,16,0.6875
2352,13,1,2,2,0,18,0.7222222222222222
2353,11,1,2,2,0,16,0.6875
2354,11,1,2,2,0,16,0.6875
2355,10,1,2,1,0,14,0.7142857142857143
2356,10,1,2,1,0,14,0.7142857142857143
2357,10,1,2,1,0,14,0.7142857142857143
2358,11,1,2,2,0,16,0.6875
2359,10,1,1,1,0,13,0.7692307692307693
2360,12,1,2,1,0,16,0.75
2361,11,1,2,1,0,15,0.7333333333333333
2362,11,1,2,1,0,15,0.7333333333333333
2363,8,1,2,1,0,12,0.6666666666666666
2364,11,1,2,2,0,16,0.6875
2365,11,1,2,2,0,16,0.6875
2366,13,1,2,1,0,17,0.7647058823529411
2367,11,1,2,2,0,16,0.6875
2368,9,1,2,2,0,14,0.6428571428571429
2369,13,1,2,1,0,17,0.7647058823529411
2370,12,1,2,2,0,17,0.7058823529411765
2371,10,1,2,2,0,15,0.6666666666666666
2372,12,1,2,1,0,16,0.75
2373,13,1,2,1,0,17,0.7647058823529411
2374,12,1,2,2,0,17,0.7058823529411765
2375,11,1,2,2,0,16,0.6875
2376,11,1,2,2,0,16,0.6875
2377,9,1,2,1,0,13,0.6923076923076923
2378,11,1,2,1,0,15,0.7333333333333333
2379,10,1,2,1,0,14,0.7142857142857143
2380,11,1,2,1,0,15,0.7333333333333333
2381,12,1,2,1,0,16,0.75
2382,12,1,2,2,0,17,0.7058823529411765
2383,13,1,2,2,0,18,0.7222222222222222
2384,13,1,2,1,0,17,0.7647058823529411
2385,12,1,2,1,0,16,0.75
2386,14,1,2,2,0,19,0.7368421052631579
2387,9,1,2,1,0,13,0.6923076923076923
2388,12,0,1,2,0,15,0.8
2389,9,1,1,1,0,12,0.75
2390,12,1,1,2,0,16,0.75
2391,11,1,2,2,0,16,0.6875
2392,12,1,2,2,0,17,0.7058823529411765
2393,12,1,1,2,0,16,0.75
2394,8,1,2,2,0,13,0.6153846153846154
2395,13,1,2,2,0,18,0.7222222222222222
2396,12,1,2,2,0,17,0.7058823529411765
2397,11,1,2,2,0,16,0.6875
2398,12,1,2,1,0,16,0.75
2399,10,1,2,2,0,15,0.6666666666666666
2400,12,1,2,2,0,17,0.7058823529411765
2401,11,1,2,1,0,15,0.7333333333333333
2402,11,1,2,2,0,16,0.6875
2403,12,1,2,2,0,17,0.7058823529411765
2404,12,1,2,1,0,16,0.75
2405,12,1,2,2,0,17,0.7058823529411765
2406,12,1,2,1,0,16,0.75
2407,12,1,2,2,0,17,0.7058823529411765
2408,12,1,2,2,0,17,0.7058823529411765
2409,11,1,2,2,0,16,0.6875
2410,12,1,2,2,0,17,0.7058823529411765
2411,11,1,2,2,0,16,0.6875
2412,11,1,2,2,0,16,0.6875
2413,13,1,2,1,0,17,0.7647058823529411
2414,10,1,2,2,0,15,0.6666666666666666
2415,13,1,1,1,0,16,0.8125
2416,13,1,2,2,0,18,0.7222222222222222
2417,10,1,2,1,0,14,0.7142857142857143
2418,10,1,2,1,0,14,0.7142857142857143
2419,12,1,2,1,0,16,0.75
2420,12,1,2,1,0,16,0.75
2421,12,1,2,1,0,16,0.75
2422,11,1,2,2,0,16,0.6875
2423,9,1,2,2,0,14,0.6428571428571429
2424,10,1,2,2,0,15,0.6666666666666666
2425,11,1,2,2,0,16,0.6875
2426,12,1,2,2,0,17,0.7058823529411765
2427,10,1,2,1,0,14,0.7142857142857143
2428,9,1,2,2,0,14,0.6428571428571429
2429,10,1,2,1,0,14,0.7142857142857143
2430,11,1,2,1,0,15,0.7333333333333333
2431,10,1,2,2,0,15,0.6666666666666666
2432,12,1,2,2,0,17,0.7058823529411765
2433,11,1,2,2,0,16,0.6875
2434,10,1,2,2,0,15,0.6666666666666666
2435,12,1,2,2,0,17,0.7058823529411765
2436,11,1,2,2,0,16,0.6875
2437,12,1,2,1,0,16,0.75
2438,11,1,2,1,0,15,0.7333333333333333
2439,12,1,2,1,0,16,0.75
2440,8,1,2,1,0,12,0.6666666666666666
2441,12,1,1,1,0,15,0.8
2442,12,1,2,2,0,17,0.7058823529411765
2443,11,1,2,2,0,16,0.6875
2444,10,1,2,2,0,15,0.6666666666666666
2445,12,1,2,1,0,16,0.75
2446,10,1,2,2,0,15,0.6666666666666666
2447,13,1,2,1,0,17,0.7647058823529411
2448,13,1,2,1,0,17,0.7647058823529411
2449,14,1,2,1,0,18,0.7777777777777778
2450,11,1,2,2,0,16,0.6875
2451,13,1,2,2,0,18,0.7222222222222222
2452,9,1,2,2,0,14,0.6428571428571429
2453,11,1,2,2,0,16,0.6875
2454,11,1,1,2,0,15,0.7333333333333333
2455,12,1,2,2,0,17,0.7058823529411765
2456,12,1,2,2,0,17,0.7058823529411765
2457,12,1,2,1,0,16,0.75
2458,11,1,2,1,0,15,0.7333333333333333
2459,11,1,2,1,0,15,0.7333333333333333
2460,12,1,2,2,0,17,0.7058823529411765
2461,11,1,2,2,0,16,0.6875
2462,11,1,2,1,0,15,0.7333333333333333
2463,12,1,2,2,0,17,0.7058823529411765
2464,12,1,2,1,0,16,0.75
2465,10,1,2,2,0,15,0.6666666666666666
2466,8,1,2,2,0,13,0.6153846153846154
2467,13,1,2,1,0,17,0.7647058823529411
2468,12,1,2,2,0,17,0.7058823529411765
2469,12,1,2,1,0,16,0.75
2470,12,1,2,2,0,17,0.7058823529411765
2471,12,0,2,1,0,15,0.8
2472,13,1,2,2,0,18,0.7222222222222222
2473,12,1,2,2,0,17,0.7058823529411765
2474,13,1,2,2,0,18,0.7222222222222222
2475,11,1,2,2,0,16,0.6875
2476,12,1,2,2,0,17,0.7058823529411765
2477,10,1,2,2,0,15,0.6666666666666666
2478,13,1,2,1,0,17,0.7647058823529411
2479,11,1,2,2,0,16,0.6875
2480,10,1,2,2,0,15,0.6666666666666666
2481,12,1,2,2,0,17,0.7058823529411765
2482,10,1,2,2,0,15,0.6666666666666666
2483,13,1,2,2,0,18,0.7222222222222222
2484,11,1,2,2,0,16,0.6875
2485,12,1,2,2,0,17,0.7058823529411765
2486,9,1,2,2,0,14,0.6428571428571429
2487,12,1,2,1,0,16,0.75
2488,13,1,2,1,0,17,0.7647058823529411
2489,12,1,2,1,0,16,0.75
2490,13,1,2,1,0,17,0.7647058823529411
2491,13,1,2,1,0,17,0.7647058823529411
2492,12,1,2,1,0,16,0.75
2493,10,1,2,2,0,15,0.6666666666666666
2494,13,1,2,2,0,18,0.7222222222222222
2495,12,1,2,2,0,17,0.7058823529411765
2496,11,1,2,1,0,15,0.7333333333333333
2497,12,1,2,2,0,17,0.7058823529411765
2498,12,1,2,2,0,17,0.7058823529411765
2499,12,1,2,2,0,17,0.7058823529411765
2500,12,1,2,2,0,17,0.7058823529411765
2501,8,1,2,2,0,13,0.6153846153846154
2502,11,0,2,2,0,15,0.7333333333333333
2503,12,1,2,2,0,17,0.7058823529411765
2504,11,1,2,1,0,15,0.7333333333333333
2505,12,1,2,1,0,16,0.75
2506,10,1,2,2,0,15,0.6666666666666666
2507,11,1,2,2,0,16,0.6875
2508,13,1,2,2,0,18,0.7222222222222222
2509,9,1,2,2,0,14,0.6428571428571429
2510,10,1,2,2,0,15,0.6666666666666666
2511,12,1,2,2,0,17,0.7058823529411765
2512,9,1,2,2,0,14,0.6428571428571429
2513,12,1,2,1,0,16,0.75
2514,11,1,2,1,0,15,0.7333333333333333
2515,11,1,2,2,0,16,0.6875
2516,10,1,2,2,0,15,0.6666666666666666
2517,12,1,2,2,0,17,0.7058823529411765
2518,12,1,2,1,0,16,0.75
2519,10,1,2,2,0,15,0.6666666666666666
2520,11,1,2,2,0,16,0.6875
2521,12,1,2,2,0,17,0.7058823529411765
2522,9,1,2,2,0,14,0.6428571428571429
2523,10,1,2,2,0,15,0.6666666666666666
2524,12,1,2,2,0,17,0.7058823529411765
2525,11,1,2,2,0,16,0.6875
2526,10,1,2,1,0,14,0.7142857142857143
2527,10,1,2,2,0,15,0.6666666666666666
2528,9,1,2,2,0,14,0.6428571428571429
2529,10,1,2,2,0,15,0.6666666666666666
2530,11,1,2,1,0,15,0.7333333333333333
2531,11,1,2,2,0,16,0.6875
2532,10,1,2,1,0,14,0.7142857142857143
2533,11,1,2,2,0,16,0.6875
2534,12,1,2,1,0,16,0.75
2535,10,1,2,1,0,14,0.7142857142857143
2536,11,1,2,2,0,16,0.6875
2537,10,1,2,2,0,15,0.6666666666666666
2538,10,1,2,1,0,14,0.7142857142857143
2539,11,1,2,2,0,16,0.6875
2540,12,1,2,2,0,17,0.7058823529411765
2541,11,1,2,2,0,16,0.6875
2542,9,1,2,2,0,14,0.6428571428571429
2543,10,1,2,2,0,15,0.6666666666666666
2544,10,1,2,2,0,15,0.6666666666666666
2545,11,1,2,2,0,16,0.6875
2546,11,1,2,2,0,16,0.6875
2547,11,1,2,2,0,16,0.6875
2548,12,1,2,1,0,16,0.75
2549,10,1,2,3,0,16,0.625
2550,12,1,1,2,0,16,0.75
2551,12,1,2,2,0,17,0.7058823529411765
2552,12,1,2,2,0,17,0.7058823529411765
2553,10,1,2,2,0,15,0.6666666666666666
2554,10,1,2,2,0,15,0.6666666666666666
2555,10,1,2,1,0,14,0.7142857142857143
2556,11,1,2,2,0,16,0.6875
2557,12,1,2,2,0,17,0.7058823529411765
2558,12,1,2,2,0,17,0.7058823529411765
2559,12,1,2,2,0,17,0.7058823529411765
2560,11,1,2,1,0,15,0.7333333333333333
2561,12,1,2,1,0,16,0.75
2562,11,1,2,1,0,15,0.7333333333333333
2563,12,1,2,1,0,16,0.75
2564,12,1,2,1,0,16,0.75
2565,12,1,2,2,0,17,0.7058823529411765
2566,11,1,1,1,0,14,0.7857142857142857
2567,12,1,2,1,0,16,0.75
2568,13,1,2,2,0,18,0.7222222222222222
2569,13,1,2,1,0,17,0.7647058823529411
2570,12,1,2,2,0,17,0.7058823529411765
2571,14,3,2,2,0,21,0.6666666666666666
2572,13,2,2,2,0,19,0.6842105263157895
2573,13,2,1,2,0,18,0.7222222222222222
2574,13,2,2,2,0,19,0.6842105263157895
2575,12,1,2,2,0,17,0.7058823529411765
2576,11,1,2,2,0,16,0.6875
2577,13,2,1,2,0,18,0.7222222222222222
2578,12,1,2,2,0,17,0.7058823529411765
2579,11,1,2,2,0,16,0.6875
2580,11,1,2,2,0,16,0.6875
2581,12,1,2,1,0,16,0.75
2582,11,1,2,2,0,16,0.6875
2583,11,1,2,2,0,16,0.6875
2584,12,1,2,1,0,16,0.75
2585,12,1,2,2,0,17,0.7058823529411765
2586,10,3,2,1,0,16,0.625
2587,14,1,2,2,0,19,0.7368421052631579
2588,12,1,2,2,0,17,0.7058823529411765
2589,11,1,2,1,0,15,0.7333333333333333
2590,10,1,2,1,0,14,0.7142857142857143
2591,9,1,2,2,0,14,0.6428571428571429
2592,12,1,2,2,0,17,0.7058823529411765
2593,12,1,2,2,0,17,0.7058823529411765
2594,12,1,1,1,0,15,0.8
2595,9,1,2,1,0,13,0.6923076923076923
2596,13,1,2,2,0,18,0.7222222222222222
2597,12,1,2,2,0,17,0.7058823529411765
2598,11,1,2,1,0,15,0.7333333333333333
2599,11,1,2,1,0,15,0.7333333333333333
2600,12,1,2,1,0,16,0.75
2601,12,1,2,1,0,16,0.75
2602,13,1,2,2,0,18,0.7222222222222222
2603,12,1,2,2,0,17,0.7058823529411765
2604,12,1,2,2,0,17,0.7058823529411765
2605,12,1,2,1,0,16,0.75
2606,12,1,2,2,0,17,0.7058823529411765
2607,10,1,2,2,0,15,0.6666666666666666
2608,13,1,2,2,0,18,0.7222222222222222
2609,12,1,2,2,0,17,0.7058823529411765
2610,12,1,2,2,0,17,0.7058823529411765
2611,12,1,2,2,0,17,0.7058823529411765
2612,11,1,2,1,0,15,0.7333333333333333
2613,12,1,1,1,0,15,0.8
2614,12,1,2,2,0,17,0.7058823529411765
2615,12,1,2,2,0,17,0.7058823529411765
2616,13,1,2,2,0,18,0.7222222222222222
2617,12,1,2,1,0,16,0.75
2618,13,1,2,2,0,18,0.7222222222222222
2619,13,1,2,2,0,18,0.7222222222222222
2620,12,1,2,2,0,17,0.7058823529411765
2621,12,1,2,1,0,16,0.75
2622,13,1,2,2,0,18,0.7222222222222222
2623,11,1,2,2,0,16,0.6875
2624,12,1,2,2,0,17,0.7058823529411765
2625,12,1,2,2,0,17,0.7058823529411765
2626,11,1,2,1,0,15,0.7333333333333333
2627,10,1,2,2,0,15,0.6666666666666666
2628,12,1,2,2,0,17,0.7058823529411765
2629,11,1,2,1,0,15,0.7333333333333333
2630,12,1,2,1,0,16,0.75
2631,13,1,2,2,0,18,0.7222222222222222
2632,12,1,2,2,0,17,0.7058823529411765
2633,11,1,2,2,0,16,0.6875
2634,12,1,2,1,0,16,0.75
2635,10,1,2,2,0,15,0.6666666666666666
2636,9,1,2,2,0,14,0.6428571428571429
2637,11,1,2,2,0,16,0.6875
2638,9,1,2,2,0,14,0.6428571428571429
2639,12,1,2,1,0,16,0.75
2640,11,1,2,2,0,16,0.6875
2641,11,1,2,2,0,16,0.6875
2642,12,1,1,2,0,16,0.75
2643,11,1,2,2,0,16,0.6875
2644,11,1,3,2,0,17,0.6470588235294118
2645,12,1,2,1,0,16,0.75
2646,12,1,2,2,0,17,0.7058823529411765
2647,11,1,2,1,0,15,0.7333333333333333
2648,12,1,2,2,0,17,0.7058823529411765
2649,11,1,2,2,0,16,0.6875
2650,11,1,2,2,0,16,0.6875
2651,12,1,1,2,0,16,0.75
2652,10,1,2,1,0,14,0.7142857142857143
2653,13,1,2,1,0,17,0.7647058823529411
2654,11,0,2,1,0,14,0.7857142857142857
2655,11,1,2,1,0,15,0.7333333333333333
2656,10,1,2,1,0,14,0.7142857142857143
2657,13,1,2,1,0,17,0.7647058823529411
2658,11,1,2,1,0,15,0.7333333333333333
2659,10,1,2,2,0,15,0.6666666666666666
2660,10,1,2,2,0,15,0.6666666666666666
2661,11,1,2,2,0,16,0.6875
2662,13,0,2,2,0,17,0.7647058823529411
2663,12,1,2,1,0,16,0.75
2664,12,1,2,1,0,16,0.75
2665,10,1,2,1,0,14,0.7142857142857143
2666,10,1,2,2,0,15,0.6666666666666666
2667,11,1,2,1,0,15,0.7333333333333333
2668,11,1,2,1,0,15,0.7333333333333333
2669,11,1,2,1,0,15,0.7333333333333333
2670,11,1,2,1,0,15,0.7333333333333333
2671,11,1,2,1,0,15,0.7333333333333333
2672,12,1,2,1,0,16,0.75
2673,12,1,2,1,0,16,0.75
2674,12,1,2,1,0,16,0.75
2675,11,1,2,1,0,15,0.7333333333333333
2676,13,1,2,1,0,17,0.7647058823529411
2677,11,1,2,2,0,16,0.6875
2678,12,1,2,2,0,17,0.7058823529411765
2679,13,1,1,2,0,17,0.7647058823529411
2680,11,1,2,2,0,16,0.6875
2681,11,1,2,2,0,16,0.6875
2682,12,1,2,2,0,17,0.7058823529411765
2683,9,1,2,2,0,14,0.6428571428571429
2684,12,1,2,2,0,17,0.7058823529411765
2685,12,1,2,2,0,17,0.7058823529411765
2686,12,1,2,2,0,17,0.7058823529411765
2687,13,1,2,2,0,18,0.7222222222222222
2688,11,1,2,2,0,16,0.6875
2689,11,1,1,2,0,15,0.7333333333333333
2690,12,1,2,2,0,17,0.7058823529411765
2691,12,1,2,2,0,17,0.7058823529411765
2692,13,1,2,2,0,18,0.7222222222222222
2693,13,1,2,1,0,17,0.7647058823529411
2694,9,1,2,1,0,13,0.6923076923076923
2695,13,1,2,2,0,18,0.7222222222222222
2696,12,1,2,1,0,16,0.75
2697,11,1,2,2,0,16,0.6875
2698,11,1,2,1,0,15,0.7333333333333333
2699,11,1,2,2,0,16,0.6875
2700,10,1,2,2,0,15,0.6666666666666666
2701,11,1,2,1,0,15,0.7333333333333333
2702,13,1,2,2,0,18,0.7222222222222222
2703,11,1,2,1,0,15,0.7333333333333333
2704,12,1,2,1,0,16,0.75
2705,11,1,2,1,0,15,0.7333333333333333
2706,12,1,2,2,0,17,0.7058823529411765
2707,11,1,2,1,0,15,0.7333333333333333
2708,11,1,1,1,0,14,0.7857142857142857
2709,10,1,1,2,0,14,0.7142857142857143
2710,10,1,2,2,0,15,0.6666666666666666
2711,11,1,2,2,0,16,0.6875
2712,13,1,2,1,0,17,0.7647058823529411
2713,12,1,2,2,0,17,0.7058823529411765
2714,11,1,2,2,0,16,0.6875
2715,12,1,1,2,0,16,0.75
2716,11,1,2,2,0,16,0.6875
2717,10,1,2,2,0,15,0.6666666666666666
2718,11,1,2,2,0,16,0.6875
2719,13,1,2,2,0,18,0.7222222222222222
2720,11,1,2,2,0,16,0.6875
2721,11,1,2,2,0,16,0.6875
2722,12,1,2,2,0,17,0.7058823529411765
2723,11,1,2,2,0,16,0.6875
2724,11,1,2,2,0,16,0.6875
2725,8,1,2,2,0,13,0.6153846153846154
2726,13,1,2,2,0,18,0.7222222222222222
2727,12,1,1,2,0,16,0.75
2728,12,1,2,2,0,17,0.7058823529411765
2729,14,1,2,2,0,19,0.7368421052631579
2730,10,1,2,2,0,15,0.6666666666666666
2731,12,1,2,2,0,17,0.7058823529411765
2732,12,1,2,2,0,17,0.7058823529411765
2733,9,1,3,2,0,15,0.6
2734,12,1,2,2,0,17,0.7058823529411765
2735,12,1,2,2,0,17,0.7058823529411765
2736,11,1,2,1,0,15,0.7333333333333333
2737,10,1,2,2,0,15,0.6666666666666666
2738,10,1,2,1,0,14,0.7142857142857143
2739,9,1,2,2,0,14,0.6428571428571429
2740,11,1,2,2,0,16,0.6875
2741,11,1,2,2,0,16,0.6875
2742,9,1,2,2,0,14,0.6428571428571429
2743,11,1,2,2,0,16,0.6875
2744,10,1,2,2,0,15,0.6666666666666666
2745,10,1,2,2,0,15,0.6666666666666666
2746,11,1,2,2,0,16,0.6875
2747,11,1,2,2,0,16,0.6875
2748,10,1,2,2,0,15,0.6666666666666666
2749,12,1,2,1,0,16,0.75
2750,10,1,2,2,0,15,0.6666666666666666
2751,9,1,2,2,0,14,0.6428571428571429
2752,11,1,2,2,0,16,0.6875
2753,12,3,2,2,0,19,0.631578947368421
2754,13,3,2,2,0,20,0.65
2755,12,3,2,2,0,19,0.631578947368421
2756,13,3,3,2,0,21,0.6190476190476191
2757,13,3,2,2,0,20,0.65
2758,13,3,2,2,0,20,0.65
2759,13,3,3,2,0,21,0.6190476190476191
2760,14,3,2,2,0,21,0.6666666666666666
2761,12,3,2,2,0,19,0.631578947368421
2762,10,2,2,2,0,16,0.625
2763,12,1,2,2,0,17,0.7058823529411765
2764,11,2,2,2,0,17,0.6470588235294118
2765,12,2,2,2,0,18,0.6666666666666666
2766,12,1,2,2,0,17,0.7058823529411765
2767,14,2,2,2,0,20,0.7
2768,12,2,2,2,0,18,0.6666666666666666
2769,12,2,3,2,0,19,0.631578947368421
2770,12,3,2,2,0,19,0.631578947368421
2771,13,3,2,2,0,20,0.65
2772,14,2,2,2,0,20,0.7
2773,12,3,2,2,0,19,0.631578947368421
2774,12,3,2,2,0,19,0.631578947368421
2775,13,1,3,2,0,19,0.6842105263157895
2776,12,3,2,2,0,19,0.631578947368421
2777,12,3,2,2,0,19,0.631578947368421
2778,12,3,1,2,0,18,0.6666666666666666
2779,10,3,2,2,0,17,0.5882352941176471
2780,12,3,2,2,0,19,0.631578947368421
2781,13,2,2,2,0,19,0.6842105263157895
2782,13,3,2,2,0,20,0.65
2783,14,3,2,2,0,21,0.6666666666666666
2784,13,2,2,2,0,19,0.6842105263157895
2785,14,3,3,2,0,22,0.6363636363636364
2786,13,2,2,2,0,19,0.6842105263157895
2787,12,3,2,2,0,19,0.631578947368421
2788,14,3,2,2,0,21,0.6666666666666666
2789,14,2,1,1,0,18,0.7777777777777778
2790,12,3,2,2,0,19,0.631578947368421
2791,14,3,3,2,0,22,0.6363636363636364
2792,13,3,2,2,0,20,0.65
2793,14,2,2,2,0,20,0.7
2794,14,3,2,2,0,21,0.6666666666666666
2795,10,2,1,2,0,15,0.6666666666666666
2796,14,3,1,2,0,20,0.7
2797,11,2,2,2,0,17,0.6470588235294118
2798,10,3,2,2,0,17,0.5882352941176471
2799,14,3,2,2,0,21,0.6666666666666666
2800,14,3,2,2,0,21,0.6666666666666666
2801,13,3,1,2,0,19,0.6842105263157895
2802,10,1,2,2,0,15,0.6666666666666666
2803,10,1,2,2,0,15,0.6666666666666666
2804,10,1,3,2,0,16,0.625
2805,11,1,2,1,0,15,0.7333333333333333
2806,11,1,2,2,0,16,0.6875
2807,11,1,2,2,0,16,0.6875
2808,11,1,2,2,0,16,0.6875
2809,10,1,1,2,0,14,0.7142857142857143
2810,12,1,2,1,0,16,0.75
2811,10,1,2,2,0,15,0.6666666666666666
2812,8,1,2,2,0,13,0.6153846153846154
2813,10,1,2,1,0,14,0.7142857142857143
2814,11,1,2,2,0,16,0.6875
2815,10,1,2,1,0,14,0.7142857142857143
2816,9,1,2,2,0,14,0.6428571428571429
2817,10,1,2,1,0,14,0.7142857142857143
2818,12,1,2,1,0,16,0.75
2819,12,1,2,1,0,16,0.75
2820,14,1,1,2,0,18,0.7777777777777778
2821,13,1,2,2,0,18,0.7222222222222222
2822,11,1,2,2,0,16,0.6875
2823,12,0,2,2,0,16,0.75
2824,12,1,2,2,0,17,0.7058823529411765
2825,12,1,2,2,0,17,0.7058823529411765
2826,12,1,2,2,0,17,0.7058823529411765
2827,12,1,2,2,0,17,0.7058823529411765
2828,11,1,1,2,0,15,0.7333333333333333
2829,11,1,1,2,0,15,0.7333333333333333
2830,10,1,2,2,0,15,0.6666666666666666
2831,10,1,2,2,0,15,0.6666666666666666
2832,10,1,2,2,0,15,0.6666666666666666
2833,11,1,2,2,0,16,0.6875
2834,10,1,2,2,0,15,0.6666666666666666
2835,10,1,2,2,0,15,0.6666666666666666
2836,10,1,2,2,0,15,0.6666666666666666
2837,11,1,2,2,0,16,0.6875
2838,11,1,2,2,0,16,0.6875
2839,10,1,2,2,0,15,0.6666666666666666
2840,11,1,2,2,0,16,0.6875
2841,11,1,1,2,0,15,0.7333333333333333
2842,11,1,2,2,0,16,0.6875
2843,11,1,2,2,0,16,0.6875
2844,8,1,2,2,0,13,0.6153846153846154
2845,10,1,2,2,0,15,0.6666666666666666
2846,9,1,2,2,0,14,0.6428571428571429
2847,10,1,2,2,0,15,0.6666666666666666
2848,9,1,2,2,0,14,0.6428571428571429
2849,11,1,2,2,0,16,0.6875
2850,9,1,2,2,0,14,0.6428571428571429
2851,10,1,2,2,0,15,0.6666666666666666
2852,9,1,2,2,0,14,0.6428571428571429
2853,11,1,2,2,0,16,0.6875
2854,11,1,1,2,0,15,0.7333333333333333
2855,10,1,2,2,0,15,0.6666666666666666
2856,9,1,2,2,0,14,0.6428571428571429
2857,12,1,2,2,0,17,0.7058823529411765
2858,10,1,2,2,0,15,0.6666666666666666
2859,12,1,2,2,0,17,0.7058823529411765
2860,12,1,2,1,0,16,0.75
2861,11,1,1,2,0,15,0.7333333333333333
2862,11,1,1,2,0,15,0.7333333333333333
2863,10,1,2,2,0,15,0.6666666666666666
2864,10,1,2,2,0,15,0.6666666666666666
2865,11,1,1,2,0,15,0.7333333333333333
2866,9,1,2,2,0,14,0.6428571428571429
2867,10,1,2,2,0,15,0.6666666666666666
2868,10,1,2,2,0,15,0.6666666666666666
2869,10,1,2,2,0,15,0.6666666666666666
2870,10,1,2,1,0,14,0.7142857142857143
2871,11,1,2,1,0,15,0.7333333333333333
2872,11,1,2,1,0,15,0.7333333333333333
2873,8,1,2,1,0,12,0.6666666666666666
2874,11,1,2,2,0,16,0.6875
2875,10,1,2,1,0,14,0.7142857142857143
2876,11,1,2,2,0,16,0.6875
2877,10,1,2,2,0,15,0.6666666666666666
2878,10,1,1,1,0,13,0.7692307692307693
2879,10,1,2,2,0,15,0.6666666666666666
2880,11,1,2,1,0,15,0.7333333333333333
2881,9,1,2,2,0,14,0.6428571428571429
2882,11,1,2,2,0,16,0.6875
2883,12,1,2,2,0,17,0.7058823529411765
2884,11,1,2,1,0,15,0.7333333333333333
2885,11,1,2,2,0,16,0.6875
2886,12,1,2,2,0,17,0.7058823529411765
2887,12,1,2,2,0,17,0.7058823529411765
2888,12,1,2,2,0,17,0.7058823529411765
2889,12,1,2,1,0,16,0.75
2890,11,1,2,1,0,15,0.7333333333333333
2891,12,1,2,2,0,17,0.7058823529411765
2892,12,1,2,1,0,16,0.75
2893,12,1,2,2,0,17,0.7058823529411765
2894,12,1,2,2,0,17,0.7058823529411765
2895,11,1,2,2,0,16,0.6875
2896,11,1,2,2,0,16,0.6875
2897,12,1,2,2,0,17,0.7058823529411765
2898,11,1,2,2,0,16,0.6875
2899,11,1,2,1,0,15,0.7333333333333333
2900,11,1,2,2,0,16,0.6875
2901,11,1,2,2,0,16,0.6875
2902,11,1,1,2,0,15,0.7333333333333333
2903,12,1,2,2,0,17,0.7058823529411765
2904,11,1,2,1,0,15,0.7333333333333333
2905,11,1,2,2,0,16,0.6875
2906,11,1,2,2,0,16,0.6875
2907,12,1,1,2,0,16,0.75
2908,11,1,2,2,0,16,0.6875
2909,10,1,2,2,0,15,0.6666666666666666
2910,9,1,2,2,0,14,0.6428571428571429
2911,11,1,2,2,0,16,0.6875
2912,10,1,2,2,0,15,0.6666666666666666
2913,10,1,2,1,0,14,0.7142857142857143
2914,12,1,2,2,0,17,0.7058823529411765
2915,11,1,1,2,0,15,0.7333333333333333
2916,10,1,2,1,0,14,0.7142857142857143
2917,10,1,2,2,0,15,0.6666666666666666
2918,11,1,2,2,0,16,0.6875
2919,12,1,2,2,0,17,0.7058823529411765
2920,11,1,2,2,0,16,0.6875
2921,12,1,2,2,0,17,0.7058823529411765
2922,12,1,2,2,0,17,0.7058823529411765
2923,12,1,2,2,0,17,0.7058823529411765
2924,12,1,2,2,0,17,0.7058823529411765
2925,14,3,3,2,0,22,0.6363636363636364
2926,14,2,3,2,0,21,0.6666666666666666
2927,10,1,2,2,0,15,0.6666666666666666
2928,11,1,2,2,0,16,0.6875
2929,12,1,3,2,0,18,0.6666666666666666
2930,9,1,4,2,0,16,0.5625
2931,12,1,3,2,0,18,0.6666666666666666
2932,12,3,2,2,0,19,0.631578947368421
2933,13,2,2,2,0,19,0.6842105263157895
2934,11,1,2,2,0,16,0.6875
2935,10,1,2,2,0,15,0.6666666666666666
2936,11,1,2,2,0,16,0.6875
2937,12,1,3,2,0,18,0.6666666666666666
2938,12,1,2,2,0,17,0.7058823529411765
2939,9,0,3,2,0,14,0.6428571428571429
2940,12,1,3,2,0,18,0.6666666666666666
2941,12,1,3,2,0,18,0.6666666666666666
2942,11,1,2,2,0,16,0.6875
2943,11,1,2,2,0,16,0.6875
2944,11,1,2,2,0,16,0.6875
2945,11,1,2,2,0,16,0.6875
2946,13,1,2,2,0,18,0.7222222222222222
2947,10,1,2,2,0,15,0.6666666666666666
2948,12,2,1,2,0,17,0.7058823529411765
2949,12,1,2,2,0,17,0.7058823529411765
2950,11,1,2,2,0,16,0.6875
2951,13,2,2,2,0,19,0.6842105263157895
2952,12,1,2,2,0,17,0.7058823529411765
2953,14,3,3,2,0,22,0.6363636363636364
2954,13,2,2,2,0,19,0.6842105263157895
2955,13,3,2,2,0,20,0.65
2956,12,1,3,2,0,18,0.6666666666666666
2957,12,3,2,2,0,19,0.631578947368421
2958,12,3,2,2,0,19,0.631578947368421
2959,13,2,2,2,0,19,0.6842105263157895
2960,13,1,2,2,0,18,0.7222222222222222
2961,15,1,2,2,0,20,0.75
2962,15,2,2,2,0,21,0.7142857142857143
2963,12,1,2,2,0,17,0.7058823529411765
2964,14,2,3,2,0,21,0.6666666666666666
2965,12,3,2,2,0,19,0.631578947368421
2966,13,2,2,2,0,19,0.6842105263157895
2967,13,2,2,2,0,19,0.6842105263157895
2968,14,2,2,2,0,20,0.7
2969,14,3,2,2,0,21,0.6666666666666666
2970,13,3,3,2,0,21,0.6190476190476191
2971,15,3,2,2,0,22,0.6818181818181818
2972,10,1,2,2,0,15,0.6666666666666666
2973,14,2,2,2,0,20,0.7
2974,13,3,3,2,0,21,0.6190476190476191
2975,12,1,2,2,0,17,0.7058823529411765
2976,12,1,3,2,0,18,0.6666666666666666
2977,13,1,2,2,0,18,0.7222222222222222
2978,12,1,2,2,0,17,0.7058823529411765
2979,14,1,2,2,0,19,0.7368421052631579
2980,12,1,2,2,0,17,0.7058823529411765
2981,12,1,2,2,0,17,0.7058823529411765
2982,14,1,2,2,0,19,0.7368421052631579
2983,13,1,2,2,0,18,0.7222222222222222
2984,14,1,2,2,0,19,0.7368421052631579
2985,13,1,1,2,0,17,0.7647058823529411
2986,10,1,3,2,0,16,0.625
2987,12,0,2,2,0,16,0.75
2988,12,1,2,2,0,17,0.7058823529411765
2989,12,1,2,2,0,17,0.7058823529411765
2990,11,1,2,2,0,16,0.6875
2991,12,1,2,2,0,17,0.7058823529411765
2992,11,1,2,2,0,16,0.6875
2993,12,1,2,2,0,17,0.7058823529411765
2994,11,1,2,2,0,16,0.6875
2995,12,1,1,2,0,16,0.75
2996,10,1,1,2,0,14,0.7142857142857143
2997,13,1,2,2,0,18,0.7222222222222222
2998,12,1,2,2,0,17,0.7058823529411765
2999,10,1,2,2,0,15,0.6666666666666666
3000,12,1,2,2,0,17,0.7058823529411765
3001,13,1,2,2,0,18,0.7222222222222222
3002,11,1,2,2,0,16,0.6875
3003,13,2,2,2,0,19,0.6842105263157895
3004,12,1,2,2,0,17,0.7058823529411765
3005,12,1,2,2,0,17,0.7058823529411765
3006,13,0,2,2,0,17,0.7647058823529411
3007,12,1,2,1,0,16,0.75
3008,12,1,1,2,0,16,0.75
3009,12,1,2,1,0,16,0.75
3010,13,1,2,2,0,18,0.7222222222222222
3011,10,1,2,2,0,15,0.6666666666666666
3012,12,1,2,2,0,17,0.7058823529411765
3013,13,1,2,2,0,18,0.7222222222222222
3014,11,1,2,2,0,16,0.6875
3015,12,1,1,1,0,15,0.8
3016,12,1,2,2,0,17,0.7058823529411765
3017,13,1,2,2,0,18,0.7222222222222222
3018,12,1,2,2,0,17,0.7058823529411765
3019,13,0,2,2,0,17,0.7647058823529411
3020,12,1,2,2,0,17,0.7058823529411765
3021,12,1,2,3,0,18,0.6666666666666666
3022,13,1,2,2,0,18,0.7222222222222222
3023,12,1,2,2,0,17,0.7058823529411765
3024,12,1,2,2,0,17,0.7058823529411765
3025,13,1,2,2,0,18,0.7222222222222222
3026,11,1,2,2,0,16,0.6875
3027,11,1,2,2,0,16,0.6875
3028,13,1,2,2,0,18,0.7222222222222222
3029,12,1,2,2,0,17,0.7058823529411765
3030,11,1,2,2,0,16,0.6875
3031,13,1,2,2,0,18,0.7222222222222222
3032,12,1,2,1,0,16,0.75
3033,11,1,2,2,0,16,0.6875
3034,11,1,2,2,0,16,0.6875
3035,12,1,2,2,0,17,0.7058823529411765
3036,12,1,2,2,0,17,0.7058823529411765
3037,12,1,2,2,0,17,0.7058823529411765
3038,11,1,2,2,0,16,0.6875
3039,12,1,2,2,0,17,0.7058823529411765
3040,11,1,2,2,0,16,0.6875
3041,13,0,2,2,0,17,0.7647058823529411
3042,12,1,2,2,0,17,0.7058823529411765
3043,11,1,2,2,0,16,0.6875
3044,12,0,2,2,0,16,0.75
3045,11,2,2,2,0,17,0.6470588235294118
3046,13,2,2,2,0,19,0.6842105263157895
3047,9,1,2,2,0,14,0.6428571428571429
3048,12,1,2,2,0,17,0.7058823529411765
3049,12,1,2,1,0,16,0.75
3050,11,1,2,2,0,16,0.6875
3051,10,1,2,2,0,15,0.6666666666666666
3052,11,1,2,2,0,16,0.6875
3053,11,1,2,2,0,16,0.6875
3054,11,1,2,2,0,16,0.6875
3055,11,1,2,2,0,16,0.6875
3056,10,1,2,2,0,15,0.6666666666666666
3057,13,1,2,2,0,18,0.7222222222222222
3058,12,1,2,1,0,16,0.75
3059,12,0,2,2,0,16,0.75
3060,11,1,2,2,0,16,0.6875
3061,11,1,2,2,0,16,0.6875
3062,12,0,2,2,0,16,0.75
3063,12,0,2,2,0,16,0.75
3064,13,0,2,1,0,16,0.8125
3065,13,0,2,2,0,17,0.7647058823529411
3066,10,1,1,2,0,14,0.7142857142857143
3067,13,1,2,2,0,18,0.7222222222222222
3068,13,0,2,1,0,16,0.8125
3069,11,0,2,2,0,15,0.7333333333333333
3070,13,0,2,2,0,17,0.7647058823529411
3071,12,0,2,2,0,16,0.75
3072,12,0,1,2,0,15,0.8
3073,11,0,2,2,0,15,0.7333333333333333
3074,13,0,2,2,0,17,0.7647058823529411
3075,11,0,2,2,0,15,0.7333333333333333
3076,13,0,2,2,0,17,0.7647058823529411
3077,11,0,2,2,0,15,0.7333333333333333
3078,11,1,2,2,0,16,0.6875
3079,12,1,1,2,0,16,0.75
3080,13,0,2,2,0,17,0.7647058823529411
3081,11,1,2,2,0,16,0.6875
3082,13,1,2,1,0,17,0.7647058823529411
3083,12,1,2,1,0,16,0.75
3084,13,1,2,2,0,18,0.7222222222222222
3085,12,1,2,1,0,16,0.75
3086,12,1,2,2,0,17,0.7058823529411765
3087,12,1,2,1,0,16,0.75
3088,13,1,2,1,0,17,0.7647058823529411
3089,15,1,2,2,0,20,0.75
3090,11,1,2,1,0,15,0.7333333333333333
3091,12,1,2,1,0,16,0.75
3092,12,1,2,1,0,16,0.75
3093,10,1,2,1,0,14,0.7142857142857143
3094,13,1,2,1,0,17,0.7647058823529411
3095,15,1,2,1,0,19,0.7894736842105263
3096,13,0,2,1,0,16,0.8125
3097,13,0,2,2,0,17,0.7647058823529411
3098,11,1,2,2,0,16,0.6875
3099,13,1,2,2,0,18,0.7222222222222222
3100,13,1,2,2,0,18,0.7222222222222222
3101,12,1,2,2,0,17,0.7058823529411765
3102,10,0,2,2,0,14,0.7142857142857143
3103,11,0,2,2,0,15,0.7333333333333333
3104,13,1,2,2,0,18,0.7222222222222222
3105,11,1,2,2,0,16,0.6875
3106,10,1,2,2,0,15,0.6666666666666666
3107,13,1,2,1,0,17,0.7647058823529411
3108,11,1,2,2,0,16,0.6875
3109,10,1,1,2,0,14,0.7142857142857143
3110,12,1,2,2,0,17,0.7058823529411765
3111,12,1,2,1,0,16,0.75
3112,12,1,2,2,0,17,0.7058823529411765
3113,12,1,2,2,0,17,0.7058823529411765
3114,12,1,2,2,0,17,0.7058823529411765
3115,12,1,2,2,0,17,0.7058823529411765
3116,11,0,2,2,0,15,0.7333333333333333
3117,13,1,2,2,0,18,0.7222222222222222
3118,14,2,2,2,0,20,0.7
3119,14,1,2,2,0,19,0.7368421052631579
3120,15,1,1,2,0,19,0.7894736842105263
3121,14,1,2,2,0,19,0.7368421052631579
3122,13,2,2,2,0,19,0.6842105263157895
3123,12,1,2,2,0,17,0.7058823529411765
3124,13,1,2,1,0,17,0.7647058823529411
3125,13,1,2,2,0,18,0.7222222222222222
3126,12,0,2,2,0,16,0.75
3127,11,2,2,2,0,17,0.6470588235294118
3128,11,0,1,2,0,14,0.7857142857142857
3129,13,0,2,2,0,17,0.7647058823529411
3130,12,2,2,2,0,18,0.6666666666666666
3131,13,1,2,2,0,18,0.7222222222222222
3132,14,2,2,2,0,20,0.7
3133,13,1,2,2,0,18,0.7222222222222222
3134,13,1,1,2,0,17,0.7647058823529411
3135,13,1,2,2,0,18,0.7222222222222222
3136,13,1,2,2,0,18,0.7222222222222222
3137,13,0,2,2,0,17,0.7647058823529411
3138,11,1,2,2,0,16,0.6875
3139,13,0,1,2,0,16,0.8125
3140,13,1,2,2,0,18,0.7222222222222222
3141,13,1,2,2,0,18,0.7222222222222222
3142,12,1,2,2,0,17,0.7058823529411765
3143,13,1,2,2,0,18,0.7222222222222222
3144,12,1,2,2,0,17,0.7058823529411765
3145,12,0,2,2,0,16,0.75
3146,12,1,2,2,0,17,0.7058823529411765
3147,12,1,1,2,0,16,0.75
3148,11,1,2,2,0,16,0.6875
3149,11,1,2,2,0,16,0.6875
3150,11,2,2,2,0,17,0.6470588235294118
3151,12,1,2,2,0,17,0.7058823529411765
3152,10,0,2,2,0,14,0.7142857142857143
3153,13,1,2,2,0,18,0.7222222222222222
3154,13,1,3,1,0,18,0.7222222222222222
3155,12,1,2,2,0,17,0.7058823529411765
3156,14,1,2,2,0,19,0.7368421052631579
3157,13,1,2,2,0,18,0.7222222222222222
3158,11,1,2,3,0,17,0.6470588235294118
3159,11,1,2,2,0,16,0.6875
3160,12,1,2,2,0,17,0.7058823529411765
3161,13,0,2,2,0,17,0.7647058823529411
3162,13,1,1,1,0,16,0.8125
3163,12,0,2,2,0,16,0.75
3164,11,1,2,2,0,16,0.6875
3165,11,1,2,3,0,17,0.6470588235294118
3166,12,1,2,2,0,17,0.7058823529411765
3167,12,1,2,2,0,17,0.7058823529411765
3168,11,1,2,2,0,16,0.6875
3169,13,1,2,1,0,17,0.7647058823529411
3170,11,1,2,2,0,16,0.6875
3171,13,1,2,2,0,18,0.7222222222222222
3172,12,1,2,2,0,17,0.7058823529411765
3173,11,1,2,2,0,16,0.6875
3174,12,1,2,2,0,17,0.7058823529411765
3175,13,1,2,2,0,18,0.7222222222222222
3176,13,1,2,1,0,17,0.7647058823529411
3177,11,1,2,1,0,15,0.7333333333333333
3178,13,1,2,2,0,18,0.7222222222222222
3179,13,1,2,2,0,18,0.7222222222222222
3180,12,1,2,2,0,17,0.7058823529411765
3181,11,1,2,1,0,15,0.7333333333333333
3182,13,0,2,1,0,16,0.8125
3183,11,1,2,2,0,16,0.6875
3184,12,1,2,2,0,17,0.7058823529411765
3185,13,1,2,1,0,17,0.7647058823529411
3186,10,1,2,2,0,15,0.6666666666666666
3187,11,1,2,2,0,16,0.6875
3188,10,1,2,2,0,15,0.6666666666666666
3189,12,1,2,2,0,17,0.7058823529411765
3190,13,1,2,1,0,17,0.7647058823529411
3191,13,1,2,2,0,18,0.7222222222222222
3192,12,1,1,2,0,16,0.75
3193,13,1,2,1,0,17,0.7647058823529411
3194,12,1,2,2,0,17,0.7058823529411765
3195,12,1,2,2,0,17,0.7058823529411765
3196,12,1,2,2,0,17,0.7058823529411765
3197,13,1,2,2,0,18,0.7222222222222222
3198,12,1,2,1,0,16,0.75
3199,14,2,2,2,0,20,0.7
3200,13,2,2,2,0,19,0.6842105263157895
3201,15,2,2,2,0,21,0.7142857142857143
3202,13,2,2,2,0,19,0.6842105263157895
3203,12,0,2,2,0,16,0.75
3204,11,1,2,1,0,15,0.7333333333333333
3205,11,1,2,2,0,16,0.6875
3206,13,1,2,1,0,17,0.7647058823529411
3207,13,1,2,2,0,18,0.7222222222222222
3208,12,1,2,2,0,17,0.7058823529411765
3209,13,1,2,2,0,18,0.7222222222222222
3210,13,1,2,1,0,17,0.7647058823529411
3211,13,1,2,2,0,18,0.7222222222222222
3212,12,1,2,1,0,16,0.75
3213,13,0,2,2,0,17,0.7647058823529411
3214,12,1,1,2,0,16,0.75
3215,12,1,1,2,0,16,0.75
3216,12,1,2,2,0,17,0.7058823529411765
3217,11,1,2,2,0,16,0.6875
3218,12,1,1,2,0,16,0.75
3219,11,0,2,2,0,15,0.7333333333333333
3220,12,1,2,2,0,17,0.7058823529411765
3221,12,1,2,2,0,17,0.7058823529411765
3222,13,1,2,2,0,18,0.7222222222222222
3223,13,1,2,2,0,18,0.7222222222222222
3224,13,1,1,2,0,17,0.7647058823529411
3225,11,1,2,2,0,16,0.6875
3226,13,1,2,2,0,18,0.7222222222222222
3227,11,1,2,2,0,16,0.6875
3228,13,1,2,2,0,18,0.7222222222222222
3229,11,1,2,2,0,16,0.6875
3230,12,1,2,2,0,17,0.7058823529411765
3231,12,0,2,2,0,16,0.75
3232,13,1,2,2,0,18,0.7222222222222222
3233,12,1,2,2,0,17,0.7058823529411765
3234,13,1,2,2,0,18,0.7222222222222222
3235,13,0,2,2,0,17,0.7647058823529411
3236,11,1,2,2,0,16,0.6875
3237,12,1,2,2,0,17,0.7058823529411765
3238,13,1,2,2,0,18,0.7222222222222222
3239,11,1,2,2,0,16,0.6875
3240,11,1,2,2,0,16,0.6875
3241,11,1,2,2,0,16,0.6875
3242,10,1,2,2,0,15,0.6666666666666666
3243,10,1,2,2,0,15,0.6666666666666666
3244,11,1,2,2,0,16,0.6875
3245,13,1,2,2,0,18,0.7222222222222222
3246,12,1,2,2,0,17,0.7058823529411765
3247,11,0,2,2,0,15,0.7333333333333333
3248,13,1,1,1,0,16,0.8125
3249,12,1,1,2,0,16,0.75
3250,13,1,1,2,0,17,0.7647058823529411
3251,12,1,1,2,0,16,0.75
3252,12,1,2,2,0,17,0.7058823529411765
3253,11,1,2,2,0,16,0.6875
3254,13,1,2,1,0,17,0.7647058823529411
3255,13,1,2,2,0,18,0.7222222222222222
3256,13,1,2,1,0,17,0.7647058823529411
3257,13,1,2,1,0,17,0.7647058823529411
3258,13,1,2,2,0,18,0.7222222222222222
3259,13,1,2,2,0,18,0.7222222222222222
3260,13,1,2,2,0,18,0.7222222222222222
3261,11,1,2,2,0,16,0.6875
3262,13,1,2,2,0,18,0.7222222222222222
3263,12,1,2,2,0,17,0.7058823529411765
3264,10,1,2,2,0,15,0.6666666666666666
3265,13,1,2,2,0,18,0.7222222222222222
3266,13,1,2,2,0,18,0.7222222222222222
3267,12,1,2,1,0,16,0.75
3268,12,1,2,2,0,17,0.7058823529411765
3269,11,1,2,2,0,16,0.6875
3270,11,1,2,2,0,16,0.6875
3271,12,1,2,1,0,16,0.75
3272,12,1,2,2,0,17,0.7058823529411765
3273,12,1,2,2,0,17,0.7058823529411765
3274,11,1,2,2,0,16,0.6875
3275,11,0,2,2,0,15,0.7333333333333333
3276,12,1,2,1,0,16,0.75
3277,13,1,2,1,0,17,0.7647058823529411
3278,13,1,2,1,0,17,0.7647058823529411
3279,12,1,2,1,0,16,0.75
3280,12,1,2,2,0,17,0.7058823529411765
3281,12,1,2,2,0,17,0.7058823529411765
3282,12,1,2,2,0,17,0.7058823529411765
3283,11,1,2,2,0,16,0.6875
3284,13,1,2,2,0,18,0.7222222222222222
3285,11,1,2,2,0,16,0.6875
3286,12,1,2,2,0,17,0.7058823529411765
3287,13,1,2,2,0,18,0.7222222222222222
3288,13,1,2,2,0,18,0.7222222222222222
3289,13,1,2,2,0,18,0.7222222222222222
3290,13,1,2,2,0,18,0.7222222222222222
3291,12,1,2,2,0,17,0.7058823529411765
3292,13,1,2,2,0,18,0.7222222222222222
3293,12,0,2,2,0,16,0.75
3294,13,1,2,2,0,18,0.7222222222222222
3295,14,1,1,2,0,18,0.7777777777777778
3296,13,1,2,1,0,17,0.7647058823529411
3297,13,1,1,2,0,17,0.7647058823529411
3298,12,1,2,1,0,16,0.75
3299,13,1,2,1,0,17,0.7647058823529411
3300,13,1,2,2,0,18,0.7222222222222222
3301,13,1,1,1,0,16,0.8125
3302,13,1,2,2,0,18,0.7222222222222222
3303,13,1,2,2,0,18,0.7222222222222222
3304,12,1,2,2,0,17,0.7058823529411765
3305,12,1,2,2,0,17,0.7058823529411765
3306,12,1,2,2,0,17,0.7058823529411765
3307,11,1,2,2,0,16,0.6875
3308,13,1,2,2,0,18,0.7222222222222222
3309,12,0,2,2,0,16,0.75
3310,13,1,2,1,0,17,0.7647058823529411
3311,11,1,1,2,0,15,0.7333333333333333
3312,12,1,2,2,0,17,0.7058823529411765
3313,11,1,2,1,0,15,0.7333333333333333
3314,10,1,2,1,0,14,0.7142857142857143
3315,12,1,2,2,0,17,0.7058823529411765
3316,14,1,2,2,0,19,0.7368421052631579
3317,12,1,2,2,0,17,0.7058823529411765
3318,12,3,2,1,0,18,0.6666666666666666
3319,14,3,2,2,0,21,0.6666666666666666
3320,13,3,2,2,0,20,0.65
3321,14,3,1,1,0,19,0.7368421052631579
3322,12,3,2,2,0,19,0.631578947368421
3323,14,1,2,2,0,19,0.7368421052631579
3324,13,1,2,2,0,18,0.7222222222222222
3325,14,3,2,1,0,20,0.7
3326,15,3,2,1,0,21,0.7142857142857143
3327,14,1,2,1,0,18,0.7777777777777778
3328,13,2,2,1,0,18,0.7222222222222222
3329,15,3,2,1,0,21,0.7142857142857143
3330,10,2,2,2,0,16,0.625
3331,13,1,2,2,0,18,0.7222222222222222
3332,14,3,2,2,0,21,0.6666666666666666
3333,15,3,2,2,0,22,0.6818181818181818
3334,14,2,2,2,0,20,0.7
3335,14,3,2,2,0,21,0.6666666666666666
3336,14,3,2,2,0,21,0.6666666666666666
3337,13,3,2,2,0,20,0.65
3338,15,3,2,2,0,22,0.6818181818181818
3339,14,2,2,2,0,20,0.7
3340,12,3,2,2,0,19,0.631578947368421
3341,13,3,2,2,0,20,0.65
3342,15,2,1,2,0,20,0.75
3343,13,1,2,2,0,18,0.7222222222222222
3344,13,3,2,2,0,20,0.65
3345,14,3,2,2,0,21,0.6666666666666666
3346,15,3,2,2,0,22,0.6818181818181818
3347,14,3,2,2,0,21,0.6666666666666666
3348,13,3,2,2,0,20,0.65
3349,15,2,2,1,0,20,0.75
3350,15,3,2,2,0,22,0.6818181818181818
3351,15,3,2,2,0,22,0.6818181818181818
3352,15,3,2,2,0,22,0.6818181818181818
3353,12,1,2,2,0,17,0.7058823529411765
3354,15,2,2,2,0,21,0.7142857142857143
3355,14,0,2,2,0,18,0.7777777777777778
3356,14,3,2,2,0,21,0.6666666666666666
3357,13,2,2,2,0,19,0.6842105263157895
3358,11,2,2,2,0,17,0.6470588235294118
3359,11,2,2,2,0,17,0.6470588235294118
3360,14,3,2,2,0,21,0.6666666666666666
3361,13,3,2,2,0,20,0.65
3362,14,3,2,2,0,21,0.6666666666666666
3363,13,2,2,2,0,19,0.6842105263157895
3364,13,1,2,2,0,18,0.7222222222222222
3365,14,2,2,1,0,19,0.7368421052631579
3366,14,3,2,2,0,21,0.6666666666666666
3367,15,1,2,2,0,20,0.75
3368,15,2,2,1,0,20,0.75
3369,15,3,2,2,0,22,0.6818181818181818
3370,15,3,2,2,0,22,0.6818181818181818
3371,13,2,2,1,0,18,0.7222222222222222
3372,14,3,2,2,0,21,0.6666666666666666
3373,15,3,2,2,0,22,0.6818181818181818
3374,14,1,2,2,0,19,0.7368421052631579
3375,14,2,2,2,0,20,0.7
3376,14,2,2,2,0,20,0.7
3377,14,1,2,2,0,19,0.7368421052631579
3378,14,2,2,2,0,20,0.7
3379,12,1,2,2,0,17,0.7058823529411765
3380,14,3,2,2,0,21,0.6666666666666666
3381,13,3,2,2,0,20,0.65
3382,14,3,2,2,0,21,0.6666666666666666
3383,15,2,2,2,0,21,0.7142857142857143
3384,11,2,2,2,0,17,0.6470588235294118
3385,10,1,2,2,0,15,0.6666666666666666
3386,14,3,2,2,0,21,0.6666666666666666
3387,13,3,2,2,0,20,0.65
3388,13,3,2,2,0,20,0.65
3389,14,3,2,2,0,21,0.6666666666666666
3390,15,3,2,2,0,22,0.6818181818181818
3391,13,2,2,2,0,19,0.6842105263157895
3392,14,2,2,2,0,20,0.7
3393,15,2,2,2,0,21,0.7142857142857143
3394,12,3,2,2,0,19,0.631578947368421
3395,14,1,2,2,0,19,0.7368421052631579
3396,15,3,2,2,0,22,0.6818181818181818
3397,13,2,2,2,0,19,0.6842105263157895
3398,14,3,2,2,0,21,0.6666666666666666
3399,14,2,2,2,0,20,0.7
3400,15,3,2,2,0,22,0.6818181818181818
3401,15,3,2,2,0,22,0.6818181818181818
3402,13,2,2,2,0,19,0.6842105263157895
3403,11,3,2,2,0,18,0.6111111111111112
3404,15,3,2,2,0,22,0.6818181818181818
3405,12,2,2,1,0,17,0.7058823529411765
3406,15,2,2,2,0,21,0.7142857142857143
3407,14,3,2,2,0,21,0.6666666666666666
3408,14,3,2,1,0,20,0.7
3409,13,1,2,2,0,18,0.7222222222222222
3410,13,3,2,1,0,19,0.6842105263157895
3411,14,2,2,2,0,20,0.7
3412,15,2,2,2,0,21,0.7142857142857143
3413,15,2,2,2,0,21,0.7142857142857143
3414,13,1,2,2,0,18,0.7222222222222222
3415,15,2,2,2,0,21,0.7142857142857143
3416,15,2,2,2,0,21,0.7142857142857143
3417,15,2,2,2,0,21,0.7142857142857143
3418,15,3,2,1,0,21,0.7142857142857143
3419,15,1,2,2,0,20,0.75
3420,14,2,2,2,0,20,0.7
3421,15,3,2,1,0,21,0.7142857142857143
3422,14,2,2,1,0,19,0.7368421052631579
3423,15,3,2,2,0,22,0.6818181818181818
3424,15,3,2,2,0,22,0.6818181818181818
3425,14,3,2,2,0,21,0.6666666666666666
3426,13,0,2,2,0,17,0.7647058823529411
3427,15,3,2,1,0,21,0.7142857142857143
3428,15,3,2,2,0,22,0.6818181818181818
3429,15,2,2,2,0,21,0.7142857142857143
3430,12,2,2,2,0,18,0.6666666666666666
3431,14,3,2,2,0,21,0.6666666666666666
3432,15,3,2,2,0,22,0.6818181818181818
3433,15,3,2,2,0,22,0.6818181818181818
3434,14,3,2,2,0,21,0.6666666666666666
3435,14,3,2,2,0,21,0.6666666666666666
3436,11,1,2,2,0,16,0.6875
3437,13,2,2,2,0,19,0.6842105263157895
3438,14,2,1,2,0,19,0.7368421052631579
3439,14,1,2,2,0,19,0.7368421052631579
3440,12,2,2,2,0,18,0.6666666666666666
3441,12,2,1,2,0,17,0.7058823529411765
3442,13,3,2,2,0,20,0.65
3443,15,3,2,2,0,22,0.6818181818181818
3444,14,3,2,2,0,21,0.6666666666666666
3445,14,3,2,2,0,21,0.6666666666666666
3446,14,1,2,1,0,18,0.7777777777777778
3447,14,3,2,2,0,21,0.6666666666666666
3448,14,1,2,1,0,18,0.7777777777777778
3449,14,1,2,2,0,19,0.7368421052631579
3450,13,2,2,1,0,18,0.7222222222222222
3451,12,1,2,2,0,17,0.7058823529411765
3452,13,1,2,2,0,18,0.7222222222222222
3453,13,3,2,2,0,20,0.65
3454,12,1,2,1,0,16,0.75
3455,16,2,2,2,0,22,0.7272727272727273
3456,15,3,2,2,0,22,0.6818181818181818
3457,14,2,2,1,0,19,0.7368421052631579
3458,15,2,1,2,0,20,0.75
3459,14,3,1,2,0,20,0.7
3460,14,2,2,2,0,20,0.7
3461,11,1,2,2,0,16,0.6875
3462,13,1,2,2,0,18,0.7222222222222222
3463,14,1,1,2,0,18,0.7777777777777778
3464,13,1,1,2,0,17,0.7647058823529411
3465,13,1,2,2,0,18,0.7222222222222222
3466,9,1,2,2,0,14,0.6428571428571429
3467,11,1,1,2,0,15,0.7333333333333333
3468,12,1,2,2,0,17,0.7058823529411765
3469,13,1,2,2,0,18,0.7222222222222222
3470,12,1,2,2,0,17,0.7058823529411765
3471,12,1,2,2,0,17,0.7058823529411765
3472,11,1,2,2,0,16,0.6875
3473,12,1,1,2,0,16,0.75
3474,15,3,1,2,0,21,0.7142857142857143
3475,13,2,2,2,0,19,0.6842105263157895
3476,14,3,2,2,0,21,0.6666666666666666
3477,12,1,2,2,0,17,0.7058823529411765
3478,11,1,1,2,0,15,0.7333333333333333
3479,13,1,1,2,0,17,0.7647058823529411
3480,12,1,2,1,0,16,0.75
3481,11,1,2,2,0,16,0.6875
3482,11,1,2,2,0,16,0.6875
3483,9,1,2,2,0,14,0.6428571428571429
3484,13,1,2,2,0,18,0.7222222222222222
3485,13,1,1,2,0,17,0.7647058823529411
3486,11,1,2,2,0,16,0.6875
3487,13,1,2,2,0,18,0.7222222222222222
3488,11,1,2,2,0,16,0.6875
3489,16,2,2,2,0,22,0.7272727272727273
3490,12,0,1,2,0,15,0.8
3491,13,0,2,2,0,17,0.7647058823529411
3492,13,1,2,2,0,18,0.7222222222222222
3493,13,1,2,2,0,18,0.7222222222222222
3494,12,1,2,2,0,17,0.7058823529411765
3495,12,1,2,2,0,17,0.7058823529411765
3496,11,1,2,2,0,16,0.6875
3497,12,1,2,2,0,17,0.7058823529411765
3498,13,1,2,2,0,18,0.7222222222222222
3499,11,1,2,2,0,16,0.6875
3500,14,1,2,1,0,18,0.7777777777777778
3501,12,1,2,1,0,16,0.75
3502,13,1,2,2,0,18,0.7222222222222222
3503,12,1,2,2,0,17,0.7058823529411765
3504,13,1,2,2,0,18,0.7222222222222222
3505,13,1,2,2,0,18,0.7222222222222222
3506,12,1,2,2,0,17,0.7058823529411765
3507,12,1,2,2,0,17,0.7058823529411765
3508,13,1,2,1,0,17,0.7647058823529411
3509,12,1,2,2,0,17,0.7058823529411765
3510,11,1,2,1,0,15,0.7333333333333333
3511,12,1,2,1,0,16,0.75
3512,13,1,2,1,0,17,0.7647058823529411
3513,12,0,2,1,0,15,0.8
3514,13,1,2,2,0,18,0.7222222222222222
3515,13,1,2,2,0,18,0.7222222222222222
3516,12,1,1,1,0,15,0.8
3517,12,0,2,2,0,16,0.75
3518,13,1,1,2,0,17,0.7647058823529411
3519,13,1,2,2,0,18,0.7222222222222222
3520,12,1,2,1,0,16,0.75
3521,12,1,2,2,0,17,0.7058823529411765
3522,13,1,2,2,0,18,0.7222222222222222
3523,12,1,2,2,0,17,0.7058823529411765
3524,12,2,2,2,0,18,0.6666666666666666
3525,12,1,2,2,0,17,0.7058823529411765
3526,12,1,2,2,0,17,0.7058823529411765
3527,11,1,1,2,0,15,0.7333333333333333
3528,12,1,2,2,0,17,0.7058823529411765
3529,11,1,2,2,0,16,0.6875
3530,13,1,2,1,0,17,0.7647058823529411
3531,10,1,2,2,0,15,0.6666666666666666
3532,13,1,2,2,0,18,0.7222222222222222
3533,11,1,2,2,0,16,0.6875
3534,12,1,2,2,0,17,0.7058823529411765
3535,13,1,2,2,0,18,0.7222222222222222
3536,13,1,2,2,0,18,0.7222222222222222
3537,12,1,2,2,0,17,0.7058823529411765
3538,12,1,2,2,0,17,0.7058823529411765
3539,12,1,2,2,0,17,0.7058823529411765
3540,12,1,2,2,0,17,0.7058823529411765
3541,13,1,2,1,0,17,0.7647058823529411
3542,13,1,2,1,0,17,0.7647058823529411
3543,13,1,2,2,0,18,0.7222222222222222
3544,12,1,2,1,0,16,0.75
3545,12,1,2,2,0,17,0.7058823529411765
3546,11,1,2,2,0,16,0.6875
3547,12,1,2,2,0,17,0.7058823529411765
3548,10,1,2,2,0,15,0.6666666666666666
3549,12,1,2,2,0,17,0.7058823529411765
3550,11,1,2,2,0,16,0.6875
3551,12,1,2,1,0,16,0.75
3552,13,1,2,1,0,17,0.7647058823529411
3553,12,0,2,2,0,16,0.75
3554,13,1,2,2,0,18,0.7222222222222222
3555,11,0,2,2,0,15,0.7333333333333333
3556,13,1,2,1,0,17,0.7647058823529411
3557,11,1,2,2,0,16,0.6875
3558,11,1,2,1,0,15,0.7333333333333333
3559,12,1,2,2,0,17,0.7058823529411765
3560,12,1,2,2,0,17,0.7058823529411765
3561,12,0,2,2,0,16,0.75
3562,11,1,2,2,0,16,0.6875
3563,13,1,2,2,0,18,0.7222222222222222
3564,12,1,2,2,0,17,0.7058823529411765
3565,12,1,2,2,0,17,0.7058823529411765
3566,11,1,2,2,0,16,0.6875
3567,12,1,2,1,0,16,0.75
3568,13,1,2,1,0,17,0.7647058823529411
3569,13,1,2,2,0,18,0.7222222222222222
3570,13,1,2,2,0,18,0.7222222222222222
3571,12,0,2,2,0,16,0.75
3572,12,1,2,2,0,17,0.7058823529411765
3573,11,1,2,2,0,16,0.6875
3574,12,1,2,2,0,17,0.7058823529411765
3575,11,1,1,2,0,15,0.7333333333333333
3576,12,0,2,2,0,16,0.75
3577,14,0,2,2,0,18,0.7777777777777778
3578,12,0,2,2,0,16,0.75
3579,12,1,2,2,0,17,0.7058823529411765
3580,13,1,2,1,0,17,0.7647058823529411
3581,12,1,2,1,0,16,0.75
3582,12,1,2,1,0,16,0.75
3583,13,1,1,2,0,17,0.7647058823529411
3584,13,1,2,2,0,18,0.7222222222222222
3585,12,1,2,2,0,17,0.7058823529411765
3586,12,1,2,2,0,17,0.7058823529411765
3587,14,0,2,2,0,18,0.7777777777777778
3588,12,1,2,1,0,16,0.75
3589,11,1,2,2,0,16,0.6875
3590,13,1,2,2,0,18,0.7222222222222222
3591,12,0,2,2,0,16,0.75
3592,11,1,2,2,0,16,0.6875
3593,14,1,1,2,0,18,0.7777777777777778
3594,12,1,2,2,0,17,0.7058823529411765
3595,12,1,2,2,0,17,0.7058823529411765
3596,11,1,2,2,0,16,0.6875
3597,13,1,2,2,0,18,0.7222222222222222
3598,13,1,2,2,0,18,0.7222222222222222
3599,12,1,2,2,0,17,0.7058823529411765
3600,10,0,2,2,0,14,0.7142857142857143
3601,13,1,2,2,0,18,0.7222222222222222
3602,12,0,2,2,0,16,0.75
3603,12,1,2,2,0,17,0.7058823529411765
3604,12,1,2,2,0,17,0.7058823529411765
3605,13,1,2,2,0,18,0.7222222222222222
3606,12,1,2,2,0,17,0.7058823529411765
3607,12,1,3,2,0,18,0.6666666666666666
3608,10,0,2,2,0,14,0.7142857142857143
3609,11,1,2,1,0,15,0.7333333333333333
3610,12,0,2,2,0,16,0.75
3611,13,0,2,2,0,17,0.7647058823529411
3612,12,0,2,2,0,16,0.75
3613,13,1,2,2,0,18,0.7222222222222222
3614,11,1,2,1,0,15,0.7333333333333333
3615,13,1,2,1,0,17,0.7647058823529411
3616,11,1,2,2,0,16,0.6875
3617,11,1,2,2,0,16,0.6875
3618,14,0,2,2,0,18,0.7777777777777778
3619,12,1,2,2,0,17,0.7058823529411765
3620,11,1,2,1,0,15,0.7333333333333333
3621,12,1,2,2,0,17,0.7058823529411765
3622,13,1,2,1,0,17,0.7647058823529411
3623,13,1,2,1,0,17,0.7647058823529411
3624,12,1,2,1,0,16,0.75
3625,13,1,2,1,0,17,0.7647058823529411
3626,12,1,1,1,0,15,0.8
3627,12,0,2,1,0,15,0.8
3628,12,0,2,2,0,16,0.75
3629,12,1,2,2,0,17,0.7058823529411765
3630,12,1,2,2,0,17,0.7058823529411765
3631,12,1,2,2,0,17,0.7058823529411765
3632,12,0,2,2,0,16,0.75
3633,13,0,2,1,0,16,0.8125
3634,10,1,2,2,0,15,0.6666666666666666
3635,10,1,2,2,0,15,0.6666666666666666
3636,12,1,2,2,0,17,0.7058823529411765
3637,10,1,2,2,0,15,0.6666666666666666
3638,12,1,2,2,0,17,0.7058823529411765
3639,11,1,2,2,0,16,0.6875
3640,11,1,2,1,0,15,0.7333333333333333
3641,11,1,2,2,0,16,0.6875
3642,11,1,2,1,0,15,0.7333333333333333
3643,13,0,2,2,0,17,0.7647058823529411
3644,11,1,2,2,0,16,0.6875
3645,12,1,2,2,0,17,0.7058823529411765
3646,12,1,2,1,0,16,0.75
3647,13,1,2,2,0,18,0.7222222222222222
3648,13,1,2,1,0,17,0.7647058823529411
3649,13,1,2,2,0,18,0.7222222222222222
3650,12,1,2,2,0,17,0.7058823529411765
3651,11,2,1,2,0,16,0.6875
3652,13,1,2,2,0,18,0.7222222222222222
3653,11,1,2,2,0,16,0.6875
3654,13,1,2,2,0,18,0.7222222222222222
3655,11,0,2,2,0,15,0.7333333333333333
3656,11,0,2,2,0,15,0.7333333333333333
3657,12,1,2,1,0,16,0.75
3658,11,0,2,1,0,14,0.7857142857142857
3659,10,1,2,2,0,15,0.6666666666666666
3660,12,1,2,2,0,17,0.7058823529411765
3661,11,1,2,1,0,15,0.7333333333333333
3662,12,1,2,2,0,17,0.7058823529411765
3663,12,1,2,2,0,17,0.7058823529411765
3664,12,0,2,2,0,16,0.75
3665,13,1,1,2,0,17,0.7647058823529411
3666,14,1,2,2,0,19,0.7368421052631579
3667,14,1,2,2,0,19,0.7368421052631579
3668,11,1,2,2,0,16,0.6875
3669,11,1,2,2,0,16,0.6875
3670,12,1,2,2,0,17,0.7058823529411765
3671,12,1,2,1,0,16,0.75
3672,10,1,2,2,0,15,0.6666666666666666
3673,13,1,2,2,0,18,0.7222222222222222
3674,12,1,2,1,0,16,0.75
3675,12,1,2,2,0,17,0.7058823529411765
3676,11,1,2,2,0,16,0.6875
3677,13,1,2,2,0,18,0.7222222222222222
3678,13,0,2,3,0,18,0.7222222222222222
3679,11,1,2,2,0,16,0.6875
3680,14,1,2,2,0,19,0.7368421052631579
3681,13,1,2,2,0,18,0.7222222222222222
3682,12,1,2,2,0,17,0.7058823529411765
3683,12,1,2,2,0,17,0.7058823529411765
3684,12,1,2,2,0,17,0.7058823529411765
3685,13,0,2,2,0,17,0.7647058823529411
3686,11,1,2,2,0,16,0.6875
3687,12,1,2,2,0,17,0.7058823529411765
3688,13,1,2,1,0,17,0.7647058823529411
3689,13,0,1,2,0,16,0.8125
3690,13,1,1,2,0,17,0.7647058823529411
3691,13,1,2,2,0,18,0.7222222222222222
3692,14,1,1,2,0,18,0.7777777777777778
3693,12,1,1,2,0,16,0.75
3694,13,1,1,2,0,17,0.7647058823529411
3695,13,1,2,2,0,18,0.7222222222222222
3696,13,1,1,2,0,17,0.7647058823529411
3697,12,1,1,2,0,16,0.75
3698,12,1,2,2,0,17,0.7058823529411765
3699,12,1,2,2,0,17,0.7058823529411765
3700,13,1,2,2,0,18,0.7222222222222222
3701,14,1,2,2,0,19,0.7368421052631579
3702,12,0,2,2,0,16,0.75
3703,13,0,2,2,0,17,0.7647058823529411
3704,12,0,2,2,0,16,0.75
3705,11,1,2,2,0,16,0.6875
3706,12,1,1,2,0,16,0.75
3707,14,1,2,2,0,19,0.7368421052631579
3708,13,1,2,2,0,18,0.7222222222222222
3709,11,1,2,2,0,16,0.6875
3710,12,0,2,2,0,16,0.75
3711,12,1,2,2,0,17,0.7058823529411765
3712,13,1,2,2,0,18,0.7222222222222222
3713,13,0,2,2,0,17,0.7647058823529411
3714,11,0,2,2,0,15,0.7333333333333333
3715,10,0,2,2,0,14,0.7142857142857143
3716,11,0,2,2,0,15,0.7333333333333333
3717,12,0,2,2,0,16,0.75
3718,11,0,2,2,0,15,0.7333333333333333
3719,12,0,2,2,0,16,0.75
3720,10,1,2,2,0,15,0.6666666666666666
3721,12,1,2,2,0,17,0.7058823529411765
3722,11,1,1,2,0,15,0.7333333333333333
3723,10,1,2,2,0,15,0.6666666666666666
3724,11,1,2,2,0,16,0.6875
3725,13,1,2,2,0,18,0.7222222222222222
3726,12,1,2,2,0,17,0.7058823529411765
3727,10,1,2,2,0,15,0.6666666666666666
3728,10,1,2,2,0,15,0.6666666666666666
3729,10,1,2,2,0,15,0.6666666666666666
3730,11,1,2,2,0,16,0.6875
3731,12,1,2,2,0,17,0.7058823529411765
3732,11,1,3,2,0,17,0.6470588235294118
3733,12,0,2,2,0,16,0.75
3734,10,1,2,2,0,15,0.6666666666666666
3735,11,1,2,2,0,16,0.6875
3736,10,1,2,2,0,15,0.6666666666666666
3737,10,1,2,2,0,15,0.6666666666666666
3738,12,1,2,2,0,17,0.7058823529411765
3739,11,1,2,2,0,16,0.6875
3740,10,1,2,2,0,15,0.6666666666666666
3741,12,1,2,2,0,17,0.7058823529411765
3742,13,1,2,2,0,18,0.7222222222222222
3743,12,1,2,1,0,16,0.75
3744,12,1,2,2,0,17,0.7058823529411765
3745,12,1,1,1,0,15,0.8
3746,11,1,2,2,0,16,0.6875
3747,12,1,2,2,0,17,0.7058823529411765
3748,12,0,2,2,0,16,0.75
3749,11,1,2,2,0,16,0.6875
3750,13,1,2,2,0,18,0.7222222222222222
3751,10,1,2,2,0,15,0.6666666666666666
3752,13,1,2,2,0,18,0.7222222222222222
3753,13,1,2,2,0,18,0.7222222222222222
3754,11,1,2,2,0,16,0.6875
3755,11,0,2,2,0,15,0.7333333333333333
3756,9,1,2,2,0,14,0.6428571428571429
3757,13,1,2,2,0,18,0.7222222222222222
3758,14,1,2,2,0,19,0.7368421052631579
3759,13,1,2,2,0,18,0.7222222222222222
3760,13,1,2,2,0,18,0.7222222222222222
3761,13,1,1,2,0,17,0.7647058823529411
3762,13,1,2,2,0,18,0.7222222222222222
3763,14,0,2,2,0,18,0.7777777777777778
3764,16,2,2,2,0,22,0.7272727272727273
3765,14,1,2,2,0,19,0.7368421052631579
3766,13,1,2,2,0,18,0.7222222222222222
3767,12,1,2,2,0,17,0.7058823529411765
3768,13,1,2,2,0,18,0.7222222222222222
3769,12,1,2,2,0,17,0.7058823529411765
3770,11,0,2,2,0,15,0.7333333333333333
3771,12,0,2,2,0,16,0.75
3772,12,1,2,2,0,17,0.7058823529411765
3773,13,0,1,2,0,16,0.8125
3774,12,0,2,2,0,16,0.75
3775,13,1,2,2,0,18,0.7222222222222222
3776,13,1,2,2,0,18,0.7222222222222222
3777,11,1,2,2,0,16,0.6875
3778,12,1,2,2,0,17,0.7058823529411765
3779,12,1,2,2,0,17,0.7058823529411765
3780,11,1,2,2,0,16,0.6875
3781,13,1,2,2,0,18,0.7222222222222222
3782,12,1,2,2,0,17,0.7058823529411765
3783,11,1,2,2,0,16,0.6875
3784,12,1,2,2,0,17,0.7058823529411765
3785,12,1,2,2,0,17,0.7058823529411765
3786,13,0,2,2,0,17,0.7647058823529411
3787,12,1,2,1,0,16,0.75
3788,11,1,2,2,0,16,0.6875
3789,13,1,1,2,0,17,0.7647058823529411
3790,10,0,2,2,0,14,0.7142857142857143
3791,13,0,1,2,0,16,0.8125
3792,12,0,2,2,0,16,0.75
3793,13,1,2,2,0,18,0.7222222222222222
3794,13,1,2,2,0,18,0.7222222222222222
3795,11,1,1,2,0,15,0.7333333333333333
3796,13,1,2,2,0,18,0.7222222222222222
3797,12,1,2,2,0,17,0.7058823529411765
3798,13,0,1,2,0,16,0.8125
3799,14,0,2,2,0,18,0.7777777777777778
3800,12,1,2,2,0,17,0.7058823529411765
3801,13,1,2,2,0,18,0.7222222222222222
3802,13,1,2,2,0,18,0.7222222222222222
3803,14,1,2,2,0,19,0.7368421052631579
3804,13,0,2,2,0,17,0.7647058823529411
3805,11,0,2,2,0,15,0.7333333333333333
3806,12,1,2,2,0,17,0.7058823529411765
3807,13,1,2,2,0,18,0.7222222222222222
3808,12,1,2,2,0,17,0.7058823529411765
3809,13,1,1,2,0,17,0.7647058823529411
3810,13,1,2,2,0,18,0.7222222222222222
3811,13,1,1,2,0,17,0.7647058823529411
3812,12,1,2,2,0,17,0.7058823529411765
3813,13,2,1,2,0,18,0.7222222222222222
3814,12,1,3,2,0,18,0.6666666666666666
3815,13,1,2,1,0,17,0.7647058823529411
3816,13,1,2,2,0,18,0.7222222222222222
3817,14,2,2,2,0,20,0.7
3818,13,0,1,2,0,16,0.8125
3819,14,1,2,2,0,19,0.7368421052631579
3820,12,1,2,2,0,17,0.7058823529411765
3821,12,1,2,2,0,17,0.7058823529411765
3822,12,1,2,2,0,17,0.7058823529411765
3823,12,1,2,2,0,17,0.7058823529411765
3824,13,1,2,1,0,17,0.7647058823529411
3825,13,1,2,2,0,18,0.7222222222222222
3826,11,1,2,1,0,15,0.7333333333333333
3827,13,1,2,2,0,18,0.7222222222222222
3828,12,1,2,2,0,17,0.7058823529411765
3829,13,1,2,1,0,17,0.7647058823529411
3830,12,1,2,1,0,16,0.75
3831,10,1,2,2,0,15,0.6666666666666666
3832,12,1,2,2,0,17,0.7058823529411765
3833,11,0,2,2,0,15,0.7333333333333333
3834,11,1,2,2,0,16,0.6875
3835,13,1,2,2,0,18,0.7222222222222222
3836,12,1,2,2,0,17,0.7058823529411765
3837,13,1,2,2,0,18,0.7222222222222222
3838,13,1,2,2,0,18,0.7222222222222222
3839,13,1,2,2,0,18,0.7222222222222222
3840,11,0,2,2,0,15,0.7333333333333333
3841,11,1,2,2,0,16,0.6875
3842,12,1,2,2,0,17,0.7058823529411765
3843,13,2,1,2,0,18,0.7222222222222222
3844,9,1,2,2,0,14,0.6428571428571429
3845,13,0,1,2,0,16,0.8125
3846,13,1,2,2,0,18,0.7222222222222222
3847,12,0,2,2,0,16,0.75
3848,13,1,2,2,0,18,0.7222222222222222
3849,12,1,2,2,0,17,0.7058823529411765
3850,11,1,2,2,0,16,0.6875
3851,11,1,2,2,0,16,0.6875
3852,14,0,2,2,0,18,0.7777777777777778
3853,12,1,2,2,0,17,0.7058823529411765
3854,12,1,2,1,0,16,0.75
3855,11,1,2,1,0,15,0.7333333333333333
3856,11,1,2,2,0,16,0.6875
3857,11,1,2,2,0,16,0.6875
3858,13,1,2,2,0,18,0.7222222222222222
3859,13,1,2,2,0,18,0.7222222222222222
3860,12,1,2,2,0,17,0.7058823529411765
3861,12,1,1,2,0,16,0.75
3862,13,1,2,2,0,18,0.7222222222222222
3863,12,1,2,2,0,17,0.7058823529411765
3864,11,1,2,2,0,16,0.6875
3865,10,0,2,1,0,13,0.7692307692307693
3866,13,1,2,1,0,17,0.7647058823529411
3867,11,0,2,2,0,15,0.7333333333333333
3868,12,1,1,2,0,16,0.75
3869,11,1,2,2,0,16,0.6875
3870,12,1,2,2,0,17,0.7058823529411765
3871,13,1,2,2,0,18,0.7222222222222222
3872,12,1,2,2,0,17,0.7058823529411765
3873,13,1,2,2,0,18,0.7222222222222222
3874,12,1,2,2,0,17,0.7058823529411765
3875,13,2,2,2,0,19,0.6842105263157895
3876,12,1,2,2,0,17,0.7058823529411765
3877,12,1,1,2,0,16,0.75
3878,12,1,2,2,0,17,0.7058823529411765
3879,13,1,2,1,0,17,0.7647058823529411
3880,11,1,2,1,0,15,0.7333333333333333
3881,12,1,1,1,0,15,0.8
3882,12,1,2,2,0,17,0.7058823529411765
3883,11,1,2,1,0,15,0.7333333333333333
3884,12,1,2,2,0,17,0.7058823529411765
3885,13,1,2,1,0,17,0.7647058823529411
3886,13,1,2,1,0,17,0.7647058823529411
3887,13,1,2,2,0,18,0.7222222222222222
3888,13,1,2,2,0,18,0.7222222222222222
3889,13,1,2,2,0,18,0.7222222222222222
3890,12,0,2,2,0,16,0.75
3891,12,1,2,1,0,16,0.75
3892,11,1,2,2,0,16,0.6875
3893,11,1,2,2,0,16,0.6875
3894,12,1,2,2,0,17,0.7058823529411765
3895,13,1,2,1,0,17,0.7647058823529411
3896,12,1,2,2,0,17,0.7058823529411765
3897,13,0,2,2,0,17,0.7647058823529411
3898,12,1,2,2,0,17,0.7058823529411765
3899,13,1,2,1,0,17,0.7647058823529411
3900,13,1,2,2,0,18,0.7222222222222222
3901,13,1,1,2,0,17,0.7647058823529411
3902,13,1,2,2,0,18,0.7222222222222222
3903,11,0,2,1,0,14,0.7857142857142857
3904,11,1,1,2,0,15,0.7333333333333333
3905,12,1,2,2,0,17,0.7058823529411765
3906,12,0,2,2,0,16,0.75
3907,12,1,2,2,0,17,0.7058823529411765
3908,12,1,2,2,0,17,0.7058823529411765
3909,13,1,2,1,0,17,0.7647058823529411
3910,11,1,2,1,0,15,0.7333333333333333
3911,12,1,2,2,0,17,0.7058823529411765
3912,11,1,2,2,0,16,0.6875
3913,13,1,2,1,0,17,0.7647058823529411
3914,13,1,2,1,0,17,0.7647058823529411
3915,11,0,2,1,0,14,0.7857142857142857
3916,11,1,2,2,0,16,0.6875
3917,12,1,2,2,0,17,0.7058823529411765
3918,14,0,2,2,0,18,0.7777777777777778
3919,11,1,2,2,0,16,0.6875
3920,11,1,2,2,0,16,0.6875
3921,12,0,2,2,0,16,0.75
3922,11,1,2,2,0,16,0.6875
3923,13,1,1,2,0,17,0.7647058823529411
3924,12,1,2,1,0,16,0.75
3925,12,1,2,2,0,17,0.7058823529411765
3926,11,1,2,2,0,16,0.6875
3927,13,1,2,2,0,18,0.7222222222222222
3928,11,1,2,2,0,16,0.6875
3929,10,1,2,1,0,14,0.7142857142857143
3930,11,1,1,2,0,15,0.7333333333333333
3931,13,1,2,2,0,18,0.7222222222222222
3932,13,1,2,2,0,18,0.7222222222222222
3933,13,1,1,2,0,17,0.7647058823529411
3934,11,1,2,2,0,16,0.6875
3935,13,1,2,1,0,17,0.7647058823529411
3936,13,1,2,2,0,18,0.7222222222222222
3937,12,1,2,2,0,17,0.7058823529411765
3938,13,1,2,1,0,17,0.7647058823529411
3939,12,1,2,1,0,16,0.75
3940,13,0,2,2,0,17,0.7647058823529411
3941,10,1,2,1,0,14,0.7142857142857143
3942,12,1,2,2,0,17,0.7058823529411765
3943,11,1,3,1,0,16,0.6875
3944,13,1,2,1,0,17,0.7647058823529411
3945,12,1,2,1,0,16,0.75
3946,11,1,1,2,0,15,0.7333333333333333
3947,12,1,2,2,0,17,0.7058823529411765
3948,12,1,2,1,0,16,0.75
3949,11,1,2,2,0,16,0.6875
3950,13,1,2,2,0,18,0.7222222222222222
3951,11,1,2,2,0,16,0.6875
3952,12,1,2,2,0,17,0.7058823529411765
3953,13,1,2,2,0,18,0.7222222222222222
3954,11,1,1,2,0,15,0.7333333333333333
3955,11,1,2,2,0,16,0.6875
3956,12,1,2,2,0,17,0.7058823529411765
3957,12,1,2,2,0,17,0.7058823529411765
3958,13,1,1,2,0,17,0.7647058823529411
3959,12,1,2,2,0,17,0.7058823529411765
3960,12,1,2,1,0,16,0.75
3961,13,1,2,2,0,18,0.7222222222222222
3962,11,1,2,2,0,16,0.6875
3963,13,1,2,2,0,18,0.7222222222222222
3964,13,1,2,2,0,18,0.7222222222222222
3965,13,1,2,2,0,18,0.7222222222222222
3966,11,1,2,2,0,16,0.6875
3967,12,1,2,2,0,17,0.7058823529411765
3968,13,1,2,2,0,18,0.7222222222222222
3969,12,1,2,2,0,17,0.7058823529411765
3970,13,1,2,2,0,18,0.7222222222222222
3971,13,0,2,2,0,17,0.7647058823529411
3972,13,1,1,1,0,16,0.8125
3973,13,1,2,1,0,17,0.7647058823529411
3974,12,1,2,2,0,17,0.7058823529411765
3975,13,1,2,2,0,18,0.7222222222222222
3976,12,0,2,2,0,16,0.75
3977,12,1,2,2,0,17,0.7058823529411765
3978,12,1,2,2,0,17,0.7058823529411765
3979,13,1,2,1,0,17,0.7647058823529411
3980,12,1,2,2,0,17,0.7058823529411765
3981,12,1,2,2,0,17,0.7058823529411765
3982,14,1,2,2,0,19,0.7368421052631579
3983,13,1,2,2,0,18,0.7222222222222222
3984,13,1,2,2,0,18,0.7222222222222222
3985,11,0,2,1,0,14,0.7857142857142857
3986,14,0,2,2,0,18,0.7777777777777778
3987,13,1,2,2,0,18,0.7222222222222222
3988,12,1,2,2,0,17,0.7058823529411765
3989,13,1,2,1,0,17,0.7647058823529411
3990,13,1,2,1,0,17,0.7647058823529411
3991,13,1,2,2,0,18,0.7222222222222222
3992,14,1,2,1,0,18,0.7777777777777778
3993,12,1,2,2,0,17,0.7058823529411765
3994,14,1,2,1,0,18,0.7777777777777778
3995,13,1,2,1,0,17,0.7647058823529411
3996,13,1,2,2,0,18,0.7222222222222222
3997,12,1,2,2,0,17,0.7058823529411765
3998,13,1,2,1,0,17,0.7647058823529411
3999,11,0,2,2,0,15,0.7333333333333333
4000,10,1,2,2,0,15,0.6666666666666666
4001,14,0,2,2,0,18,0.7777777777777778
4002,12,1,2,1,0,16,0.75
4003,12,0,2,1,0,15,0.8
4004,12,1,2,2,0,17,0.7058823529411765
4005,12,1,2,2,0,17,0.7058823529411765
4006,13,1,2,2,0,18,0.7222222222222222
4007,12,1,2,1,0,16,0.75
4008,13,1,2,2,0,18,0.7222222222222222
4009,11,1,2,2,0,16,0.6875
4010,12,1,2,1,0,16,0.75
4011,11,1,2,2,0,16,0.6875
4012,13,1,2,2,0,18,0.7222222222222222
4013,12,1,2,2,0,17,0.7058823529411765
4014,14,1,2,2,0,19,0.7368421052631579
4015,10,1,2,2,0,15,0.6666666666666666
4016,14,1,2,1,0,18,0.7777777777777778
4017,13,1,2,1,0,17,0.7647058823529411
4018,11,1,2,2,0,16,0.6875
4019,13,1,2,2,0,18,0.7222222222222222
4020,13,1,2,2,0,18,0.7222222222222222
4021,13,1,2,1,0,17,0.7647058823529411
4022,12,1,2,2,0,17,0.7058823529411765
4023,12,1,2,2,0,17,0.7058823529411765
4024,13,1,2,2,0,18,0.7222222222222222
4025,13,1,2,1,0,17,0.7647058823529411
4026,11,1,2,2,0,16,0.6875
4027,12,1,2,2,0,17,0.7058823529411765
4028,13,1,1,2,0,17,0.7647058823529411
4029,12,1,2,2,0,17,0.7058823529411765
4030,11,1,2,1,0,15,0.7333333333333333
4031,12,0,2,2,0,16,0.75
4032,13,1,2,2,0,18,0.7222222222222222
4033,15,1,1,2,0,19,0.7894736842105263
4034,13,1,2,2,0,18,0.7222222222222222
4035,12,1,2,2,0,17,0.7058823529411765
4036,12,0,2,1,0,15,0.8
4037,12,0,2,1,0,15,0.8
4038,13,0,2,2,0,17,0.7647058823529411
4039,12,0,2,2,0,16,0.75
4040,12,0,2,2,0,16,0.75
4041,12,1,2,1,0,16,0.75
4042,13,1,2,1,0,17,0.7647058823529411
4043,10,0,2,2,0,14,0.7142857142857143
4044,14,1,2,1,0,18,0.7777777777777778
4045,11,1,2,2,0,16,0.6875
4046,12,1,2,2,0,17,0.7058823529411765
4047,11,1,2,2,0,16,0.6875
4048,13,1,2,1,0,17,0.7647058823529411
4049,13,1,2,1,0,17,0.7647058823529411
4050,13,1,2,1,0,17,0.7647058823529411
4051,13,1,2,2,0,18,0.7222222222222222
4052,14,1,2,2,0,19,0.7368421052631579
4053,14,1,2,1,0,18,0.7777777777777778
4054,13,1,2,2,0,18,0.7222222222222222
4055,12,1,2,2,0,17,0.7058823529411765
4056,14,1,2,2,0,19,0.7368421052631579
4057,12,1,2,2,0,17,0.7058823529411765
4058,13,1,2,2,0,18,0.7222222222222222
4059,13,1,2,1,0,17,0.7647058823529411
4060,13,0,1,2,0,16,0.8125
4061,11,1,2,2,0,16,0.6875
4062,12,0,2,2,0,16,0.75
4063,13,1,2,2,0,18,0.7222222222222222
4064,13,1,2,2,0,18,0.7222222222222222
4065,11,1,2,2,0,16,0.6875
4066,14,1,2,2,0,19,0.7368421052631579
4067,13,0,2,2,0,17,0.7647058823529411
4068,14,0,2,2,0,18,0.7777777777777778
4069,13,0,2,2,0,17,0.7647058823529411
4070,12,1,2,2,0,17,0.7058823529411765
4071,13,1,2,2,0,18,0.7222222222222222
4072,12,1,2,1,0,16,0.75
4073,11,1,2,2,0,16,0.6875
4074,13,1,2,2,0,18,0.7222222222222222
4075,13,1,2,2,0,18,0.7222222222222222
4076,13,1,2,2,0,18,0.7222222222222222
4077,12,1,2,2,0,17,0.7058823529411765
4078,12,1,2,2,0,17,0.7058823529411765
4079,13,1,2,2,0,18,0.7222222222222222
4080,14,1,2,2,0,19,0.7368421052631579
4081,13,1,2,2,0,18,0.7222222222222222
4082,13,1,2,2,0,18,0.7222222222222222
4083,14,1,2,2,0,19,0.7368421052631579
4084,13,1,2,2,0,18,0.7222222222222222
4085,13,1,2,2,0,18,0.7222222222222222
4086,13,1,2,2,0,18,0.7222222222222222
4087,13,1,2,1,0,17,0.7647058823529411
4088,13,1,2,2,0,18,0.7222222222222222
4089,12,1,2,2,0,17,0.7058823529411765
4090,13,1,2,2,0,18,0.7222222222222222
4091,12,1,2,2,0,17,0.7058823529411765
4092,13,1,2,1,0,17,0.7647058823529411
4093,14,1,2,2,0,19,0.7368421052631579
4094,12,1,2,3,0,18,0.6666666666666666
4095,14,1,1,2,0,18,0.7777777777777778
4096,12,1,2,1,0,16,0.75
4097,13,1,2,2,0,18,0.7222222222222222
4098,13,1,2,2,0,18,0.7222222222222222
4099,11,1,2,2,0,16,0.6875
4100,12,1,2,2,0,17,0.7058823529411765
4101,10,1,2,2,0,15,0.6666666666666666
4102,12,1,2,1,0,16,0.75
4103,13,1,2,2,0,18,0.7222222222222222
4104,9,1,2,2,0,14,0.6428571428571429
4105,13,0,2,2,0,17,0.7647058823529411
4106,12,1,2,2,0,17,0.7058823529411765
4107,12,1,2,2,0,17,0.7058823529411765
4108,11,1,2,2,0,16,0.6875
4109,13,1,2,2,0,18,0.7222222222222222
4110,13,1,2,2,0,18,0.7222222222222222
4111,13,1,2,1,0,17,0.7647058823529411
4112,13,1,2,2,0,18,0.7222222222222222
4113,13,1,2,2,0,18,0.7222222222222222
4114,12,0,2,2,0,16,0.75
4115,12,1,2,1,0,16,0.75
4116,11,1,2,2,0,16,0.6875
4117,13,1,2,2,0,18,0.7222222222222222
4118,11,1,2,2,0,16,0.6875
4119,14,1,2,2,0,19,0.7368421052631579
4120,13,1,2,2,0,18,0.7222222222222222
4121,13,1,2,2,0,18,0.7222222222222222
4122,13,0,2,2,0,17,0.7647058823529411
4123,12,1,2,2,0,17,0.7058823529411765
4124,12,1,2,2,0,17,0.7058823529411765
4125,13,1,2,2,0,18,0.7222222222222222
4126,13,1,2,2,0,18,0.7222222222222222
4127,14,1,2,2,0,19,0.7368421052631579
4128,13,1,2,2,0,18,0.7222222222222222
4129,14,1,2,2,0,19,0.7368421052631579
4130,12,1,2,2,0,17,0.7058823529411765
4131,12,1,2,2,0,17,0.7058823529411765
4132,12,1,2,2,0,17,0.7058823529411765
4133,11,1,1,2,0,15,0.7333333333333333
4134,12,2,1,2,0,17,0.7058823529411765
4135,13,1,2,2,0,18,0.7222222222222222
4136,13,1,2,2,0,18,0.7222222222222222
4137,12,1,1,2,0,16,0.75
4138,14,1,2,2,0,19,0.7368421052631579
4139,13,0,2,2,0,17,0.7647058823529411
4140,13,1,2,1,0,17,0.7647058823529411
4141,14,0,1,2,0,17,0.8235294117647058
4142,13,1,2,2,0,18,0.7222222222222222
4143,11,1,2,2,0,16,0.6875
4144,13,1,2,2,0,18,0.7222222222222222
4145,15,3,2,2,0,22,0.6818181818181818
4146,12,1,2,2,0,17,0.7058823529411765
4147,12,1,2,2,0,17,0.7058823529411765
4148,13,0,2,2,0,17,0.7647058823529411
4149,13,1,2,2,0,18,0.7222222222222222
4150,13,1,2,2,0,18,0.7222222222222222
4151,13,1,2,2,0,18,0.7222222222222222
4152,13,1,2,2,0,18,0.7222222222222222
4153,13,1,2,2,0,18,0.7222222222222222
4154,12,1,1,2,0,16,0.75
4155,12,1,2,2,0,17,0.7058823529411765
4156,11,1,2,2,0,16,0.6875
4157,13,1,2,2,0,18,0.7222222222222222
4158,12,0,2,2,0,16,0.75
4159,13,1,2,2,0,18,0.7222222222222222
4160,14,1,2,2,0,19,0.7368421052631579
4161,12,1,2,2,0,17,0.7058823529411765
4162,14,0,2,2,0,18,0.7777777777777778
4163,12,1,2,2,0,17,0.7058823529411765
4164,12,1,2,2,0,17,0.7058823529411765
4165,13,1,2,2,0,18,0.7222222222222222
4166,12,1,2,2,0,17,0.7058823529411765
4167,14,1,2,2,0,19,0.7368421052631579
4168,13,1,2,2,0,18,0.7222222222222222
4169,13,1,2,2,0,18,0.7222222222222222
4170,13,1,2,1,0,17,0.7647058823529411
4171,11,1,3,2,0,17,0.6470588235294118
4172,11,1,2,1,0,15,0.7333333333333333
4173,13,1,2,2,0,18,0.7222222222222222
4174,12,1,1,2,0,16,0.75
4175,14,1,1,2,0,18,0.7777777777777778
4176,14,1,1,2,0,18,0.7777777777777778
4177,14,2,1,2,0,19,0.7368421052631579
4178,12,1,2,1,0,16,0.75
4179,11,1,2,2,0,16,0.6875
4180,12,1,2,2,0,17,0.7058823529411765
4181,12,1,2,2,0,17,0.7058823529411765
4182,11,1,2,2,0,16,0.6875
4183,14,0,1,2,0,17,0.8235294117647058
4184,14,1,3,1,0,19,0.7368421052631579
4185,13,1,2,1,0,17,0.7647058823529411
4186,12,1,2,2,0,17,0.7058823529411765
4187,13,2,1,2,0,18,0.7222222222222222
4188,13,1,3,2,0,19,0.6842105263157895
4189,11,1,2,1,0,15,0.7333333333333333
4190,14,2,2,1,0,19,0.7368421052631579
4191,12,1,2,1,0,16,0.75
4192,13,1,2,1,0,17,0.7647058823529411
4193,14,1,2,1,0,18,0.7777777777777778
4194,10,1,2,2,0,15,0.6666666666666666
4195,14,0,2,2,0,18,0.7777777777777778
4196,12,0,3,2,0,17,0.7058823529411765
4197,14,1,2,1,0,18,0.7777777777777778
4198,13,1,3,2,0,19,0.6842105263157895
4199,12,1,2,1,0,16,0.75
4200,13,1,2,2,0,18,0.7222222222222222
4201,13,1,2,1,0,17,0.7647058823529411
4202,12,0,1,1,0,14,0.8571428571428571
4203,13,1,2,2,0,18,0.7222222222222222
4204,12,1,2,1,0,16,0.75
4205,13,1,2,2,0,18,0.7222222222222222
4206,13,2,2,2,0,19,0.6842105263157895
4207,14,0,2,2,0,18,0.7777777777777778
4208,13,0,2,2,0,17,0.7647058823529411
4209,13,0,2,2,0,17,0.7647058823529411
4210,11,1,2,2,0,16,0.6875
4211,13,2,2,2,0,19,0.6842105263157895
4212,13,1,2,2,0,18,0.7222222222222222
4213,13,1,2,2,0,18,0.7222222222222222
4214,14,0,2,2,0,18,0.7777777777777778
4215,11,1,2,1,0,15,0.7333333333333333
4216,13,1,2,2,0,18,0.7222222222222222
4217,13,1,2,2,0,18,0.7222222222222222
4218,13,1,2,2,0,18,0.7222222222222222
4219,12,1,2,2,0,17,0.7058823529411765
4220,13,1,2,2,0,18,0.7222222222222222
4221,13,1,2,2,0,18,0.7222222222222222
4222,12,1,2,2,0,17,0.7058823529411765
4223,11,1,2,2,0,16,0.6875
4224,11,1,2,1,0,15,0.7333333333333333
4225,11,1,2,2,0,16,0.6875
4226,13,1,2,2,0,18,0.7222222222222222
4227,12,1,2,2,0,17,0.7058823529411765
4228,14,1,2,2,0,19,0.7368421052631579
4229,11,1,2,1,0,15,0.7333333333333333
4230,12,1,2,2,0,17,0.7058823529411765
4231,12,1,2,2,0,17,0.7058823529411765
4232,11,1,2,2,0,16,0.6875
4233,12,1,2,1,0,16,0.75
4234,13,1,2,1,0,17,0.7647058823529411
4235,12,0,2,2,0,16,0.75
4236,12,0,1,1,0,14,0.8571428571428571
4237,11,1,1,1,0,14,0.7857142857142857
4238,9,1,1,1,0,12,0.75
4239,14,1,1,1,0,17,0.8235294117647058
4240,12,2,1,1,0,16,0.75
4241,12,1,1,1,0,15,0.8
4242,12,1,1,2,0,16,0.75
4243,11,1,2,1,0,15,0.7333333333333333
4244,13,1,2,2,0,18,0.7222222222222222
4245,13,1,2,2,0,18,0.7222222222222222
4246,12,1,2,1,0,16,0.75
4247,13,1,2,2,0,18,0.7222222222222222
4248,13,1,2,2,0,18,0.7222222222222222
4249,13,1,2,2,0,18,0.7222222222222222
4250,13,1,2,2,0,18,0.7222222222222222
4251,13,1,2,2,0,18,0.7222222222222222
4252,14,1,2,2,0,19,0.7368421052631579
4253,12,1,2,2,0,17,0.7058823529411765
4254,13,1,2,2,0,18,0.7222222222222222
4255,13,1,2,2,0,18,0.7222222222222222
4256,13,1,2,2,0,18,0.7222222222222222
4257,12,0,2,2,0,16,0.75
4258,12,1,2,2,0,17,0.7058823529411765
4259,12,1,2,2,0,17,0.7058823529411765
4260,11,1,2,2,0,16,0.6875
4261,10,1,2,1,0,14,0.7142857142857143
4262,10,0,2,1,0,13,0.7692307692307693
4263,13,1,2,2,0,18,0.7222222222222222
4264,11,1,2,2,0,16,0.6875
4265,13,1,2,2,0,18,0.7222222222222222
4266,13,1,2,2,0,18,0.7222222222222222
4267,11,1,2,2,0,16,0.6875
4268,13,1,2,2,0,18,0.7222222222222222
4269,12,1,2,3,0,18,0.6666666666666666
4270,12,1,2,2,0,17,0.7058823529411765
4271,10,1,2,1,0,14,0.7142857142857143
4272,13,1,2,2,0,18,0.7222222222222222
4273,12,1,2,1,0,16,0.75
4274,12,1,2,2,0,17,0.7058823529411765
4275,11,1,2,1,0,15,0.7333333333333333
4276,10,1,2,2,0,15,0.6666666666666666
4277,11,0,2,2,0,15,0.7333333333333333
4278,13,1,2,1,0,17,0.7647058823529411
4279,13,1,2,2,0,18,0.7222222222222222
4280,10,1,2,2,0,15,0.6666666666666666
4281,12,1,2,1,0,16,0.75
4282,14,1,3,1,0,19,0.7368421052631579
4283,12,1,2,2,0,17,0.7058823529411765
4284,13,1,2,2,0,18,0.7222222222222222
4285,13,1,2,2,0,18,0.7222222222222222
4286,9,1,2,2,0,14,0.6428571428571429
4287,13,1,2,1,0,17,0.7647058823529411
4288,13,1,2,2,0,18,0.7222222222222222
4289,13,1,2,2,0,18,0.7222222222222222
4290,12,2,2,1,0,17,0.7058823529411765
4291,12,1,2,1,0,16,0.75
4292,13,1,2,2,0,18,0.7222222222222222
4293,12,0,2,2,0,16,0.75
4294,13,1,2,2,0,18,0.7222222222222222
4295,13,0,2,2,0,17,0.7647058823529411
4296,13,1,2,2,0,18,0.7222222222222222
4297,13,1,2,2,0,18,0.7222222222222222
4298,13,1,2,2,0,18,0.7222222222222222
4299,13,1,2,2,0,18,0.7222222222222222
4300,13,1,2,2,0,18,0.7222222222222222
4301,13,0,2,2,0,17,0.7647058823529411
4302,14,1,2,2,0,19,0.7368421052631579
4303,12,0,2,2,0,16,0.75
4304,13,1,2,3,0,19,0.6842105263157895
4305,13,1,2,3,0,19,0.6842105263157895
4306,13,0,1,2,0,16,0.8125
4307,13,1,2,2,0,18,0.7222222222222222
4308,12,0,2,2,0,16,0.75
4309,14,0,2,2,0,18,0.7777777777777778
4310,13,1,2,2,0,18,0.7222222222222222
4311,12,1,2,2,0,17,0.7058823529411765
4312,12,0,2,2,0,16,0.75
4313,14,1,2,2,0,19,0.7368421052631579
4314,12,1,2,2,0,17,0.7058823529411765
4315,13,0,2,2,0,17,0.7647058823529411
4316,12,1,2,2,0,17,0.7058823529411765
4317,13,0,2,2,0,17,0.7647058823529411
4318,13,0,2,2,0,17,0.7647058823529411
4319,12,1,2,2,0,17,0.7058823529411765
4320,13,1,2,1,0,17,0.7647058823529411
4321,14,2,2,2,0,20,0.7
4322,12,1,2,2,0,17,0.7058823529411765
4323,14,1,2,2,0,19,0.7368421052631579
4324,11,1,2,3,0,17,0.6470588235294118
4325,13,1,2,2,0,18,0.7222222222222222
4326,12,1,2,1,0,16,0.75
4327,12,1,1,2,0,16,0.75
4328,12,1,2,2,0,17,0.7058823529411765
4329,13,1,2,2,0,18,0.7222222222222222
4330,10,1,2,2,0,15,0.6666666666666666
4331,13,1,2,2,0,18,0.7222222222222222
4332,13,1,2,1,0,17,0.7647058823529411
4333,13,1,2,2,0,18,0.7222222222222222
4334,13,1,1,1,0,16,0.8125
4335,13,1,2,2,0,18,0.7222222222222222
4336,14,1,2,2,0,19,0.7368421052631579
4337,13,1,2,2,0,18,0.7222222222222222
4338,12,1,2,2,0,17,0.7058823529411765
4339,10,1,2,2,0,15,0.6666666666666666
4340,13,0,2,2,0,17,0.7647058823529411
4341,13,1,2,2,0,18,0.7222222222222222
4342,13,1,2,2,0,18,0.7222222222222222
4343,12,1,2,2,0,17,0.7058823529411765
4344,12,0,2,2,0,16,0.75
4345,12,0,2,3,0,17,0.7058823529411765
4346,12,1,2,2,0,17,0.7058823529411765
4347,12,1,2,2,0,17,0.7058823529411765
4348,12,1,2,2,0,17,0.7058823529411765
4349,12,1,2,2,0,17,0.7058823529411765
4350,12,1,2,1,0,16,0.75
4351,12,1,2,1,0,16,0.75
4352,11,1,2,2,0,16,0.6875
4353,13,1,2,2,0,18,0.7222222222222222
4354,14,2,2,2,0,20,0.7
4355,15,1,2,2,0,20,0.75
4356,14,0,2,2,0,18,0.7777777777777778
4357,13,2,2,2,0,19,0.6842105263157895
4358,13,2,1,2,0,18,0.7222222222222222
4359,13,1,2,2,0,18,0.7222222222222222
4360,11,2,2,2,0,17,0.6470588235294118
4361,13,1,2,2,0,18,0.7222222222222222
4362,13,1,2,2,0,18,0.7222222222222222
4363,14,3,2,2,0,21,0.6666666666666666
4364,14,2,2,2,0,20,0.7
4365,14,1,1,2,0,18,0.7777777777777778
4366,13,2,2,2,0,19,0.6842105263157895
4367,13,1,2,2,0,18,0.7222222222222222
4368,13,1,2,2,0,18,0.7222222222222222
4369,14,1,2,2,0,19,0.7368421052631579
4370,13,1,2,2,0,18,0.7222222222222222
4371,13,2,2,2,0,19,0.6842105263157895
4372,13,2,2,2,0,19,0.6842105263157895
4373,13,2,1,2,0,18,0.7222222222222222
4374,12,1,1,1,0,15,0.8
4375,11,0,2,2,0,15,0.7333333333333333
4376,13,1,2,1,0,17,0.7647058823529411
4377,12,1,2,1,0,16,0.75
4378,13,1,2,2,0,18,0.7222222222222222
4379,13,1,2,2,0,18,0.7222222222222222
4380,13,1,2,2,0,18,0.7222222222222222
4381,11,0,2,2,0,15,0.7333333333333333
4382,13,1,2,2,0,18,0.7222222222222222
4383,12,0,2,2,0,16,0.75
4384,13,1,2,2,0,18,0.7222222222222222
4385,10,1,2,2,0,15,0.6666666666666666
4386,12,1,2,2,0,17,0.7058823529411765
4387,13,1,2,2,0,18,0.7222222222222222
4388,11,1,2,2,0,16,0.6875
4389,12,0,2,2,0,16,0.75
4390,12,1,2,2,0,17,0.7058823529411765
4391,14,1,2,2,0,19,0.7368421052631579
4392,12,1,2,2,0,17,0.7058823529411765
4393,13,1,2,2,0,18,0.7222222222222222
4394,12,1,3,2,0,18,0.6666666666666666
4395,12,1,2,2,0,17,0.7058823529411765
4396,13,1,2,2,0,18,0.7222222222222222
4397,12,1,2,2,0,17,0.7058823529411765
4398,11,1,2,2,0,16,0.6875
4399,9,1,2,2,0,14,0.6428571428571429
4400,13,1,2,2,0,18,0.7222222222222222
4401,10,1,2,2,0,15,0.6666666666666666
4402,10,0,2,2,0,14,0.7142857142857143
4403,11,1,2,2,0,16,0.6875
4404,12,1,2,2,0,17,0.7058823529411765
4405,11,1,2,2,0,16,0.6875
4406,11,1,2,2,0,16,0.6875
4407,12,1,2,1,0,16,0.75
4408,11,1,1,2,0,15,0.7333333333333333
4409,13,1,2,2,0,18,0.7222222222222222
4410,12,1,2,2,0,17,0.7058823529411765
4411,11,1,1,2,0,15,0.7333333333333333
4412,13,1,2,2,0,18,0.7222222222222222
4413,13,1,2,2,0,18,0.7222222222222222
4414,10,1,2,2,0,15,0.6666666666666666
4415,12,1,2,2,0,17,0.7058823529411765
4416,9,1,2,2,0,14,0.6428571428571429
4417,13,0,2,2,0,17,0.7647058823529411
4418,13,1,2,2,0,18,0.7222222222222222
4419,11,1,1,2,0,15,0.7333333333333333
4420,11,1,2,2,0,16,0.6875
4421,13,1,2,2,0,18,0.7222222222222222
4422,10,0,2,2,0,14,0.7142857142857143
4423,14,0,2,2,0,18,0.7777777777777778
4424,10,1,2,2,0,15,0.6666666666666666
4425,13,1,1,2,0,17,0.7647058823529411
4426,12,1,2,2,0,17,0.7058823529411765
4427,11,1,2,2,0,16,0.6875
4428,11,0,2,2,0,15,0.7333333333333333
4429,11,0,2,2,0,15,0.7333333333333333
4430,11,1,1,2,0,15,0.7333333333333333
4431,13,1,1,2,0,17,0.7647058823529411
4432,11,1,2,2,0,16,0.6875
4433,12,1,2,2,0,17,0.7058823529411765
4434,12,1,2,2,0,17,0.7058823529411765
4435,11,1,2,2,0,16,0.6875
4436,12,1,2,2,0,17,0.7058823529411765
4437,11,1,2,2,0,16,0.6875
4438,12,1,2,2,0,17,0.7058823529411765
4439,12,1,2,2,0,17,0.7058823529411765
4440,13,1,2,2,0,18,0.7222222222222222
4441,12,1,2,2,0,17,0.7058823529411765
4442,13,1,2,2,0,18,0.7222222222222222
4443,12,1,2,2,0,17,0.7058823529411765
4444,11,1,2,2,0,16,0.6875
4445,10,1,2,2,0,15,0.6666666666666666
4446,11,1,2,2,0,16,0.6875
4447,11,1,2,2,0,16,0.6875
4448,12,1,2,2,0,17,0.7058823529411765
4449,12,0,2,2,0,16,0.75
4450,12,0,2,2,0,16,0.75
4451,12,1,2,2,0,17,0.7058823529411765
4452,10,1,2,2,0,15,0.6666666666666666
4453,12,1,2,2,0,17,0.7058823529411765
4454,13,1,2,2,0,18,0.7222222222222222
4455,13,1,2,2,0,18,0.7222222222222222
4456,12,1,2,2,0,17,0.7058823529411765
4457,12,1,2,2,0,17,0.7058823529411765
4458,10,1,2,2,0,15,0.6666666666666666
4459,11,1,2,2,0,16,0.6875
4460,12,1,2,2,0,17,0.7058823529411765
4461,11,1,2,2,0,16,0.6875
4462,13,1,2,2,0,18,0.7222222222222222
4463,11,1,2,2,0,16,0.6875
4464,11,1,2,2,0,16,0.6875
4465,10,1,2,2,0,15,0.6666666666666666
4466,12,0,2,2,0,16,0.75
4467,12,0,2,2,0,16,0.75
4468,11,1,2,2,0,16,0.6875
4469,12,1,2,1,0,16,0.75
4470,12,0,2,1,0,15,0.8
4471,12,1,2,2,0,17,0.7058823529411765
4472,13,0,2,1,0,16,0.8125
4473,10,0,2,2,0,14,0.7142857142857143
4474,13,1,2,2,0,18,0.7222222222222222
4475,12,0,2,2,0,16,0.75
4476,10,0,2,1,0,13,0.7692307692307693
4477,12,1,2,2,0,17,0.7058823529411765
4478,10,1,2,2,0,15,0.6666666666666666
4479,10,1,2,2,0,15,0.6666666666666666
4480,11,1,2,2,0,16,0.6875
4481,11,0,2,2,0,15,0.7333333333333333
4482,12,1,2,1,0,16,0.75
4483,13,1,2,2,0,18,0.7222222222222222
4484,12,1,2,2,0,17,0.7058823529411765
4485,12,0,2,2,0,16,0.75
4486,13,1,2,1,0,17,0.7647058823529411
4487,9,1,2,2,0,14,0.6428571428571429
4488,12,1,3,2,0,18,0.6666666666666666
4489,12,0,2,2,0,16,0.75
4490,11,0,2,2,0,15,0.7333333333333333
4491,12,0,2,1,0,15,0.8
4492,12,0,2,2,0,16,0.75
4493,9,0,2,2,0,13,0.6923076923076923
4494,9,0,2,2,0,13,0.6923076923076923
4495,13,0,1,1,0,15,0.8666666666666667
4496,10,0,2,2,0,14,0.7142857142857143
4497,9,0,2,2,0,13,0.6923076923076923
4498,12,0,2,2,0,16,0.75
4499,11,0,2,2,0,15,0.7333333333333333
4500,13,0,2,1,0,16,0.8125
4501,12,0,2,1,0,15,0.8
4502,12,0,2,2,0,16,0.75
4503,11,0,2,1,0,14,0.7857142857142857
4504,12,0,2,1,0,15,0.8
4505,12,0,2,2,0,16,0.75
4506,12,0,2,2,0,16,0.75
4507,10,0,2,2,0,14,0.7142857142857143
4508,11,0,2,2,0,15,0.7333333333333333
4509,11,0,2,1,0,14,0.7857142857142857
4510,12,0,2,2,0,16,0.75
4511,12,0,2,1,0,15,0.8
4512,12,0,2,2,0,16,0.75
4513,10,0,2,2,0,14,0.7142857142857143
4514,13,0,1,1,0,15,0.8666666666666667
4515,12,0,2,2,0,16,0.75
4516,12,0,2,2,0,16,0.75
4517,12,0,2,2,0,16,0.75
4518,12,0,2,2,0,16,0.75
4519,11,0,2,2,0,15,0.7333333333333333
4520,11,0,1,2,0,14,0.7857142857142857
4521,13,0,1,2,0,16,0.8125
4522,13,0,2,1,0,16,0.8125
4523,11,0,2,2,0,15,0.7333333333333333
4524,11,0,2,2,0,15,0.7333333333333333
4525,13,0,2,2,0,17,0.7647058823529411
4526,11,0,2,2,0,15,0.7333333333333333
4527,12,0,2,1,0,15,0.8
4528,11,1,2,2,0,16,0.6875
4529,10,0,2,2,0,14,0.7142857142857143
4530,12,1,2,2,0,17,0.7058823529411765
4531,10,1,2,1,0,14,0.7142857142857143
4532,12,1,2,2,0,17,0.7058823529411765
4533,11,1,2,2,0,16,0.6875
4534,12,1,2,2,0,17,0.7058823529411765
4535,12,1,2,2,0,17,0.7058823529411765
4536,11,0,1,2,0,14,0.7857142857142857
4537,10,1,2,2,0,15,0.6666666666666666
4538,12,1,2,2,0,17,0.7058823529411765
4539,11,1,2,2,0,16,0.6875
4540,12,0,2,1,0,15,0.8
4541,11,0,2,2,0,15,0.7333333333333333
4542,12,1,1,2,0,16,0.75
4543,10,1,2,2,0,15,0.6666666666666666
4544,10,1,2,2,0,15,0.6666666666666666
4545,12,1,2,2,0,17,0.7058823529411765
4546,13,1,2,1,0,17,0.7647058823529411
4547,11,1,2,2,0,16,0.6875
4548,11,1,2,2,0,16,0.6875
4549,12,1,2,1,0,16,0.75
4550,11,1,2,1,0,15,0.7333333333333333
4551,13,1,2,1,0,17,0.7647058823529411
4552,11,1,2,1,0,15,0.7333333333333333
4553,13,2,2,1,0,18,0.7222222222222222
4554,11,1,2,1,0,15,0.7333333333333333
4555,10,1,2,1,0,14,0.7142857142857143
4556,12,2,2,1,0,17,0.7058823529411765
4557,14,3,2,1,0,20,0.7
4558,13,2,1,1,0,17,0.7647058823529411
4559,12,2,2,1,0,17,0.7058823529411765
4560,13,1,2,1,0,17,0.7647058823529411
4561,15,3,1,1,0,20,0.75
4562,9,1,2,1,0,13,0.6923076923076923
4563,14,1,2,1,0,18,0.7777777777777778
4564,14,1,2,1,0,18,0.7777777777777778
4565,11,1,2,1,0,15,0.7333333333333333
4566,12,1,2,1,0,16,0.75
4567,10,1,2,2,0,15,0.6666666666666666
4568,11,0,2,2,0,15,0.7333333333333333
4569,13,1,2,2,0,18,0.7222222222222222
4570,11,1,1,2,0,15,0.7333333333333333
4571,12,1,2,2,0,17,0.7058823529411765
4572,10,1,1,2,0,14,0.7142857142857143
4573,13,1,2,1,0,17,0.7647058823529411
4574,12,1,2,2,0,17,0.7058823529411765
4575,13,1,2,1,0,17,0.7647058823529411
4576,12,0,2,1,0,15,0.8
4577,12,1,2,1,0,16,0.75
4578,13,1,1,1,0,16,0.8125
4579,12,1,2,1,0,16,0.75
4580,12,1,2,1,0,16,0.75
4581,12,1,2,1,0,16,0.75
4582,13,0,2,1,0,16,0.8125
4583,12,1,2,1,0,16,0.75
4584,11,1,2,2,0,16,0.6875
4585,11,0,2,2,0,15,0.7333333333333333
4586,10,1,2,2,0,15,0.6666666666666666
4587,10,1,2,2,0,15,0.6666666666666666
4588,12,1,2,2,0,17,0.7058823529411765
4589,11,0,2,2,0,15,0.7333333333333333
4590,13,1,2,2,0,18,0.7222222222222222
4591,11,1,2,2,0,16,0.6875
4592,11,1,2,2,0,16,0.6875
4593,12,1,2,2,0,17,0.7058823529411765
4594,11,0,2,2,0,15,0.7333333333333333
4595,13,1,2,2,0,18,0.7222222222222222
4596,13,1,2,1,0,17,0.7647058823529411
4597,12,1,2,2,0,17,0.7058823529411765
4598,12,1,2,2,0,17,0.7058823529411765
4599,13,1,2,2,0,18,0.7222222222222222
4600,12,1,2,2,0,17,0.7058823529411765
4601,12,0,2,1,0,15,0.8
4602,12,0,2,2,0,16,0.75
4603,11,0,2,1,0,14,0.7857142857142857
4604,12,1,2,2,0,17,0.7058823529411765
4605,11,1,2,2,0,16,0.6875
4606,12,1,2,2,0,17,0.7058823529411765
4607,10,1,2,2,0,15,0.6666666666666666
4608,11,1,2,2,0,16,0.6875
4609,12,1,2,1,0,16,0.75
4610,12,1,2,2,0,17,0.7058823529411765
4611,11,1,2,2,0,16,0.6875
4612,13,1,2,2,0,18,0.7222222222222222
4613,11,0,2,2,0,15,0.7333333333333333
4614,11,1,2,2,0,16,0.6875
4615,10,1,2,2,0,15,0.6666666666666666
4616,12,1,2,1,0,16,0.75
4617,13,1,2,2,0,18,0.7222222222222222
4618,13,1,2,2,0,18,0.7222222222222222
4619,13,1,2,2,0,18,0.7222222222222222
4620,10,1,2,2,0,15,0.6666666666666666
4621,10,1,2,2,0,15,0.6666666666666666
4622,10,1,2,2,0,15,0.6666666666666666
4623,11,1,2,2,0,16,0.6875
4624,10,1,2,2,0,15,0.6666666666666666
4625,7,1,2,2,0,12,0.5833333333333334
4626,11,1,2,1,0,15,0.7333333333333333
4627,12,0,2,2,0,16,0.75
4628,12,1,2,2,0,17,0.7058823529411765
4629,11,1,2,2,0,16,0.6875
4630,13,1,2,2,0,18,0.7222222222222222
4631,10,1,2,2,0,15,0.6666666666666666
4632,13,1,2,2,0,18,0.7222222222222222
4633,13,1,1,1,0,16,0.8125
4634,11,1,2,2,0,16,0.6875
4635,12,1,2,2,0,17,0.7058823529411765
4636,12,1,2,2,0,17,0.7058823529411765
4637,13,1,2,2,0,18,0.7222222222222222
4638,12,1,2,2,0,17,0.7058823529411765
4639,9,1,2,1,0,13,0.6923076923076923
4640,12,0,2,2,0,16,0.75
4641,10,1,1,2,0,14,0.7142857142857143
4642,13,1,2,2,0,18,0.7222222222222222
4643,12,1,2,2,0,17,0.7058823529411765
4644,12,1,2,1,0,16,0.75
4645,12,1,2,2,0,17,0.7058823529411765
4646,12,0,2,2,0,16,0.75
4647,12,1,2,2,0,17,0.7058823529411765
4648,10,1,2,1,0,14,0.7142857142857143
4649,12,1,2,2,0,17,0.7058823529411765
4650,11,1,2,2,0,16,0.6875
4651,13,0,2,2,0,17,0.7647058823529411
4652,11,0,2,2,0,15,0.7333333333333333
4653,11,1,2,2,0,16,0.6875
4654,13,1,2,2,0,18,0.7222222222222222
4655,12,0,2,2,0,16,0.75
4656,13,0,2,1,0,16,0.8125
4657,13,1,2,2,0,18,0.7222222222222222
4658,13,1,2,1,0,17,0.7647058823529411
4659,12,1,2,2,0,17,0.7058823529411765
4660,13,1,2,2,0,18,0.7222222222222222
4661,11,1,2,2,0,16,0.6875
4662,10,1,2,2,0,15,0.6666666666666666
4663,11,1,2,2,0,16,0.6875
4664,10,0,2,2,0,14,0.7142857142857143
4665,12,0,2,2,0,16,0.75
4666,13,1,2,2,0,18,0.7222222222222222
4667,13,1,2,2,0,18,0.7222222222222222
4668,13,1,2,2,0,18,0.7222222222222222
4669,13,1,2,2,0,18,0.7222222222222222
4670,12,1,2,2,0,17,0.7058823529411765
4671,11,1,2,2,0,16,0.6875
4672,11,1,2,2,0,16,0.6875
4673,11,0,2,2,0,15,0.7333333333333333
4674,13,1,2,1,0,17,0.7647058823529411
4675,12,1,2,2,0,17,0.7058823529411765
4676,11,1,2,2,0,16,0.6875
4677,12,0,2,2,0,16,0.75
4678,12,1,2,2,0,17,0.7058823529411765
4679,11,1,2,2,0,16,0.6875
4680,12,1,2,2,0,17,0.7058823529411765
4681,11,1,2,2,0,16,0.6875
4682,12,1,2,2,0,17,0.7058823529411765
4683,12,1,2,2,0,17,0.7058823529411765
4684,12,1,2,2,0,17,0.7058823529411765
4685,12,1,2,2,0,17,0.7058823529411765
4686,13,1,2,2,0,18,0.7222222222222222
4687,13,1,2,2,0,18,0.7222222222222222
4688,13,0,1,2,0,16,0.8125
4689,10,1,2,2,0,15,0.6666666666666666
4690,12,1,2,2,0,17,0.7058823529411765
4691,12,1,2,2,0,17,0.7058823529411765
4692,10,1,2,2,0,15,0.6666666666666666
4693,13,1,2,2,0,18,0.7222222222222222
4694,10,1,2,2,0,15,0.6666666666666666
4695,11,1,2,2,0,16,0.6875
4696,12,0,2,2,0,16,0.75
4697,13,1,2,2,0,18,0.7222222222222222
4698,12,1,2,2,0,17,0.7058823529411765
4699,12,1,2,2,0,17,0.7058823529411765
4700,14,3,1,2,0,20,0.7
4701,13,3,2,2,0,20,0.65
4702,13,1,2,2,0,18,0.7222222222222222
4703,12,1,2,2,0,17,0.7058823529411765
4704,11,1,2,2,0,16,0.6875
4705,11,1,2,2,0,16,0.6875
4706,13,1,2,2,0,18,0.7222222222222222
4707,12,1,2,1,0,16,0.75
4708,13,1,2,2,0,18,0.7222222222222222
4709,12,1,2,2,0,17,0.7058823529411765
4710,12,1,2,2,0,17,0.7058823529411765
4711,11,1,2,2,0,16,0.6875
4712,12,1,2,2,0,17,0.7058823529411765
4713,11,1,2,2,0,16,0.6875
4714,14,3,1,2,0,20,0.7
4715,10,1,2,2,0,15,0.6666666666666666
4716,13,1,2,2,0,18,0.7222222222222222
4717,11,1,2,2,0,16,0.6875
4718,13,1,1,2,0,17,0.7647058823529411
4719,11,1,0,2,0,14,0.7857142857142857
4720,12,1,2,2,0,17,0.7058823529411765
4721,12,1,2,2,0,17,0.7058823529411765
4722,11,1,2,1,0,15,0.7333333333333333
4723,13,1,2,2,0,18,0.7222222222222222
4724,12,1,2,2,0,17,0.7058823529411765
4725,12,1,2,2,0,17,0.7058823529411765
4726,14,1,2,2,0,19,0.7368421052631579
4727,12,1,2,1,0,16,0.75
4728,12,1,2,2,0,17,0.7058823529411765
4729,11,1,2,2,0,16,0.6875
4730,13,0,2,2,0,17,0.7647058823529411
4731,11,1,2,2,0,16,0.6875
4732,10,1,2,2,0,15,0.6666666666666666
4733,11,1,2,2,0,16,0.6875
4734,13,0,2,2,0,17,0.7647058823529411
4735,13,1,2,2,0,18,0.7222222222222222
4736,13,1,2,2,0,18,0.7222222222222222
4737,12,0,2,2,0,16,0.75
4738,12,1,2,2,0,17,0.7058823529411765
4739,10,1,2,2,0,15,0.6666666666666666
4740,11,0,2,2,0,15,0.7333333333333333
4741,13,1,2,1,0,17,0.7647058823529411
4742,12,1,2,2,0,17,0.7058823529411765
4743,13,1,2,2,0,18,0.7222222222222222
4744,13,1,3,2,0,19,0.6842105263157895
4745,11,1,2,2,0,16,0.6875
4746,13,1,2,2,0,18,0.7222222222222222
4747,10,1,2,2,0,15,0.6666666666666666
4748,13,1,2,2,0,18,0.7222222222222222
4749,12,1,2,2,0,17,0.7058823529411765
4750,11,1,2,2,0,16,0.6875
4751,10,1,2,2,0,15,0.6666666666666666
4752,12,1,2,1,0,16,0.75
4753,12,1,2,2,0,17,0.7058823529411765
4754,11,0,2,2,0,15,0.7333333333333333
4755,11,1,2,2,0,16,0.6875
4756,13,1,2,2,0,18,0.7222222222222222
4757,12,1,2,2,0,17,0.7058823529411765
4758,12,1,1,2,0,16,0.75
4759,13,0,2,1,0,16,0.8125
4760,10,1,2,1,0,14,0.7142857142857143
4761,13,1,2,2,0,18,0.7222222222222222
4762,13,0,2,1,0,16,0.8125
4763,9,1,2,2,0,14,0.6428571428571429
4764,11,1,2,2,0,16,0.6875
4765,12,1,2,2,0,17,0.7058823529411765
4766,13,0,2,2,0,17,0.7647058823529411
4767,12,1,2,2,0,17,0.7058823529411765
4768,13,1,2,2,0,18,0.7222222222222222
4769,12,1,2,2,0,17,0.7058823529411765
4770,13,1,2,1,0,17,0.7647058823529411
4771,12,1,2,2,0,17,0.7058823529411765
4772,10,1,2,2,0,15,0.6666666666666666
4773,12,1,1,1,0,15,0.8
4774,9,1,2,1,0,13,0.6923076923076923
4775,10,1,2,2,0,15,0.6666666666666666
4776,12,1,2,2,0,17,0.7058823529411765
4777,12,1,1,2,0,16,0.75
4778,12,1,1,2,0,16,0.75
4779,11,1,2,2,0,16,0.6875
4780,13,1,2,2,0,18,0.7222222222222222
4781,13,1,2,2,0,18,0.7222222222222222
4782,13,0,2,2,0,17,0.7647058823529411
4783,13,1,2,1,0,17,0.7647058823529411
4784,12,1,2,2,0,17,0.7058823529411765
4785,13,0,2,2,0,17,0.7647058823529411
4786,13,1,2,2,0,18,0.7222222222222222
4787,13,1,2,1,0,17,0.7647058823529411
4788,12,1,2,2,0,17,0.7058823529411765
4789,12,1,2,2,0,17,0.7058823529411765
4790,12,1,2,2,0,17,0.7058823529411765
4791,13,1,2,2,0,18,0.7222222222222222
4792,12,0,2,2,0,16,0.75
4793,12,1,2,1,0,16,0.75
4794,11,1,2,2,0,16,0.6875
4795,12,1,2,2,0,17,0.7058823529411765
4796,13,1,2,2,0,18,0.7222222222222222
4797,12,1,2,2,0,17,0.7058823529411765
4798,12,1,2,2,0,17,0.7058823529411765
4799,13,1,2,2,0,18,0.7222222222222222
4800,11,0,2,1,0,14,0.7857142857142857
4801,12,0,2,2,0,16,0.75
4802,12,0,2,2,0,16,0.75
4803,11,1,2,2,0,16,0.6875
4804,12,1,2,2,0,17,0.7058823529411765
4805,11,1,2,2,0,16,0.6875
4806,11,1,2,2,0,16,0.6875
4807,13,1,2,2,0,18,0.7222222222222222
4808,13,0,2,2,0,17,0.7647058823529411
4809,11,1,2,2,0,16,0.6875
4810,13,1,2,2,0,18,0.7222222222222222
4811,12,1,2,2,0,17,0.7058823529411765
4812,12,1,2,2,0,17,0.7058823529411765
4813,11,1,2,2,0,16,0.6875
4814,13,1,2,2,0,18,0.7222222222222222
4815,11,1,2,2,0,16,0.6875
4816,13,1,2,2,0,18,0.7222222222222222
4817,13,1,2,2,0,18,0.7222222222222222
4818,12,1,1,2,0,16,0.75
4819,13,1,2,3,0,19,0.6842105263157895
4820,12,1,1,2,0,16,0.75
4821,12,1,2,2,0,17,0.7058823529411765
4822,12,1,1,2,0,16,0.75
4823,13,1,2,2,0,18,0.7222222222222222
4824,12,1,2,2,0,17,0.7058823529411765
4825,13,1,2,2,0,18,0.7222222222222222
4826,12,1,1,2,0,16,0.75
4827,13,1,2,2,0,18,0.7222222222222222
4828,11,1,2,2,0,16,0.6875
4829,12,1,2,2,0,17,0.7058823529411765
4830,11,1,2,2,0,16,0.6875
4831,13,1,2,2,0,18,0.7222222222222222
4832,13,1,2,2,0,18,0.7222222222222222
4833,12,1,2,2,0,17,0.7058823529411765
4834,13,1,2,2,0,18,0.7222222222222222
4835,13,1,2,2,0,18,0.7222222222222222
4836,13,1,2,2,0,18,0.7222222222222222
4837,12,1,2,2,0,17,0.7058823529411765
4838,13,1,2,2,0,18,0.7222222222222222
4839,11,1,2,2,0,16,0.6875
4840,12,1,2,2,0,17,0.7058823529411765
4841,13,1,2,1,0,17,0.7647058823529411
4842,12,1,2,2,0,17,0.7058823529411765
4843,12,1,2,2,0,17,0.7058823529411765
4844,12,1,2,2,0,17,0.7058823529411765
4845,15,1,2,2,0,20,0.75
4846,12,1,2,2,0,17,0.7058823529411765
4847,11,0,2,2,0,15,0.7333333333333333
4848,13,1,2,2,0,18,0.7222222222222222
4849,12,1,1,2,0,16,0.75
4850,12,1,2,2,0,17,0.7058823529411765
4851,12,1,2,2,0,17,0.7058823529411765
4852,12,1,2,2,0,17,0.7058823529411765
4853,11,1,1,2,0,15,0.7333333333333333
4854,11,1,2,2,0,16,0.6875
4855,13,1,2,2,0,18,0.7222222222222222
4856,12,1,2,2,0,17,0.7058823529411765
4857,12,1,2,2,0,17,0.7058823529411765
4858,13,1,2,2,0,18,0.7222222222222222
4859,12,1,2,2,0,17,0.7058823529411765
4860,13,1,2,1,0,17,0.7647058823529411
4861,13,0,2,1,0,16,0.8125
4862,11,1,2,2,0,16,0.6875
4863,12,1,2,2,0,17,0.7058823529411765
4864,12,1,2,2,0,17,0.7058823529411765
4865,12,1,2,2,0,17,0.7058823529411765
4866,12,1,2,2,0,17,0.7058823529411765
4867,13,0,2,2,0,17,0.7647058823529411
4868,14,0,2,2,0,18,0.7777777777777778
4869,14,1,2,2,0,19,0.7368421052631579
4870,11,1,2,2,0,16,0.6875
4871,12,1,2,2,0,17,0.7058823529411765
4872,12,1,2,1,0,16,0.75
4873,12,1,2,2,0,17,0.7058823529411765
4874,10,1,2,2,0,15,0.6666666666666666
4875,13,1,2,2,0,18,0.7222222222222222
4876,12,1,2,2,0,17,0.7058823529411765
4877,13,1,2,2,0,18,0.7222222222222222
4878,13,1,2,2,0,18,0.7222222222222222
4879,13,1,2,2,0,18,0.7222222222222222
4880,13,1,2,2,0,18,0.7222222222222222
4881,13,1,2,2,0,18,0.7222222222222222
4882,10,1,2,2,0,15,0.6666666666666666
4883,13,1,2,1,0,17,0.7647058823529411
4884,12,1,2,2,0,17,0.7058823529411765
4885,11,1,2,1,0,15,0.7333333333333333
4886,13,1,2,1,0,17,0.7647058823529411
4887,11,1,2,1,0,15,0.7333333333333333
4888,11,1,2,2,0,16,0.6875
4889,13,0,2,2,0,17,0.7647058823529411
4890,12,1,2,1,0,16,0.75
4891,12,1,2,2,0,17,0.7058823529411765
4892,12,1,2,1,0,16,0.75
4893,12,1,2,2,0,17,0.7058823529411765
4894,12,1,2,2,0,17,0.7058823529411765
4895,13,1,2,2,0,18,0.7222222222222222
4896,13,0,2,2,0,17,0.7647058823529411
4897,13,1,2,2,0,18,0.7222222222222222
4898,11,1,2,1,0,15,0.7333333333333333
4899,11,1,2,2,0,16,0.6875
4900,12,1,2,2,0,17,0.7058823529411765
4901,11,1,2,2,0,16,0.6875
4902,12,1,2,2,0,17,0.7058823529411765
4903,12,1,2,2,0,17,0.7058823529411765
4904,13,1,2,2,0,18,0.7222222222222222
4905,12,1,2,2,0,17,0.7058823529411765
4906,11,1,2,1,0,15,0.7333333333333333
4907,11,1,2,2,0,16,0.6875
4908,13,1,2,2,0,18,0.7222222222222222
4909,11,1,2,2,0,16,0.6875
4910,13,1,2,1,0,17,0.7647058823529411
4911,12,1,2,2,0,17,0.7058823529411765
4912,10,1,2,2,0,15,0.6666666666666666
4913,12,1,2,1,0,16,0.75
4914,13,1,2,2,0,18,0.7222222222222222
4915,13,1,2,2,0,18,0.7222222222222222
4916,13,1,2,2,0,18,0.7222222222222222
4917,11,1,2,1,0,15,0.7333333333333333
4918,12,1,2,1,0,16,0.75
4919,13,1,2,2,0,18,0.7222222222222222
4920,13,0,2,1,0,16,0.8125
4921,13,1,2,2,0,18,0.7222222222222222
4922,11,0,2,2,0,15,0.7333333333333333
4923,13,0,2,2,0,17,0.7647058823529411
4924,12,0,2,2,0,16,0.75
4925,12,0,2,2,0,16,0.75
4926,13,0,2,1,0,16,0.8125
4927,11,0,2,2,0,15,0.7333333333333333
4928,12,0,2,1,0,15,0.8
4929,11,1,2,2,0,16,0.6875
4930,11,1,2,2,0,16,0.6875
4931,13,1,2,2,0,18,0.7222222222222222
4932,11,1,2,2,0,16,0.6875
4933,13,1,2,2,0,18,0.7222222222222222
4934,10,1,2,2,0,15,0.6666666666666666
4935,10,1,2,2,0,15,0.6666666666666666
4936,13,1,2,2,0,18,0.7222222222222222
4937,12,1,2,2,0,17,0.7058823529411765
4938,11,1,2,1,0,15,0.7333333333333333
4939,9,1,2,2,0,14,0.6428571428571429
4940,11,1,1,1,0,14,0.7857142857142857
4941,11,1,2,2,0,16,0.6875
4942,12,1,1,1,0,15,0.8
4943,11,1,2,1,0,15,0.7333333333333333
4944,11,1,2,1,0,15,0.7333333333333333
4945,12,1,3,2,0,18,0.6666666666666666
4946,13,1,2,1,0,17,0.7647058823529411
4947,10,1,2,2,0,15,0.6666666666666666
4948,12,1,3,1,0,17,0.7058823529411765
4949,12,1,2,2,0,17,0.7058823529411765
4950,13,1,2,1,0,17,0.7647058823529411
4951,12,0,2,2,0,16,0.75
4952,12,1,2,2,0,17,0.7058823529411765
4953,13,1,2,1,0,17,0.7647058823529411
4954,12,1,2,2,0,17,0.7058823529411765
4955,13,1,2,2,0,18,0.7222222222222222
4956,12,1,2,1,0,16,0.75
4957,13,1,2,1,0,17,0.7647058823529411
4958,13,1,2,1,0,17,0.7647058823529411
4959,11,0,2,2,0,15,0.7333333333333333
4960,11,1,2,2,0,16,0.6875
4961,11,1,2,1,0,15,0.7333333333333333
4962,13,1,2,2,0,18,0.7222222222222222
4963,13,1,2,2,0,18,0.7222222222222222
4964,13,1,1,2,0,17,0.7647058823529411
4965,13,1,2,2,0,18,0.7222222222222222
4966,12,1,2,2,0,17,0.7058823529411765
4967,13,1,2,2,0,18,0.7222222222222222
4968,11,1,2,2,0,16,0.6875
4969,11,1,2,2,0,16,0.6875
4970,13,1,2,2,0,18,0.7222222222222222
4971,11,0,2,2,0,15,0.7333333333333333
4972,11,1,2,3,0,17,0.6470588235294118
4973,12,1,2,2,0,17,0.7058823529411765
4974,13,0,2,2,0,17,0.7647058823529411
4975,12,1,2,2,0,17,0.7058823529411765
4976,11,1,2,2,0,16,0.6875
4977,13,1,2,2,0,18,0.7222222222222222
4978,12,1,2,1,0,16,0.75
4979,12,1,2,2,0,17,0.7058823529411765
4980,12,1,2,2,0,17,0.7058823529411765
4981,13,1,2,2,0,18,0.7222222222222222
4982,13,0,2,2,0,17,0.7647058823529411
4983,13,1,2,2,0,18,0.7222222222222222
4984,12,1,2,2,0,17,0.7058823529411765
4985,11,1,1,1,0,14,0.7857142857142857
4986,13,1,2,1,0,17,0.7647058823529411
4987,12,1,2,2,0,17,0.7058823529411765
4988,11,1,2,1,0,15,0.7333333333333333
4989,11,1,2,2,0,16,0.6875
4990,12,1,2,2,0,17,0.7058823529411765
4991,12,1,2,2,0,17,0.7058823529411765
4992,13,0,2,2,0,17,0.7647058823529411
4993,12,1,2,2,0,17,0.7058823529411765
4994,11,1,2,2,0,16,0.6875
4995,10,1,2,1,0,14,0.7142857142857143
4996,11,1,2,2,0,16,0.6875
4997,12,1,2,2,0,17,0.7058823529411765
4998,12,1,2,2,0,17,0.7058823529411765
4999,13,1,2,2,0,18,0.7222222222222222
5000,12,0,2,2,0,16,0.75
5001,13,1,2,2,0,18,0.7222222222222222
5002,12,1,2,1,0,16,0.75
5003,12,1,2,2,0,17,0.7058823529411765
5004,11,1,2,2,0,16,0.6875
5005,13,1,2,2,0,18,0.7222222222222222
5006,13,0,2,2,0,17,0.7647058823529411
5007,11,1,1,2,0,15,0.7333333333333333
5008,11,1,2,2,0,16,0.6875
5009,12,1,2,2,0,17,0.7058823529411765
5010,13,0,2,2,0,17,0.7647058823529411
5011,13,1,2,2,0,18,0.7222222222222222
5012,13,1,2,2,0,18,0.7222222222222222
5013,13,1,2,2,0,18,0.7222222222222222
5014,12,1,2,2,0,17,0.7058823529411765
5015,12,1,2,2,0,17,0.7058823529411765
5016,12,1,2,2,0,17,0.7058823529411765
5017,13,1,2,2,0,18,0.7222222222222222
5018,12,1,2,2,0,17,0.7058823529411765
5019,12,1,2,2,0,17,0.7058823529411765
5020,12,1,2,2,0,17,0.7058823529411765
5021,12,1,2,1,0,16,0.75
5022,12,1,2,2,0,17,0.7058823529411765
5023,13,1,2,2,0,18,0.7222222222222222
5024,12,1,2,2,0,17,0.7058823529411765
5025,14,1,2,2,0,19,0.7368421052631579
5026,11,1,2,2,0,16,0.6875
5027,12,1,2,2,0,17,0.7058823529411765
5028,13,1,2,2,0,18,0.7222222222222222
5029,12,1,2,2,0,17,0.7058823529411765
5030,14,1,2,3,0,20,0.7
5031,12,1,2,2,0,17,0.7058823529411765
5032,12,1,1,2,0,16,0.75
5033,11,1,2,2,0,16,0.6875
5034,12,1,2,2,0,17,0.7058823529411765
5035,13,1,2,1,0,17,0.7647058823529411
5036,13,1,2,2,0,18,0.7222222222222222
5037,11,1,2,2,0,16,0.6875
5038,14,1,2,2,0,19,0.7368421052631579
5039,12,1,2,1,0,16,0.75
5040,12,1,2,2,0,17,0.7058823529411765
5041,13,1,2,2,0,18,0.7222222222222222
5042,12,1,2,2,0,17,0.7058823529411765
5043,13,1,2,2,0,18,0.7222222222222222
5044,12,1,2,2,0,17,0.7058823529411765
5045,12,1,2,2,0,17,0.7058823529411765
5046,13,1,2,2,0,18,0.7222222222222222
5047,12,1,2,2,0,17,0.7058823529411765
5048,13,1,2,1,0,17,0.7647058823529411
5049,13,1,2,1,0,17,0.7647058823529411
5050,13,1,2,2,0,18,0.7222222222222222
5051,13,1,2,1,0,17,0.7647058823529411
5052,13,1,2,1,0,17,0.7647058823529411
5053,11,1,2,2,0,16,0.6875
5054,11,1,2,1,0,15,0.7333333333333333
5055,12,1,2,1,0,16,0.75
5056,10,1,2,2,0,15,0.6666666666666666
5057,12,1,2,2,0,17,0.7058823529411765
5058,12,1,2,2,0,17,0.7058823529411765
5059,13,1,2,1,0,17,0.7647058823529411
5060,12,1,2,2,0,17,0.7058823529411765
5061,12,1,2,1,0,16,0.75
5062,13,1,2,1,0,17,0.7647058823529411
5063,13,1,2,2,0,18,0.7222222222222222
5064,11,1,2,1,0,15,0.7333333333333333
5065,13,1,2,2,0,18,0.7222222222222222
5066,13,1,2,2,0,18,0.7222222222222222
5067,13,1,2,2,0,18,0.7222222222222222
5068,12,1,2,2,0,17,0.7058823529411765
5069,13,1,2,2,0,18,0.7222222222222222
5070,11,1,2,2,0,16,0.6875
5071,12,1,2,2,0,17,0.7058823529411765
5072,12,1,2,2,0,17,0.7058823529411765
5073,13,1,2,1,0,17,0.7647058823529411
5074,12,1,2,2,0,17,0.7058823529411765
5075,12,1,2,2,0,17,0.7058823529411765
5076,12,1,2,2,0,17,0.7058823529411765
5077,11,1,2,2,0,16,0.6875
5078,12,1,2,2,0,17,0.7058823529411765
5079,11,1,2,2,0,16,0.6875
5080,12,1,2,2,0,17,0.7058823529411765
5081,13,1,1,1,0,16,0.8125
5082,13,1,2,2,0,18,0.7222222222222222
5083,13,1,2,1,0,17,0.7647058823529411
5084,12,1,2,2,0,17,0.7058823529411765
5085,12,1,2,2,0,17,0.7058823529411765
5086,13,1,2,1,0,17,0.7647058823529411
5087,12,1,2,1,0,16,0.75
5088,13,1,2,1,0,17,0.7647058823529411
5089,13,1,2,1,0,17,0.7647058823529411
5090,13,1,2,1,0,17,0.7647058823529411
5091,11,1,2,1,0,15,0.7333333333333333
5092,13,1,1,1,0,16,0.8125
5093,12,1,2,1,0,16,0.75
5094,12,1,2,2,0,17,0.7058823529411765
5095,13,0,2,2,0,17,0.7647058823529411
5096,13,1,2,2,0,18,0.7222222222222222
5097,12,1,2,1,0,16,0.75
5098,13,1,2,2,0,18,0.7222222222222222
5099,13,1,2,2,0,18,0.7222222222222222
5100,13,1,2,2,0,18,0.7222222222222222
5101,13,1,2,2,0,18,0.7222222222222222
5102,11,1,2,2,0,16,0.6875
5103,12,1,2,1,0,16,0.75
5104,14,2,2,2,0,20,0.7
5105,12,1,2,2,0,17,0.7058823529411765
5106,11,1,2,2,0,16,0.6875
5107,12,1,2,2,0,17,0.7058823529411765
5108,13,0,2,2,0,17,0.7647058823529411
5109,12,1,2,2,0,17,0.7058823529411765
5110,13,1,2,2,0,18,0.7222222222222222
5111,11,0,2,1,0,14,0.7857142857142857
5112,12,1,2,1,0,16,0.75
5113,13,1,2,1,0,17,0.7647058823529411
5114,13,1,2,1,0,17,0.7647058823529411
5115,11,1,2,2,0,16,0.6875
5116,12,0,2,2,0,16,0.75
5117,13,1,2,2,0,18,0.7222222222222222
5118,12,1,2,2,0,17,0.7058823529411765
5119,13,0,2,1,0,16,0.8125
5120,12,1,2,2,0,17,0.7058823529411765
5121,13,1,2,1,0,17,0.7647058823529411
5122,12,1,2,2,0,17,0.7058823529411765
5123,11,1,2,1,0,15,0.7333333333333333
5124,11,1,2,1,0,15,0.7333333333333333
5125,12,1,2,2,0,17,0.7058823529411765
5126,11,1,2,1,0,15,0.7333333333333333
5127,12,1,2,1,0,16,0.75
5128,13,1,2,2,0,18,0.7222222222222222
5129,11,1,2,2,0,16,0.6875
5130,12,1,2,2,0,17,0.7058823529411765
5131,12,1,2,2,0,17,0.7058823529411765
5132,12,1,2,1,0,16,0.75
5133,13,0,2,1,0,16,0.8125
5134,12,1,2,2,0,17,0.7058823529411765
5135,12,1,2,2,0,17,0.7058823529411765
5136,13,1,1,2,0,17,0.7647058823529411
5137,10,1,2,1,0,14,0.7142857142857143
5138,13,0,2,1,0,16,0.8125
5139,11,1,2,2,0,16,0.6875
5140,12,1,2,1,0,16,0.75
5141,13,1,2,2,0,18,0.7222222222222222
5142,13,1,2,2,0,18,0.7222222222222222
5143,11,1,2,2,0,16,0.6875
5144,13,1,2,2,0,18,0.7222222222222222
5145,13,1,2,1,0,17,0.7647058823529411
5146,11,1,2,2,0,16,0.6875
5147,12,1,2,1,0,16,0.75
5148,12,1,2,2,0,17,0.7058823529411765
5149,11,1,2,2,0,16,0.6875
5150,12,1,2,2,0,17,0.7058823529411765
5151,12,1,2,1,0,16,0.75
5152,12,1,2,1,0,16,0.75
5153,11,1,2,2,0,16,0.6875
5154,12,1,2,2,0,17,0.7058823529411765
5155,13,1,2,2,0,18,0.7222222222222222
5156,13,1,1,2,0,17,0.7647058823529411
5157,11,1,2,2,0,16,0.6875
5158,13,1,2,2,0,18,0.7222222222222222
5159,13,1,2,2,0,18,0.7222222222222222
5160,10,1,2,2,0,15,0.6666666666666666
5161,11,1,2,2,0,16,0.6875
5162,12,1,2,2,0,17,0.7058823529411765
5163,11,1,2,2,0,16,0.6875
5164,13,1,2,2,0,18,0.7222222222222222
5165,12,1,2,3,0,18,0.6666666666666666
5166,13,1,1,2,0,17,0.7647058823529411
5167,10,1,2,1,0,14,0.7142857142857143
5168,12,1,2,1,0,16,0.75
5169,13,1,2,1,0,17,0.7647058823529411
5170,11,1,2,2,0,16,0.6875
5171,11,1,2,1,0,15,0.7333333333333333
5172,11,1,1,2,0,15,0.7333333333333333
5173,13,1,2,1,0,17,0.7647058823529411
5174,12,1,2,2,0,17,0.7058823529411765
5175,12,1,2,2,0,17,0.7058823529411765
5176,12,1,2,2,0,17,0.7058823529411765
5177,13,1,2,2,0,18,0.7222222222222222
5178,13,0,2,2,0,17,0.7647058823529411
5179,9,1,2,1,0,13,0.6923076923076923
5180,13,1,1,2,0,17,0.7647058823529411
5181,13,1,2,2,0,18,0.7222222222222222
5182,13,1,2,2,0,18,0.7222222222222222
5183,12,1,2,1,0,16,0.75
5184,12,1,2,2,0,17,0.7058823529411765
5185,13,1,2,2,0,18,0.7222222222222222
5186,12,1,2,2,0,17,0.7058823529411765
5187,11,1,2,2,0,16,0.6875
5188,11,1,2,2,0,16,0.6875
5189,11,1,2,2,0,16,0.6875
5190,13,1,2,1,0,17,0.7647058823529411
5191,13,1,2,1,0,17,0.7647058823529411
5192,11,1,2,1,0,15,0.7333333333333333
5193,12,0,1,2,0,15,0.8
5194,13,1,2,2,0,18,0.7222222222222222
5195,12,1,2,2,0,17,0.7058823529411765
5196,14,1,2,2,0,19,0.7368421052631579
5197,13,1,2,2,0,18,0.7222222222222222
5198,11,1,2,2,0,16,0.6875
5199,13,1,2,2,0,18,0.7222222222222222
5200,12,1,2,2,0,17,0.7058823529411765
5201,11,0,2,2,0,15,0.7333333333333333
5202,11,1,2,2,0,16,0.6875
5203,12,0,2,2,0,16,0.75
5204,12,1,1,2,0,16,0.75
5205,8,1,2,2,0,13,0.6153846153846154
5206,10,1,2,2,0,15,0.6666666666666666
5207,13,1,2,2,0,18,0.7222222222222222
5208,9,1,2,2,0,14,0.6428571428571429
5209,11,1,2,2,0,16,0.6875
5210,11,1,2,1,0,15,0.7333333333333333
5211,13,1,2,1,0,17,0.7647058823529411
5212,12,1,2,1,0,16,0.75
5213,13,1,2,1,0,17,0.7647058823529411
5214,11,1,2,2,0,16,0.6875
5215,12,1,1,2,0,16,0.75
5216,12,1,2,2,0,17,0.7058823529411765
5217,11,0,2,2,0,15,0.7333333333333333
5218,9,1,2,1,0,13,0.6923076923076923
5219,12,1,1,1,0,15,0.8
5220,12,1,2,2,0,17,0.7058823529411765
5221,12,1,2,2,0,17,0.7058823529411765
5222,10,1,2,1,0,14,0.7142857142857143
5223,11,1,2,2,0,16,0.6875
5224,13,0,2,2,0,17,0.7647058823529411
5225,12,1,2,2,0,17,0.7058823529411765
5226,13,1,2,2,0,18,0.7222222222222222
5227,12,1,2,2,0,17,0.7058823529411765
5228,12,1,2,1,0,16,0.75
5229,12,1,2,2,0,17,0.7058823529411765
5230,10,1,2,2,0,15,0.6666666666666666
5231,11,1,2,1,0,15,0.7333333333333333
5232,12,1,2,1,0,16,0.75
5233,12,1,2,1,0,16,0.75
5234,11,1,2,1,0,15,0.7333333333333333
5235,13,1,2,2,0,18,0.7222222222222222
5236,13,1,2,1,0,17,0.7647058823529411
5237,11,1,2,2,0,16,0.6875
5238,12,1,2,2,0,17,0.7058823529411765
5239,11,1,2,2,0,16,0.6875
5240,13,1,2,2,0,18,0.7222222222222222
5241,10,1,2,2,0,15,0.6666666666666666
5242,12,1,2,1,0,16,0.75
5243,11,1,2,1,0,15,0.7333333333333333
5244,13,1,2,1,0,17,0.7647058823529411
5245,11,1,1,2,0,15,0.7333333333333333
5246,11,1,2,2,0,16,0.6875
5247,12,1,2,2,0,17,0.7058823529411765
5248,11,1,2,2,0,16,0.6875
5249,11,1,2,2,0,16,0.6875
5250,12,1,2,1,0,16,0.75
5251,12,1,2,2,0,17,0.7058823529411765
5252,11,1,2,2,0,16,0.6875
5253,12,0,2,2,0,16,0.75
5254,12,1,2,1,0,16,0.75
5255,13,1,2,2,0,18,0.7222222222222222
5256,11,1,2,2,0,16,0.6875
5257,11,1,1,2,0,15,0.7333333333333333
5258,10,1,2,2,0,15,0.6666666666666666
5259,11,1,2,2,0,16,0.6875
5260,12,1,2,2,0,17,0.7058823529411765
5261,12,1,2,2,0,17,0.7058823529411765
5262,12,1,2,2,0,17,0.7058823529411765
5263,13,1,2,1,0,17,0.7647058823529411
5264,12,1,2,2,0,17,0.7058823529411765
5265,13,1,2,2,0,18,0.7222222222222222
5266,12,1,2,2,0,17,0.7058823529411765
5267,13,0,2,2,0,17,0.7647058823529411
5268,11,1,1,2,0,15,0.7333333333333333
5269,13,1,2,2,0,18,0.7222222222222222
5270,13,1,2,2,0,18,0.7222222222222222
5271,12,1,1,2,0,16,0.75
5272,13,1,2,2,0,18,0.7222222222222222
5273,13,1,2,2,0,18,0.7222222222222222
5274,11,1,2,2,0,16,0.6875
5275,13,1,2,2,0,18,0.7222222222222222
5276,10,1,2,2,0,15,0.6666666666666666
5277,12,1,2,2,0,17,0.7058823529411765
5278,13,1,2,2,0,18,0.7222222222222222
5279,12,0,2,1,0,15,0.8
5280,10,1,2,2,0,15,0.6666666666666666
5281,12,0,2,2,0,16,0.75
5282,12,0,2,2,0,16,0.75
5283,12,1,2,2,0,17,0.7058823529411765
5284,13,1,2,2,0,18,0.7222222222222222
5285,11,1,2,1,0,15,0.7333333333333333
5286,13,1,2,2,0,18,0.7222222222222222
5287,13,1,2,1,0,17,0.7647058823529411
5288,13,1,2,2,0,18,0.7222222222222222
5289,13,1,2,2,0,18,0.7222222222222222
5290,11,1,2,2,0,16,0.6875
5291,13,1,2,2,0,18,0.7222222222222222
5292,12,0,2,2,0,16,0.75
5293,11,1,2,2,0,16,0.6875
5294,13,1,1,2,0,17,0.7647058823529411
5295,11,1,2,2,0,16,0.6875
5296,13,1,2,2,0,18,0.7222222222222222
5297,12,0,2,2,0,16,0.75
5298,11,1,2,2,0,16,0.6875
5299,12,1,2,2,0,17,0.7058823529411765
5300,12,1,2,2,0,17,0.7058823529411765
5301,12,1,2,2,0,17,0.7058823529411765
5302,13,1,2,2,0,18,0.7222222222222222
5303,13,1,2,2,0,18,0.7222222222222222
5304,13,1,2,2,0,18,0.7222222222222222
5305,12,1,2,2,0,17,0.7058823529411765
5306,10,1,2,2,0,15,0.6666666666666666
5307,11,1,2,2,0,16,0.6875
5308,13,1,2,2,0,18,0.7222222222222222
5309,13,1,2,2,0,18,0.7222222222222222
5310,11,1,2,2,0,16,0.6875
5311,13,1,2,1,0,17,0.7647058823529411
5312,13,1,2,2,0,18,0.7222222222222222
5313,13,1,2,2,0,18,0.7222222222222222
5314,13,1,2,2,0,18,0.7222222222222222
5315,11,1,2,2,0,16,0.6875
5316,13,1,2,2,0,18,0.7222222222222222
5317,11,1,2,2,0,16,0.6875
5318,13,1,2,2,0,18,0.7222222222222222
5319,12,1,2,1,0,16,0.75
5320,13,1,2,1,0,17,0.7647058823529411
5321,12,1,2,1,0,16,0.75
5322,13,1,2,2,0,18,0.7222222222222222
5323,12,1,2,1,0,16,0.75
5324,12,1,2,1,0,16,0.75
5325,12,1,2,1,0,16,0.75
5326,12,1,2,2,0,17,0.7058823529411765
5327,11,1,2,2,0,16,0.6875
5328,10,1,2,2,0,15,0.6666666666666666
5329,13,1,2,2,0,18,0.7222222222222222
5330,11,1,2,2,0,16,0.6875
5331,13,1,2,2,0,18,0.7222222222222222
5332,12,1,2,1,0,16,0.75
5333,11,1,2,2,0,16,0.6875
5334,12,1,2,2,0,17,0.7058823529411765
5335,12,1,2,2,0,17,0.7058823529411765
5336,12,1,2,2,0,17,0.7058823529411765
5337,13,1,2,2,0,18,0.7222222222222222
5338,13,1,2,2,0,18,0.7222222222222222
5339,11,0,1,2,0,14,0.7857142857142857
5340,11,0,2,2,0,15,0.7333333333333333
5341,10,1,2,2,0,15,0.6666666666666666
5342,13,1,1,2,0,17,0.7647058823529411
5343,11,1,2,2,0,16,0.6875
5344,11,1,2,1,0,15,0.7333333333333333
5345,13,1,2,2,0,18,0.7222222222222222
5346,12,1,2,2,0,17,0.7058823529411765
5347,12,1,1,2,0,16,0.75
5348,12,1,2,2,0,17,0.7058823529411765
5349,10,1,2,2,0,15,0.6666666666666666
5350,11,0,2,2,0,15,0.7333333333333333
5351,12,1,2,2,0,17,0.7058823529411765
5352,12,1,2,2,0,17,0.7058823529411765
5353,10,1,2,1,0,14,0.7142857142857143
5354,12,1,2,2,0,17,0.7058823529411765
5355,12,1,2,2,0,17,0.7058823529411765
5356,12,1,2,2,0,17,0.7058823529411765
5357,11,1,2,2,0,16,0.6875
5358,11,1,1,2,0,15,0.7333333333333333
5359,13,1,2,1,0,17,0.7647058823529411
5360,12,1,2,1,0,16,0.75
5361,10,1,2,1,0,14,0.7142857142857143
5362,12,1,2,2,0,17,0.7058823529411765
5363,11,1,2,2,0,16,0.6875
5364,13,0,2,2,0,17,0.7647058823529411
5365,12,1,2,2,0,17,0.7058823529411765
5366,10,1,2,1,0,14,0.7142857142857143
5367,11,1,2,2,0,16,0.6875
5368,12,1,2,1,0,16,0.75
5369,13,0,2,1,0,16,0.8125
5370,12,0,2,2,0,16,0.75
5371,13,1,2,2,0,18,0.7222222222222222
5372,13,1,2,2,0,18,0.7222222222222222
5373,11,1,2,2,0,16,0.6875
5374,11,1,2,2,0,16,0.6875
5375,9,1,2,2,0,14,0.6428571428571429
5376,12,1,2,2,0,17,0.7058823529411765
5377,13,1,2,2,0,18,0.7222222222222222
5378,11,1,2,2,0,16,0.6875
5379,12,1,2,2,0,17,0.7058823529411765
5380,11,1,2,2,0,16,0.6875
5381,12,1,2,2,0,17,0.7058823529411765
5382,12,1,2,1,0,16,0.75
5383,11,1,2,2,0,16,0.6875
5384,13,1,2,2,0,18,0.7222222222222222
5385,11,1,2,2,0,16,0.6875
5386,13,1,2,2,0,18,0.7222222222222222
5387,12,1,2,2,0,17,0.7058823529411765
5388,11,1,2,2,0,16,0.6875
5389,12,1,2,2,0,17,0.7058823529411765
5390,12,1,2,1,0,16,0.75
5391,13,1,2,1,0,17,0.7647058823529411
5392,12,1,2,1,0,16,0.75
5393,13,1,2,2,0,18,0.7222222222222222
5394,11,1,2,2,0,16,0.6875
5395,11,1,2,1,0,15,0.7333333333333333
5396,11,1,2,2,0,16,0.6875
5397,10,1,2,2,0,15,0.6666666666666666
5398,13,1,2,2,0,18,0.7222222222222222
5399,11,1,2,2,0,16,0.6875
5400,12,1,2,2,0,17,0.7058823529411765
5401,12,1,2,1,0,16,0.75
5402,12,1,2,1,0,16,0.75
5403,11,1,2,2,0,16,0.6875
5404,12,1,2,2,0,17,0.7058823529411765
5405,11,1,2,2,0,16,0.6875
5406,12,1,2,2,0,17,0.7058823529411765
5407,10,1,2,2,0,15,0.6666666666666666
5408,11,1,2,2,0,16,0.6875
5409,11,1,2,2,0,16,0.6875
5410,12,1,2,2,0,17,0.7058823529411765
5411,11,1,2,1,0,15,0.7333333333333333
5412,12,1,2,2,0,17,0.7058823529411765
5413,11,1,2,2,0,16,0.6875
5414,11,1,2,2,0,16,0.6875
5415,12,1,2,2,0,17,0.7058823529411765
5416,13,1,2,2,0,18,0.7222222222222222
5417,10,1,2,2,0,15,0.6666666666666666
5418,11,1,2,2,0,16,0.6875
5419,12,1,2,2,0,17,0.7058823529411765
5420,12,1,2,2,0,17,0.7058823529411765
5421,13,1,2,2,0,18,0.7222222222222222
5422,12,1,2,2,0,17,0.7058823529411765
5423,13,1,2,2,0,18,0.7222222222222222
5424,13,1,2,2,0,18,0.7222222222222222
5425,11,1,2,2,0,16,0.6875
5426,12,1,2,2,0,17,0.7058823529411765
5427,12,1,2,2,0,17,0.7058823529411765
5428,11,1,2,2,0,16,0.6875
5429,13,1,2,2,0,18,0.7222222222222222
5430,12,1,2,2,0,17,0.7058823529411765
5431,10,1,2,2,0,15,0.6666666666666666
5432,12,1,2,2,0,17,0.7058823529411765
5433,11,1,2,2,0,16,0.6875
5434,10,1,2,1,0,14,0.7142857142857143
5435,13,1,2,1,0,17,0.7647058823529411
5436,12,1,2,2,0,17,0.7058823529411765
5437,12,1,2,2,0,17,0.7058823529411765
5438,12,1,2,1,0,16,0.75
5439,11,1,2,2,0,16,0.6875
5440,10,1,2,2,0,15,0.6666666666666666
5441,9,1,2,1,0,13,0.6923076923076923
5442,13,1,2,2,0,18,0.7222222222222222
5443,13,1,2,2,0,18,0.7222222222222222
5444,12,1,2,2,0,17,0.7058823529411765
5445,12,1,2,2,0,17,0.7058823529411765
5446,11,1,2,2,0,16,0.6875
5447,13,1,2,2,0,18,0.7222222222222222
5448,11,1,1,2,0,15,0.7333333333333333
5449,12,0,2,2,0,16,0.75
5450,12,1,2,2,0,17,0.7058823529411765
5451,12,1,2,1,0,16,0.75
5452,11,0,2,1,0,14,0.7857142857142857
5453,12,1,2,1,0,16,0.75
5454,12,1,2,2,0,17,0.7058823529411765
5455,12,1,2,1,0,16,0.75
5456,11,1,2,2,0,16,0.6875
5457,12,0,2,1,0,15,0.8
5458,12,1,2,1,0,16,0.75
5459,13,1,2,2,0,18,0.7222222222222222
5460,13,1,2,1,0,17,0.7647058823529411
5461,10,1,2,2,0,15,0.6666666666666666
5462,10,1,1,2,0,14,0.7142857142857143
5463,12,1,2,2,0,17,0.7058823529411765
5464,12,1,2,2,0,17,0.7058823529411765
5465,12,1,2,2,0,17,0.7058823529411765
5466,12,1,2,2,0,17,0.7058823529411765
5467,12,1,2,2,0,17,0.7058823529411765
5468,13,1,2,2,0,18,0.7222222222222222
5469,11,1,1,2,0,15,0.7333333333333333
5470,11,1,2,2,0,16,0.6875
5471,12,1,2,2,0,17,0.7058823529411765
5472,13,1,2,2,0,18,0.7222222222222222
5473,13,1,2,2,0,18,0.7222222222222222
5474,11,1,2,2,0,16,0.6875
5475,11,1,2,2,0,16,0.6875
5476,12,1,2,2,0,17,0.7058823529411765
5477,12,1,2,2,0,17,0.7058823529411765
5478,11,1,2,2,0,16,0.6875
5479,11,1,2,2,0,16,0.6875
5480,12,1,2,2,0,17,0.7058823529411765
5481,12,1,2,2,0,17,0.7058823529411765
5482,13,1,2,2,0,18,0.7222222222222222
5483,13,1,2,2,0,18,0.7222222222222222
5484,13,1,2,2,0,18,0.7222222222222222
5485,12,1,2,2,0,17,0.7058823529411765
5486,13,0,2,2,0,17,0.7647058823529411
5487,11,1,1,2,0,15,0.7333333333333333
5488,13,1,2,2,0,18,0.7222222222222222
5489,12,1,2,2,0,17,0.7058823529411765
5490,12,1,2,2,0,17,0.7058823529411765
5491,9,1,2,2,0,14,0.6428571428571429
5492,12,1,2,1,0,16,0.75
5493,12,0,2,1,0,15,0.8
5494,13,0,2,1,0,16,0.8125
5495,11,0,1,2,0,14,0.7857142857142857
5496,11,0,2,2,0,15,0.7333333333333333
5497,10,1,2,2,0,15,0.6666666666666666
5498,11,0,2,2,0,15,0.7333333333333333
5499,12,0,2,1,0,15,0.8
5500,10,0,2,2,0,14,0.7142857142857143
5501,10,0,2,2,0,14,0.7142857142857143
5502,11,1,2,2,0,16,0.6875
5503,11,1,2,2,0,16,0.6875
5504,13,1,2,2,0,18,0.7222222222222222
5505,13,1,2,1,0,17,0.7647058823529411
5506,13,1,2,2,0,18,0.7222222222222222
5507,12,1,2,2,0,17,0.7058823529411765
5508,13,1,2,2,0,18,0.7222222222222222
5509,13,1,2,2,0,18,0.7222222222222222
5510,12,1,2,2,0,17,0.7058823529411765
5511,13,1,2,1,0,17,0.7647058823529411
5512,13,1,2,2,0,18,0.7222222222222222
5513,13,1,2,2,0,18,0.7222222222222222
5514,11,1,2,2,0,16,0.6875
5515,11,1,2,2,0,16,0.6875
5516,10,1,2,2,0,15,0.6666666666666666
5517,11,0,2,2,0,15,0.7333333333333333
5518,12,1,2,2,0,17,0.7058823529411765
5519,12,1,2,2,0,17,0.7058823529411765
5520,12,1,2,1,0,16,0.75
5521,12,1,2,1,0,16,0.75
5522,13,1,2,2,0,18,0.7222222222222222
5523,11,1,2,1,0,15,0.7333333333333333
5524,12,1,2,1,0,16,0.75
5525,11,1,2,2,0,16,0.6875
5526,13,1,2,2,0,18,0.7222222222222222
5527,13,1,2,2,0,18,0.7222222222222222
5528,11,1,2,2,0,16,0.6875
5529,12,1,2,2,0,17,0.7058823529411765
5530,12,1,2,2,0,17,0.7058823529411765
5531,11,1,2,1,0,15,0.7333333333333333
5532,12,1,2,2,0,17,0.7058823529411765
5533,12,1,2,1,0,16,0.75
5534,13,1,2,1,0,17,0.7647058823529411
5535,11,0,2,2,0,15,0.7333333333333333
5536,11,0,2,2,0,15,0.7333333333333333
5537,13,1,2,2,0,18,0.7222222222222222
5538,13,1,2,1,0,17,0.7647058823529411
5539,12,1,2,1,0,16,0.75
5540,12,1,2,2,0,17,0.7058823529411765
5541,13,1,2,2,0,18,0.7222222222222222
5542,11,1,2,2,0,16,0.6875
5543,11,1,2,2,0,16,0.6875
5544,12,1,2,2,0,17,0.7058823529411765
5545,13,1,2,2,0,18,0.7222222222222222
5546,11,1,2,2,0,16,0.6875
5547,12,0,2,2,0,16,0.75
5548,12,1,2,1,0,16,0.75
5549,13,1,2,1,0,17,0.7647058823529411
5550,11,1,2,2,0,16,0.6875
5551,14,1,2,2,0,19,0.7368421052631579
5552,10,1,2,2,0,15,0.6666666666666666
5553,12,1,2,2,0,17,0.7058823529411765
5554,10,1,2,1,0,14,0.7142857142857143
5555,11,1,2,2,0,16,0.6875
5556,11,1,2,2,0,16,0.6875
5557,12,1,2,1,0,16,0.75
5558,10,1,2,2,0,15,0.6666666666666666
5559,13,1,2,2,0,18,0.7222222222222222
5560,11,1,2,2,0,16,0.6875
5561,12,1,2,2,0,17,0.7058823529411765
5562,12,1,2,2,0,17,0.7058823529411765
5563,12,1,2,2,0,17,0.7058823529411765
5564,13,1,2,2,0,18,0.7222222222222222
5565,10,1,2,2,0,15,0.6666666666666666
5566,13,1,2,2,0,18,0.7222222222222222
5567,12,1,2,2,0,17,0.7058823529411765
5568,11,1,2,1,0,15,0.7333333333333333
5569,12,1,2,2,0,17,0.7058823529411765
5570,12,1,2,2,0,17,0.7058823529411765
5571,10,1,2,1,0,14,0.7142857142857143
5572,13,1,2,1,0,17,0.7647058823529411
5573,11,1,2,1,0,15,0.7333333333333333
5574,12,1,2,1,0,16,0.75
5575,13,1,2,1,0,17,0.7647058823529411
5576,10,1,2,2,0,15,0.6666666666666666
5577,12,1,2,2,0,17,0.7058823529411765
5578,12,1,2,2,0,17,0.7058823529411765
5579,11,1,2,1,0,15,0.7333333333333333
5580,13,1,2,2,0,18,0.7222222222222222
5581,13,1,2,2,0,18,0.7222222222222222
5582,11,1,2,1,0,15,0.7333333333333333
5583,12,1,2,1,0,16,0.75
5584,12,1,2,2,0,17,0.7058823529411765
5585,13,1,2,2,0,18,0.7222222222222222
5586,11,1,2,2,0,16,0.6875
5587,12,1,2,2,0,17,0.7058823529411765
5588,12,1,2,2,0,17,0.7058823529411765
5589,13,1,2,1,0,17,0.7647058823529411
5590,12,1,2,2,0,17,0.7058823529411765
5591,12,1,2,1,0,16,0.75
5592,13,0,2,2,0,17,0.7647058823529411
5593,13,1,2,1,0,17,0.7647058823529411
5594,13,1,2,2,0,18,0.7222222222222222
5595,13,1,2,2,0,18,0.7222222222222222
5596,13,1,2,1,0,17,0.7647058823529411
5597,9,1,2,2,0,14,0.6428571428571429
5598,12,1,2,1,0,16,0.75
5599,13,1,2,2,0,18,0.7222222222222222
