frame,n_hydrophobic,n_polar,n_pos_charged,n_neg_charged,n_other,n_total,frac_hydrophobic
0,16,3,3,0,0,22,0.7272727272727273
1,17,3,3,0,0,23,0.7391304347826086
2,15,2,2,0,0,19,0.7894736842105263
3,16,3,2,0,0,21,0.7619047619047619
4,17,2,2,0,0,21,0.8095238095238095
5,16,3,3,0,0,22,0.7272727272727273
6,17,2,3,0,0,22,0.7727272727272727
7,15,3,2,0,0,20,0.75
8,18,3,2,0,0,23,0.782608695652174
9,14,2,2,0,0,18,0.7777777777777778
10,17,2,2,0,0,21,0.8095238095238095
11,17,3,3,0,0,23,0.7391304347826086
12,17,3,2,0,0,22,0.7727272727272727
13,14,3,3,0,0,20,0.7
14,18,2,2,0,0,22,0.8181818181818182
15,15,3,2,0,0,20,0.75
16,16,3,2,0,0,21,0.7619047619047619
17,18,2,1,0,0,21,0.8571428571428571
18,18,3,2,0,0,23,0.782608695652174
19,14,3,2,0,0,19,0.7368421052631579
20,16,3,2,0,0,21,0.7619047619047619
21,19,3,2,0,0,24,0.7916666666666666
22,17,2,2,0,0,21,0.8095238095238095
23,17,2,3,0,0,22,0.7727272727272727
24,17,2,2,0,0,21,0.8095238095238095
25,16,3,2,0,0,21,0.7619047619047619
26,18,3,3,0,0,24,0.75
27,15,3,3,0,0,21,0.7142857142857143
28,15,2,2,0,0,19,0.7894736842105263
29,17,3,3,0,0,23,0.7391304347826086
30,18,3,3,0,0,24,0.75
31,16,2,3,0,0,21,0.7619047619047619
32,18,3,2,0,0,23,0.782608695652174
33,18,2,2,0,0,22,0.8181818181818182
34,18,3,2,0,0,23,0.782608695652174
35,18,2,3,0,0,23,0.782608695652174
36,18,3,3,0,0,24,0.75
37,17,3,3,0,0,23,0.7391304347826086
38,17,2,3,0,0,22,0.7727272727272727
39,16,3,2,0,0,21,0.7619047619047619
40,16,2,3,0,0,21,0.7619047619047619
41,16,3,3,0,0,22,0.7272727272727273
42,17,2,3,0,0,22,0.7727272727272727
43,17,3,3,0,0,23,0.7391304347826086
44,17,3,3,0,0,23,0.7391304347826086
45,17,3,2,0,0,22,0.7727272727272727
46,15,3,2,0,0,20,0.75
47,18,3,2,0,0,23,0.782608695652174
48,15,2,3,0,0,20,0.75
49,18,2,3,0,0,23,0.782608695652174
50,16,2,3,0,0,21,0.7619047619047619
51,15,3,2,0,0,20,0.75
52,16,3,2,0,0,21,0.7619047619047619
53,16,2,2,0,0,20,0.8
54,16,3,2,0,0,21,0.7619047619047619
55,19,3,2,0,0,24,0.7916666666666666
56,16,3,3,0,0,22,0.7272727272727273
57,15,2,3,0,0,20,0.75
58,16,3,2,0,0,21,0.7619047619047619
59,18,3,2,0,0,23,0.782608695652174
60,17,2,3,0,0,22,0.7727272727272727
61,16,3,2,0,0,21,0.7619047619047619
62,17,2,2,0,0,21,0.8095238095238095
63,14,2,2,0,0,18,0.7777777777777778
64,16,3,3,0,0,22,0.7272727272727273
65,19,3,2,0,0,24,0.7916666666666666
66,18,3,3,0,0,24,0.75
67,17,2,3,0,0,22,0.7727272727272727
68,16,3,3,0,0,22,0.7272727272727273
69,16,3,3,0,0,22,0.7272727272727273
70,18,3,2,0,0,23,0.782608695652174
71,18,2,2,0,0,22,0.8181818181818182
72,16,3,3,0,0,22,0.7272727272727273
73,16,2,2,0,0,20,0.8
74,17,2,3,0,0,22,0.7727272727272727
75,18,3,2,0,0,23,0.782608695652174
76,17,3,2,0,0,22,0.7727272727272727
77,18,3,2,0,0,23,0.782608695652174
78,14,3,2,0,0,19,0.7368421052631579
79,16,2,2,0,0,20,0.8
80,18,3,3,0,0,24,0.75
81,17,3,2,0,0,22,0.7727272727272727
82,16,2,1,0,0,19,0.8421052631578947
83,17,2,2,0,0,21,0.8095238095238095
84,17,3,3,0,0,23,0.7391304347826086
85,16,2,3,0,0,21,0.7619047619047619
86,17,3,2,0,0,22,0.7727272727272727
87,15,3,3,0,0,21,0.7142857142857143
88,16,3,1,0,0,20,0.8
89,17,2,2,0,0,21,0.8095238095238095
90,17,2,3,0,0,22,0.7727272727272727
91,18,2,3,0,0,23,0.782608695652174
92,15,3,2,0,0,20,0.75
93,16,2,2,0,0,20,0.8
94,17,3,3,0,0,23,0.7391304347826086
95,16,3,1,0,0,20,0.8
96,14,2,3,0,0,19,0.7368421052631579
97,17,3,3,0,0,23,0.7391304347826086
98,18,3,2,0,0,23,0.782608695652174
99,13,2,2,0,0,17,0.7647058823529411
100,15,2,2,0,0,19,0.7894736842105263
101,16,2,3,0,0,21,0.7619047619047619
102,16,3,2,0,0,21,0.7619047619047619
103,15,3,3,0,0,21,0.7142857142857143
104,17,2,2,0,0,21,0.8095238095238095
105,18,3,3,0,0,24,0.75
106,17,3,3,0,0,23,0.7391304347826086
107,16,3,2,0,0,21,0.7619047619047619
108,18,2,3,0,0,23,0.782608695652174
109,17,2,2,0,0,21,0.8095238095238095
110,14,2,2,0,0,18,0.7777777777777778
111,16,2,2,0,0,20,0.8
112,17,3,3,0,0,23,0.7391304347826086
113,16,3,3,0,0,22,0.7272727272727273
114,16,2,2,0,0,20,0.8
115,15,3,2,0,0,20,0.75
116,16,2,2,0,0,20,0.8
117,15,2,3,0,0,20,0.75
118,16,2,2,0,0,20,0.8
119,18,2,3,0,0,23,0.782608695652174
120,16,2,2,0,0,20,0.8
121,14,2,2,0,0,18,0.7777777777777778
122,18,3,2,0,0,23,0.782608695652174
123,15,3,2,0,0,20,0.75
124,17,3,2,0,0,22,0.7727272727272727
125,15,3,2,0,0,20,0.75
126,14,2,3,0,0,19,0.7368421052631579
127,15,3,3,0,0,21,0.7142857142857143
128,15,3,2,0,0,20,0.75
129,15,3,2,0,0,20,0.75
130,16,2,2,0,0,20,0.8
131,14,2,2,0,0,18,0.7777777777777778
132,17,2,2,0,0,21,0.8095238095238095
133,17,2,3,0,0,22,0.7727272727272727
134,17,2,2,0,0,21,0.8095238095238095
135,15,3,2,0,0,20,0.75
136,16,2,2,0,0,20,0.8
137,15,2,2,0,0,19,0.7894736842105263
138,17,2,2,0,0,21,0.8095238095238095
139,17,2,3,0,0,22,0.7727272727272727
140,18,3,2,0,0,23,0.782608695652174
141,15,2,3,0,0,20,0.75
142,17,3,3,0,0,23,0.7391304347826086
143,17,3,3,0,0,23,0.7391304347826086
144,17,3,2,0,0,22,0.7727272727272727
145,18,3,2,0,0,23,0.782608695652174
146,17,2,2,0,0,21,0.8095238095238095
147,15,2,2,0,0,19,0.7894736842105263
148,15,3,2,0,0,20,0.75
149,17,3,2,0,0,22,0.7727272727272727
150,18,2,2,0,0,22,0.8181818181818182
151,16,2,3,0,0,21,0.7619047619047619
152,16,2,2,0,0,20,0.8
153,17,3,2,0,0,22,0.7727272727272727
154,17,3,2,0,0,22,0.7727272727272727
155,15,3,2,0,0,20,0.75
156,19,3,3,0,0,25,0.76
157,17,2,2,0,0,21,0.8095238095238095
158,17,3,2,0,0,22,0.7727272727272727
159,17,3,2,0,0,22,0.7727272727272727
160,16,3,3,0,0,22,0.7272727272727273
161,15,2,2,0,0,19,0.7894736842105263
162,14,3,3,0,0,20,0.7
163,18,3,2,0,0,23,0.782608695652174
164,14,3,3,0,0,20,0.7
165,15,2,3,0,0,20,0.75
166,16,2,3,0,0,21,0.7619047619047619
167,16,2,3,0,0,21,0.7619047619047619
168,16,2,3,0,0,21,0.7619047619047619
169,17,2,3,0,0,22,0.7727272727272727
170,17,3,3,0,0,23,0.7391304347826086
171,19,3,3,0,0,25,0.76
172,15,2,2,0,0,19,0.7894736842105263
173,18,2,3,0,0,23,0.782608695652174
174,18,2,3,0,0,23,0.782608695652174
175,18,3,2,0,0,23,0.782608695652174
176,17,2,3,0,0,22,0.7727272727272727
177,17,3,2,0,0,22,0.7727272727272727
178,15,2,2,0,0,19,0.7894736842105263
179,18,2,3,0,0,23,0.782608695652174
180,17,2,3,0,0,22,0.7727272727272727
181,17,3,3,0,0,23,0.7391304347826086
182,15,2,1,0,0,18,0.8333333333333334
183,16,2,2,0,0,20,0.8
184,15,2,3,0,0,20,0.75
185,15,3,2,0,0,20,0.75
186,15,2,3,0,0,20,0.75
187,14,3,2,0,0,19,0.7368421052631579
188,14,3,3,0,0,20,0.7
189,16,3,2,0,0,21,0.7619047619047619
190,16,4,3,0,0,23,0.6956521739130435
191,16,2,3,0,0,21,0.7619047619047619
192,13,3,2,0,0,18,0.7222222222222222
193,15,3,2,0,0,20,0.75
194,17,3,3,0,0,23,0.7391304347826086
195,14,3,2,0,0,19,0.7368421052631579
196,17,2,3,0,0,22,0.7727272727272727
197,16,3,2,0,0,21,0.7619047619047619
198,18,3,2,0,0,23,0.782608695652174
199,13,2,3,0,0,18,0.7222222222222222
200,13,2,2,0,0,17,0.7647058823529411
201,17,2,3,0,0,22,0.7727272727272727
202,11,2,2,0,0,15,0.7333333333333333
203,14,2,2,0,0,18,0.7777777777777778
204,13,2,3,0,0,18,0.7222222222222222
205,16,3,2,0,0,21,0.7619047619047619
206,16,3,2,0,0,21,0.7619047619047619
207,15,3,1,0,0,19,0.7894736842105263
208,17,3,2,0,0,22,0.7727272727272727
209,19,2,2,0,0,23,0.8260869565217391
210,16,2,3,0,0,21,0.7619047619047619
211,19,2,2,0,0,23,0.8260869565217391
212,14,3,3,0,0,20,0.7
213,15,2,2,0,0,19,0.7894736842105263
214,16,2,2,0,0,20,0.8
215,15,3,2,0,0,20,0.75
216,17,2,2,0,0,21,0.8095238095238095
217,16,2,2,0,0,20,0.8
218,16,3,3,0,0,22,0.7272727272727273
219,17,3,3,0,0,23,0.7391304347826086
220,17,3,3,0,0,23,0.7391304347826086
221,17,3,2,0,0,22,0.7727272727272727
222,15,2,2,0,0,19,0.7894736842105263
223,15,2,2,0,0,19,0.7894736842105263
224,16,2,3,0,0,21,0.7619047619047619
225,18,2,2,0,0,22,0.8181818181818182
226,16,3,2,0,0,21,0.7619047619047619
227,18,3,2,0,0,23,0.782608695652174
228,17,3,3,0,0,23,0.7391304347826086
229,18,2,2,0,0,22,0.8181818181818182
230,17,3,3,0,0,23,0.7391304347826086
231,17,2,1,0,0,20,0.85
232,17,2,2,0,0,21,0.8095238095238095
233,15,2,2,0,0,19,0.7894736842105263
234,12,3,2,0,0,17,0.7058823529411765
235,13,3,2,0,0,18,0.7222222222222222
236,14,3,3,0,0,20,0.7
237,16,3,3,0,0,22,0.7272727272727273
238,16,3,3,0,0,22,0.7272727272727273
239,16,3,3,0,0,22,0.7272727272727273
240,17,2,2,0,0,21,0.8095238095238095
241,16,2,3,0,0,21,0.7619047619047619
242,17,3,2,0,0,22,0.7727272727272727
243,14,3,2,0,0,19,0.7368421052631579
244,15,2,3,0,0,20,0.75
245,16,2,2,0,0,20,0.8
246,16,3,2,0,0,21,0.7619047619047619
247,15,3,1,0,0,19,0.7894736842105263
248,12,3,3,0,0,18,0.6666666666666666
249,16,3,3,0,0,22,0.7272727272727273
250,15,3,3,0,0,21,0.7142857142857143
251,17,3,2,0,0,22,0.7727272727272727
252,16,3,2,0,0,21,0.7619047619047619
253,15,2,2,0,0,19,0.7894736842105263
254,17,2,3,0,0,22,0.7727272727272727
255,17,3,2,0,0,22,0.7727272727272727
256,14,3,2,0,0,19,0.7368421052631579
257,13,3,3,0,0,19,0.6842105263157895
258,14,3,2,0,0,19,0.7368421052631579
259,16,3,3,0,0,22,0.7272727272727273
260,16,3,3,0,0,22,0.7272727272727273
261,14,3,2,0,0,19,0.7368421052631579
262,16,3,3,0,0,22,0.7272727272727273
263,15,2,2,0,0,19,0.7894736842105263
264,18,3,3,0,0,24,0.75
265,17,3,2,0,0,22,0.7727272727272727
266,17,2,2,0,0,21,0.8095238095238095
267,18,3,2,0,0,23,0.782608695652174
268,16,2,3,0,0,21,0.7619047619047619
269,16,2,3,0,0,21,0.7619047619047619
270,18,2,3,0,0,23,0.782608695652174
271,16,3,3,0,0,22,0.7272727272727273
272,15,3,3,0,0,21,0.7142857142857143
273,14,2,2,0,0,18,0.7777777777777778
274,17,3,2,0,0,22,0.7727272727272727
275,15,2,3,0,0,20,0.75
276,16,3,3,0,0,22,0.7272727272727273
277,17,3,2,0,0,22,0.7727272727272727
278,13,3,2,0,0,18,0.7222222222222222
279,16,3,2,0,0,21,0.7619047619047619
280,16,2,2,0,0,20,0.8
281,18,3,2,0,0,23,0.782608695652174
282,14,3,2,0,0,19,0.7368421052631579
283,16,3,2,0,0,21,0.7619047619047619
284,14,3,2,0,0,19,0.7368421052631579
285,16,3,2,0,0,21,0.7619047619047619
286,17,3,3,0,0,23,0.7391304347826086
287,17,3,2,0,0,22,0.7727272727272727
288,16,3,2,0,0,21,0.7619047619047619
289,17,3,3,0,0,23,0.7391304347826086
290,16,3,3,0,0,22,0.7272727272727273
291,15,2,2,0,0,19,0.7894736842105263
292,18,3,2,0,0,23,0.782608695652174
293,17,2,2,0,0,21,0.8095238095238095
294,17,3,3,0,0,23,0.7391304347826086
295,16,3,2,0,0,21,0.7619047619047619
296,16,3,2,0,0,21,0.7619047619047619
297,18,2,2,0,0,22,0.8181818181818182
298,17,3,3,0,0,23,0.7391304347826086
299,17,2,3,0,0,22,0.7727272727272727
300,15,3,2,0,0,20,0.75
301,18,2,3,0,0,23,0.782608695652174
302,15,3,2,0,0,20,0.75
303,17,3,3,0,0,23,0.7391304347826086
304,16,3,1,0,0,20,0.8
305,16,3,3,0,0,22,0.7272727272727273
306,17,2,2,0,0,21,0.8095238095238095
307,18,2,2,0,0,22,0.8181818181818182
308,17,3,2,0,0,22,0.7727272727272727
309,16,2,3,0,0,21,0.7619047619047619
310,18,3,2,0,0,23,0.782608695652174
311,18,3,3,0,0,24,0.75
312,19,3,3,0,0,25,0.76
313,18,4,2,0,0,24,0.75
314,19,3,2,0,0,24,0.7916666666666666
315,18,3,3,0,0,24,0.75
316,18,2,3,0,0,23,0.782608695652174
317,16,2,2,0,0,20,0.8
318,16,3,2,0,0,21,0.7619047619047619
319,18,2,3,0,0,23,0.782608695652174
320,17,2,2,0,0,21,0.8095238095238095
321,15,3,3,0,0,21,0.7142857142857143
322,14,2,2,0,0,18,0.7777777777777778
323,17,2,2,0,0,21,0.8095238095238095
324,17,3,2,0,0,22,0.7727272727272727
325,14,3,3,0,0,20,0.7
326,16,3,3,0,0,22,0.7272727272727273
327,15,3,2,0,0,20,0.75
328,19,2,3,0,0,24,0.7916666666666666
329,16,3,2,0,0,21,0.7619047619047619
330,17,2,2,0,0,21,0.8095238095238095
331,15,2,2,0,0,19,0.7894736842105263
332,15,3,2,0,0,20,0.75
333,14,3,2,0,0,19,0.7368421052631579
334,14,3,2,0,0,19,0.7368421052631579
335,18,3,2,0,0,23,0.782608695652174
336,17,3,1,0,0,21,0.8095238095238095
337,15,3,2,0,0,20,0.75
338,17,2,3,0,0,22,0.7727272727272727
339,17,3,3,0,0,23,0.7391304347826086
340,16,2,2,0,0,20,0.8
341,18,3,1,0,0,22,0.8181818181818182
342,18,2,2,0,0,22,0.8181818181818182
343,14,2,2,0,0,18,0.7777777777777778
344,17,3,3,0,0,23,0.7391304347826086
345,15,2,2,0,0,19,0.7894736842105263
346,14,3,2,0,0,19,0.7368421052631579
347,18,3,3,0,0,24,0.75
348,15,2,2,0,0,19,0.7894736842105263
349,16,3,1,0,0,20,0.8
350,16,3,2,0,0,21,0.7619047619047619
351,12,2,3,0,0,17,0.7058823529411765
352,15,2,2,0,0,19,0.7894736842105263
353,14,3,2,0,0,19,0.7368421052631579
354,18,2,2,0,0,22,0.8181818181818182
355,16,2,2,0,0,20,0.8
356,15,2,2,0,0,19,0.7894736842105263
357,17,2,2,0,0,21,0.8095238095238095
358,16,2,3,0,0,21,0.7619047619047619
359,18,3,3,0,0,24,0.75
360,17,2,3,0,0,22,0.7727272727272727
361,19,3,2,0,0,24,0.7916666666666666
362,17,3,2,0,0,22,0.7727272727272727
363,16,2,2,0,0,20,0.8
364,17,2,2,0,0,21,0.8095238095238095
365,18,2,2,0,0,22,0.8181818181818182
366,15,2,2,0,0,19,0.7894736842105263
367,16,3,2,0,0,21,0.7619047619047619
368,14,3,2,0,0,19,0.7368421052631579
369,17,2,2,0,0,21,0.8095238095238095
370,19,3,1,0,0,23,0.8260869565217391
371,17,3,3,0,0,23,0.7391304347826086
372,14,2,3,0,0,19,0.7368421052631579
373,15,2,2,0,0,19,0.7894736842105263
374,17,2,2,0,0,21,0.8095238095238095
375,18,2,3,0,0,23,0.782608695652174
376,15,2,2,0,0,19,0.7894736842105263
377,14,2,2,0,0,18,0.7777777777777778
378,17,3,2,0,0,22,0.7727272727272727
379,15,2,2,0,0,19,0.7894736842105263
380,16,3,3,0,0,22,0.7272727272727273
381,16,2,2,0,0,20,0.8
382,15,2,3,0,0,20,0.75
383,16,2,1,0,0,19,0.8421052631578947
384,19,3,2,0,0,24,0.7916666666666666
385,19,2,2,0,0,23,0.8260869565217391
386,17,2,2,0,0,21,0.8095238095238095
387,16,2,3,0,0,21,0.7619047619047619
388,18,3,2,0,0,23,0.782608695652174
389,18,2,2,0,0,22,0.8181818181818182
390,17,2,2,0,0,21,0.8095238095238095
391,19,3,2,0,0,24,0.7916666666666666
392,17,3,3,0,0,23,0.7391304347826086
393,19,2,2,0,0,23,0.8260869565217391
394,16,2,2,0,0,20,0.8
395,12,2,2,0,0,16,0.75
396,17,2,2,0,0,21,0.8095238095238095
397,16,2,2,0,0,20,0.8
398,15,2,2,0,0,19,0.7894736842105263
399,14,3,2,0,0,19,0.7368421052631579
400,17,3,2,0,0,22,0.7727272727272727
401,17,3,1,0,0,21,0.8095238095238095
402,16,2,2,0,0,20,0.8
403,18,2,3,0,0,23,0.782608695652174
404,18,2,1,0,0,21,0.8571428571428571
405,18,2,2,0,0,22,0.8181818181818182
406,15,3,1,0,0,19,0.7894736842105263
407,16,2,2,0,0,20,0.8
408,16,2,2,0,0,20,0.8
409,16,2,1,0,0,19,0.8421052631578947
410,17,2,2,0,0,21,0.8095238095238095
411,17,3,1,0,0,21,0.8095238095238095
412,16,3,3,0,0,22,0.7272727272727273
413,18,2,2,0,0,22,0.8181818181818182
414,19,2,2,0,0,23,0.8260869565217391
415,18,2,3,0,0,23,0.782608695652174
416,18,2,2,0,0,22,0.8181818181818182
417,17,2,3,0,0,22,0.7727272727272727
418,17,3,3,0,0,23,0.7391304347826086
419,16,2,3,0,0,21,0.7619047619047619
420,16,2,2,0,0,20,0.8
421,17,3,2,0,0,22,0.7727272727272727
422,16,2,3,0,0,21,0.7619047619047619
423,17,3,2,0,0,22,0.7727272727272727
424,18,2,2,0,0,22,0.8181818181818182
425,17,2,2,0,0,21,0.8095238095238095
426,17,2,2,0,0,21,0.8095238095238095
427,19,2,1,0,0,22,0.8636363636363636
428,17,3,2,0,0,22,0.7727272727272727
429,18,2,2,0,0,22,0.8181818181818182
430,15,3,3,0,0,21,0.7142857142857143
431,17,2,3,0,0,22,0.7727272727272727
432,18,3,2,0,0,23,0.782608695652174
433,16,3,3,0,0,22,0.7272727272727273
434,17,2,2,0,0,21,0.8095238095238095
435,15,2,3,0,0,20,0.75
436,17,2,2,0,0,21,0.8095238095238095
437,16,2,1,0,0,19,0.8421052631578947
438,14,2,2,0,0,18,0.7777777777777778
439,13,2,2,0,0,17,0.7647058823529411
440,13,2,2,0,0,17,0.7647058823529411
441,15,2,3,0,0,20,0.75
442,13,3,2,0,0,18,0.7222222222222222
443,15,2,3,0,0,20,0.75
444,17,2,3,0,0,22,0.7727272727272727
445,18,3,2,0,0,23,0.782608695652174
446,15,3,3,0,0,21,0.7142857142857143
447,18,2,2,0,0,22,0.8181818181818182
448,16,2,2,0,0,20,0.8
449,16,3,2,0,0,21,0.7619047619047619
450,16,2,3,0,0,21,0.7619047619047619
451,16,3,2,0,0,21,0.7619047619047619
452,18,3,3,0,0,24,0.75
453,17,2,2,0,0,21,0.8095238095238095
454,15,2,2,0,0,19,0.7894736842105263
455,17,3,3,0,0,23,0.7391304347826086
456,17,3,3,0,0,23,0.7391304347826086
457,17,2,3,0,0,22,0.7727272727272727
458,18,2,2,0,0,22,0.8181818181818182
459,17,3,2,0,0,22,0.7727272727272727
460,16,2,3,0,0,21,0.7619047619047619
461,18,3,3,0,0,24,0.75
462,17,2,3,0,0,22,0.7727272727272727
463,15,3,2,0,0,20,0.75
464,14,2,3,0,0,19,0.7368421052631579
465,17,2,3,0,0,22,0.7727272727272727
466,18,2,3,0,0,23,0.782608695652174
467,17,2,2,0,0,21,0.8095238095238095
468,17,3,1,0,0,21,0.8095238095238095
469,15,2,3,0,0,20,0.75
470,15,3,2,0,0,20,0.75
471,17,2,3,0,0,22,0.7727272727272727
472,19,3,2,0,0,24,0.7916666666666666
473,18,2,2,0,0,22,0.8181818181818182
474,17,2,2,0,0,21,0.8095238095238095
475,16,3,2,0,0,21,0.7619047619047619
476,17,3,2,0,0,22,0.7727272727272727
477,14,2,3,0,0,19,0.7368421052631579
478,11,2,3,0,0,16,0.6875
479,17,3,2,0,0,22,0.7727272727272727
480,17,3,1,0,0,21,0.8095238095238095
481,15,3,1,0,0,19,0.7894736842105263
482,14,3,2,0,0,19,0.7368421052631579
483,17,3,1,0,0,21,0.8095238095238095
484,18,3,2,0,0,23,0.782608695652174
485,17,3,2,0,0,22,0.7727272727272727
486,15,2,2,0,0,19,0.7894736842105263
487,17,2,3,0,0,22,0.7727272727272727
488,14,3,2,0,0,19,0.7368421052631579
489,14,3,1,0,0,18,0.7777777777777778
490,13,2,2,0,0,17,0.7647058823529411
491,14,2,3,0,0,19,0.7368421052631579
492,15,3,2,0,0,20,0.75
493,14,3,3,0,0,20,0.7
494,16,3,2,0,0,21,0.7619047619047619
495,15,3,2,0,0,20,0.75
496,17,3,2,0,0,22,0.7727272727272727
497,15,3,2,0,0,20,0.75
498,15,2,1,0,0,18,0.8333333333333334
499,17,3,2,0,0,22,0.7727272727272727
500,17,2,1,0,0,20,0.85
501,15,3,2,0,0,20,0.75
502,16,3,3,0,0,22,0.7272727272727273
503,16,3,2,0,0,21,0.7619047619047619
504,15,3,2,0,0,20,0.75
505,15,3,3,0,0,21,0.7142857142857143
506,18,3,2,0,0,23,0.782608695652174
507,15,3,2,0,0,20,0.75
508,16,2,3,0,0,21,0.7619047619047619
509,16,3,3,0,0,22,0.7272727272727273
510,17,2,2,0,0,21,0.8095238095238095
511,18,2,2,0,0,22,0.8181818181818182
512,15,2,3,0,0,20,0.75
513,15,3,1,0,0,19,0.7894736842105263
514,19,3,3,0,0,25,0.76
515,15,3,2,0,0,20,0.75
516,17,2,1,0,0,20,0.85
517,16,3,3,0,0,22,0.7272727272727273
518,14,2,2,0,0,18,0.7777777777777778
519,15,3,2,0,0,20,0.75
520,16,3,2,0,0,21,0.7619047619047619
521,16,2,4,0,0,22,0.7272727272727273
522,17,3,3,0,0,23,0.7391304347826086
523,17,3,2,0,0,22,0.7727272727272727
524,16,3,2,0,0,21,0.7619047619047619
525,16,3,2,0,0,21,0.7619047619047619
526,17,2,2,0,0,21,0.8095238095238095
527,17,3,3,0,0,23,0.7391304347826086
528,16,3,3,0,0,22,0.7272727272727273
529,17,3,3,0,0,23,0.7391304347826086
530,18,3,3,0,0,24,0.75
531,17,3,2,0,0,22,0.7727272727272727
532,18,3,3,0,0,24,0.75
533,15,2,3,0,0,20,0.75
534,17,3,3,0,0,23,0.7391304347826086
535,16,3,2,0,0,21,0.7619047619047619
536,15,3,2,0,0,20,0.75
537,16,3,2,0,0,21,0.7619047619047619
538,18,3,3,0,0,24,0.75
539,17,3,1,0,0,21,0.8095238095238095
540,20,2,3,0,0,25,0.8
541,17,2,3,0,0,22,0.7727272727272727
542,15,3,3,0,0,21,0.7142857142857143
543,19,3,3,0,0,25,0.76
544,17,3,2,0,0,22,0.7727272727272727
545,17,2,3,0,0,22,0.7727272727272727
546,17,3,2,0,0,22,0.7727272727272727
547,17,3,3,0,0,23,0.7391304347826086
548,18,3,2,0,0,23,0.782608695652174
549,17,3,1,0,0,21,0.8095238095238095
550,14,2,2,0,0,18,0.7777777777777778
551,17,2,3,0,0,22,0.7727272727272727
552,16,2,3,0,0,21,0.7619047619047619
553,17,3,3,0,0,23,0.7391304347826086
554,16,2,2,0,0,20,0.8
555,17,3,3,0,0,23,0.7391304347826086
556,17,3,3,0,0,23,0.7391304347826086
557,16,3,2,0,0,21,0.7619047619047619
558,17,3,2,0,0,22,0.7727272727272727
559,17,3,2,0,0,22,0.7727272727272727
560,18,3,2,0,0,23,0.782608695652174
561,16,2,2,0,0,20,0.8
562,18,3,2,0,0,23,0.782608695652174
563,18,2,2,0,0,22,0.8181818181818182
564,13,2,3,0,0,18,0.7222222222222222
565,16,2,2,0,0,20,0.8
566,15,3,2,0,0,20,0.75
567,16,3,2,0,0,21,0.7619047619047619
568,17,3,2,0,0,22,0.7727272727272727
569,17,3,2,0,0,22,0.7727272727272727
570,15,2,3,0,0,20,0.75
571,16,3,3,0,0,22,0.7272727272727273
572,15,3,2,0,0,20,0.75
573,17,3,2,0,0,22,0.7727272727272727
574,16,3,2,0,0,21,0.7619047619047619
575,17,2,1,0,0,20,0.85
576,17,2,2,0,0,21,0.8095238095238095
577,18,3,2,0,0,23,0.782608695652174
578,16,3,2,0,0,21,0.7619047619047619
579,18,3,3,0,0,24,0.75
580,13,3,2,0,0,18,0.7222222222222222
581,18,3,1,0,0,22,0.8181818181818182
582,14,3,2,0,0,19,0.7368421052631579
583,15,3,2,0,0,20,0.75
584,16,3,3,0,0,22,0.7272727272727273
585,19,2,2,0,0,23,0.8260869565217391
586,16,3,2,0,0,21,0.7619047619047619
587,15,3,3,0,0,21,0.7142857142857143
588,17,3,3,0,0,23,0.7391304347826086
589,16,3,2,0,0,21,0.7619047619047619
590,16,3,3,0,0,22,0.7272727272727273
591,17,3,2,0,0,22,0.7727272727272727
592,16,3,2,0,0,21,0.7619047619047619
593,17,3,1,0,0,21,0.8095238095238095
594,16,3,2,0,0,21,0.7619047619047619
595,17,3,3,0,0,23,0.7391304347826086
596,15,2,3,0,0,20,0.75
597,17,2,2,0,0,21,0.8095238095238095
598,16,3,1,0,0,20,0.8
599,18,3,3,0,0,24,0.75
600,14,2,3,0,0,19,0.7368421052631579
601,12,3,1,0,0,16,0.75
602,16,2,2,0,0,20,0.8
603,15,3,3,0,0,21,0.7142857142857143
604,17,2,2,0,0,21,0.8095238095238095
605,13,3,2,0,0,18,0.7222222222222222
606,16,3,1,0,0,20,0.8
607,14,3,3,0,0,20,0.7
608,17,3,3,0,0,23,0.7391304347826086
609,15,2,2,0,0,19,0.7894736842105263
610,18,3,3,0,0,24,0.75
611,16,3,3,0,0,22,0.7272727272727273
612,16,2,1,0,0,19,0.8421052631578947
613,17,3,2,0,0,22,0.7727272727272727
614,14,2,2,0,0,18,0.7777777777777778
615,18,3,3,0,0,24,0.75
616,17,3,3,0,0,23,0.7391304347826086
617,19,2,3,0,0,24,0.7916666666666666
618,16,2,1,0,0,19,0.8421052631578947
619,18,2,2,0,0,22,0.8181818181818182
620,17,2,3,0,0,22,0.7727272727272727
621,19,2,2,0,0,23,0.8260869565217391
622,16,2,2,0,0,20,0.8
623,15,2,2,0,0,19,0.7894736842105263
624,16,2,2,0,0,20,0.8
625,16,3,2,0,0,21,0.7619047619047619
626,17,2,3,0,0,22,0.7727272727272727
627,18,3,2,0,0,23,0.782608695652174
628,16,2,3,0,0,21,0.7619047619047619
629,16,2,3,0,0,21,0.7619047619047619
630,15,3,2,0,0,20,0.75
631,16,3,2,0,0,21,0.7619047619047619
632,18,3,3,0,0,24,0.75
633,18,3,3,0,0,24,0.75
634,17,2,3,0,0,22,0.7727272727272727
635,15,2,2,0,0,19,0.7894736842105263
636,19,3,3,0,0,25,0.76
637,15,2,3,0,0,20,0.75
638,15,3,2,0,0,20,0.75
639,17,2,2,0,0,21,0.8095238095238095
640,16,2,3,0,0,21,0.7619047619047619
641,16,2,3,0,0,21,0.7619047619047619
642,14,2,2,0,0,18,0.7777777777777778
643,13,3,2,0,0,18,0.7222222222222222
644,16,2,2,0,0,20,0.8
645,15,3,2,0,0,20,0.75
646,15,2,2,0,0,19,0.7894736842105263
647,15,3,2,0,0,20,0.75
648,15,3,2,0,0,20,0.75
649,14,3,3,0,0,20,0.7
650,15,2,3,0,0,20,0.75
651,15,2,2,0,0,19,0.7894736842105263
652,17,2,2,0,0,21,0.8095238095238095
653,19,2,2,0,0,23,0.8260869565217391
654,15,2,3,0,0,20,0.75
655,19,3,3,0,0,25,0.76
656,17,3,2,0,0,22,0.7727272727272727
657,17,2,3,0,0,22,0.7727272727272727
658,16,2,2,0,0,20,0.8
659,16,2,3,0,0,21,0.7619047619047619
660,18,2,2,0,0,22,0.8181818181818182
661,15,2,2,0,0,19,0.7894736842105263
662,17,2,1,0,0,20,0.85
663,17,2,3,0,0,22,0.7727272727272727
664,16,3,2,0,0,21,0.7619047619047619
665,18,3,3,0,0,24,0.75
666,16,3,2,0,0,21,0.7619047619047619
667,16,3,2,0,0,21,0.7619047619047619
668,15,2,2,0,0,19,0.7894736842105263
669,14,3,3,0,0,20,0.7
670,16,3,1,0,0,20,0.8
671,17,2,2,0,0,21,0.8095238095238095
672,17,3,3,0,0,23,0.7391304347826086
673,16,2,3,0,0,21,0.7619047619047619
674,16,3,2,0,0,21,0.7619047619047619
675,18,3,2,0,0,23,0.782608695652174
676,16,2,2,0,0,20,0.8
677,16,3,2,0,0,21,0.7619047619047619
678,15,3,2,0,0,20,0.75
679,16,2,1,0,0,19,0.8421052631578947
680,16,2,3,0,0,21,0.7619047619047619
681,18,2,2,0,0,22,0.8181818181818182
682,16,2,3,0,0,21,0.7619047619047619
683,17,2,3,0,0,22,0.7727272727272727
684,15,3,3,0,0,21,0.7142857142857143
685,16,3,2,0,0,21,0.7619047619047619
686,17,3,2,0,0,22,0.7727272727272727
687,16,2,3,0,0,21,0.7619047619047619
688,16,2,2,0,0,20,0.8
689,18,3,2,0,0,23,0.782608695652174
690,17,2,2,0,0,21,0.8095238095238095
691,15,2,3,0,0,20,0.75
692,17,2,2,0,0,21,0.8095238095238095
693,16,3,2,0,0,21,0.7619047619047619
694,16,2,3,0,0,21,0.7619047619047619
695,17,2,3,0,0,22,0.7727272727272727
696,17,2,3,0,0,22,0.7727272727272727
697,16,3,2,0,0,21,0.7619047619047619
698,15,3,3,0,0,21,0.7142857142857143
699,16,2,3,0,0,21,0.7619047619047619
700,15,3,3,0,0,21,0.7142857142857143
701,17,2,3,0,0,22,0.7727272727272727
702,14,3,3,0,0,20,0.7
703,16,3,1,0,0,20,0.8
704,18,2,2,0,0,22,0.8181818181818182
705,14,2,2,0,0,18,0.7777777777777778
706,16,3,3,0,0,22,0.7272727272727273
707,17,3,3,0,0,23,0.7391304347826086
708,17,3,3,0,0,23,0.7391304347826086
709,14,2,3,0,0,19,0.7368421052631579
710,17,3,3,0,0,23,0.7391304347826086
711,17,2,2,0,0,21,0.8095238095238095
712,18,2,2,0,0,22,0.8181818181818182
713,17,2,3,0,0,22,0.7727272727272727
714,17,2,2,0,0,21,0.8095238095238095
715,12,2,2,0,0,16,0.75
716,17,3,2,0,0,22,0.7727272727272727
717,18,3,3,0,0,24,0.75
718,17,2,3,0,0,22,0.7727272727272727
719,18,3,3,0,0,24,0.75
720,18,3,3,0,0,24,0.75
721,19,3,3,0,0,25,0.76
722,19,2,3,0,0,24,0.7916666666666666
723,17,3,3,0,0,23,0.7391304347826086
724,18,2,3,0,0,23,0.782608695652174
725,16,3,3,0,0,22,0.7272727272727273
726,16,3,3,0,0,22,0.7272727272727273
727,17,2,3,0,0,22,0.7727272727272727
728,16,2,2,0,0,20,0.8
729,18,2,3,0,0,23,0.782608695652174
730,14,3,3,0,0,20,0.7
731,18,2,3,0,0,23,0.782608695652174
732,16,2,3,0,0,21,0.7619047619047619
733,15,3,2,0,0,20,0.75
734,14,2,3,0,0,19,0.7368421052631579
735,17,2,3,0,0,22,0.7727272727272727
736,15,3,3,0,0,21,0.7142857142857143
737,16,2,3,0,0,21,0.7619047619047619
738,16,2,3,0,0,21,0.7619047619047619
739,18,2,3,0,0,23,0.782608695652174
740,18,3,2,0,0,23,0.782608695652174
741,15,3,2,0,0,20,0.75
742,17,2,3,0,0,22,0.7727272727272727
743,17,3,2,0,0,22,0.7727272727272727
744,17,2,3,0,0,22,0.7727272727272727
745,12,2,3,0,0,17,0.7058823529411765
746,16,3,3,0,0,22,0.7272727272727273
747,17,2,2,0,0,21,0.8095238095238095
748,16,2,2,0,0,20,0.8
749,17,3,3,0,0,23,0.7391304347826086
750,15,2,2,0,0,19,0.7894736842105263
751,16,2,2,0,0,20,0.8
752,16,2,2,0,0,20,0.8
753,16,2,3,0,0,21,0.7619047619047619
754,17,2,2,0,0,21,0.8095238095238095
755,17,2,2,0,0,21,0.8095238095238095
756,17,2,1,0,0,20,0.85
757,18,2,2,0,0,22,0.8181818181818182
758,18,3,2,0,0,23,0.782608695652174
759,15,3,3,0,0,21,0.7142857142857143
760,17,3,2,0,0,22,0.7727272727272727
761,19,2,3,0,0,24,0.7916666666666666
762,17,3,2,0,0,22,0.7727272727272727
763,15,3,2,0,0,20,0.75
764,19,3,2,0,0,24,0.7916666666666666
765,12,3,2,0,0,17,0.7058823529411765
766,15,3,2,0,0,20,0.75
767,16,3,2,0,0,21,0.7619047619047619
768,17,3,2,0,0,22,0.7727272727272727
769,14,2,2,0,0,18,0.7777777777777778
770,17,3,3,0,0,23,0.7391304347826086
771,17,3,3,0,0,23,0.7391304347826086
772,16,2,2,0,0,20,0.8
773,16,3,2,0,0,21,0.7619047619047619
774,16,3,2,0,0,21,0.7619047619047619
775,18,2,2,0,0,22,0.8181818181818182
776,16,2,2,0,0,20,0.8
777,17,3,2,0,0,22,0.7727272727272727
778,17,2,2,0,0,21,0.8095238095238095
779,19,3,3,0,0,25,0.76
780,15,2,2,0,0,19,0.7894736842105263
781,17,2,2,0,0,21,0.8095238095238095
782,17,3,2,0,0,22,0.7727272727272727
783,16,3,3,0,0,22,0.7272727272727273
784,14,3,3,0,0,20,0.7
785,17,3,3,0,0,23,0.7391304347826086
786,15,3,2,0,0,20,0.75
787,17,2,2,0,0,21,0.8095238095238095
788,19,2,2,0,0,23,0.8260869565217391
789,15,3,3,0,0,21,0.7142857142857143
790,15,3,3,0,0,21,0.7142857142857143
791,17,3,2,0,0,22,0.7727272727272727
792,19,2,2,0,0,23,0.8260869565217391
793,15,2,2,0,0,19,0.7894736842105263
794,17,2,2,0,0,21,0.8095238095238095
795,16,3,2,0,0,21,0.7619047619047619
796,17,2,2,0,0,21,0.8095238095238095
797,16,2,3,0,0,21,0.7619047619047619
798,18,2,3,0,0,23,0.782608695652174
799,15,2,3,0,0,20,0.75
800,17,2,3,0,0,22,0.7727272727272727
801,14,2,2,0,0,18,0.7777777777777778
802,15,2,3,0,0,20,0.75
803,14,2,2,0,0,18,0.7777777777777778
804,17,2,3,0,0,22,0.7727272727272727
805,17,2,2,0,0,21,0.8095238095238095
806,15,2,2,0,0,19,0.7894736842105263
807,18,3,3,0,0,24,0.75
808,17,2,2,0,0,21,0.8095238095238095
809,16,3,3,0,0,22,0.7272727272727273
810,18,2,2,0,0,22,0.8181818181818182
811,14,3,3,0,0,20,0.7
812,12,2,3,0,0,17,0.7058823529411765
813,16,2,2,0,0,20,0.8
814,17,2,3,0,0,22,0.7727272727272727
815,19,2,3,0,0,24,0.7916666666666666
816,13,3,3,0,0,19,0.6842105263157895
817,16,3,2,0,0,21,0.7619047619047619
818,18,3,3,0,0,24,0.75
819,17,3,2,0,0,22,0.7727272727272727
820,16,2,3,0,0,21,0.7619047619047619
821,16,2,2,0,0,20,0.8
822,17,3,2,0,0,22,0.7727272727272727
823,17,3,1,0,0,21,0.8095238095238095
824,17,3,2,0,0,22,0.7727272727272727
825,15,3,3,0,0,21,0.7142857142857143
826,13,2,3,0,0,18,0.7222222222222222
827,15,3,3,0,0,21,0.7142857142857143
828,15,2,2,0,0,19,0.7894736842105263
829,16,2,2,0,0,20,0.8
830,17,2,2,0,0,21,0.8095238095238095
831,16,3,3,0,0,22,0.7272727272727273
832,16,2,2,0,0,20,0.8
833,18,2,2,0,0,22,0.8181818181818182
834,16,2,3,0,0,21,0.7619047619047619
835,15,2,3,0,0,20,0.75
836,16,2,2,0,0,20,0.8
837,16,2,3,0,0,21,0.7619047619047619
838,16,3,2,0,0,21,0.7619047619047619
839,17,3,3,0,0,23,0.7391304347826086
840,17,2,2,0,0,21,0.8095238095238095
841,17,2,3,0,0,22,0.7727272727272727
842,17,3,2,0,0,22,0.7727272727272727
843,18,2,3,0,0,23,0.782608695652174
844,18,3,2,0,0,23,0.782608695652174
845,16,2,2,0,0,20,0.8
846,19,2,3,0,0,24,0.7916666666666666
847,17,3,2,0,0,22,0.7727272727272727
848,18,3,3,0,0,24,0.75
849,17,3,3,0,0,23,0.7391304347826086
850,15,3,2,0,0,20,0.75
851,15,2,2,0,0,19,0.7894736842105263
852,17,3,2,0,0,22,0.7727272727272727
853,17,3,3,0,0,23,0.7391304347826086
854,18,3,2,0,0,23,0.782608695652174
855,16,3,2,0,0,21,0.7619047619047619
856,17,2,3,0,0,22,0.7727272727272727
857,16,3,2,0,0,21,0.7619047619047619
858,16,3,3,0,0,22,0.7272727272727273
859,15,3,2,0,0,20,0.75
860,19,3,3,0,0,25,0.76
861,16,3,3,0,0,22,0.7272727272727273
862,15,3,3,0,0,21,0.7142857142857143
863,17,3,2,0,0,22,0.7727272727272727
864,15,3,3,0,0,21,0.7142857142857143
865,18,3,3,0,0,24,0.75
866,17,3,3,0,0,23,0.7391304347826086
867,18,3,3,0,0,24,0.75
868,19,2,2,0,0,23,0.8260869565217391
869,14,3,3,0,0,20,0.7
870,15,3,2,0,0,20,0.75
871,17,3,3,0,0,23,0.7391304347826086
872,15,3,2,0,0,20,0.75
873,17,3,2,0,0,22,0.7727272727272727
874,17,3,3,0,0,23,0.7391304347826086
875,18,3,2,0,0,23,0.782608695652174
876,16,3,3,0,0,22,0.7272727272727273
877,18,3,3,0,0,24,0.75
878,16,4,2,0,0,22,0.7272727272727273
879,17,3,2,0,0,22,0.7727272727272727
880,18,3,3,0,0,24,0.75
881,16,3,2,0,0,21,0.7619047619047619
882,17,3,3,0,0,23,0.7391304347826086
883,17,3,3,0,0,23,0.7391304347826086
884,15,2,3,0,0,20,0.75
885,16,3,2,0,0,21,0.7619047619047619
886,13,3,3,0,0,19,0.6842105263157895
887,16,3,3,0,0,22,0.7272727272727273
888,18,3,2,0,0,23,0.782608695652174
889,16,3,3,0,0,22,0.7272727272727273
890,17,3,3,0,0,23,0.7391304347826086
891,17,2,2,0,0,21,0.8095238095238095
892,14,2,3,0,0,19,0.7368421052631579
893,15,3,3,0,0,21,0.7142857142857143
894,16,3,2,0,0,21,0.7619047619047619
895,16,3,2,0,0,21,0.7619047619047619
896,16,3,1,0,0,20,0.8
897,14,3,3,0,0,20,0.7
898,17,3,2,0,0,22,0.7727272727272727
899,17,4,2,0,0,23,0.7391304347826086
900,16,3,3,0,0,22,0.7272727272727273
901,17,2,2,0,0,21,0.8095238095238095
902,17,3,2,0,0,22,0.7727272727272727
903,16,3,3,0,0,22,0.7272727272727273
904,16,2,3,0,0,21,0.7619047619047619
905,15,2,1,0,0,18,0.8333333333333334
906,16,3,2,0,0,21,0.7619047619047619
907,17,3,3,0,0,23,0.7391304347826086
908,17,2,2,0,0,21,0.8095238095238095
909,17,2,2,0,0,21,0.8095238095238095
910,16,3,2,0,0,21,0.7619047619047619
911,15,3,2,0,0,20,0.75
912,13,3,3,0,0,19,0.6842105263157895
913,15,3,2,0,0,20,0.75
914,16,3,3,0,0,22,0.7272727272727273
915,14,3,2,0,0,19,0.7368421052631579
916,14,3,3,0,0,20,0.7
917,15,3,3,0,0,21,0.7142857142857143
918,16,3,3,0,0,22,0.7272727272727273
919,16,3,2,0,0,21,0.7619047619047619
920,14,2,3,0,0,19,0.7368421052631579
921,18,2,2,0,0,22,0.8181818181818182
922,15,3,3,0,0,21,0.7142857142857143
923,16,3,3,0,0,22,0.7272727272727273
924,17,3,2,0,0,22,0.7727272727272727
925,14,3,3,0,0,20,0.7
926,16,3,3,0,0,22,0.7272727272727273
927,17,3,3,0,0,23,0.7391304347826086
928,14,3,3,0,0,20,0.7
929,17,3,2,0,0,22,0.7727272727272727
930,14,2,3,0,0,19,0.7368421052631579
931,17,3,3,0,0,23,0.7391304347826086
932,16,3,3,0,0,22,0.7272727272727273
933,17,2,3,0,0,22,0.7727272727272727
934,16,2,2,0,0,20,0.8
935,15,2,3,0,0,20,0.75
936,17,3,3,0,0,23,0.7391304347826086
937,16,2,4,0,0,22,0.7272727272727273
938,15,2,3,0,0,20,0.75
939,16,2,3,0,0,21,0.7619047619047619
940,16,2,3,0,0,21,0.7619047619047619
941,16,2,3,0,0,21,0.7619047619047619
942,17,2,3,0,0,22,0.7727272727272727
943,15,2,2,0,0,19,0.7894736842105263
944,15,2,3,0,0,20,0.75
945,17,3,2,0,0,22,0.7727272727272727
946,16,2,3,0,0,21,0.7619047619047619
947,15,2,3,0,0,20,0.75
948,16,2,3,0,0,21,0.7619047619047619
949,18,3,2,0,0,23,0.782608695652174
950,18,2,3,0,0,23,0.782608695652174
951,17,2,2,0,0,21,0.8095238095238095
952,15,2,3,0,0,20,0.75
953,17,2,3,0,0,22,0.7727272727272727
954,17,2,2,0,0,21,0.8095238095238095
955,19,2,3,0,0,24,0.7916666666666666
956,19,2,3,0,0,24,0.7916666666666666
957,16,2,3,0,0,21,0.7619047619047619
958,17,2,3,0,0,22,0.7727272727272727
959,17,2,3,0,0,22,0.7727272727272727
960,19,2,3,0,0,24,0.7916666666666666
961,16,3,3,0,0,22,0.7272727272727273
962,17,2,3,0,0,22,0.7727272727272727
963,16,2,3,0,0,21,0.7619047619047619
964,17,2,2,0,0,21,0.8095238095238095
965,16,3,3,0,0,22,0.7272727272727273
966,16,2,3,0,0,21,0.7619047619047619
967,18,2,3,0,0,23,0.782608695652174
968,16,2,3,0,0,21,0.7619047619047619
969,15,2,3,0,0,20,0.75
970,15,2,3,0,0,20,0.75
971,17,2,3,0,0,22,0.7727272727272727
972,18,2,3,0,0,23,0.782608695652174
973,17,2,3,0,0,22,0.7727272727272727
974,18,3,2,0,0,23,0.782608695652174
975,17,3,1,0,0,21,0.8095238095238095
976,18,2,3,0,0,23,0.782608695652174
977,19,2,3,0,0,24,0.7916666666666666
978,16,2,3,0,0,21,0.7619047619047619
979,18,2,3,0,0,23,0.782608695652174
980,17,2,1,0,0,20,0.85
981,17,2,3,0,0,22,0.7727272727272727
982,16,2,3,0,0,21,0.7619047619047619
983,17,2,3,0,0,22,0.7727272727272727
984,17,2,3,0,0,22,0.7727272727272727
985,17,2,3,0,0,22,0.7727272727272727
986,18,2,2,0,0,22,0.8181818181818182
987,17,2,3,0,0,22,0.7727272727272727
988,15,2,3,0,0,20,0.75
989,17,3,2,0,0,22,0.7727272727272727
990,15,3,3,0,0,21,0.7142857142857143
991,14,2,3,0,0,19,0.7368421052631579
992,15,2,3,0,0,20,0.75
993,14,2,3,0,0,19,0.7368421052631579
994,15,2,3,0,0,20,0.75
995,15,3,3,0,0,21,0.7142857142857143
996,16,2,3,0,0,21,0.7619047619047619
997,15,2,3,0,0,20,0.75
998,15,2,3,0,0,20,0.75
999,15,3,2,0,0,20,0.75
1000,16,2,3,0,0,21,0.7619047619047619
1001,14,2,2,0,0,18,0.7777777777777778
1002,12,3,2,0,0,17,0.7058823529411765
1003,14,3,2,0,0,19,0.7368421052631579
1004,12,2,2,0,0,16,0.75
1005,15,2,2,0,0,19,0.7894736842105263
1006,14,2,2,0,0,18,0.7777777777777778
1007,14,2,3,0,0,19,0.7368421052631579
1008,14,2,3,0,0,19,0.7368421052631579
1009,16,2,3,0,0,21,0.7619047619047619
1010,13,2,3,0,0,18,0.7222222222222222
1011,17,3,2,0,0,22,0.7727272727272727
1012,17,2,3,0,0,22,0.7727272727272727
1013,17,2,3,0,0,22,0.7727272727272727
1014,16,3,3,0,0,22,0.7272727272727273
1015,15,2,3,0,0,20,0.75
1016,16,2,3,0,0,21,0.7619047619047619
1017,15,2,3,0,0,20,0.75
1018,16,2,3,0,0,21,0.7619047619047619
1019,14,2,3,0,0,19,0.7368421052631579
1020,18,2,3,0,0,23,0.782608695652174
1021,17,2,3,0,0,22,0.7727272727272727
1022,18,2,2,0,0,22,0.8181818181818182
1023,18,2,2,0,0,22,0.8181818181818182
1024,17,2,3,0,0,22,0.7727272727272727
1025,16,3,3,0,0,22,0.7272727272727273
1026,18,2,3,0,0,23,0.782608695652174
1027,18,3,3,0,0,24,0.75
1028,16,2,3,0,0,21,0.7619047619047619
1029,16,2,3,0,0,21,0.7619047619047619
1030,17,2,3,0,0,22,0.7727272727272727
1031,18,2,3,0,0,23,0.782608695652174
1032,18,3,2,0,0,23,0.782608695652174
1033,18,2,2,0,0,22,0.8181818181818182
1034,18,3,3,0,0,24,0.75
1035,18,2,3,0,0,23,0.782608695652174
1036,18,2,3,0,0,23,0.782608695652174
1037,15,2,3,0,0,20,0.75
1038,18,2,3,0,0,23,0.782608695652174
1039,18,2,1,0,0,21,0.8571428571428571
1040,15,2,2,0,0,19,0.7894736842105263
1041,19,2,3,0,0,24,0.7916666666666666
1042,18,2,2,0,0,22,0.8181818181818182
1043,17,2,3,0,0,22,0.7727272727272727
1044,17,2,3,0,0,22,0.7727272727272727
1045,18,2,3,0,0,23,0.782608695652174
1046,17,2,2,0,0,21,0.8095238095238095
1047,17,2,2,0,0,21,0.8095238095238095
1048,18,3,2,0,0,23,0.782608695652174
1049,17,2,2,0,0,21,0.8095238095238095
1050,18,2,1,0,0,21,0.8571428571428571
1051,16,2,2,0,0,20,0.8
1052,17,3,3,0,0,23,0.7391304347826086
1053,15,2,3,0,0,20,0.75
1054,17,2,2,0,0,21,0.8095238095238095
1055,17,2,3,0,0,22,0.7727272727272727
1056,17,2,3,0,0,22,0.7727272727272727
1057,19,3,3,0,0,25,0.76
1058,17,2,2,0,0,21,0.8095238095238095
1059,19,3,3,0,0,25,0.76
1060,19,3,2,0,0,24,0.7916666666666666
1061,17,2,3,0,0,22,0.7727272727272727
1062,17,2,3,0,0,22,0.7727272727272727
1063,17,3,3,0,0,23,0.7391304347826086
1064,15,3,3,0,0,21,0.7142857142857143
1065,16,2,3,0,0,21,0.7619047619047619
1066,17,3,3,0,0,23,0.7391304347826086
1067,16,2,3,0,0,21,0.7619047619047619
1068,18,3,3,0,0,24,0.75
1069,14,3,3,0,0,20,0.7
1070,16,3,3,0,0,22,0.7272727272727273
1071,17,2,3,0,0,22,0.7727272727272727
1072,17,3,3,0,0,23,0.7391304347826086
1073,17,3,3,0,0,23,0.7391304347826086
1074,16,2,2,0,0,20,0.8
1075,18,2,2,0,0,22,0.8181818181818182
1076,19,3,3,0,0,25,0.76
1077,18,2,3,0,0,23,0.782608695652174
1078,16,2,3,0,0,21,0.7619047619047619
1079,18,3,3,0,0,24,0.75
1080,18,2,3,0,0,23,0.782608695652174
1081,17,2,3,0,0,22,0.7727272727272727
1082,18,2,3,0,0,23,0.782608695652174
1083,16,2,3,0,0,21,0.7619047619047619
1084,17,3,2,0,0,22,0.7727272727272727
1085,17,3,3,0,0,23,0.7391304347826086
1086,16,2,1,0,0,19,0.8421052631578947
1087,17,3,3,0,0,23,0.7391304347826086
1088,17,2,3,0,0,22,0.7727272727272727
1089,18,2,3,0,0,23,0.782608695652174
1090,18,2,2,0,0,22,0.8181818181818182
1091,18,2,2,0,0,22,0.8181818181818182
1092,17,2,3,0,0,22,0.7727272727272727
1093,16,3,3,0,0,22,0.7272727272727273
1094,16,2,3,0,0,21,0.7619047619047619
1095,18,2,2,0,0,22,0.8181818181818182
1096,17,2,3,0,0,22,0.7727272727272727
1097,16,2,3,0,0,21,0.7619047619047619
1098,17,2,3,0,0,22,0.7727272727272727
1099,18,3,2,0,0,23,0.782608695652174
1100,17,2,3,0,0,22,0.7727272727272727
1101,19,2,2,0,0,23,0.8260869565217391
1102,18,2,3,0,0,23,0.782608695652174
1103,17,3,3,0,0,23,0.7391304347826086
1104,16,2,2,0,0,20,0.8
1105,17,3,3,0,0,23,0.7391304347826086
1106,16,3,2,0,0,21,0.7619047619047619
1107,18,2,3,0,0,23,0.782608695652174
1108,16,2,3,0,0,21,0.7619047619047619
1109,18,2,3,0,0,23,0.782608695652174
1110,16,2,2,0,0,20,0.8
1111,18,2,3,0,0,23,0.782608695652174
1112,18,3,2,0,0,23,0.782608695652174
1113,18,3,1,0,0,22,0.8181818181818182
1114,17,2,2,0,0,21,0.8095238095238095
1115,16,2,2,0,0,20,0.8
1116,18,2,2,0,0,22,0.8181818181818182
1117,16,2,2,0,0,20,0.8
1118,17,3,2,0,0,22,0.7727272727272727
1119,16,2,1,0,0,19,0.8421052631578947
1120,18,2,3,0,0,23,0.782608695652174
1121,15,2,3,0,0,20,0.75
1122,17,2,2,0,0,21,0.8095238095238095
1123,17,2,3,0,0,22,0.7727272727272727
1124,17,2,3,0,0,22,0.7727272727272727
1125,15,3,3,0,0,21,0.7142857142857143
1126,18,2,2,0,0,22,0.8181818181818182
1127,14,2,3,0,0,19,0.7368421052631579
1128,15,2,2,0,0,19,0.7894736842105263
1129,16,3,2,0,0,21,0.7619047619047619
1130,17,2,3,0,0,22,0.7727272727272727
1131,17,2,3,0,0,22,0.7727272727272727
1132,16,3,2,0,0,21,0.7619047619047619
1133,16,3,1,0,0,20,0.8
1134,16,2,1,0,0,19,0.8421052631578947
1135,16,2,2,0,0,20,0.8
1136,18,3,2,0,0,23,0.782608695652174
1137,17,3,3,0,0,23,0.7391304347826086
1138,17,3,3,0,0,23,0.7391304347826086
1139,17,3,3,0,0,23,0.7391304347826086
1140,17,2,4,0,0,23,0.7391304347826086
1141,18,3,2,0,0,23,0.782608695652174
1142,17,3,3,0,0,23,0.7391304347826086
1143,17,2,3,0,0,22,0.7727272727272727
1144,15,2,3,0,0,20,0.75
1145,16,3,3,0,0,22,0.7272727272727273
1146,16,3,3,0,0,22,0.7272727272727273
1147,16,3,3,0,0,22,0.7272727272727273
1148,14,3,3,0,0,20,0.7
1149,15,3,2,0,0,20,0.75
1150,16,2,2,0,0,20,0.8
1151,16,2,3,0,0,21,0.7619047619047619
1152,18,3,3,0,0,24,0.75
1153,17,2,2,0,0,21,0.8095238095238095
1154,18,2,3,0,0,23,0.782608695652174
1155,16,2,3,0,0,21,0.7619047619047619
1156,17,3,2,0,0,22,0.7727272727272727
1157,18,2,1,0,0,21,0.8571428571428571
1158,17,3,3,0,0,23,0.7391304347826086
1159,14,3,2,0,0,19,0.7368421052631579
1160,17,2,2,0,0,21,0.8095238095238095
1161,18,2,3,0,0,23,0.782608695652174
1162,18,2,3,0,0,23,0.782608695652174
1163,18,3,2,0,0,23,0.782608695652174
1164,17,3,3,0,0,23,0.7391304347826086
1165,14,2,3,0,0,19,0.7368421052631579
1166,15,3,3,0,0,21,0.7142857142857143
1167,16,2,3,0,0,21,0.7619047619047619
1168,17,3,2,0,0,22,0.7727272727272727
1169,17,2,1,0,0,20,0.85
1170,17,3,2,0,0,22,0.7727272727272727
1171,15,2,2,0,0,19,0.7894736842105263
1172,17,2,2,0,0,21,0.8095238095238095
1173,16,2,3,0,0,21,0.7619047619047619
1174,17,3,3,0,0,23,0.7391304347826086
1175,17,2,2,0,0,21,0.8095238095238095
1176,15,2,3,0,0,20,0.75
1177,15,2,3,0,0,20,0.75
1178,17,2,3,0,0,22,0.7727272727272727
1179,16,2,3,0,0,21,0.7619047619047619
1180,16,2,3,0,0,21,0.7619047619047619
1181,18,2,2,0,0,22,0.8181818181818182
1182,15,2,4,0,0,21,0.7142857142857143
1183,17,2,3,0,0,22,0.7727272727272727
1184,17,2,3,0,0,22,0.7727272727272727
1185,17,3,3,0,0,23,0.7391304347826086
1186,17,3,3,0,0,23,0.7391304347826086
1187,18,2,3,0,0,23,0.782608695652174
1188,17,2,2,0,0,21,0.8095238095238095
1189,16,3,3,0,0,22,0.7272727272727273
1190,17,3,3,0,0,23,0.7391304347826086
1191,15,2,3,0,0,20,0.75
1192,13,3,3,0,0,19,0.6842105263157895
1193,15,3,2,0,0,20,0.75
1194,17,2,3,0,0,22,0.7727272727272727
1195,16,2,3,0,0,21,0.7619047619047619
1196,18,3,2,0,0,23,0.782608695652174
1197,16,2,3,0,0,21,0.7619047619047619
1198,16,2,1,0,0,19,0.8421052631578947
1199,17,2,1,0,0,20,0.85
1200,18,2,3,0,0,23,0.782608695652174
1201,15,3,2,0,0,20,0.75
1202,17,3,2,0,0,22,0.7727272727272727
1203,17,2,2,0,0,21,0.8095238095238095
1204,16,2,2,0,0,20,0.8
1205,13,2,2,0,0,17,0.7647058823529411
1206,16,2,2,0,0,20,0.8
1207,17,2,2,0,0,21,0.8095238095238095
1208,16,3,2,0,0,21,0.7619047619047619
1209,17,2,2,0,0,21,0.8095238095238095
1210,18,2,1,0,0,21,0.8571428571428571
1211,17,2,2,0,0,21,0.8095238095238095
1212,18,2,2,0,0,22,0.8181818181818182
1213,16,2,2,0,0,20,0.8
1214,16,3,1,0,0,20,0.8
1215,17,3,1,0,0,21,0.8095238095238095
1216,18,3,1,0,0,22,0.8181818181818182
1217,17,2,2,0,0,21,0.8095238095238095
1218,15,2,3,0,0,20,0.75
1219,17,2,2,0,0,21,0.8095238095238095
1220,15,2,3,0,0,20,0.75
1221,18,2,1,0,0,21,0.8571428571428571
1222,17,2,2,0,0,21,0.8095238095238095
1223,14,2,2,0,0,18,0.7777777777777778
1224,17,2,2,0,0,21,0.8095238095238095
1225,16,2,1,0,0,19,0.8421052631578947
1226,18,2,2,0,0,22,0.8181818181818182
1227,18,2,1,0,0,21,0.8571428571428571
1228,16,2,2,0,0,20,0.8
1229,16,2,1,0,0,19,0.8421052631578947
1230,16,3,2,0,0,21,0.7619047619047619
1231,16,2,1,0,0,19,0.8421052631578947
1232,17,2,2,0,0,21,0.8095238095238095
1233,15,2,3,0,0,20,0.75
1234,16,3,3,0,0,22,0.7272727272727273
1235,17,2,1,0,0,20,0.85
1236,15,3,1,0,0,19,0.7894736842105263
1237,16,3,2,0,0,21,0.7619047619047619
1238,15,2,2,0,0,19,0.7894736842105263
1239,16,2,2,0,0,20,0.8
1240,17,2,2,0,0,21,0.8095238095238095
1241,16,2,2,0,0,20,0.8
1242,17,3,2,0,0,22,0.7727272727272727
1243,16,3,2,0,0,21,0.7619047619047619
1244,14,2,3,0,0,19,0.7368421052631579
1245,15,2,2,0,0,19,0.7894736842105263
1246,16,2,2,0,0,20,0.8
1247,16,2,3,0,0,21,0.7619047619047619
1248,16,2,3,0,0,21,0.7619047619047619
1249,13,3,3,0,0,19,0.6842105263157895
1250,15,2,3,0,0,20,0.75
1251,15,3,2,0,0,20,0.75
1252,14,2,3,0,0,19,0.7368421052631579
1253,15,2,3,0,0,20,0.75
1254,17,2,2,0,0,21,0.8095238095238095
1255,17,2,2,0,0,21,0.8095238095238095
1256,18,3,3,0,0,24,0.75
1257,14,2,3,0,0,19,0.7368421052631579
1258,17,2,3,0,0,22,0.7727272727272727
1259,11,2,2,0,0,15,0.7333333333333333
1260,15,2,3,0,0,20,0.75
1261,14,3,3,0,0,20,0.7
1262,14,2,3,0,0,19,0.7368421052631579
1263,17,3,3,0,0,23,0.7391304347826086
1264,14,2,3,0,0,19,0.7368421052631579
1265,16,2,3,0,0,21,0.7619047619047619
1266,15,3,3,0,0,21,0.7142857142857143
1267,16,2,2,0,0,20,0.8
1268,18,2,3,0,0,23,0.782608695652174
1269,17,2,3,0,0,22,0.7727272727272727
1270,17,3,2,0,0,22,0.7727272727272727
1271,17,2,2,0,0,21,0.8095238095238095
1272,18,2,3,0,0,23,0.782608695652174
1273,17,2,3,0,0,22,0.7727272727272727
1274,18,3,3,0,0,24,0.75
1275,16,2,2,0,0,20,0.8
1276,13,3,2,0,0,18,0.7222222222222222
1277,14,2,3,0,0,19,0.7368421052631579
1278,15,2,3,0,0,20,0.75
1279,16,2,2,0,0,20,0.8
1280,18,3,2,0,0,23,0.782608695652174
1281,15,3,3,0,0,21,0.7142857142857143
1282,15,2,3,0,0,20,0.75
1283,18,3,2,0,0,23,0.782608695652174
1284,14,2,3,0,0,19,0.7368421052631579
1285,16,2,3,0,0,21,0.7619047619047619
1286,16,2,1,0,0,19,0.8421052631578947
1287,15,2,2,0,0,19,0.7894736842105263
1288,14,2,3,0,0,19,0.7368421052631579
1289,17,2,2,0,0,21,0.8095238095238095
1290,16,3,3,0,0,22,0.7272727272727273
1291,14,3,3,0,0,20,0.7
1292,16,3,3,0,0,22,0.7272727272727273
1293,16,2,1,0,0,19,0.8421052631578947
1294,18,3,2,0,0,23,0.782608695652174
1295,18,2,2,0,0,22,0.8181818181818182
1296,15,2,2,0,0,19,0.7894736842105263
1297,17,2,2,0,0,21,0.8095238095238095
1298,14,2,3,0,0,19,0.7368421052631579
1299,17,2,3,0,0,22,0.7727272727272727
1300,16,2,3,0,0,21,0.7619047619047619
1301,13,2,2,0,0,17,0.7647058823529411
1302,16,3,3,0,0,22,0.7272727272727273
1303,15,3,2,0,0,20,0.75
1304,16,2,2,0,0,20,0.8
1305,14,2,3,0,0,19,0.7368421052631579
1306,14,3,3,0,0,20,0.7
1307,15,2,2,0,0,19,0.7894736842105263
1308,16,2,3,0,0,21,0.7619047619047619
1309,15,2,3,0,0,20,0.75
1310,17,2,3,0,0,22,0.7727272727272727
1311,17,3,3,0,0,23,0.7391304347826086
1312,17,2,1,0,0,20,0.85
1313,15,3,3,0,0,21,0.7142857142857143
1314,15,2,3,0,0,20,0.75
1315,14,2,2,0,0,18,0.7777777777777778
1316,16,2,2,0,0,20,0.8
1317,15,2,3,0,0,20,0.75
1318,18,2,2,0,0,22,0.8181818181818182
1319,16,2,3,0,0,21,0.7619047619047619
1320,15,2,2,0,0,19,0.7894736842105263
1321,14,3,3,0,0,20,0.7
1322,17,2,3,0,0,22,0.7727272727272727
1323,15,2,2,0,0,19,0.7894736842105263
1324,13,2,3,0,0,18,0.7222222222222222
1325,15,3,2,0,0,20,0.75
1326,15,3,3,0,0,21,0.7142857142857143
1327,17,2,3,0,0,22,0.7727272727272727
1328,16,2,3,0,0,21,0.7619047619047619
1329,15,2,3,0,0,20,0.75
1330,15,2,3,0,0,20,0.75
1331,14,3,3,0,0,20,0.7
1332,13,2,3,0,0,18,0.7222222222222222
1333,15,2,3,0,0,20,0.75
1334,16,3,2,0,0,21,0.7619047619047619
1335,17,3,2,0,0,22,0.7727272727272727
1336,13,2,2,0,0,17,0.7647058823529411
1337,17,3,3,0,0,23,0.7391304347826086
1338,15,3,3,0,0,21,0.7142857142857143
1339,15,2,3,0,0,20,0.75
1340,14,2,3,0,0,19,0.7368421052631579
1341,18,2,3,0,0,23,0.782608695652174
1342,14,2,3,0,0,19,0.7368421052631579
1343,18,2,3,0,0,23,0.782608695652174
1344,13,2,3,0,0,18,0.7222222222222222
1345,13,2,2,0,0,17,0.7647058823529411
1346,17,2,2,0,0,21,0.8095238095238095
1347,14,2,3,0,0,19,0.7368421052631579
1348,18,2,3,0,0,23,0.782608695652174
1349,13,2,2,0,0,17,0.7647058823529411
1350,13,2,3,0,0,18,0.7222222222222222
1351,14,2,2,0,0,18,0.7777777777777778
1352,15,2,3,0,0,20,0.75
1353,14,2,3,0,0,19,0.7368421052631579
1354,17,2,1,0,0,20,0.85
1355,17,3,3,0,0,23,0.7391304347826086
1356,14,2,2,0,0,18,0.7777777777777778
1357,14,3,3,0,0,20,0.7
1358,17,2,2,0,0,21,0.8095238095238095
1359,17,3,2,0,0,22,0.7727272727272727
1360,16,2,2,0,0,20,0.8
1361,16,2,3,0,0,21,0.7619047619047619
1362,13,2,3,0,0,18,0.7222222222222222
1363,15,2,3,0,0,20,0.75
1364,17,3,2,0,0,22,0.7727272727272727
1365,18,2,2,0,0,22,0.8181818181818182
1366,15,2,1,0,0,18,0.8333333333333334
1367,13,2,2,0,0,17,0.7647058823529411
1368,18,2,3,0,0,23,0.782608695652174
1369,16,3,1,0,0,20,0.8
1370,17,2,3,0,0,22,0.7727272727272727
1371,15,3,2,0,0,20,0.75
1372,17,2,2,0,0,21,0.8095238095238095
1373,18,3,2,0,0,23,0.782608695652174
1374,18,2,2,0,0,22,0.8181818181818182
1375,16,2,2,0,0,20,0.8
1376,16,2,2,0,0,20,0.8
1377,16,3,2,0,0,21,0.7619047619047619
1378,18,2,2,0,0,22,0.8181818181818182
1379,17,2,2,0,0,21,0.8095238095238095
1380,18,2,3,0,0,23,0.782608695652174
1381,14,2,2,0,0,18,0.7777777777777778
1382,18,2,2,0,0,22,0.8181818181818182
1383,16,3,2,0,0,21,0.7619047619047619
1384,16,3,3,0,0,22,0.7272727272727273
1385,18,3,3,0,0,24,0.75
1386,18,2,2,0,0,22,0.8181818181818182
1387,17,2,2,0,0,21,0.8095238095238095
1388,13,3,2,0,0,18,0.7222222222222222
1389,16,2,2,0,0,20,0.8
1390,17,2,2,0,0,21,0.8095238095238095
1391,17,2,2,0,0,21,0.8095238095238095
1392,17,3,1,0,0,21,0.8095238095238095
1393,17,3,2,0,0,22,0.7727272727272727
1394,15,2,3,0,0,20,0.75
1395,16,2,3,0,0,21,0.7619047619047619
1396,17,2,2,0,0,21,0.8095238095238095
1397,16,3,3,0,0,22,0.7272727272727273
1398,15,3,2,0,0,20,0.75
1399,17,2,3,0,0,22,0.7727272727272727
1400,16,2,3,0,0,21,0.7619047619047619
1401,17,3,3,0,0,23,0.7391304347826086
1402,17,2,3,0,0,22,0.7727272727272727
1403,17,2,2,0,0,21,0.8095238095238095
1404,15,3,3,0,0,21,0.7142857142857143
1405,17,3,3,0,0,23,0.7391304347826086
1406,18,3,2,0,0,23,0.782608695652174
1407,18,2,3,0,0,23,0.782608695652174
1408,18,2,1,0,0,21,0.8571428571428571
1409,16,2,3,0,0,21,0.7619047619047619
1410,16,3,1,0,0,20,0.8
1411,17,2,3,0,0,22,0.7727272727272727
1412,16,2,2,0,0,20,0.8
1413,17,3,3,0,0,23,0.7391304347826086
1414,17,2,3,0,0,22,0.7727272727272727
1415,13,2,3,0,0,18,0.7222222222222222
1416,16,2,3,0,0,21,0.7619047619047619
1417,16,2,2,0,0,20,0.8
1418,19,2,3,0,0,24,0.7916666666666666
1419,17,2,2,0,0,21,0.8095238095238095
1420,14,2,3,0,0,19,0.7368421052631579
1421,16,2,3,0,0,21,0.7619047619047619
1422,17,2,2,0,0,21,0.8095238095238095
1423,16,3,2,0,0,21,0.7619047619047619
1424,16,2,2,0,0,20,0.8
1425,17,2,2,0,0,21,0.8095238095238095
1426,18,3,2,0,0,23,0.782608695652174
1427,15,3,2,0,0,20,0.75
1428,17,3,1,0,0,21,0.8095238095238095
1429,18,2,3,0,0,23,0.782608695652174
1430,18,2,2,0,0,22,0.8181818181818182
1431,16,3,3,0,0,22,0.7272727272727273
1432,18,3,1,0,0,22,0.8181818181818182
1433,18,3,3,0,0,24,0.75
1434,16,2,3,0,0,21,0.7619047619047619
1435,18,2,2,0,0,22,0.8181818181818182
1436,17,2,2,0,0,21,0.8095238095238095
1437,15,2,2,0,0,19,0.7894736842105263
1438,13,2,2,0,0,17,0.7647058823529411
1439,19,3,2,0,0,24,0.7916666666666666
1440,17,2,2,0,0,21,0.8095238095238095
1441,18,2,3,0,0,23,0.782608695652174
1442,18,2,3,0,0,23,0.782608695652174
1443,16,2,2,0,0,20,0.8
1444,17,2,3,0,0,22,0.7727272727272727
1445,18,3,3,0,0,24,0.75
1446,15,2,3,0,0,20,0.75
1447,17,2,3,0,0,22,0.7727272727272727
1448,18,2,3,0,0,23,0.782608695652174
1449,15,2,3,0,0,20,0.75
1450,18,2,2,0,0,22,0.8181818181818182
1451,17,2,2,0,0,21,0.8095238095238095
1452,17,2,3,0,0,22,0.7727272727272727
1453,17,2,3,0,0,22,0.7727272727272727
1454,17,2,3,0,0,22,0.7727272727272727
1455,15,2,3,0,0,20,0.75
1456,17,2,3,0,0,22,0.7727272727272727
1457,16,2,2,0,0,20,0.8
1458,17,2,1,0,0,20,0.85
1459,14,2,3,0,0,19,0.7368421052631579
1460,17,2,2,0,0,21,0.8095238095238095
1461,15,2,3,0,0,20,0.75
1462,15,2,3,0,0,20,0.75
1463,18,3,2,0,0,23,0.782608695652174
1464,16,3,3,0,0,22,0.7272727272727273
1465,16,3,3,0,0,22,0.7272727272727273
1466,16,3,2,0,0,21,0.7619047619047619
1467,17,2,2,0,0,21,0.8095238095238095
1468,14,2,3,0,0,19,0.7368421052631579
1469,15,2,3,0,0,20,0.75
1470,15,2,3,0,0,20,0.75
1471,17,3,3,0,0,23,0.7391304347826086
1472,17,2,2,0,0,21,0.8095238095238095
1473,17,2,2,0,0,21,0.8095238095238095
1474,16,3,2,0,0,21,0.7619047619047619
1475,17,2,2,0,0,21,0.8095238095238095
1476,15,2,2,0,0,19,0.7894736842105263
1477,16,2,3,0,0,21,0.7619047619047619
1478,18,3,3,0,0,24,0.75
1479,15,3,3,0,0,21,0.7142857142857143
1480,14,3,3,0,0,20,0.7
1481,18,3,3,0,0,24,0.75
1482,17,3,3,0,0,23,0.7391304347826086
1483,13,3,2,0,0,18,0.7222222222222222
1484,14,3,3,0,0,20,0.7
1485,17,3,3,0,0,23,0.7391304347826086
1486,17,3,3,0,0,23,0.7391304347826086
1487,14,2,2,0,0,18,0.7777777777777778
1488,16,2,3,0,0,21,0.7619047619047619
1489,17,3,3,0,0,23,0.7391304347826086
1490,14,3,2,0,0,19,0.7368421052631579
1491,16,2,3,0,0,21,0.7619047619047619
1492,15,3,3,0,0,21,0.7142857142857143
1493,15,3,3,0,0,21,0.7142857142857143
1494,17,4,3,0,0,24,0.7083333333333334
1495,16,2,3,0,0,21,0.7619047619047619
1496,18,3,3,0,0,24,0.75
1497,15,2,3,0,0,20,0.75
1498,16,2,3,0,0,21,0.7619047619047619
1499,15,3,3,0,0,21,0.7142857142857143
1500,15,2,3,0,0,20,0.75
1501,14,3,3,0,0,20,0.7
1502,13,2,3,0,0,18,0.7222222222222222
1503,17,2,2,0,0,21,0.8095238095238095
1504,16,3,2,0,0,21,0.7619047619047619
1505,17,3,3,0,0,23,0.7391304347826086
1506,16,2,3,0,0,21,0.7619047619047619
1507,16,3,3,0,0,22,0.7272727272727273
1508,12,2,2,0,0,16,0.75
1509,15,2,3,0,0,20,0.75
1510,15,2,2,0,0,19,0.7894736842105263
1511,15,2,2,0,0,19,0.7894736842105263
1512,18,2,3,0,0,23,0.782608695652174
1513,14,2,3,0,0,19,0.7368421052631579
1514,14,2,3,0,0,19,0.7368421052631579
1515,15,3,3,0,0,21,0.7142857142857143
1516,15,2,3,0,0,20,0.75
1517,14,2,3,0,0,19,0.7368421052631579
1518,11,2,3,0,0,16,0.6875
1519,15,2,3,0,0,20,0.75
1520,16,2,3,0,0,21,0.7619047619047619
1521,13,2,3,0,0,18,0.7222222222222222
1522,14,2,2,0,0,18,0.7777777777777778
1523,14,2,3,0,0,19,0.7368421052631579
1524,14,2,3,0,0,19,0.7368421052631579
1525,14,3,3,0,0,20,0.7
1526,15,2,3,0,0,20,0.75
1527,15,2,3,0,0,20,0.75
1528,15,2,3,0,0,20,0.75
1529,14,3,3,0,0,20,0.7
1530,14,3,3,0,0,20,0.7
1531,14,2,3,0,0,19,0.7368421052631579
1532,16,2,3,0,0,21,0.7619047619047619
1533,16,3,2,0,0,21,0.7619047619047619
1534,14,3,3,0,0,20,0.7
1535,15,2,3,0,0,20,0.75
1536,14,3,3,0,0,20,0.7
1537,14,3,3,0,0,20,0.7
1538,17,3,1,0,0,21,0.8095238095238095
1539,15,3,3,0,0,21,0.7142857142857143
1540,16,2,3,0,0,21,0.7619047619047619
1541,19,3,3,0,0,25,0.76
1542,15,2,3,0,0,20,0.75
1543,13,3,3,0,0,19,0.6842105263157895
1544,14,2,3,0,0,19,0.7368421052631579
1545,15,2,3,0,0,20,0.75
1546,15,3,1,0,0,19,0.7894736842105263
1547,16,2,3,0,0,21,0.7619047619047619
1548,16,2,3,0,0,21,0.7619047619047619
1549,16,2,3,0,0,21,0.7619047619047619
1550,14,2,3,0,0,19,0.7368421052631579
1551,18,2,3,0,0,23,0.782608695652174
1552,14,3,3,0,0,20,0.7
1553,16,3,3,0,0,22,0.7272727272727273
1554,13,2,3,0,0,18,0.7222222222222222
1555,13,2,3,0,0,18,0.7222222222222222
1556,14,2,3,0,0,19,0.7368421052631579
1557,14,2,3,0,0,19,0.7368421052631579
1558,15,3,2,0,0,20,0.75
1559,16,2,2,0,0,20,0.8
1560,17,2,3,0,0,22,0.7727272727272727
1561,15,2,3,0,0,20,0.75
1562,13,3,3,0,0,19,0.6842105263157895
1563,15,3,2,0,0,20,0.75
1564,13,3,3,0,0,19,0.6842105263157895
1565,17,2,2,0,0,21,0.8095238095238095
1566,16,3,3,0,0,22,0.7272727272727273
1567,15,2,3,0,0,20,0.75
1568,11,2,3,0,0,16,0.6875
1569,16,2,2,0,0,20,0.8
1570,16,3,3,0,0,22,0.7272727272727273
1571,15,3,2,0,0,20,0.75
1572,15,3,2,0,0,20,0.75
1573,17,2,2,0,0,21,0.8095238095238095
1574,17,2,3,0,0,22,0.7727272727272727
1575,14,2,2,0,0,18,0.7777777777777778
1576,16,2,2,0,0,20,0.8
1577,13,2,2,0,0,17,0.7647058823529411
1578,16,2,3,0,0,21,0.7619047619047619
1579,15,2,3,0,0,20,0.75
1580,13,2,3,0,0,18,0.7222222222222222
1581,15,2,2,0,0,19,0.7894736842105263
1582,14,2,3,0,0,19,0.7368421052631579
1583,16,2,3,0,0,21,0.7619047619047619
1584,15,2,3,0,0,20,0.75
1585,14,2,3,0,0,19,0.7368421052631579
1586,15,2,3,0,0,20,0.75
1587,13,2,3,0,0,18,0.7222222222222222
1588,16,3,3,0,0,22,0.7272727272727273
1589,13,3,2,0,0,18,0.7222222222222222
1590,16,3,2,0,0,21,0.7619047619047619
1591,16,2,3,0,0,21,0.7619047619047619
1592,13,3,3,0,0,19,0.6842105263157895
1593,17,3,2,0,0,22,0.7727272727272727
1594,16,3,3,0,0,22,0.7272727272727273
1595,15,2,3,0,0,20,0.75
1596,17,3,2,0,0,22,0.7727272727272727
1597,15,2,2,0,0,19,0.7894736842105263
1598,16,2,2,0,0,20,0.8
1599,18,3,1,0,0,22,0.8181818181818182
1600,15,4,3,0,0,22,0.6818181818181818
1601,15,2,1,0,0,18,0.8333333333333334
1602,16,2,3,0,0,21,0.7619047619047619
1603,12,2,3,0,0,17,0.7058823529411765
1604,17,2,3,0,0,22,0.7727272727272727
1605,15,2,2,0,0,19,0.7894736842105263
1606,15,2,3,0,0,20,0.75
1607,15,3,3,0,0,21,0.7142857142857143
1608,14,3,3,0,0,20,0.7
1609,15,3,2,0,0,20,0.75
1610,16,3,2,0,0,21,0.7619047619047619
1611,15,2,3,0,0,20,0.75
1612,16,3,2,0,0,21,0.7619047619047619
1613,15,2,3,0,0,20,0.75
1614,16,2,3,0,0,21,0.7619047619047619
1615,16,3,3,0,0,22,0.7272727272727273
1616,14,2,3,0,0,19,0.7368421052631579
1617,12,3,2,0,0,17,0.7058823529411765
1618,17,2,2,0,0,21,0.8095238095238095
1619,16,2,3,0,0,21,0.7619047619047619
1620,15,2,3,0,0,20,0.75
1621,15,2,3,0,0,20,0.75
1622,15,3,3,0,0,21,0.7142857142857143
1623,15,3,2,0,0,20,0.75
1624,15,2,3,0,0,20,0.75
1625,14,2,2,0,0,18,0.7777777777777778
1626,14,2,3,0,0,19,0.7368421052631579
1627,15,3,3,0,0,21,0.7142857142857143
1628,18,2,3,0,0,23,0.782608695652174
1629,16,3,3,0,0,22,0.7272727272727273
1630,14,3,3,0,0,20,0.7
1631,14,3,3,0,0,20,0.7
1632,17,2,3,0,0,22,0.7727272727272727
1633,14,2,3,0,0,19,0.7368421052631579
1634,15,2,2,0,0,19,0.7894736842105263
1635,15,2,3,0,0,20,0.75
1636,18,2,2,0,0,22,0.8181818181818182
1637,16,2,3,0,0,21,0.7619047619047619
1638,17,3,3,0,0,23,0.7391304347826086
1639,18,2,3,0,0,23,0.782608695652174
1640,17,2,2,0,0,21,0.8095238095238095
1641,17,2,3,0,0,22,0.7727272727272727
1642,14,2,3,0,0,19,0.7368421052631579
1643,15,3,3,0,0,21,0.7142857142857143
1644,16,3,3,0,0,22,0.7272727272727273
1645,15,2,2,0,0,19,0.7894736842105263
1646,13,2,3,0,0,18,0.7222222222222222
1647,14,2,3,0,0,19,0.7368421052631579
1648,15,2,3,0,0,20,0.75
1649,15,2,2,0,0,19,0.7894736842105263
1650,16,3,3,0,0,22,0.7272727272727273
1651,15,3,2,0,0,20,0.75
1652,17,3,3,0,0,23,0.7391304347826086
1653,15,2,3,0,0,20,0.75
1654,14,3,3,0,0,20,0.7
1655,15,3,3,0,0,21,0.7142857142857143
1656,13,3,3,0,0,19,0.6842105263157895
1657,15,3,3,0,0,21,0.7142857142857143
1658,18,3,3,0,0,24,0.75
1659,14,2,3,0,0,19,0.7368421052631579
1660,15,2,3,0,0,20,0.75
1661,16,2,3,0,0,21,0.7619047619047619
1662,16,3,3,0,0,22,0.7272727272727273
1663,19,3,2,0,0,24,0.7916666666666666
1664,15,3,3,0,0,21,0.7142857142857143
1665,17,3,2,0,0,22,0.7727272727272727
1666,16,1,2,0,0,19,0.8421052631578947
1667,14,3,3,0,0,20,0.7
1668,13,3,3,0,0,19,0.6842105263157895
1669,12,4,3,0,0,19,0.631578947368421
1670,15,2,3,0,0,20,0.75
1671,14,2,3,0,0,19,0.7368421052631579
1672,14,2,3,0,0,19,0.7368421052631579
1673,14,4,2,0,0,20,0.7
1674,16,2,3,0,0,21,0.7619047619047619
1675,14,3,3,0,0,20,0.7
1676,18,2,2,0,0,22,0.8181818181818182
1677,16,3,3,0,0,22,0.7272727272727273
1678,16,2,3,0,0,21,0.7619047619047619
1679,15,2,3,0,0,20,0.75
1680,15,3,2,0,0,20,0.75
1681,16,3,2,0,0,21,0.7619047619047619
1682,16,3,3,0,0,22,0.7272727272727273
1683,14,3,3,0,0,20,0.7
1684,20,3,2,0,0,25,0.8
1685,15,3,3,0,0,21,0.7142857142857143
1686,15,2,2,0,0,19,0.7894736842105263
1687,16,3,2,0,0,21,0.7619047619047619
1688,17,3,3,0,0,23,0.7391304347826086
1689,14,2,3,0,0,19,0.7368421052631579
1690,15,2,2,0,0,19,0.7894736842105263
1691,15,2,3,0,0,20,0.75
1692,15,2,2,0,0,19,0.7894736842105263
1693,15,3,2,0,0,20,0.75
1694,18,2,2,0,0,22,0.8181818181818182
1695,16,3,3,0,0,22,0.7272727272727273
1696,17,3,2,0,0,22,0.7727272727272727
1697,14,3,3,0,0,20,0.7
1698,14,3,3,0,0,20,0.7
1699,17,3,2,0,0,22,0.7727272727272727
1700,13,3,3,0,0,19,0.6842105263157895
1701,15,3,3,0,0,21,0.7142857142857143
1702,17,3,1,0,0,21,0.8095238095238095
1703,17,4,3,0,0,24,0.7083333333333334
1704,15,4,3,0,0,22,0.6818181818181818
1705,18,2,2,0,0,22,0.8181818181818182
1706,17,2,3,0,0,22,0.7727272727272727
1707,18,2,3,0,0,23,0.782608695652174
1708,15,3,2,0,0,20,0.75
1709,18,4,3,0,0,25,0.72
1710,17,3,2,0,0,22,0.7727272727272727
1711,19,3,2,0,0,24,0.7916666666666666
1712,16,4,3,0,0,23,0.6956521739130435
1713,16,3,3,0,0,22,0.7272727272727273
1714,18,2,2,0,0,22,0.8181818181818182
1715,15,3,3,0,0,21,0.7142857142857143
1716,18,3,2,0,0,23,0.782608695652174
1717,17,3,2,0,0,22,0.7727272727272727
1718,16,3,2,0,0,21,0.7619047619047619
1719,18,3,2,0,0,23,0.782608695652174
1720,16,2,2,0,0,20,0.8
1721,16,3,2,0,0,21,0.7619047619047619
1722,16,3,2,0,0,21,0.7619047619047619
1723,15,3,2,0,0,20,0.75
1724,18,2,3,0,0,23,0.782608695652174
1725,13,4,3,0,0,20,0.65
1726,13,3,3,0,0,19,0.6842105263157895
1727,15,3,3,0,0,21,0.7142857142857143
1728,16,4,3,0,0,23,0.6956521739130435
1729,16,2,2,0,0,20,0.8
1730,18,3,2,0,0,23,0.782608695652174
1731,17,2,2,0,0,21,0.8095238095238095
1732,13,2,3,0,0,18,0.7222222222222222
1733,17,2,2,0,0,21,0.8095238095238095
1734,16,2,3,0,0,21,0.7619047619047619
1735,14,2,2,0,0,18,0.7777777777777778
1736,15,2,2,0,0,19,0.7894736842105263
1737,18,2,3,0,0,23,0.782608695652174
1738,17,3,3,0,0,23,0.7391304347826086
1739,17,2,3,0,0,22,0.7727272727272727
1740,18,2,3,0,0,23,0.782608695652174
1741,17,2,3,0,0,22,0.7727272727272727
1742,16,3,2,0,0,21,0.7619047619047619
1743,16,2,2,0,0,20,0.8
1744,18,3,1,0,0,22,0.8181818181818182
1745,15,2,1,0,0,18,0.8333333333333334
1746,17,3,3,0,0,23,0.7391304347826086
1747,19,3,2,0,0,24,0.7916666666666666
1748,17,2,3,0,0,22,0.7727272727272727
1749,17,3,2,0,0,22,0.7727272727272727
1750,16,2,3,0,0,21,0.7619047619047619
1751,15,2,3,0,0,20,0.75
1752,18,4,3,0,0,25,0.72
1753,15,3,2,0,0,20,0.75
1754,18,2,3,0,0,23,0.782608695652174
1755,17,2,2,0,0,21,0.8095238095238095
1756,14,2,2,0,0,18,0.7777777777777778
1757,18,3,3,0,0,24,0.75
1758,15,3,2,0,0,20,0.75
1759,14,3,3,0,0,20,0.7
1760,15,3,2,0,0,20,0.75
1761,16,3,2,0,0,21,0.7619047619047619
1762,18,2,1,0,0,21,0.8571428571428571
1763,18,2,2,0,0,22,0.8181818181818182
1764,15,3,2,0,0,20,0.75
1765,18,3,1,0,0,22,0.8181818181818182
1766,17,2,2,0,0,21,0.8095238095238095
1767,18,2,3,0,0,23,0.782608695652174
1768,17,3,3,0,0,23,0.7391304347826086
1769,18,2,3,0,0,23,0.782608695652174
1770,18,3,3,0,0,24,0.75
1771,18,4,3,0,0,25,0.72
1772,17,3,3,0,0,23,0.7391304347826086
1773,17,2,2,0,0,21,0.8095238095238095
1774,16,3,1,0,0,20,0.8
1775,18,3,2,0,0,23,0.782608695652174
1776,14,2,3,0,0,19,0.7368421052631579
1777,18,3,3,0,0,24,0.75
1778,17,3,3,0,0,23,0.7391304347826086
1779,16,3,3,0,0,22,0.7272727272727273
1780,18,3,2,0,0,23,0.782608695652174
1781,15,2,2,0,0,19,0.7894736842105263
1782,18,3,2,0,0,23,0.782608695652174
1783,14,3,3,0,0,20,0.7
1784,17,2,2,0,0,21,0.8095238095238095
1785,17,2,3,0,0,22,0.7727272727272727
1786,16,2,3,0,0,21,0.7619047619047619
1787,16,2,2,0,0,20,0.8
1788,18,2,1,0,0,21,0.8571428571428571
1789,17,2,3,0,0,22,0.7727272727272727
1790,17,2,3,0,0,22,0.7727272727272727
1791,18,3,3,0,0,24,0.75
1792,15,2,3,0,0,20,0.75
1793,15,2,3,0,0,20,0.75
1794,17,2,3,0,0,22,0.7727272727272727
1795,18,2,3,0,0,23,0.782608695652174
1796,18,2,3,0,0,23,0.782608695652174
1797,17,2,3,0,0,22,0.7727272727272727
1798,17,4,3,0,0,24,0.7083333333333334
1799,18,3,2,0,0,23,0.782608695652174
1800,17,3,3,0,0,23,0.7391304347826086
1801,18,3,3,0,0,24,0.75
1802,18,1,3,0,0,22,0.8181818181818182
1803,18,2,3,0,0,23,0.782608695652174
1804,18,3,3,0,0,24,0.75
1805,15,2,3,0,0,20,0.75
1806,18,3,3,0,0,24,0.75
1807,17,3,3,0,0,23,0.7391304347826086
1808,19,3,2,0,0,24,0.7916666666666666
1809,17,3,1,0,0,21,0.8095238095238095
1810,17,3,2,0,0,22,0.7727272727272727
1811,18,3,2,0,0,23,0.782608695652174
1812,19,2,1,0,0,22,0.8636363636363636
1813,16,3,2,0,0,21,0.7619047619047619
1814,18,3,2,0,0,23,0.782608695652174
1815,17,2,2,0,0,21,0.8095238095238095
1816,19,3,2,0,0,24,0.7916666666666666
1817,16,3,2,0,0,21,0.7619047619047619
1818,18,2,2,0,0,22,0.8181818181818182
1819,18,3,2,0,0,23,0.782608695652174
1820,17,3,1,0,0,21,0.8095238095238095
1821,16,2,2,0,0,20,0.8
1822,17,3,2,0,0,22,0.7727272727272727
1823,19,3,2,0,0,24,0.7916666666666666
1824,18,3,1,0,0,22,0.8181818181818182
1825,18,2,2,0,0,22,0.8181818181818182
1826,18,2,2,0,0,22,0.8181818181818182
1827,19,2,2,0,0,23,0.8260869565217391
1828,16,3,2,0,0,21,0.7619047619047619
1829,14,3,2,0,0,19,0.7368421052631579
1830,16,2,2,0,0,20,0.8
1831,17,3,2,0,0,22,0.7727272727272727
1832,16,3,2,0,0,21,0.7619047619047619
1833,17,3,1,0,0,21,0.8095238095238095
1834,15,3,1,0,0,19,0.7894736842105263
1835,18,3,2,0,0,23,0.782608695652174
1836,16,3,2,0,0,21,0.7619047619047619
1837,17,3,2,0,0,22,0.7727272727272727
1838,16,3,2,0,0,21,0.7619047619047619
1839,16,2,2,0,0,20,0.8
1840,14,3,1,0,0,18,0.7777777777777778
1841,15,3,2,0,0,20,0.75
1842,17,3,2,0,0,22,0.7727272727272727
1843,12,3,2,0,0,17,0.7058823529411765
1844,16,2,1,0,0,19,0.8421052631578947
1845,18,2,2,0,0,22,0.8181818181818182
1846,15,2,1,0,0,18,0.8333333333333334
1847,14,3,2,0,0,19,0.7368421052631579
1848,16,3,2,0,0,21,0.7619047619047619
1849,16,2,1,0,0,19,0.8421052631578947
1850,18,2,2,0,0,22,0.8181818181818182
1851,18,3,2,0,0,23,0.782608695652174
1852,14,3,1,0,0,18,0.7777777777777778
1853,17,3,2,0,0,22,0.7727272727272727
1854,18,3,2,0,0,23,0.782608695652174
1855,15,3,2,0,0,20,0.75
1856,18,2,2,0,0,22,0.8181818181818182
1857,16,3,2,0,0,21,0.7619047619047619
1858,14,3,2,0,0,19,0.7368421052631579
1859,17,2,2,0,0,21,0.8095238095238095
1860,15,3,2,0,0,20,0.75
1861,13,3,2,0,0,18,0.7222222222222222
1862,16,2,2,0,0,20,0.8
1863,12,3,2,0,0,17,0.7058823529411765
1864,17,2,1,0,0,20,0.85
1865,17,2,2,0,0,21,0.8095238095238095
1866,15,1,1,0,0,17,0.8823529411764706
1867,18,2,1,0,0,21,0.8571428571428571
1868,15,2,2,0,0,19,0.7894736842105263
1869,17,3,1,0,0,21,0.8095238095238095
1870,16,1,3,0,0,20,0.8
1871,14,3,2,0,0,19,0.7368421052631579
1872,17,3,3,0,0,23,0.7391304347826086
1873,14,2,2,0,0,18,0.7777777777777778
1874,18,2,3,0,0,23,0.782608695652174
1875,17,2,2,0,0,21,0.8095238095238095
1876,16,2,2,0,0,20,0.8
1877,15,2,3,0,0,20,0.75
1878,14,3,2,0,0,19,0.7368421052631579
1879,15,2,3,0,0,20,0.75
1880,16,3,3,0,0,22,0.7272727272727273
1881,16,3,2,0,0,21,0.7619047619047619
1882,13,2,2,0,0,17,0.7647058823529411
1883,14,2,3,0,0,19,0.7368421052631579
1884,17,2,2,0,0,21,0.8095238095238095
1885,16,2,2,0,0,20,0.8
1886,14,3,3,0,0,20,0.7
1887,16,2,2,0,0,20,0.8
1888,17,2,1,0,0,20,0.85
1889,13,3,1,0,0,17,0.7647058823529411
1890,13,3,2,0,0,18,0.7222222222222222
1891,11,2,2,0,0,15,0.7333333333333333
1892,15,3,1,0,0,19,0.7894736842105263
1893,16,3,3,0,0,22,0.7272727272727273
1894,15,3,2,0,0,20,0.75
1895,16,2,2,0,0,20,0.8
1896,15,2,2,0,0,19,0.7894736842105263
1897,16,2,2,0,0,20,0.8
1898,17,2,3,0,0,22,0.7727272727272727
1899,15,2,2,0,0,19,0.7894736842105263
1900,13,2,3,0,0,18,0.7222222222222222
1901,14,2,3,0,0,19,0.7368421052631579
1902,15,2,3,0,0,20,0.75
1903,17,4,2,0,0,23,0.7391304347826086
1904,15,3,2,0,0,20,0.75
1905,15,2,3,0,0,20,0.75
1906,17,3,3,0,0,23,0.7391304347826086
1907,17,2,3,0,0,22,0.7727272727272727
1908,16,2,3,0,0,21,0.7619047619047619
1909,16,2,3,0,0,21,0.7619047619047619
1910,17,3,3,0,0,23,0.7391304347826086
1911,15,2,1,0,0,18,0.8333333333333334
1912,14,2,3,0,0,19,0.7368421052631579
1913,16,2,3,0,0,21,0.7619047619047619
1914,17,3,3,0,0,23,0.7391304347826086
1915,16,2,3,0,0,21,0.7619047619047619
1916,17,3,3,0,0,23,0.7391304347826086
1917,17,3,3,0,0,23,0.7391304347826086
1918,15,3,3,0,0,21,0.7142857142857143
1919,16,2,2,0,0,20,0.8
1920,17,3,3,0,0,23,0.7391304347826086
1921,15,2,2,0,0,19,0.7894736842105263
1922,17,2,2,0,0,21,0.8095238095238095
1923,16,2,3,0,0,21,0.7619047619047619
1924,17,2,2,0,0,21,0.8095238095238095
1925,14,3,2,0,0,19,0.7368421052631579
1926,17,2,2,0,0,21,0.8095238095238095
1927,14,3,2,0,0,19,0.7368421052631579
1928,17,2,2,0,0,21,0.8095238095238095
1929,15,2,3,0,0,20,0.75
1930,18,2,3,0,0,23,0.782608695652174
1931,17,2,3,0,0,22,0.7727272727272727
1932,14,4,2,0,0,20,0.7
1933,16,2,3,0,0,21,0.7619047619047619
1934,14,3,3,0,0,20,0.7
1935,18,3,3,0,0,24,0.75
1936,12,2,2,0,0,16,0.75
1937,13,3,2,0,0,18,0.7222222222222222
1938,13,1,2,0,0,16,0.8125
1939,15,2,3,0,0,20,0.75
1940,13,3,2,0,0,18,0.7222222222222222
1941,12,3,2,0,0,17,0.7058823529411765
1942,15,2,3,0,0,20,0.75
1943,17,4,2,0,0,23,0.7391304347826086
1944,15,3,2,0,0,20,0.75
1945,14,3,2,0,0,19,0.7368421052631579
1946,16,2,2,0,0,20,0.8
1947,15,3,3,0,0,21,0.7142857142857143
1948,15,3,1,0,0,19,0.7894736842105263
1949,17,2,2,0,0,21,0.8095238095238095
1950,15,3,2,0,0,20,0.75
1951,15,2,3,0,0,20,0.75
1952,16,4,2,0,0,22,0.7272727272727273
1953,13,3,2,0,0,18,0.7222222222222222
1954,16,2,3,0,0,21,0.7619047619047619
1955,15,3,2,0,0,20,0.75
1956,14,3,2,0,0,19,0.7368421052631579
1957,15,3,3,0,0,21,0.7142857142857143
1958,14,2,2,0,0,18,0.7777777777777778
1959,15,2,3,0,0,20,0.75
1960,15,3,3,0,0,21,0.7142857142857143
1961,15,3,3,0,0,21,0.7142857142857143
1962,13,2,2,0,0,17,0.7647058823529411
1963,15,3,2,0,0,20,0.75
1964,14,3,2,0,0,19,0.7368421052631579
1965,16,3,3,0,0,22,0.7272727272727273
1966,14,2,3,0,0,19,0.7368421052631579
1967,13,3,2,0,0,18,0.7222222222222222
1968,14,3,2,0,0,19,0.7368421052631579
1969,14,3,2,0,0,19,0.7368421052631579
1970,16,2,1,0,0,19,0.8421052631578947
1971,17,3,3,0,0,23,0.7391304347826086
1972,10,3,3,0,0,16,0.625
1973,15,3,2,0,0,20,0.75
1974,16,3,2,0,0,21,0.7619047619047619
1975,16,3,2,0,0,21,0.7619047619047619
1976,18,2,1,0,0,21,0.8571428571428571
1977,14,3,2,0,0,19,0.7368421052631579
1978,14,3,2,0,0,19,0.7368421052631579
1979,15,3,2,0,0,20,0.75
1980,15,3,2,0,0,20,0.75
1981,15,2,3,0,0,20,0.75
1982,17,3,3,0,0,23,0.7391304347826086
1983,13,2,2,0,0,17,0.7647058823529411
1984,16,3,2,0,0,21,0.7619047619047619
1985,16,3,2,0,0,21,0.7619047619047619
1986,15,2,2,0,0,19,0.7894736842105263
1987,16,3,2,0,0,21,0.7619047619047619
1988,15,2,2,0,0,19,0.7894736842105263
1989,17,3,2,0,0,22,0.7727272727272727
1990,13,2,1,0,0,16,0.8125
1991,15,3,2,0,0,20,0.75
1992,16,3,3,0,0,22,0.7272727272727273
1993,15,4,2,0,0,21,0.7142857142857143
1994,14,3,2,0,0,19,0.7368421052631579
1995,14,3,2,0,0,19,0.7368421052631579
1996,16,3,2,0,0,21,0.7619047619047619
1997,14,3,2,0,0,19,0.7368421052631579
1998,15,4,2,0,0,21,0.7142857142857143
1999,14,3,3,0,0,20,0.7
2000,17,3,3,0,0,23,0.7391304347826086
2001,15,3,2,0,0,20,0.75
2002,15,2,2,0,0,19,0.7894736842105263
2003,13,3,3,0,0,19,0.6842105263157895
2004,14,4,3,0,0,21,0.6666666666666666
2005,15,1,3,0,0,19,0.7894736842105263
2006,15,2,3,0,0,20,0.75
2007,16,2,2,0,0,20,0.8
2008,13,4,3,0,0,20,0.65
2009,16,2,2,0,0,20,0.8
2010,14,3,3,0,0,20,0.7
2011,16,4,3,0,0,23,0.6956521739130435
2012,13,3,2,0,0,18,0.7222222222222222
2013,17,2,2,0,0,21,0.8095238095238095
2014,14,2,2,0,0,18,0.7777777777777778
2015,13,3,2,0,0,18,0.7222222222222222
2016,13,3,2,0,0,18,0.7222222222222222
2017,14,2,2,0,0,18,0.7777777777777778
2018,12,2,2,0,0,16,0.75
2019,13,3,2,0,0,18,0.7222222222222222
2020,17,3,2,0,0,22,0.7727272727272727
2021,16,3,1,0,0,20,0.8
2022,17,2,2,0,0,21,0.8095238095238095
2023,14,2,2,0,0,18,0.7777777777777778
2024,11,2,2,0,0,15,0.7333333333333333
2025,15,2,2,0,0,19,0.7894736842105263
2026,16,2,2,0,0,20,0.8
2027,13,2,2,0,0,17,0.7647058823529411
2028,15,2,1,0,0,18,0.8333333333333334
2029,15,2,2,0,0,19,0.7894736842105263
2030,15,1,2,0,0,18,0.8333333333333334
2031,14,2,3,0,0,19,0.7368421052631579
2032,16,2,2,0,0,20,0.8
2033,15,2,3,0,0,20,0.75
2034,15,2,2,0,0,19,0.7894736842105263
2035,18,2,1,0,0,21,0.8571428571428571
2036,14,2,2,0,0,18,0.7777777777777778
2037,17,1,2,0,0,20,0.85
2038,14,2,2,0,0,18,0.7777777777777778
2039,15,2,1,0,0,18,0.8333333333333334
2040,17,1,3,0,0,21,0.8095238095238095
2041,16,1,3,0,0,20,0.8
2042,14,2,3,0,0,19,0.7368421052631579
2043,17,2,3,0,0,22,0.7727272727272727
2044,16,1,3,0,0,20,0.8
2045,14,1,2,0,0,17,0.8235294117647058
2046,17,1,3,0,0,21,0.8095238095238095
2047,17,2,3,0,0,22,0.7727272727272727
2048,14,2,3,0,0,19,0.7368421052631579
2049,15,1,1,0,0,17,0.8823529411764706
2050,17,2,2,0,0,21,0.8095238095238095
2051,15,1,3,0,0,19,0.7894736842105263
2052,13,2,2,0,0,17,0.7647058823529411
2053,16,1,1,0,0,18,0.8888888888888888
2054,12,3,2,0,0,17,0.7058823529411765
2055,13,1,3,0,0,17,0.7647058823529411
2056,16,1,2,0,0,19,0.8421052631578947
2057,16,2,2,0,0,20,0.8
2058,16,1,2,0,0,19,0.8421052631578947
2059,15,2,3,0,0,20,0.75
2060,17,1,1,0,0,19,0.8947368421052632
2061,15,1,2,0,0,18,0.8333333333333334
2062,14,1,3,0,0,18,0.7777777777777778
2063,13,2,2,0,0,17,0.7647058823529411
2064,12,3,2,0,0,17,0.7058823529411765
2065,13,2,2,0,0,17,0.7647058823529411
2066,13,4,2,0,0,19,0.6842105263157895
2067,10,2,3,0,0,15,0.6666666666666666
2068,14,1,3,0,0,18,0.7777777777777778
2069,14,3,2,0,0,19,0.7368421052631579
2070,13,1,2,0,0,16,0.8125
2071,11,1,2,0,0,14,0.7857142857142857
2072,15,2,2,0,0,19,0.7894736842105263
2073,13,1,3,0,0,17,0.7647058823529411
2074,12,1,2,0,0,15,0.8
2075,13,2,2,0,0,17,0.7647058823529411
2076,14,1,3,0,0,18,0.7777777777777778
2077,15,1,2,0,0,18,0.8333333333333334
2078,16,1,2,0,0,19,0.8421052631578947
2079,15,1,2,0,0,18,0.8333333333333334
2080,11,2,3,0,0,16,0.6875
2081,14,1,3,0,0,18,0.7777777777777778
2082,14,1,3,0,0,18,0.7777777777777778
2083,15,1,2,0,0,18,0.8333333333333334
2084,17,1,3,0,0,21,0.8095238095238095
2085,15,1,3,0,0,19,0.7894736842105263
2086,15,1,3,0,0,19,0.7894736842105263
2087,14,2,2,0,0,18,0.7777777777777778
2088,15,2,1,0,0,18,0.8333333333333334
2089,16,1,2,0,0,19,0.8421052631578947
2090,13,3,3,0,0,19,0.6842105263157895
2091,12,1,3,0,0,16,0.75
2092,16,1,2,0,0,19,0.8421052631578947
2093,14,1,2,0,0,17,0.8235294117647058
2094,17,1,2,0,0,20,0.85
2095,16,2,2,0,0,20,0.8
2096,14,2,3,0,0,19,0.7368421052631579
2097,13,1,3,0,0,17,0.7647058823529411
2098,15,1,2,0,0,18,0.8333333333333334
2099,17,1,2,0,0,20,0.85
2100,17,2,2,0,0,21,0.8095238095238095
2101,14,1,2,0,0,17,0.8235294117647058
2102,17,2,3,0,0,22,0.7727272727272727
2103,16,2,3,0,0,21,0.7619047619047619
2104,17,1,3,0,0,21,0.8095238095238095
2105,15,1,3,0,0,19,0.7894736842105263
2106,15,1,3,0,0,19,0.7894736842105263
2107,16,1,3,0,0,20,0.8
2108,11,2,2,0,0,15,0.7333333333333333
2109,14,1,2,0,0,17,0.8235294117647058
2110,12,2,3,0,0,17,0.7058823529411765
2111,14,1,3,0,0,18,0.7777777777777778
2112,14,2,3,0,0,19,0.7368421052631579
2113,15,2,2,0,0,19,0.7894736842105263
2114,14,2,2,0,0,18,0.7777777777777778
2115,13,3,2,0,0,18,0.7222222222222222
2116,13,3,2,0,0,18,0.7222222222222222
2117,11,2,2,0,0,15,0.7333333333333333
2118,13,2,2,0,0,17,0.7647058823529411
2119,13,3,2,0,0,18,0.7222222222222222
2120,11,3,3,0,0,17,0.6470588235294118
2121,13,2,2,0,0,17,0.7647058823529411
2122,14,3,2,0,0,19,0.7368421052631579
2123,13,2,2,0,0,17,0.7647058823529411
2124,13,3,2,0,0,18,0.7222222222222222
2125,14,3,2,0,0,19,0.7368421052631579
2126,14,2,2,0,0,18,0.7777777777777778
2127,14,2,2,0,0,18,0.7777777777777778
2128,14,1,2,0,0,17,0.8235294117647058
2129,13,3,2,0,0,18,0.7222222222222222
2130,12,2,3,0,0,17,0.7058823529411765
2131,15,2,1,0,0,18,0.8333333333333334
2132,16,1,2,0,0,19,0.8421052631578947
2133,17,1,3,0,0,21,0.8095238095238095
2134,17,1,2,0,0,20,0.85
2135,15,2,2,0,0,19,0.7894736842105263
2136,16,1,2,0,0,19,0.8421052631578947
2137,16,1,3,0,0,20,0.8
2138,16,1,2,0,0,19,0.8421052631578947
2139,17,3,3,0,0,23,0.7391304347826086
2140,16,2,3,0,0,21,0.7619047619047619
2141,16,1,2,0,0,19,0.8421052631578947
2142,16,1,3,0,0,20,0.8
2143,13,2,3,0,0,18,0.7222222222222222
2144,14,1,3,0,0,18,0.7777777777777778
2145,17,2,3,0,0,22,0.7727272727272727
2146,13,2,3,0,0,18,0.7222222222222222
2147,16,2,2,0,0,20,0.8
2148,13,2,2,0,0,17,0.7647058823529411
2149,14,1,2,0,0,17,0.8235294117647058
2150,13,2,2,0,0,17,0.7647058823529411
2151,15,1,2,0,0,18,0.8333333333333334
2152,13,2,3,0,0,18,0.7222222222222222
2153,15,2,3,0,0,20,0.75
2154,14,1,3,0,0,18,0.7777777777777778
2155,18,1,1,0,0,20,0.9
2156,15,3,2,0,0,20,0.75
2157,14,2,3,0,0,19,0.7368421052631579
2158,17,2,3,0,0,22,0.7727272727272727
2159,16,2,2,0,0,20,0.8
2160,15,2,2,0,0,19,0.7894736842105263
2161,15,1,1,0,0,17,0.8823529411764706
2162,15,3,2,0,0,20,0.75
2163,12,2,3,0,0,17,0.7058823529411765
2164,11,1,3,0,0,15,0.7333333333333333
2165,14,1,3,0,0,18,0.7777777777777778
2166,15,1,3,0,0,19,0.7894736842105263
2167,14,1,3,0,0,18,0.7777777777777778
2168,15,2,2,0,0,19,0.7894736842105263
2169,12,2,2,0,0,16,0.75
2170,12,1,3,0,0,16,0.75
2171,17,1,3,0,0,21,0.8095238095238095
2172,17,2,3,0,0,22,0.7727272727272727
2173,12,2,3,0,0,17,0.7058823529411765
2174,12,2,3,0,0,17,0.7058823529411765
2175,16,3,2,0,0,21,0.7619047619047619
2176,15,1,3,0,0,19,0.7894736842105263
2177,15,2,3,0,0,20,0.75
2178,17,1,2,0,0,20,0.85
2179,14,1,3,0,0,18,0.7777777777777778
2180,13,1,3,0,0,17,0.7647058823529411
2181,13,2,3,0,0,18,0.7222222222222222
2182,16,1,2,0,0,19,0.8421052631578947
2183,14,2,2,0,0,18,0.7777777777777778
2184,16,2,3,0,0,21,0.7619047619047619
2185,13,3,2,0,0,18,0.7222222222222222
2186,12,1,3,0,0,16,0.75
2187,15,2,2,0,0,19,0.7894736842105263
2188,13,2,2,0,0,17,0.7647058823529411
2189,15,1,3,0,0,19,0.7894736842105263
2190,13,2,3,0,0,18,0.7222222222222222
2191,15,1,3,0,0,19,0.7894736842105263
2192,13,1,4,0,0,18,0.7222222222222222
2193,13,2,2,0,0,17,0.7647058823529411
2194,14,2,2,0,0,18,0.7777777777777778
2195,13,3,2,0,0,18,0.7222222222222222
2196,14,1,2,0,0,17,0.8235294117647058
2197,12,2,2,0,0,16,0.75
2198,13,3,2,0,0,18,0.7222222222222222
2199,14,3,2,0,0,19,0.7368421052631579
2200,10,1,2,0,0,13,0.7692307692307693
2201,14,1,2,0,0,17,0.8235294117647058
2202,12,1,3,0,0,16,0.75
2203,11,2,3,0,0,16,0.6875
2204,14,2,2,0,0,18,0.7777777777777778
2205,14,1,3,0,0,18,0.7777777777777778
2206,13,1,3,0,0,17,0.7647058823529411
2207,12,1,3,0,0,16,0.75
2208,15,2,2,0,0,19,0.7894736842105263
2209,16,3,2,0,0,21,0.7619047619047619
2210,15,1,3,0,0,19,0.7894736842105263
2211,13,1,3,0,0,17,0.7647058823529411
2212,14,1,2,0,0,17,0.8235294117647058
2213,12,2,3,0,0,17,0.7058823529411765
2214,14,1,2,0,0,17,0.8235294117647058
2215,14,1,3,0,0,18,0.7777777777777778
2216,15,2,3,0,0,20,0.75
2217,15,2,2,0,0,19,0.7894736842105263
2218,17,1,2,0,0,20,0.85
2219,16,2,2,0,0,20,0.8
2220,14,1,3,0,0,18,0.7777777777777778
2221,16,1,2,0,0,19,0.8421052631578947
2222,14,1,2,0,0,17,0.8235294117647058
2223,14,1,3,0,0,18,0.7777777777777778
2224,13,1,3,0,0,17,0.7647058823529411
2225,12,2,3,0,0,17,0.7058823529411765
2226,14,2,3,0,0,19,0.7368421052631579
2227,17,1,3,0,0,21,0.8095238095238095
2228,14,1,2,0,0,17,0.8235294117647058
2229,16,1,3,0,0,20,0.8
2230,16,1,2,0,0,19,0.8421052631578947
2231,12,1,3,0,0,16,0.75
2232,17,1,1,0,0,19,0.8947368421052632
2233,14,3,1,0,0,18,0.7777777777777778
2234,13,1,3,0,0,17,0.7647058823529411
2235,15,2,2,0,0,19,0.7894736842105263
2236,16,1,2,0,0,19,0.8421052631578947
2237,11,2,3,0,0,16,0.6875
2238,14,1,3,0,0,18,0.7777777777777778
2239,14,2,3,0,0,19,0.7368421052631579
2240,14,1,3,0,0,18,0.7777777777777778
2241,11,2,3,0,0,16,0.6875
2242,13,1,2,0,0,16,0.8125
2243,12,2,3,0,0,17,0.7058823529411765
2244,11,3,3,0,0,17,0.6470588235294118
2245,15,2,3,0,0,20,0.75
2246,14,1,4,0,0,19,0.7368421052631579
2247,12,1,3,0,0,16,0.75
2248,13,1,3,0,0,17,0.7647058823529411
2249,12,3,3,0,0,18,0.6666666666666666
2250,11,1,4,0,0,16,0.6875
2251,12,1,3,0,0,16,0.75
2252,12,1,3,0,0,16,0.75
2253,14,2,3,0,0,19,0.7368421052631579
2254,15,2,3,0,0,20,0.75
2255,12,1,3,0,0,16,0.75
2256,15,1,3,0,0,19,0.7894736842105263
2257,13,1,2,0,0,16,0.8125
2258,14,1,2,0,0,17,0.8235294117647058
2259,17,1,2,0,0,20,0.85
2260,14,1,2,0,0,17,0.8235294117647058
2261,13,1,3,0,0,17,0.7647058823529411
2262,15,1,2,0,0,18,0.8333333333333334
2263,13,1,2,0,0,16,0.8125
2264,13,2,2,0,0,17,0.7647058823529411
2265,17,2,3,0,0,22,0.7727272727272727
2266,16,1,3,0,0,20,0.8
2267,16,2,2,0,0,20,0.8
2268,14,3,3,0,0,20,0.7
2269,15,1,2,0,0,18,0.8333333333333334
2270,14,2,3,0,0,19,0.7368421052631579
2271,14,2,3,0,0,19,0.7368421052631579
2272,15,1,2,0,0,18,0.8333333333333334
2273,16,1,2,0,0,19,0.8421052631578947
2274,13,1,2,0,0,16,0.8125
2275,14,2,3,0,0,19,0.7368421052631579
2276,13,2,3,0,0,18,0.7222222222222222
2277,14,3,3,0,0,20,0.7
2278,17,1,2,0,0,20,0.85
2279,13,1,4,0,0,18,0.7222222222222222
2280,17,1,2,0,0,20,0.85
2281,15,1,2,0,0,18,0.8333333333333334
2282,10,3,3,0,0,16,0.625
2283,16,2,3,0,0,21,0.7619047619047619
2284,15,2,3,0,0,20,0.75
2285,13,1,2,0,0,16,0.8125
2286,13,1,2,0,0,16,0.8125
2287,13,2,2,0,0,17,0.7647058823529411
2288,12,1,2,0,0,15,0.8
2289,14,1,2,0,0,17,0.8235294117647058
2290,11,2,3,0,0,16,0.6875
2291,14,3,2,0,0,19,0.7368421052631579
2292,13,2,3,0,0,18,0.7222222222222222
2293,16,1,2,0,0,19,0.8421052631578947
2294,13,2,2,0,0,17,0.7647058823529411
2295,13,2,2,0,0,17,0.7647058823529411
2296,14,3,2,0,0,19,0.7368421052631579
2297,15,2,3,0,0,20,0.75
2298,15,1,2,0,0,18,0.8333333333333334
2299,16,1,2,0,0,19,0.8421052631578947
2300,13,2,2,0,0,17,0.7647058823529411
2301,13,2,2,0,0,17,0.7647058823529411
2302,14,2,3,0,0,19,0.7368421052631579
2303,14,2,3,0,0,19,0.7368421052631579
2304,14,2,1,0,0,17,0.8235294117647058
2305,12,2,3,0,0,17,0.7058823529411765
2306,13,3,1,0,0,17,0.7647058823529411
2307,17,2,2,0,0,21,0.8095238095238095
2308,16,2,2,0,0,20,0.8
2309,13,3,2,0,0,18,0.7222222222222222
2310,13,2,2,0,0,17,0.7647058823529411
2311,13,2,2,0,0,17,0.7647058823529411
2312,16,2,2,0,0,20,0.8
2313,14,2,1,0,0,17,0.8235294117647058
2314,16,2,1,0,0,19,0.8421052631578947
2315,11,3,2,0,0,16,0.6875
2316,14,2,2,0,0,18,0.7777777777777778
2317,14,2,2,0,0,18,0.7777777777777778
2318,12,2,2,0,0,16,0.75
2319,12,2,2,0,0,16,0.75
2320,16,1,1,0,0,18,0.8888888888888888
2321,15,2,2,0,0,19,0.7894736842105263
2322,14,1,2,0,0,17,0.8235294117647058
2323,14,1,2,0,0,17,0.8235294117647058
2324,12,1,3,0,0,16,0.75
2325,13,2,4,0,0,19,0.6842105263157895
2326,11,1,3,0,0,15,0.7333333333333333
2327,13,1,2,0,0,16,0.8125
2328,10,2,3,0,0,15,0.6666666666666666
2329,13,1,2,0,0,16,0.8125
2330,11,2,2,0,0,15,0.7333333333333333
2331,15,3,2,0,0,20,0.75
2332,11,2,2,0,0,15,0.7333333333333333
2333,13,3,2,0,0,18,0.7222222222222222
2334,14,2,2,0,0,18,0.7777777777777778
2335,11,2,2,0,0,15,0.7333333333333333
2336,13,2,3,0,0,18,0.7222222222222222
2337,10,2,3,0,0,15,0.6666666666666666
2338,15,1,3,0,0,19,0.7894736842105263
2339,12,1,2,0,0,15,0.8
2340,14,2,2,0,0,18,0.7777777777777778
2341,12,2,3,0,0,17,0.7058823529411765
2342,11,2,2,0,0,15,0.7333333333333333
2343,13,2,3,0,0,18,0.7222222222222222
2344,12,2,2,0,0,16,0.75
2345,12,2,3,0,0,17,0.7058823529411765
2346,11,3,2,0,0,16,0.6875
2347,12,1,2,0,0,15,0.8
2348,15,2,2,0,0,19,0.7894736842105263
2349,12,2,2,0,0,16,0.75
2350,14,3,2,0,0,19,0.7368421052631579
2351,15,2,2,0,0,19,0.7894736842105263
2352,13,1,2,0,0,16,0.8125
2353,14,3,2,0,0,19,0.7368421052631579
2354,15,2,2,0,0,19,0.7894736842105263
2355,10,3,2,0,0,15,0.6666666666666666
2356,12,2,2,0,0,16,0.75
2357,13,3,2,0,0,18,0.7222222222222222
2358,12,1,2,0,0,15,0.8
2359,13,3,2,0,0,18,0.7222222222222222
2360,13,1,2,0,0,16,0.8125
2361,16,2,2,0,0,20,0.8
2362,12,3,2,0,0,17,0.7058823529411765
2363,13,2,2,0,0,17,0.7647058823529411
2364,13,2,2,0,0,17,0.7647058823529411
2365,13,3,2,0,0,18,0.7222222222222222
2366,14,3,2,0,0,19,0.7368421052631579
2367,14,3,2,0,0,19,0.7368421052631579
2368,16,1,2,0,0,19,0.8421052631578947
2369,15,2,1,0,0,18,0.8333333333333334
2370,15,1,2,0,0,18,0.8333333333333334
2371,13,1,3,0,0,17,0.7647058823529411
2372,15,3,1,0,0,19,0.7894736842105263
2373,15,1,1,0,0,17,0.8823529411764706
2374,14,1,2,0,0,17,0.8235294117647058
2375,17,1,2,0,0,20,0.85
2376,14,2,2,0,0,18,0.7777777777777778
2377,12,2,2,0,0,16,0.75
2378,15,2,2,0,0,19,0.7894736842105263
2379,13,1,2,0,0,16,0.8125
2380,14,1,1,0,0,16,0.875
2381,16,1,2,0,0,19,0.8421052631578947
2382,16,2,2,0,0,20,0.8
2383,14,1,2,0,0,17,0.8235294117647058
2384,14,2,2,0,0,18,0.7777777777777778
2385,16,1,2,0,0,19,0.8421052631578947
2386,16,1,2,0,0,19,0.8421052631578947
2387,12,2,3,0,0,17,0.7058823529411765
2388,15,1,1,0,0,17,0.8823529411764706
2389,14,1,3,0,0,18,0.7777777777777778
2390,14,1,3,0,0,18,0.7777777777777778
2391,18,1,3,0,0,22,0.8181818181818182
2392,14,1,2,0,0,17,0.8235294117647058
2393,17,1,3,0,0,21,0.8095238095238095
2394,16,1,2,0,0,19,0.8421052631578947
2395,14,1,2,0,0,17,0.8235294117647058
2396,15,2,3,0,0,20,0.75
2397,14,3,2,0,0,19,0.7368421052631579
2398,12,3,2,0,0,17,0.7058823529411765
2399,13,2,2,0,0,17,0.7647058823529411
2400,14,2,2,0,0,18,0.7777777777777778
2401,14,2,3,0,0,19,0.7368421052631579
2402,14,2,2,0,0,18,0.7777777777777778
2403,15,2,2,0,0,19,0.7894736842105263
2404,11,1,3,0,0,15,0.7333333333333333
2405,13,3,2,0,0,18,0.7222222222222222
2406,15,2,2,0,0,19,0.7894736842105263
2407,11,2,3,0,0,16,0.6875
2408,13,1,3,0,0,17,0.7647058823529411
2409,13,2,2,0,0,17,0.7647058823529411
2410,13,2,3,0,0,18,0.7222222222222222
2411,12,2,2,0,0,16,0.75
2412,14,1,2,0,0,17,0.8235294117647058
2413,15,2,3,0,0,20,0.75
2414,12,3,3,0,0,18,0.6666666666666666
2415,14,2,3,0,0,19,0.7368421052631579
2416,12,2,3,0,0,17,0.7058823529411765
2417,14,2,1,0,0,17,0.8235294117647058
2418,14,2,2,0,0,18,0.7777777777777778
2419,16,2,2,0,0,20,0.8
2420,14,2,2,0,0,18,0.7777777777777778
2421,15,3,2,0,0,20,0.75
2422,14,2,3,0,0,19,0.7368421052631579
2423,12,2,2,0,0,16,0.75
2424,13,2,3,0,0,18,0.7222222222222222
2425,14,2,2,0,0,18,0.7777777777777778
2426,11,3,2,0,0,16,0.6875
2427,15,3,2,0,0,20,0.75
2428,12,2,2,0,0,16,0.75
2429,13,2,2,0,0,17,0.7647058823529411
2430,12,2,3,0,0,17,0.7058823529411765
2431,13,3,2,0,0,18,0.7222222222222222
2432,12,2,1,0,0,15,0.8
2433,15,1,2,0,0,18,0.8333333333333334
2434,15,2,2,0,0,19,0.7894736842105263
2435,12,3,3,0,0,18,0.6666666666666666
2436,11,3,2,0,0,16,0.6875
2437,12,1,2,0,0,15,0.8
2438,16,1,2,0,0,19,0.8421052631578947
2439,13,2,1,0,0,16,0.8125
2440,13,2,3,0,0,18,0.7222222222222222
2441,12,2,2,0,0,16,0.75
2442,14,3,2,0,0,19,0.7368421052631579
2443,13,2,2,0,0,17,0.7647058823529411
2444,12,2,2,0,0,16,0.75
2445,12,2,3,0,0,17,0.7058823529411765
2446,16,2,1,0,0,19,0.8421052631578947
2447,14,1,1,0,0,16,0.875
2448,16,1,2,0,0,19,0.8421052631578947
2449,15,1,2,0,0,18,0.8333333333333334
2450,17,1,2,0,0,20,0.85
2451,12,2,3,0,0,17,0.7058823529411765
2452,13,3,2,0,0,18,0.7222222222222222
2453,12,1,2,0,0,15,0.8
2454,14,2,2,0,0,18,0.7777777777777778
2455,14,3,1,0,0,18,0.7777777777777778
2456,15,1,3,0,0,19,0.7894736842105263
2457,12,1,3,0,0,16,0.75
2458,14,1,1,0,0,16,0.875
2459,15,2,2,0,0,19,0.7894736842105263
2460,12,1,2,0,0,15,0.8
2461,12,2,2,0,0,16,0.75
2462,16,2,1,0,0,19,0.8421052631578947
2463,10,4,2,0,0,16,0.625
2464,13,3,2,0,0,18,0.7222222222222222
2465,12,3,2,0,0,17,0.7058823529411765
2466,9,2,2,0,0,13,0.6923076923076923
2467,13,2,2,0,0,17,0.7647058823529411
2468,12,2,2,0,0,16,0.75
2469,14,3,2,0,0,19,0.7368421052631579
2470,11,1,2,0,0,14,0.7857142857142857
2471,13,1,2,0,0,16,0.8125
2472,11,1,3,0,0,15,0.7333333333333333
2473,13,2,2,0,0,17,0.7647058823529411
2474,13,2,2,0,0,17,0.7647058823529411
2475,12,1,2,0,0,15,0.8
2476,11,1,2,0,0,14,0.7857142857142857
2477,15,2,2,0,0,19,0.7894736842105263
2478,11,1,3,0,0,15,0.7333333333333333
2479,14,1,3,0,0,18,0.7777777777777778
2480,13,1,2,0,0,16,0.8125
2481,12,1,2,0,0,15,0.8
2482,12,1,2,0,0,15,0.8
2483,12,3,2,0,0,17,0.7058823529411765
2484,14,3,2,0,0,19,0.7368421052631579
2485,12,3,2,0,0,17,0.7058823529411765
2486,12,2,2,0,0,16,0.75
2487,12,4,2,0,0,18,0.6666666666666666
2488,12,3,2,0,0,17,0.7058823529411765
2489,12,2,1,0,0,15,0.8
2490,14,2,2,0,0,18,0.7777777777777778
2491,14,2,1,0,0,17,0.8235294117647058
2492,12,2,3,0,0,17,0.7058823529411765
2493,11,2,2,0,0,15,0.7333333333333333
2494,13,3,2,0,0,18,0.7222222222222222
2495,12,2,2,0,0,16,0.75
2496,14,3,2,0,0,19,0.7368421052631579
2497,13,3,2,0,0,18,0.7222222222222222
2498,12,3,2,0,0,17,0.7058823529411765
2499,11,2,2,0,0,15,0.7333333333333333
2500,12,2,2,0,0,16,0.75
2501,14,2,2,0,0,18,0.7777777777777778
2502,13,3,2,0,0,18,0.7222222222222222
2503,14,2,2,0,0,18,0.7777777777777778
2504,14,3,2,0,0,19,0.7368421052631579
2505,15,3,2,0,0,20,0.75
2506,14,2,2,0,0,18,0.7777777777777778
2507,14,2,2,0,0,18,0.7777777777777778
2508,13,3,2,0,0,18,0.7222222222222222
2509,17,2,2,0,0,21,0.8095238095238095
2510,14,3,2,0,0,19,0.7368421052631579
2511,14,2,2,0,0,18,0.7777777777777778
2512,14,2,4,0,0,20,0.7
2513,15,2,2,0,0,19,0.7894736842105263
2514,13,4,2,0,0,19,0.6842105263157895
2515,14,1,3,0,0,18,0.7777777777777778
2516,14,2,2,0,0,18,0.7777777777777778
2517,15,2,2,0,0,19,0.7894736842105263
2518,12,4,2,0,0,18,0.6666666666666666
2519,13,4,2,0,0,19,0.6842105263157895
2520,12,4,2,0,0,18,0.6666666666666666
2521,15,1,2,0,0,18,0.8333333333333334
2522,14,3,2,0,0,19,0.7368421052631579
2523,13,4,2,0,0,19,0.6842105263157895
2524,14,4,2,0,0,20,0.7
2525,12,5,2,0,0,19,0.631578947368421
2526,15,4,2,0,0,21,0.7142857142857143
2527,14,2,2,0,0,18,0.7777777777777778
2528,13,4,2,0,0,19,0.6842105263157895
2529,13,3,3,0,0,19,0.6842105263157895
2530,13,4,2,0,0,19,0.6842105263157895
2531,13,3,2,0,0,18,0.7222222222222222
2532,14,2,2,0,0,18,0.7777777777777778
2533,12,3,2,0,0,17,0.7058823529411765
2534,12,4,2,0,0,18,0.6666666666666666
2535,13,3,2,0,0,18,0.7222222222222222
2536,13,4,2,0,0,19,0.6842105263157895
2537,14,4,2,0,0,20,0.7
2538,12,3,2,0,0,17,0.7058823529411765
2539,13,3,3,0,0,19,0.6842105263157895
2540,14,4,2,0,0,20,0.7
2541,12,4,3,0,0,19,0.631578947368421
2542,12,2,3,0,0,17,0.7058823529411765
2543,14,4,2,0,0,20,0.7
2544,13,2,3,0,0,18,0.7222222222222222
2545,14,2,2,0,0,18,0.7777777777777778
2546,12,3,2,0,0,17,0.7058823529411765
2547,13,4,2,0,0,19,0.6842105263157895
2548,10,4,2,0,0,16,0.625
2549,14,4,2,0,0,20,0.7
2550,13,3,2,0,0,18,0.7222222222222222
2551,13,4,2,0,0,19,0.6842105263157895
2552,10,3,3,0,0,16,0.625
2553,10,4,3,0,0,17,0.5882352941176471
2554,12,3,3,0,0,18,0.6666666666666666
2555,13,4,3,0,0,20,0.65
2556,14,1,2,0,0,17,0.8235294117647058
2557,13,2,2,0,0,17,0.7647058823529411
2558,13,4,2,0,0,19,0.6842105263157895
2559,14,4,2,0,0,20,0.7
2560,11,3,3,0,0,17,0.6470588235294118
2561,13,4,2,0,0,19,0.6842105263157895
2562,14,3,2,0,0,19,0.7368421052631579
2563,12,3,3,0,0,18,0.6666666666666666
2564,13,3,3,0,0,19,0.6842105263157895
2565,11,4,3,0,0,18,0.6111111111111112
2566,14,3,3,0,0,20,0.7
2567,11,3,3,0,0,17,0.6470588235294118
2568,12,4,2,0,0,18,0.6666666666666666
2569,12,4,2,0,0,18,0.6666666666666666
2570,11,2,2,0,0,15,0.7333333333333333
2571,14,2,2,0,0,18,0.7777777777777778
2572,14,3,2,0,0,19,0.7368421052631579
2573,14,3,2,0,0,19,0.7368421052631579
2574,14,4,3,0,0,21,0.6666666666666666
2575,13,5,2,0,0,20,0.65
2576,14,2,3,0,0,19,0.7368421052631579
2577,12,4,2,0,0,18,0.6666666666666666
2578,12,4,2,0,0,18,0.6666666666666666
2579,12,4,2,0,0,18,0.6666666666666666
2580,12,4,3,0,0,19,0.631578947368421
2581,12,4,3,0,0,19,0.631578947368421
2582,14,4,3,0,0,21,0.6666666666666666
2583,13,1,2,0,0,16,0.8125
2584,14,4,2,0,0,20,0.7
2585,13,4,3,0,0,20,0.65
2586,11,3,2,0,0,16,0.6875
2587,12,3,2,0,0,17,0.7058823529411765
2588,14,3,2,0,0,19,0.7368421052631579
2589,12,3,1,0,0,16,0.75
2590,12,2,3,0,0,17,0.7058823529411765
2591,12,2,2,0,0,16,0.75
2592,11,4,2,0,0,17,0.6470588235294118
2593,11,3,2,0,0,16,0.6875
2594,13,4,2,0,0,19,0.6842105263157895
2595,11,4,2,0,0,17,0.6470588235294118
2596,13,3,2,0,0,18,0.7222222222222222
2597,15,2,2,0,0,19,0.7894736842105263
2598,13,2,2,0,0,17,0.7647058823529411
2599,14,4,2,0,0,20,0.7
2600,10,3,2,0,0,15,0.6666666666666666
2601,14,3,2,0,0,19,0.7368421052631579
2602,11,4,2,0,0,17,0.6470588235294118
2603,15,2,3,0,0,20,0.75
2604,15,3,3,0,0,21,0.7142857142857143
2605,12,4,3,0,0,19,0.631578947368421
2606,14,3,3,0,0,20,0.7
2607,14,2,3,0,0,19,0.7368421052631579
2608,12,3,3,0,0,18,0.6666666666666666
2609,15,3,2,0,0,20,0.75
2610,12,2,2,0,0,16,0.75
2611,14,4,2,0,0,20,0.7
2612,13,2,2,0,0,17,0.7647058823529411
2613,17,4,2,0,0,23,0.7391304347826086
2614,11,4,2,0,0,17,0.6470588235294118
2615,11,4,2,0,0,17,0.6470588235294118
2616,12,3,2,0,0,17,0.7058823529411765
2617,13,4,2,0,0,19,0.6842105263157895
2618,14,2,3,0,0,19,0.7368421052631579
2619,14,4,2,0,0,20,0.7
2620,13,4,2,0,0,19,0.6842105263157895
2621,12,3,2,0,0,17,0.7058823529411765
2622,14,2,2,0,0,18,0.7777777777777778
2623,12,4,3,0,0,19,0.631578947368421
2624,11,2,2,0,0,15,0.7333333333333333
2625,14,2,2,0,0,18,0.7777777777777778
2626,13,3,2,0,0,18,0.7222222222222222
2627,15,2,2,0,0,19,0.7894736842105263
2628,13,4,2,0,0,19,0.6842105263157895
2629,13,4,2,0,0,19,0.6842105263157895
2630,14,3,2,0,0,19,0.7368421052631579
2631,12,4,2,0,0,18,0.6666666666666666
2632,14,3,2,0,0,19,0.7368421052631579
2633,11,3,2,0,0,16,0.6875
2634,13,3,2,0,0,18,0.7222222222222222
2635,14,2,3,0,0,19,0.7368421052631579
2636,12,2,2,0,0,16,0.75
2637,12,2,2,0,0,16,0.75
2638,14,2,2,0,0,18,0.7777777777777778
2639,14,2,2,0,0,18,0.7777777777777778
2640,14,3,2,0,0,19,0.7368421052631579
2641,14,3,2,0,0,19,0.7368421052631579
2642,12,3,2,0,0,17,0.7058823529411765
2643,13,3,2,0,0,18,0.7222222222222222
2644,10,4,2,0,0,16,0.625
2645,12,3,3,0,0,18,0.6666666666666666
2646,12,4,3,0,0,19,0.631578947368421
2647,10,3,3,0,0,16,0.625
2648,10,3,2,0,0,15,0.6666666666666666
2649,13,4,2,0,0,19,0.6842105263157895
2650,14,3,2,0,0,19,0.7368421052631579
2651,13,2,2,0,0,17,0.7647058823529411
2652,13,3,2,0,0,18,0.7222222222222222
2653,12,4,2,0,0,18,0.6666666666666666
2654,12,2,3,0,0,17,0.7058823529411765
2655,14,3,2,0,0,19,0.7368421052631579
2656,13,4,2,0,0,19,0.6842105263157895
2657,14,4,2,0,0,20,0.7
2658,14,2,3,0,0,19,0.7368421052631579
2659,15,2,2,0,0,19,0.7894736842105263
2660,14,1,2,0,0,17,0.8235294117647058
2661,13,3,2,0,0,18,0.7222222222222222
2662,13,3,2,0,0,18,0.7222222222222222
2663,14,1,2,0,0,17,0.8235294117647058
2664,14,1,3,0,0,18,0.7777777777777778
2665,13,2,3,0,0,18,0.7222222222222222
2666,14,3,3,0,0,20,0.7
2667,15,3,2,0,0,20,0.75
2668,15,2,2,0,0,19,0.7894736842105263
2669,16,3,2,0,0,21,0.7619047619047619
2670,15,2,3,0,0,20,0.75
2671,17,2,2,0,0,21,0.8095238095238095
2672,11,2,3,0,0,16,0.6875
2673,13,2,3,0,0,18,0.7222222222222222
2674,13,2,2,0,0,17,0.7647058823529411
2675,12,2,3,0,0,17,0.7058823529411765
2676,12,1,3,0,0,16,0.75
2677,13,2,3,0,0,18,0.7222222222222222
2678,14,3,3,0,0,20,0.7
2679,11,2,2,0,0,15,0.7333333333333333
2680,15,2,2,0,0,19,0.7894736842105263
2681,14,3,2,0,0,19,0.7368421052631579
2682,13,2,2,0,0,17,0.7647058823529411
2683,13,3,2,0,0,18,0.7222222222222222
2684,13,2,2,0,0,17,0.7647058823529411
2685,14,2,2,0,0,18,0.7777777777777778
2686,14,2,2,0,0,18,0.7777777777777778
2687,14,3,2,0,0,19,0.7368421052631579
2688,15,2,2,0,0,19,0.7894736842105263
2689,15,2,2,0,0,19,0.7894736842105263
2690,12,2,2,0,0,16,0.75
2691,15,2,2,0,0,19,0.7894736842105263
2692,13,2,2,0,0,17,0.7647058823529411
2693,11,2,2,0,0,15,0.7333333333333333
2694,14,2,2,0,0,18,0.7777777777777778
2695,13,2,2,0,0,17,0.7647058823529411
2696,12,3,2,0,0,17,0.7058823529411765
2697,13,2,3,0,0,18,0.7222222222222222
2698,12,2,3,0,0,17,0.7058823529411765
2699,15,2,2,0,0,19,0.7894736842105263
2700,15,3,2,0,0,20,0.75
2701,15,3,2,0,0,20,0.75
2702,14,2,2,0,0,18,0.7777777777777778
2703,14,3,2,0,0,19,0.7368421052631579
2704,13,2,2,0,0,17,0.7647058823529411
2705,15,2,2,0,0,19,0.7894736842105263
2706,14,3,2,0,0,19,0.7368421052631579
2707,16,4,2,0,0,22,0.7272727272727273
2708,13,2,2,0,0,17,0.7647058823529411
2709,14,2,2,0,0,18,0.7777777777777778
2710,11,2,2,0,0,15,0.7333333333333333
2711,14,2,2,0,0,18,0.7777777777777778
2712,13,3,2,0,0,18,0.7222222222222222
2713,10,3,2,0,0,15,0.6666666666666666
2714,13,2,3,0,0,18,0.7222222222222222
2715,10,2,2,0,0,14,0.7142857142857143
2716,12,3,3,0,0,18,0.6666666666666666
2717,11,3,3,0,0,17,0.6470588235294118
2718,14,3,3,0,0,20,0.7
2719,11,2,3,0,0,16,0.6875
2720,14,4,2,0,0,20,0.7
2721,12,2,2,0,0,16,0.75
2722,13,3,2,0,0,18,0.7222222222222222
2723,12,2,2,0,0,16,0.75
2724,11,2,3,0,0,16,0.6875
2725,13,2,3,0,0,18,0.7222222222222222
2726,13,4,2,0,0,19,0.6842105263157895
2727,11,3,2,0,0,16,0.6875
2728,13,2,2,0,0,17,0.7647058823529411
2729,14,2,3,0,0,19,0.7368421052631579
2730,12,4,3,0,0,19,0.631578947368421
2731,16,2,3,0,0,21,0.7619047619047619
2732,14,2,3,0,0,19,0.7368421052631579
2733,12,1,3,0,0,16,0.75
2734,12,2,3,0,0,17,0.7058823529411765
2735,12,1,3,0,0,16,0.75
2736,13,2,3,0,0,18,0.7222222222222222
2737,12,4,3,0,0,19,0.631578947368421
2738,15,2,3,0,0,20,0.75
2739,11,2,3,0,0,16,0.6875
2740,13,2,2,0,0,17,0.7647058823529411
2741,14,2,3,0,0,19,0.7368421052631579
2742,11,3,3,0,0,17,0.6470588235294118
2743,11,3,3,0,0,17,0.6470588235294118
2744,15,2,3,0,0,20,0.75
2745,11,2,3,0,0,16,0.6875
2746,11,5,3,0,0,19,0.5789473684210527
2747,12,2,3,0,0,17,0.7058823529411765
2748,11,1,3,0,0,15,0.7333333333333333
2749,12,1,3,0,0,16,0.75
2750,14,2,2,0,0,18,0.7777777777777778
2751,14,2,3,0,0,19,0.7368421052631579
2752,15,1,3,0,0,19,0.7894736842105263
2753,12,1,3,0,0,16,0.75
2754,11,3,3,0,0,17,0.6470588235294118
2755,15,1,3,0,0,19,0.7894736842105263
2756,16,2,3,0,0,21,0.7619047619047619
2757,14,2,2,0,0,18,0.7777777777777778
2758,16,1,3,0,0,20,0.8
2759,15,1,2,0,0,18,0.8333333333333334
2760,12,1,3,0,0,16,0.75
2761,14,1,1,0,0,16,0.875
2762,12,2,3,0,0,17,0.7058823529411765
2763,14,2,2,0,0,18,0.7777777777777778
2764,15,1,3,0,0,19,0.7894736842105263
2765,14,2,3,0,0,19,0.7368421052631579
2766,12,1,3,0,0,16,0.75
2767,15,2,3,0,0,20,0.75
2768,15,2,3,0,0,20,0.75
2769,13,1,3,0,0,17,0.7647058823529411
2770,14,2,2,0,0,18,0.7777777777777778
2771,11,1,2,0,0,14,0.7857142857142857
2772,13,2,3,0,0,18,0.7222222222222222
2773,14,1,3,0,0,18,0.7777777777777778
2774,12,2,3,0,0,17,0.7058823529411765
2775,13,1,3,0,0,17,0.7647058823529411
2776,9,1,3,0,0,13,0.6923076923076923
2777,10,1,2,0,0,13,0.7692307692307693
2778,11,2,3,0,0,16,0.6875
2779,10,2,3,0,0,15,0.6666666666666666
2780,12,3,3,0,0,18,0.6666666666666666
2781,10,2,3,0,0,15,0.6666666666666666
2782,12,2,3,0,0,17,0.7058823529411765
2783,12,3,3,0,0,18,0.6666666666666666
2784,10,2,3,0,0,15,0.6666666666666666
2785,14,2,3,0,0,19,0.7368421052631579
2786,10,3,3,0,0,16,0.625
2787,12,2,3,0,0,17,0.7058823529411765
2788,11,2,3,0,0,16,0.6875
2789,12,2,3,0,0,17,0.7058823529411765
2790,12,2,3,0,0,17,0.7058823529411765
2791,13,2,3,0,0,18,0.7222222222222222
2792,13,2,3,0,0,18,0.7222222222222222
2793,14,2,2,0,0,18,0.7777777777777778
2794,13,2,3,0,0,18,0.7222222222222222
2795,11,3,3,0,0,17,0.6470588235294118
2796,12,2,3,0,0,17,0.7058823529411765
2797,14,3,2,0,0,19,0.7368421052631579
2798,14,3,3,0,0,20,0.7
2799,15,2,3,0,0,20,0.75
2800,11,2,3,0,0,16,0.6875
2801,12,3,3,0,0,18,0.6666666666666666
2802,11,2,2,0,0,15,0.7333333333333333
2803,15,3,2,0,0,20,0.75
2804,16,2,3,0,0,21,0.7619047619047619
2805,11,2,3,0,0,16,0.6875
2806,12,2,4,0,0,18,0.6666666666666666
2807,11,1,4,0,0,16,0.6875
2808,13,2,3,0,0,18,0.7222222222222222
2809,11,1,3,0,0,15,0.7333333333333333
2810,13,2,2,0,0,17,0.7647058823529411
2811,16,2,3,0,0,21,0.7619047619047619
2812,15,1,3,0,0,19,0.7894736842105263
2813,13,1,3,0,0,17,0.7647058823529411
2814,13,1,3,0,0,17,0.7647058823529411
2815,13,1,3,0,0,17,0.7647058823529411
2816,14,2,3,0,0,19,0.7368421052631579
2817,13,3,3,0,0,19,0.6842105263157895
2818,13,2,3,0,0,18,0.7222222222222222
2819,12,2,3,0,0,17,0.7058823529411765
2820,12,1,3,0,0,16,0.75
2821,15,1,2,0,0,18,0.8333333333333334
2822,15,1,2,0,0,18,0.8333333333333334
2823,13,2,4,0,0,19,0.6842105263157895
2824,12,3,4,0,0,19,0.631578947368421
2825,11,1,3,0,0,15,0.7333333333333333
2826,13,1,3,0,0,17,0.7647058823529411
2827,14,1,3,0,0,18,0.7777777777777778
2828,15,2,3,0,0,20,0.75
2829,15,2,3,0,0,20,0.75
2830,14,1,3,0,0,18,0.7777777777777778
2831,13,1,3,0,0,17,0.7647058823529411
2832,13,2,3,0,0,18,0.7222222222222222
2833,14,2,2,0,0,18,0.7777777777777778
2834,15,2,3,0,0,20,0.75
2835,16,1,3,0,0,20,0.8
2836,15,2,2,0,0,19,0.7894736842105263
2837,15,1,3,0,0,19,0.7894736842105263
2838,15,1,3,0,0,19,0.7894736842105263
2839,13,1,3,0,0,17,0.7647058823529411
2840,14,3,3,0,0,20,0.7
2841,15,1,3,0,0,19,0.7894736842105263
2842,13,1,3,0,0,17,0.7647058823529411
2843,15,1,2,0,0,18,0.8333333333333334
2844,11,1,4,0,0,16,0.6875
2845,13,1,4,0,0,18,0.7222222222222222
2846,13,1,3,0,0,17,0.7647058823529411
2847,10,1,3,0,0,14,0.7142857142857143
2848,13,1,3,0,0,17,0.7647058823529411
2849,15,1,2,0,0,18,0.8333333333333334
2850,15,1,3,0,0,19,0.7894736842105263
2851,13,1,2,0,0,16,0.8125
2852,15,2,3,0,0,20,0.75
2853,14,2,3,0,0,19,0.7368421052631579
2854,12,1,3,0,0,16,0.75
2855,13,1,3,0,0,17,0.7647058823529411
2856,13,1,3,0,0,17,0.7647058823529411
2857,14,2,3,0,0,19,0.7368421052631579
2858,13,1,2,0,0,16,0.8125
2859,15,1,2,0,0,18,0.8333333333333334
2860,15,1,3,0,0,19,0.7894736842105263
2861,14,1,3,0,0,18,0.7777777777777778
2862,13,1,2,0,0,16,0.8125
2863,12,2,2,0,0,16,0.75
2864,12,2,2,0,0,16,0.75
2865,12,3,2,0,0,17,0.7058823529411765
2866,11,1,2,0,0,14,0.7857142857142857
2867,11,3,2,0,0,16,0.6875
2868,12,3,2,0,0,17,0.7058823529411765
2869,12,2,2,0,0,16,0.75
2870,14,1,2,0,0,17,0.8235294117647058
2871,14,1,2,0,0,17,0.8235294117647058
2872,13,2,2,0,0,17,0.7647058823529411
2873,12,2,2,0,0,16,0.75
2874,11,2,2,0,0,15,0.7333333333333333
2875,12,2,2,0,0,16,0.75
2876,15,2,2,0,0,19,0.7894736842105263
2877,13,1,2,0,0,16,0.8125
2878,13,2,2,0,0,17,0.7647058823529411
2879,13,1,2,0,0,16,0.8125
2880,12,1,2,0,0,15,0.8
2881,11,1,2,0,0,14,0.7857142857142857
2882,11,2,2,0,0,15,0.7333333333333333
2883,12,2,2,0,0,16,0.75
2884,11,2,2,0,0,15,0.7333333333333333
2885,12,2,2,0,0,16,0.75
2886,14,2,2,0,0,18,0.7777777777777778
2887,16,3,2,0,0,21,0.7619047619047619
2888,14,1,3,0,0,18,0.7777777777777778
2889,13,2,3,0,0,18,0.7222222222222222
2890,13,3,2,0,0,18,0.7222222222222222
2891,15,2,3,0,0,20,0.75
2892,13,3,3,0,0,19,0.6842105263157895
2893,14,2,2,0,0,18,0.7777777777777778
2894,13,2,2,0,0,17,0.7647058823529411
2895,14,1,3,0,0,18,0.7777777777777778
2896,14,3,2,0,0,19,0.7368421052631579
2897,14,2,3,0,0,19,0.7368421052631579
2898,14,2,2,0,0,18,0.7777777777777778
2899,13,2,3,0,0,18,0.7222222222222222
2900,11,2,3,0,0,16,0.6875
2901,11,2,3,0,0,16,0.6875
2902,14,3,3,0,0,20,0.7
2903,10,2,3,0,0,15,0.6666666666666666
2904,13,2,2,0,0,17,0.7647058823529411
2905,12,2,3,0,0,17,0.7058823529411765
2906,12,2,3,0,0,17,0.7058823529411765
2907,11,2,3,0,0,16,0.6875
2908,13,3,2,0,0,18,0.7222222222222222
2909,12,2,2,0,0,16,0.75
2910,13,3,2,0,0,18,0.7222222222222222
2911,12,2,2,0,0,16,0.75
2912,13,1,2,0,0,16,0.8125
2913,12,2,2,0,0,16,0.75
2914,13,2,2,0,0,17,0.7647058823529411
2915,13,2,2,0,0,17,0.7647058823529411
2916,9,2,3,0,0,14,0.6428571428571429
2917,13,3,3,0,0,19,0.6842105263157895
2918,11,2,3,0,0,16,0.6875
2919,13,3,2,0,0,18,0.7222222222222222
2920,10,2,2,0,0,14,0.7142857142857143
2921,11,2,2,0,0,15,0.7333333333333333
2922,13,2,2,0,0,17,0.7647058823529411
2923,13,3,2,0,0,18,0.7222222222222222
2924,15,2,2,0,0,19,0.7894736842105263
2925,13,1,2,0,0,16,0.8125
2926,14,3,2,0,0,19,0.7368421052631579
2927,14,3,2,0,0,19,0.7368421052631579
2928,12,3,3,0,0,18,0.6666666666666666
2929,12,2,3,0,0,17,0.7058823529411765
2930,12,1,3,0,0,16,0.75
2931,12,2,3,0,0,17,0.7058823529411765
2932,12,1,3,0,0,16,0.75
2933,12,3,2,0,0,17,0.7058823529411765
2934,15,2,3,0,0,20,0.75
2935,14,2,2,0,0,18,0.7777777777777778
2936,12,2,3,0,0,17,0.7058823529411765
2937,10,1,2,0,0,13,0.7692307692307693
2938,15,2,2,0,0,19,0.7894736842105263
2939,14,1,2,0,0,17,0.8235294117647058
2940,12,1,3,0,0,16,0.75
2941,11,1,3,0,0,15,0.7333333333333333
2942,14,2,2,0,0,18,0.7777777777777778
2943,15,1,3,0,0,19,0.7894736842105263
2944,13,2,2,0,0,17,0.7647058823529411
2945,13,2,2,0,0,17,0.7647058823529411
2946,12,2,3,0,0,17,0.7058823529411765
2947,14,2,3,0,0,19,0.7368421052631579
2948,12,2,3,0,0,17,0.7058823529411765
2949,10,2,2,0,0,14,0.7142857142857143
2950,13,1,3,0,0,17,0.7647058823529411
2951,12,3,2,0,0,17,0.7058823529411765
2952,13,2,2,0,0,17,0.7647058823529411
2953,12,2,2,0,0,16,0.75
2954,14,2,2,0,0,18,0.7777777777777778
2955,13,2,2,0,0,17,0.7647058823529411
2956,12,2,2,0,0,16,0.75
2957,13,2,2,0,0,17,0.7647058823529411
2958,15,2,2,0,0,19,0.7894736842105263
2959,12,2,3,0,0,17,0.7058823529411765
2960,11,2,3,0,0,16,0.6875
2961,14,2,2,0,0,18,0.7777777777777778
2962,14,1,2,0,0,17,0.8235294117647058
2963,14,2,2,0,0,18,0.7777777777777778
2964,14,2,2,0,0,18,0.7777777777777778
2965,13,2,2,0,0,17,0.7647058823529411
2966,13,2,2,0,0,17,0.7647058823529411
2967,13,2,3,0,0,18,0.7222222222222222
2968,13,2,3,0,0,18,0.7222222222222222
2969,12,2,3,0,0,17,0.7058823529411765
2970,12,2,2,0,0,16,0.75
2971,12,2,3,0,0,17,0.7058823529411765
2972,15,2,3,0,0,20,0.75
2973,13,2,3,0,0,18,0.7222222222222222
2974,14,2,2,0,0,18,0.7777777777777778
2975,13,2,3,0,0,18,0.7222222222222222
2976,14,2,3,0,0,19,0.7368421052631579
2977,12,2,2,0,0,16,0.75
2978,14,2,3,0,0,19,0.7368421052631579
2979,13,2,3,0,0,18,0.7222222222222222
2980,14,2,3,0,0,19,0.7368421052631579
2981,12,1,3,0,0,16,0.75
2982,12,2,3,0,0,17,0.7058823529411765
2983,15,2,3,0,0,20,0.75
2984,14,2,3,0,0,19,0.7368421052631579
2985,13,2,3,0,0,18,0.7222222222222222
2986,13,2,3,0,0,18,0.7222222222222222
2987,15,2,2,0,0,19,0.7894736842105263
2988,14,2,2,0,0,18,0.7777777777777778
2989,14,2,2,0,0,18,0.7777777777777778
2990,15,2,2,0,0,19,0.7894736842105263
2991,16,2,2,0,0,20,0.8
2992,13,3,2,0,0,18,0.7222222222222222
2993,13,4,2,0,0,19,0.6842105263157895
2994,14,2,2,0,0,18,0.7777777777777778
2995,12,3,2,0,0,17,0.7058823529411765
2996,13,2,2,0,0,17,0.7647058823529411
2997,15,5,2,0,0,22,0.6818181818181818
2998,15,2,2,0,0,19,0.7894736842105263
2999,14,2,2,0,0,18,0.7777777777777778
3000,14,2,2,0,0,18,0.7777777777777778
3001,9,2,2,0,0,13,0.6923076923076923
3002,11,2,2,0,0,15,0.7333333333333333
3003,12,2,2,0,0,16,0.75
3004,16,2,2,0,0,20,0.8
3005,14,2,2,0,0,18,0.7777777777777778
3006,12,2,2,0,0,16,0.75
3007,14,2,2,0,0,18,0.7777777777777778
3008,14,2,2,0,0,18,0.7777777777777778
3009,14,2,2,0,0,18,0.7777777777777778
3010,13,2,2,0,0,17,0.7647058823529411
3011,15,2,2,0,0,19,0.7894736842105263
3012,15,2,3,0,0,20,0.75
3013,14,2,2,0,0,18,0.7777777777777778
3014,15,2,3,0,0,20,0.75
3015,13,2,3,0,0,18,0.7222222222222222
3016,14,2,3,0,0,19,0.7368421052631579
3017,14,2,3,0,0,19,0.7368421052631579
3018,15,2,3,0,0,20,0.75
3019,13,2,3,0,0,18,0.7222222222222222
3020,13,2,2,0,0,17,0.7647058823529411
3021,12,2,2,0,0,16,0.75
3022,13,2,3,0,0,18,0.7222222222222222
3023,11,2,3,0,0,16,0.6875
3024,13,2,3,0,0,18,0.7222222222222222
3025,13,2,2,0,0,17,0.7647058823529411
3026,13,3,3,0,0,19,0.6842105263157895
3027,13,2,2,0,0,17,0.7647058823529411
3028,14,2,3,0,0,19,0.7368421052631579
3029,14,2,2,0,0,18,0.7777777777777778
3030,12,2,2,0,0,16,0.75
3031,13,2,2,0,0,17,0.7647058823529411
3032,14,3,3,0,0,20,0.7
3033,13,2,2,0,0,17,0.7647058823529411
3034,11,2,2,0,0,15,0.7333333333333333
3035,15,2,2,0,0,19,0.7894736842105263
3036,12,2,2,0,0,16,0.75
3037,13,2,2,0,0,17,0.7647058823529411
3038,14,2,2,0,0,18,0.7777777777777778
3039,12,2,2,0,0,16,0.75
3040,13,2,2,0,0,17,0.7647058823529411
3041,14,2,2,0,0,18,0.7777777777777778
3042,13,2,2,0,0,17,0.7647058823529411
3043,11,2,2,0,0,15,0.7333333333333333
3044,14,2,2,0,0,18,0.7777777777777778
3045,14,2,2,0,0,18,0.7777777777777778
3046,14,2,2,0,0,18,0.7777777777777778
3047,14,2,2,0,0,18,0.7777777777777778
3048,14,2,2,0,0,18,0.7777777777777778
3049,15,3,2,0,0,20,0.75
3050,14,2,2,0,0,18,0.7777777777777778
3051,11,2,2,0,0,15,0.7333333333333333
3052,14,2,2,0,0,18,0.7777777777777778
3053,12,2,2,0,0,16,0.75
3054,12,2,2,0,0,16,0.75
3055,13,2,2,0,0,17,0.7647058823529411
3056,14,2,2,0,0,18,0.7777777777777778
3057,12,2,2,0,0,16,0.75
3058,14,3,2,0,0,19,0.7368421052631579
3059,14,2,2,0,0,18,0.7777777777777778
3060,15,2,2,0,0,19,0.7894736842105263
3061,14,2,2,0,0,18,0.7777777777777778
3062,15,2,2,0,0,19,0.7894736842105263
3063,13,2,2,0,0,17,0.7647058823529411
3064,14,2,2,0,0,18,0.7777777777777778
3065,13,3,2,0,0,18,0.7222222222222222
3066,12,3,2,0,0,17,0.7058823529411765
3067,13,2,2,0,0,17,0.7647058823529411
3068,14,3,2,0,0,19,0.7368421052631579
3069,13,3,2,0,0,18,0.7222222222222222
3070,12,4,2,0,0,18,0.6666666666666666
3071,11,4,2,0,0,17,0.6470588235294118
3072,12,3,2,0,0,17,0.7058823529411765
3073,13,2,2,0,0,17,0.7647058823529411
3074,12,2,2,0,0,16,0.75
3075,13,4,2,0,0,19,0.6842105263157895
3076,14,3,2,0,0,19,0.7368421052631579
3077,12,3,2,0,0,17,0.7058823529411765
3078,12,1,2,0,0,15,0.8
3079,13,2,2,0,0,17,0.7647058823529411
3080,12,2,2,0,0,16,0.75
3081,11,2,2,0,0,15,0.7333333333333333
3082,13,1,2,0,0,16,0.8125
3083,13,1,2,0,0,16,0.8125
3084,13,2,2,0,0,17,0.7647058823529411
3085,12,2,2,0,0,16,0.75
3086,11,2,2,0,0,15,0.7333333333333333
3087,14,1,2,0,0,17,0.8235294117647058
3088,12,2,2,0,0,16,0.75
3089,13,2,2,0,0,17,0.7647058823529411
3090,13,4,2,0,0,19,0.6842105263157895
3091,11,2,2,0,0,15,0.7333333333333333
3092,11,1,2,0,0,14,0.7857142857142857
3093,12,4,2,0,0,18,0.6666666666666666
3094,12,3,2,0,0,17,0.7058823529411765
3095,12,3,2,0,0,17,0.7058823529411765
3096,14,4,2,0,0,20,0.7
3097,12,2,2,0,0,16,0.75
3098,15,2,3,0,0,20,0.75
3099,15,3,2,0,0,20,0.75
3100,14,2,2,0,0,18,0.7777777777777778
3101,14,2,2,0,0,18,0.7777777777777778
3102,15,2,2,0,0,19,0.7894736842105263
3103,14,1,2,0,0,17,0.8235294117647058
3104,14,4,2,0,0,20,0.7
3105,14,1,2,0,0,17,0.8235294117647058
3106,12,3,2,0,0,17,0.7058823529411765
3107,13,2,2,0,0,17,0.7647058823529411
3108,12,3,2,0,0,17,0.7058823529411765
3109,11,3,2,0,0,16,0.6875
3110,14,3,2,0,0,19,0.7368421052631579
3111,15,2,2,0,0,19,0.7894736842105263
3112,11,2,2,0,0,15,0.7333333333333333
3113,15,4,2,0,0,21,0.7142857142857143
3114,14,3,2,0,0,19,0.7368421052631579
3115,14,3,2,0,0,19,0.7368421052631579
3116,12,3,2,0,0,17,0.7058823529411765
3117,13,3,2,0,0,18,0.7222222222222222
3118,14,2,2,0,0,18,0.7777777777777778
3119,13,3,2,0,0,18,0.7222222222222222
3120,13,1,2,0,0,16,0.8125
3121,12,3,2,0,0,17,0.7058823529411765
3122,13,1,2,0,0,16,0.8125
3123,14,3,2,0,0,19,0.7368421052631579
3124,12,2,2,0,0,16,0.75
3125,12,1,2,0,0,15,0.8
3126,12,1,2,0,0,15,0.8
3127,14,2,2,0,0,18,0.7777777777777778
3128,13,2,2,0,0,17,0.7647058823529411
3129,14,3,2,0,0,19,0.7368421052631579
3130,15,1,2,0,0,18,0.8333333333333334
3131,15,2,2,0,0,19,0.7894736842105263
3132,14,2,2,0,0,18,0.7777777777777778
3133,14,2,2,0,0,18,0.7777777777777778
3134,13,1,2,0,0,16,0.8125
3135,12,2,2,0,0,16,0.75
3136,11,2,2,0,0,15,0.7333333333333333
3137,13,1,2,0,0,16,0.8125
3138,12,2,2,0,0,16,0.75
3139,10,3,2,0,0,15,0.6666666666666666
3140,14,2,2,0,0,18,0.7777777777777778
3141,14,3,2,0,0,19,0.7368421052631579
3142,13,2,2,0,0,17,0.7647058823529411
3143,12,3,2,0,0,17,0.7058823529411765
3144,13,2,2,0,0,17,0.7647058823529411
3145,13,3,2,0,0,18,0.7222222222222222
3146,15,2,2,0,0,19,0.7894736842105263
3147,11,2,2,0,0,15,0.7333333333333333
3148,14,1,2,0,0,17,0.8235294117647058
3149,14,3,2,0,0,19,0.7368421052631579
3150,12,2,2,0,0,16,0.75
3151,13,2,2,0,0,17,0.7647058823529411
3152,12,3,2,0,0,17,0.7058823529411765
3153,12,3,2,0,0,17,0.7058823529411765
3154,14,2,2,0,0,18,0.7777777777777778
3155,14,2,2,0,0,18,0.7777777777777778
3156,13,2,2,0,0,17,0.7647058823529411
3157,12,2,2,0,0,16,0.75
3158,15,2,2,0,0,19,0.7894736842105263
3159,15,1,2,0,0,18,0.8333333333333334
3160,13,1,2,0,0,16,0.8125
3161,14,1,2,0,0,17,0.8235294117647058
3162,13,2,2,0,0,17,0.7647058823529411
3163,14,2,2,0,0,18,0.7777777777777778
3164,14,3,2,0,0,19,0.7368421052631579
3165,15,3,2,0,0,20,0.75
3166,14,2,2,0,0,18,0.7777777777777778
3167,14,2,2,0,0,18,0.7777777777777778
3168,14,2,2,0,0,18,0.7777777777777778
3169,13,1,2,0,0,16,0.8125
3170,12,2,2,0,0,16,0.75
3171,12,3,2,0,0,17,0.7058823529411765
3172,13,2,2,0,0,17,0.7647058823529411
3173,13,2,2,0,0,17,0.7647058823529411
3174,13,1,2,0,0,16,0.8125
3175,11,1,2,0,0,14,0.7857142857142857
3176,13,1,2,0,0,16,0.8125
3177,12,1,2,0,0,15,0.8
3178,13,3,2,0,0,18,0.7222222222222222
3179,14,2,2,0,0,18,0.7777777777777778
3180,12,2,2,0,0,16,0.75
3181,14,2,2,0,0,18,0.7777777777777778
3182,11,3,2,0,0,16,0.6875
3183,14,2,2,0,0,18,0.7777777777777778
3184,14,1,2,0,0,17,0.8235294117647058
3185,12,1,3,0,0,16,0.75
3186,12,1,2,0,0,15,0.8
3187,12,1,2,0,0,15,0.8
3188,13,1,2,0,0,16,0.8125
3189,12,1,2,0,0,15,0.8
3190,12,1,2,0,0,15,0.8
3191,12,1,2,0,0,15,0.8
3192,14,2,2,0,0,18,0.7777777777777778
3193,14,1,2,0,0,17,0.8235294117647058
3194,13,1,2,0,0,16,0.8125
3195,13,1,2,0,0,16,0.8125
3196,12,2,2,0,0,16,0.75
3197,13,2,2,0,0,17,0.7647058823529411
3198,13,1,2,0,0,16,0.8125
3199,10,2,2,0,0,14,0.7142857142857143
3200,11,2,2,0,0,15,0.7333333333333333
3201,12,2,2,0,0,16,0.75
3202,13,1,2,0,0,16,0.8125
3203,12,2,2,0,0,16,0.75
3204,14,2,2,0,0,18,0.7777777777777778
3205,11,3,2,0,0,16,0.6875
3206,12,3,2,0,0,17,0.7058823529411765
3207,10,2,2,0,0,14,0.7142857142857143
3208,12,2,2,0,0,16,0.75
3209,12,2,2,0,0,16,0.75
3210,12,2,2,0,0,16,0.75
3211,13,2,2,0,0,17,0.7647058823529411
3212,13,2,2,0,0,17,0.7647058823529411
3213,13,2,2,0,0,17,0.7647058823529411
3214,12,1,2,0,0,15,0.8
3215,12,1,2,0,0,15,0.8
3216,13,1,2,0,0,16,0.8125
3217,15,2,1,0,0,18,0.8333333333333334
3218,13,2,2,0,0,17,0.7647058823529411
3219,13,2,2,0,0,17,0.7647058823529411
3220,13,3,2,0,0,18,0.7222222222222222
3221,12,1,2,0,0,15,0.8
3222,12,1,2,0,0,15,0.8
3223,11,2,2,0,0,15,0.7333333333333333
3224,12,1,2,0,0,15,0.8
3225,13,1,2,0,0,16,0.8125
3226,13,1,2,0,0,16,0.8125
3227,13,2,2,0,0,17,0.7647058823529411
3228,14,1,2,0,0,17,0.8235294117647058
3229,14,2,2,0,0,18,0.7777777777777778
3230,14,1,2,0,0,17,0.8235294117647058
3231,13,2,2,0,0,17,0.7647058823529411
3232,13,1,2,0,0,16,0.8125
3233,13,1,2,0,0,16,0.8125
3234,12,3,2,0,0,17,0.7058823529411765
3235,13,1,2,0,0,16,0.8125
3236,13,2,2,0,0,17,0.7647058823529411
3237,14,3,2,0,0,19,0.7368421052631579
3238,14,3,2,0,0,19,0.7368421052631579
3239,13,3,2,0,0,18,0.7222222222222222
3240,13,2,2,0,0,17,0.7647058823529411
3241,12,2,2,0,0,16,0.75
3242,12,3,2,0,0,17,0.7058823529411765
3243,13,1,2,0,0,16,0.8125
3244,14,1,2,0,0,17,0.8235294117647058
3245,11,3,2,0,0,16,0.6875
3246,12,3,2,0,0,17,0.7058823529411765
3247,12,1,2,0,0,15,0.8
3248,12,4,2,0,0,18,0.6666666666666666
3249,13,3,2,0,0,18,0.7222222222222222
3250,13,3,2,0,0,18,0.7222222222222222
3251,14,3,2,0,0,19,0.7368421052631579
3252,13,2,2,0,0,17,0.7647058823529411
3253,14,2,2,0,0,18,0.7777777777777778
3254,14,2,2,0,0,18,0.7777777777777778
3255,15,3,2,0,0,20,0.75
3256,14,2,2,0,0,18,0.7777777777777778
3257,14,1,2,0,0,17,0.8235294117647058
3258,13,2,2,0,0,17,0.7647058823529411
3259,11,1,2,0,0,14,0.7857142857142857
3260,12,2,2,0,0,16,0.75
3261,13,4,2,0,0,19,0.6842105263157895
3262,14,1,2,0,0,17,0.8235294117647058
3263,13,3,2,0,0,18,0.7222222222222222
3264,12,3,2,0,0,17,0.7058823529411765
3265,13,3,2,0,0,18,0.7222222222222222
3266,14,2,2,0,0,18,0.7777777777777778
3267,13,2,2,0,0,17,0.7647058823529411
3268,12,2,2,0,0,16,0.75
3269,12,3,2,0,0,17,0.7058823529411765
3270,10,2,2,0,0,14,0.7142857142857143
3271,13,2,2,0,0,17,0.7647058823529411
3272,14,2,2,0,0,18,0.7777777777777778
3273,11,2,2,0,0,15,0.7333333333333333
3274,12,2,2,0,0,16,0.75
3275,13,2,2,0,0,17,0.7647058823529411
3276,12,3,2,0,0,17,0.7058823529411765
3277,13,2,2,0,0,17,0.7647058823529411
3278,13,1,2,0,0,16,0.8125
3279,12,4,2,0,0,18,0.6666666666666666
3280,14,1,2,0,0,17,0.8235294117647058
3281,12,1,2,0,0,15,0.8
3282,12,3,2,0,0,17,0.7058823529411765
3283,14,1,2,0,0,17,0.8235294117647058
3284,14,1,2,0,0,17,0.8235294117647058
3285,14,3,2,0,0,19,0.7368421052631579
3286,14,2,2,0,0,18,0.7777777777777778
3287,16,2,2,0,0,20,0.8
3288,13,2,2,0,0,17,0.7647058823529411
3289,13,2,2,0,0,17,0.7647058823529411
3290,14,1,2,0,0,17,0.8235294117647058
3291,12,1,2,0,0,15,0.8
3292,14,2,2,0,0,18,0.7777777777777778
3293,14,2,2,0,0,18,0.7777777777777778
3294,14,2,2,0,0,18,0.7777777777777778
3295,12,1,2,0,0,15,0.8
3296,15,1,2,0,0,18,0.8333333333333334
3297,13,2,2,0,0,17,0.7647058823529411
3298,13,1,2,0,0,16,0.8125
3299,14,2,2,0,0,18,0.7777777777777778
3300,13,1,2,0,0,16,0.8125
3301,16,2,2,0,0,20,0.8
3302,14,1,2,0,0,17,0.8235294117647058
3303,13,1,2,0,0,16,0.8125
3304,14,2,2,0,0,18,0.7777777777777778
3305,14,1,2,0,0,17,0.8235294117647058
3306,13,1,2,0,0,16,0.8125
3307,13,1,2,0,0,16,0.8125
3308,15,1,2,0,0,18,0.8333333333333334
3309,15,1,2,0,0,18,0.8333333333333334
3310,15,1,2,0,0,18,0.8333333333333334
3311,14,1,2,0,0,17,0.8235294117647058
3312,12,2,2,0,0,16,0.75
3313,16,1,2,0,0,19,0.8421052631578947
3314,13,2,2,0,0,17,0.7647058823529411
3315,13,3,2,0,0,18,0.7222222222222222
3316,14,2,2,0,0,18,0.7777777777777778
3317,14,2,2,0,0,18,0.7777777777777778
3318,13,2,2,0,0,17,0.7647058823529411
3319,13,2,2,0,0,17,0.7647058823529411
3320,13,3,2,0,0,18,0.7222222222222222
3321,13,2,2,0,0,17,0.7647058823529411
3322,12,3,2,0,0,17,0.7058823529411765
3323,14,2,2,0,0,18,0.7777777777777778
3324,11,1,2,0,0,14,0.7857142857142857
3325,15,2,2,0,0,19,0.7894736842105263
3326,13,1,3,0,0,17,0.7647058823529411
3327,11,1,2,0,0,14,0.7857142857142857
3328,14,2,2,0,0,18,0.7777777777777778
3329,15,2,2,0,0,19,0.7894736842105263
3330,11,1,2,0,0,14,0.7857142857142857
3331,15,2,2,0,0,19,0.7894736842105263
3332,12,2,2,0,0,16,0.75
3333,15,2,2,0,0,19,0.7894736842105263
3334,13,1,2,0,0,16,0.8125
3335,14,1,2,0,0,17,0.8235294117647058
3336,15,1,2,0,0,18,0.8333333333333334
3337,13,1,2,0,0,16,0.8125
3338,13,1,2,0,0,16,0.8125
3339,15,1,2,0,0,18,0.8333333333333334
3340,15,2,2,0,0,19,0.7894736842105263
3341,14,2,2,0,0,18,0.7777777777777778
3342,12,2,2,0,0,16,0.75
3343,12,1,2,0,0,15,0.8
3344,15,2,2,0,0,19,0.7894736842105263
3345,12,2,2,0,0,16,0.75
3346,13,3,2,0,0,18,0.7222222222222222
3347,13,2,2,0,0,17,0.7647058823529411
3348,14,2,2,0,0,18,0.7777777777777778
3349,12,3,2,0,0,17,0.7058823529411765
3350,12,2,2,0,0,16,0.75
3351,12,2,2,0,0,16,0.75
3352,14,3,2,0,0,19,0.7368421052631579
3353,12,2,2,0,0,16,0.75
3354,13,3,2,0,0,18,0.7222222222222222
3355,12,3,2,0,0,17,0.7058823529411765
3356,13,2,2,0,0,17,0.7647058823529411
3357,14,3,2,0,0,19,0.7368421052631579
3358,13,2,2,0,0,17,0.7647058823529411
3359,13,2,2,0,0,17,0.7647058823529411
3360,12,3,2,0,0,17,0.7058823529411765
3361,13,2,2,0,0,17,0.7647058823529411
3362,12,1,2,0,0,15,0.8
3363,14,4,2,0,0,20,0.7
3364,13,1,2,0,0,16,0.8125
3365,14,2,2,0,0,18,0.7777777777777778
3366,15,1,2,0,0,18,0.8333333333333334
3367,15,1,2,0,0,18,0.8333333333333334
3368,13,1,2,0,0,16,0.8125
3369,14,2,2,0,0,18,0.7777777777777778
3370,12,1,2,0,0,15,0.8
3371,13,1,2,0,0,16,0.8125
3372,14,2,2,0,0,18,0.7777777777777778
3373,13,1,2,0,0,16,0.8125
3374,14,3,2,0,0,19,0.7368421052631579
3375,14,2,2,0,0,18,0.7777777777777778
3376,14,2,2,0,0,18,0.7777777777777778
3377,13,1,2,0,0,16,0.8125
3378,14,1,2,0,0,17,0.8235294117647058
3379,13,1,2,0,0,16,0.8125
3380,13,1,2,0,0,16,0.8125
3381,13,3,2,0,0,18,0.7222222222222222
3382,13,2,2,0,0,17,0.7647058823529411
3383,12,2,2,0,0,16,0.75
3384,14,2,3,0,0,19,0.7368421052631579
3385,14,3,2,0,0,19,0.7368421052631579
3386,12,2,2,0,0,16,0.75
3387,12,1,2,0,0,15,0.8
3388,13,1,2,0,0,16,0.8125
3389,14,1,2,0,0,17,0.8235294117647058
3390,15,1,2,0,0,18,0.8333333333333334
3391,15,2,2,0,0,19,0.7894736842105263
3392,15,1,2,0,0,18,0.8333333333333334
3393,14,2,2,0,0,18,0.7777777777777778
3394,13,2,2,0,0,17,0.7647058823529411
3395,15,2,2,0,0,19,0.7894736842105263
3396,15,3,2,0,0,20,0.75
3397,14,2,2,0,0,18,0.7777777777777778
3398,14,1,2,0,0,17,0.8235294117647058
3399,14,2,2,0,0,18,0.7777777777777778
3400,15,2,2,0,0,19,0.7894736842105263
3401,13,2,2,0,0,17,0.7647058823529411
3402,14,3,2,0,0,19,0.7368421052631579
3403,14,2,2,0,0,18,0.7777777777777778
3404,13,1,2,0,0,16,0.8125
3405,13,2,2,0,0,17,0.7647058823529411
3406,14,1,2,0,0,17,0.8235294117647058
3407,15,4,2,0,0,21,0.7142857142857143
3408,13,3,2,0,0,18,0.7222222222222222
3409,13,2,2,0,0,17,0.7647058823529411
3410,12,2,2,0,0,16,0.75
3411,14,1,2,0,0,17,0.8235294117647058
3412,14,2,2,0,0,18,0.7777777777777778
3413,14,2,2,0,0,18,0.7777777777777778
3414,14,2,2,0,0,18,0.7777777777777778
3415,15,2,2,0,0,19,0.7894736842105263
3416,14,2,2,0,0,18,0.7777777777777778
3417,13,2,2,0,0,17,0.7647058823529411
3418,12,2,2,0,0,16,0.75
3419,14,1,2,0,0,17,0.8235294117647058
3420,14,2,2,0,0,18,0.7777777777777778
3421,14,2,2,0,0,18,0.7777777777777778
3422,14,2,2,0,0,18,0.7777777777777778
3423,12,2,2,0,0,16,0.75
3424,15,2,2,0,0,19,0.7894736842105263
3425,13,4,2,0,0,19,0.6842105263157895
3426,14,1,2,0,0,17,0.8235294117647058
3427,14,2,2,0,0,18,0.7777777777777778
3428,13,3,2,0,0,18,0.7222222222222222
3429,14,3,2,0,0,19,0.7368421052631579
3430,14,1,2,0,0,17,0.8235294117647058
3431,14,4,2,0,0,20,0.7
3432,14,2,2,0,0,18,0.7777777777777778
3433,13,1,2,0,0,16,0.8125
3434,14,1,2,0,0,17,0.8235294117647058
3435,10,1,2,0,0,13,0.7692307692307693
3436,13,2,2,0,0,17,0.7647058823529411
3437,13,3,2,0,0,18,0.7222222222222222
3438,14,4,2,0,0,20,0.7
3439,13,1,2,0,0,16,0.8125
3440,16,1,2,0,0,19,0.8421052631578947
3441,13,2,2,0,0,17,0.7647058823529411
3442,11,3,2,0,0,16,0.6875
3443,12,1,2,0,0,15,0.8
3444,15,1,2,0,0,18,0.8333333333333334
3445,15,1,2,0,0,18,0.8333333333333334
3446,15,1,2,0,0,18,0.8333333333333334
3447,13,2,2,0,0,17,0.7647058823529411
3448,14,2,2,0,0,18,0.7777777777777778
3449,14,1,2,0,0,17,0.8235294117647058
3450,14,1,2,0,0,17,0.8235294117647058
3451,13,2,2,0,0,17,0.7647058823529411
3452,15,2,2,0,0,19,0.7894736842105263
3453,14,2,2,0,0,18,0.7777777777777778
3454,13,1,2,0,0,16,0.8125
3455,14,1,2,0,0,17,0.8235294117647058
3456,13,2,2,0,0,17,0.7647058823529411
3457,15,3,2,0,0,20,0.75
3458,15,4,2,0,0,21,0.7142857142857143
3459,17,1,2,0,0,20,0.85
3460,13,2,2,0,0,17,0.7647058823529411
3461,13,2,2,0,0,17,0.7647058823529411
3462,13,1,2,0,0,16,0.8125
3463,14,2,2,0,0,18,0.7777777777777778
3464,18,1,2,0,0,21,0.8571428571428571
3465,14,3,2,0,0,19,0.7368421052631579
3466,16,1,2,0,0,19,0.8421052631578947
3467,14,2,2,0,0,18,0.7777777777777778
3468,14,2,2,0,0,18,0.7777777777777778
3469,15,1,2,0,0,18,0.8333333333333334
3470,14,1,2,0,0,17,0.8235294117647058
3471,13,1,2,0,0,16,0.8125
3472,14,3,2,0,0,19,0.7368421052631579
3473,14,2,2,0,0,18,0.7777777777777778
3474,15,1,2,0,0,18,0.8333333333333334
3475,13,2,2,0,0,17,0.7647058823529411
3476,14,2,2,0,0,18,0.7777777777777778
3477,15,2,2,0,0,19,0.7894736842105263
3478,14,3,2,0,0,19,0.7368421052631579
3479,13,3,2,0,0,18,0.7222222222222222
3480,11,2,2,0,0,15,0.7333333333333333
3481,14,2,2,0,0,18,0.7777777777777778
3482,15,1,2,0,0,18,0.8333333333333334
3483,15,2,2,0,0,19,0.7894736842105263
3484,14,1,2,0,0,17,0.8235294117647058
3485,13,1,2,0,0,16,0.8125
3486,17,2,2,0,0,21,0.8095238095238095
3487,11,1,2,0,0,14,0.7857142857142857
3488,14,1,2,0,0,17,0.8235294117647058
3489,13,2,2,0,0,17,0.7647058823529411
3490,14,3,2,0,0,19,0.7368421052631579
3491,16,2,2,0,0,20,0.8
3492,13,1,2,0,0,16,0.8125
3493,15,1,2,0,0,18,0.8333333333333334
3494,13,2,2,0,0,17,0.7647058823529411
3495,14,2,2,0,0,18,0.7777777777777778
3496,14,3,2,0,0,19,0.7368421052631579
3497,12,2,2,0,0,16,0.75
3498,12,3,2,0,0,17,0.7058823529411765
3499,14,3,2,0,0,19,0.7368421052631579
3500,13,1,2,0,0,16,0.8125
3501,14,3,2,0,0,19,0.7368421052631579
3502,12,3,2,0,0,17,0.7058823529411765
3503,11,2,2,0,0,15,0.7333333333333333
3504,11,3,2,0,0,16,0.6875
3505,14,3,2,0,0,19,0.7368421052631579
3506,13,1,2,0,0,16,0.8125
3507,14,2,2,0,0,18,0.7777777777777778
3508,14,1,2,0,0,17,0.8235294117647058
3509,12,2,2,0,0,16,0.75
3510,15,1,2,0,0,18,0.8333333333333334
3511,13,3,2,0,0,18,0.7222222222222222
3512,13,3,2,0,0,18,0.7222222222222222
3513,14,1,2,0,0,17,0.8235294117647058
3514,12,3,2,0,0,17,0.7058823529411765
3515,13,2,2,0,0,17,0.7647058823529411
3516,12,2,2,0,0,16,0.75
3517,12,3,2,0,0,17,0.7058823529411765
3518,13,3,2,0,0,18,0.7222222222222222
3519,13,3,2,0,0,18,0.7222222222222222
3520,12,3,2,0,0,17,0.7058823529411765
3521,14,3,2,0,0,19,0.7368421052631579
3522,12,3,2,0,0,17,0.7058823529411765
3523,12,3,2,0,0,17,0.7058823529411765
3524,10,2,2,0,0,14,0.7142857142857143
3525,14,2,2,0,0,18,0.7777777777777778
3526,14,2,2,0,0,18,0.7777777777777778
3527,13,1,2,0,0,16,0.8125
3528,12,1,2,0,0,15,0.8
3529,13,2,2,0,0,17,0.7647058823529411
3530,14,4,2,0,0,20,0.7
3531,15,2,2,0,0,19,0.7894736842105263
3532,12,3,2,0,0,17,0.7058823529411765
3533,12,3,2,0,0,17,0.7058823529411765
3534,14,2,2,0,0,18,0.7777777777777778
3535,13,3,2,0,0,18,0.7222222222222222
3536,14,1,2,0,0,17,0.8235294117647058
3537,13,2,2,0,0,17,0.7647058823529411
3538,14,3,2,0,0,19,0.7368421052631579
3539,12,2,2,0,0,16,0.75
3540,13,1,2,0,0,16,0.8125
3541,14,1,2,0,0,17,0.8235294117647058
3542,13,2,2,0,0,17,0.7647058823529411
3543,13,3,2,0,0,18,0.7222222222222222
3544,14,2,2,0,0,18,0.7777777777777778
3545,14,1,2,0,0,17,0.8235294117647058
3546,14,2,2,0,0,18,0.7777777777777778
3547,14,1,2,0,0,17,0.8235294117647058
3548,13,1,2,0,0,16,0.8125
3549,15,1,2,0,0,18,0.8333333333333334
3550,12,3,2,0,0,17,0.7058823529411765
3551,12,2,2,0,0,16,0.75
3552,12,2,2,0,0,16,0.75
3553,14,1,2,0,0,17,0.8235294117647058
3554,14,2,2,0,0,18,0.7777777777777778
3555,12,2,2,0,0,16,0.75
3556,14,2,2,0,0,18,0.7777777777777778
3557,14,2,2,0,0,18,0.7777777777777778
3558,12,1,2,0,0,15,0.8
3559,14,3,2,0,0,19,0.7368421052631579
3560,13,2,2,0,0,17,0.7647058823529411
3561,13,1,2,0,0,16,0.8125
3562,13,2,2,0,0,17,0.7647058823529411
3563,15,2,2,0,0,19,0.7894736842105263
3564,14,2,2,0,0,18,0.7777777777777778
3565,14,3,2,0,0,19,0.7368421052631579
3566,14,2,2,0,0,18,0.7777777777777778
3567,12,3,2,0,0,17,0.7058823529411765
3568,14,2,2,0,0,18,0.7777777777777778
3569,12,1,2,0,0,15,0.8
3570,14,1,2,0,0,17,0.8235294117647058
3571,14,2,2,0,0,18,0.7777777777777778
3572,15,1,2,0,0,18,0.8333333333333334
3573,14,2,2,0,0,18,0.7777777777777778
3574,13,2,2,0,0,17,0.7647058823529411
3575,15,1,2,0,0,18,0.8333333333333334
3576,14,2,2,0,0,18,0.7777777777777778
3577,16,1,2,0,0,19,0.8421052631578947
3578,13,2,2,0,0,17,0.7647058823529411
3579,11,1,2,0,0,14,0.7857142857142857
3580,14,2,2,0,0,18,0.7777777777777778
3581,14,1,2,0,0,17,0.8235294117647058
3582,13,2,2,0,0,17,0.7647058823529411
3583,13,1,2,0,0,16,0.8125
3584,12,1,2,0,0,15,0.8
3585,13,1,2,0,0,16,0.8125
3586,13,2,2,0,0,17,0.7647058823529411
3587,13,1,2,0,0,16,0.8125
3588,13,2,2,0,0,17,0.7647058823529411
3589,13,2,2,0,0,17,0.7647058823529411
3590,11,3,2,0,0,16,0.6875
3591,13,2,2,0,0,17,0.7647058823529411
3592,14,1,2,0,0,17,0.8235294117647058
3593,13,2,2,0,0,17,0.7647058823529411
3594,14,1,2,0,0,17,0.8235294117647058
3595,13,2,2,0,0,17,0.7647058823529411
3596,13,3,2,0,0,18,0.7222222222222222
3597,14,1,2,0,0,17,0.8235294117647058
3598,11,2,2,0,0,15,0.7333333333333333
3599,12,2,2,0,0,16,0.75
3600,10,3,2,0,0,15,0.6666666666666666
3601,13,3,2,0,0,18,0.7222222222222222
3602,14,3,2,0,0,19,0.7368421052631579
3603,13,2,2,0,0,17,0.7647058823529411
3604,14,2,2,0,0,18,0.7777777777777778
3605,15,3,2,0,0,20,0.75
3606,16,2,2,0,0,20,0.8
3607,13,1,2,0,0,16,0.8125
3608,13,3,2,0,0,18,0.7222222222222222
3609,12,3,2,0,0,17,0.7058823529411765
3610,12,2,2,0,0,16,0.75
3611,15,4,2,0,0,21,0.7142857142857143
3612,13,2,2,0,0,17,0.7647058823529411
3613,14,2,2,0,0,18,0.7777777777777778
3614,13,1,2,0,0,16,0.8125
3615,14,2,2,0,0,18,0.7777777777777778
3616,13,2,2,0,0,17,0.7647058823529411
3617,14,3,2,0,0,19,0.7368421052631579
3618,12,3,2,0,0,17,0.7058823529411765
3619,13,2,2,0,0,17,0.7647058823529411
3620,13,2,2,0,0,17,0.7647058823529411
3621,13,2,2,0,0,17,0.7647058823529411
3622,14,2,2,0,0,18,0.7777777777777778
3623,15,2,2,0,0,19,0.7894736842105263
3624,13,1,2,0,0,16,0.8125
3625,13,3,2,0,0,18,0.7222222222222222
3626,14,2,2,0,0,18,0.7777777777777778
3627,14,1,2,0,0,17,0.8235294117647058
3628,14,1,2,0,0,17,0.8235294117647058
3629,12,3,2,0,0,17,0.7058823529411765
3630,13,1,2,0,0,16,0.8125
3631,13,1,2,0,0,16,0.8125
3632,13,1,2,0,0,16,0.8125
3633,12,2,2,0,0,16,0.75
3634,13,1,2,0,0,16,0.8125
3635,15,1,2,0,0,18,0.8333333333333334
3636,14,2,2,0,0,18,0.7777777777777778
3637,14,3,2,0,0,19,0.7368421052631579
3638,13,3,2,0,0,18,0.7222222222222222
3639,12,3,2,0,0,17,0.7058823529411765
3640,13,2,2,0,0,17,0.7647058823529411
3641,11,3,2,0,0,16,0.6875
3642,13,3,2,0,0,18,0.7222222222222222
3643,11,3,2,0,0,16,0.6875
3644,14,3,2,0,0,19,0.7368421052631579
3645,10,3,2,0,0,15,0.6666666666666666
3646,12,2,2,0,0,16,0.75
3647,12,1,2,0,0,15,0.8
3648,13,3,2,0,0,18,0.7222222222222222
3649,14,2,2,0,0,18,0.7777777777777778
3650,13,3,2,0,0,18,0.7222222222222222
3651,14,3,2,0,0,19,0.7368421052631579
3652,14,3,2,0,0,19,0.7368421052631579
3653,13,2,2,0,0,17,0.7647058823529411
3654,13,4,2,0,0,19,0.6842105263157895
3655,12,3,2,0,0,17,0.7058823529411765
3656,14,2,2,0,0,18,0.7777777777777778
3657,13,2,2,0,0,17,0.7647058823529411
3658,13,3,2,0,0,18,0.7222222222222222
3659,13,2,2,0,0,17,0.7647058823529411
3660,12,3,2,0,0,17,0.7058823529411765
3661,14,2,2,0,0,18,0.7777777777777778
3662,13,2,2,0,0,17,0.7647058823529411
3663,13,3,2,0,0,18,0.7222222222222222
3664,14,2,2,0,0,18,0.7777777777777778
3665,15,1,2,0,0,18,0.8333333333333334
3666,14,2,2,0,0,18,0.7777777777777778
3667,11,3,2,0,0,16,0.6875
3668,12,2,2,0,0,16,0.75
3669,14,2,2,0,0,18,0.7777777777777778
3670,13,1,2,0,0,16,0.8125
3671,14,2,2,0,0,18,0.7777777777777778
3672,14,2,2,0,0,18,0.7777777777777778
3673,13,3,2,0,0,18,0.7222222222222222
3674,12,1,2,0,0,15,0.8
3675,15,3,2,0,0,20,0.75
3676,14,2,2,0,0,18,0.7777777777777778
3677,15,3,2,0,0,20,0.75
3678,10,4,2,0,0,16,0.625
3679,11,3,2,0,0,16,0.6875
3680,13,2,2,0,0,17,0.7647058823529411
3681,13,4,2,0,0,19,0.6842105263157895
3682,14,3,2,0,0,19,0.7368421052631579
3683,14,2,2,0,0,18,0.7777777777777778
3684,13,2,2,0,0,17,0.7647058823529411
3685,13,2,2,0,0,17,0.7647058823529411
3686,11,2,2,0,0,15,0.7333333333333333
3687,13,1,2,0,0,16,0.8125
3688,11,2,2,0,0,15,0.7333333333333333
3689,15,3,2,0,0,20,0.75
3690,13,2,2,0,0,17,0.7647058823529411
3691,14,1,2,0,0,17,0.8235294117647058
3692,13,2,2,0,0,17,0.7647058823529411
3693,14,1,2,0,0,17,0.8235294117647058
3694,13,4,2,0,0,19,0.6842105263157895
3695,14,2,2,0,0,18,0.7777777777777778
3696,14,3,2,0,0,19,0.7368421052631579
3697,15,1,2,0,0,18,0.8333333333333334
3698,14,3,2,0,0,19,0.7368421052631579
3699,14,3,2,0,0,19,0.7368421052631579
3700,15,2,2,0,0,19,0.7894736842105263
3701,13,2,2,0,0,17,0.7647058823529411
3702,13,1,2,0,0,16,0.8125
3703,13,2,2,0,0,17,0.7647058823529411
3704,15,1,2,0,0,18,0.8333333333333334
3705,14,2,2,0,0,18,0.7777777777777778
3706,13,3,2,0,0,18,0.7222222222222222
3707,14,1,2,0,0,17,0.8235294117647058
3708,14,3,2,0,0,19,0.7368421052631579
3709,13,3,2,0,0,18,0.7222222222222222
3710,12,2,2,0,0,16,0.75
3711,14,3,2,0,0,19,0.7368421052631579
3712,13,3,2,0,0,18,0.7222222222222222
3713,11,3,2,0,0,16,0.6875
3714,13,3,2,0,0,18,0.7222222222222222
3715,14,1,2,0,0,17,0.8235294117647058
3716,14,2,2,0,0,18,0.7777777777777778
3717,14,3,2,0,0,19,0.7368421052631579
3718,13,2,2,0,0,17,0.7647058823529411
3719,12,3,2,0,0,17,0.7058823529411765
3720,13,3,2,0,0,18,0.7222222222222222
3721,14,1,2,0,0,17,0.8235294117647058
3722,12,1,2,0,0,15,0.8
3723,14,3,2,0,0,19,0.7368421052631579
3724,13,1,2,0,0,16,0.8125
3725,14,3,2,0,0,19,0.7368421052631579
3726,13,2,2,0,0,17,0.7647058823529411
3727,13,2,2,0,0,17,0.7647058823529411
3728,13,3,2,0,0,18,0.7222222222222222
3729,13,1,2,0,0,16,0.8125
3730,15,3,2,0,0,20,0.75
3731,14,1,2,0,0,17,0.8235294117647058
3732,15,3,2,0,0,20,0.75
3733,14,2,2,0,0,18,0.7777777777777778
3734,15,1,2,0,0,18,0.8333333333333334
3735,14,2,2,0,0,18,0.7777777777777778
3736,14,1,2,0,0,17,0.8235294117647058
3737,11,2,2,0,0,15,0.7333333333333333
3738,13,3,2,0,0,18,0.7222222222222222
3739,15,1,2,0,0,18,0.8333333333333334
3740,15,2,2,0,0,19,0.7894736842105263
3741,13,2,2,0,0,17,0.7647058823529411
3742,15,2,2,0,0,19,0.7894736842105263
3743,14,2,2,0,0,18,0.7777777777777778
3744,12,2,2,0,0,16,0.75
3745,13,1,2,0,0,16,0.8125
3746,13,3,2,0,0,18,0.7222222222222222
3747,15,2,2,0,0,19,0.7894736842105263
3748,11,4,2,0,0,17,0.6470588235294118
3749,12,1,2,0,0,15,0.8
3750,13,5,2,0,0,20,0.65
3751,13,3,2,0,0,18,0.7222222222222222
3752,12,4,2,0,0,18,0.6666666666666666
3753,13,3,2,0,0,18,0.7222222222222222
3754,12,4,2,0,0,18,0.6666666666666666
3755,12,3,2,0,0,17,0.7058823529411765
3756,11,2,2,0,0,15,0.7333333333333333
3757,13,4,2,0,0,19,0.6842105263157895
3758,11,3,2,0,0,16,0.6875
3759,11,2,2,0,0,15,0.7333333333333333
3760,13,2,2,0,0,17,0.7647058823529411
3761,13,1,2,0,0,16,0.8125
3762,15,2,2,0,0,19,0.7894736842105263
3763,15,2,2,0,0,19,0.7894736842105263
3764,14,2,2,0,0,18,0.7777777777777778
3765,13,2,2,0,0,17,0.7647058823529411
3766,14,3,2,0,0,19,0.7368421052631579
3767,15,2,2,0,0,19,0.7894736842105263
3768,15,2,2,0,0,19,0.7894736842105263
3769,12,2,2,0,0,16,0.75
3770,11,2,2,0,0,15,0.7333333333333333
3771,15,3,2,0,0,20,0.75
3772,14,3,2,0,0,19,0.7368421052631579
3773,15,3,2,0,0,20,0.75
3774,15,2,2,0,0,19,0.7894736842105263
3775,15,2,2,0,0,19,0.7894736842105263
3776,14,2,2,0,0,18,0.7777777777777778
3777,11,2,2,0,0,15,0.7333333333333333
3778,15,2,2,0,0,19,0.7894736842105263
3779,16,2,2,0,0,20,0.8
3780,13,2,2,0,0,17,0.7647058823529411
3781,14,2,2,0,0,18,0.7777777777777778
3782,14,1,2,0,0,17,0.8235294117647058
3783,13,1,2,0,0,16,0.8125
3784,12,2,2,0,0,16,0.75
3785,15,2,2,0,0,19,0.7894736842105263
3786,14,2,2,0,0,18,0.7777777777777778
3787,12,4,2,0,0,18,0.6666666666666666
3788,13,4,2,0,0,19,0.6842105263157895
3789,15,1,2,0,0,18,0.8333333333333334
3790,16,3,2,0,0,21,0.7619047619047619
3791,14,1,2,0,0,17,0.8235294117647058
3792,16,3,2,0,0,21,0.7619047619047619
3793,12,1,2,0,0,15,0.8
3794,15,2,2,0,0,19,0.7894736842105263
3795,14,3,2,0,0,19,0.7368421052631579
3796,14,3,2,0,0,19,0.7368421052631579
3797,14,2,2,0,0,18,0.7777777777777778
3798,14,2,2,0,0,18,0.7777777777777778
3799,13,2,2,0,0,17,0.7647058823529411
3800,15,2,2,0,0,19,0.7894736842105263
3801,13,2,2,0,0,17,0.7647058823529411
3802,15,3,2,0,0,20,0.75
3803,16,1,2,0,0,19,0.8421052631578947
3804,15,2,2,0,0,19,0.7894736842105263
3805,14,4,2,0,0,20,0.7
3806,15,2,2,0,0,19,0.7894736842105263
3807,13,1,2,0,0,16,0.8125
3808,16,1,2,0,0,19,0.8421052631578947
3809,14,2,2,0,0,18,0.7777777777777778
3810,14,2,2,0,0,18,0.7777777777777778
3811,12,2,2,0,0,16,0.75
3812,12,2,2,0,0,16,0.75
3813,14,2,2,0,0,18,0.7777777777777778
3814,14,2,2,0,0,18,0.7777777777777778
3815,13,2,2,0,0,17,0.7647058823529411
3816,13,3,2,0,0,18,0.7222222222222222
3817,14,2,2,0,0,18,0.7777777777777778
3818,13,1,2,0,0,16,0.8125
3819,13,2,2,0,0,17,0.7647058823529411
3820,15,4,2,0,0,21,0.7142857142857143
3821,13,3,2,0,0,18,0.7222222222222222
3822,12,2,2,0,0,16,0.75
3823,13,2,2,0,0,17,0.7647058823529411
3824,13,2,2,0,0,17,0.7647058823529411
3825,14,2,2,0,0,18,0.7777777777777778
3826,13,2,2,0,0,17,0.7647058823529411
3827,14,1,2,0,0,17,0.8235294117647058
3828,14,2,2,0,0,18,0.7777777777777778
3829,14,2,2,0,0,18,0.7777777777777778
3830,13,1,2,0,0,16,0.8125
3831,13,3,2,0,0,18,0.7222222222222222
3832,13,1,2,0,0,16,0.8125
3833,15,2,2,0,0,19,0.7894736842105263
3834,13,2,2,0,0,17,0.7647058823529411
3835,14,1,2,0,0,17,0.8235294117647058
3836,12,3,2,0,0,17,0.7058823529411765
3837,13,2,2,0,0,17,0.7647058823529411
3838,13,3,2,0,0,18,0.7222222222222222
3839,14,3,2,0,0,19,0.7368421052631579
3840,12,2,2,0,0,16,0.75
3841,14,2,2,0,0,18,0.7777777777777778
3842,13,1,2,0,0,16,0.8125
3843,10,2,2,0,0,14,0.7142857142857143
3844,13,2,2,0,0,17,0.7647058823529411
3845,13,2,2,0,0,17,0.7647058823529411
3846,12,2,2,0,0,16,0.75
3847,14,3,2,0,0,19,0.7368421052631579
3848,12,2,2,0,0,16,0.75
3849,13,1,2,0,0,16,0.8125
3850,14,2,2,0,0,18,0.7777777777777778
3851,13,2,2,0,0,17,0.7647058823529411
3852,15,2,2,0,0,19,0.7894736842105263
3853,13,1,2,0,0,16,0.8125
3854,14,2,2,0,0,18,0.7777777777777778
3855,13,2,2,0,0,17,0.7647058823529411
3856,13,4,2,0,0,19,0.6842105263157895
3857,13,3,2,0,0,18,0.7222222222222222
3858,13,2,2,0,0,17,0.7647058823529411
3859,13,2,2,0,0,17,0.7647058823529411
3860,14,2,2,0,0,18,0.7777777777777778
3861,13,2,2,0,0,17,0.7647058823529411
3862,12,3,2,0,0,17,0.7058823529411765
3863,13,2,2,0,0,17,0.7647058823529411
3864,14,2,2,0,0,18,0.7777777777777778
3865,13,3,2,0,0,18,0.7222222222222222
3866,13,2,2,0,0,17,0.7647058823529411
3867,14,2,2,0,0,18,0.7777777777777778
3868,13,2,2,0,0,17,0.7647058823529411
3869,12,2,2,0,0,16,0.75
3870,13,3,2,0,0,18,0.7222222222222222
3871,15,1,2,0,0,18,0.8333333333333334
3872,13,1,2,0,0,16,0.8125
3873,15,2,2,0,0,19,0.7894736842105263
3874,13,4,2,0,0,19,0.6842105263157895
3875,15,3,2,0,0,20,0.75
3876,13,3,2,0,0,18,0.7222222222222222
3877,13,3,2,0,0,18,0.7222222222222222
3878,14,3,2,0,0,19,0.7368421052631579
3879,12,3,2,0,0,17,0.7058823529411765
3880,13,2,2,0,0,17,0.7647058823529411
3881,13,2,2,0,0,17,0.7647058823529411
3882,14,3,2,0,0,19,0.7368421052631579
3883,15,2,2,0,0,19,0.7894736842105263
3884,13,1,2,0,0,16,0.8125
3885,13,3,2,0,0,18,0.7222222222222222
3886,12,2,2,0,0,16,0.75
3887,14,2,2,0,0,18,0.7777777777777778
3888,13,2,2,0,0,17,0.7647058823529411
3889,13,3,2,0,0,18,0.7222222222222222
3890,10,3,2,0,0,15,0.6666666666666666
3891,13,4,2,0,0,19,0.6842105263157895
3892,14,3,2,0,0,19,0.7368421052631579
3893,12,4,2,0,0,18,0.6666666666666666
3894,11,4,2,0,0,17,0.6470588235294118
3895,13,3,2,0,0,18,0.7222222222222222
3896,14,3,2,0,0,19,0.7368421052631579
3897,11,3,2,0,0,16,0.6875
3898,11,3,2,0,0,16,0.6875
3899,12,3,2,0,0,17,0.7058823529411765
3900,13,3,2,0,0,18,0.7222222222222222
3901,12,3,2,0,0,17,0.7058823529411765
3902,12,3,2,0,0,17,0.7058823529411765
3903,12,3,2,0,0,17,0.7058823529411765
3904,13,4,2,0,0,19,0.6842105263157895
3905,13,4,2,0,0,19,0.6842105263157895
3906,15,3,2,0,0,20,0.75
3907,13,3,2,0,0,18,0.7222222222222222
3908,12,3,2,0,0,17,0.7058823529411765
3909,13,3,2,0,0,18,0.7222222222222222
3910,12,4,2,0,0,18,0.6666666666666666
3911,11,4,2,0,0,17,0.6470588235294118
3912,12,4,2,0,0,18,0.6666666666666666
3913,15,4,2,0,0,21,0.7142857142857143
3914,14,4,2,0,0,20,0.7
3915,12,4,2,0,0,18,0.6666666666666666
3916,14,3,2,0,0,19,0.7368421052631579
3917,13,4,2,0,0,19,0.6842105263157895
3918,12,4,2,0,0,18,0.6666666666666666
3919,14,3,2,0,0,19,0.7368421052631579
3920,12,4,2,0,0,18,0.6666666666666666
3921,13,3,2,0,0,18,0.7222222222222222
3922,16,4,2,0,0,22,0.7272727272727273
3923,14,4,2,0,0,20,0.7
3924,16,4,2,0,0,22,0.7272727272727273
3925,14,4,2,0,0,20,0.7
3926,12,3,2,0,0,17,0.7058823529411765
3927,15,4,2,0,0,21,0.7142857142857143
3928,12,4,2,0,0,18,0.6666666666666666
3929,14,4,2,0,0,20,0.7
3930,14,4,2,0,0,20,0.7
3931,13,4,2,0,0,19,0.6842105263157895
3932,12,3,2,0,0,17,0.7058823529411765
3933,12,4,2,0,0,18,0.6666666666666666
3934,13,3,2,0,0,18,0.7222222222222222
3935,13,4,2,0,0,19,0.6842105263157895
3936,12,4,2,0,0,18,0.6666666666666666
3937,15,4,2,0,0,21,0.7142857142857143
3938,14,4,2,0,0,20,0.7
3939,14,4,2,0,0,20,0.7
3940,13,4,2,0,0,19,0.6842105263157895
3941,14,4,2,0,0,20,0.7
3942,13,4,2,0,0,19,0.6842105263157895
3943,12,3,2,0,0,17,0.7058823529411765
3944,12,3,2,0,0,17,0.7058823529411765
3945,12,3,2,0,0,17,0.7058823529411765
3946,15,4,2,0,0,21,0.7142857142857143
3947,11,3,2,0,0,16,0.6875
3948,10,3,2,0,0,15,0.6666666666666666
3949,9,3,2,0,0,14,0.6428571428571429
3950,11,3,2,0,0,16,0.6875
3951,14,4,2,0,0,20,0.7
3952,11,5,2,0,0,18,0.6111111111111112
3953,11,3,2,0,0,16,0.6875
3954,12,4,2,0,0,18,0.6666666666666666
3955,12,3,2,0,0,17,0.7058823529411765
3956,12,3,2,0,0,17,0.7058823529411765
3957,11,3,2,0,0,16,0.6875
3958,12,4,2,0,0,18,0.6666666666666666
3959,9,4,2,0,0,15,0.6
3960,12,4,2,0,0,18,0.6666666666666666
3961,12,4,2,0,0,18,0.6666666666666666
3962,13,2,2,0,0,17,0.7647058823529411
3963,14,3,2,0,0,19,0.7368421052631579
3964,14,1,2,0,0,17,0.8235294117647058
3965,15,3,2,0,0,20,0.75
3966,12,3,2,0,0,17,0.7058823529411765
3967,15,3,2,0,0,20,0.75
3968,14,4,2,0,0,20,0.7
3969,13,4,2,0,0,19,0.6842105263157895
3970,13,3,2,0,0,18,0.7222222222222222
3971,13,4,2,0,0,19,0.6842105263157895
3972,12,4,2,0,0,18,0.6666666666666666
3973,13,4,2,0,0,19,0.6842105263157895
3974,14,4,2,0,0,20,0.7
3975,14,4,2,0,0,20,0.7
3976,12,4,2,0,0,18,0.6666666666666666
3977,14,4,2,0,0,20,0.7
3978,14,3,2,0,0,19,0.7368421052631579
3979,13,3,2,0,0,18,0.7222222222222222
3980,11,5,2,0,0,18,0.6111111111111112
3981,12,4,2,0,0,18,0.6666666666666666
3982,12,4,2,0,0,18,0.6666666666666666
3983,14,2,2,0,0,18,0.7777777777777778
3984,13,4,2,0,0,19,0.6842105263157895
3985,14,4,2,0,0,20,0.7
3986,15,4,2,0,0,21,0.7142857142857143
3987,13,5,2,0,0,20,0.65
3988,13,4,2,0,0,19,0.6842105263157895
3989,11,4,2,0,0,17,0.6470588235294118
3990,10,3,2,0,0,15,0.6666666666666666
3991,12,3,2,0,0,17,0.7058823529411765
3992,13,3,2,0,0,18,0.7222222222222222
3993,13,4,2,0,0,19,0.6842105263157895
3994,12,4,2,0,0,18,0.6666666666666666
3995,11,3,2,0,0,16,0.6875
3996,15,4,2,0,0,21,0.7142857142857143
3997,14,3,2,0,0,19,0.7368421052631579
3998,12,3,2,0,0,17,0.7058823529411765
3999,14,3,2,0,0,19,0.7368421052631579
4000,12,3,2,0,0,17,0.7058823529411765
4001,13,4,2,0,0,19,0.6842105263157895
4002,15,4,2,0,0,21,0.7142857142857143
4003,12,4,2,0,0,18,0.6666666666666666
4004,13,5,2,0,0,20,0.65
4005,16,4,2,0,0,22,0.7272727272727273
4006,15,3,2,0,0,20,0.75
4007,13,4,2,0,0,19,0.6842105263157895
4008,14,4,2,0,0,20,0.7
4009,12,4,2,0,0,18,0.6666666666666666
4010,12,4,2,0,0,18,0.6666666666666666
4011,13,4,2,0,0,19,0.6842105263157895
4012,14,4,2,0,0,20,0.7
4013,14,3,2,0,0,19,0.7368421052631579
4014,13,4,2,0,0,19,0.6842105263157895
4015,14,4,2,0,0,20,0.7
4016,13,4,2,0,0,19,0.6842105263157895
4017,14,4,2,0,0,20,0.7
4018,15,4,2,0,0,21,0.7142857142857143
4019,14,4,2,0,0,20,0.7
4020,15,4,2,0,0,21,0.7142857142857143
4021,12,4,2,0,0,18,0.6666666666666666
4022,10,2,2,0,0,14,0.7142857142857143
4023,13,4,2,0,0,19,0.6842105263157895
4024,13,4,2,0,0,19,0.6842105263157895
4025,12,4,2,0,0,18,0.6666666666666666
4026,14,4,2,0,0,20,0.7
4027,14,2,2,0,0,18,0.7777777777777778
4028,14,4,2,0,0,20,0.7
4029,13,3,2,0,0,18,0.7222222222222222
4030,11,3,2,0,0,16,0.6875
4031,10,4,2,0,0,16,0.625
4032,12,5,2,0,0,19,0.631578947368421
4033,12,5,2,0,0,19,0.631578947368421
4034,11,5,2,0,0,18,0.6111111111111112
4035,10,3,2,0,0,15,0.6666666666666666
4036,14,3,2,0,0,19,0.7368421052631579
4037,14,3,2,0,0,19,0.7368421052631579
4038,14,4,2,0,0,20,0.7
4039,12,3,2,0,0,17,0.7058823529411765
4040,12,3,2,0,0,17,0.7058823529411765
4041,13,3,2,0,0,18,0.7222222222222222
4042,10,3,2,0,0,15,0.6666666666666666
4043,13,4,2,0,0,19,0.6842105263157895
4044,12,3,2,0,0,17,0.7058823529411765
4045,12,4,2,0,0,18,0.6666666666666666
4046,12,4,2,0,0,18,0.6666666666666666
4047,13,3,2,0,0,18,0.7222222222222222
4048,12,4,2,0,0,18,0.6666666666666666
4049,13,4,2,0,0,19,0.6842105263157895
4050,11,3,2,0,0,16,0.6875
4051,12,4,2,0,0,18,0.6666666666666666
4052,15,5,2,0,0,22,0.6818181818181818
4053,11,4,2,0,0,17,0.6470588235294118
4054,12,3,2,0,0,17,0.7058823529411765
4055,11,4,2,0,0,17,0.6470588235294118
4056,13,4,2,0,0,19,0.6842105263157895
4057,12,3,2,0,0,17,0.7058823529411765
4058,13,4,2,0,0,19,0.6842105263157895
4059,12,3,2,0,0,17,0.7058823529411765
4060,14,2,2,0,0,18,0.7777777777777778
4061,12,2,2,0,0,16,0.75
4062,12,2,2,0,0,16,0.75
4063,13,2,2,0,0,17,0.7647058823529411
4064,13,1,2,0,0,16,0.8125
4065,13,2,2,0,0,17,0.7647058823529411
4066,14,3,2,0,0,19,0.7368421052631579
4067,14,2,2,0,0,18,0.7777777777777778
4068,14,4,2,0,0,20,0.7
4069,13,3,2,0,0,18,0.7222222222222222
4070,15,3,2,0,0,20,0.75
4071,13,2,2,0,0,17,0.7647058823529411
4072,12,2,2,0,0,16,0.75
4073,17,2,2,0,0,21,0.8095238095238095
4074,14,3,2,0,0,19,0.7368421052631579
4075,14,2,2,0,0,18,0.7777777777777778
4076,14,1,2,0,0,17,0.8235294117647058
4077,15,3,2,0,0,20,0.75
4078,16,3,2,0,0,21,0.7619047619047619
4079,14,3,2,0,0,19,0.7368421052631579
4080,15,2,2,0,0,19,0.7894736842105263
4081,14,2,2,0,0,18,0.7777777777777778
4082,14,2,2,0,0,18,0.7777777777777778
4083,15,2,2,0,0,19,0.7894736842105263
4084,14,2,2,0,0,18,0.7777777777777778
4085,12,3,2,0,0,17,0.7058823529411765
4086,15,3,2,0,0,20,0.75
4087,14,3,2,0,0,19,0.7368421052631579
4088,10,2,2,0,0,14,0.7142857142857143
4089,14,3,2,0,0,19,0.7368421052631579
4090,15,2,2,0,0,19,0.7894736842105263
4091,15,2,2,0,0,19,0.7894736842105263
4092,13,3,2,0,0,18,0.7222222222222222
4093,15,3,2,0,0,20,0.75
4094,14,3,2,0,0,19,0.7368421052631579
4095,14,4,2,0,0,20,0.7
4096,15,3,2,0,0,20,0.75
4097,13,2,2,0,0,17,0.7647058823529411
4098,13,2,2,0,0,17,0.7647058823529411
4099,14,3,2,0,0,19,0.7368421052631579
4100,15,4,2,0,0,21,0.7142857142857143
4101,15,2,2,0,0,19,0.7894736842105263
4102,13,4,2,0,0,19,0.6842105263157895
4103,15,2,2,0,0,19,0.7894736842105263
4104,14,2,2,0,0,18,0.7777777777777778
4105,14,4,2,0,0,20,0.7
4106,15,3,2,0,0,20,0.75
4107,14,2,2,0,0,18,0.7777777777777778
4108,13,4,2,0,0,19,0.6842105263157895
4109,15,3,2,0,0,20,0.75
4110,15,3,2,0,0,20,0.75
4111,15,2,2,0,0,19,0.7894736842105263
4112,15,2,2,0,0,19,0.7894736842105263
4113,14,3,2,0,0,19,0.7368421052631579
4114,16,2,2,0,0,20,0.8
4115,12,2,2,0,0,16,0.75
4116,12,2,2,0,0,16,0.75
4117,13,3,2,0,0,18,0.7222222222222222
4118,16,2,2,0,0,20,0.8
4119,13,2,2,0,0,17,0.7647058823529411
4120,14,2,2,0,0,18,0.7777777777777778
4121,15,3,2,0,0,20,0.75
4122,15,2,2,0,0,19,0.7894736842105263
4123,12,3,2,0,0,17,0.7058823529411765
4124,15,2,2,0,0,19,0.7894736842105263
4125,14,3,2,0,0,19,0.7368421052631579
4126,15,3,1,0,0,19,0.7894736842105263
4127,13,2,2,0,0,17,0.7647058823529411
4128,16,2,2,0,0,20,0.8
4129,15,2,2,0,0,19,0.7894736842105263
4130,14,2,2,0,0,18,0.7777777777777778
4131,15,3,2,0,0,20,0.75
4132,15,3,2,0,0,20,0.75
4133,12,3,2,0,0,17,0.7058823529411765
4134,15,2,2,0,0,19,0.7894736842105263
4135,16,4,2,0,0,22,0.7272727272727273
4136,12,2,2,0,0,16,0.75
4137,14,2,2,0,0,18,0.7777777777777778
4138,13,3,2,0,0,18,0.7222222222222222
4139,16,2,2,0,0,20,0.8
4140,13,2,2,0,0,17,0.7647058823529411
4141,15,2,2,0,0,19,0.7894736842105263
4142,13,3,2,0,0,18,0.7222222222222222
4143,13,2,2,0,0,17,0.7647058823529411
4144,14,3,2,0,0,19,0.7368421052631579
4145,14,2,2,0,0,18,0.7777777777777778
4146,13,3,2,0,0,18,0.7222222222222222
4147,15,2,2,0,0,19,0.7894736842105263
4148,14,3,2,0,0,19,0.7368421052631579
4149,14,3,2,0,0,19,0.7368421052631579
4150,12,2,2,0,0,16,0.75
4151,14,2,2,0,0,18,0.7777777777777778
4152,13,2,2,0,0,17,0.7647058823529411
4153,12,2,2,0,0,16,0.75
4154,14,3,2,0,0,19,0.7368421052631579
4155,13,3,2,0,0,18,0.7222222222222222
4156,15,4,2,0,0,21,0.7142857142857143
4157,12,5,2,0,0,19,0.631578947368421
4158,14,3,2,0,0,19,0.7368421052631579
4159,15,3,2,0,0,20,0.75
4160,14,2,2,0,0,18,0.7777777777777778
4161,15,3,2,0,0,20,0.75
4162,14,2,2,0,0,18,0.7777777777777778
4163,13,2,2,0,0,17,0.7647058823529411
4164,14,3,2,0,0,19,0.7368421052631579
4165,12,3,2,0,0,17,0.7058823529411765
4166,14,2,2,0,0,18,0.7777777777777778
4167,11,3,2,0,0,16,0.6875
4168,14,2,2,0,0,18,0.7777777777777778
4169,12,2,2,0,0,16,0.75
4170,13,2,2,0,0,17,0.7647058823529411
4171,15,2,2,0,0,19,0.7894736842105263
4172,13,3,2,0,0,18,0.7222222222222222
4173,14,2,2,0,0,18,0.7777777777777778
4174,14,2,2,0,0,18,0.7777777777777778
4175,14,2,2,0,0,18,0.7777777777777778
4176,15,2,2,0,0,19,0.7894736842105263
4177,14,3,2,0,0,19,0.7368421052631579
4178,15,2,2,0,0,19,0.7894736842105263
4179,14,3,2,0,0,19,0.7368421052631579
4180,15,3,2,0,0,20,0.75
4181,13,2,2,0,0,17,0.7647058823529411
4182,13,3,2,0,0,18,0.7222222222222222
4183,14,3,2,0,0,19,0.7368421052631579
4184,12,2,2,0,0,16,0.75
4185,15,3,2,0,0,20,0.75
4186,14,2,2,0,0,18,0.7777777777777778
4187,14,2,2,0,0,18,0.7777777777777778
4188,14,2,2,0,0,18,0.7777777777777778
4189,12,2,2,0,0,16,0.75
4190,15,2,2,0,0,19,0.7894736842105263
4191,14,3,2,0,0,19,0.7368421052631579
4192,14,2,2,0,0,18,0.7777777777777778
4193,14,2,2,0,0,18,0.7777777777777778
4194,14,2,2,0,0,18,0.7777777777777778
4195,14,3,2,0,0,19,0.7368421052631579
4196,14,2,2,0,0,18,0.7777777777777778
4197,12,2,2,0,0,16,0.75
4198,15,3,2,0,0,20,0.75
4199,10,4,2,0,0,16,0.625
4200,15,3,2,0,0,20,0.75
4201,15,3,2,0,0,20,0.75
4202,13,3,2,0,0,18,0.7222222222222222
4203,14,2,2,0,0,18,0.7777777777777778
4204,13,4,2,0,0,19,0.6842105263157895
4205,14,3,2,0,0,19,0.7368421052631579
4206,13,3,2,0,0,18,0.7222222222222222
4207,11,3,2,0,0,16,0.6875
4208,14,3,2,0,0,19,0.7368421052631579
4209,14,2,2,0,0,18,0.7777777777777778
4210,13,2,2,0,0,17,0.7647058823529411
4211,12,3,2,0,0,17,0.7058823529411765
4212,13,2,2,0,0,17,0.7647058823529411
4213,15,2,2,0,0,19,0.7894736842105263
4214,13,2,2,0,0,17,0.7647058823529411
4215,13,3,2,0,0,18,0.7222222222222222
4216,13,2,2,0,0,17,0.7647058823529411
4217,13,2,2,0,0,17,0.7647058823529411
4218,14,2,2,0,0,18,0.7777777777777778
4219,12,2,2,0,0,16,0.75
4220,15,2,2,0,0,19,0.7894736842105263
4221,14,2,2,0,0,18,0.7777777777777778
4222,13,2,2,0,0,17,0.7647058823529411
4223,13,2,2,0,0,17,0.7647058823529411
4224,14,1,2,0,0,17,0.8235294117647058
4225,13,2,2,0,0,17,0.7647058823529411
4226,11,3,2,0,0,16,0.6875
4227,13,3,2,0,0,18,0.7222222222222222
4228,13,2,2,0,0,17,0.7647058823529411
4229,13,4,2,0,0,19,0.6842105263157895
4230,14,2,2,0,0,18,0.7777777777777778
4231,11,1,2,0,0,14,0.7857142857142857
4232,13,2,2,0,0,17,0.7647058823529411
4233,13,2,2,0,0,17,0.7647058823529411
4234,13,2,2,0,0,17,0.7647058823529411
4235,13,2,2,0,0,17,0.7647058823529411
4236,16,2,2,0,0,20,0.8
4237,14,3,2,0,0,19,0.7368421052631579
4238,14,3,2,0,0,19,0.7368421052631579
4239,14,2,2,0,0,18,0.7777777777777778
4240,13,2,2,0,0,17,0.7647058823529411
4241,13,2,2,0,0,17,0.7647058823529411
4242,14,2,2,0,0,18,0.7777777777777778
4243,14,2,2,0,0,18,0.7777777777777778
4244,14,1,2,0,0,17,0.8235294117647058
4245,14,2,2,0,0,18,0.7777777777777778
4246,13,2,2,0,0,17,0.7647058823529411
4247,13,2,2,0,0,17,0.7647058823529411
4248,14,2,2,0,0,18,0.7777777777777778
4249,12,4,2,0,0,18,0.6666666666666666
4250,12,2,2,0,0,16,0.75
4251,14,2,2,0,0,18,0.7777777777777778
4252,13,2,2,0,0,17,0.7647058823529411
4253,15,2,2,0,0,19,0.7894736842105263
4254,13,2,2,0,0,17,0.7647058823529411
4255,15,1,2,0,0,18,0.8333333333333334
4256,13,1,2,0,0,16,0.8125
4257,13,4,2,0,0,19,0.6842105263157895
4258,11,3,2,0,0,16,0.6875
4259,12,4,2,0,0,18,0.6666666666666666
4260,13,4,2,0,0,19,0.6842105263157895
4261,13,4,2,0,0,19,0.6842105263157895
4262,10,4,2,0,0,16,0.625
4263,12,3,2,0,0,17,0.7058823529411765
4264,13,3,2,0,0,18,0.7222222222222222
4265,12,4,2,0,0,18,0.6666666666666666
4266,15,3,2,0,0,20,0.75
4267,12,4,2,0,0,18,0.6666666666666666
4268,11,3,2,0,0,16,0.6875
4269,12,3,2,0,0,17,0.7058823529411765
4270,11,3,2,0,0,16,0.6875
4271,14,3,2,0,0,19,0.7368421052631579
4272,12,4,2,0,0,18,0.6666666666666666
4273,16,4,2,0,0,22,0.7272727272727273
4274,12,5,2,0,0,19,0.631578947368421
4275,13,4,2,0,0,19,0.6842105263157895
4276,13,6,2,0,0,21,0.6190476190476191
4277,13,5,2,0,0,20,0.65
4278,12,5,2,0,0,19,0.631578947368421
4279,15,4,2,0,0,21,0.7142857142857143
4280,12,4,2,0,0,18,0.6666666666666666
4281,12,4,2,0,0,18,0.6666666666666666
4282,14,4,2,0,0,20,0.7
4283,13,4,2,0,0,19,0.6842105263157895
4284,13,3,2,0,0,18,0.7222222222222222
4285,14,4,2,0,0,20,0.7
4286,14,5,2,0,0,21,0.6666666666666666
4287,14,4,2,0,0,20,0.7
4288,13,3,2,0,0,18,0.7222222222222222
4289,12,4,2,0,0,18,0.6666666666666666
4290,15,3,2,0,0,20,0.75
4291,15,4,2,0,0,21,0.7142857142857143
4292,13,4,2,0,0,19,0.6842105263157895
4293,13,5,2,0,0,20,0.65
4294,13,4,2,0,0,19,0.6842105263157895
4295,14,4,2,0,0,20,0.7
4296,14,4,2,0,0,20,0.7
4297,14,4,2,0,0,20,0.7
4298,14,4,2,0,0,20,0.7
4299,12,2,2,0,0,16,0.75
4300,13,2,2,0,0,17,0.7647058823529411
4301,13,3,2,0,0,18,0.7222222222222222
4302,14,1,2,0,0,17,0.8235294117647058
4303,10,2,2,0,0,14,0.7142857142857143
4304,13,3,2,0,0,18,0.7222222222222222
4305,12,4,2,0,0,18,0.6666666666666666
4306,15,4,2,0,0,21,0.7142857142857143
4307,13,2,2,0,0,17,0.7647058823529411
4308,13,3,2,0,0,18,0.7222222222222222
4309,15,2,2,0,0,19,0.7894736842105263
4310,13,2,2,0,0,17,0.7647058823529411
4311,14,4,2,0,0,20,0.7
4312,14,3,2,0,0,19,0.7368421052631579
4313,12,2,2,0,0,16,0.75
4314,14,3,2,0,0,19,0.7368421052631579
4315,13,2,2,0,0,17,0.7647058823529411
4316,14,4,2,0,0,20,0.7
4317,14,2,2,0,0,18,0.7777777777777778
4318,12,2,2,0,0,16,0.75
4319,15,4,2,0,0,21,0.7142857142857143
4320,13,3,2,0,0,18,0.7222222222222222
4321,13,2,2,0,0,17,0.7647058823529411
4322,13,2,2,0,0,17,0.7647058823529411
4323,13,3,2,0,0,18,0.7222222222222222
4324,14,4,2,0,0,20,0.7
4325,16,3,2,0,0,21,0.7619047619047619
4326,13,3,2,0,0,18,0.7222222222222222
4327,14,2,2,0,0,18,0.7777777777777778
4328,13,3,2,0,0,18,0.7222222222222222
4329,15,4,2,0,0,21,0.7142857142857143
4330,15,3,2,0,0,20,0.75
4331,15,3,2,0,0,20,0.75
4332,14,3,2,0,0,19,0.7368421052631579
4333,13,3,2,0,0,18,0.7222222222222222
4334,14,2,2,0,0,18,0.7777777777777778
4335,16,2,2,0,0,20,0.8
4336,15,3,2,0,0,20,0.75
4337,14,2,2,0,0,18,0.7777777777777778
4338,14,3,2,0,0,19,0.7368421052631579
4339,16,3,2,0,0,21,0.7619047619047619
4340,14,5,2,0,0,21,0.6666666666666666
4341,13,2,2,0,0,17,0.7647058823529411
4342,13,3,2,0,0,18,0.7222222222222222
4343,11,2,2,0,0,15,0.7333333333333333
4344,13,2,2,0,0,17,0.7647058823529411
4345,12,3,2,0,0,17,0.7058823529411765
4346,12,2,2,0,0,16,0.75
4347,14,3,2,0,0,19,0.7368421052631579
4348,14,4,2,0,0,20,0.7
4349,13,2,2,0,0,17,0.7647058823529411
4350,15,4,2,0,0,21,0.7142857142857143
4351,17,3,2,0,0,22,0.7727272727272727
4352,15,2,2,0,0,19,0.7894736842105263
4353,15,4,2,0,0,21,0.7142857142857143
4354,13,2,2,0,0,17,0.7647058823529411
4355,14,3,2,0,0,19,0.7368421052631579
4356,15,2,1,0,0,18,0.8333333333333334
4357,14,2,2,0,0,18,0.7777777777777778
4358,15,3,2,0,0,20,0.75
4359,16,2,2,0,0,20,0.8
4360,13,4,2,0,0,19,0.6842105263157895
4361,12,4,2,0,0,18,0.6666666666666666
4362,11,4,2,0,0,17,0.6470588235294118
4363,13,3,2,0,0,18,0.7222222222222222
4364,12,2,2,0,0,16,0.75
4365,13,3,2,0,0,18,0.7222222222222222
4366,13,2,2,0,0,17,0.7647058823529411
4367,17,2,2,0,0,21,0.8095238095238095
4368,16,2,2,0,0,20,0.8
4369,15,1,2,0,0,18,0.8333333333333334
4370,14,2,2,0,0,18,0.7777777777777778
4371,16,2,1,0,0,19,0.8421052631578947
4372,14,2,1,0,0,17,0.8235294117647058
4373,13,1,2,0,0,16,0.8125
4374,13,2,1,0,0,16,0.8125
4375,13,1,2,0,0,16,0.8125
4376,12,2,2,0,0,16,0.75
4377,13,2,2,0,0,17,0.7647058823529411
4378,13,3,2,0,0,18,0.7222222222222222
4379,13,1,2,0,0,16,0.8125
4380,14,2,2,0,0,18,0.7777777777777778
4381,13,2,2,0,0,17,0.7647058823529411
4382,16,2,2,0,0,20,0.8
4383,17,2,2,0,0,21,0.8095238095238095
4384,16,2,2,0,0,20,0.8
4385,13,2,2,0,0,17,0.7647058823529411
4386,14,2,2,0,0,18,0.7777777777777778
4387,10,2,2,0,0,14,0.7142857142857143
4388,10,2,2,0,0,14,0.7142857142857143
4389,14,3,2,0,0,19,0.7368421052631579
4390,15,2,2,0,0,19,0.7894736842105263
4391,16,3,2,0,0,21,0.7619047619047619
4392,11,1,2,0,0,14,0.7857142857142857
4393,15,2,2,0,0,19,0.7894736842105263
4394,14,2,2,0,0,18,0.7777777777777778
4395,15,2,2,0,0,19,0.7894736842105263
4396,14,1,2,0,0,17,0.8235294117647058
4397,14,2,2,0,0,18,0.7777777777777778
4398,14,1,2,0,0,17,0.8235294117647058
4399,16,2,2,0,0,20,0.8
4400,12,1,2,0,0,15,0.8
4401,14,3,2,0,0,19,0.7368421052631579
4402,14,1,2,0,0,17,0.8235294117647058
4403,15,3,2,0,0,20,0.75
4404,12,2,2,0,0,16,0.75
4405,15,3,2,0,0,20,0.75
4406,14,1,2,0,0,17,0.8235294117647058
4407,14,1,2,0,0,17,0.8235294117647058
4408,13,2,2,0,0,17,0.7647058823529411
4409,17,2,2,0,0,21,0.8095238095238095
4410,16,1,2,0,0,19,0.8421052631578947
4411,16,1,2,0,0,19,0.8421052631578947
4412,17,1,2,0,0,20,0.85
4413,15,2,2,0,0,19,0.7894736842105263
4414,14,2,2,0,0,18,0.7777777777777778
4415,15,2,2,0,0,19,0.7894736842105263
4416,13,1,2,0,0,16,0.8125
4417,16,2,2,0,0,20,0.8
4418,15,2,2,0,0,19,0.7894736842105263
4419,12,1,2,0,0,15,0.8
4420,16,2,2,0,0,20,0.8
4421,15,2,2,0,0,19,0.7894736842105263
4422,12,2,2,0,0,16,0.75
4423,14,2,2,0,0,18,0.7777777777777778
4424,14,1,2,0,0,17,0.8235294117647058
4425,17,1,2,0,0,20,0.85
4426,15,2,2,0,0,19,0.7894736842105263
4427,14,2,2,0,0,18,0.7777777777777778
4428,16,2,2,0,0,20,0.8
4429,16,2,2,0,0,20,0.8
4430,14,2,2,0,0,18,0.7777777777777778
4431,11,2,2,0,0,15,0.7333333333333333
4432,13,2,2,0,0,17,0.7647058823529411
4433,12,3,2,0,0,17,0.7058823529411765
4434,15,2,2,0,0,19,0.7894736842105263
4435,12,2,2,0,0,16,0.75
4436,13,3,2,0,0,18,0.7222222222222222
4437,15,1,2,0,0,18,0.8333333333333334
4438,14,2,2,0,0,18,0.7777777777777778
4439,14,2,2,0,0,18,0.7777777777777778
4440,15,2,2,0,0,19,0.7894736842105263
4441,14,3,2,0,0,19,0.7368421052631579
4442,14,2,2,0,0,18,0.7777777777777778
4443,15,2,2,0,0,19,0.7894736842105263
4444,15,1,2,0,0,18,0.8333333333333334
4445,13,2,2,0,0,17,0.7647058823529411
4446,16,1,2,0,0,19,0.8421052631578947
4447,14,3,2,0,0,19,0.7368421052631579
4448,13,2,2,0,0,17,0.7647058823529411
4449,16,2,2,0,0,20,0.8
4450,18,1,2,0,0,21,0.8571428571428571
4451,12,2,2,0,0,16,0.75
4452,15,3,2,0,0,20,0.75
4453,15,2,2,0,0,19,0.7894736842105263
4454,13,1,2,0,0,16,0.8125
4455,15,2,2,0,0,19,0.7894736842105263
4456,14,2,2,0,0,18,0.7777777777777778
4457,14,1,2,0,0,17,0.8235294117647058
4458,14,2,2,0,0,18,0.7777777777777778
4459,11,3,2,0,0,16,0.6875
4460,15,2,2,0,0,19,0.7894736842105263
4461,15,2,2,0,0,19,0.7894736842105263
4462,13,2,2,0,0,17,0.7647058823529411
4463,10,1,2,0,0,13,0.7692307692307693
4464,12,2,2,0,0,16,0.75
4465,14,1,2,0,0,17,0.8235294117647058
4466,16,2,2,0,0,20,0.8
4467,16,1,2,0,0,19,0.8421052631578947
4468,14,2,2,0,0,18,0.7777777777777778
4469,13,2,2,0,0,17,0.7647058823529411
4470,13,1,2,0,0,16,0.8125
4471,13,1,2,0,0,16,0.8125
4472,14,3,2,0,0,19,0.7368421052631579
4473,11,2,2,0,0,15,0.7333333333333333
4474,15,2,2,0,0,19,0.7894736842105263
4475,14,5,2,0,0,21,0.6666666666666666
4476,13,3,2,0,0,18,0.7222222222222222
4477,13,3,2,0,0,18,0.7222222222222222
4478,14,3,2,0,0,19,0.7368421052631579
4479,14,4,2,0,0,20,0.7
4480,13,4,2,0,0,19,0.6842105263157895
4481,14,2,2,0,0,18,0.7777777777777778
4482,14,3,2,0,0,19,0.7368421052631579
4483,11,4,2,0,0,17,0.6470588235294118
4484,14,3,2,0,0,19,0.7368421052631579
4485,14,2,2,0,0,18,0.7777777777777778
4486,12,2,2,0,0,16,0.75
4487,15,4,2,0,0,21,0.7142857142857143
4488,13,2,2,0,0,17,0.7647058823529411
4489,13,3,2,0,0,18,0.7222222222222222
4490,14,2,2,0,0,18,0.7777777777777778
4491,14,4,2,0,0,20,0.7
4492,11,3,2,0,0,16,0.6875
4493,13,5,2,0,0,20,0.65
4494,15,3,2,0,0,20,0.75
4495,15,2,2,0,0,19,0.7894736842105263
4496,13,2,2,0,0,17,0.7647058823529411
4497,14,3,2,0,0,19,0.7368421052631579
4498,14,3,2,0,0,19,0.7368421052631579
4499,14,1,2,0,0,17,0.8235294117647058
4500,15,2,2,0,0,19,0.7894736842105263
4501,13,2,2,0,0,17,0.7647058823529411
4502,16,3,2,0,0,21,0.7619047619047619
4503,14,3,2,0,0,19,0.7368421052631579
4504,12,3,2,0,0,17,0.7058823529411765
4505,12,3,2,0,0,17,0.7058823529411765
4506,13,1,2,0,0,16,0.8125
4507,15,4,2,0,0,21,0.7142857142857143
4508,11,2,2,0,0,15,0.7333333333333333
4509,11,2,2,0,0,15,0.7333333333333333
4510,15,1,2,0,0,18,0.8333333333333334
4511,14,1,2,0,0,17,0.8235294117647058
4512,14,1,2,0,0,17,0.8235294117647058
4513,14,2,2,0,0,18,0.7777777777777778
4514,13,1,2,0,0,16,0.8125
4515,14,2,2,0,0,18,0.7777777777777778
4516,14,1,2,0,0,17,0.8235294117647058
4517,15,1,2,0,0,18,0.8333333333333334
4518,13,2,2,0,0,17,0.7647058823529411
4519,14,3,2,0,0,19,0.7368421052631579
4520,14,2,2,0,0,18,0.7777777777777778
4521,14,3,2,0,0,19,0.7368421052631579
4522,13,1,2,0,0,16,0.8125
4523,13,1,2,0,0,16,0.8125
4524,14,2,2,0,0,18,0.7777777777777778
4525,14,2,2,0,0,18,0.7777777777777778
4526,12,4,2,0,0,18,0.6666666666666666
4527,13,3,1,0,0,17,0.7647058823529411
4528,14,2,2,0,0,18,0.7777777777777778
4529,14,2,2,0,0,18,0.7777777777777778
4530,13,3,2,0,0,18,0.7222222222222222
4531,13,2,2,0,0,17,0.7647058823529411
4532,13,3,2,0,0,18,0.7222222222222222
4533,13,1,2,0,0,16,0.8125
4534,12,2,2,0,0,16,0.75
4535,14,2,2,0,0,18,0.7777777777777778
4536,14,2,2,0,0,18,0.7777777777777778
4537,14,2,2,0,0,18,0.7777777777777778
4538,14,1,2,0,0,17,0.8235294117647058
4539,15,1,2,0,0,18,0.8333333333333334
4540,13,2,2,0,0,17,0.7647058823529411
4541,13,2,2,0,0,17,0.7647058823529411
4542,14,2,2,0,0,18,0.7777777777777778
4543,13,1,2,0,0,16,0.8125
4544,14,1,2,0,0,17,0.8235294117647058
4545,11,2,2,0,0,15,0.7333333333333333
4546,14,1,2,0,0,17,0.8235294117647058
4547,11,2,2,0,0,15,0.7333333333333333
4548,12,2,2,0,0,16,0.75
4549,14,2,2,0,0,18,0.7777777777777778
4550,13,2,2,0,0,17,0.7647058823529411
4551,13,2,2,0,0,17,0.7647058823529411
4552,14,2,2,0,0,18,0.7777777777777778
4553,13,1,2,0,0,16,0.8125
4554,15,1,2,0,0,18,0.8333333333333334
4555,15,1,2,0,0,18,0.8333333333333334
4556,13,2,2,0,0,17,0.7647058823529411
4557,13,1,2,0,0,16,0.8125
4558,13,3,2,0,0,18,0.7222222222222222
4559,13,3,2,0,0,18,0.7222222222222222
4560,13,3,2,0,0,18,0.7222222222222222
4561,14,4,2,0,0,20,0.7
4562,13,3,2,0,0,18,0.7222222222222222
4563,15,2,2,0,0,19,0.7894736842105263
4564,12,1,2,0,0,15,0.8
4565,12,3,2,0,0,17,0.7058823529411765
4566,15,2,2,0,0,19,0.7894736842105263
4567,13,2,2,0,0,17,0.7647058823529411
4568,13,2,2,0,0,17,0.7647058823529411
4569,14,2,2,0,0,18,0.7777777777777778
4570,11,2,2,0,0,15,0.7333333333333333
4571,15,1,2,0,0,18,0.8333333333333334
4572,13,1,2,0,0,16,0.8125
4573,14,3,2,0,0,19,0.7368421052631579
4574,14,1,2,0,0,17,0.8235294117647058
4575,12,1,2,0,0,15,0.8
4576,14,3,2,0,0,19,0.7368421052631579
4577,14,3,2,0,0,19,0.7368421052631579
4578,13,3,2,0,0,18,0.7222222222222222
4579,14,3,2,0,0,19,0.7368421052631579
4580,11,3,2,0,0,16,0.6875
4581,12,2,2,0,0,16,0.75
4582,13,3,2,0,0,18,0.7222222222222222
4583,12,4,2,0,0,18,0.6666666666666666
4584,13,3,2,0,0,18,0.7222222222222222
4585,12,3,2,0,0,17,0.7058823529411765
4586,12,2,2,0,0,16,0.75
4587,12,4,2,0,0,18,0.6666666666666666
4588,13,3,2,0,0,18,0.7222222222222222
4589,13,3,2,0,0,18,0.7222222222222222
4590,11,3,2,0,0,16,0.6875
4591,12,2,2,0,0,16,0.75
4592,13,3,2,0,0,18,0.7222222222222222
4593,13,2,2,0,0,17,0.7647058823529411
4594,12,3,2,0,0,17,0.7058823529411765
4595,13,3,2,0,0,18,0.7222222222222222
4596,14,3,2,0,0,19,0.7368421052631579
4597,11,3,2,0,0,16,0.6875
4598,13,2,2,0,0,17,0.7647058823529411
4599,14,3,2,0,0,19,0.7368421052631579
4600,16,1,2,0,0,19,0.8421052631578947
4601,13,1,2,0,0,16,0.8125
4602,12,2,2,0,0,16,0.75
4603,13,1,2,0,0,16,0.8125
4604,14,1,2,0,0,17,0.8235294117647058
4605,12,2,2,0,0,16,0.75
4606,11,4,2,0,0,17,0.6470588235294118
4607,13,2,2,0,0,17,0.7647058823529411
4608,13,2,2,0,0,17,0.7647058823529411
4609,11,2,2,0,0,15,0.7333333333333333
4610,13,4,2,0,0,19,0.6842105263157895
4611,15,2,2,0,0,19,0.7894736842105263
4612,13,3,2,0,0,18,0.7222222222222222
4613,11,3,2,0,0,16,0.6875
4614,14,2,2,0,0,18,0.7777777777777778
4615,15,2,2,0,0,19,0.7894736842105263
4616,12,2,2,0,0,16,0.75
4617,14,1,2,0,0,17,0.8235294117647058
4618,15,2,2,0,0,19,0.7894736842105263
4619,12,2,2,0,0,16,0.75
4620,11,4,2,0,0,17,0.6470588235294118
4621,12,3,2,0,0,17,0.7058823529411765
4622,14,3,1,0,0,18,0.7777777777777778
4623,11,3,2,0,0,16,0.6875
4624,13,4,2,0,0,19,0.6842105263157895
4625,13,1,2,0,0,16,0.8125
4626,13,3,2,0,0,18,0.7222222222222222
4627,12,2,1,0,0,15,0.8
4628,12,2,2,0,0,16,0.75
4629,11,1,2,0,0,14,0.7857142857142857
4630,12,2,2,0,0,16,0.75
4631,11,3,2,0,0,16,0.6875
4632,11,2,2,0,0,15,0.7333333333333333
4633,9,2,2,0,0,13,0.6923076923076923
4634,13,2,2,0,0,17,0.7647058823529411
4635,14,3,2,0,0,19,0.7368421052631579
4636,10,2,2,0,0,14,0.7142857142857143
4637,14,3,2,0,0,19,0.7368421052631579
4638,14,2,2,0,0,18,0.7777777777777778
4639,12,3,2,0,0,17,0.7058823529411765
4640,13,2,2,0,0,17,0.7647058823529411
4641,12,1,2,0,0,15,0.8
4642,13,2,2,0,0,17,0.7647058823529411
4643,15,2,2,0,0,19,0.7894736842105263
4644,14,4,2,0,0,20,0.7
4645,14,2,2,0,0,18,0.7777777777777778
4646,13,2,2,0,0,17,0.7647058823529411
4647,13,3,2,0,0,18,0.7222222222222222
4648,13,4,2,0,0,19,0.6842105263157895
4649,13,2,2,0,0,17,0.7647058823529411
4650,12,3,2,0,0,17,0.7058823529411765
4651,12,4,2,0,0,18,0.6666666666666666
4652,13,2,2,0,0,17,0.7647058823529411
4653,14,2,2,0,0,18,0.7777777777777778
4654,13,2,2,0,0,17,0.7647058823529411
4655,12,2,2,0,0,16,0.75
4656,15,2,2,0,0,19,0.7894736842105263
4657,13,1,2,0,0,16,0.8125
4658,13,2,2,0,0,17,0.7647058823529411
4659,15,1,2,0,0,18,0.8333333333333334
4660,13,1,2,0,0,16,0.8125
4661,12,2,2,0,0,16,0.75
4662,12,2,2,0,0,16,0.75
4663,12,1,2,0,0,15,0.8
4664,14,1,2,0,0,17,0.8235294117647058
4665,12,2,2,0,0,16,0.75
4666,14,2,2,0,0,18,0.7777777777777778
4667,10,4,2,0,0,16,0.625
4668,12,4,1,0,0,17,0.7058823529411765
4669,11,3,2,0,0,16,0.6875
4670,13,3,2,0,0,18,0.7222222222222222
4671,13,2,2,0,0,17,0.7647058823529411
4672,14,2,2,0,0,18,0.7777777777777778
4673,13,3,2,0,0,18,0.7222222222222222
4674,11,2,2,0,0,15,0.7333333333333333
4675,15,2,2,0,0,19,0.7894736842105263
4676,13,3,2,0,0,18,0.7222222222222222
4677,13,3,2,0,0,18,0.7222222222222222
4678,13,2,2,0,0,17,0.7647058823529411
4679,15,2,2,0,0,19,0.7894736842105263
4680,13,3,2,0,0,18,0.7222222222222222
4681,12,3,2,0,0,17,0.7058823529411765
4682,12,3,2,0,0,17,0.7058823529411765
4683,11,3,2,0,0,16,0.6875
4684,12,3,2,0,0,17,0.7058823529411765
4685,14,1,2,0,0,17,0.8235294117647058
4686,12,2,2,0,0,16,0.75
4687,12,3,1,0,0,16,0.75
4688,14,2,2,0,0,18,0.7777777777777778
4689,14,2,2,0,0,18,0.7777777777777778
4690,14,1,2,0,0,17,0.8235294117647058
4691,13,3,2,0,0,18,0.7222222222222222
4692,14,2,2,0,0,18,0.7777777777777778
4693,12,2,2,0,0,16,0.75
4694,13,3,2,0,0,18,0.7222222222222222
4695,12,3,2,0,0,17,0.7058823529411765
4696,14,1,2,0,0,17,0.8235294117647058
4697,13,2,2,0,0,17,0.7647058823529411
4698,11,2,2,0,0,15,0.7333333333333333
4699,14,2,2,0,0,18,0.7777777777777778
4700,13,1,2,0,0,16,0.8125
4701,15,2,2,0,0,19,0.7894736842105263
4702,13,2,2,0,0,17,0.7647058823529411
4703,13,2,2,0,0,17,0.7647058823529411
4704,12,2,2,0,0,16,0.75
4705,14,1,2,0,0,17,0.8235294117647058
4706,14,3,2,0,0,19,0.7368421052631579
4707,14,2,2,0,0,18,0.7777777777777778
4708,10,3,2,0,0,15,0.6666666666666666
4709,13,1,2,0,0,16,0.8125
4710,15,1,2,0,0,18,0.8333333333333334
4711,14,2,2,0,0,18,0.7777777777777778
4712,14,2,2,0,0,18,0.7777777777777778
4713,14,2,2,0,0,18,0.7777777777777778
4714,14,2,2,0,0,18,0.7777777777777778
4715,12,2,2,0,0,16,0.75
4716,11,3,2,0,0,16,0.6875
4717,11,3,2,0,0,16,0.6875
4718,13,3,2,0,0,18,0.7222222222222222
4719,13,2,2,0,0,17,0.7647058823529411
4720,11,3,2,0,0,16,0.6875
4721,13,3,2,0,0,18,0.7222222222222222
4722,10,3,2,0,0,15,0.6666666666666666
4723,12,3,2,0,0,17,0.7058823529411765
4724,13,2,2,0,0,17,0.7647058823529411
4725,13,3,2,0,0,18,0.7222222222222222
4726,12,3,2,0,0,17,0.7058823529411765
4727,13,3,2,0,0,18,0.7222222222222222
4728,13,1,2,0,0,16,0.8125
4729,13,2,2,0,0,17,0.7647058823529411
4730,11,3,2,0,0,16,0.6875
4731,15,3,2,0,0,20,0.75
4732,13,3,2,0,0,18,0.7222222222222222
4733,13,3,2,0,0,18,0.7222222222222222
4734,14,4,2,0,0,20,0.7
4735,14,3,2,0,0,19,0.7368421052631579
4736,14,3,2,0,0,19,0.7368421052631579
4737,14,2,2,0,0,18,0.7777777777777778
4738,15,3,2,0,0,20,0.75
4739,13,2,2,0,0,17,0.7647058823529411
4740,14,3,2,0,0,19,0.7368421052631579
4741,13,3,2,0,0,18,0.7222222222222222
4742,14,3,2,0,0,19,0.7368421052631579
4743,13,3,2,0,0,18,0.7222222222222222
4744,14,3,2,0,0,19,0.7368421052631579
4745,12,3,2,0,0,17,0.7058823529411765
4746,12,3,2,0,0,17,0.7058823529411765
4747,13,3,2,0,0,18,0.7222222222222222
4748,14,3,2,0,0,19,0.7368421052631579
4749,14,3,2,0,0,19,0.7368421052631579
4750,12,2,2,0,0,16,0.75
4751,11,4,2,0,0,17,0.6470588235294118
4752,14,3,2,0,0,19,0.7368421052631579
4753,14,3,2,0,0,19,0.7368421052631579
4754,13,2,2,0,0,17,0.7647058823529411
4755,13,3,2,0,0,18,0.7222222222222222
4756,15,3,2,0,0,20,0.75
4757,13,2,2,0,0,17,0.7647058823529411
4758,12,4,2,0,0,18,0.6666666666666666
4759,13,1,2,0,0,16,0.8125
4760,13,3,2,0,0,18,0.7222222222222222
4761,12,3,2,0,0,17,0.7058823529411765
4762,13,3,2,0,0,18,0.7222222222222222
4763,12,3,2,0,0,17,0.7058823529411765
4764,14,3,2,0,0,19,0.7368421052631579
4765,14,3,2,0,0,19,0.7368421052631579
4766,13,3,2,0,0,18,0.7222222222222222
4767,13,3,2,0,0,18,0.7222222222222222
4768,12,3,2,0,0,17,0.7058823529411765
4769,14,3,2,0,0,19,0.7368421052631579
4770,14,4,2,0,0,20,0.7
4771,15,3,2,0,0,20,0.75
4772,14,3,2,0,0,19,0.7368421052631579
4773,12,2,2,0,0,16,0.75
4774,13,2,2,0,0,17,0.7647058823529411
4775,13,1,2,0,0,16,0.8125
4776,16,2,2,0,0,20,0.8
4777,14,2,2,0,0,18,0.7777777777777778
4778,14,2,2,0,0,18,0.7777777777777778
4779,14,2,2,0,0,18,0.7777777777777778
4780,14,2,2,0,0,18,0.7777777777777778
4781,12,2,2,0,0,16,0.75
4782,14,1,2,0,0,17,0.8235294117647058
4783,15,2,2,0,0,19,0.7894736842105263
4784,13,3,2,0,0,18,0.7222222222222222
4785,13,3,2,0,0,18,0.7222222222222222
4786,13,1,2,0,0,16,0.8125
4787,15,2,2,0,0,19,0.7894736842105263
4788,15,1,2,0,0,18,0.8333333333333334
4789,14,3,2,0,0,19,0.7368421052631579
4790,12,3,2,0,0,17,0.7058823529411765
4791,14,4,2,0,0,20,0.7
4792,14,3,2,0,0,19,0.7368421052631579
4793,13,2,2,0,0,17,0.7647058823529411
4794,14,2,2,0,0,18,0.7777777777777778
4795,13,2,2,0,0,17,0.7647058823529411
4796,14,2,2,0,0,18,0.7777777777777778
4797,15,2,2,0,0,19,0.7894736842105263
4798,14,3,2,0,0,19,0.7368421052631579
4799,13,2,2,0,0,17,0.7647058823529411
4800,13,1,2,0,0,16,0.8125
4801,12,4,2,0,0,18,0.6666666666666666
4802,13,4,2,0,0,19,0.6842105263157895
4803,12,4,2,0,0,18,0.6666666666666666
4804,13,4,2,0,0,19,0.6842105263157895
4805,14,4,2,0,0,20,0.7
4806,11,2,2,0,0,15,0.7333333333333333
4807,14,4,2,0,0,20,0.7
4808,12,2,2,0,0,16,0.75
4809,13,1,2,0,0,16,0.8125
4810,14,3,2,0,0,19,0.7368421052631579
4811,14,3,2,0,0,19,0.7368421052631579
4812,13,4,2,0,0,19,0.6842105263157895
4813,12,5,2,0,0,19,0.631578947368421
4814,14,3,2,0,0,19,0.7368421052631579
4815,13,4,2,0,0,19,0.6842105263157895
4816,15,4,2,0,0,21,0.7142857142857143
4817,15,1,2,0,0,18,0.8333333333333334
4818,13,2,2,0,0,17,0.7647058823529411
4819,13,4,2,0,0,19,0.6842105263157895
4820,13,4,2,0,0,19,0.6842105263157895
4821,10,5,2,0,0,17,0.5882352941176471
4822,12,5,2,0,0,19,0.631578947368421
4823,12,5,2,0,0,19,0.631578947368421
4824,14,1,2,0,0,17,0.8235294117647058
4825,14,3,2,0,0,19,0.7368421052631579
4826,13,3,2,0,0,18,0.7222222222222222
4827,13,2,2,0,0,17,0.7647058823529411
4828,13,3,2,0,0,18,0.7222222222222222
4829,14,4,2,0,0,20,0.7
4830,12,4,2,0,0,18,0.6666666666666666
4831,13,4,2,0,0,19,0.6842105263157895
4832,12,3,2,0,0,17,0.7058823529411765
4833,13,3,2,0,0,18,0.7222222222222222
4834,12,2,2,0,0,16,0.75
4835,12,4,2,0,0,18,0.6666666666666666
4836,12,4,2,0,0,18,0.6666666666666666
4837,11,4,2,0,0,17,0.6470588235294118
4838,13,4,2,0,0,19,0.6842105263157895
4839,13,4,2,0,0,19,0.6842105263157895
4840,13,3,2,0,0,18,0.7222222222222222
4841,12,4,2,0,0,18,0.6666666666666666
4842,12,3,2,0,0,17,0.7058823529411765
4843,12,3,2,0,0,17,0.7058823529411765
4844,11,4,2,0,0,17,0.6470588235294118
4845,13,5,2,0,0,20,0.65
4846,11,3,2,0,0,16,0.6875
4847,14,3,2,0,0,19,0.7368421052631579
4848,15,5,2,0,0,22,0.6818181818181818
4849,13,4,2,0,0,19,0.6842105263157895
4850,12,3,2,0,0,17,0.7058823529411765
4851,13,3,2,0,0,18,0.7222222222222222
4852,13,5,2,0,0,20,0.65
4853,13,3,2,0,0,18,0.7222222222222222
4854,12,3,2,0,0,17,0.7058823529411765
4855,13,2,2,0,0,17,0.7647058823529411
4856,13,3,2,0,0,18,0.7222222222222222
4857,14,5,2,0,0,21,0.6666666666666666
4858,13,3,2,0,0,18,0.7222222222222222
4859,13,1,2,0,0,16,0.8125
4860,12,4,2,0,0,18,0.6666666666666666
4861,13,2,2,0,0,17,0.7647058823529411
4862,14,4,2,0,0,20,0.7
4863,14,4,2,0,0,20,0.7
4864,13,3,2,0,0,18,0.7222222222222222
4865,13,3,2,0,0,18,0.7222222222222222
4866,14,3,2,0,0,19,0.7368421052631579
4867,13,3,2,0,0,18,0.7222222222222222
4868,12,2,2,0,0,16,0.75
4869,12,2,2,0,0,16,0.75
4870,12,3,2,0,0,17,0.7058823529411765
4871,12,3,2,0,0,17,0.7058823529411765
4872,12,3,2,0,0,17,0.7058823529411765
4873,13,3,2,0,0,18,0.7222222222222222
4874,14,1,2,0,0,17,0.8235294117647058
4875,13,4,2,0,0,19,0.6842105263157895
4876,13,3,2,0,0,18,0.7222222222222222
4877,13,3,2,0,0,18,0.7222222222222222
4878,13,4,2,0,0,19,0.6842105263157895
4879,14,1,2,0,0,17,0.8235294117647058
4880,12,3,2,0,0,17,0.7058823529411765
4881,14,2,2,0,0,18,0.7777777777777778
4882,15,4,2,0,0,21,0.7142857142857143
4883,13,4,2,0,0,19,0.6842105263157895
4884,13,3,2,0,0,18,0.7222222222222222
4885,14,5,2,0,0,21,0.6666666666666666
4886,14,5,2,0,0,21,0.6666666666666666
4887,13,4,2,0,0,19,0.6842105263157895
4888,12,2,2,0,0,16,0.75
4889,11,3,2,0,0,16,0.6875
4890,13,4,2,0,0,19,0.6842105263157895
4891,13,2,2,0,0,17,0.7647058823529411
4892,12,3,2,0,0,17,0.7058823529411765
4893,13,3,2,0,0,18,0.7222222222222222
4894,13,4,2,0,0,19,0.6842105263157895
4895,13,4,2,0,0,19,0.6842105263157895
4896,13,5,2,0,0,20,0.65
4897,13,3,2,0,0,18,0.7222222222222222
4898,13,2,2,0,0,17,0.7647058823529411
4899,14,4,2,0,0,20,0.7
4900,12,3,2,0,0,17,0.7058823529411765
4901,12,4,2,0,0,18,0.6666666666666666
4902,13,4,2,0,0,19,0.6842105263157895
4903,13,5,2,0,0,20,0.65
4904,12,4,2,0,0,18,0.6666666666666666
4905,14,2,2,0,0,18,0.7777777777777778
4906,13,2,2,0,0,17,0.7647058823529411
4907,12,3,2,0,0,17,0.7058823529411765
4908,12,2,3,0,0,17,0.7058823529411765
4909,12,3,2,0,0,17,0.7058823529411765
4910,13,3,2,0,0,18,0.7222222222222222
4911,14,3,3,0,0,20,0.7
4912,12,2,2,0,0,16,0.75
4913,13,3,2,0,0,18,0.7222222222222222
4914,11,4,2,0,0,17,0.6470588235294118
4915,12,2,2,0,0,16,0.75
4916,10,3,1,0,0,14,0.7142857142857143
4917,11,2,1,0,0,14,0.7857142857142857
4918,11,2,2,0,0,15,0.7333333333333333
4919,12,3,2,0,0,17,0.7058823529411765
4920,10,2,2,0,0,14,0.7142857142857143
4921,12,3,2,0,0,17,0.7058823529411765
4922,12,3,2,0,0,17,0.7058823529411765
4923,11,1,2,0,0,14,0.7857142857142857
4924,13,2,1,0,0,16,0.8125
4925,12,2,2,0,0,16,0.75
4926,10,3,2,0,0,15,0.6666666666666666
4927,12,2,2,0,0,16,0.75
4928,14,2,2,0,0,18,0.7777777777777778
4929,16,2,2,0,0,20,0.8
4930,13,2,2,0,0,17,0.7647058823529411
4931,12,2,2,0,0,16,0.75
4932,14,2,1,0,0,17,0.8235294117647058
4933,11,2,2,0,0,15,0.7333333333333333
4934,11,1,1,0,0,13,0.8461538461538461
4935,12,3,2,0,0,17,0.7058823529411765
4936,11,3,2,0,0,16,0.6875
4937,10,3,2,0,0,15,0.6666666666666666
4938,13,5,2,0,0,20,0.65
4939,10,4,2,0,0,16,0.625
4940,14,1,1,0,0,16,0.875
4941,13,1,2,0,0,16,0.8125
4942,12,2,2,0,0,16,0.75
4943,13,2,2,0,0,17,0.7647058823529411
4944,12,2,2,0,0,16,0.75
4945,13,1,2,0,0,16,0.8125
4946,12,3,2,0,0,17,0.7058823529411765
4947,10,2,2,0,0,14,0.7142857142857143
4948,13,2,2,0,0,17,0.7647058823529411
4949,15,2,2,0,0,19,0.7894736842105263
4950,13,4,2,0,0,19,0.6842105263157895
4951,11,1,2,0,0,14,0.7857142857142857
4952,13,3,2,0,0,18,0.7222222222222222
4953,11,2,2,0,0,15,0.7333333333333333
4954,12,2,2,0,0,16,0.75
4955,10,2,2,0,0,14,0.7142857142857143
4956,13,3,2,0,0,18,0.7222222222222222
4957,12,2,2,0,0,16,0.75
4958,12,3,2,0,0,17,0.7058823529411765
4959,12,3,2,0,0,17,0.7058823529411765
4960,13,3,2,0,0,18,0.7222222222222222
4961,12,3,2,0,0,17,0.7058823529411765
4962,11,2,2,0,0,15,0.7333333333333333
4963,10,3,2,0,0,15,0.6666666666666666
4964,14,1,2,0,0,17,0.8235294117647058
4965,12,2,2,0,0,16,0.75
4966,13,1,2,0,0,16,0.8125
4967,10,1,2,0,0,13,0.7692307692307693
4968,14,3,2,0,0,19,0.7368421052631579
4969,13,5,2,0,0,20,0.65
4970,12,4,1,0,0,17,0.7058823529411765
4971,11,4,2,0,0,17,0.6470588235294118
4972,13,3,1,0,0,17,0.7647058823529411
4973,12,2,2,0,0,16,0.75
4974,11,3,2,0,0,16,0.6875
4975,12,2,1,0,0,15,0.8
4976,10,3,2,0,0,15,0.6666666666666666
4977,10,3,2,0,0,15,0.6666666666666666
4978,11,3,2,0,0,16,0.6875
4979,12,4,2,0,0,18,0.6666666666666666
4980,14,3,2,0,0,19,0.7368421052631579
4981,11,2,2,0,0,15,0.7333333333333333
4982,12,2,2,0,0,16,0.75
4983,12,3,2,0,0,17,0.7058823529411765
4984,13,1,2,0,0,16,0.8125
4985,12,2,2,0,0,16,0.75
4986,14,2,2,0,0,18,0.7777777777777778
4987,12,1,2,0,0,15,0.8
4988,12,3,2,0,0,17,0.7058823529411765
4989,11,2,2,0,0,15,0.7333333333333333
4990,15,5,2,0,0,22,0.6818181818181818
4991,12,2,3,0,0,17,0.7058823529411765
4992,13,3,2,0,0,18,0.7222222222222222
4993,14,3,2,0,0,19,0.7368421052631579
4994,12,3,2,0,0,17,0.7058823529411765
4995,15,2,2,0,0,19,0.7894736842105263
4996,13,3,2,0,0,18,0.7222222222222222
4997,14,3,2,0,0,19,0.7368421052631579
4998,15,2,2,0,0,19,0.7894736842105263
4999,14,3,2,0,0,19,0.7368421052631579
5000,13,3,2,0,0,18,0.7222222222222222
5001,13,2,2,0,0,17,0.7647058823529411
5002,13,3,2,0,0,18,0.7222222222222222
5003,14,4,2,0,0,20,0.7
5004,14,2,2,0,0,18,0.7777777777777778
5005,14,2,2,0,0,18,0.7777777777777778
5006,13,4,2,0,0,19,0.6842105263157895
5007,13,2,2,0,0,17,0.7647058823529411
5008,12,3,2,0,0,17,0.7058823529411765
5009,14,3,2,0,0,19,0.7368421052631579
5010,15,3,2,0,0,20,0.75
5011,13,3,2,0,0,18,0.7222222222222222
5012,13,3,2,0,0,18,0.7222222222222222
5013,11,3,2,0,0,16,0.6875
5014,14,2,2,0,0,18,0.7777777777777778
5015,12,3,2,0,0,17,0.7058823529411765
5016,13,3,2,0,0,18,0.7222222222222222
5017,14,3,2,0,0,19,0.7368421052631579
5018,14,3,2,0,0,19,0.7368421052631579
5019,11,2,2,0,0,15,0.7333333333333333
5020,14,3,2,0,0,19,0.7368421052631579
5021,12,4,2,0,0,18,0.6666666666666666
5022,13,1,2,0,0,16,0.8125
5023,14,2,2,0,0,18,0.7777777777777778
5024,13,1,2,0,0,16,0.8125
5025,12,3,2,0,0,17,0.7058823529411765
5026,13,3,2,0,0,18,0.7222222222222222
5027,14,3,2,0,0,19,0.7368421052631579
5028,12,3,2,0,0,17,0.7058823529411765
5029,13,2,2,0,0,17,0.7647058823529411
5030,12,1,2,0,0,15,0.8
5031,12,3,2,0,0,17,0.7058823529411765
5032,14,3,2,0,0,19,0.7368421052631579
5033,13,4,2,0,0,19,0.6842105263157895
5034,15,3,2,0,0,20,0.75
5035,13,2,2,0,0,17,0.7647058823529411
5036,12,2,2,0,0,16,0.75
5037,13,3,2,1,0,19,0.6842105263157895
5038,10,3,1,0,0,14,0.7142857142857143
5039,15,2,2,0,0,19,0.7894736842105263
5040,14,3,1,0,0,18,0.7777777777777778
5041,12,3,2,0,0,17,0.7058823529411765
5042,12,1,2,0,0,15,0.8
5043,15,3,2,0,0,20,0.75
5044,11,3,2,0,0,16,0.6875
5045,12,2,2,0,0,16,0.75
5046,11,3,2,0,0,16,0.6875
5047,13,1,1,0,0,15,0.8666666666666667
5048,13,2,2,0,0,17,0.7647058823529411
5049,12,3,2,0,0,17,0.7058823529411765
5050,13,3,2,0,0,18,0.7222222222222222
5051,11,2,2,1,0,16,0.6875
5052,10,1,2,0,0,13,0.7692307692307693
5053,12,2,2,0,0,16,0.75
5054,10,1,2,0,0,13,0.7692307692307693
5055,12,2,2,0,0,16,0.75
5056,13,1,2,0,0,16,0.8125
5057,10,1,2,0,0,13,0.7692307692307693
5058,14,3,2,0,0,19,0.7368421052631579
5059,11,3,2,0,0,16,0.6875
5060,11,4,2,0,0,17,0.6470588235294118
5061,12,4,2,0,0,18,0.6666666666666666
5062,12,2,2,0,0,16,0.75
5063,13,2,2,0,0,17,0.7647058823529411
5064,9,1,2,0,0,12,0.75
5065,10,3,2,0,0,15,0.6666666666666666
5066,13,4,2,0,0,19,0.6842105263157895
5067,13,3,2,0,0,18,0.7222222222222222
5068,13,2,2,0,0,17,0.7647058823529411
5069,16,4,2,0,0,22,0.7272727272727273
5070,14,3,2,0,0,19,0.7368421052631579
5071,14,4,2,0,0,20,0.7
5072,14,3,2,0,0,19,0.7368421052631579
5073,13,4,2,0,0,19,0.6842105263157895
5074,12,5,2,0,0,19,0.631578947368421
5075,13,3,2,0,0,18,0.7222222222222222
5076,14,3,2,0,0,19,0.7368421052631579
5077,14,3,2,0,0,19,0.7368421052631579
5078,13,2,2,0,0,17,0.7647058823529411
5079,15,3,2,0,0,20,0.75
5080,14,3,2,0,0,19,0.7368421052631579
5081,13,4,2,0,0,19,0.6842105263157895
5082,12,1,2,0,0,15,0.8
5083,13,4,2,0,0,19,0.6842105263157895
5084,14,4,2,0,0,20,0.7
5085,14,3,2,0,0,19,0.7368421052631579
5086,13,2,2,0,0,17,0.7647058823529411
5087,14,4,2,0,0,20,0.7
5088,12,3,2,0,0,17,0.7058823529411765
5089,14,4,2,0,0,20,0.7
5090,13,3,2,0,0,18,0.7222222222222222
5091,15,2,2,0,0,19,0.7894736842105263
5092,14,2,2,0,0,18,0.7777777777777778
5093,14,4,2,0,0,20,0.7
5094,13,3,2,0,0,18,0.7222222222222222
5095,14,3,2,0,0,19,0.7368421052631579
5096,13,2,2,0,0,17,0.7647058823529411
5097,15,4,2,0,0,21,0.7142857142857143
5098,15,2,2,0,0,19,0.7894736842105263
5099,13,3,2,0,0,18,0.7222222222222222
5100,15,3,2,0,0,20,0.75
5101,12,3,2,0,0,17,0.7058823529411765
5102,15,4,2,0,0,21,0.7142857142857143
5103,13,3,2,0,0,18,0.7222222222222222
5104,16,2,2,0,0,20,0.8
5105,15,4,2,0,0,21,0.7142857142857143
5106,15,3,2,0,0,20,0.75
5107,14,2,2,0,0,18,0.7777777777777778
5108,14,2,2,0,0,18,0.7777777777777778
5109,16,3,2,0,0,21,0.7619047619047619
5110,14,2,2,0,0,18,0.7777777777777778
5111,13,2,2,0,0,17,0.7647058823529411
5112,13,2,2,0,0,17,0.7647058823529411
5113,15,2,2,0,0,19,0.7894736842105263
5114,15,2,2,0,0,19,0.7894736842105263
5115,16,3,2,0,0,21,0.7619047619047619
5116,14,1,2,0,0,17,0.8235294117647058
5117,12,3,2,0,0,17,0.7058823529411765
5118,15,3,2,0,0,20,0.75
5119,14,1,2,0,0,17,0.8235294117647058
5120,14,3,2,0,0,19,0.7368421052631579
5121,16,1,2,0,0,19,0.8421052631578947
5122,14,2,2,0,0,18,0.7777777777777778
5123,14,3,2,0,0,19,0.7368421052631579
5124,13,2,2,0,0,17,0.7647058823529411
5125,14,3,2,0,0,19,0.7368421052631579
5126,11,2,2,0,0,15,0.7333333333333333
5127,14,3,2,0,0,19,0.7368421052631579
5128,14,3,2,0,0,19,0.7368421052631579
5129,12,3,2,0,0,17,0.7058823529411765
5130,12,3,2,0,0,17,0.7058823529411765
5131,15,2,2,0,0,19,0.7894736842105263
5132,13,3,2,0,0,18,0.7222222222222222
5133,15,1,2,0,0,18,0.8333333333333334
5134,13,3,2,0,0,18,0.7222222222222222
5135,14,2,2,0,0,18,0.7777777777777778
5136,14,1,2,0,0,17,0.8235294117647058
5137,12,1,2,0,0,15,0.8
5138,13,3,2,0,0,18,0.7222222222222222
5139,15,1,2,0,0,18,0.8333333333333334
5140,13,2,2,0,0,17,0.7647058823529411
5141,15,2,2,0,0,19,0.7894736842105263
5142,14,1,2,0,0,17,0.8235294117647058
5143,15,1,2,0,0,18,0.8333333333333334
5144,11,1,2,0,0,14,0.7857142857142857
5145,14,1,2,0,0,17,0.8235294117647058
5146,14,1,2,0,0,17,0.8235294117647058
5147,13,2,2,0,0,17,0.7647058823529411
5148,15,1,2,0,0,18,0.8333333333333334
5149,15,1,2,0,0,18,0.8333333333333334
5150,15,1,2,0,0,18,0.8333333333333334
5151,17,2,2,0,0,21,0.8095238095238095
5152,14,1,2,0,0,17,0.8235294117647058
5153,15,2,2,0,0,19,0.7894736842105263
5154,16,1,2,0,0,19,0.8421052631578947
5155,14,1,2,0,0,17,0.8235294117647058
5156,13,2,2,0,0,17,0.7647058823529411
5157,13,2,2,0,0,17,0.7647058823529411
5158,14,1,2,0,0,17,0.8235294117647058
5159,13,1,2,0,0,16,0.8125
5160,16,1,2,0,0,19,0.8421052631578947
5161,13,2,2,0,0,17,0.7647058823529411
5162,13,3,2,0,0,18,0.7222222222222222
5163,13,2,2,0,0,17,0.7647058823529411
5164,14,2,2,0,0,18,0.7777777777777778
5165,13,3,2,0,0,18,0.7222222222222222
5166,14,1,2,0,0,17,0.8235294117647058
5167,14,1,2,0,0,17,0.8235294117647058
5168,16,2,2,0,0,20,0.8
5169,13,3,2,0,0,18,0.7222222222222222
5170,13,3,2,0,0,18,0.7222222222222222
5171,14,2,2,0,0,18,0.7777777777777778
5172,14,1,2,0,0,17,0.8235294117647058
5173,14,2,2,0,0,18,0.7777777777777778
5174,11,3,2,0,0,16,0.6875
5175,14,3,2,0,0,19,0.7368421052631579
5176,15,1,2,0,0,18,0.8333333333333334
5177,14,1,2,0,0,17,0.8235294117647058
5178,14,2,2,0,0,18,0.7777777777777778
5179,13,2,2,0,0,17,0.7647058823529411
5180,15,3,2,0,0,20,0.75
5181,15,1,2,0,0,18,0.8333333333333334
5182,15,1,2,0,0,18,0.8333333333333334
5183,16,1,2,0,0,19,0.8421052631578947
5184,16,1,2,0,0,19,0.8421052631578947
5185,14,2,2,0,0,18,0.7777777777777778
5186,16,2,2,0,0,20,0.8
5187,12,2,2,0,0,16,0.75
5188,12,2,2,0,0,16,0.75
5189,14,2,2,0,0,18,0.7777777777777778
5190,12,3,2,0,0,17,0.7058823529411765
5191,13,3,2,0,0,18,0.7222222222222222
5192,13,3,2,0,0,18,0.7222222222222222
5193,14,1,2,0,0,17,0.8235294117647058
5194,10,1,2,0,0,13,0.7692307692307693
5195,13,1,2,0,0,16,0.8125
5196,12,1,2,0,0,15,0.8
5197,16,2,2,0,0,20,0.8
5198,15,2,2,0,0,19,0.7894736842105263
5199,14,2,2,0,0,18,0.7777777777777778
5200,13,1,2,0,0,16,0.8125
5201,15,2,2,0,0,19,0.7894736842105263
5202,15,1,2,0,0,18,0.8333333333333334
5203,13,1,2,0,0,16,0.8125
5204,14,2,2,0,0,18,0.7777777777777778
5205,15,3,2,0,0,20,0.75
5206,15,2,2,0,0,19,0.7894736842105263
5207,13,2,2,0,0,17,0.7647058823529411
5208,14,2,2,0,0,18,0.7777777777777778
5209,11,1,2,0,0,14,0.7857142857142857
5210,15,2,2,0,0,19,0.7894736842105263
5211,15,2,2,0,0,19,0.7894736842105263
5212,15,3,2,0,0,20,0.75
5213,13,2,2,0,0,17,0.7647058823529411
5214,15,2,2,0,0,19,0.7894736842105263
5215,16,2,2,0,0,20,0.8
5216,16,1,2,0,0,19,0.8421052631578947
5217,14,2,2,0,0,18,0.7777777777777778
5218,11,2,2,0,0,15,0.7333333333333333
5219,13,2,2,0,0,17,0.7647058823529411
5220,12,2,2,0,0,16,0.75
5221,14,1,2,0,0,17,0.8235294117647058
5222,14,1,2,0,0,17,0.8235294117647058
5223,13,3,2,0,0,18,0.7222222222222222
5224,14,1,2,0,0,17,0.8235294117647058
5225,14,2,2,0,0,18,0.7777777777777778
5226,14,3,2,0,0,19,0.7368421052631579
5227,13,1,2,0,0,16,0.8125
5228,15,2,2,0,0,19,0.7894736842105263
5229,14,1,2,0,0,17,0.8235294117647058
5230,13,2,2,0,0,17,0.7647058823529411
5231,14,2,2,0,0,18,0.7777777777777778
5232,15,3,2,0,0,20,0.75
5233,14,2,2,0,0,18,0.7777777777777778
5234,13,2,2,0,0,17,0.7647058823529411
5235,12,2,2,0,0,16,0.75
5236,15,2,2,0,0,19,0.7894736842105263
5237,15,1,2,0,0,18,0.8333333333333334
5238,13,2,2,0,0,17,0.7647058823529411
5239,13,2,2,0,0,17,0.7647058823529411
5240,14,2,2,0,0,18,0.7777777777777778
5241,14,3,2,0,0,19,0.7368421052631579
5242,13,2,2,0,0,17,0.7647058823529411
5243,15,2,2,0,0,19,0.7894736842105263
5244,15,2,2,0,0,19,0.7894736842105263
5245,15,3,2,0,0,20,0.75
5246,15,2,2,0,0,19,0.7894736842105263
5247,16,2,2,0,0,20,0.8
5248,16,3,2,0,0,21,0.7619047619047619
5249,14,2,2,0,0,18,0.7777777777777778
5250,14,2,2,0,0,18,0.7777777777777778
5251,15,3,2,0,0,20,0.75
5252,13,2,2,0,0,17,0.7647058823529411
5253,12,2,2,0,0,16,0.75
5254,15,3,2,0,0,20,0.75
5255,15,1,2,0,0,18,0.8333333333333334
5256,14,2,2,0,0,18,0.7777777777777778
5257,16,2,2,0,0,20,0.8
5258,16,2,2,0,0,20,0.8
5259,13,1,2,0,0,16,0.8125
5260,14,2,2,0,0,18,0.7777777777777778
5261,13,1,2,0,0,16,0.8125
5262,14,2,2,0,0,18,0.7777777777777778
5263,15,1,2,0,0,18,0.8333333333333334
5264,12,1,2,0,0,15,0.8
5265,14,3,2,0,0,19,0.7368421052631579
5266,14,1,2,0,0,17,0.8235294117647058
5267,11,2,2,0,0,15,0.7333333333333333
5268,13,3,2,0,0,18,0.7222222222222222
5269,15,3,2,0,0,20,0.75
5270,13,3,2,0,0,18,0.7222222222222222
5271,15,1,2,0,0,18,0.8333333333333334
5272,14,2,2,0,0,18,0.7777777777777778
5273,13,3,2,0,0,18,0.7222222222222222
5274,11,2,2,0,0,15,0.7333333333333333
5275,13,1,2,0,0,16,0.8125
5276,12,1,2,0,0,15,0.8
5277,14,1,2,0,0,17,0.8235294117647058
5278,14,2,2,0,0,18,0.7777777777777778
5279,14,3,2,0,0,19,0.7368421052631579
5280,9,3,2,0,0,14,0.6428571428571429
5281,13,3,2,0,0,18,0.7222222222222222
5282,14,3,2,0,0,19,0.7368421052631579
5283,12,2,2,0,0,16,0.75
5284,10,2,2,0,0,14,0.7142857142857143
5285,11,2,2,0,0,15,0.7333333333333333
5286,14,2,2,0,0,18,0.7777777777777778
5287,14,3,2,0,0,19,0.7368421052631579
5288,13,3,2,0,0,18,0.7222222222222222
5289,12,3,2,0,0,17,0.7058823529411765
5290,13,3,2,0,0,18,0.7222222222222222
5291,13,3,2,0,0,18,0.7222222222222222
5292,12,3,2,0,0,17,0.7058823529411765
5293,15,2,2,0,0,19,0.7894736842105263
5294,11,3,2,0,0,16,0.6875
5295,12,3,3,0,0,18,0.6666666666666666
5296,12,3,2,0,0,17,0.7058823529411765
5297,14,2,2,0,0,18,0.7777777777777778
5298,15,3,2,0,0,20,0.75
5299,12,2,3,0,0,17,0.7058823529411765
5300,13,2,2,0,0,17,0.7647058823529411
5301,13,3,3,0,0,19,0.6842105263157895
5302,11,2,3,0,0,16,0.6875
5303,12,2,3,0,0,17,0.7058823529411765
5304,12,3,3,0,0,18,0.6666666666666666
5305,10,3,2,0,0,15,0.6666666666666666
5306,13,2,2,0,0,17,0.7647058823529411
5307,13,3,2,0,0,18,0.7222222222222222
5308,15,3,3,0,0,21,0.7142857142857143
5309,12,3,2,0,0,17,0.7058823529411765
5310,13,2,2,0,0,17,0.7647058823529411
5311,16,2,2,0,0,20,0.8
5312,12,1,3,0,0,16,0.75
5313,14,1,2,0,0,17,0.8235294117647058
5314,12,1,2,0,0,15,0.8
5315,11,1,2,0,0,14,0.7857142857142857
5316,15,2,2,0,0,19,0.7894736842105263
5317,13,3,2,0,0,18,0.7222222222222222
5318,14,2,2,0,0,18,0.7777777777777778
5319,14,1,2,0,0,17,0.8235294117647058
5320,17,4,2,0,0,23,0.7391304347826086
5321,14,2,2,0,0,18,0.7777777777777778
5322,15,4,2,0,0,21,0.7142857142857143
5323,14,3,2,0,0,19,0.7368421052631579
5324,15,1,2,0,0,18,0.8333333333333334
5325,15,3,2,0,0,20,0.75
5326,13,1,2,0,0,16,0.8125
5327,14,2,2,0,0,18,0.7777777777777778
5328,13,2,2,0,0,17,0.7647058823529411
5329,15,1,2,0,0,18,0.8333333333333334
5330,16,2,2,0,0,20,0.8
5331,14,2,2,0,0,18,0.7777777777777778
5332,13,2,2,0,0,17,0.7647058823529411
5333,15,3,2,0,0,20,0.75
5334,13,1,2,0,0,16,0.8125
5335,15,2,2,0,0,19,0.7894736842105263
5336,14,3,2,0,0,19,0.7368421052631579
5337,12,1,2,0,0,15,0.8
5338,14,1,2,0,0,17,0.8235294117647058
5339,13,3,2,0,0,18,0.7222222222222222
5340,16,3,2,0,0,21,0.7619047619047619
5341,14,2,2,0,0,18,0.7777777777777778
5342,14,1,2,0,0,17,0.8235294117647058
5343,14,2,2,0,0,18,0.7777777777777778
5344,15,2,2,0,0,19,0.7894736842105263
5345,14,3,2,0,0,19,0.7368421052631579
5346,13,1,2,0,0,16,0.8125
5347,16,3,2,0,0,21,0.7619047619047619
5348,15,1,2,0,0,18,0.8333333333333334
5349,14,2,2,0,0,18,0.7777777777777778
5350,14,1,2,0,0,17,0.8235294117647058
5351,16,2,2,0,0,20,0.8
5352,16,2,2,0,0,20,0.8
5353,16,1,2,0,0,19,0.8421052631578947
5354,15,1,3,0,0,19,0.7894736842105263
5355,15,1,2,0,0,18,0.8333333333333334
5356,15,2,2,0,0,19,0.7894736842105263
5357,16,1,2,0,0,19,0.8421052631578947
5358,13,1,2,0,0,16,0.8125
5359,15,2,2,0,0,19,0.7894736842105263
5360,15,1,2,0,0,18,0.8333333333333334
5361,14,2,2,0,0,18,0.7777777777777778
5362,16,1,2,0,0,19,0.8421052631578947
5363,12,2,2,0,0,16,0.75
5364,16,1,2,0,0,19,0.8421052631578947
5365,13,1,2,0,0,16,0.8125
5366,14,1,2,0,0,17,0.8235294117647058
5367,14,2,2,0,0,18,0.7777777777777778
5368,12,2,2,0,0,16,0.75
5369,15,2,2,0,0,19,0.7894736842105263
5370,15,2,2,0,0,19,0.7894736842105263
5371,15,3,2,0,0,20,0.75
5372,14,1,2,0,0,17,0.8235294117647058
5373,13,2,2,0,0,17,0.7647058823529411
5374,13,3,2,0,0,18,0.7222222222222222
5375,13,3,2,0,0,18,0.7222222222222222
5376,18,1,2,0,0,21,0.8571428571428571
5377,14,2,2,0,0,18,0.7777777777777778
5378,16,2,2,0,0,20,0.8
5379,15,1,2,0,0,18,0.8333333333333334
5380,14,1,2,0,0,17,0.8235294117647058
5381,16,2,2,0,0,20,0.8
5382,14,2,2,0,0,18,0.7777777777777778
5383,14,1,2,0,0,17,0.8235294117647058
5384,14,2,2,0,0,18,0.7777777777777778
5385,13,1,2,0,0,16,0.8125
5386,14,2,2,0,0,18,0.7777777777777778
5387,13,1,2,0,0,16,0.8125
5388,14,2,2,0,0,18,0.7777777777777778
5389,13,2,2,0,0,17,0.7647058823529411
5390,15,2,2,0,0,19,0.7894736842105263
5391,12,1,2,0,0,15,0.8
5392,12,3,2,0,0,17,0.7058823529411765
5393,12,2,2,0,0,16,0.75
5394,13,2,2,0,0,17,0.7647058823529411
5395,13,1,2,0,0,16,0.8125
5396,14,2,2,0,0,18,0.7777777777777778
5397,14,2,2,0,0,18,0.7777777777777778
5398,14,2,2,0,0,18,0.7777777777777778
5399,13,2,2,0,0,17,0.7647058823529411
5400,13,1,2,0,0,16,0.8125
5401,14,3,1,0,0,18,0.7777777777777778
5402,14,2,2,0,0,18,0.7777777777777778
5403,14,1,2,0,0,17,0.8235294117647058
5404,13,2,2,0,0,17,0.7647058823529411
5405,14,3,2,0,0,19,0.7368421052631579
5406,12,2,2,0,0,16,0.75
5407,14,1,2,0,0,17,0.8235294117647058
5408,14,3,2,0,0,19,0.7368421052631579
5409,13,3,2,0,0,18,0.7222222222222222
5410,13,4,2,0,0,19,0.6842105263157895
5411,14,4,2,0,0,20,0.7
5412,13,3,2,0,0,18,0.7222222222222222
5413,13,2,2,0,0,17,0.7647058823529411
5414,13,3,2,0,0,18,0.7222222222222222
5415,12,2,2,0,0,16,0.75
5416,13,2,2,0,0,17,0.7647058823529411
5417,13,2,2,0,0,17,0.7647058823529411
5418,15,4,2,0,0,21,0.7142857142857143
5419,13,5,2,0,0,20,0.65
5420,12,4,2,0,0,18,0.6666666666666666
5421,12,2,2,0,0,16,0.75
5422,13,1,2,0,0,16,0.8125
5423,14,1,2,0,0,17,0.8235294117647058
5424,13,2,2,0,0,17,0.7647058823529411
5425,15,2,2,0,0,19,0.7894736842105263
5426,14,2,2,0,0,18,0.7777777777777778
5427,14,2,2,0,0,18,0.7777777777777778
5428,15,2,2,0,0,19,0.7894736842105263
5429,14,3,2,0,0,19,0.7368421052631579
5430,13,2,2,0,0,17,0.7647058823529411
5431,13,2,2,0,0,17,0.7647058823529411
5432,14,1,2,0,0,17,0.8235294117647058
5433,13,1,2,0,0,16,0.8125
5434,14,3,2,0,0,19,0.7368421052631579
5435,14,3,2,0,0,19,0.7368421052631579
5436,14,3,2,0,0,19,0.7368421052631579
5437,16,3,2,0,0,21,0.7619047619047619
5438,12,3,2,0,0,17,0.7058823529411765
5439,14,3,2,0,0,19,0.7368421052631579
5440,13,3,2,0,0,18,0.7222222222222222
5441,15,2,2,0,0,19,0.7894736842105263
5442,14,3,2,0,0,19,0.7368421052631579
5443,14,3,2,0,0,19,0.7368421052631579
5444,13,2,2,0,0,17,0.7647058823529411
5445,14,3,3,0,0,20,0.7
5446,14,3,2,0,0,19,0.7368421052631579
5447,14,2,2,0,0,18,0.7777777777777778
5448,14,3,2,0,0,19,0.7368421052631579
5449,13,2,2,0,0,17,0.7647058823529411
5450,14,3,2,0,0,19,0.7368421052631579
5451,15,1,2,0,0,18,0.8333333333333334
5452,15,1,2,0,0,18,0.8333333333333334
5453,15,2,2,0,0,19,0.7894736842105263
5454,15,4,2,0,0,21,0.7142857142857143
5455,13,2,2,0,0,17,0.7647058823529411
5456,13,3,2,0,0,18,0.7222222222222222
5457,14,2,2,0,0,18,0.7777777777777778
5458,14,3,2,0,0,19,0.7368421052631579
5459,14,2,2,0,0,18,0.7777777777777778
5460,14,3,3,0,0,20,0.7
5461,13,2,2,0,0,17,0.7647058823529411
5462,13,3,3,0,0,19,0.6842105263157895
5463,13,3,2,0,0,18,0.7222222222222222
5464,16,3,2,0,0,21,0.7619047619047619
5465,14,3,2,0,0,19,0.7368421052631579
5466,13,1,2,0,0,16,0.8125
5467,15,1,2,0,0,18,0.8333333333333334
5468,14,3,2,0,0,19,0.7368421052631579
5469,14,1,2,0,0,17,0.8235294117647058
5470,13,2,2,0,0,17,0.7647058823529411
5471,14,1,2,0,0,17,0.8235294117647058
5472,12,3,3,0,0,18,0.6666666666666666
5473,14,3,2,0,0,19,0.7368421052631579
5474,13,3,2,0,0,18,0.7222222222222222
5475,13,2,2,0,0,17,0.7647058823529411
5476,15,2,2,0,0,19,0.7894736842105263
5477,14,3,2,0,0,19,0.7368421052631579
5478,14,2,2,0,0,18,0.7777777777777778
5479,13,2,2,0,0,17,0.7647058823529411
5480,14,3,2,0,0,19,0.7368421052631579
5481,14,3,2,0,0,19,0.7368421052631579
5482,14,3,2,0,0,19,0.7368421052631579
5483,14,4,2,0,0,20,0.7
5484,14,3,2,0,0,19,0.7368421052631579
5485,13,3,2,0,0,18,0.7222222222222222
5486,13,3,2,0,0,18,0.7222222222222222
5487,12,3,2,0,0,17,0.7058823529411765
5488,14,2,2,0,0,18,0.7777777777777778
5489,15,1,2,0,0,18,0.8333333333333334
5490,14,2,2,0,0,18,0.7777777777777778
5491,14,1,2,0,0,17,0.8235294117647058
5492,15,1,2,0,0,18,0.8333333333333334
5493,14,3,2,0,0,19,0.7368421052631579
5494,13,4,2,0,0,19,0.6842105263157895
5495,14,3,2,0,0,19,0.7368421052631579
5496,14,3,2,0,0,19,0.7368421052631579
5497,12,3,2,0,0,17,0.7058823529411765
5498,13,3,2,0,0,18,0.7222222222222222
5499,14,2,2,0,0,18,0.7777777777777778
5500,15,2,3,0,0,20,0.75
5501,14,2,3,0,0,19,0.7368421052631579
5502,14,2,3,0,0,19,0.7368421052631579
5503,12,3,3,0,0,18,0.6666666666666666
5504,14,3,2,0,0,19,0.7368421052631579
5505,13,3,2,0,0,18,0.7222222222222222
5506,13,3,3,0,0,19,0.6842105263157895
5507,13,3,2,0,0,18,0.7222222222222222
5508,14,2,2,0,0,18,0.7777777777777778
5509,15,3,3,0,0,21,0.7142857142857143
5510,12,3,2,0,0,17,0.7058823529411765
5511,12,3,3,0,0,18,0.6666666666666666
5512,14,3,2,0,0,19,0.7368421052631579
5513,11,3,2,0,0,16,0.6875
5514,12,3,2,0,0,17,0.7058823529411765
5515,15,2,2,0,0,19,0.7894736842105263
5516,12,3,2,0,0,17,0.7058823529411765
5517,15,3,3,0,0,21,0.7142857142857143
5518,14,3,2,0,0,19,0.7368421052631579
5519,14,3,2,0,0,19,0.7368421052631579
5520,12,3,2,0,0,17,0.7058823529411765
5521,13,3,2,0,0,18,0.7222222222222222
5522,13,3,2,0,0,18,0.7222222222222222
5523,13,2,2,0,0,17,0.7647058823529411
5524,14,2,2,0,0,18,0.7777777777777778
5525,13,3,2,0,0,18,0.7222222222222222
5526,13,3,2,0,0,18,0.7222222222222222
5527,14,3,2,0,0,19,0.7368421052631579
5528,13,2,2,0,0,17,0.7647058823529411
5529,13,2,2,0,0,17,0.7647058823529411
5530,14,2,3,0,0,19,0.7368421052631579
5531,14,2,2,0,0,18,0.7777777777777778
5532,14,3,2,0,0,19,0.7368421052631579
5533,13,2,2,0,0,17,0.7647058823529411
5534,13,4,2,0,0,19,0.6842105263157895
5535,13,2,2,0,0,17,0.7647058823529411
5536,14,3,2,0,0,19,0.7368421052631579
5537,13,2,3,0,0,18,0.7222222222222222
5538,13,3,2,0,0,18,0.7222222222222222
5539,12,3,2,0,0,17,0.7058823529411765
5540,12,3,2,0,0,17,0.7058823529411765
5541,14,3,2,0,0,19,0.7368421052631579
5542,14,3,2,0,0,19,0.7368421052631579
5543,13,3,2,0,0,18,0.7222222222222222
5544,15,3,2,0,0,20,0.75
5545,13,3,2,0,0,18,0.7222222222222222
5546,13,3,3,0,0,19,0.6842105263157895
5547,13,3,2,0,0,18,0.7222222222222222
5548,10,3,3,0,0,16,0.625
5549,15,3,2,0,0,20,0.75
5550,15,3,2,0,0,20,0.75
5551,13,3,2,0,0,18,0.7222222222222222
5552,14,2,2,0,0,18,0.7777777777777778
5553,14,3,2,0,0,19,0.7368421052631579
5554,13,2,2,0,0,17,0.7647058823529411
5555,13,3,3,0,0,19,0.6842105263157895
5556,13,3,2,0,0,18,0.7222222222222222
5557,14,3,2,0,0,19,0.7368421052631579
5558,12,3,2,0,0,17,0.7058823529411765
5559,13,3,2,0,0,18,0.7222222222222222
5560,15,2,2,0,0,19,0.7894736842105263
5561,15,3,2,0,0,20,0.75
5562,13,3,2,0,0,18,0.7222222222222222
5563,13,1,2,0,0,16,0.8125
5564,13,2,2,0,0,17,0.7647058823529411
5565,12,3,2,0,0,17,0.7058823529411765
5566,13,1,2,0,0,16,0.8125
5567,14,2,2,0,0,18,0.7777777777777778
5568,15,2,2,0,0,19,0.7894736842105263
5569,16,3,2,0,0,21,0.7619047619047619
5570,16,3,2,0,0,21,0.7619047619047619
5571,14,2,2,0,0,18,0.7777777777777778
5572,15,1,2,0,0,18,0.8333333333333334
5573,15,2,2,0,0,19,0.7894736842105263
5574,14,1,2,0,0,17,0.8235294117647058
5575,14,2,2,0,0,18,0.7777777777777778
5576,14,2,2,0,0,18,0.7777777777777778
5577,14,2,2,0,0,18,0.7777777777777778
5578,14,1,2,0,0,17,0.8235294117647058
5579,15,1,2,0,0,18,0.8333333333333334
5580,15,2,2,0,0,19,0.7894736842105263
5581,14,4,2,0,0,20,0.7
5582,14,2,2,0,0,18,0.7777777777777778
5583,14,1,2,0,0,17,0.8235294117647058
5584,15,2,2,0,0,19,0.7894736842105263
5585,15,2,2,0,0,19,0.7894736842105263
5586,14,3,2,0,0,19,0.7368421052631579
5587,13,4,2,0,0,19,0.6842105263157895
5588,13,3,2,0,0,18,0.7222222222222222
5589,13,1,2,0,0,16,0.8125
5590,14,2,2,0,0,18,0.7777777777777778
5591,11,1,2,0,0,14,0.7857142857142857
5592,14,2,2,0,0,18,0.7777777777777778
5593,14,1,3,0,0,18,0.7777777777777778
5594,14,1,2,0,0,17,0.8235294117647058
5595,13,1,2,0,0,16,0.8125
5596,15,1,2,0,0,18,0.8333333333333334
5597,15,3,2,0,0,20,0.75
5598,14,3,3,0,0,20,0.7
5599,15,3,2,0,0,20,0.75
