frame,n_hydrophobic,n_polar,n_pos_charged,n_neg_charged,n_other,n_total,frac_hydrophobic
0,14,4,1,1,0,20,0.7
1,14,4,1,1,0,20,0.7
2,15,4,1,1,0,21,0.7142857142857143
3,12,4,1,1,0,18,0.6666666666666666
4,14,4,1,0,0,19,0.7368421052631579
5,13,4,2,1,0,20,0.65
6,14,4,2,1,0,21,0.6666666666666666
7,13,4,1,0,0,18,0.7222222222222222
8,13,4,1,0,0,18,0.7222222222222222
9,14,4,1,1,0,20,0.7
10,13,4,2,1,0,20,0.65
11,16,3,2,1,0,22,0.7272727272727273
12,13,4,1,1,0,19,0.6842105263157895
13,13,4,1,0,0,18,0.7222222222222222
14,13,4,1,0,0,18,0.7222222222222222
15,15,4,2,1,0,22,0.6818181818181818
16,14,3,1,0,0,18,0.7777777777777778
17,15,4,1,0,0,20,0.75
18,15,4,1,1,0,21,0.7142857142857143
19,14,4,1,1,0,20,0.7
20,13,4,1,0,0,18,0.7222222222222222
21,14,3,1,1,0,19,0.7368421052631579
22,14,4,1,0,0,19,0.7368421052631579
23,15,3,1,1,0,20,0.75
24,15,2,1,1,0,19,0.7894736842105263
25,14,4,1,1,0,20,0.7
26,12,4,1,1,0,18,0.6666666666666666
27,16,4,1,1,0,22,0.7272727272727273
28,11,4,1,0,0,16,0.6875
29,15,4,1,1,0,21,0.7142857142857143
30,13,4,1,1,0,19,0.6842105263157895
31,14,4,1,0,0,19,0.7368421052631579
32,13,4,1,1,0,19,0.6842105263157895
33,13,4,1,1,0,19,0.6842105263157895
34,14,3,1,0,0,18,0.7777777777777778
35,12,4,1,0,0,17,0.7058823529411765
36,15,4,1,1,0,21,0.7142857142857143
37,12,4,1,1,0,18,0.6666666666666666
38,11,4,1,0,0,16,0.6875
39,11,4,1,0,0,16,0.6875
40,14,4,1,0,0,19,0.7368421052631579
41,13,4,2,0,0,19,0.6842105263157895
42,13,4,3,0,0,20,0.65
43,13,4,1,0,0,18,0.7222222222222222
44,12,4,2,1,0,19,0.631578947368421
45,13,4,1,1,0,19,0.6842105263157895
46,14,4,1,0,0,19,0.7368421052631579
47,12,4,1,1,0,18,0.6666666666666666
48,13,4,1,0,0,18,0.7222222222222222
49,11,4,1,0,0,16,0.6875
50,16,4,2,1,0,23,0.6956521739130435
51,13,4,1,1,0,19,0.6842105263157895
52,13,4,1,1,0,19,0.6842105263157895
53,13,4,1,1,0,19,0.6842105263157895
54,14,3,1,1,0,19,0.7368421052631579
55,15,4,2,1,0,22,0.6818181818181818
56,14,4,1,1,0,20,0.7
57,12,4,1,1,0,18,0.6666666666666666
58,14,4,1,1,0,20,0.7
59,13,4,1,1,0,19,0.6842105263157895
60,14,4,2,0,0,20,0.7
61,13,4,1,0,0,18,0.7222222222222222
62,14,3,1,1,0,19,0.7368421052631579
63,12,4,2,0,0,18,0.6666666666666666
64,14,4,2,1,0,21,0.6666666666666666
65,14,4,2,1,0,21,0.6666666666666666
66,14,4,1,1,0,20,0.7
67,13,4,2,1,0,20,0.65
68,15,4,1,1,0,21,0.7142857142857143
69,14,4,1,1,0,20,0.7
70,14,3,1,1,0,19,0.7368421052631579
71,13,4,1,1,0,19,0.6842105263157895
72,13,4,2,1,0,20,0.65
73,13,4,1,1,0,19,0.6842105263157895
74,14,4,1,0,0,19,0.7368421052631579
75,13,4,1,1,0,19,0.6842105263157895
76,13,4,2,1,0,20,0.65
77,13,4,1,1,0,19,0.6842105263157895
78,14,4,1,1,0,20,0.7
79,14,4,1,1,0,20,0.7
80,14,4,1,0,0,19,0.7368421052631579
81,13,4,1,0,0,18,0.7222222222222222
82,16,3,1,1,0,21,0.7619047619047619
83,12,4,2,1,0,19,0.631578947368421
84,15,4,1,1,0,21,0.7142857142857143
85,11,4,1,1,0,17,0.6470588235294118
86,12,4,1,1,0,18,0.6666666666666666
87,13,4,0,0,0,17,0.7647058823529411
88,14,4,2,1,0,21,0.6666666666666666
89,17,4,1,1,0,23,0.7391304347826086
90,16,4,1,1,0,22,0.7272727272727273
91,14,4,1,0,0,19,0.7368421052631579
92,13,4,1,1,0,19,0.6842105263157895
93,13,3,1,0,0,17,0.7647058823529411
94,11,4,1,0,0,16,0.6875
95,12,4,1,1,0,18,0.6666666666666666
96,14,4,1,0,0,19,0.7368421052631579
97,13,4,1,0,0,18,0.7222222222222222
98,13,4,1,1,0,19,0.6842105263157895
99,14,4,1,1,0,20,0.7
100,13,4,1,0,0,18,0.7222222222222222
101,15,4,2,1,0,22,0.6818181818181818
102,13,4,1,0,0,18,0.7222222222222222
103,14,3,1,1,0,19,0.7368421052631579
104,13,4,1,0,0,18,0.7222222222222222
105,15,4,1,1,0,21,0.7142857142857143
106,12,4,1,0,0,17,0.7058823529411765
107,12,4,1,0,0,17,0.7058823529411765
108,14,4,2,1,0,21,0.6666666666666666
109,13,4,2,1,0,20,0.65
110,15,4,1,0,0,20,0.75
111,14,2,1,0,0,17,0.8235294117647058
112,13,3,1,1,0,18,0.7222222222222222
113,17,4,1,1,0,23,0.7391304347826086
114,14,3,1,1,0,19,0.7368421052631579
115,13,4,1,1,0,19,0.6842105263157895
116,14,4,2,1,0,21,0.6666666666666666
117,13,3,1,1,0,18,0.7222222222222222
118,15,2,2,1,0,20,0.75
119,17,3,1,1,0,22,0.7727272727272727
120,13,3,2,1,0,19,0.6842105263157895
121,15,3,2,1,0,21,0.7142857142857143
122,15,3,1,1,0,20,0.75
123,11,4,2,1,0,18,0.6111111111111112
124,13,3,1,0,0,17,0.7647058823529411
125,13,4,2,1,0,20,0.65
126,13,4,1,1,0,19,0.6842105263157895
127,15,4,1,1,0,21,0.7142857142857143
128,15,4,1,1,0,21,0.7142857142857143
129,14,4,1,1,0,20,0.7
130,15,4,2,1,0,22,0.6818181818181818
131,15,4,1,1,0,21,0.7142857142857143
132,14,4,1,1,0,20,0.7
133,14,3,2,0,0,19,0.7368421052631579
134,14,4,1,0,0,19,0.7368421052631579
135,13,4,1,1,0,19,0.6842105263157895
136,15,3,1,1,0,20,0.75
137,13,4,2,1,0,20,0.65
138,14,3,1,1,0,19,0.7368421052631579
139,13,4,1,1,0,19,0.6842105263157895
140,14,4,1,0,0,19,0.7368421052631579
141,14,4,1,1,0,20,0.7
142,13,4,1,1,0,19,0.6842105263157895
143,14,4,1,0,0,19,0.7368421052631579
144,14,4,1,1,0,20,0.7
145,12,4,1,0,0,17,0.7058823529411765
146,13,4,1,1,0,19,0.6842105263157895
147,14,4,1,1,0,20,0.7
148,15,3,1,1,0,20,0.75
149,14,4,1,0,0,19,0.7368421052631579
150,14,4,2,1,0,21,0.6666666666666666
151,14,4,1,0,0,19,0.7368421052631579
152,14,4,1,1,0,20,0.7
153,14,4,1,0,0,19,0.7368421052631579
154,13,4,1,1,0,19,0.6842105263157895
155,15,3,1,1,0,20,0.75
156,15,4,1,1,0,21,0.7142857142857143
157,14,4,1,1,0,20,0.7
158,15,4,1,1,0,21,0.7142857142857143
159,14,4,1,1,0,20,0.7
160,14,4,1,1,0,20,0.7
161,14,4,1,1,0,20,0.7
162,14,4,1,0,0,19,0.7368421052631579
163,15,4,1,1,0,21,0.7142857142857143
164,16,3,2,1,0,22,0.7272727272727273
165,15,4,1,0,0,20,0.75
166,14,4,1,1,0,20,0.7
167,12,4,1,0,0,17,0.7058823529411765
168,13,4,1,1,0,19,0.6842105263157895
169,14,3,1,1,0,19,0.7368421052631579
170,15,4,1,1,0,21,0.7142857142857143
171,14,4,2,0,0,20,0.7
172,16,2,1,0,0,19,0.8421052631578947
173,13,4,1,1,0,19,0.6842105263157895
174,13,4,1,1,0,19,0.6842105263157895
175,14,4,1,0,0,19,0.7368421052631579
176,15,4,1,1,0,21,0.7142857142857143
177,14,4,2,1,0,21,0.6666666666666666
178,14,4,2,0,0,20,0.7
179,13,3,1,1,0,18,0.7222222222222222
180,14,4,1,1,0,20,0.7
181,15,4,1,1,0,21,0.7142857142857143
182,14,3,1,1,0,19,0.7368421052631579
183,15,4,1,1,0,21,0.7142857142857143
184,16,4,1,1,0,22,0.7272727272727273
185,16,4,1,1,0,22,0.7272727272727273
186,14,4,1,0,0,19,0.7368421052631579
187,14,4,1,1,0,20,0.7
188,15,4,1,1,0,21,0.7142857142857143
189,14,4,1,1,0,20,0.7
190,14,4,1,1,0,20,0.7
191,14,4,2,1,0,21,0.6666666666666666
192,14,4,1,0,0,19,0.7368421052631579
193,15,4,1,1,0,21,0.7142857142857143
194,15,3,1,1,0,20,0.75
195,13,4,1,1,0,19,0.6842105263157895
196,14,4,1,1,0,20,0.7
197,14,4,1,1,0,20,0.7
198,16,3,1,1,0,21,0.7619047619047619
199,15,3,1,1,0,20,0.75
200,15,3,1,1,0,20,0.75
201,14,4,1,1,0,20,0.7
202,15,3,1,1,0,20,0.75
203,14,4,1,1,0,20,0.7
204,13,4,1,1,0,19,0.6842105263157895
205,12,4,1,1,0,18,0.6666666666666666
206,14,4,1,1,0,20,0.7
207,14,4,1,1,0,20,0.7
208,15,4,2,1,0,22,0.6818181818181818
209,14,4,1,1,0,20,0.7
210,14,4,1,1,0,20,0.7
211,13,4,1,1,0,19,0.6842105263157895
212,14,3,1,1,0,19,0.7368421052631579
213,14,4,2,1,0,21,0.6666666666666666
214,13,4,1,1,0,19,0.6842105263157895
215,15,4,1,1,0,21,0.7142857142857143
216,14,4,1,1,0,20,0.7
217,14,4,1,1,0,20,0.7
218,15,3,2,1,0,21,0.7142857142857143
219,14,4,1,1,0,20,0.7
220,13,4,1,0,0,18,0.7222222222222222
221,13,4,1,1,0,19,0.6842105263157895
222,15,3,2,1,0,21,0.7142857142857143
223,14,4,1,1,0,20,0.7
224,15,4,1,1,0,21,0.7142857142857143
225,14,4,1,1,0,20,0.7
226,14,4,1,0,0,19,0.7368421052631579
227,14,3,1,1,0,19,0.7368421052631579
228,14,3,1,1,0,19,0.7368421052631579
229,15,2,1,1,0,19,0.7894736842105263
230,14,4,1,1,0,20,0.7
231,14,4,1,1,0,20,0.7
232,14,4,2,0,0,20,0.7
233,14,4,1,0,0,19,0.7368421052631579
234,14,4,1,1,0,20,0.7
235,14,3,1,0,0,18,0.7777777777777778
236,14,4,1,0,0,19,0.7368421052631579
237,13,4,1,0,0,18,0.7222222222222222
238,13,3,1,0,0,17,0.7647058823529411
239,13,4,1,0,0,18,0.7222222222222222
240,13,4,1,0,0,18,0.7222222222222222
241,12,4,1,0,0,17,0.7058823529411765
242,14,4,1,0,0,19,0.7368421052631579
243,15,4,1,1,0,21,0.7142857142857143
244,12,4,1,0,0,17,0.7058823529411765
245,14,4,2,0,0,20,0.7
246,13,4,1,0,0,18,0.7222222222222222
247,14,3,2,0,0,19,0.7368421052631579
248,15,3,2,0,0,20,0.75
249,12,4,1,1,0,18,0.6666666666666666
250,13,4,1,1,0,19,0.6842105263157895
251,12,4,1,0,0,17,0.7058823529411765
252,14,4,1,1,0,20,0.7
253,12,3,1,1,0,17,0.7058823529411765
254,13,4,1,1,0,19,0.6842105263157895
255,13,3,2,1,0,19,0.6842105263157895
256,13,3,2,1,0,19,0.6842105263157895
257,12,3,2,1,0,18,0.6666666666666666
258,13,3,2,1,0,19,0.6842105263157895
259,13,5,2,1,0,21,0.6190476190476191
260,14,4,2,1,0,21,0.6666666666666666
261,13,4,2,1,0,20,0.65
262,13,4,2,1,0,20,0.65
263,14,4,2,1,0,21,0.6666666666666666
264,11,4,2,1,0,18,0.6111111111111112
265,14,4,2,1,0,21,0.6666666666666666
266,12,4,2,0,0,18,0.6666666666666666
267,13,4,2,1,0,20,0.65
268,13,4,2,1,0,20,0.65
269,13,3,2,1,0,19,0.6842105263157895
270,12,4,2,1,0,19,0.631578947368421
271,14,4,2,1,0,21,0.6666666666666666
272,13,4,1,1,0,19,0.6842105263157895
273,13,4,1,1,0,19,0.6842105263157895
274,13,4,1,0,0,18,0.7222222222222222
275,15,4,1,1,0,21,0.7142857142857143
276,12,4,2,0,0,18,0.6666666666666666
277,15,3,1,0,0,19,0.7894736842105263
278,13,4,1,1,0,19,0.6842105263157895
279,13,4,2,0,0,19,0.6842105263157895
280,13,4,1,1,0,19,0.6842105263157895
281,13,4,1,1,0,19,0.6842105263157895
282,14,4,1,1,0,20,0.7
283,14,4,1,1,0,20,0.7
284,13,4,1,1,0,19,0.6842105263157895
285,14,4,1,1,0,20,0.7
286,14,4,1,0,0,19,0.7368421052631579
287,14,4,1,0,0,19,0.7368421052631579
288,13,3,1,0,0,17,0.7647058823529411
289,15,4,1,1,0,21,0.7142857142857143
290,15,4,1,1,0,21,0.7142857142857143
291,11,4,1,0,0,16,0.6875
292,14,4,1,0,0,19,0.7368421052631579
293,14,4,1,0,0,19,0.7368421052631579
294,14,4,0,0,0,18,0.7777777777777778
295,14,4,1,0,0,19,0.7368421052631579
296,13,4,1,0,0,18,0.7222222222222222
297,13,4,1,1,0,19,0.6842105263157895
298,14,3,1,0,0,18,0.7777777777777778
299,13,3,0,0,0,16,0.8125
300,12,3,0,0,0,15,0.8
301,16,4,1,0,0,21,0.7619047619047619
302,12,4,0,0,0,16,0.75
303,13,2,1,0,0,16,0.8125
304,13,4,1,0,0,18,0.7222222222222222
305,13,3,0,0,0,16,0.8125
306,15,2,0,0,0,17,0.8823529411764706
307,13,4,0,0,0,17,0.7647058823529411
308,14,4,3,0,0,21,0.6666666666666666
309,13,3,3,0,0,19,0.6842105263157895
310,15,4,2,0,0,21,0.7142857142857143
311,12,4,1,0,0,17,0.7058823529411765
312,14,4,2,1,0,21,0.6666666666666666
313,12,4,2,1,0,19,0.631578947368421
314,15,4,3,0,0,22,0.6818181818181818
315,13,4,2,1,0,20,0.65
316,12,4,2,1,0,19,0.631578947368421
317,14,3,2,1,0,20,0.7
318,13,3,0,0,0,16,0.8125
319,13,4,1,0,0,18,0.7222222222222222
320,14,4,1,0,0,19,0.7368421052631579
321,13,4,1,0,0,18,0.7222222222222222
322,12,4,1,0,0,17,0.7058823529411765
323,13,4,1,0,0,18,0.7222222222222222
324,14,4,2,0,0,20,0.7
325,14,4,2,0,0,20,0.7
326,15,4,2,0,0,21,0.7142857142857143
327,13,4,1,1,0,19,0.6842105263157895
328,14,3,1,0,0,18,0.7777777777777778
329,14,4,1,0,0,19,0.7368421052631579
330,13,4,1,1,0,19,0.6842105263157895
331,14,4,1,0,0,19,0.7368421052631579
332,14,4,1,1,0,20,0.7
333,13,4,1,0,0,18,0.7222222222222222
334,14,4,2,1,0,21,0.6666666666666666
335,15,4,3,1,0,23,0.6521739130434783
336,13,4,2,1,0,20,0.65
337,16,3,2,1,0,22,0.7272727272727273
338,14,4,2,0,0,20,0.7
339,14,4,2,1,0,21,0.6666666666666666
340,14,4,2,0,0,20,0.7
341,14,4,1,0,0,19,0.7368421052631579
342,13,4,1,1,0,19,0.6842105263157895
343,16,3,1,1,0,21,0.7619047619047619
344,14,4,2,1,0,21,0.6666666666666666
345,14,4,1,1,0,20,0.7
346,13,3,2,1,0,19,0.6842105263157895
347,14,4,2,1,0,21,0.6666666666666666
348,14,4,2,1,0,21,0.6666666666666666
349,17,4,2,1,0,24,0.7083333333333334
350,14,4,2,1,0,21,0.6666666666666666
351,15,4,1,1,0,21,0.7142857142857143
352,15,3,2,1,0,21,0.7142857142857143
353,14,4,2,1,0,21,0.6666666666666666
354,13,4,2,1,0,20,0.65
355,15,4,2,0,0,21,0.7142857142857143
356,15,4,1,1,0,21,0.7142857142857143
357,14,4,1,0,0,19,0.7368421052631579
358,13,4,1,0,0,18,0.7222222222222222
359,13,4,1,1,0,19,0.6842105263157895
360,14,4,1,1,0,20,0.7
361,14,4,2,1,0,21,0.6666666666666666
362,12,4,2,1,0,19,0.631578947368421
363,16,4,2,1,0,23,0.6956521739130435
364,16,3,2,1,0,22,0.7272727272727273
365,14,2,2,1,0,19,0.7368421052631579
366,15,4,2,1,0,22,0.6818181818181818
367,12,3,2,1,0,18,0.6666666666666666
368,13,4,1,1,0,19,0.6842105263157895
369,14,4,1,0,0,19,0.7368421052631579
370,13,3,1,1,0,18,0.7222222222222222
371,14,4,1,1,0,20,0.7
372,14,3,3,1,0,21,0.6666666666666666
373,14,4,2,1,0,21,0.6666666666666666
374,14,3,1,0,0,18,0.7777777777777778
375,13,4,2,1,0,20,0.65
376,15,3,1,1,0,20,0.75
377,15,4,1,0,0,20,0.75
378,16,3,1,1,0,21,0.7619047619047619
379,15,4,2,0,0,21,0.7142857142857143
380,14,4,2,0,0,20,0.7
381,13,4,2,1,0,20,0.65
382,13,4,2,1,0,20,0.65
383,17,4,1,1,0,23,0.7391304347826086
384,14,4,1,1,0,20,0.7
385,11,4,1,1,0,17,0.6470588235294118
386,13,4,1,1,0,19,0.6842105263157895
387,14,4,1,1,0,20,0.7
388,14,4,1,1,0,20,0.7
389,14,4,2,1,0,21,0.6666666666666666
390,16,3,2,1,0,22,0.7272727272727273
391,16,4,2,1,0,23,0.6956521739130435
392,15,3,1,1,0,20,0.75
393,14,3,1,1,0,19,0.7368421052631579
394,14,3,1,0,0,18,0.7777777777777778
395,14,4,2,1,0,21,0.6666666666666666
396,15,4,2,1,0,22,0.6818181818181818
397,13,4,2,1,0,20,0.65
398,13,4,2,0,0,19,0.6842105263157895
399,13,4,2,0,0,19,0.6842105263157895
400,14,4,1,1,0,20,0.7
401,14,4,2,1,0,21,0.6666666666666666
402,14,3,2,1,0,20,0.7
403,14,4,2,0,0,20,0.7
404,14,4,1,1,0,20,0.7
405,14,4,2,1,0,21,0.6666666666666666
406,13,3,2,1,0,19,0.6842105263157895
407,14,4,1,1,0,20,0.7
408,14,4,1,1,0,20,0.7
409,15,4,1,0,0,20,0.75
410,14,4,1,0,0,19,0.7368421052631579
411,13,4,1,1,0,19,0.6842105263157895
412,13,4,1,1,0,19,0.6842105263157895
413,13,4,1,1,0,19,0.6842105263157895
414,12,4,1,1,0,18,0.6666666666666666
415,15,3,1,1,0,20,0.75
416,14,4,2,1,0,21,0.6666666666666666
417,13,4,1,1,0,19,0.6842105263157895
418,14,4,2,1,0,21,0.6666666666666666
419,15,4,1,1,0,21,0.7142857142857143
420,16,3,2,1,0,22,0.7272727272727273
421,14,4,1,1,0,20,0.7
422,13,4,1,0,0,18,0.7222222222222222
423,13,4,1,1,0,19,0.6842105263157895
424,14,4,1,1,0,20,0.7
425,13,4,1,1,0,19,0.6842105263157895
426,11,4,2,1,0,18,0.6111111111111112
427,13,4,1,1,0,19,0.6842105263157895
428,13,4,1,1,0,19,0.6842105263157895
429,12,4,2,1,0,19,0.631578947368421
430,14,3,2,1,0,20,0.7
431,14,4,1,1,0,20,0.7
432,17,4,1,1,0,23,0.7391304347826086
433,15,2,1,1,0,19,0.7894736842105263
434,15,3,1,1,0,20,0.75
435,13,4,2,1,0,20,0.65
436,13,3,2,1,0,19,0.6842105263157895
437,14,4,1,1,0,20,0.7
438,14,3,1,0,0,18,0.7777777777777778
439,17,3,1,1,0,22,0.7727272727272727
440,15,4,2,0,0,21,0.7142857142857143
441,13,4,2,0,0,19,0.6842105263157895
442,14,3,2,1,0,20,0.7
443,16,4,2,1,0,23,0.6956521739130435
444,13,4,1,1,0,19,0.6842105263157895
445,14,4,1,1,0,20,0.7
446,13,4,2,1,0,20,0.65
447,15,3,1,1,0,20,0.75
448,15,4,3,1,0,23,0.6521739130434783
449,12,4,1,1,0,18,0.6666666666666666
450,13,4,2,0,0,19,0.6842105263157895
451,12,3,2,1,0,18,0.6666666666666666
452,12,4,1,0,0,17,0.7058823529411765
453,14,3,0,0,0,17,0.8235294117647058
454,13,4,1,0,0,18,0.7222222222222222
455,13,4,2,0,0,19,0.6842105263157895
456,13,4,1,1,0,19,0.6842105263157895
457,14,4,1,1,0,20,0.7
458,14,4,1,1,0,20,0.7
459,15,4,2,1,0,22,0.6818181818181818
460,14,4,1,1,0,20,0.7
461,13,4,1,1,0,19,0.6842105263157895
462,14,4,1,1,0,20,0.7
463,13,3,1,1,0,18,0.7222222222222222
464,15,4,2,1,0,22,0.6818181818181818
465,15,4,1,0,0,20,0.75
466,11,4,1,0,0,16,0.6875
467,14,4,2,1,0,21,0.6666666666666666
468,16,4,1,1,0,22,0.7272727272727273
469,15,4,1,0,0,20,0.75
470,14,4,1,1,0,20,0.7
471,13,4,1,1,0,19,0.6842105263157895
472,13,4,1,1,0,19,0.6842105263157895
473,13,4,1,1,0,19,0.6842105263157895
474,14,4,1,1,0,20,0.7
475,15,4,2,0,0,21,0.7142857142857143
476,11,4,2,0,0,17,0.6470588235294118
477,12,4,2,1,0,19,0.631578947368421
478,14,4,2,1,0,21,0.6666666666666666
479,14,4,2,0,0,20,0.7
480,14,3,2,0,0,19,0.7368421052631579
481,12,4,2,0,0,18,0.6666666666666666
482,11,4,1,1,0,17,0.6470588235294118
483,13,4,2,0,0,19,0.6842105263157895
484,12,4,1,1,0,18,0.6666666666666666
485,14,4,2,0,0,20,0.7
486,12,4,2,1,0,19,0.631578947368421
487,12,4,1,1,0,18,0.6666666666666666
488,13,4,2,0,0,19,0.6842105263157895
489,14,4,1,1,0,20,0.7
490,15,3,2,1,0,21,0.7142857142857143
491,13,3,1,1,0,18,0.7222222222222222
492,15,3,1,1,0,20,0.75
493,13,4,1,1,0,19,0.6842105263157895
494,13,4,1,1,0,19,0.6842105263157895
495,15,4,1,1,0,21,0.7142857142857143
496,14,4,1,1,0,20,0.7
497,11,3,2,1,0,17,0.6470588235294118
498,15,4,1,1,0,21,0.7142857142857143
499,14,4,1,1,0,20,0.7
500,14,4,1,1,0,20,0.7
501,14,4,1,0,0,19,0.7368421052631579
502,15,4,1,1,0,21,0.7142857142857143
503,14,4,1,1,0,20,0.7
504,15,3,2,1,0,21,0.7142857142857143
505,12,4,1,1,0,18,0.6666666666666666
506,17,3,1,1,0,22,0.7727272727272727
507,13,4,1,0,0,18,0.7222222222222222
508,14,4,1,1,0,20,0.7
509,13,4,1,0,0,18,0.7222222222222222
510,12,4,1,0,0,17,0.7058823529411765
511,14,4,1,0,0,19,0.7368421052631579
512,15,4,1,0,0,20,0.75
513,13,4,1,0,0,18,0.7222222222222222
514,14,3,1,0,0,18,0.7777777777777778
515,14,3,2,1,0,20,0.7
516,14,4,1,0,0,19,0.7368421052631579
517,13,4,1,0,0,18,0.7222222222222222
518,13,3,1,1,0,18,0.7222222222222222
519,15,4,1,1,0,21,0.7142857142857143
520,13,3,1,0,0,17,0.7647058823529411
521,15,4,0,0,0,19,0.7894736842105263
522,14,4,1,0,0,19,0.7368421052631579
523,13,4,1,0,0,18,0.7222222222222222
524,13,4,1,0,0,18,0.7222222222222222
525,15,4,1,0,0,20,0.75
526,12,4,1,0,0,17,0.7058823529411765
527,15,3,1,0,0,19,0.7894736842105263
528,12,4,1,0,0,17,0.7058823529411765
529,14,4,1,0,0,19,0.7368421052631579
530,14,4,0,0,0,18,0.7777777777777778
531,13,4,1,0,0,18,0.7222222222222222
532,14,4,1,0,0,19,0.7368421052631579
533,15,4,1,0,0,20,0.75
534,15,4,1,0,0,20,0.75
535,16,4,1,1,0,22,0.7272727272727273
536,12,4,1,1,0,18,0.6666666666666666
537,15,4,1,0,0,20,0.75
538,14,4,1,1,0,20,0.7
539,14,4,1,0,0,19,0.7368421052631579
540,14,4,1,0,0,19,0.7368421052631579
541,15,3,1,1,0,20,0.75
542,14,4,1,1,0,20,0.7
543,14,3,1,0,0,18,0.7777777777777778
544,13,3,1,0,0,17,0.7647058823529411
545,15,3,1,0,0,19,0.7894736842105263
546,15,3,1,0,0,19,0.7894736842105263
547,13,3,1,1,0,18,0.7222222222222222
548,15,4,2,1,0,22,0.6818181818181818
549,15,4,1,0,0,20,0.75
550,14,4,1,0,0,19,0.7368421052631579
551,14,4,1,0,0,19,0.7368421052631579
552,13,3,1,1,0,18,0.7222222222222222
553,14,3,1,1,0,19,0.7368421052631579
554,13,3,2,1,0,19,0.6842105263157895
555,13,4,1,1,0,19,0.6842105263157895
556,15,4,1,0,0,20,0.75
557,14,4,1,1,0,20,0.7
558,14,4,1,1,0,20,0.7
559,14,4,1,0,0,19,0.7368421052631579
560,13,4,2,1,0,20,0.65
561,13,4,1,1,0,19,0.6842105263157895
562,16,3,1,0,0,20,0.8
563,14,4,2,1,0,21,0.6666666666666666
564,15,4,1,0,0,20,0.75
565,14,4,1,1,0,20,0.7
566,14,4,0,0,0,18,0.7777777777777778
567,14,3,0,0,0,17,0.8235294117647058
568,14,4,1,0,0,19,0.7368421052631579
569,15,4,1,1,0,21,0.7142857142857143
570,14,4,1,1,0,20,0.7
571,15,3,1,0,0,19,0.7894736842105263
572,13,4,1,0,0,18,0.7222222222222222
573,14,4,1,0,0,19,0.7368421052631579
574,14,4,1,0,0,19,0.7368421052631579
575,14,4,1,1,0,20,0.7
576,15,4,1,1,0,21,0.7142857142857143
577,14,4,1,1,0,20,0.7
578,14,4,2,0,0,20,0.7
579,14,4,1,1,0,20,0.7
580,14,4,1,0,0,19,0.7368421052631579
581,13,4,1,0,0,18,0.7222222222222222
582,15,3,1,1,0,20,0.75
583,14,4,1,1,0,20,0.7
584,14,4,1,1,0,20,0.7
585,14,4,1,0,0,19,0.7368421052631579
586,15,3,1,0,0,19,0.7894736842105263
587,13,3,2,0,0,18,0.7222222222222222
588,15,4,1,0,0,20,0.75
589,14,4,1,1,0,20,0.7
590,13,4,0,0,0,17,0.7647058823529411
591,13,4,1,1,0,19,0.6842105263157895
592,14,4,1,0,0,19,0.7368421052631579
593,14,4,1,0,0,19,0.7368421052631579
594,13,4,1,0,0,18,0.7222222222222222
595,14,4,1,1,0,20,0.7
596,14,4,0,0,0,18,0.7777777777777778
597,14,4,1,1,0,20,0.7
598,14,3,1,0,0,18,0.7777777777777778
599,14,3,1,0,0,18,0.7777777777777778
600,13,4,1,0,0,18,0.7222222222222222
601,14,4,1,1,0,20,0.7
602,14,4,1,0,0,19,0.7368421052631579
603,14,4,1,0,0,19,0.7368421052631579
604,14,4,2,0,0,20,0.7
605,13,3,1,0,0,17,0.7647058823529411
606,14,4,1,0,0,19,0.7368421052631579
607,13,4,1,1,0,19,0.6842105263157895
608,14,4,1,1,0,20,0.7
609,14,3,1,0,0,18,0.7777777777777778
610,15,4,0,0,0,19,0.7894736842105263
611,14,3,1,0,0,18,0.7777777777777778
612,12,4,1,1,0,18,0.6666666666666666
613,14,4,1,1,0,20,0.7
614,15,4,1,0,0,20,0.75
615,14,4,1,0,0,19,0.7368421052631579
616,14,4,1,1,0,20,0.7
617,15,3,1,1,0,20,0.75
618,14,4,2,1,0,21,0.6666666666666666
619,14,4,1,0,0,19,0.7368421052631579
620,15,4,1,1,0,21,0.7142857142857143
621,11,4,1,1,0,17,0.6470588235294118
622,14,4,1,1,0,20,0.7
623,14,4,1,0,0,19,0.7368421052631579
624,13,4,2,1,0,20,0.65
625,13,4,1,0,0,18,0.7222222222222222
626,15,4,2,1,0,22,0.6818181818181818
627,14,4,1,1,0,20,0.7
628,12,4,1,1,0,18,0.6666666666666666
629,15,4,1,1,0,21,0.7142857142857143
630,13,4,1,0,0,18,0.7222222222222222
631,13,4,1,0,0,18,0.7222222222222222
632,14,4,1,0,0,19,0.7368421052631579
633,13,4,1,0,0,18,0.7222222222222222
634,14,4,1,0,0,19,0.7368421052631579
635,13,3,0,0,0,16,0.8125
636,13,4,0,0,0,17,0.7647058823529411
637,15,4,1,0,0,20,0.75
638,14,4,1,0,0,19,0.7368421052631579
639,14,4,1,1,0,20,0.7
640,13,4,1,0,0,18,0.7222222222222222
641,15,4,1,1,0,21,0.7142857142857143
642,13,4,1,1,0,19,0.6842105263157895
643,14,4,1,1,0,20,0.7
644,14,4,1,0,0,19,0.7368421052631579
645,14,4,1,1,0,20,0.7
646,13,4,1,1,0,19,0.6842105263157895
647,14,3,1,0,0,18,0.7777777777777778
648,14,4,1,1,0,20,0.7
649,13,4,2,1,0,20,0.65
650,14,4,1,0,0,19,0.7368421052631579
651,14,4,0,0,0,18,0.7777777777777778
652,14,4,1,1,0,20,0.7
653,14,4,1,0,0,19,0.7368421052631579
654,13,4,1,1,0,19,0.6842105263157895
655,14,4,1,1,0,20,0.7
656,13,4,1,0,0,18,0.7222222222222222
657,13,4,1,1,0,19,0.6842105263157895
658,13,4,1,0,0,18,0.7222222222222222
659,15,3,1,0,0,19,0.7894736842105263
660,14,4,1,0,0,19,0.7368421052631579
661,15,4,1,1,0,21,0.7142857142857143
662,14,4,1,1,0,20,0.7
663,13,3,1,1,0,18,0.7222222222222222
664,14,4,1,0,0,19,0.7368421052631579
665,13,4,2,0,0,19,0.6842105263157895
666,13,4,1,1,0,19,0.6842105263157895
667,14,4,1,0,0,19,0.7368421052631579
668,14,4,1,1,0,20,0.7
669,14,3,1,1,0,19,0.7368421052631579
670,14,4,1,0,0,19,0.7368421052631579
671,14,4,1,1,0,20,0.7
672,13,4,1,0,0,18,0.7222222222222222
673,12,4,1,0,0,17,0.7058823529411765
674,14,4,1,0,0,19,0.7368421052631579
675,15,4,1,0,0,20,0.75
676,15,4,0,0,0,19,0.7894736842105263
677,15,4,1,0,0,20,0.75
678,14,4,2,0,0,20,0.7
679,14,4,1,0,0,19,0.7368421052631579
680,12,4,1,1,0,18,0.6666666666666666
681,14,3,0,0,0,17,0.8235294117647058
682,11,4,1,1,0,17,0.6470588235294118
683,14,4,1,1,0,20,0.7
684,13,3,2,0,0,18,0.7222222222222222
685,13,3,1,0,0,17,0.7647058823529411
686,14,4,1,0,0,19,0.7368421052631579
687,13,4,1,1,0,19,0.6842105263157895
688,14,3,1,0,0,18,0.7777777777777778
689,12,4,1,0,0,17,0.7058823529411765
690,14,4,1,0,0,19,0.7368421052631579
691,14,4,0,0,0,18,0.7777777777777778
692,14,4,1,0,0,19,0.7368421052631579
693,15,4,0,0,0,19,0.7894736842105263
694,14,4,1,0,0,19,0.7368421052631579
695,13,4,1,0,0,18,0.7222222222222222
696,14,4,2,1,0,21,0.6666666666666666
697,14,4,1,0,0,19,0.7368421052631579
698,13,4,1,1,0,19,0.6842105263157895
699,13,3,1,0,0,17,0.7647058823529411
700,14,3,0,0,0,17,0.8235294117647058
701,12,4,1,0,0,17,0.7058823529411765
702,13,4,0,0,0,17,0.7647058823529411
703,15,4,1,0,0,20,0.75
704,12,4,1,0,0,17,0.7058823529411765
705,13,4,0,0,0,17,0.7647058823529411
706,14,4,1,1,0,20,0.7
707,14,4,1,1,0,20,0.7
708,14,4,0,0,0,18,0.7777777777777778
709,14,4,1,1,0,20,0.7
710,14,4,1,0,0,19,0.7368421052631579
711,12,3,1,1,0,17,0.7058823529411765
712,15,4,0,0,0,19,0.7894736842105263
713,15,4,1,0,0,20,0.75
714,14,3,1,0,0,18,0.7777777777777778
715,13,3,0,0,0,16,0.8125
716,15,3,0,0,0,18,0.8333333333333334
717,13,4,0,0,0,17,0.7647058823529411
718,13,3,1,1,0,18,0.7222222222222222
719,15,4,1,1,0,21,0.7142857142857143
720,13,3,0,0,0,16,0.8125
721,14,3,1,0,0,18,0.7777777777777778
722,15,4,1,0,0,20,0.75
723,13,4,1,1,0,19,0.6842105263157895
724,14,4,0,0,0,18,0.7777777777777778
725,13,4,1,0,0,18,0.7222222222222222
726,13,3,0,0,0,16,0.8125
727,13,3,1,0,0,17,0.7647058823529411
728,14,4,2,0,0,20,0.7
729,14,4,0,0,0,18,0.7777777777777778
730,13,4,1,0,0,18,0.7222222222222222
731,14,2,0,0,0,16,0.875
732,12,4,1,0,0,17,0.7058823529411765
733,12,4,1,0,0,17,0.7058823529411765
734,14,4,1,0,0,19,0.7368421052631579
735,14,4,0,0,0,18,0.7777777777777778
736,13,4,1,0,0,18,0.7222222222222222
737,14,4,1,0,0,19,0.7368421052631579
738,14,4,1,1,0,20,0.7
739,14,4,1,0,0,19,0.7368421052631579
740,14,4,1,0,0,19,0.7368421052631579
741,14,4,1,0,0,19,0.7368421052631579
742,13,4,1,0,0,18,0.7222222222222222
743,14,4,0,0,0,18,0.7777777777777778
744,15,3,1,0,0,19,0.7894736842105263
745,14,4,0,0,0,18,0.7777777777777778
746,14,4,1,1,0,20,0.7
747,14,2,1,1,0,18,0.7777777777777778
748,14,4,1,0,0,19,0.7368421052631579
749,14,4,1,0,0,19,0.7368421052631579
750,14,3,1,0,0,18,0.7777777777777778
751,14,3,0,0,0,17,0.8235294117647058
752,14,3,0,0,0,17,0.8235294117647058
753,14,3,0,0,0,17,0.8235294117647058
754,13,4,1,0,0,18,0.7222222222222222
755,13,3,1,1,0,18,0.7222222222222222
756,14,3,0,0,0,17,0.8235294117647058
757,11,4,1,1,0,17,0.6470588235294118
758,14,4,1,1,0,20,0.7
759,14,4,1,1,0,20,0.7
760,14,4,1,1,0,20,0.7
761,12,4,1,0,0,17,0.7058823529411765
762,14,4,1,0,0,19,0.7368421052631579
763,15,4,1,1,0,21,0.7142857142857143
764,16,4,1,0,0,21,0.7619047619047619
765,14,3,1,1,0,19,0.7368421052631579
766,14,4,1,1,0,20,0.7
767,14,4,1,0,0,19,0.7368421052631579
768,15,4,1,1,0,21,0.7142857142857143
769,14,4,0,0,0,18,0.7777777777777778
770,14,4,0,0,0,18,0.7777777777777778
771,13,4,1,0,0,18,0.7222222222222222
772,14,4,1,0,0,19,0.7368421052631579
773,14,4,1,0,0,19,0.7368421052631579
774,14,4,0,0,0,18,0.7777777777777778
775,13,4,1,0,0,18,0.7222222222222222
776,13,4,1,0,0,18,0.7222222222222222
777,14,4,1,0,0,19,0.7368421052631579
778,15,4,1,1,0,21,0.7142857142857143
779,14,3,1,0,0,18,0.7777777777777778
780,14,4,1,1,0,20,0.7
781,14,4,3,0,0,21,0.6666666666666666
782,13,4,1,1,0,19,0.6842105263157895
783,14,3,0,0,0,17,0.8235294117647058
784,14,4,1,1,0,20,0.7
785,14,4,1,0,0,19,0.7368421052631579
786,12,3,1,1,0,17,0.7058823529411765
787,14,4,1,0,0,19,0.7368421052631579
788,14,4,1,0,0,19,0.7368421052631579
789,14,4,0,0,0,18,0.7777777777777778
790,13,3,0,0,0,16,0.8125
791,13,3,0,0,0,16,0.8125
792,14,4,1,0,0,19,0.7368421052631579
793,14,4,0,0,0,18,0.7777777777777778
794,13,4,1,1,0,19,0.6842105263157895
795,15,4,1,0,0,20,0.75
796,13,3,0,0,0,16,0.8125
797,14,3,0,0,0,17,0.8235294117647058
798,15,3,1,0,0,19,0.7894736842105263
799,14,4,0,0,0,18,0.7777777777777778
800,14,4,1,0,0,19,0.7368421052631579
801,14,4,0,0,0,18,0.7777777777777778
802,14,4,0,0,0,18,0.7777777777777778
803,14,4,0,0,0,18,0.7777777777777778
804,12,3,1,0,0,16,0.75
805,13,4,1,0,0,18,0.7222222222222222
806,14,4,1,0,0,19,0.7368421052631579
807,14,4,1,0,0,19,0.7368421052631579
808,14,4,1,0,0,19,0.7368421052631579
809,14,4,1,0,0,19,0.7368421052631579
810,12,3,1,0,0,16,0.75
811,13,4,1,0,0,18,0.7222222222222222
812,13,3,1,0,0,17,0.7647058823529411
813,13,4,1,0,0,18,0.7222222222222222
814,13,4,1,0,0,18,0.7222222222222222
815,15,4,1,0,0,20,0.75
816,16,4,0,0,0,20,0.8
817,14,4,0,0,0,18,0.7777777777777778
818,15,4,1,0,0,20,0.75
819,12,4,0,0,0,16,0.75
820,14,3,1,0,0,18,0.7777777777777778
821,14,4,1,0,0,19,0.7368421052631579
822,15,4,1,0,0,20,0.75
823,14,4,2,0,0,20,0.7
824,14,4,0,0,0,18,0.7777777777777778
825,13,4,1,0,0,18,0.7222222222222222
826,13,3,0,0,0,16,0.8125
827,13,4,1,0,0,18,0.7222222222222222
828,14,4,1,1,0,20,0.7
829,13,4,1,0,0,18,0.7222222222222222
830,13,4,1,0,0,18,0.7222222222222222
831,13,4,0,0,0,17,0.7647058823529411
832,14,4,1,0,0,19,0.7368421052631579
833,14,4,0,0,0,18,0.7777777777777778
834,13,2,1,0,0,16,0.8125
835,12,3,0,0,0,15,0.8
836,14,3,0,0,0,17,0.8235294117647058
837,13,3,1,0,0,17,0.7647058823529411
838,12,3,1,0,0,16,0.75
839,14,3,0,0,0,17,0.8235294117647058
840,14,3,1,0,0,18,0.7777777777777778
841,13,3,0,0,0,16,0.8125
842,13,4,1,0,0,18,0.7222222222222222
843,13,3,0,0,0,16,0.8125
844,14,3,0,0,0,17,0.8235294117647058
845,14,3,1,0,0,18,0.7777777777777778
846,11,3,1,0,0,15,0.7333333333333333
847,12,4,0,0,0,16,0.75
848,12,3,0,0,0,15,0.8
849,11,3,0,0,0,14,0.7857142857142857
850,12,3,0,0,0,15,0.8
851,12,4,1,0,0,17,0.7058823529411765
852,11,4,0,0,0,15,0.7333333333333333
853,14,4,1,0,0,19,0.7368421052631579
854,12,4,0,0,0,16,0.75
855,12,4,1,0,0,17,0.7058823529411765
856,12,4,1,0,0,17,0.7058823529411765
857,13,4,0,0,0,17,0.7647058823529411
858,13,4,0,0,0,17,0.7647058823529411
859,11,4,0,0,0,15,0.7333333333333333
860,12,3,0,0,0,15,0.8
861,11,3,2,0,0,16,0.6875
862,11,4,0,0,0,15,0.7333333333333333
863,12,4,1,0,0,17,0.7058823529411765
864,10,3,1,0,0,14,0.7142857142857143
865,13,3,1,0,0,17,0.7647058823529411
866,12,3,1,0,0,16,0.75
867,13,3,0,0,0,16,0.8125
868,13,4,1,0,0,18,0.7222222222222222
869,14,4,1,0,0,19,0.7368421052631579
870,12,3,0,0,0,15,0.8
871,12,3,0,0,0,15,0.8
872,13,4,0,0,0,17,0.7647058823529411
873,13,4,1,0,0,18,0.7222222222222222
874,13,3,0,0,0,16,0.8125
875,15,4,0,0,0,19,0.7894736842105263
876,14,4,0,0,0,18,0.7777777777777778
877,13,4,0,0,0,17,0.7647058823529411
878,14,4,1,0,0,19,0.7368421052631579
879,11,4,1,0,0,16,0.6875
880,13,3,1,0,0,17,0.7647058823529411
881,10,4,0,0,0,14,0.7142857142857143
882,13,4,2,0,0,19,0.6842105263157895
883,14,4,0,0,0,18,0.7777777777777778
884,10,4,2,0,0,16,0.625
885,12,3,0,0,0,15,0.8
886,13,4,0,0,0,17,0.7647058823529411
887,14,4,0,0,0,18,0.7777777777777778
888,14,4,0,0,0,18,0.7777777777777778
889,14,4,1,0,0,19,0.7368421052631579
890,13,3,1,0,0,17,0.7647058823529411
891,13,4,0,0,0,17,0.7647058823529411
892,12,4,1,0,0,17,0.7058823529411765
893,14,3,0,0,0,17,0.8235294117647058
894,14,4,2,0,0,20,0.7
895,12,4,0,0,0,16,0.75
896,14,3,1,0,0,18,0.7777777777777778
897,12,4,0,0,0,16,0.75
898,12,4,0,0,0,16,0.75
899,15,4,0,0,0,19,0.7894736842105263
900,14,4,0,0,0,18,0.7777777777777778
901,13,4,1,0,0,18,0.7222222222222222
902,12,3,0,1,0,16,0.75
903,11,4,1,0,0,16,0.6875
904,12,3,0,0,0,15,0.8
905,14,3,1,0,0,18,0.7777777777777778
906,14,4,1,0,0,19,0.7368421052631579
907,13,4,1,0,0,18,0.7222222222222222
908,14,3,2,0,0,19,0.7368421052631579
909,12,4,0,0,0,16,0.75
910,14,4,1,0,0,19,0.7368421052631579
911,15,4,1,0,0,20,0.75
912,12,4,0,0,0,16,0.75
913,13,3,1,0,0,17,0.7647058823529411
914,14,3,0,0,0,17,0.8235294117647058
915,13,4,1,0,0,18,0.7222222222222222
916,12,4,1,0,0,17,0.7058823529411765
917,14,4,1,0,0,19,0.7368421052631579
918,13,4,0,0,0,17,0.7647058823529411
919,11,4,1,0,0,16,0.6875
920,13,4,0,0,0,17,0.7647058823529411
921,13,4,0,0,0,17,0.7647058823529411
922,12,4,1,0,0,17,0.7058823529411765
923,13,4,1,0,0,18,0.7222222222222222
924,12,3,1,0,0,16,0.75
925,13,4,1,0,0,18,0.7222222222222222
926,13,4,0,0,0,17,0.7647058823529411
927,12,4,1,0,0,17,0.7058823529411765
928,11,3,0,0,0,14,0.7857142857142857
929,14,4,0,0,0,18,0.7777777777777778
930,13,3,0,0,0,16,0.8125
931,13,4,0,0,0,17,0.7647058823529411
932,14,3,1,0,0,18,0.7777777777777778
933,14,3,0,0,0,17,0.8235294117647058
934,14,3,0,0,0,17,0.8235294117647058
935,15,3,0,0,0,18,0.8333333333333334
936,13,3,0,0,0,16,0.8125
937,15,3,0,0,0,18,0.8333333333333334
938,10,3,1,1,0,15,0.6666666666666666
939,11,3,0,0,0,14,0.7857142857142857
940,12,3,0,0,0,15,0.8
941,10,3,0,0,0,13,0.7692307692307693
942,14,3,0,0,0,17,0.8235294117647058
943,14,3,1,0,0,18,0.7777777777777778
944,13,3,1,0,0,17,0.7647058823529411
945,14,3,0,0,0,17,0.8235294117647058
946,14,3,0,0,0,17,0.8235294117647058
947,12,3,1,0,0,16,0.75
948,13,3,1,0,0,17,0.7647058823529411
949,13,3,1,0,0,17,0.7647058823529411
950,11,3,1,0,0,15,0.7333333333333333
951,14,3,2,0,0,19,0.7368421052631579
952,13,3,0,0,0,16,0.8125
953,15,3,2,1,0,21,0.7142857142857143
954,12,3,2,1,0,18,0.6666666666666666
955,12,3,2,1,0,18,0.6666666666666666
956,13,3,2,1,0,19,0.6842105263157895
957,15,3,2,1,0,21,0.7142857142857143
958,14,3,2,1,0,20,0.7
959,14,3,2,0,0,19,0.7368421052631579
960,13,3,2,1,0,19,0.6842105263157895
961,13,3,2,1,0,19,0.6842105263157895
962,13,3,2,0,0,18,0.7222222222222222
963,13,3,1,0,0,17,0.7647058823529411
964,15,3,2,1,0,21,0.7142857142857143
965,14,3,2,1,0,20,0.7
966,15,2,2,0,0,19,0.7894736842105263
967,14,3,2,0,0,19,0.7368421052631579
968,15,3,2,1,0,21,0.7142857142857143
969,14,3,2,1,0,20,0.7
970,14,3,1,0,0,18,0.7777777777777778
971,14,3,2,0,0,19,0.7368421052631579
972,14,3,2,1,0,20,0.7
973,14,3,2,1,0,20,0.7
974,11,3,2,1,0,17,0.6470588235294118
975,13,3,2,1,0,19,0.6842105263157895
976,15,2,2,1,0,20,0.75
977,13,3,2,1,0,19,0.6842105263157895
978,13,3,2,1,0,19,0.6842105263157895
979,13,3,2,0,0,18,0.7222222222222222
980,12,3,1,0,0,16,0.75
981,12,3,2,0,0,17,0.7058823529411765
982,15,3,2,1,0,21,0.7142857142857143
983,13,3,2,1,0,19,0.6842105263157895
984,13,3,2,0,0,18,0.7222222222222222
985,14,3,2,0,0,19,0.7368421052631579
986,14,3,2,1,0,20,0.7
987,12,3,0,0,0,15,0.8
988,11,3,0,0,0,14,0.7857142857142857
989,13,3,0,0,0,16,0.8125
990,14,3,0,0,0,17,0.8235294117647058
991,13,3,0,0,0,16,0.8125
992,17,3,0,0,0,20,0.85
993,16,3,0,0,0,19,0.8421052631578947
994,14,3,0,0,0,17,0.8235294117647058
995,13,3,2,1,0,19,0.6842105263157895
996,12,3,2,1,0,18,0.6666666666666666
997,14,3,2,1,0,20,0.7
998,13,3,2,1,0,19,0.6842105263157895
999,15,3,2,1,0,21,0.7142857142857143
1000,15,3,2,1,0,21,0.7142857142857143
1001,15,3,2,1,0,21,0.7142857142857143
1002,13,3,2,1,0,19,0.6842105263157895
1003,15,3,2,0,0,20,0.75
1004,10,3,2,1,0,16,0.625
1005,15,3,2,1,0,21,0.7142857142857143
1006,15,3,2,1,0,21,0.7142857142857143
1007,14,3,2,1,0,20,0.7
1008,13,3,2,1,0,19,0.6842105263157895
1009,14,3,1,0,0,18,0.7777777777777778
1010,12,3,2,1,0,18,0.6666666666666666
1011,16,3,2,1,0,22,0.7272727272727273
1012,14,3,2,1,0,20,0.7
1013,14,3,2,1,0,20,0.7
1014,14,3,2,1,0,20,0.7
1015,13,3,2,1,0,19,0.6842105263157895
1016,16,3,2,1,0,22,0.7272727272727273
1017,15,3,0,0,0,18,0.8333333333333334
1018,14,4,2,1,0,21,0.6666666666666666
1019,13,3,2,1,0,19,0.6842105263157895
1020,15,3,2,1,0,21,0.7142857142857143
1021,15,3,2,1,0,21,0.7142857142857143
1022,14,3,2,1,0,20,0.7
1023,15,3,2,1,0,21,0.7142857142857143
1024,14,3,1,0,0,18,0.7777777777777778
1025,15,3,0,0,0,18,0.8333333333333334
1026,14,3,0,0,0,17,0.8235294117647058
1027,13,3,2,1,0,19,0.6842105263157895
1028,15,3,1,1,0,20,0.75
1029,14,3,1,1,0,19,0.7368421052631579
1030,15,3,2,1,0,21,0.7142857142857143
1031,15,3,1,0,0,19,0.7894736842105263
1032,14,3,2,0,0,19,0.7368421052631579
1033,12,4,2,0,0,18,0.6666666666666666
1034,15,3,2,1,0,21,0.7142857142857143
1035,13,4,2,1,0,20,0.65
1036,15,3,1,0,0,19,0.7894736842105263
1037,13,3,2,1,0,19,0.6842105263157895
1038,14,3,1,0,0,18,0.7777777777777778
1039,15,3,1,1,0,20,0.75
1040,14,3,1,0,0,18,0.7777777777777778
1041,16,3,1,0,0,20,0.8
1042,16,3,2,0,0,21,0.7619047619047619
1043,15,4,0,0,0,19,0.7894736842105263
1044,16,3,2,1,0,22,0.7272727272727273
1045,14,3,2,1,0,20,0.7
1046,13,3,2,1,0,19,0.6842105263157895
1047,14,3,2,1,0,20,0.7
1048,14,3,2,1,0,20,0.7
1049,15,3,2,0,0,20,0.75
1050,11,3,2,1,0,17,0.6470588235294118
1051,12,3,2,0,0,17,0.7058823529411765
1052,16,3,2,1,0,22,0.7272727272727273
1053,13,3,2,1,0,19,0.6842105263157895
1054,16,3,2,1,0,22,0.7272727272727273
1055,14,3,1,0,0,18,0.7777777777777778
1056,15,3,2,1,0,21,0.7142857142857143
1057,13,4,2,0,0,19,0.6842105263157895
1058,15,4,2,0,0,21,0.7142857142857143
1059,14,3,2,1,0,20,0.7
1060,13,3,2,0,0,18,0.7222222222222222
1061,14,2,2,1,0,19,0.7368421052631579
1062,15,4,1,0,0,20,0.75
1063,14,3,2,0,0,19,0.7368421052631579
1064,15,4,1,0,0,20,0.75
1065,15,3,2,0,0,20,0.75
1066,11,3,2,0,0,16,0.6875
1067,12,3,2,0,0,17,0.7058823529411765
1068,14,3,2,1,0,20,0.7
1069,11,3,2,0,0,16,0.6875
1070,13,3,2,0,0,18,0.7222222222222222
1071,13,3,2,0,0,18,0.7222222222222222
1072,14,3,1,0,0,18,0.7777777777777778
1073,15,3,2,0,0,20,0.75
1074,12,3,2,0,0,17,0.7058823529411765
1075,15,3,2,0,0,20,0.75
1076,14,3,2,0,0,19,0.7368421052631579
1077,13,3,2,0,0,18,0.7222222222222222
1078,14,3,1,0,0,18,0.7777777777777778
1079,12,3,1,0,0,16,0.75
1080,13,3,1,0,0,17,0.7647058823529411
1081,13,4,1,0,0,18,0.7222222222222222
1082,13,3,1,0,0,17,0.7647058823529411
1083,12,4,2,0,0,18,0.6666666666666666
1084,13,3,1,0,0,17,0.7647058823529411
1085,13,4,1,0,0,18,0.7222222222222222
1086,11,3,1,0,0,15,0.7333333333333333
1087,13,4,2,0,0,19,0.6842105263157895
1088,13,4,1,0,0,18,0.7222222222222222
1089,11,3,1,0,0,15,0.7333333333333333
1090,11,4,1,0,0,16,0.6875
1091,11,4,1,0,0,16,0.6875
1092,11,4,1,0,0,16,0.6875
1093,11,3,1,0,0,15,0.7333333333333333
1094,13,3,1,0,0,17,0.7647058823529411
1095,13,3,0,0,0,16,0.8125
1096,15,3,0,0,0,18,0.8333333333333334
1097,14,3,1,0,0,18,0.7777777777777778
1098,12,3,1,0,0,16,0.75
1099,11,3,1,0,0,15,0.7333333333333333
1100,13,3,1,0,0,17,0.7647058823529411
1101,13,3,0,0,0,16,0.8125
1102,14,3,1,0,0,18,0.7777777777777778
1103,14,3,0,0,0,17,0.8235294117647058
1104,16,3,1,0,0,20,0.8
1105,14,3,1,0,0,18,0.7777777777777778
1106,14,3,1,0,0,18,0.7777777777777778
1107,13,3,1,0,0,17,0.7647058823529411
1108,14,3,1,0,0,18,0.7777777777777778
1109,14,3,1,0,0,18,0.7777777777777778
1110,14,3,1,0,0,18,0.7777777777777778
1111,14,3,1,0,0,18,0.7777777777777778
1112,13,3,1,0,0,17,0.7647058823529411
1113,12,3,1,0,0,16,0.75
1114,15,3,1,0,0,19,0.7894736842105263
1115,13,3,0,0,0,16,0.8125
1116,15,3,1,0,0,19,0.7894736842105263
1117,15,3,0,0,0,18,0.8333333333333334
1118,14,3,1,0,0,18,0.7777777777777778
1119,11,3,1,0,0,15,0.7333333333333333
1120,13,3,1,0,0,17,0.7647058823529411
1121,15,3,1,0,0,19,0.7894736842105263
1122,15,3,1,0,0,19,0.7894736842105263
1123,15,3,1,0,0,19,0.7894736842105263
1124,14,3,1,0,0,18,0.7777777777777778
1125,13,3,0,0,0,16,0.8125
1126,13,3,0,0,0,16,0.8125
1127,14,3,0,0,0,17,0.8235294117647058
1128,13,3,1,0,0,17,0.7647058823529411
1129,14,3,1,0,0,18,0.7777777777777778
1130,14,3,1,0,0,18,0.7777777777777778
1131,14,3,1,0,0,18,0.7777777777777778
1132,14,3,0,0,0,17,0.8235294117647058
1133,14,3,1,0,0,18,0.7777777777777778
1134,15,3,1,0,0,19,0.7894736842105263
1135,14,3,1,0,0,18,0.7777777777777778
1136,13,3,1,0,0,17,0.7647058823529411
1137,16,4,1,0,0,21,0.7619047619047619
1138,14,3,0,0,0,17,0.8235294117647058
1139,16,3,1,0,0,20,0.8
1140,13,3,1,0,0,17,0.7647058823529411
1141,13,3,0,0,0,16,0.8125
1142,15,3,0,0,0,18,0.8333333333333334
1143,14,3,0,0,0,17,0.8235294117647058
1144,13,3,1,0,0,17,0.7647058823529411
1145,11,3,1,0,0,15,0.7333333333333333
1146,16,3,1,0,0,20,0.8
1147,13,3,1,0,0,17,0.7647058823529411
1148,14,3,1,0,0,18,0.7777777777777778
1149,15,3,1,0,0,19,0.7894736842105263
1150,14,3,1,0,0,18,0.7777777777777778
1151,12,3,1,0,0,16,0.75
1152,15,3,0,0,0,18,0.8333333333333334
1153,14,3,1,0,0,18,0.7777777777777778
1154,14,3,1,0,0,18,0.7777777777777778
1155,15,3,0,0,0,18,0.8333333333333334
1156,16,3,1,0,0,20,0.8
1157,13,3,0,0,0,16,0.8125
1158,14,3,1,0,0,18,0.7777777777777778
1159,15,3,1,0,0,19,0.7894736842105263
1160,16,3,1,0,0,20,0.8
1161,16,3,1,0,0,20,0.8
1162,14,3,1,0,0,18,0.7777777777777778
1163,14,3,1,0,0,18,0.7777777777777778
1164,14,3,1,0,0,18,0.7777777777777778
1165,14,3,1,0,0,18,0.7777777777777778
1166,15,3,1,0,0,19,0.7894736842105263
1167,14,3,0,0,0,17,0.8235294117647058
1168,14,3,0,0,0,17,0.8235294117647058
1169,14,3,1,0,0,18,0.7777777777777778
1170,15,3,0,0,0,18,0.8333333333333334
1171,12,3,0,0,0,15,0.8
1172,13,3,1,0,0,17,0.7647058823529411
1173,15,3,1,0,0,19,0.7894736842105263
1174,13,3,1,0,0,17,0.7647058823529411
1175,13,3,0,0,0,16,0.8125
1176,15,3,1,0,0,19,0.7894736842105263
1177,15,3,1,0,0,19,0.7894736842105263
1178,13,3,1,0,0,17,0.7647058823529411
1179,12,3,1,0,0,16,0.75
1180,13,3,2,0,0,18,0.7222222222222222
1181,13,3,2,0,0,18,0.7222222222222222
1182,13,3,2,0,0,18,0.7222222222222222
1183,12,3,2,0,0,17,0.7058823529411765
1184,13,3,1,0,0,17,0.7647058823529411
1185,13,3,1,0,0,17,0.7647058823529411
1186,13,4,1,0,0,18,0.7222222222222222
1187,13,3,1,0,0,17,0.7647058823529411
1188,14,3,1,0,0,18,0.7777777777777778
1189,12,3,1,0,0,16,0.75
1190,11,3,1,0,0,15,0.7333333333333333
1191,13,3,1,0,0,17,0.7647058823529411
1192,12,3,1,0,0,16,0.75
1193,13,4,1,0,0,18,0.7222222222222222
1194,12,4,1,0,0,17,0.7058823529411765
1195,11,3,1,0,0,15,0.7333333333333333
1196,12,4,1,1,0,18,0.6666666666666666
1197,12,3,1,0,0,16,0.75
1198,13,4,1,0,0,18,0.7222222222222222
1199,11,5,1,0,0,17,0.6470588235294118
1200,11,3,1,0,0,15,0.7333333333333333
1201,13,3,1,0,0,17,0.7647058823529411
1202,12,3,1,0,0,16,0.75
1203,13,4,1,0,0,18,0.7222222222222222
1204,14,3,1,1,0,19,0.7368421052631579
1205,10,4,1,1,0,16,0.625
1206,11,3,1,0,0,15,0.7333333333333333
1207,12,3,1,1,0,17,0.7058823529411765
1208,12,4,1,0,0,17,0.7058823529411765
1209,13,4,1,0,0,18,0.7222222222222222
1210,12,4,1,0,0,17,0.7058823529411765
1211,11,3,1,0,0,15,0.7333333333333333
1212,13,3,1,0,0,17,0.7647058823529411
1213,13,3,1,0,0,17,0.7647058823529411
1214,12,3,1,0,0,16,0.75
1215,12,3,1,0,0,16,0.75
1216,13,4,1,0,0,18,0.7222222222222222
1217,12,3,1,0,0,16,0.75
1218,15,3,1,0,0,19,0.7894736842105263
1219,15,3,1,1,0,20,0.75
1220,14,3,2,1,0,20,0.7
1221,13,3,1,0,0,17,0.7647058823529411
1222,11,3,1,0,0,15,0.7333333333333333
1223,14,3,1,0,0,18,0.7777777777777778
1224,15,2,1,1,0,19,0.7894736842105263
1225,14,3,2,1,0,20,0.7
1226,12,4,1,0,0,17,0.7058823529411765
1227,14,4,2,0,0,20,0.7
1228,14,3,1,1,0,19,0.7368421052631579
1229,14,3,2,1,0,20,0.7
1230,13,2,2,0,0,17,0.7647058823529411
1231,14,4,2,1,0,21,0.6666666666666666
1232,14,3,1,1,0,19,0.7368421052631579
1233,13,3,1,0,0,17,0.7647058823529411
1234,14,3,1,0,0,18,0.7777777777777778
1235,14,3,2,0,0,19,0.7368421052631579
1236,14,3,1,0,0,18,0.7777777777777778
1237,15,3,2,0,0,20,0.75
1238,13,2,2,0,0,17,0.7647058823529411
1239,14,3,2,0,0,19,0.7368421052631579
1240,15,3,2,0,0,20,0.75
1241,15,3,2,0,0,20,0.75
1242,16,3,2,0,0,21,0.7619047619047619
1243,15,3,1,0,0,19,0.7894736842105263
1244,14,3,1,0,0,18,0.7777777777777778
1245,17,3,2,0,0,22,0.7727272727272727
1246,12,3,2,0,0,17,0.7058823529411765
1247,13,3,2,0,0,18,0.7222222222222222
1248,16,3,2,0,0,21,0.7619047619047619
1249,17,3,2,0,0,22,0.7727272727272727
1250,16,3,2,0,0,21,0.7619047619047619
1251,14,3,2,0,0,19,0.7368421052631579
1252,14,2,1,0,0,17,0.8235294117647058
1253,15,2,1,0,0,18,0.8333333333333334
1254,16,3,2,0,0,21,0.7619047619047619
1255,14,3,2,0,0,19,0.7368421052631579
1256,15,3,2,0,0,20,0.75
1257,15,2,1,0,0,18,0.8333333333333334
1258,14,3,2,0,0,19,0.7368421052631579
1259,15,2,1,0,0,18,0.8333333333333334
1260,13,3,2,0,0,18,0.7222222222222222
1261,13,2,2,0,0,17,0.7647058823529411
1262,16,3,2,0,0,21,0.7619047619047619
1263,13,2,2,0,0,17,0.7647058823529411
1264,17,3,1,0,0,21,0.8095238095238095
1265,14,2,2,0,0,18,0.7777777777777778
1266,14,3,2,0,0,19,0.7368421052631579
1267,14,3,2,0,0,19,0.7368421052631579
1268,17,3,1,0,0,21,0.8095238095238095
1269,15,3,2,0,0,20,0.75
1270,16,3,2,0,0,21,0.7619047619047619
1271,13,3,1,0,0,17,0.7647058823529411
1272,15,3,1,0,0,19,0.7894736842105263
1273,15,3,1,0,0,19,0.7894736842105263
1274,14,3,2,0,0,19,0.7368421052631579
1275,16,3,1,0,0,20,0.8
1276,16,3,2,0,0,21,0.7619047619047619
1277,12,3,2,0,0,17,0.7058823529411765
1278,15,3,1,0,0,19,0.7894736842105263
1279,15,3,1,0,0,19,0.7894736842105263
1280,13,3,1,0,0,17,0.7647058823529411
1281,16,3,2,0,0,21,0.7619047619047619
1282,15,3,2,0,0,20,0.75
1283,16,3,1,0,0,20,0.8
1284,13,3,2,0,0,18,0.7222222222222222
1285,13,3,2,0,0,18,0.7222222222222222
1286,14,3,2,0,0,19,0.7368421052631579
1287,15,3,2,0,0,20,0.75
1288,14,3,2,0,0,19,0.7368421052631579
1289,13,3,2,0,0,18,0.7222222222222222
1290,16,3,1,0,0,20,0.8
1291,13,3,1,0,0,17,0.7647058823529411
1292,14,3,2,0,0,19,0.7368421052631579
1293,16,3,2,0,0,21,0.7619047619047619
1294,15,3,2,0,0,20,0.75
1295,14,2,1,0,0,17,0.8235294117647058
1296,14,3,2,0,0,19,0.7368421052631579
1297,16,3,2,0,0,21,0.7619047619047619
1298,13,3,2,0,0,18,0.7222222222222222
1299,16,3,1,0,0,20,0.8
1300,13,3,2,0,0,18,0.7222222222222222
1301,16,3,2,0,0,21,0.7619047619047619
1302,15,3,2,0,0,20,0.75
1303,14,3,2,0,0,19,0.7368421052631579
1304,14,3,1,0,0,18,0.7777777777777778
1305,15,3,1,0,0,19,0.7894736842105263
1306,16,3,1,0,0,20,0.8
1307,14,3,0,0,0,17,0.8235294117647058
1308,14,3,0,0,0,17,0.8235294117647058
1309,15,3,0,0,0,18,0.8333333333333334
1310,15,3,0,0,0,18,0.8333333333333334
1311,13,3,0,0,0,16,0.8125
1312,14,3,1,0,0,18,0.7777777777777778
1313,15,3,1,0,0,19,0.7894736842105263
1314,12,3,1,0,0,16,0.75
1315,14,3,1,0,0,18,0.7777777777777778
1316,13,3,0,0,0,16,0.8125
1317,13,3,0,0,0,16,0.8125
1318,13,3,1,0,0,17,0.7647058823529411
1319,10,3,1,0,0,14,0.7142857142857143
1320,10,3,1,0,0,14,0.7142857142857143
1321,13,3,0,0,0,16,0.8125
1322,12,3,1,0,0,16,0.75
1323,11,3,1,0,0,15,0.7333333333333333
1324,12,3,1,0,0,16,0.75
1325,16,2,1,0,0,19,0.8421052631578947
1326,13,3,0,0,0,16,0.8125
1327,11,3,0,0,0,14,0.7857142857142857
1328,12,3,1,0,0,16,0.75
1329,14,3,1,0,0,18,0.7777777777777778
1330,12,3,1,0,0,16,0.75
1331,13,3,0,0,0,16,0.8125
1332,15,3,1,0,0,19,0.7894736842105263
1333,12,2,1,0,0,15,0.8
1334,15,2,1,0,0,18,0.8333333333333334
1335,13,3,0,0,0,16,0.8125
1336,12,3,1,0,0,16,0.75
1337,15,3,1,0,0,19,0.7894736842105263
1338,12,3,1,0,0,16,0.75
1339,14,3,1,0,0,18,0.7777777777777778
1340,12,3,1,0,0,16,0.75
1341,13,3,1,0,0,17,0.7647058823529411
1342,12,3,1,0,0,16,0.75
1343,13,3,1,0,0,17,0.7647058823529411
1344,13,3,0,0,0,16,0.8125
1345,14,3,1,0,0,18,0.7777777777777778
1346,13,3,1,0,0,17,0.7647058823529411
1347,15,3,1,0,0,19,0.7894736842105263
1348,13,3,2,0,0,18,0.7222222222222222
1349,14,3,1,0,0,18,0.7777777777777778
1350,14,3,0,0,0,17,0.8235294117647058
1351,15,3,1,0,0,19,0.7894736842105263
1352,15,3,0,0,0,18,0.8333333333333334
1353,14,3,1,0,0,18,0.7777777777777778
1354,14,3,1,0,0,18,0.7777777777777778
1355,13,3,1,0,0,17,0.7647058823529411
1356,15,3,1,0,0,19,0.7894736842105263
1357,14,3,0,0,0,17,0.8235294117647058
1358,14,3,0,0,0,17,0.8235294117647058
1359,15,3,0,0,0,18,0.8333333333333334
1360,14,3,1,0,0,18,0.7777777777777778
1361,14,3,1,0,0,18,0.7777777777777778
1362,13,3,0,0,0,16,0.8125
1363,13,3,0,0,0,16,0.8125
1364,15,3,1,0,0,19,0.7894736842105263
1365,13,3,1,0,0,17,0.7647058823529411
1366,16,2,1,0,0,19,0.8421052631578947
1367,15,3,1,0,0,19,0.7894736842105263
1368,15,3,0,0,0,18,0.8333333333333334
1369,12,3,1,0,0,16,0.75
1370,16,3,0,0,0,19,0.8421052631578947
1371,13,3,0,0,0,16,0.8125
1372,14,3,0,0,0,17,0.8235294117647058
1373,15,3,0,0,0,18,0.8333333333333334
1374,16,2,0,0,0,18,0.8888888888888888
1375,14,3,1,0,0,18,0.7777777777777778
1376,14,3,0,0,0,17,0.8235294117647058
1377,13,3,0,0,0,16,0.8125
1378,14,3,0,0,0,17,0.8235294117647058
1379,15,2,0,0,0,17,0.8823529411764706
1380,13,3,0,0,0,16,0.8125
1381,15,3,0,0,0,18,0.8333333333333334
1382,14,3,1,0,0,18,0.7777777777777778
1383,14,3,0,0,0,17,0.8235294117647058
1384,16,3,0,0,0,19,0.8421052631578947
1385,14,3,0,0,0,17,0.8235294117647058
1386,15,3,0,0,0,18,0.8333333333333334
1387,13,3,0,0,0,16,0.8125
1388,13,3,0,0,0,16,0.8125
1389,15,2,0,0,0,17,0.8823529411764706
1390,14,3,0,0,0,17,0.8235294117647058
1391,15,2,0,0,0,17,0.8823529411764706
1392,15,3,0,0,0,18,0.8333333333333334
1393,13,3,0,0,0,16,0.8125
1394,16,2,0,0,0,18,0.8888888888888888
1395,16,3,1,0,0,20,0.8
1396,14,3,0,0,0,17,0.8235294117647058
1397,16,3,0,0,0,19,0.8421052631578947
1398,16,3,0,0,0,19,0.8421052631578947
1399,14,3,0,0,0,17,0.8235294117647058
1400,13,3,0,0,0,16,0.8125
1401,17,3,1,0,0,21,0.8095238095238095
1402,15,3,0,0,0,18,0.8333333333333334
1403,16,3,0,0,0,19,0.8421052631578947
1404,15,3,0,0,0,18,0.8333333333333334
1405,14,3,0,0,0,17,0.8235294117647058
1406,15,3,1,0,0,19,0.7894736842105263
1407,13,3,0,0,0,16,0.8125
1408,14,3,0,0,0,17,0.8235294117647058
1409,16,3,0,0,0,19,0.8421052631578947
1410,15,3,0,0,0,18,0.8333333333333334
1411,17,3,0,0,0,20,0.85
1412,14,3,0,0,0,17,0.8235294117647058
1413,14,2,0,0,0,16,0.875
1414,14,2,0,0,0,16,0.875
1415,14,3,0,0,0,17,0.8235294117647058
1416,16,2,0,0,0,18,0.8888888888888888
1417,14,3,0,0,0,17,0.8235294117647058
1418,15,3,0,0,0,18,0.8333333333333334
1419,16,3,0,0,0,19,0.8421052631578947
1420,14,3,0,0,0,17,0.8235294117647058
1421,15,3,0,0,0,18,0.8333333333333334
1422,13,3,0,0,0,16,0.8125
1423,15,3,0,0,0,18,0.8333333333333334
1424,16,3,0,0,0,19,0.8421052631578947
1425,14,3,1,0,0,18,0.7777777777777778
1426,13,3,0,0,0,16,0.8125
1427,15,3,0,0,0,18,0.8333333333333334
1428,16,2,0,0,0,18,0.8888888888888888
1429,14,3,1,0,0,18,0.7777777777777778
1430,16,3,0,0,0,19,0.8421052631578947
1431,14,3,0,0,0,17,0.8235294117647058
1432,17,2,0,0,0,19,0.8947368421052632
1433,17,2,0,0,0,19,0.8947368421052632
1434,15,2,1,0,0,18,0.8333333333333334
1435,14,2,0,0,0,16,0.875
1436,15,2,0,0,0,17,0.8823529411764706
1437,16,2,0,0,0,18,0.8888888888888888
1438,16,3,0,0,0,19,0.8421052631578947
1439,14,3,0,0,0,17,0.8235294117647058
1440,13,3,0,0,0,16,0.8125
1441,15,3,0,0,0,18,0.8333333333333334
1442,15,3,0,0,0,18,0.8333333333333334
1443,15,2,0,0,0,17,0.8823529411764706
1444,15,3,0,0,0,18,0.8333333333333334
1445,17,3,0,0,0,20,0.85
1446,16,3,0,0,0,19,0.8421052631578947
1447,15,2,1,0,0,18,0.8333333333333334
1448,15,3,1,0,0,19,0.7894736842105263
1449,14,3,0,0,0,17,0.8235294117647058
1450,15,3,0,0,0,18,0.8333333333333334
1451,16,3,1,0,0,20,0.8
1452,13,3,1,0,0,17,0.7647058823529411
1453,15,3,0,0,0,18,0.8333333333333334
1454,14,3,0,0,0,17,0.8235294117647058
1455,15,3,0,0,0,18,0.8333333333333334
1456,15,3,0,0,0,18,0.8333333333333334
1457,14,3,0,0,0,17,0.8235294117647058
1458,14,3,0,0,0,17,0.8235294117647058
1459,15,3,0,0,0,18,0.8333333333333334
1460,16,3,0,0,0,19,0.8421052631578947
1461,14,3,0,0,0,17,0.8235294117647058
1462,16,3,0,0,0,19,0.8421052631578947
1463,12,3,0,0,0,15,0.8
1464,15,3,0,0,0,18,0.8333333333333334
1465,16,3,0,0,0,19,0.8421052631578947
1466,13,3,0,0,0,16,0.8125
1467,14,3,1,0,0,18,0.7777777777777778
1468,13,3,0,0,0,16,0.8125
1469,14,3,0,0,0,17,0.8235294117647058
1470,16,3,0,0,0,19,0.8421052631578947
1471,16,3,0,0,0,19,0.8421052631578947
1472,16,3,0,0,0,19,0.8421052631578947
1473,14,3,0,0,0,17,0.8235294117647058
1474,14,3,0,0,0,17,0.8235294117647058
1475,16,3,0,0,0,19,0.8421052631578947
1476,15,3,0,0,0,18,0.8333333333333334
1477,15,3,1,0,0,19,0.7894736842105263
1478,14,3,1,0,0,18,0.7777777777777778
1479,13,3,0,0,0,16,0.8125
1480,14,3,0,0,0,17,0.8235294117647058
1481,14,3,0,0,0,17,0.8235294117647058
1482,14,3,0,0,0,17,0.8235294117647058
1483,15,3,0,0,0,18,0.8333333333333334
1484,15,3,0,0,0,18,0.8333333333333334
1485,14,3,0,0,0,17,0.8235294117647058
1486,15,3,0,0,0,18,0.8333333333333334
1487,16,3,1,0,0,20,0.8
1488,14,3,1,0,0,18,0.7777777777777778
1489,16,3,0,0,0,19,0.8421052631578947
1490,16,3,0,0,0,19,0.8421052631578947
1491,14,3,0,0,0,17,0.8235294117647058
1492,14,3,0,0,0,17,0.8235294117647058
1493,13,3,0,0,0,16,0.8125
1494,16,3,1,0,0,20,0.8
1495,15,3,0,0,0,18,0.8333333333333334
1496,15,3,1,0,0,19,0.7894736842105263
1497,17,3,0,0,0,20,0.85
1498,12,3,0,0,0,15,0.8
1499,14,3,0,0,0,17,0.8235294117647058
1500,15,3,0,0,0,18,0.8333333333333334
1501,16,3,1,0,0,20,0.8
1502,15,3,0,0,0,18,0.8333333333333334
1503,13,3,0,0,0,16,0.8125
1504,15,3,0,0,0,18,0.8333333333333334
1505,13,3,0,0,0,16,0.8125
1506,14,3,0,0,0,17,0.8235294117647058
1507,16,3,0,0,0,19,0.8421052631578947
1508,15,3,0,0,0,18,0.8333333333333334
1509,16,3,0,0,0,19,0.8421052631578947
1510,14,3,1,0,0,18,0.7777777777777778
1511,15,3,0,0,0,18,0.8333333333333334
1512,14,3,0,0,0,17,0.8235294117647058
1513,14,3,1,0,0,18,0.7777777777777778
1514,15,3,1,0,0,19,0.7894736842105263
1515,14,3,0,0,0,17,0.8235294117647058
1516,14,2,0,0,0,16,0.875
1517,15,2,0,0,0,17,0.8823529411764706
1518,14,2,0,0,0,16,0.875
1519,14,2,0,0,0,16,0.875
1520,14,3,0,0,0,17,0.8235294117647058
1521,15,3,1,0,0,19,0.7894736842105263
1522,15,3,1,0,0,19,0.7894736842105263
1523,14,3,1,0,0,18,0.7777777777777778
1524,14,3,0,0,0,17,0.8235294117647058
1525,14,3,0,0,0,17,0.8235294117647058
1526,15,3,0,0,0,18,0.8333333333333334
1527,13,2,1,0,0,16,0.8125
1528,13,2,1,0,0,16,0.8125
1529,13,3,0,0,0,16,0.8125
1530,15,3,0,0,0,18,0.8333333333333334
1531,13,3,0,0,0,16,0.8125
1532,14,3,1,0,0,18,0.7777777777777778
1533,12,3,1,0,0,16,0.75
1534,15,3,0,0,0,18,0.8333333333333334
1535,13,3,0,0,0,16,0.8125
1536,14,3,0,0,0,17,0.8235294117647058
1537,15,3,1,0,0,19,0.7894736842105263
1538,14,3,0,0,0,17,0.8235294117647058
1539,12,3,0,0,0,15,0.8
1540,16,3,1,0,0,20,0.8
1541,17,3,1,0,0,21,0.8095238095238095
1542,13,3,0,0,0,16,0.8125
1543,17,3,0,0,0,20,0.85
1544,14,3,0,0,0,17,0.8235294117647058
1545,12,2,0,0,0,14,0.8571428571428571
1546,14,3,0,0,0,17,0.8235294117647058
1547,14,3,1,0,0,18,0.7777777777777778
1548,15,2,0,0,0,17,0.8823529411764706
1549,14,3,1,0,0,18,0.7777777777777778
1550,13,3,0,0,0,16,0.8125
1551,13,3,1,0,0,17,0.7647058823529411
1552,15,3,0,0,0,18,0.8333333333333334
1553,14,3,0,0,0,17,0.8235294117647058
1554,15,3,1,0,0,19,0.7894736842105263
1555,15,3,0,0,0,18,0.8333333333333334
1556,13,3,0,0,0,16,0.8125
1557,16,3,0,0,0,19,0.8421052631578947
1558,15,3,0,0,0,18,0.8333333333333334
1559,15,3,0,0,0,18,0.8333333333333334
1560,14,3,0,0,0,17,0.8235294117647058
1561,14,3,0,0,0,17,0.8235294117647058
1562,15,3,0,0,0,18,0.8333333333333334
1563,14,3,0,0,0,17,0.8235294117647058
1564,13,3,0,0,0,16,0.8125
1565,14,3,0,0,0,17,0.8235294117647058
1566,14,3,0,0,0,17,0.8235294117647058
1567,12,3,0,0,0,15,0.8
1568,13,3,0,0,0,16,0.8125
1569,15,3,0,0,0,18,0.8333333333333334
1570,16,3,0,0,0,19,0.8421052631578947
1571,16,3,0,0,0,19,0.8421052631578947
1572,12,3,0,0,0,15,0.8
1573,15,3,0,0,0,18,0.8333333333333334
1574,14,3,0,0,0,17,0.8235294117647058
1575,14,3,1,0,0,18,0.7777777777777778
1576,15,3,0,0,0,18,0.8333333333333334
1577,15,2,1,0,0,18,0.8333333333333334
1578,12,2,0,0,0,14,0.8571428571428571
1579,15,2,0,0,0,17,0.8823529411764706
1580,16,2,0,0,0,18,0.8888888888888888
1581,13,2,1,0,0,16,0.8125
1582,15,2,0,0,0,17,0.8823529411764706
1583,13,3,0,0,0,16,0.8125
1584,14,3,0,0,0,17,0.8235294117647058
1585,13,3,0,0,0,16,0.8125
1586,14,3,0,0,0,17,0.8235294117647058
1587,13,3,0,0,0,16,0.8125
1588,15,3,0,0,0,18,0.8333333333333334
1589,13,3,0,0,0,16,0.8125
1590,14,3,1,0,0,18,0.7777777777777778
1591,13,3,0,0,0,16,0.8125
1592,14,3,0,0,0,17,0.8235294117647058
1593,15,3,0,0,0,18,0.8333333333333334
1594,14,3,0,0,0,17,0.8235294117647058
1595,15,3,0,0,0,18,0.8333333333333334
1596,14,3,0,0,0,17,0.8235294117647058
1597,14,3,0,0,0,17,0.8235294117647058
1598,14,3,0,0,0,17,0.8235294117647058
1599,14,3,0,0,0,17,0.8235294117647058
1600,15,3,0,0,0,18,0.8333333333333334
1601,13,3,0,0,0,16,0.8125
1602,14,3,1,0,0,18,0.7777777777777778
1603,15,3,1,0,0,19,0.7894736842105263
1604,15,3,0,0,0,18,0.8333333333333334
1605,13,3,0,0,0,16,0.8125
1606,13,3,1,0,0,17,0.7647058823529411
1607,15,3,0,0,0,18,0.8333333333333334
1608,14,3,0,0,0,17,0.8235294117647058
1609,13,3,0,0,0,16,0.8125
1610,16,3,0,0,0,19,0.8421052631578947
1611,14,3,0,0,0,17,0.8235294117647058
1612,14,3,0,0,0,17,0.8235294117647058
1613,15,3,0,0,0,18,0.8333333333333334
1614,15,3,0,0,0,18,0.8333333333333334
1615,14,3,1,0,0,18,0.7777777777777778
1616,14,3,1,0,0,18,0.7777777777777778
1617,16,3,1,0,0,20,0.8
1618,14,3,0,0,0,17,0.8235294117647058
1619,15,3,1,0,0,19,0.7894736842105263
1620,13,3,1,0,0,17,0.7647058823529411
1621,14,3,0,0,0,17,0.8235294117647058
1622,15,3,1,0,0,19,0.7894736842105263
1623,12,3,0,0,0,15,0.8
1624,15,3,1,0,0,19,0.7894736842105263
1625,15,3,1,0,0,19,0.7894736842105263
1626,16,3,1,0,0,20,0.8
1627,16,3,0,0,0,19,0.8421052631578947
1628,14,3,1,0,0,18,0.7777777777777778
1629,13,3,0,0,0,16,0.8125
1630,14,3,1,0,0,18,0.7777777777777778
1631,15,3,1,0,0,19,0.7894736842105263
1632,15,3,0,0,0,18,0.8333333333333334
1633,14,3,0,0,0,17,0.8235294117647058
1634,14,3,0,0,0,17,0.8235294117647058
1635,16,3,0,0,0,19,0.8421052631578947
1636,17,3,0,0,0,20,0.85
1637,15,3,0,0,0,18,0.8333333333333334
1638,15,3,0,0,0,18,0.8333333333333334
1639,15,3,0,0,0,18,0.8333333333333334
1640,13,3,0,0,0,16,0.8125
1641,14,3,0,0,0,17,0.8235294117647058
1642,14,3,0,0,0,17,0.8235294117647058
1643,13,3,0,0,0,16,0.8125
1644,13,3,0,0,0,16,0.8125
1645,15,3,0,0,0,18,0.8333333333333334
1646,14,3,0,0,0,17,0.8235294117647058
1647,14,3,1,0,0,18,0.7777777777777778
1648,13,3,0,0,0,16,0.8125
1649,14,3,0,0,0,17,0.8235294117647058
1650,16,3,0,0,0,19,0.8421052631578947
1651,15,3,0,0,0,18,0.8333333333333334
1652,15,3,0,0,0,18,0.8333333333333334
1653,17,2,0,0,0,19,0.8947368421052632
1654,15,3,0,0,0,18,0.8333333333333334
1655,15,3,0,0,0,18,0.8333333333333334
1656,14,3,0,0,0,17,0.8235294117647058
1657,15,3,1,0,0,19,0.7894736842105263
1658,15,3,0,0,0,18,0.8333333333333334
1659,13,3,0,0,0,16,0.8125
1660,14,3,1,0,0,18,0.7777777777777778
1661,14,3,0,0,0,17,0.8235294117647058
1662,14,3,0,0,0,17,0.8235294117647058
1663,13,3,0,0,0,16,0.8125
1664,14,3,0,0,0,17,0.8235294117647058
1665,14,3,1,0,0,18,0.7777777777777778
1666,15,3,0,0,0,18,0.8333333333333334
1667,16,3,1,0,0,20,0.8
1668,15,3,0,0,0,18,0.8333333333333334
1669,16,3,0,0,0,19,0.8421052631578947
1670,12,3,1,0,0,16,0.75
1671,13,3,0,0,0,16,0.8125
1672,15,3,0,0,0,18,0.8333333333333334
1673,13,3,0,0,0,16,0.8125
1674,15,3,0,0,0,18,0.8333333333333334
1675,16,3,0,0,0,19,0.8421052631578947
1676,15,3,0,0,0,18,0.8333333333333334
1677,16,3,0,0,0,19,0.8421052631578947
1678,13,3,1,0,0,17,0.7647058823529411
1679,15,3,0,0,0,18,0.8333333333333334
1680,15,3,1,0,0,19,0.7894736842105263
1681,13,3,1,0,0,17,0.7647058823529411
1682,14,3,1,0,0,18,0.7777777777777778
1683,13,3,1,0,0,17,0.7647058823529411
1684,15,3,1,0,0,19,0.7894736842105263
1685,15,3,1,0,0,19,0.7894736842105263
1686,16,3,0,0,0,19,0.8421052631578947
1687,16,3,1,0,0,20,0.8
1688,15,3,0,0,0,18,0.8333333333333334
1689,15,3,1,0,0,19,0.7894736842105263
1690,16,3,0,0,0,19,0.8421052631578947
1691,16,3,0,0,0,19,0.8421052631578947
1692,13,3,1,0,0,17,0.7647058823529411
1693,14,3,0,0,0,17,0.8235294117647058
1694,14,3,1,0,0,18,0.7777777777777778
1695,15,3,0,0,0,18,0.8333333333333334
1696,14,3,0,0,0,17,0.8235294117647058
1697,16,3,0,0,0,19,0.8421052631578947
1698,15,3,1,0,0,19,0.7894736842105263
1699,15,3,0,0,0,18,0.8333333333333334
1700,16,3,0,0,0,19,0.8421052631578947
1701,15,3,0,0,0,18,0.8333333333333334
1702,16,3,0,0,0,19,0.8421052631578947
1703,15,3,0,0,0,18,0.8333333333333334
1704,14,3,1,0,0,18,0.7777777777777778
1705,16,3,0,0,0,19,0.8421052631578947
1706,15,3,0,0,0,18,0.8333333333333334
1707,14,3,0,0,0,17,0.8235294117647058
1708,14,3,1,0,0,18,0.7777777777777778
1709,15,3,0,0,0,18,0.8333333333333334
1710,16,3,0,0,0,19,0.8421052631578947
1711,14,3,0,0,0,17,0.8235294117647058
1712,16,3,0,0,0,19,0.8421052631578947
1713,15,3,1,0,0,19,0.7894736842105263
1714,15,3,0,0,0,18,0.8333333333333334
1715,14,3,0,0,0,17,0.8235294117647058
1716,14,3,1,0,0,18,0.7777777777777778
1717,15,3,1,0,0,19,0.7894736842105263
1718,14,3,1,0,0,18,0.7777777777777778
1719,15,3,0,0,0,18,0.8333333333333334
1720,15,3,1,0,0,19,0.7894736842105263
1721,15,3,1,0,0,19,0.7894736842105263
1722,14,3,0,0,0,17,0.8235294117647058
1723,15,3,0,0,0,18,0.8333333333333334
1724,14,3,1,0,0,18,0.7777777777777778
1725,15,3,0,0,0,18,0.8333333333333334
1726,14,2,1,0,0,17,0.8235294117647058
1727,14,2,0,0,0,16,0.875
1728,14,2,0,0,0,16,0.875
1729,13,3,1,0,0,17,0.7647058823529411
1730,14,3,0,0,0,17,0.8235294117647058
1731,14,3,0,0,0,17,0.8235294117647058
1732,16,3,1,0,0,20,0.8
1733,13,3,1,0,0,17,0.7647058823529411
1734,15,3,0,0,0,18,0.8333333333333334
1735,14,3,0,0,0,17,0.8235294117647058
1736,14,3,0,0,0,17,0.8235294117647058
1737,14,3,0,0,0,17,0.8235294117647058
1738,15,3,0,0,0,18,0.8333333333333334
1739,13,3,0,0,0,16,0.8125
1740,16,2,0,0,0,18,0.8888888888888888
1741,13,3,0,0,0,16,0.8125
1742,13,3,1,0,0,17,0.7647058823529411
1743,14,3,0,0,0,17,0.8235294117647058
1744,14,3,1,0,0,18,0.7777777777777778
1745,13,3,1,0,0,17,0.7647058823529411
1746,15,3,0,0,0,18,0.8333333333333334
1747,15,3,0,0,0,18,0.8333333333333334
1748,13,3,1,0,0,17,0.7647058823529411
1749,14,3,1,0,0,18,0.7777777777777778
1750,15,3,1,0,0,19,0.7894736842105263
1751,14,3,1,0,0,18,0.7777777777777778
1752,15,3,0,0,0,18,0.8333333333333334
1753,14,3,0,0,0,17,0.8235294117647058
1754,15,3,0,0,0,18,0.8333333333333334
1755,14,3,1,0,0,18,0.7777777777777778
1756,16,3,1,0,0,20,0.8
1757,14,3,1,0,0,18,0.7777777777777778
1758,13,3,1,0,0,17,0.7647058823529411
1759,17,3,0,0,0,20,0.85
1760,14,2,0,0,0,16,0.875
1761,13,3,0,0,0,16,0.8125
1762,15,3,1,0,0,19,0.7894736842105263
1763,15,3,1,0,0,19,0.7894736842105263
1764,13,3,1,0,0,17,0.7647058823529411
1765,14,3,1,0,0,18,0.7777777777777778
1766,14,3,0,0,0,17,0.8235294117647058
1767,12,3,0,0,0,15,0.8
1768,12,3,0,0,0,15,0.8
1769,15,3,1,0,0,19,0.7894736842105263
1770,15,2,1,0,0,18,0.8333333333333334
1771,17,3,1,0,0,21,0.8095238095238095
1772,14,3,0,0,0,17,0.8235294117647058
1773,14,3,1,0,0,18,0.7777777777777778
1774,14,3,1,0,0,18,0.7777777777777778
1775,14,3,1,0,0,18,0.7777777777777778
1776,15,3,1,0,0,19,0.7894736842105263
1777,16,3,1,0,0,20,0.8
1778,15,3,1,0,0,19,0.7894736842105263
1779,15,3,1,0,0,19,0.7894736842105263
1780,16,3,1,0,0,20,0.8
1781,15,3,0,0,0,18,0.8333333333333334
1782,13,3,1,0,0,17,0.7647058823529411
1783,14,3,0,0,0,17,0.8235294117647058
1784,14,2,0,0,0,16,0.875
1785,14,3,0,0,0,17,0.8235294117647058
1786,14,3,0,0,0,17,0.8235294117647058
1787,13,3,0,0,0,16,0.8125
1788,15,3,0,0,0,18,0.8333333333333334
1789,14,3,0,0,0,17,0.8235294117647058
1790,13,3,0,0,0,16,0.8125
1791,14,3,0,0,0,17,0.8235294117647058
1792,14,3,0,0,0,17,0.8235294117647058
1793,14,3,0,0,0,17,0.8235294117647058
1794,16,3,0,0,0,19,0.8421052631578947
1795,14,3,0,0,0,17,0.8235294117647058
1796,14,3,0,0,0,17,0.8235294117647058
1797,15,3,0,0,0,18,0.8333333333333334
1798,15,3,1,0,0,19,0.7894736842105263
1799,12,3,0,0,0,15,0.8
1800,14,3,0,0,0,17,0.8235294117647058
1801,16,2,1,0,0,19,0.8421052631578947
1802,13,3,0,0,0,16,0.8125
1803,13,3,0,0,0,16,0.8125
1804,16,2,0,0,0,18,0.8888888888888888
1805,15,3,0,0,0,18,0.8333333333333334
1806,16,3,0,0,0,19,0.8421052631578947
1807,14,3,0,0,0,17,0.8235294117647058
1808,14,3,0,0,0,17,0.8235294117647058
1809,15,3,0,0,0,18,0.8333333333333334
1810,15,3,0,0,0,18,0.8333333333333334
1811,17,3,0,0,0,20,0.85
1812,16,3,0,0,0,19,0.8421052631578947
1813,14,2,0,0,0,16,0.875
1814,15,3,0,0,0,18,0.8333333333333334
1815,15,3,0,0,0,18,0.8333333333333334
1816,15,3,0,0,0,18,0.8333333333333334
1817,13,3,0,0,0,16,0.8125
1818,14,3,0,0,0,17,0.8235294117647058
1819,13,3,0,0,0,16,0.8125
1820,15,3,0,0,0,18,0.8333333333333334
1821,14,3,0,0,0,17,0.8235294117647058
1822,13,3,0,0,0,16,0.8125
1823,14,3,0,0,0,17,0.8235294117647058
1824,11,3,0,0,0,14,0.7857142857142857
1825,13,3,0,0,0,16,0.8125
1826,14,3,0,0,0,17,0.8235294117647058
1827,13,3,0,0,0,16,0.8125
1828,13,3,0,0,0,16,0.8125
1829,13,3,0,0,0,16,0.8125
1830,14,3,0,0,0,17,0.8235294117647058
1831,13,3,0,0,0,16,0.8125
1832,14,3,1,0,0,18,0.7777777777777778
1833,13,3,0,0,0,16,0.8125
1834,15,3,0,0,0,18,0.8333333333333334
1835,15,3,0,0,0,18,0.8333333333333334
1836,16,3,1,0,0,20,0.8
1837,15,3,0,0,0,18,0.8333333333333334
1838,13,3,0,0,0,16,0.8125
1839,15,3,0,0,0,18,0.8333333333333334
1840,13,3,1,0,0,17,0.7647058823529411
1841,14,3,1,0,0,18,0.7777777777777778
1842,14,3,1,0,0,18,0.7777777777777778
1843,14,3,0,0,0,17,0.8235294117647058
1844,13,3,0,0,0,16,0.8125
1845,16,3,1,0,0,20,0.8
1846,14,3,0,0,0,17,0.8235294117647058
1847,15,3,0,0,0,18,0.8333333333333334
1848,14,3,0,0,0,17,0.8235294117647058
1849,13,2,0,0,0,15,0.8666666666666667
1850,14,3,1,0,0,18,0.7777777777777778
1851,15,3,1,0,0,19,0.7894736842105263
1852,14,3,0,0,0,17,0.8235294117647058
1853,16,3,1,0,0,20,0.8
1854,15,3,0,0,0,18,0.8333333333333334
1855,14,3,0,0,0,17,0.8235294117647058
1856,15,3,0,0,0,18,0.8333333333333334
1857,15,3,0,0,0,18,0.8333333333333334
1858,15,3,1,0,0,19,0.7894736842105263
1859,15,3,1,0,0,19,0.7894736842105263
1860,16,3,1,0,0,20,0.8
1861,14,3,0,0,0,17,0.8235294117647058
1862,15,3,1,0,0,19,0.7894736842105263
1863,14,3,1,0,0,18,0.7777777777777778
1864,15,3,0,0,0,18,0.8333333333333334
1865,16,3,0,0,0,19,0.8421052631578947
1866,12,3,0,0,0,15,0.8
1867,15,3,0,0,0,18,0.8333333333333334
1868,16,2,1,0,0,19,0.8421052631578947
1869,13,3,0,0,0,16,0.8125
1870,14,3,0,0,0,17,0.8235294117647058
1871,14,3,1,0,0,18,0.7777777777777778
1872,13,3,0,0,0,16,0.8125
1873,14,3,0,0,0,17,0.8235294117647058
1874,15,3,1,0,0,19,0.7894736842105263
1875,15,3,0,0,0,18,0.8333333333333334
1876,14,3,0,0,0,17,0.8235294117647058
1877,16,3,0,0,0,19,0.8421052631578947
1878,15,3,0,0,0,18,0.8333333333333334
1879,15,3,0,0,0,18,0.8333333333333334
1880,15,3,0,0,0,18,0.8333333333333334
1881,15,3,0,0,0,18,0.8333333333333334
1882,14,3,0,0,0,17,0.8235294117647058
1883,15,3,0,0,0,18,0.8333333333333334
1884,12,3,0,0,0,15,0.8
1885,15,3,0,0,0,18,0.8333333333333334
1886,13,3,0,0,0,16,0.8125
1887,14,3,0,0,0,17,0.8235294117647058
1888,16,2,0,0,0,18,0.8888888888888888
1889,15,3,0,0,0,18,0.8333333333333334
1890,13,3,0,0,0,16,0.8125
1891,14,3,0,0,0,17,0.8235294117647058
1892,16,3,0,0,0,19,0.8421052631578947
1893,14,3,0,0,0,17,0.8235294117647058
1894,14,3,0,0,0,17,0.8235294117647058
1895,13,3,0,0,0,16,0.8125
1896,13,3,0,0,0,16,0.8125
1897,15,3,0,0,0,18,0.8333333333333334
1898,13,3,0,0,0,16,0.8125
1899,14,3,0,0,0,17,0.8235294117647058
1900,14,3,0,0,0,17,0.8235294117647058
1901,16,3,0,0,0,19,0.8421052631578947
1902,15,2,1,0,0,18,0.8333333333333334
1903,17,3,0,0,0,20,0.85
1904,16,2,0,0,0,18,0.8888888888888888
1905,14,2,0,0,0,16,0.875
1906,13,3,0,0,0,16,0.8125
1907,15,3,0,0,0,18,0.8333333333333334
1908,14,2,1,0,0,17,0.8235294117647058
1909,14,3,0,0,0,17,0.8235294117647058
1910,14,3,0,0,0,17,0.8235294117647058
1911,13,3,0,0,0,16,0.8125
1912,13,3,0,0,0,16,0.8125
1913,13,3,0,0,0,16,0.8125
1914,15,3,0,0,0,18,0.8333333333333334
1915,14,3,0,0,0,17,0.8235294117647058
1916,13,3,0,0,0,16,0.8125
1917,15,3,0,0,0,18,0.8333333333333334
1918,14,3,0,0,0,17,0.8235294117647058
1919,14,3,0,0,0,17,0.8235294117647058
1920,12,3,0,0,0,15,0.8
1921,14,3,0,0,0,17,0.8235294117647058
1922,15,3,0,0,0,18,0.8333333333333334
1923,13,3,0,0,0,16,0.8125
1924,13,3,0,0,0,16,0.8125
1925,12,3,0,0,0,15,0.8
1926,13,3,0,0,0,16,0.8125
1927,13,3,0,0,0,16,0.8125
1928,13,3,0,0,0,16,0.8125
1929,15,3,0,0,0,18,0.8333333333333334
1930,16,3,0,0,0,19,0.8421052631578947
1931,14,3,0,0,0,17,0.8235294117647058
1932,13,3,0,0,0,16,0.8125
1933,15,3,0,0,0,18,0.8333333333333334
1934,14,3,0,0,0,17,0.8235294117647058
1935,14,3,0,0,0,17,0.8235294117647058
1936,15,3,0,0,0,18,0.8333333333333334
1937,15,3,0,0,0,18,0.8333333333333334
1938,14,3,0,0,0,17,0.8235294117647058
1939,12,3,0,0,0,15,0.8
1940,15,3,0,0,0,18,0.8333333333333334
1941,12,3,0,0,0,15,0.8
1942,15,3,0,0,0,18,0.8333333333333334
1943,15,3,0,0,0,18,0.8333333333333334
1944,15,3,1,0,0,19,0.7894736842105263
1945,13,3,0,0,0,16,0.8125
1946,12,3,1,0,0,16,0.75
1947,13,3,0,0,0,16,0.8125
1948,15,3,1,0,0,19,0.7894736842105263
1949,15,3,0,0,0,18,0.8333333333333334
1950,14,3,0,0,0,17,0.8235294117647058
1951,14,3,0,0,0,17,0.8235294117647058
1952,13,3,0,0,0,16,0.8125
1953,14,3,0,0,0,17,0.8235294117647058
1954,11,3,0,0,0,14,0.7857142857142857
1955,13,3,0,0,0,16,0.8125
1956,12,3,0,0,0,15,0.8
1957,13,3,0,0,0,16,0.8125
1958,12,3,0,0,0,15,0.8
1959,13,3,0,0,0,16,0.8125
1960,13,3,0,0,0,16,0.8125
1961,12,3,0,0,0,15,0.8
1962,14,3,0,0,0,17,0.8235294117647058
1963,13,3,0,0,0,16,0.8125
1964,13,3,1,0,0,17,0.7647058823529411
1965,13,3,0,0,0,16,0.8125
1966,13,3,0,0,0,16,0.8125
1967,15,3,0,0,0,18,0.8333333333333334
1968,13,3,0,0,0,16,0.8125
1969,13,3,0,0,0,16,0.8125
1970,13,3,0,0,0,16,0.8125
1971,13,3,0,0,0,16,0.8125
1972,14,3,0,0,0,17,0.8235294117647058
1973,14,3,1,0,0,18,0.7777777777777778
1974,13,3,0,0,0,16,0.8125
1975,13,3,0,0,0,16,0.8125
1976,14,3,0,0,0,17,0.8235294117647058
1977,14,3,0,0,0,17,0.8235294117647058
1978,14,3,0,0,0,17,0.8235294117647058
1979,13,3,0,0,0,16,0.8125
1980,12,3,0,0,0,15,0.8
1981,12,3,0,0,0,15,0.8
1982,14,3,1,0,0,18,0.7777777777777778
1983,12,3,1,0,0,16,0.75
1984,15,3,0,0,0,18,0.8333333333333334
1985,15,3,0,0,0,18,0.8333333333333334
1986,14,3,0,0,0,17,0.8235294117647058
1987,13,3,0,0,0,16,0.8125
1988,15,3,0,0,0,18,0.8333333333333334
1989,13,3,0,0,0,16,0.8125
1990,13,3,0,0,0,16,0.8125
1991,14,3,0,0,0,17,0.8235294117647058
1992,13,3,0,0,0,16,0.8125
1993,13,3,0,0,0,16,0.8125
1994,13,3,0,0,0,16,0.8125
1995,14,3,1,0,0,18,0.7777777777777778
1996,16,3,1,0,0,20,0.8
1997,14,3,0,0,0,17,0.8235294117647058
1998,13,3,0,0,0,16,0.8125
1999,15,3,0,0,0,18,0.8333333333333334
2000,15,3,0,0,0,18,0.8333333333333334
2001,12,3,0,0,0,15,0.8
2002,16,3,1,0,0,20,0.8
2003,14,3,0,0,0,17,0.8235294117647058
2004,13,3,1,0,0,17,0.7647058823529411
2005,14,3,0,0,0,17,0.8235294117647058
2006,12,3,0,0,0,15,0.8
2007,12,3,0,0,0,15,0.8
2008,14,3,0,0,0,17,0.8235294117647058
2009,13,3,0,0,0,16,0.8125
2010,15,3,0,0,0,18,0.8333333333333334
2011,11,3,0,0,0,14,0.7857142857142857
2012,15,3,0,0,0,18,0.8333333333333334
2013,14,3,0,0,0,17,0.8235294117647058
2014,14,3,0,0,0,17,0.8235294117647058
2015,11,3,0,0,0,14,0.7857142857142857
2016,13,4,0,0,0,17,0.7647058823529411
2017,15,3,0,0,0,18,0.8333333333333334
2018,13,3,0,0,0,16,0.8125
2019,14,3,0,0,0,17,0.8235294117647058
2020,15,3,0,0,0,18,0.8333333333333334
2021,15,3,0,0,0,18,0.8333333333333334
2022,13,3,0,0,0,16,0.8125
2023,14,3,0,0,0,17,0.8235294117647058
2024,12,3,1,0,0,16,0.75
2025,14,3,0,0,0,17,0.8235294117647058
2026,13,3,0,0,0,16,0.8125
2027,13,3,0,0,0,16,0.8125
2028,13,3,0,0,0,16,0.8125
2029,14,3,0,0,0,17,0.8235294117647058
2030,15,3,0,0,0,18,0.8333333333333334
2031,15,3,0,0,0,18,0.8333333333333334
2032,13,3,0,0,0,16,0.8125
2033,15,3,0,0,0,18,0.8333333333333334
2034,15,3,0,0,0,18,0.8333333333333334
2035,15,3,0,0,0,18,0.8333333333333334
2036,14,3,0,0,0,17,0.8235294117647058
2037,12,3,1,0,0,16,0.75
2038,14,3,0,0,0,17,0.8235294117647058
2039,13,3,1,0,0,17,0.7647058823529411
2040,13,3,1,0,0,17,0.7647058823529411
2041,13,3,1,0,0,17,0.7647058823529411
2042,14,3,0,0,0,17,0.8235294117647058
2043,15,3,1,0,0,19,0.7894736842105263
2044,13,3,1,0,0,17,0.7647058823529411
2045,14,3,0,0,0,17,0.8235294117647058
2046,15,3,1,0,0,19,0.7894736842105263
2047,15,3,1,0,0,19,0.7894736842105263
2048,16,4,1,0,0,21,0.7619047619047619
2049,13,4,1,0,0,18,0.7222222222222222
2050,14,3,1,0,0,18,0.7777777777777778
2051,12,4,1,0,0,17,0.7058823529411765
2052,16,3,1,0,0,20,0.8
2053,14,3,1,0,0,18,0.7777777777777778
2054,13,3,1,0,0,17,0.7647058823529411
2055,16,3,0,0,0,19,0.8421052631578947
2056,14,3,1,0,0,18,0.7777777777777778
2057,15,3,0,0,0,18,0.8333333333333334
2058,14,3,0,0,0,17,0.8235294117647058
2059,14,3,0,0,0,17,0.8235294117647058
2060,16,3,0,0,0,19,0.8421052631578947
2061,16,4,1,0,0,21,0.7619047619047619
2062,16,4,1,0,0,21,0.7619047619047619
2063,13,5,0,0,0,18,0.7222222222222222
2064,16,3,1,0,0,20,0.8
2065,16,3,0,0,0,19,0.8421052631578947
2066,15,3,0,0,0,18,0.8333333333333334
2067,15,4,0,0,0,19,0.7894736842105263
2068,16,3,0,0,0,19,0.8421052631578947
2069,15,3,0,0,0,18,0.8333333333333334
2070,17,3,0,0,0,20,0.85
2071,16,3,0,0,0,19,0.8421052631578947
2072,15,4,0,0,0,19,0.7894736842105263
2073,15,4,1,0,0,20,0.75
2074,13,4,0,0,0,17,0.7647058823529411
2075,16,3,0,0,0,19,0.8421052631578947
2076,15,4,0,0,0,19,0.7894736842105263
2077,15,3,0,0,0,18,0.8333333333333334
2078,13,3,0,0,0,16,0.8125
2079,16,3,0,0,0,19,0.8421052631578947
2080,14,3,0,0,0,17,0.8235294117647058
2081,13,3,0,0,0,16,0.8125
2082,15,3,1,0,0,19,0.7894736842105263
2083,15,3,0,0,0,18,0.8333333333333334
2084,15,3,0,0,0,18,0.8333333333333334
2085,13,3,0,0,0,16,0.8125
2086,13,3,0,0,0,16,0.8125
2087,14,3,0,0,0,17,0.8235294117647058
2088,12,3,0,0,0,15,0.8
2089,12,3,0,0,0,15,0.8
2090,13,3,0,0,0,16,0.8125
2091,15,3,0,0,0,18,0.8333333333333334
2092,14,3,0,0,0,17,0.8235294117647058
2093,13,3,0,0,0,16,0.8125
2094,13,3,0,0,0,16,0.8125
2095,14,3,0,0,0,17,0.8235294117647058
2096,15,3,0,0,0,18,0.8333333333333334
2097,14,3,0,0,0,17,0.8235294117647058
2098,15,3,0,0,0,18,0.8333333333333334
2099,13,3,0,0,0,16,0.8125
2100,15,3,0,0,0,18,0.8333333333333334
2101,14,3,0,0,0,17,0.8235294117647058
2102,15,3,0,0,0,18,0.8333333333333334
2103,15,3,0,0,0,18,0.8333333333333334
2104,16,2,0,0,0,18,0.8888888888888888
2105,13,3,0,0,0,16,0.8125
2106,14,3,0,0,0,17,0.8235294117647058
2107,15,3,0,0,0,18,0.8333333333333334
2108,14,3,0,0,0,17,0.8235294117647058
2109,14,3,0,0,0,17,0.8235294117647058
2110,12,3,0,0,0,15,0.8
2111,13,3,0,0,0,16,0.8125
2112,14,3,0,0,0,17,0.8235294117647058
2113,14,3,0,0,0,17,0.8235294117647058
2114,14,3,0,0,0,17,0.8235294117647058
2115,14,3,0,0,0,17,0.8235294117647058
2116,13,3,0,0,0,16,0.8125
2117,15,3,0,0,0,18,0.8333333333333334
2118,15,3,0,0,0,18,0.8333333333333334
2119,13,3,0,0,0,16,0.8125
2120,15,3,0,0,0,18,0.8333333333333334
2121,14,3,0,0,0,17,0.8235294117647058
2122,13,3,0,0,0,16,0.8125
2123,15,3,0,0,0,18,0.8333333333333334
2124,16,3,0,0,0,19,0.8421052631578947
2125,13,3,0,0,0,16,0.8125
2126,14,3,0,0,0,17,0.8235294117647058
2127,13,3,0,0,0,16,0.8125
2128,14,3,0,0,0,17,0.8235294117647058
2129,13,3,0,0,0,16,0.8125
2130,14,3,0,0,0,17,0.8235294117647058
2131,15,3,0,0,0,18,0.8333333333333334
2132,15,3,0,0,0,18,0.8333333333333334
2133,14,3,0,0,0,17,0.8235294117647058
2134,12,3,0,0,0,15,0.8
2135,13,3,0,0,0,16,0.8125
2136,13,3,0,0,0,16,0.8125
2137,15,3,0,0,0,18,0.8333333333333334
2138,15,3,0,0,0,18,0.8333333333333334
2139,15,3,0,0,0,18,0.8333333333333334
2140,15,3,0,0,0,18,0.8333333333333334
2141,15,3,0,0,0,18,0.8333333333333334
2142,15,3,0,0,0,18,0.8333333333333334
2143,12,3,0,0,0,15,0.8
2144,15,2,0,0,0,17,0.8823529411764706
2145,16,2,0,0,0,18,0.8888888888888888
2146,16,2,0,0,0,18,0.8888888888888888
2147,16,2,0,0,0,18,0.8888888888888888
2148,15,2,0,0,0,17,0.8823529411764706
2149,15,2,0,0,0,17,0.8823529411764706
2150,15,2,0,0,0,17,0.8823529411764706
2151,15,2,0,0,0,17,0.8823529411764706
2152,15,2,0,0,0,17,0.8823529411764706
2153,13,2,0,0,0,15,0.8666666666666667
2154,15,2,0,0,0,17,0.8823529411764706
2155,16,2,0,0,0,18,0.8888888888888888
2156,13,2,0,0,0,15,0.8666666666666667
2157,14,2,0,0,0,16,0.875
2158,14,2,0,0,0,16,0.875
2159,14,3,0,0,0,17,0.8235294117647058
2160,14,2,0,0,0,16,0.875
2161,14,3,0,0,0,17,0.8235294117647058
2162,13,2,0,0,0,15,0.8666666666666667
2163,14,3,0,0,0,17,0.8235294117647058
2164,14,2,0,0,0,16,0.875
2165,15,2,0,0,0,17,0.8823529411764706
2166,14,2,0,0,0,16,0.875
2167,15,2,0,0,0,17,0.8823529411764706
2168,15,3,0,0,0,18,0.8333333333333334
2169,14,3,0,0,0,17,0.8235294117647058
2170,13,2,0,0,0,15,0.8666666666666667
2171,14,2,0,0,0,16,0.875
2172,13,2,0,0,0,15,0.8666666666666667
2173,15,2,0,0,0,17,0.8823529411764706
2174,14,3,0,0,0,17,0.8235294117647058
2175,14,3,0,0,0,17,0.8235294117647058
2176,13,3,0,0,0,16,0.8125
2177,13,3,0,0,0,16,0.8125
2178,14,2,0,0,0,16,0.875
2179,16,3,0,0,0,19,0.8421052631578947
2180,14,3,0,0,0,17,0.8235294117647058
2181,15,3,0,0,0,18,0.8333333333333334
2182,14,3,0,0,0,17,0.8235294117647058
2183,14,3,0,0,0,17,0.8235294117647058
2184,14,3,0,0,0,17,0.8235294117647058
2185,14,3,0,0,0,17,0.8235294117647058
2186,15,3,0,0,0,18,0.8333333333333334
2187,12,3,0,0,0,15,0.8
2188,14,3,0,0,0,17,0.8235294117647058
2189,15,3,0,0,0,18,0.8333333333333334
2190,15,3,0,0,0,18,0.8333333333333334
2191,13,3,0,0,0,16,0.8125
2192,14,3,0,0,0,17,0.8235294117647058
2193,14,3,0,0,0,17,0.8235294117647058
2194,15,3,0,0,0,18,0.8333333333333334
2195,15,3,0,0,0,18,0.8333333333333334
2196,12,3,0,0,0,15,0.8
2197,12,3,0,0,0,15,0.8
2198,14,3,0,0,0,17,0.8235294117647058
2199,14,3,0,0,0,17,0.8235294117647058
2200,13,3,1,0,0,17,0.7647058823529411
2201,12,3,0,0,0,15,0.8
2202,13,3,0,0,0,16,0.8125
2203,14,3,0,0,0,17,0.8235294117647058
2204,15,3,0,0,0,18,0.8333333333333334
2205,14,3,0,0,0,17,0.8235294117647058
2206,13,3,0,0,0,16,0.8125
2207,14,3,0,0,0,17,0.8235294117647058
2208,15,3,0,0,0,18,0.8333333333333334
2209,15,3,0,0,0,18,0.8333333333333334
2210,14,3,0,0,0,17,0.8235294117647058
2211,15,2,0,0,0,17,0.8823529411764706
2212,13,2,0,0,0,15,0.8666666666666667
2213,13,3,0,0,0,16,0.8125
2214,16,2,0,0,0,18,0.8888888888888888
2215,15,2,0,0,0,17,0.8823529411764706
2216,13,2,0,0,0,15,0.8666666666666667
2217,14,2,0,0,0,16,0.875
2218,14,2,0,0,0,16,0.875
2219,15,2,0,0,0,17,0.8823529411764706
2220,13,2,0,0,0,15,0.8666666666666667
2221,14,3,0,0,0,17,0.8235294117647058
2222,15,3,0,0,0,18,0.8333333333333334
2223,13,3,0,0,0,16,0.8125
2224,13,3,0,0,0,16,0.8125
2225,14,2,0,0,0,16,0.875
2226,14,3,0,0,0,17,0.8235294117647058
2227,14,3,0,0,0,17,0.8235294117647058
2228,13,2,0,0,0,15,0.8666666666666667
2229,13,3,0,0,0,16,0.8125
2230,14,3,0,0,0,17,0.8235294117647058
2231,13,3,0,0,0,16,0.8125
2232,13,2,0,0,0,15,0.8666666666666667
2233,14,3,0,0,0,17,0.8235294117647058
2234,13,3,0,0,0,16,0.8125
2235,14,3,0,0,0,17,0.8235294117647058
2236,15,1,0,0,0,16,0.9375
2237,13,2,0,0,0,15,0.8666666666666667
2238,12,3,0,0,0,15,0.8
2239,14,3,0,0,0,17,0.8235294117647058
2240,14,3,0,0,0,17,0.8235294117647058
2241,13,2,0,0,0,15,0.8666666666666667
2242,13,3,0,0,0,16,0.8125
2243,14,2,0,0,0,16,0.875
2244,14,2,0,0,0,16,0.875
2245,14,2,0,0,0,16,0.875
2246,14,2,0,0,0,16,0.875
2247,13,2,0,0,0,15,0.8666666666666667
2248,15,2,0,0,0,17,0.8823529411764706
2249,15,2,0,0,0,17,0.8823529411764706
2250,14,2,0,0,0,16,0.875
2251,13,3,0,0,0,16,0.8125
2252,14,3,0,0,0,17,0.8235294117647058
2253,13,3,0,0,0,16,0.8125
2254,15,3,0,0,0,18,0.8333333333333334
2255,14,3,0,0,0,17,0.8235294117647058
2256,14,3,0,0,0,17,0.8235294117647058
2257,13,3,0,0,0,16,0.8125
2258,13,3,0,0,0,16,0.8125
2259,13,3,0,0,0,16,0.8125
2260,15,3,0,0,0,18,0.8333333333333334
2261,15,3,0,0,0,18,0.8333333333333334
2262,14,3,0,0,0,17,0.8235294117647058
2263,14,3,0,0,0,17,0.8235294117647058
2264,15,3,0,0,0,18,0.8333333333333334
2265,13,3,0,0,0,16,0.8125
2266,14,3,0,0,0,17,0.8235294117647058
2267,14,3,0,0,0,17,0.8235294117647058
2268,15,3,0,0,0,18,0.8333333333333334
2269,14,3,0,0,0,17,0.8235294117647058
2270,15,3,0,0,0,18,0.8333333333333334
2271,13,3,0,0,0,16,0.8125
2272,14,3,0,0,0,17,0.8235294117647058
2273,14,3,0,0,0,17,0.8235294117647058
2274,13,3,0,0,0,16,0.8125
2275,12,3,0,0,0,15,0.8
2276,13,3,0,0,0,16,0.8125
2277,13,3,0,0,0,16,0.8125
2278,13,3,0,0,0,16,0.8125
2279,12,3,0,0,0,15,0.8
2280,13,3,0,0,0,16,0.8125
2281,12,3,0,0,0,15,0.8
2282,12,3,0,0,0,15,0.8
2283,14,3,0,0,0,17,0.8235294117647058
2284,13,3,0,0,0,16,0.8125
2285,13,3,0,0,0,16,0.8125
2286,13,3,0,0,0,16,0.8125
2287,14,3,0,0,0,17,0.8235294117647058
2288,13,3,0,0,0,16,0.8125
2289,13,3,0,0,0,16,0.8125
2290,13,3,0,0,0,16,0.8125
2291,14,3,0,0,0,17,0.8235294117647058
2292,12,3,0,0,0,15,0.8
2293,13,3,0,0,0,16,0.8125
2294,14,3,0,0,0,17,0.8235294117647058
2295,14,3,0,0,0,17,0.8235294117647058
2296,13,3,0,0,0,16,0.8125
2297,14,3,0,0,0,17,0.8235294117647058
2298,14,3,0,0,0,17,0.8235294117647058
2299,13,3,0,0,0,16,0.8125
2300,13,3,0,0,0,16,0.8125
2301,13,3,0,0,0,16,0.8125
2302,13,3,0,0,0,16,0.8125
2303,14,3,0,0,0,17,0.8235294117647058
2304,15,3,0,0,0,18,0.8333333333333334
2305,12,3,0,0,0,15,0.8
2306,11,3,0,0,0,14,0.7857142857142857
2307,14,3,0,0,0,17,0.8235294117647058
2308,14,3,0,0,0,17,0.8235294117647058
2309,13,3,0,0,0,16,0.8125
2310,14,3,0,0,0,17,0.8235294117647058
2311,13,3,0,0,0,16,0.8125
2312,12,3,0,0,0,15,0.8
2313,13,3,0,0,0,16,0.8125
2314,13,3,0,0,0,16,0.8125
2315,12,3,0,0,0,15,0.8
2316,13,2,0,0,0,15,0.8666666666666667
2317,14,3,0,0,0,17,0.8235294117647058
2318,13,3,0,0,0,16,0.8125
2319,15,3,0,0,0,18,0.8333333333333334
2320,14,3,0,0,0,17,0.8235294117647058
2321,13,3,0,0,0,16,0.8125
2322,14,3,0,0,0,17,0.8235294117647058
2323,12,3,0,0,0,15,0.8
2324,14,3,0,0,0,17,0.8235294117647058
2325,14,3,0,0,0,17,0.8235294117647058
2326,14,3,0,0,0,17,0.8235294117647058
2327,13,3,0,0,0,16,0.8125
2328,12,3,0,0,0,15,0.8
2329,13,3,0,0,0,16,0.8125
2330,15,3,0,0,0,18,0.8333333333333334
2331,15,3,0,0,0,18,0.8333333333333334
2332,14,3,0,0,0,17,0.8235294117647058
2333,14,2,0,0,0,16,0.875
2334,12,3,0,0,0,15,0.8
2335,12,3,0,0,0,15,0.8
2336,13,3,0,0,0,16,0.8125
2337,15,3,0,0,0,18,0.8333333333333334
2338,12,3,0,0,0,15,0.8
2339,12,3,0,0,0,15,0.8
2340,12,3,0,0,0,15,0.8
2341,13,3,0,0,0,16,0.8125
2342,13,3,0,0,0,16,0.8125
2343,12,3,0,0,0,15,0.8
2344,13,3,0,0,0,16,0.8125
2345,14,3,0,0,0,17,0.8235294117647058
2346,15,3,0,0,0,18,0.8333333333333334
2347,14,3,0,0,0,17,0.8235294117647058
2348,13,3,0,0,0,16,0.8125
2349,14,3,0,0,0,17,0.8235294117647058
2350,13,3,0,0,0,16,0.8125
2351,13,3,0,0,0,16,0.8125
2352,14,3,0,0,0,17,0.8235294117647058
2353,12,3,0,0,0,15,0.8
2354,13,3,0,0,0,16,0.8125
2355,14,3,0,0,0,17,0.8235294117647058
2356,11,2,0,0,0,13,0.8461538461538461
2357,12,3,0,0,0,15,0.8
2358,12,3,0,0,0,15,0.8
2359,12,3,0,0,0,15,0.8
2360,12,3,0,0,0,15,0.8
2361,14,3,0,0,0,17,0.8235294117647058
2362,12,3,0,0,0,15,0.8
2363,11,3,0,0,0,14,0.7857142857142857
2364,13,3,0,0,0,16,0.8125
2365,13,3,0,0,0,16,0.8125
2366,13,3,0,0,0,16,0.8125
2367,15,2,0,0,0,17,0.8823529411764706
2368,11,2,0,0,0,13,0.8461538461538461
2369,12,3,0,0,0,15,0.8
2370,14,3,0,0,0,17,0.8235294117647058
2371,14,3,0,0,0,17,0.8235294117647058
2372,12,3,0,0,0,15,0.8
2373,12,3,0,0,0,15,0.8
2374,12,3,0,0,0,15,0.8
2375,14,3,0,0,0,17,0.8235294117647058
2376,13,3,0,0,0,16,0.8125
2377,14,3,0,0,0,17,0.8235294117647058
2378,14,3,0,0,0,17,0.8235294117647058
2379,12,3,0,0,0,15,0.8
2380,15,4,0,0,0,19,0.7894736842105263
2381,13,3,0,0,0,16,0.8125
2382,14,3,0,0,0,17,0.8235294117647058
2383,12,3,0,0,0,15,0.8
2384,11,3,0,0,0,14,0.7857142857142857
2385,12,3,0,0,0,15,0.8
2386,12,3,0,0,0,15,0.8
2387,14,3,0,0,0,17,0.8235294117647058
2388,12,3,0,0,0,15,0.8
2389,12,3,0,0,0,15,0.8
2390,13,3,0,0,0,16,0.8125
2391,13,3,0,0,0,16,0.8125
2392,13,3,0,0,0,16,0.8125
2393,11,3,0,0,0,14,0.7857142857142857
2394,13,3,0,0,0,16,0.8125
2395,13,3,0,0,0,16,0.8125
2396,14,2,1,0,0,17,0.8235294117647058
2397,12,3,1,0,0,16,0.75
2398,13,3,0,0,0,16,0.8125
2399,11,3,0,0,0,14,0.7857142857142857
2400,14,3,0,0,0,17,0.8235294117647058
2401,12,3,0,0,0,15,0.8
2402,13,3,0,0,0,16,0.8125
2403,15,3,0,0,0,18,0.8333333333333334
2404,13,3,1,0,0,17,0.7647058823529411
2405,14,3,0,0,0,17,0.8235294117647058
2406,13,3,0,0,0,16,0.8125
2407,13,3,0,0,0,16,0.8125
2408,13,3,0,0,0,16,0.8125
2409,13,3,0,0,0,16,0.8125
2410,13,3,0,0,0,16,0.8125
2411,13,3,0,0,0,16,0.8125
2412,14,5,0,0,0,19,0.7368421052631579
2413,13,3,0,0,0,16,0.8125
2414,13,3,0,0,0,16,0.8125
2415,14,4,0,0,0,18,0.7777777777777778
2416,13,3,0,0,0,16,0.8125
2417,12,3,0,0,0,15,0.8
2418,11,3,0,0,0,14,0.7857142857142857
2419,12,3,0,0,0,15,0.8
2420,13,3,0,0,0,16,0.8125
2421,12,3,0,0,0,15,0.8
2422,13,3,0,0,0,16,0.8125
2423,13,3,0,0,0,16,0.8125
2424,12,3,0,0,0,15,0.8
2425,13,3,0,0,0,16,0.8125
2426,12,3,0,0,0,15,0.8
2427,12,3,0,0,0,15,0.8
2428,12,3,0,0,0,15,0.8
2429,13,3,0,0,0,16,0.8125
2430,12,3,0,0,0,15,0.8
2431,13,3,0,0,0,16,0.8125
2432,12,3,0,0,0,15,0.8
2433,13,3,0,0,0,16,0.8125
2434,12,3,0,0,0,15,0.8
2435,13,3,0,0,0,16,0.8125
2436,12,3,0,0,0,15,0.8
2437,12,3,0,0,0,15,0.8
2438,13,3,0,0,0,16,0.8125
2439,14,3,0,0,0,17,0.8235294117647058
2440,14,3,0,0,0,17,0.8235294117647058
2441,12,3,0,0,0,15,0.8
2442,13,3,0,0,0,16,0.8125
2443,13,3,0,0,0,16,0.8125
2444,12,3,0,0,0,15,0.8
2445,12,3,0,0,0,15,0.8
2446,13,3,0,0,0,16,0.8125
2447,13,3,0,0,0,16,0.8125
2448,13,3,0,0,0,16,0.8125
2449,13,3,0,0,0,16,0.8125
2450,12,3,0,0,0,15,0.8
2451,12,3,0,0,0,15,0.8
2452,13,3,0,0,0,16,0.8125
2453,13,3,0,0,0,16,0.8125
2454,13,3,0,0,0,16,0.8125
2455,13,3,0,0,0,16,0.8125
2456,13,3,0,0,0,16,0.8125
2457,12,3,0,0,0,15,0.8
2458,12,3,0,0,0,15,0.8
2459,12,3,0,0,0,15,0.8
2460,13,3,0,0,0,16,0.8125
2461,13,3,0,0,0,16,0.8125
2462,12,3,0,0,0,15,0.8
2463,13,3,0,0,0,16,0.8125
2464,13,3,1,0,0,17,0.7647058823529411
2465,14,3,0,0,0,17,0.8235294117647058
2466,13,3,0,0,0,16,0.8125
2467,14,3,0,0,0,17,0.8235294117647058
2468,13,3,0,0,0,16,0.8125
2469,12,3,0,0,0,15,0.8
2470,13,3,0,0,0,16,0.8125
2471,13,3,0,0,0,16,0.8125
2472,12,3,0,0,0,15,0.8
2473,13,3,0,0,0,16,0.8125
2474,13,3,0,0,0,16,0.8125
2475,13,3,0,0,0,16,0.8125
2476,13,3,0,0,0,16,0.8125
2477,13,3,0,0,0,16,0.8125
2478,12,3,0,0,0,15,0.8
2479,12,3,0,0,0,15,0.8
2480,13,3,0,0,0,16,0.8125
2481,13,3,0,0,0,16,0.8125
2482,13,3,0,0,0,16,0.8125
2483,13,3,0,0,0,16,0.8125
2484,13,3,0,0,0,16,0.8125
2485,12,3,0,0,0,15,0.8
2486,13,3,0,0,0,16,0.8125
2487,12,3,0,0,0,15,0.8
2488,12,3,0,0,0,15,0.8
2489,13,3,0,0,0,16,0.8125
2490,12,3,0,0,0,15,0.8
2491,12,3,0,0,0,15,0.8
2492,12,3,0,0,0,15,0.8
2493,12,3,0,0,0,15,0.8
2494,13,3,0,0,0,16,0.8125
2495,13,3,0,0,0,16,0.8125
2496,12,3,0,0,0,15,0.8
2497,12,3,0,0,0,15,0.8
2498,13,3,0,0,0,16,0.8125
2499,13,3,0,0,0,16,0.8125
2500,12,3,0,0,0,15,0.8
2501,13,3,0,0,0,16,0.8125
2502,13,3,0,0,0,16,0.8125
2503,12,3,0,0,0,15,0.8
2504,12,3,0,0,0,15,0.8
2505,13,3,0,0,0,16,0.8125
2506,12,3,0,0,0,15,0.8
2507,12,3,0,0,0,15,0.8
2508,11,3,0,0,0,14,0.7857142857142857
2509,13,3,0,0,0,16,0.8125
2510,12,3,0,0,0,15,0.8
2511,13,3,0,0,0,16,0.8125
2512,13,3,0,0,0,16,0.8125
2513,13,3,0,0,0,16,0.8125
2514,12,3,0,0,0,15,0.8
2515,12,3,1,0,0,16,0.75
2516,13,3,0,0,0,16,0.8125
2517,13,3,0,0,0,16,0.8125
2518,14,3,1,0,0,18,0.7777777777777778
2519,12,3,1,0,0,16,0.75
2520,12,3,1,0,0,16,0.75
2521,12,3,1,0,0,16,0.75
2522,12,3,1,0,0,16,0.75
2523,13,3,0,0,0,16,0.8125
2524,13,3,1,0,0,17,0.7647058823529411
2525,12,3,1,0,0,16,0.75
2526,14,3,0,0,0,17,0.8235294117647058
2527,13,3,1,0,0,17,0.7647058823529411
2528,11,3,1,0,0,15,0.7333333333333333
2529,11,3,0,0,0,14,0.7857142857142857
2530,13,3,0,0,0,16,0.8125
2531,12,3,0,0,0,15,0.8
2532,11,3,0,0,0,14,0.7857142857142857
2533,12,3,1,0,0,16,0.75
2534,12,3,0,0,0,15,0.8
2535,12,3,1,0,0,16,0.75
2536,13,3,1,0,0,17,0.7647058823529411
2537,12,3,0,0,0,15,0.8
2538,13,3,1,0,0,17,0.7647058823529411
2539,12,3,1,0,0,16,0.75
2540,12,3,0,0,0,15,0.8
2541,12,3,0,0,0,15,0.8
2542,12,3,0,0,0,15,0.8
2543,13,3,0,0,0,16,0.8125
2544,13,3,0,0,0,16,0.8125
2545,12,3,0,0,0,15,0.8
2546,12,3,0,0,0,15,0.8
2547,13,3,0,0,0,16,0.8125
2548,13,3,0,0,0,16,0.8125
2549,14,3,0,0,0,17,0.8235294117647058
2550,12,3,0,0,0,15,0.8
2551,13,3,1,0,0,17,0.7647058823529411
2552,13,3,1,0,0,17,0.7647058823529411
2553,12,3,1,0,0,16,0.75
2554,13,3,0,0,0,16,0.8125
2555,13,3,0,0,0,16,0.8125
2556,13,3,0,0,0,16,0.8125
2557,13,3,1,0,0,17,0.7647058823529411
2558,13,3,0,0,0,16,0.8125
2559,13,3,0,0,0,16,0.8125
2560,13,3,1,0,0,17,0.7647058823529411
2561,12,3,0,0,0,15,0.8
2562,13,3,0,0,0,16,0.8125
2563,13,3,0,0,0,16,0.8125
2564,13,3,0,0,0,16,0.8125
2565,13,3,0,0,0,16,0.8125
2566,13,3,0,0,0,16,0.8125
2567,12,3,0,0,0,15,0.8
2568,13,3,0,0,0,16,0.8125
2569,13,3,0,0,0,16,0.8125
2570,13,3,0,0,0,16,0.8125
2571,12,3,0,0,0,15,0.8
2572,12,3,0,0,0,15,0.8
2573,13,3,0,0,0,16,0.8125
2574,14,3,0,0,0,17,0.8235294117647058
2575,13,3,0,0,0,16,0.8125
2576,13,3,1,0,0,17,0.7647058823529411
2577,13,3,0,0,0,16,0.8125
2578,13,3,0,0,0,16,0.8125
2579,13,3,0,0,0,16,0.8125
2580,12,3,0,0,0,15,0.8
2581,13,3,0,0,0,16,0.8125
2582,13,3,0,0,0,16,0.8125
2583,13,3,0,0,0,16,0.8125
2584,14,2,0,0,0,16,0.875
2585,13,2,0,0,0,15,0.8666666666666667
2586,12,3,0,0,0,15,0.8
2587,11,3,1,0,0,15,0.7333333333333333
2588,13,3,0,0,0,16,0.8125
2589,13,3,0,0,0,16,0.8125
2590,13,3,0,0,0,16,0.8125
2591,13,3,0,0,0,16,0.8125
2592,13,3,0,0,0,16,0.8125
2593,12,3,0,0,0,15,0.8
2594,12,3,0,0,0,15,0.8
2595,12,3,0,0,0,15,0.8
2596,11,3,0,0,0,14,0.7857142857142857
2597,13,3,0,0,0,16,0.8125
2598,13,3,0,0,0,16,0.8125
2599,13,3,0,0,0,16,0.8125
2600,13,3,0,0,0,16,0.8125
2601,13,3,0,0,0,16,0.8125
2602,13,3,0,0,0,16,0.8125
2603,13,3,1,0,0,17,0.7647058823529411
2604,14,3,0,0,0,17,0.8235294117647058
2605,12,3,0,0,0,15,0.8
2606,13,3,0,0,0,16,0.8125
2607,12,3,0,0,0,15,0.8
2608,12,3,1,0,0,16,0.75
2609,12,3,1,0,0,16,0.75
2610,14,3,1,0,0,18,0.7777777777777778
2611,14,3,1,0,0,18,0.7777777777777778
2612,14,3,0,0,0,17,0.8235294117647058
2613,13,3,0,0,0,16,0.8125
2614,12,3,0,0,0,15,0.8
2615,13,3,0,0,0,16,0.8125
2616,12,3,0,0,0,15,0.8
2617,13,3,0,0,0,16,0.8125
2618,13,3,0,0,0,16,0.8125
2619,13,3,0,0,0,16,0.8125
2620,13,3,0,0,0,16,0.8125
2621,12,3,0,0,0,15,0.8
2622,13,3,0,0,0,16,0.8125
2623,13,3,0,0,0,16,0.8125
2624,13,3,0,0,0,16,0.8125
2625,13,3,0,0,0,16,0.8125
2626,13,3,0,0,0,16,0.8125
2627,13,3,0,0,0,16,0.8125
2628,12,3,0,0,0,15,0.8
2629,14,3,0,0,0,17,0.8235294117647058
2630,14,3,1,0,0,18,0.7777777777777778
2631,12,3,0,0,0,15,0.8
2632,14,3,1,0,0,18,0.7777777777777778
2633,13,3,0,0,0,16,0.8125
2634,13,3,0,0,0,16,0.8125
2635,12,3,0,0,0,15,0.8
2636,13,3,0,0,0,16,0.8125
2637,13,3,0,0,0,16,0.8125
2638,12,3,0,0,0,15,0.8
2639,13,3,0,0,0,16,0.8125
2640,12,3,0,0,0,15,0.8
2641,12,3,0,0,0,15,0.8
2642,14,3,0,0,0,17,0.8235294117647058
2643,12,3,0,0,0,15,0.8
2644,13,3,0,0,0,16,0.8125
2645,13,3,0,0,0,16,0.8125
2646,12,3,0,0,0,15,0.8
2647,12,3,0,0,0,15,0.8
2648,13,3,0,0,0,16,0.8125
2649,13,3,0,0,0,16,0.8125
2650,13,3,0,0,0,16,0.8125
2651,13,3,0,0,0,16,0.8125
2652,13,3,0,0,0,16,0.8125
2653,14,3,0,0,0,17,0.8235294117647058
2654,13,3,0,0,0,16,0.8125
2655,11,3,0,0,0,14,0.7857142857142857
2656,13,3,0,0,0,16,0.8125
2657,13,3,0,0,0,16,0.8125
2658,13,3,0,0,0,16,0.8125
2659,14,3,0,0,0,17,0.8235294117647058
2660,13,3,0,0,0,16,0.8125
2661,13,3,0,0,0,16,0.8125
2662,13,3,0,0,0,16,0.8125
2663,13,3,0,0,0,16,0.8125
2664,13,3,0,0,0,16,0.8125
2665,12,3,0,0,0,15,0.8
2666,12,3,0,0,0,15,0.8
2667,13,3,0,0,0,16,0.8125
2668,12,3,0,0,0,15,0.8
2669,14,3,0,0,0,17,0.8235294117647058
2670,13,3,0,0,0,16,0.8125
2671,13,3,0,0,0,16,0.8125
2672,14,3,0,0,0,17,0.8235294117647058
2673,13,3,1,0,0,17,0.7647058823529411
2674,13,3,0,0,0,16,0.8125
2675,13,3,0,0,0,16,0.8125
2676,13,3,0,0,0,16,0.8125
2677,13,2,0,0,0,15,0.8666666666666667
2678,13,3,0,0,0,16,0.8125
2679,13,3,0,0,0,16,0.8125
2680,13,3,0,0,0,16,0.8125
2681,12,2,0,0,0,14,0.8571428571428571
2682,13,3,0,0,0,16,0.8125
2683,13,3,0,0,0,16,0.8125
2684,13,3,0,0,0,16,0.8125
2685,12,3,0,0,0,15,0.8
2686,14,3,0,0,0,17,0.8235294117647058
2687,14,3,0,0,0,17,0.8235294117647058
2688,12,3,0,0,0,15,0.8
2689,14,3,0,0,0,17,0.8235294117647058
2690,14,3,1,0,0,18,0.7777777777777778
2691,13,3,0,0,0,16,0.8125
2692,13,3,0,0,0,16,0.8125
2693,13,3,0,0,0,16,0.8125
2694,12,3,0,0,0,15,0.8
2695,13,3,0,0,0,16,0.8125
2696,12,3,0,0,0,15,0.8
2697,13,3,0,0,0,16,0.8125
2698,15,3,0,0,0,18,0.8333333333333334
2699,13,3,1,0,0,17,0.7647058823529411
2700,15,3,0,0,0,18,0.8333333333333334
2701,13,3,0,0,0,16,0.8125
2702,13,3,0,0,0,16,0.8125
2703,14,3,0,0,0,17,0.8235294117647058
2704,13,3,0,0,0,16,0.8125
2705,12,3,0,0,0,15,0.8
2706,13,3,0,0,0,16,0.8125
2707,13,3,0,0,0,16,0.8125
2708,13,3,0,0,0,16,0.8125
2709,13,3,1,0,0,17,0.7647058823529411
2710,12,3,0,0,0,15,0.8
2711,13,3,0,0,0,16,0.8125
2712,14,3,0,0,0,17,0.8235294117647058
2713,14,3,0,0,0,17,0.8235294117647058
2714,12,3,0,0,0,15,0.8
2715,12,3,0,0,0,15,0.8
2716,13,3,0,0,0,16,0.8125
2717,13,3,0,0,0,16,0.8125
2718,12,3,0,0,0,15,0.8
2719,13,3,0,0,0,16,0.8125
2720,11,3,0,0,0,14,0.7857142857142857
2721,13,3,0,0,0,16,0.8125
2722,13,3,0,0,0,16,0.8125
2723,12,3,0,0,0,15,0.8
2724,13,3,0,0,0,16,0.8125
2725,13,3,0,0,0,16,0.8125
2726,13,3,0,0,0,16,0.8125
2727,13,3,0,0,0,16,0.8125
2728,13,3,0,0,0,16,0.8125
2729,13,3,0,0,0,16,0.8125
2730,13,3,0,0,0,16,0.8125
2731,13,3,0,0,0,16,0.8125
2732,13,3,0,0,0,16,0.8125
2733,13,3,0,0,0,16,0.8125
2734,12,3,0,0,0,15,0.8
2735,14,3,0,0,0,17,0.8235294117647058
2736,13,3,0,0,0,16,0.8125
2737,13,3,0,0,0,16,0.8125
2738,13,3,0,0,0,16,0.8125
2739,13,3,0,0,0,16,0.8125
2740,13,3,0,0,0,16,0.8125
2741,13,3,0,0,0,16,0.8125
2742,11,3,0,0,0,14,0.7857142857142857
2743,13,3,0,0,0,16,0.8125
2744,13,3,1,0,0,17,0.7647058823529411
2745,12,3,0,0,0,15,0.8
2746,14,3,0,0,0,17,0.8235294117647058
2747,14,3,0,0,0,17,0.8235294117647058
2748,14,3,0,0,0,17,0.8235294117647058
2749,14,3,1,0,0,18,0.7777777777777778
2750,13,3,0,0,0,16,0.8125
2751,12,3,0,0,0,15,0.8
2752,12,3,1,0,0,16,0.75
2753,13,3,0,0,0,16,0.8125
2754,12,3,0,0,0,15,0.8
2755,13,3,0,0,0,16,0.8125
2756,13,3,0,0,0,16,0.8125
2757,12,3,0,0,0,15,0.8
2758,14,3,0,0,0,17,0.8235294117647058
2759,14,3,0,0,0,17,0.8235294117647058
2760,13,3,0,0,0,16,0.8125
2761,12,3,0,0,0,15,0.8
2762,14,3,0,0,0,17,0.8235294117647058
2763,12,3,0,0,0,15,0.8
2764,12,3,0,0,0,15,0.8
2765,14,3,0,0,0,17,0.8235294117647058
2766,14,3,0,0,0,17,0.8235294117647058
2767,13,3,0,0,0,16,0.8125
2768,13,3,0,0,0,16,0.8125
2769,13,3,0,0,0,16,0.8125
2770,13,3,0,0,0,16,0.8125
2771,11,3,0,0,0,14,0.7857142857142857
2772,13,3,0,0,0,16,0.8125
2773,12,3,0,0,0,15,0.8
2774,13,3,0,0,0,16,0.8125
2775,11,3,0,0,0,14,0.7857142857142857
2776,12,3,0,0,0,15,0.8
2777,13,3,0,0,0,16,0.8125
2778,13,3,0,0,0,16,0.8125
2779,13,3,0,0,0,16,0.8125
2780,12,3,0,0,0,15,0.8
2781,12,3,0,0,0,15,0.8
2782,14,3,1,0,0,18,0.7777777777777778
2783,13,3,0,0,0,16,0.8125
2784,13,3,0,0,0,16,0.8125
2785,13,3,0,0,0,16,0.8125
2786,14,3,0,0,0,17,0.8235294117647058
2787,13,3,0,0,0,16,0.8125
2788,12,3,0,0,0,15,0.8
2789,10,3,0,0,0,13,0.7692307692307693
2790,13,3,0,0,0,16,0.8125
2791,13,3,0,0,0,16,0.8125
2792,13,3,0,0,0,16,0.8125
2793,13,3,0,0,0,16,0.8125
2794,14,3,0,0,0,17,0.8235294117647058
2795,14,3,0,0,0,17,0.8235294117647058
2796,12,3,0,0,0,15,0.8
2797,13,3,0,0,0,16,0.8125
2798,13,3,0,0,0,16,0.8125
2799,13,3,0,0,0,16,0.8125
2800,13,3,0,0,0,16,0.8125
2801,13,3,0,0,0,16,0.8125
2802,13,3,0,0,0,16,0.8125
2803,13,3,0,0,0,16,0.8125
2804,12,3,0,0,0,15,0.8
2805,13,3,0,0,0,16,0.8125
2806,12,3,1,0,0,16,0.75
2807,13,3,0,0,0,16,0.8125
2808,13,3,0,0,0,16,0.8125
2809,13,3,0,0,0,16,0.8125
2810,13,3,0,0,0,16,0.8125
2811,12,3,0,0,0,15,0.8
2812,13,2,0,0,0,15,0.8666666666666667
2813,14,3,0,0,0,17,0.8235294117647058
2814,13,3,0,0,0,16,0.8125
2815,13,3,0,0,0,16,0.8125
2816,12,3,0,0,0,15,0.8
2817,13,3,0,0,0,16,0.8125
2818,13,3,0,0,0,16,0.8125
2819,13,3,0,0,0,16,0.8125
2820,13,3,0,0,0,16,0.8125
2821,13,3,0,0,0,16,0.8125
2822,12,3,0,0,0,15,0.8
2823,12,3,0,0,0,15,0.8
2824,12,3,0,0,0,15,0.8
2825,12,3,0,0,0,15,0.8
2826,13,3,0,0,0,16,0.8125
2827,12,3,0,0,0,15,0.8
2828,14,3,0,0,0,17,0.8235294117647058
2829,11,3,0,0,0,14,0.7857142857142857
2830,12,3,0,0,0,15,0.8
2831,13,3,0,0,0,16,0.8125
2832,13,3,1,0,0,17,0.7647058823529411
2833,14,3,1,0,0,18,0.7777777777777778
2834,11,3,0,0,0,14,0.7857142857142857
2835,12,3,0,0,0,15,0.8
2836,13,3,0,0,0,16,0.8125
2837,13,3,0,0,0,16,0.8125
2838,12,3,0,0,0,15,0.8
2839,11,3,0,0,0,14,0.7857142857142857
2840,11,3,0,0,0,14,0.7857142857142857
2841,13,3,1,0,0,17,0.7647058823529411
2842,12,3,0,0,0,15,0.8
2843,13,3,1,0,0,17,0.7647058823529411
2844,11,3,0,0,0,14,0.7857142857142857
2845,12,3,0,0,0,15,0.8
2846,12,3,0,0,0,15,0.8
2847,13,3,0,0,0,16,0.8125
2848,12,3,0,0,0,15,0.8
2849,13,3,0,0,0,16,0.8125
2850,13,3,0,0,0,16,0.8125
2851,11,3,0,0,0,14,0.7857142857142857
2852,11,3,0,0,0,14,0.7857142857142857
2853,13,3,0,0,0,16,0.8125
2854,13,3,0,0,0,16,0.8125
2855,13,3,0,0,0,16,0.8125
2856,13,3,0,0,0,16,0.8125
2857,13,3,0,0,0,16,0.8125
2858,12,3,0,0,0,15,0.8
2859,12,3,0,0,0,15,0.8
2860,12,3,0,0,0,15,0.8
2861,13,3,0,0,0,16,0.8125
2862,13,3,0,0,0,16,0.8125
2863,13,3,0,0,0,16,0.8125
2864,13,3,0,0,0,16,0.8125
2865,14,3,0,0,0,17,0.8235294117647058
2866,13,3,0,0,0,16,0.8125
2867,14,3,0,0,0,17,0.8235294117647058
2868,14,3,0,0,0,17,0.8235294117647058
2869,12,3,0,0,0,15,0.8
2870,13,3,0,0,0,16,0.8125
2871,12,3,0,0,0,15,0.8
2872,12,3,0,0,0,15,0.8
2873,13,3,0,0,0,16,0.8125
2874,12,3,0,0,0,15,0.8
2875,12,3,0,0,0,15,0.8
2876,13,3,0,0,0,16,0.8125
2877,13,3,0,0,0,16,0.8125
2878,11,3,0,0,0,14,0.7857142857142857
2879,12,3,0,0,0,15,0.8
2880,12,3,0,0,0,15,0.8
2881,12,3,0,0,0,15,0.8
2882,13,3,0,0,0,16,0.8125
2883,12,3,1,0,0,16,0.75
2884,13,3,1,0,0,17,0.7647058823529411
2885,12,3,0,0,0,15,0.8
2886,13,3,0,0,0,16,0.8125
2887,13,3,0,0,0,16,0.8125
2888,12,3,0,0,0,15,0.8
2889,13,3,0,0,0,16,0.8125
2890,12,3,0,0,0,15,0.8
2891,11,3,0,0,0,14,0.7857142857142857
2892,13,3,0,0,0,16,0.8125
2893,12,3,0,0,0,15,0.8
2894,13,3,0,0,0,16,0.8125
2895,13,3,0,0,0,16,0.8125
2896,13,3,0,0,0,16,0.8125
2897,12,3,0,0,0,15,0.8
2898,13,3,0,0,0,16,0.8125
2899,12,3,0,0,0,15,0.8
2900,12,3,0,0,0,15,0.8
2901,12,3,0,0,0,15,0.8
2902,12,3,0,0,0,15,0.8
2903,12,3,0,0,0,15,0.8
2904,12,3,0,0,0,15,0.8
2905,13,3,0,0,0,16,0.8125
2906,13,3,0,0,0,16,0.8125
2907,12,3,0,0,0,15,0.8
2908,12,3,0,0,0,15,0.8
2909,13,3,0,0,0,16,0.8125
2910,13,3,0,0,0,16,0.8125
2911,14,3,0,0,0,17,0.8235294117647058
2912,12,3,0,0,0,15,0.8
2913,13,3,0,0,0,16,0.8125
2914,13,3,0,0,0,16,0.8125
2915,11,3,0,0,0,14,0.7857142857142857
2916,13,3,0,0,0,16,0.8125
2917,13,3,0,0,0,16,0.8125
2918,12,3,0,0,0,15,0.8
2919,13,3,0,0,0,16,0.8125
2920,13,3,0,0,0,16,0.8125
2921,14,3,0,0,0,17,0.8235294117647058
2922,11,3,0,0,0,14,0.7857142857142857
2923,13,3,0,0,0,16,0.8125
2924,11,3,0,0,0,14,0.7857142857142857
2925,13,3,0,0,0,16,0.8125
2926,11,3,0,0,0,14,0.7857142857142857
2927,12,3,0,0,0,15,0.8
2928,13,3,0,0,0,16,0.8125
2929,12,3,0,0,0,15,0.8
2930,13,3,0,0,0,16,0.8125
2931,13,3,0,0,0,16,0.8125
2932,11,3,0,0,0,14,0.7857142857142857
2933,12,3,0,0,0,15,0.8
2934,13,3,0,0,0,16,0.8125
2935,12,3,0,0,0,15,0.8
2936,13,3,0,0,0,16,0.8125
2937,13,3,0,0,0,16,0.8125
2938,11,3,0,0,0,14,0.7857142857142857
2939,13,3,0,0,0,16,0.8125
2940,12,3,0,0,0,15,0.8
2941,13,3,0,0,0,16,0.8125
2942,11,3,0,0,0,14,0.7857142857142857
2943,12,3,0,0,0,15,0.8
2944,11,3,1,0,0,15,0.7333333333333333
2945,11,3,0,0,0,14,0.7857142857142857
2946,12,3,0,0,0,15,0.8
2947,11,3,0,0,0,14,0.7857142857142857
2948,12,3,0,0,0,15,0.8
2949,12,3,0,0,0,15,0.8
2950,11,3,1,0,0,15,0.7333333333333333
2951,12,3,0,0,0,15,0.8
2952,12,3,0,0,0,15,0.8
2953,12,3,0,0,0,15,0.8
2954,13,3,0,0,0,16,0.8125
2955,13,3,0,0,0,16,0.8125
2956,13,3,0,0,0,16,0.8125
2957,12,3,0,0,0,15,0.8
2958,12,3,0,0,0,15,0.8
2959,12,4,0,0,0,16,0.75
2960,11,3,0,0,0,14,0.7857142857142857
2961,12,3,0,0,0,15,0.8
2962,12,3,0,0,0,15,0.8
2963,12,4,0,0,0,16,0.75
2964,11,3,0,0,0,14,0.7857142857142857
2965,12,3,0,0,0,15,0.8
2966,11,3,0,0,0,14,0.7857142857142857
2967,12,3,0,0,0,15,0.8
2968,11,3,0,0,0,14,0.7857142857142857
2969,13,3,0,0,0,16,0.8125
2970,13,4,0,0,0,17,0.7647058823529411
2971,13,3,0,0,0,16,0.8125
2972,13,3,0,0,0,16,0.8125
2973,11,3,0,0,0,14,0.7857142857142857
2974,13,3,0,0,0,16,0.8125
2975,12,3,0,0,0,15,0.8
2976,13,3,0,0,0,16,0.8125
2977,13,3,0,0,0,16,0.8125
2978,11,3,0,0,0,14,0.7857142857142857
2979,13,3,0,0,0,16,0.8125
2980,12,3,0,0,0,15,0.8
2981,13,3,0,0,0,16,0.8125
2982,12,3,0,0,0,15,0.8
2983,12,3,0,0,0,15,0.8
2984,12,3,0,0,0,15,0.8
2985,12,3,0,0,0,15,0.8
2986,12,3,0,0,0,15,0.8
2987,12,3,0,0,0,15,0.8
2988,12,3,0,0,0,15,0.8
2989,12,3,0,0,0,15,0.8
2990,13,3,0,0,0,16,0.8125
2991,12,3,0,0,0,15,0.8
2992,12,3,0,0,0,15,0.8
2993,12,3,0,0,0,15,0.8
2994,13,4,0,0,0,17,0.7647058823529411
2995,13,3,0,0,0,16,0.8125
2996,12,3,0,0,0,15,0.8
2997,11,3,0,0,0,14,0.7857142857142857
2998,12,3,0,0,0,15,0.8
2999,13,3,0,0,0,16,0.8125
3000,13,3,0,0,0,16,0.8125
3001,13,3,0,0,0,16,0.8125
3002,13,3,0,0,0,16,0.8125
3003,12,3,0,0,0,15,0.8
3004,13,3,0,0,0,16,0.8125
3005,13,3,0,0,0,16,0.8125
3006,11,3,0,0,0,14,0.7857142857142857
3007,12,3,0,0,0,15,0.8
3008,11,3,0,0,0,14,0.7857142857142857
3009,13,3,0,0,0,16,0.8125
3010,13,3,0,0,0,16,0.8125
3011,13,3,0,0,0,16,0.8125
3012,13,3,0,0,0,16,0.8125
3013,13,3,0,0,0,16,0.8125
3014,13,3,0,0,0,16,0.8125
3015,12,3,0,0,0,15,0.8
3016,12,3,0,0,0,15,0.8
3017,13,3,0,0,0,16,0.8125
3018,13,3,0,0,0,16,0.8125
3019,12,3,0,0,0,15,0.8
3020,13,3,0,0,0,16,0.8125
3021,12,3,0,0,0,15,0.8
3022,13,3,0,0,0,16,0.8125
3023,12,3,0,0,0,15,0.8
3024,11,3,0,0,0,14,0.7857142857142857
3025,12,3,0,0,0,15,0.8
3026,12,3,0,0,0,15,0.8
3027,12,3,0,0,0,15,0.8
3028,12,3,0,0,0,15,0.8
3029,13,3,0,0,0,16,0.8125
3030,12,3,0,0,0,15,0.8
3031,12,3,0,0,0,15,0.8
3032,13,3,0,0,0,16,0.8125
3033,13,3,0,0,0,16,0.8125
3034,12,3,0,0,0,15,0.8
3035,12,3,0,0,0,15,0.8
3036,13,3,0,0,0,16,0.8125
3037,13,3,1,0,0,17,0.7647058823529411
3038,12,3,0,0,0,15,0.8
3039,12,3,0,0,0,15,0.8
3040,11,3,0,0,0,14,0.7857142857142857
3041,13,3,0,0,0,16,0.8125
3042,12,3,0,0,0,15,0.8
3043,12,3,0,0,0,15,0.8
3044,13,3,0,0,0,16,0.8125
3045,11,3,0,0,0,14,0.7857142857142857
3046,9,3,0,0,0,12,0.75
3047,13,3,0,0,0,16,0.8125
3048,11,3,0,0,0,14,0.7857142857142857
3049,13,3,0,0,0,16,0.8125
3050,11,3,0,0,0,14,0.7857142857142857
3051,11,3,0,0,0,14,0.7857142857142857
3052,12,3,0,0,0,15,0.8
3053,14,3,1,0,0,18,0.7777777777777778
3054,12,3,0,0,0,15,0.8
3055,12,3,1,0,0,16,0.75
3056,12,3,0,0,0,15,0.8
3057,13,3,0,0,0,16,0.8125
3058,10,3,0,0,0,13,0.7692307692307693
3059,13,3,0,0,0,16,0.8125
3060,13,3,0,0,0,16,0.8125
3061,14,3,0,0,0,17,0.8235294117647058
3062,13,3,0,0,0,16,0.8125
3063,13,3,0,0,0,16,0.8125
3064,13,3,0,0,0,16,0.8125
3065,13,3,0,0,0,16,0.8125
3066,10,3,0,0,0,13,0.7692307692307693
3067,11,3,0,0,0,14,0.7857142857142857
3068,12,3,0,0,0,15,0.8
3069,13,3,0,0,0,16,0.8125
3070,13,3,0,0,0,16,0.8125
3071,13,3,0,0,0,16,0.8125
3072,11,3,0,0,0,14,0.7857142857142857
3073,12,3,0,0,0,15,0.8
3074,10,2,0,0,0,12,0.8333333333333334
3075,13,3,0,0,0,16,0.8125
3076,13,3,0,0,0,16,0.8125
3077,11,3,0,0,0,14,0.7857142857142857
3078,12,3,0,0,0,15,0.8
3079,13,3,0,0,0,16,0.8125
3080,13,3,0,0,0,16,0.8125
3081,11,3,0,0,0,14,0.7857142857142857
3082,13,3,0,0,0,16,0.8125
3083,13,3,0,0,0,16,0.8125
3084,12,3,0,0,0,15,0.8
3085,11,3,0,0,0,14,0.7857142857142857
3086,12,3,0,0,0,15,0.8
3087,13,3,0,0,0,16,0.8125
3088,13,3,0,0,0,16,0.8125
3089,12,3,0,0,0,15,0.8
3090,12,3,0,0,0,15,0.8
3091,12,3,0,0,0,15,0.8
3092,13,3,0,0,0,16,0.8125
3093,12,3,0,0,0,15,0.8
3094,12,3,0,0,0,15,0.8
3095,12,3,0,0,0,15,0.8
3096,12,3,0,0,0,15,0.8
3097,13,3,0,0,0,16,0.8125
3098,13,3,0,0,0,16,0.8125
3099,12,3,0,0,0,15,0.8
3100,14,3,0,0,0,17,0.8235294117647058
3101,13,3,0,0,0,16,0.8125
3102,12,3,0,0,0,15,0.8
3103,12,3,0,0,0,15,0.8
3104,10,3,0,0,0,13,0.7692307692307693
3105,13,3,0,0,0,16,0.8125
3106,13,3,0,0,0,16,0.8125
3107,12,3,0,0,0,15,0.8
3108,13,3,0,0,0,16,0.8125
3109,14,3,0,0,0,17,0.8235294117647058
3110,14,3,0,0,0,17,0.8235294117647058
3111,13,3,0,0,0,16,0.8125
3112,12,3,0,0,0,15,0.8
3113,12,3,0,0,0,15,0.8
3114,12,3,0,0,0,15,0.8
3115,11,3,0,0,0,14,0.7857142857142857
3116,13,3,0,0,0,16,0.8125
3117,12,3,0,0,0,15,0.8
3118,12,3,0,0,0,15,0.8
3119,13,3,0,0,0,16,0.8125
3120,12,3,0,0,0,15,0.8
3121,12,3,0,0,0,15,0.8
3122,12,3,0,0,0,15,0.8
3123,11,3,0,0,0,14,0.7857142857142857
3124,13,3,0,0,0,16,0.8125
3125,12,3,0,0,0,15,0.8
3126,14,3,0,0,0,17,0.8235294117647058
3127,13,3,0,0,0,16,0.8125
3128,11,3,0,0,0,14,0.7857142857142857
3129,12,3,0,0,0,15,0.8
3130,12,3,0,0,0,15,0.8
3131,12,3,0,0,0,15,0.8
3132,15,3,0,0,0,18,0.8333333333333334
3133,14,4,0,0,0,18,0.7777777777777778
3134,15,3,0,0,0,18,0.8333333333333334
3135,15,3,0,0,0,18,0.8333333333333334
3136,14,3,0,0,0,17,0.8235294117647058
3137,16,3,0,0,0,19,0.8421052631578947
3138,14,3,0,0,0,17,0.8235294117647058
3139,15,4,0,0,0,19,0.7894736842105263
3140,14,3,0,0,0,17,0.8235294117647058
3141,15,3,1,0,0,19,0.7894736842105263
3142,15,3,0,0,0,18,0.8333333333333334
3143,15,3,0,0,0,18,0.8333333333333334
3144,15,3,0,0,0,18,0.8333333333333334
3145,15,3,0,0,0,18,0.8333333333333334
3146,15,3,0,0,0,18,0.8333333333333334
3147,16,3,0,0,0,19,0.8421052631578947
3148,14,3,0,0,0,17,0.8235294117647058
3149,14,3,0,0,0,17,0.8235294117647058
3150,15,3,0,0,0,18,0.8333333333333334
3151,15,3,0,0,0,18,0.8333333333333334
3152,15,4,0,0,0,19,0.7894736842105263
3153,14,3,0,0,0,17,0.8235294117647058
3154,14,4,0,0,0,18,0.7777777777777778
3155,14,3,0,0,0,17,0.8235294117647058
3156,12,3,0,0,0,15,0.8
3157,15,3,0,0,0,18,0.8333333333333334
3158,12,3,0,0,0,15,0.8
3159,13,3,0,0,0,16,0.8125
3160,13,3,0,0,0,16,0.8125
3161,12,3,0,0,0,15,0.8
3162,14,3,0,0,0,17,0.8235294117647058
3163,12,3,0,0,0,15,0.8
3164,15,3,0,0,0,18,0.8333333333333334
3165,14,3,0,0,0,17,0.8235294117647058
3166,15,3,0,0,0,18,0.8333333333333334
3167,13,3,1,0,0,17,0.7647058823529411
3168,11,4,1,0,0,16,0.6875
3169,13,3,1,0,0,17,0.7647058823529411
3170,14,4,1,0,0,19,0.7368421052631579
3171,15,4,0,0,0,19,0.7894736842105263
3172,14,3,0,0,0,17,0.8235294117647058
3173,13,3,1,0,0,17,0.7647058823529411
3174,13,3,0,0,0,16,0.8125
3175,14,4,1,0,0,19,0.7368421052631579
3176,14,4,1,0,0,19,0.7368421052631579
3177,14,3,0,0,0,17,0.8235294117647058
3178,14,3,1,0,0,18,0.7777777777777778
3179,13,3,1,0,0,17,0.7647058823529411
3180,13,3,0,0,0,16,0.8125
3181,14,3,1,0,0,18,0.7777777777777778
3182,14,3,1,0,0,18,0.7777777777777778
3183,13,3,1,0,0,17,0.7647058823529411
3184,12,3,0,0,0,15,0.8
3185,13,3,1,0,0,17,0.7647058823529411
3186,14,3,1,0,0,18,0.7777777777777778
3187,14,3,0,0,0,17,0.8235294117647058
3188,15,3,0,0,0,18,0.8333333333333334
3189,13,3,0,0,0,16,0.8125
3190,13,3,0,0,0,16,0.8125
3191,13,3,1,0,0,17,0.7647058823529411
3192,12,3,1,0,0,16,0.75
3193,14,3,1,0,0,18,0.7777777777777778
3194,12,3,0,0,0,15,0.8
3195,14,3,0,0,0,17,0.8235294117647058
3196,13,3,0,0,0,16,0.8125
3197,14,3,0,0,0,17,0.8235294117647058
3198,13,3,0,0,0,16,0.8125
3199,15,3,0,0,0,18,0.8333333333333334
3200,11,4,0,0,0,15,0.7333333333333333
3201,12,3,0,0,0,15,0.8
3202,15,3,0,0,0,18,0.8333333333333334
3203,13,3,0,0,0,16,0.8125
3204,14,3,1,0,0,18,0.7777777777777778
3205,14,3,0,0,0,17,0.8235294117647058
3206,13,3,0,0,0,16,0.8125
3207,14,3,0,0,0,17,0.8235294117647058
3208,14,3,0,0,0,17,0.8235294117647058
3209,14,4,0,0,0,18,0.7777777777777778
3210,15,3,0,0,0,18,0.8333333333333334
3211,13,3,1,0,0,17,0.7647058823529411
3212,15,4,0,0,0,19,0.7894736842105263
3213,15,4,0,0,0,19,0.7894736842105263
3214,14,3,0,0,0,17,0.8235294117647058
3215,14,3,1,0,0,18,0.7777777777777778
3216,14,4,0,0,0,18,0.7777777777777778
3217,14,3,0,0,0,17,0.8235294117647058
3218,14,3,0,0,0,17,0.8235294117647058
3219,14,3,0,0,0,17,0.8235294117647058
3220,15,3,0,0,0,18,0.8333333333333334
3221,14,4,0,0,0,18,0.7777777777777778
3222,15,3,0,0,0,18,0.8333333333333334
3223,15,3,0,0,0,18,0.8333333333333334
3224,15,3,1,0,0,19,0.7894736842105263
3225,14,3,1,0,0,18,0.7777777777777778
3226,13,3,0,0,0,16,0.8125
3227,15,3,0,0,0,18,0.8333333333333334
3228,14,3,1,0,0,18,0.7777777777777778
3229,15,3,1,0,0,19,0.7894736842105263
3230,14,3,1,0,0,18,0.7777777777777778
3231,15,4,0,0,0,19,0.7894736842105263
3232,11,3,1,0,0,15,0.7333333333333333
3233,15,3,1,0,0,19,0.7894736842105263
3234,15,3,0,0,0,18,0.8333333333333334
3235,17,3,1,0,0,21,0.8095238095238095
3236,14,4,0,0,0,18,0.7777777777777778
3237,13,3,0,0,0,16,0.8125
3238,13,3,0,0,0,16,0.8125
3239,15,3,0,0,0,18,0.8333333333333334
3240,14,3,1,0,0,18,0.7777777777777778
3241,12,3,0,0,0,15,0.8
3242,13,3,0,0,0,16,0.8125
3243,13,3,1,0,0,17,0.7647058823529411
3244,13,3,0,0,0,16,0.8125
3245,14,3,1,0,0,18,0.7777777777777778
3246,15,3,0,0,0,18,0.8333333333333334
3247,14,3,0,0,0,17,0.8235294117647058
3248,13,3,0,0,0,16,0.8125
3249,15,3,1,0,0,19,0.7894736842105263
3250,13,3,1,0,0,17,0.7647058823529411
3251,15,3,0,0,0,18,0.8333333333333334
3252,15,3,0,0,0,18,0.8333333333333334
3253,14,3,1,0,0,18,0.7777777777777778
3254,15,3,0,0,0,18,0.8333333333333334
3255,13,3,0,0,0,16,0.8125
3256,13,3,0,0,0,16,0.8125
3257,15,4,0,0,0,19,0.7894736842105263
3258,15,3,0,0,0,18,0.8333333333333334
3259,15,3,1,0,0,19,0.7894736842105263
3260,14,3,0,0,0,17,0.8235294117647058
3261,13,3,1,0,0,17,0.7647058823529411
3262,14,3,0,0,0,17,0.8235294117647058
3263,14,3,0,0,0,17,0.8235294117647058
3264,13,3,0,0,0,16,0.8125
3265,15,3,0,0,0,18,0.8333333333333334
3266,14,3,0,0,0,17,0.8235294117647058
3267,13,3,0,0,0,16,0.8125
3268,13,3,0,0,0,16,0.8125
3269,13,3,0,0,0,16,0.8125
3270,13,3,1,0,0,17,0.7647058823529411
3271,13,3,0,0,0,16,0.8125
3272,14,3,1,0,0,18,0.7777777777777778
3273,14,3,1,0,0,18,0.7777777777777778
3274,13,3,1,0,0,17,0.7647058823529411
3275,15,3,0,0,0,18,0.8333333333333334
3276,14,3,0,0,0,17,0.8235294117647058
3277,12,3,1,0,0,16,0.75
3278,17,3,0,0,0,20,0.85
3279,14,3,1,0,0,18,0.7777777777777778
3280,12,3,0,0,0,15,0.8
3281,13,3,0,0,0,16,0.8125
3282,13,3,0,0,0,16,0.8125
3283,14,3,1,0,0,18,0.7777777777777778
3284,13,3,0,0,0,16,0.8125
3285,15,3,0,0,0,18,0.8333333333333334
3286,14,3,1,0,0,18,0.7777777777777778
3287,13,3,1,0,0,17,0.7647058823529411
3288,14,3,0,0,0,17,0.8235294117647058
3289,13,3,0,0,0,16,0.8125
3290,14,3,0,0,0,17,0.8235294117647058
3291,13,3,0,0,0,16,0.8125
3292,13,3,1,0,0,17,0.7647058823529411
3293,15,3,0,0,0,18,0.8333333333333334
3294,12,3,0,0,0,15,0.8
3295,12,3,0,0,0,15,0.8
3296,14,3,0,0,0,17,0.8235294117647058
3297,14,3,1,0,0,18,0.7777777777777778
3298,13,4,0,0,0,17,0.7647058823529411
3299,13,3,0,0,0,16,0.8125
3300,14,3,0,0,0,17,0.8235294117647058
3301,13,3,0,0,0,16,0.8125
3302,14,3,0,0,0,17,0.8235294117647058
3303,14,3,0,0,0,17,0.8235294117647058
3304,13,3,0,0,0,16,0.8125
3305,15,3,1,0,0,19,0.7894736842105263
3306,14,3,0,0,0,17,0.8235294117647058
3307,12,3,0,0,0,15,0.8
3308,13,3,0,0,0,16,0.8125
3309,14,3,0,0,0,17,0.8235294117647058
3310,14,3,1,0,0,18,0.7777777777777778
3311,12,3,0,0,0,15,0.8
3312,15,3,0,0,0,18,0.8333333333333334
3313,14,3,0,0,0,17,0.8235294117647058
3314,15,3,0,0,0,18,0.8333333333333334
3315,14,3,0,0,0,17,0.8235294117647058
3316,14,3,0,0,0,17,0.8235294117647058
3317,13,3,0,0,0,16,0.8125
3318,14,3,1,0,0,18,0.7777777777777778
3319,16,3,0,0,0,19,0.8421052631578947
3320,15,3,0,0,0,18,0.8333333333333334
3321,14,3,1,0,0,18,0.7777777777777778
3322,12,3,0,0,0,15,0.8
3323,13,3,0,0,0,16,0.8125
3324,16,3,0,0,0,19,0.8421052631578947
3325,14,3,0,0,0,17,0.8235294117647058
3326,15,3,1,0,0,19,0.7894736842105263
3327,13,3,0,0,0,16,0.8125
3328,13,3,0,0,0,16,0.8125
3329,14,3,0,0,0,17,0.8235294117647058
3330,13,3,0,0,0,16,0.8125
3331,14,3,0,0,0,17,0.8235294117647058
3332,13,3,0,0,0,16,0.8125
3333,14,3,0,0,0,17,0.8235294117647058
3334,12,3,0,0,0,15,0.8
3335,15,3,0,0,0,18,0.8333333333333334
3336,13,3,0,0,0,16,0.8125
3337,15,3,0,0,0,18,0.8333333333333334
3338,14,3,0,0,0,17,0.8235294117647058
3339,14,3,0,0,0,17,0.8235294117647058
3340,14,3,0,0,0,17,0.8235294117647058
3341,14,3,0,0,0,17,0.8235294117647058
3342,15,3,1,0,0,19,0.7894736842105263
3343,14,3,1,0,0,18,0.7777777777777778
3344,14,3,0,0,0,17,0.8235294117647058
3345,14,3,0,0,0,17,0.8235294117647058
3346,14,3,0,0,0,17,0.8235294117647058
3347,14,4,1,0,0,19,0.7368421052631579
3348,11,3,0,0,0,14,0.7857142857142857
3349,14,3,0,0,0,17,0.8235294117647058
3350,13,3,0,0,0,16,0.8125
3351,14,3,0,0,0,17,0.8235294117647058
3352,14,3,1,0,0,18,0.7777777777777778
3353,15,3,0,0,0,18,0.8333333333333334
3354,13,4,0,0,0,17,0.7647058823529411
3355,13,3,1,0,0,17,0.7647058823529411
3356,14,3,1,0,0,18,0.7777777777777778
3357,14,3,0,0,0,17,0.8235294117647058
3358,16,3,0,0,0,19,0.8421052631578947
3359,13,3,0,0,0,16,0.8125
3360,14,3,0,0,0,17,0.8235294117647058
3361,12,3,1,0,0,16,0.75
3362,15,3,0,0,0,18,0.8333333333333334
3363,13,3,0,0,0,16,0.8125
3364,13,3,1,0,0,17,0.7647058823529411
3365,13,3,0,0,0,16,0.8125
3366,14,3,0,0,0,17,0.8235294117647058
3367,14,3,0,0,0,17,0.8235294117647058
3368,13,3,0,0,0,16,0.8125
3369,14,3,0,0,0,17,0.8235294117647058
3370,15,3,0,0,0,18,0.8333333333333334
3371,15,3,0,0,0,18,0.8333333333333334
3372,14,3,0,0,0,17,0.8235294117647058
3373,15,3,0,0,0,18,0.8333333333333334
3374,14,3,0,0,0,17,0.8235294117647058
3375,15,3,1,0,0,19,0.7894736842105263
3376,14,3,1,0,0,18,0.7777777777777778
3377,12,3,0,0,0,15,0.8
3378,12,3,0,0,0,15,0.8
3379,12,3,0,0,0,15,0.8
3380,13,3,0,0,0,16,0.8125
3381,13,3,0,0,0,16,0.8125
3382,13,3,0,0,0,16,0.8125
3383,14,3,0,0,0,17,0.8235294117647058
3384,12,3,0,0,0,15,0.8
3385,13,3,0,0,0,16,0.8125
3386,14,3,1,0,0,18,0.7777777777777778
3387,13,3,0,0,0,16,0.8125
3388,14,3,0,0,0,17,0.8235294117647058
3389,12,3,0,0,0,15,0.8
3390,13,3,0,0,0,16,0.8125
3391,13,3,0,0,0,16,0.8125
3392,13,3,0,0,0,16,0.8125
3393,12,3,0,0,0,15,0.8
3394,13,3,1,0,0,17,0.7647058823529411
3395,14,3,0,0,0,17,0.8235294117647058
3396,13,3,0,0,0,16,0.8125
3397,14,3,0,0,0,17,0.8235294117647058
3398,14,3,0,0,0,17,0.8235294117647058
3399,13,3,0,0,0,16,0.8125
3400,13,3,0,0,0,16,0.8125
3401,14,3,0,0,0,17,0.8235294117647058
3402,14,3,0,0,0,17,0.8235294117647058
3403,13,3,0,0,0,16,0.8125
3404,14,3,0,0,0,17,0.8235294117647058
3405,13,3,0,0,0,16,0.8125
3406,13,3,0,0,0,16,0.8125
3407,13,3,0,0,0,16,0.8125
3408,14,3,0,0,0,17,0.8235294117647058
3409,12,3,1,0,0,16,0.75
3410,12,3,1,0,0,16,0.75
3411,13,3,0,0,0,16,0.8125
3412,11,3,0,0,0,14,0.7857142857142857
3413,12,3,0,0,0,15,0.8
3414,13,3,0,0,0,16,0.8125
3415,13,3,0,0,0,16,0.8125
3416,11,3,0,0,0,14,0.7857142857142857
3417,13,3,0,0,0,16,0.8125
3418,13,3,0,0,0,16,0.8125
3419,12,3,0,0,0,15,0.8
3420,14,3,0,0,0,17,0.8235294117647058
3421,13,3,0,0,0,16,0.8125
3422,13,3,0,0,0,16,0.8125
3423,13,3,0,0,0,16,0.8125
3424,13,3,0,0,0,16,0.8125
3425,15,3,0,0,0,18,0.8333333333333334
3426,13,3,0,0,0,16,0.8125
3427,15,3,0,0,0,18,0.8333333333333334
3428,13,3,0,0,0,16,0.8125
3429,13,3,0,0,0,16,0.8125
3430,13,3,0,0,0,16,0.8125
3431,14,3,0,0,0,17,0.8235294117647058
3432,12,3,0,0,0,15,0.8
3433,13,3,0,0,0,16,0.8125
3434,13,3,0,0,0,16,0.8125
3435,14,3,0,0,0,17,0.8235294117647058
3436,13,3,0,0,0,16,0.8125
3437,12,3,0,0,0,15,0.8
3438,15,3,0,0,0,18,0.8333333333333334
3439,14,3,0,0,0,17,0.8235294117647058
3440,14,3,0,0,0,17,0.8235294117647058
3441,13,3,0,0,0,16,0.8125
3442,14,3,0,0,0,17,0.8235294117647058
3443,12,3,0,0,0,15,0.8
3444,13,3,0,0,0,16,0.8125
3445,14,3,0,0,0,17,0.8235294117647058
3446,13,3,0,0,0,16,0.8125
3447,13,3,0,0,0,16,0.8125
3448,14,3,0,0,0,17,0.8235294117647058
3449,14,3,0,0,0,17,0.8235294117647058
3450,12,3,0,0,0,15,0.8
3451,14,3,0,0,0,17,0.8235294117647058
3452,13,3,0,0,0,16,0.8125
3453,14,3,0,0,0,17,0.8235294117647058
3454,14,3,0,0,0,17,0.8235294117647058
3455,12,3,0,0,0,15,0.8
3456,13,3,0,0,0,16,0.8125
3457,12,3,0,0,0,15,0.8
3458,13,3,0,0,0,16,0.8125
3459,14,3,0,0,0,17,0.8235294117647058
3460,13,3,0,0,0,16,0.8125
3461,12,3,0,0,0,15,0.8
3462,14,3,0,0,0,17,0.8235294117647058
3463,14,3,0,0,0,17,0.8235294117647058
3464,13,3,1,0,0,17,0.7647058823529411
3465,14,3,0,0,0,17,0.8235294117647058
3466,14,3,0,0,0,17,0.8235294117647058
3467,14,3,0,0,0,17,0.8235294117647058
3468,14,3,0,0,0,17,0.8235294117647058
3469,14,3,0,0,0,17,0.8235294117647058
3470,13,3,0,0,0,16,0.8125
3471,16,3,0,0,0,19,0.8421052631578947
3472,14,3,0,0,0,17,0.8235294117647058
3473,14,3,0,0,0,17,0.8235294117647058
3474,14,3,0,0,0,17,0.8235294117647058
3475,12,3,0,0,0,15,0.8
3476,15,3,0,0,0,18,0.8333333333333334
3477,14,3,0,0,0,17,0.8235294117647058
3478,14,3,0,0,0,17,0.8235294117647058
3479,14,3,0,0,0,17,0.8235294117647058
3480,14,3,0,0,0,17,0.8235294117647058
3481,14,3,0,0,0,17,0.8235294117647058
3482,14,3,0,0,0,17,0.8235294117647058
3483,14,3,0,0,0,17,0.8235294117647058
3484,15,3,0,0,0,18,0.8333333333333334
3485,15,3,0,0,0,18,0.8333333333333334
3486,15,3,0,0,0,18,0.8333333333333334
3487,15,3,0,0,0,18,0.8333333333333334
3488,13,3,0,0,0,16,0.8125
3489,12,3,0,0,0,15,0.8
3490,13,3,0,0,0,16,0.8125
3491,14,3,0,0,0,17,0.8235294117647058
3492,14,3,0,0,0,17,0.8235294117647058
3493,13,3,0,0,0,16,0.8125
3494,14,3,0,0,0,17,0.8235294117647058
3495,14,3,0,0,0,17,0.8235294117647058
3496,13,3,0,0,0,16,0.8125
3497,14,3,1,0,0,18,0.7777777777777778
3498,13,3,1,0,0,17,0.7647058823529411
3499,13,3,0,0,0,16,0.8125
3500,15,3,1,0,0,19,0.7894736842105263
3501,15,3,0,0,0,18,0.8333333333333334
3502,15,3,0,0,0,18,0.8333333333333334
3503,12,3,0,0,0,15,0.8
3504,15,3,0,0,0,18,0.8333333333333334
3505,13,3,0,0,0,16,0.8125
3506,15,3,0,0,0,18,0.8333333333333334
3507,14,3,0,0,0,17,0.8235294117647058
3508,13,3,0,0,0,16,0.8125
3509,14,3,0,0,0,17,0.8235294117647058
3510,14,3,0,0,0,17,0.8235294117647058
3511,14,3,0,0,0,17,0.8235294117647058
3512,13,3,1,0,0,17,0.7647058823529411
3513,16,3,0,0,0,19,0.8421052631578947
3514,13,3,0,0,0,16,0.8125
3515,12,3,0,0,0,15,0.8
3516,12,3,0,0,0,15,0.8
3517,14,3,0,0,0,17,0.8235294117647058
3518,15,3,0,0,0,18,0.8333333333333334
3519,14,3,0,0,0,17,0.8235294117647058
3520,13,3,0,0,0,16,0.8125
3521,15,3,0,0,0,18,0.8333333333333334
3522,13,3,0,0,0,16,0.8125
3523,14,3,0,0,0,17,0.8235294117647058
3524,12,3,0,0,0,15,0.8
3525,13,3,1,0,0,17,0.7647058823529411
3526,13,3,0,0,0,16,0.8125
3527,12,3,0,0,0,15,0.8
3528,14,3,0,0,0,17,0.8235294117647058
3529,14,3,0,0,0,17,0.8235294117647058
3530,13,3,0,0,0,16,0.8125
3531,16,3,0,0,0,19,0.8421052631578947
3532,13,3,0,0,0,16,0.8125
3533,14,3,1,0,0,18,0.7777777777777778
3534,14,3,0,0,0,17,0.8235294117647058
3535,14,3,0,0,0,17,0.8235294117647058
3536,13,3,0,0,0,16,0.8125
3537,14,3,0,0,0,17,0.8235294117647058
3538,13,3,0,0,0,16,0.8125
3539,14,3,0,0,0,17,0.8235294117647058
3540,14,3,0,0,0,17,0.8235294117647058
3541,16,3,1,0,0,20,0.8
3542,15,3,1,0,0,19,0.7894736842105263
3543,13,3,0,0,0,16,0.8125
3544,13,3,0,0,0,16,0.8125
3545,13,3,0,0,0,16,0.8125
3546,14,3,0,0,0,17,0.8235294117647058
3547,14,3,0,0,0,17,0.8235294117647058
3548,15,3,0,0,0,18,0.8333333333333334
3549,13,3,0,0,0,16,0.8125
3550,16,3,1,0,0,20,0.8
3551,12,3,0,0,0,15,0.8
3552,14,3,1,0,0,18,0.7777777777777778
3553,13,3,0,0,0,16,0.8125
3554,13,3,0,0,0,16,0.8125
3555,14,3,0,0,0,17,0.8235294117647058
3556,14,3,0,0,0,17,0.8235294117647058
3557,13,3,0,0,0,16,0.8125
3558,12,3,0,0,0,15,0.8
3559,14,3,0,0,0,17,0.8235294117647058
3560,13,3,0,0,0,16,0.8125
3561,13,3,0,0,0,16,0.8125
3562,13,3,0,0,0,16,0.8125
3563,13,3,0,0,0,16,0.8125
3564,14,3,0,0,0,17,0.8235294117647058
3565,12,3,0,0,0,15,0.8
3566,12,3,0,0,0,15,0.8
3567,14,3,0,0,0,17,0.8235294117647058
3568,13,3,0,0,0,16,0.8125
3569,12,3,0,0,0,15,0.8
3570,13,3,0,0,0,16,0.8125
3571,13,3,0,0,0,16,0.8125
3572,13,3,0,0,0,16,0.8125
3573,12,3,0,0,0,15,0.8
3574,12,3,1,0,0,16,0.75
3575,14,3,0,0,0,17,0.8235294117647058
3576,15,3,0,0,0,18,0.8333333333333334
3577,13,3,0,0,0,16,0.8125
3578,13,3,0,0,0,16,0.8125
3579,12,3,0,0,0,15,0.8
3580,13,3,0,0,0,16,0.8125
3581,13,3,0,0,0,16,0.8125
3582,12,3,0,0,0,15,0.8
3583,13,3,0,0,0,16,0.8125
3584,12,3,0,0,0,15,0.8
3585,14,3,1,0,0,18,0.7777777777777778
3586,13,3,0,0,0,16,0.8125
3587,13,3,0,0,0,16,0.8125
3588,13,3,1,0,0,17,0.7647058823529411
3589,14,3,1,0,0,18,0.7777777777777778
3590,15,3,0,0,0,18,0.8333333333333334
3591,12,3,0,0,0,15,0.8
3592,11,3,0,0,0,14,0.7857142857142857
3593,13,3,0,0,0,16,0.8125
3594,13,3,0,0,0,16,0.8125
3595,12,3,0,0,0,15,0.8
3596,13,3,0,0,0,16,0.8125
3597,12,3,0,0,0,15,0.8
3598,13,3,1,0,0,17,0.7647058823529411
3599,11,3,0,0,0,14,0.7857142857142857
3600,13,3,0,0,0,16,0.8125
3601,14,3,0,0,0,17,0.8235294117647058
3602,13,3,0,0,0,16,0.8125
3603,12,3,0,0,0,15,0.8
3604,12,3,0,0,0,15,0.8
3605,13,3,0,0,0,16,0.8125
3606,13,3,0,0,0,16,0.8125
3607,14,3,0,0,0,17,0.8235294117647058
3608,13,3,0,0,0,16,0.8125
3609,15,3,0,0,0,18,0.8333333333333334
3610,14,3,0,0,0,17,0.8235294117647058
3611,14,3,0,0,0,17,0.8235294117647058
3612,14,3,0,0,0,17,0.8235294117647058
3613,13,3,0,0,0,16,0.8125
3614,15,3,0,0,0,18,0.8333333333333334
3615,14,3,0,0,0,17,0.8235294117647058
3616,14,3,0,0,0,17,0.8235294117647058
3617,14,3,0,0,0,17,0.8235294117647058
3618,12,3,0,0,0,15,0.8
3619,13,3,0,0,0,16,0.8125
3620,15,3,0,0,0,18,0.8333333333333334
3621,15,3,1,0,0,19,0.7894736842105263
3622,13,3,0,0,0,16,0.8125
3623,12,3,0,0,0,15,0.8
3624,15,3,0,0,0,18,0.8333333333333334
3625,14,3,0,0,0,17,0.8235294117647058
3626,13,3,0,0,0,16,0.8125
3627,13,3,0,0,0,16,0.8125
3628,15,3,0,0,0,18,0.8333333333333334
3629,15,3,0,0,0,18,0.8333333333333334
3630,16,3,0,0,0,19,0.8421052631578947
3631,14,3,0,0,0,17,0.8235294117647058
3632,15,3,0,0,0,18,0.8333333333333334
3633,14,3,0,0,0,17,0.8235294117647058
3634,14,3,0,0,0,17,0.8235294117647058
3635,14,3,0,0,0,17,0.8235294117647058
3636,14,3,0,0,0,17,0.8235294117647058
3637,14,3,0,0,0,17,0.8235294117647058
3638,14,3,0,0,0,17,0.8235294117647058
3639,14,3,1,0,0,18,0.7777777777777778
3640,14,3,0,0,0,17,0.8235294117647058
3641,14,3,0,0,0,17,0.8235294117647058
3642,14,3,0,0,0,17,0.8235294117647058
3643,14,3,0,0,0,17,0.8235294117647058
3644,13,3,0,0,0,16,0.8125
3645,13,3,0,0,0,16,0.8125
3646,12,3,0,0,0,15,0.8
3647,13,3,0,0,0,16,0.8125
3648,13,3,1,0,0,17,0.7647058823529411
3649,13,3,0,0,0,16,0.8125
3650,11,3,0,0,0,14,0.7857142857142857
3651,13,3,0,0,0,16,0.8125
3652,13,3,0,0,0,16,0.8125
3653,12,3,0,0,0,15,0.8
3654,13,3,0,0,0,16,0.8125
3655,12,3,0,0,0,15,0.8
3656,13,3,0,0,0,16,0.8125
3657,14,2,0,0,0,16,0.875
3658,14,3,0,0,0,17,0.8235294117647058
3659,14,3,0,0,0,17,0.8235294117647058
3660,12,3,0,0,0,15,0.8
3661,13,3,0,0,0,16,0.8125
3662,12,3,0,0,0,15,0.8
3663,13,3,0,0,0,16,0.8125
3664,14,3,0,0,0,17,0.8235294117647058
3665,13,3,0,0,0,16,0.8125
3666,13,3,0,0,0,16,0.8125
3667,13,3,0,0,0,16,0.8125
3668,12,3,0,0,0,15,0.8
3669,13,3,0,0,0,16,0.8125
3670,13,3,1,0,0,17,0.7647058823529411
3671,13,3,0,0,0,16,0.8125
3672,14,3,0,0,0,17,0.8235294117647058
3673,14,3,0,0,0,17,0.8235294117647058
3674,14,3,0,0,0,17,0.8235294117647058
3675,14,3,0,0,0,17,0.8235294117647058
3676,13,3,0,0,0,16,0.8125
3677,14,3,0,0,0,17,0.8235294117647058
3678,14,3,0,0,0,17,0.8235294117647058
3679,14,3,0,0,0,17,0.8235294117647058
3680,13,2,0,0,0,15,0.8666666666666667
3681,12,3,0,0,0,15,0.8
3682,13,3,0,0,0,16,0.8125
3683,14,3,0,0,0,17,0.8235294117647058
3684,13,3,0,0,0,16,0.8125
3685,14,3,0,0,0,17,0.8235294117647058
3686,12,3,0,0,0,15,0.8
3687,13,3,0,0,0,16,0.8125
3688,14,3,0,0,0,17,0.8235294117647058
3689,14,3,0,0,0,17,0.8235294117647058
3690,14,3,0,0,0,17,0.8235294117647058
3691,14,3,0,0,0,17,0.8235294117647058
3692,14,3,0,0,0,17,0.8235294117647058
3693,14,3,0,0,0,17,0.8235294117647058
3694,14,3,0,0,0,17,0.8235294117647058
3695,13,3,0,0,0,16,0.8125
3696,13,3,0,0,0,16,0.8125
3697,15,3,0,0,0,18,0.8333333333333334
3698,13,3,0,0,0,16,0.8125
3699,13,3,0,0,0,16,0.8125
3700,14,3,0,0,0,17,0.8235294117647058
3701,13,3,0,0,0,16,0.8125
3702,13,3,0,0,0,16,0.8125
3703,13,3,0,0,0,16,0.8125
3704,13,2,0,0,0,15,0.8666666666666667
3705,13,3,0,0,0,16,0.8125
3706,14,3,0,0,0,17,0.8235294117647058
3707,12,3,0,0,0,15,0.8
3708,14,3,0,0,0,17,0.8235294117647058
3709,12,3,0,0,0,15,0.8
3710,13,3,0,0,0,16,0.8125
3711,13,3,0,0,0,16,0.8125
3712,13,3,0,0,0,16,0.8125
3713,14,3,0,0,0,17,0.8235294117647058
3714,13,3,0,0,0,16,0.8125
3715,14,3,0,0,0,17,0.8235294117647058
3716,13,3,0,0,0,16,0.8125
3717,14,3,0,0,0,17,0.8235294117647058
3718,13,3,0,0,0,16,0.8125
3719,13,3,0,0,0,16,0.8125
3720,13,3,0,0,0,16,0.8125
3721,14,3,0,0,0,17,0.8235294117647058
3722,13,3,0,0,0,16,0.8125
3723,14,3,0,0,0,17,0.8235294117647058
3724,12,3,0,0,0,15,0.8
3725,14,3,0,0,0,17,0.8235294117647058
3726,13,3,0,0,0,16,0.8125
3727,14,2,0,0,0,16,0.875
3728,14,2,0,0,0,16,0.875
3729,13,2,0,0,0,15,0.8666666666666667
3730,13,2,0,0,0,15,0.8666666666666667
3731,13,3,0,0,0,16,0.8125
3732,14,3,0,0,0,17,0.8235294117647058
3733,12,2,0,0,0,14,0.8571428571428571
3734,13,3,0,0,0,16,0.8125
3735,13,3,0,0,0,16,0.8125
3736,13,3,0,0,0,16,0.8125
3737,13,3,0,0,0,16,0.8125
3738,13,3,0,0,0,16,0.8125
3739,13,3,0,0,0,16,0.8125
3740,13,3,0,0,0,16,0.8125
3741,13,2,0,0,0,15,0.8666666666666667
3742,14,3,0,0,0,17,0.8235294117647058
3743,12,3,0,0,0,15,0.8
3744,13,3,0,0,0,16,0.8125
3745,13,3,0,0,0,16,0.8125
3746,13,2,0,0,0,15,0.8666666666666667
3747,14,2,0,0,0,16,0.875
3748,13,2,0,0,0,15,0.8666666666666667
3749,13,3,0,0,0,16,0.8125
3750,12,2,0,0,0,14,0.8571428571428571
3751,12,3,0,0,0,15,0.8
3752,13,3,0,0,0,16,0.8125
3753,13,3,0,0,0,16,0.8125
3754,14,3,0,0,0,17,0.8235294117647058
3755,13,3,0,0,0,16,0.8125
3756,13,3,0,0,0,16,0.8125
3757,13,2,0,0,0,15,0.8666666666666667
3758,13,2,0,0,0,15,0.8666666666666667
3759,13,2,0,0,0,15,0.8666666666666667
3760,12,3,0,0,0,15,0.8
3761,13,3,0,0,0,16,0.8125
3762,13,2,0,0,0,15,0.8666666666666667
3763,13,2,0,0,0,15,0.8666666666666667
3764,12,2,0,0,0,14,0.8571428571428571
3765,12,2,0,0,0,14,0.8571428571428571
3766,13,3,0,0,0,16,0.8125
3767,13,3,0,0,0,16,0.8125
3768,14,3,0,0,0,17,0.8235294117647058
3769,13,3,0,0,0,16,0.8125
3770,13,3,0,0,0,16,0.8125
3771,13,2,0,0,0,15,0.8666666666666667
3772,13,3,0,0,0,16,0.8125
3773,14,3,0,0,0,17,0.8235294117647058
3774,14,3,0,0,0,17,0.8235294117647058
3775,13,3,0,0,0,16,0.8125
3776,13,3,0,0,0,16,0.8125
3777,13,3,0,0,0,16,0.8125
3778,14,3,0,0,0,17,0.8235294117647058
3779,13,3,0,0,0,16,0.8125
3780,14,2,0,0,0,16,0.875
3781,12,3,0,0,0,15,0.8
3782,13,2,0,0,0,15,0.8666666666666667
3783,12,3,0,0,0,15,0.8
3784,13,3,0,0,0,16,0.8125
3785,12,2,0,0,0,14,0.8571428571428571
3786,12,3,0,0,0,15,0.8
3787,12,3,0,0,0,15,0.8
3788,14,3,0,0,0,17,0.8235294117647058
3789,14,3,0,0,0,17,0.8235294117647058
3790,13,3,0,0,0,16,0.8125
3791,14,3,0,0,0,17,0.8235294117647058
3792,13,3,0,0,0,16,0.8125
3793,14,3,0,0,0,17,0.8235294117647058
3794,14,3,0,0,0,17,0.8235294117647058
3795,13,3,0,0,0,16,0.8125
3796,13,3,0,0,0,16,0.8125
3797,14,3,0,0,0,17,0.8235294117647058
3798,13,3,0,0,0,16,0.8125
3799,14,3,0,0,0,17,0.8235294117647058
3800,14,3,0,0,0,17,0.8235294117647058
3801,13,3,0,0,0,16,0.8125
3802,13,3,0,0,0,16,0.8125
3803,14,3,0,0,0,17,0.8235294117647058
3804,13,3,0,0,0,16,0.8125
3805,12,3,0,0,0,15,0.8
3806,13,3,0,0,0,16,0.8125
3807,14,3,0,0,0,17,0.8235294117647058
3808,12,3,0,0,0,15,0.8
3809,13,3,0,0,0,16,0.8125
3810,13,3,0,0,0,16,0.8125
3811,13,3,0,0,0,16,0.8125
3812,13,3,0,0,0,16,0.8125
3813,13,3,0,0,0,16,0.8125
3814,13,3,0,0,0,16,0.8125
3815,13,3,0,0,0,16,0.8125
3816,12,3,0,0,0,15,0.8
3817,13,3,0,0,0,16,0.8125
3818,13,3,0,0,0,16,0.8125
3819,14,3,0,0,0,17,0.8235294117647058
3820,13,3,0,0,0,16,0.8125
3821,12,3,0,0,0,15,0.8
3822,13,3,0,0,0,16,0.8125
3823,13,3,0,0,0,16,0.8125
3824,13,3,0,0,0,16,0.8125
3825,13,3,0,0,0,16,0.8125
3826,13,3,0,0,0,16,0.8125
3827,13,3,0,0,0,16,0.8125
3828,13,3,0,0,0,16,0.8125
3829,11,3,0,0,0,14,0.7857142857142857
3830,13,3,0,0,0,16,0.8125
3831,13,3,0,0,0,16,0.8125
3832,12,3,0,0,0,15,0.8
3833,13,3,0,0,0,16,0.8125
3834,13,3,0,0,0,16,0.8125
3835,12,2,0,0,0,14,0.8571428571428571
3836,12,2,0,0,0,14,0.8571428571428571
3837,13,3,0,0,0,16,0.8125
3838,13,2,0,0,0,15,0.8666666666666667
3839,12,2,0,0,0,14,0.8571428571428571
3840,13,2,0,0,0,15,0.8666666666666667
3841,13,3,0,0,0,16,0.8125
3842,12,3,0,0,0,15,0.8
3843,13,2,0,0,0,15,0.8666666666666667
3844,13,2,0,0,0,15,0.8666666666666667
3845,13,2,0,0,0,15,0.8666666666666667
3846,13,2,0,0,0,15,0.8666666666666667
3847,13,2,0,0,0,15,0.8666666666666667
3848,13,2,0,0,0,15,0.8666666666666667
3849,13,2,0,0,0,15,0.8666666666666667
3850,13,2,0,0,0,15,0.8666666666666667
3851,12,2,0,0,0,14,0.8571428571428571
3852,12,3,0,0,0,15,0.8
3853,13,2,0,0,0,15,0.8666666666666667
3854,13,3,0,0,0,16,0.8125
3855,11,3,0,0,0,14,0.7857142857142857
3856,14,2,0,0,0,16,0.875
3857,13,2,0,0,0,15,0.8666666666666667
3858,12,2,0,0,0,14,0.8571428571428571
3859,13,2,0,0,0,15,0.8666666666666667
3860,12,3,0,0,0,15,0.8
3861,13,2,0,0,0,15,0.8666666666666667
3862,13,2,0,0,0,15,0.8666666666666667
3863,14,3,0,0,0,17,0.8235294117647058
3864,13,3,0,0,0,16,0.8125
3865,13,2,0,0,0,15,0.8666666666666667
3866,13,3,0,0,0,16,0.8125
3867,13,3,0,0,0,16,0.8125
3868,12,3,0,0,0,15,0.8
3869,11,2,0,0,0,13,0.8461538461538461
3870,12,3,0,0,0,15,0.8
3871,13,3,0,0,0,16,0.8125
3872,13,3,0,0,0,16,0.8125
3873,13,3,0,0,0,16,0.8125
3874,13,3,0,0,0,16,0.8125
3875,13,3,0,0,0,16,0.8125
3876,13,3,1,0,0,17,0.7647058823529411
3877,13,3,0,0,0,16,0.8125
3878,13,3,0,0,0,16,0.8125
3879,12,3,0,0,0,15,0.8
3880,13,3,0,0,0,16,0.8125
3881,12,2,0,0,0,14,0.8571428571428571
3882,13,2,0,0,0,15,0.8666666666666667
3883,13,2,0,0,0,15,0.8666666666666667
3884,13,3,0,0,0,16,0.8125
3885,13,3,0,0,0,16,0.8125
3886,13,3,0,0,0,16,0.8125
3887,12,3,0,0,0,15,0.8
3888,13,3,0,0,0,16,0.8125
3889,13,3,0,0,0,16,0.8125
3890,13,3,0,0,0,16,0.8125
3891,13,3,0,0,0,16,0.8125
3892,14,3,0,0,0,17,0.8235294117647058
3893,12,3,0,0,0,15,0.8
3894,12,3,0,0,0,15,0.8
3895,13,3,0,0,0,16,0.8125
3896,13,3,0,0,0,16,0.8125
3897,12,3,0,0,0,15,0.8
3898,13,3,0,0,0,16,0.8125
3899,11,3,0,0,0,14,0.7857142857142857
3900,13,3,0,0,0,16,0.8125
3901,13,3,0,0,0,16,0.8125
3902,12,3,0,0,0,15,0.8
3903,13,3,0,0,0,16,0.8125
3904,12,2,0,0,0,14,0.8571428571428571
3905,13,2,0,0,0,15,0.8666666666666667
3906,13,2,0,0,0,15,0.8666666666666667
3907,13,2,0,0,0,15,0.8666666666666667
3908,12,2,0,0,0,14,0.8571428571428571
3909,13,3,0,0,0,16,0.8125
3910,15,3,0,0,0,18,0.8333333333333334
3911,13,3,0,0,0,16,0.8125
3912,13,3,0,0,0,16,0.8125
3913,13,3,0,0,0,16,0.8125
3914,12,3,0,0,0,15,0.8
3915,12,3,0,0,0,15,0.8
3916,14,3,0,0,0,17,0.8235294117647058
3917,14,3,0,0,0,17,0.8235294117647058
3918,12,2,0,0,0,14,0.8571428571428571
3919,12,2,0,0,0,14,0.8571428571428571
3920,13,3,0,0,0,16,0.8125
3921,12,3,0,0,0,15,0.8
3922,14,3,0,0,0,17,0.8235294117647058
3923,13,3,0,0,0,16,0.8125
3924,13,3,0,0,0,16,0.8125
3925,14,3,0,0,0,17,0.8235294117647058
3926,14,3,0,0,0,17,0.8235294117647058
3927,14,3,0,0,0,17,0.8235294117647058
3928,12,3,0,0,0,15,0.8
3929,12,3,0,0,0,15,0.8
3930,12,3,0,0,0,15,0.8
3931,11,3,0,0,0,14,0.7857142857142857
3932,11,3,0,0,0,14,0.7857142857142857
3933,13,3,0,0,0,16,0.8125
3934,14,3,0,0,0,17,0.8235294117647058
3935,14,3,0,0,0,17,0.8235294117647058
3936,13,3,0,0,0,16,0.8125
3937,14,3,0,0,0,17,0.8235294117647058
3938,14,3,0,0,0,17,0.8235294117647058
3939,14,3,0,0,0,17,0.8235294117647058
3940,13,3,0,0,0,16,0.8125
3941,13,3,0,0,0,16,0.8125
3942,12,3,0,0,0,15,0.8
3943,13,3,0,0,0,16,0.8125
3944,13,3,0,0,0,16,0.8125
3945,13,3,0,0,0,16,0.8125
3946,13,3,0,0,0,16,0.8125
3947,13,3,0,0,0,16,0.8125
3948,13,3,0,0,0,16,0.8125
3949,13,3,0,0,0,16,0.8125
3950,12,3,0,0,0,15,0.8
3951,14,3,0,0,0,17,0.8235294117647058
3952,12,3,0,0,0,15,0.8
3953,13,3,0,0,0,16,0.8125
3954,13,3,0,0,0,16,0.8125
3955,13,3,0,0,0,16,0.8125
3956,13,3,0,0,0,16,0.8125
3957,13,3,0,0,0,16,0.8125
3958,13,3,0,0,0,16,0.8125
3959,14,3,0,0,0,17,0.8235294117647058
3960,13,3,0,0,0,16,0.8125
3961,14,3,0,0,0,17,0.8235294117647058
3962,12,3,0,0,0,15,0.8
3963,11,3,1,0,0,15,0.7333333333333333
3964,14,3,0,0,0,17,0.8235294117647058
3965,13,3,0,0,0,16,0.8125
3966,12,3,0,0,0,15,0.8
3967,13,3,0,0,0,16,0.8125
3968,12,3,0,0,0,15,0.8
3969,14,3,1,0,0,18,0.7777777777777778
3970,12,3,0,0,0,15,0.8
3971,13,3,0,0,0,16,0.8125
3972,12,3,0,0,0,15,0.8
3973,14,3,0,0,0,17,0.8235294117647058
3974,13,3,0,0,0,16,0.8125
3975,12,3,0,0,0,15,0.8
3976,14,3,1,0,0,18,0.7777777777777778
3977,13,3,1,0,0,17,0.7647058823529411
3978,15,3,0,0,0,18,0.8333333333333334
3979,12,3,0,0,0,15,0.8
3980,14,3,0,0,0,17,0.8235294117647058
3981,14,3,1,0,0,18,0.7777777777777778
3982,13,3,0,0,0,16,0.8125
3983,14,3,0,0,0,17,0.8235294117647058
3984,15,3,0,0,0,18,0.8333333333333334
3985,14,3,0,0,0,17,0.8235294117647058
3986,16,3,0,0,0,19,0.8421052631578947
3987,13,3,0,0,0,16,0.8125
3988,14,2,0,0,0,16,0.875
3989,14,2,0,0,0,16,0.875
3990,13,2,0,0,0,15,0.8666666666666667
3991,14,2,0,0,0,16,0.875
3992,15,2,0,0,0,17,0.8823529411764706
3993,15,2,0,0,0,17,0.8823529411764706
3994,14,2,0,0,0,16,0.875
3995,13,2,0,0,0,15,0.8666666666666667
3996,15,2,0,0,0,17,0.8823529411764706
3997,15,2,0,0,0,17,0.8823529411764706
3998,14,2,0,0,0,16,0.875
3999,15,3,0,0,0,18,0.8333333333333334
4000,13,2,0,0,0,15,0.8666666666666667
4001,14,2,0,0,0,16,0.875
4002,16,2,0,0,0,18,0.8888888888888888
4003,14,2,0,0,0,16,0.875
4004,14,3,0,0,0,17,0.8235294117647058
4005,14,3,0,0,0,17,0.8235294117647058
4006,16,3,0,0,0,19,0.8421052631578947
4007,15,3,1,0,0,19,0.7894736842105263
4008,14,2,0,0,0,16,0.875
4009,14,2,0,0,0,16,0.875
4010,15,2,0,0,0,17,0.8823529411764706
4011,13,3,0,0,0,16,0.8125
4012,12,2,0,0,0,14,0.8571428571428571
4013,14,2,0,0,0,16,0.875
4014,14,2,0,0,0,16,0.875
4015,15,2,0,0,0,17,0.8823529411764706
4016,12,3,0,0,0,15,0.8
4017,13,3,0,0,0,16,0.8125
4018,13,3,0,0,0,16,0.8125
4019,15,3,0,0,0,18,0.8333333333333334
4020,15,3,0,0,0,18,0.8333333333333334
4021,14,3,0,0,0,17,0.8235294117647058
4022,15,3,0,0,0,18,0.8333333333333334
4023,14,3,0,0,0,17,0.8235294117647058
4024,14,2,0,0,0,16,0.875
4025,15,3,0,0,0,18,0.8333333333333334
4026,13,3,0,0,0,16,0.8125
4027,14,3,0,0,0,17,0.8235294117647058
4028,15,3,1,0,0,19,0.7894736842105263
4029,14,3,0,0,0,17,0.8235294117647058
4030,14,3,0,0,0,17,0.8235294117647058
4031,15,3,0,0,0,18,0.8333333333333334
4032,15,3,0,0,0,18,0.8333333333333334
4033,13,2,0,0,0,15,0.8666666666666667
4034,14,2,0,0,0,16,0.875
4035,14,3,0,0,0,17,0.8235294117647058
4036,13,2,0,0,0,15,0.8666666666666667
4037,13,2,0,0,0,15,0.8666666666666667
4038,15,3,0,0,0,18,0.8333333333333334
4039,13,3,0,0,0,16,0.8125
4040,14,3,0,0,0,17,0.8235294117647058
4041,12,3,0,0,0,15,0.8
4042,14,3,0,0,0,17,0.8235294117647058
4043,14,3,0,0,0,17,0.8235294117647058
4044,13,3,0,0,0,16,0.8125
4045,14,3,0,0,0,17,0.8235294117647058
4046,14,3,0,0,0,17,0.8235294117647058
4047,14,3,0,0,0,17,0.8235294117647058
4048,13,3,0,0,0,16,0.8125
4049,12,3,0,0,0,15,0.8
4050,13,3,0,0,0,16,0.8125
4051,14,3,0,0,0,17,0.8235294117647058
4052,13,3,0,0,0,16,0.8125
4053,13,3,0,0,0,16,0.8125
4054,13,2,0,0,0,15,0.8666666666666667
4055,14,3,0,0,0,17,0.8235294117647058
4056,14,2,0,0,0,16,0.875
4057,13,3,0,0,0,16,0.8125
4058,14,3,0,0,0,17,0.8235294117647058
4059,16,2,0,0,0,18,0.8888888888888888
4060,15,2,1,0,0,18,0.8333333333333334
4061,15,2,0,0,0,17,0.8823529411764706
4062,15,2,1,0,0,18,0.8333333333333334
4063,15,3,0,0,0,18,0.8333333333333334
4064,15,2,0,0,0,17,0.8823529411764706
4065,14,2,0,0,0,16,0.875
4066,16,3,1,0,0,20,0.8
4067,15,2,1,0,0,18,0.8333333333333334
4068,15,2,0,0,0,17,0.8823529411764706
4069,16,2,0,0,0,18,0.8888888888888888
4070,15,2,1,0,0,18,0.8333333333333334
4071,16,2,0,0,0,18,0.8888888888888888
4072,17,2,1,0,0,20,0.85
4073,15,2,0,0,0,17,0.8823529411764706
4074,16,2,0,0,0,18,0.8888888888888888
4075,15,2,0,0,0,17,0.8823529411764706
4076,15,2,0,0,0,17,0.8823529411764706
4077,15,2,1,0,0,18,0.8333333333333334
4078,15,2,0,0,0,17,0.8823529411764706
4079,14,2,0,0,0,16,0.875
4080,15,2,0,0,0,17,0.8823529411764706
4081,15,2,0,0,0,17,0.8823529411764706
4082,14,2,0,0,0,16,0.875
4083,14,2,0,0,0,16,0.875
4084,16,2,0,0,0,18,0.8888888888888888
4085,15,2,1,0,0,18,0.8333333333333334
4086,13,2,0,0,0,15,0.8666666666666667
4087,13,2,0,0,0,15,0.8666666666666667
4088,13,2,0,0,0,15,0.8666666666666667
4089,16,2,0,0,0,18,0.8888888888888888
4090,15,2,0,0,0,17,0.8823529411764706
4091,13,2,0,0,0,15,0.8666666666666667
4092,12,2,1,0,0,15,0.8
4093,13,2,0,0,0,15,0.8666666666666667
4094,15,2,0,0,0,17,0.8823529411764706
4095,16,2,0,0,0,18,0.8888888888888888
4096,16,2,1,0,0,19,0.8421052631578947
4097,15,2,1,0,0,18,0.8333333333333334
4098,17,2,0,0,0,19,0.8947368421052632
4099,14,1,1,0,0,16,0.875
4100,12,2,1,0,0,15,0.8
4101,15,2,0,0,0,17,0.8823529411764706
4102,16,2,0,0,0,18,0.8888888888888888
4103,15,3,0,0,0,18,0.8333333333333334
4104,14,3,0,0,0,17,0.8235294117647058
4105,14,3,0,0,0,17,0.8235294117647058
4106,16,3,0,0,0,19,0.8421052631578947
4107,18,2,1,0,0,21,0.8571428571428571
4108,16,3,0,0,0,19,0.8421052631578947
4109,16,2,0,0,0,18,0.8888888888888888
4110,16,2,1,0,0,19,0.8421052631578947
4111,15,3,0,0,0,18,0.8333333333333334
4112,15,2,0,0,0,17,0.8823529411764706
4113,16,2,0,0,0,18,0.8888888888888888
4114,15,2,0,0,0,17,0.8823529411764706
4115,14,2,1,0,0,17,0.8235294117647058
4116,16,2,0,0,0,18,0.8888888888888888
4117,14,2,0,0,0,16,0.875
4118,13,2,0,0,0,15,0.8666666666666667
4119,16,2,0,0,0,18,0.8888888888888888
4120,14,2,0,0,0,16,0.875
4121,15,2,0,0,0,17,0.8823529411764706
4122,16,3,1,0,0,20,0.8
4123,14,3,0,0,0,17,0.8235294117647058
4124,16,2,0,0,0,18,0.8888888888888888
4125,13,2,0,0,0,15,0.8666666666666667
4126,15,3,0,0,0,18,0.8333333333333334
4127,16,2,0,0,0,18,0.8888888888888888
4128,15,3,0,0,0,18,0.8333333333333334
4129,16,2,1,0,0,19,0.8421052631578947
4130,15,2,0,0,0,17,0.8823529411764706
4131,15,2,1,0,0,18,0.8333333333333334
4132,15,2,1,0,0,18,0.8333333333333334
4133,14,2,0,0,0,16,0.875
4134,15,2,1,0,0,18,0.8333333333333334
4135,17,3,0,0,0,20,0.85
4136,16,3,1,0,0,20,0.8
4137,17,3,0,0,0,20,0.85
4138,17,3,0,0,0,20,0.85
4139,16,3,0,0,0,19,0.8421052631578947
4140,16,3,0,0,0,19,0.8421052631578947
4141,16,2,1,0,0,19,0.8421052631578947
4142,15,3,0,0,0,18,0.8333333333333334
4143,16,3,0,0,0,19,0.8421052631578947
4144,15,3,0,0,0,18,0.8333333333333334
4145,16,3,0,0,0,19,0.8421052631578947
4146,16,3,0,0,0,19,0.8421052631578947
4147,15,3,1,0,0,19,0.7894736842105263
4148,14,3,0,0,0,17,0.8235294117647058
4149,16,3,0,0,0,19,0.8421052631578947
4150,15,3,1,0,0,19,0.7894736842105263
4151,15,3,0,0,0,18,0.8333333333333334
4152,16,3,0,0,0,19,0.8421052631578947
4153,16,3,0,0,0,19,0.8421052631578947
4154,14,3,0,0,0,17,0.8235294117647058
4155,18,3,0,0,0,21,0.8571428571428571
4156,16,3,0,0,0,19,0.8421052631578947
4157,15,3,0,0,0,18,0.8333333333333334
4158,15,4,0,0,0,19,0.7894736842105263
4159,15,3,1,0,0,19,0.7894736842105263
4160,15,3,0,0,0,18,0.8333333333333334
4161,16,3,1,0,0,20,0.8
4162,16,3,0,0,0,19,0.8421052631578947
4163,15,3,0,0,0,18,0.8333333333333334
4164,15,3,0,0,0,18,0.8333333333333334
4165,14,3,1,0,0,18,0.7777777777777778
4166,15,3,0,0,0,18,0.8333333333333334
4167,16,3,0,0,0,19,0.8421052631578947
4168,16,3,1,0,0,20,0.8
4169,16,3,1,0,0,20,0.8
4170,13,2,0,0,0,15,0.8666666666666667
4171,15,3,1,0,0,19,0.7894736842105263
4172,16,3,0,0,0,19,0.8421052631578947
4173,16,3,0,0,0,19,0.8421052631578947
4174,14,3,0,0,0,17,0.8235294117647058
4175,15,3,0,0,0,18,0.8333333333333334
4176,17,3,0,0,0,20,0.85
4177,14,3,1,0,0,18,0.7777777777777778
4178,14,4,1,0,0,19,0.7368421052631579
4179,14,3,1,0,0,18,0.7777777777777778
4180,13,3,0,0,0,16,0.8125
4181,16,3,1,0,0,20,0.8
4182,16,3,0,0,0,19,0.8421052631578947
4183,15,3,1,0,0,19,0.7894736842105263
4184,15,3,0,0,0,18,0.8333333333333334
4185,14,2,0,0,0,16,0.875
4186,15,3,0,0,0,18,0.8333333333333334
4187,14,2,0,0,0,16,0.875
4188,15,3,0,0,0,18,0.8333333333333334
4189,15,4,0,0,0,19,0.7894736842105263
4190,15,3,0,0,0,18,0.8333333333333334
4191,16,3,0,0,0,19,0.8421052631578947
4192,14,3,0,0,0,17,0.8235294117647058
4193,15,3,1,0,0,19,0.7894736842105263
4194,16,3,0,0,0,19,0.8421052631578947
4195,12,3,0,0,0,15,0.8
4196,16,3,1,0,0,20,0.8
4197,17,3,0,0,0,20,0.85
4198,15,3,0,0,0,18,0.8333333333333334
4199,17,3,0,0,0,20,0.85
4200,15,3,0,0,0,18,0.8333333333333334
4201,15,3,1,0,0,19,0.7894736842105263
4202,15,3,0,0,0,18,0.8333333333333334
4203,15,3,0,0,0,18,0.8333333333333334
4204,16,3,0,0,0,19,0.8421052631578947
4205,15,3,0,0,0,18,0.8333333333333334
4206,17,3,0,0,0,20,0.85
4207,13,3,1,0,0,17,0.7647058823529411
4208,14,3,1,0,0,18,0.7777777777777778
4209,14,3,1,0,0,18,0.7777777777777778
4210,14,3,1,0,0,18,0.7777777777777778
4211,16,3,0,0,0,19,0.8421052631578947
4212,14,3,0,0,0,17,0.8235294117647058
4213,17,3,0,0,0,20,0.85
4214,15,3,0,0,0,18,0.8333333333333334
4215,14,3,0,0,0,17,0.8235294117647058
4216,16,2,0,0,0,18,0.8888888888888888
4217,14,3,1,0,0,18,0.7777777777777778
4218,15,3,0,0,0,18,0.8333333333333334
4219,16,3,1,0,0,20,0.8
4220,15,3,0,0,0,18,0.8333333333333334
4221,16,3,0,0,0,19,0.8421052631578947
4222,16,3,0,0,0,19,0.8421052631578947
4223,13,3,0,0,0,16,0.8125
4224,15,3,0,0,0,18,0.8333333333333334
4225,16,3,0,0,0,19,0.8421052631578947
4226,16,3,0,0,0,19,0.8421052631578947
4227,15,3,0,0,0,18,0.8333333333333334
4228,15,3,0,0,0,18,0.8333333333333334
4229,15,3,0,0,0,18,0.8333333333333334
4230,15,3,0,0,0,18,0.8333333333333334
4231,14,3,0,0,0,17,0.8235294117647058
4232,17,3,0,0,0,20,0.85
4233,17,3,0,0,0,20,0.85
4234,14,3,0,0,0,17,0.8235294117647058
4235,15,3,0,0,0,18,0.8333333333333334
4236,15,3,0,0,0,18,0.8333333333333334
4237,15,3,0,0,0,18,0.8333333333333334
4238,14,3,0,0,0,17,0.8235294117647058
4239,15,3,0,0,0,18,0.8333333333333334
4240,16,3,0,0,0,19,0.8421052631578947
4241,17,3,0,0,0,20,0.85
4242,15,3,0,0,0,18,0.8333333333333334
4243,16,3,0,0,0,19,0.8421052631578947
4244,15,3,0,0,0,18,0.8333333333333334
4245,16,3,1,0,0,20,0.8
4246,15,3,0,0,0,18,0.8333333333333334
4247,15,3,0,0,0,18,0.8333333333333334
4248,15,3,0,0,0,18,0.8333333333333334
4249,13,3,0,0,0,16,0.8125
4250,15,4,0,0,0,19,0.7894736842105263
4251,16,3,0,0,0,19,0.8421052631578947
4252,16,3,0,0,0,19,0.8421052631578947
4253,16,3,0,0,0,19,0.8421052631578947
4254,16,3,0,0,0,19,0.8421052631578947
4255,15,3,0,0,0,18,0.8333333333333334
4256,15,3,0,0,0,18,0.8333333333333334
4257,14,3,0,0,0,17,0.8235294117647058
4258,16,3,0,0,0,19,0.8421052631578947
4259,16,3,0,0,0,19,0.8421052631578947
4260,15,3,0,0,0,18,0.8333333333333334
4261,15,3,0,0,0,18,0.8333333333333334
4262,15,3,0,0,0,18,0.8333333333333334
4263,15,3,0,0,0,18,0.8333333333333334
4264,14,3,0,0,0,17,0.8235294117647058
4265,14,3,0,0,0,17,0.8235294117647058
4266,13,3,0,0,0,16,0.8125
4267,16,3,0,0,0,19,0.8421052631578947
4268,15,3,0,0,0,18,0.8333333333333334
4269,15,3,0,0,0,18,0.8333333333333334
4270,15,3,0,0,0,18,0.8333333333333334
4271,15,3,0,0,0,18,0.8333333333333334
4272,16,3,0,0,0,19,0.8421052631578947
4273,15,3,0,0,0,18,0.8333333333333334
4274,16,3,0,0,0,19,0.8421052631578947
4275,16,3,0,0,0,19,0.8421052631578947
4276,14,3,0,0,0,17,0.8235294117647058
4277,16,3,0,0,0,19,0.8421052631578947
4278,15,3,0,0,0,18,0.8333333333333334
4279,15,3,0,0,0,18,0.8333333333333334
4280,17,3,0,0,0,20,0.85
4281,15,3,0,0,0,18,0.8333333333333334
4282,15,3,0,0,0,18,0.8333333333333334
4283,14,3,1,0,0,18,0.7777777777777778
4284,15,3,0,0,0,18,0.8333333333333334
4285,14,3,0,0,0,17,0.8235294117647058
4286,15,3,0,0,0,18,0.8333333333333334
4287,15,3,0,0,0,18,0.8333333333333334
4288,14,3,0,0,0,17,0.8235294117647058
4289,14,3,0,0,0,17,0.8235294117647058
4290,17,3,0,0,0,20,0.85
4291,15,3,0,0,0,18,0.8333333333333334
4292,16,3,0,0,0,19,0.8421052631578947
4293,14,3,0,0,0,17,0.8235294117647058
4294,16,3,1,0,0,20,0.8
4295,14,3,0,0,0,17,0.8235294117647058
4296,17,3,0,0,0,20,0.85
4297,15,2,0,0,0,17,0.8823529411764706
4298,17,3,0,0,0,20,0.85
4299,15,3,0,0,0,18,0.8333333333333334
4300,15,3,0,0,0,18,0.8333333333333334
4301,13,3,0,0,0,16,0.8125
4302,17,3,0,0,0,20,0.85
4303,14,3,0,0,0,17,0.8235294117647058
4304,16,3,0,0,0,19,0.8421052631578947
4305,17,3,0,0,0,20,0.85
4306,16,3,0,0,0,19,0.8421052631578947
4307,14,3,0,0,0,17,0.8235294117647058
4308,14,3,0,0,0,17,0.8235294117647058
4309,16,2,0,0,0,18,0.8888888888888888
4310,16,3,0,0,0,19,0.8421052631578947
4311,17,4,0,0,0,21,0.8095238095238095
4312,15,3,0,0,0,18,0.8333333333333334
4313,17,3,0,0,0,20,0.85
4314,15,3,0,0,0,18,0.8333333333333334
4315,14,3,0,0,0,17,0.8235294117647058
4316,16,3,0,0,0,19,0.8421052631578947
4317,14,3,0,0,0,17,0.8235294117647058
4318,16,3,0,0,0,19,0.8421052631578947
4319,16,3,0,0,0,19,0.8421052631578947
4320,14,3,0,0,0,17,0.8235294117647058
4321,17,2,1,0,0,20,0.85
4322,15,3,0,0,0,18,0.8333333333333334
4323,17,3,0,0,0,20,0.85
4324,16,3,0,0,0,19,0.8421052631578947
4325,15,4,0,0,0,19,0.7894736842105263
4326,13,3,0,0,0,16,0.8125
4327,16,3,0,0,0,19,0.8421052631578947
4328,16,3,0,0,0,19,0.8421052631578947
4329,15,3,0,0,0,18,0.8333333333333334
4330,14,3,0,0,0,17,0.8235294117647058
4331,15,3,0,0,0,18,0.8333333333333334
4332,16,3,0,0,0,19,0.8421052631578947
4333,15,3,0,0,0,18,0.8333333333333334
4334,14,3,0,0,0,17,0.8235294117647058
4335,17,3,0,0,0,20,0.85
4336,14,3,0,0,0,17,0.8235294117647058
4337,14,3,0,0,0,17,0.8235294117647058
4338,15,3,0,0,0,18,0.8333333333333334
4339,16,3,0,0,0,19,0.8421052631578947
4340,14,3,0,0,0,17,0.8235294117647058
4341,15,3,0,0,0,18,0.8333333333333334
4342,15,3,0,0,0,18,0.8333333333333334
4343,16,3,0,0,0,19,0.8421052631578947
4344,15,2,0,0,0,17,0.8823529411764706
4345,15,3,0,0,0,18,0.8333333333333334
4346,15,3,0,0,0,18,0.8333333333333334
4347,15,3,0,0,0,18,0.8333333333333334
4348,16,3,0,0,0,19,0.8421052631578947
4349,16,3,0,0,0,19,0.8421052631578947
4350,14,3,0,0,0,17,0.8235294117647058
4351,14,3,0,0,0,17,0.8235294117647058
4352,13,2,0,0,0,15,0.8666666666666667
4353,15,3,1,0,0,19,0.7894736842105263
4354,15,3,1,0,0,19,0.7894736842105263
4355,13,3,0,0,0,16,0.8125
4356,14,3,1,0,0,18,0.7777777777777778
4357,16,3,0,0,0,19,0.8421052631578947
4358,15,3,0,0,0,18,0.8333333333333334
4359,16,3,0,0,0,19,0.8421052631578947
4360,16,3,0,0,0,19,0.8421052631578947
4361,17,3,0,0,0,20,0.85
4362,16,3,0,0,0,19,0.8421052631578947
4363,16,3,0,0,0,19,0.8421052631578947
4364,14,3,0,0,0,17,0.8235294117647058
4365,15,3,0,0,0,18,0.8333333333333334
4366,14,3,0,0,0,17,0.8235294117647058
4367,15,3,0,0,0,18,0.8333333333333334
4368,17,3,0,0,0,20,0.85
4369,15,3,0,0,0,18,0.8333333333333334
4370,16,3,0,0,0,19,0.8421052631578947
4371,15,3,0,0,0,18,0.8333333333333334
4372,14,3,0,0,0,17,0.8235294117647058
4373,13,3,0,0,0,16,0.8125
4374,15,3,0,0,0,18,0.8333333333333334
4375,14,3,0,0,0,17,0.8235294117647058
4376,15,3,0,0,0,18,0.8333333333333334
4377,16,3,0,0,0,19,0.8421052631578947
4378,17,3,0,0,0,20,0.85
4379,15,3,0,0,0,18,0.8333333333333334
4380,14,3,0,0,0,17,0.8235294117647058
4381,15,3,0,0,0,18,0.8333333333333334
4382,15,3,1,0,0,19,0.7894736842105263
4383,15,3,0,0,0,18,0.8333333333333334
4384,17,3,1,0,0,21,0.8095238095238095
4385,16,3,0,0,0,19,0.8421052631578947
4386,14,3,0,0,0,17,0.8235294117647058
4387,13,3,0,0,0,16,0.8125
4388,15,3,0,0,0,18,0.8333333333333334
4389,14,3,0,0,0,17,0.8235294117647058
4390,16,3,0,0,0,19,0.8421052631578947
4391,15,3,0,0,0,18,0.8333333333333334
4392,15,3,0,0,0,18,0.8333333333333334
4393,15,3,0,0,0,18,0.8333333333333334
4394,15,3,0,0,0,18,0.8333333333333334
4395,13,3,0,0,0,16,0.8125
4396,15,3,0,0,0,18,0.8333333333333334
4397,16,3,0,0,0,19,0.8421052631578947
4398,14,3,0,0,0,17,0.8235294117647058
4399,15,3,0,0,0,18,0.8333333333333334
4400,16,3,0,0,0,19,0.8421052631578947
4401,16,3,0,0,0,19,0.8421052631578947
4402,15,3,0,0,0,18,0.8333333333333334
4403,13,3,0,0,0,16,0.8125
4404,16,3,0,0,0,19,0.8421052631578947
4405,16,3,0,0,0,19,0.8421052631578947
4406,14,3,0,0,0,17,0.8235294117647058
4407,13,3,0,0,0,16,0.8125
4408,16,3,0,0,0,19,0.8421052631578947
4409,15,3,0,0,0,18,0.8333333333333334
4410,13,3,0,0,0,16,0.8125
4411,15,3,0,0,0,18,0.8333333333333334
4412,15,3,0,0,0,18,0.8333333333333334
4413,15,3,0,0,0,18,0.8333333333333334
4414,13,3,0,0,0,16,0.8125
4415,14,3,0,0,0,17,0.8235294117647058
4416,14,3,0,0,0,17,0.8235294117647058
4417,14,3,0,0,0,17,0.8235294117647058
4418,15,3,0,0,0,18,0.8333333333333334
4419,16,3,0,0,0,19,0.8421052631578947
4420,15,3,0,0,0,18,0.8333333333333334
4421,16,3,0,0,0,19,0.8421052631578947
4422,14,3,0,0,0,17,0.8235294117647058
4423,15,3,0,0,0,18,0.8333333333333334
4424,15,3,0,0,0,18,0.8333333333333334
4425,15,3,0,0,0,18,0.8333333333333334
4426,15,3,0,0,0,18,0.8333333333333334
4427,15,3,0,0,0,18,0.8333333333333334
4428,15,3,0,0,0,18,0.8333333333333334
4429,15,3,0,0,0,18,0.8333333333333334
4430,16,3,0,0,0,19,0.8421052631578947
4431,15,3,1,0,0,19,0.7894736842105263
4432,13,3,0,0,0,16,0.8125
4433,15,3,0,0,0,18,0.8333333333333334
4434,14,3,0,0,0,17,0.8235294117647058
4435,14,3,0,0,0,17,0.8235294117647058
4436,17,3,0,0,0,20,0.85
4437,16,3,0,0,0,19,0.8421052631578947
4438,16,3,0,0,0,19,0.8421052631578947
4439,15,3,0,0,0,18,0.8333333333333334
4440,11,3,0,0,0,14,0.7857142857142857
4441,14,3,0,0,0,17,0.8235294117647058
4442,14,4,0,0,0,18,0.7777777777777778
4443,16,3,0,0,0,19,0.8421052631578947
4444,15,3,0,0,0,18,0.8333333333333334
4445,15,3,0,0,0,18,0.8333333333333334
4446,17,3,0,0,0,20,0.85
4447,16,3,0,0,0,19,0.8421052631578947
4448,16,3,0,0,0,19,0.8421052631578947
4449,16,3,0,0,0,19,0.8421052631578947
4450,16,3,0,0,0,19,0.8421052631578947
4451,16,3,0,0,0,19,0.8421052631578947
4452,15,2,0,0,0,17,0.8823529411764706
4453,15,3,0,0,0,18,0.8333333333333334
4454,12,3,0,0,0,15,0.8
4455,16,3,0,0,0,19,0.8421052631578947
4456,15,3,0,0,0,18,0.8333333333333334
4457,17,3,0,0,0,20,0.85
4458,16,3,0,0,0,19,0.8421052631578947
4459,16,3,0,0,0,19,0.8421052631578947
4460,16,3,0,0,0,19,0.8421052631578947
4461,16,3,0,0,0,19,0.8421052631578947
4462,16,3,0,0,0,19,0.8421052631578947
4463,14,3,0,0,0,17,0.8235294117647058
4464,17,3,1,0,0,21,0.8095238095238095
4465,14,3,0,0,0,17,0.8235294117647058
4466,15,3,0,0,0,18,0.8333333333333334
4467,16,3,0,0,0,19,0.8421052631578947
4468,16,2,1,0,0,19,0.8421052631578947
4469,15,3,0,0,0,18,0.8333333333333334
4470,16,3,0,0,0,19,0.8421052631578947
4471,16,3,0,0,0,19,0.8421052631578947
4472,15,3,0,0,0,18,0.8333333333333334
4473,15,3,0,0,0,18,0.8333333333333334
4474,17,3,1,0,0,21,0.8095238095238095
4475,13,3,1,0,0,17,0.7647058823529411
4476,16,3,1,0,0,20,0.8
4477,14,3,0,0,0,17,0.8235294117647058
4478,15,3,0,0,0,18,0.8333333333333334
4479,14,3,0,0,0,17,0.8235294117647058
4480,16,3,0,0,0,19,0.8421052631578947
4481,14,3,1,0,0,18,0.7777777777777778
4482,14,3,1,0,0,18,0.7777777777777778
4483,15,3,0,0,0,18,0.8333333333333334
4484,15,4,0,0,0,19,0.7894736842105263
4485,15,3,0,0,0,18,0.8333333333333334
4486,13,3,0,0,0,16,0.8125
4487,14,3,1,0,0,18,0.7777777777777778
4488,14,3,0,0,0,17,0.8235294117647058
4489,15,3,0,0,0,18,0.8333333333333334
4490,16,3,1,0,0,20,0.8
4491,16,3,0,0,0,19,0.8421052631578947
4492,15,3,0,0,0,18,0.8333333333333334
4493,17,3,0,0,0,20,0.85
4494,13,3,0,0,0,16,0.8125
4495,17,3,1,0,0,21,0.8095238095238095
4496,14,3,0,0,0,17,0.8235294117647058
4497,13,3,0,0,0,16,0.8125
4498,16,3,0,0,0,19,0.8421052631578947
4499,16,3,1,0,0,20,0.8
4500,14,3,0,0,0,17,0.8235294117647058
4501,15,3,0,0,0,18,0.8333333333333334
4502,16,3,0,0,0,19,0.8421052631578947
4503,14,3,0,0,0,17,0.8235294117647058
4504,17,3,0,0,0,20,0.85
4505,15,3,0,0,0,18,0.8333333333333334
4506,13,3,0,0,0,16,0.8125
4507,15,3,0,0,0,18,0.8333333333333334
4508,15,3,0,0,0,18,0.8333333333333334
4509,15,3,0,0,0,18,0.8333333333333334
4510,13,3,0,0,0,16,0.8125
4511,14,3,0,0,0,17,0.8235294117647058
4512,16,3,0,0,0,19,0.8421052631578947
4513,15,3,0,0,0,18,0.8333333333333334
4514,16,4,0,0,0,20,0.8
4515,17,3,0,0,0,20,0.85
4516,16,3,0,0,0,19,0.8421052631578947
4517,15,3,0,0,0,18,0.8333333333333334
4518,16,3,0,0,0,19,0.8421052631578947
4519,13,3,0,0,0,16,0.8125
4520,15,3,0,0,0,18,0.8333333333333334
4521,16,4,0,0,0,20,0.8
4522,15,3,0,0,0,18,0.8333333333333334
4523,14,3,0,0,0,17,0.8235294117647058
4524,15,3,0,0,0,18,0.8333333333333334
4525,15,3,0,0,0,18,0.8333333333333334
4526,13,3,0,0,0,16,0.8125
4527,15,3,0,0,0,18,0.8333333333333334
4528,15,3,0,0,0,18,0.8333333333333334
4529,15,3,0,0,0,18,0.8333333333333334
4530,16,3,1,0,0,20,0.8
4531,14,3,0,0,0,17,0.8235294117647058
4532,15,3,0,0,0,18,0.8333333333333334
4533,14,3,0,0,0,17,0.8235294117647058
4534,13,3,0,0,0,16,0.8125
4535,14,3,0,0,0,17,0.8235294117647058
4536,14,3,0,0,0,17,0.8235294117647058
4537,16,3,0,0,0,19,0.8421052631578947
4538,16,4,0,0,0,20,0.8
4539,16,3,0,0,0,19,0.8421052631578947
4540,15,3,0,0,0,18,0.8333333333333334
4541,17,3,0,0,0,20,0.85
4542,15,3,0,0,0,18,0.8333333333333334
4543,16,3,0,0,0,19,0.8421052631578947
4544,15,3,0,0,0,18,0.8333333333333334
4545,15,3,0,0,0,18,0.8333333333333334
4546,14,3,0,0,0,17,0.8235294117647058
4547,15,3,0,0,0,18,0.8333333333333334
4548,15,3,0,0,0,18,0.8333333333333334
4549,13,3,0,0,0,16,0.8125
4550,15,3,0,0,0,18,0.8333333333333334
4551,15,3,0,0,0,18,0.8333333333333334
4552,14,3,0,0,0,17,0.8235294117647058
4553,15,3,0,0,0,18,0.8333333333333334
4554,14,3,0,0,0,17,0.8235294117647058
4555,13,3,0,0,0,16,0.8125
4556,16,3,0,0,0,19,0.8421052631578947
4557,16,3,0,0,0,19,0.8421052631578947
4558,14,3,0,0,0,17,0.8235294117647058
4559,17,3,0,0,0,20,0.85
4560,15,3,0,0,0,18,0.8333333333333334
4561,14,3,0,0,0,17,0.8235294117647058
4562,16,3,0,0,0,19,0.8421052631578947
4563,16,3,0,0,0,19,0.8421052631578947
4564,15,3,0,0,0,18,0.8333333333333334
4565,14,3,0,0,0,17,0.8235294117647058
4566,14,3,0,0,0,17,0.8235294117647058
4567,13,3,0,0,0,16,0.8125
4568,15,3,0,0,0,18,0.8333333333333334
4569,15,3,0,0,0,18,0.8333333333333334
4570,15,3,0,0,0,18,0.8333333333333334
4571,14,3,1,0,0,18,0.7777777777777778
4572,13,3,0,0,0,16,0.8125
4573,14,3,0,0,0,17,0.8235294117647058
4574,16,3,0,0,0,19,0.8421052631578947
4575,14,3,0,0,0,17,0.8235294117647058
4576,14,3,0,0,0,17,0.8235294117647058
4577,15,3,0,0,0,18,0.8333333333333334
4578,15,3,0,0,0,18,0.8333333333333334
4579,14,3,0,0,0,17,0.8235294117647058
4580,14,4,0,0,0,18,0.7777777777777778
4581,14,3,0,0,0,17,0.8235294117647058
4582,16,3,0,0,0,19,0.8421052631578947
4583,16,3,0,0,0,19,0.8421052631578947
4584,14,3,0,0,0,17,0.8235294117647058
4585,15,3,0,0,0,18,0.8333333333333334
4586,15,3,0,0,0,18,0.8333333333333334
4587,13,3,0,0,0,16,0.8125
4588,15,3,1,0,0,19,0.7894736842105263
4589,13,3,0,0,0,16,0.8125
4590,14,3,0,0,0,17,0.8235294117647058
4591,14,3,0,0,0,17,0.8235294117647058
4592,15,3,0,0,0,18,0.8333333333333334
4593,15,3,0,0,0,18,0.8333333333333334
4594,15,3,0,0,0,18,0.8333333333333334
4595,14,3,0,0,0,17,0.8235294117647058
4596,15,4,0,0,0,19,0.7894736842105263
4597,15,3,0,0,0,18,0.8333333333333334
4598,15,4,0,0,0,19,0.7894736842105263
4599,16,3,0,0,0,19,0.8421052631578947
4600,16,3,0,0,0,19,0.8421052631578947
4601,14,3,0,0,0,17,0.8235294117647058
4602,13,4,0,0,0,17,0.7647058823529411
4603,16,3,0,0,0,19,0.8421052631578947
4604,15,3,1,0,0,19,0.7894736842105263
4605,16,3,0,0,0,19,0.8421052631578947
4606,14,3,0,0,0,17,0.8235294117647058
4607,15,3,0,0,0,18,0.8333333333333334
4608,15,3,0,0,0,18,0.8333333333333334
4609,15,3,0,0,0,18,0.8333333333333334
4610,15,3,0,0,0,18,0.8333333333333334
4611,14,3,0,0,0,17,0.8235294117647058
4612,16,3,0,0,0,19,0.8421052631578947
4613,15,3,0,0,0,18,0.8333333333333334
4614,14,3,0,0,0,17,0.8235294117647058
4615,16,2,0,0,0,18,0.8888888888888888
4616,15,3,0,0,0,18,0.8333333333333334
4617,14,3,0,0,0,17,0.8235294117647058
4618,14,3,0,0,0,17,0.8235294117647058
4619,15,3,0,0,0,18,0.8333333333333334
4620,15,3,0,0,0,18,0.8333333333333334
4621,15,3,0,0,0,18,0.8333333333333334
4622,15,3,0,0,0,18,0.8333333333333334
4623,16,3,0,0,0,19,0.8421052631578947
4624,15,3,0,0,0,18,0.8333333333333334
4625,15,3,0,0,0,18,0.8333333333333334
4626,16,3,0,0,0,19,0.8421052631578947
4627,15,3,0,0,0,18,0.8333333333333334
4628,16,3,0,0,0,19,0.8421052631578947
4629,14,3,0,0,0,17,0.8235294117647058
4630,15,4,0,0,0,19,0.7894736842105263
4631,16,4,1,0,0,21,0.7619047619047619
4632,13,4,0,0,0,17,0.7647058823529411
4633,14,3,0,0,0,17,0.8235294117647058
4634,16,3,0,0,0,19,0.8421052631578947
4635,15,3,0,0,0,18,0.8333333333333334
4636,15,3,0,0,0,18,0.8333333333333334
4637,15,3,0,0,0,18,0.8333333333333334
4638,16,4,0,0,0,20,0.8
4639,14,3,0,0,0,17,0.8235294117647058
4640,14,2,0,0,0,16,0.875
4641,15,2,0,0,0,17,0.8823529411764706
4642,15,3,0,0,0,18,0.8333333333333334
4643,15,3,0,0,0,18,0.8333333333333334
4644,14,3,0,0,0,17,0.8235294117647058
4645,14,3,0,0,0,17,0.8235294117647058
4646,16,3,0,0,0,19,0.8421052631578947
4647,15,3,0,0,0,18,0.8333333333333334
4648,14,3,0,0,0,17,0.8235294117647058
4649,15,3,0,0,0,18,0.8333333333333334
4650,15,3,0,0,0,18,0.8333333333333334
4651,15,3,0,0,0,18,0.8333333333333334
4652,15,3,0,0,0,18,0.8333333333333334
4653,14,3,0,0,0,17,0.8235294117647058
4654,16,3,0,0,0,19,0.8421052631578947
4655,14,3,0,0,0,17,0.8235294117647058
4656,16,3,0,0,0,19,0.8421052631578947
4657,14,3,0,0,0,17,0.8235294117647058
4658,15,3,0,0,0,18,0.8333333333333334
4659,15,3,0,0,0,18,0.8333333333333334
4660,13,3,0,0,0,16,0.8125
4661,17,3,0,0,0,20,0.85
4662,16,3,0,0,0,19,0.8421052631578947
4663,15,3,0,0,0,18,0.8333333333333334
4664,15,3,0,0,0,18,0.8333333333333334
4665,14,3,0,0,0,17,0.8235294117647058
4666,14,2,0,0,0,16,0.875
4667,14,3,0,0,0,17,0.8235294117647058
4668,14,3,0,0,0,17,0.8235294117647058
4669,15,4,0,0,0,19,0.7894736842105263
4670,16,3,0,0,0,19,0.8421052631578947
4671,15,3,0,0,0,18,0.8333333333333334
4672,16,3,0,0,0,19,0.8421052631578947
4673,15,3,0,0,0,18,0.8333333333333334
4674,15,3,0,0,0,18,0.8333333333333334
4675,14,3,0,0,0,17,0.8235294117647058
4676,15,3,0,0,0,18,0.8333333333333334
4677,13,3,0,0,0,16,0.8125
4678,16,3,0,0,0,19,0.8421052631578947
4679,13,2,0,0,0,15,0.8666666666666667
4680,15,2,0,0,0,17,0.8823529411764706
4681,14,2,0,0,0,16,0.875
4682,15,2,0,0,0,17,0.8823529411764706
4683,14,2,0,0,0,16,0.875
4684,15,2,0,0,0,17,0.8823529411764706
4685,16,2,0,0,0,18,0.8888888888888888
4686,14,2,0,0,0,16,0.875
4687,15,2,0,0,0,17,0.8823529411764706
4688,16,2,0,0,0,18,0.8888888888888888
4689,14,2,0,0,0,16,0.875
4690,13,2,0,0,0,15,0.8666666666666667
4691,15,2,0,0,0,17,0.8823529411764706
4692,15,2,0,0,0,17,0.8823529411764706
4693,16,2,0,0,0,18,0.8888888888888888
4694,14,2,0,0,0,16,0.875
4695,15,2,0,0,0,17,0.8823529411764706
4696,13,2,0,0,0,15,0.8666666666666667
4697,15,2,0,0,0,17,0.8823529411764706
4698,15,2,0,0,0,17,0.8823529411764706
4699,13,2,0,0,0,15,0.8666666666666667
4700,13,2,1,0,0,16,0.8125
4701,16,2,0,0,0,18,0.8888888888888888
4702,15,2,0,0,0,17,0.8823529411764706
4703,15,2,0,0,0,17,0.8823529411764706
4704,14,2,0,0,0,16,0.875
4705,14,2,0,0,0,16,0.875
4706,15,2,0,0,0,17,0.8823529411764706
4707,14,2,0,0,0,16,0.875
4708,16,2,0,0,0,18,0.8888888888888888
4709,15,2,0,0,0,17,0.8823529411764706
4710,15,2,0,0,0,17,0.8823529411764706
4711,15,2,0,0,0,17,0.8823529411764706
4712,12,2,0,0,0,14,0.8571428571428571
4713,15,2,0,0,0,17,0.8823529411764706
4714,15,2,0,0,0,17,0.8823529411764706
4715,16,2,0,0,0,18,0.8888888888888888
4716,15,2,0,0,0,17,0.8823529411764706
4717,15,2,1,0,0,18,0.8333333333333334
4718,15,2,0,0,0,17,0.8823529411764706
4719,15,2,0,0,0,17,0.8823529411764706
4720,15,2,0,0,0,17,0.8823529411764706
4721,16,2,0,0,0,18,0.8888888888888888
4722,15,2,0,0,0,17,0.8823529411764706
4723,15,2,0,0,0,17,0.8823529411764706
4724,15,2,0,0,0,17,0.8823529411764706
4725,13,2,0,0,0,15,0.8666666666666667
4726,16,2,0,0,0,18,0.8888888888888888
4727,16,3,0,0,0,19,0.8421052631578947
4728,14,2,0,0,0,16,0.875
4729,15,2,0,0,0,17,0.8823529411764706
4730,16,2,0,0,0,18,0.8888888888888888
4731,14,2,0,0,0,16,0.875
4732,14,2,0,0,0,16,0.875
4733,15,2,0,0,0,17,0.8823529411764706
4734,14,2,0,0,0,16,0.875
4735,14,2,0,0,0,16,0.875
4736,16,2,0,0,0,18,0.8888888888888888
4737,15,2,0,0,0,17,0.8823529411764706
4738,15,2,0,0,0,17,0.8823529411764706
4739,16,2,0,0,0,18,0.8888888888888888
4740,13,2,0,0,0,15,0.8666666666666667
4741,15,2,0,0,0,17,0.8823529411764706
4742,15,3,0,0,0,18,0.8333333333333334
4743,15,3,0,0,0,18,0.8333333333333334
4744,15,3,0,0,0,18,0.8333333333333334
4745,15,3,0,0,0,18,0.8333333333333334
4746,17,3,0,0,0,20,0.85
4747,13,3,0,0,0,16,0.8125
4748,14,3,1,0,0,18,0.7777777777777778
4749,15,3,0,0,0,18,0.8333333333333334
4750,16,3,0,0,0,19,0.8421052631578947
4751,16,3,0,0,0,19,0.8421052631578947
4752,16,4,1,0,0,21,0.7619047619047619
4753,15,3,0,0,0,18,0.8333333333333334
4754,15,3,0,0,0,18,0.8333333333333334
4755,15,3,0,0,0,18,0.8333333333333334
4756,16,3,0,0,0,19,0.8421052631578947
4757,14,3,0,0,0,17,0.8235294117647058
4758,16,3,1,0,0,20,0.8
4759,14,3,0,0,0,17,0.8235294117647058
4760,15,3,0,0,0,18,0.8333333333333334
4761,17,3,0,0,0,20,0.85
4762,14,3,0,0,0,17,0.8235294117647058
4763,13,3,0,0,0,16,0.8125
4764,17,3,0,0,0,20,0.85
4765,15,3,0,0,0,18,0.8333333333333334
4766,14,3,0,0,0,17,0.8235294117647058
4767,14,3,0,0,0,17,0.8235294117647058
4768,14,3,0,0,0,17,0.8235294117647058
4769,14,3,0,0,0,17,0.8235294117647058
4770,13,3,0,0,0,16,0.8125
4771,14,3,0,0,0,17,0.8235294117647058
4772,15,3,0,0,0,18,0.8333333333333334
4773,14,3,0,0,0,17,0.8235294117647058
4774,14,3,0,0,0,17,0.8235294117647058
4775,16,3,1,0,0,20,0.8
4776,16,3,0,0,0,19,0.8421052631578947
4777,13,3,0,0,0,16,0.8125
4778,17,3,0,0,0,20,0.85
4779,17,3,0,0,0,20,0.85
4780,14,3,0,0,0,17,0.8235294117647058
4781,16,3,0,0,0,19,0.8421052631578947
4782,16,3,0,0,0,19,0.8421052631578947
4783,16,3,0,0,0,19,0.8421052631578947
4784,17,4,0,0,0,21,0.8095238095238095
4785,16,3,1,0,0,20,0.8
4786,17,3,0,0,0,20,0.85
4787,17,3,0,0,0,20,0.85
4788,17,3,0,0,0,20,0.85
4789,16,3,0,0,0,19,0.8421052631578947
4790,15,3,0,0,0,18,0.8333333333333334
4791,17,3,0,0,0,20,0.85
4792,14,3,0,0,0,17,0.8235294117647058
4793,16,3,0,0,0,19,0.8421052631578947
4794,16,3,0,0,0,19,0.8421052631578947
4795,15,3,0,0,0,18,0.8333333333333334
4796,16,3,0,0,0,19,0.8421052631578947
4797,15,3,0,0,0,18,0.8333333333333334
4798,17,4,0,0,0,21,0.8095238095238095
4799,16,3,0,0,0,19,0.8421052631578947
4800,17,3,1,0,0,21,0.8095238095238095
4801,15,3,0,0,0,18,0.8333333333333334
4802,14,3,0,0,0,17,0.8235294117647058
4803,13,3,0,0,0,16,0.8125
4804,14,3,0,0,0,17,0.8235294117647058
4805,14,3,0,0,0,17,0.8235294117647058
4806,16,3,0,0,0,19,0.8421052631578947
4807,15,3,0,0,0,18,0.8333333333333334
4808,16,3,0,0,0,19,0.8421052631578947
4809,17,3,0,0,0,20,0.85
4810,16,3,0,0,0,19,0.8421052631578947
4811,16,3,0,0,0,19,0.8421052631578947
4812,15,3,0,0,0,18,0.8333333333333334
4813,15,3,0,0,0,18,0.8333333333333334
4814,14,3,0,0,0,17,0.8235294117647058
4815,14,3,0,0,0,17,0.8235294117647058
4816,16,4,0,0,0,20,0.8
4817,16,3,0,0,0,19,0.8421052631578947
4818,14,3,0,0,0,17,0.8235294117647058
4819,15,3,0,0,0,18,0.8333333333333334
4820,16,3,0,0,0,19,0.8421052631578947
4821,14,3,0,0,0,17,0.8235294117647058
4822,15,3,0,0,0,18,0.8333333333333334
4823,15,3,0,0,0,18,0.8333333333333334
4824,14,3,0,0,0,17,0.8235294117647058
4825,15,3,1,0,0,19,0.7894736842105263
4826,14,3,0,0,0,17,0.8235294117647058
4827,17,3,0,0,0,20,0.85
4828,18,3,0,0,0,21,0.8571428571428571
4829,15,3,0,0,0,18,0.8333333333333334
4830,15,3,0,0,0,18,0.8333333333333334
4831,15,3,0,0,0,18,0.8333333333333334
4832,14,3,0,0,0,17,0.8235294117647058
4833,16,3,0,0,0,19,0.8421052631578947
4834,14,3,0,0,0,17,0.8235294117647058
4835,15,3,0,0,0,18,0.8333333333333334
4836,15,3,0,0,0,18,0.8333333333333334
4837,15,3,0,0,0,18,0.8333333333333334
4838,16,3,0,0,0,19,0.8421052631578947
4839,15,2,0,0,0,17,0.8823529411764706
4840,15,3,0,0,0,18,0.8333333333333334
4841,16,3,0,0,0,19,0.8421052631578947
4842,15,3,1,0,0,19,0.7894736842105263
4843,16,3,0,0,0,19,0.8421052631578947
4844,15,3,0,0,0,18,0.8333333333333334
4845,15,3,0,0,0,18,0.8333333333333334
4846,13,3,0,0,0,16,0.8125
4847,15,3,0,0,0,18,0.8333333333333334
4848,13,3,0,0,0,16,0.8125
4849,16,3,0,0,0,19,0.8421052631578947
4850,15,3,0,0,0,18,0.8333333333333334
4851,16,3,0,0,0,19,0.8421052631578947
4852,15,3,1,0,0,19,0.7894736842105263
4853,15,3,0,0,0,18,0.8333333333333334
4854,15,3,0,0,0,18,0.8333333333333334
4855,15,3,0,0,0,18,0.8333333333333334
4856,15,3,0,0,0,18,0.8333333333333334
4857,15,3,0,0,0,18,0.8333333333333334
4858,13,3,0,0,0,16,0.8125
4859,17,3,0,0,0,20,0.85
4860,16,3,0,0,0,19,0.8421052631578947
4861,15,3,0,0,0,18,0.8333333333333334
4862,16,4,0,0,0,20,0.8
4863,16,3,1,0,0,20,0.8
4864,16,3,0,0,0,19,0.8421052631578947
4865,15,3,0,0,0,18,0.8333333333333334
4866,13,3,0,0,0,16,0.8125
4867,14,3,0,0,0,17,0.8235294117647058
4868,13,3,0,0,0,16,0.8125
4869,15,3,0,0,0,18,0.8333333333333334
4870,15,3,0,0,0,18,0.8333333333333334
4871,14,3,0,0,0,17,0.8235294117647058
4872,16,3,0,0,0,19,0.8421052631578947
4873,15,3,1,0,0,19,0.7894736842105263
4874,14,3,0,0,0,17,0.8235294117647058
4875,16,3,0,0,0,19,0.8421052631578947
4876,13,3,0,0,0,16,0.8125
4877,16,3,0,0,0,19,0.8421052631578947
4878,14,3,0,0,0,17,0.8235294117647058
4879,16,3,0,0,0,19,0.8421052631578947
4880,14,3,0,0,0,17,0.8235294117647058
4881,16,3,0,0,0,19,0.8421052631578947
4882,15,4,0,0,0,19,0.7894736842105263
4883,14,3,0,0,0,17,0.8235294117647058
4884,14,3,0,0,0,17,0.8235294117647058
4885,13,3,0,0,0,16,0.8125
4886,16,3,0,0,0,19,0.8421052631578947
4887,14,3,0,0,0,17,0.8235294117647058
4888,16,3,0,0,0,19,0.8421052631578947
4889,14,3,0,0,0,17,0.8235294117647058
4890,14,3,0,0,0,17,0.8235294117647058
4891,17,3,1,0,0,21,0.8095238095238095
4892,16,3,0,0,0,19,0.8421052631578947
4893,15,3,0,0,0,18,0.8333333333333334
4894,14,3,0,0,0,17,0.8235294117647058
4895,12,3,0,0,0,15,0.8
4896,14,3,0,0,0,17,0.8235294117647058
4897,15,3,0,0,0,18,0.8333333333333334
4898,15,3,0,0,0,18,0.8333333333333334
4899,15,3,0,0,0,18,0.8333333333333334
4900,14,3,0,0,0,17,0.8235294117647058
4901,15,3,0,0,0,18,0.8333333333333334
4902,16,3,0,0,0,19,0.8421052631578947
4903,14,3,0,0,0,17,0.8235294117647058
4904,15,3,0,0,0,18,0.8333333333333334
4905,15,4,0,0,0,19,0.7894736842105263
4906,15,3,0,0,0,18,0.8333333333333334
4907,14,3,0,0,0,17,0.8235294117647058
4908,14,3,0,0,0,17,0.8235294117647058
4909,12,3,0,0,0,15,0.8
4910,15,3,0,0,0,18,0.8333333333333334
4911,14,3,1,0,0,18,0.7777777777777778
4912,14,3,0,0,0,17,0.8235294117647058
4913,16,3,0,0,0,19,0.8421052631578947
4914,15,3,0,0,0,18,0.8333333333333334
4915,13,3,0,0,0,16,0.8125
4916,15,3,0,0,0,18,0.8333333333333334
4917,14,3,0,0,0,17,0.8235294117647058
4918,14,3,0,0,0,17,0.8235294117647058
4919,15,3,0,0,0,18,0.8333333333333334
4920,14,3,0,0,0,17,0.8235294117647058
4921,13,3,0,0,0,16,0.8125
4922,14,3,0,0,0,17,0.8235294117647058
4923,16,3,0,0,0,19,0.8421052631578947
4924,15,3,0,0,0,18,0.8333333333333334
4925,13,3,0,0,0,16,0.8125
4926,16,3,0,0,0,19,0.8421052631578947
4927,15,3,0,0,0,18,0.8333333333333334
4928,15,3,0,0,0,18,0.8333333333333334
4929,14,3,0,0,0,17,0.8235294117647058
4930,15,3,0,0,0,18,0.8333333333333334
4931,17,3,0,0,0,20,0.85
4932,14,3,0,0,0,17,0.8235294117647058
4933,14,3,0,0,0,17,0.8235294117647058
4934,14,3,0,0,0,17,0.8235294117647058
4935,15,3,0,0,0,18,0.8333333333333334
4936,16,3,0,0,0,19,0.8421052631578947
4937,14,3,0,0,0,17,0.8235294117647058
4938,16,3,0,0,0,19,0.8421052631578947
4939,14,3,0,0,0,17,0.8235294117647058
4940,14,3,0,0,0,17,0.8235294117647058
4941,16,3,0,0,0,19,0.8421052631578947
4942,16,3,0,0,0,19,0.8421052631578947
4943,17,3,0,0,0,20,0.85
4944,15,3,0,0,0,18,0.8333333333333334
4945,16,3,0,0,0,19,0.8421052631578947
4946,16,3,0,0,0,19,0.8421052631578947
4947,13,3,0,0,0,16,0.8125
4948,16,3,0,0,0,19,0.8421052631578947
4949,15,3,0,0,0,18,0.8333333333333334
4950,13,3,0,0,0,16,0.8125
4951,15,3,0,0,0,18,0.8333333333333334
4952,15,3,0,0,0,18,0.8333333333333334
4953,15,2,0,0,0,17,0.8823529411764706
4954,13,3,0,0,0,16,0.8125
4955,14,3,0,0,0,17,0.8235294117647058
4956,13,3,0,0,0,16,0.8125
4957,15,3,0,0,0,18,0.8333333333333334
4958,14,4,0,0,0,18,0.7777777777777778
4959,16,3,0,0,0,19,0.8421052631578947
4960,15,3,0,0,0,18,0.8333333333333334
4961,15,3,0,0,0,18,0.8333333333333334
4962,15,3,0,0,0,18,0.8333333333333334
4963,13,3,0,0,0,16,0.8125
4964,15,3,0,0,0,18,0.8333333333333334
4965,14,3,0,0,0,17,0.8235294117647058
4966,15,4,0,0,0,19,0.7894736842105263
4967,14,3,0,0,0,17,0.8235294117647058
4968,14,3,0,0,0,17,0.8235294117647058
4969,14,3,0,0,0,17,0.8235294117647058
4970,15,3,0,0,0,18,0.8333333333333334
4971,14,3,0,0,0,17,0.8235294117647058
4972,16,3,0,0,0,19,0.8421052631578947
4973,14,3,0,0,0,17,0.8235294117647058
4974,16,3,0,0,0,19,0.8421052631578947
4975,15,3,0,0,0,18,0.8333333333333334
4976,14,3,0,0,0,17,0.8235294117647058
4977,16,3,0,0,0,19,0.8421052631578947
4978,15,3,0,0,0,18,0.8333333333333334
4979,15,3,0,0,0,18,0.8333333333333334
4980,16,3,0,0,0,19,0.8421052631578947
4981,16,3,0,0,0,19,0.8421052631578947
4982,15,3,0,0,0,18,0.8333333333333334
4983,14,3,0,0,0,17,0.8235294117647058
4984,16,3,0,0,0,19,0.8421052631578947
4985,14,3,0,0,0,17,0.8235294117647058
4986,15,3,0,0,0,18,0.8333333333333334
4987,14,3,0,0,0,17,0.8235294117647058
4988,13,3,0,0,0,16,0.8125
4989,15,4,0,0,0,19,0.7894736842105263
4990,13,2,0,0,0,15,0.8666666666666667
4991,13,3,0,0,0,16,0.8125
4992,16,3,1,0,0,20,0.8
4993,15,3,0,0,0,18,0.8333333333333334
4994,14,3,0,0,0,17,0.8235294117647058
4995,16,3,1,0,0,20,0.8
4996,16,2,0,0,0,18,0.8888888888888888
4997,15,3,0,0,0,18,0.8333333333333334
4998,15,3,0,0,0,18,0.8333333333333334
4999,14,3,0,0,0,17,0.8235294117647058
5000,14,3,1,0,0,18,0.7777777777777778
5001,14,3,0,0,0,17,0.8235294117647058
5002,15,3,0,0,0,18,0.8333333333333334
5003,15,3,0,0,0,18,0.8333333333333334
5004,16,3,0,0,0,19,0.8421052631578947
5005,15,3,0,0,0,18,0.8333333333333334
5006,13,3,0,0,0,16,0.8125
5007,16,3,0,0,0,19,0.8421052631578947
5008,14,3,0,0,0,17,0.8235294117647058
5009,16,3,0,0,0,19,0.8421052631578947
5010,14,3,0,0,0,17,0.8235294117647058
5011,17,3,0,0,0,20,0.85
5012,14,3,0,0,0,17,0.8235294117647058
5013,13,3,0,0,0,16,0.8125
5014,14,3,0,0,0,17,0.8235294117647058
5015,14,3,0,0,0,17,0.8235294117647058
5016,14,3,0,0,0,17,0.8235294117647058
5017,15,3,0,0,0,18,0.8333333333333334
5018,15,3,0,0,0,18,0.8333333333333334
5019,13,3,0,0,0,16,0.8125
5020,15,3,0,0,0,18,0.8333333333333334
5021,14,3,0,0,0,17,0.8235294117647058
5022,16,3,1,0,0,20,0.8
5023,14,3,0,0,0,17,0.8235294117647058
5024,13,3,0,0,0,16,0.8125
5025,15,3,0,0,0,18,0.8333333333333334
5026,15,3,0,0,0,18,0.8333333333333334
5027,14,3,0,0,0,17,0.8235294117647058
5028,14,3,0,0,0,17,0.8235294117647058
5029,15,3,1,0,0,19,0.7894736842105263
5030,15,3,0,0,0,18,0.8333333333333334
5031,13,3,0,0,0,16,0.8125
5032,15,3,0,0,0,18,0.8333333333333334
5033,15,3,0,0,0,18,0.8333333333333334
5034,16,3,1,0,0,20,0.8
5035,15,3,0,0,0,18,0.8333333333333334
5036,15,3,0,0,0,18,0.8333333333333334
5037,15,3,0,0,0,18,0.8333333333333334
5038,14,3,0,0,0,17,0.8235294117647058
5039,14,3,0,0,0,17,0.8235294117647058
5040,15,3,0,0,0,18,0.8333333333333334
5041,14,2,0,0,0,16,0.875
5042,14,3,0,0,0,17,0.8235294117647058
5043,16,3,0,0,0,19,0.8421052631578947
5044,14,3,0,0,0,17,0.8235294117647058
5045,16,3,0,0,0,19,0.8421052631578947
5046,15,3,0,0,0,18,0.8333333333333334
5047,13,3,0,0,0,16,0.8125
5048,16,3,0,0,0,19,0.8421052631578947
5049,15,3,0,0,0,18,0.8333333333333334
5050,15,3,0,0,0,18,0.8333333333333334
5051,16,3,0,0,0,19,0.8421052631578947
5052,16,3,0,0,0,19,0.8421052631578947
5053,15,3,0,0,0,18,0.8333333333333334
5054,16,3,0,0,0,19,0.8421052631578947
5055,15,3,0,0,0,18,0.8333333333333334
5056,16,3,0,0,0,19,0.8421052631578947
5057,14,3,0,0,0,17,0.8235294117647058
5058,15,3,0,0,0,18,0.8333333333333334
5059,15,3,0,0,0,18,0.8333333333333334
5060,17,3,0,0,0,20,0.85
5061,16,4,0,0,0,20,0.8
5062,15,3,0,0,0,18,0.8333333333333334
5063,14,3,0,0,0,17,0.8235294117647058
5064,14,3,0,0,0,17,0.8235294117647058
5065,15,3,0,0,0,18,0.8333333333333334
5066,16,3,0,0,0,19,0.8421052631578947
5067,16,3,0,0,0,19,0.8421052631578947
5068,18,3,0,0,0,21,0.8571428571428571
5069,15,4,0,0,0,19,0.7894736842105263
5070,16,3,0,0,0,19,0.8421052631578947
5071,16,3,0,0,0,19,0.8421052631578947
5072,15,3,0,0,0,18,0.8333333333333334
5073,14,3,0,0,0,17,0.8235294117647058
5074,14,3,0,0,0,17,0.8235294117647058
5075,16,3,0,0,0,19,0.8421052631578947
5076,15,3,0,0,0,18,0.8333333333333334
5077,14,3,0,0,0,17,0.8235294117647058
5078,15,3,0,0,0,18,0.8333333333333334
5079,16,3,0,0,0,19,0.8421052631578947
5080,14,3,0,0,0,17,0.8235294117647058
5081,14,3,0,0,0,17,0.8235294117647058
5082,14,3,0,0,0,17,0.8235294117647058
5083,15,3,0,0,0,18,0.8333333333333334
5084,15,3,0,0,0,18,0.8333333333333334
5085,15,3,0,0,0,18,0.8333333333333334
5086,14,3,0,0,0,17,0.8235294117647058
5087,15,3,0,0,0,18,0.8333333333333334
5088,14,3,0,0,0,17,0.8235294117647058
5089,16,3,0,0,0,19,0.8421052631578947
5090,15,3,0,0,0,18,0.8333333333333334
5091,17,3,0,0,0,20,0.85
5092,14,3,0,0,0,17,0.8235294117647058
5093,15,3,0,0,0,18,0.8333333333333334
5094,14,3,0,0,0,17,0.8235294117647058
5095,15,3,0,0,0,18,0.8333333333333334
5096,13,3,0,0,0,16,0.8125
5097,15,3,0,0,0,18,0.8333333333333334
5098,14,3,0,0,0,17,0.8235294117647058
5099,15,3,0,0,0,18,0.8333333333333334
5100,16,3,0,0,0,19,0.8421052631578947
5101,14,3,0,0,0,17,0.8235294117647058
5102,16,3,0,0,0,19,0.8421052631578947
5103,15,3,0,0,0,18,0.8333333333333334
5104,16,3,0,0,0,19,0.8421052631578947
5105,15,3,0,0,0,18,0.8333333333333334
5106,14,3,0,0,0,17,0.8235294117647058
5107,16,3,0,0,0,19,0.8421052631578947
5108,16,3,0,0,0,19,0.8421052631578947
5109,17,3,0,0,0,20,0.85
5110,14,3,0,0,0,17,0.8235294117647058
5111,17,3,0,0,0,20,0.85
5112,15,3,0,0,0,18,0.8333333333333334
5113,15,3,0,0,0,18,0.8333333333333334
5114,16,3,0,0,0,19,0.8421052631578947
5115,16,3,0,0,0,19,0.8421052631578947
5116,15,3,0,0,0,18,0.8333333333333334
5117,17,3,0,0,0,20,0.85
5118,15,3,0,0,0,18,0.8333333333333334
5119,15,3,0,0,0,18,0.8333333333333334
5120,15,3,0,0,0,18,0.8333333333333334
5121,16,3,1,0,0,20,0.8
5122,14,3,0,0,0,17,0.8235294117647058
5123,16,3,0,0,0,19,0.8421052631578947
5124,15,3,1,0,0,19,0.7894736842105263
5125,14,3,0,0,0,17,0.8235294117647058
5126,16,3,1,0,0,20,0.8
5127,15,3,0,0,0,18,0.8333333333333334
5128,16,3,0,0,0,19,0.8421052631578947
5129,15,4,0,0,0,19,0.7894736842105263
5130,15,4,0,0,0,19,0.7894736842105263
5131,15,3,0,0,0,18,0.8333333333333334
5132,14,3,0,0,0,17,0.8235294117647058
5133,15,3,0,0,0,18,0.8333333333333334
5134,15,3,0,0,0,18,0.8333333333333334
5135,15,3,0,0,0,18,0.8333333333333334
5136,14,3,0,0,0,17,0.8235294117647058
5137,16,3,0,0,0,19,0.8421052631578947
5138,15,3,0,0,0,18,0.8333333333333334
5139,16,2,0,0,0,18,0.8888888888888888
5140,13,3,0,0,0,16,0.8125
5141,16,3,0,0,0,19,0.8421052631578947
5142,15,3,0,0,0,18,0.8333333333333334
5143,15,3,0,0,0,18,0.8333333333333334
5144,16,3,1,0,0,20,0.8
5145,14,3,0,0,0,17,0.8235294117647058
5146,15,3,0,0,0,18,0.8333333333333334
5147,14,3,1,0,0,18,0.7777777777777778
5148,17,3,0,0,0,20,0.85
5149,15,3,0,0,0,18,0.8333333333333334
5150,16,3,1,0,0,20,0.8
5151,16,3,0,0,0,19,0.8421052631578947
5152,14,2,0,0,0,16,0.875
5153,13,3,0,0,0,16,0.8125
5154,15,3,0,0,0,18,0.8333333333333334
5155,16,3,0,0,0,19,0.8421052631578947
5156,15,3,0,0,0,18,0.8333333333333334
5157,17,3,0,0,0,20,0.85
5158,15,3,0,0,0,18,0.8333333333333334
5159,14,3,0,0,0,17,0.8235294117647058
5160,16,3,0,0,0,19,0.8421052631578947
5161,15,3,0,0,0,18,0.8333333333333334
5162,15,3,0,0,0,18,0.8333333333333334
5163,14,3,0,0,0,17,0.8235294117647058
5164,15,3,0,0,0,18,0.8333333333333334
5165,14,3,0,0,0,17,0.8235294117647058
5166,14,3,0,0,0,17,0.8235294117647058
5167,15,3,1,0,0,19,0.7894736842105263
5168,14,3,0,0,0,17,0.8235294117647058
5169,16,3,0,0,0,19,0.8421052631578947
5170,14,3,0,0,0,17,0.8235294117647058
5171,17,3,0,0,0,20,0.85
5172,16,3,0,0,0,19,0.8421052631578947
5173,16,3,0,0,0,19,0.8421052631578947
5174,15,3,0,0,0,18,0.8333333333333334
5175,15,3,0,0,0,18,0.8333333333333334
5176,15,3,0,0,0,18,0.8333333333333334
5177,14,2,0,0,0,16,0.875
5178,16,3,0,0,0,19,0.8421052631578947
5179,16,3,0,0,0,19,0.8421052631578947
5180,15,3,0,0,0,18,0.8333333333333334
5181,15,4,0,0,0,19,0.7894736842105263
5182,16,3,0,0,0,19,0.8421052631578947
5183,16,3,0,0,0,19,0.8421052631578947
5184,15,3,0,0,0,18,0.8333333333333334
5185,15,3,0,0,0,18,0.8333333333333334
5186,15,3,0,0,0,18,0.8333333333333334
5187,13,3,0,0,0,16,0.8125
5188,14,3,0,0,0,17,0.8235294117647058
5189,13,3,0,0,0,16,0.8125
5190,15,3,0,0,0,18,0.8333333333333334
5191,16,3,0,0,0,19,0.8421052631578947
5192,15,3,0,0,0,18,0.8333333333333334
5193,16,3,0,0,0,19,0.8421052631578947
5194,17,3,0,0,0,20,0.85
5195,17,3,0,0,0,20,0.85
5196,16,3,0,0,0,19,0.8421052631578947
5197,14,3,0,0,0,17,0.8235294117647058
5198,17,3,0,0,0,20,0.85
5199,15,3,0,0,0,18,0.8333333333333334
5200,17,3,0,0,0,20,0.85
5201,15,3,0,0,0,18,0.8333333333333334
5202,16,3,0,0,0,19,0.8421052631578947
5203,16,3,0,0,0,19,0.8421052631578947
5204,14,3,0,0,0,17,0.8235294117647058
5205,15,3,0,0,0,18,0.8333333333333334
5206,15,3,0,0,0,18,0.8333333333333334
5207,15,3,0,0,0,18,0.8333333333333334
5208,14,3,0,0,0,17,0.8235294117647058
5209,17,2,0,0,0,19,0.8947368421052632
5210,14,3,0,0,0,17,0.8235294117647058
5211,15,4,0,0,0,19,0.7894736842105263
5212,15,4,0,0,0,19,0.7894736842105263
5213,14,4,0,0,0,18,0.7777777777777778
5214,16,3,0,0,0,19,0.8421052631578947
5215,16,3,0,0,0,19,0.8421052631578947
5216,16,3,0,0,0,19,0.8421052631578947
5217,13,3,0,0,0,16,0.8125
5218,13,3,0,0,0,16,0.8125
5219,13,3,0,0,0,16,0.8125
5220,13,3,0,0,0,16,0.8125
5221,17,3,0,0,0,20,0.85
5222,12,3,0,0,0,15,0.8
5223,14,3,0,0,0,17,0.8235294117647058
5224,17,4,0,0,0,21,0.8095238095238095
5225,13,3,0,0,0,16,0.8125
5226,15,3,0,0,0,18,0.8333333333333334
5227,16,3,0,0,0,19,0.8421052631578947
5228,17,3,0,0,0,20,0.85
5229,16,3,0,0,0,19,0.8421052631578947
5230,14,4,0,0,0,18,0.7777777777777778
5231,15,3,0,0,0,18,0.8333333333333334
5232,16,2,0,0,0,18,0.8888888888888888
5233,15,3,0,0,0,18,0.8333333333333334
5234,17,3,0,0,0,20,0.85
5235,18,3,0,0,0,21,0.8571428571428571
5236,15,3,0,0,0,18,0.8333333333333334
5237,14,3,0,0,0,17,0.8235294117647058
5238,15,3,0,0,0,18,0.8333333333333334
5239,14,4,0,0,0,18,0.7777777777777778
5240,15,3,0,0,0,18,0.8333333333333334
5241,16,4,0,0,0,20,0.8
5242,15,3,0,0,0,18,0.8333333333333334
5243,13,3,0,0,0,16,0.8125
5244,17,3,0,0,0,20,0.85
5245,15,3,0,0,0,18,0.8333333333333334
5246,17,3,0,0,0,20,0.85
5247,15,2,0,0,0,17,0.8823529411764706
5248,14,4,0,0,0,18,0.7777777777777778
5249,16,3,0,0,0,19,0.8421052631578947
5250,15,3,0,0,0,18,0.8333333333333334
5251,15,3,0,0,0,18,0.8333333333333334
5252,17,3,0,0,0,20,0.85
5253,17,4,0,0,0,21,0.8095238095238095
5254,15,3,1,0,0,19,0.7894736842105263
5255,15,4,1,0,0,20,0.75
5256,15,3,0,0,0,18,0.8333333333333334
5257,17,3,1,0,0,21,0.8095238095238095
5258,16,3,0,0,0,19,0.8421052631578947
5259,16,3,0,0,0,19,0.8421052631578947
5260,16,3,0,0,0,19,0.8421052631578947
5261,15,3,0,0,0,18,0.8333333333333334
5262,18,3,0,0,0,21,0.8571428571428571
5263,14,3,0,0,0,17,0.8235294117647058
5264,16,3,0,0,0,19,0.8421052631578947
5265,16,3,0,0,0,19,0.8421052631578947
5266,16,3,0,0,0,19,0.8421052631578947
5267,16,3,0,0,0,19,0.8421052631578947
5268,16,3,0,0,0,19,0.8421052631578947
5269,15,3,0,0,0,18,0.8333333333333334
5270,15,4,0,0,0,19,0.7894736842105263
5271,16,3,0,0,0,19,0.8421052631578947
5272,16,3,0,0,0,19,0.8421052631578947
5273,16,3,0,0,0,19,0.8421052631578947
5274,17,4,0,0,0,21,0.8095238095238095
5275,17,3,0,0,0,20,0.85
5276,15,3,0,0,0,18,0.8333333333333334
5277,16,3,0,0,0,19,0.8421052631578947
5278,15,3,0,0,0,18,0.8333333333333334
5279,14,3,0,0,0,17,0.8235294117647058
5280,17,3,0,0,0,20,0.85
5281,15,3,0,0,0,18,0.8333333333333334
5282,17,3,0,0,0,20,0.85
5283,16,3,0,0,0,19,0.8421052631578947
5284,15,3,0,0,0,18,0.8333333333333334
5285,15,3,0,0,0,18,0.8333333333333334
5286,16,3,0,0,0,19,0.8421052631578947
5287,14,2,1,0,0,17,0.8235294117647058
5288,17,3,0,0,0,20,0.85
5289,15,3,0,0,0,18,0.8333333333333334
5290,15,3,0,0,0,18,0.8333333333333334
5291,13,3,0,0,0,16,0.8125
5292,15,3,0,0,0,18,0.8333333333333334
5293,16,3,0,0,0,19,0.8421052631578947
5294,17,3,0,0,0,20,0.85
5295,15,3,0,0,0,18,0.8333333333333334
5296,15,3,0,0,0,18,0.8333333333333334
5297,14,3,0,0,0,17,0.8235294117647058
5298,17,3,0,0,0,20,0.85
5299,13,2,0,0,0,15,0.8666666666666667
5300,17,4,0,0,0,21,0.8095238095238095
5301,15,3,0,0,0,18,0.8333333333333334
5302,17,3,0,0,0,20,0.85
5303,17,3,0,0,0,20,0.85
5304,16,3,0,0,0,19,0.8421052631578947
5305,16,3,0,0,0,19,0.8421052631578947
5306,15,3,0,0,0,18,0.8333333333333334
5307,16,3,0,0,0,19,0.8421052631578947
5308,16,3,0,0,0,19,0.8421052631578947
5309,15,3,1,0,0,19,0.7894736842105263
5310,17,3,0,0,0,20,0.85
5311,15,3,0,0,0,18,0.8333333333333334
5312,13,3,0,0,0,16,0.8125
5313,15,3,0,0,0,18,0.8333333333333334
5314,16,3,0,0,0,19,0.8421052631578947
5315,15,3,0,0,0,18,0.8333333333333334
5316,15,3,0,0,0,18,0.8333333333333334
5317,17,3,0,0,0,20,0.85
5318,16,3,0,0,0,19,0.8421052631578947
5319,16,3,0,0,0,19,0.8421052631578947
5320,17,3,0,0,0,20,0.85
5321,14,3,0,0,0,17,0.8235294117647058
5322,16,3,0,0,0,19,0.8421052631578947
5323,17,3,0,0,0,20,0.85
5324,17,3,0,0,0,20,0.85
5325,17,4,0,0,0,21,0.8095238095238095
5326,16,2,0,0,0,18,0.8888888888888888
5327,15,3,0,0,0,18,0.8333333333333334
5328,16,3,0,0,0,19,0.8421052631578947
5329,16,3,0,0,0,19,0.8421052631578947
5330,16,3,0,0,0,19,0.8421052631578947
5331,16,3,0,0,0,19,0.8421052631578947
5332,15,3,0,0,0,18,0.8333333333333334
5333,17,3,0,0,0,20,0.85
5334,15,3,0,0,0,18,0.8333333333333334
5335,15,4,0,0,0,19,0.7894736842105263
5336,15,3,0,0,0,18,0.8333333333333334
5337,15,3,0,0,0,18,0.8333333333333334
5338,15,3,0,0,0,18,0.8333333333333334
5339,15,3,0,0,0,18,0.8333333333333334
5340,16,3,0,0,0,19,0.8421052631578947
5341,16,3,0,0,0,19,0.8421052631578947
5342,15,3,0,0,0,18,0.8333333333333334
5343,16,3,0,0,0,19,0.8421052631578947
5344,16,2,0,0,0,18,0.8888888888888888
5345,17,3,0,0,0,20,0.85
5346,16,3,0,0,0,19,0.8421052631578947
5347,16,3,0,0,0,19,0.8421052631578947
5348,17,3,0,0,0,20,0.85
5349,16,3,0,0,0,19,0.8421052631578947
5350,17,4,0,0,0,21,0.8095238095238095
5351,15,3,0,0,0,18,0.8333333333333334
5352,15,3,0,0,0,18,0.8333333333333334
5353,18,3,0,0,0,21,0.8571428571428571
5354,16,3,0,0,0,19,0.8421052631578947
5355,14,3,0,0,0,17,0.8235294117647058
5356,15,3,0,0,0,18,0.8333333333333334
5357,17,4,0,0,0,21,0.8095238095238095
5358,15,3,0,0,0,18,0.8333333333333334
5359,15,3,0,0,0,18,0.8333333333333334
5360,17,4,0,0,0,21,0.8095238095238095
5361,16,3,0,0,0,19,0.8421052631578947
5362,15,3,0,0,0,18,0.8333333333333334
5363,15,3,0,0,0,18,0.8333333333333334
5364,17,3,0,0,0,20,0.85
5365,17,3,0,0,0,20,0.85
5366,17,3,0,0,0,20,0.85
5367,14,3,0,0,0,17,0.8235294117647058
5368,15,3,0,0,0,18,0.8333333333333334
5369,16,3,0,0,0,19,0.8421052631578947
5370,15,3,0,0,0,18,0.8333333333333334
5371,15,3,0,0,0,18,0.8333333333333334
5372,17,3,0,0,0,20,0.85
5373,17,3,0,0,0,20,0.85
5374,17,3,0,0,0,20,0.85
5375,17,3,0,0,0,20,0.85
5376,15,3,0,0,0,18,0.8333333333333334
5377,15,3,0,0,0,18,0.8333333333333334
5378,17,3,0,0,0,20,0.85
5379,17,3,0,0,0,20,0.85
5380,17,3,0,0,0,20,0.85
5381,16,3,0,0,0,19,0.8421052631578947
5382,16,2,0,0,0,18,0.8888888888888888
5383,17,2,0,0,0,19,0.8947368421052632
5384,15,3,0,0,0,18,0.8333333333333334
5385,16,3,1,0,0,20,0.8
5386,16,3,0,0,0,19,0.8421052631578947
5387,15,3,0,0,0,18,0.8333333333333334
5388,16,3,0,0,0,19,0.8421052631578947
5389,17,3,0,0,0,20,0.85
5390,17,3,0,0,0,20,0.85
5391,15,2,0,0,0,17,0.8823529411764706
5392,18,3,0,0,0,21,0.8571428571428571
5393,14,3,0,0,0,17,0.8235294117647058
5394,16,3,0,0,0,19,0.8421052631578947
5395,17,3,0,0,0,20,0.85
5396,14,3,0,0,0,17,0.8235294117647058
5397,14,3,0,0,0,17,0.8235294117647058
5398,14,3,0,0,0,17,0.8235294117647058
5399,14,4,0,0,0,18,0.7777777777777778
5400,16,4,0,0,0,20,0.8
5401,14,3,0,0,0,17,0.8235294117647058
5402,16,3,0,0,0,19,0.8421052631578947
5403,16,3,0,0,0,19,0.8421052631578947
5404,14,3,0,0,0,17,0.8235294117647058
5405,13,3,0,0,0,16,0.8125
5406,13,3,0,0,0,16,0.8125
5407,13,3,0,0,0,16,0.8125
5408,14,3,0,0,0,17,0.8235294117647058
5409,16,3,0,0,0,19,0.8421052631578947
5410,14,4,0,0,0,18,0.7777777777777778
5411,14,3,0,0,0,17,0.8235294117647058
5412,16,2,0,0,0,18,0.8888888888888888
5413,14,3,0,0,0,17,0.8235294117647058
5414,15,3,0,0,0,18,0.8333333333333334
5415,14,3,0,0,0,17,0.8235294117647058
5416,12,4,0,0,0,16,0.75
5417,14,4,0,0,0,18,0.7777777777777778
5418,12,3,0,0,0,15,0.8
5419,16,2,0,0,0,18,0.8888888888888888
5420,14,3,0,0,0,17,0.8235294117647058
5421,13,3,0,0,0,16,0.8125
5422,15,3,0,0,0,18,0.8333333333333334
5423,12,2,0,0,0,14,0.8571428571428571
5424,14,2,0,0,0,16,0.875
5425,14,2,0,0,0,16,0.875
5426,16,3,0,0,0,19,0.8421052631578947
5427,14,3,0,0,0,17,0.8235294117647058
5428,15,4,0,0,0,19,0.7894736842105263
5429,15,4,0,0,0,19,0.7894736842105263
5430,16,3,0,0,0,19,0.8421052631578947
5431,16,3,0,0,0,19,0.8421052631578947
5432,15,3,0,0,0,18,0.8333333333333334
5433,14,3,0,0,0,17,0.8235294117647058
5434,13,3,0,0,0,16,0.8125
5435,15,3,0,0,0,18,0.8333333333333334
5436,13,3,0,0,0,16,0.8125
5437,14,3,0,0,0,17,0.8235294117647058
5438,15,3,0,0,0,18,0.8333333333333334
5439,15,4,0,0,0,19,0.7894736842105263
5440,13,3,0,0,0,16,0.8125
5441,12,3,0,0,0,15,0.8
5442,15,3,0,0,0,18,0.8333333333333334
5443,14,3,0,0,0,17,0.8235294117647058
5444,14,4,0,0,0,18,0.7777777777777778
5445,13,3,0,0,0,16,0.8125
5446,16,4,0,0,0,20,0.8
5447,14,4,0,0,0,18,0.7777777777777778
5448,16,4,0,0,0,20,0.8
5449,15,4,0,0,0,19,0.7894736842105263
5450,12,3,0,0,0,15,0.8
5451,14,4,0,0,0,18,0.7777777777777778
5452,15,4,1,0,0,20,0.75
5453,15,4,0,0,0,19,0.7894736842105263
5454,16,3,0,0,0,19,0.8421052631578947
5455,15,3,0,0,0,18,0.8333333333333334
5456,15,4,0,0,0,19,0.7894736842105263
5457,13,4,0,0,0,17,0.7647058823529411
5458,15,3,0,0,0,18,0.8333333333333334
5459,14,3,0,0,0,17,0.8235294117647058
5460,15,4,0,0,0,19,0.7894736842105263
5461,15,4,0,0,0,19,0.7894736842105263
5462,15,3,0,0,0,18,0.8333333333333334
5463,17,3,0,0,0,20,0.85
5464,13,4,0,0,0,17,0.7647058823529411
5465,14,4,0,0,0,18,0.7777777777777778
5466,15,4,0,0,0,19,0.7894736842105263
5467,15,4,0,0,0,19,0.7894736842105263
5468,13,3,0,0,0,16,0.8125
5469,13,3,0,0,0,16,0.8125
5470,14,3,0,0,0,17,0.8235294117647058
5471,14,3,0,0,0,17,0.8235294117647058
5472,17,3,0,0,0,20,0.85
5473,16,4,0,0,0,20,0.8
5474,15,3,0,0,0,18,0.8333333333333334
5475,14,4,0,0,0,18,0.7777777777777778
5476,15,3,0,0,0,18,0.8333333333333334
5477,12,4,0,0,0,16,0.75
5478,16,4,0,0,0,20,0.8
5479,15,4,0,0,0,19,0.7894736842105263
5480,14,3,0,0,0,17,0.8235294117647058
5481,17,4,0,0,0,21,0.8095238095238095
5482,17,4,0,0,0,21,0.8095238095238095
5483,15,4,0,0,0,19,0.7894736842105263
5484,14,3,0,0,0,17,0.8235294117647058
5485,16,4,0,0,0,20,0.8
5486,16,4,0,0,0,20,0.8
5487,14,3,0,0,0,17,0.8235294117647058
5488,16,3,0,0,0,19,0.8421052631578947
5489,16,4,0,0,0,20,0.8
5490,15,4,0,0,0,19,0.7894736842105263
5491,15,4,0,0,0,19,0.7894736842105263
5492,15,3,0,0,0,18,0.8333333333333334
5493,15,3,0,0,0,18,0.8333333333333334
5494,15,4,0,0,0,19,0.7894736842105263
5495,16,4,0,0,0,20,0.8
5496,16,4,0,0,0,20,0.8
5497,14,3,0,0,0,17,0.8235294117647058
5498,16,3,0,0,0,19,0.8421052631578947
5499,18,4,0,0,0,22,0.8181818181818182
5500,15,3,0,0,0,18,0.8333333333333334
5501,13,4,0,0,0,17,0.7647058823529411
5502,15,4,0,0,0,19,0.7894736842105263
5503,16,4,0,0,0,20,0.8
5504,17,3,0,0,0,20,0.85
5505,14,3,0,0,0,17,0.8235294117647058
5506,14,3,0,0,0,17,0.8235294117647058
5507,16,3,0,0,0,19,0.8421052631578947
5508,16,4,0,0,0,20,0.8
5509,14,3,0,0,0,17,0.8235294117647058
5510,17,3,0,0,0,20,0.85
5511,16,3,0,0,0,19,0.8421052631578947
5512,14,3,1,0,0,18,0.7777777777777778
5513,18,4,0,0,0,22,0.8181818181818182
5514,13,4,0,0,0,17,0.7647058823529411
5515,16,4,0,0,0,20,0.8
5516,16,4,0,0,0,20,0.8
5517,14,3,1,0,0,18,0.7777777777777778
5518,15,4,0,0,0,19,0.7894736842105263
5519,15,3,1,0,0,19,0.7894736842105263
5520,15,3,1,0,0,19,0.7894736842105263
5521,16,3,1,0,0,20,0.8
5522,16,3,0,0,0,19,0.8421052631578947
5523,17,3,1,0,0,21,0.8095238095238095
5524,13,3,0,0,0,16,0.8125
5525,14,4,1,0,0,19,0.7368421052631579
5526,12,3,1,0,0,16,0.75
5527,16,4,0,0,0,20,0.8
5528,15,3,1,0,0,19,0.7894736842105263
5529,14,4,0,0,0,18,0.7777777777777778
5530,14,3,0,0,0,17,0.8235294117647058
5531,15,3,0,0,0,18,0.8333333333333334
5532,17,3,0,0,0,20,0.85
5533,17,3,0,0,0,20,0.85
5534,15,3,0,0,0,18,0.8333333333333334
5535,16,3,0,0,0,19,0.8421052631578947
5536,14,3,0,0,0,17,0.8235294117647058
5537,16,4,0,0,0,20,0.8
5538,14,4,0,0,0,18,0.7777777777777778
5539,15,4,0,0,0,19,0.7894736842105263
5540,12,3,1,0,0,16,0.75
5541,16,4,0,0,0,20,0.8
5542,16,4,0,0,0,20,0.8
5543,15,3,1,0,0,19,0.7894736842105263
5544,17,3,1,0,0,21,0.8095238095238095
5545,14,3,0,0,0,17,0.8235294117647058
5546,15,3,0,0,0,18,0.8333333333333334
5547,17,4,0,0,0,21,0.8095238095238095
5548,15,4,0,0,0,19,0.7894736842105263
5549,15,3,0,0,0,18,0.8333333333333334
5550,16,4,1,0,0,21,0.7619047619047619
5551,14,4,1,0,0,19,0.7368421052631579
5552,15,3,0,0,0,18,0.8333333333333334
5553,16,4,0,0,0,20,0.8
5554,16,4,1,0,0,21,0.7619047619047619
5555,17,3,0,0,0,20,0.85
5556,14,4,1,0,0,19,0.7368421052631579
5557,17,4,0,0,0,21,0.8095238095238095
5558,16,3,0,0,0,19,0.8421052631578947
5559,13,4,0,0,0,17,0.7647058823529411
5560,14,4,0,0,0,18,0.7777777777777778
5561,16,4,0,0,0,20,0.8
5562,15,4,0,0,0,19,0.7894736842105263
5563,15,4,0,0,0,19,0.7894736842105263
5564,16,3,0,0,0,19,0.8421052631578947
5565,15,4,0,0,0,19,0.7894736842105263
5566,17,3,0,0,0,20,0.85
5567,16,4,0,0,0,20,0.8
5568,17,3,0,0,0,20,0.85
5569,15,4,0,0,0,19,0.7894736842105263
5570,17,3,1,0,0,21,0.8095238095238095
5571,16,3,1,0,0,20,0.8
5572,15,4,0,0,0,19,0.7894736842105263
5573,16,4,1,0,0,21,0.7619047619047619
5574,13,4,1,0,0,18,0.7222222222222222
5575,16,4,1,0,0,21,0.7619047619047619
5576,15,3,0,0,0,18,0.8333333333333334
5577,15,4,1,0,0,20,0.75
5578,14,4,0,0,0,18,0.7777777777777778
5579,16,4,1,0,0,21,0.7619047619047619
5580,14,4,1,0,0,19,0.7368421052631579
5581,16,4,0,0,0,20,0.8
5582,14,4,1,0,0,19,0.7368421052631579
5583,16,3,0,0,0,19,0.8421052631578947
5584,14,4,1,0,0,19,0.7368421052631579
5585,14,4,0,0,0,18,0.7777777777777778
5586,16,4,0,0,0,20,0.8
5587,16,4,1,0,0,21,0.7619047619047619
5588,16,4,1,0,0,21,0.7619047619047619
5589,17,4,1,0,0,22,0.7727272727272727
5590,15,3,0,0,0,18,0.8333333333333334
5591,17,3,1,0,0,21,0.8095238095238095
5592,14,4,1,0,0,19,0.7368421052631579
5593,17,4,1,0,0,22,0.7727272727272727
5594,16,4,1,0,0,21,0.7619047619047619
5595,15,4,1,0,0,20,0.75
5596,14,4,1,0,0,19,0.7368421052631579
5597,16,4,0,0,0,20,0.8
5598,14,3,0,0,0,17,0.8235294117647058
5599,14,3,1,0,0,18,0.7777777777777778
