frame,n_hydrophobic,n_polar,n_pos_charged,n_neg_charged,n_other,n_total,frac_hydrophobic
0,13,6,3,0,0,22,0.5909090909090909
1,15,6,2,0,0,23,0.6521739130434783
2,14,6,3,0,0,23,0.6086956521739131
3,15,6,1,0,0,22,0.6818181818181818
4,15,5,2,0,0,22,0.6818181818181818
5,12,6,1,0,0,19,0.631578947368421
6,12,6,2,0,0,20,0.6
7,14,6,2,0,0,22,0.6363636363636364
8,15,6,3,0,0,24,0.625
9,14,6,2,0,0,22,0.6363636363636364
10,14,6,2,0,0,22,0.6363636363636364
11,13,6,2,0,0,21,0.6190476190476191
12,15,6,2,0,0,23,0.6521739130434783
13,15,5,2,0,0,22,0.6818181818181818
14,13,6,2,0,0,21,0.6190476190476191
15,12,7,2,0,0,21,0.5714285714285714
16,14,6,4,0,0,24,0.5833333333333334
17,14,6,2,0,0,22,0.6363636363636364
18,14,6,3,0,0,23,0.6086956521739131
19,15,6,3,0,0,24,0.625
20,14,6,2,0,0,22,0.6363636363636364
21,12,6,2,0,0,20,0.6
22,13,6,2,0,0,21,0.6190476190476191
23,14,6,2,0,0,22,0.6363636363636364
24,16,6,2,0,0,24,0.6666666666666666
25,14,6,2,0,0,22,0.6363636363636364
26,15,6,2,0,0,23,0.6521739130434783
27,15,6,3,0,0,24,0.625
28,14,6,2,0,0,22,0.6363636363636364
29,16,5,3,0,0,24,0.6666666666666666
30,14,6,2,0,0,22,0.6363636363636364
31,13,6,2,0,0,21,0.6190476190476191
32,16,6,2,0,0,24,0.6666666666666666
33,14,6,4,0,0,24,0.5833333333333334
34,15,6,2,0,0,23,0.6521739130434783
35,16,6,2,0,0,24,0.6666666666666666
36,12,5,2,0,0,19,0.631578947368421
37,15,6,3,0,0,24,0.625
38,14,6,3,0,0,23,0.6086956521739131
39,14,6,1,0,0,21,0.6666666666666666
40,14,6,3,0,0,23,0.6086956521739131
41,15,7,1,0,0,23,0.6521739130434783
42,14,6,1,0,0,21,0.6666666666666666
43,16,5,2,0,0,23,0.6956521739130435
44,14,6,2,0,0,22,0.6363636363636364
45,13,5,1,0,0,19,0.6842105263157895
46,16,6,1,0,0,23,0.6956521739130435
47,16,6,2,0,0,24,0.6666666666666666
48,13,6,1,0,0,20,0.65
49,14,6,1,0,0,21,0.6666666666666666
50,13,6,1,0,0,20,0.65
51,13,6,3,0,0,22,0.5909090909090909
52,13,6,1,0,0,20,0.65
53,13,6,1,0,0,20,0.65
54,15,6,1,0,0,22,0.6818181818181818
55,15,6,1,0,0,22,0.6818181818181818
56,13,5,2,0,0,20,0.65
57,15,6,1,0,0,22,0.6818181818181818
58,13,6,1,0,0,20,0.65
59,14,5,1,0,0,20,0.7
60,15,6,2,0,0,23,0.6521739130434783
61,15,6,2,0,0,23,0.6521739130434783
62,15,6,1,0,0,22,0.6818181818181818
63,13,6,2,0,0,21,0.6190476190476191
64,15,6,2,0,0,23,0.6521739130434783
65,15,6,2,0,0,23,0.6521739130434783
66,16,6,2,0,0,24,0.6666666666666666
67,14,6,2,0,0,22,0.6363636363636364
68,15,5,3,0,0,23,0.6521739130434783
69,11,6,2,0,0,19,0.5789473684210527
70,15,6,2,0,0,23,0.6521739130434783
71,12,6,2,0,0,20,0.6
72,13,6,2,0,0,21,0.6190476190476191
73,13,5,3,0,0,21,0.6190476190476191
74,14,6,2,0,0,22,0.6363636363636364
75,16,6,3,0,0,25,0.64
76,14,6,2,0,0,22,0.6363636363636364
77,15,6,2,0,0,23,0.6521739130434783
78,12,6,2,0,0,20,0.6
79,14,6,3,0,0,23,0.6086956521739131
80,13,6,2,0,0,21,0.6190476190476191
81,16,6,2,0,0,24,0.6666666666666666
82,14,6,3,0,0,23,0.6086956521739131
83,11,4,3,0,0,18,0.6111111111111112
84,13,6,3,0,0,22,0.5909090909090909
85,15,6,2,0,0,23,0.6521739130434783
86,13,6,3,0,0,22,0.5909090909090909
87,14,6,3,0,0,23,0.6086956521739131
88,13,6,3,0,0,22,0.5909090909090909
89,12,6,4,0,0,22,0.5454545454545454
90,14,6,3,0,0,23,0.6086956521739131
91,14,5,2,0,0,21,0.6666666666666666
92,14,5,2,0,0,21,0.6666666666666666
93,13,6,3,0,0,22,0.5909090909090909
94,14,6,3,0,0,23,0.6086956521739131
95,15,5,3,0,0,23,0.6521739130434783
96,13,6,2,0,0,21,0.6190476190476191
97,14,5,3,0,0,22,0.6363636363636364
98,12,4,2,0,0,18,0.6666666666666666
99,14,5,3,0,0,22,0.6363636363636364
100,13,5,2,0,0,20,0.65
101,13,5,2,0,0,20,0.65
102,12,6,4,0,0,22,0.5454545454545454
103,14,6,2,0,0,22,0.6363636363636364
104,13,6,3,0,0,22,0.5909090909090909
105,12,6,2,0,0,20,0.6
106,15,6,2,0,0,23,0.6521739130434783
107,14,5,2,0,0,21,0.6666666666666666
108,14,5,3,0,0,22,0.6363636363636364
109,13,5,3,0,0,21,0.6190476190476191
110,12,6,2,0,0,20,0.6
111,11,5,3,0,0,19,0.5789473684210527
112,16,6,2,0,0,24,0.6666666666666666
113,14,6,3,0,0,23,0.6086956521739131
114,13,6,3,0,0,22,0.5909090909090909
115,13,6,3,0,0,22,0.5909090909090909
116,14,6,3,0,0,23,0.6086956521739131
117,14,5,3,0,0,22,0.6363636363636364
118,14,6,2,0,0,22,0.6363636363636364
119,14,5,3,0,0,22,0.6363636363636364
120,14,6,2,0,0,22,0.6363636363636364
121,14,6,3,0,0,23,0.6086956521739131
122,11,6,3,0,0,20,0.55
123,15,6,3,0,0,24,0.625
124,12,4,3,0,0,19,0.631578947368421
125,14,5,3,0,0,22,0.6363636363636364
126,14,5,3,0,0,22,0.6363636363636364
127,14,4,3,0,0,21,0.6666666666666666
128,14,4,2,0,0,20,0.7
129,15,6,3,0,0,24,0.625
130,13,6,3,0,0,22,0.5909090909090909
131,13,6,3,0,0,22,0.5909090909090909
132,14,6,3,0,0,23,0.6086956521739131
133,13,6,3,0,0,22,0.5909090909090909
134,14,5,3,0,0,22,0.6363636363636364
135,13,5,2,0,0,20,0.65
136,13,6,3,0,0,22,0.5909090909090909
137,13,6,3,0,0,22,0.5909090909090909
138,13,6,3,0,0,22,0.5909090909090909
139,13,5,2,0,0,20,0.65
140,12,6,3,0,0,21,0.5714285714285714
141,15,6,3,0,0,24,0.625
142,13,6,3,0,0,22,0.5909090909090909
143,14,6,2,0,0,22,0.6363636363636364
144,12,6,3,0,0,21,0.5714285714285714
145,12,7,3,0,0,22,0.5454545454545454
146,13,6,3,0,0,22,0.5909090909090909
147,14,5,2,0,0,21,0.6666666666666666
148,15,6,3,0,0,24,0.625
149,13,6,2,0,0,21,0.6190476190476191
150,15,6,2,0,0,23,0.6521739130434783
151,14,6,3,0,0,23,0.6086956521739131
152,14,5,3,0,0,22,0.6363636363636364
153,13,6,3,0,0,22,0.5909090909090909
154,14,6,3,0,0,23,0.6086956521739131
155,12,6,3,0,0,21,0.5714285714285714
156,15,5,3,0,0,23,0.6521739130434783
157,16,6,2,0,0,24,0.6666666666666666
158,14,6,3,0,0,23,0.6086956521739131
159,13,5,3,0,0,21,0.6190476190476191
160,12,5,3,0,0,20,0.6
161,13,5,3,0,0,21,0.6190476190476191
162,14,6,3,0,0,23,0.6086956521739131
163,17,6,3,0,0,26,0.6538461538461539
164,13,6,3,0,0,22,0.5909090909090909
165,14,6,3,0,0,23,0.6086956521739131
166,13,6,2,0,0,21,0.6190476190476191
167,14,6,3,0,0,23,0.6086956521739131
168,12,5,2,0,0,19,0.631578947368421
169,15,6,3,0,0,24,0.625
170,12,5,3,0,0,20,0.6
171,13,6,3,0,0,22,0.5909090909090909
172,12,4,2,0,0,18,0.6666666666666666
173,12,5,2,0,0,19,0.631578947368421
174,14,5,3,0,0,22,0.6363636363636364
175,15,7,2,0,0,24,0.625
176,15,7,2,0,0,24,0.625
177,13,5,2,0,0,20,0.65
178,14,6,2,0,0,22,0.6363636363636364
179,12,5,2,0,0,19,0.631578947368421
180,14,6,3,0,0,23,0.6086956521739131
181,13,5,2,0,0,20,0.65
182,13,6,2,0,0,21,0.6190476190476191
183,15,5,2,0,0,22,0.6818181818181818
184,13,6,2,0,0,21,0.6190476190476191
185,13,6,2,0,0,21,0.6190476190476191
186,12,6,3,0,0,21,0.5714285714285714
187,14,6,3,0,0,23,0.6086956521739131
188,13,5,2,0,0,20,0.65
189,13,6,2,0,0,21,0.6190476190476191
190,14,6,3,0,0,23,0.6086956521739131
191,15,5,3,0,0,23,0.6521739130434783
192,12,6,2,0,0,20,0.6
193,10,7,3,0,0,20,0.5
194,12,5,2,0,0,19,0.631578947368421
195,14,5,2,0,0,21,0.6666666666666666
196,15,5,2,0,0,22,0.6818181818181818
197,14,6,3,0,0,23,0.6086956521739131
198,12,5,3,0,0,20,0.6
199,13,4,2,0,0,19,0.6842105263157895
200,13,6,3,0,0,22,0.5909090909090909
201,13,5,2,0,0,20,0.65
202,14,5,3,0,0,22,0.6363636363636364
203,14,6,2,0,0,22,0.6363636363636364
204,14,6,2,0,0,22,0.6363636363636364
205,13,6,3,0,0,22,0.5909090909090909
206,13,6,3,0,0,22,0.5909090909090909
207,14,6,3,0,0,23,0.6086956521739131
208,12,6,3,0,0,21,0.5714285714285714
209,13,4,3,0,0,20,0.65
210,15,6,3,0,0,24,0.625
211,14,6,3,0,0,23,0.6086956521739131
212,13,6,2,0,0,21,0.6190476190476191
213,14,6,2,0,0,22,0.6363636363636364
214,12,5,2,0,0,19,0.631578947368421
215,15,5,3,0,0,23,0.6521739130434783
216,15,6,3,0,0,24,0.625
217,13,6,3,0,0,22,0.5909090909090909
218,11,6,3,0,0,20,0.55
219,13,5,2,0,0,20,0.65
220,12,5,3,0,0,20,0.6
221,12,5,2,0,0,19,0.631578947368421
222,13,7,3,0,0,23,0.5652173913043478
223,13,6,3,0,0,22,0.5909090909090909
224,15,5,3,0,0,23,0.6521739130434783
225,13,6,3,0,0,22,0.5909090909090909
226,13,6,4,0,0,23,0.5652173913043478
227,12,6,3,0,0,21,0.5714285714285714
228,14,6,3,0,0,23,0.6086956521739131
229,15,5,3,0,0,23,0.6521739130434783
230,13,5,1,0,0,19,0.6842105263157895
231,14,5,3,0,0,22,0.6363636363636364
232,14,5,3,0,0,22,0.6363636363636364
233,14,6,3,0,0,23,0.6086956521739131
234,14,6,3,0,0,23,0.6086956521739131
235,13,5,3,0,0,21,0.6190476190476191
236,17,4,2,0,0,23,0.7391304347826086
237,14,6,3,0,0,23,0.6086956521739131
238,11,6,2,0,0,19,0.5789473684210527
239,13,5,3,0,0,21,0.6190476190476191
240,13,6,3,0,0,22,0.5909090909090909
241,14,6,2,0,0,22,0.6363636363636364
242,15,6,3,0,0,24,0.625
243,10,5,3,0,0,18,0.5555555555555556
244,12,5,3,0,0,20,0.6
245,12,6,2,0,0,20,0.6
246,12,6,3,0,0,21,0.5714285714285714
247,13,6,3,0,0,22,0.5909090909090909
248,12,6,3,0,0,21,0.5714285714285714
249,14,6,3,0,0,23,0.6086956521739131
250,12,6,3,0,0,21,0.5714285714285714
251,13,5,3,0,0,21,0.6190476190476191
252,11,6,3,0,0,20,0.55
253,11,6,3,0,0,20,0.55
254,12,6,3,0,0,21,0.5714285714285714
255,13,5,3,0,0,21,0.6190476190476191
256,14,6,3,0,0,23,0.6086956521739131
257,13,6,2,0,0,21,0.6190476190476191
258,12,6,3,0,0,21,0.5714285714285714
259,11,6,3,0,0,20,0.55
260,12,6,3,0,0,21,0.5714285714285714
261,14,5,2,0,0,21,0.6666666666666666
262,14,5,2,0,0,21,0.6666666666666666
263,10,6,2,0,0,18,0.5555555555555556
264,11,6,2,0,0,19,0.5789473684210527
265,13,5,2,0,0,20,0.65
266,13,6,3,0,0,22,0.5909090909090909
267,11,6,2,0,0,19,0.5789473684210527
268,13,5,1,0,0,19,0.6842105263157895
269,15,6,3,0,0,24,0.625
270,11,6,2,0,0,19,0.5789473684210527
271,15,6,2,0,0,23,0.6521739130434783
272,11,6,1,0,0,18,0.6111111111111112
273,13,6,1,0,0,20,0.65
274,13,6,2,0,0,21,0.6190476190476191
275,15,5,1,0,0,21,0.7142857142857143
276,12,5,2,0,0,19,0.631578947368421
277,13,5,2,0,0,20,0.65
278,13,6,2,0,0,21,0.6190476190476191
279,15,6,2,0,0,23,0.6521739130434783
280,13,5,1,0,0,19,0.6842105263157895
281,12,6,2,0,0,20,0.6
282,14,5,2,0,0,21,0.6666666666666666
283,13,5,2,0,0,20,0.65
284,14,6,1,0,0,21,0.6666666666666666
285,12,5,2,0,0,19,0.631578947368421
286,10,6,3,0,0,19,0.5263157894736842
287,13,5,2,0,0,20,0.65
288,10,5,2,0,0,17,0.5882352941176471
289,12,6,2,0,0,20,0.6
290,13,6,1,0,0,20,0.65
291,14,6,1,0,0,21,0.6666666666666666
292,15,6,3,0,0,24,0.625
293,13,5,2,0,0,20,0.65
294,12,6,3,0,0,21,0.5714285714285714
295,11,6,3,0,0,20,0.55
296,16,6,3,0,0,25,0.64
297,13,5,2,0,0,20,0.65
298,13,5,2,0,0,20,0.65
299,12,5,2,0,0,19,0.631578947368421
300,13,5,3,0,0,21,0.6190476190476191
301,15,6,3,0,0,24,0.625
302,12,5,3,0,0,20,0.6
303,13,6,3,0,0,22,0.5909090909090909
304,14,5,2,0,0,21,0.6666666666666666
305,15,4,2,0,0,21,0.7142857142857143
306,13,6,2,0,0,21,0.6190476190476191
307,13,5,3,0,0,21,0.6190476190476191
308,12,5,3,0,0,20,0.6
309,12,5,3,0,0,20,0.6
310,13,6,3,0,0,22,0.5909090909090909
311,14,6,2,0,0,22,0.6363636363636364
312,14,6,3,0,0,23,0.6086956521739131
313,14,6,4,0,0,24,0.5833333333333334
314,13,6,2,0,0,21,0.6190476190476191
315,13,6,3,0,0,22,0.5909090909090909
316,12,4,3,0,0,19,0.631578947368421
317,12,6,2,0,0,20,0.6
318,13,4,3,0,0,20,0.65
319,12,4,2,0,0,18,0.6666666666666666
320,14,6,4,0,0,24,0.5833333333333334
321,16,6,3,0,0,25,0.64
322,14,6,3,0,0,23,0.6086956521739131
323,12,6,3,0,0,21,0.5714285714285714
324,13,6,3,0,0,22,0.5909090909090909
325,15,6,3,0,0,24,0.625
326,14,6,4,0,0,24,0.5833333333333334
327,16,6,3,0,0,25,0.64
328,16,5,3,0,0,24,0.6666666666666666
329,14,5,3,0,0,22,0.6363636363636364
330,13,6,2,0,0,21,0.6190476190476191
331,12,6,2,0,0,20,0.6
332,14,6,3,0,0,23,0.6086956521739131
333,15,6,3,0,0,24,0.625
334,14,6,3,0,0,23,0.6086956521739131
335,12,6,3,0,0,21,0.5714285714285714
336,14,5,2,0,0,21,0.6666666666666666
337,12,6,3,0,0,21,0.5714285714285714
338,16,6,3,0,0,25,0.64
339,14,5,3,0,0,22,0.6363636363636364
340,13,6,2,0,0,21,0.6190476190476191
341,14,6,2,0,0,22,0.6363636363636364
342,14,6,3,0,0,23,0.6086956521739131
343,14,6,2,0,0,22,0.6363636363636364
344,15,6,3,0,0,24,0.625
345,14,4,3,0,0,21,0.6666666666666666
346,15,5,2,0,0,22,0.6818181818181818
347,12,5,3,0,0,20,0.6
348,15,6,3,0,0,24,0.625
349,15,6,2,0,0,23,0.6521739130434783
350,13,6,3,0,0,22,0.5909090909090909
351,14,6,3,0,0,23,0.6086956521739131
352,14,6,3,0,0,23,0.6086956521739131
353,12,5,2,0,0,19,0.631578947368421
354,14,5,3,0,0,22,0.6363636363636364
355,15,5,2,0,0,22,0.6818181818181818
356,13,5,3,0,0,21,0.6190476190476191
357,14,6,3,0,0,23,0.6086956521739131
358,12,6,2,0,0,20,0.6
359,12,5,2,0,0,19,0.631578947368421
360,12,6,3,0,0,21,0.5714285714285714
361,15,6,3,0,0,24,0.625
362,13,6,3,0,0,22,0.5909090909090909
363,14,5,3,0,0,22,0.6363636363636364
364,13,5,2,0,0,20,0.65
365,13,5,2,0,0,20,0.65
366,16,6,3,0,0,25,0.64
367,13,6,2,0,0,21,0.6190476190476191
368,11,6,3,0,0,20,0.55
369,11,6,3,0,0,20,0.55
370,13,5,2,0,0,20,0.65
371,13,4,3,0,0,20,0.65
372,13,5,3,0,0,21,0.6190476190476191
373,15,4,3,0,0,22,0.6818181818181818
374,13,6,2,0,0,21,0.6190476190476191
375,14,6,2,0,0,22,0.6363636363636364
376,16,5,3,0,0,24,0.6666666666666666
377,14,6,3,0,0,23,0.6086956521739131
378,13,6,3,0,0,22,0.5909090909090909
379,15,5,4,0,0,24,0.625
380,15,5,3,0,0,23,0.6521739130434783
381,15,5,3,0,0,23,0.6521739130434783
382,13,6,2,0,0,21,0.6190476190476191
383,13,6,2,0,0,21,0.6190476190476191
384,13,5,2,0,0,20,0.65
385,15,6,1,0,0,22,0.6818181818181818
386,12,6,3,0,0,21,0.5714285714285714
387,13,6,3,0,0,22,0.5909090909090909
388,16,6,2,0,0,24,0.6666666666666666
389,14,6,2,0,0,22,0.6363636363636364
390,14,5,2,0,0,21,0.6666666666666666
391,13,6,2,0,0,21,0.6190476190476191
392,12,6,2,0,0,20,0.6
393,13,5,2,0,0,20,0.65
394,14,6,2,0,0,22,0.6363636363636364
395,14,6,2,0,0,22,0.6363636363636364
396,14,5,2,0,0,21,0.6666666666666666
397,12,5,3,0,0,20,0.6
398,11,5,1,0,0,17,0.6470588235294118
399,14,6,3,0,0,23,0.6086956521739131
400,14,6,2,0,0,22,0.6363636363636364
401,16,4,3,0,0,23,0.6956521739130435
402,14,6,2,0,0,22,0.6363636363636364
403,13,5,3,0,0,21,0.6190476190476191
404,15,5,4,0,0,24,0.625
405,14,6,2,0,0,22,0.6363636363636364
406,12,5,4,0,0,21,0.5714285714285714
407,14,6,2,0,0,22,0.6363636363636364
408,15,6,2,0,0,23,0.6521739130434783
409,11,5,3,0,0,19,0.5789473684210527
410,12,4,4,0,0,20,0.6
411,12,6,3,0,0,21,0.5714285714285714
412,12,6,3,0,0,21,0.5714285714285714
413,15,5,3,0,0,23,0.6521739130434783
414,10,6,2,0,0,18,0.5555555555555556
415,12,5,2,0,0,19,0.631578947368421
416,14,6,2,0,0,22,0.6363636363636364
417,12,5,2,0,0,19,0.631578947368421
418,14,4,2,0,0,20,0.7
419,14,6,3,0,0,23,0.6086956521739131
420,15,5,2,0,0,22,0.6818181818181818
421,14,6,3,0,0,23,0.6086956521739131
422,11,5,4,0,0,20,0.55
423,15,4,3,0,0,22,0.6818181818181818
424,12,6,2,0,0,20,0.6
425,12,5,3,0,0,20,0.6
426,13,6,3,0,0,22,0.5909090909090909
427,12,6,2,0,0,20,0.6
428,14,6,2,0,0,22,0.6363636363636364
429,14,6,1,0,0,21,0.6666666666666666
430,15,5,3,0,0,23,0.6521739130434783
431,12,5,2,0,0,19,0.631578947368421
432,12,5,1,0,0,18,0.6666666666666666
433,14,5,3,0,0,22,0.6363636363636364
434,13,6,2,0,0,21,0.6190476190476191
435,11,6,2,0,0,19,0.5789473684210527
436,14,5,3,0,0,22,0.6363636363636364
437,10,6,1,0,0,17,0.5882352941176471
438,13,5,1,0,0,19,0.6842105263157895
439,15,5,1,0,0,21,0.7142857142857143
440,13,6,2,0,0,21,0.6190476190476191
441,13,6,1,0,0,20,0.65
442,13,7,1,0,0,21,0.6190476190476191
443,13,6,1,0,0,20,0.65
444,13,8,1,0,0,22,0.5909090909090909
445,13,7,1,0,0,21,0.6190476190476191
446,13,5,2,0,0,20,0.65
447,14,7,1,0,0,22,0.6363636363636364
448,15,6,1,0,0,22,0.6818181818181818
449,12,5,2,0,0,19,0.631578947368421
450,12,6,3,0,0,21,0.5714285714285714
451,12,5,2,0,0,19,0.631578947368421
452,12,5,2,0,0,19,0.631578947368421
453,13,6,1,0,0,20,0.65
454,10,6,2,0,0,18,0.5555555555555556
455,12,4,2,0,0,18,0.6666666666666666
456,12,5,2,0,0,19,0.631578947368421
457,14,4,1,0,0,19,0.7368421052631579
458,16,5,2,0,0,23,0.6956521739130435
459,12,5,2,0,0,19,0.631578947368421
460,13,4,2,0,0,19,0.6842105263157895
461,12,5,2,0,0,19,0.631578947368421
462,12,5,2,0,0,19,0.631578947368421
463,9,5,3,0,0,17,0.5294117647058824
464,13,5,2,0,0,20,0.65
465,15,5,2,0,0,22,0.6818181818181818
466,12,4,2,0,0,18,0.6666666666666666
467,15,5,1,0,0,21,0.7142857142857143
468,13,5,1,0,0,19,0.6842105263157895
469,13,5,1,0,0,19,0.6842105263157895
470,13,5,2,0,0,20,0.65
471,13,5,3,0,0,21,0.6190476190476191
472,16,6,2,0,0,24,0.6666666666666666
473,12,6,2,0,0,20,0.6
474,13,5,2,0,0,20,0.65
475,13,5,2,0,0,20,0.65
476,15,5,3,0,0,23,0.6521739130434783
477,13,5,2,0,0,20,0.65
478,14,4,3,0,0,21,0.6666666666666666
479,15,5,3,0,0,23,0.6521739130434783
480,12,5,3,0,0,20,0.6
481,14,5,2,0,0,21,0.6666666666666666
482,12,5,2,0,0,19,0.631578947368421
483,15,5,2,0,0,22,0.6818181818181818
484,14,5,2,0,0,21,0.6666666666666666
485,10,6,2,0,0,18,0.5555555555555556
486,14,6,2,0,0,22,0.6363636363636364
487,15,5,2,0,0,22,0.6818181818181818
488,14,7,2,0,0,23,0.6086956521739131
489,11,7,2,0,0,20,0.55
490,17,7,1,0,0,25,0.68
491,14,5,2,0,0,21,0.6666666666666666
492,13,6,1,0,0,20,0.65
493,13,5,2,0,0,20,0.65
494,12,6,1,0,0,19,0.631578947368421
495,13,6,3,0,0,22,0.5909090909090909
496,11,6,1,0,0,18,0.6111111111111112
497,12,5,3,0,0,20,0.6
498,12,6,1,0,0,19,0.631578947368421
499,13,5,2,0,0,20,0.65
500,12,6,2,0,0,20,0.6
501,12,5,1,0,0,18,0.6666666666666666
502,10,5,2,0,0,17,0.5882352941176471
503,14,6,2,0,0,22,0.6363636363636364
504,13,6,2,0,0,21,0.6190476190476191
505,14,6,2,0,0,22,0.6363636363636364
506,13,6,2,0,0,21,0.6190476190476191
507,15,6,2,0,0,23,0.6521739130434783
508,14,5,2,0,0,21,0.6666666666666666
509,14,5,1,0,0,20,0.7
510,13,5,1,0,0,19,0.6842105263157895
511,13,5,1,0,0,19,0.6842105263157895
512,12,6,2,0,0,20,0.6
513,16,6,2,0,0,24,0.6666666666666666
514,13,6,2,0,0,21,0.6190476190476191
515,11,6,1,0,0,18,0.6111111111111112
516,15,5,2,0,0,22,0.6818181818181818
517,12,5,2,0,0,19,0.631578947368421
518,13,6,1,0,0,20,0.65
519,13,5,2,0,0,20,0.65
520,12,4,2,0,0,18,0.6666666666666666
521,13,5,2,0,0,20,0.65
522,16,4,2,0,0,22,0.7272727272727273
523,14,6,2,0,0,22,0.6363636363636364
524,13,6,2,0,0,21,0.6190476190476191
525,13,6,1,0,0,20,0.65
526,13,6,1,0,0,20,0.65
527,12,6,2,0,0,20,0.6
528,13,6,1,0,0,20,0.65
529,14,5,2,0,0,21,0.6666666666666666
530,15,6,2,0,0,23,0.6521739130434783
531,12,6,1,0,0,19,0.631578947368421
532,13,5,1,0,0,19,0.6842105263157895
533,13,6,1,0,0,20,0.65
534,12,6,2,0,0,20,0.6
535,14,5,1,0,0,20,0.7
536,12,6,2,0,0,20,0.6
537,14,6,2,0,0,22,0.6363636363636364
538,14,6,2,0,0,22,0.6363636363636364
539,14,6,1,0,0,21,0.6666666666666666
540,13,6,1,0,0,20,0.65
541,15,5,1,0,0,21,0.7142857142857143
542,16,6,2,0,0,24,0.6666666666666666
543,13,6,2,0,0,21,0.6190476190476191
544,13,5,2,0,0,20,0.65
545,14,5,1,0,0,20,0.7
546,15,6,1,0,0,22,0.6818181818181818
547,11,6,2,0,0,19,0.5789473684210527
548,15,5,2,0,0,22,0.6818181818181818
549,13,5,2,0,0,20,0.65
550,11,6,2,0,0,19,0.5789473684210527
551,13,6,2,0,0,21,0.6190476190476191
552,11,7,2,0,0,20,0.55
553,10,6,2,0,0,18,0.5555555555555556
554,13,6,2,0,0,21,0.6190476190476191
555,13,6,2,0,0,21,0.6190476190476191
556,11,6,1,0,0,18,0.6111111111111112
557,15,6,1,0,0,22,0.6818181818181818
558,12,5,2,0,0,19,0.631578947368421
559,13,5,1,0,0,19,0.6842105263157895
560,14,6,1,0,0,21,0.6666666666666666
561,13,6,1,0,0,20,0.65
562,12,6,2,0,0,20,0.6
563,13,5,2,0,0,20,0.65
564,12,5,2,0,0,19,0.631578947368421
565,10,6,2,0,0,18,0.5555555555555556
566,12,6,2,0,0,20,0.6
567,15,5,3,0,0,23,0.6521739130434783
568,13,4,1,0,0,18,0.7222222222222222
569,12,6,2,0,0,20,0.6
570,14,7,2,0,0,23,0.6086956521739131
571,12,6,2,0,0,20,0.6
572,13,6,1,0,0,20,0.65
573,13,6,2,0,0,21,0.6190476190476191
574,10,6,2,0,0,18,0.5555555555555556
575,13,6,2,0,0,21,0.6190476190476191
576,15,4,2,0,0,21,0.7142857142857143
577,13,5,2,0,0,20,0.65
578,14,5,2,0,0,21,0.6666666666666666
579,12,5,2,0,0,19,0.631578947368421
580,13,5,2,0,0,20,0.65
581,15,5,2,0,0,22,0.6818181818181818
582,14,5,3,0,0,22,0.6363636363636364
583,11,5,2,0,0,18,0.6111111111111112
584,13,6,2,0,0,21,0.6190476190476191
585,13,6,2,0,0,21,0.6190476190476191
586,11,6,2,0,0,19,0.5789473684210527
587,14,6,2,0,0,22,0.6363636363636364
588,13,6,2,0,0,21,0.6190476190476191
589,14,6,2,0,0,22,0.6363636363636364
590,15,5,2,0,0,22,0.6818181818181818
591,13,5,1,0,0,19,0.6842105263157895
592,14,6,2,0,0,22,0.6363636363636364
593,13,6,2,0,0,21,0.6190476190476191
594,11,6,2,0,0,19,0.5789473684210527
595,11,5,2,0,0,18,0.6111111111111112
596,12,6,2,0,0,20,0.6
597,10,6,2,0,0,18,0.5555555555555556
598,14,6,2,0,0,22,0.6363636363636364
599,13,6,2,0,0,21,0.6190476190476191
600,12,6,2,0,0,20,0.6
601,11,5,2,0,0,18,0.6111111111111112
602,11,5,2,0,0,18,0.6111111111111112
603,13,6,2,0,0,21,0.6190476190476191
604,12,6,2,0,0,20,0.6
605,13,5,2,0,0,20,0.65
606,14,5,1,0,0,20,0.7
607,12,6,1,0,0,19,0.631578947368421
608,12,5,1,0,0,18,0.6666666666666666
609,14,5,1,0,0,20,0.7
610,11,5,1,0,0,17,0.6470588235294118
611,12,5,1,0,0,18,0.6666666666666666
612,14,5,1,0,0,20,0.7
613,12,5,1,0,0,18,0.6666666666666666
614,11,5,1,0,0,17,0.6470588235294118
615,13,6,2,0,0,21,0.6190476190476191
616,13,5,2,0,0,20,0.65
617,14,6,2,0,0,22,0.6363636363636364
618,16,5,2,0,0,23,0.6956521739130435
619,14,5,2,0,0,21,0.6666666666666666
620,14,5,2,0,0,21,0.6666666666666666
621,14,6,2,0,0,22,0.6363636363636364
622,14,6,2,0,0,22,0.6363636363636364
623,15,6,3,0,0,24,0.625
624,15,6,2,0,0,23,0.6521739130434783
625,14,6,2,0,0,22,0.6363636363636364
626,12,6,2,0,0,20,0.6
627,15,6,2,0,0,23,0.6521739130434783
628,12,6,2,0,0,20,0.6
629,11,6,1,0,0,18,0.6111111111111112
630,16,6,2,0,0,24,0.6666666666666666
631,15,6,2,0,0,23,0.6521739130434783
632,14,5,2,0,0,21,0.6666666666666666
633,12,6,2,0,0,20,0.6
634,13,5,1,0,0,19,0.6842105263157895
635,12,5,1,0,0,18,0.6666666666666666
636,13,4,2,0,0,19,0.6842105263157895
637,14,6,1,0,0,21,0.6666666666666666
638,12,5,2,0,0,19,0.631578947368421
639,13,4,2,0,0,19,0.6842105263157895
640,13,6,1,0,0,20,0.65
641,13,5,2,0,0,20,0.65
642,13,5,2,0,0,20,0.65
643,13,5,1,0,0,19,0.6842105263157895
644,15,5,1,0,0,21,0.7142857142857143
645,13,5,1,0,0,19,0.6842105263157895
646,12,5,1,0,0,18,0.6666666666666666
647,13,5,1,0,0,19,0.6842105263157895
648,15,6,1,0,0,22,0.6818181818181818
649,18,5,1,0,0,24,0.75
650,13,4,1,0,0,18,0.7222222222222222
651,15,5,1,0,0,21,0.7142857142857143
652,15,5,2,0,0,22,0.6818181818181818
653,13,5,1,0,0,19,0.6842105263157895
654,12,5,2,0,0,19,0.631578947368421
655,14,5,1,0,0,20,0.7
656,14,5,1,0,0,20,0.7
657,13,5,1,0,0,19,0.6842105263157895
658,14,5,2,0,0,21,0.6666666666666666
659,14,5,2,0,0,21,0.6666666666666666
660,14,5,2,0,0,21,0.6666666666666666
661,14,5,1,0,0,20,0.7
662,14,5,3,0,0,22,0.6363636363636364
663,13,5,2,0,0,20,0.65
664,14,5,2,0,0,21,0.6666666666666666
665,16,5,2,0,0,23,0.6956521739130435
666,14,4,2,0,0,20,0.7
667,17,5,2,0,0,24,0.7083333333333334
668,14,5,2,0,0,21,0.6666666666666666
669,14,5,2,0,0,21,0.6666666666666666
670,12,5,2,0,0,19,0.631578947368421
671,13,5,1,0,0,19,0.6842105263157895
672,14,5,2,0,0,21,0.6666666666666666
673,15,5,1,0,0,21,0.7142857142857143
674,16,5,2,0,0,23,0.6956521739130435
675,15,5,2,0,0,22,0.6818181818181818
676,16,4,2,0,0,22,0.7272727272727273
677,12,5,2,0,0,19,0.631578947368421
678,14,6,2,0,0,22,0.6363636363636364
679,16,5,2,0,0,23,0.6956521739130435
680,15,5,2,0,0,22,0.6818181818181818
681,9,5,2,0,0,16,0.5625
682,15,5,1,0,0,21,0.7142857142857143
683,11,5,1,0,0,17,0.6470588235294118
684,15,5,1,0,0,21,0.7142857142857143
685,18,5,1,0,0,24,0.75
686,15,5,1,0,0,21,0.7142857142857143
687,13,5,1,0,0,19,0.6842105263157895
688,13,5,1,0,0,19,0.6842105263157895
689,16,5,1,0,0,22,0.7272727272727273
690,16,6,1,0,0,23,0.6956521739130435
691,16,5,1,0,0,22,0.7272727272727273
692,15,5,2,0,0,22,0.6818181818181818
693,14,5,2,0,0,21,0.6666666666666666
694,12,5,1,0,0,18,0.6666666666666666
695,13,5,1,0,0,19,0.6842105263157895
696,12,5,1,0,0,18,0.6666666666666666
697,14,5,1,0,0,20,0.7
698,17,5,1,0,0,23,0.7391304347826086
699,13,5,1,0,0,19,0.6842105263157895
700,16,5,1,0,0,22,0.7272727272727273
701,14,5,1,0,0,20,0.7
702,16,6,2,0,0,24,0.6666666666666666
703,14,5,1,0,0,20,0.7
704,16,5,1,0,0,22,0.7272727272727273
705,18,5,2,0,0,25,0.72
706,15,5,1,0,0,21,0.7142857142857143
707,14,5,1,0,0,20,0.7
708,16,5,1,0,0,22,0.7272727272727273
709,14,6,1,0,0,21,0.6666666666666666
710,15,5,1,0,0,21,0.7142857142857143
711,16,5,1,0,0,22,0.7272727272727273
712,14,5,1,0,0,20,0.7
713,13,5,1,0,0,19,0.6842105263157895
714,15,5,1,0,0,21,0.7142857142857143
715,14,5,1,0,0,20,0.7
716,15,7,1,0,0,23,0.6521739130434783
717,13,6,1,0,0,20,0.65
718,15,5,1,0,0,21,0.7142857142857143
719,15,5,1,0,0,21,0.7142857142857143
720,14,6,1,0,0,21,0.6666666666666666
721,15,6,1,0,0,22,0.6818181818181818
722,16,5,2,0,0,23,0.6956521739130435
723,14,6,1,0,0,21,0.6666666666666666
724,16,5,2,0,0,23,0.6956521739130435
725,16,5,2,0,0,23,0.6956521739130435
726,16,5,1,0,0,22,0.7272727272727273
727,12,5,1,0,0,18,0.6666666666666666
728,16,5,2,0,0,23,0.6956521739130435
729,13,5,1,0,0,19,0.6842105263157895
730,14,5,1,0,0,20,0.7
731,13,5,1,0,0,19,0.6842105263157895
732,15,5,1,0,0,21,0.7142857142857143
733,16,7,1,0,0,24,0.6666666666666666
734,15,5,1,0,0,21,0.7142857142857143
735,13,6,1,0,0,20,0.65
736,14,6,1,0,0,21,0.6666666666666666
737,12,5,1,0,0,18,0.6666666666666666
738,15,6,1,0,0,22,0.6818181818181818
739,13,6,1,0,0,20,0.65
740,13,6,1,0,0,20,0.65
741,14,5,1,0,0,20,0.7
742,13,6,1,0,0,20,0.65
743,15,4,1,0,0,20,0.75
744,13,6,1,0,0,20,0.65
745,14,6,1,0,0,21,0.6666666666666666
746,13,5,1,0,0,19,0.6842105263157895
747,17,5,1,0,0,23,0.7391304347826086
748,13,6,1,0,0,20,0.65
749,15,5,1,0,0,21,0.7142857142857143
750,14,5,1,0,0,20,0.7
751,13,5,1,0,0,19,0.6842105263157895
752,15,6,1,0,0,22,0.6818181818181818
753,13,6,1,0,0,20,0.65
754,15,5,1,0,0,21,0.7142857142857143
755,13,5,1,0,0,19,0.6842105263157895
756,14,6,1,0,0,21,0.6666666666666666
757,12,5,1,0,0,18,0.6666666666666666
758,14,5,1,0,0,20,0.7
759,13,6,1,0,0,20,0.65
760,15,5,1,0,0,21,0.7142857142857143
761,15,5,1,0,0,21,0.7142857142857143
762,13,5,2,0,0,20,0.65
763,14,6,2,0,0,22,0.6363636363636364
764,12,5,1,0,0,18,0.6666666666666666
765,12,5,1,0,0,18,0.6666666666666666
766,15,6,1,0,0,22,0.6818181818181818
767,12,6,2,0,0,20,0.6
768,14,6,1,0,0,21,0.6666666666666666
769,15,5,1,0,0,21,0.7142857142857143
770,14,5,1,0,0,20,0.7
771,14,6,1,0,0,21,0.6666666666666666
772,13,5,1,0,0,19,0.6842105263157895
773,13,5,1,0,0,19,0.6842105263157895
774,14,5,1,0,0,20,0.7
775,14,6,1,0,0,21,0.6666666666666666
776,16,4,1,0,0,21,0.7619047619047619
777,13,5,1,0,0,19,0.6842105263157895
778,13,5,1,0,0,19,0.6842105263157895
779,15,4,2,0,0,21,0.7142857142857143
780,14,7,1,0,0,22,0.6363636363636364
781,15,6,1,0,0,22,0.6818181818181818
782,15,5,1,0,0,21,0.7142857142857143
783,13,4,1,0,0,18,0.7222222222222222
784,12,5,1,0,0,18,0.6666666666666666
785,14,6,1,0,0,21,0.6666666666666666
786,14,6,1,0,0,21,0.6666666666666666
787,14,7,1,0,0,22,0.6363636363636364
788,15,6,1,0,0,22,0.6818181818181818
789,14,4,1,0,0,19,0.7368421052631579
790,15,6,1,0,0,22,0.6818181818181818
791,15,5,1,0,0,21,0.7142857142857143
792,14,5,1,0,0,20,0.7
793,16,5,1,0,0,22,0.7272727272727273
794,14,6,1,0,0,21,0.6666666666666666
795,15,5,1,0,0,21,0.7142857142857143
796,13,5,1,0,0,19,0.6842105263157895
797,14,6,1,0,0,21,0.6666666666666666
798,14,5,1,0,0,20,0.7
799,11,5,1,0,0,17,0.6470588235294118
800,13,4,1,0,0,18,0.7222222222222222
801,12,5,1,0,0,18,0.6666666666666666
802,16,5,1,0,0,22,0.7272727272727273
803,14,5,1,0,0,20,0.7
804,15,5,1,0,0,21,0.7142857142857143
805,14,7,1,0,0,22,0.6363636363636364
806,14,5,1,0,0,20,0.7
807,15,5,1,0,0,21,0.7142857142857143
808,16,5,1,0,0,22,0.7272727272727273
809,15,7,1,0,0,23,0.6521739130434783
810,16,5,1,0,0,22,0.7272727272727273
811,17,5,1,0,0,23,0.7391304347826086
812,14,5,1,0,0,20,0.7
813,14,5,1,0,0,20,0.7
814,17,6,1,0,0,24,0.7083333333333334
815,15,5,1,0,0,21,0.7142857142857143
816,15,6,1,0,0,22,0.6818181818181818
817,14,5,1,0,0,20,0.7
818,14,5,1,0,0,20,0.7
819,15,5,1,0,0,21,0.7142857142857143
820,16,5,1,0,0,22,0.7272727272727273
821,16,5,1,0,0,22,0.7272727272727273
822,15,6,1,0,0,22,0.6818181818181818
823,16,5,1,0,0,22,0.7272727272727273
824,16,5,1,0,0,22,0.7272727272727273
825,18,6,1,0,0,25,0.72
826,16,5,1,0,0,22,0.7272727272727273
827,16,5,1,0,0,22,0.7272727272727273
828,16,6,1,0,0,23,0.6956521739130435
829,16,5,1,0,0,22,0.7272727272727273
830,15,5,1,0,0,21,0.7142857142857143
831,18,6,1,0,0,25,0.72
832,14,5,2,0,0,21,0.6666666666666666
833,15,5,2,0,0,22,0.6818181818181818
834,15,6,1,0,0,22,0.6818181818181818
835,15,4,2,0,0,21,0.7142857142857143
836,16,5,2,0,0,23,0.6956521739130435
837,15,5,1,0,0,21,0.7142857142857143
838,18,5,2,0,0,25,0.72
839,15,5,2,0,0,22,0.6818181818181818
840,14,5,2,0,0,21,0.6666666666666666
841,14,4,1,0,0,19,0.7368421052631579
842,16,5,2,0,0,23,0.6956521739130435
843,16,5,1,0,0,22,0.7272727272727273
844,16,5,1,0,0,22,0.7272727272727273
845,16,5,1,0,0,22,0.7272727272727273
846,15,6,1,0,0,22,0.6818181818181818
847,15,5,2,0,0,22,0.6818181818181818
848,17,5,1,0,0,23,0.7391304347826086
849,15,5,1,0,0,21,0.7142857142857143
850,15,5,1,0,0,21,0.7142857142857143
851,17,5,2,0,0,24,0.7083333333333334
852,17,5,1,0,0,23,0.7391304347826086
853,15,5,2,0,0,22,0.6818181818181818
854,16,5,2,0,0,23,0.6956521739130435
855,13,5,1,0,0,19,0.6842105263157895
856,15,5,2,0,0,22,0.6818181818181818
857,15,5,2,0,0,22,0.6818181818181818
858,13,6,1,0,0,20,0.65
859,17,6,2,0,0,25,0.68
860,16,4,2,0,0,22,0.7272727272727273
861,16,5,1,0,0,22,0.7272727272727273
862,17,5,2,0,0,24,0.7083333333333334
863,18,5,1,0,0,24,0.75
864,15,5,1,0,0,21,0.7142857142857143
865,12,7,1,0,0,20,0.6
866,14,5,1,0,0,20,0.7
867,16,6,1,0,0,23,0.6956521739130435
868,16,5,1,0,0,22,0.7272727272727273
869,13,5,1,0,0,19,0.6842105263157895
870,14,4,1,0,0,19,0.7368421052631579
871,14,6,1,0,0,21,0.6666666666666666
872,15,6,1,0,0,22,0.6818181818181818
873,17,5,1,0,0,23,0.7391304347826086
874,14,5,1,0,0,20,0.7
875,15,5,1,0,0,21,0.7142857142857143
876,14,5,1,0,0,20,0.7
877,15,6,1,0,0,22,0.6818181818181818
878,16,5,1,0,0,22,0.7272727272727273
879,16,5,1,0,0,22,0.7272727272727273
880,17,5,1,0,0,23,0.7391304347826086
881,16,5,1,0,0,22,0.7272727272727273
882,17,6,1,0,0,24,0.7083333333333334
883,13,5,2,0,0,20,0.65
884,17,6,1,0,0,24,0.7083333333333334
885,13,6,1,0,0,20,0.65
886,16,5,1,0,0,22,0.7272727272727273
887,13,7,1,0,0,21,0.6190476190476191
888,14,5,1,0,0,20,0.7
889,14,6,1,0,0,21,0.6666666666666666
890,12,4,1,0,0,17,0.7058823529411765
891,14,5,1,0,0,20,0.7
892,13,5,1,0,0,19,0.6842105263157895
893,13,5,1,0,0,19,0.6842105263157895
894,15,4,1,0,0,20,0.75
895,17,5,1,0,0,23,0.7391304347826086
896,14,5,1,0,0,20,0.7
897,15,6,1,0,0,22,0.6818181818181818
898,13,5,1,0,0,19,0.6842105263157895
899,16,5,1,0,0,22,0.7272727272727273
900,15,5,1,0,0,21,0.7142857142857143
901,13,5,1,0,0,19,0.6842105263157895
902,14,5,1,0,0,20,0.7
903,15,5,1,0,0,21,0.7142857142857143
904,16,5,1,0,0,22,0.7272727272727273
905,15,5,1,0,0,21,0.7142857142857143
906,12,5,1,0,0,18,0.6666666666666666
907,12,6,1,0,0,19,0.631578947368421
908,15,5,1,0,0,21,0.7142857142857143
909,16,4,1,0,0,21,0.7619047619047619
910,14,7,1,0,0,22,0.6363636363636364
911,13,6,1,0,0,20,0.65
912,14,7,1,0,0,22,0.6363636363636364
913,13,7,1,0,0,21,0.6190476190476191
914,15,5,1,0,0,21,0.7142857142857143
915,15,6,1,0,0,22,0.6818181818181818
916,13,5,1,0,0,19,0.6842105263157895
917,13,5,1,0,0,19,0.6842105263157895
918,14,4,1,0,0,19,0.7368421052631579
919,16,5,1,0,0,22,0.7272727272727273
920,16,7,1,0,0,24,0.6666666666666666
921,15,7,1,0,0,23,0.6521739130434783
922,16,5,1,0,0,22,0.7272727272727273
923,15,5,1,0,0,21,0.7142857142857143
924,15,5,2,0,0,22,0.6818181818181818
925,16,5,2,0,0,23,0.6956521739130435
926,12,5,1,0,0,18,0.6666666666666666
927,17,5,2,0,0,24,0.7083333333333334
928,12,5,1,0,0,18,0.6666666666666666
929,14,5,2,0,0,21,0.6666666666666666
930,16,5,2,0,0,23,0.6956521739130435
931,16,5,1,0,0,22,0.7272727272727273
932,18,5,1,0,0,24,0.75
933,12,5,1,0,0,18,0.6666666666666666
934,11,5,1,0,0,17,0.6470588235294118
935,15,4,1,0,0,20,0.75
936,14,5,1,0,0,20,0.7
937,15,5,1,0,0,21,0.7142857142857143
938,11,5,1,0,0,17,0.6470588235294118
939,14,5,1,0,0,20,0.7
940,15,5,1,0,0,21,0.7142857142857143
941,14,6,1,0,0,21,0.6666666666666666
942,13,5,1,0,0,19,0.6842105263157895
943,14,5,1,0,0,20,0.7
944,16,5,1,0,0,22,0.7272727272727273
945,15,5,2,0,0,22,0.6818181818181818
946,16,5,2,0,0,23,0.6956521739130435
947,14,5,2,0,0,21,0.6666666666666666
948,15,6,2,0,0,23,0.6521739130434783
949,16,5,1,0,0,22,0.7272727272727273
950,15,4,1,0,0,20,0.75
951,13,5,1,0,0,19,0.6842105263157895
952,14,5,1,0,0,20,0.7
953,14,5,1,0,0,20,0.7
954,17,6,1,0,0,24,0.7083333333333334
955,14,5,1,0,0,20,0.7
956,16,5,1,0,0,22,0.7272727272727273
957,18,5,2,0,0,25,0.72
958,15,5,1,0,0,21,0.7142857142857143
959,15,6,1,0,0,22,0.6818181818181818
960,13,5,1,0,0,19,0.6842105263157895
961,15,7,1,0,0,23,0.6521739130434783
962,12,5,1,0,0,18,0.6666666666666666
963,17,6,1,0,0,24,0.7083333333333334
964,16,5,1,0,0,22,0.7272727272727273
965,16,5,1,0,0,22,0.7272727272727273
966,19,5,1,0,0,25,0.76
967,15,5,1,0,0,21,0.7142857142857143
968,16,4,1,0,0,21,0.7619047619047619
969,17,5,1,0,0,23,0.7391304347826086
970,16,5,1,0,0,22,0.7272727272727273
971,17,5,2,0,0,24,0.7083333333333334
972,15,6,1,0,0,22,0.6818181818181818
973,17,5,2,0,0,24,0.7083333333333334
974,15,5,2,0,0,22,0.6818181818181818
975,16,5,1,0,0,22,0.7272727272727273
976,17,6,1,0,0,24,0.7083333333333334
977,18,5,1,0,0,24,0.75
978,18,5,2,0,0,25,0.72
979,16,5,1,0,0,22,0.7272727272727273
980,19,5,1,0,0,25,0.76
981,17,5,1,0,0,23,0.7391304347826086
982,16,5,2,0,0,23,0.6956521739130435
983,18,5,1,0,0,24,0.75
984,15,5,1,0,0,21,0.7142857142857143
985,15,5,1,0,0,21,0.7142857142857143
986,13,5,2,0,0,20,0.65
987,16,6,1,0,0,23,0.6956521739130435
988,14,5,1,0,0,20,0.7
989,15,5,1,0,0,21,0.7142857142857143
990,16,4,1,0,0,21,0.7619047619047619
991,13,5,1,0,0,19,0.6842105263157895
992,16,4,1,0,0,21,0.7619047619047619
993,15,7,1,0,0,23,0.6521739130434783
994,17,7,1,0,0,25,0.68
995,16,6,1,0,0,23,0.6956521739130435
996,16,5,1,0,0,22,0.7272727272727273
997,16,6,1,0,0,23,0.6956521739130435
998,14,5,1,0,0,20,0.7
999,15,5,1,0,0,21,0.7142857142857143
1000,17,6,1,0,0,24,0.7083333333333334
1001,15,5,1,0,0,21,0.7142857142857143
1002,18,4,1,0,0,23,0.782608695652174
1003,16,5,1,0,0,22,0.7272727272727273
1004,14,5,1,0,0,20,0.7
1005,18,6,1,0,0,25,0.72
1006,17,5,1,0,0,23,0.7391304347826086
1007,15,5,1,0,0,21,0.7142857142857143
1008,18,5,1,0,0,24,0.75
1009,17,5,1,0,0,23,0.7391304347826086
1010,17,5,2,0,0,24,0.7083333333333334
1011,18,6,1,0,0,25,0.72
1012,18,6,1,0,0,25,0.72
1013,16,6,1,0,0,23,0.6956521739130435
1014,15,7,1,0,0,23,0.6521739130434783
1015,19,5,1,0,0,25,0.76
1016,14,6,1,0,0,21,0.6666666666666666
1017,15,5,1,0,0,21,0.7142857142857143
1018,15,5,1,0,0,21,0.7142857142857143
1019,15,5,2,0,0,22,0.6818181818181818
1020,15,5,2,0,0,22,0.6818181818181818
1021,16,5,1,0,0,22,0.7272727272727273
1022,16,6,1,0,0,23,0.6956521739130435
1023,16,5,1,0,0,22,0.7272727272727273
1024,17,4,1,0,0,22,0.7727272727272727
1025,14,5,1,0,0,20,0.7
1026,15,5,1,0,0,21,0.7142857142857143
1027,16,5,2,0,0,23,0.6956521739130435
1028,15,7,2,0,0,24,0.625
1029,14,5,1,0,0,20,0.7
1030,17,5,1,0,0,23,0.7391304347826086
1031,15,5,2,0,0,22,0.6818181818181818
1032,18,5,1,0,0,24,0.75
1033,17,5,1,0,0,23,0.7391304347826086
1034,16,5,1,0,0,22,0.7272727272727273
1035,16,5,1,0,0,22,0.7272727272727273
1036,17,6,2,0,0,25,0.68
1037,18,5,1,0,0,24,0.75
1038,18,5,2,0,0,25,0.72
1039,18,5,2,0,0,25,0.72
1040,18,5,1,0,0,24,0.75
1041,14,5,2,0,0,21,0.6666666666666666
1042,17,5,1,0,0,23,0.7391304347826086
1043,16,6,1,0,0,23,0.6956521739130435
1044,17,5,1,0,0,23,0.7391304347826086
1045,17,7,1,0,0,25,0.68
1046,17,4,1,0,0,22,0.7727272727272727
1047,15,5,1,0,0,21,0.7142857142857143
1048,15,5,1,0,0,21,0.7142857142857143
1049,16,5,2,0,0,23,0.6956521739130435
1050,17,5,2,0,0,24,0.7083333333333334
1051,16,5,2,0,0,23,0.6956521739130435
1052,16,5,2,0,0,23,0.6956521739130435
1053,16,5,1,0,0,22,0.7272727272727273
1054,15,5,1,0,0,21,0.7142857142857143
1055,14,5,1,0,0,20,0.7
1056,14,5,1,0,0,20,0.7
1057,16,5,1,0,0,22,0.7272727272727273
1058,14,6,1,0,0,21,0.6666666666666666
1059,16,6,1,0,0,23,0.6956521739130435
1060,13,5,1,0,0,19,0.6842105263157895
1061,16,5,1,0,0,22,0.7272727272727273
1062,15,6,1,0,0,22,0.6818181818181818
1063,16,6,1,0,0,23,0.6956521739130435
1064,15,5,1,0,0,21,0.7142857142857143
1065,18,5,1,0,0,24,0.75
1066,15,5,1,0,0,21,0.7142857142857143
1067,13,5,1,0,0,19,0.6842105263157895
1068,18,5,1,0,0,24,0.75
1069,13,7,1,0,0,21,0.6190476190476191
1070,13,7,1,0,0,21,0.6190476190476191
1071,13,5,1,0,0,19,0.6842105263157895
1072,13,6,1,0,0,20,0.65
1073,12,6,1,0,0,19,0.631578947368421
1074,15,6,1,0,0,22,0.6818181818181818
1075,15,5,1,0,0,21,0.7142857142857143
1076,12,5,1,0,0,18,0.6666666666666666
1077,14,6,1,0,0,21,0.6666666666666666
1078,14,7,1,0,0,22,0.6363636363636364
1079,14,5,1,0,0,20,0.7
1080,15,6,1,0,0,22,0.6818181818181818
1081,13,6,1,0,0,20,0.65
1082,15,5,1,0,0,21,0.7142857142857143
1083,14,5,1,0,0,20,0.7
1084,15,5,1,0,0,21,0.7142857142857143
1085,16,5,1,0,0,22,0.7272727272727273
1086,11,6,1,0,0,18,0.6111111111111112
1087,15,5,1,0,0,21,0.7142857142857143
1088,15,5,1,0,0,21,0.7142857142857143
1089,15,5,1,0,0,21,0.7142857142857143
1090,15,6,1,0,0,22,0.6818181818181818
1091,13,5,1,0,0,19,0.6842105263157895
1092,17,7,1,0,0,25,0.68
1093,16,5,1,0,0,22,0.7272727272727273
1094,16,5,1,0,0,22,0.7272727272727273
1095,16,5,1,0,0,22,0.7272727272727273
1096,17,6,1,0,0,24,0.7083333333333334
1097,16,7,1,0,0,24,0.6666666666666666
1098,14,5,1,0,0,20,0.7
1099,15,5,1,0,0,21,0.7142857142857143
1100,16,6,1,0,0,23,0.6956521739130435
1101,13,6,1,0,0,20,0.65
1102,17,5,1,0,0,23,0.7391304347826086
1103,14,5,1,0,0,20,0.7
1104,14,6,1,0,0,21,0.6666666666666666
1105,14,5,1,0,0,20,0.7
1106,16,6,1,0,0,23,0.6956521739130435
1107,14,7,1,0,0,22,0.6363636363636364
1108,14,4,1,0,0,19,0.7368421052631579
1109,14,7,1,0,0,22,0.6363636363636364
1110,14,7,1,0,0,22,0.6363636363636364
1111,13,5,1,0,0,19,0.6842105263157895
1112,16,4,1,0,0,21,0.7619047619047619
1113,14,6,1,0,0,21,0.6666666666666666
1114,15,6,1,0,0,22,0.6818181818181818
1115,16,5,1,0,0,22,0.7272727272727273
1116,17,5,1,0,0,23,0.7391304347826086
1117,15,5,1,0,0,21,0.7142857142857143
1118,15,5,1,0,0,21,0.7142857142857143
1119,14,6,1,0,0,21,0.6666666666666666
1120,16,6,1,0,0,23,0.6956521739130435
1121,14,5,1,0,0,20,0.7
1122,14,5,1,0,0,20,0.7
1123,16,7,1,0,0,24,0.6666666666666666
1124,16,7,1,0,0,24,0.6666666666666666
1125,15,5,1,0,0,21,0.7142857142857143
1126,16,6,1,0,0,23,0.6956521739130435
1127,16,5,1,0,0,22,0.7272727272727273
1128,14,6,1,0,0,21,0.6666666666666666
1129,16,6,1,0,0,23,0.6956521739130435
1130,15,7,1,0,0,23,0.6521739130434783
1131,15,6,1,0,0,22,0.6818181818181818
1132,17,7,1,0,0,25,0.68
1133,16,5,1,0,0,22,0.7272727272727273
1134,14,5,1,0,0,20,0.7
1135,17,7,1,0,0,25,0.68
1136,17,5,1,0,0,23,0.7391304347826086
1137,14,5,1,0,0,20,0.7
1138,18,5,1,0,0,24,0.75
1139,17,5,1,0,0,23,0.7391304347826086
1140,16,5,1,0,0,22,0.7272727272727273
1141,16,5,1,0,0,22,0.7272727272727273
1142,16,5,1,0,0,22,0.7272727272727273
1143,16,5,1,0,0,22,0.7272727272727273
1144,16,5,1,0,0,22,0.7272727272727273
1145,16,5,1,0,0,22,0.7272727272727273
1146,14,6,1,0,0,21,0.6666666666666666
1147,18,6,1,0,0,25,0.72
1148,16,5,1,0,0,22,0.7272727272727273
1149,17,5,1,0,0,23,0.7391304347826086
1150,12,5,1,0,0,18,0.6666666666666666
1151,17,5,1,0,0,23,0.7391304347826086
1152,18,5,1,0,0,24,0.75
1153,16,5,1,0,0,22,0.7272727272727273
1154,14,6,1,0,0,21,0.6666666666666666
1155,16,7,1,0,0,24,0.6666666666666666
1156,13,6,1,0,0,20,0.65
1157,17,5,1,0,0,23,0.7391304347826086
1158,16,5,1,0,0,22,0.7272727272727273
1159,15,5,1,0,0,21,0.7142857142857143
1160,17,5,1,0,0,23,0.7391304347826086
1161,14,6,1,0,0,21,0.6666666666666666
1162,15,5,1,0,0,21,0.7142857142857143
1163,17,6,1,0,0,24,0.7083333333333334
1164,15,4,1,0,0,20,0.75
1165,17,5,1,0,0,23,0.7391304347826086
1166,14,5,1,0,0,20,0.7
1167,16,6,1,0,0,23,0.6956521739130435
1168,16,5,1,0,0,22,0.7272727272727273
1169,16,5,1,0,0,22,0.7272727272727273
1170,15,5,1,0,0,21,0.7142857142857143
1171,16,5,1,0,0,22,0.7272727272727273
1172,16,5,1,0,0,22,0.7272727272727273
1173,15,6,1,0,0,22,0.6818181818181818
1174,16,5,1,0,0,22,0.7272727272727273
1175,14,5,1,0,0,20,0.7
1176,19,6,1,0,0,26,0.7307692307692307
1177,14,5,1,0,0,20,0.7
1178,19,5,1,0,0,25,0.76
1179,17,5,1,0,0,23,0.7391304347826086
1180,18,5,1,0,0,24,0.75
1181,15,5,1,0,0,21,0.7142857142857143
1182,17,5,1,0,0,23,0.7391304347826086
1183,15,5,1,0,0,21,0.7142857142857143
1184,14,5,2,0,0,21,0.6666666666666666
1185,17,5,1,0,0,23,0.7391304347826086
1186,12,5,1,0,0,18,0.6666666666666666
1187,16,5,1,0,0,22,0.7272727272727273
1188,18,6,2,0,0,26,0.6923076923076923
1189,18,5,1,0,0,24,0.75
1190,15,5,1,0,0,21,0.7142857142857143
1191,16,6,1,0,0,23,0.6956521739130435
1192,15,5,1,0,0,21,0.7142857142857143
1193,17,5,1,0,0,23,0.7391304347826086
1194,18,5,1,0,0,24,0.75
1195,16,5,1,0,0,22,0.7272727272727273
1196,17,5,1,0,0,23,0.7391304347826086
1197,16,5,1,0,0,22,0.7272727272727273
1198,19,6,1,0,0,26,0.7307692307692307
1199,16,5,1,0,0,22,0.7272727272727273
1200,17,5,1,0,0,23,0.7391304347826086
1201,15,6,1,0,0,22,0.6818181818181818
1202,18,6,1,0,0,25,0.72
1203,17,6,1,0,0,24,0.7083333333333334
1204,16,6,1,0,0,23,0.6956521739130435
1205,16,5,1,0,0,22,0.7272727272727273
1206,14,6,1,0,0,21,0.6666666666666666
1207,17,6,1,0,0,24,0.7083333333333334
1208,15,6,1,0,0,22,0.6818181818181818
1209,18,5,1,0,0,24,0.75
1210,18,5,1,0,0,24,0.75
1211,14,5,1,0,0,20,0.7
1212,16,5,1,0,0,22,0.7272727272727273
1213,19,5,1,0,0,25,0.76
1214,15,5,2,0,0,22,0.6818181818181818
1215,14,5,1,0,0,20,0.7
1216,15,5,2,0,0,22,0.6818181818181818
1217,16,5,2,0,0,23,0.6956521739130435
1218,17,5,2,0,0,24,0.7083333333333334
1219,15,5,2,0,0,22,0.6818181818181818
1220,18,5,2,0,0,25,0.72
1221,15,5,1,0,0,21,0.7142857142857143
1222,18,4,2,0,0,24,0.75
1223,17,5,1,0,0,23,0.7391304347826086
1224,16,6,1,0,0,23,0.6956521739130435
1225,15,6,2,0,0,23,0.6521739130434783
1226,15,5,1,0,0,21,0.7142857142857143
1227,18,5,1,0,0,24,0.75
1228,16,5,1,0,0,22,0.7272727272727273
1229,16,6,1,0,0,23,0.6956521739130435
1230,17,5,1,0,0,23,0.7391304347826086
1231,16,7,1,0,0,24,0.6666666666666666
1232,16,6,1,0,0,23,0.6956521739130435
1233,19,5,1,0,0,25,0.76
1234,17,5,1,0,0,23,0.7391304347826086
1235,17,5,1,0,0,23,0.7391304347826086
1236,17,5,1,0,0,23,0.7391304347826086
1237,16,5,1,0,0,22,0.7272727272727273
1238,18,6,1,0,0,25,0.72
1239,17,6,1,0,0,24,0.7083333333333334
1240,17,5,1,0,0,23,0.7391304347826086
1241,16,5,1,0,0,22,0.7272727272727273
1242,17,5,2,0,0,24,0.7083333333333334
1243,16,6,1,0,0,23,0.6956521739130435
1244,18,5,2,0,0,25,0.72
1245,16,5,1,0,0,22,0.7272727272727273
1246,17,6,2,0,0,25,0.68
1247,13,5,2,0,0,20,0.65
1248,17,5,1,0,0,23,0.7391304347826086
1249,19,6,2,0,0,27,0.7037037037037037
1250,14,6,1,0,0,21,0.6666666666666666
1251,14,5,1,0,0,20,0.7
1252,19,5,1,0,0,25,0.76
1253,18,6,2,0,0,26,0.6923076923076923
1254,17,5,1,0,0,23,0.7391304347826086
1255,15,5,1,0,0,21,0.7142857142857143
1256,16,6,2,0,0,24,0.6666666666666666
1257,16,6,1,0,0,23,0.6956521739130435
1258,17,6,1,0,0,24,0.7083333333333334
1259,18,6,1,0,0,25,0.72
1260,16,5,2,0,0,23,0.6956521739130435
1261,20,6,2,0,0,28,0.7142857142857143
1262,15,5,1,0,0,21,0.7142857142857143
1263,14,5,2,0,0,21,0.6666666666666666
1264,16,5,2,0,0,23,0.6956521739130435
1265,18,4,2,0,0,24,0.75
1266,13,5,1,0,0,19,0.6842105263157895
1267,11,5,2,0,0,18,0.6111111111111112
1268,16,6,2,0,0,24,0.6666666666666666
1269,13,6,2,0,0,21,0.6190476190476191
1270,16,6,2,0,0,24,0.6666666666666666
1271,16,5,2,0,0,23,0.6956521739130435
1272,14,5,2,0,0,21,0.6666666666666666
1273,16,5,2,0,0,23,0.6956521739130435
1274,16,5,1,0,0,22,0.7272727272727273
1275,18,6,1,0,0,25,0.72
1276,13,4,2,0,0,19,0.6842105263157895
1277,15,6,2,0,0,23,0.6521739130434783
1278,18,6,2,0,0,26,0.6923076923076923
1279,15,5,2,0,0,22,0.6818181818181818
1280,14,6,2,0,0,22,0.6363636363636364
1281,15,5,2,0,0,22,0.6818181818181818
1282,17,5,2,0,0,24,0.7083333333333334
1283,17,4,2,0,0,23,0.7391304347826086
1284,16,4,2,0,0,22,0.7272727272727273
1285,15,6,2,0,0,23,0.6521739130434783
1286,16,5,2,0,0,23,0.6956521739130435
1287,17,6,2,0,0,25,0.68
1288,15,5,2,0,0,22,0.6818181818181818
1289,14,6,2,0,0,22,0.6363636363636364
1290,15,5,2,0,0,22,0.6818181818181818
1291,18,5,2,0,0,25,0.72
1292,19,5,2,0,0,26,0.7307692307692307
1293,15,6,1,0,0,22,0.6818181818181818
1294,14,6,2,0,0,22,0.6363636363636364
1295,17,4,2,0,0,23,0.7391304347826086
1296,17,5,2,0,0,24,0.7083333333333334
1297,16,5,2,0,0,23,0.6956521739130435
1298,14,5,2,0,0,21,0.6666666666666666
1299,16,6,2,0,0,24,0.6666666666666666
1300,14,4,2,0,0,20,0.7
1301,16,6,2,0,0,24,0.6666666666666666
1302,16,5,2,0,0,23,0.6956521739130435
1303,17,6,2,0,0,25,0.68
1304,17,6,2,0,0,25,0.68
1305,13,5,2,0,0,20,0.65
1306,15,5,2,0,0,22,0.6818181818181818
1307,14,5,2,0,0,21,0.6666666666666666
1308,17,6,2,0,0,25,0.68
1309,16,5,2,0,0,23,0.6956521739130435
1310,13,6,2,0,0,21,0.6190476190476191
1311,17,5,2,0,0,24,0.7083333333333334
1312,15,5,2,0,0,22,0.6818181818181818
1313,16,6,2,0,0,24,0.6666666666666666
1314,14,5,2,0,0,21,0.6666666666666666
1315,12,5,2,0,0,19,0.631578947368421
1316,16,5,2,0,0,23,0.6956521739130435
1317,15,5,2,0,0,22,0.6818181818181818
1318,14,5,2,0,0,21,0.6666666666666666
1319,17,5,2,0,0,24,0.7083333333333334
1320,14,5,1,0,0,20,0.7
1321,13,5,2,0,0,20,0.65
1322,14,5,1,0,0,20,0.7
1323,14,5,1,0,0,20,0.7
1324,13,5,1,0,0,19,0.6842105263157895
1325,15,5,2,0,0,22,0.6818181818181818
1326,13,5,1,0,0,19,0.6842105263157895
1327,14,5,1,0,0,20,0.7
1328,15,5,1,0,0,21,0.7142857142857143
1329,16,5,1,0,0,22,0.7272727272727273
1330,17,5,1,0,0,23,0.7391304347826086
1331,15,5,1,0,0,21,0.7142857142857143
1332,15,7,1,0,0,23,0.6521739130434783
1333,16,5,1,0,0,22,0.7272727272727273
1334,14,5,2,0,0,21,0.6666666666666666
1335,16,5,1,0,0,22,0.7272727272727273
1336,15,5,2,0,0,22,0.6818181818181818
1337,14,5,2,0,0,21,0.6666666666666666
1338,15,5,2,0,0,22,0.6818181818181818
1339,12,5,1,0,0,18,0.6666666666666666
1340,15,6,1,0,0,22,0.6818181818181818
1341,15,5,2,0,0,22,0.6818181818181818
1342,12,5,2,0,0,19,0.631578947368421
1343,15,4,2,0,0,21,0.7142857142857143
1344,14,5,2,0,0,21,0.6666666666666666
1345,12,5,1,0,0,18,0.6666666666666666
1346,16,5,2,0,0,23,0.6956521739130435
1347,14,5,2,0,0,21,0.6666666666666666
1348,17,5,2,0,0,24,0.7083333333333334
1349,17,5,2,0,0,24,0.7083333333333334
1350,13,5,2,0,0,20,0.65
1351,16,5,2,0,0,23,0.6956521739130435
1352,15,5,1,0,0,21,0.7142857142857143
1353,13,5,1,0,0,19,0.6842105263157895
1354,14,5,1,0,0,20,0.7
1355,14,4,2,0,0,20,0.7
1356,14,5,1,0,0,20,0.7
1357,15,5,1,0,0,21,0.7142857142857143
1358,14,5,2,0,0,21,0.6666666666666666
1359,16,5,1,0,0,22,0.7272727272727273
1360,12,5,1,0,0,18,0.6666666666666666
1361,15,5,1,0,0,21,0.7142857142857143
1362,12,4,1,0,0,17,0.7058823529411765
1363,14,5,1,0,0,20,0.7
1364,17,5,2,0,0,24,0.7083333333333334
1365,14,5,2,0,0,21,0.6666666666666666
1366,18,4,2,0,0,24,0.75
1367,16,5,2,0,0,23,0.6956521739130435
1368,16,5,2,0,0,23,0.6956521739130435
1369,16,5,2,0,0,23,0.6956521739130435
1370,13,5,2,0,0,20,0.65
1371,16,5,2,0,0,23,0.6956521739130435
1372,15,4,2,0,0,21,0.7142857142857143
1373,14,5,2,0,0,21,0.6666666666666666
1374,18,6,2,0,0,26,0.6923076923076923
1375,16,5,2,0,0,23,0.6956521739130435
1376,16,5,2,0,0,23,0.6956521739130435
1377,15,5,2,0,0,22,0.6818181818181818
1378,17,5,2,0,0,24,0.7083333333333334
1379,18,5,2,0,0,25,0.72
1380,17,5,2,0,0,24,0.7083333333333334
1381,15,5,2,0,0,22,0.6818181818181818
1382,15,5,3,0,0,23,0.6521739130434783
1383,17,5,2,0,0,24,0.7083333333333334
1384,16,4,1,0,0,21,0.7619047619047619
1385,16,5,1,0,0,22,0.7272727272727273
1386,15,5,2,0,0,22,0.6818181818181818
1387,16,5,1,0,0,22,0.7272727272727273
1388,15,4,1,0,0,20,0.75
1389,16,5,1,0,0,22,0.7272727272727273
1390,16,4,1,0,0,21,0.7619047619047619
1391,16,6,1,0,0,23,0.6956521739130435
1392,16,5,1,0,0,22,0.7272727272727273
1393,16,5,1,0,0,22,0.7272727272727273
1394,17,5,2,0,0,24,0.7083333333333334
1395,17,5,1,0,0,23,0.7391304347826086
1396,15,5,1,0,0,21,0.7142857142857143
1397,15,5,2,0,0,22,0.6818181818181818
1398,15,5,1,0,0,21,0.7142857142857143
1399,15,5,1,0,0,21,0.7142857142857143
1400,17,5,2,0,0,24,0.7083333333333334
1401,16,5,2,0,0,23,0.6956521739130435
1402,17,5,2,0,0,24,0.7083333333333334
1403,17,5,2,0,0,24,0.7083333333333334
1404,16,5,2,0,0,23,0.6956521739130435
1405,17,5,2,0,0,24,0.7083333333333334
1406,14,5,2,0,0,21,0.6666666666666666
1407,15,5,1,0,0,21,0.7142857142857143
1408,15,5,1,0,0,21,0.7142857142857143
1409,14,7,1,0,0,22,0.6363636363636364
1410,12,5,2,0,0,19,0.631578947368421
1411,16,5,2,0,0,23,0.6956521739130435
1412,17,5,2,0,0,24,0.7083333333333334
1413,15,5,2,0,0,22,0.6818181818181818
1414,15,5,2,0,0,22,0.6818181818181818
1415,15,5,1,0,0,21,0.7142857142857143
1416,15,5,2,0,0,22,0.6818181818181818
1417,12,5,1,0,0,18,0.6666666666666666
1418,14,6,0,0,0,20,0.7
1419,14,6,1,0,0,21,0.6666666666666666
1420,14,6,1,0,0,21,0.6666666666666666
1421,15,6,1,0,0,22,0.6818181818181818
1422,13,5,1,0,0,19,0.6842105263157895
1423,15,5,0,0,0,20,0.75
1424,14,6,0,0,0,20,0.7
1425,14,5,1,0,0,20,0.7
1426,17,5,2,0,0,24,0.7083333333333334
1427,14,5,2,0,0,21,0.6666666666666666
1428,17,5,1,0,0,23,0.7391304347826086
1429,12,6,1,0,0,19,0.631578947368421
1430,13,5,1,0,0,19,0.6842105263157895
1431,14,5,1,0,0,20,0.7
1432,15,5,1,0,0,21,0.7142857142857143
1433,13,6,1,0,0,20,0.65
1434,13,5,1,0,0,19,0.6842105263157895
1435,14,5,1,0,0,20,0.7
1436,13,5,1,0,0,19,0.6842105263157895
1437,15,5,1,0,0,21,0.7142857142857143
1438,14,5,1,0,0,20,0.7
1439,16,5,1,0,0,22,0.7272727272727273
1440,17,4,1,0,0,22,0.7727272727272727
1441,15,6,1,0,0,22,0.6818181818181818
1442,14,5,1,0,0,20,0.7
1443,13,5,2,0,0,20,0.65
1444,14,6,1,0,0,21,0.6666666666666666
1445,13,5,1,0,0,19,0.6842105263157895
1446,17,5,2,0,0,24,0.7083333333333334
1447,16,6,1,0,0,23,0.6956521739130435
1448,13,6,1,0,0,20,0.65
1449,15,6,1,0,0,22,0.6818181818181818
1450,15,6,1,0,0,22,0.6818181818181818
1451,15,6,1,0,0,22,0.6818181818181818
1452,14,5,1,0,0,20,0.7
1453,15,5,1,0,0,21,0.7142857142857143
1454,15,5,1,0,0,21,0.7142857142857143
1455,15,5,1,0,0,21,0.7142857142857143
1456,17,5,2,0,0,24,0.7083333333333334
1457,16,5,1,0,0,22,0.7272727272727273
1458,16,5,1,0,0,22,0.7272727272727273
1459,15,6,0,0,0,21,0.7142857142857143
1460,15,6,1,0,0,22,0.6818181818181818
1461,14,6,1,0,0,21,0.6666666666666666
1462,14,5,0,0,0,19,0.7368421052631579
1463,13,6,0,0,0,19,0.6842105263157895
1464,15,6,0,0,0,21,0.7142857142857143
1465,14,7,0,0,0,21,0.6666666666666666
1466,14,6,0,0,0,20,0.7
1467,12,6,0,0,0,18,0.6666666666666666
1468,13,6,0,0,0,19,0.6842105263157895
1469,16,6,0,0,0,22,0.7272727272727273
1470,14,6,1,0,0,21,0.6666666666666666
1471,15,6,0,0,0,21,0.7142857142857143
1472,14,6,0,0,0,20,0.7
1473,14,6,1,0,0,21,0.6666666666666666
1474,13,7,1,0,0,21,0.6190476190476191
1475,14,6,1,0,0,21,0.6666666666666666
1476,14,6,1,0,0,21,0.6666666666666666
1477,11,6,1,0,0,18,0.6111111111111112
1478,15,6,0,0,0,21,0.7142857142857143
1479,13,6,0,0,0,19,0.6842105263157895
1480,15,6,1,0,0,22,0.6818181818181818
1481,16,7,1,0,0,24,0.6666666666666666
1482,14,6,0,0,0,20,0.7
1483,14,7,0,0,0,21,0.6666666666666666
1484,15,6,1,0,0,22,0.6818181818181818
1485,13,6,0,0,0,19,0.6842105263157895
1486,13,7,1,0,0,21,0.6190476190476191
1487,13,5,0,0,0,18,0.7222222222222222
1488,12,6,0,0,0,18,0.6666666666666666
1489,14,6,0,0,0,20,0.7
1490,13,6,0,0,0,19,0.6842105263157895
1491,14,6,0,0,0,20,0.7
1492,13,6,1,0,0,20,0.65
1493,15,6,0,0,0,21,0.7142857142857143
1494,15,6,1,0,0,22,0.6818181818181818
1495,13,6,0,0,0,19,0.6842105263157895
1496,14,6,1,0,0,21,0.6666666666666666
1497,12,6,0,0,0,18,0.6666666666666666
1498,14,6,0,0,0,20,0.7
1499,13,6,0,0,0,19,0.6842105263157895
1500,12,6,0,0,0,18,0.6666666666666666
1501,15,6,1,0,0,22,0.6818181818181818
1502,14,6,1,0,0,21,0.6666666666666666
1503,13,6,1,0,0,20,0.65
1504,14,6,0,0,0,20,0.7
1505,13,5,0,0,0,18,0.7222222222222222
1506,14,5,0,0,0,19,0.7368421052631579
1507,14,5,0,0,0,19,0.7368421052631579
1508,15,6,0,0,0,21,0.7142857142857143
1509,12,6,1,0,0,19,0.631578947368421
1510,13,7,1,0,0,21,0.6190476190476191
1511,15,7,0,0,0,22,0.6818181818181818
1512,15,6,0,0,0,21,0.7142857142857143
1513,15,6,1,0,0,22,0.6818181818181818
1514,15,6,0,0,0,21,0.7142857142857143
1515,14,6,0,0,0,20,0.7
1516,15,6,1,0,0,22,0.6818181818181818
1517,16,6,0,0,0,22,0.7272727272727273
1518,12,5,0,0,0,17,0.7058823529411765
1519,15,6,0,0,0,21,0.7142857142857143
1520,14,6,0,0,0,20,0.7
1521,15,7,1,0,0,23,0.6521739130434783
1522,15,7,1,0,0,23,0.6521739130434783
1523,15,6,0,0,0,21,0.7142857142857143
1524,16,6,0,0,0,22,0.7272727272727273
1525,13,6,0,0,0,19,0.6842105263157895
1526,15,7,0,0,0,22,0.6818181818181818
1527,15,7,1,0,0,23,0.6521739130434783
1528,14,6,1,0,0,21,0.6666666666666666
1529,14,7,0,0,0,21,0.6666666666666666
1530,14,6,0,0,0,20,0.7
1531,15,6,0,0,0,21,0.7142857142857143
1532,16,6,0,0,0,22,0.7272727272727273
1533,15,6,0,0,0,21,0.7142857142857143
1534,16,6,0,0,0,22,0.7272727272727273
1535,16,5,1,0,0,22,0.7272727272727273
1536,13,5,1,0,0,19,0.6842105263157895
1537,15,5,1,0,0,21,0.7142857142857143
1538,13,6,1,0,0,20,0.65
1539,15,5,1,0,0,21,0.7142857142857143
1540,17,5,1,0,0,23,0.7391304347826086
1541,16,5,1,0,0,22,0.7272727272727273
1542,16,5,1,0,0,22,0.7272727272727273
1543,15,5,1,0,0,21,0.7142857142857143
1544,17,5,1,0,0,23,0.7391304347826086
1545,15,5,1,0,0,21,0.7142857142857143
1546,15,5,2,0,0,22,0.6818181818181818
1547,18,5,2,0,0,25,0.72
1548,16,5,1,0,0,22,0.7272727272727273
1549,15,5,1,0,0,21,0.7142857142857143
1550,15,5,1,0,0,21,0.7142857142857143
1551,14,4,1,0,0,19,0.7368421052631579
1552,14,4,1,0,0,19,0.7368421052631579
1553,15,5,1,0,0,21,0.7142857142857143
1554,11,6,1,0,0,18,0.6111111111111112
1555,15,6,1,0,0,22,0.6818181818181818
1556,14,6,1,0,0,21,0.6666666666666666
1557,14,5,1,0,0,20,0.7
1558,13,5,1,0,0,19,0.6842105263157895
1559,14,5,1,0,0,20,0.7
1560,14,6,1,0,0,21,0.6666666666666666
1561,13,5,1,0,0,19,0.6842105263157895
1562,12,6,1,0,0,19,0.631578947368421
1563,15,5,1,0,0,21,0.7142857142857143
1564,15,4,1,0,0,20,0.75
1565,16,5,1,0,0,22,0.7272727272727273
1566,15,5,1,0,0,21,0.7142857142857143
1567,16,5,1,0,0,22,0.7272727272727273
1568,13,5,1,0,0,19,0.6842105263157895
1569,13,5,1,0,0,19,0.6842105263157895
1570,13,5,1,0,0,19,0.6842105263157895
1571,15,6,2,0,0,23,0.6521739130434783
1572,13,5,1,0,0,19,0.6842105263157895
1573,15,5,2,0,0,22,0.6818181818181818
1574,15,5,2,0,0,22,0.6818181818181818
1575,15,5,2,0,0,22,0.6818181818181818
1576,16,5,2,0,0,23,0.6956521739130435
1577,15,5,2,0,0,22,0.6818181818181818
1578,15,5,1,0,0,21,0.7142857142857143
1579,15,5,2,0,0,22,0.6818181818181818
1580,15,5,2,0,0,22,0.6818181818181818
1581,18,5,2,0,0,25,0.72
1582,16,5,2,0,0,23,0.6956521739130435
1583,15,5,1,0,0,21,0.7142857142857143
1584,17,5,1,0,0,23,0.7391304347826086
1585,17,5,2,0,0,24,0.7083333333333334
1586,17,5,2,0,0,24,0.7083333333333334
1587,18,5,1,0,0,24,0.75
1588,14,5,2,0,0,21,0.6666666666666666
1589,15,5,2,0,0,22,0.6818181818181818
1590,17,5,2,0,0,24,0.7083333333333334
1591,15,5,2,0,0,22,0.6818181818181818
1592,17,5,2,0,0,24,0.7083333333333334
1593,16,5,2,0,0,23,0.6956521739130435
1594,18,5,2,0,0,25,0.72
1595,16,5,2,0,0,23,0.6956521739130435
1596,17,5,2,0,0,24,0.7083333333333334
1597,15,5,2,0,0,22,0.6818181818181818
1598,15,5,2,0,0,22,0.6818181818181818
1599,14,4,2,0,0,20,0.7
1600,18,5,2,0,0,25,0.72
1601,14,4,2,0,0,20,0.7
1602,16,6,2,0,0,24,0.6666666666666666
1603,13,5,2,0,0,20,0.65
1604,16,5,2,0,0,23,0.6956521739130435
1605,16,5,2,0,0,23,0.6956521739130435
1606,13,5,2,0,0,20,0.65
1607,14,5,2,0,0,21,0.6666666666666666
1608,15,5,2,0,0,22,0.6818181818181818
1609,16,5,2,0,0,23,0.6956521739130435
1610,15,6,2,0,0,23,0.6521739130434783
1611,14,4,2,0,0,20,0.7
1612,14,6,2,0,0,22,0.6363636363636364
1613,14,6,2,0,0,22,0.6363636363636364
1614,17,6,2,0,0,25,0.68
1615,17,5,2,0,0,24,0.7083333333333334
1616,17,6,2,0,0,25,0.68
1617,16,6,2,0,0,24,0.6666666666666666
1618,18,5,2,0,0,25,0.72
1619,14,5,2,0,0,21,0.6666666666666666
1620,16,5,2,0,0,23,0.6956521739130435
1621,14,5,1,0,0,20,0.7
1622,16,4,2,0,0,22,0.7272727272727273
1623,16,6,2,0,0,24,0.6666666666666666
1624,16,5,2,0,0,23,0.6956521739130435
1625,17,5,2,0,0,24,0.7083333333333334
1626,16,5,2,0,0,23,0.6956521739130435
1627,17,5,2,0,0,24,0.7083333333333334
1628,14,5,2,0,0,21,0.6666666666666666
1629,16,5,1,0,0,22,0.7272727272727273
1630,16,5,2,0,0,23,0.6956521739130435
1631,17,6,2,0,0,25,0.68
1632,17,5,2,0,0,24,0.7083333333333334
1633,14,5,2,0,0,21,0.6666666666666666
1634,16,6,2,0,0,24,0.6666666666666666
1635,13,5,2,0,0,20,0.65
1636,17,5,1,0,0,23,0.7391304347826086
1637,14,5,1,0,0,20,0.7
1638,13,4,2,0,0,19,0.6842105263157895
1639,12,5,2,0,0,19,0.631578947368421
1640,17,5,2,0,0,24,0.7083333333333334
1641,16,5,2,0,0,23,0.6956521739130435
1642,15,5,2,0,0,22,0.6818181818181818
1643,13,5,1,0,0,19,0.6842105263157895
1644,14,4,2,0,0,20,0.7
1645,16,5,2,0,0,23,0.6956521739130435
1646,15,5,2,0,0,22,0.6818181818181818
1647,17,5,2,0,0,24,0.7083333333333334
1648,17,5,1,0,0,23,0.7391304347826086
1649,17,5,2,0,0,24,0.7083333333333334
1650,18,5,2,0,0,25,0.72
1651,15,5,2,0,0,22,0.6818181818181818
1652,15,5,2,0,0,22,0.6818181818181818
1653,18,5,2,0,0,25,0.72
1654,16,5,2,0,0,23,0.6956521739130435
1655,15,5,2,0,0,22,0.6818181818181818
1656,16,5,2,0,0,23,0.6956521739130435
1657,14,5,2,0,0,21,0.6666666666666666
1658,15,5,2,0,0,22,0.6818181818181818
1659,18,5,2,0,0,25,0.72
1660,16,5,2,0,0,23,0.6956521739130435
1661,17,6,2,0,0,25,0.68
1662,17,5,1,0,0,23,0.7391304347826086
1663,15,5,2,0,0,22,0.6818181818181818
1664,16,5,2,0,0,23,0.6956521739130435
1665,15,5,2,0,0,22,0.6818181818181818
1666,16,5,2,0,0,23,0.6956521739130435
1667,14,5,2,0,0,21,0.6666666666666666
1668,13,4,2,0,0,19,0.6842105263157895
1669,18,5,2,0,0,25,0.72
1670,14,5,2,0,0,21,0.6666666666666666
1671,18,5,2,0,0,25,0.72
1672,17,5,2,0,0,24,0.7083333333333334
1673,15,5,2,0,0,22,0.6818181818181818
1674,17,6,2,0,0,25,0.68
1675,15,6,2,0,0,23,0.6521739130434783
1676,16,5,2,0,0,23,0.6956521739130435
1677,16,5,2,0,0,23,0.6956521739130435
1678,15,5,2,0,0,22,0.6818181818181818
1679,17,5,2,0,0,24,0.7083333333333334
1680,17,5,2,0,0,24,0.7083333333333334
1681,17,5,2,0,0,24,0.7083333333333334
1682,16,5,2,0,0,23,0.6956521739130435
1683,18,5,2,0,0,25,0.72
1684,18,6,2,0,0,26,0.6923076923076923
1685,15,5,3,0,0,23,0.6521739130434783
1686,16,5,2,0,0,23,0.6956521739130435
1687,17,5,2,0,0,24,0.7083333333333334
1688,19,5,2,0,0,26,0.7307692307692307
1689,19,5,2,0,0,26,0.7307692307692307
1690,16,6,2,0,0,24,0.6666666666666666
1691,18,5,2,0,0,25,0.72
1692,17,5,2,0,0,24,0.7083333333333334
1693,16,5,2,0,0,23,0.6956521739130435
1694,15,5,2,0,0,22,0.6818181818181818
1695,17,5,2,0,0,24,0.7083333333333334
1696,17,5,2,0,0,24,0.7083333333333334
1697,17,4,2,0,0,23,0.7391304347826086
1698,13,5,2,0,0,20,0.65
1699,14,5,2,0,0,21,0.6666666666666666
1700,15,5,3,0,0,23,0.6521739130434783
1701,15,5,2,0,0,22,0.6818181818181818
1702,16,6,2,0,0,24,0.6666666666666666
1703,16,5,2,0,0,23,0.6956521739130435
1704,15,5,1,0,0,21,0.7142857142857143
1705,16,5,1,0,0,22,0.7272727272727273
1706,13,5,1,0,0,19,0.6842105263157895
1707,15,5,1,0,0,21,0.7142857142857143
1708,13,7,1,0,0,21,0.6190476190476191
1709,12,6,1,0,0,19,0.631578947368421
1710,14,6,2,0,0,22,0.6363636363636364
1711,15,5,2,0,0,22,0.6818181818181818
1712,16,5,2,0,0,23,0.6956521739130435
1713,13,5,2,0,0,20,0.65
1714,17,5,2,0,0,24,0.7083333333333334
1715,17,5,2,0,0,24,0.7083333333333334
1716,17,4,2,0,0,23,0.7391304347826086
1717,15,5,1,0,0,21,0.7142857142857143
1718,14,6,1,0,0,21,0.6666666666666666
1719,15,6,2,0,0,23,0.6521739130434783
1720,14,5,1,0,0,20,0.7
1721,17,5,3,0,0,25,0.68
1722,16,6,2,0,0,24,0.6666666666666666
1723,15,5,2,0,0,22,0.6818181818181818
1724,15,5,2,0,0,22,0.6818181818181818
1725,16,5,2,0,0,23,0.6956521739130435
1726,15,5,2,0,0,22,0.6818181818181818
1727,15,5,2,0,0,22,0.6818181818181818
1728,15,4,2,0,0,21,0.7142857142857143
1729,13,4,2,0,0,19,0.6842105263157895
1730,16,5,1,0,0,22,0.7272727272727273
1731,16,5,2,0,0,23,0.6956521739130435
1732,13,5,2,0,0,20,0.65
1733,16,5,2,0,0,23,0.6956521739130435
1734,17,5,2,0,0,24,0.7083333333333334
1735,12,5,2,0,0,19,0.631578947368421
1736,15,5,2,0,0,22,0.6818181818181818
1737,16,5,2,0,0,23,0.6956521739130435
1738,12,5,2,0,0,19,0.631578947368421
1739,14,5,2,0,0,21,0.6666666666666666
1740,15,5,1,0,0,21,0.7142857142857143
1741,15,5,1,0,0,21,0.7142857142857143
1742,14,5,2,0,0,21,0.6666666666666666
1743,16,5,2,0,0,23,0.6956521739130435
1744,11,5,2,0,0,18,0.6111111111111112
1745,14,5,2,0,0,21,0.6666666666666666
1746,15,5,2,0,0,22,0.6818181818181818
1747,15,4,2,0,0,21,0.7142857142857143
1748,13,5,2,0,0,20,0.65
1749,15,5,2,0,0,22,0.6818181818181818
1750,13,5,2,0,0,20,0.65
1751,15,5,2,0,0,22,0.6818181818181818
1752,15,5,2,0,0,22,0.6818181818181818
1753,14,4,2,0,0,20,0.7
1754,17,4,1,0,0,22,0.7727272727272727
1755,13,5,1,0,0,19,0.6842105263157895
1756,14,5,2,0,0,21,0.6666666666666666
1757,15,5,2,0,0,22,0.6818181818181818
1758,14,5,2,0,0,21,0.6666666666666666
1759,12,5,2,0,0,19,0.631578947368421
1760,12,5,2,0,0,19,0.631578947368421
1761,15,5,2,0,0,22,0.6818181818181818
1762,17,4,2,0,0,23,0.7391304347826086
1763,14,4,2,0,0,20,0.7
1764,15,5,2,0,0,22,0.6818181818181818
1765,13,5,1,0,0,19,0.6842105263157895
1766,13,5,2,0,0,20,0.65
1767,14,5,2,0,0,21,0.6666666666666666
1768,16,5,2,0,0,23,0.6956521739130435
1769,14,5,2,0,0,21,0.6666666666666666
1770,16,5,2,0,0,23,0.6956521739130435
1771,15,5,2,0,0,22,0.6818181818181818
1772,16,5,2,0,0,23,0.6956521739130435
1773,14,5,1,0,0,20,0.7
1774,14,5,2,0,0,21,0.6666666666666666
1775,14,5,2,0,0,21,0.6666666666666666
1776,15,5,2,0,0,22,0.6818181818181818
1777,16,5,2,0,0,23,0.6956521739130435
1778,14,5,2,0,0,21,0.6666666666666666
1779,15,5,2,0,0,22,0.6818181818181818
1780,16,5,2,0,0,23,0.6956521739130435
1781,14,5,2,0,0,21,0.6666666666666666
1782,14,4,2,0,0,20,0.7
1783,15,5,2,0,0,22,0.6818181818181818
1784,14,5,1,0,0,20,0.7
1785,14,5,2,0,0,21,0.6666666666666666
1786,15,5,2,0,0,22,0.6818181818181818
1787,15,5,2,0,0,22,0.6818181818181818
1788,15,5,1,0,0,21,0.7142857142857143
1789,16,5,2,0,0,23,0.6956521739130435
1790,16,5,1,0,0,22,0.7272727272727273
1791,15,5,2,0,0,22,0.6818181818181818
1792,15,5,2,0,0,22,0.6818181818181818
1793,17,5,2,0,0,24,0.7083333333333334
1794,15,5,2,0,0,22,0.6818181818181818
1795,15,5,1,0,0,21,0.7142857142857143
1796,14,5,2,0,0,21,0.6666666666666666
1797,14,5,1,0,0,20,0.7
1798,12,6,1,0,0,19,0.631578947368421
1799,15,5,1,0,0,21,0.7142857142857143
1800,14,5,2,0,0,21,0.6666666666666666
1801,16,5,2,0,0,23,0.6956521739130435
1802,14,4,2,0,0,20,0.7
1803,15,5,1,0,0,21,0.7142857142857143
1804,14,4,2,0,0,20,0.7
1805,18,5,2,0,0,25,0.72
1806,17,5,1,0,0,23,0.7391304347826086
1807,14,5,2,0,0,21,0.6666666666666666
1808,18,5,2,0,0,25,0.72
1809,17,5,2,0,0,24,0.7083333333333334
1810,16,5,2,0,0,23,0.6956521739130435
1811,17,6,2,0,0,25,0.68
1812,15,5,2,0,0,22,0.6818181818181818
1813,15,4,1,0,0,20,0.75
1814,17,5,2,0,0,24,0.7083333333333334
1815,15,5,2,0,0,22,0.6818181818181818
1816,15,6,1,0,0,22,0.6818181818181818
1817,16,5,1,0,0,22,0.7272727272727273
1818,15,5,1,0,0,21,0.7142857142857143
1819,16,6,1,0,0,23,0.6956521739130435
1820,13,5,2,0,0,20,0.65
1821,16,5,2,0,0,23,0.6956521739130435
1822,15,5,1,0,0,21,0.7142857142857143
1823,16,5,2,0,0,23,0.6956521739130435
1824,16,5,2,0,0,23,0.6956521739130435
1825,16,5,2,0,0,23,0.6956521739130435
1826,16,5,2,0,0,23,0.6956521739130435
1827,16,5,2,0,0,23,0.6956521739130435
1828,16,6,1,0,0,23,0.6956521739130435
1829,17,5,2,0,0,24,0.7083333333333334
1830,16,5,1,0,0,22,0.7272727272727273
1831,15,5,2,0,0,22,0.6818181818181818
1832,17,5,2,0,0,24,0.7083333333333334
1833,18,5,2,0,0,25,0.72
1834,17,5,2,0,0,24,0.7083333333333334
1835,18,5,2,0,0,25,0.72
1836,16,5,2,0,0,23,0.6956521739130435
1837,16,5,2,0,0,23,0.6956521739130435
1838,15,5,1,0,0,21,0.7142857142857143
1839,16,5,2,0,0,23,0.6956521739130435
1840,17,5,2,0,0,24,0.7083333333333334
1841,16,5,1,0,0,22,0.7272727272727273
1842,14,4,2,0,0,20,0.7
1843,15,4,2,0,0,21,0.7142857142857143
1844,16,5,2,0,0,23,0.6956521739130435
1845,16,5,2,0,0,23,0.6956521739130435
1846,16,4,2,0,0,22,0.7272727272727273
1847,13,4,1,0,0,18,0.7222222222222222
1848,15,5,2,0,0,22,0.6818181818181818
1849,15,5,2,0,0,22,0.6818181818181818
1850,15,5,2,0,0,22,0.6818181818181818
1851,15,5,2,0,0,22,0.6818181818181818
1852,18,5,2,0,0,25,0.72
1853,14,6,1,0,0,21,0.6666666666666666
1854,15,5,2,0,0,22,0.6818181818181818
1855,16,5,1,0,0,22,0.7272727272727273
1856,14,5,1,0,0,20,0.7
1857,15,5,1,0,0,21,0.7142857142857143
1858,15,5,2,0,0,22,0.6818181818181818
1859,15,4,2,0,0,21,0.7142857142857143
1860,16,5,1,0,0,22,0.7272727272727273
1861,14,5,2,0,0,21,0.6666666666666666
1862,16,4,2,0,0,22,0.7272727272727273
1863,15,5,2,0,0,22,0.6818181818181818
1864,17,5,2,0,0,24,0.7083333333333334
1865,14,5,2,0,0,21,0.6666666666666666
1866,16,5,1,0,0,22,0.7272727272727273
1867,16,5,1,0,0,22,0.7272727272727273
1868,15,4,2,0,0,21,0.7142857142857143
1869,15,5,1,0,0,21,0.7142857142857143
1870,16,5,1,0,0,22,0.7272727272727273
1871,13,5,1,0,0,19,0.6842105263157895
1872,16,5,2,0,0,23,0.6956521739130435
1873,14,5,2,0,0,21,0.6666666666666666
1874,15,5,1,0,0,21,0.7142857142857143
1875,17,5,1,0,0,23,0.7391304347826086
1876,19,5,2,0,0,26,0.7307692307692307
1877,16,5,2,0,0,23,0.6956521739130435
1878,15,5,1,0,0,21,0.7142857142857143
1879,13,5,1,0,0,19,0.6842105263157895
1880,15,5,1,0,0,21,0.7142857142857143
1881,15,5,1,0,0,21,0.7142857142857143
1882,16,5,1,0,0,22,0.7272727272727273
1883,15,5,1,0,0,21,0.7142857142857143
1884,14,5,1,0,0,20,0.7
1885,14,5,1,0,0,20,0.7
1886,14,6,1,0,0,21,0.6666666666666666
1887,15,5,1,0,0,21,0.7142857142857143
1888,14,6,1,0,0,21,0.6666666666666666
1889,14,5,1,0,0,20,0.7
1890,14,5,1,0,0,20,0.7
1891,15,5,1,0,0,21,0.7142857142857143
1892,15,5,1,0,0,21,0.7142857142857143
1893,16,5,1,0,0,22,0.7272727272727273
1894,14,4,1,0,0,19,0.7368421052631579
1895,14,6,1,0,0,21,0.6666666666666666
1896,14,5,1,0,0,20,0.7
1897,15,5,2,0,0,22,0.6818181818181818
1898,14,5,1,0,0,20,0.7
1899,15,6,1,0,0,22,0.6818181818181818
1900,16,6,2,0,0,24,0.6666666666666666
1901,16,5,1,0,0,22,0.7272727272727273
1902,15,6,2,0,0,23,0.6521739130434783
1903,17,5,2,0,0,24,0.7083333333333334
1904,18,5,2,0,0,25,0.72
1905,15,6,1,0,0,22,0.6818181818181818
1906,16,5,2,0,0,23,0.6956521739130435
1907,17,5,2,0,0,24,0.7083333333333334
1908,15,5,1,0,0,21,0.7142857142857143
1909,16,5,1,0,0,22,0.7272727272727273
1910,16,5,2,0,0,23,0.6956521739130435
1911,17,5,2,0,0,24,0.7083333333333334
1912,16,6,2,0,0,24,0.6666666666666666
1913,15,5,1,0,0,21,0.7142857142857143
1914,16,5,2,0,0,23,0.6956521739130435
1915,16,5,1,0,0,22,0.7272727272727273
1916,15,5,1,0,0,21,0.7142857142857143
1917,12,6,2,0,0,20,0.6
1918,15,5,2,0,0,22,0.6818181818181818
1919,14,4,2,0,0,20,0.7
1920,15,4,1,0,0,20,0.75
1921,16,5,2,0,0,23,0.6956521739130435
1922,15,5,2,0,0,22,0.6818181818181818
1923,17,4,2,0,0,23,0.7391304347826086
1924,16,5,2,0,0,23,0.6956521739130435
1925,17,5,2,0,0,24,0.7083333333333334
1926,13,5,2,0,0,20,0.65
1927,14,5,1,0,0,20,0.7
1928,14,5,1,0,0,20,0.7
1929,14,5,1,0,0,20,0.7
1930,13,5,1,0,0,19,0.6842105263157895
1931,16,5,1,0,0,22,0.7272727272727273
1932,16,5,2,0,0,23,0.6956521739130435
1933,15,5,2,0,0,22,0.6818181818181818
1934,15,5,1,0,0,21,0.7142857142857143
1935,15,5,2,0,0,22,0.6818181818181818
1936,17,5,2,0,0,24,0.7083333333333334
1937,16,5,1,0,0,22,0.7272727272727273
1938,16,5,2,0,0,23,0.6956521739130435
1939,15,5,2,0,0,22,0.6818181818181818
1940,15,5,2,0,0,22,0.6818181818181818
1941,17,5,2,0,0,24,0.7083333333333334
1942,15,4,2,0,0,21,0.7142857142857143
1943,15,6,1,0,0,22,0.6818181818181818
1944,13,5,1,0,0,19,0.6842105263157895
1945,16,5,2,0,0,23,0.6956521739130435
1946,14,4,2,0,0,20,0.7
1947,15,5,2,0,0,22,0.6818181818181818
1948,16,5,2,0,0,23,0.6956521739130435
1949,15,6,1,0,0,22,0.6818181818181818
1950,15,4,2,0,0,21,0.7142857142857143
1951,17,5,2,0,0,24,0.7083333333333334
1952,16,5,2,0,0,23,0.6956521739130435
1953,15,5,1,0,0,21,0.7142857142857143
1954,16,5,2,0,0,23,0.6956521739130435
1955,16,5,2,0,0,23,0.6956521739130435
1956,16,5,1,0,0,22,0.7272727272727273
1957,17,5,2,0,0,24,0.7083333333333334
1958,14,5,1,0,0,20,0.7
1959,13,4,1,0,0,18,0.7222222222222222
1960,15,5,2,0,0,22,0.6818181818181818
1961,15,5,2,0,0,22,0.6818181818181818
1962,17,5,2,0,0,24,0.7083333333333334
1963,15,5,1,0,0,21,0.7142857142857143
1964,15,4,1,0,0,20,0.75
1965,15,5,2,0,0,22,0.6818181818181818
1966,14,4,2,0,0,20,0.7
1967,15,4,2,0,0,21,0.7142857142857143
1968,15,5,1,0,0,21,0.7142857142857143
1969,15,5,1,0,0,21,0.7142857142857143
1970,14,5,1,0,0,20,0.7
1971,15,5,2,0,0,22,0.6818181818181818
1972,14,4,1,0,0,19,0.7368421052631579
1973,16,5,2,0,0,23,0.6956521739130435
1974,13,5,2,0,0,20,0.65
1975,14,5,1,0,0,20,0.7
1976,14,5,2,0,0,21,0.6666666666666666
1977,14,5,2,0,0,21,0.6666666666666666
1978,13,5,2,0,0,20,0.65
1979,16,5,1,0,0,22,0.7272727272727273
1980,14,5,2,0,0,21,0.6666666666666666
1981,16,5,2,0,0,23,0.6956521739130435
1982,14,5,2,0,0,21,0.6666666666666666
1983,17,5,2,0,0,24,0.7083333333333334
1984,16,5,2,0,0,23,0.6956521739130435
1985,14,5,2,0,0,21,0.6666666666666666
1986,13,5,2,0,0,20,0.65
1987,16,5,1,0,0,22,0.7272727272727273
1988,15,5,1,0,0,21,0.7142857142857143
1989,15,5,2,0,0,22,0.6818181818181818
1990,16,5,2,0,0,23,0.6956521739130435
1991,17,5,1,0,0,23,0.7391304347826086
1992,16,5,2,0,0,23,0.6956521739130435
1993,14,5,1,0,0,20,0.7
1994,13,6,1,0,0,20,0.65
1995,15,5,1,0,0,21,0.7142857142857143
1996,16,5,1,0,0,22,0.7272727272727273
1997,11,5,1,0,0,17,0.6470588235294118
1998,16,5,2,0,0,23,0.6956521739130435
1999,15,5,1,0,0,21,0.7142857142857143
2000,16,5,1,0,0,22,0.7272727272727273
2001,14,4,1,0,0,19,0.7368421052631579
2002,13,5,1,0,0,19,0.6842105263157895
2003,14,5,2,0,0,21,0.6666666666666666
2004,14,5,1,0,0,20,0.7
2005,14,6,1,0,0,21,0.6666666666666666
2006,14,5,1,0,0,20,0.7
2007,14,5,2,0,0,21,0.6666666666666666
2008,14,5,2,0,0,21,0.6666666666666666
2009,16,5,2,0,0,23,0.6956521739130435
2010,15,4,2,0,0,21,0.7142857142857143
2011,16,5,2,0,0,23,0.6956521739130435
2012,14,6,2,0,0,22,0.6363636363636364
2013,16,4,1,0,0,21,0.7619047619047619
2014,17,4,2,0,0,23,0.7391304347826086
2015,15,5,2,0,0,22,0.6818181818181818
2016,16,5,1,0,0,22,0.7272727272727273
2017,16,5,2,0,0,23,0.6956521739130435
2018,15,5,1,0,0,21,0.7142857142857143
2019,16,5,2,0,0,23,0.6956521739130435
2020,14,4,2,0,0,20,0.7
2021,15,5,2,0,0,22,0.6818181818181818
2022,15,5,2,0,0,22,0.6818181818181818
2023,15,5,2,0,0,22,0.6818181818181818
2024,15,5,1,0,0,21,0.7142857142857143
2025,13,4,1,0,0,18,0.7222222222222222
2026,14,4,1,0,0,19,0.7368421052631579
2027,12,6,1,0,0,19,0.631578947368421
2028,15,5,1,0,0,21,0.7142857142857143
2029,14,5,1,0,0,20,0.7
2030,15,5,2,0,0,22,0.6818181818181818
2031,15,5,2,0,0,22,0.6818181818181818
2032,17,5,2,0,0,24,0.7083333333333334
2033,16,5,2,0,0,23,0.6956521739130435
2034,13,5,2,0,0,20,0.65
2035,13,4,1,0,0,18,0.7222222222222222
2036,12,5,1,0,0,18,0.6666666666666666
2037,13,5,1,0,0,19,0.6842105263157895
2038,13,4,2,0,0,19,0.6842105263157895
2039,14,4,1,0,0,19,0.7368421052631579
2040,16,4,2,0,0,22,0.7272727272727273
2041,12,6,1,0,0,19,0.631578947368421
2042,14,5,1,0,0,20,0.7
2043,14,4,2,0,0,20,0.7
2044,15,4,1,0,0,20,0.75
2045,16,5,2,0,0,23,0.6956521739130435
2046,14,4,1,0,0,19,0.7368421052631579
2047,13,5,1,0,0,19,0.6842105263157895
2048,14,4,1,0,0,19,0.7368421052631579
2049,14,5,2,0,0,21,0.6666666666666666
2050,15,4,2,0,0,21,0.7142857142857143
2051,14,5,1,0,0,20,0.7
2052,14,5,2,0,0,21,0.6666666666666666
2053,13,5,1,0,0,19,0.6842105263157895
2054,14,5,1,0,0,20,0.7
2055,13,6,2,0,0,21,0.6190476190476191
2056,16,5,2,0,0,23,0.6956521739130435
2057,13,5,1,0,0,19,0.6842105263157895
2058,13,5,1,0,0,19,0.6842105263157895
2059,14,4,2,0,0,20,0.7
2060,14,5,1,0,0,20,0.7
2061,13,6,2,0,0,21,0.6190476190476191
2062,14,5,2,0,0,21,0.6666666666666666
2063,16,5,1,0,0,22,0.7272727272727273
2064,14,5,1,0,0,20,0.7
2065,16,5,1,0,0,22,0.7272727272727273
2066,13,5,1,0,0,19,0.6842105263157895
2067,14,5,1,0,0,20,0.7
2068,14,5,1,0,0,20,0.7
2069,14,4,1,0,0,19,0.7368421052631579
2070,15,5,1,0,0,21,0.7142857142857143
2071,14,4,1,0,0,19,0.7368421052631579
2072,16,4,1,0,0,21,0.7619047619047619
2073,15,4,1,0,0,20,0.75
2074,13,4,1,0,0,18,0.7222222222222222
2075,14,4,1,0,0,19,0.7368421052631579
2076,15,5,1,0,0,21,0.7142857142857143
2077,14,5,1,0,0,20,0.7
2078,14,4,1,0,0,19,0.7368421052631579
2079,15,4,2,0,0,21,0.7142857142857143
2080,15,4,1,0,0,20,0.75
2081,15,5,2,0,0,22,0.6818181818181818
2082,14,4,1,0,0,19,0.7368421052631579
2083,16,4,2,0,0,22,0.7272727272727273
2084,16,4,2,0,0,22,0.7272727272727273
2085,16,4,1,0,0,21,0.7619047619047619
2086,15,4,2,0,0,21,0.7142857142857143
2087,15,4,1,0,0,20,0.75
2088,15,4,1,0,0,20,0.75
2089,13,4,1,0,0,18,0.7222222222222222
2090,15,4,1,0,0,20,0.75
2091,14,4,1,0,0,19,0.7368421052631579
2092,15,4,1,0,0,20,0.75
2093,14,4,1,0,0,19,0.7368421052631579
2094,14,3,1,0,0,18,0.7777777777777778
2095,14,5,1,0,0,20,0.7
2096,13,4,1,0,0,18,0.7222222222222222
2097,14,4,1,0,0,19,0.7368421052631579
2098,14,4,1,0,0,19,0.7368421052631579
2099,15,4,1,0,0,20,0.75
2100,18,4,2,0,0,24,0.75
2101,15,5,1,0,0,21,0.7142857142857143
2102,15,4,1,0,0,20,0.75
2103,13,5,1,0,0,19,0.6842105263157895
2104,13,3,1,0,0,17,0.7647058823529411
2105,14,4,1,0,0,19,0.7368421052631579
2106,16,4,2,0,0,22,0.7272727272727273
2107,14,4,1,0,0,19,0.7368421052631579
2108,16,4,1,0,0,21,0.7619047619047619
2109,16,4,1,0,0,21,0.7619047619047619
2110,13,4,1,0,0,18,0.7222222222222222
2111,15,4,1,0,0,20,0.75
2112,14,3,1,0,0,18,0.7777777777777778
2113,15,4,1,0,0,20,0.75
2114,15,3,1,0,0,19,0.7894736842105263
2115,14,3,1,0,0,18,0.7777777777777778
2116,12,5,1,0,0,18,0.6666666666666666
2117,16,3,1,0,0,20,0.8
2118,14,4,1,0,0,19,0.7368421052631579
2119,13,4,1,0,0,18,0.7222222222222222
2120,14,3,1,0,0,18,0.7777777777777778
2121,17,4,1,0,0,22,0.7727272727272727
2122,14,4,1,0,0,19,0.7368421052631579
2123,12,4,1,0,0,17,0.7058823529411765
2124,15,4,1,0,0,20,0.75
2125,15,4,1,0,0,20,0.75
2126,15,4,1,0,0,20,0.75
2127,15,4,1,0,0,20,0.75
2128,14,4,1,0,0,19,0.7368421052631579
2129,14,4,1,0,0,19,0.7368421052631579
2130,15,4,1,0,0,20,0.75
2131,14,4,1,0,0,19,0.7368421052631579
2132,15,4,1,0,0,20,0.75
2133,11,4,1,0,0,16,0.6875
2134,15,4,1,0,0,20,0.75
2135,14,5,1,0,0,20,0.7
2136,16,4,1,0,0,21,0.7619047619047619
2137,15,4,1,0,0,20,0.75
2138,14,4,1,0,0,19,0.7368421052631579
2139,14,4,1,0,0,19,0.7368421052631579
2140,13,4,1,0,0,18,0.7222222222222222
2141,15,4,1,0,0,20,0.75
2142,15,4,1,0,0,20,0.75
2143,14,4,1,0,0,19,0.7368421052631579
2144,13,4,1,0,0,18,0.7222222222222222
2145,15,4,2,0,0,21,0.7142857142857143
2146,15,4,1,0,0,20,0.75
2147,14,5,1,0,0,20,0.7
2148,15,4,1,0,0,20,0.75
2149,16,4,2,0,0,22,0.7272727272727273
2150,12,4,1,0,0,17,0.7058823529411765
2151,15,4,1,0,0,20,0.75
2152,14,4,1,0,0,19,0.7368421052631579
2153,12,5,1,0,0,18,0.6666666666666666
2154,13,4,1,0,0,18,0.7222222222222222
2155,14,4,1,0,0,19,0.7368421052631579
2156,13,4,1,0,0,18,0.7222222222222222
2157,14,4,1,0,0,19,0.7368421052631579
2158,13,4,1,0,0,18,0.7222222222222222
2159,11,4,1,0,0,16,0.6875
2160,12,3,1,0,0,16,0.75
2161,15,5,1,0,0,21,0.7142857142857143
2162,14,4,1,0,0,19,0.7368421052631579
2163,12,4,1,0,0,17,0.7058823529411765
2164,15,4,1,0,0,20,0.75
2165,14,4,1,0,0,19,0.7368421052631579
2166,12,4,1,0,0,17,0.7058823529411765
2167,14,4,1,0,0,19,0.7368421052631579
2168,12,4,1,0,0,17,0.7058823529411765
2169,16,4,1,0,0,21,0.7619047619047619
2170,14,4,2,0,0,20,0.7
2171,15,4,1,0,0,20,0.75
2172,16,3,1,0,0,20,0.8
2173,14,3,2,0,0,19,0.7368421052631579
2174,17,4,2,0,0,23,0.7391304347826086
2175,15,5,2,0,0,22,0.6818181818181818
2176,15,4,2,0,0,21,0.7142857142857143
2177,16,4,1,0,0,21,0.7619047619047619
2178,17,4,2,0,0,23,0.7391304347826086
2179,17,4,1,0,0,22,0.7727272727272727
2180,16,3,1,0,0,20,0.8
2181,15,4,1,0,0,20,0.75
2182,17,4,1,0,0,22,0.7727272727272727
2183,17,4,1,0,0,22,0.7727272727272727
2184,15,4,2,0,0,21,0.7142857142857143
2185,14,4,2,0,0,20,0.7
2186,12,4,2,0,0,18,0.6666666666666666
2187,16,3,1,0,0,20,0.8
2188,17,4,2,0,0,23,0.7391304347826086
2189,17,4,2,0,0,23,0.7391304347826086
2190,16,4,1,0,0,21,0.7619047619047619
2191,14,4,1,0,0,19,0.7368421052631579
2192,13,3,1,0,0,17,0.7647058823529411
2193,17,4,1,0,0,22,0.7727272727272727
2194,16,3,1,0,0,20,0.8
2195,13,3,2,0,0,18,0.7222222222222222
2196,16,4,1,0,0,21,0.7619047619047619
2197,17,4,2,0,0,23,0.7391304347826086
2198,17,4,2,0,0,23,0.7391304347826086
2199,15,4,1,0,0,20,0.75
2200,14,4,1,0,0,19,0.7368421052631579
2201,16,4,1,0,0,21,0.7619047619047619
2202,14,4,2,0,0,20,0.7
2203,16,4,2,0,0,22,0.7272727272727273
2204,14,4,2,0,0,20,0.7
2205,13,4,2,0,0,19,0.6842105263157895
2206,15,4,1,0,0,20,0.75
2207,13,4,1,0,0,18,0.7222222222222222
2208,15,3,1,0,0,19,0.7894736842105263
2209,16,4,2,0,0,22,0.7272727272727273
2210,15,4,2,0,0,21,0.7142857142857143
2211,16,4,2,0,0,22,0.7272727272727273
2212,16,5,1,0,0,22,0.7272727272727273
2213,15,3,1,0,0,19,0.7894736842105263
2214,16,4,1,0,0,21,0.7619047619047619
2215,15,4,2,0,0,21,0.7142857142857143
2216,16,5,2,0,0,23,0.6956521739130435
2217,14,4,1,0,0,19,0.7368421052631579
2218,16,5,1,0,0,22,0.7272727272727273
2219,14,4,1,0,0,19,0.7368421052631579
2220,14,4,1,0,0,19,0.7368421052631579
2221,16,4,1,0,0,21,0.7619047619047619
2222,15,5,1,0,0,21,0.7142857142857143
2223,14,5,1,0,0,20,0.7
2224,14,5,1,0,0,20,0.7
2225,12,5,1,0,0,18,0.6666666666666666
2226,12,6,1,0,0,19,0.631578947368421
2227,15,5,1,0,0,21,0.7142857142857143
2228,16,6,1,0,0,23,0.6956521739130435
2229,16,5,1,0,0,22,0.7272727272727273
2230,13,5,1,0,0,19,0.6842105263157895
2231,12,5,1,0,0,18,0.6666666666666666
2232,16,6,1,0,0,23,0.6956521739130435
2233,13,6,1,0,0,20,0.65
2234,15,5,1,0,0,21,0.7142857142857143
2235,14,4,1,0,0,19,0.7368421052631579
2236,13,4,1,0,0,18,0.7222222222222222
2237,16,6,0,0,0,22,0.7272727272727273
2238,15,6,0,0,0,21,0.7142857142857143
2239,15,7,0,0,0,22,0.6818181818181818
2240,15,5,1,0,0,21,0.7142857142857143
2241,14,6,1,0,0,21,0.6666666666666666
2242,14,5,1,0,0,20,0.7
2243,12,7,0,0,0,19,0.631578947368421
2244,14,7,0,0,0,21,0.6666666666666666
2245,13,7,0,0,0,20,0.65
2246,14,7,0,0,0,21,0.6666666666666666
2247,12,7,0,0,0,19,0.631578947368421
2248,13,6,0,0,0,19,0.6842105263157895
2249,14,6,1,0,0,21,0.6666666666666666
2250,13,7,0,0,0,20,0.65
2251,14,6,0,0,0,20,0.7
2252,13,6,0,0,0,19,0.6842105263157895
2253,15,6,1,0,0,22,0.6818181818181818
2254,12,6,0,0,0,18,0.6666666666666666
2255,12,7,0,0,0,19,0.631578947368421
2256,14,6,0,0,0,20,0.7
2257,13,7,0,0,0,20,0.65
2258,14,6,0,0,0,20,0.7
2259,13,6,0,0,0,19,0.6842105263157895
2260,13,7,0,0,0,20,0.65
2261,14,7,0,0,0,21,0.6666666666666666
2262,12,7,0,0,0,19,0.631578947368421
2263,15,7,0,0,0,22,0.6818181818181818
2264,16,6,0,0,0,22,0.7272727272727273
2265,16,7,0,0,0,23,0.6956521739130435
2266,15,6,0,0,0,21,0.7142857142857143
2267,13,8,0,0,0,21,0.6190476190476191
2268,16,6,0,0,0,22,0.7272727272727273
2269,14,6,0,0,0,20,0.7
2270,14,7,0,0,0,21,0.6666666666666666
2271,15,7,0,0,0,22,0.6818181818181818
2272,12,6,0,0,0,18,0.6666666666666666
2273,13,6,0,0,0,19,0.6842105263157895
2274,15,5,0,0,0,20,0.75
2275,14,7,0,0,0,21,0.6666666666666666
2276,14,7,0,0,0,21,0.6666666666666666
2277,14,6,1,0,0,21,0.6666666666666666
2278,13,7,0,0,0,20,0.65
2279,12,7,0,0,0,19,0.631578947368421
2280,14,7,0,0,0,21,0.6666666666666666
2281,14,7,0,0,0,21,0.6666666666666666
2282,14,7,0,0,0,21,0.6666666666666666
2283,14,6,0,0,0,20,0.7
2284,14,6,0,0,0,20,0.7
2285,13,6,0,0,0,19,0.6842105263157895
2286,13,7,1,0,0,21,0.6190476190476191
2287,14,7,0,0,0,21,0.6666666666666666
2288,13,7,0,0,0,20,0.65
2289,13,6,0,0,0,19,0.6842105263157895
2290,13,7,0,0,0,20,0.65
2291,12,6,0,0,0,18,0.6666666666666666
2292,14,7,1,0,0,22,0.6363636363636364
2293,15,5,1,0,0,21,0.7142857142857143
2294,14,5,1,0,0,20,0.7
2295,15,5,1,0,0,21,0.7142857142857143
2296,15,6,1,0,0,22,0.6818181818181818
2297,15,5,1,0,0,21,0.7142857142857143
2298,12,4,1,0,0,17,0.7058823529411765
2299,13,4,1,0,0,18,0.7222222222222222
2300,16,4,1,0,0,21,0.7619047619047619
2301,14,5,1,0,0,20,0.7
2302,16,5,1,0,0,22,0.7272727272727273
2303,13,7,0,0,0,20,0.65
2304,15,7,0,0,0,22,0.6818181818181818
2305,15,8,0,0,0,23,0.6521739130434783
2306,16,7,0,0,0,23,0.6956521739130435
2307,13,6,0,0,0,19,0.6842105263157895
2308,16,6,1,0,0,23,0.6956521739130435
2309,12,7,0,0,0,19,0.631578947368421
2310,13,5,0,0,0,18,0.7222222222222222
2311,14,5,0,0,0,19,0.7368421052631579
2312,14,7,0,0,0,21,0.6666666666666666
2313,14,8,0,0,0,22,0.6363636363636364
2314,14,7,0,0,0,21,0.6666666666666666
2315,14,7,0,0,0,21,0.6666666666666666
2316,14,6,0,0,0,20,0.7
2317,15,7,0,0,0,22,0.6818181818181818
2318,13,7,0,0,0,20,0.65
2319,15,7,0,0,0,22,0.6818181818181818
2320,13,7,0,0,0,20,0.65
2321,15,7,0,0,0,22,0.6818181818181818
2322,14,6,0,0,0,20,0.7
2323,13,6,0,0,0,19,0.6842105263157895
2324,15,7,0,0,0,22,0.6818181818181818
2325,15,6,0,0,0,21,0.7142857142857143
2326,14,8,0,0,0,22,0.6363636363636364
2327,14,6,0,0,0,20,0.7
2328,15,5,1,0,0,21,0.7142857142857143
2329,15,6,1,0,0,22,0.6818181818181818
2330,15,6,0,0,0,21,0.7142857142857143
2331,15,7,0,0,0,22,0.6818181818181818
2332,14,7,0,0,0,21,0.6666666666666666
2333,13,7,0,0,0,20,0.65
2334,14,7,0,0,0,21,0.6666666666666666
2335,14,6,0,0,0,20,0.7
2336,13,6,0,0,0,19,0.6842105263157895
2337,17,7,0,0,0,24,0.7083333333333334
2338,15,6,0,0,0,21,0.7142857142857143
2339,13,5,1,0,0,19,0.6842105263157895
2340,13,5,1,0,0,19,0.6842105263157895
2341,14,5,1,0,0,20,0.7
2342,13,5,1,0,0,19,0.6842105263157895
2343,16,3,2,0,0,21,0.7619047619047619
2344,14,4,1,0,0,19,0.7368421052631579
2345,12,5,1,0,0,18,0.6666666666666666
2346,12,5,2,0,0,19,0.631578947368421
2347,14,5,1,0,0,20,0.7
2348,18,5,2,0,0,25,0.72
2349,11,5,2,0,0,18,0.6111111111111112
2350,15,4,1,0,0,20,0.75
2351,15,4,2,0,0,21,0.7142857142857143
2352,14,5,2,0,0,21,0.6666666666666666
2353,17,3,2,0,0,22,0.7727272727272727
2354,15,4,2,0,0,21,0.7142857142857143
2355,15,4,1,0,0,20,0.75
2356,17,1,2,0,0,20,0.85
2357,17,3,2,0,0,22,0.7727272727272727
2358,18,4,2,0,0,24,0.75
2359,15,3,2,0,0,20,0.75
2360,15,4,1,0,0,20,0.75
2361,15,4,2,0,0,21,0.7142857142857143
2362,16,5,1,0,0,22,0.7272727272727273
2363,16,4,2,0,0,22,0.7272727272727273
2364,16,5,2,0,0,23,0.6956521739130435
2365,17,5,2,0,0,24,0.7083333333333334
2366,13,5,1,0,0,19,0.6842105263157895
2367,16,4,2,0,0,22,0.7272727272727273
2368,16,5,2,0,0,23,0.6956521739130435
2369,16,4,2,0,0,22,0.7272727272727273
2370,14,5,2,0,0,21,0.6666666666666666
2371,15,3,2,0,0,20,0.75
2372,14,4,2,0,0,20,0.7
2373,16,6,1,0,0,23,0.6956521739130435
2374,13,4,1,0,0,18,0.7222222222222222
2375,13,4,1,0,0,18,0.7222222222222222
2376,17,4,1,0,0,22,0.7727272727272727
2377,14,4,1,0,0,19,0.7368421052631579
2378,13,4,1,0,0,18,0.7222222222222222
2379,16,4,2,0,0,22,0.7272727272727273
2380,16,4,1,0,0,21,0.7619047619047619
2381,13,5,1,0,0,19,0.6842105263157895
2382,17,3,1,0,0,21,0.8095238095238095
2383,13,5,1,0,0,19,0.6842105263157895
2384,18,4,2,0,0,24,0.75
2385,17,4,1,0,0,22,0.7727272727272727
2386,14,4,1,0,0,19,0.7368421052631579
2387,13,5,1,0,0,19,0.6842105263157895
2388,15,3,1,0,0,19,0.7894736842105263
2389,14,5,2,0,0,21,0.6666666666666666
2390,14,5,1,0,0,20,0.7
2391,14,5,1,0,0,20,0.7
2392,18,6,1,0,0,25,0.72
2393,17,5,1,0,0,23,0.7391304347826086
2394,15,4,2,0,0,21,0.7142857142857143
2395,13,4,1,0,0,18,0.7222222222222222
2396,17,4,1,0,0,22,0.7727272727272727
2397,17,4,2,0,0,23,0.7391304347826086
2398,17,4,2,0,0,23,0.7391304347826086
2399,14,4,2,0,0,20,0.7
2400,18,5,2,0,0,25,0.72
2401,15,5,2,0,0,22,0.6818181818181818
2402,16,4,2,0,0,22,0.7272727272727273
2403,16,5,2,0,0,23,0.6956521739130435
2404,16,4,1,0,0,21,0.7619047619047619
2405,11,4,2,0,0,17,0.6470588235294118
2406,14,5,1,0,0,20,0.7
2407,16,5,2,0,0,23,0.6956521739130435
2408,16,5,2,0,0,23,0.6956521739130435
2409,16,5,1,0,0,22,0.7272727272727273
2410,15,5,1,0,0,21,0.7142857142857143
2411,16,5,2,0,0,23,0.6956521739130435
2412,15,5,2,0,0,22,0.6818181818181818
2413,16,5,1,0,0,22,0.7272727272727273
2414,15,5,1,0,0,21,0.7142857142857143
2415,15,5,2,0,0,22,0.6818181818181818
2416,15,5,1,0,0,21,0.7142857142857143
2417,15,5,1,0,0,21,0.7142857142857143
2418,12,5,1,0,0,18,0.6666666666666666
2419,16,4,2,0,0,22,0.7272727272727273
2420,17,5,1,0,0,23,0.7391304347826086
2421,13,5,2,0,0,20,0.65
2422,16,5,1,0,0,22,0.7272727272727273
2423,16,5,1,0,0,22,0.7272727272727273
2424,14,5,1,0,0,20,0.7
2425,15,5,1,0,0,21,0.7142857142857143
2426,16,5,2,0,0,23,0.6956521739130435
2427,18,5,2,0,0,25,0.72
2428,15,5,1,0,0,21,0.7142857142857143
2429,14,5,1,0,0,20,0.7
2430,16,5,1,0,0,22,0.7272727272727273
2431,16,5,1,0,0,22,0.7272727272727273
2432,16,5,1,0,0,22,0.7272727272727273
2433,17,5,2,0,0,24,0.7083333333333334
2434,17,5,2,0,0,24,0.7083333333333334
2435,16,5,1,0,0,22,0.7272727272727273
2436,14,5,2,0,0,21,0.6666666666666666
2437,16,5,2,0,0,23,0.6956521739130435
2438,16,5,2,0,0,23,0.6956521739130435
2439,17,4,2,0,0,23,0.7391304347826086
2440,16,5,2,0,0,23,0.6956521739130435
2441,14,5,2,0,0,21,0.6666666666666666
2442,17,5,2,0,0,24,0.7083333333333334
2443,15,5,1,0,0,21,0.7142857142857143
2444,15,5,1,0,0,21,0.7142857142857143
2445,15,5,2,0,0,22,0.6818181818181818
2446,15,4,2,0,0,21,0.7142857142857143
2447,16,4,1,0,0,21,0.7619047619047619
2448,15,5,2,0,0,22,0.6818181818181818
2449,18,5,1,0,0,24,0.75
2450,16,5,2,0,0,23,0.6956521739130435
2451,16,5,2,0,0,23,0.6956521739130435
2452,16,5,1,0,0,22,0.7272727272727273
2453,15,5,1,0,0,21,0.7142857142857143
2454,17,5,2,0,0,24,0.7083333333333334
2455,17,4,2,0,0,23,0.7391304347826086
2456,16,4,1,0,0,21,0.7619047619047619
2457,15,4,1,0,0,20,0.75
2458,16,5,2,0,0,23,0.6956521739130435
2459,15,5,2,0,0,22,0.6818181818181818
2460,17,5,2,0,0,24,0.7083333333333334
2461,16,5,2,0,0,23,0.6956521739130435
2462,17,5,2,0,0,24,0.7083333333333334
2463,17,4,2,0,0,23,0.7391304347826086
2464,17,5,2,0,0,24,0.7083333333333334
2465,15,5,2,0,0,22,0.6818181818181818
2466,17,5,2,0,0,24,0.7083333333333334
2467,16,5,2,0,0,23,0.6956521739130435
2468,16,4,2,0,0,22,0.7272727272727273
2469,16,4,1,0,0,21,0.7619047619047619
2470,16,5,2,0,0,23,0.6956521739130435
2471,16,4,2,0,0,22,0.7272727272727273
2472,15,4,2,0,0,21,0.7142857142857143
2473,14,4,1,0,0,19,0.7368421052631579
2474,15,5,1,0,0,21,0.7142857142857143
2475,16,3,1,0,0,20,0.8
2476,15,4,2,0,0,21,0.7142857142857143
2477,13,5,1,0,0,19,0.6842105263157895
2478,14,4,2,0,0,20,0.7
2479,17,5,2,0,0,24,0.7083333333333334
2480,15,4,1,0,0,20,0.75
2481,15,4,1,0,0,20,0.75
2482,15,4,2,0,0,21,0.7142857142857143
2483,17,4,2,0,0,23,0.7391304347826086
2484,16,5,2,0,0,23,0.6956521739130435
2485,16,5,1,0,0,22,0.7272727272727273
2486,14,5,3,0,0,22,0.6363636363636364
2487,15,5,2,0,0,22,0.6818181818181818
2488,13,4,2,0,0,19,0.6842105263157895
2489,16,4,2,0,0,22,0.7272727272727273
2490,17,5,2,0,0,24,0.7083333333333334
2491,14,5,2,0,0,21,0.6666666666666666
2492,16,5,2,0,0,23,0.6956521739130435
2493,16,5,2,0,0,23,0.6956521739130435
2494,17,5,2,0,0,24,0.7083333333333334
2495,15,4,2,0,0,21,0.7142857142857143
2496,16,4,2,0,0,22,0.7272727272727273
2497,18,5,2,0,0,25,0.72
2498,14,5,2,0,0,21,0.6666666666666666
2499,15,5,2,0,0,22,0.6818181818181818
2500,15,5,2,0,0,22,0.6818181818181818
2501,15,5,2,0,0,22,0.6818181818181818
2502,14,5,2,0,0,21,0.6666666666666666
2503,15,5,2,0,0,22,0.6818181818181818
2504,15,5,2,0,0,22,0.6818181818181818
2505,17,5,2,0,0,24,0.7083333333333334
2506,15,4,2,0,0,21,0.7142857142857143
2507,15,5,2,0,0,22,0.6818181818181818
2508,16,4,2,0,0,22,0.7272727272727273
2509,14,5,2,0,0,21,0.6666666666666666
2510,15,5,2,0,0,22,0.6818181818181818
2511,14,5,1,0,0,20,0.7
2512,17,5,1,0,0,23,0.7391304347826086
2513,16,4,2,0,0,22,0.7272727272727273
2514,12,4,2,0,0,18,0.6666666666666666
2515,17,5,2,0,0,24,0.7083333333333334
2516,16,5,2,0,0,23,0.6956521739130435
2517,16,5,2,0,0,23,0.6956521739130435
2518,17,5,2,0,0,24,0.7083333333333334
2519,15,5,2,0,0,22,0.6818181818181818
2520,16,5,2,0,0,23,0.6956521739130435
2521,14,5,2,0,0,21,0.6666666666666666
2522,17,5,2,0,0,24,0.7083333333333334
2523,18,5,1,0,0,24,0.75
2524,16,5,2,0,0,23,0.6956521739130435
2525,15,5,2,0,0,22,0.6818181818181818
2526,15,5,1,0,0,21,0.7142857142857143
2527,15,5,2,0,0,22,0.6818181818181818
2528,16,5,2,0,0,23,0.6956521739130435
2529,17,5,1,0,0,23,0.7391304347826086
2530,15,5,1,0,0,21,0.7142857142857143
2531,14,5,2,0,0,21,0.6666666666666666
2532,17,5,2,0,0,24,0.7083333333333334
2533,18,5,2,0,0,25,0.72
2534,16,4,2,0,0,22,0.7272727272727273
2535,15,4,1,0,0,20,0.75
2536,13,5,2,0,0,20,0.65
2537,17,5,2,0,0,24,0.7083333333333334
2538,16,5,2,0,0,23,0.6956521739130435
2539,15,5,2,0,0,22,0.6818181818181818
2540,14,5,2,0,0,21,0.6666666666666666
2541,15,5,2,0,0,22,0.6818181818181818
2542,17,5,2,0,0,24,0.7083333333333334
2543,16,5,2,0,0,23,0.6956521739130435
2544,15,5,2,0,0,22,0.6818181818181818
2545,18,5,2,0,0,25,0.72
2546,15,5,2,0,0,22,0.6818181818181818
2547,17,5,2,0,0,24,0.7083333333333334
2548,17,5,2,0,0,24,0.7083333333333334
2549,16,5,1,0,0,22,0.7272727272727273
2550,18,6,2,0,0,26,0.6923076923076923
2551,16,5,1,0,0,22,0.7272727272727273
2552,16,5,2,0,0,23,0.6956521739130435
2553,15,6,2,0,0,23,0.6521739130434783
2554,17,5,2,0,0,24,0.7083333333333334
2555,14,6,1,0,0,21,0.6666666666666666
2556,15,5,1,0,0,21,0.7142857142857143
2557,14,6,1,0,0,21,0.6666666666666666
2558,13,4,1,0,0,18,0.7222222222222222
2559,17,4,2,0,0,23,0.7391304347826086
2560,14,5,2,0,0,21,0.6666666666666666
2561,16,4,2,0,0,22,0.7272727272727273
2562,16,5,2,0,0,23,0.6956521739130435
2563,15,5,2,0,0,22,0.6818181818181818
2564,13,5,2,0,0,20,0.65
2565,14,5,2,0,0,21,0.6666666666666666
2566,19,5,2,0,0,26,0.7307692307692307
2567,17,5,2,0,0,24,0.7083333333333334
2568,16,5,2,0,0,23,0.6956521739130435
2569,16,5,1,0,0,22,0.7272727272727273
2570,16,5,2,0,0,23,0.6956521739130435
2571,17,5,2,0,0,24,0.7083333333333334
2572,17,5,2,0,0,24,0.7083333333333334
2573,16,4,2,0,0,22,0.7272727272727273
2574,17,5,2,0,0,24,0.7083333333333334
2575,16,5,2,0,0,23,0.6956521739130435
2576,16,5,2,0,0,23,0.6956521739130435
2577,16,4,2,0,0,22,0.7272727272727273
2578,15,5,2,0,0,22,0.6818181818181818
2579,16,5,2,0,0,23,0.6956521739130435
2580,15,5,2,0,0,22,0.6818181818181818
2581,16,5,2,0,0,23,0.6956521739130435
2582,15,5,1,0,0,21,0.7142857142857143
2583,16,5,2,0,0,23,0.6956521739130435
2584,13,5,2,0,0,20,0.65
2585,16,5,2,0,0,23,0.6956521739130435
2586,14,5,2,0,0,21,0.6666666666666666
2587,15,6,2,0,0,23,0.6521739130434783
2588,14,5,2,0,0,21,0.6666666666666666
2589,18,5,2,0,0,25,0.72
2590,14,5,2,0,0,21,0.6666666666666666
2591,18,5,2,0,0,25,0.72
2592,15,5,2,0,0,22,0.6818181818181818
2593,19,6,1,0,0,26,0.7307692307692307
2594,16,5,2,0,0,23,0.6956521739130435
2595,17,5,3,0,0,25,0.68
2596,17,5,2,0,0,24,0.7083333333333334
2597,17,5,2,0,0,24,0.7083333333333334
2598,17,5,2,0,0,24,0.7083333333333334
2599,16,5,2,0,0,23,0.6956521739130435
2600,15,5,2,0,0,22,0.6818181818181818
2601,16,5,2,0,0,23,0.6956521739130435
2602,15,5,2,0,0,22,0.6818181818181818
2603,16,5,2,0,0,23,0.6956521739130435
2604,15,5,2,0,0,22,0.6818181818181818
2605,16,4,2,0,0,22,0.7272727272727273
2606,13,5,2,0,0,20,0.65
2607,17,5,2,0,0,24,0.7083333333333334
2608,15,5,2,0,0,22,0.6818181818181818
2609,14,4,1,0,0,19,0.7368421052631579
2610,16,5,2,0,0,23,0.6956521739130435
2611,15,5,2,0,0,22,0.6818181818181818
2612,16,4,2,0,0,22,0.7272727272727273
2613,14,5,2,0,0,21,0.6666666666666666
2614,17,5,2,0,0,24,0.7083333333333334
2615,17,5,2,0,0,24,0.7083333333333334
2616,17,5,2,0,0,24,0.7083333333333334
2617,14,5,2,0,0,21,0.6666666666666666
2618,17,5,2,0,0,24,0.7083333333333334
2619,15,5,2,0,0,22,0.6818181818181818
2620,17,5,2,0,0,24,0.7083333333333334
2621,16,5,2,0,0,23,0.6956521739130435
2622,16,5,2,0,0,23,0.6956521739130435
2623,17,5,2,0,0,24,0.7083333333333334
2624,16,5,2,0,0,23,0.6956521739130435
2625,16,5,2,0,0,23,0.6956521739130435
2626,18,5,2,0,0,25,0.72
2627,16,5,2,0,0,23,0.6956521739130435
2628,16,5,2,0,0,23,0.6956521739130435
2629,17,5,2,0,0,24,0.7083333333333334
2630,16,5,2,0,0,23,0.6956521739130435
2631,16,4,1,0,0,21,0.7619047619047619
2632,17,5,1,0,0,23,0.7391304347826086
2633,15,5,1,0,0,21,0.7142857142857143
2634,17,4,2,0,0,23,0.7391304347826086
2635,17,5,1,0,0,23,0.7391304347826086
2636,15,5,1,0,0,21,0.7142857142857143
2637,18,4,1,0,0,23,0.782608695652174
2638,17,5,2,0,0,24,0.7083333333333334
2639,16,5,1,0,0,22,0.7272727272727273
2640,16,6,1,0,0,23,0.6956521739130435
2641,14,6,2,0,0,22,0.6363636363636364
2642,13,5,1,0,0,19,0.6842105263157895
2643,16,6,1,0,0,23,0.6956521739130435
2644,16,5,1,0,0,22,0.7272727272727273
2645,16,5,2,0,0,23,0.6956521739130435
2646,15,5,2,0,0,22,0.6818181818181818
2647,15,5,1,0,0,21,0.7142857142857143
2648,14,5,2,0,0,21,0.6666666666666666
2649,16,5,1,0,0,22,0.7272727272727273
2650,16,5,2,0,0,23,0.6956521739130435
2651,17,5,2,0,0,24,0.7083333333333334
2652,18,5,2,0,0,25,0.72
2653,14,5,1,0,0,20,0.7
2654,16,5,1,0,0,22,0.7272727272727273
2655,16,5,1,0,0,22,0.7272727272727273
2656,17,5,1,0,0,23,0.7391304347826086
2657,17,5,1,0,0,23,0.7391304347826086
2658,15,5,1,0,0,21,0.7142857142857143
2659,16,5,2,0,0,23,0.6956521739130435
2660,16,5,2,0,0,23,0.6956521739130435
2661,16,5,2,0,0,23,0.6956521739130435
2662,16,5,2,0,0,23,0.6956521739130435
2663,18,5,2,0,0,25,0.72
2664,16,5,2,0,0,23,0.6956521739130435
2665,15,6,2,0,0,23,0.6521739130434783
2666,13,5,1,0,0,19,0.6842105263157895
2667,17,5,2,0,0,24,0.7083333333333334
2668,12,5,1,0,0,18,0.6666666666666666
2669,12,5,2,0,0,19,0.631578947368421
2670,14,6,2,0,0,22,0.6363636363636364
2671,16,5,2,0,0,23,0.6956521739130435
2672,17,5,1,0,0,23,0.7391304347826086
2673,16,4,2,0,0,22,0.7272727272727273
2674,16,4,2,0,0,22,0.7272727272727273
2675,18,4,2,0,0,24,0.75
2676,15,5,2,0,0,22,0.6818181818181818
2677,19,5,1,0,0,25,0.76
2678,15,5,2,0,0,22,0.6818181818181818
2679,18,5,2,0,0,25,0.72
2680,18,5,2,0,0,25,0.72
2681,16,5,1,0,0,22,0.7272727272727273
2682,17,5,1,0,0,23,0.7391304347826086
2683,17,5,1,0,0,23,0.7391304347826086
2684,18,5,2,0,0,25,0.72
2685,16,5,2,0,0,23,0.6956521739130435
2686,16,5,2,0,0,23,0.6956521739130435
2687,18,5,1,0,0,24,0.75
2688,17,5,1,0,0,23,0.7391304347826086
2689,14,6,2,0,0,22,0.6363636363636364
2690,16,5,1,0,0,22,0.7272727272727273
2691,17,6,1,0,0,24,0.7083333333333334
2692,18,5,1,0,0,24,0.75
2693,18,5,2,0,0,25,0.72
2694,16,5,2,0,0,23,0.6956521739130435
2695,18,6,2,0,0,26,0.6923076923076923
2696,18,6,2,0,0,26,0.6923076923076923
2697,16,5,1,0,0,22,0.7272727272727273
2698,16,5,2,0,0,23,0.6956521739130435
2699,18,4,1,0,0,23,0.782608695652174
2700,15,5,2,0,0,22,0.6818181818181818
2701,17,4,2,0,0,23,0.7391304347826086
2702,16,5,2,0,0,23,0.6956521739130435
2703,17,5,1,0,0,23,0.7391304347826086
2704,15,5,2,0,0,22,0.6818181818181818
2705,15,4,1,0,0,20,0.75
2706,16,5,1,0,0,22,0.7272727272727273
2707,16,5,1,0,0,22,0.7272727272727273
2708,17,5,2,0,0,24,0.7083333333333334
2709,15,5,1,0,0,21,0.7142857142857143
2710,17,5,1,0,0,23,0.7391304347826086
2711,16,5,1,0,0,22,0.7272727272727273
2712,17,5,1,0,0,23,0.7391304347826086
2713,17,5,2,0,0,24,0.7083333333333334
2714,16,5,2,0,0,23,0.6956521739130435
2715,17,5,1,0,0,23,0.7391304347826086
2716,16,5,2,0,0,23,0.6956521739130435
2717,15,5,2,0,0,22,0.6818181818181818
2718,17,5,1,0,0,23,0.7391304347826086
2719,16,5,2,0,0,23,0.6956521739130435
2720,16,5,2,0,0,23,0.6956521739130435
2721,15,5,1,0,0,21,0.7142857142857143
2722,16,5,2,0,0,23,0.6956521739130435
2723,16,5,2,0,0,23,0.6956521739130435
2724,16,5,2,0,0,23,0.6956521739130435
2725,16,5,1,0,0,22,0.7272727272727273
2726,18,5,2,0,0,25,0.72
2727,16,5,2,0,0,23,0.6956521739130435
2728,14,5,1,0,0,20,0.7
2729,15,5,1,0,0,21,0.7142857142857143
2730,16,4,2,0,0,22,0.7272727272727273
2731,18,5,1,0,0,24,0.75
2732,16,5,1,0,0,22,0.7272727272727273
2733,14,5,2,0,0,21,0.6666666666666666
2734,17,5,2,0,0,24,0.7083333333333334
2735,15,6,1,0,0,22,0.6818181818181818
2736,14,4,2,0,0,20,0.7
2737,15,5,1,0,0,21,0.7142857142857143
2738,16,5,1,0,0,22,0.7272727272727273
2739,17,5,2,0,0,24,0.7083333333333334
2740,17,5,1,0,0,23,0.7391304347826086
2741,17,5,2,0,0,24,0.7083333333333334
2742,16,5,1,0,0,22,0.7272727272727273
2743,16,5,2,0,0,23,0.6956521739130435
2744,19,5,1,0,0,25,0.76
2745,17,6,1,0,0,24,0.7083333333333334
2746,17,5,2,0,0,24,0.7083333333333334
2747,17,5,1,0,0,23,0.7391304347826086
2748,18,5,1,0,0,24,0.75
2749,16,5,1,0,0,22,0.7272727272727273
2750,17,5,2,0,0,24,0.7083333333333334
2751,16,5,2,0,0,23,0.6956521739130435
2752,15,4,2,0,0,21,0.7142857142857143
2753,14,5,1,0,0,20,0.7
2754,15,5,2,0,0,22,0.6818181818181818
2755,17,5,2,0,0,24,0.7083333333333334
2756,17,5,1,0,0,23,0.7391304347826086
2757,17,5,1,0,0,23,0.7391304347826086
2758,16,4,1,0,0,21,0.7619047619047619
2759,16,5,2,0,0,23,0.6956521739130435
2760,17,5,1,0,0,23,0.7391304347826086
2761,17,5,2,0,0,24,0.7083333333333334
2762,17,5,2,0,0,24,0.7083333333333334
2763,16,5,2,0,0,23,0.6956521739130435
2764,16,6,2,0,0,24,0.6666666666666666
2765,17,5,1,0,0,23,0.7391304347826086
2766,17,5,2,0,0,24,0.7083333333333334
2767,16,6,2,0,0,24,0.6666666666666666
2768,18,5,2,0,0,25,0.72
2769,17,6,2,0,0,25,0.68
2770,18,5,2,0,0,25,0.72
2771,15,5,2,0,0,22,0.6818181818181818
2772,17,6,1,0,0,24,0.7083333333333334
2773,16,5,2,0,0,23,0.6956521739130435
2774,17,5,2,0,0,24,0.7083333333333334
2775,17,4,2,0,0,23,0.7391304347826086
2776,17,5,2,0,0,24,0.7083333333333334
2777,17,5,1,0,0,23,0.7391304347826086
2778,13,6,2,0,0,21,0.6190476190476191
2779,18,5,2,0,0,25,0.72
2780,18,6,2,0,0,26,0.6923076923076923
2781,17,5,1,0,0,23,0.7391304347826086
2782,18,5,1,0,0,24,0.75
2783,17,4,2,0,0,23,0.7391304347826086
2784,17,5,2,0,0,24,0.7083333333333334
2785,16,5,1,0,0,22,0.7272727272727273
2786,15,5,1,0,0,21,0.7142857142857143
2787,18,5,2,0,0,25,0.72
2788,15,6,2,0,0,23,0.6521739130434783
2789,18,5,2,0,0,25,0.72
2790,16,6,1,0,0,23,0.6956521739130435
2791,17,5,1,0,0,23,0.7391304347826086
2792,16,5,2,0,0,23,0.6956521739130435
2793,14,5,1,0,0,20,0.7
2794,16,5,2,0,0,23,0.6956521739130435
2795,15,6,2,0,0,23,0.6521739130434783
2796,15,4,2,0,0,21,0.7142857142857143
2797,15,6,1,0,0,22,0.6818181818181818
2798,17,5,2,0,0,24,0.7083333333333334
2799,17,5,2,0,0,24,0.7083333333333334
2800,17,5,2,0,0,24,0.7083333333333334
2801,14,5,1,0,0,20,0.7
2802,15,3,2,0,0,20,0.75
2803,14,6,2,0,0,22,0.6363636363636364
2804,14,6,2,0,0,22,0.6363636363636364
2805,15,5,2,0,0,22,0.6818181818181818
2806,14,5,2,0,0,21,0.6666666666666666
2807,12,6,2,0,0,20,0.6
2808,19,6,2,0,0,27,0.7037037037037037
2809,16,5,2,0,0,23,0.6956521739130435
2810,15,5,2,0,0,22,0.6818181818181818
2811,15,5,2,0,0,22,0.6818181818181818
2812,14,5,2,0,0,21,0.6666666666666666
2813,16,5,2,0,0,23,0.6956521739130435
2814,17,5,1,0,0,23,0.7391304347826086
2815,14,6,2,0,0,22,0.6363636363636364
2816,15,5,1,0,0,21,0.7142857142857143
2817,16,6,2,0,0,24,0.6666666666666666
2818,14,6,1,0,0,21,0.6666666666666666
2819,16,6,1,0,0,23,0.6956521739130435
2820,15,6,1,0,0,22,0.6818181818181818
2821,17,5,2,0,0,24,0.7083333333333334
2822,17,5,1,0,0,23,0.7391304347826086
2823,15,6,1,0,0,22,0.6818181818181818
2824,17,6,1,0,0,24,0.7083333333333334
2825,15,5,2,0,0,22,0.6818181818181818
2826,16,5,1,0,0,22,0.7272727272727273
2827,16,6,2,0,0,24,0.6666666666666666
2828,17,5,2,0,0,24,0.7083333333333334
2829,15,5,2,0,0,22,0.6818181818181818
2830,16,5,2,0,0,23,0.6956521739130435
2831,15,5,2,0,0,22,0.6818181818181818
2832,17,5,2,0,0,24,0.7083333333333334
2833,15,5,2,0,0,22,0.6818181818181818
2834,16,5,1,0,0,22,0.7272727272727273
2835,14,5,2,0,0,21,0.6666666666666666
2836,14,5,2,0,0,21,0.6666666666666666
2837,16,5,2,0,0,23,0.6956521739130435
2838,16,5,1,0,0,22,0.7272727272727273
2839,16,5,2,0,0,23,0.6956521739130435
2840,15,6,1,0,0,22,0.6818181818181818
2841,16,5,2,0,0,23,0.6956521739130435
2842,14,5,2,0,0,21,0.6666666666666666
2843,16,5,1,0,0,22,0.7272727272727273
2844,15,5,2,0,0,22,0.6818181818181818
2845,17,5,2,0,0,24,0.7083333333333334
2846,16,5,1,0,0,22,0.7272727272727273
2847,17,6,1,0,0,24,0.7083333333333334
2848,16,5,1,0,0,22,0.7272727272727273
2849,14,5,1,0,0,20,0.7
2850,18,6,2,0,0,26,0.6923076923076923
2851,17,5,1,0,0,23,0.7391304347826086
2852,16,5,1,0,0,22,0.7272727272727273
2853,17,5,1,0,0,23,0.7391304347826086
2854,17,5,1,0,0,23,0.7391304347826086
2855,17,5,1,0,0,23,0.7391304347826086
2856,16,5,1,0,0,22,0.7272727272727273
2857,16,5,2,0,0,23,0.6956521739130435
2858,18,5,1,0,0,24,0.75
2859,17,5,1,0,0,23,0.7391304347826086
2860,16,6,1,0,0,23,0.6956521739130435
2861,17,5,2,0,0,24,0.7083333333333334
2862,14,5,1,0,0,20,0.7
2863,17,5,1,0,0,23,0.7391304347826086
2864,16,6,2,0,0,24,0.6666666666666666
2865,18,6,2,0,0,26,0.6923076923076923
2866,17,6,2,0,0,25,0.68
2867,18,5,1,0,0,24,0.75
2868,18,6,2,0,0,26,0.6923076923076923
2869,15,5,1,0,0,21,0.7142857142857143
2870,15,5,2,0,0,22,0.6818181818181818
2871,16,5,1,0,0,22,0.7272727272727273
2872,17,5,2,0,0,24,0.7083333333333334
2873,14,5,2,0,0,21,0.6666666666666666
2874,15,5,1,0,0,21,0.7142857142857143
2875,16,5,1,0,0,22,0.7272727272727273
2876,16,6,2,0,0,24,0.6666666666666666
2877,17,4,2,0,0,23,0.7391304347826086
2878,13,4,2,0,0,19,0.6842105263157895
2879,15,5,2,0,0,22,0.6818181818181818
2880,17,5,2,0,0,24,0.7083333333333334
2881,17,5,2,0,0,24,0.7083333333333334
2882,15,5,1,0,0,21,0.7142857142857143
2883,15,5,2,0,0,22,0.6818181818181818
2884,17,5,2,0,0,24,0.7083333333333334
2885,17,5,1,0,0,23,0.7391304347826086
2886,16,5,1,0,0,22,0.7272727272727273
2887,17,5,2,0,0,24,0.7083333333333334
2888,17,5,2,0,0,24,0.7083333333333334
2889,16,6,1,0,0,23,0.6956521739130435
2890,17,5,2,0,0,24,0.7083333333333334
2891,16,5,2,0,0,23,0.6956521739130435
2892,16,5,2,0,0,23,0.6956521739130435
2893,16,5,2,0,0,23,0.6956521739130435
2894,18,5,1,0,0,24,0.75
2895,16,5,1,0,0,22,0.7272727272727273
2896,15,5,1,0,0,21,0.7142857142857143
2897,15,5,1,0,0,21,0.7142857142857143
2898,16,5,2,0,0,23,0.6956521739130435
2899,16,5,1,0,0,22,0.7272727272727273
2900,17,6,1,0,0,24,0.7083333333333334
2901,16,5,1,0,0,22,0.7272727272727273
2902,15,5,2,0,0,22,0.6818181818181818
2903,16,6,1,0,0,23,0.6956521739130435
2904,14,6,1,0,0,21,0.6666666666666666
2905,15,5,1,0,0,21,0.7142857142857143
2906,16,5,2,0,0,23,0.6956521739130435
2907,16,5,2,0,0,23,0.6956521739130435
2908,17,5,2,0,0,24,0.7083333333333334
2909,15,5,1,0,0,21,0.7142857142857143
2910,16,6,1,0,0,23,0.6956521739130435
2911,14,7,1,0,0,22,0.6363636363636364
2912,15,7,2,0,0,24,0.625
2913,13,6,1,0,0,20,0.65
2914,16,5,2,0,0,23,0.6956521739130435
2915,16,6,2,0,0,24,0.6666666666666666
2916,16,6,2,0,0,24,0.6666666666666666
2917,17,5,2,0,0,24,0.7083333333333334
2918,16,5,2,0,0,23,0.6956521739130435
2919,18,5,2,0,0,25,0.72
2920,14,5,2,0,0,21,0.6666666666666666
2921,18,5,1,0,0,24,0.75
2922,17,6,2,0,0,25,0.68
2923,14,6,2,0,0,22,0.6363636363636364
2924,16,5,2,0,0,23,0.6956521739130435
2925,14,5,2,0,0,21,0.6666666666666666
2926,15,6,2,0,0,23,0.6521739130434783
2927,16,6,2,0,0,24,0.6666666666666666
2928,17,5,1,0,0,23,0.7391304347826086
2929,16,6,2,0,0,24,0.6666666666666666
2930,16,5,2,0,0,23,0.6956521739130435
2931,15,4,2,0,0,21,0.7142857142857143
2932,16,5,2,0,0,23,0.6956521739130435
2933,16,5,2,0,0,23,0.6956521739130435
2934,15,6,2,0,0,23,0.6521739130434783
2935,16,5,2,0,0,23,0.6956521739130435
2936,17,5,2,0,0,24,0.7083333333333334
2937,18,5,2,0,0,25,0.72
2938,15,5,1,0,0,21,0.7142857142857143
2939,15,4,2,0,0,21,0.7142857142857143
2940,14,5,2,0,0,21,0.6666666666666666
2941,18,5,2,0,0,25,0.72
2942,15,6,2,0,0,23,0.6521739130434783
2943,14,5,1,0,0,20,0.7
2944,15,5,2,0,0,22,0.6818181818181818
2945,16,5,1,0,0,22,0.7272727272727273
2946,17,7,1,0,0,25,0.68
2947,15,5,2,0,0,22,0.6818181818181818
2948,15,6,1,0,0,22,0.6818181818181818
2949,15,6,1,0,0,22,0.6818181818181818
2950,14,5,2,0,0,21,0.6666666666666666
2951,15,5,1,0,0,21,0.7142857142857143
2952,13,5,2,0,0,20,0.65
2953,16,5,2,0,0,23,0.6956521739130435
2954,17,5,2,0,0,24,0.7083333333333334
2955,15,5,1,0,0,21,0.7142857142857143
2956,15,5,1,0,0,21,0.7142857142857143
2957,14,5,1,0,0,20,0.7
2958,13,5,1,0,0,19,0.6842105263157895
2959,14,4,1,0,0,19,0.7368421052631579
2960,14,5,2,0,0,21,0.6666666666666666
2961,15,6,1,0,0,22,0.6818181818181818
2962,15,5,2,0,0,22,0.6818181818181818
2963,17,6,2,0,0,25,0.68
2964,17,5,2,0,0,24,0.7083333333333334
2965,13,5,2,0,0,20,0.65
2966,17,5,2,0,0,24,0.7083333333333334
2967,16,5,2,0,0,23,0.6956521739130435
2968,17,5,2,0,0,24,0.7083333333333334
2969,17,5,2,0,0,24,0.7083333333333334
2970,15,5,1,0,0,21,0.7142857142857143
2971,16,5,2,0,0,23,0.6956521739130435
2972,14,5,2,0,0,21,0.6666666666666666
2973,15,5,2,0,0,22,0.6818181818181818
2974,15,5,2,0,0,22,0.6818181818181818
2975,17,5,2,0,0,24,0.7083333333333334
2976,15,5,2,0,0,22,0.6818181818181818
2977,17,6,2,0,0,25,0.68
2978,16,5,2,0,0,23,0.6956521739130435
2979,17,5,2,0,0,24,0.7083333333333334
2980,18,5,2,0,0,25,0.72
2981,13,5,2,0,0,20,0.65
2982,14,5,2,0,0,21,0.6666666666666666
2983,16,5,1,0,0,22,0.7272727272727273
2984,15,5,2,0,0,22,0.6818181818181818
2985,15,5,2,0,0,22,0.6818181818181818
2986,15,5,1,0,0,21,0.7142857142857143
2987,14,6,1,0,0,21,0.6666666666666666
2988,15,5,1,0,0,21,0.7142857142857143
2989,14,4,1,0,0,19,0.7368421052631579
2990,15,5,2,0,0,22,0.6818181818181818
2991,14,6,1,0,0,21,0.6666666666666666
2992,15,6,2,0,0,23,0.6521739130434783
2993,12,5,1,0,0,18,0.6666666666666666
2994,16,6,1,0,0,23,0.6956521739130435
2995,15,5,1,0,0,21,0.7142857142857143
2996,14,5,1,0,0,20,0.7
2997,15,6,2,0,0,23,0.6521739130434783
2998,17,5,2,0,0,24,0.7083333333333334
2999,13,5,2,0,0,20,0.65
3000,17,5,2,0,0,24,0.7083333333333334
3001,17,5,2,0,0,24,0.7083333333333334
3002,15,5,2,0,0,22,0.6818181818181818
3003,15,5,1,0,0,21,0.7142857142857143
3004,14,6,1,0,0,21,0.6666666666666666
3005,16,4,1,0,0,21,0.7619047619047619
3006,15,6,1,0,0,22,0.6818181818181818
3007,16,5,2,0,0,23,0.6956521739130435
3008,15,6,1,0,0,22,0.6818181818181818
3009,17,5,2,0,0,24,0.7083333333333334
3010,16,5,2,0,0,23,0.6956521739130435
3011,17,5,2,0,0,24,0.7083333333333334
3012,16,6,1,0,0,23,0.6956521739130435
3013,17,6,1,0,0,24,0.7083333333333334
3014,16,5,1,0,0,22,0.7272727272727273
3015,16,6,1,0,0,23,0.6956521739130435
3016,15,6,1,0,0,22,0.6818181818181818
3017,17,5,2,0,0,24,0.7083333333333334
3018,17,5,2,0,0,24,0.7083333333333334
3019,16,5,2,0,0,23,0.6956521739130435
3020,15,4,2,0,0,21,0.7142857142857143
3021,17,5,2,0,0,24,0.7083333333333334
3022,18,4,1,0,0,23,0.782608695652174
3023,16,6,1,0,0,23,0.6956521739130435
3024,16,5,1,0,0,22,0.7272727272727273
3025,15,5,1,0,0,21,0.7142857142857143
3026,17,5,1,0,0,23,0.7391304347826086
3027,17,5,2,0,0,24,0.7083333333333334
3028,13,6,2,0,0,21,0.6190476190476191
3029,16,5,2,0,0,23,0.6956521739130435
3030,14,6,1,0,0,21,0.6666666666666666
3031,15,6,2,0,0,23,0.6521739130434783
3032,17,4,2,0,0,23,0.7391304347826086
3033,16,4,1,0,0,21,0.7619047619047619
3034,15,6,1,0,0,22,0.6818181818181818
3035,13,6,1,0,0,20,0.65
3036,18,6,2,0,0,26,0.6923076923076923
3037,17,5,1,0,0,23,0.7391304347826086
3038,16,7,1,0,0,24,0.6666666666666666
3039,16,6,1,0,0,23,0.6956521739130435
3040,17,6,2,0,0,25,0.68
3041,16,6,2,0,0,24,0.6666666666666666
3042,17,5,2,0,0,24,0.7083333333333334
3043,18,5,1,0,0,24,0.75
3044,19,4,2,0,0,25,0.76
3045,16,5,2,0,0,23,0.6956521739130435
3046,18,4,2,0,0,24,0.75
3047,17,4,1,0,0,22,0.7727272727272727
3048,15,4,1,0,0,20,0.75
3049,17,4,1,0,0,22,0.7727272727272727
3050,15,5,1,0,0,21,0.7142857142857143
3051,17,4,1,0,0,22,0.7727272727272727
3052,14,6,1,0,0,21,0.6666666666666666
3053,16,5,2,0,0,23,0.6956521739130435
3054,16,4,2,0,0,22,0.7272727272727273
3055,16,5,2,0,0,23,0.6956521739130435
3056,16,5,2,0,0,23,0.6956521739130435
3057,16,5,2,0,0,23,0.6956521739130435
3058,15,6,1,0,0,22,0.6818181818181818
3059,15,5,2,0,0,22,0.6818181818181818
3060,16,5,1,0,0,22,0.7272727272727273
3061,16,6,1,0,0,23,0.6956521739130435
3062,17,6,1,0,0,24,0.7083333333333334
3063,17,5,2,0,0,24,0.7083333333333334
3064,15,6,2,0,0,23,0.6521739130434783
3065,17,5,1,0,0,23,0.7391304347826086
3066,17,6,1,0,0,24,0.7083333333333334
3067,17,6,1,0,0,24,0.7083333333333334
3068,17,6,1,0,0,24,0.7083333333333334
3069,15,5,1,0,0,21,0.7142857142857143
3070,15,5,1,0,0,21,0.7142857142857143
3071,14,5,2,0,0,21,0.6666666666666666
3072,17,5,2,0,0,24,0.7083333333333334
3073,14,5,1,0,0,20,0.7
3074,17,5,2,0,0,24,0.7083333333333334
3075,16,6,1,0,0,23,0.6956521739130435
3076,16,5,1,0,0,22,0.7272727272727273
3077,15,4,1,0,0,20,0.75
3078,17,5,1,0,0,23,0.7391304347826086
3079,15,5,1,0,0,21,0.7142857142857143
3080,16,5,1,0,0,22,0.7272727272727273
3081,19,5,1,0,0,25,0.76
3082,14,5,1,0,0,20,0.7
3083,13,5,1,0,0,19,0.6842105263157895
3084,16,5,1,0,0,22,0.7272727272727273
3085,16,5,1,0,0,22,0.7272727272727273
3086,15,4,2,0,0,21,0.7142857142857143
3087,15,6,1,0,0,22,0.6818181818181818
3088,15,5,1,0,0,21,0.7142857142857143
3089,15,5,1,0,0,21,0.7142857142857143
3090,16,5,2,0,0,23,0.6956521739130435
3091,14,5,1,0,0,20,0.7
3092,15,5,2,0,0,22,0.6818181818181818
3093,15,4,2,0,0,21,0.7142857142857143
3094,16,6,1,0,0,23,0.6956521739130435
3095,17,5,2,0,0,24,0.7083333333333334
3096,14,4,1,0,0,19,0.7368421052631579
3097,14,5,1,0,0,20,0.7
3098,12,5,2,0,0,19,0.631578947368421
3099,16,6,2,0,0,24,0.6666666666666666
3100,16,6,1,0,0,23,0.6956521739130435
3101,16,6,2,0,0,24,0.6666666666666666
3102,14,6,1,0,0,21,0.6666666666666666
3103,15,6,2,0,0,23,0.6521739130434783
3104,16,5,1,0,0,22,0.7272727272727273
3105,17,6,1,0,0,24,0.7083333333333334
3106,16,5,2,0,0,23,0.6956521739130435
3107,16,5,2,0,0,23,0.6956521739130435
3108,14,7,2,0,0,23,0.6086956521739131
3109,14,5,1,0,0,20,0.7
3110,14,6,1,0,0,21,0.6666666666666666
3111,15,6,1,0,0,22,0.6818181818181818
3112,16,6,1,0,0,23,0.6956521739130435
3113,15,5,1,0,0,21,0.7142857142857143
3114,16,6,1,0,0,23,0.6956521739130435
3115,16,6,2,0,0,24,0.6666666666666666
3116,17,5,2,0,0,24,0.7083333333333334
3117,16,6,2,0,0,24,0.6666666666666666
3118,16,6,2,0,0,24,0.6666666666666666
3119,17,5,1,0,0,23,0.7391304347826086
3120,13,7,1,0,0,21,0.6190476190476191
3121,15,5,1,0,0,21,0.7142857142857143
3122,14,6,2,0,0,22,0.6363636363636364
3123,12,6,1,0,0,19,0.631578947368421
3124,15,5,1,0,0,21,0.7142857142857143
3125,16,6,1,0,0,23,0.6956521739130435
3126,15,5,1,0,0,21,0.7142857142857143
3127,17,6,1,0,0,24,0.7083333333333334
3128,17,4,1,0,0,22,0.7727272727272727
3129,14,5,1,0,0,20,0.7
3130,16,5,1,0,0,22,0.7272727272727273
3131,17,4,2,0,0,23,0.7391304347826086
3132,15,4,1,0,0,20,0.75
3133,14,6,1,0,0,21,0.6666666666666666
3134,14,5,1,0,0,20,0.7
3135,15,5,1,0,0,21,0.7142857142857143
3136,15,6,2,0,0,23,0.6521739130434783
3137,16,6,2,0,0,24,0.6666666666666666
3138,13,4,1,0,0,18,0.7222222222222222
3139,15,5,1,0,0,21,0.7142857142857143
3140,15,4,1,0,0,20,0.75
3141,16,5,1,0,0,22,0.7272727272727273
3142,15,6,2,0,0,23,0.6521739130434783
3143,16,5,1,0,0,22,0.7272727272727273
3144,16,6,1,0,0,23,0.6956521739130435
3145,14,5,1,0,0,20,0.7
3146,14,5,2,0,0,21,0.6666666666666666
3147,14,5,1,0,0,20,0.7
3148,14,5,2,0,0,21,0.6666666666666666
3149,13,6,1,0,0,20,0.65
3150,12,6,1,0,0,19,0.631578947368421
3151,15,5,2,0,0,22,0.6818181818181818
3152,11,5,1,0,0,17,0.6470588235294118
3153,14,4,2,0,0,20,0.7
3154,13,6,1,0,0,20,0.65
3155,14,4,1,0,0,19,0.7368421052631579
3156,13,5,1,0,0,19,0.6842105263157895
3157,14,5,2,0,0,21,0.6666666666666666
3158,15,6,1,0,0,22,0.6818181818181818
3159,14,5,1,0,0,20,0.7
3160,16,4,2,0,0,22,0.7272727272727273
3161,14,6,1,0,0,21,0.6666666666666666
3162,14,4,1,0,0,19,0.7368421052631579
3163,17,4,2,0,0,23,0.7391304347826086
3164,15,5,1,0,0,21,0.7142857142857143
3165,15,5,1,0,0,21,0.7142857142857143
3166,15,5,1,0,0,21,0.7142857142857143
3167,14,5,2,0,0,21,0.6666666666666666
3168,15,6,1,0,0,22,0.6818181818181818
3169,15,4,2,0,0,21,0.7142857142857143
3170,15,5,2,0,0,22,0.6818181818181818
3171,12,5,1,0,0,18,0.6666666666666666
3172,12,7,1,0,0,20,0.6
3173,15,5,1,0,0,21,0.7142857142857143
3174,15,5,1,0,0,21,0.7142857142857143
3175,15,5,1,0,0,21,0.7142857142857143
3176,11,5,2,0,0,18,0.6111111111111112
3177,15,5,1,0,0,21,0.7142857142857143
3178,16,6,1,0,0,23,0.6956521739130435
3179,16,4,2,0,0,22,0.7272727272727273
3180,14,5,1,0,0,20,0.7
3181,14,7,2,0,0,23,0.6086956521739131
3182,13,6,1,0,0,20,0.65
3183,14,5,2,0,0,21,0.6666666666666666
3184,13,6,2,0,0,21,0.6190476190476191
3185,15,6,1,0,0,22,0.6818181818181818
3186,13,6,1,0,0,20,0.65
3187,13,4,1,0,0,18,0.7222222222222222
3188,11,5,1,0,0,17,0.6470588235294118
3189,16,5,2,0,0,23,0.6956521739130435
3190,17,6,1,0,0,24,0.7083333333333334
3191,16,5,1,0,0,22,0.7272727272727273
3192,17,5,2,0,0,24,0.7083333333333334
3193,16,5,2,0,0,23,0.6956521739130435
3194,13,4,2,0,0,19,0.6842105263157895
3195,14,5,1,0,0,20,0.7
3196,16,6,2,0,0,24,0.6666666666666666
3197,17,5,2,0,0,24,0.7083333333333334
3198,16,4,2,0,0,22,0.7272727272727273
3199,15,6,1,0,0,22,0.6818181818181818
3200,16,5,2,0,0,23,0.6956521739130435
3201,16,4,1,0,0,21,0.7619047619047619
3202,15,6,1,0,0,22,0.6818181818181818
3203,17,6,1,0,0,24,0.7083333333333334
3204,14,5,1,0,0,20,0.7
3205,14,4,2,0,0,20,0.7
3206,17,5,1,0,0,23,0.7391304347826086
3207,17,4,2,0,0,23,0.7391304347826086
3208,16,5,1,0,0,22,0.7272727272727273
3209,15,5,2,0,0,22,0.6818181818181818
3210,14,4,1,0,0,19,0.7368421052631579
3211,15,6,1,0,0,22,0.6818181818181818
3212,16,6,1,0,0,23,0.6956521739130435
3213,14,5,2,0,0,21,0.6666666666666666
3214,15,6,1,0,0,22,0.6818181818181818
3215,15,4,1,0,0,20,0.75
3216,15,4,2,0,0,21,0.7142857142857143
3217,15,5,1,0,0,21,0.7142857142857143
3218,16,5,1,0,0,22,0.7272727272727273
3219,15,6,1,0,0,22,0.6818181818181818
3220,16,5,1,0,0,22,0.7272727272727273
3221,15,6,1,0,0,22,0.6818181818181818
3222,17,4,2,0,0,23,0.7391304347826086
3223,15,6,1,0,0,22,0.6818181818181818
3224,16,5,2,0,0,23,0.6956521739130435
3225,15,4,1,0,0,20,0.75
3226,17,4,2,0,0,23,0.7391304347826086
3227,17,5,2,0,0,24,0.7083333333333334
3228,13,5,1,0,0,19,0.6842105263157895
3229,15,4,1,0,0,20,0.75
3230,16,5,1,0,0,22,0.7272727272727273
3231,16,6,2,0,0,24,0.6666666666666666
3232,17,5,2,0,0,24,0.7083333333333334
3233,16,4,1,0,0,21,0.7619047619047619
3234,14,4,2,0,0,20,0.7
3235,17,5,2,0,0,24,0.7083333333333334
3236,14,6,1,0,0,21,0.6666666666666666
3237,15,5,1,0,0,21,0.7142857142857143
3238,15,4,2,0,0,21,0.7142857142857143
3239,16,5,1,0,0,22,0.7272727272727273
3240,16,5,1,0,0,22,0.7272727272727273
3241,16,6,1,0,0,23,0.6956521739130435
3242,16,6,1,0,0,23,0.6956521739130435
3243,16,6,1,0,0,23,0.6956521739130435
3244,16,6,1,0,0,23,0.6956521739130435
3245,16,5,1,0,0,22,0.7272727272727273
3246,16,6,1,0,0,23,0.6956521739130435
3247,15,4,1,0,0,20,0.75
3248,14,6,2,0,0,22,0.6363636363636364
3249,16,4,1,0,0,21,0.7619047619047619
3250,15,5,1,0,0,21,0.7142857142857143
3251,14,5,2,0,0,21,0.6666666666666666
3252,13,5,2,0,0,20,0.65
3253,19,5,1,0,0,25,0.76
3254,14,4,1,0,0,19,0.7368421052631579
3255,16,5,1,0,0,22,0.7272727272727273
3256,17,6,2,0,0,25,0.68
3257,15,6,1,0,0,22,0.6818181818181818
3258,16,6,1,0,0,23,0.6956521739130435
3259,14,6,2,0,0,22,0.6363636363636364
3260,13,4,1,0,0,18,0.7222222222222222
3261,16,5,1,0,0,22,0.7272727272727273
3262,16,5,1,0,0,22,0.7272727272727273
3263,16,4,1,0,0,21,0.7619047619047619
3264,17,5,1,0,0,23,0.7391304347826086
3265,16,5,1,0,0,22,0.7272727272727273
3266,15,5,1,0,0,21,0.7142857142857143
3267,16,6,1,0,0,23,0.6956521739130435
3268,16,4,1,0,0,21,0.7619047619047619
3269,15,5,1,0,0,21,0.7142857142857143
3270,14,4,1,0,0,19,0.7368421052631579
3271,14,4,2,0,0,20,0.7
3272,18,6,1,0,0,25,0.72
3273,17,5,1,0,0,23,0.7391304347826086
3274,17,6,1,0,0,24,0.7083333333333334
3275,18,5,1,0,0,24,0.75
3276,17,5,1,0,0,23,0.7391304347826086
3277,18,5,1,0,0,24,0.75
3278,17,4,1,0,0,22,0.7727272727272727
3279,14,4,1,0,0,19,0.7368421052631579
3280,16,6,2,0,0,24,0.6666666666666666
3281,13,6,2,0,0,21,0.6190476190476191
3282,16,5,2,0,0,23,0.6956521739130435
3283,16,5,2,0,0,23,0.6956521739130435
3284,18,5,1,0,0,24,0.75
3285,15,5,1,0,0,21,0.7142857142857143
3286,15,5,1,0,0,21,0.7142857142857143
3287,17,4,1,0,0,22,0.7727272727272727
3288,15,5,1,0,0,21,0.7142857142857143
3289,17,4,1,0,0,22,0.7727272727272727
3290,14,4,1,0,0,19,0.7368421052631579
3291,16,6,1,0,0,23,0.6956521739130435
3292,17,4,2,0,0,23,0.7391304347826086
3293,16,6,2,0,0,24,0.6666666666666666
3294,17,5,2,0,0,24,0.7083333333333334
3295,14,4,2,0,0,20,0.7
3296,14,5,1,0,0,20,0.7
3297,13,5,2,0,0,20,0.65
3298,15,4,1,0,0,20,0.75
3299,15,5,2,0,0,22,0.6818181818181818
3300,16,6,2,0,0,24,0.6666666666666666
3301,13,4,2,0,0,19,0.6842105263157895
3302,15,5,2,0,0,22,0.6818181818181818
3303,12,6,2,0,0,20,0.6
3304,14,5,1,0,0,20,0.7
3305,16,5,1,0,0,22,0.7272727272727273
3306,15,5,1,0,0,21,0.7142857142857143
3307,12,5,1,0,0,18,0.6666666666666666
3308,16,6,1,0,0,23,0.6956521739130435
3309,11,5,1,0,0,17,0.6470588235294118
3310,13,6,1,0,0,20,0.65
3311,15,4,1,0,0,20,0.75
3312,15,4,1,0,0,20,0.75
3313,17,5,2,0,0,24,0.7083333333333334
3314,16,7,1,0,0,24,0.6666666666666666
3315,15,5,1,0,0,21,0.7142857142857143
3316,15,4,2,0,0,21,0.7142857142857143
3317,15,5,1,0,0,21,0.7142857142857143
3318,14,5,2,0,0,21,0.6666666666666666
3319,14,5,1,0,0,20,0.7
3320,14,5,1,0,0,20,0.7
3321,15,5,1,0,0,21,0.7142857142857143
3322,15,4,2,0,0,21,0.7142857142857143
3323,15,4,1,0,0,20,0.75
3324,15,5,1,0,0,21,0.7142857142857143
3325,16,5,1,0,0,22,0.7272727272727273
3326,16,5,2,0,0,23,0.6956521739130435
3327,17,5,2,0,0,24,0.7083333333333334
3328,15,5,2,0,0,22,0.6818181818181818
3329,15,4,2,0,0,21,0.7142857142857143
3330,17,5,2,0,0,24,0.7083333333333334
3331,15,7,1,0,0,23,0.6521739130434783
3332,18,5,1,0,0,24,0.75
3333,12,5,1,0,0,18,0.6666666666666666
3334,16,7,1,0,0,24,0.6666666666666666
3335,15,6,1,0,0,22,0.6818181818181818
3336,18,5,1,0,0,24,0.75
3337,16,5,1,0,0,22,0.7272727272727273
3338,17,6,1,0,0,24,0.7083333333333334
3339,16,6,1,0,0,23,0.6956521739130435
3340,15,6,1,0,0,22,0.6818181818181818
3341,15,6,1,0,0,22,0.6818181818181818
3342,15,5,1,0,0,21,0.7142857142857143
3343,15,6,1,0,0,22,0.6818181818181818
3344,14,5,1,0,0,20,0.7
3345,16,6,1,0,0,23,0.6956521739130435
3346,13,6,1,0,0,20,0.65
3347,16,6,1,0,0,23,0.6956521739130435
3348,15,7,1,0,0,23,0.6521739130434783
3349,17,6,1,0,0,24,0.7083333333333334
3350,15,6,1,0,0,22,0.6818181818181818
3351,13,5,1,0,0,19,0.6842105263157895
3352,16,6,1,0,0,23,0.6956521739130435
3353,16,5,1,0,0,22,0.7272727272727273
3354,13,6,1,0,0,20,0.65
3355,14,6,1,0,0,21,0.6666666666666666
3356,14,5,1,0,0,20,0.7
3357,15,5,1,0,0,21,0.7142857142857143
3358,16,5,1,0,0,22,0.7272727272727273
3359,16,6,1,0,0,23,0.6956521739130435
3360,15,6,1,0,0,22,0.6818181818181818
3361,14,7,1,0,0,22,0.6363636363636364
3362,14,5,1,0,0,20,0.7
3363,16,6,1,0,0,23,0.6956521739130435
3364,16,4,1,0,0,21,0.7619047619047619
3365,15,5,1,0,0,21,0.7142857142857143
3366,16,6,1,0,0,23,0.6956521739130435
3367,15,6,1,0,0,22,0.6818181818181818
3368,16,5,1,0,0,22,0.7272727272727273
3369,17,6,1,0,0,24,0.7083333333333334
3370,15,6,1,0,0,22,0.6818181818181818
3371,16,6,1,0,0,23,0.6956521739130435
3372,16,5,1,0,0,22,0.7272727272727273
3373,15,5,1,0,0,21,0.7142857142857143
3374,14,6,1,0,0,21,0.6666666666666666
3375,16,5,1,0,0,22,0.7272727272727273
3376,14,5,1,0,0,20,0.7
3377,16,5,1,0,0,22,0.7272727272727273
3378,12,6,1,0,0,19,0.631578947368421
3379,16,6,1,0,0,23,0.6956521739130435
3380,16,5,1,0,0,22,0.7272727272727273
3381,17,5,1,0,0,23,0.7391304347826086
3382,18,5,1,0,0,24,0.75
3383,16,6,2,0,0,24,0.6666666666666666
3384,14,5,2,0,0,21,0.6666666666666666
3385,16,6,1,0,0,23,0.6956521739130435
3386,12,7,1,0,0,20,0.6
3387,18,5,1,0,0,24,0.75
3388,16,5,1,0,0,22,0.7272727272727273
3389,18,6,1,0,0,25,0.72
3390,16,6,1,0,0,23,0.6956521739130435
3391,15,5,2,0,0,22,0.6818181818181818
3392,16,6,1,0,0,23,0.6956521739130435
3393,13,6,2,0,0,21,0.6190476190476191
3394,14,6,2,0,0,22,0.6363636363636364
3395,14,5,1,0,0,20,0.7
3396,15,7,1,0,0,23,0.6521739130434783
3397,17,5,1,0,0,23,0.7391304347826086
3398,14,6,1,0,0,21,0.6666666666666666
3399,16,6,1,0,0,23,0.6956521739130435
3400,14,6,1,0,0,21,0.6666666666666666
3401,13,5,1,0,0,19,0.6842105263157895
3402,16,5,1,0,0,22,0.7272727272727273
3403,13,6,1,0,0,20,0.65
3404,15,5,1,0,0,21,0.7142857142857143
3405,13,5,1,0,0,19,0.6842105263157895
3406,16,5,1,0,0,22,0.7272727272727273
3407,16,5,1,0,0,22,0.7272727272727273
3408,18,5,1,0,0,24,0.75
3409,15,5,1,0,0,21,0.7142857142857143
3410,13,6,1,0,0,20,0.65
3411,14,5,1,0,0,20,0.7
3412,14,6,1,0,0,21,0.6666666666666666
3413,15,6,1,0,0,22,0.6818181818181818
3414,13,6,1,0,0,20,0.65
3415,15,6,1,0,0,22,0.6818181818181818
3416,15,5,1,0,0,21,0.7142857142857143
3417,15,6,2,0,0,23,0.6521739130434783
3418,14,4,1,0,0,19,0.7368421052631579
3419,18,6,2,0,0,26,0.6923076923076923
3420,17,3,1,0,0,21,0.8095238095238095
3421,16,5,1,0,0,22,0.7272727272727273
3422,16,6,1,0,0,23,0.6956521739130435
3423,13,6,1,0,0,20,0.65
3424,16,5,2,0,0,23,0.6956521739130435
3425,15,5,1,0,0,21,0.7142857142857143
3426,16,5,1,0,0,22,0.7272727272727273
3427,15,6,2,0,0,23,0.6521739130434783
3428,17,6,1,0,0,24,0.7083333333333334
3429,15,5,2,0,0,22,0.6818181818181818
3430,16,5,1,0,0,22,0.7272727272727273
3431,15,5,1,0,0,21,0.7142857142857143
3432,15,5,1,0,0,21,0.7142857142857143
3433,16,5,1,0,0,22,0.7272727272727273
3434,18,6,1,0,0,25,0.72
3435,15,6,1,0,0,22,0.6818181818181818
3436,14,6,1,0,0,21,0.6666666666666666
3437,18,5,1,0,0,24,0.75
3438,18,6,1,0,0,25,0.72
3439,16,5,1,0,0,22,0.7272727272727273
3440,17,6,1,0,0,24,0.7083333333333334
3441,14,5,1,0,0,20,0.7
3442,16,7,1,0,0,24,0.6666666666666666
3443,17,6,1,0,0,24,0.7083333333333334
3444,16,5,1,0,0,22,0.7272727272727273
3445,14,6,2,0,0,22,0.6363636363636364
3446,18,4,1,0,0,23,0.782608695652174
3447,15,6,1,0,0,22,0.6818181818181818
3448,16,5,2,0,0,23,0.6956521739130435
3449,16,6,2,0,0,24,0.6666666666666666
3450,16,5,1,0,0,22,0.7272727272727273
3451,15,6,1,0,0,22,0.6818181818181818
3452,17,5,2,0,0,24,0.7083333333333334
3453,16,5,1,0,0,22,0.7272727272727273
3454,16,5,1,0,0,22,0.7272727272727273
3455,13,6,1,0,0,20,0.65
3456,17,6,1,0,0,24,0.7083333333333334
3457,14,5,1,0,0,20,0.7
3458,16,5,1,0,0,22,0.7272727272727273
3459,16,4,1,0,0,21,0.7619047619047619
3460,17,5,2,0,0,24,0.7083333333333334
3461,17,5,1,0,0,23,0.7391304347826086
3462,16,5,1,0,0,22,0.7272727272727273
3463,15,5,1,0,0,21,0.7142857142857143
3464,15,6,1,0,0,22,0.6818181818181818
3465,17,5,2,0,0,24,0.7083333333333334
3466,18,6,1,0,0,25,0.72
3467,16,6,1,0,0,23,0.6956521739130435
3468,15,6,1,0,0,22,0.6818181818181818
3469,17,6,1,0,0,24,0.7083333333333334
3470,18,5,1,0,0,24,0.75
3471,17,6,2,0,0,25,0.68
3472,17,4,1,0,0,22,0.7727272727272727
3473,15,5,2,0,0,22,0.6818181818181818
3474,16,5,1,0,0,22,0.7272727272727273
3475,14,5,1,0,0,20,0.7
3476,15,6,1,0,0,22,0.6818181818181818
3477,13,5,2,0,0,20,0.65
3478,15,6,1,0,0,22,0.6818181818181818
3479,13,6,1,0,0,20,0.65
3480,15,5,1,0,0,21,0.7142857142857143
3481,16,5,1,0,0,22,0.7272727272727273
3482,16,5,1,0,0,22,0.7272727272727273
3483,13,6,1,0,0,20,0.65
3484,15,5,2,0,0,22,0.6818181818181818
3485,15,5,1,0,0,21,0.7142857142857143
3486,16,6,1,0,0,23,0.6956521739130435
3487,13,4,1,0,0,18,0.7222222222222222
3488,15,6,1,0,0,22,0.6818181818181818
3489,14,5,1,0,0,20,0.7
3490,16,6,1,0,0,23,0.6956521739130435
3491,18,6,2,0,0,26,0.6923076923076923
3492,17,5,2,0,0,24,0.7083333333333334
3493,15,6,1,0,0,22,0.6818181818181818
3494,14,5,1,0,0,20,0.7
3495,16,6,1,0,0,23,0.6956521739130435
3496,13,4,2,0,0,19,0.6842105263157895
3497,12,5,2,0,0,19,0.631578947368421
3498,15,6,1,0,0,22,0.6818181818181818
3499,16,5,1,0,0,22,0.7272727272727273
3500,16,6,1,0,0,23,0.6956521739130435
3501,15,5,1,0,0,21,0.7142857142857143
3502,16,5,1,0,0,22,0.7272727272727273
3503,14,5,2,0,0,21,0.6666666666666666
3504,17,6,2,0,0,25,0.68
3505,17,5,2,0,0,24,0.7083333333333334
3506,14,5,1,0,0,20,0.7
3507,12,5,1,0,0,18,0.6666666666666666
3508,16,5,1,0,0,22,0.7272727272727273
3509,15,5,1,0,0,21,0.7142857142857143
3510,14,5,1,0,0,20,0.7
3511,15,4,1,0,0,20,0.75
3512,17,5,2,0,0,24,0.7083333333333334
3513,16,5,2,0,0,23,0.6956521739130435
3514,16,5,2,0,0,23,0.6956521739130435
3515,16,5,2,0,0,23,0.6956521739130435
3516,16,6,1,0,0,23,0.6956521739130435
3517,14,5,2,0,0,21,0.6666666666666666
3518,13,6,1,0,0,20,0.65
3519,15,5,1,0,0,21,0.7142857142857143
3520,14,5,2,0,0,21,0.6666666666666666
3521,13,4,1,0,0,18,0.7222222222222222
3522,14,4,1,0,0,19,0.7368421052631579
3523,15,5,1,0,0,21,0.7142857142857143
3524,15,4,2,0,0,21,0.7142857142857143
3525,16,6,1,0,0,23,0.6956521739130435
3526,13,4,1,0,0,18,0.7222222222222222
3527,15,6,1,0,0,22,0.6818181818181818
3528,17,5,1,0,0,23,0.7391304347826086
3529,11,5,1,0,0,17,0.6470588235294118
3530,15,4,2,0,0,21,0.7142857142857143
3531,14,4,1,0,0,19,0.7368421052631579
3532,17,4,1,0,0,22,0.7727272727272727
3533,15,5,2,0,0,22,0.6818181818181818
3534,14,5,2,0,0,21,0.6666666666666666
3535,16,5,1,0,0,22,0.7272727272727273
3536,14,4,1,0,0,19,0.7368421052631579
3537,16,6,1,0,0,23,0.6956521739130435
3538,15,5,1,0,0,21,0.7142857142857143
3539,14,5,2,0,0,21,0.6666666666666666
3540,14,5,2,0,0,21,0.6666666666666666
3541,16,5,1,0,0,22,0.7272727272727273
3542,16,5,1,0,0,22,0.7272727272727273
3543,16,5,1,0,0,22,0.7272727272727273
3544,15,6,1,0,0,22,0.6818181818181818
3545,17,5,1,0,0,23,0.7391304347826086
3546,16,5,1,0,0,22,0.7272727272727273
3547,14,4,2,0,0,20,0.7
3548,14,5,1,0,0,20,0.7
3549,15,5,1,0,0,21,0.7142857142857143
3550,15,5,2,0,0,22,0.6818181818181818
3551,15,5,2,0,0,22,0.6818181818181818
3552,15,5,2,0,0,22,0.6818181818181818
3553,13,4,1,0,0,18,0.7222222222222222
3554,14,5,1,0,0,20,0.7
3555,17,5,2,0,0,24,0.7083333333333334
3556,16,6,1,0,0,23,0.6956521739130435
3557,16,6,1,0,0,23,0.6956521739130435
3558,16,5,1,0,0,22,0.7272727272727273
3559,16,4,1,0,0,21,0.7619047619047619
3560,17,4,1,0,0,22,0.7727272727272727
3561,16,4,1,0,0,21,0.7619047619047619
3562,15,4,2,0,0,21,0.7142857142857143
3563,18,5,2,0,0,25,0.72
3564,13,5,1,0,0,19,0.6842105263157895
3565,17,5,2,0,0,24,0.7083333333333334
3566,16,6,1,0,0,23,0.6956521739130435
3567,16,5,2,0,0,23,0.6956521739130435
3568,14,7,1,0,0,22,0.6363636363636364
3569,15,6,1,0,0,22,0.6818181818181818
3570,14,6,1,0,0,21,0.6666666666666666
3571,15,6,1,0,0,22,0.6818181818181818
3572,16,5,2,0,0,23,0.6956521739130435
3573,16,6,2,0,0,24,0.6666666666666666
3574,14,5,1,0,0,20,0.7
3575,16,5,1,0,0,22,0.7272727272727273
3576,14,5,2,0,0,21,0.6666666666666666
3577,14,5,1,0,0,20,0.7
3578,16,5,1,0,0,22,0.7272727272727273
3579,16,5,2,0,0,23,0.6956521739130435
3580,15,5,1,0,0,21,0.7142857142857143
3581,16,4,1,0,0,21,0.7619047619047619
3582,17,4,1,0,0,22,0.7727272727272727
3583,16,5,1,0,0,22,0.7272727272727273
3584,18,5,1,0,0,24,0.75
3585,16,5,1,0,0,22,0.7272727272727273
3586,17,5,2,0,0,24,0.7083333333333334
3587,17,4,1,0,0,22,0.7727272727272727
3588,17,5,1,0,0,23,0.7391304347826086
3589,18,5,1,0,0,24,0.75
3590,17,5,1,0,0,23,0.7391304347826086
3591,16,4,1,0,0,21,0.7619047619047619
3592,17,4,1,0,0,22,0.7727272727272727
3593,14,5,2,0,0,21,0.6666666666666666
3594,15,4,2,0,0,21,0.7142857142857143
3595,14,4,2,0,0,20,0.7
3596,16,5,2,0,0,23,0.6956521739130435
3597,17,5,2,0,0,24,0.7083333333333334
3598,16,6,1,0,0,23,0.6956521739130435
3599,17,6,2,0,0,25,0.68
3600,18,5,2,0,0,25,0.72
3601,18,5,2,0,0,25,0.72
3602,16,5,2,0,0,23,0.6956521739130435
3603,16,4,2,0,0,22,0.7272727272727273
3604,15,5,1,0,0,21,0.7142857142857143
3605,16,6,1,0,0,23,0.6956521739130435
3606,15,5,2,0,0,22,0.6818181818181818
3607,15,4,2,0,0,21,0.7142857142857143
3608,14,6,2,0,0,22,0.6363636363636364
3609,18,5,1,0,0,24,0.75
3610,17,5,1,0,0,23,0.7391304347826086
3611,15,5,2,0,0,22,0.6818181818181818
3612,15,4,1,0,0,20,0.75
3613,13,5,1,0,0,19,0.6842105263157895
3614,16,5,2,0,0,23,0.6956521739130435
3615,17,5,1,0,0,23,0.7391304347826086
3616,15,5,1,0,0,21,0.7142857142857143
3617,16,5,2,0,0,23,0.6956521739130435
3618,16,5,2,0,0,23,0.6956521739130435
3619,18,5,1,0,0,24,0.75
3620,16,5,2,0,0,23,0.6956521739130435
3621,17,5,1,0,0,23,0.7391304347826086
3622,16,6,1,0,0,23,0.6956521739130435
3623,14,4,1,0,0,19,0.7368421052631579
3624,18,5,2,0,0,25,0.72
3625,13,6,1,0,0,20,0.65
3626,18,5,1,0,0,24,0.75
3627,17,5,2,0,0,24,0.7083333333333334
3628,17,5,1,0,0,23,0.7391304347826086
3629,14,5,1,0,0,20,0.7
3630,17,5,2,0,0,24,0.7083333333333334
3631,19,5,2,0,0,26,0.7307692307692307
3632,17,6,1,0,0,24,0.7083333333333334
3633,17,5,1,0,0,23,0.7391304347826086
3634,17,5,2,0,0,24,0.7083333333333334
3635,16,5,1,0,0,22,0.7272727272727273
3636,17,5,1,0,0,23,0.7391304347826086
3637,14,5,2,0,0,21,0.6666666666666666
3638,17,5,2,0,0,24,0.7083333333333334
3639,17,5,2,0,0,24,0.7083333333333334
3640,15,6,2,0,0,23,0.6521739130434783
3641,15,5,2,0,0,22,0.6818181818181818
3642,18,5,2,0,0,25,0.72
3643,18,4,2,0,0,24,0.75
3644,17,5,1,0,0,23,0.7391304347826086
3645,16,5,1,0,0,22,0.7272727272727273
3646,16,5,1,0,0,22,0.7272727272727273
3647,16,4,2,0,0,22,0.7272727272727273
3648,16,5,1,0,0,22,0.7272727272727273
3649,15,5,1,0,0,21,0.7142857142857143
3650,17,5,1,0,0,23,0.7391304347826086
3651,15,5,2,0,0,22,0.6818181818181818
3652,15,5,1,0,0,21,0.7142857142857143
3653,15,5,1,0,0,21,0.7142857142857143
3654,16,5,1,0,0,22,0.7272727272727273
3655,16,4,1,0,0,21,0.7619047619047619
3656,14,5,2,0,0,21,0.6666666666666666
3657,16,5,1,0,0,22,0.7272727272727273
3658,15,6,2,0,0,23,0.6521739130434783
3659,16,4,1,0,0,21,0.7619047619047619
3660,15,5,2,0,0,22,0.6818181818181818
3661,15,5,2,0,0,22,0.6818181818181818
3662,16,5,1,0,0,22,0.7272727272727273
3663,16,4,1,0,0,21,0.7619047619047619
3664,18,5,1,0,0,24,0.75
3665,16,4,1,0,0,21,0.7619047619047619
3666,17,5,1,0,0,23,0.7391304347826086
3667,15,5,2,0,0,22,0.6818181818181818
3668,17,6,1,0,0,24,0.7083333333333334
3669,15,5,2,0,0,22,0.6818181818181818
3670,17,5,2,0,0,24,0.7083333333333334
3671,17,5,1,0,0,23,0.7391304347826086
3672,14,6,1,0,0,21,0.6666666666666666
3673,15,5,1,0,0,21,0.7142857142857143
3674,15,4,1,0,0,20,0.75
3675,17,5,2,0,0,24,0.7083333333333334
3676,16,5,2,0,0,23,0.6956521739130435
3677,17,5,1,0,0,23,0.7391304347826086
3678,16,5,2,0,0,23,0.6956521739130435
3679,16,4,2,0,0,22,0.7272727272727273
3680,18,6,1,0,0,25,0.72
3681,17,5,1,0,0,23,0.7391304347826086
3682,16,6,1,0,0,23,0.6956521739130435
3683,16,5,2,0,0,23,0.6956521739130435
3684,17,5,2,0,0,24,0.7083333333333334
3685,15,6,2,0,0,23,0.6521739130434783
3686,16,4,1,0,0,21,0.7619047619047619
3687,17,5,2,0,0,24,0.7083333333333334
3688,16,4,2,0,0,22,0.7272727272727273
3689,14,6,2,0,0,22,0.6363636363636364
3690,16,5,1,0,0,22,0.7272727272727273
3691,16,5,2,0,0,23,0.6956521739130435
3692,15,5,2,0,0,22,0.6818181818181818
3693,16,5,2,0,0,23,0.6956521739130435
3694,17,6,2,0,0,25,0.68
3695,16,6,1,0,0,23,0.6956521739130435
3696,17,5,2,0,0,24,0.7083333333333334
3697,16,6,2,0,0,24,0.6666666666666666
3698,17,6,1,0,0,24,0.7083333333333334
3699,16,5,2,0,0,23,0.6956521739130435
3700,16,5,2,0,0,23,0.6956521739130435
3701,18,6,2,0,0,26,0.6923076923076923
3702,17,5,2,0,0,24,0.7083333333333334
3703,15,5,2,0,0,22,0.6818181818181818
3704,16,6,1,0,0,23,0.6956521739130435
3705,15,4,2,0,0,21,0.7142857142857143
3706,13,4,2,0,0,19,0.6842105263157895
3707,15,5,2,0,0,22,0.6818181818181818
3708,13,4,2,0,0,19,0.6842105263157895
3709,16,6,2,0,0,24,0.6666666666666666
3710,16,6,2,0,0,24,0.6666666666666666
3711,16,6,2,0,0,24,0.6666666666666666
3712,15,5,1,0,0,21,0.7142857142857143
3713,16,4,2,0,0,22,0.7272727272727273
3714,15,5,2,0,0,22,0.6818181818181818
3715,18,5,2,0,0,25,0.72
3716,16,5,1,0,0,22,0.7272727272727273
3717,15,4,2,0,0,21,0.7142857142857143
3718,16,6,1,0,0,23,0.6956521739130435
3719,17,5,2,0,0,24,0.7083333333333334
3720,15,4,2,0,0,21,0.7142857142857143
3721,16,5,2,0,0,23,0.6956521739130435
3722,17,5,2,0,0,24,0.7083333333333334
3723,14,5,1,0,0,20,0.7
3724,15,3,2,0,0,20,0.75
3725,16,5,2,0,0,23,0.6956521739130435
3726,15,5,2,0,0,22,0.6818181818181818
3727,16,5,2,0,0,23,0.6956521739130435
3728,15,5,2,0,0,22,0.6818181818181818
3729,15,5,2,0,0,22,0.6818181818181818
3730,15,5,1,0,0,21,0.7142857142857143
3731,13,5,1,0,0,19,0.6842105263157895
3732,16,5,2,0,0,23,0.6956521739130435
3733,17,5,2,0,0,24,0.7083333333333334
3734,16,5,2,0,0,23,0.6956521739130435
3735,16,6,1,0,0,23,0.6956521739130435
3736,14,5,2,0,0,21,0.6666666666666666
3737,16,5,2,0,0,23,0.6956521739130435
3738,16,5,2,0,0,23,0.6956521739130435
3739,16,6,2,0,0,24,0.6666666666666666
3740,14,5,2,0,0,21,0.6666666666666666
3741,15,6,2,0,0,23,0.6521739130434783
3742,15,4,2,0,0,21,0.7142857142857143
3743,14,5,1,0,0,20,0.7
3744,14,4,2,0,0,20,0.7
3745,15,5,1,0,0,21,0.7142857142857143
3746,14,6,1,0,0,21,0.6666666666666666
3747,14,4,1,0,0,19,0.7368421052631579
3748,14,4,1,0,0,19,0.7368421052631579
3749,14,5,1,0,0,20,0.7
3750,14,6,1,0,0,21,0.6666666666666666
3751,12,4,1,0,0,17,0.7058823529411765
3752,14,4,1,0,0,19,0.7368421052631579
3753,16,4,2,0,0,22,0.7272727272727273
3754,16,5,2,0,0,23,0.6956521739130435
3755,16,5,1,0,0,22,0.7272727272727273
3756,17,5,1,0,0,23,0.7391304347826086
3757,15,5,2,0,0,22,0.6818181818181818
3758,15,5,2,0,0,22,0.6818181818181818
3759,17,5,1,0,0,23,0.7391304347826086
3760,15,5,1,0,0,21,0.7142857142857143
3761,17,5,2,0,0,24,0.7083333333333334
3762,14,6,1,0,0,21,0.6666666666666666
3763,17,6,2,0,0,25,0.68
3764,16,6,2,0,0,24,0.6666666666666666
3765,16,5,1,0,0,22,0.7272727272727273
3766,19,5,1,0,0,25,0.76
3767,16,5,2,0,0,23,0.6956521739130435
3768,16,6,2,0,0,24,0.6666666666666666
3769,16,5,2,0,0,23,0.6956521739130435
3770,16,5,2,0,0,23,0.6956521739130435
3771,15,5,1,0,0,21,0.7142857142857143
3772,15,4,2,0,0,21,0.7142857142857143
3773,17,5,2,0,0,24,0.7083333333333334
3774,15,5,2,0,0,22,0.6818181818181818
3775,16,6,2,0,0,24,0.6666666666666666
3776,18,5,2,0,0,25,0.72
3777,16,4,1,0,0,21,0.7619047619047619
3778,16,4,2,0,0,22,0.7272727272727273
3779,16,5,2,0,0,23,0.6956521739130435
3780,17,5,2,0,0,24,0.7083333333333334
3781,17,5,2,0,0,24,0.7083333333333334
3782,17,6,2,0,0,25,0.68
3783,13,5,2,0,0,20,0.65
3784,15,4,2,0,0,21,0.7142857142857143
3785,15,4,2,0,0,21,0.7142857142857143
3786,15,5,1,0,0,21,0.7142857142857143
3787,15,4,2,0,0,21,0.7142857142857143
3788,16,5,2,0,0,23,0.6956521739130435
3789,13,5,2,0,0,20,0.65
3790,15,5,2,0,0,22,0.6818181818181818
3791,15,5,2,0,0,22,0.6818181818181818
3792,18,7,2,0,0,27,0.6666666666666666
3793,18,5,1,0,0,24,0.75
3794,15,5,2,0,0,22,0.6818181818181818
3795,16,6,2,0,0,24,0.6666666666666666
3796,17,6,2,0,0,25,0.68
3797,18,6,2,0,0,26,0.6923076923076923
3798,16,6,2,0,0,24,0.6666666666666666
3799,17,5,1,0,0,23,0.7391304347826086
3800,17,5,2,0,0,24,0.7083333333333334
3801,17,4,2,0,0,23,0.7391304347826086
3802,18,5,2,0,0,25,0.72
3803,15,6,1,0,0,22,0.6818181818181818
3804,14,6,2,0,0,22,0.6363636363636364
3805,14,4,2,0,0,20,0.7
3806,18,6,2,0,0,26,0.6923076923076923
3807,14,5,2,0,0,21,0.6666666666666666
3808,15,5,1,0,0,21,0.7142857142857143
3809,14,5,1,0,0,20,0.7
3810,15,5,1,0,0,21,0.7142857142857143
3811,16,6,1,0,0,23,0.6956521739130435
3812,14,5,1,0,0,20,0.7
3813,14,6,1,0,0,21,0.6666666666666666
3814,17,7,1,0,0,25,0.68
3815,17,6,1,0,0,24,0.7083333333333334
3816,14,6,1,0,0,21,0.6666666666666666
3817,19,6,1,0,0,26,0.7307692307692307
3818,18,5,2,0,0,25,0.72
3819,17,6,2,0,0,25,0.68
3820,14,5,2,0,0,21,0.6666666666666666
3821,15,5,1,0,0,21,0.7142857142857143
3822,17,6,2,0,0,25,0.68
3823,18,5,1,0,0,24,0.75
3824,14,5,2,0,0,21,0.6666666666666666
3825,15,6,2,0,0,23,0.6521739130434783
3826,16,5,1,0,0,22,0.7272727272727273
3827,16,5,1,0,0,22,0.7272727272727273
3828,17,5,2,0,0,24,0.7083333333333334
3829,17,5,1,0,0,23,0.7391304347826086
3830,16,3,2,0,0,21,0.7619047619047619
3831,17,5,2,0,0,24,0.7083333333333334
3832,18,6,1,0,0,25,0.72
3833,18,6,2,0,0,26,0.6923076923076923
3834,18,5,1,0,0,24,0.75
3835,12,5,1,0,0,18,0.6666666666666666
3836,14,5,1,0,0,20,0.7
3837,17,5,2,0,0,24,0.7083333333333334
3838,17,4,2,0,0,23,0.7391304347826086
3839,18,7,1,0,0,26,0.6923076923076923
3840,15,5,2,0,0,22,0.6818181818181818
3841,18,5,1,0,0,24,0.75
3842,16,5,2,0,0,23,0.6956521739130435
3843,17,7,1,0,0,25,0.68
3844,14,5,1,0,0,20,0.7
3845,16,6,1,0,0,23,0.6956521739130435
3846,15,5,1,0,0,21,0.7142857142857143
3847,14,5,1,0,0,20,0.7
3848,14,6,2,0,0,22,0.6363636363636364
3849,17,5,1,0,0,23,0.7391304347826086
3850,16,6,2,0,0,24,0.6666666666666666
3851,15,4,1,0,0,20,0.75
3852,14,6,2,0,0,22,0.6363636363636364
3853,18,5,2,0,0,25,0.72
3854,17,5,2,0,0,24,0.7083333333333334
3855,17,6,1,0,0,24,0.7083333333333334
3856,16,5,1,0,0,22,0.7272727272727273
3857,13,6,1,0,0,20,0.65
3858,15,6,1,0,0,22,0.6818181818181818
3859,12,6,1,0,0,19,0.631578947368421
3860,16,6,1,0,0,23,0.6956521739130435
3861,14,5,2,0,0,21,0.6666666666666666
3862,14,7,1,0,0,22,0.6363636363636364
3863,13,6,1,0,0,20,0.65
3864,15,5,1,0,0,21,0.7142857142857143
3865,15,6,1,0,0,22,0.6818181818181818
3866,14,5,1,0,0,20,0.7
3867,15,6,2,0,0,23,0.6521739130434783
3868,17,6,1,0,0,24,0.7083333333333334
3869,15,6,2,0,0,23,0.6521739130434783
3870,17,6,1,0,0,24,0.7083333333333334
3871,17,6,1,0,0,24,0.7083333333333334
3872,17,5,1,0,0,23,0.7391304347826086
3873,19,5,1,0,0,25,0.76
3874,16,5,2,0,0,23,0.6956521739130435
3875,16,5,2,0,0,23,0.6956521739130435
3876,17,5,2,0,0,24,0.7083333333333334
3877,17,5,2,0,0,24,0.7083333333333334
3878,16,5,1,0,0,22,0.7272727272727273
3879,16,6,1,0,0,23,0.6956521739130435
3880,16,6,1,0,0,23,0.6956521739130435
3881,16,5,1,0,0,22,0.7272727272727273
3882,15,6,1,0,0,22,0.6818181818181818
3883,15,6,1,0,0,22,0.6818181818181818
3884,12,5,1,0,0,18,0.6666666666666666
3885,17,5,1,0,0,23,0.7391304347826086
3886,15,5,1,0,0,21,0.7142857142857143
3887,17,5,1,0,0,23,0.7391304347826086
3888,15,5,1,0,0,21,0.7142857142857143
3889,17,5,2,0,0,24,0.7083333333333334
3890,17,5,1,0,0,23,0.7391304347826086
3891,15,5,1,0,0,21,0.7142857142857143
3892,13,5,1,0,0,19,0.6842105263157895
3893,14,4,1,0,0,19,0.7368421052631579
3894,16,5,1,0,0,22,0.7272727272727273
3895,15,5,1,0,0,21,0.7142857142857143
3896,16,5,1,0,0,22,0.7272727272727273
3897,15,5,2,0,0,22,0.6818181818181818
3898,14,5,1,0,0,20,0.7
3899,15,6,1,0,0,22,0.6818181818181818
3900,13,5,1,0,0,19,0.6842105263157895
3901,14,6,1,0,0,21,0.6666666666666666
3902,15,5,1,0,0,21,0.7142857142857143
3903,17,5,1,0,0,23,0.7391304347826086
3904,14,5,1,0,0,20,0.7
3905,16,4,1,0,0,21,0.7619047619047619
3906,16,5,1,0,0,22,0.7272727272727273
3907,18,5,1,0,0,24,0.75
3908,17,5,1,0,0,23,0.7391304347826086
3909,16,6,1,0,0,23,0.6956521739130435
3910,16,5,1,0,0,22,0.7272727272727273
3911,16,5,1,0,0,22,0.7272727272727273
3912,18,6,2,0,0,26,0.6923076923076923
3913,17,5,1,0,0,23,0.7391304347826086
3914,15,5,1,0,0,21,0.7142857142857143
3915,15,5,1,0,0,21,0.7142857142857143
3916,17,6,2,0,0,25,0.68
3917,17,5,2,0,0,24,0.7083333333333334
3918,14,5,1,0,0,20,0.7
3919,15,6,1,0,0,22,0.6818181818181818
3920,16,4,1,0,0,21,0.7619047619047619
3921,16,5,1,0,0,22,0.7272727272727273
3922,15,5,1,0,0,21,0.7142857142857143
3923,16,5,1,0,0,22,0.7272727272727273
3924,16,5,1,0,0,22,0.7272727272727273
3925,17,5,1,0,0,23,0.7391304347826086
3926,17,5,2,0,0,24,0.7083333333333334
3927,16,5,2,0,0,23,0.6956521739130435
3928,17,6,2,0,0,25,0.68
3929,16,5,2,0,0,23,0.6956521739130435
3930,14,5,1,0,0,20,0.7
3931,15,5,2,0,0,22,0.6818181818181818
3932,16,6,2,0,0,24,0.6666666666666666
3933,17,5,2,0,0,24,0.7083333333333334
3934,11,6,2,0,0,19,0.5789473684210527
3935,16,7,2,0,0,25,0.64
3936,15,5,2,0,0,22,0.6818181818181818
3937,15,6,2,0,0,23,0.6521739130434783
3938,14,5,2,0,0,21,0.6666666666666666
3939,16,5,1,0,0,22,0.7272727272727273
3940,16,6,2,0,0,24,0.6666666666666666
3941,17,6,2,0,0,25,0.68
3942,16,6,2,0,0,24,0.6666666666666666
3943,17,4,2,0,0,23,0.7391304347826086
3944,17,5,2,0,0,24,0.7083333333333334
3945,15,7,2,0,0,24,0.625
3946,15,5,2,0,0,22,0.6818181818181818
3947,14,4,2,0,0,20,0.7
3948,15,5,1,0,0,21,0.7142857142857143
3949,19,5,1,0,0,25,0.76
3950,15,6,2,0,0,23,0.6521739130434783
3951,16,5,2,0,0,23,0.6956521739130435
3952,17,4,2,0,0,23,0.7391304347826086
3953,16,5,2,0,0,23,0.6956521739130435
3954,16,5,1,0,0,22,0.7272727272727273
3955,17,4,1,0,0,22,0.7727272727272727
3956,14,5,1,0,0,20,0.7
3957,18,5,1,0,0,24,0.75
3958,14,5,1,0,0,20,0.7
3959,18,6,1,0,0,25,0.72
3960,16,5,1,0,0,22,0.7272727272727273
3961,17,5,1,0,0,23,0.7391304347826086
3962,16,5,2,0,0,23,0.6956521739130435
3963,18,5,2,0,0,25,0.72
3964,17,5,1,0,0,23,0.7391304347826086
3965,16,5,2,0,0,23,0.6956521739130435
3966,17,5,2,0,0,24,0.7083333333333334
3967,18,5,1,0,0,24,0.75
3968,17,5,2,0,0,24,0.7083333333333334
3969,16,5,2,0,0,23,0.6956521739130435
3970,16,5,2,0,0,23,0.6956521739130435
3971,20,5,2,0,0,27,0.7407407407407407
3972,14,5,1,0,0,20,0.7
3973,18,6,1,0,0,25,0.72
3974,16,5,1,0,0,22,0.7272727272727273
3975,14,5,2,0,0,21,0.6666666666666666
3976,14,5,1,0,0,20,0.7
3977,17,5,2,0,0,24,0.7083333333333334
3978,14,5,1,0,0,20,0.7
3979,15,6,1,0,0,22,0.6818181818181818
3980,18,5,1,0,0,24,0.75
3981,15,5,1,0,0,21,0.7142857142857143
3982,17,6,2,0,0,25,0.68
3983,15,5,1,0,0,21,0.7142857142857143
3984,15,6,1,0,0,22,0.6818181818181818
3985,17,5,2,0,0,24,0.7083333333333334
3986,16,5,2,0,0,23,0.6956521739130435
3987,17,6,2,0,0,25,0.68
3988,13,6,2,0,0,21,0.6190476190476191
3989,16,5,1,0,0,22,0.7272727272727273
3990,18,5,1,0,0,24,0.75
3991,18,5,2,0,0,25,0.72
3992,18,6,1,0,0,25,0.72
3993,16,5,1,0,0,22,0.7272727272727273
3994,18,6,1,0,0,25,0.72
3995,13,5,1,0,0,19,0.6842105263157895
3996,15,5,1,0,0,21,0.7142857142857143
3997,14,6,2,0,0,22,0.6363636363636364
3998,18,5,2,0,0,25,0.72
3999,16,5,1,0,0,22,0.7272727272727273
4000,15,6,1,0,0,22,0.6818181818181818
4001,16,5,1,0,0,22,0.7272727272727273
4002,16,4,1,0,0,21,0.7619047619047619
4003,15,6,1,0,0,22,0.6818181818181818
4004,15,6,1,0,0,22,0.6818181818181818
4005,14,4,1,0,0,19,0.7368421052631579
4006,13,6,1,0,0,20,0.65
4007,15,5,1,0,0,21,0.7142857142857143
4008,15,5,2,0,0,22,0.6818181818181818
4009,20,6,2,0,0,28,0.7142857142857143
4010,16,6,2,0,0,24,0.6666666666666666
4011,17,5,2,0,0,24,0.7083333333333334
4012,16,5,1,0,0,22,0.7272727272727273
4013,15,6,2,0,0,23,0.6521739130434783
4014,11,5,1,0,0,17,0.6470588235294118
4015,17,5,2,0,0,24,0.7083333333333334
4016,17,6,1,0,0,24,0.7083333333333334
4017,17,5,2,0,0,24,0.7083333333333334
4018,18,6,1,0,0,25,0.72
4019,13,6,1,0,0,20,0.65
4020,14,5,2,0,0,21,0.6666666666666666
4021,13,6,1,0,0,20,0.65
4022,17,4,2,0,0,23,0.7391304347826086
4023,12,5,2,0,0,19,0.631578947368421
4024,12,5,2,0,0,19,0.631578947368421
4025,17,5,1,0,0,23,0.7391304347826086
4026,19,5,2,0,0,26,0.7307692307692307
4027,16,6,2,0,0,24,0.6666666666666666
4028,15,5,1,0,0,21,0.7142857142857143
4029,17,5,1,0,0,23,0.7391304347826086
4030,17,5,1,0,0,23,0.7391304347826086
4031,15,5,2,0,0,22,0.6818181818181818
4032,17,5,1,0,0,23,0.7391304347826086
4033,17,5,2,0,0,24,0.7083333333333334
4034,17,6,2,0,0,25,0.68
4035,14,6,2,0,0,22,0.6363636363636364
4036,16,4,1,0,0,21,0.7619047619047619
4037,12,5,1,0,0,18,0.6666666666666666
4038,14,4,1,0,0,19,0.7368421052631579
4039,15,5,1,0,0,21,0.7142857142857143
4040,17,5,1,0,0,23,0.7391304347826086
4041,15,4,1,0,0,20,0.75
4042,13,6,1,0,0,20,0.65
4043,15,6,1,0,0,22,0.6818181818181818
4044,14,5,2,0,0,21,0.6666666666666666
4045,16,5,1,0,0,22,0.7272727272727273
4046,15,6,2,0,0,23,0.6521739130434783
4047,16,5,1,0,0,22,0.7272727272727273
4048,13,6,2,0,0,21,0.6190476190476191
4049,16,5,1,0,0,22,0.7272727272727273
4050,13,5,1,0,0,19,0.6842105263157895
4051,16,5,1,0,0,22,0.7272727272727273
4052,13,7,1,0,0,21,0.6190476190476191
4053,13,6,1,0,0,20,0.65
4054,13,6,1,0,0,20,0.65
4055,15,5,1,0,0,21,0.7142857142857143
4056,13,6,1,0,0,20,0.65
4057,16,5,1,0,0,22,0.7272727272727273
4058,14,6,1,0,0,21,0.6666666666666666
4059,15,5,1,0,0,21,0.7142857142857143
4060,15,5,2,0,0,22,0.6818181818181818
4061,16,6,2,0,0,24,0.6666666666666666
4062,15,5,1,0,0,21,0.7142857142857143
4063,15,6,1,0,0,22,0.6818181818181818
4064,13,4,1,0,0,18,0.7222222222222222
4065,15,4,1,0,0,20,0.75
4066,15,5,2,0,0,22,0.6818181818181818
4067,11,6,1,0,0,18,0.6111111111111112
4068,13,5,1,0,0,19,0.6842105263157895
4069,15,6,1,0,0,22,0.6818181818181818
4070,15,5,2,0,0,22,0.6818181818181818
4071,17,5,1,0,0,23,0.7391304347826086
4072,15,4,2,0,0,21,0.7142857142857143
4073,15,5,2,0,0,22,0.6818181818181818
4074,16,7,2,0,0,25,0.64
4075,16,5,1,0,0,22,0.7272727272727273
4076,15,5,1,0,0,21,0.7142857142857143
4077,16,5,2,0,0,23,0.6956521739130435
4078,16,5,1,0,0,22,0.7272727272727273
4079,13,6,2,0,0,21,0.6190476190476191
4080,15,4,2,0,0,21,0.7142857142857143
4081,15,5,2,0,0,22,0.6818181818181818
4082,12,6,1,0,0,19,0.631578947368421
4083,15,5,2,0,0,22,0.6818181818181818
4084,17,5,1,0,0,23,0.7391304347826086
4085,17,5,2,0,0,24,0.7083333333333334
4086,15,5,2,0,0,22,0.6818181818181818
4087,15,5,1,0,0,21,0.7142857142857143
4088,17,5,2,0,0,24,0.7083333333333334
4089,17,5,2,0,0,24,0.7083333333333334
4090,16,4,2,0,0,22,0.7272727272727273
4091,15,6,1,0,0,22,0.6818181818181818
4092,15,5,1,0,0,21,0.7142857142857143
4093,16,5,1,0,0,22,0.7272727272727273
4094,16,5,2,0,0,23,0.6956521739130435
4095,14,5,2,0,0,21,0.6666666666666666
4096,16,6,2,0,0,24,0.6666666666666666
4097,17,6,1,0,0,24,0.7083333333333334
4098,17,5,2,0,0,24,0.7083333333333334
4099,18,6,1,0,0,25,0.72
4100,15,5,1,0,0,21,0.7142857142857143
4101,16,6,1,0,0,23,0.6956521739130435
4102,15,6,1,0,0,22,0.6818181818181818
4103,17,5,1,0,0,23,0.7391304347826086
4104,18,6,2,0,0,26,0.6923076923076923
4105,14,5,2,0,0,21,0.6666666666666666
4106,17,5,2,0,0,24,0.7083333333333334
4107,15,5,1,0,0,21,0.7142857142857143
4108,15,5,2,0,0,22,0.6818181818181818
4109,14,5,1,0,0,20,0.7
4110,15,5,2,0,0,22,0.6818181818181818
4111,16,5,1,0,0,22,0.7272727272727273
4112,15,5,1,0,0,21,0.7142857142857143
4113,15,5,2,0,0,22,0.6818181818181818
4114,17,5,2,0,0,24,0.7083333333333334
4115,18,5,1,0,0,24,0.75
4116,17,4,1,0,0,22,0.7727272727272727
4117,16,5,1,0,0,22,0.7272727272727273
4118,14,5,1,0,0,20,0.7
4119,16,4,1,0,0,21,0.7619047619047619
4120,16,4,2,0,0,22,0.7272727272727273
4121,16,5,2,0,0,23,0.6956521739130435
4122,17,5,2,0,0,24,0.7083333333333334
4123,17,5,2,0,0,24,0.7083333333333334
4124,14,5,2,0,0,21,0.6666666666666666
4125,17,5,1,0,0,23,0.7391304347826086
4126,15,5,1,0,0,21,0.7142857142857143
4127,18,5,1,0,0,24,0.75
4128,17,5,1,0,0,23,0.7391304347826086
4129,15,6,2,0,0,23,0.6521739130434783
4130,15,4,1,0,0,20,0.75
4131,17,5,2,0,0,24,0.7083333333333334
4132,17,5,1,0,0,23,0.7391304347826086
4133,16,6,2,0,0,24,0.6666666666666666
4134,16,5,2,0,0,23,0.6956521739130435
4135,14,5,2,0,0,21,0.6666666666666666
4136,17,5,2,0,0,24,0.7083333333333334
4137,14,5,2,0,0,21,0.6666666666666666
4138,16,5,1,0,0,22,0.7272727272727273
4139,15,6,1,0,0,22,0.6818181818181818
4140,13,6,1,0,0,20,0.65
4141,13,6,1,0,0,20,0.65
4142,16,6,2,0,0,24,0.6666666666666666
4143,16,5,1,0,0,22,0.7272727272727273
4144,16,5,1,0,0,22,0.7272727272727273
4145,17,4,1,0,0,22,0.7727272727272727
4146,16,5,1,0,0,22,0.7272727272727273
4147,16,6,1,0,0,23,0.6956521739130435
4148,17,6,1,0,0,24,0.7083333333333334
4149,17,6,2,0,0,25,0.68
4150,14,5,2,0,0,21,0.6666666666666666
4151,15,6,1,0,0,22,0.6818181818181818
4152,12,6,1,0,0,19,0.631578947368421
4153,14,6,1,0,0,21,0.6666666666666666
4154,14,6,1,0,0,21,0.6666666666666666
4155,13,6,1,0,0,20,0.65
4156,13,6,1,0,0,20,0.65
4157,14,6,1,0,0,21,0.6666666666666666
4158,15,6,1,0,0,22,0.6818181818181818
4159,15,6,1,0,0,22,0.6818181818181818
4160,12,6,1,0,0,19,0.631578947368421
4161,16,6,1,0,0,23,0.6956521739130435
4162,15,5,1,0,0,21,0.7142857142857143
4163,15,4,1,0,0,20,0.75
4164,14,5,1,0,0,20,0.7
4165,14,6,1,0,0,21,0.6666666666666666
4166,16,5,2,0,0,23,0.6956521739130435
4167,14,6,1,0,0,21,0.6666666666666666
4168,15,5,1,0,0,21,0.7142857142857143
4169,19,6,1,0,0,26,0.7307692307692307
4170,17,6,1,0,0,24,0.7083333333333334
4171,18,5,2,0,0,25,0.72
4172,17,5,1,0,0,23,0.7391304347826086
4173,17,5,2,0,0,24,0.7083333333333334
4174,16,5,2,0,0,23,0.6956521739130435
4175,17,5,1,0,0,23,0.7391304347826086
4176,15,5,1,0,0,21,0.7142857142857143
4177,16,6,1,0,0,23,0.6956521739130435
4178,17,5,1,0,0,23,0.7391304347826086
4179,15,5,1,0,0,21,0.7142857142857143
4180,18,6,2,0,0,26,0.6923076923076923
4181,16,5,1,0,0,22,0.7272727272727273
4182,16,5,1,0,0,22,0.7272727272727273
4183,15,6,1,0,0,22,0.6818181818181818
4184,17,6,2,0,0,25,0.68
4185,15,5,1,0,0,21,0.7142857142857143
4186,15,6,1,0,0,22,0.6818181818181818
4187,16,5,1,0,0,22,0.7272727272727273
4188,15,5,1,0,0,21,0.7142857142857143
4189,16,5,2,0,0,23,0.6956521739130435
4190,16,5,1,0,0,22,0.7272727272727273
4191,16,5,1,0,0,22,0.7272727272727273
4192,17,5,2,0,0,24,0.7083333333333334
4193,14,5,1,0,0,20,0.7
4194,16,5,1,0,0,22,0.7272727272727273
4195,17,5,1,0,0,23,0.7391304347826086
4196,19,6,2,0,0,27,0.7037037037037037
4197,14,6,1,0,0,21,0.6666666666666666
4198,16,5,1,0,0,22,0.7272727272727273
4199,17,5,1,0,0,23,0.7391304347826086
4200,18,5,1,0,0,24,0.75
4201,17,5,1,0,0,23,0.7391304347826086
4202,16,5,2,0,0,23,0.6956521739130435
4203,17,6,2,0,0,25,0.68
4204,16,5,1,0,0,22,0.7272727272727273
4205,17,5,1,0,0,23,0.7391304347826086
4206,16,5,1,0,0,22,0.7272727272727273
4207,16,5,1,0,0,22,0.7272727272727273
4208,14,5,1,0,0,20,0.7
4209,18,5,2,0,0,25,0.72
4210,16,5,1,0,0,22,0.7272727272727273
4211,15,5,2,0,0,22,0.6818181818181818
4212,18,6,1,0,0,25,0.72
4213,16,5,1,0,0,22,0.7272727272727273
4214,17,6,1,0,0,24,0.7083333333333334
4215,14,5,1,0,0,20,0.7
4216,14,5,1,0,0,20,0.7
4217,16,5,2,0,0,23,0.6956521739130435
4218,14,5,2,0,0,21,0.6666666666666666
4219,13,5,1,0,0,19,0.6842105263157895
4220,13,4,1,0,0,18,0.7222222222222222
4221,15,4,1,0,0,20,0.75
4222,15,5,1,0,0,21,0.7142857142857143
4223,15,4,1,0,0,20,0.75
4224,16,5,1,0,0,22,0.7272727272727273
4225,14,6,1,0,0,21,0.6666666666666666
4226,15,6,1,0,0,22,0.6818181818181818
4227,15,6,1,0,0,22,0.6818181818181818
4228,16,6,1,0,0,23,0.6956521739130435
4229,15,5,2,0,0,22,0.6818181818181818
4230,19,5,1,0,0,25,0.76
4231,17,6,2,0,0,25,0.68
4232,17,5,2,0,0,24,0.7083333333333334
4233,16,6,2,0,0,24,0.6666666666666666
4234,16,5,2,0,0,23,0.6956521739130435
4235,15,5,1,0,0,21,0.7142857142857143
4236,16,5,1,0,0,22,0.7272727272727273
4237,16,6,1,0,0,23,0.6956521739130435
4238,16,6,2,0,0,24,0.6666666666666666
4239,18,5,1,0,0,24,0.75
4240,17,5,2,0,0,24,0.7083333333333334
4241,17,5,2,0,0,24,0.7083333333333334
4242,18,5,2,0,0,25,0.72
4243,17,5,1,0,0,23,0.7391304347826086
4244,13,6,2,0,0,21,0.6190476190476191
4245,15,5,2,0,0,22,0.6818181818181818
4246,16,5,1,0,0,22,0.7272727272727273
4247,15,6,2,0,0,23,0.6521739130434783
4248,17,6,1,0,0,24,0.7083333333333334
4249,17,6,1,0,0,24,0.7083333333333334
4250,18,6,2,0,0,26,0.6923076923076923
4251,17,5,1,0,0,23,0.7391304347826086
4252,18,6,1,0,0,25,0.72
4253,16,5,1,0,0,22,0.7272727272727273
4254,15,6,1,0,0,22,0.6818181818181818
4255,14,6,1,0,0,21,0.6666666666666666
4256,13,7,1,0,0,21,0.6190476190476191
4257,16,6,1,0,0,23,0.6956521739130435
4258,16,6,1,0,0,23,0.6956521739130435
4259,15,6,1,0,0,22,0.6818181818181818
4260,13,7,1,0,0,21,0.6190476190476191
4261,18,6,1,0,0,25,0.72
4262,17,5,1,0,0,23,0.7391304347826086
4263,17,6,1,0,0,24,0.7083333333333334
4264,18,5,1,0,0,24,0.75
4265,18,5,1,0,0,24,0.75
4266,18,5,1,0,0,24,0.75
4267,16,5,2,0,0,23,0.6956521739130435
4268,16,5,1,0,0,22,0.7272727272727273
4269,16,6,2,0,0,24,0.6666666666666666
4270,17,5,1,0,0,23,0.7391304347826086
4271,17,5,1,0,0,23,0.7391304347826086
4272,18,5,1,0,0,24,0.75
4273,15,5,1,0,0,21,0.7142857142857143
4274,19,6,1,0,0,26,0.7307692307692307
4275,19,6,1,0,0,26,0.7307692307692307
4276,16,5,1,0,0,22,0.7272727272727273
4277,18,5,1,0,0,24,0.75
4278,17,5,1,0,0,23,0.7391304347826086
4279,17,5,2,0,0,24,0.7083333333333334
4280,16,5,1,0,0,22,0.7272727272727273
4281,19,5,2,0,0,26,0.7307692307692307
4282,16,5,1,0,0,22,0.7272727272727273
4283,18,6,1,0,0,25,0.72
4284,17,7,2,0,0,26,0.6538461538461539
4285,17,5,1,0,0,23,0.7391304347826086
4286,18,5,1,0,0,24,0.75
4287,15,5,2,0,0,22,0.6818181818181818
4288,18,5,2,0,0,25,0.72
4289,16,5,2,0,0,23,0.6956521739130435
4290,16,5,2,0,0,23,0.6956521739130435
4291,17,5,1,0,0,23,0.7391304347826086
4292,16,5,1,0,0,22,0.7272727272727273
4293,17,5,1,0,0,23,0.7391304347826086
4294,16,5,1,0,0,22,0.7272727272727273
4295,17,5,1,0,0,23,0.7391304347826086
4296,16,5,1,0,0,22,0.7272727272727273
4297,16,5,1,0,0,22,0.7272727272727273
4298,17,6,2,0,0,25,0.68
4299,17,5,2,0,0,24,0.7083333333333334
4300,16,6,1,0,0,23,0.6956521739130435
4301,17,5,1,0,0,23,0.7391304347826086
4302,18,5,2,0,0,25,0.72
4303,14,6,1,0,0,21,0.6666666666666666
4304,15,5,2,0,0,22,0.6818181818181818
4305,18,5,1,0,0,24,0.75
4306,16,5,1,0,0,22,0.7272727272727273
4307,18,5,1,0,0,24,0.75
4308,19,5,2,0,0,26,0.7307692307692307
4309,16,6,2,0,0,24,0.6666666666666666
4310,19,5,2,0,0,26,0.7307692307692307
4311,18,5,1,0,0,24,0.75
4312,15,6,1,0,0,22,0.6818181818181818
4313,15,5,1,0,0,21,0.7142857142857143
4314,15,6,1,0,0,22,0.6818181818181818
4315,17,5,1,0,0,23,0.7391304347826086
4316,16,5,1,0,0,22,0.7272727272727273
4317,17,7,1,0,0,25,0.68
4318,15,6,1,0,0,22,0.6818181818181818
4319,14,6,1,0,0,21,0.6666666666666666
4320,17,7,1,0,0,25,0.68
4321,15,6,1,0,0,22,0.6818181818181818
4322,17,6,1,0,0,24,0.7083333333333334
4323,15,6,1,0,0,22,0.6818181818181818
4324,16,6,1,0,0,23,0.6956521739130435
4325,16,6,1,0,0,23,0.6956521739130435
4326,17,6,1,0,0,24,0.7083333333333334
4327,17,5,2,0,0,24,0.7083333333333334
4328,16,4,2,0,0,22,0.7272727272727273
4329,16,6,1,0,0,23,0.6956521739130435
4330,17,5,1,0,0,23,0.7391304347826086
4331,18,5,2,0,0,25,0.72
4332,18,5,2,0,0,25,0.72
4333,17,5,1,0,0,23,0.7391304347826086
4334,17,6,2,0,0,25,0.68
4335,16,5,2,0,0,23,0.6956521739130435
4336,17,6,2,0,0,25,0.68
4337,16,6,2,0,0,24,0.6666666666666666
4338,16,7,1,0,0,24,0.6666666666666666
4339,16,6,1,0,0,23,0.6956521739130435
4340,15,5,1,0,0,21,0.7142857142857143
4341,15,5,1,0,0,21,0.7142857142857143
4342,17,5,1,0,0,23,0.7391304347826086
4343,16,6,1,0,0,23,0.6956521739130435
4344,16,5,1,0,0,22,0.7272727272727273
4345,17,5,1,0,0,23,0.7391304347826086
4346,18,5,2,0,0,25,0.72
4347,18,5,1,0,0,24,0.75
4348,17,5,2,0,0,24,0.7083333333333334
4349,17,5,2,0,0,24,0.7083333333333334
4350,17,5,1,0,0,23,0.7391304347826086
4351,17,5,1,0,0,23,0.7391304347826086
4352,20,5,2,0,0,27,0.7407407407407407
4353,18,4,2,0,0,24,0.75
4354,18,5,2,0,0,25,0.72
4355,19,5,1,0,0,25,0.76
4356,20,5,1,0,0,26,0.7692307692307693
4357,18,5,2,0,0,25,0.72
4358,18,5,2,0,0,25,0.72
4359,17,5,1,0,0,23,0.7391304347826086
4360,16,6,1,0,0,23,0.6956521739130435
4361,17,5,1,0,0,23,0.7391304347826086
4362,16,6,1,0,0,23,0.6956521739130435
4363,16,5,1,0,0,22,0.7272727272727273
4364,18,5,1,0,0,24,0.75
4365,19,5,1,0,0,25,0.76
4366,19,6,2,0,0,27,0.7037037037037037
4367,17,6,1,0,0,24,0.7083333333333334
4368,16,5,1,0,0,22,0.7272727272727273
4369,17,5,1,0,0,23,0.7391304347826086
4370,17,5,1,0,0,23,0.7391304347826086
4371,18,6,2,0,0,26,0.6923076923076923
4372,18,6,2,0,0,26,0.6923076923076923
4373,17,6,1,0,0,24,0.7083333333333334
4374,13,5,1,0,0,19,0.6842105263157895
4375,12,5,1,0,0,18,0.6666666666666666
4376,14,6,1,0,0,21,0.6666666666666666
4377,16,6,1,0,0,23,0.6956521739130435
4378,16,5,1,0,0,22,0.7272727272727273
4379,13,6,1,0,0,20,0.65
4380,15,6,1,0,0,22,0.6818181818181818
4381,14,6,1,0,0,21,0.6666666666666666
4382,15,5,1,0,0,21,0.7142857142857143
4383,17,6,2,0,0,25,0.68
4384,16,5,1,0,0,22,0.7272727272727273
4385,18,6,1,0,0,25,0.72
4386,17,5,1,0,0,23,0.7391304347826086
4387,15,5,1,0,0,21,0.7142857142857143
4388,16,7,1,0,0,24,0.6666666666666666
4389,16,6,1,0,0,23,0.6956521739130435
4390,15,6,2,0,0,23,0.6521739130434783
4391,17,5,1,0,0,23,0.7391304347826086
4392,16,5,2,0,0,23,0.6956521739130435
4393,15,5,1,0,0,21,0.7142857142857143
4394,17,5,2,0,0,24,0.7083333333333334
4395,15,5,1,0,0,21,0.7142857142857143
4396,15,6,1,0,0,22,0.6818181818181818
4397,15,6,1,0,0,22,0.6818181818181818
4398,17,5,2,0,0,24,0.7083333333333334
4399,14,4,2,0,0,20,0.7
4400,16,6,1,0,0,23,0.6956521739130435
4401,15,6,1,0,0,22,0.6818181818181818
4402,17,6,1,0,0,24,0.7083333333333334
4403,17,5,1,0,0,23,0.7391304347826086
4404,14,5,2,0,0,21,0.6666666666666666
4405,14,6,1,0,0,21,0.6666666666666666
4406,16,5,1,0,0,22,0.7272727272727273
4407,16,5,1,0,0,22,0.7272727272727273
4408,16,5,2,0,0,23,0.6956521739130435
4409,18,5,2,0,0,25,0.72
4410,17,5,1,0,0,23,0.7391304347826086
4411,17,5,2,0,0,24,0.7083333333333334
4412,17,6,2,0,0,25,0.68
4413,18,5,2,0,0,25,0.72
4414,17,5,1,0,0,23,0.7391304347826086
4415,16,5,1,0,0,22,0.7272727272727273
4416,16,4,2,0,0,22,0.7272727272727273
4417,13,6,2,0,0,21,0.6190476190476191
4418,16,6,1,0,0,23,0.6956521739130435
4419,18,5,2,0,0,25,0.72
4420,17,6,1,0,0,24,0.7083333333333334
4421,16,5,1,0,0,22,0.7272727272727273
4422,18,5,1,0,0,24,0.75
4423,16,5,1,0,0,22,0.7272727272727273
4424,17,5,1,0,0,23,0.7391304347826086
4425,13,5,1,0,0,19,0.6842105263157895
4426,15,5,1,0,0,21,0.7142857142857143
4427,16,5,2,0,0,23,0.6956521739130435
4428,17,5,2,0,0,24,0.7083333333333334
4429,15,6,2,0,0,23,0.6521739130434783
4430,17,6,1,0,0,24,0.7083333333333334
4431,16,6,1,0,0,23,0.6956521739130435
4432,15,5,1,0,0,21,0.7142857142857143
4433,14,5,1,0,0,20,0.7
4434,13,5,2,0,0,20,0.65
4435,16,5,1,0,0,22,0.7272727272727273
4436,15,6,1,0,0,22,0.6818181818181818
4437,15,5,2,0,0,22,0.6818181818181818
4438,17,7,1,0,0,25,0.68
4439,19,5,1,0,0,25,0.76
4440,16,5,1,0,0,22,0.7272727272727273
4441,19,5,2,0,0,26,0.7307692307692307
4442,17,5,2,0,0,24,0.7083333333333334
4443,16,5,1,0,0,22,0.7272727272727273
4444,17,5,1,0,0,23,0.7391304347826086
4445,15,6,1,0,0,22,0.6818181818181818
4446,18,6,2,0,0,26,0.6923076923076923
4447,17,4,2,0,0,23,0.7391304347826086
4448,17,5,1,0,0,23,0.7391304347826086
4449,15,6,1,0,0,22,0.6818181818181818
4450,15,6,2,0,0,23,0.6521739130434783
4451,16,5,2,0,0,23,0.6956521739130435
4452,18,5,2,0,0,25,0.72
4453,17,5,1,0,0,23,0.7391304347826086
4454,18,5,2,0,0,25,0.72
4455,16,5,1,0,0,22,0.7272727272727273
4456,16,5,1,0,0,22,0.7272727272727273
4457,16,5,2,0,0,23,0.6956521739130435
4458,16,4,2,0,0,22,0.7272727272727273
4459,17,6,2,0,0,25,0.68
4460,15,5,1,0,0,21,0.7142857142857143
4461,16,5,1,0,0,22,0.7272727272727273
4462,17,6,1,0,0,24,0.7083333333333334
4463,18,5,2,0,0,25,0.72
4464,15,5,1,0,0,21,0.7142857142857143
4465,15,5,2,0,0,22,0.6818181818181818
4466,15,6,2,0,0,23,0.6521739130434783
4467,14,5,1,0,0,20,0.7
4468,16,4,2,0,0,22,0.7272727272727273
4469,17,5,2,0,0,24,0.7083333333333334
4470,17,5,1,0,0,23,0.7391304347826086
4471,15,6,1,0,0,22,0.6818181818181818
4472,14,5,2,0,0,21,0.6666666666666666
4473,16,7,2,0,0,25,0.64
4474,16,5,1,0,0,22,0.7272727272727273
4475,17,5,1,0,0,23,0.7391304347826086
4476,18,6,1,0,0,25,0.72
4477,17,5,1,0,0,23,0.7391304347826086
4478,18,6,2,0,0,26,0.6923076923076923
4479,17,5,1,0,0,23,0.7391304347826086
4480,15,6,1,0,0,22,0.6818181818181818
4481,16,6,2,0,0,24,0.6666666666666666
4482,15,5,2,0,0,22,0.6818181818181818
4483,16,5,1,0,0,22,0.7272727272727273
4484,20,5,2,0,0,27,0.7407407407407407
4485,15,6,1,0,0,22,0.6818181818181818
4486,16,5,1,0,0,22,0.7272727272727273
4487,18,5,2,0,0,25,0.72
4488,16,5,2,0,0,23,0.6956521739130435
4489,16,6,2,0,0,24,0.6666666666666666
4490,16,6,1,0,0,23,0.6956521739130435
4491,15,5,2,0,0,22,0.6818181818181818
4492,17,6,2,0,0,25,0.68
4493,15,5,1,0,0,21,0.7142857142857143
4494,15,7,1,0,0,23,0.6521739130434783
4495,15,5,2,0,0,22,0.6818181818181818
4496,14,6,1,0,0,21,0.6666666666666666
4497,15,6,1,0,0,22,0.6818181818181818
4498,17,5,1,0,0,23,0.7391304347826086
4499,16,5,1,0,0,22,0.7272727272727273
4500,17,6,2,0,0,25,0.68
4501,14,5,2,0,0,21,0.6666666666666666
4502,17,5,2,0,0,24,0.7083333333333334
4503,18,6,2,0,0,26,0.6923076923076923
4504,17,6,1,0,0,24,0.7083333333333334
4505,15,6,1,0,0,22,0.6818181818181818
4506,15,6,2,0,0,23,0.6521739130434783
4507,17,6,2,0,0,25,0.68
4508,15,6,1,0,0,22,0.6818181818181818
4509,15,6,1,0,0,22,0.6818181818181818
4510,16,6,2,0,0,24,0.6666666666666666
4511,15,5,2,0,0,22,0.6818181818181818
4512,16,6,1,0,0,23,0.6956521739130435
4513,17,5,2,0,0,24,0.7083333333333334
4514,15,6,1,0,0,22,0.6818181818181818
4515,14,5,1,0,0,20,0.7
4516,16,5,2,0,0,23,0.6956521739130435
4517,15,6,1,0,0,22,0.6818181818181818
4518,16,5,2,0,0,23,0.6956521739130435
4519,14,5,2,0,0,21,0.6666666666666666
4520,14,6,1,0,0,21,0.6666666666666666
4521,15,5,1,0,0,21,0.7142857142857143
4522,16,5,1,0,0,22,0.7272727272727273
4523,16,5,2,0,0,23,0.6956521739130435
4524,17,6,2,0,0,25,0.68
4525,15,5,2,0,0,22,0.6818181818181818
4526,16,5,1,0,0,22,0.7272727272727273
4527,17,5,2,0,0,24,0.7083333333333334
4528,15,5,1,0,0,21,0.7142857142857143
4529,15,6,1,0,0,22,0.6818181818181818
4530,14,6,2,0,0,22,0.6363636363636364
4531,16,5,2,0,0,23,0.6956521739130435
4532,16,6,2,0,0,24,0.6666666666666666
4533,18,5,1,0,0,24,0.75
4534,19,6,2,0,0,27,0.7037037037037037
4535,15,6,1,0,0,22,0.6818181818181818
4536,15,5,1,0,0,21,0.7142857142857143
4537,15,5,2,0,0,22,0.6818181818181818
4538,17,5,1,0,0,23,0.7391304347826086
4539,16,6,1,0,0,23,0.6956521739130435
4540,17,5,1,0,0,23,0.7391304347826086
4541,17,5,1,0,0,23,0.7391304347826086
4542,14,5,1,0,0,20,0.7
4543,13,7,1,0,0,21,0.6190476190476191
4544,17,5,2,0,0,24,0.7083333333333334
4545,18,6,2,0,0,26,0.6923076923076923
4546,16,5,1,0,0,22,0.7272727272727273
4547,16,5,1,0,0,22,0.7272727272727273
4548,16,5,2,0,0,23,0.6956521739130435
4549,16,5,1,0,0,22,0.7272727272727273
4550,18,5,1,0,0,24,0.75
4551,19,5,2,0,0,26,0.7307692307692307
4552,17,5,1,0,0,23,0.7391304347826086
4553,15,6,2,0,0,23,0.6521739130434783
4554,17,6,1,0,0,24,0.7083333333333334
4555,16,5,1,0,0,22,0.7272727272727273
4556,19,6,2,0,0,27,0.7037037037037037
4557,16,5,1,0,0,22,0.7272727272727273
4558,17,6,2,0,0,25,0.68
4559,17,6,2,0,0,25,0.68
4560,16,5,1,0,0,22,0.7272727272727273
4561,14,6,1,0,0,21,0.6666666666666666
4562,16,6,1,0,0,23,0.6956521739130435
4563,15,6,1,0,0,22,0.6818181818181818
4564,16,6,2,0,0,24,0.6666666666666666
4565,17,6,1,0,0,24,0.7083333333333334
4566,16,5,1,0,0,22,0.7272727272727273
4567,17,5,1,0,0,23,0.7391304347826086
4568,16,7,1,0,0,24,0.6666666666666666
4569,13,5,2,0,0,20,0.65
4570,17,6,1,0,0,24,0.7083333333333334
4571,17,6,1,0,0,24,0.7083333333333334
4572,15,6,1,0,0,22,0.6818181818181818
4573,14,6,2,0,0,22,0.6363636363636364
4574,15,6,2,0,0,23,0.6521739130434783
4575,15,5,1,0,0,21,0.7142857142857143
4576,14,5,1,0,0,20,0.7
4577,16,6,1,0,0,23,0.6956521739130435
4578,17,5,2,0,0,24,0.7083333333333334
4579,17,5,1,0,0,23,0.7391304347826086
4580,19,5,2,0,0,26,0.7307692307692307
4581,15,6,2,0,0,23,0.6521739130434783
4582,17,6,1,0,0,24,0.7083333333333334
4583,15,6,1,0,0,22,0.6818181818181818
4584,15,5,2,0,0,22,0.6818181818181818
4585,16,5,2,0,0,23,0.6956521739130435
4586,16,5,1,0,0,22,0.7272727272727273
4587,15,6,1,0,0,22,0.6818181818181818
4588,16,6,1,0,0,23,0.6956521739130435
4589,16,6,1,0,0,23,0.6956521739130435
4590,14,6,1,0,0,21,0.6666666666666666
4591,17,5,2,0,0,24,0.7083333333333334
4592,17,5,2,0,0,24,0.7083333333333334
4593,18,6,2,0,0,26,0.6923076923076923
4594,16,5,1,0,0,22,0.7272727272727273
4595,18,6,1,0,0,25,0.72
4596,16,5,2,0,0,23,0.6956521739130435
4597,17,5,2,0,0,24,0.7083333333333334
4598,15,5,2,0,0,22,0.6818181818181818
4599,19,5,1,0,0,25,0.76
4600,18,5,1,0,0,24,0.75
4601,17,5,1,0,0,23,0.7391304347826086
4602,17,5,2,0,0,24,0.7083333333333334
4603,16,5,1,0,0,22,0.7272727272727273
4604,18,5,1,0,0,24,0.75
4605,17,6,2,0,0,25,0.68
4606,18,6,1,0,0,25,0.72
4607,18,6,2,0,0,26,0.6923076923076923
4608,17,6,1,0,0,24,0.7083333333333334
4609,17,6,1,0,0,24,0.7083333333333334
4610,16,5,1,0,0,22,0.7272727272727273
4611,15,5,1,0,0,21,0.7142857142857143
4612,17,5,1,0,0,23,0.7391304347826086
4613,17,6,1,0,0,24,0.7083333333333334
4614,14,6,1,0,0,21,0.6666666666666666
4615,17,5,2,0,0,24,0.7083333333333334
4616,16,5,2,0,0,23,0.6956521739130435
4617,18,5,1,0,0,24,0.75
4618,14,5,2,0,0,21,0.6666666666666666
4619,17,5,2,0,0,24,0.7083333333333334
4620,17,5,2,0,0,24,0.7083333333333334
4621,17,6,2,0,0,25,0.68
4622,15,6,1,0,0,22,0.6818181818181818
4623,17,6,1,0,0,24,0.7083333333333334
4624,15,5,2,0,0,22,0.6818181818181818
4625,17,5,1,0,0,23,0.7391304347826086
4626,17,5,1,0,0,23,0.7391304347826086
4627,16,5,1,0,0,22,0.7272727272727273
4628,17,5,2,0,0,24,0.7083333333333334
4629,16,6,1,0,0,23,0.6956521739130435
4630,19,5,1,0,0,25,0.76
4631,16,6,1,0,0,23,0.6956521739130435
4632,16,5,2,0,0,23,0.6956521739130435
4633,15,5,1,0,0,21,0.7142857142857143
4634,19,6,1,0,0,26,0.7307692307692307
4635,17,5,1,0,0,23,0.7391304347826086
4636,15,5,1,0,0,21,0.7142857142857143
4637,19,5,2,0,0,26,0.7307692307692307
4638,17,5,1,0,0,23,0.7391304347826086
4639,16,5,2,0,0,23,0.6956521739130435
4640,18,5,1,0,0,24,0.75
4641,16,6,2,0,0,24,0.6666666666666666
4642,16,5,1,0,0,22,0.7272727272727273
4643,16,5,1,0,0,22,0.7272727272727273
4644,16,5,1,0,0,22,0.7272727272727273
4645,16,6,1,0,0,23,0.6956521739130435
4646,17,5,1,0,0,23,0.7391304347826086
4647,17,5,1,0,0,23,0.7391304347826086
4648,16,7,1,0,0,24,0.6666666666666666
4649,16,6,1,0,0,23,0.6956521739130435
4650,17,5,1,0,0,23,0.7391304347826086
4651,14,6,1,0,0,21,0.6666666666666666
4652,17,7,1,0,0,25,0.68
4653,15,6,1,0,0,22,0.6818181818181818
4654,14,6,2,0,0,22,0.6363636363636364
4655,17,6,2,0,0,25,0.68
4656,15,7,1,0,0,23,0.6521739130434783
4657,16,7,1,0,0,24,0.6666666666666666
4658,16,6,1,0,0,23,0.6956521739130435
4659,17,7,1,0,0,25,0.68
4660,16,6,1,0,0,23,0.6956521739130435
4661,19,7,2,0,0,28,0.6785714285714286
4662,15,7,2,0,0,24,0.625
4663,15,6,1,0,0,22,0.6818181818181818
4664,18,6,2,0,0,26,0.6923076923076923
4665,17,5,2,0,0,24,0.7083333333333334
4666,18,5,2,0,0,25,0.72
4667,17,6,1,0,0,24,0.7083333333333334
4668,19,5,1,0,0,25,0.76
4669,17,5,2,0,0,24,0.7083333333333334
4670,15,6,1,0,0,22,0.6818181818181818
4671,16,5,1,0,0,22,0.7272727272727273
4672,14,5,1,0,0,20,0.7
4673,17,6,1,0,0,24,0.7083333333333334
4674,18,5,1,0,0,24,0.75
4675,18,5,2,0,0,25,0.72
4676,17,5,2,0,0,24,0.7083333333333334
4677,16,6,2,0,0,24,0.6666666666666666
4678,18,5,1,0,0,24,0.75
4679,15,5,1,0,0,21,0.7142857142857143
4680,16,5,2,0,0,23,0.6956521739130435
4681,16,5,2,0,0,23,0.6956521739130435
4682,17,5,1,0,0,23,0.7391304347826086
4683,19,6,1,0,0,26,0.7307692307692307
4684,14,6,1,0,0,21,0.6666666666666666
4685,18,5,2,0,0,25,0.72
4686,14,6,1,0,0,21,0.6666666666666666
4687,16,5,1,0,0,22,0.7272727272727273
4688,18,5,2,0,0,25,0.72
4689,15,5,1,0,0,21,0.7142857142857143
4690,17,6,1,0,0,24,0.7083333333333334
4691,16,6,1,0,0,23,0.6956521739130435
4692,15,6,1,0,0,22,0.6818181818181818
4693,18,5,1,0,0,24,0.75
4694,17,7,1,0,0,25,0.68
4695,18,6,2,0,0,26,0.6923076923076923
4696,14,6,2,0,0,22,0.6363636363636364
4697,16,6,1,0,0,23,0.6956521739130435
4698,16,5,1,0,0,22,0.7272727272727273
4699,19,5,1,0,0,25,0.76
4700,15,5,1,0,0,21,0.7142857142857143
4701,17,6,2,0,0,25,0.68
4702,14,6,1,0,0,21,0.6666666666666666
4703,18,6,1,0,0,25,0.72
4704,15,5,1,0,0,21,0.7142857142857143
4705,16,5,2,0,0,23,0.6956521739130435
4706,17,6,2,0,0,25,0.68
4707,18,5,2,0,0,25,0.72
4708,16,5,1,0,0,22,0.7272727272727273
4709,16,5,1,0,0,22,0.7272727272727273
4710,19,6,2,0,0,27,0.7037037037037037
4711,18,6,2,0,0,26,0.6923076923076923
4712,18,6,1,0,0,25,0.72
4713,17,5,1,0,0,23,0.7391304347826086
4714,16,5,2,0,0,23,0.6956521739130435
4715,17,5,1,0,0,23,0.7391304347826086
4716,17,5,2,0,0,24,0.7083333333333334
4717,20,5,1,0,0,26,0.7692307692307693
4718,18,6,1,0,0,25,0.72
4719,16,6,1,0,0,23,0.6956521739130435
4720,16,5,1,0,0,22,0.7272727272727273
4721,19,5,1,0,0,25,0.76
4722,16,6,1,0,0,23,0.6956521739130435
4723,16,6,2,0,0,24,0.6666666666666666
4724,18,6,2,0,0,26,0.6923076923076923
4725,16,5,2,0,0,23,0.6956521739130435
4726,15,5,2,0,0,22,0.6818181818181818
4727,17,5,1,0,0,23,0.7391304347826086
4728,17,6,1,0,0,24,0.7083333333333334
4729,18,5,1,0,0,24,0.75
4730,18,6,1,0,0,25,0.72
4731,16,6,2,0,0,24,0.6666666666666666
4732,17,5,1,0,0,23,0.7391304347826086
4733,16,5,1,0,0,22,0.7272727272727273
4734,15,6,1,0,0,22,0.6818181818181818
4735,15,6,1,0,0,22,0.6818181818181818
4736,16,6,2,0,0,24,0.6666666666666666
4737,14,5,1,0,0,20,0.7
4738,16,7,1,0,0,24,0.6666666666666666
4739,17,5,1,0,0,23,0.7391304347826086
4740,17,5,1,0,0,23,0.7391304347826086
4741,18,6,1,0,0,25,0.72
4742,15,6,1,0,0,22,0.6818181818181818
4743,16,5,1,0,0,22,0.7272727272727273
4744,19,5,2,0,0,26,0.7307692307692307
4745,17,5,2,0,0,24,0.7083333333333334
4746,17,5,1,0,0,23,0.7391304347826086
4747,16,6,2,0,0,24,0.6666666666666666
4748,13,6,1,0,0,20,0.65
4749,15,5,2,0,0,22,0.6818181818181818
4750,20,6,2,0,0,28,0.7142857142857143
4751,19,5,2,0,0,26,0.7307692307692307
4752,15,5,2,0,0,22,0.6818181818181818
4753,14,5,1,0,0,20,0.7
4754,17,6,2,0,0,25,0.68
4755,16,6,1,0,0,23,0.6956521739130435
4756,12,5,1,0,0,18,0.6666666666666666
4757,15,5,1,0,0,21,0.7142857142857143
4758,14,7,1,0,0,22,0.6363636363636364
4759,15,5,1,0,0,21,0.7142857142857143
4760,13,6,1,0,0,20,0.65
4761,16,5,1,0,0,22,0.7272727272727273
4762,15,6,1,0,0,22,0.6818181818181818
4763,16,6,2,0,0,24,0.6666666666666666
4764,14,5,1,0,0,20,0.7
4765,11,5,1,0,0,17,0.6470588235294118
4766,18,6,1,0,0,25,0.72
4767,16,6,1,0,0,23,0.6956521739130435
4768,16,5,1,0,0,22,0.7272727272727273
4769,17,7,1,0,0,25,0.68
4770,13,6,1,0,0,20,0.65
4771,15,7,1,0,0,23,0.6521739130434783
4772,15,5,2,0,0,22,0.6818181818181818
4773,13,5,2,0,0,20,0.65
4774,16,6,1,0,0,23,0.6956521739130435
4775,17,6,2,0,0,25,0.68
4776,15,6,1,0,0,22,0.6818181818181818
4777,16,7,1,0,0,24,0.6666666666666666
4778,17,7,1,0,0,25,0.68
4779,17,6,1,0,0,24,0.7083333333333334
4780,15,7,1,0,0,23,0.6521739130434783
4781,16,6,1,0,0,23,0.6956521739130435
4782,13,7,1,0,0,21,0.6190476190476191
4783,14,5,1,0,0,20,0.7
4784,15,6,2,0,0,23,0.6521739130434783
4785,16,6,2,0,0,24,0.6666666666666666
4786,13,6,1,0,0,20,0.65
4787,18,6,1,0,0,25,0.72
4788,14,7,1,0,0,22,0.6363636363636364
4789,14,7,2,0,0,23,0.6086956521739131
4790,13,6,1,0,0,20,0.65
4791,17,7,1,0,0,25,0.68
4792,15,7,1,0,0,23,0.6521739130434783
4793,15,6,2,0,0,23,0.6521739130434783
4794,16,7,1,0,0,24,0.6666666666666666
4795,15,6,1,0,0,22,0.6818181818181818
4796,14,7,2,0,0,23,0.6086956521739131
4797,15,6,1,0,0,22,0.6818181818181818
4798,16,6,1,0,0,23,0.6956521739130435
4799,17,7,1,0,0,25,0.68
4800,16,6,1,0,0,23,0.6956521739130435
4801,17,6,1,0,0,24,0.7083333333333334
4802,15,6,2,0,0,23,0.6521739130434783
4803,14,7,1,0,0,22,0.6363636363636364
4804,14,7,1,0,0,22,0.6363636363636364
4805,16,6,1,0,0,23,0.6956521739130435
4806,15,6,1,0,0,22,0.6818181818181818
4807,15,6,2,0,0,23,0.6521739130434783
4808,16,6,2,0,0,24,0.6666666666666666
4809,16,6,1,0,0,23,0.6956521739130435
4810,15,7,1,0,0,23,0.6521739130434783
4811,13,6,1,0,0,20,0.65
4812,15,7,2,0,0,24,0.625
4813,17,6,2,0,0,25,0.68
4814,19,7,1,0,0,27,0.7037037037037037
4815,16,6,2,0,0,24,0.6666666666666666
4816,16,6,1,0,0,23,0.6956521739130435
4817,16,7,1,0,0,24,0.6666666666666666
4818,13,5,2,0,0,20,0.65
4819,14,6,1,0,0,21,0.6666666666666666
4820,18,6,1,0,0,25,0.72
4821,13,6,1,0,0,20,0.65
4822,15,7,2,0,0,24,0.625
4823,14,6,1,0,0,21,0.6666666666666666
4824,14,6,1,0,0,21,0.6666666666666666
4825,14,6,1,0,0,21,0.6666666666666666
4826,13,7,1,0,0,21,0.6190476190476191
4827,18,7,1,0,0,26,0.6923076923076923
4828,15,7,1,0,0,23,0.6521739130434783
4829,17,6,2,0,0,25,0.68
4830,15,6,1,0,0,22,0.6818181818181818
4831,16,7,1,0,0,24,0.6666666666666666
4832,17,6,1,0,0,24,0.7083333333333334
4833,15,6,1,0,0,22,0.6818181818181818
4834,14,6,1,0,0,21,0.6666666666666666
4835,18,7,2,0,0,27,0.6666666666666666
4836,17,6,1,0,0,24,0.7083333333333334
4837,15,6,1,0,0,22,0.6818181818181818
4838,14,6,2,0,0,22,0.6363636363636364
4839,17,6,2,0,0,25,0.68
4840,13,6,1,0,0,20,0.65
4841,14,6,1,0,0,21,0.6666666666666666
4842,15,6,1,0,0,22,0.6818181818181818
4843,14,6,1,0,0,21,0.6666666666666666
4844,16,7,1,0,0,24,0.6666666666666666
4845,13,6,1,0,0,20,0.65
4846,13,7,1,0,0,21,0.6190476190476191
4847,12,6,2,0,0,20,0.6
4848,15,7,1,0,0,23,0.6521739130434783
4849,16,7,2,0,0,25,0.64
4850,15,6,1,0,0,22,0.6818181818181818
4851,15,6,2,0,0,23,0.6521739130434783
4852,15,6,1,0,0,22,0.6818181818181818
4853,15,6,1,0,0,22,0.6818181818181818
4854,14,6,2,0,0,22,0.6363636363636364
4855,12,6,1,0,0,19,0.631578947368421
4856,14,7,1,0,0,22,0.6363636363636364
4857,16,6,1,0,0,23,0.6956521739130435
4858,9,6,1,0,0,16,0.5625
4859,17,6,1,0,0,24,0.7083333333333334
4860,17,6,2,0,0,25,0.68
4861,16,6,1,0,0,23,0.6956521739130435
4862,15,6,1,0,0,22,0.6818181818181818
4863,18,7,2,0,0,27,0.6666666666666666
4864,15,6,2,0,0,23,0.6521739130434783
4865,16,6,2,0,0,24,0.6666666666666666
4866,13,7,1,0,0,21,0.6190476190476191
4867,13,6,1,0,0,20,0.65
4868,15,6,1,0,0,22,0.6818181818181818
4869,16,6,1,0,0,23,0.6956521739130435
4870,16,6,1,0,0,23,0.6956521739130435
4871,15,6,1,0,0,22,0.6818181818181818
4872,16,6,1,0,0,23,0.6956521739130435
4873,16,6,2,0,0,24,0.6666666666666666
4874,16,6,1,0,0,23,0.6956521739130435
4875,17,7,2,0,0,26,0.6538461538461539
4876,14,7,1,0,0,22,0.6363636363636364
4877,16,7,2,0,0,25,0.64
4878,12,8,1,0,0,21,0.5714285714285714
4879,15,6,1,0,0,22,0.6818181818181818
4880,18,6,1,0,0,25,0.72
4881,18,6,2,0,0,26,0.6923076923076923
4882,18,6,2,0,0,26,0.6923076923076923
4883,14,6,1,0,0,21,0.6666666666666666
4884,17,7,1,0,0,25,0.68
4885,13,7,1,0,0,21,0.6190476190476191
4886,15,6,1,0,0,22,0.6818181818181818
4887,14,7,2,0,0,23,0.6086956521739131
4888,13,6,2,0,0,21,0.6190476190476191
4889,14,6,2,0,0,22,0.6363636363636364
4890,14,6,1,0,0,21,0.6666666666666666
4891,13,7,1,0,0,21,0.6190476190476191
4892,15,7,2,0,0,24,0.625
4893,13,6,2,0,0,21,0.6190476190476191
4894,17,6,1,0,0,24,0.7083333333333334
4895,16,6,1,0,0,23,0.6956521739130435
4896,16,6,1,0,0,23,0.6956521739130435
4897,15,6,1,0,0,22,0.6818181818181818
4898,17,6,1,0,0,24,0.7083333333333334
4899,16,6,1,0,0,23,0.6956521739130435
4900,16,6,1,0,0,23,0.6956521739130435
4901,15,8,1,0,0,24,0.625
4902,15,7,1,0,0,23,0.6521739130434783
4903,16,7,1,0,0,24,0.6666666666666666
4904,15,6,1,0,0,22,0.6818181818181818
4905,14,7,1,0,0,22,0.6363636363636364
4906,14,6,1,0,0,21,0.6666666666666666
4907,17,6,1,0,0,24,0.7083333333333334
4908,15,8,1,0,0,24,0.625
4909,15,7,1,0,0,23,0.6521739130434783
4910,14,7,1,0,0,22,0.6363636363636364
4911,16,7,1,0,0,24,0.6666666666666666
4912,13,7,1,0,0,21,0.6190476190476191
4913,12,7,1,0,0,20,0.6
4914,15,6,1,0,0,22,0.6818181818181818
4915,15,6,1,0,0,22,0.6818181818181818
4916,13,7,1,0,0,21,0.6190476190476191
4917,17,7,1,0,0,25,0.68
4918,15,7,1,0,0,23,0.6521739130434783
4919,14,7,1,0,0,22,0.6363636363636364
4920,17,6,1,0,0,24,0.7083333333333334
4921,16,6,1,0,0,23,0.6956521739130435
4922,14,6,1,0,0,21,0.6666666666666666
4923,17,6,1,0,0,24,0.7083333333333334
4924,17,7,1,0,0,25,0.68
4925,16,6,1,0,0,23,0.6956521739130435
4926,17,7,1,0,0,25,0.68
4927,17,6,1,0,0,24,0.7083333333333334
4928,15,6,1,0,0,22,0.6818181818181818
4929,17,6,1,0,0,24,0.7083333333333334
4930,16,6,1,0,0,23,0.6956521739130435
4931,13,7,1,0,0,21,0.6190476190476191
4932,16,8,2,0,0,26,0.6153846153846154
4933,15,6,1,0,0,22,0.6818181818181818
4934,15,6,1,0,0,22,0.6818181818181818
4935,17,6,1,0,0,24,0.7083333333333334
4936,16,7,2,0,0,25,0.64
4937,15,6,1,0,0,22,0.6818181818181818
4938,12,7,1,0,0,20,0.6
4939,13,5,1,0,0,19,0.6842105263157895
4940,14,6,1,0,0,21,0.6666666666666666
4941,15,7,1,0,0,23,0.6521739130434783
4942,16,6,1,0,0,23,0.6956521739130435
4943,16,6,1,0,0,23,0.6956521739130435
4944,14,6,1,0,0,21,0.6666666666666666
4945,17,6,2,0,0,25,0.68
4946,15,7,1,0,0,23,0.6521739130434783
4947,17,6,1,0,0,24,0.7083333333333334
4948,16,6,1,0,0,23,0.6956521739130435
4949,15,6,1,0,0,22,0.6818181818181818
4950,18,6,1,0,0,25,0.72
4951,15,6,1,0,0,22,0.6818181818181818
4952,14,6,1,0,0,21,0.6666666666666666
4953,15,6,1,0,0,22,0.6818181818181818
4954,17,6,1,0,0,24,0.7083333333333334
4955,12,6,1,0,0,19,0.631578947368421
4956,14,7,1,0,0,22,0.6363636363636364
4957,16,6,1,0,0,23,0.6956521739130435
4958,17,7,1,0,0,25,0.68
4959,14,6,1,0,0,21,0.6666666666666666
4960,17,6,2,0,0,25,0.68
4961,15,6,1,0,0,22,0.6818181818181818
4962,16,7,1,0,0,24,0.6666666666666666
4963,16,6,1,0,0,23,0.6956521739130435
4964,14,6,1,0,0,21,0.6666666666666666
4965,16,6,1,0,0,23,0.6956521739130435
4966,16,6,1,0,0,23,0.6956521739130435
4967,14,6,1,0,0,21,0.6666666666666666
4968,12,7,1,0,0,20,0.6
4969,15,6,1,0,0,22,0.6818181818181818
4970,17,6,1,0,0,24,0.7083333333333334
4971,15,6,1,0,0,22,0.6818181818181818
4972,15,7,1,0,0,23,0.6521739130434783
4973,16,6,2,0,0,24,0.6666666666666666
4974,11,6,1,0,0,18,0.6111111111111112
4975,15,6,1,0,0,22,0.6818181818181818
4976,13,6,1,0,0,20,0.65
4977,11,7,1,0,0,19,0.5789473684210527
4978,15,6,1,0,0,22,0.6818181818181818
4979,15,7,2,0,0,24,0.625
4980,17,8,1,0,0,26,0.6538461538461539
4981,12,6,2,0,0,20,0.6
4982,13,6,1,0,0,20,0.65
4983,15,7,1,0,0,23,0.6521739130434783
4984,15,6,1,0,0,22,0.6818181818181818
4985,15,6,1,0,0,22,0.6818181818181818
4986,12,6,1,0,0,19,0.631578947368421
4987,17,6,2,0,0,25,0.68
4988,14,6,1,0,0,21,0.6666666666666666
4989,18,7,2,0,0,27,0.6666666666666666
4990,15,6,1,0,0,22,0.6818181818181818
4991,16,7,1,0,0,24,0.6666666666666666
4992,16,6,1,0,0,23,0.6956521739130435
4993,16,6,1,0,0,23,0.6956521739130435
4994,15,6,1,0,0,22,0.6818181818181818
4995,16,7,1,0,0,24,0.6666666666666666
4996,14,7,1,0,0,22,0.6363636363636364
4997,16,6,1,0,0,23,0.6956521739130435
4998,16,7,1,0,0,24,0.6666666666666666
4999,13,7,1,0,0,21,0.6190476190476191
5000,14,7,1,0,0,22,0.6363636363636364
5001,16,7,1,0,0,24,0.6666666666666666
5002,12,7,1,0,0,20,0.6
5003,15,6,1,0,0,22,0.6818181818181818
5004,14,7,1,0,0,22,0.6363636363636364
5005,15,7,1,0,0,23,0.6521739130434783
5006,15,7,1,0,0,23,0.6521739130434783
5007,16,6,2,0,0,24,0.6666666666666666
5008,16,6,1,0,0,23,0.6956521739130435
5009,17,6,1,0,0,24,0.7083333333333334
5010,14,6,1,0,0,21,0.6666666666666666
5011,15,7,2,0,0,24,0.625
5012,16,7,2,0,0,25,0.64
5013,14,6,1,0,0,21,0.6666666666666666
5014,19,6,1,0,0,26,0.7307692307692307
5015,16,7,1,0,0,24,0.6666666666666666
5016,16,6,1,0,0,23,0.6956521739130435
5017,14,8,2,0,0,24,0.5833333333333334
5018,12,6,1,0,0,19,0.631578947368421
5019,17,6,1,0,0,24,0.7083333333333334
5020,18,7,1,0,0,26,0.6923076923076923
5021,19,7,1,0,0,27,0.7037037037037037
5022,16,7,1,0,0,24,0.6666666666666666
5023,13,6,1,0,0,20,0.65
5024,16,7,1,0,0,24,0.6666666666666666
5025,14,6,1,0,0,21,0.6666666666666666
5026,14,7,1,0,0,22,0.6363636363636364
5027,14,6,1,0,0,21,0.6666666666666666
5028,16,6,1,0,0,23,0.6956521739130435
5029,17,7,1,0,0,25,0.68
5030,15,6,2,0,0,23,0.6521739130434783
5031,14,6,2,0,0,22,0.6363636363636364
5032,15,7,1,0,0,23,0.6521739130434783
5033,13,7,1,0,0,21,0.6190476190476191
5034,13,6,1,0,0,20,0.65
5035,16,6,2,0,0,24,0.6666666666666666
5036,17,7,1,0,0,25,0.68
5037,13,7,1,0,0,21,0.6190476190476191
5038,15,7,1,0,0,23,0.6521739130434783
5039,14,6,1,0,0,21,0.6666666666666666
5040,16,6,1,0,0,23,0.6956521739130435
5041,16,7,2,0,0,25,0.64
5042,14,7,1,0,0,22,0.6363636363636364
5043,18,8,2,0,0,28,0.6428571428571429
5044,15,7,1,0,0,23,0.6521739130434783
5045,14,6,1,0,0,21,0.6666666666666666
5046,16,7,1,0,0,24,0.6666666666666666
5047,15,7,1,0,0,23,0.6521739130434783
5048,13,8,1,0,0,22,0.5909090909090909
5049,13,7,1,0,0,21,0.6190476190476191
5050,14,6,1,0,0,21,0.6666666666666666
5051,16,6,1,0,0,23,0.6956521739130435
5052,16,7,1,0,0,24,0.6666666666666666
5053,16,6,1,0,0,23,0.6956521739130435
5054,14,6,1,0,0,21,0.6666666666666666
5055,15,6,1,0,0,22,0.6818181818181818
5056,15,7,2,0,0,24,0.625
5057,14,7,1,0,0,22,0.6363636363636364
5058,15,7,1,0,0,23,0.6521739130434783
5059,16,7,1,0,0,24,0.6666666666666666
5060,16,6,1,0,0,23,0.6956521739130435
5061,17,6,2,0,0,25,0.68
5062,17,6,1,0,0,24,0.7083333333333334
5063,15,6,1,0,0,22,0.6818181818181818
5064,18,6,1,0,0,25,0.72
5065,18,7,1,0,0,26,0.6923076923076923
5066,15,7,1,0,0,23,0.6521739130434783
5067,15,6,1,0,0,22,0.6818181818181818
5068,13,6,1,0,0,20,0.65
5069,12,7,1,0,0,20,0.6
5070,16,7,1,0,0,24,0.6666666666666666
5071,17,7,1,0,0,25,0.68
5072,14,6,1,0,0,21,0.6666666666666666
5073,14,6,1,0,0,21,0.6666666666666666
5074,16,6,1,0,0,23,0.6956521739130435
5075,16,6,2,0,0,24,0.6666666666666666
5076,15,7,2,0,0,24,0.625
5077,15,6,1,0,0,22,0.6818181818181818
5078,17,6,2,0,0,25,0.68
5079,16,5,2,0,0,23,0.6956521739130435
5080,17,6,2,0,0,25,0.68
5081,14,7,1,0,0,22,0.6363636363636364
5082,16,6,2,0,0,24,0.6666666666666666
5083,15,7,2,0,0,24,0.625
5084,17,6,2,0,0,25,0.68
5085,14,6,1,0,0,21,0.6666666666666666
5086,16,6,1,0,0,23,0.6956521739130435
5087,14,6,1,0,0,21,0.6666666666666666
5088,14,6,1,0,0,21,0.6666666666666666
5089,12,6,2,0,0,20,0.6
5090,15,6,1,0,0,22,0.6818181818181818
5091,15,6,2,0,0,23,0.6521739130434783
5092,17,7,2,0,0,26,0.6538461538461539
5093,14,6,1,0,0,21,0.6666666666666666
5094,14,8,2,0,0,24,0.5833333333333334
5095,14,7,1,0,0,22,0.6363636363636364
5096,17,6,1,0,0,24,0.7083333333333334
5097,15,6,1,0,0,22,0.6818181818181818
5098,14,6,2,0,0,22,0.6363636363636364
5099,17,6,1,0,0,24,0.7083333333333334
5100,14,6,2,0,0,22,0.6363636363636364
5101,14,6,2,0,0,22,0.6363636363636364
5102,13,6,2,0,0,21,0.6190476190476191
5103,17,6,2,0,0,25,0.68
5104,17,6,2,0,0,25,0.68
5105,15,6,1,0,0,22,0.6818181818181818
5106,16,7,2,0,0,25,0.64
5107,16,6,2,0,0,24,0.6666666666666666
5108,15,7,1,0,0,23,0.6521739130434783
5109,13,7,1,0,0,21,0.6190476190476191
5110,13,6,1,0,0,20,0.65
5111,15,6,2,0,0,23,0.6521739130434783
5112,16,6,2,0,0,24,0.6666666666666666
5113,17,8,2,0,0,27,0.6296296296296297
5114,13,6,2,0,0,21,0.6190476190476191
5115,15,6,2,0,0,23,0.6521739130434783
5116,13,6,2,0,0,21,0.6190476190476191
5117,15,6,2,0,0,23,0.6521739130434783
5118,17,6,2,0,0,25,0.68
5119,15,6,2,0,0,23,0.6521739130434783
5120,15,6,2,0,0,23,0.6521739130434783
5121,13,6,1,0,0,20,0.65
5122,14,6,2,0,0,22,0.6363636363636364
5123,12,6,1,0,0,19,0.631578947368421
5124,14,7,2,0,0,23,0.6086956521739131
5125,12,7,1,0,0,20,0.6
5126,15,6,1,0,0,22,0.6818181818181818
5127,16,6,1,0,0,23,0.6956521739130435
5128,14,6,1,0,0,21,0.6666666666666666
5129,13,6,2,0,0,21,0.6190476190476191
5130,14,6,2,0,0,22,0.6363636363636364
5131,15,5,2,0,0,22,0.6818181818181818
5132,18,6,1,0,0,25,0.72
5133,15,6,2,0,0,23,0.6521739130434783
5134,17,6,1,0,0,24,0.7083333333333334
5135,15,6,1,0,0,22,0.6818181818181818
5136,16,6,2,0,0,24,0.6666666666666666
5137,16,6,2,0,0,24,0.6666666666666666
5138,15,6,2,0,0,23,0.6521739130434783
5139,16,6,2,0,0,24,0.6666666666666666
5140,15,6,2,0,0,23,0.6521739130434783
5141,14,6,2,0,0,22,0.6363636363636364
5142,15,7,1,0,0,23,0.6521739130434783
5143,12,6,2,0,0,20,0.6
5144,17,6,2,0,0,25,0.68
5145,16,5,2,0,0,23,0.6956521739130435
5146,16,7,2,0,0,25,0.64
5147,14,6,2,0,0,22,0.6363636363636364
5148,15,6,2,0,0,23,0.6521739130434783
5149,12,5,1,0,0,18,0.6666666666666666
5150,13,6,2,0,0,21,0.6190476190476191
5151,16,7,2,0,0,25,0.64
5152,16,7,2,0,0,25,0.64
5153,14,5,2,0,0,21,0.6666666666666666
5154,15,6,2,0,0,23,0.6521739130434783
5155,15,6,2,0,0,23,0.6521739130434783
5156,16,6,2,0,0,24,0.6666666666666666
5157,15,7,2,0,0,24,0.625
5158,11,6,1,0,0,18,0.6111111111111112
5159,14,6,2,0,0,22,0.6363636363636364
5160,16,6,2,0,0,24,0.6666666666666666
5161,13,6,2,0,0,21,0.6190476190476191
5162,15,7,2,0,0,24,0.625
5163,15,6,2,0,0,23,0.6521739130434783
5164,16,6,2,0,0,24,0.6666666666666666
5165,14,6,2,0,0,22,0.6363636363636364
5166,16,6,2,0,0,24,0.6666666666666666
5167,15,6,1,0,0,22,0.6818181818181818
5168,14,6,2,0,0,22,0.6363636363636364
5169,15,7,2,0,0,24,0.625
5170,15,5,1,0,0,21,0.7142857142857143
5171,17,7,2,0,0,26,0.6538461538461539
5172,16,7,2,0,0,25,0.64
5173,13,5,2,0,0,20,0.65
5174,14,6,2,0,0,22,0.6363636363636364
5175,15,7,1,0,0,23,0.6521739130434783
5176,14,6,2,0,0,22,0.6363636363636364
5177,17,7,2,0,0,26,0.6538461538461539
5178,16,7,2,0,0,25,0.64
5179,17,6,2,0,0,25,0.68
5180,16,5,1,0,0,22,0.7272727272727273
5181,13,6,1,0,0,20,0.65
5182,18,7,1,0,0,26,0.6923076923076923
5183,15,6,2,0,0,23,0.6521739130434783
5184,16,5,2,0,0,23,0.6956521739130435
5185,13,6,2,0,0,21,0.6190476190476191
5186,14,6,1,0,0,21,0.6666666666666666
5187,15,6,2,0,0,23,0.6521739130434783
5188,16,6,2,0,0,24,0.6666666666666666
5189,15,6,1,0,0,22,0.6818181818181818
5190,16,6,1,0,0,23,0.6956521739130435
5191,16,6,2,0,0,24,0.6666666666666666
5192,11,6,1,0,0,18,0.6111111111111112
5193,14,6,1,0,0,21,0.6666666666666666
5194,15,6,1,0,0,22,0.6818181818181818
5195,14,5,2,0,0,21,0.6666666666666666
5196,16,5,1,0,0,22,0.7272727272727273
5197,15,5,2,0,0,22,0.6818181818181818
5198,13,5,2,0,0,20,0.65
5199,17,6,2,0,0,25,0.68
5200,14,6,2,0,0,22,0.6363636363636364
5201,15,5,1,0,0,21,0.7142857142857143
5202,14,6,2,0,0,22,0.6363636363636364
5203,16,6,2,0,0,24,0.6666666666666666
5204,15,6,2,0,0,23,0.6521739130434783
5205,15,5,1,0,0,21,0.7142857142857143
5206,14,6,1,0,0,21,0.6666666666666666
5207,18,6,2,0,0,26,0.6923076923076923
5208,14,6,2,0,0,22,0.6363636363636364
5209,16,6,2,0,0,24,0.6666666666666666
5210,15,6,2,0,0,23,0.6521739130434783
5211,16,5,2,0,0,23,0.6956521739130435
5212,14,6,2,0,0,22,0.6363636363636364
5213,17,5,1,0,0,23,0.7391304347826086
5214,14,5,2,0,0,21,0.6666666666666666
5215,15,5,1,0,0,21,0.7142857142857143
5216,13,5,1,0,0,19,0.6842105263157895
5217,12,5,1,0,0,18,0.6666666666666666
5218,14,5,2,0,0,21,0.6666666666666666
5219,17,4,2,0,0,23,0.7391304347826086
5220,17,6,2,0,0,25,0.68
5221,12,5,2,0,0,19,0.631578947368421
5222,12,6,2,0,0,20,0.6
5223,16,5,2,0,0,23,0.6956521739130435
5224,16,5,2,0,0,23,0.6956521739130435
5225,13,6,2,0,0,21,0.6190476190476191
5226,17,5,2,0,0,24,0.7083333333333334
5227,13,5,1,0,0,19,0.6842105263157895
5228,12,5,1,0,0,18,0.6666666666666666
5229,14,6,2,0,0,22,0.6363636363636364
5230,15,6,2,0,0,23,0.6521739130434783
5231,16,5,1,0,0,22,0.7272727272727273
5232,14,6,1,0,0,21,0.6666666666666666
5233,11,5,1,0,0,17,0.6470588235294118
5234,15,6,1,0,0,22,0.6818181818181818
5235,12,5,1,0,0,18,0.6666666666666666
5236,12,6,1,0,0,19,0.631578947368421
5237,15,6,1,0,0,22,0.6818181818181818
5238,14,5,2,0,0,21,0.6666666666666666
5239,15,7,2,0,0,24,0.625
5240,15,5,2,0,0,22,0.6818181818181818
5241,17,7,2,0,0,26,0.6538461538461539
5242,16,6,1,0,0,23,0.6956521739130435
5243,13,6,1,0,0,20,0.65
5244,16,6,2,0,0,24,0.6666666666666666
5245,15,5,2,0,0,22,0.6818181818181818
5246,17,5,1,0,0,23,0.7391304347826086
5247,15,5,1,0,0,21,0.7142857142857143
5248,15,5,1,0,0,21,0.7142857142857143
5249,13,5,1,0,0,19,0.6842105263157895
5250,14,5,2,0,0,21,0.6666666666666666
5251,17,7,2,0,0,26,0.6538461538461539
5252,15,6,1,0,0,22,0.6818181818181818
5253,13,6,2,0,0,21,0.6190476190476191
5254,15,6,2,0,0,23,0.6521739130434783
5255,12,5,2,0,0,19,0.631578947368421
5256,17,6,2,0,0,25,0.68
5257,17,6,2,0,0,25,0.68
5258,17,6,2,0,0,25,0.68
5259,17,6,2,0,0,25,0.68
5260,17,7,2,0,0,26,0.6538461538461539
5261,15,6,2,0,0,23,0.6521739130434783
5262,16,7,2,0,0,25,0.64
5263,16,6,2,0,0,24,0.6666666666666666
5264,14,6,1,0,0,21,0.6666666666666666
5265,16,6,2,0,0,24,0.6666666666666666
5266,13,6,1,0,0,20,0.65
5267,15,7,2,0,0,24,0.625
5268,16,7,2,0,0,25,0.64
5269,14,6,1,0,0,21,0.6666666666666666
5270,17,6,2,0,0,25,0.68
5271,12,8,1,0,0,21,0.5714285714285714
5272,14,7,1,0,0,22,0.6363636363636364
5273,14,6,1,0,0,21,0.6666666666666666
5274,16,7,1,0,0,24,0.6666666666666666
5275,15,7,1,0,0,23,0.6521739130434783
5276,13,7,1,0,0,21,0.6190476190476191
5277,12,6,1,0,0,19,0.631578947368421
5278,14,6,1,0,0,21,0.6666666666666666
5279,15,7,1,0,0,23,0.6521739130434783
5280,13,7,2,0,0,22,0.5909090909090909
5281,12,5,1,0,0,18,0.6666666666666666
5282,13,5,1,0,0,19,0.6842105263157895
5283,16,5,1,0,0,22,0.7272727272727273
5284,17,7,1,0,0,25,0.68
5285,15,6,1,0,0,22,0.6818181818181818
5286,15,6,2,0,0,23,0.6521739130434783
5287,16,7,2,0,0,25,0.64
5288,14,6,1,0,0,21,0.6666666666666666
5289,15,5,2,0,0,22,0.6818181818181818
5290,13,6,1,0,0,20,0.65
5291,12,6,1,0,0,19,0.631578947368421
5292,16,5,1,0,0,22,0.7272727272727273
5293,14,6,2,0,0,22,0.6363636363636364
5294,15,7,2,0,0,24,0.625
5295,14,6,1,0,0,21,0.6666666666666666
5296,14,5,2,0,0,21,0.6666666666666666
5297,15,6,2,0,0,23,0.6521739130434783
5298,13,6,1,0,0,20,0.65
5299,14,5,1,0,0,20,0.7
5300,14,4,1,0,0,19,0.7368421052631579
5301,15,5,1,0,0,21,0.7142857142857143
5302,13,6,2,0,0,21,0.6190476190476191
5303,12,5,2,0,0,19,0.631578947368421
5304,14,5,2,0,0,21,0.6666666666666666
5305,12,6,1,0,0,19,0.631578947368421
5306,15,6,2,0,0,23,0.6521739130434783
5307,16,6,1,0,0,23,0.6956521739130435
5308,16,6,2,0,0,24,0.6666666666666666
5309,14,6,2,0,0,22,0.6363636363636364
5310,16,5,2,0,0,23,0.6956521739130435
5311,16,6,1,0,0,23,0.6956521739130435
5312,13,5,2,0,0,20,0.65
5313,14,5,2,0,0,21,0.6666666666666666
5314,16,7,1,0,0,24,0.6666666666666666
5315,15,5,2,0,0,22,0.6818181818181818
5316,13,7,2,0,0,22,0.5909090909090909
5317,15,6,1,0,0,22,0.6818181818181818
5318,16,6,2,0,0,24,0.6666666666666666
5319,16,6,2,0,0,24,0.6666666666666666
5320,14,6,1,0,0,21,0.6666666666666666
5321,16,6,2,0,0,24,0.6666666666666666
5322,13,5,2,0,0,20,0.65
5323,12,6,2,0,0,20,0.6
5324,14,6,1,0,0,21,0.6666666666666666
5325,13,6,2,0,0,21,0.6190476190476191
5326,15,6,2,0,0,23,0.6521739130434783
5327,15,5,2,0,0,22,0.6818181818181818
5328,13,7,2,0,0,22,0.5909090909090909
5329,13,6,2,0,0,21,0.6190476190476191
5330,14,6,2,0,0,22,0.6363636363636364
5331,17,6,2,0,0,25,0.68
5332,14,6,2,0,0,22,0.6363636363636364
5333,11,7,2,0,0,20,0.55
5334,14,7,2,0,0,23,0.6086956521739131
5335,14,6,2,0,0,22,0.6363636363636364
5336,15,6,1,0,0,22,0.6818181818181818
5337,14,6,1,0,0,21,0.6666666666666666
5338,13,6,2,0,0,21,0.6190476190476191
5339,14,5,2,0,0,21,0.6666666666666666
5340,16,6,2,0,0,24,0.6666666666666666
5341,18,6,2,0,0,26,0.6923076923076923
5342,15,6,1,0,0,22,0.6818181818181818
5343,15,6,2,0,0,23,0.6521739130434783
5344,15,6,1,0,0,22,0.6818181818181818
5345,16,6,2,0,0,24,0.6666666666666666
5346,15,6,2,0,0,23,0.6521739130434783
5347,13,6,1,0,0,20,0.65
5348,15,6,2,0,0,23,0.6521739130434783
5349,14,6,1,0,0,21,0.6666666666666666
5350,15,8,2,0,0,25,0.6
5351,14,6,2,0,0,22,0.6363636363636364
5352,15,5,2,0,0,22,0.6818181818181818
5353,16,5,2,0,0,23,0.6956521739130435
5354,16,6,2,0,0,24,0.6666666666666666
5355,15,7,1,0,0,23,0.6521739130434783
5356,15,5,2,0,0,22,0.6818181818181818
5357,15,6,2,0,0,23,0.6521739130434783
5358,16,6,2,0,0,24,0.6666666666666666
5359,15,6,2,0,0,23,0.6521739130434783
5360,15,6,1,0,0,22,0.6818181818181818
5361,17,5,2,0,0,24,0.7083333333333334
5362,14,5,2,0,0,21,0.6666666666666666
5363,17,6,2,0,0,25,0.68
5364,18,6,2,0,0,26,0.6923076923076923
5365,15,6,1,0,0,22,0.6818181818181818
5366,17,6,1,0,0,24,0.7083333333333334
5367,12,5,2,0,0,19,0.631578947368421
5368,15,7,1,0,0,23,0.6521739130434783
5369,16,8,2,0,0,26,0.6153846153846154
5370,13,6,2,0,0,21,0.6190476190476191
5371,14,5,2,0,0,21,0.6666666666666666
5372,15,7,1,0,0,23,0.6521739130434783
5373,16,6,2,0,0,24,0.6666666666666666
5374,15,6,2,0,0,23,0.6521739130434783
5375,13,5,1,0,0,19,0.6842105263157895
5376,14,5,2,0,0,21,0.6666666666666666
5377,14,6,2,0,0,22,0.6363636363636364
5378,16,5,1,0,0,22,0.7272727272727273
5379,13,6,2,0,0,21,0.6190476190476191
5380,16,7,1,0,0,24,0.6666666666666666
5381,17,6,2,0,0,25,0.68
5382,14,5,2,0,0,21,0.6666666666666666
5383,14,5,2,0,0,21,0.6666666666666666
5384,14,5,1,0,0,20,0.7
5385,15,6,2,0,0,23,0.6521739130434783
5386,14,5,1,0,0,20,0.7
5387,15,5,1,0,0,21,0.7142857142857143
5388,14,6,1,0,0,21,0.6666666666666666
5389,16,6,2,0,0,24,0.6666666666666666
5390,13,6,1,0,0,20,0.65
5391,13,7,2,0,0,22,0.5909090909090909
5392,15,6,2,0,0,23,0.6521739130434783
5393,16,5,2,0,0,23,0.6956521739130435
5394,18,6,2,0,0,26,0.6923076923076923
5395,16,5,2,0,0,23,0.6956521739130435
5396,14,5,1,0,0,20,0.7
5397,13,6,1,0,0,20,0.65
5398,15,7,2,0,0,24,0.625
5399,17,5,2,0,0,24,0.7083333333333334
5400,14,5,2,0,0,21,0.6666666666666666
5401,15,5,2,0,0,22,0.6818181818181818
5402,15,5,1,0,0,21,0.7142857142857143
5403,17,6,2,0,0,25,0.68
5404,14,7,2,0,0,23,0.6086956521739131
5405,17,5,1,0,0,23,0.7391304347826086
5406,15,5,2,0,0,22,0.6818181818181818
5407,18,6,2,0,0,26,0.6923076923076923
5408,16,6,1,0,0,23,0.6956521739130435
5409,17,6,2,0,0,25,0.68
5410,12,5,2,0,0,19,0.631578947368421
5411,16,6,1,0,0,23,0.6956521739130435
5412,14,6,2,0,0,22,0.6363636363636364
5413,17,6,2,0,0,25,0.68
5414,17,6,2,0,0,25,0.68
5415,16,5,2,0,0,23,0.6956521739130435
5416,15,6,1,0,0,22,0.6818181818181818
5417,14,6,2,0,0,22,0.6363636363636364
5418,14,7,2,0,0,23,0.6086956521739131
5419,14,6,1,0,0,21,0.6666666666666666
5420,17,6,2,0,0,25,0.68
5421,17,6,1,0,0,24,0.7083333333333334
5422,15,5,2,0,0,22,0.6818181818181818
5423,15,5,2,0,0,22,0.6818181818181818
5424,18,6,2,0,0,26,0.6923076923076923
5425,16,6,2,0,0,24,0.6666666666666666
5426,16,6,1,0,0,23,0.6956521739130435
5427,16,7,2,0,0,25,0.64
5428,15,6,2,0,0,23,0.6521739130434783
5429,14,5,1,0,0,20,0.7
5430,15,5,2,0,0,22,0.6818181818181818
5431,12,5,1,0,0,18,0.6666666666666666
5432,15,5,2,0,0,22,0.6818181818181818
5433,15,6,2,0,0,23,0.6521739130434783
5434,16,7,2,0,0,25,0.64
5435,15,5,1,0,0,21,0.7142857142857143
5436,19,5,1,0,0,25,0.76
5437,16,6,1,0,0,23,0.6956521739130435
5438,16,5,1,0,0,22,0.7272727272727273
5439,14,5,2,0,0,21,0.6666666666666666
5440,15,5,2,0,0,22,0.6818181818181818
5441,12,5,2,0,0,19,0.631578947368421
5442,14,5,1,0,0,20,0.7
5443,16,5,1,0,0,22,0.7272727272727273
5444,15,7,2,0,0,24,0.625
5445,18,5,1,0,0,24,0.75
5446,15,6,1,0,0,22,0.6818181818181818
5447,12,6,1,0,0,19,0.631578947368421
5448,14,5,1,0,0,20,0.7
5449,13,5,2,0,0,20,0.65
5450,15,5,1,0,0,21,0.7142857142857143
5451,17,5,2,0,0,24,0.7083333333333334
5452,14,5,2,0,0,21,0.6666666666666666
5453,15,6,2,0,0,23,0.6521739130434783
5454,16,6,2,0,0,24,0.6666666666666666
5455,17,5,2,0,0,24,0.7083333333333334
5456,15,6,1,0,0,22,0.6818181818181818
5457,17,5,1,0,0,23,0.7391304347826086
5458,15,6,1,0,0,22,0.6818181818181818
5459,16,7,1,0,0,24,0.6666666666666666
5460,15,6,2,0,0,23,0.6521739130434783
5461,15,7,1,0,0,23,0.6521739130434783
5462,19,5,2,0,0,26,0.7307692307692307
5463,14,6,2,0,0,22,0.6363636363636364
5464,14,6,1,0,0,21,0.6666666666666666
5465,17,6,2,0,0,25,0.68
5466,17,5,2,0,0,24,0.7083333333333334
5467,14,6,2,0,0,22,0.6363636363636364
5468,18,7,2,0,0,27,0.6666666666666666
5469,17,5,2,0,0,24,0.7083333333333334
5470,16,5,2,0,0,23,0.6956521739130435
5471,15,6,2,0,0,23,0.6521739130434783
5472,18,6,2,0,0,26,0.6923076923076923
5473,16,6,2,0,0,24,0.6666666666666666
5474,17,6,2,0,0,25,0.68
5475,16,7,2,0,0,25,0.64
5476,14,5,2,0,0,21,0.6666666666666666
5477,14,5,2,0,0,21,0.6666666666666666
5478,15,6,2,0,0,23,0.6521739130434783
5479,15,7,2,0,0,24,0.625
5480,13,5,2,0,0,20,0.65
5481,16,6,2,0,0,24,0.6666666666666666
5482,12,5,2,0,0,19,0.631578947368421
5483,17,6,2,0,0,25,0.68
5484,15,6,2,0,0,23,0.6521739130434783
5485,15,6,2,0,0,23,0.6521739130434783
5486,16,5,2,0,0,23,0.6956521739130435
5487,14,5,2,0,0,21,0.6666666666666666
5488,14,6,2,0,0,22,0.6363636363636364
5489,14,6,2,0,0,22,0.6363636363636364
5490,18,6,2,0,0,26,0.6923076923076923
5491,13,6,2,0,0,21,0.6190476190476191
5492,17,7,2,0,0,26,0.6538461538461539
5493,16,6,2,0,0,24,0.6666666666666666
5494,14,6,2,0,0,22,0.6363636363636364
5495,16,6,2,0,0,24,0.6666666666666666
5496,15,8,2,0,0,25,0.6
5497,15,6,2,0,0,23,0.6521739130434783
5498,12,6,2,0,0,20,0.6
5499,16,6,2,0,0,24,0.6666666666666666
5500,12,7,2,0,0,21,0.5714285714285714
5501,11,7,2,0,0,20,0.55
5502,14,7,1,0,0,22,0.6363636363636364
5503,14,6,2,0,0,22,0.6363636363636364
5504,16,5,2,0,0,23,0.6956521739130435
5505,15,6,2,0,0,23,0.6521739130434783
5506,15,6,2,0,0,23,0.6521739130434783
5507,13,6,2,0,0,21,0.6190476190476191
5508,16,7,2,0,0,25,0.64
5509,13,8,2,0,0,23,0.5652173913043478
5510,16,7,2,0,0,25,0.64
5511,14,6,2,0,0,22,0.6363636363636364
5512,15,6,2,0,0,23,0.6521739130434783
5513,13,5,2,0,0,20,0.65
5514,15,6,2,0,0,23,0.6521739130434783
5515,11,5,2,0,0,18,0.6111111111111112
5516,13,5,1,0,0,19,0.6842105263157895
5517,15,5,2,0,0,22,0.6818181818181818
5518,15,6,2,0,0,23,0.6521739130434783
5519,15,6,1,0,0,22,0.6818181818181818
5520,17,5,2,0,0,24,0.7083333333333334
5521,17,7,2,0,0,26,0.6538461538461539
5522,12,6,2,0,0,20,0.6
5523,14,5,2,0,0,21,0.6666666666666666
5524,15,6,2,0,0,23,0.6521739130434783
5525,13,4,2,0,0,19,0.6842105263157895
5526,16,6,2,0,0,24,0.6666666666666666
5527,16,6,2,0,0,24,0.6666666666666666
5528,16,6,2,0,0,24,0.6666666666666666
5529,16,6,2,0,0,24,0.6666666666666666
5530,18,5,2,0,0,25,0.72
5531,13,6,2,0,0,21,0.6190476190476191
5532,15,8,2,0,0,25,0.6
5533,15,7,1,0,0,23,0.6521739130434783
5534,14,7,2,0,0,23,0.6086956521739131
5535,13,6,2,0,0,21,0.6190476190476191
5536,14,5,2,0,0,21,0.6666666666666666
5537,11,6,1,0,0,18,0.6111111111111112
5538,12,6,2,0,0,20,0.6
5539,15,6,2,0,0,23,0.6521739130434783
5540,14,7,2,0,0,23,0.6086956521739131
5541,15,5,2,0,0,22,0.6818181818181818
5542,13,5,2,0,0,20,0.65
5543,14,6,2,0,0,22,0.6363636363636364
5544,16,5,2,0,0,23,0.6956521739130435
5545,12,7,2,0,0,21,0.5714285714285714
5546,14,5,2,0,0,21,0.6666666666666666
5547,12,7,2,0,0,21,0.5714285714285714
5548,15,7,2,0,0,24,0.625
5549,15,8,2,0,0,25,0.6
5550,16,5,2,0,0,23,0.6956521739130435
5551,15,6,2,0,0,23,0.6521739130434783
5552,15,7,2,0,0,24,0.625
5553,12,6,2,0,0,20,0.6
5554,14,6,2,0,0,22,0.6363636363636364
5555,16,7,2,0,0,25,0.64
5556,17,7,2,0,0,26,0.6538461538461539
5557,16,7,2,0,0,25,0.64
5558,16,7,2,0,0,25,0.64
5559,13,6,2,0,0,21,0.6190476190476191
5560,14,7,2,0,0,23,0.6086956521739131
5561,13,7,2,0,0,22,0.5909090909090909
5562,15,7,2,0,0,24,0.625
5563,15,6,2,0,0,23,0.6521739130434783
5564,16,7,2,0,0,25,0.64
5565,16,7,2,0,0,25,0.64
5566,14,6,2,0,0,22,0.6363636363636364
5567,13,6,2,0,0,21,0.6190476190476191
5568,14,6,2,0,0,22,0.6363636363636364
5569,13,5,2,0,0,20,0.65
5570,15,5,2,0,0,22,0.6818181818181818
5571,13,6,2,0,0,21,0.6190476190476191
5572,12,6,2,0,0,20,0.6
5573,13,7,2,0,0,22,0.5909090909090909
5574,15,6,2,0,0,23,0.6521739130434783
5575,14,6,2,0,0,22,0.6363636363636364
5576,14,8,2,0,0,24,0.5833333333333334
5577,12,5,2,0,0,19,0.631578947368421
5578,16,6,2,0,0,24,0.6666666666666666
5579,13,6,1,0,0,20,0.65
5580,13,6,2,0,0,21,0.6190476190476191
5581,15,6,2,0,0,23,0.6521739130434783
5582,16,6,2,0,0,24,0.6666666666666666
5583,15,6,2,0,0,23,0.6521739130434783
5584,16,7,2,0,0,25,0.64
5585,14,6,1,0,0,21,0.6666666666666666
5586,18,7,2,0,0,27,0.6666666666666666
5587,15,7,2,0,0,24,0.625
5588,14,6,2,0,0,22,0.6363636363636364
5589,15,7,2,0,0,24,0.625
5590,16,7,2,0,0,25,0.64
5591,13,6,2,0,0,21,0.6190476190476191
5592,15,7,2,0,0,24,0.625
5593,15,6,2,0,0,23,0.6521739130434783
5594,16,5,2,0,0,23,0.6956521739130435
5595,12,6,1,0,0,19,0.631578947368421
5596,15,6,2,0,0,23,0.6521739130434783
5597,16,6,2,0,0,24,0.6666666666666666
5598,14,5,2,0,0,21,0.6666666666666666
5599,15,6,2,0,0,23,0.6521739130434783
