frame,n_hydrophobic,n_polar,n_pos_charged,n_neg_charged,n_other,n_total,frac_hydrophobic
0,12,0,4,2,0,18,0.6666666666666666
1,12,0,4,2,0,18,0.6666666666666666
2,11,0,4,2,0,17,0.6470588235294118
3,13,0,4,2,0,19,0.6842105263157895
4,12,0,4,2,0,18,0.6666666666666666
5,11,0,3,2,0,16,0.6875
6,11,0,4,2,0,17,0.6470588235294118
7,11,0,4,2,0,17,0.6470588235294118
8,13,1,4,2,0,20,0.65
9,13,0,4,2,0,19,0.6842105263157895
10,11,0,3,2,0,16,0.6875
11,11,0,3,2,0,16,0.6875
12,11,0,4,2,0,17,0.6470588235294118
13,10,0,3,1,0,14,0.7142857142857143
14,12,0,4,3,0,19,0.631578947368421
15,12,0,3,2,0,17,0.7058823529411765
16,12,0,4,2,0,18,0.6666666666666666
17,11,0,3,2,0,16,0.6875
18,11,0,3,2,0,16,0.6875
19,13,0,4,2,0,19,0.6842105263157895
20,12,0,4,2,0,18,0.6666666666666666
21,10,0,3,2,0,15,0.6666666666666666
22,12,0,4,2,0,18,0.6666666666666666
23,13,0,4,2,0,19,0.6842105263157895
24,11,0,3,2,0,16,0.6875
25,11,0,4,2,0,17,0.6470588235294118
26,11,0,3,3,0,17,0.6470588235294118
27,10,0,4,1,0,15,0.6666666666666666
28,12,0,3,2,0,17,0.7058823529411765
29,14,0,3,2,0,19,0.7368421052631579
30,12,0,4,2,0,18,0.6666666666666666
31,13,0,4,2,0,19,0.6842105263157895
32,12,0,4,2,0,18,0.6666666666666666
33,10,0,3,2,0,15,0.6666666666666666
34,12,0,2,2,0,16,0.75
35,11,1,4,2,0,18,0.6111111111111112
36,11,0,4,2,0,17,0.6470588235294118
37,14,0,4,2,0,20,0.7
38,12,0,4,2,0,18,0.6666666666666666
39,13,0,4,2,0,19,0.6842105263157895
40,14,0,4,2,0,20,0.7
41,15,0,4,1,0,20,0.75
42,11,0,4,2,0,17,0.6470588235294118
43,11,1,4,2,0,18,0.6111111111111112
44,14,0,4,2,0,20,0.7
45,12,0,4,2,0,18,0.6666666666666666
46,13,0,4,2,0,19,0.6842105263157895
47,13,0,4,2,0,19,0.6842105263157895
48,13,0,3,2,0,18,0.7222222222222222
49,11,0,3,2,0,16,0.6875
50,11,0,4,2,0,17,0.6470588235294118
51,13,0,3,2,0,18,0.7222222222222222
52,10,0,3,2,0,15,0.6666666666666666
53,12,0,4,2,0,18,0.6666666666666666
54,11,0,4,1,0,16,0.6875
55,12,0,4,2,0,18,0.6666666666666666
56,13,1,4,2,0,20,0.65
57,13,0,4,2,0,19,0.6842105263157895
58,12,0,4,2,0,18,0.6666666666666666
59,11,0,4,2,0,17,0.6470588235294118
60,12,0,4,2,0,18,0.6666666666666666
61,11,0,4,2,0,17,0.6470588235294118
62,12,0,4,2,0,18,0.6666666666666666
63,10,0,4,2,0,16,0.625
64,13,0,3,2,0,18,0.7222222222222222
65,11,0,4,2,0,17,0.6470588235294118
66,11,0,4,2,0,17,0.6470588235294118
67,12,0,4,2,0,18,0.6666666666666666
68,10,0,4,2,0,16,0.625
69,11,0,4,2,0,17,0.6470588235294118
70,13,0,4,2,0,19,0.6842105263157895
71,12,0,4,2,0,18,0.6666666666666666
72,11,0,4,2,0,17,0.6470588235294118
73,13,0,4,2,0,19,0.6842105263157895
74,13,0,3,2,0,18,0.7222222222222222
75,11,0,4,2,0,17,0.6470588235294118
76,11,0,4,2,0,17,0.6470588235294118
77,11,0,4,3,0,18,0.6111111111111112
78,10,0,4,2,0,16,0.625
79,12,0,4,2,0,18,0.6666666666666666
80,12,0,4,2,0,18,0.6666666666666666
81,11,0,4,2,0,17,0.6470588235294118
82,12,0,3,2,0,17,0.7058823529411765
83,10,0,3,3,0,16,0.625
84,10,0,3,2,0,15,0.6666666666666666
85,11,0,4,2,0,17,0.6470588235294118
86,11,0,4,2,0,17,0.6470588235294118
87,12,0,4,2,0,18,0.6666666666666666
88,10,0,4,2,0,16,0.625
89,13,0,4,2,0,19,0.6842105263157895
90,11,0,4,2,0,17,0.6470588235294118
91,11,0,4,2,0,17,0.6470588235294118
92,11,0,3,3,0,17,0.6470588235294118
93,11,0,4,3,0,18,0.6111111111111112
94,12,0,3,2,0,17,0.7058823529411765
95,11,0,4,2,0,17,0.6470588235294118
96,10,0,4,2,0,16,0.625
97,12,0,3,3,0,18,0.6666666666666666
98,12,0,4,2,0,18,0.6666666666666666
99,12,0,4,2,0,18,0.6666666666666666
100,11,0,4,3,0,18,0.6111111111111112
101,11,0,3,2,0,16,0.6875
102,13,0,4,2,0,19,0.6842105263157895
103,11,0,4,2,0,17,0.6470588235294118
104,11,0,4,2,0,17,0.6470588235294118
105,10,0,4,2,0,16,0.625
106,11,0,4,2,0,17,0.6470588235294118
107,12,0,4,2,0,18,0.6666666666666666
108,11,0,4,2,0,17,0.6470588235294118
109,12,0,4,2,0,18,0.6666666666666666
110,12,0,4,2,0,18,0.6666666666666666
111,13,0,4,2,0,19,0.6842105263157895
112,12,0,4,3,0,19,0.631578947368421
113,13,0,3,2,0,18,0.7222222222222222
114,11,0,3,2,0,16,0.6875
115,13,0,3,2,0,18,0.7222222222222222
116,13,0,4,2,0,19,0.6842105263157895
117,12,0,4,2,0,18,0.6666666666666666
118,10,0,4,2,0,16,0.625
119,12,1,3,2,0,18,0.6666666666666666
120,14,0,4,2,0,20,0.7
121,12,0,4,2,0,18,0.6666666666666666
122,12,0,4,2,0,18,0.6666666666666666
123,13,0,3,2,0,18,0.7222222222222222
124,13,0,4,2,0,19,0.6842105263157895
125,13,0,4,3,0,20,0.65
126,13,0,4,2,0,19,0.6842105263157895
127,11,0,4,2,0,17,0.6470588235294118
128,13,0,4,2,0,19,0.6842105263157895
129,13,0,4,2,0,19,0.6842105263157895
130,11,0,3,2,0,16,0.6875
131,12,1,4,2,0,19,0.631578947368421
132,12,0,4,3,0,19,0.631578947368421
133,12,0,4,3,0,19,0.631578947368421
134,13,0,3,2,0,18,0.7222222222222222
135,13,0,4,2,0,19,0.6842105263157895
136,10,0,3,2,0,15,0.6666666666666666
137,11,0,3,2,0,16,0.6875
138,12,0,4,2,0,18,0.6666666666666666
139,12,0,4,2,0,18,0.6666666666666666
140,14,0,4,2,0,20,0.7
141,11,0,3,3,0,17,0.6470588235294118
142,11,0,4,2,0,17,0.6470588235294118
143,11,0,4,2,0,17,0.6470588235294118
144,12,0,4,2,0,18,0.6666666666666666
145,13,0,4,2,0,19,0.6842105263157895
146,11,0,4,2,0,17,0.6470588235294118
147,11,0,4,3,0,18,0.6111111111111112
148,12,0,3,2,0,17,0.7058823529411765
149,10,1,3,2,0,16,0.625
150,11,0,3,2,0,16,0.6875
151,13,0,4,2,0,19,0.6842105263157895
152,12,0,4,2,0,18,0.6666666666666666
153,11,0,4,2,0,17,0.6470588235294118
154,11,0,4,2,0,17,0.6470588235294118
155,12,0,4,2,0,18,0.6666666666666666
156,12,0,4,2,0,18,0.6666666666666666
157,10,0,4,3,0,17,0.5882352941176471
158,12,0,4,2,0,18,0.6666666666666666
159,12,0,4,2,0,18,0.6666666666666666
160,13,0,4,3,0,20,0.65
161,13,0,4,2,0,19,0.6842105263157895
162,10,0,4,2,0,16,0.625
163,12,0,4,2,0,18,0.6666666666666666
164,11,0,3,2,0,16,0.6875
165,10,0,4,2,0,16,0.625
166,12,0,4,2,0,18,0.6666666666666666
167,13,0,4,2,0,19,0.6842105263157895
168,9,0,4,2,0,15,0.6
169,12,0,4,2,0,18,0.6666666666666666
170,12,0,4,2,0,18,0.6666666666666666
171,10,0,4,2,0,16,0.625
172,11,0,4,3,0,18,0.6111111111111112
173,12,0,3,2,0,17,0.7058823529411765
174,12,0,4,2,0,18,0.6666666666666666
175,11,0,4,2,0,17,0.6470588235294118
176,11,0,4,2,0,17,0.6470588235294118
177,13,0,4,2,0,19,0.6842105263157895
178,12,0,4,2,0,18,0.6666666666666666
179,9,0,3,3,0,15,0.6
180,12,0,4,2,0,18,0.6666666666666666
181,12,0,3,2,0,17,0.7058823529411765
182,12,0,4,3,0,19,0.631578947368421
183,13,0,4,2,0,19,0.6842105263157895
184,13,0,3,2,0,18,0.7222222222222222
185,10,0,3,1,0,14,0.7142857142857143
186,14,0,4,3,0,21,0.6666666666666666
187,10,0,4,2,0,16,0.625
188,10,0,4,2,0,16,0.625
189,11,0,4,2,0,17,0.6470588235294118
190,10,0,4,1,0,15,0.6666666666666666
191,10,0,4,2,0,16,0.625
192,12,0,3,2,0,17,0.7058823529411765
193,12,0,3,2,0,17,0.7058823529411765
194,13,0,4,2,0,19,0.6842105263157895
195,13,0,3,2,0,18,0.7222222222222222
196,13,0,4,2,0,19,0.6842105263157895
197,13,0,3,2,0,18,0.7222222222222222
198,11,0,3,2,0,16,0.6875
199,12,0,3,2,0,17,0.7058823529411765
200,11,1,4,2,0,18,0.6111111111111112
201,11,0,4,1,0,16,0.6875
202,13,0,4,2,0,19,0.6842105263157895
203,11,0,3,3,0,17,0.6470588235294118
204,10,0,4,2,0,16,0.625
205,12,0,4,2,0,18,0.6666666666666666
206,12,0,4,2,0,18,0.6666666666666666
207,12,0,4,2,0,18,0.6666666666666666
208,12,0,3,2,0,17,0.7058823529411765
209,13,0,3,2,0,18,0.7222222222222222
210,11,0,4,2,0,17,0.6470588235294118
211,12,0,4,2,0,18,0.6666666666666666
212,13,0,4,2,0,19,0.6842105263157895
213,14,0,3,2,0,19,0.7368421052631579
214,11,0,4,2,0,17,0.6470588235294118
215,11,0,4,2,0,17,0.6470588235294118
216,14,0,4,2,0,20,0.7
217,12,0,3,3,0,18,0.6666666666666666
218,13,0,4,2,0,19,0.6842105263157895
219,11,0,4,2,0,17,0.6470588235294118
220,13,0,4,2,0,19,0.6842105263157895
221,12,0,4,3,0,19,0.631578947368421
222,11,0,4,3,0,18,0.6111111111111112
223,11,0,3,2,0,16,0.6875
224,12,0,3,2,0,17,0.7058823529411765
225,12,0,4,2,0,18,0.6666666666666666
226,10,0,4,2,0,16,0.625
227,12,0,4,2,0,18,0.6666666666666666
228,12,0,4,2,0,18,0.6666666666666666
229,10,0,4,2,0,16,0.625
230,12,0,4,2,0,18,0.6666666666666666
231,12,0,4,2,0,18,0.6666666666666666
232,12,0,3,2,0,17,0.7058823529411765
233,11,0,4,2,0,17,0.6470588235294118
234,11,0,3,3,0,17,0.6470588235294118
235,13,0,4,2,0,19,0.6842105263157895
236,11,0,4,2,0,17,0.6470588235294118
237,12,0,4,2,0,18,0.6666666666666666
238,13,0,4,2,0,19,0.6842105263157895
239,12,0,4,3,0,19,0.631578947368421
240,12,0,4,2,0,18,0.6666666666666666
241,12,0,4,2,0,18,0.6666666666666666
242,12,0,3,2,0,17,0.7058823529411765
243,14,0,3,2,0,19,0.7368421052631579
244,11,0,3,1,0,15,0.7333333333333333
245,10,0,4,2,0,16,0.625
246,11,0,4,2,0,17,0.6470588235294118
247,13,0,4,2,0,19,0.6842105263157895
248,12,0,4,2,0,18,0.6666666666666666
249,10,0,4,2,0,16,0.625
250,11,0,3,2,0,16,0.6875
251,11,0,4,2,0,17,0.6470588235294118
252,13,0,4,2,0,19,0.6842105263157895
253,12,0,4,3,0,19,0.631578947368421
254,12,0,4,2,0,18,0.6666666666666666
255,11,0,4,2,0,17,0.6470588235294118
256,11,0,4,2,0,17,0.6470588235294118
257,12,0,4,2,0,18,0.6666666666666666
258,11,0,3,2,0,16,0.6875
259,12,0,4,2,0,18,0.6666666666666666
260,12,0,4,2,0,18,0.6666666666666666
261,11,0,4,3,0,18,0.6111111111111112
262,11,0,4,2,0,17,0.6470588235294118
263,12,0,4,2,0,18,0.6666666666666666
264,12,0,3,2,0,17,0.7058823529411765
265,11,0,3,1,0,15,0.7333333333333333
266,12,0,4,3,0,19,0.631578947368421
267,12,0,4,2,0,18,0.6666666666666666
268,11,0,4,3,0,18,0.6111111111111112
269,11,0,4,2,0,17,0.6470588235294118
270,14,0,4,2,0,20,0.7
271,11,0,4,2,0,17,0.6470588235294118
272,11,0,4,3,0,18,0.6111111111111112
273,11,0,4,2,0,17,0.6470588235294118
274,12,0,4,2,0,18,0.6666666666666666
275,11,0,4,3,0,18,0.6111111111111112
276,10,0,4,2,0,16,0.625
277,12,0,4,3,0,19,0.631578947368421
278,9,0,4,2,0,15,0.6
279,11,0,4,2,0,17,0.6470588235294118
280,11,0,3,2,0,16,0.6875
281,12,0,4,2,0,18,0.6666666666666666
282,11,0,4,2,0,17,0.6470588235294118
283,13,0,4,2,0,19,0.6842105263157895
284,12,0,4,2,0,18,0.6666666666666666
285,12,0,4,2,0,18,0.6666666666666666
286,12,0,4,2,0,18,0.6666666666666666
287,12,0,4,2,0,18,0.6666666666666666
288,12,0,4,2,0,18,0.6666666666666666
289,13,0,4,2,0,19,0.6842105263157895
290,12,0,3,2,0,17,0.7058823529411765
291,11,0,4,2,0,17,0.6470588235294118
292,10,0,4,2,0,16,0.625
293,12,0,4,2,0,18,0.6666666666666666
294,12,0,4,2,0,18,0.6666666666666666
295,10,0,4,2,0,16,0.625
296,12,0,4,2,0,18,0.6666666666666666
297,11,0,4,2,0,17,0.6470588235294118
298,10,0,3,2,0,15,0.6666666666666666
299,11,0,4,2,0,17,0.6470588235294118
300,13,0,3,2,0,18,0.7222222222222222
301,11,0,3,2,0,16,0.6875
302,12,0,4,2,0,18,0.6666666666666666
303,12,0,4,2,0,18,0.6666666666666666
304,12,0,4,2,0,18,0.6666666666666666
305,9,0,3,2,0,14,0.6428571428571429
306,11,0,3,3,0,17,0.6470588235294118
307,11,0,4,2,0,17,0.6470588235294118
308,11,0,3,2,0,16,0.6875
309,11,0,3,2,0,16,0.6875
310,11,0,3,3,0,17,0.6470588235294118
311,10,0,3,3,0,16,0.625
312,10,0,4,2,0,16,0.625
313,11,0,4,2,0,17,0.6470588235294118
314,12,0,3,2,0,17,0.7058823529411765
315,11,0,4,2,0,17,0.6470588235294118
316,10,0,4,2,0,16,0.625
317,11,0,4,2,0,17,0.6470588235294118
318,12,0,4,2,0,18,0.6666666666666666
319,11,0,4,2,0,17,0.6470588235294118
320,11,0,4,2,0,17,0.6470588235294118
321,12,0,4,2,0,18,0.6666666666666666
322,12,0,4,2,0,18,0.6666666666666666
323,13,0,4,2,0,19,0.6842105263157895
324,12,0,4,2,0,18,0.6666666666666666
325,13,0,4,2,0,19,0.6842105263157895
326,11,0,4,2,0,17,0.6470588235294118
327,11,0,4,3,0,18,0.6111111111111112
328,13,0,4,1,0,18,0.7222222222222222
329,14,0,4,2,0,20,0.7
330,11,0,3,2,0,16,0.6875
331,10,0,4,2,0,16,0.625
332,10,0,4,2,0,16,0.625
333,11,0,3,2,0,16,0.6875
334,11,0,3,2,0,16,0.6875
335,10,0,4,2,0,16,0.625
336,12,0,4,2,0,18,0.6666666666666666
337,12,0,4,2,0,18,0.6666666666666666
338,11,0,4,2,0,17,0.6470588235294118
339,12,0,4,2,0,18,0.6666666666666666
340,10,0,3,2,0,15,0.6666666666666666
341,11,0,4,2,0,17,0.6470588235294118
342,12,0,4,2,0,18,0.6666666666666666
343,12,0,4,2,0,18,0.6666666666666666
344,11,0,4,2,0,17,0.6470588235294118
345,12,0,3,2,0,17,0.7058823529411765
346,11,0,4,2,0,17,0.6470588235294118
347,11,0,3,2,0,16,0.6875
348,10,0,3,2,0,15,0.6666666666666666
349,11,0,3,2,0,16,0.6875
350,12,0,4,2,0,18,0.6666666666666666
351,12,0,4,2,0,18,0.6666666666666666
352,11,0,4,2,0,17,0.6470588235294118
353,11,0,4,2,0,17,0.6470588235294118
354,12,0,4,2,0,18,0.6666666666666666
355,12,0,4,2,0,18,0.6666666666666666
356,12,0,4,2,0,18,0.6666666666666666
357,10,0,4,2,0,16,0.625
358,12,1,3,2,0,18,0.6666666666666666
359,11,0,4,2,0,17,0.6470588235294118
360,11,0,3,3,0,17,0.6470588235294118
361,10,0,4,2,0,16,0.625
362,11,0,3,2,0,16,0.6875
363,14,0,3,2,0,19,0.7368421052631579
364,11,0,3,3,0,17,0.6470588235294118
365,12,0,4,2,0,18,0.6666666666666666
366,12,0,3,3,0,18,0.6666666666666666
367,11,0,4,3,0,18,0.6111111111111112
368,12,0,4,2,0,18,0.6666666666666666
369,11,0,3,2,0,16,0.6875
370,10,0,4,2,0,16,0.625
371,13,0,4,2,0,19,0.6842105263157895
372,9,0,4,2,0,15,0.6
373,12,0,4,3,0,19,0.631578947368421
374,12,0,4,2,0,18,0.6666666666666666
375,11,0,3,2,0,16,0.6875
376,11,0,3,2,0,16,0.6875
377,12,0,4,2,0,18,0.6666666666666666
378,13,0,4,2,0,19,0.6842105263157895
379,12,0,4,3,0,19,0.631578947368421
380,11,0,4,2,0,17,0.6470588235294118
381,11,1,4,2,0,18,0.6111111111111112
382,11,0,4,2,0,17,0.6470588235294118
383,13,0,4,3,0,20,0.65
384,12,0,4,2,0,18,0.6666666666666666
385,12,0,3,2,0,17,0.7058823529411765
386,12,0,4,2,0,18,0.6666666666666666
387,11,0,3,2,0,16,0.6875
388,11,0,3,2,0,16,0.6875
389,11,0,4,2,0,17,0.6470588235294118
390,9,0,3,2,0,14,0.6428571428571429
391,11,0,4,2,0,17,0.6470588235294118
392,10,0,3,2,0,15,0.6666666666666666
393,11,0,4,2,0,17,0.6470588235294118
394,12,0,4,2,0,18,0.6666666666666666
395,11,0,4,2,0,17,0.6470588235294118
396,12,0,3,1,0,16,0.75
397,11,0,4,2,0,17,0.6470588235294118
398,12,0,4,2,0,18,0.6666666666666666
399,11,0,4,2,0,17,0.6470588235294118
400,13,0,4,2,0,19,0.6842105263157895
401,12,0,3,2,0,17,0.7058823529411765
402,13,0,4,2,0,19,0.6842105263157895
403,12,0,3,2,0,17,0.7058823529411765
404,13,0,4,3,0,20,0.65
405,10,0,4,2,0,16,0.625
406,12,0,4,2,0,18,0.6666666666666666
407,11,0,4,2,0,17,0.6470588235294118
408,13,0,4,2,0,19,0.6842105263157895
409,11,0,4,2,0,17,0.6470588235294118
410,12,0,4,1,0,17,0.7058823529411765
411,12,0,4,2,0,18,0.6666666666666666
412,12,0,4,2,0,18,0.6666666666666666
413,11,0,3,2,0,16,0.6875
414,11,0,3,2,0,16,0.6875
415,12,0,4,1,0,17,0.7058823529411765
416,12,0,4,2,0,18,0.6666666666666666
417,13,0,4,2,0,19,0.6842105263157895
418,12,0,4,2,0,18,0.6666666666666666
419,12,0,4,1,0,17,0.7058823529411765
420,11,0,4,3,0,18,0.6111111111111112
421,14,0,4,1,0,19,0.7368421052631579
422,11,0,4,2,0,17,0.6470588235294118
423,10,1,4,2,0,17,0.5882352941176471
424,12,0,3,2,0,17,0.7058823529411765
425,11,0,3,2,0,16,0.6875
426,10,0,4,2,0,16,0.625
427,11,1,4,2,0,18,0.6111111111111112
428,11,0,4,2,0,17,0.6470588235294118
429,13,0,4,2,0,19,0.6842105263157895
430,12,0,4,2,0,18,0.6666666666666666
431,11,0,4,2,0,17,0.6470588235294118
432,12,0,3,2,0,17,0.7058823529411765
433,12,0,4,2,0,18,0.6666666666666666
434,11,0,4,2,0,17,0.6470588235294118
435,13,0,4,2,0,19,0.6842105263157895
436,11,0,4,2,0,17,0.6470588235294118
437,12,0,4,2,0,18,0.6666666666666666
438,12,0,4,2,0,18,0.6666666666666666
439,12,1,4,2,0,19,0.631578947368421
440,11,0,4,2,0,17,0.6470588235294118
441,13,0,4,3,0,20,0.65
442,12,0,4,2,0,18,0.6666666666666666
443,13,0,4,2,0,19,0.6842105263157895
444,13,0,4,2,0,19,0.6842105263157895
445,10,0,4,2,0,16,0.625
446,10,0,4,3,0,17,0.5882352941176471
447,13,0,4,2,0,19,0.6842105263157895
448,13,0,4,2,0,19,0.6842105263157895
449,11,0,4,2,0,17,0.6470588235294118
450,13,0,4,3,0,20,0.65
451,11,0,4,2,0,17,0.6470588235294118
452,11,0,3,2,0,16,0.6875
453,11,0,4,2,0,17,0.6470588235294118
454,11,0,3,1,0,15,0.7333333333333333
455,12,0,4,2,0,18,0.6666666666666666
456,12,0,4,2,0,18,0.6666666666666666
457,12,0,4,2,0,18,0.6666666666666666
458,11,0,4,2,0,17,0.6470588235294118
459,10,0,4,2,0,16,0.625
460,11,0,4,2,0,17,0.6470588235294118
461,12,0,4,2,0,18,0.6666666666666666
462,13,0,4,2,0,19,0.6842105263157895
463,11,0,4,2,0,17,0.6470588235294118
464,11,0,3,2,0,16,0.6875
465,12,0,4,2,0,18,0.6666666666666666
466,11,0,4,2,0,17,0.6470588235294118
467,12,0,4,2,0,18,0.6666666666666666
468,12,0,4,2,0,18,0.6666666666666666
469,10,0,4,2,0,16,0.625
470,12,0,4,2,0,18,0.6666666666666666
471,12,0,4,2,0,18,0.6666666666666666
472,11,0,4,2,0,17,0.6470588235294118
473,11,0,4,2,0,17,0.6470588235294118
474,13,0,4,2,0,19,0.6842105263157895
475,11,0,4,2,0,17,0.6470588235294118
476,11,0,3,2,0,16,0.6875
477,11,0,4,2,0,17,0.6470588235294118
478,13,0,4,2,0,19,0.6842105263157895
479,12,0,4,2,0,18,0.6666666666666666
480,12,0,4,2,0,18,0.6666666666666666
481,11,0,3,2,0,16,0.6875
482,12,0,4,3,0,19,0.631578947368421
483,11,0,4,2,0,17,0.6470588235294118
484,11,0,4,2,0,17,0.6470588235294118
485,10,0,4,2,0,16,0.625
486,11,0,4,2,0,17,0.6470588235294118
487,12,0,3,2,0,17,0.7058823529411765
488,12,0,4,2,0,18,0.6666666666666666
489,11,0,3,2,0,16,0.6875
490,12,0,4,2,0,18,0.6666666666666666
491,11,0,4,2,0,17,0.6470588235294118
492,11,0,4,2,0,17,0.6470588235294118
493,13,0,4,2,0,19,0.6842105263157895
494,11,0,4,2,0,17,0.6470588235294118
495,12,0,4,2,0,18,0.6666666666666666
496,11,0,4,2,0,17,0.6470588235294118
497,13,0,4,2,0,19,0.6842105263157895
498,10,0,4,2,0,16,0.625
499,11,0,3,2,0,16,0.6875
500,11,0,4,2,0,17,0.6470588235294118
501,11,0,3,2,0,16,0.6875
502,12,0,4,2,0,18,0.6666666666666666
503,12,0,4,1,0,17,0.7058823529411765
504,13,0,4,2,0,19,0.6842105263157895
505,12,0,4,2,0,18,0.6666666666666666
506,12,0,4,2,0,18,0.6666666666666666
507,12,0,4,2,0,18,0.6666666666666666
508,12,0,3,2,0,17,0.7058823529411765
509,11,0,4,3,0,18,0.6111111111111112
510,11,0,3,2,0,16,0.6875
511,11,0,3,2,0,16,0.6875
512,11,1,3,2,0,17,0.6470588235294118
513,13,0,3,1,0,17,0.7647058823529411
514,12,0,3,1,0,16,0.75
515,12,0,4,2,0,18,0.6666666666666666
516,12,0,4,2,0,18,0.6666666666666666
517,13,0,3,2,0,18,0.7222222222222222
518,12,0,4,2,0,18,0.6666666666666666
519,11,0,4,2,0,17,0.6470588235294118
520,12,0,4,2,0,18,0.6666666666666666
521,10,0,3,2,0,15,0.6666666666666666
522,13,0,4,2,0,19,0.6842105263157895
523,11,0,3,2,0,16,0.6875
524,12,0,4,2,0,18,0.6666666666666666
525,11,1,4,2,0,18,0.6111111111111112
526,12,0,3,1,0,16,0.75
527,12,0,4,1,0,17,0.7058823529411765
528,12,0,4,2,0,18,0.6666666666666666
529,12,0,4,2,0,18,0.6666666666666666
530,10,0,4,2,0,16,0.625
531,12,0,4,2,0,18,0.6666666666666666
532,13,0,3,1,0,17,0.7647058823529411
533,11,0,3,2,0,16,0.6875
534,12,0,4,2,0,18,0.6666666666666666
535,12,0,4,2,0,18,0.6666666666666666
536,12,0,4,2,0,18,0.6666666666666666
537,10,0,4,2,0,16,0.625
538,12,0,4,2,0,18,0.6666666666666666
539,11,0,4,2,0,17,0.6470588235294118
540,12,0,3,1,0,16,0.75
541,12,0,4,2,0,18,0.6666666666666666
542,12,0,4,2,0,18,0.6666666666666666
543,11,0,3,2,0,16,0.6875
544,9,0,4,2,0,15,0.6
545,11,0,3,2,0,16,0.6875
546,10,0,4,2,0,16,0.625
547,10,0,3,1,0,14,0.7142857142857143
548,12,0,4,2,0,18,0.6666666666666666
549,11,0,4,2,0,17,0.6470588235294118
550,11,0,4,2,0,17,0.6470588235294118
551,13,0,4,2,0,19,0.6842105263157895
552,13,0,4,2,0,19,0.6842105263157895
553,13,0,4,2,0,19,0.6842105263157895
554,12,0,4,2,0,18,0.6666666666666666
555,11,0,4,2,0,17,0.6470588235294118
556,11,0,4,2,0,17,0.6470588235294118
557,11,0,4,2,0,17,0.6470588235294118
558,10,0,4,2,0,16,0.625
559,12,0,4,2,0,18,0.6666666666666666
560,11,0,4,2,0,17,0.6470588235294118
561,11,0,3,2,0,16,0.6875
562,12,0,4,2,0,18,0.6666666666666666
563,13,0,4,3,0,20,0.65
564,12,0,4,2,0,18,0.6666666666666666
565,12,0,4,2,0,18,0.6666666666666666
566,13,0,4,2,0,19,0.6842105263157895
567,11,0,4,2,0,17,0.6470588235294118
568,11,0,4,3,0,18,0.6111111111111112
569,12,0,4,3,0,19,0.631578947368421
570,13,0,3,2,0,18,0.7222222222222222
571,12,0,3,2,0,17,0.7058823529411765
572,12,0,4,2,0,18,0.6666666666666666
573,11,0,3,2,0,16,0.6875
574,13,0,4,2,0,19,0.6842105263157895
575,12,0,4,2,0,18,0.6666666666666666
576,12,0,4,2,0,18,0.6666666666666666
577,11,0,4,2,0,17,0.6470588235294118
578,12,0,3,2,0,17,0.7058823529411765
579,12,0,4,2,0,18,0.6666666666666666
580,12,0,4,3,0,19,0.631578947368421
581,11,0,4,2,0,17,0.6470588235294118
582,12,0,3,2,0,17,0.7058823529411765
583,11,0,4,2,0,17,0.6470588235294118
584,11,0,4,2,0,17,0.6470588235294118
585,12,0,4,3,0,19,0.631578947368421
586,13,0,4,2,0,19,0.6842105263157895
587,12,0,4,2,0,18,0.6666666666666666
588,13,0,3,3,0,19,0.6842105263157895
589,12,0,4,2,0,18,0.6666666666666666
590,12,0,4,2,0,18,0.6666666666666666
591,11,0,4,2,0,17,0.6470588235294118
592,12,0,4,2,0,18,0.6666666666666666
593,12,1,4,2,0,19,0.631578947368421
594,13,0,4,2,0,19,0.6842105263157895
595,12,0,3,1,0,16,0.75
596,11,0,3,2,0,16,0.6875
597,11,0,4,3,0,18,0.6111111111111112
598,13,0,4,2,0,19,0.6842105263157895
599,11,0,4,3,0,18,0.6111111111111112
600,12,0,3,2,0,17,0.7058823529411765
601,11,0,4,2,0,17,0.6470588235294118
602,11,0,3,2,0,16,0.6875
603,11,0,4,3,0,18,0.6111111111111112
604,13,0,4,2,0,19,0.6842105263157895
605,12,0,3,2,0,17,0.7058823529411765
606,12,0,3,3,0,18,0.6666666666666666
607,11,0,4,2,0,17,0.6470588235294118
608,13,0,4,1,0,18,0.7222222222222222
609,12,0,3,2,0,17,0.7058823529411765
610,11,0,4,2,0,17,0.6470588235294118
611,12,0,4,2,0,18,0.6666666666666666
612,12,0,4,3,0,19,0.631578947368421
613,12,0,4,2,0,18,0.6666666666666666
614,12,0,4,2,0,18,0.6666666666666666
615,12,0,4,2,0,18,0.6666666666666666
616,13,0,4,3,0,20,0.65
617,11,0,3,3,0,17,0.6470588235294118
618,12,0,4,2,0,18,0.6666666666666666
619,13,0,3,2,0,18,0.7222222222222222
620,13,0,4,1,0,18,0.7222222222222222
621,12,0,4,1,0,17,0.7058823529411765
622,11,0,3,3,0,17,0.6470588235294118
623,10,0,3,2,0,15,0.6666666666666666
624,13,0,3,2,0,18,0.7222222222222222
625,12,0,4,2,0,18,0.6666666666666666
626,11,0,3,2,0,16,0.6875
627,12,0,4,3,0,19,0.631578947368421
628,13,0,4,2,0,19,0.6842105263157895
629,12,0,4,2,0,18,0.6666666666666666
630,11,0,3,1,0,15,0.7333333333333333
631,11,0,4,1,0,16,0.6875
632,12,0,4,2,0,18,0.6666666666666666
633,13,0,4,2,0,19,0.6842105263157895
634,13,0,4,2,0,19,0.6842105263157895
635,11,0,4,2,0,17,0.6470588235294118
636,11,0,4,2,0,17,0.6470588235294118
637,11,0,3,3,0,17,0.6470588235294118
638,13,0,4,2,0,19,0.6842105263157895
639,11,0,4,2,0,17,0.6470588235294118
640,13,0,4,2,0,19,0.6842105263157895
641,11,0,3,2,0,16,0.6875
642,11,0,4,2,0,17,0.6470588235294118
643,12,0,3,2,0,17,0.7058823529411765
644,11,0,4,2,0,17,0.6470588235294118
645,12,0,3,2,0,17,0.7058823529411765
646,12,0,4,1,0,17,0.7058823529411765
647,12,0,4,2,0,18,0.6666666666666666
648,12,0,4,2,0,18,0.6666666666666666
649,13,0,4,2,0,19,0.6842105263157895
650,12,0,4,2,0,18,0.6666666666666666
651,13,0,3,2,0,18,0.7222222222222222
652,12,0,4,2,0,18,0.6666666666666666
653,12,0,4,1,0,17,0.7058823529411765
654,11,0,3,2,0,16,0.6875
655,13,0,3,1,0,17,0.7647058823529411
656,12,0,4,2,0,18,0.6666666666666666
657,12,0,4,3,0,19,0.631578947368421
658,12,0,3,2,0,17,0.7058823529411765
659,12,0,4,2,0,18,0.6666666666666666
660,14,0,3,2,0,19,0.7368421052631579
661,13,0,4,2,0,19,0.6842105263157895
662,13,0,4,3,0,20,0.65
663,13,0,4,2,0,19,0.6842105263157895
664,13,0,4,3,0,20,0.65
665,13,0,4,2,0,19,0.6842105263157895
666,12,0,4,2,0,18,0.6666666666666666
667,11,0,4,2,0,17,0.6470588235294118
668,13,0,4,3,0,20,0.65
669,11,0,4,2,0,17,0.6470588235294118
670,12,0,4,2,0,18,0.6666666666666666
671,12,0,4,2,0,18,0.6666666666666666
672,13,0,4,2,0,19,0.6842105263157895
673,12,0,4,2,0,18,0.6666666666666666
674,12,0,4,2,0,18,0.6666666666666666
675,12,0,4,2,0,18,0.6666666666666666
676,11,0,3,1,0,15,0.7333333333333333
677,11,0,3,3,0,17,0.6470588235294118
678,12,0,3,3,0,18,0.6666666666666666
679,12,0,4,2,0,18,0.6666666666666666
680,11,0,3,2,0,16,0.6875
681,12,0,3,3,0,18,0.6666666666666666
682,9,0,3,2,0,14,0.6428571428571429
683,12,0,3,2,0,17,0.7058823529411765
684,11,0,3,2,0,16,0.6875
685,13,0,4,2,0,19,0.6842105263157895
686,10,0,4,2,0,16,0.625
687,14,0,4,2,0,20,0.7
688,11,0,3,2,0,16,0.6875
689,12,0,3,2,0,17,0.7058823529411765
690,12,0,3,2,0,17,0.7058823529411765
691,11,0,3,2,0,16,0.6875
692,11,0,3,2,0,16,0.6875
693,12,0,4,2,0,18,0.6666666666666666
694,12,0,4,2,0,18,0.6666666666666666
695,11,0,4,2,0,17,0.6470588235294118
696,12,0,4,2,0,18,0.6666666666666666
697,12,0,3,2,0,17,0.7058823529411765
698,12,0,4,2,0,18,0.6666666666666666
699,11,0,4,2,0,17,0.6470588235294118
700,12,0,3,2,0,17,0.7058823529411765
701,11,1,3,2,0,17,0.6470588235294118
702,13,0,4,2,0,19,0.6842105263157895
703,12,0,4,3,0,19,0.631578947368421
704,11,0,3,2,0,16,0.6875
705,11,0,3,1,0,15,0.7333333333333333
706,13,0,3,2,0,18,0.7222222222222222
707,13,0,3,2,0,18,0.7222222222222222
708,11,0,3,1,0,15,0.7333333333333333
709,13,0,3,2,0,18,0.7222222222222222
710,11,0,3,2,0,16,0.6875
711,11,0,4,3,0,18,0.6111111111111112
712,12,0,3,2,0,17,0.7058823529411765
713,12,0,3,3,0,18,0.6666666666666666
714,12,0,3,2,0,17,0.7058823529411765
715,13,0,4,2,0,19,0.6842105263157895
716,13,0,3,2,0,18,0.7222222222222222
717,13,0,3,2,0,18,0.7222222222222222
718,11,0,3,3,0,17,0.6470588235294118
719,12,0,3,2,0,17,0.7058823529411765
720,12,0,4,1,0,17,0.7058823529411765
721,11,0,3,2,0,16,0.6875
722,12,0,4,2,0,18,0.6666666666666666
723,13,0,4,2,0,19,0.6842105263157895
724,13,0,4,2,0,19,0.6842105263157895
725,12,0,3,2,0,17,0.7058823529411765
726,12,0,4,2,0,18,0.6666666666666666
727,13,0,4,2,0,19,0.6842105263157895
728,13,0,3,2,0,18,0.7222222222222222
729,12,0,4,2,0,18,0.6666666666666666
730,12,0,3,2,0,17,0.7058823529411765
731,11,0,3,2,0,16,0.6875
732,13,0,3,1,0,17,0.7647058823529411
733,12,0,3,2,0,17,0.7058823529411765
734,12,0,4,2,0,18,0.6666666666666666
735,13,0,4,2,0,19,0.6842105263157895
736,11,0,3,2,0,16,0.6875
737,13,0,4,2,0,19,0.6842105263157895
738,10,0,3,3,0,16,0.625
739,13,0,4,2,0,19,0.6842105263157895
740,14,0,3,2,0,19,0.7368421052631579
741,11,0,4,2,0,17,0.6470588235294118
742,12,0,4,1,0,17,0.7058823529411765
743,13,0,4,2,0,19,0.6842105263157895
744,13,0,3,2,0,18,0.7222222222222222
745,13,1,3,1,0,18,0.7222222222222222
746,12,0,4,3,0,19,0.631578947368421
747,11,0,4,2,0,17,0.6470588235294118
748,12,0,4,3,0,19,0.631578947368421
749,10,0,4,2,0,16,0.625
750,11,0,4,2,0,17,0.6470588235294118
751,13,0,3,2,0,18,0.7222222222222222
752,14,0,4,2,0,20,0.7
753,12,0,4,2,0,18,0.6666666666666666
754,13,0,3,2,0,18,0.7222222222222222
755,14,0,3,2,0,19,0.7368421052631579
756,11,0,3,2,0,16,0.6875
757,12,0,3,2,0,17,0.7058823529411765
758,13,1,3,2,0,19,0.6842105263157895
759,13,0,4,2,0,19,0.6842105263157895
760,12,0,4,2,0,18,0.6666666666666666
761,12,0,3,2,0,17,0.7058823529411765
762,11,0,3,2,0,16,0.6875
763,9,0,4,2,0,15,0.6
764,13,1,4,2,0,20,0.65
765,13,0,3,1,0,17,0.7647058823529411
766,12,0,4,2,0,18,0.6666666666666666
767,13,0,4,2,0,19,0.6842105263157895
768,11,0,4,2,0,17,0.6470588235294118
769,11,0,3,2,0,16,0.6875
770,12,0,4,2,0,18,0.6666666666666666
771,12,0,4,2,0,18,0.6666666666666666
772,11,0,4,2,0,17,0.6470588235294118
773,12,0,4,2,0,18,0.6666666666666666
774,13,0,4,2,0,19,0.6842105263157895
775,12,0,3,2,0,17,0.7058823529411765
776,13,0,3,3,0,19,0.6842105263157895
777,11,0,3,2,0,16,0.6875
778,12,0,3,2,0,17,0.7058823529411765
779,12,0,4,2,0,18,0.6666666666666666
780,12,0,3,2,0,17,0.7058823529411765
781,13,0,4,2,0,19,0.6842105263157895
782,13,0,3,3,0,19,0.6842105263157895
783,12,0,3,2,0,17,0.7058823529411765
784,11,0,4,2,0,17,0.6470588235294118
785,11,0,4,2,0,17,0.6470588235294118
786,13,0,3,2,0,18,0.7222222222222222
787,12,0,4,2,0,18,0.6666666666666666
788,11,0,3,2,0,16,0.6875
789,11,0,4,2,0,17,0.6470588235294118
790,13,0,3,2,0,18,0.7222222222222222
791,14,0,3,1,0,18,0.7777777777777778
792,11,0,3,2,0,16,0.6875
793,11,0,3,2,0,16,0.6875
794,11,0,4,2,0,17,0.6470588235294118
795,13,0,3,2,0,18,0.7222222222222222
796,11,0,4,2,0,17,0.6470588235294118
797,13,0,4,2,0,19,0.6842105263157895
798,11,0,2,2,0,15,0.7333333333333333
799,13,0,4,2,0,19,0.6842105263157895
800,12,0,4,2,0,18,0.6666666666666666
801,12,1,3,2,0,18,0.6666666666666666
802,12,0,4,2,0,18,0.6666666666666666
803,12,0,4,2,0,18,0.6666666666666666
804,12,0,3,2,0,17,0.7058823529411765
805,13,0,4,2,0,19,0.6842105263157895
806,13,0,4,2,0,19,0.6842105263157895
807,13,0,3,2,0,18,0.7222222222222222
808,11,0,4,3,0,18,0.6111111111111112
809,13,0,4,2,0,19,0.6842105263157895
810,12,0,3,2,0,17,0.7058823529411765
811,12,0,4,2,0,18,0.6666666666666666
812,12,0,4,2,0,18,0.6666666666666666
813,12,0,3,3,0,18,0.6666666666666666
814,11,0,3,2,0,16,0.6875
815,12,0,3,2,0,17,0.7058823529411765
816,11,0,4,2,0,17,0.6470588235294118
817,12,0,4,2,0,18,0.6666666666666666
818,12,0,3,2,0,17,0.7058823529411765
819,12,0,4,2,0,18,0.6666666666666666
820,11,0,4,2,0,17,0.6470588235294118
821,12,0,3,2,0,17,0.7058823529411765
822,12,0,3,2,0,17,0.7058823529411765
823,12,0,3,2,0,17,0.7058823529411765
824,12,0,3,2,0,17,0.7058823529411765
825,11,0,4,2,0,17,0.6470588235294118
826,11,0,3,2,0,16,0.6875
827,12,0,4,2,0,18,0.6666666666666666
828,13,0,4,2,0,19,0.6842105263157895
829,12,0,4,3,0,19,0.631578947368421
830,13,0,3,2,0,18,0.7222222222222222
831,10,0,4,2,0,16,0.625
832,12,0,3,2,0,17,0.7058823529411765
833,12,0,4,2,0,18,0.6666666666666666
834,11,0,3,3,0,17,0.6470588235294118
835,12,0,4,2,0,18,0.6666666666666666
836,13,0,4,2,0,19,0.6842105263157895
837,13,0,4,3,0,20,0.65
838,13,0,4,2,0,19,0.6842105263157895
839,12,0,4,2,0,18,0.6666666666666666
840,12,0,3,2,0,17,0.7058823529411765
841,13,0,4,2,0,19,0.6842105263157895
842,12,0,4,2,0,18,0.6666666666666666
843,9,0,4,2,0,15,0.6
844,10,0,4,2,0,16,0.625
845,12,0,4,2,0,18,0.6666666666666666
846,13,1,4,1,0,19,0.6842105263157895
847,13,0,4,2,0,19,0.6842105263157895
848,12,0,4,2,0,18,0.6666666666666666
849,12,0,4,2,0,18,0.6666666666666666
850,14,0,4,2,0,20,0.7
851,11,0,3,2,0,16,0.6875
852,12,0,4,2,0,18,0.6666666666666666
853,13,0,3,2,0,18,0.7222222222222222
854,13,0,4,2,0,19,0.6842105263157895
855,12,0,3,2,0,17,0.7058823529411765
856,12,0,3,2,0,17,0.7058823529411765
857,13,0,4,2,0,19,0.6842105263157895
858,13,0,4,2,0,19,0.6842105263157895
859,12,0,4,2,0,18,0.6666666666666666
860,12,0,3,2,0,17,0.7058823529411765
861,11,0,3,2,0,16,0.6875
862,11,0,4,2,0,17,0.6470588235294118
863,12,0,3,1,0,16,0.75
864,13,0,3,2,0,18,0.7222222222222222
865,11,0,3,3,0,17,0.6470588235294118
866,12,0,3,2,0,17,0.7058823529411765
867,11,0,3,2,0,16,0.6875
868,13,0,4,2,0,19,0.6842105263157895
869,13,0,4,2,0,19,0.6842105263157895
870,12,0,4,2,0,18,0.6666666666666666
871,12,0,3,2,0,17,0.7058823529411765
872,12,0,4,2,0,18,0.6666666666666666
873,13,0,4,2,0,19,0.6842105263157895
874,12,0,4,2,0,18,0.6666666666666666
875,12,0,4,2,0,18,0.6666666666666666
876,13,0,4,2,0,19,0.6842105263157895
877,13,0,4,2,0,19,0.6842105263157895
878,12,0,4,2,0,18,0.6666666666666666
879,13,0,4,2,0,19,0.6842105263157895
880,11,0,4,2,0,17,0.6470588235294118
881,12,1,4,2,0,19,0.631578947368421
882,12,0,4,2,0,18,0.6666666666666666
883,12,0,4,2,0,18,0.6666666666666666
884,12,0,4,2,0,18,0.6666666666666666
885,12,0,4,2,0,18,0.6666666666666666
886,12,0,3,1,0,16,0.75
887,12,0,4,3,0,19,0.631578947368421
888,12,0,4,2,0,18,0.6666666666666666
889,12,0,3,3,0,18,0.6666666666666666
890,11,0,3,2,0,16,0.6875
891,12,0,3,2,0,17,0.7058823529411765
892,12,0,3,2,0,17,0.7058823529411765
893,11,0,4,2,0,17,0.6470588235294118
894,12,0,3,2,0,17,0.7058823529411765
895,12,0,4,2,0,18,0.6666666666666666
896,13,0,4,2,0,19,0.6842105263157895
897,11,0,4,2,0,17,0.6470588235294118
898,12,0,4,2,0,18,0.6666666666666666
899,12,0,4,2,0,18,0.6666666666666666
900,12,0,4,2,0,18,0.6666666666666666
901,11,0,2,2,0,15,0.7333333333333333
902,12,0,3,2,0,17,0.7058823529411765
903,12,0,4,3,0,19,0.631578947368421
904,12,0,4,3,0,19,0.631578947368421
905,11,0,4,3,0,18,0.6111111111111112
906,11,0,3,2,0,16,0.6875
907,12,0,3,2,0,17,0.7058823529411765
908,12,0,3,2,0,17,0.7058823529411765
909,12,0,4,2,0,18,0.6666666666666666
910,12,0,4,2,0,18,0.6666666666666666
911,13,0,3,2,0,18,0.7222222222222222
912,11,0,3,2,0,16,0.6875
913,12,0,4,2,0,18,0.6666666666666666
914,12,0,3,3,0,18,0.6666666666666666
915,11,0,4,2,0,17,0.6470588235294118
916,12,0,4,2,0,18,0.6666666666666666
917,12,0,4,2,0,18,0.6666666666666666
918,11,0,4,2,0,17,0.6470588235294118
919,12,0,3,2,0,17,0.7058823529411765
920,13,0,4,2,0,19,0.6842105263157895
921,13,0,4,2,0,19,0.6842105263157895
922,11,0,4,2,0,17,0.6470588235294118
923,12,0,4,2,0,18,0.6666666666666666
924,12,0,3,2,0,17,0.7058823529411765
925,11,0,4,2,0,17,0.6470588235294118
926,12,0,4,2,0,18,0.6666666666666666
927,11,0,4,3,0,18,0.6111111111111112
928,12,0,4,2,0,18,0.6666666666666666
929,11,0,4,2,0,17,0.6470588235294118
930,12,0,4,2,0,18,0.6666666666666666
931,12,0,4,2,0,18,0.6666666666666666
932,12,0,4,2,0,18,0.6666666666666666
933,10,0,3,2,0,15,0.6666666666666666
934,12,0,4,2,0,18,0.6666666666666666
935,12,0,4,2,0,18,0.6666666666666666
936,12,0,4,2,0,18,0.6666666666666666
937,10,0,4,2,0,16,0.625
938,12,0,4,2,0,18,0.6666666666666666
939,11,0,4,3,0,18,0.6111111111111112
940,10,0,4,2,0,16,0.625
941,12,0,4,2,0,18,0.6666666666666666
942,12,0,4,3,0,19,0.631578947368421
943,11,0,4,2,0,17,0.6470588235294118
944,11,0,3,2,0,16,0.6875
945,11,0,4,2,0,17,0.6470588235294118
946,12,0,4,2,0,18,0.6666666666666666
947,10,0,4,2,0,16,0.625
948,12,0,4,3,0,19,0.631578947368421
949,11,0,3,2,0,16,0.6875
950,12,0,4,2,0,18,0.6666666666666666
951,11,0,4,2,0,17,0.6470588235294118
952,12,0,3,2,0,17,0.7058823529411765
953,13,0,3,2,0,18,0.7222222222222222
954,12,0,4,2,0,18,0.6666666666666666
955,14,0,4,2,0,20,0.7
956,12,0,4,2,0,18,0.6666666666666666
957,11,0,4,2,0,17,0.6470588235294118
958,13,0,4,2,0,19,0.6842105263157895
959,11,0,3,2,0,16,0.6875
960,12,0,4,2,0,18,0.6666666666666666
961,12,0,4,2,0,18,0.6666666666666666
962,12,0,4,2,0,18,0.6666666666666666
963,12,0,4,2,0,18,0.6666666666666666
964,12,0,4,2,0,18,0.6666666666666666
965,12,0,4,2,0,18,0.6666666666666666
966,12,0,4,2,0,18,0.6666666666666666
967,13,0,4,2,0,19,0.6842105263157895
968,11,0,4,2,0,17,0.6470588235294118
969,11,0,4,2,0,17,0.6470588235294118
970,11,0,4,2,0,17,0.6470588235294118
971,10,0,4,2,0,16,0.625
972,12,1,4,2,0,19,0.631578947368421
973,12,0,4,3,0,19,0.631578947368421
974,12,0,4,2,0,18,0.6666666666666666
975,13,0,4,2,0,19,0.6842105263157895
976,12,0,3,2,0,17,0.7058823529411765
977,12,0,4,2,0,18,0.6666666666666666
978,11,0,3,2,0,16,0.6875
979,10,0,3,3,0,16,0.625
980,12,0,4,2,0,18,0.6666666666666666
981,13,0,3,3,0,19,0.6842105263157895
982,13,1,3,2,0,19,0.6842105263157895
983,12,0,4,3,0,19,0.631578947368421
984,13,0,3,2,0,18,0.7222222222222222
985,11,0,4,3,0,18,0.6111111111111112
986,11,0,4,2,0,17,0.6470588235294118
987,14,1,4,2,0,21,0.6666666666666666
988,14,0,4,2,0,20,0.7
989,11,0,4,2,0,17,0.6470588235294118
990,12,0,3,2,0,17,0.7058823529411765
991,13,0,3,2,0,18,0.7222222222222222
992,11,0,4,3,0,18,0.6111111111111112
993,12,0,3,2,0,17,0.7058823529411765
994,11,0,3,2,0,16,0.6875
995,10,0,3,2,0,15,0.6666666666666666
996,12,0,4,2,0,18,0.6666666666666666
997,12,0,4,2,0,18,0.6666666666666666
998,11,0,3,2,0,16,0.6875
999,11,0,3,2,0,16,0.6875
1000,10,0,4,2,0,16,0.625
1001,12,0,4,3,0,19,0.631578947368421
1002,13,0,4,2,0,19,0.6842105263157895
1003,12,0,4,2,0,18,0.6666666666666666
1004,12,0,4,2,0,18,0.6666666666666666
1005,12,0,4,2,0,18,0.6666666666666666
1006,12,0,4,2,0,18,0.6666666666666666
1007,11,0,4,2,0,17,0.6470588235294118
1008,12,0,4,1,0,17,0.7058823529411765
1009,13,0,3,3,0,19,0.6842105263157895
1010,13,0,3,3,0,19,0.6842105263157895
1011,13,0,4,2,0,19,0.6842105263157895
1012,11,0,4,1,0,16,0.6875
1013,12,0,4,2,0,18,0.6666666666666666
1014,12,0,4,2,0,18,0.6666666666666666
1015,12,0,4,1,0,17,0.7058823529411765
1016,10,0,4,2,0,16,0.625
1017,12,0,4,2,0,18,0.6666666666666666
1018,11,0,3,2,0,16,0.6875
1019,11,0,3,2,0,16,0.6875
1020,13,0,3,2,0,18,0.7222222222222222
1021,12,0,4,1,0,17,0.7058823529411765
1022,12,1,4,2,0,19,0.631578947368421
1023,12,0,3,2,0,17,0.7058823529411765
1024,10,0,4,2,0,16,0.625
1025,12,1,4,2,0,19,0.631578947368421
1026,13,0,3,2,0,18,0.7222222222222222
1027,12,0,4,2,0,18,0.6666666666666666
1028,11,0,4,2,0,17,0.6470588235294118
1029,11,0,3,2,0,16,0.6875
1030,10,0,4,2,0,16,0.625
1031,11,0,3,3,0,17,0.6470588235294118
1032,11,0,4,2,0,17,0.6470588235294118
1033,11,0,4,2,0,17,0.6470588235294118
1034,12,0,4,3,0,19,0.631578947368421
1035,13,1,4,3,0,21,0.6190476190476191
1036,11,1,4,2,0,18,0.6111111111111112
1037,11,0,4,2,0,17,0.6470588235294118
1038,12,1,4,2,0,19,0.631578947368421
1039,13,0,3,2,0,18,0.7222222222222222
1040,11,0,3,2,0,16,0.6875
1041,11,0,4,2,0,17,0.6470588235294118
1042,11,0,4,2,0,17,0.6470588235294118
1043,11,0,4,2,0,17,0.6470588235294118
1044,12,0,4,2,0,18,0.6666666666666666
1045,13,0,4,2,0,19,0.6842105263157895
1046,12,0,3,2,0,17,0.7058823529411765
1047,11,0,4,3,0,18,0.6111111111111112
1048,13,0,3,2,0,18,0.7222222222222222
1049,13,0,4,3,0,20,0.65
1050,13,0,4,2,0,19,0.6842105263157895
1051,12,0,3,2,0,17,0.7058823529411765
1052,11,0,3,2,0,16,0.6875
1053,13,0,3,2,0,18,0.7222222222222222
1054,13,0,3,2,0,18,0.7222222222222222
1055,12,0,3,2,0,17,0.7058823529411765
1056,12,0,4,2,0,18,0.6666666666666666
1057,11,0,4,2,0,17,0.6470588235294118
1058,11,1,3,2,0,17,0.6470588235294118
1059,13,0,4,2,0,19,0.6842105263157895
1060,12,0,3,2,0,17,0.7058823529411765
1061,10,0,4,2,0,16,0.625
1062,14,1,4,3,0,22,0.6363636363636364
1063,12,0,4,2,0,18,0.6666666666666666
1064,12,0,4,2,0,18,0.6666666666666666
1065,12,0,4,2,0,18,0.6666666666666666
1066,13,0,4,2,0,19,0.6842105263157895
1067,12,0,3,2,0,17,0.7058823529411765
1068,12,0,3,2,0,17,0.7058823529411765
1069,11,0,4,2,0,17,0.6470588235294118
1070,12,0,4,2,0,18,0.6666666666666666
1071,12,0,3,2,0,17,0.7058823529411765
1072,13,0,3,3,0,19,0.6842105263157895
1073,11,0,4,2,0,17,0.6470588235294118
1074,13,0,4,2,0,19,0.6842105263157895
1075,11,0,3,2,0,16,0.6875
1076,11,0,3,2,0,16,0.6875
1077,11,0,3,2,0,16,0.6875
1078,12,0,4,2,0,18,0.6666666666666666
1079,11,0,3,3,0,17,0.6470588235294118
1080,12,0,4,2,0,18,0.6666666666666666
1081,11,0,4,3,0,18,0.6111111111111112
1082,13,0,3,2,0,18,0.7222222222222222
1083,12,0,3,2,0,17,0.7058823529411765
1084,12,1,4,2,0,19,0.631578947368421
1085,12,0,4,2,0,18,0.6666666666666666
1086,11,0,3,2,0,16,0.6875
1087,12,1,4,2,0,19,0.631578947368421
1088,12,0,4,2,0,18,0.6666666666666666
1089,12,0,4,2,0,18,0.6666666666666666
1090,11,0,4,2,0,17,0.6470588235294118
1091,12,0,4,2,0,18,0.6666666666666666
1092,12,0,3,2,0,17,0.7058823529411765
1093,13,0,4,2,0,19,0.6842105263157895
1094,12,0,4,2,0,18,0.6666666666666666
1095,13,0,4,2,0,19,0.6842105263157895
1096,11,0,3,2,0,16,0.6875
1097,12,0,3,2,0,17,0.7058823529411765
1098,12,0,4,2,0,18,0.6666666666666666
1099,13,0,4,2,0,19,0.6842105263157895
1100,12,0,4,2,0,18,0.6666666666666666
1101,12,0,4,2,0,18,0.6666666666666666
1102,13,1,4,2,0,20,0.65
1103,11,0,4,2,0,17,0.6470588235294118
1104,13,0,4,2,0,19,0.6842105263157895
1105,12,0,4,2,0,18,0.6666666666666666
1106,12,0,4,2,0,18,0.6666666666666666
1107,14,1,4,2,0,21,0.6666666666666666
1108,13,0,4,2,0,19,0.6842105263157895
1109,12,0,4,2,0,18,0.6666666666666666
1110,13,0,4,2,0,19,0.6842105263157895
1111,12,0,4,2,0,18,0.6666666666666666
1112,11,0,3,2,0,16,0.6875
1113,11,0,4,2,0,17,0.6470588235294118
1114,12,0,4,2,0,18,0.6666666666666666
1115,12,0,4,2,0,18,0.6666666666666666
1116,12,0,4,2,0,18,0.6666666666666666
1117,13,0,4,2,0,19,0.6842105263157895
1118,12,0,4,2,0,18,0.6666666666666666
1119,11,0,4,2,0,17,0.6470588235294118
1120,13,0,4,2,0,19,0.6842105263157895
1121,12,0,4,2,0,18,0.6666666666666666
1122,13,0,4,2,0,19,0.6842105263157895
1123,12,0,4,2,0,18,0.6666666666666666
1124,12,0,4,2,0,18,0.6666666666666666
1125,12,1,4,2,0,19,0.631578947368421
1126,11,0,4,2,0,17,0.6470588235294118
1127,12,0,4,2,0,18,0.6666666666666666
1128,12,0,4,2,0,18,0.6666666666666666
1129,10,0,3,1,0,14,0.7142857142857143
1130,12,0,4,2,0,18,0.6666666666666666
1131,11,0,4,2,0,17,0.6470588235294118
1132,12,0,4,2,0,18,0.6666666666666666
1133,13,0,4,2,0,19,0.6842105263157895
1134,12,0,4,2,0,18,0.6666666666666666
1135,10,0,3,2,0,15,0.6666666666666666
1136,13,0,3,2,0,18,0.7222222222222222
1137,13,1,4,2,0,20,0.65
1138,14,0,4,2,0,20,0.7
1139,12,0,4,2,0,18,0.6666666666666666
1140,12,0,4,2,0,18,0.6666666666666666
1141,9,0,4,2,0,15,0.6
1142,12,1,4,2,0,19,0.631578947368421
1143,14,0,4,2,0,20,0.7
1144,11,0,4,2,0,17,0.6470588235294118
1145,12,0,3,2,0,17,0.7058823529411765
1146,11,0,4,2,0,17,0.6470588235294118
1147,11,0,4,2,0,17,0.6470588235294118
1148,10,0,4,2,0,16,0.625
1149,11,0,4,3,0,18,0.6111111111111112
1150,12,1,3,2,0,18,0.6666666666666666
1151,12,0,3,2,0,17,0.7058823529411765
1152,12,0,4,2,0,18,0.6666666666666666
1153,11,0,4,2,0,17,0.6470588235294118
1154,10,0,3,2,0,15,0.6666666666666666
1155,11,0,3,2,0,16,0.6875
1156,12,0,3,2,0,17,0.7058823529411765
1157,11,0,3,2,0,16,0.6875
1158,11,0,4,2,0,17,0.6470588235294118
1159,12,0,3,3,0,18,0.6666666666666666
1160,11,0,4,2,0,17,0.6470588235294118
1161,13,0,4,2,0,19,0.6842105263157895
1162,12,0,4,2,0,18,0.6666666666666666
1163,12,0,4,2,0,18,0.6666666666666666
1164,9,0,3,2,0,14,0.6428571428571429
1165,10,0,4,2,0,16,0.625
1166,12,0,3,2,0,17,0.7058823529411765
1167,13,0,4,2,0,19,0.6842105263157895
1168,14,1,4,2,0,21,0.6666666666666666
1169,14,0,4,2,0,20,0.7
1170,11,0,4,3,0,18,0.6111111111111112
1171,12,0,4,2,0,18,0.6666666666666666
1172,11,0,4,2,0,17,0.6470588235294118
1173,12,0,4,2,0,18,0.6666666666666666
1174,11,1,4,2,0,18,0.6111111111111112
1175,10,0,4,2,0,16,0.625
1176,14,0,4,2,0,20,0.7
1177,13,0,4,2,0,19,0.6842105263157895
1178,14,0,4,2,0,20,0.7
1179,12,0,4,2,0,18,0.6666666666666666
1180,12,0,4,2,0,18,0.6666666666666666
1181,12,1,4,2,0,19,0.631578947368421
1182,10,0,4,2,0,16,0.625
1183,12,0,4,2,0,18,0.6666666666666666
1184,12,0,3,2,0,17,0.7058823529411765
1185,13,0,4,2,0,19,0.6842105263157895
1186,13,0,3,2,0,18,0.7222222222222222
1187,12,0,3,2,0,17,0.7058823529411765
1188,11,0,4,2,0,17,0.6470588235294118
1189,11,0,3,2,0,16,0.6875
1190,13,0,4,2,0,19,0.6842105263157895
1191,12,0,3,2,0,17,0.7058823529411765
1192,13,1,4,2,0,20,0.65
1193,11,1,3,3,0,18,0.6111111111111112
1194,10,1,4,3,0,18,0.5555555555555556
1195,11,0,3,3,0,17,0.6470588235294118
1196,10,0,4,2,0,16,0.625
1197,10,0,4,3,0,17,0.5882352941176471
1198,12,0,4,2,0,18,0.6666666666666666
1199,11,0,4,2,0,17,0.6470588235294118
1200,11,0,4,3,0,18,0.6111111111111112
1201,12,0,4,2,0,18,0.6666666666666666
1202,13,0,4,2,0,19,0.6842105263157895
1203,12,0,4,2,0,18,0.6666666666666666
1204,13,0,4,2,0,19,0.6842105263157895
1205,11,0,4,3,0,18,0.6111111111111112
1206,13,0,3,2,0,18,0.7222222222222222
1207,12,0,4,2,0,18,0.6666666666666666
1208,11,0,4,2,0,17,0.6470588235294118
1209,13,0,4,2,0,19,0.6842105263157895
1210,11,0,4,2,0,17,0.6470588235294118
1211,11,0,4,2,0,17,0.6470588235294118
1212,13,0,4,2,0,19,0.6842105263157895
1213,12,0,4,2,0,18,0.6666666666666666
1214,11,0,4,2,0,17,0.6470588235294118
1215,13,0,4,2,0,19,0.6842105263157895
1216,10,0,3,2,0,15,0.6666666666666666
1217,14,0,4,2,0,20,0.7
1218,13,0,4,2,0,19,0.6842105263157895
1219,11,0,3,2,0,16,0.6875
1220,12,0,3,3,0,18,0.6666666666666666
1221,12,0,4,2,0,18,0.6666666666666666
1222,11,0,4,2,0,17,0.6470588235294118
1223,13,0,3,2,0,18,0.7222222222222222
1224,11,0,4,2,0,17,0.6470588235294118
1225,14,0,4,2,0,20,0.7
1226,13,0,3,2,0,18,0.7222222222222222
1227,12,0,4,2,0,18,0.6666666666666666
1228,13,0,4,2,0,19,0.6842105263157895
1229,12,0,4,2,0,18,0.6666666666666666
1230,11,0,4,2,0,17,0.6470588235294118
1231,12,0,4,2,0,18,0.6666666666666666
1232,12,0,4,3,0,19,0.631578947368421
1233,13,0,4,3,0,20,0.65
1234,13,0,4,2,0,19,0.6842105263157895
1235,13,0,4,2,0,19,0.6842105263157895
1236,15,0,4,2,0,21,0.7142857142857143
1237,15,0,4,2,0,21,0.7142857142857143
1238,14,0,4,2,0,20,0.7
1239,15,0,4,2,0,21,0.7142857142857143
1240,12,0,4,2,0,18,0.6666666666666666
1241,14,0,4,2,0,20,0.7
1242,14,0,4,2,0,20,0.7
1243,15,0,3,1,0,19,0.7894736842105263
1244,15,0,4,2,0,21,0.7142857142857143
1245,14,0,3,1,0,18,0.7777777777777778
1246,14,0,4,2,0,20,0.7
1247,14,0,3,2,0,19,0.7368421052631579
1248,14,0,4,1,0,19,0.7368421052631579
1249,14,0,4,2,0,20,0.7
1250,13,0,4,3,0,20,0.65
1251,14,0,4,2,0,20,0.7
1252,14,0,4,2,0,20,0.7
1253,14,0,3,1,0,18,0.7777777777777778
1254,13,0,4,2,0,19,0.6842105263157895
1255,14,0,4,2,0,20,0.7
1256,13,0,4,2,0,19,0.6842105263157895
1257,13,0,4,1,0,18,0.7222222222222222
1258,14,0,4,1,0,19,0.7368421052631579
1259,13,0,4,2,0,19,0.6842105263157895
1260,13,0,3,1,0,17,0.7647058823529411
1261,12,0,4,2,0,18,0.6666666666666666
1262,14,0,4,2,0,20,0.7
1263,12,0,4,2,0,18,0.6666666666666666
1264,12,0,4,2,0,18,0.6666666666666666
1265,12,0,4,2,0,18,0.6666666666666666
1266,12,0,3,2,0,17,0.7058823529411765
1267,13,0,4,2,0,19,0.6842105263157895
1268,13,0,4,2,0,19,0.6842105263157895
1269,13,0,4,1,0,18,0.7222222222222222
1270,13,0,4,2,0,19,0.6842105263157895
1271,14,0,4,2,0,20,0.7
1272,15,0,4,2,0,21,0.7142857142857143
1273,14,0,4,2,0,20,0.7
1274,15,0,4,2,0,21,0.7142857142857143
1275,15,0,4,2,0,21,0.7142857142857143
1276,14,0,4,1,0,19,0.7368421052631579
1277,14,0,3,2,0,19,0.7368421052631579
1278,15,0,4,1,0,20,0.75
1279,14,0,4,2,0,20,0.7
1280,14,0,4,2,0,20,0.7
1281,12,0,3,2,0,17,0.7058823529411765
1282,14,0,4,2,0,20,0.7
1283,13,0,4,2,0,19,0.6842105263157895
1284,14,0,4,2,0,20,0.7
1285,14,0,4,2,0,20,0.7
1286,14,0,4,2,0,20,0.7
1287,13,0,4,2,0,19,0.6842105263157895
1288,13,0,3,2,0,18,0.7222222222222222
1289,15,0,4,2,0,21,0.7142857142857143
1290,15,0,4,2,0,21,0.7142857142857143
1291,12,0,4,2,0,18,0.6666666666666666
1292,12,0,4,2,0,18,0.6666666666666666
1293,12,0,4,2,0,18,0.6666666666666666
1294,15,0,4,2,0,21,0.7142857142857143
1295,14,0,4,2,0,20,0.7
1296,15,0,4,1,0,20,0.75
1297,15,0,4,2,0,21,0.7142857142857143
1298,15,0,4,2,0,21,0.7142857142857143
1299,14,0,4,2,0,20,0.7
1300,15,0,4,2,0,21,0.7142857142857143
1301,14,0,4,2,0,20,0.7
1302,14,0,4,2,0,20,0.7
1303,14,0,4,2,0,20,0.7
1304,13,0,4,2,0,19,0.6842105263157895
1305,13,0,4,2,0,19,0.6842105263157895
1306,14,0,4,2,0,20,0.7
1307,14,0,2,2,0,18,0.7777777777777778
1308,14,0,4,2,0,20,0.7
1309,15,0,4,2,0,21,0.7142857142857143
1310,15,0,4,1,0,20,0.75
1311,14,0,4,1,0,19,0.7368421052631579
1312,15,0,4,1,0,20,0.75
1313,13,0,4,1,0,18,0.7222222222222222
1314,14,0,3,1,0,18,0.7777777777777778
1315,14,0,4,2,0,20,0.7
1316,13,0,4,2,0,19,0.6842105263157895
1317,11,0,3,2,0,16,0.6875
1318,12,0,4,2,0,18,0.6666666666666666
1319,13,0,4,2,0,19,0.6842105263157895
1320,11,0,3,3,0,17,0.6470588235294118
1321,13,1,4,2,0,20,0.65
1322,12,1,4,2,0,19,0.631578947368421
1323,12,0,4,2,0,18,0.6666666666666666
1324,12,1,4,2,0,19,0.631578947368421
1325,12,1,4,2,0,19,0.631578947368421
1326,12,1,4,2,0,19,0.631578947368421
1327,13,1,3,2,0,19,0.6842105263157895
1328,12,1,4,2,0,19,0.631578947368421
1329,13,1,4,1,0,19,0.6842105263157895
1330,11,1,4,2,0,18,0.6111111111111112
1331,12,1,4,2,0,19,0.631578947368421
1332,11,1,4,2,0,18,0.6111111111111112
1333,12,1,4,2,0,19,0.631578947368421
1334,11,1,4,1,0,17,0.6470588235294118
1335,13,1,4,2,0,20,0.65
1336,13,1,3,2,0,19,0.6842105263157895
1337,13,0,4,2,0,19,0.6842105263157895
1338,12,1,4,1,0,18,0.6666666666666666
1339,12,1,3,2,0,18,0.6666666666666666
1340,12,1,4,2,0,19,0.631578947368421
1341,14,1,3,2,0,20,0.7
1342,13,1,1,2,0,17,0.7647058823529411
1343,14,0,2,2,0,18,0.7777777777777778
1344,12,1,2,3,0,18,0.6666666666666666
1345,12,1,3,2,0,18,0.6666666666666666
1346,12,0,3,2,0,17,0.7058823529411765
1347,12,1,3,2,0,18,0.6666666666666666
1348,12,1,2,2,0,17,0.7058823529411765
1349,12,1,4,2,0,19,0.631578947368421
1350,13,1,3,2,0,19,0.6842105263157895
1351,13,1,3,1,0,18,0.7222222222222222
1352,13,1,3,2,0,19,0.6842105263157895
1353,12,1,3,1,0,17,0.7058823529411765
1354,12,1,3,2,0,18,0.6666666666666666
1355,11,1,4,2,0,18,0.6111111111111112
1356,10,1,3,2,0,16,0.625
1357,12,1,3,2,0,18,0.6666666666666666
1358,12,1,4,2,0,19,0.631578947368421
1359,11,1,4,2,0,18,0.6111111111111112
1360,12,1,3,2,0,18,0.6666666666666666
1361,12,1,4,2,0,19,0.631578947368421
1362,10,1,3,2,0,16,0.625
1363,13,1,4,2,0,20,0.65
1364,13,1,4,2,0,20,0.65
1365,12,1,4,2,0,19,0.631578947368421
1366,12,1,3,2,0,18,0.6666666666666666
1367,12,0,3,2,0,17,0.7058823529411765
1368,14,0,4,2,0,20,0.7
1369,12,1,4,2,0,19,0.631578947368421
1370,12,0,4,2,0,18,0.6666666666666666
1371,12,0,4,2,0,18,0.6666666666666666
1372,13,1,4,2,0,20,0.65
1373,13,0,4,2,0,19,0.6842105263157895
1374,12,1,4,2,0,19,0.631578947368421
1375,14,0,4,2,0,20,0.7
1376,14,0,4,2,0,20,0.7
1377,14,1,4,1,0,20,0.7
1378,13,0,4,2,0,19,0.6842105263157895
1379,13,1,4,2,0,20,0.65
1380,13,1,4,2,0,20,0.65
1381,11,1,4,2,0,18,0.6111111111111112
1382,13,0,4,2,0,19,0.6842105263157895
1383,12,0,3,2,0,17,0.7058823529411765
1384,12,1,4,2,0,19,0.631578947368421
1385,13,0,4,2,0,19,0.6842105263157895
1386,13,1,4,2,0,20,0.65
1387,13,1,4,2,0,20,0.65
1388,13,0,4,2,0,19,0.6842105263157895
1389,13,0,4,2,0,19,0.6842105263157895
1390,12,1,4,2,0,19,0.631578947368421
1391,14,0,4,2,0,20,0.7
1392,14,1,4,2,0,21,0.6666666666666666
1393,13,0,4,2,0,19,0.6842105263157895
1394,12,1,4,2,0,19,0.631578947368421
1395,11,1,4,2,0,18,0.6111111111111112
1396,12,0,4,2,0,18,0.6666666666666666
1397,13,0,4,2,0,19,0.6842105263157895
1398,13,1,4,2,0,20,0.65
1399,13,1,4,2,0,20,0.65
1400,12,1,4,1,0,18,0.6666666666666666
1401,13,1,3,2,0,19,0.6842105263157895
1402,13,1,4,2,0,20,0.65
1403,13,0,4,2,0,19,0.6842105263157895
1404,12,0,4,2,0,18,0.6666666666666666
1405,12,0,4,1,0,17,0.7058823529411765
1406,12,0,4,2,0,18,0.6666666666666666
1407,12,1,4,2,0,19,0.631578947368421
1408,11,0,4,1,0,16,0.6875
1409,13,1,4,2,0,20,0.65
1410,12,1,4,3,0,20,0.6
1411,13,2,4,1,0,20,0.65
1412,13,2,4,1,0,20,0.65
1413,12,1,4,2,0,19,0.631578947368421
1414,10,1,4,2,0,17,0.5882352941176471
1415,12,1,3,2,0,18,0.6666666666666666
1416,12,1,4,2,0,19,0.631578947368421
1417,14,0,4,1,0,19,0.7368421052631579
1418,12,1,4,2,0,19,0.631578947368421
1419,13,1,4,2,0,20,0.65
1420,13,1,4,2,0,20,0.65
1421,13,1,4,2,0,20,0.65
1422,11,1,4,2,0,18,0.6111111111111112
1423,13,1,3,2,0,19,0.6842105263157895
1424,13,0,4,2,0,19,0.6842105263157895
1425,13,1,4,1,0,19,0.6842105263157895
1426,13,1,4,1,0,19,0.6842105263157895
1427,12,1,4,1,0,18,0.6666666666666666
1428,12,1,3,1,0,17,0.7058823529411765
1429,12,1,4,1,0,18,0.6666666666666666
1430,13,1,3,1,0,18,0.7222222222222222
1431,11,1,4,1,0,17,0.6470588235294118
1432,12,1,3,1,0,17,0.7058823529411765
1433,12,1,3,1,0,17,0.7058823529411765
1434,13,1,4,1,0,19,0.6842105263157895
1435,11,1,4,2,0,18,0.6111111111111112
1436,13,1,4,1,0,19,0.6842105263157895
1437,13,1,3,1,0,18,0.7222222222222222
1438,12,1,4,2,0,19,0.631578947368421
1439,14,2,4,2,0,22,0.6363636363636364
1440,13,2,4,1,0,20,0.65
1441,12,1,4,1,0,18,0.6666666666666666
1442,10,1,4,1,0,16,0.625
1443,13,0,3,2,0,18,0.7222222222222222
1444,14,1,2,1,0,18,0.7777777777777778
1445,14,0,4,1,0,19,0.7368421052631579
1446,12,0,4,2,0,18,0.6666666666666666
1447,14,1,4,1,0,20,0.7
1448,11,1,4,2,0,18,0.6111111111111112
1449,13,0,3,1,0,17,0.7647058823529411
1450,14,1,4,2,0,21,0.6666666666666666
1451,14,1,4,1,0,20,0.7
1452,13,1,3,2,0,19,0.6842105263157895
1453,12,1,4,2,0,19,0.631578947368421
1454,12,1,4,2,0,19,0.631578947368421
1455,11,1,4,2,0,18,0.6111111111111112
1456,13,1,4,2,0,20,0.65
1457,12,1,4,2,0,19,0.631578947368421
1458,14,1,3,2,0,20,0.7
1459,13,1,3,1,0,18,0.7222222222222222
1460,13,1,4,2,0,20,0.65
1461,13,1,3,2,0,19,0.6842105263157895
1462,14,1,4,2,0,21,0.6666666666666666
1463,11,1,4,2,0,18,0.6111111111111112
1464,13,1,4,1,0,19,0.6842105263157895
1465,11,1,4,1,0,17,0.6470588235294118
1466,13,1,4,2,0,20,0.65
1467,13,1,4,2,0,20,0.65
1468,13,1,3,2,0,19,0.6842105263157895
1469,14,2,4,2,0,22,0.6363636363636364
1470,13,2,4,2,0,21,0.6190476190476191
1471,13,1,4,2,0,20,0.65
1472,12,1,4,2,0,19,0.631578947368421
1473,14,1,3,1,0,19,0.7368421052631579
1474,13,1,4,1,0,19,0.6842105263157895
1475,12,0,4,2,0,18,0.6666666666666666
1476,12,1,4,2,0,19,0.631578947368421
1477,13,1,3,1,0,18,0.7222222222222222
1478,12,1,3,2,0,18,0.6666666666666666
1479,12,1,4,2,0,19,0.631578947368421
1480,13,1,4,2,0,20,0.65
1481,13,1,3,2,0,19,0.6842105263157895
1482,13,1,4,2,0,20,0.65
1483,13,1,3,1,0,18,0.7222222222222222
1484,13,1,3,2,0,19,0.6842105263157895
1485,11,0,4,1,0,16,0.6875
1486,12,1,4,1,0,18,0.6666666666666666
1487,13,1,3,2,0,19,0.6842105263157895
1488,13,1,4,2,0,20,0.65
1489,11,1,4,1,0,17,0.6470588235294118
1490,14,2,3,2,0,21,0.6666666666666666
1491,13,1,4,1,0,19,0.6842105263157895
1492,12,1,3,2,0,18,0.6666666666666666
1493,13,1,4,1,0,19,0.6842105263157895
1494,13,1,4,2,0,20,0.65
1495,13,1,4,2,0,20,0.65
1496,13,0,3,1,0,17,0.7647058823529411
1497,14,0,3,2,0,19,0.7368421052631579
1498,13,1,3,1,0,18,0.7222222222222222
1499,14,1,4,1,0,20,0.7
1500,13,2,3,2,0,20,0.65
1501,13,1,4,2,0,20,0.65
1502,12,1,4,2,0,19,0.631578947368421
1503,14,2,3,2,0,21,0.6666666666666666
1504,13,2,4,2,0,21,0.6190476190476191
1505,12,1,3,1,0,17,0.7058823529411765
1506,13,1,4,1,0,19,0.6842105263157895
1507,14,2,4,2,0,22,0.6363636363636364
1508,12,1,3,1,0,17,0.7058823529411765
1509,12,1,4,1,0,18,0.6666666666666666
1510,12,1,3,2,0,18,0.6666666666666666
1511,13,1,3,2,0,19,0.6842105263157895
1512,14,1,3,2,0,20,0.7
1513,12,1,3,1,0,17,0.7058823529411765
1514,13,1,3,2,0,19,0.6842105263157895
1515,13,1,4,2,0,20,0.65
1516,13,1,3,2,0,19,0.6842105263157895
1517,12,1,4,3,0,20,0.6
1518,13,1,4,2,0,20,0.65
1519,13,1,4,1,0,19,0.6842105263157895
1520,13,1,2,1,0,17,0.7647058823529411
1521,12,1,4,2,0,19,0.631578947368421
1522,13,1,3,2,0,19,0.6842105263157895
1523,12,1,4,2,0,19,0.631578947368421
1524,13,1,4,2,0,20,0.65
1525,12,1,4,2,0,19,0.631578947368421
1526,12,1,4,2,0,19,0.631578947368421
1527,13,1,4,1,0,19,0.6842105263157895
1528,12,1,3,1,0,17,0.7058823529411765
1529,13,1,4,1,0,19,0.6842105263157895
1530,12,1,4,1,0,18,0.6666666666666666
1531,14,2,4,2,0,22,0.6363636363636364
1532,12,1,4,1,0,18,0.6666666666666666
1533,13,1,4,2,0,20,0.65
1534,12,1,4,1,0,18,0.6666666666666666
1535,13,1,3,2,0,19,0.6842105263157895
1536,12,1,3,1,0,17,0.7058823529411765
1537,13,0,4,1,0,18,0.7222222222222222
1538,13,1,3,2,0,19,0.6842105263157895
1539,13,1,4,1,0,19,0.6842105263157895
1540,12,1,4,1,0,18,0.6666666666666666
1541,12,1,3,2,0,18,0.6666666666666666
1542,12,2,3,1,0,18,0.6666666666666666
1543,12,1,4,2,0,19,0.631578947368421
1544,11,1,4,2,0,18,0.6111111111111112
1545,13,1,4,1,0,19,0.6842105263157895
1546,14,1,3,2,0,20,0.7
1547,11,2,4,2,0,19,0.5789473684210527
1548,12,1,4,1,0,18,0.6666666666666666
1549,12,2,4,2,0,20,0.6
1550,12,1,4,2,0,19,0.631578947368421
1551,12,1,4,2,0,19,0.631578947368421
1552,14,1,4,1,0,20,0.7
1553,12,1,3,2,0,18,0.6666666666666666
1554,11,1,4,2,0,18,0.6111111111111112
1555,13,1,4,1,0,19,0.6842105263157895
1556,13,1,3,2,0,19,0.6842105263157895
1557,12,1,4,2,0,19,0.631578947368421
1558,13,1,4,1,0,19,0.6842105263157895
1559,13,1,4,1,0,19,0.6842105263157895
1560,11,1,4,1,0,17,0.6470588235294118
1561,12,1,4,1,0,18,0.6666666666666666
1562,13,1,3,2,0,19,0.6842105263157895
1563,12,1,4,2,0,19,0.631578947368421
1564,13,1,4,2,0,20,0.65
1565,13,1,4,2,0,20,0.65
1566,12,1,3,2,0,18,0.6666666666666666
1567,13,1,4,1,0,19,0.6842105263157895
1568,13,1,4,1,0,19,0.6842105263157895
1569,13,1,3,1,0,18,0.7222222222222222
1570,13,1,3,1,0,18,0.7222222222222222
1571,13,1,3,2,0,19,0.6842105263157895
1572,13,1,4,2,0,20,0.65
1573,13,1,4,2,0,20,0.65
1574,13,1,3,1,0,18,0.7222222222222222
1575,13,1,4,1,0,19,0.6842105263157895
1576,13,1,4,1,0,19,0.6842105263157895
1577,13,2,4,2,0,21,0.6190476190476191
1578,13,1,4,2,0,20,0.65
1579,13,1,4,2,0,20,0.65
1580,12,1,4,2,0,19,0.631578947368421
1581,13,1,4,1,0,19,0.6842105263157895
1582,13,1,3,2,0,19,0.6842105263157895
1583,13,1,4,2,0,20,0.65
1584,14,1,4,1,0,20,0.7
1585,14,1,4,1,0,20,0.7
1586,12,1,4,2,0,19,0.631578947368421
1587,13,1,3,1,0,18,0.7222222222222222
1588,12,1,4,2,0,19,0.631578947368421
1589,12,1,3,2,0,18,0.6666666666666666
1590,13,1,4,2,0,20,0.65
1591,12,1,3,1,0,17,0.7058823529411765
1592,13,1,3,2,0,19,0.6842105263157895
1593,12,1,4,1,0,18,0.6666666666666666
1594,12,1,3,1,0,17,0.7058823529411765
1595,13,1,4,2,0,20,0.65
1596,12,1,3,2,0,18,0.6666666666666666
1597,13,1,4,2,0,20,0.65
1598,12,1,4,1,0,18,0.6666666666666666
1599,13,1,4,1,0,19,0.6842105263157895
1600,12,1,4,1,0,18,0.6666666666666666
1601,12,1,4,1,0,18,0.6666666666666666
1602,12,1,3,1,0,17,0.7058823529411765
1603,13,1,3,1,0,18,0.7222222222222222
1604,13,1,3,1,0,18,0.7222222222222222
1605,13,1,3,1,0,18,0.7222222222222222
1606,13,1,4,2,0,20,0.65
1607,14,1,2,1,0,18,0.7777777777777778
1608,12,1,4,2,0,19,0.631578947368421
1609,14,1,3,2,0,20,0.7
1610,11,1,4,2,0,18,0.6111111111111112
1611,12,1,4,2,0,19,0.631578947368421
1612,13,1,4,2,0,20,0.65
1613,13,1,4,1,0,19,0.6842105263157895
1614,13,1,3,2,0,19,0.6842105263157895
1615,13,1,2,2,0,18,0.7222222222222222
1616,12,1,4,1,0,18,0.6666666666666666
1617,12,1,3,1,0,17,0.7058823529411765
1618,12,1,4,1,0,18,0.6666666666666666
1619,14,1,4,1,0,20,0.7
1620,11,1,4,1,0,17,0.6470588235294118
1621,12,1,4,1,0,18,0.6666666666666666
1622,12,2,4,2,0,20,0.6
1623,14,1,4,2,0,21,0.6666666666666666
1624,12,1,4,2,0,19,0.631578947368421
1625,13,1,3,2,0,19,0.6842105263157895
1626,13,1,4,2,0,20,0.65
1627,12,1,4,2,0,19,0.631578947368421
1628,12,1,2,2,0,17,0.7058823529411765
1629,13,1,4,2,0,20,0.65
1630,13,1,4,1,0,19,0.6842105263157895
1631,13,1,4,2,0,20,0.65
1632,11,1,4,2,0,18,0.6111111111111112
1633,13,1,4,1,0,19,0.6842105263157895
1634,12,1,4,1,0,18,0.6666666666666666
1635,12,1,4,1,0,18,0.6666666666666666
1636,13,1,4,1,0,19,0.6842105263157895
1637,13,1,4,1,0,19,0.6842105263157895
1638,14,1,4,1,0,20,0.7
1639,14,1,4,1,0,20,0.7
1640,11,1,4,1,0,17,0.6470588235294118
1641,10,1,3,1,0,15,0.6666666666666666
1642,13,1,3,1,0,18,0.7222222222222222
1643,13,1,3,1,0,18,0.7222222222222222
1644,13,1,4,1,0,19,0.6842105263157895
1645,14,1,3,2,0,20,0.7
1646,14,1,4,2,0,21,0.6666666666666666
1647,12,1,3,2,0,18,0.6666666666666666
1648,13,1,3,1,0,18,0.7222222222222222
1649,13,1,4,2,0,20,0.65
1650,12,1,4,2,0,19,0.631578947368421
1651,13,1,4,1,0,19,0.6842105263157895
1652,12,1,4,1,0,18,0.6666666666666666
1653,14,1,4,1,0,20,0.7
1654,13,1,4,1,0,19,0.6842105263157895
1655,13,1,4,2,0,20,0.65
1656,13,1,3,1,0,18,0.7222222222222222
1657,13,1,4,1,0,19,0.6842105263157895
1658,13,1,4,2,0,20,0.65
1659,13,1,4,2,0,20,0.65
1660,13,1,4,1,0,19,0.6842105263157895
1661,13,1,3,1,0,18,0.7222222222222222
1662,12,1,3,2,0,18,0.6666666666666666
1663,13,1,4,1,0,19,0.6842105263157895
1664,13,1,3,2,0,19,0.6842105263157895
1665,13,1,2,1,0,17,0.7647058823529411
1666,13,1,3,2,0,19,0.6842105263157895
1667,12,1,4,1,0,18,0.6666666666666666
1668,13,1,3,2,0,19,0.6842105263157895
1669,13,1,4,2,0,20,0.65
1670,13,1,4,1,0,19,0.6842105263157895
1671,13,1,3,1,0,18,0.7222222222222222
1672,13,1,4,2,0,20,0.65
1673,13,1,4,1,0,19,0.6842105263157895
1674,12,1,4,2,0,19,0.631578947368421
1675,14,1,4,1,0,20,0.7
1676,13,1,4,2,0,20,0.65
1677,12,1,4,2,0,19,0.631578947368421
1678,11,1,3,2,0,17,0.6470588235294118
1679,13,1,4,2,0,20,0.65
1680,13,1,4,2,0,20,0.65
1681,13,1,3,2,0,19,0.6842105263157895
1682,12,1,3,2,0,18,0.6666666666666666
1683,11,1,3,2,0,17,0.6470588235294118
1684,13,1,3,1,0,18,0.7222222222222222
1685,11,1,4,2,0,18,0.6111111111111112
1686,13,1,3,1,0,18,0.7222222222222222
1687,13,1,4,1,0,19,0.6842105263157895
1688,12,1,3,1,0,17,0.7058823529411765
1689,13,1,4,1,0,19,0.6842105263157895
1690,13,1,3,1,0,18,0.7222222222222222
1691,13,1,4,1,0,19,0.6842105263157895
1692,13,1,4,2,0,20,0.65
1693,13,1,3,1,0,18,0.7222222222222222
1694,13,1,4,2,0,20,0.65
1695,12,1,4,1,0,18,0.6666666666666666
1696,13,1,4,1,0,19,0.6842105263157895
1697,13,1,4,2,0,20,0.65
1698,13,1,3,2,0,19,0.6842105263157895
1699,11,1,3,2,0,17,0.6470588235294118
1700,13,1,3,2,0,19,0.6842105263157895
1701,12,1,4,2,0,19,0.631578947368421
1702,13,1,4,2,0,20,0.65
1703,14,1,4,2,0,21,0.6666666666666666
1704,10,1,4,2,0,17,0.5882352941176471
1705,13,1,4,2,0,20,0.65
1706,13,1,4,2,0,20,0.65
1707,14,1,4,2,0,21,0.6666666666666666
1708,13,1,3,2,0,19,0.6842105263157895
1709,12,1,3,2,0,18,0.6666666666666666
1710,13,1,4,2,0,20,0.65
1711,12,1,4,2,0,19,0.631578947368421
1712,13,1,3,2,0,19,0.6842105263157895
1713,13,1,4,2,0,20,0.65
1714,13,1,3,2,0,19,0.6842105263157895
1715,12,1,3,2,0,18,0.6666666666666666
1716,13,1,4,2,0,20,0.65
1717,12,1,4,2,0,19,0.631578947368421
1718,14,2,3,2,0,21,0.6666666666666666
1719,13,1,4,2,0,20,0.65
1720,12,1,4,2,0,19,0.631578947368421
1721,13,1,4,2,0,20,0.65
1722,13,1,3,2,0,19,0.6842105263157895
1723,13,1,3,2,0,19,0.6842105263157895
1724,13,1,4,2,0,20,0.65
1725,12,1,4,1,0,18,0.6666666666666666
1726,13,1,3,2,0,19,0.6842105263157895
1727,13,1,4,1,0,19,0.6842105263157895
1728,12,1,3,1,0,17,0.7058823529411765
1729,13,1,4,1,0,19,0.6842105263157895
1730,12,1,4,1,0,18,0.6666666666666666
1731,13,1,3,2,0,19,0.6842105263157895
1732,13,1,3,1,0,18,0.7222222222222222
1733,13,1,4,2,0,20,0.65
1734,13,1,4,2,0,20,0.65
1735,11,1,4,1,0,17,0.6470588235294118
1736,12,1,4,1,0,18,0.6666666666666666
1737,12,1,3,2,0,18,0.6666666666666666
1738,13,1,3,3,0,20,0.65
1739,13,1,4,1,0,19,0.6842105263157895
1740,12,1,3,2,0,18,0.6666666666666666
1741,13,1,4,1,0,19,0.6842105263157895
1742,12,1,4,1,0,18,0.6666666666666666
1743,12,1,3,1,0,17,0.7058823529411765
1744,12,1,4,2,0,19,0.631578947368421
1745,13,1,3,2,0,19,0.6842105263157895
1746,12,1,3,1,0,17,0.7058823529411765
1747,13,1,4,1,0,19,0.6842105263157895
1748,12,1,4,1,0,18,0.6666666666666666
1749,13,1,3,2,0,19,0.6842105263157895
1750,12,1,3,2,0,18,0.6666666666666666
1751,12,1,4,1,0,18,0.6666666666666666
1752,12,1,4,1,0,18,0.6666666666666666
1753,13,1,4,1,0,19,0.6842105263157895
1754,12,1,2,1,0,16,0.75
1755,13,1,4,1,0,19,0.6842105263157895
1756,13,1,3,1,0,18,0.7222222222222222
1757,12,1,4,1,0,18,0.6666666666666666
1758,13,1,4,2,0,20,0.65
1759,13,1,4,1,0,19,0.6842105263157895
1760,13,1,3,1,0,18,0.7222222222222222
1761,12,1,4,1,0,18,0.6666666666666666
1762,13,1,3,2,0,19,0.6842105263157895
1763,13,1,4,1,0,19,0.6842105263157895
1764,14,1,4,2,0,21,0.6666666666666666
1765,12,1,3,1,0,17,0.7058823529411765
1766,13,2,4,2,0,21,0.6190476190476191
1767,14,2,4,2,0,22,0.6363636363636364
1768,14,2,4,2,0,22,0.6363636363636364
1769,13,1,4,2,0,20,0.65
1770,14,1,4,2,0,21,0.6666666666666666
1771,13,1,3,1,0,18,0.7222222222222222
1772,14,1,4,1,0,20,0.7
1773,11,1,4,1,0,17,0.6470588235294118
1774,11,1,3,1,0,16,0.6875
1775,13,1,4,1,0,19,0.6842105263157895
1776,12,1,4,1,0,18,0.6666666666666666
1777,13,1,4,1,0,19,0.6842105263157895
1778,12,1,3,2,0,18,0.6666666666666666
1779,13,1,4,2,0,20,0.65
1780,13,1,4,2,0,20,0.65
1781,14,1,4,1,0,20,0.7
1782,13,1,4,2,0,20,0.65
1783,13,1,3,1,0,18,0.7222222222222222
1784,12,1,4,1,0,18,0.6666666666666666
1785,13,1,3,1,0,18,0.7222222222222222
1786,12,1,3,1,0,17,0.7058823529411765
1787,13,1,4,2,0,20,0.65
1788,13,1,4,1,0,19,0.6842105263157895
1789,13,1,4,2,0,20,0.65
1790,13,1,3,1,0,18,0.7222222222222222
1791,13,2,3,2,0,20,0.65
1792,13,1,3,1,0,18,0.7222222222222222
1793,13,1,3,2,0,19,0.6842105263157895
1794,13,1,2,1,0,17,0.7647058823529411
1795,13,1,3,2,0,19,0.6842105263157895
1796,13,1,3,1,0,18,0.7222222222222222
1797,13,1,2,2,0,18,0.7222222222222222
1798,13,1,4,2,0,20,0.65
1799,13,1,3,1,0,18,0.7222222222222222
1800,12,1,4,2,0,19,0.631578947368421
1801,12,1,4,2,0,19,0.631578947368421
1802,12,2,4,2,0,20,0.6
1803,13,1,3,1,0,18,0.7222222222222222
1804,12,1,2,1,0,16,0.75
1805,13,1,4,1,0,19,0.6842105263157895
1806,13,1,3,2,0,19,0.6842105263157895
1807,13,1,3,2,0,19,0.6842105263157895
1808,13,1,4,1,0,19,0.6842105263157895
1809,13,1,4,2,0,20,0.65
1810,12,1,3,2,0,18,0.6666666666666666
1811,13,1,3,1,0,18,0.7222222222222222
1812,13,1,4,2,0,20,0.65
1813,13,1,4,2,0,20,0.65
1814,13,1,3,2,0,19,0.6842105263157895
1815,13,1,2,2,0,18,0.7222222222222222
1816,13,1,3,1,0,18,0.7222222222222222
1817,13,1,4,2,0,20,0.65
1818,12,1,4,2,0,19,0.631578947368421
1819,13,1,4,3,0,21,0.6190476190476191
1820,12,1,3,2,0,18,0.6666666666666666
1821,12,1,3,1,0,17,0.7058823529411765
1822,12,1,3,2,0,18,0.6666666666666666
1823,12,1,4,1,0,18,0.6666666666666666
1824,13,1,4,1,0,19,0.6842105263157895
1825,12,1,4,2,0,19,0.631578947368421
1826,13,1,4,2,0,20,0.65
1827,13,1,3,1,0,18,0.7222222222222222
1828,13,1,3,2,0,19,0.6842105263157895
1829,13,1,4,2,0,20,0.65
1830,13,1,3,2,0,19,0.6842105263157895
1831,13,2,3,2,0,20,0.65
1832,12,1,3,2,0,18,0.6666666666666666
1833,13,1,3,3,0,20,0.65
1834,13,1,4,1,0,19,0.6842105263157895
1835,13,1,4,1,0,19,0.6842105263157895
1836,13,1,2,2,0,18,0.7222222222222222
1837,10,1,4,2,0,17,0.5882352941176471
1838,13,1,3,2,0,19,0.6842105263157895
1839,13,1,3,1,0,18,0.7222222222222222
1840,12,1,4,2,0,19,0.631578947368421
1841,12,1,3,1,0,17,0.7058823529411765
1842,13,1,4,1,0,19,0.6842105263157895
1843,12,1,4,2,0,19,0.631578947368421
1844,13,1,4,2,0,20,0.65
1845,12,1,4,2,0,19,0.631578947368421
1846,12,1,3,1,0,17,0.7058823529411765
1847,13,1,4,2,0,20,0.65
1848,13,1,4,1,0,19,0.6842105263157895
1849,11,1,4,2,0,18,0.6111111111111112
1850,13,1,2,1,0,17,0.7647058823529411
1851,13,1,3,1,0,18,0.7222222222222222
1852,10,1,4,2,0,17,0.5882352941176471
1853,13,1,2,1,0,17,0.7647058823529411
1854,12,1,3,1,0,17,0.7058823529411765
1855,13,1,4,2,0,20,0.65
1856,12,1,3,2,0,18,0.6666666666666666
1857,12,1,4,2,0,19,0.631578947368421
1858,12,1,4,2,0,19,0.631578947368421
1859,13,1,4,2,0,20,0.65
1860,11,1,3,1,0,16,0.6875
1861,13,1,3,2,0,19,0.6842105263157895
1862,13,1,4,3,0,21,0.6190476190476191
1863,13,1,4,3,0,21,0.6190476190476191
1864,13,1,4,1,0,19,0.6842105263157895
1865,12,1,4,2,0,19,0.631578947368421
1866,13,1,4,1,0,19,0.6842105263157895
1867,13,1,4,2,0,20,0.65
1868,12,1,3,2,0,18,0.6666666666666666
1869,13,2,4,2,0,21,0.6190476190476191
1870,13,1,3,1,0,18,0.7222222222222222
1871,12,1,4,2,0,19,0.631578947368421
1872,12,1,4,1,0,18,0.6666666666666666
1873,13,1,4,1,0,19,0.6842105263157895
1874,13,1,4,1,0,19,0.6842105263157895
1875,13,1,4,2,0,20,0.65
1876,13,1,3,2,0,19,0.6842105263157895
1877,12,1,4,1,0,18,0.6666666666666666
1878,12,1,4,2,0,19,0.631578947368421
1879,13,1,3,2,0,19,0.6842105263157895
1880,13,2,4,1,0,20,0.65
1881,12,1,4,2,0,19,0.631578947368421
1882,13,1,3,2,0,19,0.6842105263157895
1883,13,1,3,2,0,19,0.6842105263157895
1884,13,1,4,2,0,20,0.65
1885,13,1,4,2,0,20,0.65
1886,12,1,4,2,0,19,0.631578947368421
1887,13,1,4,1,0,19,0.6842105263157895
1888,13,1,4,1,0,19,0.6842105263157895
1889,13,1,4,2,0,20,0.65
1890,13,1,4,1,0,19,0.6842105263157895
1891,13,1,4,1,0,19,0.6842105263157895
1892,13,1,3,1,0,18,0.7222222222222222
1893,13,1,4,2,0,20,0.65
1894,12,1,3,1,0,17,0.7058823529411765
1895,13,1,3,1,0,18,0.7222222222222222
1896,13,1,4,2,0,20,0.65
1897,13,1,4,1,0,19,0.6842105263157895
1898,12,1,4,2,0,19,0.631578947368421
1899,13,1,4,2,0,20,0.65
1900,13,1,4,1,0,19,0.6842105263157895
1901,13,1,4,1,0,19,0.6842105263157895
1902,12,1,4,2,0,19,0.631578947368421
1903,13,1,4,2,0,20,0.65
1904,13,1,4,1,0,19,0.6842105263157895
1905,12,1,4,2,0,19,0.631578947368421
1906,13,1,4,1,0,19,0.6842105263157895
1907,13,1,4,2,0,20,0.65
1908,12,1,4,2,0,19,0.631578947368421
1909,13,1,4,2,0,20,0.65
1910,13,1,4,2,0,20,0.65
1911,13,1,4,2,0,20,0.65
1912,13,1,4,2,0,20,0.65
1913,13,1,3,2,0,19,0.6842105263157895
1914,13,1,3,1,0,18,0.7222222222222222
1915,12,2,3,1,0,18,0.6666666666666666
1916,13,2,3,1,0,19,0.6842105263157895
1917,13,1,4,1,0,19,0.6842105263157895
1918,12,1,4,1,0,18,0.6666666666666666
1919,12,1,4,1,0,18,0.6666666666666666
1920,12,1,4,1,0,18,0.6666666666666666
1921,12,1,3,2,0,18,0.6666666666666666
1922,13,1,4,1,0,19,0.6842105263157895
1923,13,1,3,1,0,18,0.7222222222222222
1924,13,1,3,2,0,19,0.6842105263157895
1925,13,1,4,2,0,20,0.65
1926,12,2,3,2,0,19,0.631578947368421
1927,12,1,4,1,0,18,0.6666666666666666
1928,13,1,4,1,0,19,0.6842105263157895
1929,12,2,4,2,0,20,0.6
1930,13,1,4,1,0,19,0.6842105263157895
1931,12,1,4,2,0,19,0.631578947368421
1932,13,1,4,2,0,20,0.65
1933,13,1,2,2,0,18,0.7222222222222222
1934,12,2,3,2,0,19,0.631578947368421
1935,13,1,3,2,0,19,0.6842105263157895
1936,13,1,4,2,0,20,0.65
1937,12,1,4,2,0,19,0.631578947368421
1938,13,2,4,2,0,21,0.6190476190476191
1939,12,1,4,1,0,18,0.6666666666666666
1940,13,1,3,2,0,19,0.6842105263157895
1941,11,1,4,1,0,17,0.6470588235294118
1942,13,1,4,2,0,20,0.65
1943,13,1,4,1,0,19,0.6842105263157895
1944,13,1,3,2,0,19,0.6842105263157895
1945,11,1,4,2,0,18,0.6111111111111112
1946,12,1,4,1,0,18,0.6666666666666666
1947,13,1,4,2,0,20,0.65
1948,13,1,3,1,0,18,0.7222222222222222
1949,12,1,4,2,0,19,0.631578947368421
1950,13,2,4,1,0,20,0.65
1951,13,1,4,2,0,20,0.65
1952,11,1,3,1,0,16,0.6875
1953,13,1,4,2,0,20,0.65
1954,14,1,3,1,0,19,0.7368421052631579
1955,12,1,2,2,0,17,0.7058823529411765
1956,13,1,3,2,0,19,0.6842105263157895
1957,11,1,4,2,0,18,0.6111111111111112
1958,12,1,3,2,0,18,0.6666666666666666
1959,13,1,4,2,0,20,0.65
1960,13,1,4,1,0,19,0.6842105263157895
1961,13,1,4,2,0,20,0.65
1962,11,1,3,2,0,17,0.6470588235294118
1963,12,1,4,2,0,19,0.631578947368421
1964,12,1,4,1,0,18,0.6666666666666666
1965,13,2,4,1,0,20,0.65
1966,12,1,4,2,0,19,0.631578947368421
1967,13,1,3,2,0,19,0.6842105263157895
1968,12,1,3,2,0,18,0.6666666666666666
1969,13,1,4,2,0,20,0.65
1970,12,1,4,2,0,19,0.631578947368421
1971,13,1,4,1,0,19,0.6842105263157895
1972,12,0,4,1,0,17,0.7058823529411765
1973,12,1,4,1,0,18,0.6666666666666666
1974,13,1,4,2,0,20,0.65
1975,13,1,4,2,0,20,0.65
1976,13,1,3,2,0,19,0.6842105263157895
1977,13,1,3,2,0,19,0.6842105263157895
1978,13,1,3,1,0,18,0.7222222222222222
1979,13,1,3,1,0,18,0.7222222222222222
1980,12,1,3,1,0,17,0.7058823529411765
1981,12,1,3,2,0,18,0.6666666666666666
1982,12,1,4,2,0,19,0.631578947368421
1983,13,1,4,1,0,19,0.6842105263157895
1984,13,1,4,2,0,20,0.65
1985,13,1,4,2,0,20,0.65
1986,13,1,3,2,0,19,0.6842105263157895
1987,12,1,3,1,0,17,0.7058823529411765
1988,13,1,3,2,0,19,0.6842105263157895
1989,13,0,4,1,0,18,0.7222222222222222
1990,13,1,3,2,0,19,0.6842105263157895
1991,13,1,3,3,0,20,0.65
1992,12,1,4,2,0,19,0.631578947368421
1993,13,1,3,1,0,18,0.7222222222222222
1994,13,1,4,1,0,19,0.6842105263157895
1995,13,1,4,1,0,19,0.6842105263157895
1996,13,1,4,2,0,20,0.65
1997,13,1,4,1,0,19,0.6842105263157895
1998,12,1,3,2,0,18,0.6666666666666666
1999,13,1,4,2,0,20,0.65
2000,12,1,2,1,0,16,0.75
2001,11,1,3,2,0,17,0.6470588235294118
2002,13,1,2,2,0,18,0.7222222222222222
2003,13,1,3,1,0,18,0.7222222222222222
2004,14,1,2,1,0,18,0.7777777777777778
2005,13,1,4,1,0,19,0.6842105263157895
2006,12,1,3,1,0,17,0.7058823529411765
2007,12,1,4,1,0,18,0.6666666666666666
2008,13,1,4,2,0,20,0.65
2009,13,1,4,2,0,20,0.65
2010,13,1,3,1,0,18,0.7222222222222222
2011,13,1,3,2,0,19,0.6842105263157895
2012,13,1,4,2,0,20,0.65
2013,13,1,4,1,0,19,0.6842105263157895
2014,13,1,4,1,0,19,0.6842105263157895
2015,12,1,3,2,0,18,0.6666666666666666
2016,13,1,4,2,0,20,0.65
2017,13,1,4,1,0,19,0.6842105263157895
2018,14,1,3,1,0,19,0.7368421052631579
2019,13,1,4,2,0,20,0.65
2020,13,1,4,2,0,20,0.65
2021,12,1,4,1,0,18,0.6666666666666666
2022,13,1,4,1,0,19,0.6842105263157895
2023,13,1,4,1,0,19,0.6842105263157895
2024,13,1,3,1,0,18,0.7222222222222222
2025,13,1,3,3,0,20,0.65
2026,11,1,3,3,0,18,0.6111111111111112
2027,13,1,4,1,0,19,0.6842105263157895
2028,12,1,4,1,0,18,0.6666666666666666
2029,13,1,3,2,0,19,0.6842105263157895
2030,13,1,4,2,0,20,0.65
2031,12,1,3,1,0,17,0.7058823529411765
2032,13,1,4,2,0,20,0.65
2033,13,1,4,1,0,19,0.6842105263157895
2034,12,1,4,2,0,19,0.631578947368421
2035,12,1,3,1,0,17,0.7058823529411765
2036,13,1,4,2,0,20,0.65
2037,12,1,4,2,0,19,0.631578947368421
2038,12,1,3,1,0,17,0.7058823529411765
2039,13,1,4,2,0,20,0.65
2040,13,1,3,1,0,18,0.7222222222222222
2041,13,1,4,1,0,19,0.6842105263157895
2042,12,1,3,2,0,18,0.6666666666666666
2043,13,1,4,1,0,19,0.6842105263157895
2044,12,1,4,1,0,18,0.6666666666666666
2045,13,1,3,2,0,19,0.6842105263157895
2046,13,1,4,1,0,19,0.6842105263157895
2047,13,1,4,2,0,20,0.65
2048,12,1,4,2,0,19,0.631578947368421
2049,13,1,4,2,0,20,0.65
2050,12,0,4,2,0,18,0.6666666666666666
2051,13,1,4,2,0,20,0.65
2052,11,1,4,2,0,18,0.6111111111111112
2053,12,1,4,2,0,19,0.631578947368421
2054,13,1,4,2,0,20,0.65
2055,13,1,4,2,0,20,0.65
2056,13,1,4,1,0,19,0.6842105263157895
2057,13,1,4,1,0,19,0.6842105263157895
2058,13,1,3,2,0,19,0.6842105263157895
2059,12,1,3,2,0,18,0.6666666666666666
2060,13,1,4,1,0,19,0.6842105263157895
2061,12,1,3,2,0,18,0.6666666666666666
2062,12,1,4,1,0,18,0.6666666666666666
2063,11,1,4,3,0,19,0.5789473684210527
2064,13,1,4,1,0,19,0.6842105263157895
2065,13,1,4,2,0,20,0.65
2066,13,1,4,1,0,19,0.6842105263157895
2067,13,1,4,1,0,19,0.6842105263157895
2068,12,1,4,2,0,19,0.631578947368421
2069,12,1,4,1,0,18,0.6666666666666666
2070,13,1,4,1,0,19,0.6842105263157895
2071,12,1,4,2,0,19,0.631578947368421
2072,13,1,3,1,0,18,0.7222222222222222
2073,13,1,3,2,0,19,0.6842105263157895
2074,12,1,3,2,0,18,0.6666666666666666
2075,13,1,2,2,0,18,0.7222222222222222
2076,13,1,4,2,0,20,0.65
2077,12,1,4,1,0,18,0.6666666666666666
2078,12,1,4,1,0,18,0.6666666666666666
2079,12,2,4,2,0,20,0.6
2080,12,1,3,1,0,17,0.7058823529411765
2081,12,1,4,2,0,19,0.631578947368421
2082,13,1,3,1,0,18,0.7222222222222222
2083,13,1,3,2,0,19,0.6842105263157895
2084,13,1,4,1,0,19,0.6842105263157895
2085,13,1,4,1,0,19,0.6842105263157895
2086,12,1,3,1,0,17,0.7058823529411765
2087,13,1,3,1,0,18,0.7222222222222222
2088,13,1,3,1,0,18,0.7222222222222222
2089,12,1,3,1,0,17,0.7058823529411765
2090,13,1,3,2,0,19,0.6842105263157895
2091,12,1,3,2,0,18,0.6666666666666666
2092,13,1,4,2,0,20,0.65
2093,13,1,4,1,0,19,0.6842105263157895
2094,13,1,3,2,0,19,0.6842105263157895
2095,13,1,4,1,0,19,0.6842105263157895
2096,13,2,4,1,0,20,0.65
2097,12,1,3,2,0,18,0.6666666666666666
2098,13,1,4,2,0,20,0.65
2099,13,1,3,2,0,19,0.6842105263157895
2100,13,1,3,2,0,19,0.6842105263157895
2101,12,2,4,2,0,20,0.6
2102,13,2,4,2,0,21,0.6190476190476191
2103,13,1,4,2,0,20,0.65
2104,12,1,2,2,0,17,0.7058823529411765
2105,12,1,2,1,0,16,0.75
2106,12,1,4,2,0,19,0.631578947368421
2107,12,1,3,2,0,18,0.6666666666666666
2108,13,1,4,1,0,19,0.6842105263157895
2109,13,1,3,2,0,19,0.6842105263157895
2110,12,1,3,1,0,17,0.7058823529411765
2111,13,2,4,1,0,20,0.65
2112,12,1,4,1,0,18,0.6666666666666666
2113,12,1,4,1,0,18,0.6666666666666666
2114,13,2,3,2,0,20,0.65
2115,12,1,3,1,0,17,0.7058823529411765
2116,12,1,4,2,0,19,0.631578947368421
2117,12,1,3,2,0,18,0.6666666666666666
2118,12,1,4,2,0,19,0.631578947368421
2119,12,1,4,2,0,19,0.631578947368421
2120,12,1,4,2,0,19,0.631578947368421
2121,13,2,4,2,0,21,0.6190476190476191
2122,12,1,4,2,0,19,0.631578947368421
2123,11,1,2,2,0,16,0.6875
2124,12,1,3,1,0,17,0.7058823529411765
2125,13,1,3,2,0,19,0.6842105263157895
2126,13,1,2,2,0,18,0.7222222222222222
2127,12,1,2,2,0,17,0.7058823529411765
2128,13,1,2,2,0,18,0.7222222222222222
2129,13,1,2,2,0,18,0.7222222222222222
2130,13,1,4,1,0,19,0.6842105263157895
2131,13,1,2,2,0,18,0.7222222222222222
2132,12,1,3,1,0,17,0.7058823529411765
2133,13,1,2,2,0,18,0.7222222222222222
2134,13,1,3,1,0,18,0.7222222222222222
2135,13,1,3,1,0,18,0.7222222222222222
2136,13,1,4,2,0,20,0.65
2137,13,1,4,2,0,20,0.65
2138,13,1,3,1,0,18,0.7222222222222222
2139,12,1,4,1,0,18,0.6666666666666666
2140,13,1,4,2,0,20,0.65
2141,13,1,4,2,0,20,0.65
2142,12,1,3,2,0,18,0.6666666666666666
2143,12,1,4,2,0,19,0.631578947368421
2144,12,1,2,2,0,17,0.7058823529411765
2145,13,1,4,2,0,20,0.65
2146,13,1,3,2,0,19,0.6842105263157895
2147,12,1,3,2,0,18,0.6666666666666666
2148,13,1,3,2,0,19,0.6842105263157895
2149,12,1,2,2,0,17,0.7058823529411765
2150,13,1,2,2,0,18,0.7222222222222222
2151,12,1,4,2,0,19,0.631578947368421
2152,12,1,3,2,0,18,0.6666666666666666
2153,13,1,3,2,0,19,0.6842105263157895
2154,13,1,4,2,0,20,0.65
2155,12,1,3,2,0,18,0.6666666666666666
2156,13,1,3,2,0,19,0.6842105263157895
2157,14,1,3,2,0,20,0.7
2158,12,1,3,2,0,18,0.6666666666666666
2159,13,1,3,2,0,19,0.6842105263157895
2160,12,1,3,2,0,18,0.6666666666666666
2161,13,1,3,2,0,19,0.6842105263157895
2162,13,1,4,2,0,20,0.65
2163,11,1,4,2,0,18,0.6111111111111112
2164,12,1,3,2,0,18,0.6666666666666666
2165,13,1,3,2,0,19,0.6842105263157895
2166,13,1,4,2,0,20,0.65
2167,12,1,3,1,0,17,0.7058823529411765
2168,12,1,4,2,0,19,0.631578947368421
2169,12,1,4,2,0,19,0.631578947368421
2170,12,1,3,2,0,18,0.6666666666666666
2171,12,1,3,2,0,18,0.6666666666666666
2172,12,1,4,2,0,19,0.631578947368421
2173,13,1,3,2,0,19,0.6842105263157895
2174,12,1,3,2,0,18,0.6666666666666666
2175,12,1,3,2,0,18,0.6666666666666666
2176,11,1,3,2,0,17,0.6470588235294118
2177,12,1,2,2,0,17,0.7058823529411765
2178,12,1,3,2,0,18,0.6666666666666666
2179,12,1,3,2,0,18,0.6666666666666666
2180,13,1,4,2,0,20,0.65
2181,13,1,4,1,0,19,0.6842105263157895
2182,11,1,4,1,0,17,0.6470588235294118
2183,12,1,4,1,0,18,0.6666666666666666
2184,12,1,3,1,0,17,0.7058823529411765
2185,12,1,3,1,0,17,0.7058823529411765
2186,13,1,3,1,0,18,0.7222222222222222
2187,12,1,3,2,0,18,0.6666666666666666
2188,13,1,3,1,0,18,0.7222222222222222
2189,13,1,4,2,0,20,0.65
2190,13,1,3,2,0,19,0.6842105263157895
2191,13,1,4,2,0,20,0.65
2192,13,1,3,2,0,19,0.6842105263157895
2193,13,1,2,1,0,17,0.7647058823529411
2194,13,1,3,2,0,19,0.6842105263157895
2195,13,1,3,1,0,18,0.7222222222222222
2196,13,1,4,2,0,20,0.65
2197,12,2,3,1,0,18,0.6666666666666666
2198,14,1,3,1,0,19,0.7368421052631579
2199,14,1,2,1,0,18,0.7777777777777778
2200,13,0,4,2,0,19,0.6842105263157895
2201,12,1,4,2,0,19,0.631578947368421
2202,12,1,3,2,0,18,0.6666666666666666
2203,12,1,4,2,0,19,0.631578947368421
2204,12,2,3,2,0,19,0.631578947368421
2205,12,1,4,1,0,18,0.6666666666666666
2206,13,1,4,2,0,20,0.65
2207,12,1,3,1,0,17,0.7058823529411765
2208,14,2,3,1,0,20,0.7
2209,13,2,4,2,0,21,0.6190476190476191
2210,13,1,4,2,0,20,0.65
2211,13,1,4,2,0,20,0.65
2212,12,1,4,2,0,19,0.631578947368421
2213,13,1,4,1,0,19,0.6842105263157895
2214,12,1,4,2,0,19,0.631578947368421
2215,11,1,3,2,0,17,0.6470588235294118
2216,11,1,3,2,0,17,0.6470588235294118
2217,13,2,4,2,0,21,0.6190476190476191
2218,13,1,4,1,0,19,0.6842105263157895
2219,12,1,4,1,0,18,0.6666666666666666
2220,12,1,4,2,0,19,0.631578947368421
2221,12,1,4,1,0,18,0.6666666666666666
2222,13,1,3,1,0,18,0.7222222222222222
2223,13,1,4,1,0,19,0.6842105263157895
2224,13,1,2,1,0,17,0.7647058823529411
2225,12,1,3,1,0,17,0.7058823529411765
2226,13,1,4,1,0,19,0.6842105263157895
2227,13,1,4,1,0,19,0.6842105263157895
2228,13,1,4,1,0,19,0.6842105263157895
2229,13,1,4,1,0,19,0.6842105263157895
2230,13,1,3,2,0,19,0.6842105263157895
2231,13,1,4,1,0,19,0.6842105263157895
2232,13,1,4,1,0,19,0.6842105263157895
2233,13,1,4,1,0,19,0.6842105263157895
2234,13,1,3,2,0,19,0.6842105263157895
2235,13,1,3,1,0,18,0.7222222222222222
2236,13,1,4,1,0,19,0.6842105263157895
2237,13,1,4,1,0,19,0.6842105263157895
2238,13,1,3,1,0,18,0.7222222222222222
2239,12,1,4,2,0,19,0.631578947368421
2240,13,1,4,2,0,20,0.65
2241,12,1,4,1,0,18,0.6666666666666666
2242,12,1,3,1,0,17,0.7058823529411765
2243,12,1,3,2,0,18,0.6666666666666666
2244,13,1,4,2,0,20,0.65
2245,12,1,4,2,0,19,0.631578947368421
2246,11,1,4,2,0,18,0.6111111111111112
2247,13,1,4,2,0,20,0.65
2248,13,1,4,2,0,20,0.65
2249,13,1,3,2,0,19,0.6842105263157895
2250,13,1,3,1,0,18,0.7222222222222222
2251,13,1,4,1,0,19,0.6842105263157895
2252,13,1,4,1,0,19,0.6842105263157895
2253,13,1,3,1,0,18,0.7222222222222222
2254,13,1,4,1,0,19,0.6842105263157895
2255,13,1,4,1,0,19,0.6842105263157895
2256,13,0,4,2,0,19,0.6842105263157895
2257,12,1,3,1,0,17,0.7058823529411765
2258,13,1,4,1,0,19,0.6842105263157895
2259,13,2,4,2,0,21,0.6190476190476191
2260,12,1,4,2,0,19,0.631578947368421
2261,13,1,4,1,0,19,0.6842105263157895
2262,13,1,3,1,0,18,0.7222222222222222
2263,13,1,4,1,0,19,0.6842105263157895
2264,13,1,3,1,0,18,0.7222222222222222
2265,13,1,4,3,0,21,0.6190476190476191
2266,13,1,3,1,0,18,0.7222222222222222
2267,13,1,4,2,0,20,0.65
2268,13,1,4,3,0,21,0.6190476190476191
2269,13,1,4,2,0,20,0.65
2270,13,1,3,2,0,19,0.6842105263157895
2271,12,1,4,1,0,18,0.6666666666666666
2272,13,1,3,2,0,19,0.6842105263157895
2273,13,1,3,1,0,18,0.7222222222222222
2274,12,1,4,2,0,19,0.631578947368421
2275,13,1,4,2,0,20,0.65
2276,12,1,4,2,0,19,0.631578947368421
2277,13,1,3,1,0,18,0.7222222222222222
2278,13,0,3,2,0,18,0.7222222222222222
2279,13,1,4,1,0,19,0.6842105263157895
2280,13,1,4,2,0,20,0.65
2281,11,1,4,1,0,17,0.6470588235294118
2282,13,1,4,2,0,20,0.65
2283,12,1,4,2,0,19,0.631578947368421
2284,13,1,4,2,0,20,0.65
2285,12,1,3,2,0,18,0.6666666666666666
2286,13,1,4,2,0,20,0.65
2287,13,1,3,1,0,18,0.7222222222222222
2288,12,2,4,2,0,20,0.6
2289,13,1,4,1,0,19,0.6842105263157895
2290,12,1,3,2,0,18,0.6666666666666666
2291,11,1,4,2,0,18,0.6111111111111112
2292,13,2,4,2,0,21,0.6190476190476191
2293,12,1,4,1,0,18,0.6666666666666666
2294,12,1,4,2,0,19,0.631578947368421
2295,12,1,4,1,0,18,0.6666666666666666
2296,13,1,3,2,0,19,0.6842105263157895
2297,13,1,3,2,0,19,0.6842105263157895
2298,11,2,4,1,0,18,0.6111111111111112
2299,13,1,4,2,0,20,0.65
2300,13,1,4,2,0,20,0.65
2301,12,1,4,2,0,19,0.631578947368421
2302,12,1,4,2,0,19,0.631578947368421
2303,13,2,4,2,0,21,0.6190476190476191
2304,13,1,4,2,0,20,0.65
2305,13,1,4,2,0,20,0.65
2306,12,1,4,2,0,19,0.631578947368421
2307,11,2,4,2,0,19,0.5789473684210527
2308,11,1,3,2,0,17,0.6470588235294118
2309,13,1,3,2,0,19,0.6842105263157895
2310,12,2,4,2,0,20,0.6
2311,13,1,4,2,0,20,0.65
2312,12,1,3,2,0,18,0.6666666666666666
2313,13,1,3,2,0,19,0.6842105263157895
2314,11,2,3,2,0,18,0.6111111111111112
2315,13,1,3,2,0,19,0.6842105263157895
2316,12,1,3,2,0,18,0.6666666666666666
2317,12,1,3,2,0,18,0.6666666666666666
2318,13,1,3,2,0,19,0.6842105263157895
2319,13,1,3,2,0,19,0.6842105263157895
2320,13,1,3,2,0,19,0.6842105263157895
2321,11,1,3,2,0,17,0.6470588235294118
2322,13,1,3,2,0,19,0.6842105263157895
2323,13,1,3,2,0,19,0.6842105263157895
2324,13,1,3,2,0,19,0.6842105263157895
2325,11,1,3,2,0,17,0.6470588235294118
2326,13,1,3,2,0,19,0.6842105263157895
2327,12,1,4,2,0,19,0.631578947368421
2328,13,1,3,2,0,19,0.6842105263157895
2329,12,1,4,1,0,18,0.6666666666666666
2330,11,1,4,2,0,18,0.6111111111111112
2331,13,1,4,2,0,20,0.65
2332,11,1,4,1,0,17,0.6470588235294118
2333,12,1,4,1,0,18,0.6666666666666666
2334,13,1,4,2,0,20,0.65
2335,12,1,3,2,0,18,0.6666666666666666
2336,13,1,3,2,0,19,0.6842105263157895
2337,12,1,3,2,0,18,0.6666666666666666
2338,13,1,3,2,0,19,0.6842105263157895
2339,11,1,4,2,0,18,0.6111111111111112
2340,13,1,3,2,0,19,0.6842105263157895
2341,11,1,3,2,0,17,0.6470588235294118
2342,12,1,3,2,0,18,0.6666666666666666
2343,12,1,3,2,0,18,0.6666666666666666
2344,12,1,2,2,0,17,0.7058823529411765
2345,13,1,4,2,0,20,0.65
2346,12,1,4,2,0,19,0.631578947368421
2347,12,1,3,2,0,18,0.6666666666666666
2348,13,1,2,1,0,17,0.7647058823529411
2349,9,1,3,2,0,15,0.6
2350,11,1,3,1,0,16,0.6875
2351,13,1,4,1,0,19,0.6842105263157895
2352,12,1,3,2,0,18,0.6666666666666666
2353,13,1,3,2,0,19,0.6842105263157895
2354,12,1,3,2,0,18,0.6666666666666666
2355,12,1,4,2,0,19,0.631578947368421
2356,12,1,4,2,0,19,0.631578947368421
2357,13,1,3,2,0,19,0.6842105263157895
2358,12,1,4,2,0,19,0.631578947368421
2359,11,2,4,2,0,19,0.5789473684210527
2360,12,1,3,2,0,18,0.6666666666666666
2361,13,1,3,2,0,19,0.6842105263157895
2362,12,1,2,2,0,17,0.7058823529411765
2363,12,1,3,2,0,18,0.6666666666666666
2364,12,2,3,2,0,19,0.631578947368421
2365,12,1,3,2,0,18,0.6666666666666666
2366,13,1,3,2,0,19,0.6842105263157895
2367,12,1,3,2,0,18,0.6666666666666666
2368,12,1,4,2,0,19,0.631578947368421
2369,12,1,3,2,0,18,0.6666666666666666
2370,12,1,3,2,0,18,0.6666666666666666
2371,12,1,3,1,0,17,0.7058823529411765
2372,13,1,4,2,0,20,0.65
2373,13,1,4,2,0,20,0.65
2374,11,1,4,2,0,18,0.6111111111111112
2375,13,2,4,2,0,21,0.6190476190476191
2376,12,1,4,2,0,19,0.631578947368421
2377,12,1,3,2,0,18,0.6666666666666666
2378,13,1,3,2,0,19,0.6842105263157895
2379,12,1,4,2,0,19,0.631578947368421
2380,12,1,3,2,0,18,0.6666666666666666
2381,12,1,3,1,0,17,0.7058823529411765
2382,13,1,4,2,0,20,0.65
2383,13,1,4,2,0,20,0.65
2384,13,1,4,2,0,20,0.65
2385,13,1,3,2,0,19,0.6842105263157895
2386,13,1,3,2,0,19,0.6842105263157895
2387,12,1,3,2,0,18,0.6666666666666666
2388,13,1,3,1,0,18,0.7222222222222222
2389,13,2,4,2,0,21,0.6190476190476191
2390,13,1,4,2,0,20,0.65
2391,12,1,4,1,0,18,0.6666666666666666
2392,12,1,3,1,0,17,0.7058823529411765
2393,13,1,4,1,0,19,0.6842105263157895
2394,12,1,4,2,0,19,0.631578947368421
2395,13,1,3,2,0,19,0.6842105263157895
2396,13,0,3,1,0,17,0.7647058823529411
2397,13,1,3,2,0,19,0.6842105263157895
2398,13,1,3,2,0,19,0.6842105263157895
2399,12,1,3,2,0,18,0.6666666666666666
2400,12,1,3,1,0,17,0.7058823529411765
2401,12,1,3,2,0,18,0.6666666666666666
2402,12,0,4,2,0,18,0.6666666666666666
2403,12,1,3,2,0,18,0.6666666666666666
2404,12,1,3,2,0,18,0.6666666666666666
2405,12,1,4,1,0,18,0.6666666666666666
2406,12,0,4,2,0,18,0.6666666666666666
2407,13,0,4,1,0,18,0.7222222222222222
2408,12,0,4,2,0,18,0.6666666666666666
2409,12,0,3,1,0,16,0.75
2410,12,0,3,1,0,16,0.75
2411,12,1,4,2,0,19,0.631578947368421
2412,12,1,2,2,0,17,0.7058823529411765
2413,11,0,3,2,0,16,0.6875
2414,11,1,4,1,0,17,0.6470588235294118
2415,12,1,3,2,0,18,0.6666666666666666
2416,12,1,4,1,0,18,0.6666666666666666
2417,12,1,3,1,0,17,0.7058823529411765
2418,11,1,3,1,0,16,0.6875
2419,12,1,4,2,0,19,0.631578947368421
2420,12,1,4,1,0,18,0.6666666666666666
2421,12,1,4,2,0,19,0.631578947368421
2422,10,1,4,2,0,17,0.5882352941176471
2423,12,1,4,2,0,19,0.631578947368421
2424,12,1,4,2,0,19,0.631578947368421
2425,12,1,3,2,0,18,0.6666666666666666
2426,12,1,3,1,0,17,0.7058823529411765
2427,12,1,4,2,0,19,0.631578947368421
2428,11,0,3,2,0,16,0.6875
2429,12,1,4,2,0,19,0.631578947368421
2430,11,1,4,2,0,18,0.6111111111111112
2431,13,1,3,2,0,19,0.6842105263157895
2432,13,2,3,1,0,19,0.6842105263157895
2433,13,1,3,1,0,18,0.7222222222222222
2434,13,2,4,2,0,21,0.6190476190476191
2435,12,1,4,2,0,19,0.631578947368421
2436,12,1,3,2,0,18,0.6666666666666666
2437,13,1,3,2,0,19,0.6842105263157895
2438,13,1,3,1,0,18,0.7222222222222222
2439,13,1,3,1,0,18,0.7222222222222222
2440,13,1,3,1,0,18,0.7222222222222222
2441,11,1,4,1,0,17,0.6470588235294118
2442,12,1,3,1,0,17,0.7058823529411765
2443,13,1,4,2,0,20,0.65
2444,13,1,3,2,0,19,0.6842105263157895
2445,12,1,4,1,0,18,0.6666666666666666
2446,13,1,4,1,0,19,0.6842105263157895
2447,12,1,3,2,0,18,0.6666666666666666
2448,13,1,4,2,0,20,0.65
2449,13,1,3,2,0,19,0.6842105263157895
2450,13,1,4,2,0,20,0.65
2451,13,1,3,2,0,19,0.6842105263157895
2452,13,1,3,2,0,19,0.6842105263157895
2453,13,1,3,2,0,19,0.6842105263157895
2454,13,2,3,2,0,20,0.65
2455,13,1,3,2,0,19,0.6842105263157895
2456,13,1,2,2,0,18,0.7222222222222222
2457,13,1,4,2,0,20,0.65
2458,13,1,4,2,0,20,0.65
2459,13,1,4,2,0,20,0.65
2460,12,1,2,2,0,17,0.7058823529411765
2461,12,1,3,2,0,18,0.6666666666666666
2462,13,1,3,2,0,19,0.6842105263157895
2463,12,2,4,1,0,19,0.631578947368421
2464,13,1,3,1,0,18,0.7222222222222222
2465,13,1,4,1,0,19,0.6842105263157895
2466,13,1,4,2,0,20,0.65
2467,13,1,3,1,0,18,0.7222222222222222
2468,13,1,4,1,0,19,0.6842105263157895
2469,13,1,3,2,0,19,0.6842105263157895
2470,13,1,4,2,0,20,0.65
2471,12,1,4,1,0,18,0.6666666666666666
2472,13,1,2,1,0,17,0.7647058823529411
2473,13,1,4,2,0,20,0.65
2474,13,1,2,1,0,17,0.7647058823529411
2475,13,1,3,2,0,19,0.6842105263157895
2476,13,1,4,1,0,19,0.6842105263157895
2477,13,1,2,1,0,17,0.7647058823529411
2478,12,1,3,1,0,17,0.7058823529411765
2479,14,1,2,1,0,18,0.7777777777777778
2480,13,1,3,2,0,19,0.6842105263157895
2481,12,1,4,1,0,18,0.6666666666666666
2482,13,1,4,1,0,19,0.6842105263157895
2483,12,1,4,2,0,19,0.631578947368421
2484,13,1,4,2,0,20,0.65
2485,13,1,3,2,0,19,0.6842105263157895
2486,12,1,3,2,0,18,0.6666666666666666
2487,13,1,3,1,0,18,0.7222222222222222
2488,11,1,4,1,0,17,0.6470588235294118
2489,13,1,3,1,0,18,0.7222222222222222
2490,13,1,3,1,0,18,0.7222222222222222
2491,13,1,3,2,0,19,0.6842105263157895
2492,13,1,4,2,0,20,0.65
2493,13,1,4,2,0,20,0.65
2494,12,1,4,1,0,18,0.6666666666666666
2495,13,1,3,1,0,18,0.7222222222222222
2496,13,1,4,2,0,20,0.65
2497,13,1,4,2,0,20,0.65
2498,13,1,4,1,0,19,0.6842105263157895
2499,13,1,4,1,0,19,0.6842105263157895
2500,12,1,4,1,0,18,0.6666666666666666
2501,12,1,4,2,0,19,0.631578947368421
2502,13,1,4,2,0,20,0.65
2503,12,1,4,2,0,19,0.631578947368421
2504,13,1,4,2,0,20,0.65
2505,13,1,2,1,0,17,0.7647058823529411
2506,13,1,4,1,0,19,0.6842105263157895
2507,13,1,4,1,0,19,0.6842105263157895
2508,13,1,4,1,0,19,0.6842105263157895
2509,12,1,4,2,0,19,0.631578947368421
2510,13,1,3,1,0,18,0.7222222222222222
2511,13,1,3,1,0,18,0.7222222222222222
2512,13,1,4,1,0,19,0.6842105263157895
2513,12,1,4,2,0,19,0.631578947368421
2514,12,1,4,1,0,18,0.6666666666666666
2515,13,1,4,1,0,19,0.6842105263157895
2516,13,1,4,1,0,19,0.6842105263157895
2517,13,1,3,2,0,19,0.6842105263157895
2518,12,1,3,2,0,18,0.6666666666666666
2519,13,1,4,2,0,20,0.65
2520,13,1,4,1,0,19,0.6842105263157895
2521,12,1,3,2,0,18,0.6666666666666666
2522,13,1,3,1,0,18,0.7222222222222222
2523,13,1,4,1,0,19,0.6842105263157895
2524,13,1,4,1,0,19,0.6842105263157895
2525,13,1,3,1,0,18,0.7222222222222222
2526,13,2,4,2,0,21,0.6190476190476191
2527,11,1,4,2,0,18,0.6111111111111112
2528,13,1,4,1,0,19,0.6842105263157895
2529,13,1,4,2,0,20,0.65
2530,12,1,4,2,0,19,0.631578947368421
2531,12,1,4,1,0,18,0.6666666666666666
2532,13,1,4,1,0,19,0.6842105263157895
2533,13,1,2,1,0,17,0.7647058823529411
2534,12,1,4,1,0,18,0.6666666666666666
2535,13,1,3,2,0,19,0.6842105263157895
2536,13,1,3,1,0,18,0.7222222222222222
2537,12,1,4,2,0,19,0.631578947368421
2538,11,1,3,2,0,17,0.6470588235294118
2539,12,1,4,1,0,18,0.6666666666666666
2540,13,2,4,1,0,20,0.65
2541,11,1,3,2,0,17,0.6470588235294118
2542,13,1,3,1,0,18,0.7222222222222222
2543,13,1,4,1,0,19,0.6842105263157895
2544,13,1,3,2,0,19,0.6842105263157895
2545,12,1,3,1,0,17,0.7058823529411765
2546,13,0,4,1,0,18,0.7222222222222222
2547,13,1,4,1,0,19,0.6842105263157895
2548,12,1,3,1,0,17,0.7058823529411765
2549,12,1,3,1,0,17,0.7058823529411765
2550,13,1,4,1,0,19,0.6842105263157895
2551,12,1,4,1,0,18,0.6666666666666666
2552,13,1,3,1,0,18,0.7222222222222222
2553,13,1,4,2,0,20,0.65
2554,13,1,3,1,0,18,0.7222222222222222
2555,13,1,3,1,0,18,0.7222222222222222
2556,13,1,3,1,0,18,0.7222222222222222
2557,13,1,2,1,0,17,0.7647058823529411
2558,13,1,3,1,0,18,0.7222222222222222
2559,13,1,3,1,0,18,0.7222222222222222
2560,12,1,4,1,0,18,0.6666666666666666
2561,13,1,4,1,0,19,0.6842105263157895
2562,11,1,4,1,0,17,0.6470588235294118
2563,13,1,4,2,0,20,0.65
2564,13,1,4,2,0,20,0.65
2565,13,1,4,2,0,20,0.65
2566,12,1,2,2,0,17,0.7058823529411765
2567,13,1,1,2,0,17,0.7647058823529411
2568,12,1,2,1,0,16,0.75
2569,13,1,3,2,0,19,0.6842105263157895
2570,13,1,3,2,0,19,0.6842105263157895
2571,12,1,3,2,0,18,0.6666666666666666
2572,13,1,2,1,0,17,0.7647058823529411
2573,13,1,2,1,0,17,0.7647058823529411
2574,13,1,3,2,0,19,0.6842105263157895
2575,12,1,3,1,0,17,0.7058823529411765
2576,13,2,2,2,0,19,0.6842105263157895
2577,11,1,3,2,0,17,0.6470588235294118
2578,13,1,2,1,0,17,0.7647058823529411
2579,12,1,3,2,0,18,0.6666666666666666
2580,13,1,2,2,0,18,0.7222222222222222
2581,12,1,3,1,0,17,0.7058823529411765
2582,13,1,2,1,0,17,0.7647058823529411
2583,13,1,2,2,0,18,0.7222222222222222
2584,11,1,2,2,0,16,0.6875
2585,11,1,1,2,0,15,0.7333333333333333
2586,13,1,3,2,0,19,0.6842105263157895
2587,13,1,2,2,0,18,0.7222222222222222
2588,13,1,2,2,0,18,0.7222222222222222
2589,13,1,3,1,0,18,0.7222222222222222
2590,13,1,3,1,0,18,0.7222222222222222
2591,13,1,3,2,0,19,0.6842105263157895
2592,13,1,2,2,0,18,0.7222222222222222
2593,13,1,2,2,0,18,0.7222222222222222
2594,12,1,4,2,0,19,0.631578947368421
2595,13,1,3,2,0,19,0.6842105263157895
2596,12,1,2,2,0,17,0.7058823529411765
2597,12,1,3,2,0,18,0.6666666666666666
2598,13,1,3,1,0,18,0.7222222222222222
2599,12,1,3,1,0,17,0.7058823529411765
2600,12,1,2,1,0,16,0.75
2601,13,1,3,1,0,18,0.7222222222222222
2602,12,1,3,1,0,17,0.7058823529411765
2603,12,2,4,2,0,20,0.6
2604,13,1,4,2,0,20,0.65
2605,11,1,4,3,0,19,0.5789473684210527
2606,13,1,3,2,0,19,0.6842105263157895
2607,12,1,3,2,0,18,0.6666666666666666
2608,13,2,3,2,0,20,0.65
2609,12,1,2,2,0,17,0.7058823529411765
2610,12,1,3,2,0,18,0.6666666666666666
2611,13,1,3,2,0,19,0.6842105263157895
2612,13,1,3,2,0,19,0.6842105263157895
2613,12,1,4,2,0,19,0.631578947368421
2614,13,1,4,2,0,20,0.65
2615,12,1,2,1,0,16,0.75
2616,13,2,3,2,0,20,0.65
2617,13,1,2,2,0,18,0.7222222222222222
2618,13,1,3,2,0,19,0.6842105263157895
2619,13,1,2,2,0,18,0.7222222222222222
2620,13,1,2,1,0,17,0.7647058823529411
2621,12,1,2,2,0,17,0.7058823529411765
2622,13,1,3,2,0,19,0.6842105263157895
2623,13,1,4,2,0,20,0.65
2624,13,1,2,2,0,18,0.7222222222222222
2625,13,1,3,2,0,19,0.6842105263157895
2626,13,0,4,2,0,19,0.6842105263157895
2627,12,2,4,2,0,20,0.6
2628,13,1,3,2,0,19,0.6842105263157895
2629,12,1,4,2,0,19,0.631578947368421
2630,13,1,4,2,0,20,0.65
2631,13,1,3,1,0,18,0.7222222222222222
2632,13,1,3,1,0,18,0.7222222222222222
2633,13,1,3,1,0,18,0.7222222222222222
2634,12,1,3,1,0,17,0.7058823529411765
2635,13,1,3,2,0,19,0.6842105263157895
2636,13,1,3,1,0,18,0.7222222222222222
2637,13,1,3,1,0,18,0.7222222222222222
2638,13,1,1,1,0,16,0.8125
2639,13,1,2,2,0,18,0.7222222222222222
2640,13,1,3,2,0,19,0.6842105263157895
2641,11,1,3,2,0,17,0.6470588235294118
2642,13,1,3,2,0,19,0.6842105263157895
2643,13,1,2,1,0,17,0.7647058823529411
2644,13,1,2,1,0,17,0.7647058823529411
2645,12,1,3,2,0,18,0.6666666666666666
2646,11,1,3,1,0,16,0.6875
2647,13,1,3,1,0,18,0.7222222222222222
2648,13,1,3,1,0,18,0.7222222222222222
2649,14,1,3,1,0,19,0.7368421052631579
2650,12,1,2,1,0,16,0.75
2651,11,1,2,1,0,15,0.7333333333333333
2652,13,1,2,1,0,17,0.7647058823529411
2653,13,1,3,2,0,19,0.6842105263157895
2654,13,1,2,2,0,18,0.7222222222222222
2655,12,1,2,1,0,16,0.75
2656,12,1,3,2,0,18,0.6666666666666666
2657,13,1,3,2,0,19,0.6842105263157895
2658,13,1,2,2,0,18,0.7222222222222222
2659,13,1,3,2,0,19,0.6842105263157895
2660,13,1,2,2,0,18,0.7222222222222222
2661,12,1,3,2,0,18,0.6666666666666666
2662,12,1,3,2,0,18,0.6666666666666666
2663,13,1,3,2,0,19,0.6842105263157895
2664,13,1,2,2,0,18,0.7222222222222222
2665,12,1,2,1,0,16,0.75
2666,13,1,2,1,0,17,0.7647058823529411
2667,13,1,1,1,0,16,0.8125
2668,13,1,2,1,0,17,0.7647058823529411
2669,12,1,2,2,0,17,0.7058823529411765
2670,13,1,2,1,0,17,0.7647058823529411
2671,12,1,2,1,0,16,0.75
2672,13,1,2,1,0,17,0.7647058823529411
2673,12,1,3,2,0,18,0.6666666666666666
2674,13,2,3,2,0,20,0.65
2675,13,1,3,2,0,19,0.6842105263157895
2676,13,1,3,2,0,19,0.6842105263157895
2677,13,1,2,2,0,18,0.7222222222222222
2678,13,1,2,2,0,18,0.7222222222222222
2679,12,1,2,2,0,17,0.7058823529411765
2680,13,1,2,2,0,18,0.7222222222222222
2681,11,1,3,2,0,17,0.6470588235294118
2682,13,1,2,2,0,18,0.7222222222222222
2683,13,1,2,2,0,18,0.7222222222222222
2684,12,1,2,2,0,17,0.7058823529411765
2685,13,1,3,2,0,19,0.6842105263157895
2686,13,1,3,2,0,19,0.6842105263157895
2687,13,1,2,2,0,18,0.7222222222222222
2688,12,1,2,2,0,17,0.7058823529411765
2689,13,1,3,2,0,19,0.6842105263157895
2690,12,1,2,2,0,17,0.7058823529411765
2691,12,1,3,2,0,18,0.6666666666666666
2692,13,1,2,2,0,18,0.7222222222222222
2693,13,1,2,3,0,19,0.6842105263157895
2694,13,1,2,2,0,18,0.7222222222222222
2695,13,1,3,2,0,19,0.6842105263157895
2696,12,0,3,2,0,17,0.7058823529411765
2697,13,1,3,2,0,19,0.6842105263157895
2698,13,1,3,2,0,19,0.6842105263157895
2699,12,1,3,2,0,18,0.6666666666666666
2700,13,1,2,2,0,18,0.7222222222222222
2701,13,1,2,2,0,18,0.7222222222222222
2702,12,1,3,2,0,18,0.6666666666666666
2703,11,1,3,2,0,17,0.6470588235294118
2704,8,1,3,2,0,14,0.5714285714285714
2705,12,1,2,2,0,17,0.7058823529411765
2706,13,1,2,2,0,18,0.7222222222222222
2707,12,1,3,2,0,18,0.6666666666666666
2708,12,1,3,2,0,18,0.6666666666666666
2709,13,1,3,2,0,19,0.6842105263157895
2710,13,1,2,2,0,18,0.7222222222222222
2711,13,1,2,2,0,18,0.7222222222222222
2712,14,1,2,2,0,19,0.7368421052631579
2713,13,1,3,2,0,19,0.6842105263157895
2714,11,1,2,2,0,16,0.6875
2715,13,1,2,2,0,18,0.7222222222222222
2716,12,1,3,2,0,18,0.6666666666666666
2717,13,1,2,2,0,18,0.7222222222222222
2718,12,1,3,2,0,18,0.6666666666666666
2719,13,1,2,2,0,18,0.7222222222222222
2720,12,1,2,2,0,17,0.7058823529411765
2721,11,1,3,2,0,17,0.6470588235294118
2722,11,1,3,2,0,17,0.6470588235294118
2723,12,1,2,2,0,17,0.7058823529411765
2724,12,1,2,2,0,17,0.7058823529411765
2725,13,1,3,2,0,19,0.6842105263157895
2726,12,1,3,2,0,18,0.6666666666666666
2727,11,1,2,3,0,17,0.6470588235294118
2728,13,1,3,2,0,19,0.6842105263157895
2729,13,1,3,2,0,19,0.6842105263157895
2730,12,1,2,2,0,17,0.7058823529411765
2731,10,1,2,2,0,15,0.6666666666666666
2732,13,1,2,3,0,19,0.6842105263157895
2733,13,1,2,2,0,18,0.7222222222222222
2734,12,1,2,2,0,17,0.7058823529411765
2735,13,1,2,2,0,18,0.7222222222222222
2736,13,1,3,2,0,19,0.6842105263157895
2737,13,1,3,2,0,19,0.6842105263157895
2738,12,1,3,2,0,18,0.6666666666666666
2739,12,1,2,2,0,17,0.7058823529411765
2740,12,1,3,2,0,18,0.6666666666666666
2741,11,1,3,2,0,17,0.6470588235294118
2742,12,1,2,2,0,17,0.7058823529411765
2743,13,1,3,2,0,19,0.6842105263157895
2744,12,1,2,2,0,17,0.7058823529411765
2745,11,1,3,2,0,17,0.6470588235294118
2746,12,1,2,2,0,17,0.7058823529411765
2747,13,1,3,2,0,19,0.6842105263157895
2748,12,1,2,2,0,17,0.7058823529411765
2749,13,1,2,1,0,17,0.7647058823529411
2750,12,1,3,2,0,18,0.6666666666666666
2751,12,1,3,2,0,18,0.6666666666666666
2752,11,1,2,2,0,16,0.6875
2753,12,1,3,2,0,18,0.6666666666666666
2754,13,1,2,2,0,18,0.7222222222222222
2755,13,1,2,2,0,18,0.7222222222222222
2756,11,1,3,2,0,17,0.6470588235294118
2757,12,1,2,2,0,17,0.7058823529411765
2758,12,1,3,2,0,18,0.6666666666666666
2759,13,1,3,2,0,19,0.6842105263157895
2760,12,1,2,2,0,17,0.7058823529411765
2761,11,1,2,2,0,16,0.6875
2762,12,1,3,2,0,18,0.6666666666666666
2763,13,1,3,2,0,19,0.6842105263157895
2764,12,1,3,2,0,18,0.6666666666666666
2765,13,1,2,2,0,18,0.7222222222222222
2766,11,1,3,2,0,17,0.6470588235294118
2767,13,1,2,2,0,18,0.7222222222222222
2768,11,1,2,2,0,16,0.6875
2769,12,1,1,2,0,16,0.75
2770,12,1,3,2,0,18,0.6666666666666666
2771,13,1,3,2,0,19,0.6842105263157895
2772,11,1,3,2,0,17,0.6470588235294118
2773,12,1,3,2,0,18,0.6666666666666666
2774,12,1,3,2,0,18,0.6666666666666666
2775,13,1,3,2,0,19,0.6842105263157895
2776,13,1,3,2,0,19,0.6842105263157895
2777,13,1,3,2,0,19,0.6842105263157895
2778,13,1,3,2,0,19,0.6842105263157895
2779,13,1,3,2,0,19,0.6842105263157895
2780,13,1,3,2,0,19,0.6842105263157895
2781,12,1,2,2,0,17,0.7058823529411765
2782,13,1,2,2,0,18,0.7222222222222222
2783,13,1,3,2,0,19,0.6842105263157895
2784,10,1,3,2,0,16,0.625
2785,12,1,3,2,0,18,0.6666666666666666
2786,13,1,3,2,0,19,0.6842105263157895
2787,13,1,3,2,0,19,0.6842105263157895
2788,12,1,2,2,0,17,0.7058823529411765
2789,10,1,2,2,0,15,0.6666666666666666
2790,13,1,2,2,0,18,0.7222222222222222
2791,12,1,2,2,0,17,0.7058823529411765
2792,13,1,3,2,0,19,0.6842105263157895
2793,13,1,2,2,0,18,0.7222222222222222
2794,13,1,3,2,0,19,0.6842105263157895
2795,13,1,2,2,0,18,0.7222222222222222
2796,12,1,3,2,0,18,0.6666666666666666
2797,13,1,3,2,0,19,0.6842105263157895
2798,13,1,2,2,0,18,0.7222222222222222
2799,13,1,2,2,0,18,0.7222222222222222
2800,13,1,2,2,0,18,0.7222222222222222
2801,13,1,3,2,0,19,0.6842105263157895
2802,13,1,3,2,0,19,0.6842105263157895
2803,13,1,3,2,0,19,0.6842105263157895
2804,13,1,3,2,0,19,0.6842105263157895
2805,12,1,3,2,0,18,0.6666666666666666
2806,12,1,3,2,0,18,0.6666666666666666
2807,13,1,3,2,0,19,0.6842105263157895
2808,13,1,3,2,0,19,0.6842105263157895
2809,12,1,3,2,0,18,0.6666666666666666
2810,13,1,2,2,0,18,0.7222222222222222
2811,13,1,3,2,0,19,0.6842105263157895
2812,13,1,3,3,0,20,0.65
2813,13,1,3,2,0,19,0.6842105263157895
2814,12,1,3,2,0,18,0.6666666666666666
2815,13,1,2,2,0,18,0.7222222222222222
2816,12,1,3,2,0,18,0.6666666666666666
2817,12,1,3,2,0,18,0.6666666666666666
2818,13,1,2,2,0,18,0.7222222222222222
2819,13,1,2,2,0,18,0.7222222222222222
2820,12,1,2,2,0,17,0.7058823529411765
2821,13,1,3,2,0,19,0.6842105263157895
2822,12,1,2,2,0,17,0.7058823529411765
2823,12,1,3,2,0,18,0.6666666666666666
2824,12,1,3,2,0,18,0.6666666666666666
2825,12,2,3,2,0,19,0.631578947368421
2826,12,1,2,2,0,17,0.7058823529411765
2827,13,1,3,2,0,19,0.6842105263157895
2828,12,1,3,2,0,18,0.6666666666666666
2829,13,1,3,2,0,19,0.6842105263157895
2830,13,1,2,2,0,18,0.7222222222222222
2831,12,1,3,2,0,18,0.6666666666666666
2832,13,1,2,2,0,18,0.7222222222222222
2833,13,1,3,2,0,19,0.6842105263157895
2834,12,1,3,2,0,18,0.6666666666666666
2835,12,1,3,2,0,18,0.6666666666666666
2836,12,1,2,2,0,17,0.7058823529411765
2837,13,1,2,2,0,18,0.7222222222222222
2838,12,1,2,2,0,17,0.7058823529411765
2839,12,1,1,2,0,16,0.75
2840,11,1,2,2,0,16,0.6875
2841,13,1,3,2,0,19,0.6842105263157895
2842,13,1,2,2,0,18,0.7222222222222222
2843,13,1,3,2,0,19,0.6842105263157895
2844,12,1,3,2,0,18,0.6666666666666666
2845,13,1,3,2,0,19,0.6842105263157895
2846,13,1,2,2,0,18,0.7222222222222222
2847,10,1,2,2,0,15,0.6666666666666666
2848,13,1,3,2,0,19,0.6842105263157895
2849,13,1,3,1,0,18,0.7222222222222222
2850,12,1,3,2,0,18,0.6666666666666666
2851,11,1,2,2,0,16,0.6875
2852,13,1,3,2,0,19,0.6842105263157895
2853,13,1,3,2,0,19,0.6842105263157895
2854,13,1,3,2,0,19,0.6842105263157895
2855,13,1,3,2,0,19,0.6842105263157895
2856,12,1,3,2,0,18,0.6666666666666666
2857,11,1,4,2,0,18,0.6111111111111112
2858,13,1,3,2,0,19,0.6842105263157895
2859,12,1,3,2,0,18,0.6666666666666666
2860,13,1,3,2,0,19,0.6842105263157895
2861,12,1,2,2,0,17,0.7058823529411765
2862,12,1,4,2,0,19,0.631578947368421
2863,12,1,4,2,0,19,0.631578947368421
2864,13,1,3,2,0,19,0.6842105263157895
2865,12,1,3,2,0,18,0.6666666666666666
2866,13,1,3,2,0,19,0.6842105263157895
2867,13,1,4,2,0,20,0.65
2868,13,1,4,2,0,20,0.65
2869,13,1,3,2,0,19,0.6842105263157895
2870,12,1,2,2,0,17,0.7058823529411765
2871,13,1,2,2,0,18,0.7222222222222222
2872,10,1,3,2,0,16,0.625
2873,13,1,3,2,0,19,0.6842105263157895
2874,12,1,2,2,0,17,0.7058823529411765
2875,11,1,3,2,0,17,0.6470588235294118
2876,12,1,2,2,0,17,0.7058823529411765
2877,11,1,3,2,0,17,0.6470588235294118
2878,13,1,3,2,0,19,0.6842105263157895
2879,12,1,3,2,0,18,0.6666666666666666
2880,12,1,3,2,0,18,0.6666666666666666
2881,13,1,3,2,0,19,0.6842105263157895
2882,12,1,2,2,0,17,0.7058823529411765
2883,14,1,3,2,0,20,0.7
2884,12,1,3,1,0,17,0.7058823529411765
2885,11,1,3,2,0,17,0.6470588235294118
2886,13,1,3,2,0,19,0.6842105263157895
2887,13,1,3,2,0,19,0.6842105263157895
2888,12,1,2,2,0,17,0.7058823529411765
2889,13,1,2,2,0,18,0.7222222222222222
2890,13,1,3,2,0,19,0.6842105263157895
2891,12,1,3,2,0,18,0.6666666666666666
2892,13,1,3,2,0,19,0.6842105263157895
2893,13,1,3,3,0,20,0.65
2894,12,1,3,2,0,18,0.6666666666666666
2895,13,1,3,2,0,19,0.6842105263157895
2896,12,1,3,2,0,18,0.6666666666666666
2897,13,1,2,2,0,18,0.7222222222222222
2898,13,1,3,2,0,19,0.6842105263157895
2899,12,1,3,2,0,18,0.6666666666666666
2900,13,0,2,2,0,17,0.7647058823529411
2901,13,1,3,2,0,19,0.6842105263157895
2902,12,1,3,2,0,18,0.6666666666666666
2903,12,1,2,2,0,17,0.7058823529411765
2904,12,1,2,2,0,17,0.7058823529411765
2905,12,1,3,2,0,18,0.6666666666666666
2906,12,1,2,2,0,17,0.7058823529411765
2907,13,1,2,2,0,18,0.7222222222222222
2908,13,1,2,2,0,18,0.7222222222222222
2909,13,1,2,2,0,18,0.7222222222222222
2910,11,1,3,2,0,17,0.6470588235294118
2911,13,1,3,2,0,19,0.6842105263157895
2912,12,1,2,2,0,17,0.7058823529411765
2913,12,1,3,2,0,18,0.6666666666666666
2914,11,1,3,2,0,17,0.6470588235294118
2915,11,1,2,2,0,16,0.6875
2916,13,1,3,2,0,19,0.6842105263157895
2917,13,1,3,2,0,19,0.6842105263157895
2918,13,1,3,2,0,19,0.6842105263157895
2919,12,1,3,2,0,18,0.6666666666666666
2920,12,1,2,2,0,17,0.7058823529411765
2921,13,1,3,3,0,20,0.65
2922,13,1,3,2,0,19,0.6842105263157895
2923,13,1,3,2,0,19,0.6842105263157895
2924,13,1,3,2,0,19,0.6842105263157895
2925,13,1,3,2,0,19,0.6842105263157895
2926,13,1,2,2,0,18,0.7222222222222222
2927,13,1,3,2,0,19,0.6842105263157895
2928,11,1,2,2,0,16,0.6875
2929,13,1,3,2,0,19,0.6842105263157895
2930,13,1,2,3,0,19,0.6842105263157895
2931,12,1,2,2,0,17,0.7058823529411765
2932,11,1,2,2,0,16,0.6875
2933,11,1,3,2,0,17,0.6470588235294118
2934,13,1,2,2,0,18,0.7222222222222222
2935,13,1,3,2,0,19,0.6842105263157895
2936,12,1,2,2,0,17,0.7058823529411765
2937,13,1,3,2,0,19,0.6842105263157895
2938,12,1,1,2,0,16,0.75
2939,11,1,2,2,0,16,0.6875
2940,12,1,2,2,0,17,0.7058823529411765
2941,12,1,2,2,0,17,0.7058823529411765
2942,12,1,2,2,0,17,0.7058823529411765
2943,12,0,1,2,0,15,0.8
2944,11,1,3,2,0,17,0.6470588235294118
2945,12,1,2,2,0,17,0.7058823529411765
2946,12,1,2,2,0,17,0.7058823529411765
2947,11,0,2,2,0,15,0.7333333333333333
2948,12,1,1,1,0,15,0.8
2949,12,1,3,2,0,18,0.6666666666666666
2950,12,1,2,2,0,17,0.7058823529411765
2951,12,1,3,2,0,18,0.6666666666666666
2952,12,1,3,2,0,18,0.6666666666666666
2953,12,1,3,2,0,18,0.6666666666666666
2954,13,1,2,2,0,18,0.7222222222222222
2955,11,1,2,2,0,16,0.6875
2956,12,1,2,2,0,17,0.7058823529411765
2957,12,1,3,2,0,18,0.6666666666666666
2958,12,1,3,2,0,18,0.6666666666666666
2959,11,1,2,2,0,16,0.6875
2960,12,1,3,2,0,18,0.6666666666666666
2961,12,1,2,1,0,16,0.75
2962,13,1,3,3,0,20,0.65
2963,12,1,2,2,0,17,0.7058823529411765
2964,13,1,3,3,0,20,0.65
2965,12,1,2,2,0,17,0.7058823529411765
2966,14,1,3,2,0,20,0.7
2967,13,1,2,2,0,18,0.7222222222222222
2968,12,1,3,2,0,18,0.6666666666666666
2969,12,1,2,2,0,17,0.7058823529411765
2970,12,1,2,2,0,17,0.7058823529411765
2971,10,1,1,2,0,14,0.7142857142857143
2972,11,1,2,2,0,16,0.6875
2973,12,1,2,2,0,17,0.7058823529411765
2974,10,1,3,2,0,16,0.625
2975,12,1,2,2,0,17,0.7058823529411765
2976,11,1,3,2,0,17,0.6470588235294118
2977,12,1,2,2,0,17,0.7058823529411765
2978,12,1,2,2,0,17,0.7058823529411765
2979,11,1,3,2,0,17,0.6470588235294118
2980,12,1,3,2,0,18,0.6666666666666666
2981,12,1,2,2,0,17,0.7058823529411765
2982,11,1,2,2,0,16,0.6875
2983,12,1,1,2,0,16,0.75
2984,10,1,2,2,0,15,0.6666666666666666
2985,12,1,2,2,0,17,0.7058823529411765
2986,12,1,2,2,0,17,0.7058823529411765
2987,11,1,3,2,0,17,0.6470588235294118
2988,12,1,2,2,0,17,0.7058823529411765
2989,10,1,2,2,0,15,0.6666666666666666
2990,13,1,3,2,0,19,0.6842105263157895
2991,11,1,2,2,0,16,0.6875
2992,12,1,3,2,0,18,0.6666666666666666
2993,11,2,3,2,0,18,0.6111111111111112
2994,11,1,3,2,0,17,0.6470588235294118
2995,10,1,2,2,0,15,0.6666666666666666
2996,10,1,3,2,0,16,0.625
2997,11,1,2,2,0,16,0.6875
2998,11,1,3,2,0,17,0.6470588235294118
2999,11,1,2,2,0,16,0.6875
3000,11,1,3,2,0,17,0.6470588235294118
3001,11,1,3,2,0,17,0.6470588235294118
3002,11,2,2,2,0,17,0.6470588235294118
3003,11,1,3,2,0,17,0.6470588235294118
3004,12,2,3,2,0,19,0.631578947368421
3005,13,1,3,2,0,19,0.6842105263157895
3006,12,1,2,2,0,17,0.7058823529411765
3007,11,1,2,2,0,16,0.6875
3008,11,1,2,2,0,16,0.6875
3009,13,1,4,2,0,20,0.65
3010,13,1,4,1,0,19,0.6842105263157895
3011,12,1,3,2,0,18,0.6666666666666666
3012,12,1,3,2,0,18,0.6666666666666666
3013,11,1,3,2,0,17,0.6470588235294118
3014,11,1,3,2,0,17,0.6470588235294118
3015,13,1,4,2,0,20,0.65
3016,13,0,3,2,0,18,0.7222222222222222
3017,13,2,3,2,0,20,0.65
3018,12,1,3,2,0,18,0.6666666666666666
3019,12,2,2,2,0,18,0.6666666666666666
3020,12,1,3,2,0,18,0.6666666666666666
3021,11,0,2,2,0,15,0.7333333333333333
3022,11,1,3,2,0,17,0.6470588235294118
3023,12,1,3,2,0,18,0.6666666666666666
3024,12,1,3,2,0,18,0.6666666666666666
3025,9,1,3,2,0,15,0.6
3026,12,1,2,2,0,17,0.7058823529411765
3027,12,0,3,2,0,17,0.7058823529411765
3028,12,1,3,2,0,18,0.6666666666666666
3029,12,1,3,2,0,18,0.6666666666666666
3030,12,1,3,2,0,18,0.6666666666666666
3031,10,1,1,2,0,14,0.7142857142857143
3032,12,1,3,2,0,18,0.6666666666666666
3033,10,1,2,2,0,15,0.6666666666666666
3034,11,1,2,2,0,16,0.6875
3035,11,1,3,2,0,17,0.6470588235294118
3036,12,1,3,2,0,18,0.6666666666666666
3037,12,1,2,2,0,17,0.7058823529411765
3038,11,1,2,2,0,16,0.6875
3039,12,1,3,2,0,18,0.6666666666666666
3040,11,1,3,1,0,16,0.6875
3041,12,1,2,2,0,17,0.7058823529411765
3042,12,1,2,2,0,17,0.7058823529411765
3043,12,1,2,2,0,17,0.7058823529411765
3044,13,1,3,2,0,19,0.6842105263157895
3045,12,1,3,2,0,18,0.6666666666666666
3046,13,1,3,2,0,19,0.6842105263157895
3047,12,1,3,2,0,18,0.6666666666666666
3048,11,1,2,2,0,16,0.6875
3049,13,0,2,2,0,17,0.7647058823529411
3050,12,1,3,2,0,18,0.6666666666666666
3051,12,1,3,2,0,18,0.6666666666666666
3052,12,0,4,2,0,18,0.6666666666666666
3053,11,1,3,2,0,17,0.6470588235294118
3054,11,1,2,2,0,16,0.6875
3055,12,1,2,2,0,17,0.7058823529411765
3056,12,2,2,2,0,18,0.6666666666666666
3057,12,1,3,2,0,18,0.6666666666666666
3058,11,1,2,2,0,16,0.6875
3059,12,1,3,2,0,18,0.6666666666666666
3060,12,1,3,2,0,18,0.6666666666666666
3061,11,1,3,2,0,17,0.6470588235294118
3062,11,0,2,2,0,15,0.7333333333333333
3063,11,1,3,2,0,17,0.6470588235294118
3064,11,1,3,2,0,17,0.6470588235294118
3065,12,1,2,2,0,17,0.7058823529411765
3066,12,1,2,2,0,17,0.7058823529411765
3067,12,1,2,2,0,17,0.7058823529411765
3068,11,1,3,2,0,17,0.6470588235294118
3069,11,1,2,2,0,16,0.6875
3070,11,1,2,2,0,16,0.6875
3071,12,1,3,2,0,18,0.6666666666666666
3072,12,1,2,2,0,17,0.7058823529411765
3073,12,1,2,2,0,17,0.7058823529411765
3074,12,1,2,2,0,17,0.7058823529411765
3075,12,1,3,2,0,18,0.6666666666666666
3076,12,1,3,2,0,18,0.6666666666666666
3077,12,1,2,2,0,17,0.7058823529411765
3078,12,1,3,2,0,18,0.6666666666666666
3079,12,2,3,2,0,19,0.631578947368421
3080,12,1,3,2,0,18,0.6666666666666666
3081,12,1,2,2,0,17,0.7058823529411765
3082,12,1,3,2,0,18,0.6666666666666666
3083,12,1,3,2,0,18,0.6666666666666666
3084,11,1,3,2,0,17,0.6470588235294118
3085,11,1,3,2,0,17,0.6470588235294118
3086,11,1,3,2,0,17,0.6470588235294118
3087,12,1,2,2,0,17,0.7058823529411765
3088,12,1,3,2,0,18,0.6666666666666666
3089,11,1,1,2,0,15,0.7333333333333333
3090,12,2,3,2,0,19,0.631578947368421
3091,10,1,2,2,0,15,0.6666666666666666
3092,11,1,3,2,0,17,0.6470588235294118
3093,11,1,3,2,0,17,0.6470588235294118
3094,11,1,3,2,0,17,0.6470588235294118
3095,12,1,2,2,0,17,0.7058823529411765
3096,11,1,2,2,0,16,0.6875
3097,12,1,3,2,0,18,0.6666666666666666
3098,11,1,3,2,0,17,0.6470588235294118
3099,11,1,2,2,0,16,0.6875
3100,11,1,2,2,0,16,0.6875
3101,11,1,3,2,0,17,0.6470588235294118
3102,12,1,2,2,0,17,0.7058823529411765
3103,13,0,3,2,0,18,0.7222222222222222
3104,12,1,3,2,0,18,0.6666666666666666
3105,13,0,3,2,0,18,0.7222222222222222
3106,10,1,2,2,0,15,0.6666666666666666
3107,13,1,3,2,0,19,0.6842105263157895
3108,11,1,3,2,0,17,0.6470588235294118
3109,11,1,2,2,0,16,0.6875
3110,13,1,2,2,0,18,0.7222222222222222
3111,12,1,2,2,0,17,0.7058823529411765
3112,11,1,3,2,0,17,0.6470588235294118
3113,11,1,3,2,0,17,0.6470588235294118
3114,12,1,3,2,0,18,0.6666666666666666
3115,11,1,3,2,0,17,0.6470588235294118
3116,11,1,3,2,0,17,0.6470588235294118
3117,12,1,2,2,0,17,0.7058823529411765
3118,11,1,2,2,0,16,0.6875
3119,13,1,3,2,0,19,0.6842105263157895
3120,12,1,3,2,0,18,0.6666666666666666
3121,11,1,3,2,0,17,0.6470588235294118
3122,11,1,2,2,0,16,0.6875
3123,11,1,3,2,0,17,0.6470588235294118
3124,12,1,2,2,0,17,0.7058823529411765
3125,13,1,3,2,0,19,0.6842105263157895
3126,12,1,3,2,0,18,0.6666666666666666
3127,12,1,3,2,0,18,0.6666666666666666
3128,11,1,3,2,0,17,0.6470588235294118
3129,11,1,2,2,0,16,0.6875
3130,13,1,2,2,0,18,0.7222222222222222
3131,12,1,2,2,0,17,0.7058823529411765
3132,12,1,2,2,0,17,0.7058823529411765
3133,12,1,3,2,0,18,0.6666666666666666
3134,12,1,2,2,0,17,0.7058823529411765
3135,12,1,3,2,0,18,0.6666666666666666
3136,13,0,2,2,0,17,0.7647058823529411
3137,12,1,2,2,0,17,0.7058823529411765
3138,12,1,3,2,0,18,0.6666666666666666
3139,12,1,3,2,0,18,0.6666666666666666
3140,13,1,3,2,0,19,0.6842105263157895
3141,11,1,1,2,0,15,0.7333333333333333
3142,12,1,2,2,0,17,0.7058823529411765
3143,11,1,3,2,0,17,0.6470588235294118
3144,13,1,3,2,0,19,0.6842105263157895
3145,12,1,3,2,0,18,0.6666666666666666
3146,12,1,3,2,0,18,0.6666666666666666
3147,12,1,2,2,0,17,0.7058823529411765
3148,12,1,3,2,0,18,0.6666666666666666
3149,11,1,2,2,0,16,0.6875
3150,12,1,3,2,0,18,0.6666666666666666
3151,11,1,3,2,0,17,0.6470588235294118
3152,13,1,2,2,0,18,0.7222222222222222
3153,12,1,2,2,0,17,0.7058823529411765
3154,12,1,2,2,0,17,0.7058823529411765
3155,11,1,3,2,0,17,0.6470588235294118
3156,11,1,3,2,0,17,0.6470588235294118
3157,12,1,3,2,0,18,0.6666666666666666
3158,11,1,3,2,0,17,0.6470588235294118
3159,12,1,2,2,0,17,0.7058823529411765
3160,12,1,3,2,0,18,0.6666666666666666
3161,11,1,3,2,0,17,0.6470588235294118
3162,12,1,3,2,0,18,0.6666666666666666
3163,12,0,1,2,0,15,0.8
3164,12,1,3,2,0,18,0.6666666666666666
3165,12,1,3,2,0,18,0.6666666666666666
3166,13,1,2,2,0,18,0.7222222222222222
3167,11,1,3,2,0,17,0.6470588235294118
3168,12,1,3,2,0,18,0.6666666666666666
3169,12,1,3,2,0,18,0.6666666666666666
3170,11,0,2,2,0,15,0.7333333333333333
3171,12,1,2,2,0,17,0.7058823529411765
3172,11,1,2,2,0,16,0.6875
3173,13,1,3,2,0,19,0.6842105263157895
3174,10,1,2,1,0,14,0.7142857142857143
3175,12,1,2,2,0,17,0.7058823529411765
3176,13,1,1,2,0,17,0.7647058823529411
3177,12,2,2,2,0,18,0.6666666666666666
3178,12,1,2,2,0,17,0.7058823529411765
3179,12,1,1,2,0,16,0.75
3180,12,1,2,2,0,17,0.7058823529411765
3181,11,1,2,2,0,16,0.6875
3182,12,1,2,2,0,17,0.7058823529411765
3183,13,1,2,2,0,18,0.7222222222222222
3184,12,1,1,2,0,16,0.75
3185,12,1,1,2,0,16,0.75
3186,11,1,3,2,0,17,0.6470588235294118
3187,10,1,2,2,0,15,0.6666666666666666
3188,12,1,2,2,0,17,0.7058823529411765
3189,11,0,2,2,0,15,0.7333333333333333
3190,12,1,2,2,0,17,0.7058823529411765
3191,10,1,3,2,0,16,0.625
3192,11,1,3,2,0,17,0.6470588235294118
3193,10,1,2,2,0,15,0.6666666666666666
3194,11,1,2,2,0,16,0.6875
3195,11,1,3,2,0,17,0.6470588235294118
3196,12,1,2,2,0,17,0.7058823529411765
3197,12,1,3,2,0,18,0.6666666666666666
3198,12,1,2,2,0,17,0.7058823529411765
3199,11,1,3,2,0,17,0.6470588235294118
3200,11,1,2,2,0,16,0.6875
3201,11,1,3,2,0,17,0.6470588235294118
3202,11,1,2,2,0,16,0.6875
3203,12,1,1,2,0,16,0.75
3204,12,1,3,2,0,18,0.6666666666666666
3205,12,1,2,2,0,17,0.7058823529411765
3206,9,1,2,2,0,14,0.6428571428571429
3207,12,1,3,2,0,18,0.6666666666666666
3208,11,1,2,2,0,16,0.6875
3209,12,1,3,2,0,18,0.6666666666666666
3210,12,1,3,2,0,18,0.6666666666666666
3211,11,1,2,2,0,16,0.6875
3212,11,1,2,2,0,16,0.6875
3213,9,1,2,2,0,14,0.6428571428571429
3214,12,1,4,2,0,19,0.631578947368421
3215,12,1,3,2,0,18,0.6666666666666666
3216,11,1,2,2,0,16,0.6875
3217,10,1,2,2,0,15,0.6666666666666666
3218,11,1,2,2,0,16,0.6875
3219,11,1,2,2,0,16,0.6875
3220,11,1,1,2,0,15,0.7333333333333333
3221,10,1,2,2,0,15,0.6666666666666666
3222,11,1,2,2,0,16,0.6875
3223,10,0,2,2,0,14,0.7142857142857143
3224,11,1,2,2,0,16,0.6875
3225,11,1,2,2,0,16,0.6875
3226,10,1,2,2,0,15,0.6666666666666666
3227,11,1,1,3,0,16,0.6875
3228,9,1,1,3,0,14,0.6428571428571429
3229,10,1,2,2,0,15,0.6666666666666666
3230,10,1,1,2,0,14,0.7142857142857143
3231,10,1,1,2,0,14,0.7142857142857143
3232,10,1,1,2,0,14,0.7142857142857143
3233,10,0,1,2,0,13,0.7692307692307693
3234,10,1,2,2,0,15,0.6666666666666666
3235,8,1,2,2,0,13,0.6153846153846154
3236,10,1,2,2,0,15,0.6666666666666666
3237,11,1,1,2,0,15,0.7333333333333333
3238,12,1,2,2,0,17,0.7058823529411765
3239,10,1,3,2,0,16,0.625
3240,12,1,2,2,0,17,0.7058823529411765
3241,12,1,1,2,0,16,0.75
3242,11,1,1,2,0,15,0.7333333333333333
3243,11,1,3,2,0,17,0.6470588235294118
3244,12,1,2,1,0,16,0.75
3245,12,1,2,2,0,17,0.7058823529411765
3246,10,1,4,2,0,17,0.5882352941176471
3247,10,1,3,2,0,16,0.625
3248,11,0,2,2,0,15,0.7333333333333333
3249,11,1,3,2,0,17,0.6470588235294118
3250,10,1,2,2,0,15,0.6666666666666666
3251,12,1,1,1,0,15,0.8
3252,11,1,2,2,0,16,0.6875
3253,11,1,3,2,0,17,0.6470588235294118
3254,10,1,3,2,0,16,0.625
3255,12,1,4,2,0,19,0.631578947368421
3256,12,1,2,2,0,17,0.7058823529411765
3257,12,1,3,2,0,18,0.6666666666666666
3258,12,2,2,2,0,18,0.6666666666666666
3259,11,1,2,2,0,16,0.6875
3260,12,1,3,2,0,18,0.6666666666666666
3261,11,1,2,2,0,16,0.6875
3262,11,1,2,2,0,16,0.6875
3263,12,1,1,2,0,16,0.75
3264,10,1,2,2,0,15,0.6666666666666666
3265,12,1,2,2,0,17,0.7058823529411765
3266,11,1,1,2,0,15,0.7333333333333333
3267,13,0,2,2,0,17,0.7647058823529411
3268,12,1,1,2,0,16,0.75
3269,11,1,2,2,0,16,0.6875
3270,12,1,1,2,0,16,0.75
3271,12,1,2,2,0,17,0.7058823529411765
3272,12,1,2,2,0,17,0.7058823529411765
3273,12,1,1,2,0,16,0.75
3274,13,1,1,2,0,17,0.7647058823529411
3275,12,1,1,2,0,16,0.75
3276,11,1,1,2,0,15,0.7333333333333333
3277,11,1,1,2,0,15,0.7333333333333333
3278,11,1,2,2,0,16,0.6875
3279,12,1,2,2,0,17,0.7058823529411765
3280,12,0,2,2,0,16,0.75
3281,11,1,2,2,0,16,0.6875
3282,12,1,2,2,0,17,0.7058823529411765
3283,13,1,1,2,0,17,0.7647058823529411
3284,12,1,3,2,0,18,0.6666666666666666
3285,12,1,3,2,0,18,0.6666666666666666
3286,12,1,2,2,0,17,0.7058823529411765
3287,12,1,2,2,0,17,0.7058823529411765
3288,13,1,1,2,0,17,0.7647058823529411
3289,10,1,2,2,0,15,0.6666666666666666
3290,12,1,2,2,0,17,0.7058823529411765
3291,13,1,2,2,0,18,0.7222222222222222
3292,12,0,2,2,0,16,0.75
3293,13,1,2,2,0,18,0.7222222222222222
3294,13,1,3,2,0,19,0.6842105263157895
3295,11,1,3,2,0,17,0.6470588235294118
3296,13,1,2,2,0,18,0.7222222222222222
3297,12,1,2,2,0,17,0.7058823529411765
3298,12,2,3,2,0,19,0.631578947368421
3299,12,1,3,2,0,18,0.6666666666666666
3300,13,1,2,2,0,18,0.7222222222222222
3301,13,1,3,2,0,19,0.6842105263157895
3302,13,1,3,2,0,19,0.6842105263157895
3303,13,1,3,2,0,19,0.6842105263157895
3304,13,1,3,2,0,19,0.6842105263157895
3305,13,1,2,2,0,18,0.7222222222222222
3306,13,1,2,2,0,18,0.7222222222222222
3307,14,1,3,2,0,20,0.7
3308,14,1,2,2,0,19,0.7368421052631579
3309,14,1,1,2,0,18,0.7777777777777778
3310,14,1,3,2,0,20,0.7
3311,14,1,3,2,0,20,0.7
3312,14,1,2,2,0,19,0.7368421052631579
3313,11,1,1,1,0,14,0.7857142857142857
3314,13,1,3,2,0,19,0.6842105263157895
3315,14,1,3,2,0,20,0.7
3316,14,1,2,2,0,19,0.7368421052631579
3317,13,1,2,2,0,18,0.7222222222222222
3318,12,2,3,2,0,19,0.631578947368421
3319,13,1,3,2,0,19,0.6842105263157895
3320,11,1,3,2,0,17,0.6470588235294118
3321,16,1,2,2,0,21,0.7619047619047619
3322,14,1,1,2,0,18,0.7777777777777778
3323,14,1,1,2,0,18,0.7777777777777778
3324,14,1,3,2,0,20,0.7
3325,14,1,2,2,0,19,0.7368421052631579
3326,14,1,2,2,0,19,0.7368421052631579
3327,14,1,1,2,0,18,0.7777777777777778
3328,13,1,2,2,0,18,0.7222222222222222
3329,14,1,3,2,0,20,0.7
3330,14,2,3,2,0,21,0.6666666666666666
3331,13,1,2,2,0,18,0.7222222222222222
3332,13,1,3,2,0,19,0.6842105263157895
3333,13,1,3,2,0,19,0.6842105263157895
3334,13,1,3,2,0,19,0.6842105263157895
3335,12,1,3,2,0,18,0.6666666666666666
3336,14,1,3,2,0,20,0.7
3337,13,1,2,2,0,18,0.7222222222222222
3338,13,1,3,2,0,19,0.6842105263157895
3339,12,1,3,2,0,18,0.6666666666666666
3340,12,1,1,2,0,16,0.75
3341,13,1,3,2,0,19,0.6842105263157895
3342,13,1,2,2,0,18,0.7222222222222222
3343,11,1,2,2,0,16,0.6875
3344,10,1,2,2,0,15,0.6666666666666666
3345,12,1,2,2,0,17,0.7058823529411765
3346,11,1,3,2,0,17,0.6470588235294118
3347,13,1,3,2,0,19,0.6842105263157895
3348,12,1,3,2,0,18,0.6666666666666666
3349,13,1,3,2,0,19,0.6842105263157895
3350,13,1,3,2,0,19,0.6842105263157895
3351,12,1,2,2,0,17,0.7058823529411765
3352,12,1,2,2,0,17,0.7058823529411765
3353,12,1,2,2,0,17,0.7058823529411765
3354,13,1,2,2,0,18,0.7222222222222222
3355,12,1,3,2,0,18,0.6666666666666666
3356,13,1,3,2,0,19,0.6842105263157895
3357,14,1,2,2,0,19,0.7368421052631579
3358,14,1,2,2,0,19,0.7368421052631579
3359,13,1,2,2,0,18,0.7222222222222222
3360,13,1,3,2,0,19,0.6842105263157895
3361,14,1,3,2,0,20,0.7
3362,14,1,2,2,0,19,0.7368421052631579
3363,12,1,3,2,0,18,0.6666666666666666
3364,13,1,3,2,0,19,0.6842105263157895
3365,14,1,3,2,0,20,0.7
3366,14,1,2,2,0,19,0.7368421052631579
3367,12,1,3,2,0,18,0.6666666666666666
3368,12,1,3,2,0,18,0.6666666666666666
3369,12,1,2,2,0,17,0.7058823529411765
3370,13,1,3,2,0,19,0.6842105263157895
3371,13,1,3,2,0,19,0.6842105263157895
3372,13,1,3,2,0,19,0.6842105263157895
3373,14,1,3,2,0,20,0.7
3374,14,1,3,2,0,20,0.7
3375,14,1,3,2,0,20,0.7
3376,14,1,3,2,0,20,0.7
3377,13,1,3,2,0,19,0.6842105263157895
3378,13,1,2,2,0,18,0.7222222222222222
3379,14,1,2,2,0,19,0.7368421052631579
3380,14,1,3,2,0,20,0.7
3381,14,1,3,2,0,20,0.7
3382,13,1,3,2,0,19,0.6842105263157895
3383,12,1,3,2,0,18,0.6666666666666666
3384,14,1,2,2,0,19,0.7368421052631579
3385,13,1,2,2,0,18,0.7222222222222222
3386,12,1,1,2,0,16,0.75
3387,13,1,2,2,0,18,0.7222222222222222
3388,14,1,3,2,0,20,0.7
3389,13,1,3,2,0,19,0.6842105263157895
3390,13,1,2,2,0,18,0.7222222222222222
3391,13,1,2,2,0,18,0.7222222222222222
3392,12,1,3,2,0,18,0.6666666666666666
3393,13,1,2,2,0,18,0.7222222222222222
3394,13,1,2,2,0,18,0.7222222222222222
3395,13,1,2,1,0,17,0.7647058823529411
3396,13,1,2,1,0,17,0.7647058823529411
3397,13,1,2,2,0,18,0.7222222222222222
3398,14,1,3,2,0,20,0.7
3399,13,1,2,2,0,18,0.7222222222222222
3400,11,1,2,2,0,16,0.6875
3401,12,1,2,2,0,17,0.7058823529411765
3402,13,1,2,2,0,18,0.7222222222222222
3403,14,1,3,2,0,20,0.7
3404,13,1,3,2,0,19,0.6842105263157895
3405,13,1,2,2,0,18,0.7222222222222222
3406,10,1,2,2,0,15,0.6666666666666666
3407,12,1,1,2,0,16,0.75
3408,14,1,2,2,0,19,0.7368421052631579
3409,13,1,3,2,0,19,0.6842105263157895
3410,14,1,3,2,0,20,0.7
3411,14,1,3,2,0,20,0.7
3412,14,1,3,2,0,20,0.7
3413,13,1,3,2,0,19,0.6842105263157895
3414,13,1,2,2,0,18,0.7222222222222222
3415,14,1,3,2,0,20,0.7
3416,14,1,2,2,0,19,0.7368421052631579
3417,14,1,3,2,0,20,0.7
3418,13,1,1,2,0,17,0.7647058823529411
3419,14,1,3,2,0,20,0.7
3420,13,1,3,2,0,19,0.6842105263157895
3421,13,1,3,2,0,19,0.6842105263157895
3422,11,1,2,2,0,16,0.6875
3423,13,1,3,2,0,19,0.6842105263157895
3424,13,1,3,2,0,19,0.6842105263157895
3425,12,1,3,2,0,18,0.6666666666666666
3426,13,1,1,2,0,17,0.7647058823529411
3427,13,1,2,1,0,17,0.7647058823529411
3428,13,1,3,2,0,19,0.6842105263157895
3429,14,1,2,2,0,19,0.7368421052631579
3430,12,1,3,2,0,18,0.6666666666666666
3431,14,1,3,2,0,20,0.7
3432,13,2,3,2,0,20,0.65
3433,14,1,2,2,0,19,0.7368421052631579
3434,14,1,3,2,0,20,0.7
3435,13,1,3,2,0,19,0.6842105263157895
3436,14,1,1,2,0,18,0.7777777777777778
3437,13,1,2,2,0,18,0.7222222222222222
3438,13,1,2,2,0,18,0.7222222222222222
3439,14,1,3,2,0,20,0.7
3440,13,1,3,2,0,19,0.6842105263157895
3441,13,1,3,2,0,19,0.6842105263157895
3442,13,1,3,2,0,19,0.6842105263157895
3443,13,1,3,2,0,19,0.6842105263157895
3444,12,1,2,2,0,17,0.7058823529411765
3445,14,1,2,2,0,19,0.7368421052631579
3446,12,1,2,2,0,17,0.7058823529411765
3447,13,1,3,2,0,19,0.6842105263157895
3448,15,1,3,2,0,21,0.7142857142857143
3449,14,1,3,2,0,20,0.7
3450,12,1,2,2,0,17,0.7058823529411765
3451,12,1,3,2,0,18,0.6666666666666666
3452,13,1,2,2,0,18,0.7222222222222222
3453,12,1,3,2,0,18,0.6666666666666666
3454,14,1,2,2,0,19,0.7368421052631579
3455,15,1,1,2,0,19,0.7894736842105263
3456,12,1,3,2,0,18,0.6666666666666666
3457,14,1,3,2,0,20,0.7
3458,13,1,2,2,0,18,0.7222222222222222
3459,14,1,2,2,0,19,0.7368421052631579
3460,12,1,3,2,0,18,0.6666666666666666
3461,14,1,3,2,0,20,0.7
3462,12,1,3,2,0,18,0.6666666666666666
3463,15,1,2,2,0,20,0.75
3464,14,1,3,2,0,20,0.7
3465,14,0,3,2,0,19,0.7368421052631579
3466,12,1,3,2,0,18,0.6666666666666666
3467,14,1,3,2,0,20,0.7
3468,14,2,3,2,0,21,0.6666666666666666
3469,12,1,3,2,0,18,0.6666666666666666
3470,14,0,3,2,0,19,0.7368421052631579
3471,12,1,3,2,0,18,0.6666666666666666
3472,14,1,1,2,0,18,0.7777777777777778
3473,14,1,3,2,0,20,0.7
3474,13,1,3,2,0,19,0.6842105263157895
3475,13,1,3,2,0,19,0.6842105263157895
3476,13,1,2,2,0,18,0.7222222222222222
3477,13,1,1,2,0,17,0.7647058823529411
3478,13,1,2,2,0,18,0.7222222222222222
3479,13,1,3,2,0,19,0.6842105263157895
3480,13,1,3,2,0,19,0.6842105263157895
3481,13,1,3,2,0,19,0.6842105263157895
3482,14,1,2,2,0,19,0.7368421052631579
3483,14,1,3,2,0,20,0.7
3484,13,1,2,2,0,18,0.7222222222222222
3485,14,1,2,2,0,19,0.7368421052631579
3486,13,2,3,2,0,20,0.65
3487,14,1,2,2,0,19,0.7368421052631579
3488,13,1,2,2,0,18,0.7222222222222222
3489,15,1,3,2,0,21,0.7142857142857143
3490,15,1,3,2,0,21,0.7142857142857143
3491,13,1,2,2,0,18,0.7222222222222222
3492,14,1,2,2,0,19,0.7368421052631579
3493,13,1,3,2,0,19,0.6842105263157895
3494,13,1,3,2,0,19,0.6842105263157895
3495,14,1,2,2,0,19,0.7368421052631579
3496,14,2,3,2,0,21,0.6666666666666666
3497,14,1,3,2,0,20,0.7
3498,14,1,3,2,0,20,0.7
3499,14,1,2,2,0,19,0.7368421052631579
3500,14,1,1,2,0,18,0.7777777777777778
3501,13,1,2,2,0,18,0.7222222222222222
3502,14,0,1,2,0,17,0.8235294117647058
3503,15,1,2,2,0,20,0.75
3504,13,0,3,2,0,18,0.7222222222222222
3505,13,0,1,2,0,16,0.8125
3506,13,0,2,2,0,17,0.7647058823529411
3507,12,0,2,2,0,16,0.75
3508,14,0,2,2,0,18,0.7777777777777778
3509,13,1,2,2,0,18,0.7222222222222222
3510,11,0,2,2,0,15,0.7333333333333333
3511,12,1,1,2,0,16,0.75
3512,14,1,1,2,0,18,0.7777777777777778
3513,14,1,1,2,0,18,0.7777777777777778
3514,13,1,2,1,0,17,0.7647058823529411
3515,13,1,2,2,0,18,0.7222222222222222
3516,15,1,2,2,0,20,0.75
3517,15,1,2,2,0,20,0.75
3518,14,1,1,2,0,18,0.7777777777777778
3519,12,1,2,2,0,17,0.7058823529411765
3520,14,1,2,2,0,19,0.7368421052631579
3521,14,1,1,2,0,18,0.7777777777777778
3522,13,1,2,2,0,18,0.7222222222222222
3523,13,1,1,2,0,17,0.7647058823529411
3524,14,1,1,2,0,18,0.7777777777777778
3525,14,1,2,2,0,19,0.7368421052631579
3526,11,1,3,2,0,17,0.6470588235294118
3527,14,1,2,2,0,19,0.7368421052631579
3528,14,1,3,2,0,20,0.7
3529,11,1,2,2,0,16,0.6875
3530,13,1,3,2,0,19,0.6842105263157895
3531,13,1,3,2,0,19,0.6842105263157895
3532,13,1,2,2,0,18,0.7222222222222222
3533,12,1,2,2,0,17,0.7058823529411765
3534,13,1,3,2,0,19,0.6842105263157895
3535,14,1,2,2,0,19,0.7368421052631579
3536,14,1,2,2,0,19,0.7368421052631579
3537,14,1,3,2,0,20,0.7
3538,13,0,2,2,0,17,0.7647058823529411
3539,13,1,1,2,0,17,0.7647058823529411
3540,13,1,2,2,0,18,0.7222222222222222
3541,14,1,2,2,0,19,0.7368421052631579
3542,14,1,3,2,0,20,0.7
3543,14,1,3,2,0,20,0.7
3544,14,1,1,2,0,18,0.7777777777777778
3545,13,1,2,2,0,18,0.7222222222222222
3546,14,1,2,2,0,19,0.7368421052631579
3547,14,1,2,2,0,19,0.7368421052631579
3548,13,1,2,2,0,18,0.7222222222222222
3549,14,1,2,2,0,19,0.7368421052631579
3550,13,0,2,2,0,17,0.7647058823529411
3551,14,1,2,1,0,18,0.7777777777777778
3552,15,1,2,2,0,20,0.75
3553,13,1,2,2,0,18,0.7222222222222222
3554,14,1,2,2,0,19,0.7368421052631579
3555,14,1,2,2,0,19,0.7368421052631579
3556,14,1,2,2,0,19,0.7368421052631579
3557,14,1,1,1,0,17,0.8235294117647058
3558,14,1,2,1,0,18,0.7777777777777778
3559,14,0,2,2,0,18,0.7777777777777778
3560,13,1,3,2,0,19,0.6842105263157895
3561,13,1,2,2,0,18,0.7222222222222222
3562,12,1,3,2,0,18,0.6666666666666666
3563,14,1,3,2,0,20,0.7
3564,13,1,3,2,0,19,0.6842105263157895
3565,14,1,2,2,0,19,0.7368421052631579
3566,14,1,2,2,0,19,0.7368421052631579
3567,14,1,3,2,0,20,0.7
3568,14,1,3,2,0,20,0.7
3569,12,1,2,2,0,17,0.7058823529411765
3570,14,1,3,2,0,20,0.7
3571,13,1,2,2,0,18,0.7222222222222222
3572,13,1,2,2,0,18,0.7222222222222222
3573,12,1,2,2,0,17,0.7058823529411765
3574,14,1,1,2,0,18,0.7777777777777778
3575,14,1,2,2,0,19,0.7368421052631579
3576,11,1,2,2,0,16,0.6875
3577,14,1,1,2,0,18,0.7777777777777778
3578,14,1,2,2,0,19,0.7368421052631579
3579,13,1,3,2,0,19,0.6842105263157895
3580,13,1,2,2,0,18,0.7222222222222222
3581,14,1,3,2,0,20,0.7
3582,13,1,3,2,0,19,0.6842105263157895
3583,13,1,2,2,0,18,0.7222222222222222
3584,14,1,3,2,0,20,0.7
3585,14,1,2,2,0,19,0.7368421052631579
3586,14,1,1,2,0,18,0.7777777777777778
3587,14,0,1,1,0,16,0.875
3588,14,1,2,2,0,19,0.7368421052631579
3589,14,1,2,2,0,19,0.7368421052631579
3590,13,1,2,2,0,18,0.7222222222222222
3591,12,1,2,2,0,17,0.7058823529411765
3592,14,1,2,1,0,18,0.7777777777777778
3593,14,1,2,2,0,19,0.7368421052631579
3594,15,1,1,2,0,19,0.7894736842105263
3595,13,1,2,2,0,18,0.7222222222222222
3596,15,1,1,2,0,19,0.7894736842105263
3597,12,1,2,2,0,17,0.7058823529411765
3598,14,1,3,2,0,20,0.7
3599,15,1,2,2,0,20,0.75
3600,14,1,3,2,0,20,0.7
3601,14,1,2,2,0,19,0.7368421052631579
3602,14,1,1,2,0,18,0.7777777777777778
3603,14,1,2,2,0,19,0.7368421052631579
3604,13,1,3,2,0,19,0.6842105263157895
3605,14,1,3,2,0,20,0.7
3606,14,1,2,2,0,19,0.7368421052631579
3607,14,1,2,2,0,19,0.7368421052631579
3608,14,1,2,2,0,19,0.7368421052631579
3609,14,1,2,2,0,19,0.7368421052631579
3610,13,1,3,2,0,19,0.6842105263157895
3611,14,1,3,2,0,20,0.7
3612,13,1,3,2,0,19,0.6842105263157895
3613,14,1,3,2,0,20,0.7
3614,13,1,3,2,0,19,0.6842105263157895
3615,14,1,3,2,0,20,0.7
3616,13,1,3,2,0,19,0.6842105263157895
3617,14,1,3,2,0,20,0.7
3618,13,1,3,2,0,19,0.6842105263157895
3619,13,1,3,2,0,19,0.6842105263157895
3620,14,1,3,2,0,20,0.7
3621,14,1,3,2,0,20,0.7
3622,13,1,2,2,0,18,0.7222222222222222
3623,13,1,2,2,0,18,0.7222222222222222
3624,14,1,2,2,0,19,0.7368421052631579
3625,14,1,3,2,0,20,0.7
3626,14,1,3,2,0,20,0.7
3627,14,1,3,2,0,20,0.7
3628,12,1,3,2,0,18,0.6666666666666666
3629,14,1,3,2,0,20,0.7
3630,13,1,3,2,0,19,0.6842105263157895
3631,15,1,3,2,0,21,0.7142857142857143
3632,15,1,2,2,0,20,0.75
3633,13,1,3,2,0,19,0.6842105263157895
3634,13,1,3,2,0,19,0.6842105263157895
3635,13,1,3,2,0,19,0.6842105263157895
3636,14,1,2,2,0,19,0.7368421052631579
3637,13,1,2,1,0,17,0.7647058823529411
3638,13,1,2,2,0,18,0.7222222222222222
3639,13,1,3,2,0,19,0.6842105263157895
3640,14,1,2,2,0,19,0.7368421052631579
3641,14,0,3,2,0,19,0.7368421052631579
3642,14,0,2,2,0,18,0.7777777777777778
3643,14,1,2,2,0,19,0.7368421052631579
3644,12,1,2,2,0,17,0.7058823529411765
3645,11,1,2,2,0,16,0.6875
3646,13,1,2,2,0,18,0.7222222222222222
3647,12,0,1,2,0,15,0.8
3648,13,1,2,2,0,18,0.7222222222222222
3649,14,1,3,2,0,20,0.7
3650,14,1,3,2,0,20,0.7
3651,14,1,3,2,0,20,0.7
3652,14,1,1,2,0,18,0.7777777777777778
3653,14,1,3,2,0,20,0.7
3654,14,1,3,2,0,20,0.7
3655,14,1,3,2,0,20,0.7
3656,14,1,3,2,0,20,0.7
3657,14,1,1,2,0,18,0.7777777777777778
3658,13,1,2,2,0,18,0.7222222222222222
3659,14,1,3,2,0,20,0.7
3660,13,1,2,2,0,18,0.7222222222222222
3661,12,1,3,2,0,18,0.6666666666666666
3662,12,1,3,2,0,18,0.6666666666666666
3663,13,1,2,2,0,18,0.7222222222222222
3664,13,1,2,2,0,18,0.7222222222222222
3665,14,1,2,1,0,18,0.7777777777777778
3666,13,1,1,2,0,17,0.7647058823529411
3667,14,1,2,2,0,19,0.7368421052631579
3668,14,2,3,2,0,21,0.6666666666666666
3669,14,2,2,2,0,20,0.7
3670,14,1,2,2,0,19,0.7368421052631579
3671,13,1,3,2,0,19,0.6842105263157895
3672,14,1,3,2,0,20,0.7
3673,14,1,3,2,0,20,0.7
3674,14,1,3,2,0,20,0.7
3675,13,1,2,2,0,18,0.7222222222222222
3676,14,1,3,2,0,20,0.7
3677,13,1,3,2,0,19,0.6842105263157895
3678,13,1,2,2,0,18,0.7222222222222222
3679,12,1,3,2,0,18,0.6666666666666666
3680,14,1,2,2,0,19,0.7368421052631579
3681,14,1,3,2,0,20,0.7
3682,14,1,2,2,0,19,0.7368421052631579
3683,14,1,3,2,0,20,0.7
3684,13,1,3,2,0,19,0.6842105263157895
3685,12,1,3,2,0,18,0.6666666666666666
3686,13,1,2,2,0,18,0.7222222222222222
3687,14,1,2,1,0,18,0.7777777777777778
3688,14,1,2,1,0,18,0.7777777777777778
3689,14,1,2,2,0,19,0.7368421052631579
3690,14,1,2,2,0,19,0.7368421052631579
3691,12,1,2,2,0,17,0.7058823529411765
3692,13,1,3,2,0,19,0.6842105263157895
3693,14,1,3,2,0,20,0.7
3694,13,1,2,2,0,18,0.7222222222222222
3695,14,1,2,2,0,19,0.7368421052631579
3696,11,1,2,2,0,16,0.6875
3697,14,1,2,2,0,19,0.7368421052631579
3698,14,1,3,2,0,20,0.7
3699,14,1,3,2,0,20,0.7
3700,14,1,2,2,0,19,0.7368421052631579
3701,14,2,3,2,0,21,0.6666666666666666
3702,12,1,3,2,0,18,0.6666666666666666
3703,13,2,2,2,0,19,0.6842105263157895
3704,14,1,3,2,0,20,0.7
3705,13,1,3,2,0,19,0.6842105263157895
3706,14,1,2,2,0,19,0.7368421052631579
3707,14,0,3,2,0,19,0.7368421052631579
3708,14,1,2,2,0,19,0.7368421052631579
3709,12,1,1,2,0,16,0.75
3710,15,1,2,2,0,20,0.75
3711,14,1,2,2,0,19,0.7368421052631579
3712,12,1,3,2,0,18,0.6666666666666666
3713,13,1,3,2,0,19,0.6842105263157895
3714,12,1,3,2,0,18,0.6666666666666666
3715,14,1,3,2,0,20,0.7
3716,14,1,3,2,0,20,0.7
3717,15,1,2,2,0,20,0.75
3718,14,1,3,2,0,20,0.7
3719,14,1,3,2,0,20,0.7
3720,13,0,3,2,0,18,0.7222222222222222
3721,13,1,2,2,0,18,0.7222222222222222
3722,13,1,2,2,0,18,0.7222222222222222
3723,14,1,3,2,0,20,0.7
3724,13,1,3,2,0,19,0.6842105263157895
3725,14,1,3,2,0,20,0.7
3726,13,1,3,2,0,19,0.6842105263157895
3727,13,0,3,2,0,18,0.7222222222222222
3728,14,1,3,2,0,20,0.7
3729,12,1,2,2,0,17,0.7058823529411765
3730,14,1,3,2,0,20,0.7
3731,13,0,1,2,0,16,0.8125
3732,14,1,3,2,0,20,0.7
3733,13,1,3,2,0,19,0.6842105263157895
3734,13,1,3,2,0,19,0.6842105263157895
3735,11,1,2,2,0,16,0.6875
3736,14,1,2,2,0,19,0.7368421052631579
3737,13,1,2,2,0,18,0.7222222222222222
3738,14,1,3,2,0,20,0.7
3739,13,1,3,2,0,19,0.6842105263157895
3740,12,1,2,2,0,17,0.7058823529411765
3741,14,1,3,2,0,20,0.7
3742,14,1,3,2,0,20,0.7
3743,13,1,3,2,0,19,0.6842105263157895
3744,14,1,2,2,0,19,0.7368421052631579
3745,13,1,3,2,0,19,0.6842105263157895
3746,14,1,3,2,0,20,0.7
3747,14,1,3,2,0,20,0.7
3748,14,1,3,2,0,20,0.7
3749,13,1,3,2,0,19,0.6842105263157895
3750,14,1,2,2,0,19,0.7368421052631579
3751,13,2,2,2,0,19,0.6842105263157895
3752,14,1,2,2,0,19,0.7368421052631579
3753,14,1,2,2,0,19,0.7368421052631579
3754,13,1,3,2,0,19,0.6842105263157895
3755,14,1,3,2,0,20,0.7
3756,14,1,2,2,0,19,0.7368421052631579
3757,15,1,2,2,0,20,0.75
3758,12,1,2,2,0,17,0.7058823529411765
3759,14,1,2,2,0,19,0.7368421052631579
3760,14,1,3,2,0,20,0.7
3761,14,1,3,2,0,20,0.7
3762,14,1,3,2,0,20,0.7
3763,14,1,2,2,0,19,0.7368421052631579
3764,13,1,2,2,0,18,0.7222222222222222
3765,14,1,2,2,0,19,0.7368421052631579
3766,14,1,2,2,0,19,0.7368421052631579
3767,13,1,2,2,0,18,0.7222222222222222
3768,11,1,1,2,0,15,0.7333333333333333
3769,14,1,3,2,0,20,0.7
3770,13,1,3,2,0,19,0.6842105263157895
3771,13,1,3,2,0,19,0.6842105263157895
3772,12,1,1,2,0,16,0.75
3773,13,1,3,2,0,19,0.6842105263157895
3774,13,1,3,2,0,19,0.6842105263157895
3775,14,1,3,2,0,20,0.7
3776,13,1,3,2,0,19,0.6842105263157895
3777,14,1,3,2,0,20,0.7
3778,14,1,2,1,0,18,0.7777777777777778
3779,14,0,2,2,0,18,0.7777777777777778
3780,13,1,3,2,0,19,0.6842105263157895
3781,15,1,1,2,0,19,0.7894736842105263
3782,14,0,2,2,0,18,0.7777777777777778
3783,14,1,3,2,0,20,0.7
3784,14,1,3,2,0,20,0.7
3785,13,1,2,2,0,18,0.7222222222222222
3786,15,1,2,2,0,20,0.75
3787,15,1,2,2,0,20,0.75
3788,14,1,2,2,0,19,0.7368421052631579
3789,14,1,2,2,0,19,0.7368421052631579
3790,14,1,3,2,0,20,0.7
3791,14,1,2,2,0,19,0.7368421052631579
3792,14,1,2,2,0,19,0.7368421052631579
3793,13,1,3,2,0,19,0.6842105263157895
3794,14,1,2,2,0,19,0.7368421052631579
3795,14,0,3,2,0,19,0.7368421052631579
3796,14,1,3,2,0,20,0.7
3797,14,1,2,2,0,19,0.7368421052631579
3798,13,1,3,2,0,19,0.6842105263157895
3799,13,1,1,2,0,17,0.7647058823529411
3800,14,1,3,2,0,20,0.7
3801,13,1,3,2,0,19,0.6842105263157895
3802,14,1,3,2,0,20,0.7
3803,14,1,3,2,0,20,0.7
3804,14,1,3,2,0,20,0.7
3805,14,1,2,2,0,19,0.7368421052631579
3806,14,1,2,1,0,18,0.7777777777777778
3807,14,1,2,2,0,19,0.7368421052631579
3808,13,1,2,2,0,18,0.7222222222222222
3809,12,1,2,1,0,16,0.75
3810,14,1,1,2,0,18,0.7777777777777778
3811,14,0,3,2,0,19,0.7368421052631579
3812,14,1,2,2,0,19,0.7368421052631579
3813,14,1,3,2,0,20,0.7
3814,13,1,3,2,0,19,0.6842105263157895
3815,14,1,3,2,0,20,0.7
3816,13,1,2,2,0,18,0.7222222222222222
3817,13,1,2,2,0,18,0.7222222222222222
3818,13,1,2,2,0,18,0.7222222222222222
3819,13,1,2,2,0,18,0.7222222222222222
3820,13,1,2,2,0,18,0.7222222222222222
3821,14,1,3,2,0,20,0.7
3822,13,1,1,2,0,17,0.7647058823529411
3823,14,1,2,2,0,19,0.7368421052631579
3824,14,0,2,2,0,18,0.7777777777777778
3825,14,1,2,2,0,19,0.7368421052631579
3826,14,1,2,2,0,19,0.7368421052631579
3827,13,1,2,2,0,18,0.7222222222222222
3828,14,1,2,2,0,19,0.7368421052631579
3829,10,1,2,2,0,15,0.6666666666666666
3830,13,1,3,2,0,19,0.6842105263157895
3831,13,1,2,2,0,18,0.7222222222222222
3832,13,1,2,2,0,18,0.7222222222222222
3833,14,1,2,2,0,19,0.7368421052631579
3834,14,1,3,2,0,20,0.7
3835,14,1,3,2,0,20,0.7
3836,12,1,2,2,0,17,0.7058823529411765
3837,14,1,3,2,0,20,0.7
3838,14,1,3,2,0,20,0.7
3839,12,1,2,1,0,16,0.75
3840,14,2,2,2,0,20,0.7
3841,14,1,2,2,0,19,0.7368421052631579
3842,14,1,2,2,0,19,0.7368421052631579
3843,14,1,2,2,0,19,0.7368421052631579
3844,14,1,3,2,0,20,0.7
3845,14,1,3,2,0,20,0.7
3846,14,1,3,2,0,20,0.7
3847,14,1,3,2,0,20,0.7
3848,14,1,3,2,0,20,0.7
3849,14,1,3,2,0,20,0.7
3850,14,1,3,2,0,20,0.7
3851,14,1,2,2,0,19,0.7368421052631579
3852,14,1,3,2,0,20,0.7
3853,14,1,3,2,0,20,0.7
3854,14,1,3,2,0,20,0.7
3855,14,1,2,2,0,19,0.7368421052631579
3856,14,1,1,2,0,18,0.7777777777777778
3857,14,1,3,2,0,20,0.7
3858,14,1,2,2,0,19,0.7368421052631579
3859,13,1,3,2,0,19,0.6842105263157895
3860,14,1,3,2,0,20,0.7
3861,14,1,3,2,0,20,0.7
3862,14,1,2,2,0,19,0.7368421052631579
3863,14,1,2,2,0,19,0.7368421052631579
3864,13,1,3,2,0,19,0.6842105263157895
3865,14,1,2,2,0,19,0.7368421052631579
3866,14,1,3,2,0,20,0.7
3867,13,1,2,2,0,18,0.7222222222222222
3868,13,1,2,2,0,18,0.7222222222222222
3869,13,1,3,2,0,19,0.6842105263157895
3870,14,1,3,2,0,20,0.7
3871,14,1,3,2,0,20,0.7
3872,14,1,3,2,0,20,0.7
3873,14,1,2,2,0,19,0.7368421052631579
3874,14,1,2,2,0,19,0.7368421052631579
3875,14,1,2,2,0,19,0.7368421052631579
3876,11,1,2,2,0,16,0.6875
3877,13,1,2,2,0,18,0.7222222222222222
3878,14,1,1,1,0,17,0.8235294117647058
3879,13,1,3,2,0,19,0.6842105263157895
3880,15,1,1,1,0,18,0.8333333333333334
3881,14,1,2,1,0,18,0.7777777777777778
3882,13,1,1,2,0,17,0.7647058823529411
3883,14,1,2,2,0,19,0.7368421052631579
3884,14,0,3,2,0,19,0.7368421052631579
3885,14,1,3,2,0,20,0.7
3886,14,1,2,2,0,19,0.7368421052631579
3887,13,1,3,2,0,19,0.6842105263157895
3888,14,1,2,2,0,19,0.7368421052631579
3889,14,1,3,2,0,20,0.7
3890,12,1,3,2,0,18,0.6666666666666666
3891,13,2,3,2,0,20,0.65
3892,14,1,3,2,0,20,0.7
3893,14,2,3,2,0,21,0.6666666666666666
3894,13,1,2,2,0,18,0.7222222222222222
3895,14,1,2,2,0,19,0.7368421052631579
3896,12,1,3,2,0,18,0.6666666666666666
3897,14,1,3,2,0,20,0.7
3898,13,1,2,2,0,18,0.7222222222222222
3899,14,1,2,2,0,19,0.7368421052631579
3900,14,1,1,2,0,18,0.7777777777777778
3901,14,1,2,2,0,19,0.7368421052631579
3902,13,1,2,2,0,18,0.7222222222222222
3903,13,1,1,2,0,17,0.7647058823529411
3904,14,1,1,2,0,18,0.7777777777777778
3905,13,1,2,2,0,18,0.7222222222222222
3906,12,1,3,2,0,18,0.6666666666666666
3907,14,0,3,2,0,19,0.7368421052631579
3908,14,1,2,2,0,19,0.7368421052631579
3909,14,1,2,2,0,19,0.7368421052631579
3910,14,1,1,2,0,18,0.7777777777777778
3911,15,1,1,2,0,19,0.7894736842105263
3912,14,1,2,2,0,19,0.7368421052631579
3913,12,1,2,2,0,17,0.7058823529411765
3914,14,1,2,2,0,19,0.7368421052631579
3915,13,1,2,2,0,18,0.7222222222222222
3916,14,1,2,2,0,19,0.7368421052631579
3917,14,1,3,2,0,20,0.7
3918,13,2,3,2,0,20,0.65
3919,13,1,2,2,0,18,0.7222222222222222
3920,12,1,2,2,0,17,0.7058823529411765
3921,13,1,1,2,0,17,0.7647058823529411
3922,13,1,2,2,0,18,0.7222222222222222
3923,13,1,1,2,0,17,0.7647058823529411
3924,14,1,1,2,0,18,0.7777777777777778
3925,11,0,3,2,0,16,0.6875
3926,13,2,2,2,0,19,0.6842105263157895
3927,12,1,2,1,0,16,0.75
3928,14,1,2,2,0,19,0.7368421052631579
3929,14,1,1,1,0,17,0.8235294117647058
3930,14,1,1,2,0,18,0.7777777777777778
3931,14,1,1,2,0,18,0.7777777777777778
3932,13,1,1,2,0,17,0.7647058823529411
3933,12,1,3,2,0,18,0.6666666666666666
3934,13,1,2,2,0,18,0.7222222222222222
3935,14,1,1,2,0,18,0.7777777777777778
3936,13,1,2,2,0,18,0.7222222222222222
3937,13,1,3,2,0,19,0.6842105263157895
3938,14,1,3,2,0,20,0.7
3939,13,1,3,2,0,19,0.6842105263157895
3940,14,1,1,2,0,18,0.7777777777777778
3941,15,1,3,2,0,21,0.7142857142857143
3942,13,1,3,2,0,19,0.6842105263157895
3943,13,1,2,2,0,18,0.7222222222222222
3944,14,1,2,2,0,19,0.7368421052631579
3945,16,1,2,2,0,21,0.7619047619047619
3946,13,1,2,2,0,18,0.7222222222222222
3947,13,1,3,2,0,19,0.6842105263157895
3948,13,1,2,2,0,18,0.7222222222222222
3949,13,1,2,2,0,18,0.7222222222222222
3950,13,1,3,2,0,19,0.6842105263157895
3951,13,1,2,2,0,18,0.7222222222222222
3952,13,1,3,2,0,19,0.6842105263157895
3953,14,1,1,2,0,18,0.7777777777777778
3954,14,1,2,1,0,18,0.7777777777777778
3955,14,1,2,1,0,18,0.7777777777777778
3956,14,0,1,1,0,16,0.875
3957,13,1,1,1,0,16,0.8125
3958,14,1,1,1,0,17,0.8235294117647058
3959,13,1,1,1,0,16,0.8125
3960,14,1,2,2,0,19,0.7368421052631579
3961,15,1,2,1,0,19,0.7894736842105263
3962,11,1,1,2,0,15,0.7333333333333333
3963,14,1,2,2,0,19,0.7368421052631579
3964,14,1,2,2,0,19,0.7368421052631579
3965,13,1,1,2,0,17,0.7647058823529411
3966,13,1,1,2,0,17,0.7647058823529411
3967,14,1,1,2,0,18,0.7777777777777778
3968,13,1,3,2,0,19,0.6842105263157895
3969,14,1,3,2,0,20,0.7
3970,14,1,2,2,0,19,0.7368421052631579
3971,12,1,3,2,0,18,0.6666666666666666
3972,14,1,2,2,0,19,0.7368421052631579
3973,14,1,3,2,0,20,0.7
3974,13,1,2,2,0,18,0.7222222222222222
3975,11,1,2,1,0,15,0.7333333333333333
3976,13,1,3,2,0,19,0.6842105263157895
3977,13,1,2,2,0,18,0.7222222222222222
3978,15,1,3,2,0,21,0.7142857142857143
3979,14,1,2,2,0,19,0.7368421052631579
3980,12,1,2,2,0,17,0.7058823529411765
3981,13,1,2,2,0,18,0.7222222222222222
3982,13,1,2,2,0,18,0.7222222222222222
3983,14,1,3,2,0,20,0.7
3984,13,1,1,2,0,17,0.7647058823529411
3985,13,1,2,2,0,18,0.7222222222222222
3986,14,1,3,2,0,20,0.7
3987,13,1,2,2,0,18,0.7222222222222222
3988,14,1,3,2,0,20,0.7
3989,13,1,3,2,0,19,0.6842105263157895
3990,13,1,2,2,0,18,0.7222222222222222
3991,13,1,2,2,0,18,0.7222222222222222
3992,15,1,2,2,0,20,0.75
3993,14,2,2,2,0,20,0.7
3994,12,1,1,2,0,16,0.75
3995,14,2,3,2,0,21,0.6666666666666666
3996,12,1,1,2,0,16,0.75
3997,14,1,2,2,0,19,0.7368421052631579
3998,13,1,2,2,0,18,0.7222222222222222
3999,14,1,1,2,0,18,0.7777777777777778
4000,13,1,2,2,0,18,0.7222222222222222
4001,14,0,1,2,0,17,0.8235294117647058
4002,14,1,2,2,0,19,0.7368421052631579
4003,14,1,1,2,0,18,0.7777777777777778
4004,13,1,2,2,0,18,0.7222222222222222
4005,14,1,2,2,0,19,0.7368421052631579
4006,12,1,2,2,0,17,0.7058823529411765
4007,15,2,2,2,0,21,0.7142857142857143
4008,14,1,2,2,0,19,0.7368421052631579
4009,13,1,2,1,0,17,0.7647058823529411
4010,12,1,3,2,0,18,0.6666666666666666
4011,14,1,2,2,0,19,0.7368421052631579
4012,14,1,1,2,0,18,0.7777777777777778
4013,13,1,3,2,0,19,0.6842105263157895
4014,12,1,2,2,0,17,0.7058823529411765
4015,13,1,3,2,0,19,0.6842105263157895
4016,14,1,1,1,0,17,0.8235294117647058
4017,14,1,1,2,0,18,0.7777777777777778
4018,14,1,2,2,0,19,0.7368421052631579
4019,13,1,2,2,0,18,0.7222222222222222
4020,13,1,2,2,0,18,0.7222222222222222
4021,12,1,3,2,0,18,0.6666666666666666
4022,12,1,3,2,0,18,0.6666666666666666
4023,14,1,1,2,0,18,0.7777777777777778
4024,13,1,1,2,0,17,0.7647058823529411
4025,12,1,2,2,0,17,0.7058823529411765
4026,12,1,2,2,0,17,0.7058823529411765
4027,13,2,2,2,0,19,0.6842105263157895
4028,13,1,2,2,0,18,0.7222222222222222
4029,14,1,2,2,0,19,0.7368421052631579
4030,13,1,2,2,0,18,0.7222222222222222
4031,12,1,2,2,0,17,0.7058823529411765
4032,13,1,2,2,0,18,0.7222222222222222
4033,13,0,3,2,0,18,0.7222222222222222
4034,12,1,3,2,0,18,0.6666666666666666
4035,13,0,3,2,0,18,0.7222222222222222
4036,13,1,2,2,0,18,0.7222222222222222
4037,13,1,2,2,0,18,0.7222222222222222
4038,13,1,3,2,0,19,0.6842105263157895
4039,12,1,3,2,0,18,0.6666666666666666
4040,13,1,1,2,0,17,0.7647058823529411
4041,12,1,2,2,0,17,0.7058823529411765
4042,13,1,2,3,0,19,0.6842105263157895
4043,13,1,2,2,0,18,0.7222222222222222
4044,14,1,3,2,0,20,0.7
4045,13,1,2,2,0,18,0.7222222222222222
4046,13,1,2,2,0,18,0.7222222222222222
4047,14,1,1,2,0,18,0.7777777777777778
4048,14,1,3,2,0,20,0.7
4049,13,2,2,2,0,19,0.6842105263157895
4050,13,1,2,1,0,17,0.7647058823529411
4051,13,1,3,2,0,19,0.6842105263157895
4052,14,1,1,2,0,18,0.7777777777777778
4053,13,1,1,1,0,16,0.8125
4054,14,1,2,2,0,19,0.7368421052631579
4055,13,1,2,2,0,18,0.7222222222222222
4056,14,1,3,2,0,20,0.7
4057,14,1,3,2,0,20,0.7
4058,14,1,3,2,0,20,0.7
4059,12,1,3,2,0,18,0.6666666666666666
4060,14,1,3,2,0,20,0.7
4061,14,1,2,2,0,19,0.7368421052631579
4062,14,1,3,2,0,20,0.7
4063,13,1,2,2,0,18,0.7222222222222222
4064,14,1,3,2,0,20,0.7
4065,13,1,2,2,0,18,0.7222222222222222
4066,13,1,2,2,0,18,0.7222222222222222
4067,13,1,2,1,0,17,0.7647058823529411
4068,13,1,2,2,0,18,0.7222222222222222
4069,13,1,2,2,0,18,0.7222222222222222
4070,13,1,3,2,0,19,0.6842105263157895
4071,14,1,3,2,0,20,0.7
4072,14,1,3,2,0,20,0.7
4073,14,1,3,2,0,20,0.7
4074,14,1,3,2,0,20,0.7
4075,14,1,2,2,0,19,0.7368421052631579
4076,13,1,3,2,0,19,0.6842105263157895
4077,13,1,3,2,0,19,0.6842105263157895
4078,14,1,2,2,0,19,0.7368421052631579
4079,13,1,3,2,0,19,0.6842105263157895
4080,14,1,3,2,0,20,0.7
4081,14,1,2,2,0,19,0.7368421052631579
4082,13,1,3,2,0,19,0.6842105263157895
4083,13,1,2,2,0,18,0.7222222222222222
4084,14,1,3,2,0,20,0.7
4085,14,1,2,2,0,19,0.7368421052631579
4086,14,1,2,2,0,19,0.7368421052631579
4087,13,1,3,2,0,19,0.6842105263157895
4088,13,1,2,2,0,18,0.7222222222222222
4089,14,1,2,2,0,19,0.7368421052631579
4090,14,1,1,2,0,18,0.7777777777777778
4091,15,1,2,2,0,20,0.75
4092,13,1,3,2,0,19,0.6842105263157895
4093,14,1,3,2,0,20,0.7
4094,14,1,2,2,0,19,0.7368421052631579
4095,14,1,3,2,0,20,0.7
4096,14,1,2,2,0,19,0.7368421052631579
4097,13,1,2,2,0,18,0.7222222222222222
4098,14,1,2,2,0,19,0.7368421052631579
4099,14,1,3,2,0,20,0.7
4100,14,1,2,2,0,19,0.7368421052631579
4101,14,1,2,2,0,19,0.7368421052631579
4102,14,1,2,2,0,19,0.7368421052631579
4103,14,1,3,2,0,20,0.7
4104,14,1,3,2,0,20,0.7
4105,13,1,3,2,0,19,0.6842105263157895
4106,13,1,3,2,0,19,0.6842105263157895
4107,13,1,3,2,0,19,0.6842105263157895
4108,13,1,2,2,0,18,0.7222222222222222
4109,14,1,3,2,0,20,0.7
4110,14,1,3,2,0,20,0.7
4111,14,1,3,2,0,20,0.7
4112,14,1,3,2,0,20,0.7
4113,14,1,2,1,0,18,0.7777777777777778
4114,14,1,2,2,0,19,0.7368421052631579
4115,14,1,3,2,0,20,0.7
4116,14,1,3,2,0,20,0.7
4117,14,1,3,2,0,20,0.7
4118,13,1,3,2,0,19,0.6842105263157895
4119,14,0,2,2,0,18,0.7777777777777778
4120,14,1,3,2,0,20,0.7
4121,14,1,2,2,0,19,0.7368421052631579
4122,14,1,3,2,0,20,0.7
4123,14,1,3,2,0,20,0.7
4124,14,1,3,2,0,20,0.7
4125,13,1,1,2,0,17,0.7647058823529411
4126,14,1,3,2,0,20,0.7
4127,14,1,3,2,0,20,0.7
4128,14,1,2,2,0,19,0.7368421052631579
4129,12,1,3,2,0,18,0.6666666666666666
4130,12,1,3,2,0,18,0.6666666666666666
4131,13,1,3,2,0,19,0.6842105263157895
4132,13,1,1,2,0,17,0.7647058823529411
4133,13,1,3,2,0,19,0.6842105263157895
4134,14,1,3,2,0,20,0.7
4135,14,1,3,2,0,20,0.7
4136,13,1,3,2,0,19,0.6842105263157895
4137,13,1,2,2,0,18,0.7222222222222222
4138,14,1,3,2,0,20,0.7
4139,14,1,3,2,0,20,0.7
4140,14,1,2,2,0,19,0.7368421052631579
4141,14,1,2,2,0,19,0.7368421052631579
4142,13,1,2,2,0,18,0.7222222222222222
4143,13,1,3,2,0,19,0.6842105263157895
4144,14,1,3,2,0,20,0.7
4145,14,1,3,1,0,19,0.7368421052631579
4146,13,1,2,2,0,18,0.7222222222222222
4147,13,1,3,2,0,19,0.6842105263157895
4148,14,1,3,2,0,20,0.7
4149,14,1,3,2,0,20,0.7
4150,14,1,3,2,0,20,0.7
4151,14,1,3,2,0,20,0.7
4152,14,1,3,2,0,20,0.7
4153,14,1,2,2,0,19,0.7368421052631579
4154,14,1,2,2,0,19,0.7368421052631579
4155,14,1,3,2,0,20,0.7
4156,14,1,3,2,0,20,0.7
4157,14,1,3,2,0,20,0.7
4158,12,1,3,2,0,18,0.6666666666666666
4159,14,1,2,2,0,19,0.7368421052631579
4160,14,1,2,2,0,19,0.7368421052631579
4161,14,1,3,2,0,20,0.7
4162,13,1,2,2,0,18,0.7222222222222222
4163,14,1,2,2,0,19,0.7368421052631579
4164,13,1,2,2,0,18,0.7222222222222222
4165,13,1,3,2,0,19,0.6842105263157895
4166,14,1,3,2,0,20,0.7
4167,14,1,3,2,0,20,0.7
4168,13,1,3,2,0,19,0.6842105263157895
4169,13,1,3,2,0,19,0.6842105263157895
4170,14,1,3,2,0,20,0.7
4171,14,1,2,1,0,18,0.7777777777777778
4172,14,1,3,2,0,20,0.7
4173,14,1,2,1,0,18,0.7777777777777778
4174,14,1,2,1,0,18,0.7777777777777778
4175,14,1,2,1,0,18,0.7777777777777778
4176,14,1,3,2,0,20,0.7
4177,14,1,2,2,0,19,0.7368421052631579
4178,14,1,2,1,0,18,0.7777777777777778
4179,14,1,3,2,0,20,0.7
4180,14,1,2,1,0,18,0.7777777777777778
4181,13,1,2,1,0,17,0.7647058823529411
4182,14,2,2,2,0,20,0.7
4183,14,1,2,2,0,19,0.7368421052631579
4184,14,1,3,2,0,20,0.7
4185,14,1,2,2,0,19,0.7368421052631579
4186,14,1,3,2,0,20,0.7
4187,14,1,2,1,0,18,0.7777777777777778
4188,14,1,2,2,0,19,0.7368421052631579
4189,13,1,3,2,0,19,0.6842105263157895
4190,14,1,2,1,0,18,0.7777777777777778
4191,14,1,2,2,0,19,0.7368421052631579
4192,14,1,2,2,0,19,0.7368421052631579
4193,14,1,2,2,0,19,0.7368421052631579
4194,14,1,3,2,0,20,0.7
4195,13,1,2,2,0,18,0.7222222222222222
4196,14,1,2,1,0,18,0.7777777777777778
4197,14,1,3,2,0,20,0.7
4198,14,1,3,2,0,20,0.7
4199,14,1,2,1,0,18,0.7777777777777778
4200,13,1,1,1,0,16,0.8125
4201,13,1,2,1,0,17,0.7647058823529411
4202,13,1,2,2,0,18,0.7222222222222222
4203,14,1,2,2,0,19,0.7368421052631579
4204,14,1,2,2,0,19,0.7368421052631579
4205,14,1,2,2,0,19,0.7368421052631579
4206,14,1,2,2,0,19,0.7368421052631579
4207,13,1,1,1,0,16,0.8125
4208,12,1,2,1,0,16,0.75
4209,14,1,2,2,0,19,0.7368421052631579
4210,14,1,2,1,0,18,0.7777777777777778
4211,14,1,2,1,0,18,0.7777777777777778
4212,14,1,2,2,0,19,0.7368421052631579
4213,14,1,2,1,0,18,0.7777777777777778
4214,14,1,2,1,0,18,0.7777777777777778
4215,14,1,2,2,0,19,0.7368421052631579
4216,14,1,2,2,0,19,0.7368421052631579
4217,13,1,1,2,0,17,0.7647058823529411
4218,14,1,2,2,0,19,0.7368421052631579
4219,14,1,2,2,0,19,0.7368421052631579
4220,14,1,2,2,0,19,0.7368421052631579
4221,15,1,1,2,0,19,0.7894736842105263
4222,13,1,1,2,0,17,0.7647058823529411
4223,15,1,2,1,0,19,0.7894736842105263
4224,14,1,2,1,0,18,0.7777777777777778
4225,14,1,2,2,0,19,0.7368421052631579
4226,13,1,1,2,0,17,0.7647058823529411
4227,13,1,2,2,0,18,0.7222222222222222
4228,13,1,3,2,0,19,0.6842105263157895
4229,14,1,2,2,0,19,0.7368421052631579
4230,14,1,2,2,0,19,0.7368421052631579
4231,13,1,3,2,0,19,0.6842105263157895
4232,14,1,2,2,0,19,0.7368421052631579
4233,13,1,1,2,0,17,0.7647058823529411
4234,14,1,2,2,0,19,0.7368421052631579
4235,13,1,3,2,0,19,0.6842105263157895
4236,14,1,2,1,0,18,0.7777777777777778
4237,14,1,2,2,0,19,0.7368421052631579
4238,14,1,2,2,0,19,0.7368421052631579
4239,14,1,3,2,0,20,0.7
4240,14,1,3,2,0,20,0.7
4241,14,1,3,2,0,20,0.7
4242,14,1,3,2,0,20,0.7
4243,13,1,3,2,0,19,0.6842105263157895
4244,12,1,3,2,0,18,0.6666666666666666
4245,14,1,2,2,0,19,0.7368421052631579
4246,13,1,2,2,0,18,0.7222222222222222
4247,14,1,1,2,0,18,0.7777777777777778
4248,14,1,3,2,0,20,0.7
4249,14,1,2,2,0,19,0.7368421052631579
4250,14,1,2,2,0,19,0.7368421052631579
4251,13,1,2,2,0,18,0.7222222222222222
4252,14,1,1,2,0,18,0.7777777777777778
4253,14,1,3,2,0,20,0.7
4254,13,1,3,2,0,19,0.6842105263157895
4255,14,1,3,2,0,20,0.7
4256,13,1,2,2,0,18,0.7222222222222222
4257,15,1,3,2,0,21,0.7142857142857143
4258,13,1,3,2,0,19,0.6842105263157895
4259,14,1,3,2,0,20,0.7
4260,13,1,2,2,0,18,0.7222222222222222
4261,14,1,3,2,0,20,0.7
4262,14,1,2,1,0,18,0.7777777777777778
4263,14,1,1,2,0,18,0.7777777777777778
4264,14,1,2,2,0,19,0.7368421052631579
4265,14,1,2,2,0,19,0.7368421052631579
4266,13,1,3,2,0,19,0.6842105263157895
4267,14,1,3,2,0,20,0.7
4268,12,2,3,2,0,19,0.631578947368421
4269,14,1,1,2,0,18,0.7777777777777778
4270,14,1,3,2,0,20,0.7
4271,13,1,3,2,0,19,0.6842105263157895
4272,14,1,2,2,0,19,0.7368421052631579
4273,14,1,3,2,0,20,0.7
4274,13,1,3,2,0,19,0.6842105263157895
4275,13,1,3,2,0,19,0.6842105263157895
4276,14,1,3,2,0,20,0.7
4277,13,1,3,2,0,19,0.6842105263157895
4278,14,1,3,2,0,20,0.7
4279,13,1,2,2,0,18,0.7222222222222222
4280,14,1,1,2,0,18,0.7777777777777778
4281,14,1,3,2,0,20,0.7
4282,12,1,1,2,0,16,0.75
4283,15,1,2,2,0,20,0.75
4284,14,1,2,2,0,19,0.7368421052631579
4285,13,1,3,2,0,19,0.6842105263157895
4286,13,1,3,2,0,19,0.6842105263157895
4287,14,1,3,2,0,20,0.7
4288,13,2,3,2,0,20,0.65
4289,12,1,3,2,0,18,0.6666666666666666
4290,13,1,3,2,0,19,0.6842105263157895
4291,14,1,3,2,0,20,0.7
4292,14,1,2,2,0,19,0.7368421052631579
4293,13,1,3,2,0,19,0.6842105263157895
4294,13,1,3,2,0,19,0.6842105263157895
4295,13,1,3,2,0,19,0.6842105263157895
4296,13,1,3,2,0,19,0.6842105263157895
4297,14,2,3,2,0,21,0.6666666666666666
4298,14,1,2,2,0,19,0.7368421052631579
4299,12,1,3,2,0,18,0.6666666666666666
4300,13,1,1,1,0,16,0.8125
4301,14,1,2,2,0,19,0.7368421052631579
4302,14,1,3,2,0,20,0.7
4303,14,2,1,2,0,19,0.7368421052631579
4304,13,1,2,2,0,18,0.7222222222222222
4305,14,1,2,2,0,19,0.7368421052631579
4306,15,1,2,2,0,20,0.75
4307,14,1,2,2,0,19,0.7368421052631579
4308,13,1,2,2,0,18,0.7222222222222222
4309,14,1,2,2,0,19,0.7368421052631579
4310,13,1,3,2,0,19,0.6842105263157895
4311,14,1,3,2,0,20,0.7
4312,12,1,3,2,0,18,0.6666666666666666
4313,14,1,2,2,0,19,0.7368421052631579
4314,13,1,3,2,0,19,0.6842105263157895
4315,13,1,3,2,0,19,0.6842105263157895
4316,13,1,3,2,0,19,0.6842105263157895
4317,14,1,2,2,0,19,0.7368421052631579
4318,13,1,3,2,0,19,0.6842105263157895
4319,14,1,3,2,0,20,0.7
4320,14,1,2,2,0,19,0.7368421052631579
4321,14,1,3,2,0,20,0.7
4322,13,1,2,2,0,18,0.7222222222222222
4323,13,1,3,2,0,19,0.6842105263157895
4324,14,1,2,2,0,19,0.7368421052631579
4325,14,1,2,2,0,19,0.7368421052631579
4326,12,1,2,2,0,17,0.7058823529411765
4327,14,1,3,2,0,20,0.7
4328,14,1,3,2,0,20,0.7
4329,14,1,3,2,0,20,0.7
4330,14,1,3,2,0,20,0.7
4331,13,1,3,2,0,19,0.6842105263157895
4332,14,1,2,2,0,19,0.7368421052631579
4333,14,1,3,2,0,20,0.7
4334,13,1,3,2,0,19,0.6842105263157895
4335,14,1,3,2,0,20,0.7
4336,14,1,3,2,0,20,0.7
4337,13,1,2,2,0,18,0.7222222222222222
4338,12,1,2,2,0,17,0.7058823529411765
4339,14,1,2,2,0,19,0.7368421052631579
4340,14,1,3,2,0,20,0.7
4341,14,1,2,2,0,19,0.7368421052631579
4342,14,1,3,2,0,20,0.7
4343,13,1,3,2,0,19,0.6842105263157895
4344,13,1,3,2,0,19,0.6842105263157895
4345,14,1,2,2,0,19,0.7368421052631579
4346,13,1,3,2,0,19,0.6842105263157895
4347,14,1,2,2,0,19,0.7368421052631579
4348,13,1,3,2,0,19,0.6842105263157895
4349,14,1,2,2,0,19,0.7368421052631579
4350,14,1,3,2,0,20,0.7
4351,14,1,2,2,0,19,0.7368421052631579
4352,14,1,2,2,0,19,0.7368421052631579
4353,14,1,3,2,0,20,0.7
4354,13,1,2,2,0,18,0.7222222222222222
4355,15,1,2,2,0,20,0.75
4356,14,1,2,2,0,19,0.7368421052631579
4357,14,1,2,2,0,19,0.7368421052631579
4358,14,1,2,2,0,19,0.7368421052631579
4359,14,1,2,2,0,19,0.7368421052631579
4360,14,1,2,2,0,19,0.7368421052631579
4361,14,1,2,2,0,19,0.7368421052631579
4362,13,1,1,2,0,17,0.7647058823529411
4363,14,1,2,2,0,19,0.7368421052631579
4364,14,1,2,2,0,19,0.7368421052631579
4365,14,1,1,2,0,18,0.7777777777777778
4366,13,1,2,1,0,17,0.7647058823529411
4367,14,1,2,2,0,19,0.7368421052631579
4368,13,1,1,2,0,17,0.7647058823529411
4369,13,1,2,2,0,18,0.7222222222222222
4370,13,1,2,2,0,18,0.7222222222222222
4371,15,1,1,2,0,19,0.7894736842105263
4372,14,1,2,2,0,19,0.7368421052631579
4373,14,1,2,2,0,19,0.7368421052631579
4374,15,1,1,2,0,19,0.7894736842105263
4375,14,1,2,2,0,19,0.7368421052631579
4376,14,1,2,2,0,19,0.7368421052631579
4377,13,1,2,2,0,18,0.7222222222222222
4378,14,1,2,1,0,18,0.7777777777777778
4379,15,1,2,1,0,19,0.7894736842105263
4380,14,1,2,2,0,19,0.7368421052631579
4381,14,1,2,2,0,19,0.7368421052631579
4382,14,1,2,1,0,18,0.7777777777777778
4383,14,1,2,2,0,19,0.7368421052631579
4384,14,1,3,2,0,20,0.7
4385,14,1,2,1,0,18,0.7777777777777778
4386,14,1,1,2,0,18,0.7777777777777778
4387,12,1,1,1,0,15,0.8
4388,14,1,1,2,0,18,0.7777777777777778
4389,14,1,2,2,0,19,0.7368421052631579
4390,13,1,2,2,0,18,0.7222222222222222
4391,13,1,3,2,0,19,0.6842105263157895
4392,14,1,3,2,0,20,0.7
4393,13,1,3,2,0,19,0.6842105263157895
4394,15,1,2,2,0,20,0.75
4395,14,1,1,2,0,18,0.7777777777777778
4396,14,1,2,2,0,19,0.7368421052631579
4397,13,1,2,2,0,18,0.7222222222222222
4398,14,1,1,2,0,18,0.7777777777777778
4399,13,1,3,2,0,19,0.6842105263157895
4400,13,1,2,2,0,18,0.7222222222222222
4401,12,1,3,2,0,18,0.6666666666666666
4402,14,1,2,2,0,19,0.7368421052631579
4403,14,1,3,2,0,20,0.7
4404,13,1,3,2,0,19,0.6842105263157895
4405,14,1,2,2,0,19,0.7368421052631579
4406,14,1,2,2,0,19,0.7368421052631579
4407,13,1,3,2,0,19,0.6842105263157895
4408,14,1,3,2,0,20,0.7
4409,13,1,2,2,0,18,0.7222222222222222
4410,14,1,3,2,0,20,0.7
4411,14,1,3,2,0,20,0.7
4412,15,1,3,2,0,21,0.7142857142857143
4413,14,1,2,2,0,19,0.7368421052631579
4414,14,1,3,2,0,20,0.7
4415,14,1,3,2,0,20,0.7
4416,14,1,3,2,0,20,0.7
4417,14,1,1,2,0,18,0.7777777777777778
4418,13,1,3,2,0,19,0.6842105263157895
4419,14,1,3,2,0,20,0.7
4420,14,1,3,2,0,20,0.7
4421,13,1,3,2,0,19,0.6842105263157895
4422,13,1,3,2,0,19,0.6842105263157895
4423,13,1,3,2,0,19,0.6842105263157895
4424,13,1,3,2,0,19,0.6842105263157895
4425,12,1,2,2,0,17,0.7058823529411765
4426,13,1,3,2,0,19,0.6842105263157895
4427,12,1,3,2,0,18,0.6666666666666666
4428,14,1,3,2,0,20,0.7
4429,13,1,3,2,0,19,0.6842105263157895
4430,14,1,3,2,0,20,0.7
4431,14,1,3,2,0,20,0.7
4432,14,1,2,2,0,19,0.7368421052631579
4433,14,1,3,2,0,20,0.7
4434,14,1,3,2,0,20,0.7
4435,14,1,3,2,0,20,0.7
4436,14,1,2,1,0,18,0.7777777777777778
4437,14,1,3,2,0,20,0.7
4438,13,1,3,2,0,19,0.6842105263157895
4439,15,1,2,2,0,20,0.75
4440,12,1,2,2,0,17,0.7058823529411765
4441,12,1,3,2,0,18,0.6666666666666666
4442,14,1,1,1,0,17,0.8235294117647058
4443,13,1,1,1,0,16,0.8125
4444,13,1,1,2,0,17,0.7647058823529411
4445,14,1,1,1,0,17,0.8235294117647058
4446,14,1,2,2,0,19,0.7368421052631579
4447,14,1,3,2,0,20,0.7
4448,13,1,3,2,0,19,0.6842105263157895
4449,14,1,2,2,0,19,0.7368421052631579
4450,13,1,3,2,0,19,0.6842105263157895
4451,12,1,3,2,0,18,0.6666666666666666
4452,14,1,2,1,0,18,0.7777777777777778
4453,14,1,3,2,0,20,0.7
4454,13,1,3,2,0,19,0.6842105263157895
4455,13,1,3,2,0,19,0.6842105263157895
4456,14,1,1,2,0,18,0.7777777777777778
4457,13,1,2,2,0,18,0.7222222222222222
4458,14,1,2,2,0,19,0.7368421052631579
4459,14,1,2,2,0,19,0.7368421052631579
4460,14,1,1,2,0,18,0.7777777777777778
4461,12,1,2,1,0,16,0.75
4462,14,1,3,2,0,20,0.7
4463,14,1,2,2,0,19,0.7368421052631579
4464,14,1,2,2,0,19,0.7368421052631579
4465,13,1,2,2,0,18,0.7222222222222222
4466,14,1,2,2,0,19,0.7368421052631579
4467,13,1,1,2,0,17,0.7647058823529411
4468,13,1,3,2,0,19,0.6842105263157895
4469,14,1,2,2,0,19,0.7368421052631579
4470,14,1,2,2,0,19,0.7368421052631579
4471,14,1,2,2,0,19,0.7368421052631579
4472,14,1,3,2,0,20,0.7
4473,13,1,3,2,0,19,0.6842105263157895
4474,12,1,3,2,0,18,0.6666666666666666
4475,14,1,3,2,0,20,0.7
4476,11,1,3,2,0,17,0.6470588235294118
4477,12,1,2,2,0,17,0.7058823529411765
4478,13,1,3,2,0,19,0.6842105263157895
4479,13,1,3,2,0,19,0.6842105263157895
4480,13,1,3,2,0,19,0.6842105263157895
4481,12,1,3,2,0,18,0.6666666666666666
4482,12,1,2,2,0,17,0.7058823529411765
4483,13,1,3,2,0,19,0.6842105263157895
4484,12,1,3,2,0,18,0.6666666666666666
4485,11,1,2,1,0,15,0.7333333333333333
4486,14,1,2,2,0,19,0.7368421052631579
4487,12,1,2,2,0,17,0.7058823529411765
4488,11,1,3,2,0,17,0.6470588235294118
4489,12,1,3,2,0,18,0.6666666666666666
4490,14,1,3,2,0,20,0.7
4491,15,1,2,2,0,20,0.75
4492,12,1,3,2,0,18,0.6666666666666666
4493,13,1,3,2,0,19,0.6842105263157895
4494,14,1,3,2,0,20,0.7
4495,13,1,2,2,0,18,0.7222222222222222
4496,15,1,2,3,0,21,0.7142857142857143
4497,14,1,2,3,0,20,0.7
4498,14,1,1,2,0,18,0.7777777777777778
4499,14,1,2,2,0,19,0.7368421052631579
4500,13,1,2,2,0,18,0.7222222222222222
4501,13,1,2,2,0,18,0.7222222222222222
4502,14,1,2,2,0,19,0.7368421052631579
4503,13,1,2,2,0,18,0.7222222222222222
4504,13,1,2,2,0,18,0.7222222222222222
4505,13,1,2,1,0,17,0.7647058823529411
4506,12,1,1,2,0,16,0.75
4507,13,1,2,2,0,18,0.7222222222222222
4508,13,1,1,2,0,17,0.7647058823529411
4509,14,1,2,2,0,19,0.7368421052631579
4510,14,1,2,2,0,19,0.7368421052631579
4511,13,1,2,2,0,18,0.7222222222222222
4512,13,1,2,2,0,18,0.7222222222222222
4513,14,1,2,2,0,19,0.7368421052631579
4514,15,1,2,2,0,20,0.75
4515,14,1,2,2,0,19,0.7368421052631579
4516,13,1,2,1,0,17,0.7647058823529411
4517,14,1,1,2,0,18,0.7777777777777778
4518,14,1,2,2,0,19,0.7368421052631579
4519,14,1,2,2,0,19,0.7368421052631579
4520,13,1,2,1,0,17,0.7647058823529411
4521,13,1,1,2,0,17,0.7647058823529411
4522,14,1,2,2,0,19,0.7368421052631579
4523,14,1,2,2,0,19,0.7368421052631579
4524,14,1,2,2,0,19,0.7368421052631579
4525,14,1,2,2,0,19,0.7368421052631579
4526,14,1,2,2,0,19,0.7368421052631579
4527,14,1,1,2,0,18,0.7777777777777778
4528,14,1,2,2,0,19,0.7368421052631579
4529,14,1,2,2,0,19,0.7368421052631579
4530,14,1,2,2,0,19,0.7368421052631579
4531,14,1,3,2,0,20,0.7
4532,13,1,2,2,0,18,0.7222222222222222
4533,13,1,2,2,0,18,0.7222222222222222
4534,14,1,2,2,0,19,0.7368421052631579
4535,11,1,1,2,0,15,0.7333333333333333
4536,13,1,2,2,0,18,0.7222222222222222
4537,11,1,1,2,0,15,0.7333333333333333
4538,14,1,2,2,0,19,0.7368421052631579
4539,13,1,1,2,0,17,0.7647058823529411
4540,12,1,2,2,0,17,0.7058823529411765
4541,14,1,2,2,0,19,0.7368421052631579
4542,13,1,2,2,0,18,0.7222222222222222
4543,14,1,2,2,0,19,0.7368421052631579
4544,14,1,2,2,0,19,0.7368421052631579
4545,14,1,2,2,0,19,0.7368421052631579
4546,13,1,2,2,0,18,0.7222222222222222
4547,14,1,2,2,0,19,0.7368421052631579
4548,13,1,2,2,0,18,0.7222222222222222
4549,14,1,2,2,0,19,0.7368421052631579
4550,13,1,2,2,0,18,0.7222222222222222
4551,14,1,2,2,0,19,0.7368421052631579
4552,14,1,2,2,0,19,0.7368421052631579
4553,13,1,2,2,0,18,0.7222222222222222
4554,13,1,2,2,0,18,0.7222222222222222
4555,14,1,2,2,0,19,0.7368421052631579
4556,14,1,2,2,0,19,0.7368421052631579
4557,13,1,2,2,0,18,0.7222222222222222
4558,13,1,2,2,0,18,0.7222222222222222
4559,12,1,2,2,0,17,0.7058823529411765
4560,14,1,2,2,0,19,0.7368421052631579
4561,14,1,2,2,0,19,0.7368421052631579
4562,13,1,2,1,0,17,0.7647058823529411
4563,13,1,2,2,0,18,0.7222222222222222
4564,12,1,2,2,0,17,0.7058823529411765
4565,13,1,2,2,0,18,0.7222222222222222
4566,13,1,2,2,0,18,0.7222222222222222
4567,13,1,2,2,0,18,0.7222222222222222
4568,14,1,2,2,0,19,0.7368421052631579
4569,14,1,2,2,0,19,0.7368421052631579
4570,14,1,2,2,0,19,0.7368421052631579
4571,14,0,2,2,0,18,0.7777777777777778
4572,14,1,2,2,0,19,0.7368421052631579
4573,14,2,2,2,0,20,0.7
4574,14,1,1,2,0,18,0.7777777777777778
4575,14,1,1,2,0,18,0.7777777777777778
4576,14,1,2,2,0,19,0.7368421052631579
4577,14,1,2,2,0,19,0.7368421052631579
4578,13,1,2,2,0,18,0.7222222222222222
4579,14,1,2,2,0,19,0.7368421052631579
4580,13,1,2,2,0,18,0.7222222222222222
4581,14,1,1,2,0,18,0.7777777777777778
4582,14,1,1,2,0,18,0.7777777777777778
4583,14,1,1,2,0,18,0.7777777777777778
4584,13,1,2,2,0,18,0.7222222222222222
4585,13,1,2,2,0,18,0.7222222222222222
4586,14,1,2,2,0,19,0.7368421052631579
4587,12,1,2,2,0,17,0.7058823529411765
4588,13,1,2,2,0,18,0.7222222222222222
4589,14,1,2,2,0,19,0.7368421052631579
4590,14,1,2,2,0,19,0.7368421052631579
4591,14,1,2,2,0,19,0.7368421052631579
4592,14,1,2,2,0,19,0.7368421052631579
4593,12,1,2,2,0,17,0.7058823529411765
4594,13,1,2,2,0,18,0.7222222222222222
4595,14,1,2,2,0,19,0.7368421052631579
4596,14,1,2,2,0,19,0.7368421052631579
4597,14,1,1,2,0,18,0.7777777777777778
4598,13,1,2,2,0,18,0.7222222222222222
4599,14,1,2,2,0,19,0.7368421052631579
4600,13,1,2,2,0,18,0.7222222222222222
4601,14,1,2,2,0,19,0.7368421052631579
4602,14,1,2,2,0,19,0.7368421052631579
4603,14,1,2,2,0,19,0.7368421052631579
4604,14,1,2,2,0,19,0.7368421052631579
4605,14,1,2,2,0,19,0.7368421052631579
4606,14,1,2,2,0,19,0.7368421052631579
4607,13,1,2,2,0,18,0.7222222222222222
4608,12,1,2,2,0,17,0.7058823529411765
4609,14,1,2,2,0,19,0.7368421052631579
4610,14,1,2,2,0,19,0.7368421052631579
4611,14,1,1,2,0,18,0.7777777777777778
4612,14,1,2,2,0,19,0.7368421052631579
4613,14,1,2,2,0,19,0.7368421052631579
4614,14,1,2,2,0,19,0.7368421052631579
4615,12,1,2,2,0,17,0.7058823529411765
4616,14,1,2,2,0,19,0.7368421052631579
4617,14,1,2,2,0,19,0.7368421052631579
4618,13,1,2,2,0,18,0.7222222222222222
4619,13,1,2,2,0,18,0.7222222222222222
4620,14,1,2,2,0,19,0.7368421052631579
4621,14,1,2,1,0,18,0.7777777777777778
4622,12,1,2,2,0,17,0.7058823529411765
4623,13,1,2,2,0,18,0.7222222222222222
4624,14,1,2,2,0,19,0.7368421052631579
4625,13,1,1,2,0,17,0.7647058823529411
4626,14,1,2,2,0,19,0.7368421052631579
4627,15,1,2,2,0,20,0.75
4628,13,1,2,2,0,18,0.7222222222222222
4629,12,1,1,2,0,16,0.75
4630,14,1,1,2,0,18,0.7777777777777778
4631,13,1,2,2,0,18,0.7222222222222222
4632,14,1,1,1,0,17,0.8235294117647058
4633,14,1,2,2,0,19,0.7368421052631579
4634,14,1,1,2,0,18,0.7777777777777778
4635,14,1,2,3,0,20,0.7
4636,14,1,1,2,0,18,0.7777777777777778
4637,13,1,2,2,0,18,0.7222222222222222
4638,14,1,2,2,0,19,0.7368421052631579
4639,14,1,2,2,0,19,0.7368421052631579
4640,14,1,2,2,0,19,0.7368421052631579
4641,14,1,1,2,0,18,0.7777777777777778
4642,14,1,2,2,0,19,0.7368421052631579
4643,14,1,2,2,0,19,0.7368421052631579
4644,14,2,1,2,0,19,0.7368421052631579
4645,13,1,2,2,0,18,0.7222222222222222
4646,14,1,2,2,0,19,0.7368421052631579
4647,13,1,2,2,0,18,0.7222222222222222
4648,13,1,2,2,0,18,0.7222222222222222
4649,14,1,1,2,0,18,0.7777777777777778
4650,14,1,2,2,0,19,0.7368421052631579
4651,13,1,1,1,0,16,0.8125
4652,12,1,1,2,0,16,0.75
4653,14,1,2,2,0,19,0.7368421052631579
4654,13,1,2,2,0,18,0.7222222222222222
4655,14,1,1,2,0,18,0.7777777777777778
4656,15,1,2,2,0,20,0.75
4657,14,1,2,2,0,19,0.7368421052631579
4658,14,1,2,2,0,19,0.7368421052631579
4659,13,1,1,2,0,17,0.7647058823529411
4660,12,1,1,2,0,16,0.75
4661,13,1,2,2,0,18,0.7222222222222222
4662,14,1,2,2,0,19,0.7368421052631579
4663,13,1,1,2,0,17,0.7647058823529411
4664,14,1,1,2,0,18,0.7777777777777778
4665,14,1,2,2,0,19,0.7368421052631579
4666,13,1,2,2,0,18,0.7222222222222222
4667,14,1,2,2,0,19,0.7368421052631579
4668,14,1,2,2,0,19,0.7368421052631579
4669,10,1,2,2,0,15,0.6666666666666666
4670,13,0,2,2,0,17,0.7647058823529411
4671,13,1,2,2,0,18,0.7222222222222222
4672,13,1,2,2,0,18,0.7222222222222222
4673,13,1,2,2,0,18,0.7222222222222222
4674,14,1,2,2,0,19,0.7368421052631579
4675,13,0,2,2,0,17,0.7647058823529411
4676,12,1,2,2,0,17,0.7058823529411765
4677,13,1,2,2,0,18,0.7222222222222222
4678,13,1,3,2,0,19,0.6842105263157895
4679,13,1,2,2,0,18,0.7222222222222222
4680,14,1,2,2,0,19,0.7368421052631579
4681,13,1,2,2,0,18,0.7222222222222222
4682,14,1,2,2,0,19,0.7368421052631579
4683,13,1,2,2,0,18,0.7222222222222222
4684,14,1,1,2,0,18,0.7777777777777778
4685,14,1,2,2,0,19,0.7368421052631579
4686,14,1,2,2,0,19,0.7368421052631579
4687,14,1,2,2,0,19,0.7368421052631579
4688,14,1,2,2,0,19,0.7368421052631579
4689,14,1,1,2,0,18,0.7777777777777778
4690,14,1,2,2,0,19,0.7368421052631579
4691,14,1,2,2,0,19,0.7368421052631579
4692,14,1,2,2,0,19,0.7368421052631579
4693,13,1,1,2,0,17,0.7647058823529411
4694,14,1,1,2,0,18,0.7777777777777778
4695,14,1,1,2,0,18,0.7777777777777778
4696,14,1,2,2,0,19,0.7368421052631579
4697,14,1,1,2,0,18,0.7777777777777778
4698,14,1,1,2,0,18,0.7777777777777778
4699,13,1,2,2,0,18,0.7222222222222222
4700,14,1,1,2,0,18,0.7777777777777778
4701,14,1,1,2,0,18,0.7777777777777778
4702,13,1,2,2,0,18,0.7222222222222222
4703,14,1,1,2,0,18,0.7777777777777778
4704,14,1,2,2,0,19,0.7368421052631579
4705,13,1,2,2,0,18,0.7222222222222222
4706,13,1,2,2,0,18,0.7222222222222222
4707,14,1,1,2,0,18,0.7777777777777778
4708,14,1,2,2,0,19,0.7368421052631579
4709,13,1,2,2,0,18,0.7222222222222222
4710,13,1,1,2,0,17,0.7647058823529411
4711,14,1,1,2,0,18,0.7777777777777778
4712,13,1,2,2,0,18,0.7222222222222222
4713,14,1,1,2,0,18,0.7777777777777778
4714,14,1,1,2,0,18,0.7777777777777778
4715,14,1,2,2,0,19,0.7368421052631579
4716,12,1,1,2,0,16,0.75
4717,13,1,2,2,0,18,0.7222222222222222
4718,14,1,1,2,0,18,0.7777777777777778
4719,14,1,1,2,0,18,0.7777777777777778
4720,14,1,2,1,0,18,0.7777777777777778
4721,13,1,2,2,0,18,0.7222222222222222
4722,14,1,2,2,0,19,0.7368421052631579
4723,13,1,2,2,0,18,0.7222222222222222
4724,14,1,2,2,0,19,0.7368421052631579
4725,14,1,1,2,0,18,0.7777777777777778
4726,12,1,1,2,0,16,0.75
4727,13,1,1,2,0,17,0.7647058823529411
4728,12,1,2,2,0,17,0.7058823529411765
4729,14,1,1,2,0,18,0.7777777777777778
4730,14,1,2,2,0,19,0.7368421052631579
4731,14,1,2,2,0,19,0.7368421052631579
4732,14,1,2,2,0,19,0.7368421052631579
4733,14,1,2,2,0,19,0.7368421052631579
4734,14,1,2,2,0,19,0.7368421052631579
4735,14,1,2,2,0,19,0.7368421052631579
4736,12,1,2,2,0,17,0.7058823529411765
4737,14,1,2,2,0,19,0.7368421052631579
4738,15,1,1,2,0,19,0.7894736842105263
4739,14,1,2,2,0,19,0.7368421052631579
4740,14,1,2,2,0,19,0.7368421052631579
4741,14,1,1,2,0,18,0.7777777777777778
4742,13,1,2,2,0,18,0.7222222222222222
4743,13,1,2,2,0,18,0.7222222222222222
4744,14,1,2,2,0,19,0.7368421052631579
4745,14,1,2,2,0,19,0.7368421052631579
4746,13,1,2,2,0,18,0.7222222222222222
4747,14,1,2,2,0,19,0.7368421052631579
4748,14,1,1,2,0,18,0.7777777777777778
4749,13,1,2,2,0,18,0.7222222222222222
4750,14,1,2,2,0,19,0.7368421052631579
4751,14,1,2,2,0,19,0.7368421052631579
4752,13,1,2,2,0,18,0.7222222222222222
4753,14,1,2,2,0,19,0.7368421052631579
4754,14,1,1,2,0,18,0.7777777777777778
4755,14,1,2,2,0,19,0.7368421052631579
4756,13,1,2,2,0,18,0.7222222222222222
4757,14,1,2,2,0,19,0.7368421052631579
4758,14,1,2,2,0,19,0.7368421052631579
4759,13,1,2,2,0,18,0.7222222222222222
4760,13,1,2,2,0,18,0.7222222222222222
4761,13,1,2,2,0,18,0.7222222222222222
4762,14,1,2,2,0,19,0.7368421052631579
4763,14,1,1,2,0,18,0.7777777777777778
4764,14,1,2,2,0,19,0.7368421052631579
4765,14,1,2,2,0,19,0.7368421052631579
4766,14,1,2,2,0,19,0.7368421052631579
4767,14,1,2,2,0,19,0.7368421052631579
4768,14,1,1,2,0,18,0.7777777777777778
4769,14,1,2,2,0,19,0.7368421052631579
4770,13,1,2,2,0,18,0.7222222222222222
4771,11,1,2,2,0,16,0.6875
4772,14,1,2,2,0,19,0.7368421052631579
4773,14,1,2,2,0,19,0.7368421052631579
4774,13,1,2,2,0,18,0.7222222222222222
4775,14,1,2,2,0,19,0.7368421052631579
4776,13,1,2,2,0,18,0.7222222222222222
4777,14,1,1,2,0,18,0.7777777777777778
4778,14,1,1,2,0,18,0.7777777777777778
4779,13,1,2,2,0,18,0.7222222222222222
4780,14,1,2,2,0,19,0.7368421052631579
4781,13,1,1,2,0,17,0.7647058823529411
4782,13,1,2,2,0,18,0.7222222222222222
4783,12,1,1,2,0,16,0.75
4784,12,1,2,2,0,17,0.7058823529411765
4785,13,1,2,2,0,18,0.7222222222222222
4786,13,1,2,2,0,18,0.7222222222222222
4787,11,1,2,2,0,16,0.6875
4788,14,1,1,2,0,18,0.7777777777777778
4789,14,1,2,2,0,19,0.7368421052631579
4790,14,1,2,2,0,19,0.7368421052631579
4791,14,1,2,2,0,19,0.7368421052631579
4792,13,1,2,2,0,18,0.7222222222222222
4793,12,1,2,2,0,17,0.7058823529411765
4794,12,1,2,2,0,17,0.7058823529411765
4795,13,1,2,2,0,18,0.7222222222222222
4796,12,1,2,2,0,17,0.7058823529411765
4797,14,1,2,2,0,19,0.7368421052631579
4798,12,1,2,2,0,17,0.7058823529411765
4799,13,1,2,2,0,18,0.7222222222222222
4800,13,1,2,2,0,18,0.7222222222222222
4801,14,1,2,2,0,19,0.7368421052631579
4802,13,1,2,2,0,18,0.7222222222222222
4803,14,1,2,2,0,19,0.7368421052631579
4804,13,1,1,2,0,17,0.7647058823529411
4805,13,1,2,2,0,18,0.7222222222222222
4806,11,1,2,2,0,16,0.6875
4807,14,1,2,2,0,19,0.7368421052631579
4808,14,1,2,2,0,19,0.7368421052631579
4809,13,1,2,2,0,18,0.7222222222222222
4810,13,1,1,2,0,17,0.7647058823529411
4811,13,1,2,2,0,18,0.7222222222222222
4812,13,1,1,2,0,17,0.7647058823529411
4813,13,1,2,2,0,18,0.7222222222222222
4814,13,1,2,2,0,18,0.7222222222222222
4815,14,1,2,2,0,19,0.7368421052631579
4816,14,1,2,2,0,19,0.7368421052631579
4817,12,1,2,2,0,17,0.7058823529411765
4818,14,1,1,2,0,18,0.7777777777777778
4819,12,1,2,2,0,17,0.7058823529411765
4820,13,1,1,2,0,17,0.7647058823529411
4821,13,1,1,2,0,17,0.7647058823529411
4822,14,1,2,2,0,19,0.7368421052631579
4823,14,1,2,2,0,19,0.7368421052631579
4824,14,1,1,2,0,18,0.7777777777777778
4825,14,1,2,2,0,19,0.7368421052631579
4826,14,1,1,2,0,18,0.7777777777777778
4827,14,1,2,2,0,19,0.7368421052631579
4828,14,1,1,2,0,18,0.7777777777777778
4829,14,1,2,2,0,19,0.7368421052631579
4830,13,1,2,2,0,18,0.7222222222222222
4831,14,1,2,2,0,19,0.7368421052631579
4832,12,1,2,2,0,17,0.7058823529411765
4833,13,1,2,2,0,18,0.7222222222222222
4834,13,1,1,2,0,17,0.7647058823529411
4835,13,1,1,2,0,17,0.7647058823529411
4836,14,1,1,2,0,18,0.7777777777777778
4837,12,1,2,2,0,17,0.7058823529411765
4838,14,1,2,2,0,19,0.7368421052631579
4839,14,1,2,2,0,19,0.7368421052631579
4840,14,1,1,2,0,18,0.7777777777777778
4841,13,1,2,2,0,18,0.7222222222222222
4842,13,1,1,2,0,17,0.7647058823529411
4843,13,1,2,2,0,18,0.7222222222222222
4844,13,1,2,2,0,18,0.7222222222222222
4845,13,1,2,2,0,18,0.7222222222222222
4846,14,1,2,2,0,19,0.7368421052631579
4847,13,1,1,2,0,17,0.7647058823529411
4848,12,1,2,2,0,17,0.7058823529411765
4849,13,1,1,2,0,17,0.7647058823529411
4850,14,1,1,2,0,18,0.7777777777777778
4851,13,1,1,2,0,17,0.7647058823529411
4852,12,1,2,2,0,17,0.7058823529411765
4853,12,2,2,2,0,18,0.6666666666666666
4854,13,1,1,2,0,17,0.7647058823529411
4855,14,1,1,2,0,18,0.7777777777777778
4856,13,1,1,2,0,17,0.7647058823529411
4857,12,1,1,2,0,16,0.75
4858,13,1,1,2,0,17,0.7647058823529411
4859,14,1,1,2,0,18,0.7777777777777778
4860,12,1,1,2,0,16,0.75
4861,14,1,1,2,0,18,0.7777777777777778
4862,13,1,2,2,0,18,0.7222222222222222
4863,15,1,2,2,0,20,0.75
4864,13,1,2,2,0,18,0.7222222222222222
4865,14,1,2,2,0,19,0.7368421052631579
4866,14,1,2,2,0,19,0.7368421052631579
4867,14,1,2,2,0,19,0.7368421052631579
4868,14,1,1,2,0,18,0.7777777777777778
4869,13,1,3,2,0,19,0.6842105263157895
4870,14,1,2,2,0,19,0.7368421052631579
4871,13,1,1,2,0,17,0.7647058823529411
4872,14,1,2,2,0,19,0.7368421052631579
4873,13,1,2,2,0,18,0.7222222222222222
4874,14,1,2,2,0,19,0.7368421052631579
4875,14,1,2,2,0,19,0.7368421052631579
4876,14,1,2,2,0,19,0.7368421052631579
4877,14,1,2,2,0,19,0.7368421052631579
4878,14,1,2,2,0,19,0.7368421052631579
4879,12,1,2,2,0,17,0.7058823529411765
4880,14,1,2,2,0,19,0.7368421052631579
4881,14,1,1,2,0,18,0.7777777777777778
4882,13,1,1,2,0,17,0.7647058823529411
4883,14,1,2,2,0,19,0.7368421052631579
4884,14,1,2,2,0,19,0.7368421052631579
4885,14,1,2,2,0,19,0.7368421052631579
4886,14,1,2,2,0,19,0.7368421052631579
4887,14,1,2,2,0,19,0.7368421052631579
4888,13,1,2,2,0,18,0.7222222222222222
4889,13,0,3,2,0,18,0.7222222222222222
4890,12,1,2,2,0,17,0.7058823529411765
4891,14,1,3,1,0,19,0.7368421052631579
4892,14,1,1,2,0,18,0.7777777777777778
4893,12,1,2,2,0,17,0.7058823529411765
4894,13,1,1,2,0,17,0.7647058823529411
4895,13,1,1,2,0,17,0.7647058823529411
4896,14,1,2,2,0,19,0.7368421052631579
4897,13,1,3,2,0,19,0.6842105263157895
4898,13,1,2,1,0,17,0.7647058823529411
4899,13,1,2,2,0,18,0.7222222222222222
4900,14,1,3,2,0,20,0.7
4901,13,1,2,2,0,18,0.7222222222222222
4902,14,1,1,2,0,18,0.7777777777777778
4903,13,1,2,2,0,18,0.7222222222222222
4904,13,1,2,2,0,18,0.7222222222222222
4905,13,1,1,2,0,17,0.7647058823529411
4906,13,1,2,2,0,18,0.7222222222222222
4907,14,1,2,2,0,19,0.7368421052631579
4908,12,1,2,2,0,17,0.7058823529411765
4909,11,1,2,2,0,16,0.6875
4910,13,1,2,2,0,18,0.7222222222222222
4911,13,1,2,2,0,18,0.7222222222222222
4912,13,1,2,2,0,18,0.7222222222222222
4913,12,1,2,2,0,17,0.7058823529411765
4914,14,1,2,2,0,19,0.7368421052631579
4915,13,1,2,2,0,18,0.7222222222222222
4916,13,1,2,2,0,18,0.7222222222222222
4917,14,1,2,2,0,19,0.7368421052631579
4918,13,1,2,2,0,18,0.7222222222222222
4919,14,1,2,2,0,19,0.7368421052631579
4920,14,1,2,2,0,19,0.7368421052631579
4921,14,1,2,2,0,19,0.7368421052631579
4922,13,1,2,2,0,18,0.7222222222222222
4923,13,1,2,2,0,18,0.7222222222222222
4924,12,1,2,2,0,17,0.7058823529411765
4925,14,1,2,2,0,19,0.7368421052631579
4926,14,1,2,2,0,19,0.7368421052631579
4927,14,2,2,2,0,20,0.7
4928,13,1,2,2,0,18,0.7222222222222222
4929,14,1,2,2,0,19,0.7368421052631579
4930,13,1,1,2,0,17,0.7647058823529411
4931,13,1,2,2,0,18,0.7222222222222222
4932,14,1,2,2,0,19,0.7368421052631579
4933,13,1,2,2,0,18,0.7222222222222222
4934,13,1,1,2,0,17,0.7647058823529411
4935,13,1,2,2,0,18,0.7222222222222222
4936,14,1,2,2,0,19,0.7368421052631579
4937,14,1,1,2,0,18,0.7777777777777778
4938,14,1,1,2,0,18,0.7777777777777778
4939,14,1,1,2,0,18,0.7777777777777778
4940,14,1,1,2,0,18,0.7777777777777778
4941,13,1,2,2,0,18,0.7222222222222222
4942,15,1,2,2,0,20,0.75
4943,14,1,2,2,0,19,0.7368421052631579
4944,12,1,2,2,0,17,0.7058823529411765
4945,14,1,2,2,0,19,0.7368421052631579
4946,12,1,2,2,0,17,0.7058823529411765
4947,14,1,2,2,0,19,0.7368421052631579
4948,13,1,2,2,0,18,0.7222222222222222
4949,14,1,2,2,0,19,0.7368421052631579
4950,14,1,1,2,0,18,0.7777777777777778
4951,14,1,1,2,0,18,0.7777777777777778
4952,14,1,1,2,0,18,0.7777777777777778
4953,15,1,2,2,0,20,0.75
4954,14,1,2,2,0,19,0.7368421052631579
4955,13,1,2,2,0,18,0.7222222222222222
4956,12,1,1,2,0,16,0.75
4957,13,1,2,2,0,18,0.7222222222222222
4958,13,1,1,2,0,17,0.7647058823529411
4959,14,1,1,2,0,18,0.7777777777777778
4960,14,1,2,2,0,19,0.7368421052631579
4961,14,1,2,2,0,19,0.7368421052631579
4962,14,1,2,2,0,19,0.7368421052631579
4963,14,1,2,2,0,19,0.7368421052631579
4964,12,1,2,2,0,17,0.7058823529411765
4965,14,1,2,2,0,19,0.7368421052631579
4966,14,1,2,2,0,19,0.7368421052631579
4967,11,1,2,2,0,16,0.6875
4968,14,1,2,2,0,19,0.7368421052631579
4969,13,1,2,2,0,18,0.7222222222222222
4970,13,1,2,2,0,18,0.7222222222222222
4971,13,1,1,2,0,17,0.7647058823529411
4972,14,1,2,2,0,19,0.7368421052631579
4973,15,1,2,2,0,20,0.75
4974,14,1,3,2,0,20,0.7
4975,13,1,2,2,0,18,0.7222222222222222
4976,12,1,2,2,0,17,0.7058823529411765
4977,14,1,2,2,0,19,0.7368421052631579
4978,13,1,2,2,0,18,0.7222222222222222
4979,14,1,1,2,0,18,0.7777777777777778
4980,14,1,2,2,0,19,0.7368421052631579
4981,13,1,2,2,0,18,0.7222222222222222
4982,13,1,2,2,0,18,0.7222222222222222
4983,14,1,2,2,0,19,0.7368421052631579
4984,13,1,2,2,0,18,0.7222222222222222
4985,13,1,1,2,0,17,0.7647058823529411
4986,14,1,2,2,0,19,0.7368421052631579
4987,12,1,1,2,0,16,0.75
4988,14,1,2,2,0,19,0.7368421052631579
4989,14,2,2,2,0,20,0.7
4990,14,1,2,2,0,19,0.7368421052631579
4991,14,1,2,2,0,19,0.7368421052631579
4992,14,1,1,2,0,18,0.7777777777777778
4993,14,1,2,2,0,19,0.7368421052631579
4994,13,1,2,2,0,18,0.7222222222222222
4995,13,1,2,2,0,18,0.7222222222222222
4996,14,1,2,2,0,19,0.7368421052631579
4997,15,1,1,2,0,19,0.7894736842105263
4998,14,1,2,2,0,19,0.7368421052631579
4999,12,1,2,2,0,17,0.7058823529411765
5000,14,1,2,2,0,19,0.7368421052631579
5001,13,1,1,2,0,17,0.7647058823529411
5002,14,0,3,3,0,20,0.7
5003,12,1,1,2,0,16,0.75
5004,14,1,2,2,0,19,0.7368421052631579
5005,14,1,2,2,0,19,0.7368421052631579
5006,14,1,2,2,0,19,0.7368421052631579
5007,13,1,2,2,0,18,0.7222222222222222
5008,14,1,2,2,0,19,0.7368421052631579
5009,14,1,3,2,0,20,0.7
5010,14,0,3,3,0,20,0.7
5011,14,0,2,2,0,18,0.7777777777777778
5012,14,1,2,2,0,19,0.7368421052631579
5013,14,1,1,2,0,18,0.7777777777777778
5014,14,0,1,2,0,17,0.8235294117647058
5015,14,1,2,2,0,19,0.7368421052631579
5016,12,1,2,2,0,17,0.7058823529411765
5017,14,1,2,2,0,19,0.7368421052631579
5018,15,1,2,2,0,20,0.75
5019,14,1,2,2,0,19,0.7368421052631579
5020,14,1,1,2,0,18,0.7777777777777778
5021,13,1,1,2,0,17,0.7647058823529411
5022,14,1,1,2,0,18,0.7777777777777778
5023,14,1,2,2,0,19,0.7368421052631579
5024,14,1,2,2,0,19,0.7368421052631579
5025,14,1,2,2,0,19,0.7368421052631579
5026,15,1,1,2,0,19,0.7894736842105263
5027,14,1,1,2,0,18,0.7777777777777778
5028,14,0,2,2,0,18,0.7777777777777778
5029,14,1,2,2,0,19,0.7368421052631579
5030,14,0,2,2,0,18,0.7777777777777778
5031,14,1,2,2,0,19,0.7368421052631579
5032,14,1,2,2,0,19,0.7368421052631579
5033,14,1,1,2,0,18,0.7777777777777778
5034,13,1,1,2,0,17,0.7647058823529411
5035,14,1,2,2,0,19,0.7368421052631579
5036,14,1,2,2,0,19,0.7368421052631579
5037,13,1,2,2,0,18,0.7222222222222222
5038,14,1,2,2,0,19,0.7368421052631579
5039,15,1,2,2,0,20,0.75
5040,12,1,2,2,0,17,0.7058823529411765
5041,14,1,2,2,0,19,0.7368421052631579
5042,14,1,2,2,0,19,0.7368421052631579
5043,14,1,2,2,0,19,0.7368421052631579
5044,12,1,2,2,0,17,0.7058823529411765
5045,14,1,1,2,0,18,0.7777777777777778
5046,15,1,2,2,0,20,0.75
5047,13,1,2,2,0,18,0.7222222222222222
5048,13,1,1,2,0,17,0.7647058823529411
5049,14,1,2,2,0,19,0.7368421052631579
5050,14,1,2,2,0,19,0.7368421052631579
5051,13,0,1,2,0,16,0.8125
5052,13,1,2,2,0,18,0.7222222222222222
5053,14,1,1,2,0,18,0.7777777777777778
5054,13,1,2,2,0,18,0.7222222222222222
5055,13,1,2,2,0,18,0.7222222222222222
5056,14,1,1,2,0,18,0.7777777777777778
5057,13,1,2,2,0,18,0.7222222222222222
5058,13,1,2,2,0,18,0.7222222222222222
5059,14,1,1,2,0,18,0.7777777777777778
5060,12,1,1,2,0,16,0.75
5061,14,1,2,2,0,19,0.7368421052631579
5062,14,1,2,2,0,19,0.7368421052631579
5063,13,1,1,2,0,17,0.7647058823529411
5064,14,1,2,2,0,19,0.7368421052631579
5065,14,1,1,2,0,18,0.7777777777777778
5066,13,1,2,2,0,18,0.7222222222222222
5067,13,1,1,2,0,17,0.7647058823529411
5068,14,1,1,2,0,18,0.7777777777777778
5069,13,1,1,2,0,17,0.7647058823529411
5070,13,1,2,2,0,18,0.7222222222222222
5071,11,1,2,2,0,16,0.6875
5072,14,1,2,2,0,19,0.7368421052631579
5073,14,1,2,2,0,19,0.7368421052631579
5074,14,1,2,2,0,19,0.7368421052631579
5075,14,1,2,2,0,19,0.7368421052631579
5076,13,1,2,2,0,18,0.7222222222222222
5077,13,1,2,2,0,18,0.7222222222222222
5078,13,1,2,2,0,18,0.7222222222222222
5079,13,1,1,2,0,17,0.7647058823529411
5080,14,1,2,2,0,19,0.7368421052631579
5081,14,1,2,2,0,19,0.7368421052631579
5082,14,1,2,2,0,19,0.7368421052631579
5083,14,1,2,2,0,19,0.7368421052631579
5084,14,1,3,2,0,20,0.7
5085,14,1,3,2,0,20,0.7
5086,13,1,3,2,0,19,0.6842105263157895
5087,13,1,2,2,0,18,0.7222222222222222
5088,13,1,2,2,0,18,0.7222222222222222
5089,14,1,2,1,0,18,0.7777777777777778
5090,14,1,1,2,0,18,0.7777777777777778
5091,13,1,2,2,0,18,0.7222222222222222
5092,14,1,2,2,0,19,0.7368421052631579
5093,13,1,1,2,0,17,0.7647058823529411
5094,14,1,2,2,0,19,0.7368421052631579
5095,14,1,2,2,0,19,0.7368421052631579
5096,13,1,2,2,0,18,0.7222222222222222
5097,13,1,1,2,0,17,0.7647058823529411
5098,13,1,2,2,0,18,0.7222222222222222
5099,13,1,2,2,0,18,0.7222222222222222
5100,12,1,2,2,0,17,0.7058823529411765
5101,14,1,2,2,0,19,0.7368421052631579
5102,13,1,2,2,0,18,0.7222222222222222
5103,13,1,2,2,0,18,0.7222222222222222
5104,12,1,2,2,0,17,0.7058823529411765
5105,14,1,2,2,0,19,0.7368421052631579
5106,14,1,2,2,0,19,0.7368421052631579
5107,13,1,2,2,0,18,0.7222222222222222
5108,13,1,2,2,0,18,0.7222222222222222
5109,14,1,2,2,0,19,0.7368421052631579
5110,13,1,2,2,0,18,0.7222222222222222
5111,14,1,2,2,0,19,0.7368421052631579
5112,14,1,2,2,0,19,0.7368421052631579
5113,14,1,2,2,0,19,0.7368421052631579
5114,13,1,2,2,0,18,0.7222222222222222
5115,14,1,2,2,0,19,0.7368421052631579
5116,14,1,2,2,0,19,0.7368421052631579
5117,13,1,2,2,0,18,0.7222222222222222
5118,12,1,1,2,0,16,0.75
5119,14,1,2,2,0,19,0.7368421052631579
5120,13,1,2,2,0,18,0.7222222222222222
5121,14,1,2,2,0,19,0.7368421052631579
5122,13,1,2,2,0,18,0.7222222222222222
5123,13,1,1,2,0,17,0.7647058823529411
5124,14,1,2,2,0,19,0.7368421052631579
5125,14,1,2,2,0,19,0.7368421052631579
5126,13,1,2,2,0,18,0.7222222222222222
5127,14,1,2,2,0,19,0.7368421052631579
5128,12,1,2,2,0,17,0.7058823529411765
5129,13,1,2,2,0,18,0.7222222222222222
5130,13,1,2,2,0,18,0.7222222222222222
5131,14,1,2,2,0,19,0.7368421052631579
5132,14,1,1,2,0,18,0.7777777777777778
5133,14,1,2,2,0,19,0.7368421052631579
5134,14,1,2,2,0,19,0.7368421052631579
5135,13,1,2,2,0,18,0.7222222222222222
5136,14,1,2,2,0,19,0.7368421052631579
5137,14,1,2,2,0,19,0.7368421052631579
5138,12,1,2,2,0,17,0.7058823529411765
5139,14,1,2,2,0,19,0.7368421052631579
5140,14,1,2,2,0,19,0.7368421052631579
5141,14,1,2,2,0,19,0.7368421052631579
5142,14,1,2,2,0,19,0.7368421052631579
5143,14,1,2,2,0,19,0.7368421052631579
5144,12,1,2,2,0,17,0.7058823529411765
5145,13,1,2,2,0,18,0.7222222222222222
5146,14,1,2,2,0,19,0.7368421052631579
5147,13,1,2,2,0,18,0.7222222222222222
5148,14,1,2,2,0,19,0.7368421052631579
5149,13,1,2,2,0,18,0.7222222222222222
5150,13,1,2,2,0,18,0.7222222222222222
5151,15,1,2,2,0,20,0.75
5152,14,1,2,2,0,19,0.7368421052631579
5153,15,1,2,2,0,20,0.75
5154,14,1,1,2,0,18,0.7777777777777778
5155,13,1,1,2,0,17,0.7647058823529411
5156,14,1,2,2,0,19,0.7368421052631579
5157,13,1,2,2,0,18,0.7222222222222222
5158,14,1,1,2,0,18,0.7777777777777778
5159,13,1,2,2,0,18,0.7222222222222222
5160,13,1,1,2,0,17,0.7647058823529411
5161,13,1,2,2,0,18,0.7222222222222222
5162,13,1,1,2,0,17,0.7647058823529411
5163,14,1,2,2,0,19,0.7368421052631579
5164,12,1,2,2,0,17,0.7058823529411765
5165,14,1,2,2,0,19,0.7368421052631579
5166,14,1,2,2,0,19,0.7368421052631579
5167,14,1,2,2,0,19,0.7368421052631579
5168,14,1,2,2,0,19,0.7368421052631579
5169,13,1,2,2,0,18,0.7222222222222222
5170,14,1,2,2,0,19,0.7368421052631579
5171,14,1,2,2,0,19,0.7368421052631579
5172,14,1,2,2,0,19,0.7368421052631579
5173,13,1,2,2,0,18,0.7222222222222222
5174,14,1,2,2,0,19,0.7368421052631579
5175,14,1,2,2,0,19,0.7368421052631579
5176,14,1,2,2,0,19,0.7368421052631579
5177,14,1,2,2,0,19,0.7368421052631579
5178,14,1,1,2,0,18,0.7777777777777778
5179,14,1,2,2,0,19,0.7368421052631579
5180,14,1,2,2,0,19,0.7368421052631579
5181,14,1,2,2,0,19,0.7368421052631579
5182,12,1,2,2,0,17,0.7058823529411765
5183,14,1,2,2,0,19,0.7368421052631579
5184,14,1,2,2,0,19,0.7368421052631579
5185,13,1,2,2,0,18,0.7222222222222222
5186,14,1,2,2,0,19,0.7368421052631579
5187,14,1,2,2,0,19,0.7368421052631579
5188,14,1,2,2,0,19,0.7368421052631579
5189,14,1,2,2,0,19,0.7368421052631579
5190,14,1,2,2,0,19,0.7368421052631579
5191,14,2,2,2,0,20,0.7
5192,14,1,2,2,0,19,0.7368421052631579
5193,14,1,2,2,0,19,0.7368421052631579
5194,13,2,2,2,0,19,0.6842105263157895
5195,14,1,1,2,0,18,0.7777777777777778
5196,14,1,2,2,0,19,0.7368421052631579
5197,14,1,2,2,0,19,0.7368421052631579
5198,14,1,2,2,0,19,0.7368421052631579
5199,14,1,2,2,0,19,0.7368421052631579
5200,14,1,2,2,0,19,0.7368421052631579
5201,14,1,2,2,0,19,0.7368421052631579
5202,14,1,1,2,0,18,0.7777777777777778
5203,14,1,2,2,0,19,0.7368421052631579
5204,14,1,2,2,0,19,0.7368421052631579
5205,14,1,2,2,0,19,0.7368421052631579
5206,13,1,2,2,0,18,0.7222222222222222
5207,13,1,1,2,0,17,0.7647058823529411
5208,14,1,1,2,0,18,0.7777777777777778
5209,13,1,2,2,0,18,0.7222222222222222
5210,14,1,2,2,0,19,0.7368421052631579
5211,14,1,1,2,0,18,0.7777777777777778
5212,13,1,2,2,0,18,0.7222222222222222
5213,13,1,2,2,0,18,0.7222222222222222
5214,13,1,1,2,0,17,0.7647058823529411
5215,13,1,2,2,0,18,0.7222222222222222
5216,14,0,2,2,0,18,0.7777777777777778
5217,14,1,2,2,0,19,0.7368421052631579
5218,13,1,2,2,0,18,0.7222222222222222
5219,14,0,2,2,0,18,0.7777777777777778
5220,14,1,2,2,0,19,0.7368421052631579
5221,14,0,2,2,0,18,0.7777777777777778
5222,14,2,2,2,0,20,0.7
5223,13,1,2,2,0,18,0.7222222222222222
5224,14,1,2,2,0,19,0.7368421052631579
5225,13,1,2,2,0,18,0.7222222222222222
5226,14,1,2,2,0,19,0.7368421052631579
5227,12,1,2,2,0,17,0.7058823529411765
5228,13,1,2,2,0,18,0.7222222222222222
5229,13,1,2,2,0,18,0.7222222222222222
5230,14,1,2,2,0,19,0.7368421052631579
5231,14,1,2,2,0,19,0.7368421052631579
5232,14,1,1,2,0,18,0.7777777777777778
5233,14,1,2,2,0,19,0.7368421052631579
5234,14,1,2,2,0,19,0.7368421052631579
5235,13,1,2,2,0,18,0.7222222222222222
5236,14,1,2,2,0,19,0.7368421052631579
5237,14,1,1,2,0,18,0.7777777777777778
5238,13,1,2,2,0,18,0.7222222222222222
5239,15,0,1,1,0,17,0.8823529411764706
5240,14,1,1,2,0,18,0.7777777777777778
5241,14,1,2,2,0,19,0.7368421052631579
5242,14,1,1,2,0,18,0.7777777777777778
5243,14,2,2,2,0,20,0.7
5244,13,1,2,2,0,18,0.7222222222222222
5245,14,1,2,2,0,19,0.7368421052631579
5246,14,1,2,2,0,19,0.7368421052631579
5247,12,1,1,2,0,16,0.75
5248,13,1,2,2,0,18,0.7222222222222222
5249,14,1,1,2,0,18,0.7777777777777778
5250,13,1,2,1,0,17,0.7647058823529411
5251,13,1,1,1,0,16,0.8125
5252,14,1,2,2,0,19,0.7368421052631579
5253,13,1,1,2,0,17,0.7647058823529411
5254,14,1,2,2,0,19,0.7368421052631579
5255,12,1,2,1,0,16,0.75
5256,14,1,2,1,0,18,0.7777777777777778
5257,14,1,2,2,0,19,0.7368421052631579
5258,14,1,2,1,0,18,0.7777777777777778
5259,13,1,2,2,0,18,0.7222222222222222
5260,15,1,2,2,0,20,0.75
5261,15,1,2,2,0,20,0.75
5262,12,1,2,2,0,17,0.7058823529411765
5263,14,1,2,2,0,19,0.7368421052631579
5264,14,1,2,2,0,19,0.7368421052631579
5265,14,1,2,2,0,19,0.7368421052631579
5266,14,1,1,2,0,18,0.7777777777777778
5267,13,1,1,2,0,17,0.7647058823529411
5268,12,1,2,2,0,17,0.7058823529411765
5269,14,1,2,1,0,18,0.7777777777777778
5270,14,0,1,2,0,17,0.8235294117647058
5271,13,1,2,2,0,18,0.7222222222222222
5272,14,1,3,2,0,20,0.7
5273,12,1,2,2,0,17,0.7058823529411765
5274,13,0,2,2,0,17,0.7647058823529411
5275,14,1,3,2,0,20,0.7
5276,13,1,1,2,0,17,0.7647058823529411
5277,14,1,3,2,0,20,0.7
5278,13,1,3,2,0,19,0.6842105263157895
5279,14,1,2,2,0,19,0.7368421052631579
5280,14,1,2,1,0,18,0.7777777777777778
5281,14,1,2,2,0,19,0.7368421052631579
5282,14,1,1,2,0,18,0.7777777777777778
5283,14,1,2,2,0,19,0.7368421052631579
5284,12,1,2,2,0,17,0.7058823529411765
5285,13,1,2,2,0,18,0.7222222222222222
5286,14,1,2,2,0,19,0.7368421052631579
5287,13,1,2,2,0,18,0.7222222222222222
5288,14,1,2,2,0,19,0.7368421052631579
5289,14,1,3,2,0,20,0.7
5290,14,1,2,2,0,19,0.7368421052631579
5291,14,1,2,2,0,19,0.7368421052631579
5292,13,1,2,2,0,18,0.7222222222222222
5293,15,1,2,2,0,20,0.75
5294,12,1,2,2,0,17,0.7058823529411765
5295,13,1,2,2,0,18,0.7222222222222222
5296,13,1,3,2,0,19,0.6842105263157895
5297,12,1,2,2,0,17,0.7058823529411765
5298,14,1,3,3,0,21,0.6666666666666666
5299,14,1,2,2,0,19,0.7368421052631579
5300,14,1,2,2,0,19,0.7368421052631579
5301,13,1,2,2,0,18,0.7222222222222222
5302,13,1,1,2,0,17,0.7647058823529411
5303,13,1,2,2,0,18,0.7222222222222222
5304,14,1,2,2,0,19,0.7368421052631579
5305,12,1,3,3,0,19,0.631578947368421
5306,15,1,3,2,0,21,0.7142857142857143
5307,13,1,3,2,0,19,0.6842105263157895
5308,13,1,3,2,0,19,0.6842105263157895
5309,13,1,3,2,0,19,0.6842105263157895
5310,14,1,2,2,0,19,0.7368421052631579
5311,14,1,3,2,0,20,0.7
5312,12,1,3,2,0,18,0.6666666666666666
5313,12,1,3,2,0,18,0.6666666666666666
5314,14,1,3,2,0,20,0.7
5315,13,1,2,2,0,18,0.7222222222222222
5316,14,1,2,2,0,19,0.7368421052631579
5317,13,1,3,2,0,19,0.6842105263157895
5318,14,1,2,2,0,19,0.7368421052631579
5319,13,1,2,2,0,18,0.7222222222222222
5320,14,1,2,2,0,19,0.7368421052631579
5321,13,1,2,2,0,18,0.7222222222222222
5322,14,1,3,3,0,21,0.6666666666666666
5323,13,1,3,2,0,19,0.6842105263157895
5324,13,1,3,2,0,19,0.6842105263157895
5325,14,1,2,2,0,19,0.7368421052631579
5326,14,1,2,2,0,19,0.7368421052631579
5327,13,1,3,2,0,19,0.6842105263157895
5328,14,1,3,2,0,20,0.7
5329,14,1,3,2,0,20,0.7
5330,13,1,2,2,0,18,0.7222222222222222
5331,14,1,2,2,0,19,0.7368421052631579
5332,14,1,3,2,0,20,0.7
5333,13,1,3,2,0,19,0.6842105263157895
5334,14,1,2,2,0,19,0.7368421052631579
5335,14,1,3,2,0,20,0.7
5336,14,1,3,2,0,20,0.7
5337,13,1,3,2,0,19,0.6842105263157895
5338,14,1,2,2,0,19,0.7368421052631579
5339,13,1,2,2,0,18,0.7222222222222222
5340,14,2,2,2,0,20,0.7
5341,14,1,2,2,0,19,0.7368421052631579
5342,14,1,2,2,0,19,0.7368421052631579
5343,14,1,2,2,0,19,0.7368421052631579
5344,14,1,2,2,0,19,0.7368421052631579
5345,13,1,2,2,0,18,0.7222222222222222
5346,14,1,2,2,0,19,0.7368421052631579
5347,14,1,2,2,0,19,0.7368421052631579
5348,14,1,2,2,0,19,0.7368421052631579
5349,12,1,2,2,0,17,0.7058823529411765
5350,13,1,2,2,0,18,0.7222222222222222
5351,13,1,1,2,0,17,0.7647058823529411
5352,13,1,2,2,0,18,0.7222222222222222
5353,14,1,1,2,0,18,0.7777777777777778
5354,12,1,2,2,0,17,0.7058823529411765
5355,14,1,2,2,0,19,0.7368421052631579
5356,15,1,2,2,0,20,0.75
5357,14,1,2,2,0,19,0.7368421052631579
5358,14,1,2,1,0,18,0.7777777777777778
5359,15,1,2,2,0,20,0.75
5360,14,1,2,2,0,19,0.7368421052631579
5361,14,1,2,2,0,19,0.7368421052631579
5362,14,1,2,2,0,19,0.7368421052631579
5363,15,1,1,2,0,19,0.7894736842105263
5364,13,1,1,2,0,17,0.7647058823529411
5365,14,1,2,2,0,19,0.7368421052631579
5366,14,1,2,1,0,18,0.7777777777777778
5367,13,1,2,2,0,18,0.7222222222222222
5368,14,1,1,2,0,18,0.7777777777777778
5369,14,1,2,2,0,19,0.7368421052631579
5370,14,1,2,2,0,19,0.7368421052631579
5371,13,1,2,2,0,18,0.7222222222222222
5372,14,1,2,2,0,19,0.7368421052631579
5373,14,1,1,2,0,18,0.7777777777777778
5374,15,0,2,2,0,19,0.7894736842105263
5375,14,1,2,1,0,18,0.7777777777777778
5376,14,1,2,1,0,18,0.7777777777777778
5377,14,1,2,2,0,19,0.7368421052631579
5378,14,1,1,2,0,18,0.7777777777777778
5379,14,1,2,2,0,19,0.7368421052631579
5380,14,1,2,2,0,19,0.7368421052631579
5381,14,1,2,2,0,19,0.7368421052631579
5382,14,1,1,2,0,18,0.7777777777777778
5383,14,1,1,2,0,18,0.7777777777777778
5384,15,1,2,2,0,20,0.75
5385,14,1,2,2,0,19,0.7368421052631579
5386,14,1,2,1,0,18,0.7777777777777778
5387,14,1,2,2,0,19,0.7368421052631579
5388,14,1,2,2,0,19,0.7368421052631579
5389,15,1,2,2,0,20,0.75
5390,14,1,2,2,0,19,0.7368421052631579
5391,14,1,2,2,0,19,0.7368421052631579
5392,13,1,2,2,0,18,0.7222222222222222
5393,13,1,2,2,0,18,0.7222222222222222
5394,13,1,2,2,0,18,0.7222222222222222
5395,14,1,2,2,0,19,0.7368421052631579
5396,13,1,2,1,0,17,0.7647058823529411
5397,14,1,2,2,0,19,0.7368421052631579
5398,13,1,1,1,0,16,0.8125
5399,14,2,2,2,0,20,0.7
5400,13,1,2,2,0,18,0.7222222222222222
5401,10,1,2,2,0,15,0.6666666666666666
5402,12,1,1,2,0,16,0.75
5403,13,1,1,2,0,17,0.7647058823529411
5404,13,1,2,2,0,18,0.7222222222222222
5405,13,2,2,2,0,19,0.6842105263157895
5406,14,1,2,2,0,19,0.7368421052631579
5407,12,0,2,2,0,16,0.75
5408,13,2,2,2,0,19,0.6842105263157895
5409,12,1,2,2,0,17,0.7058823529411765
5410,13,2,2,2,0,19,0.6842105263157895
5411,12,1,2,2,0,17,0.7058823529411765
5412,14,0,2,2,0,18,0.7777777777777778
5413,14,0,1,2,0,17,0.8235294117647058
5414,14,1,2,2,0,19,0.7368421052631579
5415,12,1,2,2,0,17,0.7058823529411765
5416,13,1,2,2,0,18,0.7222222222222222
5417,13,1,2,1,0,17,0.7647058823529411
5418,13,1,2,2,0,18,0.7222222222222222
5419,12,1,2,2,0,17,0.7058823529411765
5420,12,1,2,1,0,16,0.75
5421,14,2,2,2,0,20,0.7
5422,11,1,2,2,0,16,0.6875
5423,14,1,2,1,0,18,0.7777777777777778
5424,14,1,2,2,0,19,0.7368421052631579
5425,12,2,2,1,0,17,0.7058823529411765
5426,14,1,2,1,0,18,0.7777777777777778
5427,13,2,2,1,0,18,0.7222222222222222
5428,14,1,2,1,0,18,0.7777777777777778
5429,14,0,2,2,0,18,0.7777777777777778
5430,14,1,2,2,0,19,0.7368421052631579
5431,12,0,2,1,0,15,0.8
5432,12,1,2,1,0,16,0.75
5433,13,0,2,2,0,17,0.7647058823529411
5434,14,1,2,2,0,19,0.7368421052631579
5435,10,1,2,1,0,14,0.7142857142857143
5436,14,0,2,2,0,18,0.7777777777777778
5437,13,1,2,2,0,18,0.7222222222222222
5438,14,1,2,2,0,19,0.7368421052631579
5439,13,1,2,1,0,17,0.7647058823529411
5440,14,1,2,2,0,19,0.7368421052631579
5441,13,1,2,2,0,18,0.7222222222222222
5442,14,1,2,2,0,19,0.7368421052631579
5443,11,1,2,1,0,15,0.7333333333333333
5444,13,1,2,1,0,17,0.7647058823529411
5445,13,2,2,1,0,18,0.7222222222222222
5446,12,1,2,1,0,16,0.75
5447,10,1,1,1,0,13,0.7692307692307693
5448,12,1,2,1,0,16,0.75
5449,14,0,2,2,0,18,0.7777777777777778
5450,14,1,2,2,0,19,0.7368421052631579
5451,13,1,2,2,0,18,0.7222222222222222
5452,13,2,2,2,0,19,0.6842105263157895
5453,14,1,2,2,0,19,0.7368421052631579
5454,13,0,2,2,0,17,0.7647058823529411
5455,14,1,2,1,0,18,0.7777777777777778
5456,13,1,2,1,0,17,0.7647058823529411
5457,12,1,2,1,0,16,0.75
5458,13,1,2,1,0,17,0.7647058823529411
5459,12,1,2,1,0,16,0.75
5460,13,1,2,1,0,17,0.7647058823529411
5461,13,1,2,1,0,17,0.7647058823529411
5462,13,1,2,1,0,17,0.7647058823529411
5463,14,1,2,2,0,19,0.7368421052631579
5464,14,1,2,2,0,19,0.7368421052631579
5465,14,1,1,2,0,18,0.7777777777777778
5466,13,1,2,1,0,17,0.7647058823529411
5467,13,1,2,1,0,17,0.7647058823529411
5468,14,0,2,2,0,18,0.7777777777777778
5469,14,1,2,1,0,18,0.7777777777777778
5470,14,1,2,1,0,18,0.7777777777777778
5471,14,1,2,2,0,19,0.7368421052631579
5472,12,0,2,2,0,16,0.75
5473,13,2,2,1,0,18,0.7222222222222222
5474,14,0,2,1,0,17,0.8235294117647058
5475,14,1,2,2,0,19,0.7368421052631579
5476,13,2,2,1,0,18,0.7222222222222222
5477,13,1,2,1,0,17,0.7647058823529411
5478,13,1,2,1,0,17,0.7647058823529411
5479,13,1,2,1,0,17,0.7647058823529411
5480,13,1,2,2,0,18,0.7222222222222222
5481,12,1,2,2,0,17,0.7058823529411765
5482,11,1,2,1,0,15,0.7333333333333333
5483,12,1,2,1,0,16,0.75
5484,13,0,2,2,0,17,0.7647058823529411
5485,12,1,2,1,0,16,0.75
5486,13,1,2,1,0,17,0.7647058823529411
5487,13,1,2,1,0,17,0.7647058823529411
5488,12,2,2,1,0,17,0.7058823529411765
5489,13,1,2,1,0,17,0.7647058823529411
5490,13,1,2,1,0,17,0.7647058823529411
5491,11,2,2,1,0,16,0.6875
5492,13,1,2,1,0,17,0.7647058823529411
5493,13,1,2,1,0,17,0.7647058823529411
5494,12,1,2,1,0,16,0.75
5495,12,1,2,1,0,16,0.75
5496,12,1,2,1,0,16,0.75
5497,12,1,2,1,0,16,0.75
5498,12,1,1,1,0,15,0.8
5499,12,1,2,1,0,16,0.75
5500,13,1,2,1,0,17,0.7647058823529411
5501,12,1,2,1,0,16,0.75
5502,12,1,2,1,0,16,0.75
5503,12,1,2,1,0,16,0.75
5504,13,1,2,1,0,17,0.7647058823529411
5505,12,1,2,1,0,16,0.75
5506,12,1,2,1,0,16,0.75
5507,12,1,2,1,0,16,0.75
5508,12,1,2,1,0,16,0.75
5509,13,1,2,1,0,17,0.7647058823529411
5510,12,1,2,1,0,16,0.75
5511,12,1,2,1,0,16,0.75
5512,13,1,2,1,0,17,0.7647058823529411
5513,11,1,2,1,0,15,0.7333333333333333
5514,12,1,2,1,0,16,0.75
5515,12,1,2,1,0,16,0.75
5516,12,1,2,1,0,16,0.75
5517,11,1,2,1,0,15,0.7333333333333333
5518,13,2,2,1,0,18,0.7222222222222222
5519,12,1,2,1,0,16,0.75
5520,13,1,2,1,0,17,0.7647058823529411
5521,12,1,2,1,0,16,0.75
5522,12,1,2,1,0,16,0.75
5523,13,1,2,1,0,17,0.7647058823529411
5524,11,1,2,1,0,15,0.7333333333333333
5525,12,1,1,1,0,15,0.8
5526,12,1,2,1,0,16,0.75
5527,13,1,2,1,0,17,0.7647058823529411
5528,14,1,2,1,0,18,0.7777777777777778
5529,12,1,2,1,0,16,0.75
5530,12,0,1,2,0,15,0.8
5531,12,1,2,2,0,17,0.7058823529411765
5532,13,0,1,2,0,16,0.8125
5533,14,1,2,2,0,19,0.7368421052631579
5534,13,0,2,2,0,17,0.7647058823529411
5535,13,0,2,2,0,17,0.7647058823529411
5536,14,0,2,2,0,18,0.7777777777777778
5537,14,0,2,2,0,18,0.7777777777777778
5538,13,0,2,2,0,17,0.7647058823529411
5539,14,0,2,2,0,18,0.7777777777777778
5540,11,0,3,2,0,16,0.6875
5541,13,0,3,2,0,18,0.7222222222222222
5542,12,0,3,2,0,17,0.7058823529411765
5543,14,0,2,2,0,18,0.7777777777777778
5544,14,0,2,2,0,18,0.7777777777777778
5545,12,0,2,2,0,16,0.75
5546,13,0,2,2,0,17,0.7647058823529411
5547,14,0,3,2,0,19,0.7368421052631579
5548,13,0,2,2,0,17,0.7647058823529411
5549,13,0,3,2,0,18,0.7222222222222222
5550,13,0,3,2,0,18,0.7222222222222222
5551,12,0,2,2,0,16,0.75
5552,13,0,2,2,0,17,0.7647058823529411
5553,13,0,2,2,0,17,0.7647058823529411
5554,13,0,2,2,0,17,0.7647058823529411
5555,11,0,2,2,0,15,0.7333333333333333
5556,12,0,2,2,0,16,0.75
5557,14,1,3,2,0,20,0.7
5558,12,1,2,2,0,17,0.7058823529411765
5559,14,2,2,2,0,20,0.7
5560,13,1,2,2,0,18,0.7222222222222222
5561,11,0,2,2,0,15,0.7333333333333333
5562,14,0,3,2,0,19,0.7368421052631579
5563,12,0,2,2,0,16,0.75
5564,14,0,2,2,0,18,0.7777777777777778
5565,14,0,2,2,0,18,0.7777777777777778
5566,13,0,2,2,0,17,0.7647058823529411
5567,13,0,2,2,0,17,0.7647058823529411
5568,14,0,2,2,0,18,0.7777777777777778
5569,11,0,2,2,0,15,0.7333333333333333
5570,14,1,2,2,0,19,0.7368421052631579
5571,13,1,2,2,0,18,0.7222222222222222
5572,14,1,1,2,0,18,0.7777777777777778
5573,14,1,2,2,0,19,0.7368421052631579
5574,13,1,2,2,0,18,0.7222222222222222
5575,13,1,2,2,0,18,0.7222222222222222
5576,14,1,3,2,0,20,0.7
5577,13,1,3,2,0,19,0.6842105263157895
5578,14,1,2,2,0,19,0.7368421052631579
5579,13,1,3,2,0,19,0.6842105263157895
5580,14,1,3,2,0,20,0.7
5581,14,1,2,2,0,19,0.7368421052631579
5582,14,1,3,2,0,20,0.7
5583,14,1,2,2,0,19,0.7368421052631579
5584,14,1,3,2,0,20,0.7
5585,14,1,3,2,0,20,0.7
5586,14,1,2,2,0,19,0.7368421052631579
5587,12,1,3,2,0,18,0.6666666666666666
5588,14,1,3,2,0,20,0.7
5589,13,1,3,2,0,19,0.6842105263157895
5590,13,1,2,2,0,18,0.7222222222222222
5591,14,1,3,2,0,20,0.7
5592,14,1,3,2,0,20,0.7
5593,12,1,3,2,0,18,0.6666666666666666
5594,13,1,3,2,0,19,0.6842105263157895
5595,13,1,3,2,0,19,0.6842105263157895
5596,13,1,1,2,0,17,0.7647058823529411
5597,14,1,2,1,0,18,0.7777777777777778
5598,14,1,2,2,0,19,0.7368421052631579
5599,14,1,2,2,0,19,0.7368421052631579
