frame,n_hydrophobic,n_polar,n_pos_charged,n_neg_charged,n_other,n_total,frac_hydrophobic
0,13,2,1,0,0,16,0.8125
1,14,2,1,1,0,18,0.7777777777777778
2,14,2,1,0,0,17,0.8235294117647058
3,14,2,1,0,0,17,0.8235294117647058
4,14,2,1,0,0,17,0.8235294117647058
5,14,2,1,0,0,17,0.8235294117647058
6,14,2,1,0,0,17,0.8235294117647058
7,14,2,1,0,0,17,0.8235294117647058
8,13,2,1,0,0,16,0.8125
9,13,2,1,0,0,16,0.8125
10,15,2,1,0,0,18,0.8333333333333334
11,15,2,1,0,0,18,0.8333333333333334
12,13,2,1,0,0,16,0.8125
13,15,2,1,0,0,18,0.8333333333333334
14,14,2,1,0,0,17,0.8235294117647058
15,14,2,1,0,0,17,0.8235294117647058
16,14,2,1,0,0,17,0.8235294117647058
17,13,2,1,0,0,16,0.8125
18,13,2,1,0,0,16,0.8125
19,12,2,2,0,0,16,0.75
20,14,2,1,0,0,17,0.8235294117647058
21,14,3,1,0,0,18,0.7777777777777778
22,15,2,1,0,0,18,0.8333333333333334
23,13,2,2,0,0,17,0.7647058823529411
24,15,2,1,0,0,18,0.8333333333333334
25,15,2,1,0,0,18,0.8333333333333334
26,14,2,1,0,0,17,0.8235294117647058
27,12,2,1,0,0,15,0.8
28,14,2,1,0,0,17,0.8235294117647058
29,15,2,1,0,0,18,0.8333333333333334
30,12,2,1,0,0,15,0.8
31,14,2,1,0,0,17,0.8235294117647058
32,14,2,1,0,0,17,0.8235294117647058
33,14,2,1,0,0,17,0.8235294117647058
34,14,2,1,0,0,17,0.8235294117647058
35,12,2,2,0,0,16,0.75
36,14,2,2,0,0,18,0.7777777777777778
37,13,2,1,0,0,16,0.8125
38,13,2,1,0,0,16,0.8125
39,14,2,1,0,0,17,0.8235294117647058
40,14,2,1,0,0,17,0.8235294117647058
41,12,2,1,0,0,15,0.8
42,13,2,1,0,0,16,0.8125
43,15,2,1,0,0,18,0.8333333333333334
44,14,2,1,0,0,17,0.8235294117647058
45,11,2,1,0,0,14,0.7857142857142857
46,13,2,1,0,0,16,0.8125
47,13,2,1,0,0,16,0.8125
48,13,2,2,0,0,17,0.7647058823529411
49,13,3,1,0,0,17,0.7647058823529411
50,14,2,2,0,0,18,0.7777777777777778
51,14,2,1,0,0,17,0.8235294117647058
52,13,2,1,0,0,16,0.8125
53,12,3,1,0,0,16,0.75
54,16,2,1,0,0,19,0.8421052631578947
55,13,2,1,0,0,16,0.8125
56,14,2,1,0,0,17,0.8235294117647058
57,12,2,1,0,0,15,0.8
58,15,2,1,0,0,18,0.8333333333333334
59,14,3,1,0,0,18,0.7777777777777778
60,14,2,1,0,0,17,0.8235294117647058
61,13,2,1,0,0,16,0.8125
62,13,2,1,0,0,16,0.8125
63,14,2,2,0,0,18,0.7777777777777778
64,14,2,1,0,0,17,0.8235294117647058
65,13,2,1,0,0,16,0.8125
66,13,2,1,0,0,16,0.8125
67,13,2,1,0,0,16,0.8125
68,13,2,1,0,0,16,0.8125
69,15,3,1,0,0,19,0.7894736842105263
70,14,2,1,0,0,17,0.8235294117647058
71,12,1,1,0,0,14,0.8571428571428571
72,13,3,2,0,0,18,0.7222222222222222
73,14,3,1,0,0,18,0.7777777777777778
74,14,2,2,0,0,18,0.7777777777777778
75,13,3,1,0,0,17,0.7647058823529411
76,14,3,1,0,0,18,0.7777777777777778
77,14,3,1,0,0,18,0.7777777777777778
78,14,2,1,0,0,17,0.8235294117647058
79,14,2,1,0,0,17,0.8235294117647058
80,14,2,1,0,0,17,0.8235294117647058
81,13,2,1,0,0,16,0.8125
82,15,2,1,0,0,18,0.8333333333333334
83,13,2,1,0,0,16,0.8125
84,13,2,1,0,0,16,0.8125
85,14,2,1,0,0,17,0.8235294117647058
86,13,2,1,0,0,16,0.8125
87,14,2,2,0,0,18,0.7777777777777778
88,13,2,1,0,0,16,0.8125
89,13,2,1,0,0,16,0.8125
90,13,2,1,0,0,16,0.8125
91,12,2,1,0,0,15,0.8
92,12,2,1,0,0,15,0.8
93,13,2,1,0,0,16,0.8125
94,13,2,1,0,0,16,0.8125
95,13,2,1,0,0,16,0.8125
96,14,2,1,0,0,17,0.8235294117647058
97,13,2,1,0,0,16,0.8125
98,13,2,1,0,0,16,0.8125
99,13,2,2,0,0,17,0.7647058823529411
100,14,2,1,0,0,17,0.8235294117647058
101,13,2,1,0,0,16,0.8125
102,13,2,1,0,0,16,0.8125
103,13,1,1,0,0,15,0.8666666666666667
104,13,2,1,0,0,16,0.8125
105,15,2,1,0,0,18,0.8333333333333334
106,14,2,1,0,0,17,0.8235294117647058
107,14,2,1,0,0,17,0.8235294117647058
108,14,2,1,0,0,17,0.8235294117647058
109,13,2,1,0,0,16,0.8125
110,13,2,1,0,0,16,0.8125
111,12,2,1,0,0,15,0.8
112,14,2,1,0,0,17,0.8235294117647058
113,13,2,2,0,0,17,0.7647058823529411
114,13,2,1,0,0,16,0.8125
115,13,2,1,0,0,16,0.8125
116,14,2,1,0,0,17,0.8235294117647058
117,14,2,1,1,0,18,0.7777777777777778
118,14,2,1,0,0,17,0.8235294117647058
119,14,2,1,0,0,17,0.8235294117647058
120,13,2,1,0,0,16,0.8125
121,13,2,1,0,0,16,0.8125
122,14,2,1,0,0,17,0.8235294117647058
123,13,2,1,0,0,16,0.8125
124,14,2,1,0,0,17,0.8235294117647058
125,13,3,1,0,0,17,0.7647058823529411
126,14,3,1,0,0,18,0.7777777777777778
127,12,2,1,0,0,15,0.8
128,14,2,1,0,0,17,0.8235294117647058
129,13,2,1,0,0,16,0.8125
130,13,2,1,0,0,16,0.8125
131,14,2,1,0,0,17,0.8235294117647058
132,13,2,1,0,0,16,0.8125
133,14,2,1,0,0,17,0.8235294117647058
134,16,2,1,0,0,19,0.8421052631578947
135,13,2,1,0,0,16,0.8125
136,13,1,1,0,0,15,0.8666666666666667
137,12,2,1,0,0,15,0.8
138,14,2,1,0,0,17,0.8235294117647058
139,13,2,1,0,0,16,0.8125
140,13,2,1,0,0,16,0.8125
141,13,2,1,0,0,16,0.8125
142,14,2,1,0,0,17,0.8235294117647058
143,15,2,1,0,0,18,0.8333333333333334
144,15,2,1,0,0,18,0.8333333333333334
145,14,2,1,0,0,17,0.8235294117647058
146,12,2,1,0,0,15,0.8
147,13,2,1,0,0,16,0.8125
148,13,2,1,0,0,16,0.8125
149,13,2,1,0,0,16,0.8125
150,16,2,1,0,0,19,0.8421052631578947
151,14,2,1,0,0,17,0.8235294117647058
152,14,2,1,0,0,17,0.8235294117647058
153,12,2,1,0,0,15,0.8
154,13,2,1,0,0,16,0.8125
155,13,2,1,0,0,16,0.8125
156,12,2,1,0,0,15,0.8
157,15,2,1,0,0,18,0.8333333333333334
158,14,2,1,0,0,17,0.8235294117647058
159,12,2,1,0,0,15,0.8
160,14,2,1,0,0,17,0.8235294117647058
161,15,2,1,0,0,18,0.8333333333333334
162,14,2,1,0,0,17,0.8235294117647058
163,13,2,1,0,0,16,0.8125
164,15,3,1,0,0,19,0.7894736842105263
165,14,2,1,0,0,17,0.8235294117647058
166,14,2,1,0,0,17,0.8235294117647058
167,12,2,1,0,0,15,0.8
168,12,2,1,0,0,15,0.8
169,13,2,1,0,0,16,0.8125
170,14,2,1,0,0,17,0.8235294117647058
171,13,2,1,0,0,16,0.8125
172,12,2,1,0,0,15,0.8
173,14,2,1,0,0,17,0.8235294117647058
174,13,2,1,0,0,16,0.8125
175,12,2,2,0,0,16,0.75
176,12,2,1,0,0,15,0.8
177,12,2,1,0,0,15,0.8
178,13,2,1,0,0,16,0.8125
179,13,2,1,0,0,16,0.8125
180,12,2,1,0,0,15,0.8
181,13,2,1,0,0,16,0.8125
182,13,2,2,0,0,17,0.7647058823529411
183,13,2,1,0,0,16,0.8125
184,14,2,1,0,0,17,0.8235294117647058
185,14,2,1,0,0,17,0.8235294117647058
186,12,2,1,0,0,15,0.8
187,14,2,1,0,0,17,0.8235294117647058
188,14,2,1,0,0,17,0.8235294117647058
189,13,2,1,1,0,17,0.7647058823529411
190,13,2,1,0,0,16,0.8125
191,12,2,1,0,0,15,0.8
192,13,2,1,0,0,16,0.8125
193,14,2,1,0,0,17,0.8235294117647058
194,14,2,1,0,0,17,0.8235294117647058
195,15,2,1,0,0,18,0.8333333333333334
196,12,2,1,0,0,15,0.8
197,12,2,1,0,0,15,0.8
198,14,2,1,0,0,17,0.8235294117647058
199,14,2,1,0,0,17,0.8235294117647058
200,15,2,1,0,0,18,0.8333333333333334
201,15,2,1,0,0,18,0.8333333333333334
202,15,2,1,0,0,18,0.8333333333333334
203,16,2,1,0,0,19,0.8421052631578947
204,14,2,2,0,0,18,0.7777777777777778
205,15,2,2,1,0,20,0.75
206,15,2,2,0,0,19,0.7894736842105263
207,13,2,2,0,0,17,0.7647058823529411
208,15,2,1,0,0,18,0.8333333333333334
209,14,2,1,0,0,17,0.8235294117647058
210,13,2,1,0,0,16,0.8125
211,16,2,1,0,0,19,0.8421052631578947
212,10,2,1,0,0,13,0.7692307692307693
213,13,2,1,0,0,16,0.8125
214,14,2,1,0,0,17,0.8235294117647058
215,14,2,1,0,0,17,0.8235294117647058
216,12,2,1,0,0,15,0.8
217,12,2,1,0,0,15,0.8
218,15,2,1,0,0,18,0.8333333333333334
219,14,2,1,0,0,17,0.8235294117647058
220,14,2,1,0,0,17,0.8235294117647058
221,14,2,1,0,0,17,0.8235294117647058
222,13,2,1,0,0,16,0.8125
223,15,2,1,0,0,18,0.8333333333333334
224,14,2,1,1,0,18,0.7777777777777778
225,14,2,1,0,0,17,0.8235294117647058
226,16,2,1,0,0,19,0.8421052631578947
227,16,2,1,0,0,19,0.8421052631578947
228,14,2,1,0,0,17,0.8235294117647058
229,12,2,1,0,0,15,0.8
230,15,2,1,0,0,18,0.8333333333333334
231,13,2,1,0,0,16,0.8125
232,12,2,1,0,0,15,0.8
233,15,2,1,0,0,18,0.8333333333333334
234,14,2,1,0,0,17,0.8235294117647058
235,13,2,1,0,0,16,0.8125
236,14,2,1,0,0,17,0.8235294117647058
237,14,2,2,0,0,18,0.7777777777777778
238,14,2,2,0,0,18,0.7777777777777778
239,14,2,1,0,0,17,0.8235294117647058
240,13,2,1,0,0,16,0.8125
241,12,2,1,0,0,15,0.8
242,14,2,1,0,0,17,0.8235294117647058
243,12,2,1,0,0,15,0.8
244,13,2,1,0,0,16,0.8125
245,14,2,1,0,0,17,0.8235294117647058
246,12,2,1,0,0,15,0.8
247,15,2,2,0,0,19,0.7894736842105263
248,13,2,2,0,0,17,0.7647058823529411
249,13,2,1,0,0,16,0.8125
250,13,2,1,0,0,16,0.8125
251,13,2,1,0,0,16,0.8125
252,11,2,1,0,0,14,0.7857142857142857
253,13,2,1,0,0,16,0.8125
254,13,2,1,1,0,17,0.7647058823529411
255,14,2,1,1,0,18,0.7777777777777778
256,13,2,2,1,0,18,0.7222222222222222
257,14,2,1,0,0,17,0.8235294117647058
258,14,2,1,1,0,18,0.7777777777777778
259,14,2,1,0,0,17,0.8235294117647058
260,14,2,1,0,0,17,0.8235294117647058
261,14,2,1,0,0,17,0.8235294117647058
262,13,2,2,0,0,17,0.7647058823529411
263,13,2,1,0,0,16,0.8125
264,14,2,1,1,0,18,0.7777777777777778
265,14,2,1,0,0,17,0.8235294117647058
266,12,2,2,0,0,16,0.75
267,14,2,1,0,0,17,0.8235294117647058
268,14,2,1,0,0,17,0.8235294117647058
269,12,2,2,1,0,17,0.7058823529411765
270,14,2,1,0,0,17,0.8235294117647058
271,14,2,1,0,0,17,0.8235294117647058
272,14,2,1,0,0,17,0.8235294117647058
273,12,2,1,1,0,16,0.75
274,14,2,1,0,0,17,0.8235294117647058
275,15,2,1,0,0,18,0.8333333333333334
276,14,2,1,0,0,17,0.8235294117647058
277,12,2,1,0,0,15,0.8
278,13,2,1,0,0,16,0.8125
279,13,2,1,0,0,16,0.8125
280,13,2,1,0,0,16,0.8125
281,14,2,1,0,0,17,0.8235294117647058
282,14,2,2,0,0,18,0.7777777777777778
283,13,2,1,0,0,16,0.8125
284,14,2,1,0,0,17,0.8235294117647058
285,13,2,1,0,0,16,0.8125
286,14,2,1,0,0,17,0.8235294117647058
287,13,2,1,0,0,16,0.8125
288,12,2,1,0,0,15,0.8
289,14,2,1,0,0,17,0.8235294117647058
290,13,2,1,0,0,16,0.8125
291,14,2,1,0,0,17,0.8235294117647058
292,13,2,1,0,0,16,0.8125
293,15,2,1,0,0,18,0.8333333333333334
294,12,2,1,0,0,15,0.8
295,15,2,1,0,0,18,0.8333333333333334
296,14,2,1,0,0,17,0.8235294117647058
297,14,2,1,0,0,17,0.8235294117647058
298,16,2,1,0,0,19,0.8421052631578947
299,14,2,1,0,0,17,0.8235294117647058
300,15,2,1,0,0,18,0.8333333333333334
301,13,2,1,0,0,16,0.8125
302,13,2,1,0,0,16,0.8125
303,13,2,2,0,0,17,0.7647058823529411
304,14,2,1,0,0,17,0.8235294117647058
305,13,2,1,1,0,17,0.7647058823529411
306,13,1,1,1,0,16,0.8125
307,13,1,1,0,0,15,0.8666666666666667
308,14,2,1,0,0,17,0.8235294117647058
309,14,2,2,1,0,19,0.7368421052631579
310,13,2,1,0,0,16,0.8125
311,13,2,1,0,0,16,0.8125
312,12,2,1,0,0,15,0.8
313,13,2,1,1,0,17,0.7647058823529411
314,14,2,1,1,0,18,0.7777777777777778
315,15,2,1,0,0,18,0.8333333333333334
316,14,2,1,0,0,17,0.8235294117647058
317,13,2,1,0,0,16,0.8125
318,13,2,1,0,0,16,0.8125
319,16,2,2,0,0,20,0.8
320,15,2,1,1,0,19,0.7894736842105263
321,13,2,1,1,0,17,0.7647058823529411
322,15,2,1,0,0,18,0.8333333333333334
323,15,2,1,0,0,18,0.8333333333333334
324,14,2,1,1,0,18,0.7777777777777778
325,14,2,1,0,0,17,0.8235294117647058
326,13,2,1,0,0,16,0.8125
327,14,2,1,1,0,18,0.7777777777777778
328,15,3,1,0,0,19,0.7894736842105263
329,14,2,1,0,0,17,0.8235294117647058
330,12,2,1,0,0,15,0.8
331,15,2,1,0,0,18,0.8333333333333334
332,15,2,1,0,0,18,0.8333333333333334
333,13,2,1,0,0,16,0.8125
334,11,2,1,0,0,14,0.7857142857142857
335,14,2,1,0,0,17,0.8235294117647058
336,11,2,1,0,0,14,0.7857142857142857
337,15,2,1,0,0,18,0.8333333333333334
338,15,2,1,1,0,19,0.7894736842105263
339,13,2,1,0,0,16,0.8125
340,15,2,1,0,0,18,0.8333333333333334
341,14,2,1,0,0,17,0.8235294117647058
342,14,2,1,0,0,17,0.8235294117647058
343,15,2,1,0,0,18,0.8333333333333334
344,15,2,1,0,0,18,0.8333333333333334
345,12,2,1,0,0,15,0.8
346,14,2,1,0,0,17,0.8235294117647058
347,14,2,1,0,0,17,0.8235294117647058
348,14,2,1,0,0,17,0.8235294117647058
349,15,2,1,0,0,18,0.8333333333333334
350,13,2,2,0,0,17,0.7647058823529411
351,14,2,1,0,0,17,0.8235294117647058
352,14,3,1,0,0,18,0.7777777777777778
353,14,2,1,0,0,17,0.8235294117647058
354,15,3,1,0,0,19,0.7894736842105263
355,15,2,1,1,0,19,0.7894736842105263
356,13,3,1,0,0,17,0.7647058823529411
357,13,2,2,1,0,18,0.7222222222222222
358,14,2,1,0,0,17,0.8235294117647058
359,15,2,1,0,0,18,0.8333333333333334
360,12,2,1,0,0,15,0.8
361,15,2,1,0,0,18,0.8333333333333334
362,12,2,1,1,0,16,0.75
363,13,2,1,0,0,16,0.8125
364,10,2,2,1,0,15,0.6666666666666666
365,13,2,1,1,0,17,0.7647058823529411
366,13,2,1,0,0,16,0.8125
367,13,2,1,0,0,16,0.8125
368,15,2,2,1,0,20,0.75
369,15,2,2,1,0,20,0.75
370,13,2,1,1,0,17,0.7647058823529411
371,13,2,1,0,0,16,0.8125
372,13,2,2,1,0,18,0.7222222222222222
373,16,2,1,1,0,20,0.8
374,14,2,1,0,0,17,0.8235294117647058
375,12,2,1,0,0,15,0.8
376,12,2,1,0,0,15,0.8
377,11,2,1,0,0,14,0.7857142857142857
378,13,3,1,0,0,17,0.7647058823529411
379,13,2,1,0,0,16,0.8125
380,15,2,1,0,0,18,0.8333333333333334
381,16,2,2,1,0,21,0.7619047619047619
382,15,2,2,0,0,19,0.7894736842105263
383,13,2,2,1,0,18,0.7222222222222222
384,14,2,1,1,0,18,0.7777777777777778
385,14,2,1,0,0,17,0.8235294117647058
386,14,2,1,1,0,18,0.7777777777777778
387,13,2,1,0,0,16,0.8125
388,14,2,1,0,0,17,0.8235294117647058
389,12,2,2,1,0,17,0.7058823529411765
390,16,2,1,1,0,20,0.8
391,13,2,1,0,0,16,0.8125
392,14,3,1,0,0,18,0.7777777777777778
393,14,2,1,0,0,17,0.8235294117647058
394,15,2,1,0,0,18,0.8333333333333334
395,15,2,1,0,0,18,0.8333333333333334
396,16,2,1,1,0,20,0.8
397,15,2,1,0,0,18,0.8333333333333334
398,13,2,1,0,0,16,0.8125
399,15,2,2,0,0,19,0.7894736842105263
400,15,2,1,0,0,18,0.8333333333333334
401,13,2,1,0,0,16,0.8125
402,13,2,1,0,0,16,0.8125
403,13,2,1,0,0,16,0.8125
404,13,2,1,0,0,16,0.8125
405,13,2,2,1,0,18,0.7222222222222222
406,14,2,2,1,0,19,0.7368421052631579
407,14,2,1,1,0,18,0.7777777777777778
408,16,2,1,1,0,20,0.8
409,13,2,1,1,0,17,0.7647058823529411
410,15,2,2,1,0,20,0.75
411,13,2,1,1,0,17,0.7647058823529411
412,14,2,1,0,0,17,0.8235294117647058
413,14,2,1,0,0,17,0.8235294117647058
414,15,2,1,0,0,18,0.8333333333333334
415,14,2,1,1,0,18,0.7777777777777778
416,16,2,1,0,0,19,0.8421052631578947
417,13,2,1,0,0,16,0.8125
418,14,2,1,0,0,17,0.8235294117647058
419,14,2,1,0,0,17,0.8235294117647058
420,14,2,1,0,0,17,0.8235294117647058
421,14,2,1,1,0,18,0.7777777777777778
422,16,2,1,0,0,19,0.8421052631578947
423,14,2,1,0,0,17,0.8235294117647058
424,14,2,2,1,0,19,0.7368421052631579
425,14,2,2,1,0,19,0.7368421052631579
426,13,2,2,1,0,18,0.7222222222222222
427,14,2,1,1,0,18,0.7777777777777778
428,14,2,2,1,0,19,0.7368421052631579
429,15,2,2,1,0,20,0.75
430,12,2,1,1,0,16,0.75
431,14,2,1,1,0,18,0.7777777777777778
432,14,2,2,1,0,19,0.7368421052631579
433,15,2,2,1,0,20,0.75
434,15,2,2,1,0,20,0.75
435,14,2,2,1,0,19,0.7368421052631579
436,15,2,1,1,0,19,0.7894736842105263
437,15,2,1,1,0,19,0.7894736842105263
438,14,2,1,0,0,17,0.8235294117647058
439,13,2,1,1,0,17,0.7647058823529411
440,16,2,1,0,0,19,0.8421052631578947
441,14,1,1,0,0,16,0.875
442,14,2,1,0,0,17,0.8235294117647058
443,16,2,1,1,0,20,0.8
444,14,2,1,0,0,17,0.8235294117647058
445,15,2,1,0,0,18,0.8333333333333334
446,14,2,1,0,0,17,0.8235294117647058
447,14,2,1,0,0,17,0.8235294117647058
448,14,2,1,0,0,17,0.8235294117647058
449,15,2,1,0,0,18,0.8333333333333334
450,14,2,1,0,0,17,0.8235294117647058
451,16,2,1,0,0,19,0.8421052631578947
452,16,2,1,0,0,19,0.8421052631578947
453,15,2,1,1,0,19,0.7894736842105263
454,17,2,1,0,0,20,0.85
455,16,2,1,0,0,19,0.8421052631578947
456,14,2,1,0,0,17,0.8235294117647058
457,14,2,1,0,0,17,0.8235294117647058
458,13,2,1,0,0,16,0.8125
459,13,2,1,0,0,16,0.8125
460,15,2,1,0,0,18,0.8333333333333334
461,13,2,1,1,0,17,0.7647058823529411
462,14,2,1,1,0,18,0.7777777777777778
463,16,2,1,0,0,19,0.8421052631578947
464,16,2,1,0,0,19,0.8421052631578947
465,15,2,1,0,0,18,0.8333333333333334
466,15,2,1,0,0,18,0.8333333333333334
467,15,2,1,0,0,18,0.8333333333333334
468,14,2,1,0,0,17,0.8235294117647058
469,15,2,1,0,0,18,0.8333333333333334
470,13,2,1,0,0,16,0.8125
471,15,2,1,0,0,18,0.8333333333333334
472,16,2,1,0,0,19,0.8421052631578947
473,15,2,1,0,0,18,0.8333333333333334
474,16,2,1,0,0,19,0.8421052631578947
475,16,2,1,0,0,19,0.8421052631578947
476,15,2,1,0,0,18,0.8333333333333334
477,14,2,1,0,0,17,0.8235294117647058
478,15,2,2,0,0,19,0.7894736842105263
479,14,2,1,1,0,18,0.7777777777777778
480,15,2,1,1,0,19,0.7894736842105263
481,15,2,1,0,0,18,0.8333333333333334
482,14,2,1,0,0,17,0.8235294117647058
483,14,2,2,1,0,19,0.7368421052631579
484,14,2,1,1,0,18,0.7777777777777778
485,14,2,2,0,0,18,0.7777777777777778
486,16,2,2,1,0,21,0.7619047619047619
487,13,2,2,1,0,18,0.7222222222222222
488,12,2,1,0,0,15,0.8
489,14,2,1,1,0,18,0.7777777777777778
490,16,2,1,1,0,20,0.8
491,15,2,1,0,0,18,0.8333333333333334
492,16,2,1,0,0,19,0.8421052631578947
493,15,2,1,0,0,18,0.8333333333333334
494,14,2,1,0,0,17,0.8235294117647058
495,14,2,1,0,0,17,0.8235294117647058
496,14,2,2,0,0,18,0.7777777777777778
497,13,2,1,0,0,16,0.8125
498,16,2,1,0,0,19,0.8421052631578947
499,16,2,1,1,0,20,0.8
500,14,2,1,0,0,17,0.8235294117647058
501,15,2,1,0,0,18,0.8333333333333334
502,15,2,1,0,0,18,0.8333333333333334
503,15,2,1,0,0,18,0.8333333333333334
504,15,2,1,0,0,18,0.8333333333333334
505,15,2,1,0,0,18,0.8333333333333334
506,13,1,1,1,0,16,0.8125
507,15,2,1,1,0,19,0.7894736842105263
508,15,2,1,0,0,18,0.8333333333333334
509,14,2,1,0,0,17,0.8235294117647058
510,14,2,1,0,0,17,0.8235294117647058
511,14,2,1,0,0,17,0.8235294117647058
512,10,2,1,0,0,13,0.7692307692307693
513,15,2,1,0,0,18,0.8333333333333334
514,16,2,1,0,0,19,0.8421052631578947
515,13,2,1,0,0,16,0.8125
516,14,2,1,0,0,17,0.8235294117647058
517,13,2,1,0,0,16,0.8125
518,14,2,1,0,0,17,0.8235294117647058
519,15,2,1,0,0,18,0.8333333333333334
520,14,2,1,0,0,17,0.8235294117647058
521,13,2,2,0,0,17,0.7647058823529411
522,15,2,1,0,0,18,0.8333333333333334
523,13,2,1,1,0,17,0.7647058823529411
524,15,2,1,0,0,18,0.8333333333333334
525,13,1,1,1,0,16,0.8125
526,16,2,1,0,0,19,0.8421052631578947
527,15,2,1,0,0,18,0.8333333333333334
528,15,2,1,0,0,18,0.8333333333333334
529,14,2,1,0,0,17,0.8235294117647058
530,13,2,1,0,0,16,0.8125
531,14,2,1,1,0,18,0.7777777777777778
532,15,2,1,0,0,18,0.8333333333333334
533,15,2,2,1,0,20,0.75
534,15,2,1,0,0,18,0.8333333333333334
535,14,2,1,1,0,18,0.7777777777777778
536,15,2,1,0,0,18,0.8333333333333334
537,14,2,1,0,0,17,0.8235294117647058
538,15,2,1,0,0,18,0.8333333333333334
539,15,2,1,0,0,18,0.8333333333333334
540,10,2,1,0,0,13,0.7692307692307693
541,14,2,1,0,0,17,0.8235294117647058
542,14,2,1,0,0,17,0.8235294117647058
543,15,2,1,0,0,18,0.8333333333333334
544,13,2,1,0,0,16,0.8125
545,12,2,1,0,0,15,0.8
546,12,2,1,0,0,15,0.8
547,14,2,1,0,0,17,0.8235294117647058
548,14,2,1,0,0,17,0.8235294117647058
549,12,2,1,0,0,15,0.8
550,13,2,1,0,0,16,0.8125
551,14,2,1,0,0,17,0.8235294117647058
552,13,2,1,0,0,16,0.8125
553,14,2,1,0,0,17,0.8235294117647058
554,13,2,1,0,0,16,0.8125
555,14,2,1,0,0,17,0.8235294117647058
556,14,2,1,0,0,17,0.8235294117647058
557,15,2,2,0,0,19,0.7894736842105263
558,13,2,1,0,0,16,0.8125
559,15,2,1,0,0,18,0.8333333333333334
560,13,2,1,0,0,16,0.8125
561,12,2,1,0,0,15,0.8
562,15,2,1,0,0,18,0.8333333333333334
563,14,2,1,0,0,17,0.8235294117647058
564,15,2,1,0,0,18,0.8333333333333334
565,15,2,1,0,0,18,0.8333333333333334
566,16,2,1,0,0,19,0.8421052631578947
567,13,2,1,0,0,16,0.8125
568,14,2,1,0,0,17,0.8235294117647058
569,14,2,1,0,0,17,0.8235294117647058
570,13,2,2,0,0,17,0.7647058823529411
571,13,2,1,0,0,16,0.8125
572,14,2,1,0,0,17,0.8235294117647058
573,13,2,1,0,0,16,0.8125
574,14,2,1,0,0,17,0.8235294117647058
575,14,2,1,0,0,17,0.8235294117647058
576,12,2,2,0,0,16,0.75
577,12,2,1,0,0,15,0.8
578,13,2,1,1,0,17,0.7647058823529411
579,13,2,1,0,0,16,0.8125
580,13,2,1,0,0,16,0.8125
581,14,2,2,0,0,18,0.7777777777777778
582,13,2,1,0,0,16,0.8125
583,14,2,1,0,0,17,0.8235294117647058
584,13,2,1,1,0,17,0.7647058823529411
585,11,2,1,0,0,14,0.7857142857142857
586,14,2,1,0,0,17,0.8235294117647058
587,12,2,1,0,0,15,0.8
588,15,2,2,0,0,19,0.7894736842105263
589,14,2,2,1,0,19,0.7368421052631579
590,14,2,1,1,0,18,0.7777777777777778
591,14,2,2,0,0,18,0.7777777777777778
592,15,2,1,1,0,19,0.7894736842105263
593,13,2,1,0,0,16,0.8125
594,16,2,2,0,0,20,0.8
595,14,2,1,0,0,17,0.8235294117647058
596,15,2,1,1,0,19,0.7894736842105263
597,15,2,2,1,0,20,0.75
598,15,2,2,1,0,20,0.75
599,14,2,2,0,0,18,0.7777777777777778
600,14,2,2,1,0,19,0.7368421052631579
601,12,2,2,1,0,17,0.7058823529411765
602,14,2,1,1,0,18,0.7777777777777778
603,14,2,2,0,0,18,0.7777777777777778
604,15,2,1,0,0,18,0.8333333333333334
605,15,2,1,0,0,18,0.8333333333333334
606,15,2,1,0,0,18,0.8333333333333334
607,16,2,1,0,0,19,0.8421052631578947
608,16,2,1,0,0,19,0.8421052631578947
609,15,2,1,0,0,18,0.8333333333333334
610,15,2,1,0,0,18,0.8333333333333334
611,13,2,2,0,0,17,0.7647058823529411
612,14,2,2,0,0,18,0.7777777777777778
613,14,2,1,0,0,17,0.8235294117647058
614,16,2,1,0,0,19,0.8421052631578947
615,16,2,1,0,0,19,0.8421052631578947
616,12,2,1,0,0,15,0.8
617,14,2,1,0,0,17,0.8235294117647058
618,15,2,1,0,0,18,0.8333333333333334
619,14,2,1,0,0,17,0.8235294117647058
620,14,2,1,0,0,17,0.8235294117647058
621,13,2,2,0,0,17,0.7647058823529411
622,14,2,1,0,0,17,0.8235294117647058
623,13,2,1,0,0,16,0.8125
624,13,2,1,0,0,16,0.8125
625,15,2,1,0,0,18,0.8333333333333334
626,15,2,1,0,0,18,0.8333333333333334
627,14,2,2,0,0,18,0.7777777777777778
628,13,2,1,0,0,16,0.8125
629,13,2,1,0,0,16,0.8125
630,14,2,1,0,0,17,0.8235294117647058
631,14,2,1,0,0,17,0.8235294117647058
632,13,2,1,0,0,16,0.8125
633,15,2,1,0,0,18,0.8333333333333334
634,13,2,1,0,0,16,0.8125
635,15,2,1,0,0,18,0.8333333333333334
636,12,2,1,0,0,15,0.8
637,15,2,2,0,0,19,0.7894736842105263
638,15,2,1,0,0,18,0.8333333333333334
639,15,2,2,0,0,19,0.7894736842105263
640,14,2,2,0,0,18,0.7777777777777778
641,10,2,1,0,0,13,0.7692307692307693
642,11,2,1,0,0,14,0.7857142857142857
643,13,2,1,0,0,16,0.8125
644,13,2,1,0,0,16,0.8125
645,13,3,1,0,0,17,0.7647058823529411
646,13,2,1,0,0,16,0.8125
647,12,2,1,0,0,15,0.8
648,14,2,1,0,0,17,0.8235294117647058
649,13,2,1,0,0,16,0.8125
650,14,2,1,0,0,17,0.8235294117647058
651,13,2,1,0,0,16,0.8125
652,13,2,1,1,0,17,0.7647058823529411
653,13,2,1,1,0,17,0.7647058823529411
654,13,2,1,1,0,17,0.7647058823529411
655,13,2,1,0,0,16,0.8125
656,13,2,1,0,0,16,0.8125
657,12,2,1,0,0,15,0.8
658,13,2,1,1,0,17,0.7647058823529411
659,15,3,1,0,0,19,0.7894736842105263
660,15,2,1,0,0,18,0.8333333333333334
661,14,2,1,0,0,17,0.8235294117647058
662,12,3,1,0,0,16,0.75
663,11,2,1,0,0,14,0.7857142857142857
664,12,2,1,0,0,15,0.8
665,13,2,1,1,0,17,0.7647058823529411
666,12,2,1,0,0,15,0.8
667,11,2,1,0,0,14,0.7857142857142857
668,10,2,1,0,0,13,0.7692307692307693
669,13,3,1,0,0,17,0.7647058823529411
670,13,2,1,0,0,16,0.8125
671,12,3,1,0,0,16,0.75
672,15,2,1,0,0,18,0.8333333333333334
673,12,2,1,0,0,15,0.8
674,10,2,1,0,0,13,0.7692307692307693
675,13,3,1,0,0,17,0.7647058823529411
676,15,3,1,0,0,19,0.7894736842105263
677,14,2,1,0,0,17,0.8235294117647058
678,13,2,1,0,0,16,0.8125
679,13,2,1,0,0,16,0.8125
680,12,2,1,0,0,15,0.8
681,15,2,2,1,0,20,0.75
682,10,2,1,0,0,13,0.7692307692307693
683,13,2,1,0,0,16,0.8125
684,13,2,1,0,0,16,0.8125
685,13,2,1,0,0,16,0.8125
686,13,2,1,0,0,16,0.8125
687,15,2,1,0,0,18,0.8333333333333334
688,11,2,1,0,0,14,0.7857142857142857
689,12,2,1,0,0,15,0.8
690,11,2,1,0,0,14,0.7857142857142857
691,14,2,1,0,0,17,0.8235294117647058
692,14,2,1,0,0,17,0.8235294117647058
693,15,2,2,0,0,19,0.7894736842105263
694,15,2,1,0,0,18,0.8333333333333334
695,11,2,1,0,0,14,0.7857142857142857
696,13,2,1,0,0,16,0.8125
697,12,2,1,0,0,15,0.8
698,13,2,1,0,0,16,0.8125
699,12,2,1,0,0,15,0.8
700,13,2,1,0,0,16,0.8125
701,13,2,1,0,0,16,0.8125
702,14,2,1,0,0,17,0.8235294117647058
703,13,2,1,0,0,16,0.8125
704,11,2,1,0,0,14,0.7857142857142857
705,14,2,1,0,0,17,0.8235294117647058
706,13,2,1,0,0,16,0.8125
707,16,2,1,1,0,20,0.8
708,14,2,1,0,0,17,0.8235294117647058
709,14,2,1,0,0,17,0.8235294117647058
710,13,2,1,1,0,17,0.7647058823529411
711,14,2,1,0,0,17,0.8235294117647058
712,13,2,1,0,0,16,0.8125
713,14,2,1,0,0,17,0.8235294117647058
714,13,2,1,0,0,16,0.8125
715,15,2,1,0,0,18,0.8333333333333334
716,12,2,1,0,0,15,0.8
717,14,2,1,0,0,17,0.8235294117647058
718,14,2,1,0,0,17,0.8235294117647058
719,13,2,1,0,0,16,0.8125
720,13,2,1,0,0,16,0.8125
721,14,2,1,0,0,17,0.8235294117647058
722,13,2,1,0,0,16,0.8125
723,13,2,1,0,0,16,0.8125
724,15,2,1,0,0,18,0.8333333333333334
725,15,2,1,0,0,18,0.8333333333333334
726,12,2,1,0,0,15,0.8
727,14,2,1,0,0,17,0.8235294117647058
728,15,2,1,0,0,18,0.8333333333333334
729,12,2,1,0,0,15,0.8
730,14,2,1,0,0,17,0.8235294117647058
731,13,2,1,0,0,16,0.8125
732,12,2,1,0,0,15,0.8
733,15,2,1,0,0,18,0.8333333333333334
734,12,2,1,0,0,15,0.8
735,13,2,1,1,0,17,0.7647058823529411
736,13,2,1,0,0,16,0.8125
737,13,2,1,0,0,16,0.8125
738,12,2,1,0,0,15,0.8
739,12,2,1,0,0,15,0.8
740,13,2,1,0,0,16,0.8125
741,12,2,1,0,0,15,0.8
742,13,2,1,0,0,16,0.8125
743,13,3,1,0,0,17,0.7647058823529411
744,14,2,1,0,0,17,0.8235294117647058
745,13,3,1,0,0,17,0.7647058823529411
746,13,2,1,0,0,16,0.8125
747,14,2,1,0,0,17,0.8235294117647058
748,11,2,1,0,0,14,0.7857142857142857
749,13,2,1,0,0,16,0.8125
750,14,2,1,0,0,17,0.8235294117647058
751,12,2,1,0,0,15,0.8
752,12,2,1,0,0,15,0.8
753,14,2,1,0,0,17,0.8235294117647058
754,13,2,1,0,0,16,0.8125
755,13,2,1,0,0,16,0.8125
756,14,2,1,0,0,17,0.8235294117647058
757,13,3,1,0,0,17,0.7647058823529411
758,13,2,1,0,0,16,0.8125
759,13,2,1,0,0,16,0.8125
760,13,2,1,0,0,16,0.8125
761,12,2,1,0,0,15,0.8
762,14,2,1,0,0,17,0.8235294117647058
763,13,2,1,0,0,16,0.8125
764,13,2,1,0,0,16,0.8125
765,13,2,1,0,0,16,0.8125
766,13,2,1,0,0,16,0.8125
767,13,2,1,0,0,16,0.8125
768,13,2,1,0,0,16,0.8125
769,13,2,1,0,0,16,0.8125
770,13,2,1,0,0,16,0.8125
771,14,2,1,0,0,17,0.8235294117647058
772,14,2,1,0,0,17,0.8235294117647058
773,14,2,1,0,0,17,0.8235294117647058
774,13,2,1,0,0,16,0.8125
775,13,2,1,0,0,16,0.8125
776,13,2,1,0,0,16,0.8125
777,14,2,1,0,0,17,0.8235294117647058
778,13,2,1,0,0,16,0.8125
779,14,2,1,0,0,17,0.8235294117647058
780,13,2,1,0,0,16,0.8125
781,14,2,1,0,0,17,0.8235294117647058
782,14,3,1,0,0,18,0.7777777777777778
783,12,2,1,0,0,15,0.8
784,15,2,1,0,0,18,0.8333333333333334
785,12,2,1,0,0,15,0.8
786,14,2,1,0,0,17,0.8235294117647058
787,13,2,1,0,0,16,0.8125
788,14,2,1,0,0,17,0.8235294117647058
789,13,2,1,0,0,16,0.8125
790,13,2,1,0,0,16,0.8125
791,13,2,1,0,0,16,0.8125
792,14,2,1,0,0,17,0.8235294117647058
793,14,2,1,0,0,17,0.8235294117647058
794,15,2,1,0,0,18,0.8333333333333334
795,13,2,1,0,0,16,0.8125
796,14,2,1,0,0,17,0.8235294117647058
797,12,2,1,0,0,15,0.8
798,13,2,1,0,0,16,0.8125
799,12,2,1,0,0,15,0.8
800,14,2,1,0,0,17,0.8235294117647058
801,14,2,1,0,0,17,0.8235294117647058
802,15,2,1,0,0,18,0.8333333333333334
803,12,2,1,0,0,15,0.8
804,16,2,1,0,0,19,0.8421052631578947
805,15,2,1,0,0,18,0.8333333333333334
806,14,2,1,0,0,17,0.8235294117647058
807,12,2,1,0,0,15,0.8
808,16,2,1,0,0,19,0.8421052631578947
809,14,2,1,0,0,17,0.8235294117647058
810,13,2,1,0,0,16,0.8125
811,15,2,1,0,0,18,0.8333333333333334
812,14,2,1,0,0,17,0.8235294117647058
813,14,2,1,1,0,18,0.7777777777777778
814,15,2,1,0,0,18,0.8333333333333334
815,15,2,1,1,0,19,0.7894736842105263
816,16,2,1,0,0,19,0.8421052631578947
817,16,2,1,0,0,19,0.8421052631578947
818,14,2,1,0,0,17,0.8235294117647058
819,12,2,1,0,0,15,0.8
820,11,2,1,0,0,14,0.7857142857142857
821,14,2,1,0,0,17,0.8235294117647058
822,14,2,1,0,0,17,0.8235294117647058
823,12,2,1,0,0,15,0.8
824,12,2,1,0,0,15,0.8
825,13,2,1,0,0,16,0.8125
826,11,2,2,0,0,15,0.7333333333333333
827,13,2,2,0,0,17,0.7647058823529411
828,14,2,2,0,0,18,0.7777777777777778
829,15,2,1,0,0,18,0.8333333333333334
830,13,2,1,0,0,16,0.8125
831,12,2,1,0,0,15,0.8
832,15,2,1,0,0,18,0.8333333333333334
833,16,2,1,0,0,19,0.8421052631578947
834,12,2,1,0,0,15,0.8
835,13,2,1,0,0,16,0.8125
836,13,2,1,0,0,16,0.8125
837,13,2,1,0,0,16,0.8125
838,15,2,1,0,0,18,0.8333333333333334
839,11,2,1,0,0,14,0.7857142857142857
840,13,2,1,0,0,16,0.8125
841,13,2,1,0,0,16,0.8125
842,14,2,1,0,0,17,0.8235294117647058
843,12,2,1,0,0,15,0.8
844,13,2,1,0,0,16,0.8125
845,15,2,1,0,0,18,0.8333333333333334
846,14,2,1,0,0,17,0.8235294117647058
847,13,2,1,0,0,16,0.8125
848,12,2,1,0,0,15,0.8
849,13,2,1,0,0,16,0.8125
850,13,2,1,0,0,16,0.8125
851,12,2,1,0,0,15,0.8
852,14,2,1,0,0,17,0.8235294117647058
853,13,2,1,0,0,16,0.8125
854,13,2,1,0,0,16,0.8125
855,12,2,1,0,0,15,0.8
856,14,2,1,0,0,17,0.8235294117647058
857,14,2,1,0,0,17,0.8235294117647058
858,13,2,1,0,0,16,0.8125
859,11,2,1,0,0,14,0.7857142857142857
860,13,2,1,0,0,16,0.8125
861,12,2,1,0,0,15,0.8
862,12,2,2,0,0,16,0.75
863,12,2,1,0,0,15,0.8
864,12,2,1,0,0,15,0.8
865,13,2,1,0,0,16,0.8125
866,14,2,1,0,0,17,0.8235294117647058
867,14,2,1,0,0,17,0.8235294117647058
868,11,2,1,0,0,14,0.7857142857142857
869,13,2,1,0,0,16,0.8125
870,12,2,1,0,0,15,0.8
871,9,2,1,0,0,12,0.75
872,13,2,1,0,0,16,0.8125
873,11,2,1,0,0,14,0.7857142857142857
874,12,2,1,0,0,15,0.8
875,15,2,1,0,0,18,0.8333333333333334
876,13,2,1,0,0,16,0.8125
877,13,2,1,0,0,16,0.8125
878,14,2,1,0,0,17,0.8235294117647058
879,15,2,1,1,0,19,0.7894736842105263
880,12,2,1,0,0,15,0.8
881,13,2,1,0,0,16,0.8125
882,15,2,1,1,0,19,0.7894736842105263
883,14,2,1,0,0,17,0.8235294117647058
884,12,2,1,0,0,15,0.8
885,14,2,1,0,0,17,0.8235294117647058
886,15,2,1,0,0,18,0.8333333333333334
887,14,2,1,0,0,17,0.8235294117647058
888,13,2,1,0,0,16,0.8125
889,15,2,1,0,0,18,0.8333333333333334
890,15,2,1,0,0,18,0.8333333333333334
891,14,2,1,0,0,17,0.8235294117647058
892,15,2,1,0,0,18,0.8333333333333334
893,15,2,1,0,0,18,0.8333333333333334
894,13,2,1,0,0,16,0.8125
895,14,2,1,0,0,17,0.8235294117647058
896,14,2,1,0,0,17,0.8235294117647058
897,15,2,1,0,0,18,0.8333333333333334
898,14,2,1,0,0,17,0.8235294117647058
899,15,2,1,0,0,18,0.8333333333333334
900,14,2,1,0,0,17,0.8235294117647058
901,14,2,1,0,0,17,0.8235294117647058
902,15,2,1,0,0,18,0.8333333333333334
903,15,2,1,0,0,18,0.8333333333333334
904,15,2,1,0,0,18,0.8333333333333334
905,15,2,1,0,0,18,0.8333333333333334
906,14,2,1,0,0,17,0.8235294117647058
907,15,2,1,0,0,18,0.8333333333333334
908,14,2,1,0,0,17,0.8235294117647058
909,14,2,1,0,0,17,0.8235294117647058
910,15,2,1,0,0,18,0.8333333333333334
911,14,2,1,0,0,17,0.8235294117647058
912,15,2,1,0,0,18,0.8333333333333334
913,12,2,1,0,0,15,0.8
914,15,2,1,0,0,18,0.8333333333333334
915,15,2,1,0,0,18,0.8333333333333334
916,15,2,1,0,0,18,0.8333333333333334
917,14,2,1,0,0,17,0.8235294117647058
918,13,2,1,0,0,16,0.8125
919,14,2,1,0,0,17,0.8235294117647058
920,15,2,1,0,0,18,0.8333333333333334
921,13,2,1,0,0,16,0.8125
922,13,2,1,0,0,16,0.8125
923,12,2,1,0,0,15,0.8
924,11,2,1,0,0,14,0.7857142857142857
925,15,2,1,0,0,18,0.8333333333333334
926,11,2,1,0,0,14,0.7857142857142857
927,12,2,1,0,0,15,0.8
928,13,2,1,0,0,16,0.8125
929,14,2,1,0,0,17,0.8235294117647058
930,12,2,1,0,0,15,0.8
931,13,2,1,0,0,16,0.8125
932,14,1,1,0,0,16,0.875
933,13,2,1,0,0,16,0.8125
934,14,2,1,0,0,17,0.8235294117647058
935,13,2,1,0,0,16,0.8125
936,15,2,1,0,0,18,0.8333333333333334
937,14,2,1,0,0,17,0.8235294117647058
938,13,2,1,0,0,16,0.8125
939,12,2,1,0,0,15,0.8
940,15,2,1,0,0,18,0.8333333333333334
941,13,2,1,0,0,16,0.8125
942,12,2,1,0,0,15,0.8
943,15,2,1,0,0,18,0.8333333333333334
944,13,2,1,0,0,16,0.8125
945,14,2,1,0,0,17,0.8235294117647058
946,14,2,1,0,0,17,0.8235294117647058
947,14,2,1,0,0,17,0.8235294117647058
948,14,2,1,0,0,17,0.8235294117647058
949,14,2,1,0,0,17,0.8235294117647058
950,13,2,1,1,0,17,0.7647058823529411
951,15,2,1,0,0,18,0.8333333333333334
952,14,2,1,0,0,17,0.8235294117647058
953,14,2,1,0,0,17,0.8235294117647058
954,12,2,1,0,0,15,0.8
955,14,2,1,0,0,17,0.8235294117647058
956,14,2,1,0,0,17,0.8235294117647058
957,15,2,1,0,0,18,0.8333333333333334
958,13,2,1,0,0,16,0.8125
959,14,2,1,0,0,17,0.8235294117647058
960,15,2,2,0,0,19,0.7894736842105263
961,15,2,1,0,0,18,0.8333333333333334
962,14,2,1,0,0,17,0.8235294117647058
963,15,2,1,0,0,18,0.8333333333333334
964,15,2,1,0,0,18,0.8333333333333334
965,15,2,1,0,0,18,0.8333333333333334
966,15,2,1,0,0,18,0.8333333333333334
967,15,2,1,0,0,18,0.8333333333333334
968,12,2,1,0,0,15,0.8
969,15,2,1,0,0,18,0.8333333333333334
970,15,2,1,0,0,18,0.8333333333333334
971,13,2,1,0,0,16,0.8125
972,14,2,1,0,0,17,0.8235294117647058
973,13,2,1,0,0,16,0.8125
974,14,2,1,0,0,17,0.8235294117647058
975,15,2,1,0,0,18,0.8333333333333334
976,14,2,1,0,0,17,0.8235294117647058
977,15,2,1,0,0,18,0.8333333333333334
978,15,2,1,0,0,18,0.8333333333333334
979,15,2,1,0,0,18,0.8333333333333334
980,12,2,1,0,0,15,0.8
981,14,2,1,0,0,17,0.8235294117647058
982,15,2,1,0,0,18,0.8333333333333334
983,14,2,1,0,0,17,0.8235294117647058
984,14,2,1,0,0,17,0.8235294117647058
985,17,2,1,0,0,20,0.85
986,14,2,1,0,0,17,0.8235294117647058
987,15,2,1,0,0,18,0.8333333333333334
988,14,2,1,0,0,17,0.8235294117647058
989,15,2,1,0,0,18,0.8333333333333334
990,14,2,1,0,0,17,0.8235294117647058
991,13,2,1,0,0,16,0.8125
992,15,2,1,0,0,18,0.8333333333333334
993,14,2,1,0,0,17,0.8235294117647058
994,12,2,1,0,0,15,0.8
995,14,2,1,0,0,17,0.8235294117647058
996,14,2,1,0,0,17,0.8235294117647058
997,14,2,1,0,0,17,0.8235294117647058
998,14,2,1,0,0,17,0.8235294117647058
999,15,2,1,0,0,18,0.8333333333333334
1000,15,2,1,0,0,18,0.8333333333333334
1001,14,2,1,0,0,17,0.8235294117647058
1002,14,2,1,0,0,17,0.8235294117647058
1003,13,2,1,0,0,16,0.8125
1004,15,2,1,0,0,18,0.8333333333333334
1005,15,2,1,0,0,18,0.8333333333333334
1006,15,2,1,0,0,18,0.8333333333333334
1007,14,2,1,0,0,17,0.8235294117647058
1008,13,2,1,0,0,16,0.8125
1009,13,2,1,0,0,16,0.8125
1010,16,2,1,0,0,19,0.8421052631578947
1011,14,2,1,0,0,17,0.8235294117647058
1012,14,2,1,0,0,17,0.8235294117647058
1013,13,2,1,0,0,16,0.8125
1014,14,2,1,0,0,17,0.8235294117647058
1015,13,2,1,0,0,16,0.8125
1016,13,2,1,0,0,16,0.8125
1017,13,2,1,0,0,16,0.8125
1018,14,2,1,0,0,17,0.8235294117647058
1019,13,2,1,0,0,16,0.8125
1020,15,2,1,0,0,18,0.8333333333333334
1021,13,2,1,0,0,16,0.8125
1022,12,2,1,0,0,15,0.8
1023,15,2,1,1,0,19,0.7894736842105263
1024,15,2,1,1,0,19,0.7894736842105263
1025,13,2,1,0,0,16,0.8125
1026,13,2,1,0,0,16,0.8125
1027,11,2,1,0,0,14,0.7857142857142857
1028,13,2,1,0,0,16,0.8125
1029,14,2,1,0,0,17,0.8235294117647058
1030,15,2,1,0,0,18,0.8333333333333334
1031,14,2,1,0,0,17,0.8235294117647058
1032,13,2,1,0,0,16,0.8125
1033,14,2,1,0,0,17,0.8235294117647058
1034,15,2,1,0,0,18,0.8333333333333334
1035,14,2,1,0,0,17,0.8235294117647058
1036,13,2,1,0,0,16,0.8125
1037,14,2,1,0,0,17,0.8235294117647058
1038,14,2,1,0,0,17,0.8235294117647058
1039,13,2,1,0,0,16,0.8125
1040,14,2,1,0,0,17,0.8235294117647058
1041,13,2,1,0,0,16,0.8125
1042,13,2,1,0,0,16,0.8125
1043,14,2,1,0,0,17,0.8235294117647058
1044,14,2,1,0,0,17,0.8235294117647058
1045,14,2,2,0,0,18,0.7777777777777778
1046,14,2,1,0,0,17,0.8235294117647058
1047,16,2,1,0,0,19,0.8421052631578947
1048,14,2,1,0,0,17,0.8235294117647058
1049,15,2,1,0,0,18,0.8333333333333334
1050,15,2,1,0,0,18,0.8333333333333334
1051,14,2,1,0,0,17,0.8235294117647058
1052,15,2,1,0,0,18,0.8333333333333334
1053,15,2,1,0,0,18,0.8333333333333334
1054,15,2,1,0,0,18,0.8333333333333334
1055,13,2,1,0,0,16,0.8125
1056,13,2,1,0,0,16,0.8125
1057,13,2,1,0,0,16,0.8125
1058,15,2,1,0,0,18,0.8333333333333334
1059,14,2,1,0,0,17,0.8235294117647058
1060,14,2,1,0,0,17,0.8235294117647058
1061,15,2,1,0,0,18,0.8333333333333334
1062,15,2,1,0,0,18,0.8333333333333334
1063,15,2,1,0,0,18,0.8333333333333334
1064,15,2,1,0,0,18,0.8333333333333334
1065,14,2,1,0,0,17,0.8235294117647058
1066,15,2,1,0,0,18,0.8333333333333334
1067,15,2,1,0,0,18,0.8333333333333334
1068,13,2,1,0,0,16,0.8125
1069,14,2,1,0,0,17,0.8235294117647058
1070,14,2,1,0,0,17,0.8235294117647058
1071,15,2,1,0,0,18,0.8333333333333334
1072,14,2,1,0,0,17,0.8235294117647058
1073,14,2,1,0,0,17,0.8235294117647058
1074,15,2,1,0,0,18,0.8333333333333334
1075,16,2,1,0,0,19,0.8421052631578947
1076,15,2,1,0,0,18,0.8333333333333334
1077,14,2,1,0,0,17,0.8235294117647058
1078,14,2,1,0,0,17,0.8235294117647058
1079,14,2,1,0,0,17,0.8235294117647058
1080,16,2,1,1,0,20,0.8
1081,14,2,1,0,0,17,0.8235294117647058
1082,13,2,1,0,0,16,0.8125
1083,14,2,1,0,0,17,0.8235294117647058
1084,13,2,1,0,0,16,0.8125
1085,15,2,1,0,0,18,0.8333333333333334
1086,14,2,1,0,0,17,0.8235294117647058
1087,15,2,1,0,0,18,0.8333333333333334
1088,14,2,1,0,0,17,0.8235294117647058
1089,13,2,1,0,0,16,0.8125
1090,13,2,1,0,0,16,0.8125
1091,12,2,1,0,0,15,0.8
1092,13,2,1,0,0,16,0.8125
1093,14,2,1,0,0,17,0.8235294117647058
1094,15,2,1,0,0,18,0.8333333333333334
1095,11,2,1,0,0,14,0.7857142857142857
1096,13,2,1,0,0,16,0.8125
1097,11,2,1,0,0,14,0.7857142857142857
1098,15,2,1,0,0,18,0.8333333333333334
1099,14,2,1,0,0,17,0.8235294117647058
1100,15,2,1,0,0,18,0.8333333333333334
1101,13,2,1,0,0,16,0.8125
1102,14,2,1,0,0,17,0.8235294117647058
1103,14,2,1,0,0,17,0.8235294117647058
1104,15,2,1,0,0,18,0.8333333333333334
1105,13,2,1,0,0,16,0.8125
1106,15,2,1,0,0,18,0.8333333333333334
1107,14,2,1,0,0,17,0.8235294117647058
1108,15,2,1,0,0,18,0.8333333333333334
1109,14,2,1,0,0,17,0.8235294117647058
1110,16,2,1,0,0,19,0.8421052631578947
1111,12,2,1,0,0,15,0.8
1112,16,2,1,0,0,19,0.8421052631578947
1113,13,2,1,0,0,16,0.8125
1114,14,2,1,0,0,17,0.8235294117647058
1115,14,2,1,0,0,17,0.8235294117647058
1116,14,2,1,0,0,17,0.8235294117647058
1117,14,2,1,0,0,17,0.8235294117647058
1118,13,2,1,0,0,16,0.8125
1119,14,2,1,0,0,17,0.8235294117647058
1120,15,2,1,0,0,18,0.8333333333333334
1121,15,2,1,0,0,18,0.8333333333333334
1122,15,2,1,0,0,18,0.8333333333333334
1123,15,2,1,0,0,18,0.8333333333333334
1124,14,2,1,0,0,17,0.8235294117647058
1125,14,2,1,0,0,17,0.8235294117647058
1126,15,2,1,0,0,18,0.8333333333333334
1127,14,2,1,0,0,17,0.8235294117647058
1128,15,2,1,0,0,18,0.8333333333333334
1129,13,2,1,0,0,16,0.8125
1130,13,2,1,0,0,16,0.8125
1131,14,2,1,0,0,17,0.8235294117647058
1132,14,2,1,0,0,17,0.8235294117647058
1133,15,2,1,0,0,18,0.8333333333333334
1134,15,2,1,0,0,18,0.8333333333333334
1135,14,2,1,0,0,17,0.8235294117647058
1136,15,2,1,0,0,18,0.8333333333333334
1137,15,2,1,0,0,18,0.8333333333333334
1138,13,2,1,0,0,16,0.8125
1139,14,2,1,0,0,17,0.8235294117647058
1140,14,2,1,0,0,17,0.8235294117647058
1141,15,2,1,0,0,18,0.8333333333333334
1142,14,2,1,0,0,17,0.8235294117647058
1143,13,2,1,0,0,16,0.8125
1144,15,2,1,0,0,18,0.8333333333333334
1145,13,2,1,0,0,16,0.8125
1146,14,2,1,0,0,17,0.8235294117647058
1147,15,2,1,0,0,18,0.8333333333333334
1148,13,2,1,0,0,16,0.8125
1149,15,2,1,0,0,18,0.8333333333333334
1150,15,2,1,0,0,18,0.8333333333333334
1151,14,2,1,0,0,17,0.8235294117647058
1152,15,2,1,0,0,18,0.8333333333333334
1153,14,2,1,0,0,17,0.8235294117647058
1154,15,2,1,0,0,18,0.8333333333333334
1155,15,2,1,0,0,18,0.8333333333333334
1156,12,2,1,0,0,15,0.8
1157,13,2,1,0,0,16,0.8125
1158,13,2,1,0,0,16,0.8125
1159,14,2,1,0,0,17,0.8235294117647058
1160,14,2,1,0,0,17,0.8235294117647058
1161,15,2,1,0,0,18,0.8333333333333334
1162,15,2,1,0,0,18,0.8333333333333334
1163,15,2,1,0,0,18,0.8333333333333334
1164,15,2,1,0,0,18,0.8333333333333334
1165,15,2,1,0,0,18,0.8333333333333334
1166,15,2,1,0,0,18,0.8333333333333334
1167,15,2,1,0,0,18,0.8333333333333334
1168,15,2,1,0,0,18,0.8333333333333334
1169,15,2,1,0,0,18,0.8333333333333334
1170,14,2,1,0,0,17,0.8235294117647058
1171,15,2,1,0,0,18,0.8333333333333334
1172,15,2,1,0,0,18,0.8333333333333334
1173,14,2,1,0,0,17,0.8235294117647058
1174,15,2,1,0,0,18,0.8333333333333334
1175,15,2,1,0,0,18,0.8333333333333334
1176,15,2,1,0,0,18,0.8333333333333334
1177,13,2,1,0,0,16,0.8125
1178,15,2,1,0,0,18,0.8333333333333334
1179,15,2,1,0,0,18,0.8333333333333334
1180,15,2,1,0,0,18,0.8333333333333334
1181,14,2,1,0,0,17,0.8235294117647058
1182,16,2,2,0,0,20,0.8
1183,16,2,1,0,0,19,0.8421052631578947
1184,14,2,1,0,0,17,0.8235294117647058
1185,15,2,1,0,0,18,0.8333333333333334
1186,15,2,1,0,0,18,0.8333333333333334
1187,15,2,1,0,0,18,0.8333333333333334
1188,13,2,1,0,0,16,0.8125
1189,13,2,1,0,0,16,0.8125
1190,13,2,1,0,0,16,0.8125
1191,15,2,1,0,0,18,0.8333333333333334
1192,14,2,1,0,0,17,0.8235294117647058
1193,14,2,1,0,0,17,0.8235294117647058
1194,15,2,1,0,0,18,0.8333333333333334
1195,15,2,1,0,0,18,0.8333333333333334
1196,15,2,1,0,0,18,0.8333333333333334
1197,14,2,1,0,0,17,0.8235294117647058
1198,14,2,2,0,0,18,0.7777777777777778
1199,15,2,1,0,0,18,0.8333333333333334
1200,15,2,1,0,0,18,0.8333333333333334
1201,15,2,1,0,0,18,0.8333333333333334
1202,15,2,1,0,0,18,0.8333333333333334
1203,15,2,1,0,0,18,0.8333333333333334
1204,15,2,1,0,0,18,0.8333333333333334
1205,15,2,1,0,0,18,0.8333333333333334
1206,15,2,1,0,0,18,0.8333333333333334
1207,15,2,1,0,0,18,0.8333333333333334
1208,15,2,1,0,0,18,0.8333333333333334
1209,14,2,1,0,0,17,0.8235294117647058
1210,15,2,1,0,0,18,0.8333333333333334
1211,14,2,1,0,0,17,0.8235294117647058
1212,14,2,1,0,0,17,0.8235294117647058
1213,15,2,1,0,0,18,0.8333333333333334
1214,15,2,1,0,0,18,0.8333333333333334
1215,15,2,1,0,0,18,0.8333333333333334
1216,14,2,1,0,0,17,0.8235294117647058
1217,14,2,1,0,0,17,0.8235294117647058
1218,14,1,1,0,0,16,0.875
1219,15,2,1,0,0,18,0.8333333333333334
1220,13,2,1,0,0,16,0.8125
1221,14,2,1,0,0,17,0.8235294117647058
1222,15,2,1,0,0,18,0.8333333333333334
1223,14,2,1,0,0,17,0.8235294117647058
1224,16,2,1,0,0,19,0.8421052631578947
1225,14,2,1,0,0,17,0.8235294117647058
1226,15,2,1,0,0,18,0.8333333333333334
1227,15,2,1,0,0,18,0.8333333333333334
1228,15,2,1,0,0,18,0.8333333333333334
1229,15,2,1,0,0,18,0.8333333333333334
1230,15,2,1,0,0,18,0.8333333333333334
1231,13,2,1,0,0,16,0.8125
1232,15,2,1,0,0,18,0.8333333333333334
1233,13,2,1,0,0,16,0.8125
1234,15,2,1,0,0,18,0.8333333333333334
1235,14,2,1,0,0,17,0.8235294117647058
1236,14,2,1,0,0,17,0.8235294117647058
1237,13,2,1,0,0,16,0.8125
1238,14,2,1,0,0,17,0.8235294117647058
1239,15,2,1,0,0,18,0.8333333333333334
1240,14,2,1,0,0,17,0.8235294117647058
1241,15,2,1,0,0,18,0.8333333333333334
1242,15,2,1,0,0,18,0.8333333333333334
1243,15,2,1,0,0,18,0.8333333333333334
1244,14,2,1,0,0,17,0.8235294117647058
1245,15,2,1,0,0,18,0.8333333333333334
1246,15,2,1,0,0,18,0.8333333333333334
1247,15,2,1,0,0,18,0.8333333333333334
1248,15,2,1,0,0,18,0.8333333333333334
1249,14,2,1,0,0,17,0.8235294117647058
1250,14,2,1,0,0,17,0.8235294117647058
1251,15,2,1,0,0,18,0.8333333333333334
1252,15,2,1,0,0,18,0.8333333333333334
1253,14,2,1,0,0,17,0.8235294117647058
1254,15,2,1,0,0,18,0.8333333333333334
1255,16,2,1,0,0,19,0.8421052631578947
1256,14,2,1,0,0,17,0.8235294117647058
1257,14,2,1,0,0,17,0.8235294117647058
1258,15,2,1,0,0,18,0.8333333333333334
1259,14,2,1,0,0,17,0.8235294117647058
1260,15,2,1,0,0,18,0.8333333333333334
1261,15,2,1,0,0,18,0.8333333333333334
1262,13,2,1,0,0,16,0.8125
1263,14,2,1,0,0,17,0.8235294117647058
1264,15,2,1,0,0,18,0.8333333333333334
1265,15,2,1,0,0,18,0.8333333333333334
1266,14,2,1,0,0,17,0.8235294117647058
1267,14,2,2,0,0,18,0.7777777777777778
1268,15,2,1,0,0,18,0.8333333333333334
1269,15,2,1,0,0,18,0.8333333333333334
1270,13,2,1,0,0,16,0.8125
1271,15,2,1,0,0,18,0.8333333333333334
1272,15,2,1,0,0,18,0.8333333333333334
1273,15,2,1,0,0,18,0.8333333333333334
1274,15,2,1,0,0,18,0.8333333333333334
1275,14,2,1,0,0,17,0.8235294117647058
1276,14,2,1,0,0,17,0.8235294117647058
1277,15,2,1,0,0,18,0.8333333333333334
1278,15,2,1,0,0,18,0.8333333333333334
1279,15,2,1,0,0,18,0.8333333333333334
1280,15,2,1,0,0,18,0.8333333333333334
1281,14,2,1,0,0,17,0.8235294117647058
1282,14,2,1,0,0,17,0.8235294117647058
1283,16,2,1,0,0,19,0.8421052631578947
1284,15,2,1,0,0,18,0.8333333333333334
1285,15,2,1,0,0,18,0.8333333333333334
1286,15,2,1,0,0,18,0.8333333333333334
1287,14,2,1,0,0,17,0.8235294117647058
1288,15,2,1,0,0,18,0.8333333333333334
1289,15,2,2,0,0,19,0.7894736842105263
1290,15,2,1,0,0,18,0.8333333333333334
1291,14,2,1,0,0,17,0.8235294117647058
1292,15,2,1,0,0,18,0.8333333333333334
1293,15,2,1,0,0,18,0.8333333333333334
1294,14,2,1,0,0,17,0.8235294117647058
1295,14,2,1,0,0,17,0.8235294117647058
1296,15,2,1,0,0,18,0.8333333333333334
1297,16,2,1,0,0,19,0.8421052631578947
1298,15,2,1,0,0,18,0.8333333333333334
1299,15,2,1,0,0,18,0.8333333333333334
1300,14,2,1,0,0,17,0.8235294117647058
1301,14,2,1,0,0,17,0.8235294117647058
1302,14,2,1,0,0,17,0.8235294117647058
1303,15,2,1,0,0,18,0.8333333333333334
1304,15,2,1,0,0,18,0.8333333333333334
1305,15,2,1,0,0,18,0.8333333333333334
1306,15,2,1,0,0,18,0.8333333333333334
1307,15,2,1,0,0,18,0.8333333333333334
1308,15,2,1,0,0,18,0.8333333333333334
1309,15,2,1,0,0,18,0.8333333333333334
1310,15,2,1,0,0,18,0.8333333333333334
1311,14,2,1,0,0,17,0.8235294117647058
1312,15,2,1,0,0,18,0.8333333333333334
1313,14,2,1,0,0,17,0.8235294117647058
1314,15,2,1,0,0,18,0.8333333333333334
1315,15,2,1,0,0,18,0.8333333333333334
1316,15,2,1,0,0,18,0.8333333333333334
1317,15,2,1,0,0,18,0.8333333333333334
1318,14,2,1,0,0,17,0.8235294117647058
1319,14,2,1,0,0,17,0.8235294117647058
1320,14,2,1,0,0,17,0.8235294117647058
1321,15,2,1,0,0,18,0.8333333333333334
1322,14,2,1,0,0,17,0.8235294117647058
1323,14,2,1,0,0,17,0.8235294117647058
1324,14,2,1,0,0,17,0.8235294117647058
1325,15,2,1,0,0,18,0.8333333333333334
1326,14,2,1,0,0,17,0.8235294117647058
1327,15,2,1,0,0,18,0.8333333333333334
1328,13,2,1,0,0,16,0.8125
1329,15,2,1,0,0,18,0.8333333333333334
1330,15,2,1,0,0,18,0.8333333333333334
1331,16,2,1,0,0,19,0.8421052631578947
1332,13,2,1,0,0,16,0.8125
1333,15,2,1,0,0,18,0.8333333333333334
1334,14,2,1,0,0,17,0.8235294117647058
1335,15,2,1,0,0,18,0.8333333333333334
1336,15,2,1,0,0,18,0.8333333333333334
1337,15,2,1,0,0,18,0.8333333333333334
1338,15,2,2,0,0,19,0.7894736842105263
1339,15,2,1,0,0,18,0.8333333333333334
1340,15,2,1,0,0,18,0.8333333333333334
1341,15,2,1,0,0,18,0.8333333333333334
1342,15,2,1,0,0,18,0.8333333333333334
1343,15,2,1,0,0,18,0.8333333333333334
1344,15,2,1,0,0,18,0.8333333333333334
1345,15,2,1,0,0,18,0.8333333333333334
1346,15,2,1,0,0,18,0.8333333333333334
1347,15,2,1,0,0,18,0.8333333333333334
1348,15,2,1,0,0,18,0.8333333333333334
1349,14,2,1,0,0,17,0.8235294117647058
1350,15,2,1,0,0,18,0.8333333333333334
1351,15,2,1,0,0,18,0.8333333333333334
1352,15,2,1,0,0,18,0.8333333333333334
1353,15,2,1,0,0,18,0.8333333333333334
1354,15,2,1,0,0,18,0.8333333333333334
1355,15,2,1,0,0,18,0.8333333333333334
1356,15,2,1,0,0,18,0.8333333333333334
1357,15,2,1,0,0,18,0.8333333333333334
1358,15,2,1,0,0,18,0.8333333333333334
1359,15,2,1,0,0,18,0.8333333333333334
1360,13,2,1,0,0,16,0.8125
1361,15,2,1,0,0,18,0.8333333333333334
1362,16,2,1,0,0,19,0.8421052631578947
1363,15,2,1,0,0,18,0.8333333333333334
1364,14,2,1,0,0,17,0.8235294117647058
1365,15,2,1,0,0,18,0.8333333333333334
1366,15,2,1,0,0,18,0.8333333333333334
1367,15,2,1,0,0,18,0.8333333333333334
1368,15,2,1,0,0,18,0.8333333333333334
1369,14,2,1,0,0,17,0.8235294117647058
1370,15,2,1,0,0,18,0.8333333333333334
1371,15,2,1,0,0,18,0.8333333333333334
1372,14,2,1,0,0,17,0.8235294117647058
1373,15,2,1,0,0,18,0.8333333333333334
1374,15,2,1,0,0,18,0.8333333333333334
1375,14,2,1,0,0,17,0.8235294117647058
1376,13,2,1,0,0,16,0.8125
1377,15,2,1,0,0,18,0.8333333333333334
1378,15,2,1,0,0,18,0.8333333333333334
1379,13,2,1,0,0,16,0.8125
1380,15,2,1,0,0,18,0.8333333333333334
1381,14,2,1,0,0,17,0.8235294117647058
1382,14,2,1,0,0,17,0.8235294117647058
1383,15,2,1,0,0,18,0.8333333333333334
1384,15,2,1,0,0,18,0.8333333333333334
1385,13,2,1,0,0,16,0.8125
1386,15,2,1,0,0,18,0.8333333333333334
1387,15,2,1,0,0,18,0.8333333333333334
1388,15,2,1,0,0,18,0.8333333333333334
1389,15,2,1,0,0,18,0.8333333333333334
1390,15,2,1,0,0,18,0.8333333333333334
1391,15,2,1,0,0,18,0.8333333333333334
1392,13,2,1,0,0,16,0.8125
1393,14,2,1,0,0,17,0.8235294117647058
1394,15,2,1,0,0,18,0.8333333333333334
1395,15,2,1,0,0,18,0.8333333333333334
1396,15,2,1,0,0,18,0.8333333333333334
1397,14,2,1,0,0,17,0.8235294117647058
1398,14,2,1,0,0,17,0.8235294117647058
1399,15,2,1,0,0,18,0.8333333333333334
1400,14,2,1,0,0,17,0.8235294117647058
1401,13,2,1,0,0,16,0.8125
1402,15,2,1,0,0,18,0.8333333333333334
1403,14,2,1,0,0,17,0.8235294117647058
1404,15,2,1,0,0,18,0.8333333333333334
1405,15,2,1,0,0,18,0.8333333333333334
1406,15,2,1,0,0,18,0.8333333333333334
1407,15,2,1,0,0,18,0.8333333333333334
1408,14,2,1,0,0,17,0.8235294117647058
1409,14,2,1,0,0,17,0.8235294117647058
1410,15,2,1,0,0,18,0.8333333333333334
1411,15,2,1,0,0,18,0.8333333333333334
1412,15,2,1,0,0,18,0.8333333333333334
1413,15,2,1,0,0,18,0.8333333333333334
1414,15,2,1,0,0,18,0.8333333333333334
1415,15,2,1,0,0,18,0.8333333333333334
1416,15,2,1,0,0,18,0.8333333333333334
1417,14,2,1,0,0,17,0.8235294117647058
1418,13,2,1,0,0,16,0.8125
1419,15,2,1,0,0,18,0.8333333333333334
1420,15,2,1,0,0,18,0.8333333333333334
1421,15,2,1,0,0,18,0.8333333333333334
1422,15,2,1,0,0,18,0.8333333333333334
1423,11,2,1,0,0,14,0.7857142857142857
1424,14,2,1,0,0,17,0.8235294117647058
1425,14,2,1,0,0,17,0.8235294117647058
1426,13,2,1,0,0,16,0.8125
1427,14,2,1,0,0,17,0.8235294117647058
1428,14,2,2,0,0,18,0.7777777777777778
1429,15,2,1,0,0,18,0.8333333333333334
1430,14,2,1,0,0,17,0.8235294117647058
1431,15,2,1,0,0,18,0.8333333333333334
1432,15,2,1,0,0,18,0.8333333333333334
1433,15,2,1,0,0,18,0.8333333333333334
1434,15,2,1,0,0,18,0.8333333333333334
1435,15,2,1,0,0,18,0.8333333333333334
1436,14,2,1,0,0,17,0.8235294117647058
1437,15,2,1,0,0,18,0.8333333333333334
1438,14,2,1,0,0,17,0.8235294117647058
1439,14,2,1,0,0,17,0.8235294117647058
1440,15,2,1,0,0,18,0.8333333333333334
1441,15,2,1,0,0,18,0.8333333333333334
1442,15,2,1,0,0,18,0.8333333333333334
1443,15,2,1,0,0,18,0.8333333333333334
1444,15,2,1,0,0,18,0.8333333333333334
1445,15,2,1,0,0,18,0.8333333333333334
1446,13,2,1,0,0,16,0.8125
1447,15,2,1,0,0,18,0.8333333333333334
1448,15,2,1,0,0,18,0.8333333333333334
1449,15,2,1,0,0,18,0.8333333333333334
1450,13,2,1,0,0,16,0.8125
1451,14,2,1,0,0,17,0.8235294117647058
1452,15,2,1,0,0,18,0.8333333333333334
1453,15,2,1,0,0,18,0.8333333333333334
1454,13,2,1,0,0,16,0.8125
1455,13,2,1,0,0,16,0.8125
1456,15,2,1,0,0,18,0.8333333333333334
1457,15,2,1,0,0,18,0.8333333333333334
1458,14,2,1,0,0,17,0.8235294117647058
1459,14,2,1,0,0,17,0.8235294117647058
1460,14,2,1,0,0,17,0.8235294117647058
1461,14,2,1,0,0,17,0.8235294117647058
1462,15,2,1,0,0,18,0.8333333333333334
1463,15,2,1,0,0,18,0.8333333333333334
1464,15,2,1,0,0,18,0.8333333333333334
1465,15,2,1,0,0,18,0.8333333333333334
1466,15,2,1,0,0,18,0.8333333333333334
1467,15,2,1,0,0,18,0.8333333333333334
1468,14,2,1,0,0,17,0.8235294117647058
1469,15,2,1,0,0,18,0.8333333333333334
1470,14,2,1,0,0,17,0.8235294117647058
1471,15,2,1,0,0,18,0.8333333333333334
1472,15,2,1,0,0,18,0.8333333333333334
1473,15,2,1,0,0,18,0.8333333333333334
1474,15,2,1,0,0,18,0.8333333333333334
1475,14,2,1,0,0,17,0.8235294117647058
1476,14,2,1,0,0,17,0.8235294117647058
1477,14,2,1,0,0,17,0.8235294117647058
1478,15,2,1,0,0,18,0.8333333333333334
1479,15,2,1,0,0,18,0.8333333333333334
1480,15,2,1,0,0,18,0.8333333333333334
1481,15,2,1,0,0,18,0.8333333333333334
1482,14,2,1,0,0,17,0.8235294117647058
1483,15,2,1,0,0,18,0.8333333333333334
1484,14,2,1,0,0,17,0.8235294117647058
1485,14,2,1,0,0,17,0.8235294117647058
1486,15,2,1,0,0,18,0.8333333333333334
1487,14,2,1,0,0,17,0.8235294117647058
1488,15,2,1,0,0,18,0.8333333333333334
1489,15,2,1,0,0,18,0.8333333333333334
1490,15,2,1,0,0,18,0.8333333333333334
1491,14,2,1,0,0,17,0.8235294117647058
1492,15,2,1,0,0,18,0.8333333333333334
1493,15,2,1,0,0,18,0.8333333333333334
1494,15,2,1,0,0,18,0.8333333333333334
1495,15,2,1,0,0,18,0.8333333333333334
1496,15,2,1,0,0,18,0.8333333333333334
1497,15,2,1,0,0,18,0.8333333333333334
1498,14,2,1,0,0,17,0.8235294117647058
1499,15,2,1,0,0,18,0.8333333333333334
1500,15,2,1,0,0,18,0.8333333333333334
1501,13,2,2,0,0,17,0.7647058823529411
1502,15,2,1,0,0,18,0.8333333333333334
1503,15,2,2,0,0,19,0.7894736842105263
1504,14,2,1,0,0,17,0.8235294117647058
1505,15,2,1,0,0,18,0.8333333333333334
1506,15,2,1,0,0,18,0.8333333333333334
1507,15,2,1,0,0,18,0.8333333333333334
1508,15,2,1,0,0,18,0.8333333333333334
1509,15,2,1,0,0,18,0.8333333333333334
1510,14,2,1,0,0,17,0.8235294117647058
1511,15,2,1,0,0,18,0.8333333333333334
1512,15,2,1,0,0,18,0.8333333333333334
1513,15,2,1,0,0,18,0.8333333333333334
1514,15,2,1,0,0,18,0.8333333333333334
1515,15,2,1,0,0,18,0.8333333333333334
1516,15,2,1,0,0,18,0.8333333333333334
1517,14,2,1,0,0,17,0.8235294117647058
1518,14,2,1,0,0,17,0.8235294117647058
1519,14,2,2,0,0,18,0.7777777777777778
1520,13,2,1,0,0,16,0.8125
1521,14,2,1,0,0,17,0.8235294117647058
1522,15,2,1,0,0,18,0.8333333333333334
1523,15,2,1,0,0,18,0.8333333333333334
1524,15,2,1,0,0,18,0.8333333333333334
1525,14,2,1,0,0,17,0.8235294117647058
1526,14,2,1,0,0,17,0.8235294117647058
1527,15,2,1,0,0,18,0.8333333333333334
1528,15,2,1,0,0,18,0.8333333333333334
1529,15,2,1,0,0,18,0.8333333333333334
1530,15,2,1,0,0,18,0.8333333333333334
1531,15,2,1,0,0,18,0.8333333333333334
1532,15,2,1,0,0,18,0.8333333333333334
1533,14,2,1,0,0,17,0.8235294117647058
1534,13,2,1,0,0,16,0.8125
1535,14,2,1,0,0,17,0.8235294117647058
1536,16,2,1,0,0,19,0.8421052631578947
1537,15,2,1,0,0,18,0.8333333333333334
1538,14,2,1,0,0,17,0.8235294117647058
1539,14,2,1,0,0,17,0.8235294117647058
1540,14,2,1,0,0,17,0.8235294117647058
1541,15,2,1,0,0,18,0.8333333333333334
1542,15,2,1,0,0,18,0.8333333333333334
1543,15,2,1,0,0,18,0.8333333333333334
1544,14,2,1,0,0,17,0.8235294117647058
1545,15,2,1,0,0,18,0.8333333333333334
1546,15,2,1,0,0,18,0.8333333333333334
1547,15,2,1,0,0,18,0.8333333333333334
1548,15,2,1,0,0,18,0.8333333333333334
1549,15,2,1,0,0,18,0.8333333333333334
1550,14,2,1,0,0,17,0.8235294117647058
1551,15,2,1,0,0,18,0.8333333333333334
1552,15,2,1,0,0,18,0.8333333333333334
1553,15,2,1,0,0,18,0.8333333333333334
1554,14,2,1,0,0,17,0.8235294117647058
1555,15,2,1,0,0,18,0.8333333333333334
1556,15,2,1,0,0,18,0.8333333333333334
1557,14,2,1,0,0,17,0.8235294117647058
1558,14,2,1,0,0,17,0.8235294117647058
1559,14,2,1,0,0,17,0.8235294117647058
1560,15,2,1,0,0,18,0.8333333333333334
1561,15,2,1,0,0,18,0.8333333333333334
1562,15,2,1,0,0,18,0.8333333333333334
1563,15,2,1,0,0,18,0.8333333333333334
1564,15,2,1,0,0,18,0.8333333333333334
1565,14,2,1,0,0,17,0.8235294117647058
1566,15,2,1,0,0,18,0.8333333333333334
1567,15,2,1,0,0,18,0.8333333333333334
1568,15,2,1,0,0,18,0.8333333333333334
1569,15,2,1,0,0,18,0.8333333333333334
1570,15,2,1,0,0,18,0.8333333333333334
1571,15,2,1,0,0,18,0.8333333333333334
1572,15,2,1,0,0,18,0.8333333333333334
1573,14,2,1,0,0,17,0.8235294117647058
1574,15,2,1,0,0,18,0.8333333333333334
1575,14,2,1,0,0,17,0.8235294117647058
1576,14,2,1,0,0,17,0.8235294117647058
1577,15,2,1,0,0,18,0.8333333333333334
1578,14,2,1,0,0,17,0.8235294117647058
1579,15,2,1,0,0,18,0.8333333333333334
1580,15,2,1,0,0,18,0.8333333333333334
1581,15,2,1,0,0,18,0.8333333333333334
1582,15,2,1,0,0,18,0.8333333333333334
1583,15,2,1,0,0,18,0.8333333333333334
1584,15,2,1,0,0,18,0.8333333333333334
1585,14,2,1,0,0,17,0.8235294117647058
1586,15,2,1,0,0,18,0.8333333333333334
1587,14,2,2,0,0,18,0.7777777777777778
1588,14,2,1,0,0,17,0.8235294117647058
1589,16,2,1,0,0,19,0.8421052631578947
1590,14,2,1,0,0,17,0.8235294117647058
1591,13,2,1,0,0,16,0.8125
1592,16,2,1,0,0,19,0.8421052631578947
1593,14,2,1,0,0,17,0.8235294117647058
1594,15,2,1,0,0,18,0.8333333333333334
1595,13,2,1,0,0,16,0.8125
1596,16,2,1,0,0,19,0.8421052631578947
1597,16,2,2,1,0,21,0.7619047619047619
1598,14,2,2,1,0,19,0.7368421052631579
1599,15,2,2,1,0,20,0.75
1600,15,2,1,0,0,18,0.8333333333333334
1601,15,2,1,0,0,18,0.8333333333333334
1602,15,2,1,0,0,18,0.8333333333333334
1603,15,2,1,0,0,18,0.8333333333333334
1604,15,2,1,0,0,18,0.8333333333333334
1605,15,2,1,0,0,18,0.8333333333333334
1606,12,2,1,0,0,15,0.8
1607,14,2,1,0,0,17,0.8235294117647058
1608,14,2,1,0,0,17,0.8235294117647058
1609,15,2,1,0,0,18,0.8333333333333334
1610,15,2,1,0,0,18,0.8333333333333334
1611,15,2,1,0,0,18,0.8333333333333334
1612,14,2,1,0,0,17,0.8235294117647058
1613,15,2,1,0,0,18,0.8333333333333334
1614,14,2,1,0,0,17,0.8235294117647058
1615,15,2,1,0,0,18,0.8333333333333334
1616,15,2,1,0,0,18,0.8333333333333334
1617,14,2,1,0,0,17,0.8235294117647058
1618,13,2,1,0,0,16,0.8125
1619,13,2,1,0,0,16,0.8125
1620,13,2,1,0,0,16,0.8125
1621,14,2,1,0,0,17,0.8235294117647058
1622,14,2,1,0,0,17,0.8235294117647058
1623,15,2,1,0,0,18,0.8333333333333334
1624,14,2,1,0,0,17,0.8235294117647058
1625,14,2,1,0,0,17,0.8235294117647058
1626,14,2,1,0,0,17,0.8235294117647058
1627,14,2,1,0,0,17,0.8235294117647058
1628,15,2,1,0,0,18,0.8333333333333334
1629,15,2,1,0,0,18,0.8333333333333334
1630,15,2,1,0,0,18,0.8333333333333334
1631,15,2,1,0,0,18,0.8333333333333334
1632,15,2,1,0,0,18,0.8333333333333334
1633,15,2,1,0,0,18,0.8333333333333334
1634,15,2,1,0,0,18,0.8333333333333334
1635,15,2,1,0,0,18,0.8333333333333334
1636,15,2,1,0,0,18,0.8333333333333334
1637,15,2,1,0,0,18,0.8333333333333334
1638,13,2,1,0,0,16,0.8125
1639,15,2,1,0,0,18,0.8333333333333334
1640,15,2,1,0,0,18,0.8333333333333334
1641,15,2,1,0,0,18,0.8333333333333334
1642,15,2,1,0,0,18,0.8333333333333334
1643,15,2,1,0,0,18,0.8333333333333334
1644,15,2,1,0,0,18,0.8333333333333334
1645,15,2,1,0,0,18,0.8333333333333334
1646,15,2,1,0,0,18,0.8333333333333334
1647,15,2,1,0,0,18,0.8333333333333334
1648,15,2,1,0,0,18,0.8333333333333334
1649,15,2,1,0,0,18,0.8333333333333334
1650,15,2,1,0,0,18,0.8333333333333334
1651,15,2,1,0,0,18,0.8333333333333334
1652,15,2,1,0,0,18,0.8333333333333334
1653,15,2,1,0,0,18,0.8333333333333334
1654,15,2,1,0,0,18,0.8333333333333334
1655,14,2,1,0,0,17,0.8235294117647058
1656,15,2,1,0,0,18,0.8333333333333334
1657,15,2,1,0,0,18,0.8333333333333334
1658,13,2,1,0,0,16,0.8125
1659,15,2,1,0,0,18,0.8333333333333334
1660,15,2,1,0,0,18,0.8333333333333334
1661,14,2,1,0,0,17,0.8235294117647058
1662,15,2,1,0,0,18,0.8333333333333334
1663,15,2,1,0,0,18,0.8333333333333334
1664,15,2,1,0,0,18,0.8333333333333334
1665,13,2,1,0,0,16,0.8125
1666,14,2,1,0,0,17,0.8235294117647058
1667,15,2,1,0,0,18,0.8333333333333334
1668,14,2,1,0,0,17,0.8235294117647058
1669,16,2,1,0,0,19,0.8421052631578947
1670,15,2,1,0,0,18,0.8333333333333334
1671,15,2,1,0,0,18,0.8333333333333334
1672,14,2,1,0,0,17,0.8235294117647058
1673,14,2,1,0,0,17,0.8235294117647058
1674,13,2,1,0,0,16,0.8125
1675,15,2,1,0,0,18,0.8333333333333334
1676,15,2,1,0,0,18,0.8333333333333334
1677,14,2,1,0,0,17,0.8235294117647058
1678,15,2,1,0,0,18,0.8333333333333334
1679,14,2,1,0,0,17,0.8235294117647058
1680,14,2,1,0,0,17,0.8235294117647058
1681,13,2,1,0,0,16,0.8125
1682,14,2,1,0,0,17,0.8235294117647058
1683,14,2,1,0,0,17,0.8235294117647058
1684,14,2,1,0,0,17,0.8235294117647058
1685,14,2,1,0,0,17,0.8235294117647058
1686,13,2,1,0,0,16,0.8125
1687,13,2,1,0,0,16,0.8125
1688,14,2,1,0,0,17,0.8235294117647058
1689,13,2,1,0,0,16,0.8125
1690,14,2,1,0,0,17,0.8235294117647058
1691,14,2,1,0,0,17,0.8235294117647058
1692,14,2,1,0,0,17,0.8235294117647058
1693,14,2,1,0,0,17,0.8235294117647058
1694,12,2,1,0,0,15,0.8
1695,14,2,1,0,0,17,0.8235294117647058
1696,13,2,1,0,0,16,0.8125
1697,14,2,1,0,0,17,0.8235294117647058
1698,12,2,1,0,0,15,0.8
1699,15,2,1,0,0,18,0.8333333333333334
1700,15,2,1,0,0,18,0.8333333333333334
1701,15,2,1,0,0,18,0.8333333333333334
1702,14,2,1,0,0,17,0.8235294117647058
1703,15,2,1,0,0,18,0.8333333333333334
1704,15,2,1,0,0,18,0.8333333333333334
1705,15,2,1,0,0,18,0.8333333333333334
1706,14,2,1,0,0,17,0.8235294117647058
1707,15,2,1,0,0,18,0.8333333333333334
1708,15,2,1,0,0,18,0.8333333333333334
1709,14,2,1,0,0,17,0.8235294117647058
1710,15,2,1,0,0,18,0.8333333333333334
1711,15,2,1,0,0,18,0.8333333333333334
1712,13,2,1,0,0,16,0.8125
1713,15,2,1,0,0,18,0.8333333333333334
1714,14,2,1,0,0,17,0.8235294117647058
1715,16,2,1,0,0,19,0.8421052631578947
1716,15,2,1,0,0,18,0.8333333333333334
1717,14,2,1,0,0,17,0.8235294117647058
1718,14,2,1,0,0,17,0.8235294117647058
1719,15,2,1,0,0,18,0.8333333333333334
1720,15,2,1,0,0,18,0.8333333333333334
1721,15,2,1,0,0,18,0.8333333333333334
1722,15,2,1,0,0,18,0.8333333333333334
1723,16,2,1,0,0,19,0.8421052631578947
1724,16,2,1,0,0,19,0.8421052631578947
1725,15,2,1,0,0,18,0.8333333333333334
1726,15,2,1,0,0,18,0.8333333333333334
1727,15,2,1,0,0,18,0.8333333333333334
1728,15,2,1,0,0,18,0.8333333333333334
1729,14,2,1,0,0,17,0.8235294117647058
1730,15,2,1,0,0,18,0.8333333333333334
1731,13,2,1,0,0,16,0.8125
1732,15,2,1,0,0,18,0.8333333333333334
1733,15,2,1,0,0,18,0.8333333333333334
1734,15,2,1,0,0,18,0.8333333333333334
1735,15,2,1,0,0,18,0.8333333333333334
1736,14,2,1,0,0,17,0.8235294117647058
1737,15,2,1,0,0,18,0.8333333333333334
1738,15,2,1,0,0,18,0.8333333333333334
1739,15,2,1,0,0,18,0.8333333333333334
1740,14,2,1,0,0,17,0.8235294117647058
1741,14,2,1,0,0,17,0.8235294117647058
1742,15,2,1,0,0,18,0.8333333333333334
1743,15,2,1,0,0,18,0.8333333333333334
1744,14,2,1,0,0,17,0.8235294117647058
1745,14,2,1,0,0,17,0.8235294117647058
1746,15,2,1,0,0,18,0.8333333333333334
1747,15,2,1,0,0,18,0.8333333333333334
1748,15,2,1,0,0,18,0.8333333333333334
1749,16,2,1,0,0,19,0.8421052631578947
1750,15,2,1,0,0,18,0.8333333333333334
1751,14,2,1,1,0,18,0.7777777777777778
1752,14,2,1,0,0,17,0.8235294117647058
1753,15,2,1,0,0,18,0.8333333333333334
1754,15,2,1,0,0,18,0.8333333333333334
1755,13,2,1,0,0,16,0.8125
1756,15,2,1,0,0,18,0.8333333333333334
1757,15,2,1,0,0,18,0.8333333333333334
1758,14,2,1,0,0,17,0.8235294117647058
1759,11,2,1,0,0,14,0.7857142857142857
1760,14,2,1,0,0,17,0.8235294117647058
1761,15,2,1,0,0,18,0.8333333333333334
1762,16,2,1,0,0,19,0.8421052631578947
1763,16,2,1,0,0,19,0.8421052631578947
1764,15,2,1,0,0,18,0.8333333333333334
1765,15,2,1,0,0,18,0.8333333333333334
1766,14,2,1,0,0,17,0.8235294117647058
1767,15,2,1,0,0,18,0.8333333333333334
1768,14,2,1,0,0,17,0.8235294117647058
1769,15,2,1,0,0,18,0.8333333333333334
1770,15,2,1,0,0,18,0.8333333333333334
1771,13,2,1,0,0,16,0.8125
1772,14,2,1,0,0,17,0.8235294117647058
1773,15,2,1,0,0,18,0.8333333333333334
1774,14,2,1,0,0,17,0.8235294117647058
1775,14,2,1,0,0,17,0.8235294117647058
1776,15,2,1,0,0,18,0.8333333333333334
1777,15,2,1,0,0,18,0.8333333333333334
1778,15,2,1,0,0,18,0.8333333333333334
1779,15,2,1,0,0,18,0.8333333333333334
1780,13,2,1,0,0,16,0.8125
1781,15,2,1,0,0,18,0.8333333333333334
1782,13,2,1,0,0,16,0.8125
1783,14,2,1,0,0,17,0.8235294117647058
1784,15,2,1,0,0,18,0.8333333333333334
1785,14,2,1,0,0,17,0.8235294117647058
1786,14,2,1,0,0,17,0.8235294117647058
1787,15,2,1,0,0,18,0.8333333333333334
1788,14,2,1,0,0,17,0.8235294117647058
1789,13,2,1,0,0,16,0.8125
1790,15,2,1,0,0,18,0.8333333333333334
1791,15,2,1,0,0,18,0.8333333333333334
1792,15,2,1,0,0,18,0.8333333333333334
1793,15,2,1,0,0,18,0.8333333333333334
1794,15,2,1,0,0,18,0.8333333333333334
1795,15,2,1,0,0,18,0.8333333333333334
1796,13,2,1,0,0,16,0.8125
1797,14,2,1,0,0,17,0.8235294117647058
1798,15,2,1,0,0,18,0.8333333333333334
1799,14,2,1,0,0,17,0.8235294117647058
1800,14,2,1,0,0,17,0.8235294117647058
1801,15,2,1,0,0,18,0.8333333333333334
1802,13,2,1,0,0,16,0.8125
1803,15,2,1,0,0,18,0.8333333333333334
1804,14,2,1,0,0,17,0.8235294117647058
1805,13,2,1,0,0,16,0.8125
1806,15,2,1,0,0,18,0.8333333333333334
1807,15,2,1,0,0,18,0.8333333333333334
1808,15,2,1,0,0,18,0.8333333333333334
1809,14,2,1,0,0,17,0.8235294117647058
1810,15,2,1,0,0,18,0.8333333333333334
1811,15,2,1,0,0,18,0.8333333333333334
1812,15,2,1,0,0,18,0.8333333333333334
1813,15,2,1,0,0,18,0.8333333333333334
1814,15,2,1,0,0,18,0.8333333333333334
1815,15,2,1,0,0,18,0.8333333333333334
1816,15,2,1,0,0,18,0.8333333333333334
1817,15,2,1,0,0,18,0.8333333333333334
1818,16,2,1,0,0,19,0.8421052631578947
1819,15,2,1,0,0,18,0.8333333333333334
1820,13,2,1,0,0,16,0.8125
1821,14,2,1,0,0,17,0.8235294117647058
1822,13,2,1,0,0,16,0.8125
1823,15,2,1,0,0,18,0.8333333333333334
1824,15,2,1,0,0,18,0.8333333333333334
1825,14,2,1,0,0,17,0.8235294117647058
1826,14,2,1,0,0,17,0.8235294117647058
1827,15,2,1,0,0,18,0.8333333333333334
1828,16,2,1,0,0,19,0.8421052631578947
1829,15,2,1,0,0,18,0.8333333333333334
1830,15,2,1,0,0,18,0.8333333333333334
1831,15,2,1,0,0,18,0.8333333333333334
1832,14,2,1,0,0,17,0.8235294117647058
1833,13,2,1,0,0,16,0.8125
1834,15,2,1,0,0,18,0.8333333333333334
1835,15,2,1,0,0,18,0.8333333333333334
1836,15,2,1,0,0,18,0.8333333333333334
1837,15,2,1,0,0,18,0.8333333333333334
1838,15,2,1,0,0,18,0.8333333333333334
1839,14,2,1,0,0,17,0.8235294117647058
1840,15,2,1,0,0,18,0.8333333333333334
1841,13,2,1,0,0,16,0.8125
1842,15,2,1,0,0,18,0.8333333333333334
1843,15,2,1,0,0,18,0.8333333333333334
1844,14,2,1,0,0,17,0.8235294117647058
1845,14,2,1,0,0,17,0.8235294117647058
1846,15,2,1,0,0,18,0.8333333333333334
1847,15,2,1,0,0,18,0.8333333333333334
1848,14,2,1,0,0,17,0.8235294117647058
1849,15,2,1,0,0,18,0.8333333333333334
1850,15,2,1,0,0,18,0.8333333333333334
1851,15,2,1,0,0,18,0.8333333333333334
1852,15,2,1,0,0,18,0.8333333333333334
1853,15,2,1,0,0,18,0.8333333333333334
1854,14,2,1,0,0,17,0.8235294117647058
1855,15,2,1,0,0,18,0.8333333333333334
1856,15,2,1,0,0,18,0.8333333333333334
1857,15,2,1,0,0,18,0.8333333333333334
1858,15,2,1,0,0,18,0.8333333333333334
1859,14,2,1,0,0,17,0.8235294117647058
1860,15,2,1,0,0,18,0.8333333333333334
1861,14,2,1,0,0,17,0.8235294117647058
1862,14,2,1,0,0,17,0.8235294117647058
1863,14,2,1,0,0,17,0.8235294117647058
1864,14,2,1,0,0,17,0.8235294117647058
1865,15,2,1,0,0,18,0.8333333333333334
1866,15,2,1,0,0,18,0.8333333333333334
1867,14,2,1,0,0,17,0.8235294117647058
1868,15,2,1,0,0,18,0.8333333333333334
1869,14,2,1,0,0,17,0.8235294117647058
1870,14,2,1,0,0,17,0.8235294117647058
1871,15,2,1,0,0,18,0.8333333333333334
1872,15,2,1,0,0,18,0.8333333333333334
1873,15,2,1,0,0,18,0.8333333333333334
1874,15,2,1,0,0,18,0.8333333333333334
1875,14,2,1,0,0,17,0.8235294117647058
1876,14,2,1,0,0,17,0.8235294117647058
1877,15,2,1,0,0,18,0.8333333333333334
1878,15,2,1,0,0,18,0.8333333333333334
1879,13,2,1,0,0,16,0.8125
1880,14,2,1,0,0,17,0.8235294117647058
1881,14,2,1,0,0,17,0.8235294117647058
1882,13,2,1,0,0,16,0.8125
1883,14,2,1,0,0,17,0.8235294117647058
1884,13,2,1,1,0,17,0.7647058823529411
1885,14,2,1,0,0,17,0.8235294117647058
1886,14,2,1,0,0,17,0.8235294117647058
1887,14,2,1,0,0,17,0.8235294117647058
1888,15,2,1,0,0,18,0.8333333333333334
1889,14,2,1,0,0,17,0.8235294117647058
1890,13,2,1,0,0,16,0.8125
1891,14,2,1,0,0,17,0.8235294117647058
1892,15,2,1,0,0,18,0.8333333333333334
1893,15,2,1,0,0,18,0.8333333333333334
1894,15,2,1,0,0,18,0.8333333333333334
1895,15,2,1,0,0,18,0.8333333333333334
1896,12,2,1,0,0,15,0.8
1897,14,2,1,0,0,17,0.8235294117647058
1898,15,2,1,0,0,18,0.8333333333333334
1899,14,2,1,0,0,17,0.8235294117647058
1900,14,2,1,0,0,17,0.8235294117647058
1901,15,2,1,0,0,18,0.8333333333333334
1902,15,2,1,0,0,18,0.8333333333333334
1903,15,2,1,0,0,18,0.8333333333333334
1904,15,2,1,0,0,18,0.8333333333333334
1905,15,2,1,0,0,18,0.8333333333333334
1906,14,2,1,0,0,17,0.8235294117647058
1907,14,2,1,0,0,17,0.8235294117647058
1908,16,2,1,0,0,19,0.8421052631578947
1909,15,2,1,0,0,18,0.8333333333333334
1910,15,2,1,0,0,18,0.8333333333333334
1911,14,2,1,0,0,17,0.8235294117647058
1912,14,2,1,0,0,17,0.8235294117647058
1913,15,2,1,0,0,18,0.8333333333333334
1914,15,2,1,0,0,18,0.8333333333333334
1915,15,2,1,0,0,18,0.8333333333333334
1916,15,2,1,0,0,18,0.8333333333333334
1917,15,2,1,0,0,18,0.8333333333333334
1918,16,2,1,0,0,19,0.8421052631578947
1919,14,2,1,0,0,17,0.8235294117647058
1920,15,2,1,0,0,18,0.8333333333333334
1921,15,2,1,0,0,18,0.8333333333333334
1922,15,2,1,0,0,18,0.8333333333333334
1923,15,2,1,0,0,18,0.8333333333333334
1924,14,2,1,0,0,17,0.8235294117647058
1925,15,2,1,0,0,18,0.8333333333333334
1926,14,2,1,0,0,17,0.8235294117647058
1927,15,2,1,0,0,18,0.8333333333333334
1928,14,2,1,0,0,17,0.8235294117647058
1929,15,2,1,0,0,18,0.8333333333333334
1930,15,2,1,0,0,18,0.8333333333333334
1931,15,2,1,0,0,18,0.8333333333333334
1932,15,2,1,0,0,18,0.8333333333333334
1933,15,2,1,0,0,18,0.8333333333333334
1934,13,2,1,0,0,16,0.8125
1935,15,2,1,0,0,18,0.8333333333333334
1936,15,2,1,0,0,18,0.8333333333333334
1937,15,2,1,0,0,18,0.8333333333333334
1938,15,2,1,0,0,18,0.8333333333333334
1939,15,2,1,0,0,18,0.8333333333333334
1940,15,2,1,0,0,18,0.8333333333333334
1941,16,2,1,0,0,19,0.8421052631578947
1942,15,2,1,0,0,18,0.8333333333333334
1943,15,2,1,0,0,18,0.8333333333333334
1944,15,2,1,0,0,18,0.8333333333333334
1945,14,2,1,0,0,17,0.8235294117647058
1946,14,2,1,0,0,17,0.8235294117647058
1947,15,2,1,0,0,18,0.8333333333333334
1948,15,2,1,0,0,18,0.8333333333333334
1949,15,2,1,0,0,18,0.8333333333333334
1950,14,2,1,0,0,17,0.8235294117647058
1951,14,2,1,0,0,17,0.8235294117647058
1952,15,2,1,0,0,18,0.8333333333333334
1953,14,2,1,0,0,17,0.8235294117647058
1954,15,2,1,0,0,18,0.8333333333333334
1955,14,2,1,0,0,17,0.8235294117647058
1956,13,2,1,0,0,16,0.8125
1957,15,2,1,0,0,18,0.8333333333333334
1958,15,2,1,0,0,18,0.8333333333333334
1959,15,2,1,0,0,18,0.8333333333333334
1960,13,2,1,0,0,16,0.8125
1961,15,2,1,0,0,18,0.8333333333333334
1962,15,2,1,0,0,18,0.8333333333333334
1963,12,2,1,0,0,15,0.8
1964,15,2,2,0,0,19,0.7894736842105263
1965,15,2,1,0,0,18,0.8333333333333334
1966,15,2,1,0,0,18,0.8333333333333334
1967,15,2,1,0,0,18,0.8333333333333334
1968,14,2,1,0,0,17,0.8235294117647058
1969,13,2,1,0,0,16,0.8125
1970,15,2,2,0,0,19,0.7894736842105263
1971,14,2,1,0,0,17,0.8235294117647058
1972,15,2,1,0,0,18,0.8333333333333334
1973,14,2,1,0,0,17,0.8235294117647058
1974,15,2,1,0,0,18,0.8333333333333334
1975,15,2,1,0,0,18,0.8333333333333334
1976,15,2,1,0,0,18,0.8333333333333334
1977,15,2,1,0,0,18,0.8333333333333334
1978,15,2,2,0,0,19,0.7894736842105263
1979,15,2,1,0,0,18,0.8333333333333334
1980,14,2,1,0,0,17,0.8235294117647058
1981,15,2,1,0,0,18,0.8333333333333334
1982,15,2,1,0,0,18,0.8333333333333334
1983,15,2,1,0,0,18,0.8333333333333334
1984,15,2,1,0,0,18,0.8333333333333334
1985,15,2,1,0,0,18,0.8333333333333334
1986,15,2,1,0,0,18,0.8333333333333334
1987,15,2,1,0,0,18,0.8333333333333334
1988,15,2,1,0,0,18,0.8333333333333334
1989,15,2,1,0,0,18,0.8333333333333334
1990,15,2,1,0,0,18,0.8333333333333334
1991,14,2,1,0,0,17,0.8235294117647058
1992,15,2,1,0,0,18,0.8333333333333334
1993,14,2,1,0,0,17,0.8235294117647058
1994,15,2,1,0,0,18,0.8333333333333334
1995,12,2,1,0,0,15,0.8
1996,15,2,1,0,0,18,0.8333333333333334
1997,15,2,2,0,0,19,0.7894736842105263
1998,15,2,1,0,0,18,0.8333333333333334
1999,15,2,1,0,0,18,0.8333333333333334
2000,15,2,1,0,0,18,0.8333333333333334
2001,15,2,1,0,0,18,0.8333333333333334
2002,15,2,1,0,0,18,0.8333333333333334
2003,14,2,1,0,0,17,0.8235294117647058
2004,14,2,1,1,0,18,0.7777777777777778
2005,15,2,1,0,0,18,0.8333333333333334
2006,15,2,1,0,0,18,0.8333333333333334
2007,15,2,1,0,0,18,0.8333333333333334
2008,16,2,1,0,0,19,0.8421052631578947
2009,15,2,2,1,0,20,0.75
2010,15,2,1,0,0,18,0.8333333333333334
2011,15,2,1,0,0,18,0.8333333333333334
2012,15,2,1,0,0,18,0.8333333333333334
2013,15,2,1,0,0,18,0.8333333333333334
2014,14,2,1,0,0,17,0.8235294117647058
2015,15,2,1,0,0,18,0.8333333333333334
2016,15,2,1,0,0,18,0.8333333333333334
2017,15,2,1,0,0,18,0.8333333333333334
2018,15,2,1,0,0,18,0.8333333333333334
2019,15,2,1,0,0,18,0.8333333333333334
2020,14,2,1,0,0,17,0.8235294117647058
2021,14,2,1,0,0,17,0.8235294117647058
2022,15,2,1,0,0,18,0.8333333333333334
2023,15,2,1,0,0,18,0.8333333333333334
2024,15,2,1,0,0,18,0.8333333333333334
2025,15,2,1,0,0,18,0.8333333333333334
2026,15,2,1,0,0,18,0.8333333333333334
2027,13,2,1,0,0,16,0.8125
2028,15,2,2,0,0,19,0.7894736842105263
2029,15,2,1,0,0,18,0.8333333333333334
2030,14,2,2,0,0,18,0.7777777777777778
2031,15,2,1,0,0,18,0.8333333333333334
2032,15,2,1,0,0,18,0.8333333333333334
2033,15,2,1,0,0,18,0.8333333333333334
2034,15,2,1,0,0,18,0.8333333333333334
2035,15,2,1,0,0,18,0.8333333333333334
2036,14,2,1,0,0,17,0.8235294117647058
2037,15,2,1,0,0,18,0.8333333333333334
2038,15,2,1,0,0,18,0.8333333333333334
2039,15,2,1,0,0,18,0.8333333333333334
2040,15,2,1,0,0,18,0.8333333333333334
2041,14,2,1,0,0,17,0.8235294117647058
2042,14,2,1,0,0,17,0.8235294117647058
2043,15,2,1,0,0,18,0.8333333333333334
2044,15,2,1,0,0,18,0.8333333333333334
2045,15,2,1,0,0,18,0.8333333333333334
2046,15,2,1,0,0,18,0.8333333333333334
2047,16,2,1,0,0,19,0.8421052631578947
2048,13,2,1,0,0,16,0.8125
2049,14,2,1,0,0,17,0.8235294117647058
2050,15,2,1,0,0,18,0.8333333333333334
2051,15,2,1,0,0,18,0.8333333333333334
2052,15,2,1,0,0,18,0.8333333333333334
2053,15,2,1,0,0,18,0.8333333333333334
2054,14,2,1,0,0,17,0.8235294117647058
2055,15,2,1,0,0,18,0.8333333333333334
2056,15,2,1,0,0,18,0.8333333333333334
2057,15,2,1,0,0,18,0.8333333333333334
2058,12,2,1,0,0,15,0.8
2059,15,2,1,0,0,18,0.8333333333333334
2060,15,2,1,0,0,18,0.8333333333333334
2061,15,2,1,0,0,18,0.8333333333333334
2062,15,2,1,0,0,18,0.8333333333333334
2063,13,2,1,0,0,16,0.8125
2064,14,2,1,0,0,17,0.8235294117647058
2065,15,2,1,0,0,18,0.8333333333333334
2066,15,2,1,0,0,18,0.8333333333333334
2067,14,2,1,0,0,17,0.8235294117647058
2068,15,2,1,0,0,18,0.8333333333333334
2069,15,2,1,0,0,18,0.8333333333333334
2070,15,2,1,0,0,18,0.8333333333333334
2071,15,2,1,0,0,18,0.8333333333333334
2072,15,2,1,0,0,18,0.8333333333333334
2073,15,2,1,0,0,18,0.8333333333333334
2074,15,2,1,0,0,18,0.8333333333333334
2075,15,2,1,0,0,18,0.8333333333333334
2076,15,2,1,0,0,18,0.8333333333333334
2077,15,2,1,0,0,18,0.8333333333333334
2078,15,2,1,0,0,18,0.8333333333333334
2079,15,2,1,0,0,18,0.8333333333333334
2080,15,2,1,0,0,18,0.8333333333333334
2081,15,2,1,0,0,18,0.8333333333333334
2082,15,2,1,0,0,18,0.8333333333333334
2083,15,2,1,0,0,18,0.8333333333333334
2084,15,2,1,0,0,18,0.8333333333333334
2085,13,2,1,0,0,16,0.8125
2086,16,2,1,0,0,19,0.8421052631578947
2087,14,2,1,0,0,17,0.8235294117647058
2088,11,2,1,0,0,14,0.7857142857142857
2089,16,2,1,0,0,19,0.8421052631578947
2090,15,2,1,0,0,18,0.8333333333333334
2091,14,2,1,0,0,17,0.8235294117647058
2092,15,2,1,0,0,18,0.8333333333333334
2093,15,2,1,0,0,18,0.8333333333333334
2094,15,2,1,0,0,18,0.8333333333333334
2095,15,2,1,0,0,18,0.8333333333333334
2096,15,2,1,0,0,18,0.8333333333333334
2097,15,2,1,0,0,18,0.8333333333333334
2098,15,2,1,0,0,18,0.8333333333333334
2099,15,2,1,0,0,18,0.8333333333333334
2100,14,2,1,0,0,17,0.8235294117647058
2101,14,2,1,0,0,17,0.8235294117647058
2102,14,2,1,0,0,17,0.8235294117647058
2103,15,2,1,0,0,18,0.8333333333333334
2104,15,2,1,0,0,18,0.8333333333333334
2105,15,2,1,0,0,18,0.8333333333333334
2106,15,2,1,0,0,18,0.8333333333333334
2107,14,2,1,0,0,17,0.8235294117647058
2108,14,2,1,0,0,17,0.8235294117647058
2109,15,2,1,0,0,18,0.8333333333333334
2110,14,2,1,0,0,17,0.8235294117647058
2111,15,2,1,0,0,18,0.8333333333333334
2112,15,2,1,0,0,18,0.8333333333333334
2113,15,2,1,0,0,18,0.8333333333333334
2114,15,2,1,0,0,18,0.8333333333333334
2115,13,2,1,0,0,16,0.8125
2116,14,2,1,0,0,17,0.8235294117647058
2117,14,2,1,0,0,17,0.8235294117647058
2118,15,2,1,0,0,18,0.8333333333333334
2119,12,1,1,0,0,14,0.8571428571428571
2120,15,2,1,0,0,18,0.8333333333333334
2121,14,2,1,0,0,17,0.8235294117647058
2122,15,2,1,0,0,18,0.8333333333333334
2123,15,2,1,0,0,18,0.8333333333333334
2124,15,2,1,0,0,18,0.8333333333333334
2125,15,2,1,0,0,18,0.8333333333333334
2126,14,2,1,0,0,17,0.8235294117647058
2127,14,2,1,0,0,17,0.8235294117647058
2128,15,2,1,0,0,18,0.8333333333333334
2129,14,2,1,0,0,17,0.8235294117647058
2130,15,2,1,0,0,18,0.8333333333333334
2131,14,2,1,0,0,17,0.8235294117647058
2132,15,2,1,0,0,18,0.8333333333333334
2133,15,2,1,0,0,18,0.8333333333333334
2134,15,2,1,0,0,18,0.8333333333333334
2135,15,2,2,0,0,19,0.7894736842105263
2136,15,2,1,0,0,18,0.8333333333333334
2137,14,2,1,0,0,17,0.8235294117647058
2138,12,2,2,0,0,16,0.75
2139,15,2,1,0,0,18,0.8333333333333334
2140,14,2,1,0,0,17,0.8235294117647058
2141,14,2,1,0,0,17,0.8235294117647058
2142,15,2,1,0,0,18,0.8333333333333334
2143,15,2,1,0,0,18,0.8333333333333334
2144,15,2,1,0,0,18,0.8333333333333334
2145,15,2,1,0,0,18,0.8333333333333334
2146,15,2,1,0,0,18,0.8333333333333334
2147,15,2,1,0,0,18,0.8333333333333334
2148,15,2,1,0,0,18,0.8333333333333334
2149,15,2,1,0,0,18,0.8333333333333334
2150,15,2,1,0,0,18,0.8333333333333334
2151,15,2,1,0,0,18,0.8333333333333334
2152,14,2,1,0,0,17,0.8235294117647058
2153,15,2,1,0,0,18,0.8333333333333334
2154,15,2,1,0,0,18,0.8333333333333334
2155,15,2,1,0,0,18,0.8333333333333334
2156,15,2,1,0,0,18,0.8333333333333334
2157,15,2,1,0,0,18,0.8333333333333334
2158,15,2,1,0,0,18,0.8333333333333334
2159,15,2,1,0,0,18,0.8333333333333334
2160,14,2,1,0,0,17,0.8235294117647058
2161,15,2,1,0,0,18,0.8333333333333334
2162,15,2,1,0,0,18,0.8333333333333334
2163,15,2,1,0,0,18,0.8333333333333334
2164,15,2,1,0,0,18,0.8333333333333334
2165,14,2,1,0,0,17,0.8235294117647058
2166,13,2,1,0,0,16,0.8125
2167,14,2,1,0,0,17,0.8235294117647058
2168,15,2,1,0,0,18,0.8333333333333334
2169,15,1,1,0,0,17,0.8823529411764706
2170,15,2,1,0,0,18,0.8333333333333334
2171,15,2,1,0,0,18,0.8333333333333334
2172,15,2,1,0,0,18,0.8333333333333334
2173,14,2,1,0,0,17,0.8235294117647058
2174,13,2,1,0,0,16,0.8125
2175,15,2,1,0,0,18,0.8333333333333334
2176,14,2,1,0,0,17,0.8235294117647058
2177,12,2,1,0,0,15,0.8
2178,14,2,1,0,0,17,0.8235294117647058
2179,15,2,1,0,0,18,0.8333333333333334
2180,14,2,1,0,0,17,0.8235294117647058
2181,15,2,1,0,0,18,0.8333333333333334
2182,15,2,1,0,0,18,0.8333333333333334
2183,15,2,1,0,0,18,0.8333333333333334
2184,15,2,1,0,0,18,0.8333333333333334
2185,15,2,1,0,0,18,0.8333333333333334
2186,14,2,1,0,0,17,0.8235294117647058
2187,14,2,1,0,0,17,0.8235294117647058
2188,14,2,1,0,0,17,0.8235294117647058
2189,15,2,1,0,0,18,0.8333333333333334
2190,12,2,1,0,0,15,0.8
2191,15,2,1,0,0,18,0.8333333333333334
2192,15,2,1,0,0,18,0.8333333333333334
2193,13,2,1,0,0,16,0.8125
2194,14,2,1,0,0,17,0.8235294117647058
2195,15,2,1,0,0,18,0.8333333333333334
2196,13,2,1,0,0,16,0.8125
2197,14,1,1,0,0,16,0.875
2198,14,2,1,0,0,17,0.8235294117647058
2199,15,2,1,0,0,18,0.8333333333333334
2200,13,2,1,0,0,16,0.8125
2201,15,2,1,0,0,18,0.8333333333333334
2202,15,2,1,0,0,18,0.8333333333333334
2203,14,2,1,0,0,17,0.8235294117647058
2204,12,2,1,0,0,15,0.8
2205,11,2,1,0,0,14,0.7857142857142857
2206,13,2,1,0,0,16,0.8125
2207,14,2,1,0,0,17,0.8235294117647058
2208,15,2,1,0,0,18,0.8333333333333334
2209,13,2,1,0,0,16,0.8125
2210,14,2,1,0,0,17,0.8235294117647058
2211,14,2,1,0,0,17,0.8235294117647058
2212,15,2,1,0,0,18,0.8333333333333334
2213,16,1,1,0,0,18,0.8888888888888888
2214,14,2,1,0,0,17,0.8235294117647058
2215,15,2,1,0,0,18,0.8333333333333334
2216,13,2,1,0,0,16,0.8125
2217,15,2,1,0,0,18,0.8333333333333334
2218,15,2,1,0,0,18,0.8333333333333334
2219,14,2,1,0,0,17,0.8235294117647058
2220,14,2,1,0,0,17,0.8235294117647058
2221,14,2,1,0,0,17,0.8235294117647058
2222,15,2,1,0,0,18,0.8333333333333334
2223,15,2,1,0,0,18,0.8333333333333334
2224,14,2,1,0,0,17,0.8235294117647058
2225,12,2,1,0,0,15,0.8
2226,15,2,1,0,0,18,0.8333333333333334
2227,14,2,1,0,0,17,0.8235294117647058
2228,14,2,1,0,0,17,0.8235294117647058
2229,15,2,1,0,0,18,0.8333333333333334
2230,15,2,1,0,0,18,0.8333333333333334
2231,14,2,1,0,0,17,0.8235294117647058
2232,14,2,1,0,0,17,0.8235294117647058
2233,12,2,1,0,0,15,0.8
2234,15,2,1,0,0,18,0.8333333333333334
2235,12,2,1,0,0,15,0.8
2236,13,2,1,0,0,16,0.8125
2237,13,2,1,0,0,16,0.8125
2238,14,2,1,0,0,17,0.8235294117647058
2239,12,2,1,0,0,15,0.8
2240,14,2,1,0,0,17,0.8235294117647058
2241,14,2,1,0,0,17,0.8235294117647058
2242,12,2,1,0,0,15,0.8
2243,14,2,1,0,0,17,0.8235294117647058
2244,13,2,1,0,0,16,0.8125
2245,13,2,1,0,0,16,0.8125
2246,13,2,1,0,0,16,0.8125
2247,14,2,1,0,0,17,0.8235294117647058
2248,13,2,1,0,0,16,0.8125
2249,13,2,1,0,0,16,0.8125
2250,14,2,1,0,0,17,0.8235294117647058
2251,15,1,1,0,0,17,0.8823529411764706
2252,13,2,1,0,0,16,0.8125
2253,15,2,1,0,0,18,0.8333333333333334
2254,15,2,1,0,0,18,0.8333333333333334
2255,15,2,1,0,0,18,0.8333333333333334
2256,14,2,1,0,0,17,0.8235294117647058
2257,13,2,1,0,0,16,0.8125
2258,14,2,1,0,0,17,0.8235294117647058
2259,13,2,1,0,0,16,0.8125
2260,13,2,1,0,0,16,0.8125
2261,14,2,1,0,0,17,0.8235294117647058
2262,14,2,1,0,0,17,0.8235294117647058
2263,14,2,1,0,0,17,0.8235294117647058
2264,14,2,1,0,0,17,0.8235294117647058
2265,14,2,1,0,0,17,0.8235294117647058
2266,14,2,1,0,0,17,0.8235294117647058
2267,14,2,1,0,0,17,0.8235294117647058
2268,15,2,1,0,0,18,0.8333333333333334
2269,13,2,1,0,0,16,0.8125
2270,14,2,1,0,0,17,0.8235294117647058
2271,14,2,1,0,0,17,0.8235294117647058
2272,14,3,1,0,0,18,0.7777777777777778
2273,13,2,1,0,0,16,0.8125
2274,13,2,1,0,0,16,0.8125
2275,14,2,1,0,0,17,0.8235294117647058
2276,13,2,1,0,0,16,0.8125
2277,13,2,1,0,0,16,0.8125
2278,14,2,1,0,0,17,0.8235294117647058
2279,12,2,1,0,0,15,0.8
2280,13,2,1,0,0,16,0.8125
2281,14,2,1,0,0,17,0.8235294117647058
2282,13,2,1,0,0,16,0.8125
2283,13,2,1,0,0,16,0.8125
2284,13,2,1,0,0,16,0.8125
2285,14,2,1,0,0,17,0.8235294117647058
2286,13,2,1,0,0,16,0.8125
2287,13,2,2,0,0,17,0.7647058823529411
2288,14,2,1,0,0,17,0.8235294117647058
2289,14,2,1,0,0,17,0.8235294117647058
2290,14,2,1,0,0,17,0.8235294117647058
2291,14,2,2,0,0,18,0.7777777777777778
2292,14,2,1,0,0,17,0.8235294117647058
2293,13,2,1,0,0,16,0.8125
2294,12,2,1,0,0,15,0.8
2295,15,2,1,0,0,18,0.8333333333333334
2296,14,2,2,0,0,18,0.7777777777777778
2297,15,2,1,0,0,18,0.8333333333333334
2298,15,2,1,0,0,18,0.8333333333333334
2299,13,2,1,0,0,16,0.8125
2300,15,2,1,0,0,18,0.8333333333333334
2301,14,2,1,0,0,17,0.8235294117647058
2302,13,2,1,0,0,16,0.8125
2303,13,2,1,0,0,16,0.8125
2304,13,2,1,0,0,16,0.8125
2305,14,2,1,0,0,17,0.8235294117647058
2306,13,2,1,0,0,16,0.8125
2307,13,2,1,0,0,16,0.8125
2308,13,2,1,0,0,16,0.8125
2309,14,2,1,0,0,17,0.8235294117647058
2310,13,2,1,0,0,16,0.8125
2311,13,2,1,0,0,16,0.8125
2312,12,2,1,0,0,15,0.8
2313,13,2,1,0,0,16,0.8125
2314,14,2,1,0,0,17,0.8235294117647058
2315,13,2,1,0,0,16,0.8125
2316,14,2,1,0,0,17,0.8235294117647058
2317,14,2,1,0,0,17,0.8235294117647058
2318,13,2,1,0,0,16,0.8125
2319,13,2,1,0,0,16,0.8125
2320,14,2,1,0,0,17,0.8235294117647058
2321,14,2,1,0,0,17,0.8235294117647058
2322,12,2,1,0,0,15,0.8
2323,13,2,1,0,0,16,0.8125
2324,13,2,1,0,0,16,0.8125
2325,13,2,1,0,0,16,0.8125
2326,13,2,1,0,0,16,0.8125
2327,14,2,1,0,0,17,0.8235294117647058
2328,15,2,1,0,0,18,0.8333333333333334
2329,13,2,1,0,0,16,0.8125
2330,13,2,1,0,0,16,0.8125
2331,13,2,2,0,0,17,0.7647058823529411
2332,14,1,1,0,0,16,0.875
2333,15,2,1,0,0,18,0.8333333333333334
2334,12,2,1,0,0,15,0.8
2335,13,1,2,0,0,16,0.8125
2336,15,2,1,0,0,18,0.8333333333333334
2337,14,2,2,0,0,18,0.7777777777777778
2338,12,2,1,0,0,15,0.8
2339,13,2,2,0,0,17,0.7647058823529411
2340,14,2,2,0,0,18,0.7777777777777778
2341,13,2,2,0,0,17,0.7647058823529411
2342,14,2,1,0,0,17,0.8235294117647058
2343,13,2,1,0,0,16,0.8125
2344,13,2,1,0,0,16,0.8125
2345,14,2,1,0,0,17,0.8235294117647058
2346,13,2,2,0,0,17,0.7647058823529411
2347,14,2,2,0,0,18,0.7777777777777778
2348,15,1,2,0,0,18,0.8333333333333334
2349,14,2,1,0,0,17,0.8235294117647058
2350,15,2,2,0,0,19,0.7894736842105263
2351,13,1,2,0,0,16,0.8125
2352,15,1,1,0,0,17,0.8823529411764706
2353,14,2,2,0,0,18,0.7777777777777778
2354,13,1,1,0,0,15,0.8666666666666667
2355,14,2,1,0,0,17,0.8235294117647058
2356,13,1,1,0,0,15,0.8666666666666667
2357,13,1,1,0,0,15,0.8666666666666667
2358,14,2,2,0,0,18,0.7777777777777778
2359,13,2,1,0,0,16,0.8125
2360,13,2,1,0,0,16,0.8125
2361,14,2,2,0,0,18,0.7777777777777778
2362,15,2,2,0,0,19,0.7894736842105263
2363,14,2,2,0,0,18,0.7777777777777778
2364,15,2,2,0,0,19,0.7894736842105263
2365,13,2,2,0,0,17,0.7647058823529411
2366,15,2,1,0,0,18,0.8333333333333334
2367,15,2,2,0,0,19,0.7894736842105263
2368,13,2,2,0,0,17,0.7647058823529411
2369,13,2,2,0,0,17,0.7647058823529411
2370,13,2,1,0,0,16,0.8125
2371,14,2,1,0,0,17,0.8235294117647058
2372,14,1,2,0,0,17,0.8235294117647058
2373,15,2,1,0,0,18,0.8333333333333334
2374,15,2,2,0,0,19,0.7894736842105263
2375,14,2,1,0,0,17,0.8235294117647058
2376,13,2,1,0,0,16,0.8125
2377,12,2,2,0,0,16,0.75
2378,13,2,2,0,0,17,0.7647058823529411
2379,14,2,2,0,0,18,0.7777777777777778
2380,13,2,1,0,0,16,0.8125
2381,14,2,2,0,0,18,0.7777777777777778
2382,12,2,1,0,0,15,0.8
2383,14,2,1,0,0,17,0.8235294117647058
2384,13,2,2,0,0,17,0.7647058823529411
2385,14,2,1,0,0,17,0.8235294117647058
2386,14,2,1,0,0,17,0.8235294117647058
2387,13,2,2,0,0,17,0.7647058823529411
2388,15,2,1,0,0,18,0.8333333333333334
2389,13,2,1,0,0,16,0.8125
2390,14,2,2,0,0,18,0.7777777777777778
2391,14,2,2,0,0,18,0.7777777777777778
2392,14,2,1,0,0,17,0.8235294117647058
2393,13,2,2,0,0,17,0.7647058823529411
2394,12,2,1,0,0,15,0.8
2395,14,2,1,0,0,17,0.8235294117647058
2396,13,1,1,0,0,15,0.8666666666666667
2397,14,2,1,0,0,17,0.8235294117647058
2398,12,1,2,0,0,15,0.8
2399,16,1,2,0,0,19,0.8421052631578947
2400,13,2,2,0,0,17,0.7647058823529411
2401,15,2,2,0,0,19,0.7894736842105263
2402,15,1,2,0,0,18,0.8333333333333334
2403,13,2,2,0,0,17,0.7647058823529411
2404,15,1,2,0,0,18,0.8333333333333334
2405,15,1,2,0,0,18,0.8333333333333334
2406,14,2,1,0,0,17,0.8235294117647058
2407,12,2,2,0,0,16,0.75
2408,14,2,2,0,0,18,0.7777777777777778
2409,13,2,1,0,0,16,0.8125
2410,15,2,2,0,0,19,0.7894736842105263
2411,14,2,1,0,0,17,0.8235294117647058
2412,14,2,2,0,0,18,0.7777777777777778
2413,14,2,1,0,0,17,0.8235294117647058
2414,15,2,1,0,0,18,0.8333333333333334
2415,14,2,2,0,0,18,0.7777777777777778
2416,14,1,2,0,0,17,0.8235294117647058
2417,14,2,2,0,0,18,0.7777777777777778
2418,13,2,2,0,0,17,0.7647058823529411
2419,13,2,1,0,0,16,0.8125
2420,14,2,1,0,0,17,0.8235294117647058
2421,14,2,1,0,0,17,0.8235294117647058
2422,15,2,1,0,0,18,0.8333333333333334
2423,16,2,2,0,0,20,0.8
2424,15,2,2,0,0,19,0.7894736842105263
2425,14,2,1,0,0,17,0.8235294117647058
2426,15,2,1,0,0,18,0.8333333333333334
2427,15,2,2,0,0,19,0.7894736842105263
2428,14,2,2,0,0,18,0.7777777777777778
2429,15,2,1,0,0,18,0.8333333333333334
2430,13,2,1,0,0,16,0.8125
2431,14,2,2,0,0,18,0.7777777777777778
2432,15,2,1,0,0,18,0.8333333333333334
2433,15,1,2,0,0,18,0.8333333333333334
2434,15,2,2,0,0,19,0.7894736842105263
2435,14,2,2,0,0,18,0.7777777777777778
2436,13,2,2,0,0,17,0.7647058823529411
2437,14,2,1,0,0,17,0.8235294117647058
2438,15,1,1,0,0,17,0.8823529411764706
2439,13,2,1,0,0,16,0.8125
2440,12,2,2,0,0,16,0.75
2441,15,2,1,0,0,18,0.8333333333333334
2442,15,2,2,0,0,19,0.7894736842105263
2443,14,2,1,0,0,17,0.8235294117647058
2444,14,2,1,0,0,17,0.8235294117647058
2445,14,2,1,0,0,17,0.8235294117647058
2446,15,2,2,0,0,19,0.7894736842105263
2447,13,2,1,0,0,16,0.8125
2448,14,2,2,0,0,18,0.7777777777777778
2449,14,2,2,0,0,18,0.7777777777777778
2450,14,2,2,0,0,18,0.7777777777777778
2451,15,1,2,0,0,18,0.8333333333333334
2452,13,2,2,0,0,17,0.7647058823529411
2453,14,2,1,0,0,17,0.8235294117647058
2454,16,1,1,0,0,18,0.8888888888888888
2455,14,2,2,0,0,18,0.7777777777777778
2456,14,2,1,0,0,17,0.8235294117647058
2457,14,2,1,0,0,17,0.8235294117647058
2458,15,2,2,0,0,19,0.7894736842105263
2459,13,2,2,0,0,17,0.7647058823529411
2460,13,2,2,0,0,17,0.7647058823529411
2461,14,2,1,0,0,17,0.8235294117647058
2462,13,2,1,0,0,16,0.8125
2463,13,2,1,0,0,16,0.8125
2464,14,2,2,0,0,18,0.7777777777777778
2465,13,2,2,0,0,17,0.7647058823529411
2466,14,2,1,0,0,17,0.8235294117647058
2467,15,2,2,0,0,19,0.7894736842105263
2468,15,2,1,0,0,18,0.8333333333333334
2469,16,2,1,0,0,19,0.8421052631578947
2470,15,2,1,0,0,18,0.8333333333333334
2471,15,2,1,0,0,18,0.8333333333333334
2472,16,2,1,0,0,19,0.8421052631578947
2473,15,2,1,0,0,18,0.8333333333333334
2474,13,1,1,0,0,15,0.8666666666666667
2475,14,2,1,0,0,17,0.8235294117647058
2476,14,1,1,0,0,16,0.875
2477,16,1,1,0,0,18,0.8888888888888888
2478,15,2,1,0,0,18,0.8333333333333334
2479,15,2,1,0,0,18,0.8333333333333334
2480,14,2,1,0,0,17,0.8235294117647058
2481,15,1,1,0,0,17,0.8823529411764706
2482,13,2,1,0,0,16,0.8125
2483,13,2,1,0,0,16,0.8125
2484,13,2,1,0,0,16,0.8125
2485,14,2,1,0,0,17,0.8235294117647058
2486,12,2,1,0,0,15,0.8
2487,14,2,1,0,0,17,0.8235294117647058
2488,13,2,1,0,0,16,0.8125
2489,13,2,1,0,0,16,0.8125
2490,13,2,1,0,0,16,0.8125
2491,13,2,1,0,0,16,0.8125
2492,13,2,1,0,0,16,0.8125
2493,11,2,1,0,0,14,0.7857142857142857
2494,13,2,1,0,0,16,0.8125
2495,14,2,1,0,0,17,0.8235294117647058
2496,12,1,1,0,0,14,0.8571428571428571
2497,14,2,1,0,0,17,0.8235294117647058
2498,13,2,1,0,0,16,0.8125
2499,14,2,1,0,0,17,0.8235294117647058
2500,14,2,1,0,0,17,0.8235294117647058
2501,13,2,1,0,0,16,0.8125
2502,15,2,1,0,0,18,0.8333333333333334
2503,13,2,1,0,0,16,0.8125
2504,14,2,2,0,0,18,0.7777777777777778
2505,13,2,1,0,0,16,0.8125
2506,14,2,1,0,0,17,0.8235294117647058
2507,12,2,1,0,0,15,0.8
2508,13,2,1,0,0,16,0.8125
2509,13,1,1,0,0,15,0.8666666666666667
2510,14,2,1,0,0,17,0.8235294117647058
2511,13,2,1,0,0,16,0.8125
2512,12,2,1,0,0,15,0.8
2513,14,2,1,0,0,17,0.8235294117647058
2514,14,2,1,0,0,17,0.8235294117647058
2515,13,2,1,0,0,16,0.8125
2516,14,2,1,0,0,17,0.8235294117647058
2517,12,2,1,0,0,15,0.8
2518,12,2,1,0,0,15,0.8
2519,14,2,1,0,0,17,0.8235294117647058
2520,12,2,1,0,0,15,0.8
2521,12,2,1,0,0,15,0.8
2522,13,2,1,0,0,16,0.8125
2523,14,2,1,0,0,17,0.8235294117647058
2524,13,2,1,0,0,16,0.8125
2525,14,2,1,0,0,17,0.8235294117647058
2526,12,2,1,0,0,15,0.8
2527,12,2,1,0,0,15,0.8
2528,13,2,1,0,0,16,0.8125
2529,13,2,1,0,0,16,0.8125
2530,12,2,1,0,0,15,0.8
2531,13,2,1,0,0,16,0.8125
2532,12,2,2,0,0,16,0.75
2533,11,2,2,0,0,15,0.7333333333333333
2534,13,2,1,0,0,16,0.8125
2535,11,2,1,0,0,14,0.7857142857142857
2536,14,2,1,0,0,17,0.8235294117647058
2537,13,2,1,0,0,16,0.8125
2538,14,2,1,0,0,17,0.8235294117647058
2539,13,2,1,0,0,16,0.8125
2540,13,1,1,0,0,15,0.8666666666666667
2541,14,2,1,0,0,17,0.8235294117647058
2542,12,1,1,0,0,14,0.8571428571428571
2543,13,2,1,0,0,16,0.8125
2544,12,2,1,0,0,15,0.8
2545,13,2,1,0,0,16,0.8125
2546,13,2,1,0,0,16,0.8125
2547,11,1,1,0,0,13,0.8461538461538461
2548,14,1,1,0,0,16,0.875
2549,13,2,1,0,0,16,0.8125
2550,15,2,1,0,0,18,0.8333333333333334
2551,13,2,1,0,0,16,0.8125
2552,13,2,1,0,0,16,0.8125
2553,12,2,1,0,0,15,0.8
2554,13,2,1,0,0,16,0.8125
2555,13,2,1,0,0,16,0.8125
2556,13,2,1,0,0,16,0.8125
2557,12,2,1,0,0,15,0.8
2558,13,2,1,0,0,16,0.8125
2559,13,2,1,0,0,16,0.8125
2560,13,2,1,0,0,16,0.8125
2561,13,2,1,0,0,16,0.8125
2562,13,2,1,0,0,16,0.8125
2563,12,2,1,0,0,15,0.8
2564,12,2,1,0,0,15,0.8
2565,13,2,1,0,0,16,0.8125
2566,14,2,1,0,0,17,0.8235294117647058
2567,15,2,1,0,0,18,0.8333333333333334
2568,14,2,1,0,0,17,0.8235294117647058
2569,13,2,1,0,0,16,0.8125
2570,12,2,1,0,0,15,0.8
2571,13,2,1,0,0,16,0.8125
2572,14,2,1,0,0,17,0.8235294117647058
2573,13,2,1,0,0,16,0.8125
2574,13,2,1,0,0,16,0.8125
2575,14,2,1,0,0,17,0.8235294117647058
2576,14,2,1,0,0,17,0.8235294117647058
2577,14,2,1,0,0,17,0.8235294117647058
2578,13,2,1,0,0,16,0.8125
2579,13,2,1,0,0,16,0.8125
2580,14,2,1,0,0,17,0.8235294117647058
2581,13,2,1,0,0,16,0.8125
2582,13,2,1,0,0,16,0.8125
2583,14,2,1,0,0,17,0.8235294117647058
2584,13,2,1,0,0,16,0.8125
2585,13,2,1,0,0,16,0.8125
2586,12,2,1,0,0,15,0.8
2587,13,2,1,0,0,16,0.8125
2588,13,2,1,0,0,16,0.8125
2589,13,2,1,0,0,16,0.8125
2590,13,2,1,0,0,16,0.8125
2591,13,2,1,0,0,16,0.8125
2592,13,2,1,0,0,16,0.8125
2593,13,2,1,0,0,16,0.8125
2594,13,2,1,0,0,16,0.8125
2595,13,2,1,0,0,16,0.8125
2596,12,2,1,0,0,15,0.8
2597,12,2,1,0,0,15,0.8
2598,13,2,1,0,0,16,0.8125
2599,14,2,1,0,0,17,0.8235294117647058
2600,13,2,1,0,0,16,0.8125
2601,13,2,1,0,0,16,0.8125
2602,12,2,1,0,0,15,0.8
2603,13,2,1,0,0,16,0.8125
2604,13,2,1,0,0,16,0.8125
2605,14,2,1,0,0,17,0.8235294117647058
2606,12,2,1,0,0,15,0.8
2607,13,2,1,0,0,16,0.8125
2608,14,2,1,0,0,17,0.8235294117647058
2609,13,2,1,0,0,16,0.8125
2610,13,2,1,0,0,16,0.8125
2611,13,2,1,0,0,16,0.8125
2612,12,2,1,0,0,15,0.8
2613,13,2,1,0,0,16,0.8125
2614,13,2,1,0,0,16,0.8125
2615,13,2,1,0,0,16,0.8125
2616,12,2,1,0,0,15,0.8
2617,13,2,1,0,0,16,0.8125
2618,13,2,1,0,0,16,0.8125
2619,13,2,1,0,0,16,0.8125
2620,13,2,1,0,0,16,0.8125
2621,13,2,1,0,0,16,0.8125
2622,13,2,1,0,0,16,0.8125
2623,13,2,1,0,0,16,0.8125
2624,13,2,1,0,0,16,0.8125
2625,13,2,1,0,0,16,0.8125
2626,12,2,1,0,0,15,0.8
2627,13,2,1,0,0,16,0.8125
2628,13,2,1,0,0,16,0.8125
2629,12,2,1,0,0,15,0.8
2630,13,2,1,0,0,16,0.8125
2631,11,2,1,0,0,14,0.7857142857142857
2632,13,2,1,0,0,16,0.8125
2633,14,2,1,0,0,17,0.8235294117647058
2634,13,2,1,0,0,16,0.8125
2635,13,2,1,0,0,16,0.8125
2636,13,2,1,0,0,16,0.8125
2637,13,2,1,0,0,16,0.8125
2638,13,2,1,0,0,16,0.8125
2639,13,2,1,0,0,16,0.8125
2640,13,1,1,0,0,15,0.8666666666666667
2641,13,2,1,0,0,16,0.8125
2642,13,2,1,0,0,16,0.8125
2643,13,2,1,0,0,16,0.8125
2644,13,2,1,0,0,16,0.8125
2645,14,2,1,0,0,17,0.8235294117647058
2646,13,2,1,0,0,16,0.8125
2647,13,2,1,0,0,16,0.8125
2648,13,2,1,0,0,16,0.8125
2649,13,2,1,0,0,16,0.8125
2650,14,2,1,0,0,17,0.8235294117647058
2651,14,2,1,0,0,17,0.8235294117647058
2652,13,2,1,0,0,16,0.8125
2653,14,2,1,0,0,17,0.8235294117647058
2654,12,2,1,0,0,15,0.8
2655,12,2,1,0,0,15,0.8
2656,12,2,1,0,0,15,0.8
2657,13,2,1,0,0,16,0.8125
2658,13,2,1,0,0,16,0.8125
2659,12,2,1,0,0,15,0.8
2660,13,2,1,0,0,16,0.8125
2661,12,2,1,0,0,15,0.8
2662,13,2,1,0,0,16,0.8125
2663,13,2,1,0,0,16,0.8125
2664,13,2,1,0,0,16,0.8125
2665,12,2,1,0,0,15,0.8
2666,14,2,1,0,0,17,0.8235294117647058
2667,12,2,1,0,0,15,0.8
2668,13,2,1,0,0,16,0.8125
2669,14,2,1,0,0,17,0.8235294117647058
2670,14,2,1,0,0,17,0.8235294117647058
2671,13,2,1,0,0,16,0.8125
2672,11,2,1,0,0,14,0.7857142857142857
2673,13,2,1,0,0,16,0.8125
2674,14,2,1,0,0,17,0.8235294117647058
2675,13,2,1,0,0,16,0.8125
2676,13,2,1,0,0,16,0.8125
2677,12,2,1,0,0,15,0.8
2678,13,2,1,0,0,16,0.8125
2679,13,2,1,0,0,16,0.8125
2680,14,2,1,0,0,17,0.8235294117647058
2681,13,2,1,0,0,16,0.8125
2682,14,2,1,0,0,17,0.8235294117647058
2683,14,2,1,0,0,17,0.8235294117647058
2684,13,2,1,0,0,16,0.8125
2685,13,2,1,0,0,16,0.8125
2686,14,2,1,0,0,17,0.8235294117647058
2687,13,2,1,0,0,16,0.8125
2688,12,2,1,0,0,15,0.8
2689,14,2,1,0,0,17,0.8235294117647058
2690,15,2,1,0,0,18,0.8333333333333334
2691,14,2,1,0,0,17,0.8235294117647058
2692,13,2,1,0,0,16,0.8125
2693,13,2,1,0,0,16,0.8125
2694,12,2,1,0,0,15,0.8
2695,13,2,1,0,0,16,0.8125
2696,13,2,1,0,0,16,0.8125
2697,13,2,1,0,0,16,0.8125
2698,14,2,1,0,0,17,0.8235294117647058
2699,14,2,1,0,0,17,0.8235294117647058
2700,13,2,1,0,0,16,0.8125
2701,14,2,1,0,0,17,0.8235294117647058
2702,13,2,1,0,0,16,0.8125
2703,12,2,1,0,0,15,0.8
2704,12,2,1,0,0,15,0.8
2705,12,2,1,0,0,15,0.8
2706,14,2,1,0,0,17,0.8235294117647058
2707,14,1,1,0,0,16,0.875
2708,13,2,1,0,0,16,0.8125
2709,12,2,1,0,0,15,0.8
2710,15,2,1,0,0,18,0.8333333333333334
2711,14,2,1,0,0,17,0.8235294117647058
2712,12,2,1,0,0,15,0.8
2713,13,2,1,0,0,16,0.8125
2714,14,2,1,0,0,17,0.8235294117647058
2715,12,2,1,0,0,15,0.8
2716,14,2,1,0,0,17,0.8235294117647058
2717,12,2,1,0,0,15,0.8
2718,13,2,1,0,0,16,0.8125
2719,14,2,1,0,0,17,0.8235294117647058
2720,12,2,1,0,0,15,0.8
2721,12,2,1,0,0,15,0.8
2722,13,2,1,0,0,16,0.8125
2723,13,2,1,0,0,16,0.8125
2724,13,2,1,0,0,16,0.8125
2725,12,2,1,0,0,15,0.8
2726,13,2,1,0,0,16,0.8125
2727,13,2,1,0,0,16,0.8125
2728,13,2,1,0,0,16,0.8125
2729,14,2,1,0,0,17,0.8235294117647058
2730,13,2,1,0,0,16,0.8125
2731,14,2,1,0,0,17,0.8235294117647058
2732,14,1,1,0,0,16,0.875
2733,12,2,1,0,0,15,0.8
2734,12,2,1,0,0,15,0.8
2735,12,2,1,0,0,15,0.8
2736,13,2,1,0,0,16,0.8125
2737,12,2,1,0,0,15,0.8
2738,14,2,1,0,0,17,0.8235294117647058
2739,14,2,1,0,0,17,0.8235294117647058
2740,14,2,1,0,0,17,0.8235294117647058
2741,14,2,1,0,0,17,0.8235294117647058
2742,13,2,1,0,0,16,0.8125
2743,12,2,1,0,0,15,0.8
2744,12,2,1,0,0,15,0.8
2745,11,2,1,0,0,14,0.7857142857142857
2746,12,2,1,0,0,15,0.8
2747,13,2,1,0,0,16,0.8125
2748,12,2,1,0,0,15,0.8
2749,13,2,1,0,0,16,0.8125
2750,14,2,1,0,0,17,0.8235294117647058
2751,14,2,1,0,0,17,0.8235294117647058
2752,14,2,1,0,0,17,0.8235294117647058
2753,13,2,1,0,0,16,0.8125
2754,14,2,1,0,0,17,0.8235294117647058
2755,13,2,1,0,0,16,0.8125
2756,13,2,1,0,0,16,0.8125
2757,13,2,1,0,0,16,0.8125
2758,13,2,1,0,0,16,0.8125
2759,12,2,1,0,0,15,0.8
2760,14,2,1,0,0,17,0.8235294117647058
2761,13,2,1,0,0,16,0.8125
2762,12,2,1,0,0,15,0.8
2763,13,2,1,0,0,16,0.8125
2764,13,2,1,0,0,16,0.8125
2765,12,2,2,0,0,16,0.75
2766,12,2,1,0,0,15,0.8
2767,12,3,1,0,0,16,0.75
2768,12,2,1,0,0,15,0.8
2769,12,2,1,0,0,15,0.8
2770,13,2,1,0,0,16,0.8125
2771,13,1,1,0,0,15,0.8666666666666667
2772,12,2,1,0,0,15,0.8
2773,13,2,1,0,0,16,0.8125
2774,14,2,1,0,0,17,0.8235294117647058
2775,13,2,1,0,0,16,0.8125
2776,13,2,1,0,0,16,0.8125
2777,14,2,1,0,0,17,0.8235294117647058
2778,13,2,1,0,0,16,0.8125
2779,13,2,1,0,0,16,0.8125
2780,13,1,1,0,0,15,0.8666666666666667
2781,14,2,1,0,0,17,0.8235294117647058
2782,14,2,1,0,0,17,0.8235294117647058
2783,13,2,1,0,0,16,0.8125
2784,13,2,1,0,0,16,0.8125
2785,14,2,1,0,0,17,0.8235294117647058
2786,13,2,1,0,0,16,0.8125
2787,13,2,1,0,0,16,0.8125
2788,14,2,1,0,0,17,0.8235294117647058
2789,13,2,1,0,0,16,0.8125
2790,13,2,1,0,0,16,0.8125
2791,12,2,1,0,0,15,0.8
2792,14,2,1,0,0,17,0.8235294117647058
2793,13,2,1,0,0,16,0.8125
2794,13,2,1,0,0,16,0.8125
2795,13,2,1,0,0,16,0.8125
2796,12,2,1,0,0,15,0.8
2797,14,2,1,0,0,17,0.8235294117647058
2798,14,2,1,0,0,17,0.8235294117647058
2799,12,2,1,0,0,15,0.8
2800,13,2,1,0,0,16,0.8125
2801,14,2,1,0,0,17,0.8235294117647058
2802,12,2,1,0,0,15,0.8
2803,14,2,1,0,0,17,0.8235294117647058
2804,13,2,1,0,0,16,0.8125
2805,13,2,1,0,0,16,0.8125
2806,13,2,1,0,0,16,0.8125
2807,12,2,1,0,0,15,0.8
2808,12,2,1,0,0,15,0.8
2809,14,2,1,0,0,17,0.8235294117647058
2810,13,2,1,0,0,16,0.8125
2811,13,2,1,0,0,16,0.8125
2812,13,2,1,0,0,16,0.8125
2813,13,2,1,0,0,16,0.8125
2814,13,2,1,0,0,16,0.8125
2815,13,2,1,0,0,16,0.8125
2816,11,2,1,0,0,14,0.7857142857142857
2817,13,2,1,0,0,16,0.8125
2818,13,2,1,0,0,16,0.8125
2819,14,2,1,0,0,17,0.8235294117647058
2820,12,2,2,0,0,16,0.75
2821,14,2,1,0,0,17,0.8235294117647058
2822,13,2,1,0,0,16,0.8125
2823,13,2,1,0,0,16,0.8125
2824,13,2,1,0,0,16,0.8125
2825,13,2,1,0,0,16,0.8125
2826,12,2,1,0,0,15,0.8
2827,14,2,2,0,0,18,0.7777777777777778
2828,13,2,1,0,0,16,0.8125
2829,14,2,1,0,0,17,0.8235294117647058
2830,13,2,1,0,0,16,0.8125
2831,13,3,1,0,0,17,0.7647058823529411
2832,13,2,1,0,0,16,0.8125
2833,14,2,1,0,0,17,0.8235294117647058
2834,13,2,2,0,0,17,0.7647058823529411
2835,11,2,1,0,0,14,0.7857142857142857
2836,14,2,1,0,0,17,0.8235294117647058
2837,14,2,2,0,0,18,0.7777777777777778
2838,14,2,1,0,0,17,0.8235294117647058
2839,14,2,1,0,0,17,0.8235294117647058
2840,13,2,1,0,0,16,0.8125
2841,13,2,1,0,0,16,0.8125
2842,13,2,1,0,0,16,0.8125
2843,13,2,1,0,0,16,0.8125
2844,11,1,1,0,0,13,0.8461538461538461
2845,12,2,1,0,0,15,0.8
2846,13,2,1,0,0,16,0.8125
2847,12,2,1,0,0,15,0.8
2848,12,2,1,0,0,15,0.8
2849,12,2,1,0,0,15,0.8
2850,14,2,1,0,0,17,0.8235294117647058
2851,14,2,1,0,0,17,0.8235294117647058
2852,13,2,1,0,0,16,0.8125
2853,13,2,1,0,0,16,0.8125
2854,11,2,1,0,0,14,0.7857142857142857
2855,13,2,1,0,0,16,0.8125
2856,13,2,1,0,0,16,0.8125
2857,13,2,1,0,0,16,0.8125
2858,12,1,1,0,0,14,0.8571428571428571
2859,12,2,1,0,0,15,0.8
2860,14,2,1,0,0,17,0.8235294117647058
2861,12,2,1,0,0,15,0.8
2862,14,2,1,0,0,17,0.8235294117647058
2863,12,2,1,0,0,15,0.8
2864,13,2,1,0,0,16,0.8125
2865,13,2,1,0,0,16,0.8125
2866,12,2,1,0,0,15,0.8
2867,13,2,1,0,0,16,0.8125
2868,12,2,1,0,0,15,0.8
2869,13,2,1,0,0,16,0.8125
2870,14,2,1,0,0,17,0.8235294117647058
2871,14,2,1,0,0,17,0.8235294117647058
2872,13,2,1,0,0,16,0.8125
2873,12,2,1,0,0,15,0.8
2874,14,2,1,0,0,17,0.8235294117647058
2875,14,2,1,0,0,17,0.8235294117647058
2876,13,2,1,0,0,16,0.8125
2877,14,2,1,0,0,17,0.8235294117647058
2878,13,2,1,0,0,16,0.8125
2879,14,2,1,0,0,17,0.8235294117647058
2880,13,2,1,0,0,16,0.8125
2881,13,2,1,0,0,16,0.8125
2882,14,2,1,0,0,17,0.8235294117647058
2883,13,2,1,0,0,16,0.8125
2884,12,2,1,0,0,15,0.8
2885,13,2,1,0,0,16,0.8125
2886,11,2,1,0,0,14,0.7857142857142857
2887,12,2,1,0,0,15,0.8
2888,9,2,1,0,0,12,0.75
2889,12,2,1,0,0,15,0.8
2890,13,2,1,0,0,16,0.8125
2891,14,2,1,0,0,17,0.8235294117647058
2892,11,2,1,0,0,14,0.7857142857142857
2893,13,2,1,0,0,16,0.8125
2894,13,2,1,0,0,16,0.8125
2895,12,2,1,0,0,15,0.8
2896,13,2,1,0,0,16,0.8125
2897,13,2,1,0,0,16,0.8125
2898,13,2,1,0,0,16,0.8125
2899,14,2,1,0,0,17,0.8235294117647058
2900,13,2,1,0,0,16,0.8125
2901,12,2,1,0,0,15,0.8
2902,13,2,1,0,0,16,0.8125
2903,13,2,1,0,0,16,0.8125
2904,12,2,1,0,0,15,0.8
2905,13,2,1,0,0,16,0.8125
2906,13,2,1,0,0,16,0.8125
2907,13,2,1,0,0,16,0.8125
2908,12,2,1,0,0,15,0.8
2909,14,2,1,0,0,17,0.8235294117647058
2910,13,2,1,0,0,16,0.8125
2911,12,1,1,0,0,14,0.8571428571428571
2912,13,2,1,0,0,16,0.8125
2913,12,2,1,0,0,15,0.8
2914,13,2,1,0,0,16,0.8125
2915,13,2,1,0,0,16,0.8125
2916,13,2,1,0,0,16,0.8125
2917,13,2,1,0,0,16,0.8125
2918,14,2,1,0,0,17,0.8235294117647058
2919,12,2,1,0,0,15,0.8
2920,13,2,1,0,0,16,0.8125
2921,13,2,1,0,0,16,0.8125
2922,13,2,1,0,0,16,0.8125
2923,14,2,1,0,0,17,0.8235294117647058
2924,13,2,1,0,0,16,0.8125
2925,12,2,1,0,0,15,0.8
2926,13,2,1,0,0,16,0.8125
2927,14,2,1,0,0,17,0.8235294117647058
2928,12,2,1,0,0,15,0.8
2929,13,2,1,0,0,16,0.8125
2930,14,2,1,0,0,17,0.8235294117647058
2931,12,2,1,0,0,15,0.8
2932,13,2,1,0,0,16,0.8125
2933,13,2,1,0,0,16,0.8125
2934,12,2,1,0,0,15,0.8
2935,13,2,1,0,0,16,0.8125
2936,11,2,1,0,0,14,0.7857142857142857
2937,12,2,1,0,0,15,0.8
2938,13,2,1,0,0,16,0.8125
2939,11,2,1,0,0,14,0.7857142857142857
2940,14,2,1,0,0,17,0.8235294117647058
2941,14,2,1,0,0,17,0.8235294117647058
2942,13,2,1,0,0,16,0.8125
2943,12,2,1,0,0,15,0.8
2944,14,2,1,0,0,17,0.8235294117647058
2945,12,2,1,0,0,15,0.8
2946,12,2,1,0,0,15,0.8
2947,13,2,1,0,0,16,0.8125
2948,12,2,1,0,0,15,0.8
2949,13,2,1,0,0,16,0.8125
2950,14,2,1,0,0,17,0.8235294117647058
2951,13,1,1,0,0,15,0.8666666666666667
2952,12,2,1,0,0,15,0.8
2953,12,2,1,0,0,15,0.8
2954,13,2,1,0,0,16,0.8125
2955,13,2,1,0,0,16,0.8125
2956,12,2,1,0,0,15,0.8
2957,12,2,1,0,0,15,0.8
2958,14,2,1,0,0,17,0.8235294117647058
2959,14,2,1,0,0,17,0.8235294117647058
2960,14,2,1,0,0,17,0.8235294117647058
2961,12,2,1,0,0,15,0.8
2962,11,2,1,0,0,14,0.7857142857142857
2963,13,2,1,0,0,16,0.8125
2964,14,2,1,0,0,17,0.8235294117647058
2965,13,2,1,0,0,16,0.8125
2966,11,2,1,0,0,14,0.7857142857142857
2967,13,2,1,0,0,16,0.8125
2968,13,2,1,0,0,16,0.8125
2969,12,2,1,0,0,15,0.8
2970,12,2,1,0,0,15,0.8
2971,12,2,1,0,0,15,0.8
2972,12,2,1,0,0,15,0.8
2973,14,2,1,0,0,17,0.8235294117647058
2974,12,2,1,0,0,15,0.8
2975,14,2,1,0,0,17,0.8235294117647058
2976,13,2,1,0,0,16,0.8125
2977,10,2,1,0,0,13,0.7692307692307693
2978,13,2,1,0,0,16,0.8125
2979,12,2,1,0,0,15,0.8
2980,13,2,1,0,0,16,0.8125
2981,12,2,1,0,0,15,0.8
2982,12,2,1,0,0,15,0.8
2983,13,2,1,0,0,16,0.8125
2984,14,2,1,0,0,17,0.8235294117647058
2985,12,2,1,0,0,15,0.8
2986,14,2,1,0,0,17,0.8235294117647058
2987,14,2,1,0,0,17,0.8235294117647058
2988,14,2,1,0,0,17,0.8235294117647058
2989,12,2,1,0,0,15,0.8
2990,13,2,1,0,0,16,0.8125
2991,12,1,1,0,0,14,0.8571428571428571
2992,14,2,2,0,0,18,0.7777777777777778
2993,12,2,1,0,0,15,0.8
2994,13,2,1,0,0,16,0.8125
2995,14,2,1,0,0,17,0.8235294117647058
2996,12,2,1,0,0,15,0.8
2997,13,2,1,0,0,16,0.8125
2998,13,2,1,0,0,16,0.8125
2999,12,2,1,0,0,15,0.8
3000,12,2,1,0,0,15,0.8
3001,14,2,1,0,0,17,0.8235294117647058
3002,13,2,1,0,0,16,0.8125
3003,13,2,1,0,0,16,0.8125
3004,13,2,1,0,0,16,0.8125
3005,14,2,1,0,0,17,0.8235294117647058
3006,12,2,1,0,0,15,0.8
3007,13,2,1,0,0,16,0.8125
3008,12,2,1,0,0,15,0.8
3009,13,2,1,0,0,16,0.8125
3010,12,2,1,0,0,15,0.8
3011,12,2,1,0,0,15,0.8
3012,12,2,1,0,0,15,0.8
3013,14,2,1,0,0,17,0.8235294117647058
3014,13,2,1,0,0,16,0.8125
3015,13,2,1,0,0,16,0.8125
3016,12,2,1,0,0,15,0.8
3017,12,2,1,0,0,15,0.8
3018,12,2,1,0,0,15,0.8
3019,13,2,1,0,0,16,0.8125
3020,14,2,1,0,0,17,0.8235294117647058
3021,13,2,1,0,0,16,0.8125
3022,14,2,1,0,0,17,0.8235294117647058
3023,13,2,1,0,0,16,0.8125
3024,13,2,1,0,0,16,0.8125
3025,13,2,1,0,0,16,0.8125
3026,13,2,1,0,0,16,0.8125
3027,13,2,1,0,0,16,0.8125
3028,13,2,1,0,0,16,0.8125
3029,13,2,1,0,0,16,0.8125
3030,13,1,1,0,0,15,0.8666666666666667
3031,12,2,1,0,0,15,0.8
3032,11,2,1,0,0,14,0.7857142857142857
3033,11,2,1,0,0,14,0.7857142857142857
3034,12,2,1,0,0,15,0.8
3035,13,2,1,0,0,16,0.8125
3036,13,2,1,0,0,16,0.8125
3037,13,2,1,0,0,16,0.8125
3038,13,2,1,0,0,16,0.8125
3039,11,2,1,0,0,14,0.7857142857142857
3040,11,2,1,0,0,14,0.7857142857142857
3041,9,2,1,0,0,12,0.75
3042,13,2,1,0,0,16,0.8125
3043,13,2,1,0,0,16,0.8125
3044,12,2,1,0,0,15,0.8
3045,13,2,1,0,0,16,0.8125
3046,12,2,1,0,0,15,0.8
3047,14,2,1,0,0,17,0.8235294117647058
3048,13,2,1,0,0,16,0.8125
3049,13,2,1,0,0,16,0.8125
3050,13,2,1,0,0,16,0.8125
3051,13,2,1,0,0,16,0.8125
3052,14,2,1,0,0,17,0.8235294117647058
3053,14,2,1,0,0,17,0.8235294117647058
3054,14,2,1,0,0,17,0.8235294117647058
3055,13,2,1,0,0,16,0.8125
3056,13,2,1,0,0,16,0.8125
3057,13,2,1,0,0,16,0.8125
3058,13,2,1,0,0,16,0.8125
3059,13,2,1,0,0,16,0.8125
3060,13,2,1,0,0,16,0.8125
3061,12,2,1,0,0,15,0.8
3062,13,2,1,0,0,16,0.8125
3063,13,2,1,0,0,16,0.8125
3064,13,2,1,0,0,16,0.8125
3065,13,2,1,0,0,16,0.8125
3066,13,2,1,0,0,16,0.8125
3067,13,1,1,0,0,15,0.8666666666666667
3068,13,2,1,0,0,16,0.8125
3069,12,2,1,0,0,15,0.8
3070,12,2,1,0,0,15,0.8
3071,14,2,1,0,0,17,0.8235294117647058
3072,12,2,1,0,0,15,0.8
3073,13,2,1,0,0,16,0.8125
3074,13,2,1,0,0,16,0.8125
3075,14,2,1,0,0,17,0.8235294117647058
3076,15,2,1,0,0,18,0.8333333333333334
3077,13,2,1,0,0,16,0.8125
3078,12,3,1,0,0,16,0.75
3079,14,2,1,0,0,17,0.8235294117647058
3080,13,2,1,0,0,16,0.8125
3081,11,3,1,0,0,15,0.7333333333333333
3082,10,3,1,0,0,14,0.7142857142857143
3083,14,3,1,0,0,18,0.7777777777777778
3084,11,2,1,0,0,14,0.7857142857142857
3085,14,3,1,0,0,18,0.7777777777777778
3086,13,2,1,0,0,16,0.8125
3087,13,3,1,0,0,17,0.7647058823529411
3088,13,3,1,0,0,17,0.7647058823529411
3089,16,2,1,0,0,19,0.8421052631578947
3090,14,2,1,0,0,17,0.8235294117647058
3091,13,3,1,0,0,17,0.7647058823529411
3092,12,2,1,0,0,15,0.8
3093,13,3,1,0,0,17,0.7647058823529411
3094,14,3,1,0,0,18,0.7777777777777778
3095,14,2,1,0,0,17,0.8235294117647058
3096,14,3,1,0,0,18,0.7777777777777778
3097,14,2,1,0,0,17,0.8235294117647058
3098,11,3,1,0,0,15,0.7333333333333333
3099,15,3,1,0,0,19,0.7894736842105263
3100,12,2,1,0,0,15,0.8
3101,12,2,1,0,0,15,0.8
3102,12,2,1,0,0,15,0.8
3103,15,2,1,0,0,18,0.8333333333333334
3104,14,3,1,0,0,18,0.7777777777777778
3105,14,2,1,0,0,17,0.8235294117647058
3106,13,3,1,0,0,17,0.7647058823529411
3107,15,3,1,0,0,19,0.7894736842105263
3108,13,3,1,0,0,17,0.7647058823529411
3109,12,3,1,0,0,16,0.75
3110,12,2,1,0,0,15,0.8
3111,14,2,1,0,0,17,0.8235294117647058
3112,13,3,1,0,0,17,0.7647058823529411
3113,15,3,1,0,0,19,0.7894736842105263
3114,14,3,1,0,0,18,0.7777777777777778
3115,14,3,1,0,0,18,0.7777777777777778
3116,15,2,1,0,0,18,0.8333333333333334
3117,13,2,1,0,0,16,0.8125
3118,13,2,1,0,0,16,0.8125
3119,12,2,1,0,0,15,0.8
3120,13,2,1,0,0,16,0.8125
3121,13,2,1,0,0,16,0.8125
3122,13,2,1,0,0,16,0.8125
3123,12,2,1,0,0,15,0.8
3124,14,2,1,0,0,17,0.8235294117647058
3125,13,2,1,0,0,16,0.8125
3126,13,2,1,0,0,16,0.8125
3127,13,2,1,0,0,16,0.8125
3128,12,2,1,0,0,15,0.8
3129,13,2,1,0,0,16,0.8125
3130,13,2,1,0,0,16,0.8125
3131,15,2,1,0,0,18,0.8333333333333334
3132,14,2,1,0,0,17,0.8235294117647058
3133,13,2,1,0,0,16,0.8125
3134,12,2,1,0,0,15,0.8
3135,13,2,1,0,0,16,0.8125
3136,13,2,1,0,0,16,0.8125
3137,12,2,1,0,0,15,0.8
3138,14,2,1,0,0,17,0.8235294117647058
3139,14,2,2,0,0,18,0.7777777777777778
3140,12,2,1,0,0,15,0.8
3141,14,2,1,0,0,17,0.8235294117647058
3142,12,2,1,0,0,15,0.8
3143,14,2,1,0,0,17,0.8235294117647058
3144,13,2,1,0,0,16,0.8125
3145,11,2,1,0,0,14,0.7857142857142857
3146,13,2,1,0,0,16,0.8125
3147,12,2,1,0,0,15,0.8
3148,13,2,1,0,0,16,0.8125
3149,12,2,1,0,0,15,0.8
3150,12,2,1,0,0,15,0.8
3151,11,2,1,0,0,14,0.7857142857142857
3152,11,2,1,0,0,14,0.7857142857142857
3153,14,2,1,0,0,17,0.8235294117647058
3154,13,2,1,0,0,16,0.8125
3155,13,2,1,0,0,16,0.8125
3156,12,2,1,0,0,15,0.8
3157,12,2,1,0,0,15,0.8
3158,13,2,1,0,0,16,0.8125
3159,12,2,1,0,0,15,0.8
3160,12,2,1,0,0,15,0.8
3161,13,2,1,0,0,16,0.8125
3162,13,2,1,0,0,16,0.8125
3163,14,2,1,0,0,17,0.8235294117647058
3164,11,2,1,0,0,14,0.7857142857142857
3165,13,2,1,0,0,16,0.8125
3166,13,2,1,0,0,16,0.8125
3167,13,2,1,0,0,16,0.8125
3168,13,2,1,0,0,16,0.8125
3169,13,2,1,0,0,16,0.8125
3170,13,2,1,0,0,16,0.8125
3171,11,2,1,0,0,14,0.7857142857142857
3172,12,2,1,0,0,15,0.8
3173,13,2,1,0,0,16,0.8125
3174,13,2,1,0,0,16,0.8125
3175,13,2,1,0,0,16,0.8125
3176,12,2,1,0,0,15,0.8
3177,13,2,1,0,0,16,0.8125
3178,13,2,1,0,0,16,0.8125
3179,12,2,1,0,0,15,0.8
3180,13,2,1,0,0,16,0.8125
3181,12,2,1,0,0,15,0.8
3182,13,1,1,0,0,15,0.8666666666666667
3183,12,2,1,0,0,15,0.8
3184,12,2,1,0,0,15,0.8
3185,13,2,1,0,0,16,0.8125
3186,14,2,1,0,0,17,0.8235294117647058
3187,14,2,1,0,0,17,0.8235294117647058
3188,13,2,1,0,0,16,0.8125
3189,13,2,1,0,0,16,0.8125
3190,11,2,1,0,0,14,0.7857142857142857
3191,13,2,1,0,0,16,0.8125
3192,12,2,1,0,0,15,0.8
3193,14,2,1,0,0,17,0.8235294117647058
3194,12,2,1,0,0,15,0.8
3195,12,2,1,0,0,15,0.8
3196,12,2,1,0,0,15,0.8
3197,13,2,1,0,0,16,0.8125
3198,12,1,1,0,0,14,0.8571428571428571
3199,12,2,1,0,0,15,0.8
3200,13,1,1,0,0,15,0.8666666666666667
3201,12,2,1,0,0,15,0.8
3202,12,2,1,0,0,15,0.8
3203,13,2,1,0,0,16,0.8125
3204,12,2,1,0,0,15,0.8
3205,12,1,1,0,0,14,0.8571428571428571
3206,12,2,1,0,0,15,0.8
3207,12,1,1,0,0,14,0.8571428571428571
3208,14,2,1,0,0,17,0.8235294117647058
3209,11,2,1,0,0,14,0.7857142857142857
3210,13,1,1,0,0,15,0.8666666666666667
3211,12,2,1,0,0,15,0.8
3212,13,2,1,0,0,16,0.8125
3213,13,2,1,0,0,16,0.8125
3214,13,2,1,0,0,16,0.8125
3215,13,2,1,0,0,16,0.8125
3216,13,2,1,0,0,16,0.8125
3217,13,2,1,0,0,16,0.8125
3218,12,2,1,0,0,15,0.8
3219,14,2,1,0,0,17,0.8235294117647058
3220,9,2,1,0,0,12,0.75
3221,12,2,1,0,0,15,0.8
3222,10,2,1,0,0,13,0.7692307692307693
3223,12,2,1,0,0,15,0.8
3224,13,2,1,0,0,16,0.8125
3225,12,2,1,0,0,15,0.8
3226,12,2,1,0,0,15,0.8
3227,13,2,1,0,0,16,0.8125
3228,11,2,1,0,0,14,0.7857142857142857
3229,12,2,1,0,0,15,0.8
3230,12,2,1,0,0,15,0.8
3231,11,2,1,0,0,14,0.7857142857142857
3232,11,2,1,0,0,14,0.7857142857142857
3233,11,2,1,0,0,14,0.7857142857142857
3234,10,2,1,0,0,13,0.7692307692307693
3235,12,2,1,0,0,15,0.8
3236,13,2,1,0,0,16,0.8125
3237,12,2,1,0,0,15,0.8
3238,12,2,1,0,0,15,0.8
3239,12,2,1,0,0,15,0.8
3240,11,2,1,0,0,14,0.7857142857142857
3241,11,2,1,0,0,14,0.7857142857142857
3242,12,2,1,0,0,15,0.8
3243,12,2,1,0,0,15,0.8
3244,11,2,1,0,0,14,0.7857142857142857
3245,10,2,1,0,0,13,0.7692307692307693
3246,11,2,1,0,0,14,0.7857142857142857
3247,13,2,1,0,0,16,0.8125
3248,11,2,1,0,0,14,0.7857142857142857
3249,13,2,1,0,0,16,0.8125
3250,13,2,1,0,0,16,0.8125
3251,12,1,1,0,0,14,0.8571428571428571
3252,13,2,1,0,0,16,0.8125
3253,10,2,1,0,0,13,0.7692307692307693
3254,12,2,1,0,0,15,0.8
3255,10,2,1,0,0,13,0.7692307692307693
3256,12,2,1,0,0,15,0.8
3257,12,2,1,0,0,15,0.8
3258,13,2,1,0,0,16,0.8125
3259,11,2,1,0,0,14,0.7857142857142857
3260,12,2,1,0,0,15,0.8
3261,14,2,1,0,0,17,0.8235294117647058
3262,13,2,1,0,0,16,0.8125
3263,13,2,1,0,0,16,0.8125
3264,12,3,1,0,0,16,0.75
3265,11,1,1,0,0,13,0.8461538461538461
3266,13,2,1,0,0,16,0.8125
3267,12,2,1,0,0,15,0.8
3268,11,2,1,0,0,14,0.7857142857142857
3269,11,2,1,0,0,14,0.7857142857142857
3270,10,2,1,0,0,13,0.7692307692307693
3271,13,2,1,0,0,16,0.8125
3272,13,1,1,0,0,15,0.8666666666666667
3273,11,2,1,0,0,14,0.7857142857142857
3274,13,2,1,0,0,16,0.8125
3275,10,2,1,0,0,13,0.7692307692307693
3276,11,2,1,0,0,14,0.7857142857142857
3277,11,2,1,0,0,14,0.7857142857142857
3278,13,2,1,0,0,16,0.8125
3279,13,2,1,0,0,16,0.8125
3280,12,1,1,0,0,14,0.8571428571428571
3281,12,2,1,0,0,15,0.8
3282,11,2,1,0,0,14,0.7857142857142857
3283,12,2,1,0,0,15,0.8
3284,10,2,1,0,0,13,0.7692307692307693
3285,12,2,1,0,0,15,0.8
3286,11,2,1,0,0,14,0.7857142857142857
3287,13,2,1,0,0,16,0.8125
3288,11,3,1,0,0,15,0.7333333333333333
3289,12,2,1,0,0,15,0.8
3290,13,2,1,0,0,16,0.8125
3291,10,2,1,0,0,13,0.7692307692307693
3292,12,2,1,0,0,15,0.8
3293,11,2,1,0,0,14,0.7857142857142857
3294,12,2,1,0,0,15,0.8
3295,11,2,1,0,0,14,0.7857142857142857
3296,12,2,1,0,0,15,0.8
3297,13,2,1,0,0,16,0.8125
3298,12,2,1,0,0,15,0.8
3299,13,2,1,0,0,16,0.8125
3300,12,2,1,0,0,15,0.8
3301,14,2,1,0,0,17,0.8235294117647058
3302,12,2,1,0,0,15,0.8
3303,13,2,1,0,0,16,0.8125
3304,11,2,1,0,0,14,0.7857142857142857
3305,13,2,1,0,0,16,0.8125
3306,12,2,1,0,0,15,0.8
3307,12,2,1,0,0,15,0.8
3308,12,2,1,0,0,15,0.8
3309,13,2,1,0,0,16,0.8125
3310,13,2,1,0,0,16,0.8125
3311,13,2,1,0,0,16,0.8125
3312,14,1,1,0,0,16,0.875
3313,12,2,1,0,0,15,0.8
3314,12,2,1,0,0,15,0.8
3315,12,2,1,0,0,15,0.8
3316,12,2,1,0,0,15,0.8
3317,13,2,1,0,0,16,0.8125
3318,13,2,1,0,0,16,0.8125
3319,11,2,1,0,0,14,0.7857142857142857
3320,12,2,1,0,0,15,0.8
3321,13,2,1,0,0,16,0.8125
3322,12,2,1,0,0,15,0.8
3323,13,2,1,0,0,16,0.8125
3324,12,2,1,0,0,15,0.8
3325,11,2,1,0,0,14,0.7857142857142857
3326,12,2,1,0,0,15,0.8
3327,12,2,1,0,0,15,0.8
3328,11,2,1,0,0,14,0.7857142857142857
3329,12,2,1,0,0,15,0.8
3330,12,2,1,0,0,15,0.8
3331,14,2,1,0,0,17,0.8235294117647058
3332,12,2,1,0,0,15,0.8
3333,13,2,1,0,0,16,0.8125
3334,13,2,1,0,0,16,0.8125
3335,12,2,1,0,0,15,0.8
3336,9,2,1,0,0,12,0.75
3337,14,2,1,0,0,17,0.8235294117647058
3338,13,2,1,0,0,16,0.8125
3339,11,2,1,0,0,14,0.7857142857142857
3340,13,2,1,0,0,16,0.8125
3341,11,1,1,0,0,13,0.8461538461538461
3342,12,2,1,0,0,15,0.8
3343,13,2,1,0,0,16,0.8125
3344,12,2,1,0,0,15,0.8
3345,13,2,1,0,0,16,0.8125
3346,13,1,1,0,0,15,0.8666666666666667
3347,12,2,1,0,0,15,0.8
3348,12,2,1,0,0,15,0.8
3349,12,2,1,0,0,15,0.8
3350,12,2,1,0,0,15,0.8
3351,10,2,1,0,0,13,0.7692307692307693
3352,12,2,1,0,0,15,0.8
3353,12,2,1,0,0,15,0.8
3354,13,2,1,0,0,16,0.8125
3355,12,2,1,0,0,15,0.8
3356,12,2,1,0,0,15,0.8
3357,10,2,1,0,0,13,0.7692307692307693
3358,12,2,1,0,0,15,0.8
3359,13,2,1,0,0,16,0.8125
3360,13,2,1,0,0,16,0.8125
3361,13,2,1,0,0,16,0.8125
3362,13,2,1,0,0,16,0.8125
3363,12,1,1,0,0,14,0.8571428571428571
3364,13,2,1,0,0,16,0.8125
3365,14,2,1,0,0,17,0.8235294117647058
3366,13,2,1,0,0,16,0.8125
3367,13,2,1,0,0,16,0.8125
3368,13,2,1,0,0,16,0.8125
3369,12,2,1,0,0,15,0.8
3370,12,2,1,0,0,15,0.8
3371,13,2,1,0,0,16,0.8125
3372,13,2,1,0,0,16,0.8125
3373,13,2,1,0,0,16,0.8125
3374,11,2,1,0,0,14,0.7857142857142857
3375,14,2,1,0,0,17,0.8235294117647058
3376,13,2,1,0,0,16,0.8125
3377,13,2,1,0,0,16,0.8125
3378,11,2,1,0,0,14,0.7857142857142857
3379,11,2,1,0,0,14,0.7857142857142857
3380,12,3,1,0,0,16,0.75
3381,12,2,1,0,0,15,0.8
3382,13,2,1,0,0,16,0.8125
3383,12,3,1,0,0,16,0.75
3384,13,2,1,0,0,16,0.8125
3385,12,2,1,0,0,15,0.8
3386,13,2,1,0,0,16,0.8125
3387,10,1,1,0,0,12,0.8333333333333334
3388,12,1,1,0,0,14,0.8571428571428571
3389,14,2,1,0,0,17,0.8235294117647058
3390,11,2,1,0,0,14,0.7857142857142857
3391,11,3,1,0,0,15,0.7333333333333333
3392,12,2,1,0,0,15,0.8
3393,12,2,1,0,0,15,0.8
3394,10,3,1,0,0,14,0.7142857142857143
3395,12,2,1,0,0,15,0.8
3396,11,2,1,0,0,14,0.7857142857142857
3397,13,2,1,0,0,16,0.8125
3398,13,3,1,0,0,17,0.7647058823529411
3399,12,3,1,0,0,16,0.75
3400,11,2,1,0,0,14,0.7857142857142857
3401,13,3,1,0,0,17,0.7647058823529411
3402,14,2,1,0,0,17,0.8235294117647058
3403,12,3,1,0,0,16,0.75
3404,12,3,1,0,0,16,0.75
3405,13,2,1,0,0,16,0.8125
3406,12,2,1,0,0,15,0.8
3407,13,2,1,0,0,16,0.8125
3408,12,2,1,0,0,15,0.8
3409,12,2,1,0,0,15,0.8
3410,12,2,1,0,0,15,0.8
3411,9,2,1,0,0,12,0.75
3412,13,2,1,0,0,16,0.8125
3413,11,2,1,0,0,14,0.7857142857142857
3414,12,2,1,0,0,15,0.8
3415,12,2,1,0,0,15,0.8
3416,11,2,1,0,0,14,0.7857142857142857
3417,13,2,1,0,0,16,0.8125
3418,13,2,1,0,0,16,0.8125
3419,13,2,1,0,0,16,0.8125
3420,13,2,1,0,0,16,0.8125
3421,15,2,1,0,0,18,0.8333333333333334
3422,13,2,1,0,0,16,0.8125
3423,13,2,1,0,0,16,0.8125
3424,12,2,1,0,0,15,0.8
3425,13,2,1,0,0,16,0.8125
3426,13,2,1,0,0,16,0.8125
3427,13,2,1,0,0,16,0.8125
3428,13,2,1,0,0,16,0.8125
3429,12,2,1,0,0,15,0.8
3430,12,2,1,0,0,15,0.8
3431,12,2,1,0,0,15,0.8
3432,13,2,1,0,0,16,0.8125
3433,12,2,1,0,0,15,0.8
3434,10,1,1,0,0,12,0.8333333333333334
3435,12,2,1,0,0,15,0.8
3436,13,2,1,0,0,16,0.8125
3437,13,1,1,0,0,15,0.8666666666666667
3438,13,1,1,0,0,15,0.8666666666666667
3439,12,2,1,0,0,15,0.8
3440,12,2,1,0,0,15,0.8
3441,12,1,1,0,0,14,0.8571428571428571
3442,12,2,1,0,0,15,0.8
3443,13,2,1,0,0,16,0.8125
3444,13,2,1,0,0,16,0.8125
3445,13,2,1,0,0,16,0.8125
3446,13,2,1,0,0,16,0.8125
3447,12,2,1,0,0,15,0.8
3448,13,2,1,0,0,16,0.8125
3449,12,2,1,0,0,15,0.8
3450,13,2,1,0,0,16,0.8125
3451,14,2,1,0,0,17,0.8235294117647058
3452,12,2,1,0,0,15,0.8
3453,12,2,1,0,0,15,0.8
3454,12,2,1,0,0,15,0.8
3455,13,2,1,0,0,16,0.8125
3456,13,2,1,0,0,16,0.8125
3457,14,2,1,0,0,17,0.8235294117647058
3458,14,2,1,0,0,17,0.8235294117647058
3459,13,1,1,0,0,15,0.8666666666666667
3460,12,1,1,0,0,14,0.8571428571428571
3461,11,2,1,0,0,14,0.7857142857142857
3462,12,2,1,0,0,15,0.8
3463,13,2,1,0,0,16,0.8125
3464,14,2,1,0,0,17,0.8235294117647058
3465,12,1,1,0,0,14,0.8571428571428571
3466,11,2,1,0,0,14,0.7857142857142857
3467,13,2,1,0,0,16,0.8125
3468,13,2,1,0,0,16,0.8125
3469,13,2,1,0,0,16,0.8125
3470,13,3,1,0,0,17,0.7647058823529411
3471,13,2,1,0,0,16,0.8125
3472,15,3,1,0,0,19,0.7894736842105263
3473,13,2,1,0,0,16,0.8125
3474,11,2,1,0,0,14,0.7857142857142857
3475,13,2,1,0,0,16,0.8125
3476,13,3,1,0,0,17,0.7647058823529411
3477,12,3,1,0,0,16,0.75
3478,8,2,1,0,0,11,0.7272727272727273
3479,12,2,1,0,0,15,0.8
3480,12,3,1,0,0,16,0.75
3481,13,2,1,0,0,16,0.8125
3482,13,2,1,0,0,16,0.8125
3483,10,2,1,0,0,13,0.7692307692307693
3484,12,2,1,0,0,15,0.8
3485,13,2,1,0,0,16,0.8125
3486,13,2,1,0,0,16,0.8125
3487,13,2,1,0,0,16,0.8125
3488,14,3,1,0,0,18,0.7777777777777778
3489,14,2,1,0,0,17,0.8235294117647058
3490,12,2,1,0,0,15,0.8
3491,14,2,1,0,0,17,0.8235294117647058
3492,14,2,1,0,0,17,0.8235294117647058
3493,14,3,1,0,0,18,0.7777777777777778
3494,15,3,1,0,0,19,0.7894736842105263
3495,10,3,1,0,0,14,0.7142857142857143
3496,13,2,1,0,0,16,0.8125
3497,13,2,1,0,0,16,0.8125
3498,13,3,1,0,0,17,0.7647058823529411
3499,15,2,1,0,0,18,0.8333333333333334
3500,12,2,3,0,0,17,0.7058823529411765
3501,12,2,1,0,0,15,0.8
3502,12,2,1,0,0,15,0.8
3503,12,2,1,0,0,15,0.8
3504,13,2,1,0,0,16,0.8125
3505,13,3,1,0,0,17,0.7647058823529411
3506,13,3,1,0,0,17,0.7647058823529411
3507,14,3,1,0,0,18,0.7777777777777778
3508,14,3,1,0,0,18,0.7777777777777778
3509,14,3,1,0,0,18,0.7777777777777778
3510,13,3,1,0,0,17,0.7647058823529411
3511,12,2,1,0,0,15,0.8
3512,12,3,1,0,0,16,0.75
3513,14,3,1,0,0,18,0.7777777777777778
3514,14,3,1,0,0,18,0.7777777777777778
3515,13,2,1,0,0,16,0.8125
3516,14,2,1,0,0,17,0.8235294117647058
3517,12,2,1,0,0,15,0.8
3518,14,2,1,0,0,17,0.8235294117647058
3519,14,3,1,0,0,18,0.7777777777777778
3520,13,3,1,0,0,17,0.7647058823529411
3521,13,3,1,0,0,17,0.7647058823529411
3522,14,3,1,0,0,18,0.7777777777777778
3523,14,2,1,0,0,17,0.8235294117647058
3524,13,2,1,0,0,16,0.8125
3525,13,3,1,0,0,17,0.7647058823529411
3526,15,3,1,0,0,19,0.7894736842105263
3527,13,3,1,0,0,17,0.7647058823529411
3528,14,2,1,0,0,17,0.8235294117647058
3529,13,3,1,0,0,17,0.7647058823529411
3530,13,3,1,0,0,17,0.7647058823529411
3531,13,3,1,0,0,17,0.7647058823529411
3532,14,3,1,0,0,18,0.7777777777777778
3533,14,3,1,0,0,18,0.7777777777777778
3534,13,2,1,0,0,16,0.8125
3535,14,2,1,0,0,17,0.8235294117647058
3536,13,2,1,0,0,16,0.8125
3537,14,2,1,0,0,17,0.8235294117647058
3538,13,2,1,0,0,16,0.8125
3539,12,2,1,0,0,15,0.8
3540,13,3,1,0,0,17,0.7647058823529411
3541,14,3,1,0,0,18,0.7777777777777778
3542,13,3,1,0,0,17,0.7647058823529411
3543,12,3,1,0,0,16,0.75
3544,14,3,1,0,0,18,0.7777777777777778
3545,14,3,1,0,0,18,0.7777777777777778
3546,15,3,1,0,0,19,0.7894736842105263
3547,14,3,1,0,0,18,0.7777777777777778
3548,14,3,1,0,0,18,0.7777777777777778
3549,13,3,1,0,0,17,0.7647058823529411
3550,12,2,1,0,0,15,0.8
3551,13,3,1,0,0,17,0.7647058823529411
3552,14,3,1,0,0,18,0.7777777777777778
3553,9,3,1,0,0,13,0.6923076923076923
3554,13,2,1,0,0,16,0.8125
3555,12,3,1,0,0,16,0.75
3556,13,2,1,0,0,16,0.8125
3557,12,2,1,0,0,15,0.8
3558,14,2,1,0,0,17,0.8235294117647058
3559,11,3,1,0,0,15,0.7333333333333333
3560,15,3,1,0,0,19,0.7894736842105263
3561,13,3,1,0,0,17,0.7647058823529411
3562,14,2,1,0,0,17,0.8235294117647058
3563,13,3,1,0,0,17,0.7647058823529411
3564,14,3,1,0,0,18,0.7777777777777778
3565,14,3,1,0,0,18,0.7777777777777778
3566,13,3,1,0,0,17,0.7647058823529411
3567,13,2,1,0,0,16,0.8125
3568,14,3,1,0,0,18,0.7777777777777778
3569,13,3,1,0,0,17,0.7647058823529411
3570,13,2,1,0,0,16,0.8125
3571,13,3,1,0,0,17,0.7647058823529411
3572,14,3,1,0,0,18,0.7777777777777778
3573,13,2,1,0,0,16,0.8125
3574,14,2,1,0,0,17,0.8235294117647058
3575,11,2,1,0,0,14,0.7857142857142857
3576,13,2,1,0,0,16,0.8125
3577,12,2,1,0,0,15,0.8
3578,14,2,1,0,0,17,0.8235294117647058
3579,13,3,1,0,0,17,0.7647058823529411
3580,13,3,1,0,0,17,0.7647058823529411
3581,13,3,1,0,0,17,0.7647058823529411
3582,13,2,1,0,0,16,0.8125
3583,12,2,1,0,0,15,0.8
3584,12,2,2,0,0,16,0.75
3585,12,2,1,0,0,15,0.8
3586,11,2,2,0,0,15,0.7333333333333333
3587,14,2,1,0,0,17,0.8235294117647058
3588,12,2,1,0,0,15,0.8
3589,14,2,1,0,0,17,0.8235294117647058
3590,13,2,1,0,0,16,0.8125
3591,12,2,1,0,0,15,0.8
3592,12,2,1,0,0,15,0.8
3593,11,2,1,0,0,14,0.7857142857142857
3594,12,2,1,0,0,15,0.8
3595,12,2,1,0,0,15,0.8
3596,12,2,1,0,0,15,0.8
3597,12,2,1,0,0,15,0.8
3598,14,2,1,0,0,17,0.8235294117647058
3599,11,2,1,0,0,14,0.7857142857142857
3600,13,2,1,0,0,16,0.8125
3601,12,2,1,0,0,15,0.8
3602,13,2,1,0,0,16,0.8125
3603,12,2,1,0,0,15,0.8
3604,13,2,1,0,0,16,0.8125
3605,12,2,1,0,0,15,0.8
3606,13,2,1,0,0,16,0.8125
3607,12,2,1,0,0,15,0.8
3608,10,2,1,0,0,13,0.7692307692307693
3609,11,2,1,0,0,14,0.7857142857142857
3610,12,2,1,0,0,15,0.8
3611,13,2,1,0,0,16,0.8125
3612,13,2,1,0,0,16,0.8125
3613,12,2,1,0,0,15,0.8
3614,13,2,1,0,0,16,0.8125
3615,12,2,1,0,0,15,0.8
3616,14,2,1,0,0,17,0.8235294117647058
3617,15,2,1,0,0,18,0.8333333333333334
3618,12,2,1,0,0,15,0.8
3619,13,2,1,0,0,16,0.8125
3620,11,2,2,0,0,15,0.7333333333333333
3621,14,2,1,0,0,17,0.8235294117647058
3622,13,2,2,0,0,17,0.7647058823529411
3623,13,2,1,0,0,16,0.8125
3624,12,2,1,0,0,15,0.8
3625,14,2,2,0,0,18,0.7777777777777778
3626,12,2,2,0,0,16,0.75
3627,12,2,1,0,0,15,0.8
3628,12,2,2,0,0,16,0.75
3629,11,2,2,0,0,15,0.7333333333333333
3630,13,2,1,0,0,16,0.8125
3631,12,2,1,0,0,15,0.8
3632,14,2,1,0,0,17,0.8235294117647058
3633,13,2,1,0,0,16,0.8125
3634,12,2,1,0,0,15,0.8
3635,12,3,1,0,0,16,0.75
3636,11,2,1,0,0,14,0.7857142857142857
3637,13,3,1,0,0,17,0.7647058823529411
3638,13,2,1,0,0,16,0.8125
3639,14,2,1,0,0,17,0.8235294117647058
3640,13,2,1,0,0,16,0.8125
3641,13,2,1,0,0,16,0.8125
3642,12,2,2,0,0,16,0.75
3643,12,2,2,0,0,16,0.75
3644,12,2,3,0,0,17,0.7058823529411765
3645,13,2,1,0,0,16,0.8125
3646,12,2,1,0,0,15,0.8
3647,12,2,2,0,0,16,0.75
3648,12,2,3,0,0,17,0.7058823529411765
3649,14,2,1,0,0,17,0.8235294117647058
3650,14,2,1,0,0,17,0.8235294117647058
3651,12,2,2,0,0,16,0.75
3652,12,2,1,0,0,15,0.8
3653,13,2,1,0,0,16,0.8125
3654,12,2,1,0,0,15,0.8
3655,13,2,2,0,0,17,0.7647058823529411
3656,11,2,3,0,0,16,0.6875
3657,15,2,1,0,0,18,0.8333333333333334
3658,15,2,1,0,0,18,0.8333333333333334
3659,13,2,1,0,0,16,0.8125
3660,15,2,1,0,0,18,0.8333333333333334
3661,14,2,1,0,0,17,0.8235294117647058
3662,14,2,1,0,0,17,0.8235294117647058
3663,14,2,1,0,0,17,0.8235294117647058
3664,13,2,1,0,0,16,0.8125
3665,13,2,1,0,0,16,0.8125
3666,13,2,1,0,0,16,0.8125
3667,15,2,1,0,0,18,0.8333333333333334
3668,14,2,1,0,0,17,0.8235294117647058
3669,13,3,1,0,0,17,0.7647058823529411
3670,14,2,1,0,0,17,0.8235294117647058
3671,14,3,1,0,0,18,0.7777777777777778
3672,13,3,1,0,0,17,0.7647058823529411
3673,14,2,1,0,0,17,0.8235294117647058
3674,14,3,1,0,0,18,0.7777777777777778
3675,14,3,1,0,0,18,0.7777777777777778
3676,13,3,1,0,0,17,0.7647058823529411
3677,15,2,1,0,0,18,0.8333333333333334
3678,15,2,1,0,0,18,0.8333333333333334
3679,14,3,1,0,0,18,0.7777777777777778
3680,14,3,1,0,0,18,0.7777777777777778
3681,14,3,1,0,0,18,0.7777777777777778
3682,14,3,1,0,0,18,0.7777777777777778
3683,15,2,1,0,0,18,0.8333333333333334
3684,15,3,1,0,0,19,0.7894736842105263
3685,15,3,1,0,0,19,0.7894736842105263
3686,14,3,1,0,0,18,0.7777777777777778
3687,15,3,1,0,0,19,0.7894736842105263
3688,14,3,1,0,0,18,0.7777777777777778
3689,15,3,1,0,0,19,0.7894736842105263
3690,14,3,1,0,0,18,0.7777777777777778
3691,15,2,1,0,0,18,0.8333333333333334
3692,13,3,1,0,0,17,0.7647058823529411
3693,14,3,1,0,0,18,0.7777777777777778
3694,14,3,1,0,0,18,0.7777777777777778
3695,16,3,1,0,0,20,0.8
3696,15,3,1,0,0,19,0.7894736842105263
3697,15,2,1,0,0,18,0.8333333333333334
3698,16,3,1,0,0,20,0.8
3699,14,3,1,0,0,18,0.7777777777777778
3700,16,3,1,0,0,20,0.8
3701,13,3,1,0,0,17,0.7647058823529411
3702,14,3,1,0,0,18,0.7777777777777778
3703,13,2,1,0,0,16,0.8125
3704,14,2,1,0,0,17,0.8235294117647058
3705,13,2,1,0,0,16,0.8125
3706,14,2,1,0,0,17,0.8235294117647058
3707,12,2,1,0,0,15,0.8
3708,14,2,1,0,0,17,0.8235294117647058
3709,13,3,1,0,0,17,0.7647058823529411
3710,14,3,1,0,0,18,0.7777777777777778
3711,15,3,1,0,0,19,0.7894736842105263
3712,16,3,1,0,0,20,0.8
3713,15,3,1,0,0,19,0.7894736842105263
3714,15,2,1,0,0,18,0.8333333333333334
3715,14,3,1,0,0,18,0.7777777777777778
3716,14,3,1,0,0,18,0.7777777777777778
3717,11,2,1,0,0,14,0.7857142857142857
3718,14,3,1,0,0,18,0.7777777777777778
3719,14,2,1,0,0,17,0.8235294117647058
3720,16,3,1,0,0,20,0.8
3721,13,2,1,0,0,16,0.8125
3722,14,2,1,0,0,17,0.8235294117647058
3723,13,2,1,0,0,16,0.8125
3724,16,2,1,0,0,19,0.8421052631578947
3725,14,2,1,0,0,17,0.8235294117647058
3726,15,2,1,0,0,18,0.8333333333333334
3727,13,2,1,0,0,16,0.8125
3728,14,2,1,0,0,17,0.8235294117647058
3729,14,3,1,0,0,18,0.7777777777777778
3730,16,3,1,0,0,20,0.8
3731,13,2,1,0,0,16,0.8125
3732,13,2,1,0,0,16,0.8125
3733,15,2,1,0,0,18,0.8333333333333334
3734,13,2,1,0,0,16,0.8125
3735,13,2,1,0,0,16,0.8125
3736,12,2,1,0,0,15,0.8
3737,14,3,1,0,0,18,0.7777777777777778
3738,12,3,1,0,0,16,0.75
3739,14,2,1,0,0,17,0.8235294117647058
3740,15,2,1,0,0,18,0.8333333333333334
3741,13,3,1,0,0,17,0.7647058823529411
3742,14,3,1,0,0,18,0.7777777777777778
3743,13,3,1,0,0,17,0.7647058823529411
3744,14,3,1,0,0,18,0.7777777777777778
3745,13,3,1,0,0,17,0.7647058823529411
3746,12,2,1,0,0,15,0.8
3747,13,2,1,0,0,16,0.8125
3748,14,2,1,0,0,17,0.8235294117647058
3749,13,2,1,0,0,16,0.8125
3750,15,2,1,0,0,18,0.8333333333333334
3751,14,3,1,0,0,18,0.7777777777777778
3752,13,2,1,0,0,16,0.8125
3753,13,2,1,0,0,16,0.8125
3754,15,2,1,0,0,18,0.8333333333333334
3755,13,2,1,0,0,16,0.8125
3756,13,3,1,0,0,17,0.7647058823529411
3757,11,2,1,0,0,14,0.7857142857142857
3758,12,2,1,0,0,15,0.8
3759,13,2,1,0,0,16,0.8125
3760,14,2,1,0,0,17,0.8235294117647058
3761,14,2,1,0,0,17,0.8235294117647058
3762,12,2,1,0,0,15,0.8
3763,13,2,1,0,0,16,0.8125
3764,12,2,1,0,0,15,0.8
3765,13,2,1,0,0,16,0.8125
3766,13,2,1,0,0,16,0.8125
3767,13,2,1,0,0,16,0.8125
3768,15,3,1,0,0,19,0.7894736842105263
3769,12,3,1,0,0,16,0.75
3770,13,2,1,0,0,16,0.8125
3771,13,2,1,0,0,16,0.8125
3772,13,2,1,0,0,16,0.8125
3773,12,2,1,0,0,15,0.8
3774,13,2,1,0,0,16,0.8125
3775,13,2,1,0,0,16,0.8125
3776,13,2,1,0,0,16,0.8125
3777,12,2,1,0,0,15,0.8
3778,13,2,1,0,0,16,0.8125
3779,12,2,1,0,0,15,0.8
3780,12,3,1,0,0,16,0.75
3781,13,2,1,0,0,16,0.8125
3782,11,2,1,0,0,14,0.7857142857142857
3783,11,2,1,0,0,14,0.7857142857142857
3784,14,3,1,0,0,18,0.7777777777777778
3785,15,3,1,0,0,19,0.7894736842105263
3786,13,2,1,0,0,16,0.8125
3787,13,4,1,0,0,18,0.7222222222222222
3788,13,3,1,0,0,17,0.7647058823529411
3789,15,3,1,0,0,19,0.7894736842105263
3790,15,3,1,0,0,19,0.7894736842105263
3791,14,3,1,0,0,18,0.7777777777777778
3792,15,3,1,0,0,19,0.7894736842105263
3793,13,3,1,0,0,17,0.7647058823529411
3794,14,3,1,0,0,18,0.7777777777777778
3795,14,3,1,0,0,18,0.7777777777777778
3796,13,3,1,0,0,17,0.7647058823529411
3797,14,3,1,0,0,18,0.7777777777777778
3798,15,3,1,0,0,19,0.7894736842105263
3799,14,3,1,0,0,18,0.7777777777777778
3800,15,3,1,0,0,19,0.7894736842105263
3801,14,3,1,0,0,18,0.7777777777777778
3802,15,3,1,0,0,19,0.7894736842105263
3803,15,3,1,0,0,19,0.7894736842105263
3804,15,3,2,0,0,20,0.75
3805,14,2,1,0,0,17,0.8235294117647058
3806,14,3,1,0,0,18,0.7777777777777778
3807,15,3,1,0,0,19,0.7894736842105263
3808,13,3,1,0,0,17,0.7647058823529411
3809,16,2,1,0,0,19,0.8421052631578947
3810,15,3,1,0,0,19,0.7894736842105263
3811,16,3,1,0,0,20,0.8
3812,14,3,1,0,0,18,0.7777777777777778
3813,16,3,1,0,0,20,0.8
3814,15,3,1,0,0,19,0.7894736842105263
3815,12,3,1,0,0,16,0.75
3816,13,3,1,0,0,17,0.7647058823529411
3817,15,3,1,0,0,19,0.7894736842105263
3818,15,2,1,0,0,18,0.8333333333333334
3819,14,3,1,0,0,18,0.7777777777777778
3820,14,2,1,0,0,17,0.8235294117647058
3821,15,3,1,0,0,19,0.7894736842105263
3822,13,3,1,0,0,17,0.7647058823529411
3823,15,2,1,0,0,18,0.8333333333333334
3824,14,2,1,0,0,17,0.8235294117647058
3825,14,3,1,0,0,18,0.7777777777777778
3826,16,2,1,0,0,19,0.8421052631578947
3827,13,3,1,0,0,17,0.7647058823529411
3828,12,3,1,0,0,16,0.75
3829,14,3,1,0,0,18,0.7777777777777778
3830,14,2,1,0,0,17,0.8235294117647058
3831,15,3,1,0,0,19,0.7894736842105263
3832,14,3,1,0,0,18,0.7777777777777778
3833,15,3,1,0,0,19,0.7894736842105263
3834,13,3,1,0,0,17,0.7647058823529411
3835,14,3,1,0,0,18,0.7777777777777778
3836,15,3,1,0,0,19,0.7894736842105263
3837,12,2,1,0,0,15,0.8
3838,14,2,1,0,0,17,0.8235294117647058
3839,13,3,1,0,0,17,0.7647058823529411
3840,14,2,1,0,0,17,0.8235294117647058
3841,14,2,1,0,0,17,0.8235294117647058
3842,13,3,1,0,0,17,0.7647058823529411
3843,13,2,1,0,0,16,0.8125
3844,13,3,1,0,0,17,0.7647058823529411
3845,13,3,1,0,0,17,0.7647058823529411
3846,12,3,1,0,0,16,0.75
3847,12,3,1,0,0,16,0.75
3848,14,3,1,0,0,18,0.7777777777777778
3849,12,3,1,0,0,16,0.75
3850,13,2,1,0,0,16,0.8125
3851,13,2,1,0,0,16,0.8125
3852,12,2,1,0,0,15,0.8
3853,14,2,1,0,0,17,0.8235294117647058
3854,14,2,1,0,0,17,0.8235294117647058
3855,13,1,1,0,0,15,0.8666666666666667
3856,11,2,1,0,0,14,0.7857142857142857
3857,13,2,1,0,0,16,0.8125
3858,12,2,1,0,0,15,0.8
3859,14,2,1,0,0,17,0.8235294117647058
3860,13,2,1,0,0,16,0.8125
3861,15,2,1,0,0,18,0.8333333333333334
3862,14,2,1,0,0,17,0.8235294117647058
3863,12,2,1,0,0,15,0.8
3864,12,2,1,0,0,15,0.8
3865,14,2,1,0,0,17,0.8235294117647058
3866,14,3,1,0,0,18,0.7777777777777778
3867,14,3,1,0,0,18,0.7777777777777778
3868,14,3,1,0,0,18,0.7777777777777778
3869,14,3,1,0,0,18,0.7777777777777778
3870,13,2,1,0,0,16,0.8125
3871,13,3,1,0,0,17,0.7647058823529411
3872,14,3,1,0,0,18,0.7777777777777778
3873,12,2,1,0,0,15,0.8
3874,14,3,1,0,0,18,0.7777777777777778
3875,14,3,1,0,0,18,0.7777777777777778
3876,15,2,1,0,0,18,0.8333333333333334
3877,15,3,1,0,0,19,0.7894736842105263
3878,14,2,1,0,0,17,0.8235294117647058
3879,13,3,1,0,0,17,0.7647058823529411
3880,14,3,1,0,0,18,0.7777777777777778
3881,14,3,1,0,0,18,0.7777777777777778
3882,14,3,1,0,0,18,0.7777777777777778
3883,14,3,1,0,0,18,0.7777777777777778
3884,14,3,1,0,0,18,0.7777777777777778
3885,14,2,1,0,0,17,0.8235294117647058
3886,17,3,1,0,0,21,0.8095238095238095
3887,14,3,1,0,0,18,0.7777777777777778
3888,15,2,1,0,0,18,0.8333333333333334
3889,13,2,1,0,0,16,0.8125
3890,12,2,1,0,0,15,0.8
3891,13,3,1,0,0,17,0.7647058823529411
3892,12,2,1,0,0,15,0.8
3893,16,3,1,0,0,20,0.8
3894,14,3,1,0,0,18,0.7777777777777778
3895,15,3,1,0,0,19,0.7894736842105263
3896,15,3,1,0,0,19,0.7894736842105263
3897,14,3,1,0,0,18,0.7777777777777778
3898,15,3,1,0,0,19,0.7894736842105263
3899,11,2,1,0,0,14,0.7857142857142857
3900,14,2,1,0,0,17,0.8235294117647058
3901,13,3,1,0,0,17,0.7647058823529411
3902,14,3,1,0,0,18,0.7777777777777778
3903,15,3,1,0,0,19,0.7894736842105263
3904,14,4,1,0,0,19,0.7368421052631579
3905,15,3,1,0,0,19,0.7894736842105263
3906,15,2,1,0,0,18,0.8333333333333334
3907,14,2,1,0,0,17,0.8235294117647058
3908,15,2,1,0,0,18,0.8333333333333334
3909,15,2,1,0,0,18,0.8333333333333334
3910,15,2,1,0,0,18,0.8333333333333334
3911,13,3,1,0,0,17,0.7647058823529411
3912,15,2,1,0,0,18,0.8333333333333334
3913,14,3,1,0,0,18,0.7777777777777778
3914,14,2,1,0,0,17,0.8235294117647058
3915,12,3,2,0,0,17,0.7058823529411765
3916,15,2,1,0,0,18,0.8333333333333334
3917,15,3,1,0,0,19,0.7894736842105263
3918,15,2,2,0,0,19,0.7894736842105263
3919,15,3,1,0,0,19,0.7894736842105263
3920,15,3,1,0,0,19,0.7894736842105263
3921,14,3,1,0,0,18,0.7777777777777778
3922,13,2,1,0,0,16,0.8125
3923,15,2,1,0,0,18,0.8333333333333334
3924,13,4,1,0,0,18,0.7222222222222222
3925,12,3,1,0,0,16,0.75
3926,14,3,1,0,0,18,0.7777777777777778
3927,14,3,1,0,0,18,0.7777777777777778
3928,14,3,1,0,0,18,0.7777777777777778
3929,15,3,1,0,0,19,0.7894736842105263
3930,15,2,1,0,0,18,0.8333333333333334
3931,14,3,1,0,0,18,0.7777777777777778
3932,15,2,1,0,0,18,0.8333333333333334
3933,14,3,1,0,0,18,0.7777777777777778
3934,15,3,1,0,0,19,0.7894736842105263
3935,14,3,1,0,0,18,0.7777777777777778
3936,12,2,1,0,0,15,0.8
3937,14,3,1,0,0,18,0.7777777777777778
3938,15,3,1,0,0,19,0.7894736842105263
3939,13,3,1,0,0,17,0.7647058823529411
3940,13,2,1,0,0,16,0.8125
3941,14,3,1,0,0,18,0.7777777777777778
3942,13,3,1,0,0,17,0.7647058823529411
3943,17,2,1,0,0,20,0.85
3944,12,2,1,0,0,15,0.8
3945,15,3,1,0,0,19,0.7894736842105263
3946,14,3,1,0,0,18,0.7777777777777778
3947,15,3,1,0,0,19,0.7894736842105263
3948,14,3,1,0,0,18,0.7777777777777778
3949,14,3,1,0,0,18,0.7777777777777778
3950,14,3,1,0,0,18,0.7777777777777778
3951,14,2,1,0,0,17,0.8235294117647058
3952,15,3,1,0,0,19,0.7894736842105263
3953,15,3,1,0,0,19,0.7894736842105263
3954,14,3,1,0,0,18,0.7777777777777778
3955,14,3,1,0,0,18,0.7777777777777778
3956,14,3,1,0,0,18,0.7777777777777778
3957,15,3,1,0,0,19,0.7894736842105263
3958,15,3,1,0,0,19,0.7894736842105263
3959,16,3,1,0,0,20,0.8
3960,15,2,1,0,0,18,0.8333333333333334
3961,13,3,1,0,0,17,0.7647058823529411
3962,14,2,1,0,0,17,0.8235294117647058
3963,13,3,1,0,0,17,0.7647058823529411
3964,14,2,1,0,0,17,0.8235294117647058
3965,14,2,1,0,0,17,0.8235294117647058
3966,13,2,1,0,0,16,0.8125
3967,14,2,1,0,0,17,0.8235294117647058
3968,14,2,1,0,0,17,0.8235294117647058
3969,13,2,1,0,0,16,0.8125
3970,13,2,1,0,0,16,0.8125
3971,13,2,1,0,0,16,0.8125
3972,13,2,1,0,0,16,0.8125
3973,13,2,1,0,0,16,0.8125
3974,12,2,1,0,0,15,0.8
3975,13,2,1,0,0,16,0.8125
3976,14,2,1,0,0,17,0.8235294117647058
3977,12,2,1,0,0,15,0.8
3978,12,2,1,0,0,15,0.8
3979,15,2,1,0,0,18,0.8333333333333334
3980,13,3,1,0,0,17,0.7647058823529411
3981,14,3,1,0,0,18,0.7777777777777778
3982,14,2,1,0,0,17,0.8235294117647058
3983,14,2,1,0,0,17,0.8235294117647058
3984,15,2,1,0,0,18,0.8333333333333334
3985,14,3,1,0,0,18,0.7777777777777778
3986,15,2,1,0,0,18,0.8333333333333334
3987,14,3,1,0,0,18,0.7777777777777778
3988,14,3,1,0,0,18,0.7777777777777778
3989,12,2,1,0,0,15,0.8
3990,14,3,1,0,0,18,0.7777777777777778
3991,13,3,1,0,0,17,0.7647058823529411
3992,13,3,1,0,0,17,0.7647058823529411
3993,14,3,1,0,0,18,0.7777777777777778
3994,14,2,1,0,0,17,0.8235294117647058
3995,14,2,1,0,0,17,0.8235294117647058
3996,15,3,1,0,0,19,0.7894736842105263
3997,12,2,1,0,0,15,0.8
3998,12,2,1,0,0,15,0.8
3999,14,2,1,0,0,17,0.8235294117647058
4000,14,3,1,0,0,18,0.7777777777777778
4001,12,2,1,0,0,15,0.8
4002,13,2,1,0,0,16,0.8125
4003,13,3,1,0,0,17,0.7647058823529411
4004,13,3,1,0,0,17,0.7647058823529411
4005,13,2,1,0,0,16,0.8125
4006,13,2,1,0,0,16,0.8125
4007,15,3,1,0,0,19,0.7894736842105263
4008,14,2,1,0,0,17,0.8235294117647058
4009,13,2,1,0,0,16,0.8125
4010,12,2,1,0,0,15,0.8
4011,15,2,1,0,0,18,0.8333333333333334
4012,13,2,1,0,0,16,0.8125
4013,13,2,1,0,0,16,0.8125
4014,14,2,1,0,0,17,0.8235294117647058
4015,13,2,1,0,0,16,0.8125
4016,13,3,1,0,0,17,0.7647058823529411
4017,14,2,1,0,0,17,0.8235294117647058
4018,13,3,1,0,0,17,0.7647058823529411
4019,13,3,1,0,0,17,0.7647058823529411
4020,15,3,1,0,0,19,0.7894736842105263
4021,13,3,1,0,0,17,0.7647058823529411
4022,14,3,1,0,0,18,0.7777777777777778
4023,14,3,1,0,0,18,0.7777777777777778
4024,15,3,1,0,0,19,0.7894736842105263
4025,13,2,1,0,0,16,0.8125
4026,12,3,1,0,0,16,0.75
4027,13,3,1,0,0,17,0.7647058823529411
4028,13,3,1,0,0,17,0.7647058823529411
4029,13,4,1,0,0,18,0.7222222222222222
4030,13,2,1,0,0,16,0.8125
4031,12,2,1,0,0,15,0.8
4032,14,2,1,0,0,17,0.8235294117647058
4033,15,2,1,0,0,18,0.8333333333333334
4034,13,2,1,0,0,16,0.8125
4035,15,2,2,0,0,19,0.7894736842105263
4036,14,2,1,0,0,17,0.8235294117647058
4037,16,2,1,0,0,19,0.8421052631578947
4038,16,3,1,0,0,20,0.8
4039,15,3,1,0,0,19,0.7894736842105263
4040,16,3,1,0,0,20,0.8
4041,14,3,1,0,0,18,0.7777777777777778
4042,15,3,1,0,0,19,0.7894736842105263
4043,14,2,1,0,0,17,0.8235294117647058
4044,13,3,1,0,0,17,0.7647058823529411
4045,14,3,1,0,0,18,0.7777777777777778
4046,14,3,1,0,0,18,0.7777777777777778
4047,13,2,1,0,0,16,0.8125
4048,13,3,1,0,0,17,0.7647058823529411
4049,15,3,1,0,0,19,0.7894736842105263
4050,13,3,1,0,0,17,0.7647058823529411
4051,15,3,1,0,0,19,0.7894736842105263
4052,14,3,1,0,0,18,0.7777777777777778
4053,16,3,1,0,0,20,0.8
4054,14,3,1,0,0,18,0.7777777777777778
4055,15,3,1,0,0,19,0.7894736842105263
4056,14,3,1,0,0,18,0.7777777777777778
4057,12,3,1,0,0,16,0.75
4058,13,2,1,0,0,16,0.8125
4059,14,2,1,0,0,17,0.8235294117647058
4060,14,2,1,0,0,17,0.8235294117647058
4061,14,3,1,0,0,18,0.7777777777777778
4062,13,3,1,0,0,17,0.7647058823529411
4063,14,3,1,0,0,18,0.7777777777777778
4064,14,3,1,0,0,18,0.7777777777777778
4065,16,3,1,0,0,20,0.8
4066,14,3,1,0,0,18,0.7777777777777778
4067,12,2,1,0,0,15,0.8
4068,15,3,1,0,0,19,0.7894736842105263
4069,14,3,1,0,0,18,0.7777777777777778
4070,14,3,1,0,0,18,0.7777777777777778
4071,15,3,1,0,0,19,0.7894736842105263
4072,15,3,1,0,0,19,0.7894736842105263
4073,16,3,1,0,0,20,0.8
4074,15,3,1,0,0,19,0.7894736842105263
4075,14,3,1,0,0,18,0.7777777777777778
4076,14,3,1,0,0,18,0.7777777777777778
4077,14,3,1,0,0,18,0.7777777777777778
4078,14,2,1,0,0,17,0.8235294117647058
4079,14,3,1,0,0,18,0.7777777777777778
4080,14,3,1,0,0,18,0.7777777777777778
4081,12,3,1,0,0,16,0.75
4082,14,2,1,0,0,17,0.8235294117647058
4083,14,3,1,0,0,18,0.7777777777777778
4084,14,2,1,0,0,17,0.8235294117647058
4085,15,3,1,0,0,19,0.7894736842105263
4086,15,2,1,0,0,18,0.8333333333333334
4087,14,3,1,0,0,18,0.7777777777777778
4088,14,3,1,0,0,18,0.7777777777777778
4089,14,2,1,0,0,17,0.8235294117647058
4090,14,3,1,0,0,18,0.7777777777777778
4091,13,2,1,0,0,16,0.8125
4092,14,3,1,0,0,18,0.7777777777777778
4093,13,3,1,0,0,17,0.7647058823529411
4094,12,3,1,0,0,16,0.75
4095,16,2,1,0,0,19,0.8421052631578947
4096,14,2,1,0,0,17,0.8235294117647058
4097,14,3,1,0,0,18,0.7777777777777778
4098,14,2,1,0,0,17,0.8235294117647058
4099,15,2,1,0,0,18,0.8333333333333334
4100,15,2,1,0,0,18,0.8333333333333334
4101,12,2,1,0,0,15,0.8
4102,15,3,1,0,0,19,0.7894736842105263
4103,14,3,1,0,0,18,0.7777777777777778
4104,13,3,1,0,0,17,0.7647058823529411
4105,14,2,1,0,0,17,0.8235294117647058
4106,15,3,1,0,0,19,0.7894736842105263
4107,14,3,1,0,0,18,0.7777777777777778
4108,14,3,1,0,0,18,0.7777777777777778
4109,15,4,1,0,0,20,0.75
4110,14,3,1,0,0,18,0.7777777777777778
4111,13,3,1,0,0,17,0.7647058823529411
4112,15,2,1,0,0,18,0.8333333333333334
4113,15,2,1,0,0,18,0.8333333333333334
4114,15,3,1,0,0,19,0.7894736842105263
4115,14,3,1,0,0,18,0.7777777777777778
4116,14,3,1,0,0,18,0.7777777777777778
4117,16,2,1,0,0,19,0.8421052631578947
4118,15,3,1,0,0,19,0.7894736842105263
4119,14,2,1,0,0,17,0.8235294117647058
4120,14,2,1,0,0,17,0.8235294117647058
4121,14,2,1,0,0,17,0.8235294117647058
4122,14,3,1,0,0,18,0.7777777777777778
4123,13,2,1,0,0,16,0.8125
4124,13,3,1,0,0,17,0.7647058823529411
4125,14,3,1,0,0,18,0.7777777777777778
4126,11,3,1,0,0,15,0.7333333333333333
4127,12,2,1,0,0,15,0.8
4128,14,3,1,0,0,18,0.7777777777777778
4129,13,2,1,0,0,16,0.8125
4130,15,2,1,0,0,18,0.8333333333333334
4131,13,2,1,0,0,16,0.8125
4132,14,2,1,0,0,17,0.8235294117647058
4133,13,3,1,0,0,17,0.7647058823529411
4134,15,3,1,0,0,19,0.7894736842105263
4135,16,3,1,0,0,20,0.8
4136,14,3,1,0,0,18,0.7777777777777778
4137,15,2,1,0,0,18,0.8333333333333334
4138,14,3,1,0,0,18,0.7777777777777778
4139,14,2,1,0,0,17,0.8235294117647058
4140,14,3,1,0,0,18,0.7777777777777778
4141,16,3,1,0,0,20,0.8
4142,14,3,1,0,0,18,0.7777777777777778
4143,14,2,1,0,0,17,0.8235294117647058
4144,15,3,1,0,0,19,0.7894736842105263
4145,14,2,1,0,0,17,0.8235294117647058
4146,15,3,1,0,0,19,0.7894736842105263
4147,15,2,1,0,0,18,0.8333333333333334
4148,13,2,1,0,0,16,0.8125
4149,14,2,1,0,0,17,0.8235294117647058
4150,15,3,1,0,0,19,0.7894736842105263
4151,14,2,1,0,0,17,0.8235294117647058
4152,15,3,1,0,0,19,0.7894736842105263
4153,14,3,1,0,0,18,0.7777777777777778
4154,15,2,1,0,0,18,0.8333333333333334
4155,14,3,1,0,0,18,0.7777777777777778
4156,13,2,1,0,0,16,0.8125
4157,13,3,1,0,0,17,0.7647058823529411
4158,14,3,1,0,0,18,0.7777777777777778
4159,15,3,1,0,0,19,0.7894736842105263
4160,15,3,1,0,0,19,0.7894736842105263
4161,13,3,1,0,0,17,0.7647058823529411
4162,13,3,1,0,0,17,0.7647058823529411
4163,14,2,1,0,0,17,0.8235294117647058
4164,15,3,1,0,0,19,0.7894736842105263
4165,13,2,1,0,0,16,0.8125
4166,14,2,1,0,0,17,0.8235294117647058
4167,15,3,1,0,0,19,0.7894736842105263
4168,11,3,1,0,0,15,0.7333333333333333
4169,13,2,1,0,0,16,0.8125
4170,13,2,1,0,0,16,0.8125
4171,14,2,1,0,0,17,0.8235294117647058
4172,15,3,1,0,0,19,0.7894736842105263
4173,15,3,1,0,0,19,0.7894736842105263
4174,14,3,1,0,0,18,0.7777777777777778
4175,14,2,1,0,0,17,0.8235294117647058
4176,11,2,1,0,0,14,0.7857142857142857
4177,13,2,1,0,0,16,0.8125
4178,14,2,1,0,0,17,0.8235294117647058
4179,13,2,1,0,0,16,0.8125
4180,14,2,1,0,0,17,0.8235294117647058
4181,15,2,1,0,0,18,0.8333333333333334
4182,15,2,1,0,0,18,0.8333333333333334
4183,13,2,1,0,0,16,0.8125
4184,14,2,1,0,0,17,0.8235294117647058
4185,13,2,1,0,0,16,0.8125
4186,12,2,1,0,0,15,0.8
4187,14,3,1,0,0,18,0.7777777777777778
4188,14,3,1,0,0,18,0.7777777777777778
4189,13,2,2,0,0,17,0.7647058823529411
4190,13,2,1,0,0,16,0.8125
4191,15,2,1,0,0,18,0.8333333333333334
4192,12,2,1,0,0,15,0.8
4193,13,2,1,0,0,16,0.8125
4194,14,2,1,0,0,17,0.8235294117647058
4195,14,3,1,0,0,18,0.7777777777777778
4196,13,3,1,0,0,17,0.7647058823529411
4197,14,3,1,0,0,18,0.7777777777777778
4198,15,2,1,0,0,18,0.8333333333333334
4199,14,3,1,0,0,18,0.7777777777777778
4200,14,3,1,0,0,18,0.7777777777777778
4201,15,2,1,0,0,18,0.8333333333333334
4202,13,3,1,0,0,17,0.7647058823529411
4203,13,2,1,0,0,16,0.8125
4204,15,3,1,0,0,19,0.7894736842105263
4205,14,3,1,0,0,18,0.7777777777777778
4206,15,2,1,0,0,18,0.8333333333333334
4207,14,3,1,0,0,18,0.7777777777777778
4208,12,2,1,0,0,15,0.8
4209,13,2,1,0,0,16,0.8125
4210,11,2,1,0,0,14,0.7857142857142857
4211,13,2,1,0,0,16,0.8125
4212,14,2,1,0,0,17,0.8235294117647058
4213,13,2,1,0,0,16,0.8125
4214,14,2,1,0,0,17,0.8235294117647058
4215,12,2,1,0,0,15,0.8
4216,11,2,1,0,0,14,0.7857142857142857
4217,14,3,1,0,0,18,0.7777777777777778
4218,14,3,1,0,0,18,0.7777777777777778
4219,13,2,1,0,0,16,0.8125
4220,11,2,1,0,0,14,0.7857142857142857
4221,15,2,1,0,0,18,0.8333333333333334
4222,15,2,1,0,0,18,0.8333333333333334
4223,13,2,1,0,0,16,0.8125
4224,15,2,1,0,0,18,0.8333333333333334
4225,13,2,1,0,0,16,0.8125
4226,14,2,1,0,0,17,0.8235294117647058
4227,14,2,1,0,0,17,0.8235294117647058
4228,13,2,1,0,0,16,0.8125
4229,13,2,1,0,0,16,0.8125
4230,16,3,1,0,0,20,0.8
4231,13,3,1,0,0,17,0.7647058823529411
4232,13,3,1,0,0,17,0.7647058823529411
4233,14,3,1,0,0,18,0.7777777777777778
4234,13,2,1,0,0,16,0.8125
4235,15,3,1,0,0,19,0.7894736842105263
4236,14,2,1,0,0,17,0.8235294117647058
4237,13,2,1,0,0,16,0.8125
4238,13,3,1,0,0,17,0.7647058823529411
4239,11,2,1,0,0,14,0.7857142857142857
4240,13,2,1,0,0,16,0.8125
4241,14,3,1,0,0,18,0.7777777777777778
4242,14,3,1,0,0,18,0.7777777777777778
4243,14,2,1,0,0,17,0.8235294117647058
4244,14,2,1,0,0,17,0.8235294117647058
4245,15,3,1,0,0,19,0.7894736842105263
4246,14,2,1,0,0,17,0.8235294117647058
4247,13,2,1,0,0,16,0.8125
4248,14,2,1,0,0,17,0.8235294117647058
4249,14,3,1,0,0,18,0.7777777777777778
4250,14,3,1,0,0,18,0.7777777777777778
4251,14,3,1,0,0,18,0.7777777777777778
4252,15,3,1,0,0,19,0.7894736842105263
4253,14,3,1,0,0,18,0.7777777777777778
4254,12,2,1,0,0,15,0.8
4255,13,2,1,0,0,16,0.8125
4256,13,2,1,0,0,16,0.8125
4257,13,2,1,0,0,16,0.8125
4258,15,2,1,0,0,18,0.8333333333333334
4259,13,2,1,0,0,16,0.8125
4260,15,2,1,0,0,18,0.8333333333333334
4261,14,2,1,0,0,17,0.8235294117647058
4262,15,2,1,0,0,18,0.8333333333333334
4263,11,2,1,0,0,14,0.7857142857142857
4264,14,3,1,0,0,18,0.7777777777777778
4265,13,2,1,0,0,16,0.8125
4266,13,2,1,0,0,16,0.8125
4267,14,2,1,0,0,17,0.8235294117647058
4268,14,2,1,0,0,17,0.8235294117647058
4269,15,2,1,0,0,18,0.8333333333333334
4270,12,1,1,0,0,14,0.8571428571428571
4271,16,2,1,0,0,19,0.8421052631578947
4272,13,2,1,0,0,16,0.8125
4273,12,2,1,0,0,15,0.8
4274,13,1,1,0,0,15,0.8666666666666667
4275,14,2,1,0,0,17,0.8235294117647058
4276,14,2,1,0,0,17,0.8235294117647058
4277,15,3,1,0,0,19,0.7894736842105263
4278,15,2,1,0,0,18,0.8333333333333334
4279,14,2,1,0,0,17,0.8235294117647058
4280,14,2,1,0,0,17,0.8235294117647058
4281,16,2,1,0,0,19,0.8421052631578947
4282,14,2,1,0,0,17,0.8235294117647058
4283,13,2,1,0,0,16,0.8125
4284,15,2,1,0,0,18,0.8333333333333334
4285,14,2,1,0,0,17,0.8235294117647058
4286,15,2,1,0,0,18,0.8333333333333334
4287,13,3,1,0,0,17,0.7647058823529411
4288,12,2,1,0,0,15,0.8
4289,12,1,1,0,0,14,0.8571428571428571
4290,12,1,1,0,0,14,0.8571428571428571
4291,13,1,1,0,0,15,0.8666666666666667
4292,14,2,1,0,0,17,0.8235294117647058
4293,14,2,1,0,0,17,0.8235294117647058
4294,13,2,1,0,0,16,0.8125
4295,13,2,1,0,0,16,0.8125
4296,14,2,1,0,0,17,0.8235294117647058
4297,13,3,1,0,0,17,0.7647058823529411
4298,13,2,1,0,0,16,0.8125
4299,14,2,1,0,0,17,0.8235294117647058
4300,14,2,1,0,0,17,0.8235294117647058
4301,14,2,1,0,0,17,0.8235294117647058
4302,13,2,1,0,0,16,0.8125
4303,13,2,1,0,0,16,0.8125
4304,13,2,1,0,0,16,0.8125
4305,13,2,1,0,0,16,0.8125
4306,10,2,1,0,0,13,0.7692307692307693
4307,12,2,1,0,0,15,0.8
4308,12,2,1,0,0,15,0.8
4309,12,2,1,0,0,15,0.8
4310,14,2,1,0,0,17,0.8235294117647058
4311,14,2,1,0,0,17,0.8235294117647058
4312,13,3,1,0,0,17,0.7647058823529411
4313,12,2,1,0,0,15,0.8
4314,12,2,1,0,0,15,0.8
4315,14,3,1,0,0,18,0.7777777777777778
4316,15,3,1,0,0,19,0.7894736842105263
4317,13,3,1,0,0,17,0.7647058823529411
4318,14,3,1,0,0,18,0.7777777777777778
4319,14,3,1,0,0,18,0.7777777777777778
4320,13,3,1,0,0,17,0.7647058823529411
4321,13,3,1,0,0,17,0.7647058823529411
4322,14,2,1,0,0,17,0.8235294117647058
4323,13,3,1,0,0,17,0.7647058823529411
4324,14,3,1,0,0,18,0.7777777777777778
4325,13,3,1,0,0,17,0.7647058823529411
4326,16,3,1,0,0,20,0.8
4327,15,3,1,0,0,19,0.7894736842105263
4328,13,3,1,0,0,17,0.7647058823529411
4329,13,3,1,0,0,17,0.7647058823529411
4330,14,3,1,0,0,18,0.7777777777777778
4331,13,2,1,0,0,16,0.8125
4332,13,3,1,0,0,17,0.7647058823529411
4333,15,3,1,0,0,19,0.7894736842105263
4334,14,3,1,0,0,18,0.7777777777777778
4335,12,2,1,0,0,15,0.8
4336,13,3,1,0,0,17,0.7647058823529411
4337,13,3,1,0,0,17,0.7647058823529411
4338,12,2,1,0,0,15,0.8
4339,13,2,1,0,0,16,0.8125
4340,15,3,1,0,0,19,0.7894736842105263
4341,12,2,1,0,0,15,0.8
4342,13,2,1,0,0,16,0.8125
4343,11,2,1,0,0,14,0.7857142857142857
4344,12,2,1,0,0,15,0.8
4345,11,2,1,0,0,14,0.7857142857142857
4346,14,2,1,0,0,17,0.8235294117647058
4347,13,2,1,0,0,16,0.8125
4348,13,2,1,0,0,16,0.8125
4349,11,2,1,0,0,14,0.7857142857142857
4350,11,2,3,0,0,16,0.6875
4351,13,1,2,0,0,16,0.8125
4352,14,2,1,0,0,17,0.8235294117647058
4353,14,2,1,0,0,17,0.8235294117647058
4354,14,2,1,0,0,17,0.8235294117647058
4355,13,2,1,0,0,16,0.8125
4356,11,2,1,0,0,14,0.7857142857142857
4357,13,2,1,0,0,16,0.8125
4358,12,2,1,0,0,15,0.8
4359,12,2,1,0,0,15,0.8
4360,13,2,1,0,0,16,0.8125
4361,14,2,1,0,0,17,0.8235294117647058
4362,13,3,1,0,0,17,0.7647058823529411
4363,13,2,1,0,0,16,0.8125
4364,13,3,1,0,0,17,0.7647058823529411
4365,13,2,1,0,0,16,0.8125
4366,13,3,1,0,0,17,0.7647058823529411
4367,14,2,1,0,0,17,0.8235294117647058
4368,12,2,1,0,0,15,0.8
4369,14,3,1,0,0,18,0.7777777777777778
4370,13,3,1,0,0,17,0.7647058823529411
4371,13,2,1,0,0,16,0.8125
4372,13,2,1,0,0,16,0.8125
4373,13,2,1,0,0,16,0.8125
4374,12,2,1,0,0,15,0.8
4375,12,2,1,0,0,15,0.8
4376,13,2,1,0,0,16,0.8125
4377,11,2,1,0,0,14,0.7857142857142857
4378,13,2,1,0,0,16,0.8125
4379,13,3,1,0,0,17,0.7647058823529411
4380,12,2,1,0,0,15,0.8
4381,14,2,1,0,0,17,0.8235294117647058
4382,12,2,1,0,0,15,0.8
4383,13,2,1,0,0,16,0.8125
4384,13,2,1,0,0,16,0.8125
4385,13,2,1,0,0,16,0.8125
4386,14,2,1,0,0,17,0.8235294117647058
4387,14,2,1,0,0,17,0.8235294117647058
4388,13,2,1,0,0,16,0.8125
4389,13,2,1,0,0,16,0.8125
4390,13,2,1,0,0,16,0.8125
4391,13,2,2,0,0,17,0.7647058823529411
4392,13,3,1,0,0,17,0.7647058823529411
4393,15,2,1,0,0,18,0.8333333333333334
4394,13,3,1,0,0,17,0.7647058823529411
4395,13,2,1,0,0,16,0.8125
4396,14,3,1,0,0,18,0.7777777777777778
4397,13,2,1,0,0,16,0.8125
4398,12,2,1,0,0,15,0.8
4399,13,2,1,0,0,16,0.8125
4400,13,2,1,0,0,16,0.8125
4401,12,2,3,0,0,17,0.7058823529411765
4402,14,2,2,0,0,18,0.7777777777777778
4403,13,2,1,0,0,16,0.8125
4404,14,2,1,0,0,17,0.8235294117647058
4405,15,3,1,0,0,19,0.7894736842105263
4406,16,3,1,0,0,20,0.8
4407,14,2,1,0,0,17,0.8235294117647058
4408,15,3,1,0,0,19,0.7894736842105263
4409,14,2,1,0,0,17,0.8235294117647058
4410,14,2,1,0,0,17,0.8235294117647058
4411,12,2,1,0,0,15,0.8
4412,9,2,1,0,0,12,0.75
4413,13,2,1,0,0,16,0.8125
4414,13,2,1,0,0,16,0.8125
4415,15,3,1,0,0,19,0.7894736842105263
4416,12,3,1,0,0,16,0.75
4417,14,2,1,0,0,17,0.8235294117647058
4418,14,2,1,0,0,17,0.8235294117647058
4419,13,3,1,0,0,17,0.7647058823529411
4420,16,2,1,0,0,19,0.8421052631578947
4421,15,2,1,0,0,18,0.8333333333333334
4422,13,2,1,0,0,16,0.8125
4423,14,2,1,0,0,17,0.8235294117647058
4424,15,2,1,0,0,18,0.8333333333333334
4425,12,3,1,0,0,16,0.75
4426,15,3,1,0,0,19,0.7894736842105263
4427,13,2,1,0,0,16,0.8125
4428,14,2,1,0,0,17,0.8235294117647058
4429,14,2,1,0,0,17,0.8235294117647058
4430,15,3,1,0,0,19,0.7894736842105263
4431,14,2,1,0,0,17,0.8235294117647058
4432,13,2,1,0,0,16,0.8125
4433,14,2,1,0,0,17,0.8235294117647058
4434,14,2,1,0,0,17,0.8235294117647058
4435,14,3,1,0,0,18,0.7777777777777778
4436,12,2,1,0,0,15,0.8
4437,13,2,1,0,0,16,0.8125
4438,14,2,1,0,0,17,0.8235294117647058
4439,14,2,1,0,0,17,0.8235294117647058
4440,13,2,1,0,0,16,0.8125
4441,13,2,1,0,0,16,0.8125
4442,14,2,1,0,0,17,0.8235294117647058
4443,13,2,1,0,0,16,0.8125
4444,12,2,1,0,0,15,0.8
4445,15,3,1,0,0,19,0.7894736842105263
4446,12,2,1,0,0,15,0.8
4447,15,2,1,0,0,18,0.8333333333333334
4448,14,2,1,0,0,17,0.8235294117647058
4449,15,2,1,0,0,18,0.8333333333333334
4450,12,2,1,0,0,15,0.8
4451,13,2,2,0,0,17,0.7647058823529411
4452,13,2,2,0,0,17,0.7647058823529411
4453,14,2,1,0,0,17,0.8235294117647058
4454,13,2,1,0,0,16,0.8125
4455,15,2,1,0,0,18,0.8333333333333334
4456,12,2,1,0,0,15,0.8
4457,14,2,1,0,0,17,0.8235294117647058
4458,13,2,1,0,0,16,0.8125
4459,13,1,1,0,0,15,0.8666666666666667
4460,13,2,1,0,0,16,0.8125
4461,13,2,1,0,0,16,0.8125
4462,15,2,1,0,0,18,0.8333333333333334
4463,15,2,1,0,0,18,0.8333333333333334
4464,12,1,1,0,0,14,0.8571428571428571
4465,10,1,1,0,0,12,0.8333333333333334
4466,13,2,1,0,0,16,0.8125
4467,12,3,1,0,0,16,0.75
4468,12,1,1,0,0,14,0.8571428571428571
4469,13,2,1,0,0,16,0.8125
4470,15,2,1,0,0,18,0.8333333333333334
4471,13,1,1,0,0,15,0.8666666666666667
4472,11,1,1,0,0,13,0.8461538461538461
4473,13,3,1,0,0,17,0.7647058823529411
4474,15,2,1,0,0,18,0.8333333333333334
4475,13,2,1,0,0,16,0.8125
4476,15,2,1,0,0,18,0.8333333333333334
4477,12,2,1,0,0,15,0.8
4478,13,2,1,0,0,16,0.8125
4479,13,3,1,0,0,17,0.7647058823529411
4480,15,3,1,0,0,19,0.7894736842105263
4481,14,3,1,0,0,18,0.7777777777777778
4482,15,2,1,0,0,18,0.8333333333333334
4483,14,2,1,0,0,17,0.8235294117647058
4484,14,2,1,0,0,17,0.8235294117647058
4485,13,3,1,0,0,17,0.7647058823529411
4486,15,3,1,0,0,19,0.7894736842105263
4487,14,3,1,0,0,18,0.7777777777777778
4488,13,2,1,0,0,16,0.8125
4489,14,2,1,0,0,17,0.8235294117647058
4490,14,1,1,0,0,16,0.875
4491,14,2,1,0,0,17,0.8235294117647058
4492,12,2,1,0,0,15,0.8
4493,14,2,1,0,0,17,0.8235294117647058
4494,14,2,1,0,0,17,0.8235294117647058
4495,11,2,1,0,0,14,0.7857142857142857
4496,15,3,1,0,0,19,0.7894736842105263
4497,13,2,1,0,0,16,0.8125
4498,14,1,1,0,0,16,0.875
4499,12,2,1,0,0,15,0.8
4500,14,3,1,0,0,18,0.7777777777777778
4501,13,2,1,0,0,16,0.8125
4502,13,1,1,0,0,15,0.8666666666666667
4503,14,1,1,0,0,16,0.875
4504,14,2,1,0,0,17,0.8235294117647058
4505,14,2,1,0,0,17,0.8235294117647058
4506,13,3,1,0,0,17,0.7647058823529411
4507,15,2,1,0,0,18,0.8333333333333334
4508,14,2,1,0,0,17,0.8235294117647058
4509,13,1,1,0,0,15,0.8666666666666667
4510,14,1,1,0,0,16,0.875
4511,12,2,3,0,0,17,0.7058823529411765
4512,14,1,1,0,0,16,0.875
4513,13,1,1,0,0,15,0.8666666666666667
4514,14,2,1,0,0,17,0.8235294117647058
4515,13,2,1,0,0,16,0.8125
4516,11,2,1,0,0,14,0.7857142857142857
4517,13,1,2,0,0,16,0.8125
4518,12,2,2,0,0,16,0.75
4519,13,1,1,0,0,15,0.8666666666666667
4520,14,1,1,0,0,16,0.875
4521,13,1,3,0,0,17,0.7647058823529411
4522,12,1,2,0,0,15,0.8
4523,12,1,1,0,0,14,0.8571428571428571
4524,13,1,1,0,0,15,0.8666666666666667
4525,15,2,2,0,0,19,0.7894736842105263
4526,14,1,2,0,0,17,0.8235294117647058
4527,14,1,1,0,0,16,0.875
4528,13,1,1,0,0,15,0.8666666666666667
4529,14,1,1,0,0,16,0.875
4530,14,2,1,0,0,17,0.8235294117647058
4531,14,2,1,0,0,17,0.8235294117647058
4532,15,1,1,0,0,17,0.8823529411764706
4533,13,2,1,0,0,16,0.8125
4534,14,2,1,0,0,17,0.8235294117647058
4535,13,1,1,0,0,15,0.8666666666666667
4536,15,1,1,0,0,17,0.8823529411764706
4537,14,2,1,0,0,17,0.8235294117647058
4538,14,2,1,0,0,17,0.8235294117647058
4539,13,2,1,0,0,16,0.8125
4540,12,2,1,0,0,15,0.8
4541,15,2,1,0,0,18,0.8333333333333334
4542,14,1,1,0,0,16,0.875
4543,14,1,1,0,0,16,0.875
4544,13,1,1,0,0,15,0.8666666666666667
4545,14,2,1,0,0,17,0.8235294117647058
4546,13,1,1,0,0,15,0.8666666666666667
4547,14,2,1,0,0,17,0.8235294117647058
4548,14,1,1,0,0,16,0.875
4549,14,2,1,0,0,17,0.8235294117647058
4550,14,3,1,0,0,18,0.7777777777777778
4551,15,3,1,0,0,19,0.7894736842105263
4552,15,1,1,0,0,17,0.8823529411764706
4553,13,2,1,0,0,16,0.8125
4554,15,2,1,0,0,18,0.8333333333333334
4555,16,1,3,0,0,20,0.8
4556,13,1,1,0,0,15,0.8666666666666667
4557,15,2,1,0,0,18,0.8333333333333334
4558,14,2,1,0,0,17,0.8235294117647058
4559,14,1,1,0,0,16,0.875
4560,12,1,1,0,0,14,0.8571428571428571
4561,12,1,1,0,0,14,0.8571428571428571
4562,14,1,1,0,0,16,0.875
4563,14,1,1,0,0,16,0.875
4564,15,1,1,0,0,17,0.8823529411764706
4565,14,1,1,0,0,16,0.875
4566,14,2,1,0,0,17,0.8235294117647058
4567,15,2,2,0,0,19,0.7894736842105263
4568,15,2,1,0,0,18,0.8333333333333334
4569,14,1,1,0,0,16,0.875
4570,14,2,1,0,0,17,0.8235294117647058
4571,15,2,1,0,0,18,0.8333333333333334
4572,15,3,1,0,0,19,0.7894736842105263
4573,13,1,1,0,0,15,0.8666666666666667
4574,13,2,1,0,0,16,0.8125
4575,13,2,1,0,0,16,0.8125
4576,14,2,1,0,0,17,0.8235294117647058
4577,14,1,1,0,0,16,0.875
4578,12,1,1,0,0,14,0.8571428571428571
4579,15,1,3,0,0,19,0.7894736842105263
4580,14,1,1,0,0,16,0.875
4581,15,3,1,0,0,19,0.7894736842105263
4582,13,1,1,0,0,15,0.8666666666666667
4583,14,2,1,0,0,17,0.8235294117647058
4584,15,2,1,0,0,18,0.8333333333333334
4585,13,3,1,0,0,17,0.7647058823529411
4586,13,3,1,0,0,17,0.7647058823529411
4587,15,3,1,0,0,19,0.7894736842105263
4588,14,2,1,0,0,17,0.8235294117647058
4589,14,2,1,0,0,17,0.8235294117647058
4590,15,2,1,0,0,18,0.8333333333333334
4591,13,1,1,0,0,15,0.8666666666666667
4592,15,1,1,0,0,17,0.8823529411764706
4593,13,1,1,0,0,15,0.8666666666666667
4594,14,2,1,0,0,17,0.8235294117647058
4595,13,1,1,0,0,15,0.8666666666666667
4596,13,2,1,0,0,16,0.8125
4597,14,1,3,0,0,18,0.7777777777777778
4598,13,1,1,0,0,15,0.8666666666666667
4599,14,2,1,0,0,17,0.8235294117647058
4600,13,1,1,0,0,15,0.8666666666666667
4601,14,2,1,0,0,17,0.8235294117647058
4602,16,2,1,0,0,19,0.8421052631578947
4603,14,2,1,0,0,17,0.8235294117647058
4604,13,1,1,0,0,15,0.8666666666666667
4605,14,1,1,0,0,16,0.875
4606,13,1,2,0,0,16,0.8125
4607,14,2,3,0,0,19,0.7368421052631579
4608,15,1,1,0,0,17,0.8823529411764706
4609,13,2,1,0,0,16,0.8125
4610,14,1,1,0,0,16,0.875
4611,15,1,1,0,0,17,0.8823529411764706
4612,11,1,1,0,0,13,0.8461538461538461
4613,13,2,1,0,0,16,0.8125
4614,13,1,1,0,0,15,0.8666666666666667
4615,14,1,1,0,0,16,0.875
4616,15,1,1,0,0,17,0.8823529411764706
4617,14,1,1,0,0,16,0.875
4618,14,1,1,0,0,16,0.875
4619,15,1,1,0,0,17,0.8823529411764706
4620,13,1,1,0,0,15,0.8666666666666667
4621,15,1,1,0,0,17,0.8823529411764706
4622,15,1,1,0,0,17,0.8823529411764706
4623,13,2,2,0,0,17,0.7647058823529411
4624,12,1,2,0,0,15,0.8
4625,13,1,2,0,0,16,0.8125
4626,15,1,2,0,0,18,0.8333333333333334
4627,14,1,1,0,0,16,0.875
4628,14,1,2,0,0,17,0.8235294117647058
4629,13,2,2,0,0,17,0.7647058823529411
4630,14,2,1,0,0,17,0.8235294117647058
4631,13,2,1,0,0,16,0.8125
4632,14,2,1,0,0,17,0.8235294117647058
4633,15,2,1,0,0,18,0.8333333333333334
4634,12,2,1,0,0,15,0.8
4635,14,2,1,0,0,17,0.8235294117647058
4636,14,2,1,0,0,17,0.8235294117647058
4637,13,2,1,0,0,16,0.8125
4638,13,2,1,0,0,16,0.8125
4639,13,2,1,0,0,16,0.8125
4640,14,2,1,0,0,17,0.8235294117647058
4641,13,2,2,0,0,17,0.7647058823529411
4642,13,2,2,0,0,17,0.7647058823529411
4643,14,2,1,0,0,17,0.8235294117647058
4644,14,2,1,0,0,17,0.8235294117647058
4645,12,2,1,0,0,15,0.8
4646,15,2,1,0,0,18,0.8333333333333334
4647,13,2,1,0,0,16,0.8125
4648,14,2,1,0,0,17,0.8235294117647058
4649,12,2,1,0,0,15,0.8
4650,15,2,2,0,0,19,0.7894736842105263
4651,15,2,1,0,0,18,0.8333333333333334
4652,14,2,1,0,0,17,0.8235294117647058
4653,14,2,1,0,0,17,0.8235294117647058
4654,14,2,1,0,0,17,0.8235294117647058
4655,14,2,1,0,0,17,0.8235294117647058
4656,14,2,2,0,0,18,0.7777777777777778
4657,13,2,1,0,0,16,0.8125
4658,12,3,1,0,0,16,0.75
4659,12,2,1,0,0,15,0.8
4660,11,2,1,0,0,14,0.7857142857142857
4661,15,3,1,0,0,19,0.7894736842105263
4662,14,2,1,0,0,17,0.8235294117647058
4663,13,2,1,0,0,16,0.8125
4664,14,2,1,0,0,17,0.8235294117647058
4665,14,2,1,0,0,17,0.8235294117647058
4666,11,2,3,0,0,16,0.6875
4667,13,2,1,0,0,16,0.8125
4668,15,2,1,0,0,18,0.8333333333333334
4669,14,2,3,0,0,19,0.7368421052631579
4670,14,2,1,0,0,17,0.8235294117647058
4671,12,2,1,0,0,15,0.8
4672,12,2,2,0,0,16,0.75
4673,12,2,2,0,0,16,0.75
4674,14,2,2,0,0,18,0.7777777777777778
4675,13,2,2,0,0,17,0.7647058823529411
4676,13,2,3,0,0,18,0.7222222222222222
4677,13,2,2,0,0,17,0.7647058823529411
4678,15,2,3,0,0,20,0.75
4679,15,2,1,0,0,18,0.8333333333333334
4680,12,2,2,0,0,16,0.75
4681,15,2,3,0,0,20,0.75
4682,13,2,3,0,0,18,0.7222222222222222
4683,14,2,1,0,0,17,0.8235294117647058
4684,13,2,1,0,0,16,0.8125
4685,14,2,2,0,0,18,0.7777777777777778
4686,14,2,2,0,0,18,0.7777777777777778
4687,14,2,2,0,0,18,0.7777777777777778
4688,15,2,2,0,0,19,0.7894736842105263
4689,15,2,3,0,0,20,0.75
4690,13,2,2,0,0,17,0.7647058823529411
4691,14,2,3,0,0,19,0.7368421052631579
4692,14,2,3,0,0,19,0.7368421052631579
4693,14,2,2,0,0,18,0.7777777777777778
4694,14,2,3,0,0,19,0.7368421052631579
4695,13,2,2,0,0,17,0.7647058823529411
4696,14,2,2,0,0,18,0.7777777777777778
4697,14,2,2,0,0,18,0.7777777777777778
4698,14,2,3,0,0,19,0.7368421052631579
4699,15,2,3,0,0,20,0.75
4700,15,2,2,0,0,19,0.7894736842105263
4701,13,2,3,0,0,18,0.7222222222222222
4702,13,2,2,0,0,17,0.7647058823529411
4703,12,2,2,0,0,16,0.75
4704,12,2,1,0,0,15,0.8
4705,14,2,3,0,0,19,0.7368421052631579
4706,14,2,2,0,0,18,0.7777777777777778
4707,13,2,3,0,0,18,0.7222222222222222
4708,13,2,2,0,0,17,0.7647058823529411
4709,14,2,2,0,0,18,0.7777777777777778
4710,13,2,3,0,0,18,0.7222222222222222
4711,14,2,2,0,0,18,0.7777777777777778
4712,11,2,2,0,0,15,0.7333333333333333
4713,15,2,2,0,0,19,0.7894736842105263
4714,15,2,3,0,0,20,0.75
4715,14,2,2,0,0,18,0.7777777777777778
4716,15,2,2,0,0,19,0.7894736842105263
4717,13,2,3,0,0,18,0.7222222222222222
4718,14,2,3,0,0,19,0.7368421052631579
4719,14,2,3,0,0,19,0.7368421052631579
4720,14,2,3,0,0,19,0.7368421052631579
4721,13,2,3,0,0,18,0.7222222222222222
4722,14,2,3,0,0,19,0.7368421052631579
4723,13,2,2,0,0,17,0.7647058823529411
4724,12,2,2,0,0,16,0.75
4725,14,2,3,0,0,19,0.7368421052631579
4726,14,2,2,0,0,18,0.7777777777777778
4727,12,2,2,0,0,16,0.75
4728,12,2,3,0,0,17,0.7058823529411765
4729,12,2,3,0,0,17,0.7058823529411765
4730,12,2,1,0,0,15,0.8
4731,14,2,1,0,0,17,0.8235294117647058
4732,14,2,1,0,0,17,0.8235294117647058
4733,13,2,1,0,0,16,0.8125
4734,14,2,2,0,0,18,0.7777777777777778
4735,13,2,2,0,0,17,0.7647058823529411
4736,14,2,2,0,0,18,0.7777777777777778
4737,14,2,2,0,0,18,0.7777777777777778
4738,13,2,3,0,0,18,0.7222222222222222
4739,12,2,3,0,0,17,0.7058823529411765
4740,13,2,2,0,0,17,0.7647058823529411
4741,14,2,3,0,0,19,0.7368421052631579
4742,12,2,3,0,0,17,0.7058823529411765
4743,14,2,1,0,0,17,0.8235294117647058
4744,13,2,2,0,0,17,0.7647058823529411
4745,13,2,2,0,0,17,0.7647058823529411
4746,12,2,2,0,0,16,0.75
4747,12,2,2,0,0,16,0.75
4748,14,2,3,0,0,19,0.7368421052631579
4749,13,2,3,0,0,18,0.7222222222222222
4750,15,2,3,0,0,20,0.75
4751,14,1,3,0,0,18,0.7777777777777778
4752,13,2,2,0,0,17,0.7647058823529411
4753,14,2,2,0,0,18,0.7777777777777778
4754,13,2,3,0,0,18,0.7222222222222222
4755,13,2,2,0,0,17,0.7647058823529411
4756,14,2,3,0,0,19,0.7368421052631579
4757,13,2,3,0,0,18,0.7222222222222222
4758,13,2,3,0,0,18,0.7222222222222222
4759,14,2,1,0,0,17,0.8235294117647058
4760,12,2,2,0,0,16,0.75
4761,14,2,2,0,0,18,0.7777777777777778
4762,13,2,3,0,0,18,0.7222222222222222
4763,13,2,2,0,0,17,0.7647058823529411
4764,13,2,2,0,0,17,0.7647058823529411
4765,14,2,3,0,0,19,0.7368421052631579
4766,14,2,2,0,0,18,0.7777777777777778
4767,14,2,2,0,0,18,0.7777777777777778
4768,13,2,2,0,0,17,0.7647058823529411
4769,14,2,2,0,0,18,0.7777777777777778
4770,15,2,2,0,0,19,0.7894736842105263
4771,14,2,3,0,0,19,0.7368421052631579
4772,12,2,2,0,0,16,0.75
4773,14,2,2,0,0,18,0.7777777777777778
4774,14,2,2,0,0,18,0.7777777777777778
4775,14,2,2,0,0,18,0.7777777777777778
4776,14,2,2,0,0,18,0.7777777777777778
4777,14,2,2,0,0,18,0.7777777777777778
4778,14,2,2,0,0,18,0.7777777777777778
4779,13,2,2,0,0,17,0.7647058823529411
4780,14,2,2,0,0,18,0.7777777777777778
4781,15,2,1,0,0,18,0.8333333333333334
4782,14,2,2,0,0,18,0.7777777777777778
4783,14,2,2,0,0,18,0.7777777777777778
4784,14,2,2,0,0,18,0.7777777777777778
4785,13,2,2,0,0,17,0.7647058823529411
4786,14,2,2,0,0,18,0.7777777777777778
4787,14,2,3,0,0,19,0.7368421052631579
4788,12,2,2,0,0,16,0.75
4789,13,2,1,0,0,16,0.8125
4790,13,2,2,0,0,17,0.7647058823529411
4791,14,2,2,0,0,18,0.7777777777777778
4792,12,2,2,0,0,16,0.75
4793,12,2,2,0,0,16,0.75
4794,13,2,2,0,0,17,0.7647058823529411
4795,13,2,2,0,0,17,0.7647058823529411
4796,12,2,3,0,0,17,0.7058823529411765
4797,13,2,2,0,0,17,0.7647058823529411
4798,14,2,3,0,0,19,0.7368421052631579
4799,14,2,2,0,0,18,0.7777777777777778
4800,14,2,2,0,0,18,0.7777777777777778
4801,14,2,2,0,0,18,0.7777777777777778
4802,14,2,1,0,0,17,0.8235294117647058
4803,12,2,2,0,0,16,0.75
4804,13,2,3,0,0,18,0.7222222222222222
4805,13,2,2,0,0,17,0.7647058823529411
4806,13,2,2,0,0,17,0.7647058823529411
4807,14,2,2,0,0,18,0.7777777777777778
4808,14,2,2,0,0,18,0.7777777777777778
4809,12,2,1,0,0,15,0.8
4810,13,2,3,0,0,18,0.7222222222222222
4811,13,2,3,0,0,18,0.7222222222222222
4812,11,2,2,0,0,15,0.7333333333333333
4813,13,2,3,0,0,18,0.7222222222222222
4814,14,2,3,0,0,19,0.7368421052631579
4815,13,2,2,0,0,17,0.7647058823529411
4816,10,2,2,0,0,14,0.7142857142857143
4817,12,2,3,0,0,17,0.7058823529411765
4818,15,2,2,0,0,19,0.7894736842105263
4819,11,2,2,0,0,15,0.7333333333333333
4820,12,2,3,0,0,17,0.7058823529411765
4821,13,2,3,0,0,18,0.7222222222222222
4822,13,2,3,0,0,18,0.7222222222222222
4823,13,2,3,0,0,18,0.7222222222222222
4824,13,2,2,0,0,17,0.7647058823529411
4825,15,2,3,0,0,20,0.75
4826,13,2,3,0,0,18,0.7222222222222222
4827,12,2,2,0,0,16,0.75
4828,11,2,3,0,0,16,0.6875
4829,13,2,2,0,0,17,0.7647058823529411
4830,13,2,2,0,0,17,0.7647058823529411
4831,13,2,2,0,0,17,0.7647058823529411
4832,14,2,1,0,0,17,0.8235294117647058
4833,14,2,2,0,0,18,0.7777777777777778
4834,12,1,2,0,0,15,0.8
4835,12,2,2,0,0,16,0.75
4836,13,2,2,0,0,17,0.7647058823529411
4837,13,2,3,0,0,18,0.7222222222222222
4838,13,2,2,0,0,17,0.7647058823529411
4839,12,2,3,0,0,17,0.7058823529411765
4840,14,2,2,0,0,18,0.7777777777777778
4841,11,2,2,0,0,15,0.7333333333333333
4842,13,2,3,0,0,18,0.7222222222222222
4843,12,2,3,0,0,17,0.7058823529411765
4844,13,2,2,0,0,17,0.7647058823529411
4845,14,3,1,0,0,18,0.7777777777777778
4846,13,2,3,0,0,18,0.7222222222222222
4847,15,2,3,0,0,20,0.75
4848,13,2,2,0,0,17,0.7647058823529411
4849,13,2,2,0,0,17,0.7647058823529411
4850,13,2,2,0,0,17,0.7647058823529411
4851,13,2,2,0,0,17,0.7647058823529411
4852,13,2,2,0,0,17,0.7647058823529411
4853,12,2,2,0,0,16,0.75
4854,13,2,2,0,0,17,0.7647058823529411
4855,13,2,2,0,0,17,0.7647058823529411
4856,13,2,2,0,0,17,0.7647058823529411
4857,13,2,2,0,0,17,0.7647058823529411
4858,13,2,2,0,0,17,0.7647058823529411
4859,13,2,2,0,0,17,0.7647058823529411
4860,14,2,1,0,0,17,0.8235294117647058
4861,12,2,2,0,0,16,0.75
4862,13,2,2,0,0,17,0.7647058823529411
4863,12,2,1,0,0,15,0.8
4864,13,2,2,0,0,17,0.7647058823529411
4865,13,2,2,0,0,17,0.7647058823529411
4866,13,2,2,0,0,17,0.7647058823529411
4867,13,2,1,0,0,16,0.8125
4868,13,2,2,0,0,17,0.7647058823529411
4869,13,2,2,0,0,17,0.7647058823529411
4870,13,2,2,0,0,17,0.7647058823529411
4871,12,2,2,0,0,16,0.75
4872,13,2,2,0,0,17,0.7647058823529411
4873,13,2,2,0,0,17,0.7647058823529411
4874,13,2,2,0,0,17,0.7647058823529411
4875,13,2,2,0,0,17,0.7647058823529411
4876,13,2,2,0,0,17,0.7647058823529411
4877,13,2,2,0,0,17,0.7647058823529411
4878,13,2,2,0,0,17,0.7647058823529411
4879,13,2,2,0,0,17,0.7647058823529411
4880,13,2,2,0,0,17,0.7647058823529411
4881,13,2,2,0,0,17,0.7647058823529411
4882,12,2,3,0,0,17,0.7058823529411765
4883,14,2,2,0,0,18,0.7777777777777778
4884,14,2,2,0,0,18,0.7777777777777778
4885,12,2,2,0,0,16,0.75
4886,13,2,2,0,0,17,0.7647058823529411
4887,13,2,1,0,0,16,0.8125
4888,13,2,2,0,0,17,0.7647058823529411
4889,13,2,2,0,0,17,0.7647058823529411
4890,13,2,2,0,0,17,0.7647058823529411
4891,13,2,2,0,0,17,0.7647058823529411
4892,13,2,2,0,0,17,0.7647058823529411
4893,12,2,2,0,0,16,0.75
4894,14,2,2,0,0,18,0.7777777777777778
4895,14,2,2,0,0,18,0.7777777777777778
4896,14,2,2,0,0,18,0.7777777777777778
4897,13,2,2,0,0,17,0.7647058823529411
4898,13,2,1,0,0,16,0.8125
4899,13,2,2,0,0,17,0.7647058823529411
4900,13,2,2,0,0,17,0.7647058823529411
4901,13,2,2,0,0,17,0.7647058823529411
4902,13,2,2,0,0,17,0.7647058823529411
4903,13,2,2,0,0,17,0.7647058823529411
4904,13,2,2,0,0,17,0.7647058823529411
4905,13,2,2,0,0,17,0.7647058823529411
4906,13,2,2,0,0,17,0.7647058823529411
4907,13,2,2,0,0,17,0.7647058823529411
4908,13,2,1,0,0,16,0.8125
4909,11,2,2,0,0,15,0.7333333333333333
4910,12,2,2,0,0,16,0.75
4911,13,2,2,0,0,17,0.7647058823529411
4912,13,2,2,0,0,17,0.7647058823529411
4913,13,2,2,0,0,17,0.7647058823529411
4914,12,1,2,0,0,15,0.8
4915,13,2,2,0,0,17,0.7647058823529411
4916,13,2,2,0,0,17,0.7647058823529411
4917,13,2,2,0,0,17,0.7647058823529411
4918,13,2,2,0,0,17,0.7647058823529411
4919,12,2,1,0,0,15,0.8
4920,13,2,1,0,0,16,0.8125
4921,13,2,2,0,0,17,0.7647058823529411
4922,12,2,1,0,0,15,0.8
4923,12,2,1,0,0,15,0.8
4924,11,2,1,0,0,14,0.7857142857142857
4925,13,2,2,0,0,17,0.7647058823529411
4926,12,2,2,0,0,16,0.75
4927,13,2,2,0,0,17,0.7647058823529411
4928,13,2,2,0,0,17,0.7647058823529411
4929,13,2,2,0,0,17,0.7647058823529411
4930,13,2,2,0,0,17,0.7647058823529411
4931,13,2,2,0,0,17,0.7647058823529411
4932,12,2,2,0,0,16,0.75
4933,12,2,2,0,0,16,0.75
4934,13,2,2,0,0,17,0.7647058823529411
4935,12,2,2,0,0,16,0.75
4936,12,2,2,0,0,16,0.75
4937,13,2,2,0,0,17,0.7647058823529411
4938,11,2,2,0,0,15,0.7333333333333333
4939,13,2,2,0,0,17,0.7647058823529411
4940,13,2,2,0,0,17,0.7647058823529411
4941,13,2,2,0,0,17,0.7647058823529411
4942,13,2,2,0,0,17,0.7647058823529411
4943,13,2,2,0,0,17,0.7647058823529411
4944,13,2,2,0,0,17,0.7647058823529411
4945,12,2,1,0,0,15,0.8
4946,13,2,2,0,0,17,0.7647058823529411
4947,13,2,2,0,0,17,0.7647058823529411
4948,12,2,2,0,0,16,0.75
4949,13,2,2,0,0,17,0.7647058823529411
4950,13,2,2,0,0,17,0.7647058823529411
4951,14,2,2,0,0,18,0.7777777777777778
4952,14,2,2,0,0,18,0.7777777777777778
4953,13,2,2,0,0,17,0.7647058823529411
4954,13,2,2,0,0,17,0.7647058823529411
4955,12,2,2,0,0,16,0.75
4956,13,2,2,0,0,17,0.7647058823529411
4957,13,2,2,0,0,17,0.7647058823529411
4958,12,2,1,0,0,15,0.8
4959,12,2,1,0,0,15,0.8
4960,13,2,2,0,0,17,0.7647058823529411
4961,13,2,2,0,0,17,0.7647058823529411
4962,13,2,2,0,0,17,0.7647058823529411
4963,12,2,2,0,0,16,0.75
4964,13,2,2,0,0,17,0.7647058823529411
4965,13,2,1,0,0,16,0.8125
4966,12,2,2,0,0,16,0.75
4967,11,2,2,0,0,15,0.7333333333333333
4968,13,2,2,0,0,17,0.7647058823529411
4969,13,2,2,0,0,17,0.7647058823529411
4970,12,2,3,0,0,17,0.7058823529411765
4971,13,2,2,0,0,17,0.7647058823529411
4972,12,2,2,0,0,16,0.75
4973,13,2,2,0,0,17,0.7647058823529411
4974,13,2,2,0,0,17,0.7647058823529411
4975,13,2,2,0,0,17,0.7647058823529411
4976,11,2,1,0,0,14,0.7857142857142857
4977,13,2,1,0,0,16,0.8125
4978,12,2,2,0,0,16,0.75
4979,13,2,2,0,0,17,0.7647058823529411
4980,12,2,2,0,0,16,0.75
4981,12,2,2,0,0,16,0.75
4982,13,2,2,0,0,17,0.7647058823529411
4983,13,2,2,0,0,17,0.7647058823529411
4984,13,2,2,0,0,17,0.7647058823529411
4985,13,2,2,0,0,17,0.7647058823529411
4986,13,2,1,0,0,16,0.8125
4987,11,2,2,0,0,15,0.7333333333333333
4988,14,2,2,0,0,18,0.7777777777777778
4989,13,2,2,0,0,17,0.7647058823529411
4990,12,1,2,0,0,15,0.8
4991,11,2,1,0,0,14,0.7857142857142857
4992,13,2,1,0,0,16,0.8125
4993,12,2,2,0,0,16,0.75
4994,14,2,1,0,0,17,0.8235294117647058
4995,13,2,1,0,0,16,0.8125
4996,14,2,1,0,0,17,0.8235294117647058
4997,13,2,1,0,0,16,0.8125
4998,13,2,1,0,0,16,0.8125
4999,14,2,1,0,0,17,0.8235294117647058
5000,13,2,1,0,0,16,0.8125
5001,13,2,1,0,0,16,0.8125
5002,12,2,1,0,0,15,0.8
5003,13,2,1,0,0,16,0.8125
5004,12,2,1,0,0,15,0.8
5005,12,2,1,0,0,15,0.8
5006,13,2,1,0,0,16,0.8125
5007,12,2,1,0,0,15,0.8
5008,12,2,1,0,0,15,0.8
5009,12,2,1,0,0,15,0.8
5010,12,2,1,0,0,15,0.8
5011,11,2,1,0,0,14,0.7857142857142857
5012,13,2,1,0,0,16,0.8125
5013,13,2,1,0,0,16,0.8125
5014,13,2,1,0,0,16,0.8125
5015,12,2,1,0,0,15,0.8
5016,13,2,1,0,0,16,0.8125
5017,13,2,1,0,0,16,0.8125
5018,13,2,1,0,0,16,0.8125
5019,13,2,1,0,0,16,0.8125
5020,13,2,1,0,0,16,0.8125
5021,13,2,1,0,0,16,0.8125
5022,13,2,1,0,0,16,0.8125
5023,13,2,1,0,0,16,0.8125
5024,13,2,1,0,0,16,0.8125
5025,12,2,1,0,0,15,0.8
5026,12,2,1,0,0,15,0.8
5027,13,2,1,0,0,16,0.8125
5028,13,2,1,0,0,16,0.8125
5029,12,2,1,0,0,15,0.8
5030,12,2,1,0,0,15,0.8
5031,12,2,1,0,0,15,0.8
5032,12,2,1,0,0,15,0.8
5033,12,2,1,0,0,15,0.8
5034,12,2,1,0,0,15,0.8
5035,13,2,1,0,0,16,0.8125
5036,13,2,1,0,0,16,0.8125
5037,12,2,1,0,0,15,0.8
5038,12,2,1,0,0,15,0.8
5039,13,2,1,0,0,16,0.8125
5040,13,2,1,0,0,16,0.8125
5041,13,2,1,0,0,16,0.8125
5042,13,2,1,0,0,16,0.8125
5043,13,2,1,0,0,16,0.8125
5044,13,2,1,0,0,16,0.8125
5045,13,2,1,0,0,16,0.8125
5046,14,2,1,0,0,17,0.8235294117647058
5047,13,2,1,0,0,16,0.8125
5048,12,2,1,0,0,15,0.8
5049,13,2,1,0,0,16,0.8125
5050,13,2,1,0,0,16,0.8125
5051,13,2,1,0,0,16,0.8125
5052,13,2,1,0,0,16,0.8125
5053,13,2,1,0,0,16,0.8125
5054,13,2,1,0,0,16,0.8125
5055,12,2,1,0,0,15,0.8
5056,12,2,1,0,0,15,0.8
5057,13,2,1,0,0,16,0.8125
5058,13,2,1,0,0,16,0.8125
5059,13,2,1,0,0,16,0.8125
5060,11,2,1,0,0,14,0.7857142857142857
5061,13,2,1,0,0,16,0.8125
5062,13,2,1,0,0,16,0.8125
5063,12,2,1,0,0,15,0.8
5064,13,2,1,0,0,16,0.8125
5065,13,2,1,0,0,16,0.8125
5066,13,2,1,0,0,16,0.8125
5067,13,2,1,0,0,16,0.8125
5068,12,2,1,0,0,15,0.8
5069,13,2,1,0,0,16,0.8125
5070,11,2,1,0,0,14,0.7857142857142857
5071,13,2,1,0,0,16,0.8125
5072,13,2,1,0,0,16,0.8125
5073,12,2,1,0,0,15,0.8
5074,13,2,1,0,0,16,0.8125
5075,13,2,1,0,0,16,0.8125
5076,13,2,1,0,0,16,0.8125
5077,13,2,1,0,0,16,0.8125
5078,13,2,1,0,0,16,0.8125
5079,13,2,1,0,0,16,0.8125
5080,13,2,1,0,0,16,0.8125
5081,12,2,1,0,0,15,0.8
5082,13,2,1,0,0,16,0.8125
5083,11,2,1,0,0,14,0.7857142857142857
5084,11,2,1,0,0,14,0.7857142857142857
5085,10,2,1,0,0,13,0.7692307692307693
5086,13,1,1,0,0,15,0.8666666666666667
5087,12,2,1,0,0,15,0.8
5088,13,2,1,0,0,16,0.8125
5089,13,2,1,0,0,16,0.8125
5090,12,2,1,0,0,15,0.8
5091,13,2,1,0,0,16,0.8125
5092,14,2,1,0,0,17,0.8235294117647058
5093,12,2,1,0,0,15,0.8
5094,13,2,1,0,0,16,0.8125
5095,14,2,1,0,0,17,0.8235294117647058
5096,12,2,1,0,0,15,0.8
5097,12,2,1,0,0,15,0.8
5098,13,2,1,0,0,16,0.8125
5099,12,2,1,0,0,15,0.8
5100,13,2,1,0,0,16,0.8125
5101,13,2,1,0,0,16,0.8125
5102,13,2,1,0,0,16,0.8125
5103,11,2,1,0,0,14,0.7857142857142857
5104,13,2,1,0,0,16,0.8125
5105,13,2,1,0,0,16,0.8125
5106,12,2,1,0,0,15,0.8
5107,13,2,1,0,0,16,0.8125
5108,13,2,1,0,0,16,0.8125
5109,12,1,1,0,0,14,0.8571428571428571
5110,13,2,1,0,0,16,0.8125
5111,13,2,1,0,0,16,0.8125
5112,12,2,1,0,0,15,0.8
5113,12,2,1,0,0,15,0.8
5114,13,2,1,0,0,16,0.8125
5115,12,2,1,0,0,15,0.8
5116,13,2,1,0,0,16,0.8125
5117,13,2,1,0,0,16,0.8125
5118,13,2,1,0,0,16,0.8125
5119,13,2,1,0,0,16,0.8125
5120,13,2,1,0,0,16,0.8125
5121,13,2,1,0,0,16,0.8125
5122,12,2,1,0,0,15,0.8
5123,12,2,1,0,0,15,0.8
5124,13,2,1,0,0,16,0.8125
5125,12,2,1,0,0,15,0.8
5126,13,2,1,0,0,16,0.8125
5127,13,2,1,0,0,16,0.8125
5128,13,2,1,0,0,16,0.8125
5129,13,2,1,0,0,16,0.8125
5130,13,2,1,0,0,16,0.8125
5131,13,2,1,0,0,16,0.8125
5132,14,2,1,0,0,17,0.8235294117647058
5133,13,2,1,0,0,16,0.8125
5134,13,2,1,0,0,16,0.8125
5135,13,2,1,0,0,16,0.8125
5136,13,2,1,0,0,16,0.8125
5137,13,2,1,0,0,16,0.8125
5138,11,2,1,0,0,14,0.7857142857142857
5139,13,2,1,0,0,16,0.8125
5140,13,2,1,0,0,16,0.8125
5141,13,2,1,0,0,16,0.8125
5142,13,2,1,0,0,16,0.8125
5143,13,2,1,0,0,16,0.8125
5144,13,2,1,0,0,16,0.8125
5145,12,2,1,0,0,15,0.8
5146,12,2,1,0,0,15,0.8
5147,13,2,1,0,0,16,0.8125
5148,13,2,1,0,0,16,0.8125
5149,13,2,1,0,0,16,0.8125
5150,12,2,1,0,0,15,0.8
5151,13,2,1,0,0,16,0.8125
5152,12,2,1,0,0,15,0.8
5153,13,2,1,0,0,16,0.8125
5154,13,2,1,0,0,16,0.8125
5155,13,2,1,0,0,16,0.8125
5156,13,2,1,0,0,16,0.8125
5157,12,2,1,0,0,15,0.8
5158,14,2,1,0,0,17,0.8235294117647058
5159,13,2,1,0,0,16,0.8125
5160,13,2,1,0,0,16,0.8125
5161,12,2,1,0,0,15,0.8
5162,14,2,1,0,0,17,0.8235294117647058
5163,13,2,1,0,0,16,0.8125
5164,13,2,1,0,0,16,0.8125
5165,13,2,1,0,0,16,0.8125
5166,13,2,1,0,0,16,0.8125
5167,12,2,1,0,0,15,0.8
5168,13,2,1,0,0,16,0.8125
5169,13,2,1,0,0,16,0.8125
5170,13,2,1,0,0,16,0.8125
5171,13,2,1,0,0,16,0.8125
5172,13,2,1,0,0,16,0.8125
5173,13,2,1,0,0,16,0.8125
5174,13,2,1,0,0,16,0.8125
5175,13,2,1,0,0,16,0.8125
5176,13,2,1,0,0,16,0.8125
5177,12,2,1,0,0,15,0.8
5178,13,2,1,0,0,16,0.8125
5179,13,2,1,0,0,16,0.8125
5180,13,2,1,0,0,16,0.8125
5181,13,2,1,0,0,16,0.8125
5182,13,2,1,0,0,16,0.8125
5183,13,2,1,0,0,16,0.8125
5184,13,2,1,0,0,16,0.8125
5185,13,2,1,0,0,16,0.8125
5186,13,2,1,0,0,16,0.8125
5187,13,2,1,0,0,16,0.8125
5188,13,2,1,0,0,16,0.8125
5189,13,2,1,0,0,16,0.8125
5190,14,2,1,0,0,17,0.8235294117647058
5191,13,2,1,0,0,16,0.8125
5192,13,2,1,0,0,16,0.8125
5193,12,2,1,0,0,15,0.8
5194,13,2,2,0,0,17,0.7647058823529411
5195,13,2,1,0,0,16,0.8125
5196,13,2,1,0,0,16,0.8125
5197,12,2,1,0,0,15,0.8
5198,13,2,1,0,0,16,0.8125
5199,13,2,1,0,0,16,0.8125
5200,13,2,1,0,0,16,0.8125
5201,12,2,1,0,0,15,0.8
5202,13,2,1,0,0,16,0.8125
5203,13,2,1,0,0,16,0.8125
5204,13,2,1,0,0,16,0.8125
5205,13,2,1,0,0,16,0.8125
5206,12,2,1,0,0,15,0.8
5207,13,1,1,0,0,15,0.8666666666666667
5208,12,2,1,0,0,15,0.8
5209,13,1,1,0,0,15,0.8666666666666667
5210,14,2,1,0,0,17,0.8235294117647058
5211,13,2,1,0,0,16,0.8125
5212,13,2,1,0,0,16,0.8125
5213,14,2,1,0,0,17,0.8235294117647058
5214,15,2,1,0,0,18,0.8333333333333334
5215,12,2,1,0,0,15,0.8
5216,10,2,1,0,0,13,0.7692307692307693
5217,14,3,1,0,0,18,0.7777777777777778
5218,12,3,1,0,0,16,0.75
5219,13,2,1,0,0,16,0.8125
5220,13,2,1,0,0,16,0.8125
5221,14,2,1,0,0,17,0.8235294117647058
5222,13,2,1,0,0,16,0.8125
5223,13,2,1,0,0,16,0.8125
5224,13,3,1,0,0,17,0.7647058823529411
5225,11,2,1,0,0,14,0.7857142857142857
5226,12,2,1,0,0,15,0.8
5227,13,2,1,0,0,16,0.8125
5228,13,2,1,0,0,16,0.8125
5229,13,2,1,0,0,16,0.8125
5230,12,3,1,0,0,16,0.75
5231,13,2,1,0,0,16,0.8125
5232,12,2,1,0,0,15,0.8
5233,14,2,1,0,0,17,0.8235294117647058
5234,13,2,1,0,0,16,0.8125
5235,12,2,1,0,0,15,0.8
5236,13,2,1,0,0,16,0.8125
5237,13,2,1,0,0,16,0.8125
5238,13,2,1,0,0,16,0.8125
5239,13,2,1,0,0,16,0.8125
5240,12,1,1,0,0,14,0.8571428571428571
5241,12,2,1,0,0,15,0.8
5242,12,2,1,0,0,15,0.8
5243,12,2,1,0,0,15,0.8
5244,13,2,1,0,0,16,0.8125
5245,11,2,1,0,0,14,0.7857142857142857
5246,13,2,1,0,0,16,0.8125
5247,13,2,1,0,0,16,0.8125
5248,13,2,1,0,0,16,0.8125
5249,11,2,1,0,0,14,0.7857142857142857
5250,13,2,1,0,0,16,0.8125
5251,13,2,1,0,0,16,0.8125
5252,13,2,1,0,0,16,0.8125
5253,13,2,1,0,0,16,0.8125
5254,12,2,1,0,0,15,0.8
5255,13,2,1,0,0,16,0.8125
5256,13,2,1,0,0,16,0.8125
5257,12,2,1,0,0,15,0.8
5258,13,2,1,0,0,16,0.8125
5259,12,2,1,0,0,15,0.8
5260,13,2,1,0,0,16,0.8125
5261,12,2,1,0,0,15,0.8
5262,12,2,1,0,0,15,0.8
5263,12,2,1,0,0,15,0.8
5264,11,2,1,0,0,14,0.7857142857142857
5265,11,2,1,0,0,14,0.7857142857142857
5266,12,2,1,0,0,15,0.8
5267,13,2,1,0,0,16,0.8125
5268,11,2,1,0,0,14,0.7857142857142857
5269,13,2,1,0,0,16,0.8125
5270,12,2,1,0,0,15,0.8
5271,12,2,1,0,0,15,0.8
5272,13,2,1,0,0,16,0.8125
5273,12,2,1,0,0,15,0.8
5274,12,2,1,0,0,15,0.8
5275,13,2,1,0,0,16,0.8125
5276,13,2,1,0,0,16,0.8125
5277,12,2,1,0,0,15,0.8
5278,13,2,1,0,0,16,0.8125
5279,13,2,1,0,0,16,0.8125
5280,11,2,1,0,0,14,0.7857142857142857
5281,12,2,1,0,0,15,0.8
5282,13,2,1,0,0,16,0.8125
5283,13,2,1,0,0,16,0.8125
5284,13,2,1,0,0,16,0.8125
5285,13,2,1,0,0,16,0.8125
5286,11,2,1,0,0,14,0.7857142857142857
5287,13,2,1,0,0,16,0.8125
5288,14,2,1,0,0,17,0.8235294117647058
5289,12,2,1,0,0,15,0.8
5290,14,2,1,0,0,17,0.8235294117647058
5291,13,2,1,0,0,16,0.8125
5292,12,2,1,0,0,15,0.8
5293,12,2,1,0,0,15,0.8
5294,13,2,1,0,0,16,0.8125
5295,13,2,1,0,0,16,0.8125
5296,12,2,1,0,0,15,0.8
5297,12,2,1,0,0,15,0.8
5298,12,2,1,0,0,15,0.8
5299,12,2,1,0,0,15,0.8
5300,13,2,1,0,0,16,0.8125
5301,12,2,1,0,0,15,0.8
5302,13,2,1,0,0,16,0.8125
5303,12,2,1,0,0,15,0.8
5304,12,2,1,0,0,15,0.8
5305,13,2,1,0,0,16,0.8125
5306,13,2,1,0,0,16,0.8125
5307,13,2,1,0,0,16,0.8125
5308,13,2,1,0,0,16,0.8125
5309,13,2,1,0,0,16,0.8125
5310,12,2,1,0,0,15,0.8
5311,12,2,1,0,0,15,0.8
5312,13,2,1,0,0,16,0.8125
5313,11,2,1,0,0,14,0.7857142857142857
5314,12,2,1,0,0,15,0.8
5315,13,2,1,0,0,16,0.8125
5316,12,1,1,0,0,14,0.8571428571428571
5317,12,2,1,0,0,15,0.8
5318,13,2,1,0,0,16,0.8125
5319,12,2,1,0,0,15,0.8
5320,13,2,1,0,0,16,0.8125
5321,13,2,1,0,0,16,0.8125
5322,14,2,1,0,0,17,0.8235294117647058
5323,13,2,1,0,0,16,0.8125
5324,13,2,1,0,0,16,0.8125
5325,13,2,1,0,0,16,0.8125
5326,13,2,1,0,0,16,0.8125
5327,13,2,1,0,0,16,0.8125
5328,12,2,2,0,0,16,0.75
5329,13,2,1,0,0,16,0.8125
5330,13,2,1,0,0,16,0.8125
5331,13,2,1,0,0,16,0.8125
5332,13,2,1,0,0,16,0.8125
5333,12,2,2,0,0,16,0.75
5334,13,2,1,0,0,16,0.8125
5335,13,2,1,0,0,16,0.8125
5336,11,2,1,0,0,14,0.7857142857142857
5337,11,2,1,0,0,14,0.7857142857142857
5338,12,2,1,0,0,15,0.8
5339,13,2,1,0,0,16,0.8125
5340,13,2,1,0,0,16,0.8125
5341,13,2,1,0,0,16,0.8125
5342,13,2,1,0,0,16,0.8125
5343,13,2,1,0,0,16,0.8125
5344,13,2,1,0,0,16,0.8125
5345,11,2,1,0,0,14,0.7857142857142857
5346,13,2,1,0,0,16,0.8125
5347,13,2,1,0,0,16,0.8125
5348,13,2,1,0,0,16,0.8125
5349,13,2,1,0,0,16,0.8125
5350,13,2,1,0,0,16,0.8125
5351,14,2,1,0,0,17,0.8235294117647058
5352,12,2,1,0,0,15,0.8
5353,11,2,1,0,0,14,0.7857142857142857
5354,13,2,1,0,0,16,0.8125
5355,13,2,1,0,0,16,0.8125
5356,13,1,1,0,0,15,0.8666666666666667
5357,12,2,1,0,0,15,0.8
5358,13,2,2,0,0,17,0.7647058823529411
5359,13,2,1,0,0,16,0.8125
5360,13,2,1,0,0,16,0.8125
5361,12,2,1,0,0,15,0.8
5362,13,2,1,0,0,16,0.8125
5363,14,2,1,0,0,17,0.8235294117647058
5364,13,2,1,0,0,16,0.8125
5365,13,2,1,0,0,16,0.8125
5366,14,2,2,0,0,18,0.7777777777777778
5367,13,2,1,0,0,16,0.8125
5368,13,2,1,0,0,16,0.8125
5369,11,2,1,0,0,14,0.7857142857142857
5370,12,2,1,0,0,15,0.8
5371,13,2,1,0,0,16,0.8125
5372,11,2,1,0,0,14,0.7857142857142857
5373,13,2,1,0,0,16,0.8125
5374,13,2,1,0,0,16,0.8125
5375,13,2,1,0,0,16,0.8125
5376,14,2,1,0,0,17,0.8235294117647058
5377,13,2,1,0,0,16,0.8125
5378,14,2,1,0,0,17,0.8235294117647058
5379,15,2,1,0,0,18,0.8333333333333334
5380,13,2,1,0,0,16,0.8125
5381,13,2,1,0,0,16,0.8125
5382,13,2,1,0,0,16,0.8125
5383,12,2,1,0,0,15,0.8
5384,12,2,1,0,0,15,0.8
5385,11,2,2,0,0,15,0.7333333333333333
5386,14,2,1,0,0,17,0.8235294117647058
5387,12,2,2,0,0,16,0.75
5388,12,2,2,0,0,16,0.75
5389,12,2,1,0,0,15,0.8
5390,14,2,1,0,0,17,0.8235294117647058
5391,14,2,1,0,0,17,0.8235294117647058
5392,13,2,1,0,0,16,0.8125
5393,15,2,1,0,0,18,0.8333333333333334
5394,13,2,1,0,0,16,0.8125
5395,12,2,1,0,0,15,0.8
5396,14,2,1,0,0,17,0.8235294117647058
5397,12,2,1,0,0,15,0.8
5398,12,2,1,0,0,15,0.8
5399,15,2,1,0,0,18,0.8333333333333334
5400,12,2,1,0,0,15,0.8
5401,13,2,2,0,0,17,0.7647058823529411
5402,13,2,1,0,0,16,0.8125
5403,12,2,2,0,0,16,0.75
5404,13,2,2,0,0,17,0.7647058823529411
5405,12,2,2,0,0,16,0.75
5406,13,2,1,0,0,16,0.8125
5407,14,2,1,0,0,17,0.8235294117647058
5408,12,2,1,0,0,15,0.8
5409,14,2,2,0,0,18,0.7777777777777778
5410,12,2,1,0,0,15,0.8
5411,14,2,2,0,0,18,0.7777777777777778
5412,13,2,2,0,0,17,0.7647058823529411
5413,12,2,1,0,0,15,0.8
5414,14,2,2,0,0,18,0.7777777777777778
5415,15,2,1,0,0,18,0.8333333333333334
5416,12,1,1,0,0,14,0.8571428571428571
5417,11,2,1,0,0,14,0.7857142857142857
5418,12,2,2,0,0,16,0.75
5419,13,2,2,0,0,17,0.7647058823529411
5420,14,2,2,0,0,18,0.7777777777777778
5421,12,1,1,0,0,14,0.8571428571428571
5422,12,2,2,0,0,16,0.75
5423,12,2,1,0,0,15,0.8
5424,12,2,2,0,0,16,0.75
5425,11,1,2,0,0,14,0.7857142857142857
5426,11,2,2,0,0,15,0.7333333333333333
5427,13,2,2,0,0,17,0.7647058823529411
5428,13,2,2,0,0,17,0.7647058823529411
5429,12,2,2,0,0,16,0.75
5430,14,3,1,0,0,18,0.7777777777777778
5431,12,2,1,0,0,15,0.8
5432,14,2,1,0,0,17,0.8235294117647058
5433,13,2,1,0,0,16,0.8125
5434,14,2,2,0,0,18,0.7777777777777778
5435,13,2,2,0,0,17,0.7647058823529411
5436,13,2,2,0,0,17,0.7647058823529411
5437,12,2,1,0,0,15,0.8
5438,11,2,2,0,0,15,0.7333333333333333
5439,12,2,1,0,0,15,0.8
5440,13,2,1,0,0,16,0.8125
5441,11,2,1,0,0,14,0.7857142857142857
5442,15,2,1,0,0,18,0.8333333333333334
5443,12,2,1,0,0,15,0.8
5444,14,2,1,0,0,17,0.8235294117647058
5445,11,2,1,0,0,14,0.7857142857142857
5446,12,2,1,0,0,15,0.8
5447,12,2,2,0,0,16,0.75
5448,12,2,2,0,0,16,0.75
5449,13,2,2,0,0,17,0.7647058823529411
5450,14,2,2,0,0,18,0.7777777777777778
5451,14,2,1,0,0,17,0.8235294117647058
5452,13,2,2,0,0,17,0.7647058823529411
5453,13,2,2,0,0,17,0.7647058823529411
5454,15,2,2,0,0,19,0.7894736842105263
5455,14,2,1,0,0,17,0.8235294117647058
5456,14,2,1,0,0,17,0.8235294117647058
5457,13,2,1,0,0,16,0.8125
5458,13,1,1,0,0,15,0.8666666666666667
5459,13,2,2,0,0,17,0.7647058823529411
5460,13,2,1,0,0,16,0.8125
5461,13,2,1,0,0,16,0.8125
5462,13,2,1,0,0,16,0.8125
5463,13,2,1,0,0,16,0.8125
5464,12,2,1,0,0,15,0.8
5465,13,2,1,0,0,16,0.8125
5466,13,2,1,0,0,16,0.8125
5467,13,3,2,0,0,18,0.7222222222222222
5468,13,2,1,0,0,16,0.8125
5469,13,2,1,0,0,16,0.8125
5470,14,2,1,0,0,17,0.8235294117647058
5471,14,2,2,0,0,18,0.7777777777777778
5472,14,2,1,0,0,17,0.8235294117647058
5473,12,2,1,0,0,15,0.8
5474,14,2,2,0,0,18,0.7777777777777778
5475,13,2,2,0,0,17,0.7647058823529411
5476,13,2,2,0,0,17,0.7647058823529411
5477,12,2,2,0,0,16,0.75
5478,14,2,2,0,0,18,0.7777777777777778
5479,15,2,1,0,0,18,0.8333333333333334
5480,14,3,1,0,0,18,0.7777777777777778
5481,12,2,1,0,0,15,0.8
5482,12,2,2,0,0,16,0.75
5483,11,3,1,0,0,15,0.7333333333333333
5484,13,2,2,0,0,17,0.7647058823529411
5485,13,2,2,0,0,17,0.7647058823529411
5486,12,2,2,0,0,16,0.75
5487,13,2,1,0,0,16,0.8125
5488,13,2,2,0,0,17,0.7647058823529411
5489,14,2,1,0,0,17,0.8235294117647058
5490,13,2,1,0,0,16,0.8125
5491,13,2,1,0,0,16,0.8125
5492,13,2,1,0,0,16,0.8125
5493,14,2,2,0,0,18,0.7777777777777778
5494,13,2,2,0,0,17,0.7647058823529411
5495,13,2,2,0,0,17,0.7647058823529411
5496,14,2,2,0,0,18,0.7777777777777778
5497,12,2,2,0,0,16,0.75
5498,14,2,2,0,0,18,0.7777777777777778
5499,12,2,1,0,0,15,0.8
5500,13,2,1,0,0,16,0.8125
5501,13,2,2,0,0,17,0.7647058823529411
5502,10,2,1,0,0,13,0.7692307692307693
5503,13,2,1,0,0,16,0.8125
5504,14,2,2,0,0,18,0.7777777777777778
5505,14,2,2,0,0,18,0.7777777777777778
5506,13,2,2,0,0,17,0.7647058823529411
5507,13,2,2,0,0,17,0.7647058823529411
5508,13,2,1,0,0,16,0.8125
5509,12,2,2,0,0,16,0.75
5510,13,2,2,0,0,17,0.7647058823529411
5511,15,2,2,0,0,19,0.7894736842105263
5512,14,2,2,0,0,18,0.7777777777777778
5513,14,2,2,0,0,18,0.7777777777777778
5514,12,2,2,0,0,16,0.75
5515,13,2,2,0,0,17,0.7647058823529411
5516,12,2,1,0,0,15,0.8
5517,13,2,2,0,0,17,0.7647058823529411
5518,13,2,2,0,0,17,0.7647058823529411
5519,15,2,2,0,0,19,0.7894736842105263
5520,12,2,2,0,0,16,0.75
5521,13,2,2,0,0,17,0.7647058823529411
5522,15,2,2,0,0,19,0.7894736842105263
5523,12,2,2,0,0,16,0.75
5524,15,2,2,0,0,19,0.7894736842105263
5525,12,2,2,0,0,16,0.75
5526,14,2,1,0,0,17,0.8235294117647058
5527,14,2,2,0,0,18,0.7777777777777778
5528,14,2,2,0,0,18,0.7777777777777778
5529,14,2,2,0,0,18,0.7777777777777778
5530,15,2,1,0,0,18,0.8333333333333334
5531,14,2,2,0,0,18,0.7777777777777778
5532,12,2,2,0,0,16,0.75
5533,14,2,2,0,0,18,0.7777777777777778
5534,14,2,1,0,0,17,0.8235294117647058
5535,15,2,2,0,0,19,0.7894736842105263
5536,12,2,1,0,0,15,0.8
5537,11,2,1,0,0,14,0.7857142857142857
5538,13,2,2,0,0,17,0.7647058823529411
5539,13,2,2,0,0,17,0.7647058823529411
5540,14,2,2,0,0,18,0.7777777777777778
5541,13,2,2,0,0,17,0.7647058823529411
5542,11,2,2,0,0,15,0.7333333333333333
5543,13,2,2,0,0,17,0.7647058823529411
5544,12,2,2,0,0,16,0.75
5545,12,2,2,0,0,16,0.75
5546,14,2,2,0,0,18,0.7777777777777778
5547,13,2,2,0,0,17,0.7647058823529411
5548,12,2,2,0,0,16,0.75
5549,13,2,2,0,0,17,0.7647058823529411
5550,14,2,2,0,0,18,0.7777777777777778
5551,12,2,2,0,0,16,0.75
5552,14,2,2,0,0,18,0.7777777777777778
5553,12,2,1,0,0,15,0.8
5554,12,2,2,0,0,16,0.75
5555,14,2,2,0,0,18,0.7777777777777778
5556,14,2,2,0,0,18,0.7777777777777778
5557,14,2,2,0,0,18,0.7777777777777778
5558,12,2,2,0,0,16,0.75
5559,15,2,2,0,0,19,0.7894736842105263
5560,15,2,2,0,0,19,0.7894736842105263
5561,14,2,2,0,0,18,0.7777777777777778
5562,13,2,1,0,0,16,0.8125
5563,14,2,2,0,0,18,0.7777777777777778
5564,13,2,1,0,0,16,0.8125
5565,14,2,2,0,0,18,0.7777777777777778
5566,13,2,2,0,0,17,0.7647058823529411
5567,14,2,2,0,0,18,0.7777777777777778
5568,15,2,1,0,0,18,0.8333333333333334
5569,14,2,2,0,0,18,0.7777777777777778
5570,14,2,2,0,0,18,0.7777777777777778
5571,14,2,1,0,0,17,0.8235294117647058
5572,13,2,2,0,0,17,0.7647058823529411
5573,14,2,2,0,0,18,0.7777777777777778
5574,13,2,2,0,0,17,0.7647058823529411
5575,14,2,2,0,0,18,0.7777777777777778
5576,13,2,2,0,0,17,0.7647058823529411
5577,13,2,2,0,0,17,0.7647058823529411
5578,13,2,1,0,0,16,0.8125
5579,13,2,2,0,0,17,0.7647058823529411
5580,14,2,1,0,0,17,0.8235294117647058
5581,13,2,1,0,0,16,0.8125
5582,15,2,2,0,0,19,0.7894736842105263
5583,14,2,2,0,0,18,0.7777777777777778
5584,13,2,2,0,0,17,0.7647058823529411
5585,13,2,2,0,0,17,0.7647058823529411
5586,14,2,2,0,0,18,0.7777777777777778
5587,14,2,2,0,0,18,0.7777777777777778
5588,11,2,1,0,0,14,0.7857142857142857
5589,14,2,2,0,0,18,0.7777777777777778
5590,13,2,2,0,0,17,0.7647058823529411
5591,13,2,2,0,0,17,0.7647058823529411
5592,13,2,2,0,0,17,0.7647058823529411
5593,12,2,2,0,0,16,0.75
5594,13,2,2,0,0,17,0.7647058823529411
5595,14,2,2,0,0,18,0.7777777777777778
5596,15,2,2,0,0,19,0.7894736842105263
5597,14,2,2,0,0,18,0.7777777777777778
5598,14,2,2,0,0,18,0.7777777777777778
5599,14,2,2,0,0,18,0.7777777777777778
