frame,n_hydrophobic,n_polar,n_pos_charged,n_neg_charged,n_other,n_total,frac_hydrophobic
0,14,4,1,0,0,19,0.7368421052631579
1,12,3,1,0,0,16,0.75
2,13,4,2,0,0,19,0.6842105263157895
3,13,3,2,0,0,18,0.7222222222222222
4,12,2,2,0,0,16,0.75
5,14,2,2,0,0,18,0.7777777777777778
6,10,4,2,0,0,16,0.625
7,13,3,2,0,0,18,0.7222222222222222
8,14,2,2,0,0,18,0.7777777777777778
9,14,3,2,0,0,19,0.7368421052631579
10,13,4,2,0,0,19,0.6842105263157895
11,13,4,2,0,0,19,0.6842105263157895
12,14,4,2,0,0,20,0.7
13,13,3,2,0,0,18,0.7222222222222222
14,13,4,2,0,0,19,0.6842105263157895
15,13,3,2,0,0,18,0.7222222222222222
16,13,3,2,0,0,18,0.7222222222222222
17,13,4,2,0,0,19,0.6842105263157895
18,13,4,2,0,0,19,0.6842105263157895
19,11,4,2,0,0,17,0.6470588235294118
20,12,2,2,0,0,16,0.75
21,12,3,2,0,0,17,0.7058823529411765
22,12,3,2,0,0,17,0.7058823529411765
23,11,2,2,0,0,15,0.7333333333333333
24,12,4,2,0,0,18,0.6666666666666666
25,11,1,2,0,0,14,0.7857142857142857
26,14,3,2,0,0,19,0.7368421052631579
27,12,3,2,0,0,17,0.7058823529411765
28,12,3,1,0,0,16,0.75
29,13,4,1,0,0,18,0.7222222222222222
30,13,2,2,0,0,17,0.7647058823529411
31,10,3,2,0,0,15,0.6666666666666666
32,12,2,2,0,0,16,0.75
33,12,3,2,0,0,17,0.7058823529411765
34,14,2,2,0,0,18,0.7777777777777778
35,11,3,2,0,0,16,0.6875
36,12,3,2,0,0,17,0.7058823529411765
37,12,2,1,0,0,15,0.8
38,12,3,2,0,0,17,0.7058823529411765
39,12,3,2,0,0,17,0.7058823529411765
40,12,2,3,0,0,17,0.7058823529411765
41,14,2,3,0,0,19,0.7368421052631579
42,12,1,2,0,0,15,0.8
43,14,2,2,0,0,18,0.7777777777777778
44,14,3,2,0,0,19,0.7368421052631579
45,12,2,3,0,0,17,0.7058823529411765
46,13,1,2,0,0,16,0.8125
47,12,3,2,0,0,17,0.7058823529411765
48,12,3,2,0,0,17,0.7058823529411765
49,11,2,2,0,0,15,0.7333333333333333
50,13,2,2,0,0,17,0.7647058823529411
51,11,2,2,0,0,15,0.7333333333333333
52,12,2,2,0,0,16,0.75
53,12,2,2,0,0,16,0.75
54,12,3,2,0,0,17,0.7058823529411765
55,12,1,3,0,0,16,0.75
56,12,2,3,0,0,17,0.7058823529411765
57,13,2,3,0,0,18,0.7222222222222222
58,13,2,4,0,0,19,0.6842105263157895
59,14,3,3,0,0,20,0.7
60,14,2,4,0,0,20,0.7
61,12,2,4,0,0,18,0.6666666666666666
62,14,3,3,0,0,20,0.7
63,11,2,4,0,0,17,0.6470588235294118
64,13,2,2,1,0,18,0.7222222222222222
65,14,3,3,0,0,20,0.7
66,14,3,2,1,0,20,0.7
67,16,3,3,0,0,22,0.7272727272727273
68,14,3,3,0,0,20,0.7
69,15,2,2,0,0,19,0.7894736842105263
70,14,2,3,0,0,19,0.7368421052631579
71,15,2,2,0,0,19,0.7894736842105263
72,15,3,2,0,0,20,0.75
73,16,2,2,0,0,20,0.8
74,15,2,3,0,0,20,0.75
75,14,2,3,0,0,19,0.7368421052631579
76,14,2,3,0,0,19,0.7368421052631579
77,15,3,3,0,0,21,0.7142857142857143
78,14,2,2,0,0,18,0.7777777777777778
79,15,2,3,0,0,20,0.75
80,14,2,3,0,0,19,0.7368421052631579
81,16,3,2,0,0,21,0.7619047619047619
82,15,3,2,0,0,20,0.75
83,11,1,3,0,0,15,0.7333333333333333
84,14,3,3,0,0,20,0.7
85,15,2,3,0,0,20,0.75
86,15,3,3,0,0,21,0.7142857142857143
87,13,2,2,1,0,18,0.7222222222222222
88,11,2,2,0,0,15,0.7333333333333333
89,15,2,3,1,0,21,0.7142857142857143
90,15,2,2,1,0,20,0.75
91,16,2,2,1,0,21,0.7619047619047619
92,17,1,2,1,0,21,0.8095238095238095
93,14,1,2,1,0,18,0.7777777777777778
94,13,2,3,1,0,19,0.6842105263157895
95,13,1,2,1,0,17,0.7647058823529411
96,16,1,2,1,0,20,0.8
97,15,1,2,1,0,19,0.7894736842105263
98,14,1,3,1,0,19,0.7368421052631579
99,12,1,2,0,0,15,0.8
100,14,1,2,1,0,18,0.7777777777777778
101,15,1,2,1,0,19,0.7894736842105263
102,12,1,2,0,0,15,0.8
103,14,2,2,0,0,18,0.7777777777777778
104,16,2,2,0,0,20,0.8
105,14,2,2,1,0,19,0.7368421052631579
106,17,3,2,0,0,22,0.7727272727272727
107,14,2,2,0,0,18,0.7777777777777778
108,15,2,3,0,0,20,0.75
109,15,2,2,0,0,19,0.7894736842105263
110,15,2,2,0,0,19,0.7894736842105263
111,16,2,3,0,0,21,0.7619047619047619
112,14,2,2,0,0,18,0.7777777777777778
113,13,1,3,1,0,18,0.7222222222222222
114,14,3,3,1,0,21,0.6666666666666666
115,15,2,3,0,0,20,0.75
116,12,2,3,0,0,17,0.7058823529411765
117,14,1,3,0,0,18,0.7777777777777778
118,15,2,3,1,0,21,0.7142857142857143
119,14,2,3,1,0,20,0.7
120,11,2,2,1,0,16,0.6875
121,12,2,2,1,0,17,0.7058823529411765
122,14,3,2,0,0,19,0.7368421052631579
123,12,3,2,0,0,17,0.7058823529411765
124,14,2,3,0,0,19,0.7368421052631579
125,13,2,2,0,0,17,0.7647058823529411
126,13,2,2,1,0,18,0.7222222222222222
127,14,3,2,0,0,19,0.7368421052631579
128,14,3,2,0,0,19,0.7368421052631579
129,14,2,2,1,0,19,0.7368421052631579
130,14,3,2,0,0,19,0.7368421052631579
131,14,3,2,1,0,20,0.7
132,11,2,2,1,0,16,0.6875
133,14,3,3,0,0,20,0.7
134,14,2,2,0,0,18,0.7777777777777778
135,14,3,2,1,0,20,0.7
136,14,3,3,0,0,20,0.7
137,14,3,2,0,0,19,0.7368421052631579
138,14,2,2,0,0,18,0.7777777777777778
139,14,2,2,1,0,19,0.7368421052631579
140,14,2,2,0,0,18,0.7777777777777778
141,12,2,2,0,0,16,0.75
142,14,2,2,0,0,18,0.7777777777777778
143,14,1,2,0,0,17,0.8235294117647058
144,12,1,2,0,0,15,0.8
145,13,1,2,0,0,16,0.8125
146,13,1,3,0,0,17,0.7647058823529411
147,14,0,3,0,0,17,0.8235294117647058
148,11,1,2,0,0,14,0.7857142857142857
149,13,1,2,0,0,16,0.8125
150,13,2,2,0,0,17,0.7647058823529411
151,12,1,2,0,0,15,0.8
152,13,2,2,0,0,17,0.7647058823529411
153,12,3,2,0,0,17,0.7058823529411765
154,13,3,2,0,0,18,0.7222222222222222
155,13,2,2,0,0,17,0.7647058823529411
156,14,2,2,0,0,18,0.7777777777777778
157,11,2,2,0,0,15,0.7333333333333333
158,12,3,2,0,0,17,0.7058823529411765
159,14,2,1,0,0,17,0.8235294117647058
160,13,2,2,0,0,17,0.7647058823529411
161,16,1,2,0,0,19,0.8421052631578947
162,14,1,2,0,0,17,0.8235294117647058
163,15,1,1,0,0,17,0.8823529411764706
164,15,2,2,0,0,19,0.7894736842105263
165,14,1,2,0,0,17,0.8235294117647058
166,10,1,2,0,0,13,0.7692307692307693
167,14,3,2,0,0,19,0.7368421052631579
168,13,2,2,0,0,17,0.7647058823529411
169,13,2,2,0,0,17,0.7647058823529411
170,13,1,2,0,0,16,0.8125
171,13,2,2,0,0,17,0.7647058823529411
172,14,2,2,0,0,18,0.7777777777777778
173,13,1,2,0,0,16,0.8125
174,13,2,2,0,0,17,0.7647058823529411
175,14,2,2,0,0,18,0.7777777777777778
176,15,2,2,0,0,19,0.7894736842105263
177,13,2,2,0,0,17,0.7647058823529411
178,14,2,2,0,0,18,0.7777777777777778
179,13,2,2,0,0,17,0.7647058823529411
180,14,2,2,0,0,18,0.7777777777777778
181,12,2,2,0,0,16,0.75
182,13,2,2,0,0,17,0.7647058823529411
183,14,2,2,0,0,18,0.7777777777777778
184,13,2,3,0,0,18,0.7222222222222222
185,14,3,2,0,0,19,0.7368421052631579
186,13,2,2,0,0,17,0.7647058823529411
187,12,2,3,0,0,17,0.7058823529411765
188,14,2,2,0,0,18,0.7777777777777778
189,12,2,2,0,0,16,0.75
190,14,2,3,0,0,19,0.7368421052631579
191,14,2,3,0,0,19,0.7368421052631579
192,14,2,2,0,0,18,0.7777777777777778
193,11,2,2,0,0,15,0.7333333333333333
194,15,2,3,0,0,20,0.75
195,14,1,2,0,0,17,0.8235294117647058
196,13,1,3,0,0,17,0.7647058823529411
197,13,2,2,0,0,17,0.7647058823529411
198,13,1,3,0,0,17,0.7647058823529411
199,12,0,3,0,0,15,0.8
200,15,0,4,0,0,19,0.7894736842105263
201,14,1,3,0,0,18,0.7777777777777778
202,14,2,3,0,0,19,0.7368421052631579
203,14,0,3,0,0,17,0.8235294117647058
204,14,1,2,0,0,17,0.8235294117647058
205,13,0,3,0,0,16,0.8125
206,12,1,3,0,0,16,0.75
207,14,2,3,0,0,19,0.7368421052631579
208,12,1,3,0,0,16,0.75
209,12,0,3,0,0,15,0.8
210,11,1,2,0,0,14,0.7857142857142857
211,13,1,2,0,0,16,0.8125
212,12,1,3,0,0,16,0.75
213,14,1,2,0,0,17,0.8235294117647058
214,13,1,3,0,0,17,0.7647058823529411
215,12,0,2,0,0,14,0.8571428571428571
216,14,1,2,0,0,17,0.8235294117647058
217,12,1,3,0,0,16,0.75
218,13,1,3,0,0,17,0.7647058823529411
219,11,1,2,0,0,14,0.7857142857142857
220,13,1,2,0,0,16,0.8125
221,12,2,3,0,0,17,0.7058823529411765
222,14,1,4,0,0,19,0.7368421052631579
223,11,2,3,1,0,17,0.6470588235294118
224,13,1,2,0,0,16,0.8125
225,12,1,1,0,0,14,0.8571428571428571
226,13,2,3,0,0,18,0.7222222222222222
227,14,1,2,0,0,17,0.8235294117647058
228,13,2,1,0,0,16,0.8125
229,13,1,3,0,0,17,0.7647058823529411
230,13,1,2,0,0,16,0.8125
231,14,1,3,0,0,18,0.7777777777777778
232,14,1,3,0,0,18,0.7777777777777778
233,13,2,2,0,0,17,0.7647058823529411
234,14,2,2,0,0,18,0.7777777777777778
235,13,1,3,0,0,17,0.7647058823529411
236,14,0,3,0,0,17,0.8235294117647058
237,13,2,3,0,0,18,0.7222222222222222
238,14,1,3,0,0,18,0.7777777777777778
239,13,1,3,0,0,17,0.7647058823529411
240,15,1,3,0,0,19,0.7894736842105263
241,14,1,3,0,0,18,0.7777777777777778
242,13,1,3,0,0,17,0.7647058823529411
243,10,2,3,0,0,15,0.6666666666666666
244,14,0,3,0,0,17,0.8235294117647058
245,13,1,3,0,0,17,0.7647058823529411
246,13,1,3,0,0,17,0.7647058823529411
247,14,2,2,0,0,18,0.7777777777777778
248,12,1,4,0,0,17,0.7058823529411765
249,13,2,3,0,0,18,0.7222222222222222
250,13,2,3,0,0,18,0.7222222222222222
251,14,1,3,0,0,18,0.7777777777777778
252,12,1,4,0,0,17,0.7058823529411765
253,13,1,3,0,0,17,0.7647058823529411
254,13,1,3,0,0,17,0.7647058823529411
255,12,1,2,0,0,15,0.8
256,13,1,2,0,0,16,0.8125
257,12,1,3,0,0,16,0.75
258,13,1,3,0,0,17,0.7647058823529411
259,14,2,3,0,0,19,0.7368421052631579
260,12,2,2,0,0,16,0.75
261,12,3,2,0,0,17,0.7058823529411765
262,14,1,2,0,0,17,0.8235294117647058
263,13,2,2,0,0,17,0.7647058823529411
264,14,1,2,0,0,17,0.8235294117647058
265,15,1,2,0,0,18,0.8333333333333334
266,13,2,2,0,0,17,0.7647058823529411
267,14,1,2,0,0,17,0.8235294117647058
268,14,2,2,0,0,18,0.7777777777777778
269,11,1,3,0,0,15,0.7333333333333333
270,13,1,2,0,0,16,0.8125
271,15,1,2,0,0,18,0.8333333333333334
272,13,2,3,0,0,18,0.7222222222222222
273,13,1,2,0,0,16,0.8125
274,15,1,2,0,0,18,0.8333333333333334
275,12,1,2,0,0,15,0.8
276,14,1,2,0,0,17,0.8235294117647058
277,13,1,2,0,0,16,0.8125
278,14,1,3,0,0,18,0.7777777777777778
279,12,2,2,0,0,16,0.75
280,15,0,2,0,0,17,0.8823529411764706
281,13,1,2,0,0,16,0.8125
282,15,1,2,0,0,18,0.8333333333333334
283,15,1,2,0,0,18,0.8333333333333334
284,14,1,2,0,0,17,0.8235294117647058
285,15,1,2,0,0,18,0.8333333333333334
286,14,1,2,0,0,17,0.8235294117647058
287,14,1,2,0,0,17,0.8235294117647058
288,15,2,3,0,0,20,0.75
289,14,1,2,0,0,17,0.8235294117647058
290,14,2,2,0,0,18,0.7777777777777778
291,15,2,2,0,0,19,0.7894736842105263
292,14,0,2,0,0,16,0.875
293,12,2,3,0,0,17,0.7058823529411765
294,15,2,2,0,0,19,0.7894736842105263
295,13,1,2,0,0,16,0.8125
296,14,3,3,0,0,20,0.7
297,14,1,2,0,0,17,0.8235294117647058
298,13,1,2,0,0,16,0.8125
299,14,2,2,0,0,18,0.7777777777777778
300,14,2,2,0,0,18,0.7777777777777778
301,14,2,2,0,0,18,0.7777777777777778
302,15,2,2,0,0,19,0.7894736842105263
303,14,2,2,0,0,18,0.7777777777777778
304,13,1,2,0,0,16,0.8125
305,14,2,2,0,0,18,0.7777777777777778
306,15,2,2,0,0,19,0.7894736842105263
307,15,2,3,0,0,20,0.75
308,14,1,2,0,0,17,0.8235294117647058
309,14,2,2,0,0,18,0.7777777777777778
310,14,2,2,0,0,18,0.7777777777777778
311,14,2,2,0,0,18,0.7777777777777778
312,13,2,2,0,0,17,0.7647058823529411
313,15,2,3,0,0,20,0.75
314,16,1,2,0,0,19,0.8421052631578947
315,12,1,2,0,0,15,0.8
316,14,2,2,0,0,18,0.7777777777777778
317,12,2,2,0,0,16,0.75
318,14,1,2,0,0,17,0.8235294117647058
319,13,2,2,0,0,17,0.7647058823529411
320,14,1,2,0,0,17,0.8235294117647058
321,13,2,2,0,0,17,0.7647058823529411
322,14,2,2,0,0,18,0.7777777777777778
323,11,2,2,0,0,15,0.7333333333333333
324,12,2,2,0,0,16,0.75
325,10,1,2,0,0,13,0.7692307692307693
326,13,2,3,0,0,18,0.7222222222222222
327,15,1,2,0,0,18,0.8333333333333334
328,14,1,3,0,0,18,0.7777777777777778
329,12,3,2,0,0,17,0.7058823529411765
330,12,3,2,0,0,17,0.7058823529411765
331,14,2,2,0,0,18,0.7777777777777778
332,13,2,2,0,0,17,0.7647058823529411
333,12,2,3,0,0,17,0.7058823529411765
334,13,2,3,0,0,18,0.7222222222222222
335,13,2,2,0,0,17,0.7647058823529411
336,13,2,3,0,0,18,0.7222222222222222
337,12,2,3,0,0,17,0.7058823529411765
338,13,2,3,0,0,18,0.7222222222222222
339,14,2,2,0,0,18,0.7777777777777778
340,13,3,2,0,0,18,0.7222222222222222
341,13,2,2,0,0,17,0.7647058823529411
342,12,3,2,0,0,17,0.7058823529411765
343,16,3,2,0,0,21,0.7619047619047619
344,15,2,2,0,0,19,0.7894736842105263
345,13,2,2,0,0,17,0.7647058823529411
346,13,2,3,0,0,18,0.7222222222222222
347,12,1,2,0,0,15,0.8
348,13,2,2,0,0,17,0.7647058823529411
349,13,1,3,0,0,17,0.7647058823529411
350,15,2,3,0,0,20,0.75
351,15,2,3,0,0,20,0.75
352,11,3,3,0,0,17,0.6470588235294118
353,10,2,4,0,0,16,0.625
354,15,2,3,0,0,20,0.75
355,14,2,2,0,0,18,0.7777777777777778
356,10,2,4,0,0,16,0.625
357,11,2,3,0,0,16,0.6875
358,15,2,3,0,0,20,0.75
359,12,2,3,0,0,17,0.7058823529411765
360,13,3,2,0,0,18,0.7222222222222222
361,13,2,2,0,0,17,0.7647058823529411
362,14,2,2,0,0,18,0.7777777777777778
363,13,2,3,0,0,18,0.7222222222222222
364,13,2,4,0,0,19,0.6842105263157895
365,15,2,3,0,0,20,0.75
366,15,1,2,0,0,18,0.8333333333333334
367,15,1,3,0,0,19,0.7894736842105263
368,14,1,3,0,0,18,0.7777777777777778
369,13,1,3,0,0,17,0.7647058823529411
370,14,2,2,0,0,18,0.7777777777777778
371,14,1,3,0,0,18,0.7777777777777778
372,14,1,3,0,0,18,0.7777777777777778
373,12,2,3,0,0,17,0.7058823529411765
374,13,2,3,0,0,18,0.7222222222222222
375,15,2,2,0,0,19,0.7894736842105263
376,13,1,4,0,0,18,0.7222222222222222
377,15,1,3,0,0,19,0.7894736842105263
378,13,2,2,0,0,17,0.7647058823529411
379,13,2,4,0,0,19,0.6842105263157895
380,15,2,3,0,0,20,0.75
381,14,3,2,0,0,19,0.7368421052631579
382,14,2,2,0,0,18,0.7777777777777778
383,15,2,4,0,0,21,0.7142857142857143
384,14,1,3,0,0,18,0.7777777777777778
385,14,2,3,0,0,19,0.7368421052631579
386,14,3,3,0,0,20,0.7
387,16,2,3,0,0,21,0.7619047619047619
388,14,1,3,0,0,18,0.7777777777777778
389,16,2,3,0,0,21,0.7619047619047619
390,14,2,3,0,0,19,0.7368421052631579
391,13,1,3,0,0,17,0.7647058823529411
392,14,1,4,0,0,19,0.7368421052631579
393,13,2,3,0,0,18,0.7222222222222222
394,13,1,3,0,0,17,0.7647058823529411
395,13,1,2,0,0,16,0.8125
396,13,2,3,0,0,18,0.7222222222222222
397,12,2,3,0,0,17,0.7058823529411765
398,14,1,1,0,0,16,0.875
399,15,1,3,0,0,19,0.7894736842105263
400,17,2,2,0,0,21,0.8095238095238095
401,14,2,3,0,0,19,0.7368421052631579
402,14,2,2,0,0,18,0.7777777777777778
403,14,1,3,0,0,18,0.7777777777777778
404,14,1,2,0,0,17,0.8235294117647058
405,15,1,3,0,0,19,0.7894736842105263
406,15,1,3,0,0,19,0.7894736842105263
407,14,1,3,0,0,18,0.7777777777777778
408,15,0,3,0,0,18,0.8333333333333334
409,15,2,3,0,0,20,0.75
410,14,2,3,0,0,19,0.7368421052631579
411,15,0,3,0,0,18,0.8333333333333334
412,15,1,2,0,0,18,0.8333333333333334
413,15,2,3,0,0,20,0.75
414,14,1,3,0,0,18,0.7777777777777778
415,15,2,2,0,0,19,0.7894736842105263
416,14,1,3,0,0,18,0.7777777777777778
417,16,1,3,0,0,20,0.8
418,15,2,4,0,0,21,0.7142857142857143
419,14,1,4,0,0,19,0.7368421052631579
420,14,1,3,0,0,18,0.7777777777777778
421,15,1,3,0,0,19,0.7894736842105263
422,15,1,2,0,0,18,0.8333333333333334
423,15,2,2,0,0,19,0.7894736842105263
424,13,2,2,0,0,17,0.7647058823529411
425,14,2,3,0,0,19,0.7368421052631579
426,13,2,2,0,0,17,0.7647058823529411
427,14,1,2,0,0,17,0.8235294117647058
428,13,2,3,0,0,18,0.7222222222222222
429,13,1,3,0,0,17,0.7647058823529411
430,14,1,4,0,0,19,0.7368421052631579
431,15,1,3,0,0,19,0.7894736842105263
432,12,1,4,0,0,17,0.7058823529411765
433,16,1,4,0,0,21,0.7619047619047619
434,14,1,3,0,0,18,0.7777777777777778
435,12,1,3,0,0,16,0.75
436,10,1,2,0,0,13,0.7692307692307693
437,14,2,3,0,0,19,0.7368421052631579
438,14,2,3,0,0,19,0.7368421052631579
439,14,2,3,0,0,19,0.7368421052631579
440,15,1,3,0,0,19,0.7894736842105263
441,15,2,2,0,0,19,0.7894736842105263
442,13,1,2,0,0,16,0.8125
443,14,1,2,0,0,17,0.8235294117647058
444,15,0,2,0,0,17,0.8823529411764706
445,15,1,2,0,0,18,0.8333333333333334
446,16,1,3,0,0,20,0.8
447,15,1,2,0,0,18,0.8333333333333334
448,15,1,2,0,0,18,0.8333333333333334
449,15,1,2,0,0,18,0.8333333333333334
450,15,0,2,0,0,17,0.8823529411764706
451,14,0,3,0,0,17,0.8235294117647058
452,14,0,3,0,0,17,0.8235294117647058
453,15,0,2,0,0,17,0.8823529411764706
454,15,0,3,0,0,18,0.8333333333333334
455,14,0,2,0,0,16,0.875
456,13,1,2,0,0,16,0.8125
457,14,0,3,0,0,17,0.8235294117647058
458,13,0,2,0,0,15,0.8666666666666667
459,13,2,2,0,0,17,0.7647058823529411
460,13,0,3,0,0,16,0.8125
461,13,0,2,0,0,15,0.8666666666666667
462,16,1,2,0,0,19,0.8421052631578947
463,14,0,3,0,0,17,0.8235294117647058
464,15,0,2,0,0,17,0.8823529411764706
465,15,0,2,0,0,17,0.8823529411764706
466,14,0,2,0,0,16,0.875
467,15,0,2,0,0,17,0.8823529411764706
468,14,1,3,0,0,18,0.7777777777777778
469,15,1,2,0,0,18,0.8333333333333334
470,15,0,2,0,0,17,0.8823529411764706
471,14,1,3,0,0,18,0.7777777777777778
472,15,1,2,0,0,18,0.8333333333333334
473,15,0,2,0,0,17,0.8823529411764706
474,15,0,2,0,0,17,0.8823529411764706
475,14,0,2,0,0,16,0.875
476,13,0,2,0,0,15,0.8666666666666667
477,15,0,2,0,0,17,0.8823529411764706
478,14,0,3,0,0,17,0.8235294117647058
479,15,0,2,0,0,17,0.8823529411764706
480,14,0,2,0,0,16,0.875
481,15,0,2,0,0,17,0.8823529411764706
482,15,0,2,0,0,17,0.8823529411764706
483,15,0,2,0,0,17,0.8823529411764706
484,15,0,2,0,0,17,0.8823529411764706
485,16,0,2,0,0,18,0.8888888888888888
486,15,0,2,0,0,17,0.8823529411764706
487,15,1,2,0,0,18,0.8333333333333334
488,15,0,2,0,0,17,0.8823529411764706
489,15,1,2,0,0,18,0.8333333333333334
490,14,0,2,0,0,16,0.875
491,14,0,2,0,0,16,0.875
492,15,0,2,0,0,17,0.8823529411764706
493,15,1,2,0,0,18,0.8333333333333334
494,15,1,2,0,0,18,0.8333333333333334
495,15,0,2,0,0,17,0.8823529411764706
496,12,0,2,0,0,14,0.8571428571428571
497,15,0,2,0,0,17,0.8823529411764706
498,15,0,2,0,0,17,0.8823529411764706
499,16,0,2,0,0,18,0.8888888888888888
500,16,0,2,0,0,18,0.8888888888888888
501,17,0,2,0,0,19,0.8947368421052632
502,16,0,2,0,0,18,0.8888888888888888
503,16,0,2,0,0,18,0.8888888888888888
504,16,0,2,0,0,18,0.8888888888888888
505,17,0,2,0,0,19,0.8947368421052632
506,16,0,2,0,0,18,0.8888888888888888
507,14,0,2,0,0,16,0.875
508,15,0,2,0,0,17,0.8823529411764706
509,15,0,2,0,0,17,0.8823529411764706
510,13,0,2,0,0,15,0.8666666666666667
511,13,0,2,0,0,15,0.8666666666666667
512,15,1,2,0,0,18,0.8333333333333334
513,16,0,1,0,0,17,0.9411764705882353
514,13,0,2,0,0,15,0.8666666666666667
515,15,0,2,0,0,17,0.8823529411764706
516,15,0,2,0,0,17,0.8823529411764706
517,16,0,2,0,0,18,0.8888888888888888
518,16,0,2,0,0,18,0.8888888888888888
519,16,0,2,0,0,18,0.8888888888888888
520,15,1,2,0,0,18,0.8333333333333334
521,14,0,3,0,0,17,0.8235294117647058
522,15,0,2,0,0,17,0.8823529411764706
523,15,0,3,0,0,18,0.8333333333333334
524,15,1,2,0,0,18,0.8333333333333334
525,14,0,3,0,0,17,0.8235294117647058
526,15,1,2,0,0,18,0.8333333333333334
527,14,1,2,0,0,17,0.8235294117647058
528,16,1,2,0,0,19,0.8421052631578947
529,14,0,3,0,0,17,0.8235294117647058
530,15,1,2,0,0,18,0.8333333333333334
531,15,0,3,0,0,18,0.8333333333333334
532,15,0,2,0,0,17,0.8823529411764706
533,14,0,3,0,0,17,0.8235294117647058
534,15,0,2,0,0,17,0.8823529411764706
535,14,0,2,0,0,16,0.875
536,16,0,2,0,0,18,0.8888888888888888
537,15,0,2,0,0,17,0.8823529411764706
538,16,1,2,0,0,19,0.8421052631578947
539,14,0,2,0,0,16,0.875
540,16,1,2,0,0,19,0.8421052631578947
541,16,1,2,0,0,19,0.8421052631578947
542,16,1,2,0,0,19,0.8421052631578947
543,17,1,2,0,0,20,0.85
544,16,1,2,0,0,19,0.8421052631578947
545,16,1,2,0,0,19,0.8421052631578947
546,16,1,2,0,0,19,0.8421052631578947
547,16,0,2,0,0,18,0.8888888888888888
548,16,1,2,0,0,19,0.8421052631578947
549,16,1,2,0,0,19,0.8421052631578947
550,16,1,2,0,0,19,0.8421052631578947
551,16,0,2,0,0,18,0.8888888888888888
552,18,0,2,0,0,20,0.9
553,16,1,2,0,0,19,0.8421052631578947
554,17,1,2,0,0,20,0.85
555,16,0,2,0,0,18,0.8888888888888888
556,15,0,1,0,0,16,0.9375
557,15,0,3,0,0,18,0.8333333333333334
558,15,0,2,0,0,17,0.8823529411764706
559,16,0,2,0,0,18,0.8888888888888888
560,16,0,1,0,0,17,0.9411764705882353
561,15,1,2,0,0,18,0.8333333333333334
562,16,0,1,0,0,17,0.9411764705882353
563,16,0,2,0,0,18,0.8888888888888888
564,15,0,2,0,0,17,0.8823529411764706
565,16,0,1,0,0,17,0.9411764705882353
566,15,1,1,0,0,17,0.8823529411764706
567,15,1,1,0,0,17,0.8823529411764706
568,15,0,3,0,0,18,0.8333333333333334
569,16,1,2,0,0,19,0.8421052631578947
570,14,1,2,0,0,17,0.8235294117647058
571,17,0,1,0,0,18,0.9444444444444444
572,15,1,2,0,0,18,0.8333333333333334
573,15,1,2,0,0,18,0.8333333333333334
574,16,1,2,0,0,19,0.8421052631578947
575,16,1,2,0,0,19,0.8421052631578947
576,16,1,2,0,0,19,0.8421052631578947
577,16,1,2,0,0,19,0.8421052631578947
578,15,1,2,0,0,18,0.8333333333333334
579,15,1,2,0,0,18,0.8333333333333334
580,15,1,2,0,0,18,0.8333333333333334
581,15,1,2,0,0,18,0.8333333333333334
582,15,1,2,0,0,18,0.8333333333333334
583,15,1,2,0,0,18,0.8333333333333334
584,16,0,2,0,0,18,0.8888888888888888
585,16,0,2,0,0,18,0.8888888888888888
586,16,1,2,0,0,19,0.8421052631578947
587,15,2,2,0,0,19,0.7894736842105263
588,14,1,2,0,0,17,0.8235294117647058
589,14,0,3,0,0,17,0.8235294117647058
590,15,0,2,0,0,17,0.8823529411764706
591,15,1,3,0,0,19,0.7894736842105263
592,15,1,2,0,0,18,0.8333333333333334
593,16,1,2,0,0,19,0.8421052631578947
594,13,1,2,0,0,16,0.8125
595,14,1,2,0,0,17,0.8235294117647058
596,15,1,2,0,0,18,0.8333333333333334
597,15,0,3,0,0,18,0.8333333333333334
598,14,1,3,0,0,18,0.7777777777777778
599,16,0,2,0,0,18,0.8888888888888888
600,14,0,2,0,0,16,0.875
601,14,0,2,0,0,16,0.875
602,16,0,2,0,0,18,0.8888888888888888
603,15,1,2,0,0,18,0.8333333333333334
604,16,0,1,0,0,17,0.9411764705882353
605,15,0,2,0,0,17,0.8823529411764706
606,16,1,2,0,0,19,0.8421052631578947
607,16,1,2,0,0,19,0.8421052631578947
608,15,1,2,0,0,18,0.8333333333333334
609,15,1,2,0,0,18,0.8333333333333334
610,15,1,3,0,0,19,0.7894736842105263
611,16,1,2,0,0,19,0.8421052631578947
612,15,1,2,0,0,18,0.8333333333333334
613,16,1,2,0,0,19,0.8421052631578947
614,15,0,2,0,0,17,0.8823529411764706
615,15,1,2,0,0,18,0.8333333333333334
616,15,1,2,0,0,18,0.8333333333333334
617,15,1,2,0,0,18,0.8333333333333334
618,15,1,2,0,0,18,0.8333333333333334
619,16,1,2,0,0,19,0.8421052631578947
620,16,0,2,0,0,18,0.8888888888888888
621,16,0,2,0,0,18,0.8888888888888888
622,15,0,2,0,0,17,0.8823529411764706
623,16,0,2,0,0,18,0.8888888888888888
624,16,1,2,0,0,19,0.8421052631578947
625,15,0,2,0,0,17,0.8823529411764706
626,15,0,2,0,0,17,0.8823529411764706
627,15,1,2,0,0,18,0.8333333333333334
628,14,1,2,0,0,17,0.8235294117647058
629,14,1,2,0,0,17,0.8235294117647058
630,15,1,2,0,0,18,0.8333333333333334
631,13,1,2,0,0,16,0.8125
632,15,1,3,0,0,19,0.7894736842105263
633,14,1,2,0,0,17,0.8235294117647058
634,15,1,2,0,0,18,0.8333333333333334
635,13,1,2,0,0,16,0.8125
636,13,1,3,0,0,17,0.7647058823529411
637,13,1,2,0,0,16,0.8125
638,14,1,2,0,0,17,0.8235294117647058
639,13,1,2,0,0,16,0.8125
640,15,1,2,0,0,18,0.8333333333333334
641,15,1,2,0,0,18,0.8333333333333334
642,15,1,2,0,0,18,0.8333333333333334
643,16,1,2,0,0,19,0.8421052631578947
644,13,1,2,0,0,16,0.8125
645,14,1,2,0,0,17,0.8235294117647058
646,15,1,2,0,0,18,0.8333333333333334
647,16,1,2,0,0,19,0.8421052631578947
648,15,0,2,0,0,17,0.8823529411764706
649,15,1,2,0,0,18,0.8333333333333334
650,16,1,2,0,0,19,0.8421052631578947
651,15,1,2,0,0,18,0.8333333333333334
652,16,0,2,0,0,18,0.8888888888888888
653,15,1,2,0,0,18,0.8333333333333334
654,15,0,2,0,0,17,0.8823529411764706
655,16,1,2,0,0,19,0.8421052631578947
656,16,1,2,0,0,19,0.8421052631578947
657,15,1,1,0,0,17,0.8823529411764706
658,13,1,2,0,0,16,0.8125
659,16,1,2,0,0,19,0.8421052631578947
660,14,1,2,0,0,17,0.8235294117647058
661,16,1,2,0,0,19,0.8421052631578947
662,15,1,2,0,0,18,0.8333333333333334
663,16,1,2,0,0,19,0.8421052631578947
664,16,1,2,0,0,19,0.8421052631578947
665,15,1,1,0,0,17,0.8823529411764706
666,15,1,2,0,0,18,0.8333333333333334
667,15,0,2,0,0,17,0.8823529411764706
668,16,1,1,0,0,18,0.8888888888888888
669,15,1,2,0,0,18,0.8333333333333334
670,16,0,2,0,0,18,0.8888888888888888
671,15,1,2,0,0,18,0.8333333333333334
672,15,0,2,0,0,17,0.8823529411764706
673,18,1,2,0,0,21,0.8571428571428571
674,15,1,2,0,0,18,0.8333333333333334
675,15,1,2,0,0,18,0.8333333333333334
676,17,1,2,0,0,20,0.85
677,16,1,2,0,0,19,0.8421052631578947
678,15,1,2,0,0,18,0.8333333333333334
679,17,1,1,0,0,19,0.8947368421052632
680,15,0,2,0,0,17,0.8823529411764706
681,14,1,2,0,0,17,0.8235294117647058
682,16,0,2,0,0,18,0.8888888888888888
683,15,0,2,0,0,17,0.8823529411764706
684,15,1,2,0,0,18,0.8333333333333334
685,15,0,2,0,0,17,0.8823529411764706
686,16,1,2,0,0,19,0.8421052631578947
687,17,0,2,0,0,19,0.8947368421052632
688,15,1,1,0,0,17,0.8823529411764706
689,15,0,2,0,0,17,0.8823529411764706
690,16,0,2,0,0,18,0.8888888888888888
691,16,1,2,0,0,19,0.8421052631578947
692,17,1,2,0,0,20,0.85
693,15,1,2,0,0,18,0.8333333333333334
694,15,1,1,0,0,17,0.8823529411764706
695,16,0,2,0,0,18,0.8888888888888888
696,16,1,2,0,0,19,0.8421052631578947
697,15,1,2,0,0,18,0.8333333333333334
698,15,1,2,0,0,18,0.8333333333333334
699,14,1,2,0,0,17,0.8235294117647058
700,14,1,2,0,0,17,0.8235294117647058
701,14,0,2,0,0,16,0.875
702,13,1,3,0,0,17,0.7647058823529411
703,14,1,2,0,0,17,0.8235294117647058
704,15,1,2,0,0,18,0.8333333333333334
705,15,1,2,0,0,18,0.8333333333333334
706,15,1,2,0,0,18,0.8333333333333334
707,14,1,3,0,0,18,0.7777777777777778
708,13,2,2,0,0,17,0.7647058823529411
709,15,1,2,0,0,18,0.8333333333333334
710,14,1,2,0,0,17,0.8235294117647058
711,15,1,2,0,0,18,0.8333333333333334
712,14,2,3,0,0,19,0.7368421052631579
713,15,1,5,0,0,21,0.7142857142857143
714,14,1,2,0,0,17,0.8235294117647058
715,15,2,4,0,0,21,0.7142857142857143
716,16,2,2,0,0,20,0.8
717,12,1,2,0,0,15,0.8
718,14,1,2,0,0,17,0.8235294117647058
719,15,1,4,0,0,20,0.75
720,13,1,3,0,0,17,0.7647058823529411
721,14,1,2,0,0,17,0.8235294117647058
722,15,1,2,0,0,18,0.8333333333333334
723,14,1,2,0,0,17,0.8235294117647058
724,14,2,2,0,0,18,0.7777777777777778
725,15,2,2,0,0,19,0.7894736842105263
726,14,1,2,0,0,17,0.8235294117647058
727,15,1,2,0,0,18,0.8333333333333334
728,13,1,2,0,0,16,0.8125
729,15,2,2,0,0,19,0.7894736842105263
730,13,1,2,0,0,16,0.8125
731,13,2,2,0,0,17,0.7647058823529411
732,14,2,2,0,0,18,0.7777777777777778
733,15,1,3,0,0,19,0.7894736842105263
734,12,1,2,0,0,15,0.8
735,13,1,1,0,0,15,0.8666666666666667
736,15,1,2,0,0,18,0.8333333333333334
737,13,2,3,0,0,18,0.7222222222222222
738,15,2,2,0,0,19,0.7894736842105263
739,14,1,2,0,0,17,0.8235294117647058
740,14,1,2,0,0,17,0.8235294117647058
741,14,1,2,0,0,17,0.8235294117647058
742,14,1,1,0,0,16,0.875
743,14,1,2,0,0,17,0.8235294117647058
744,15,1,2,0,0,18,0.8333333333333334
745,12,1,2,0,0,15,0.8
746,15,1,2,0,0,18,0.8333333333333334
747,15,1,2,0,0,18,0.8333333333333334
748,13,1,2,0,0,16,0.8125
749,13,1,2,0,0,16,0.8125
750,14,1,2,0,0,17,0.8235294117647058
751,14,1,2,0,0,17,0.8235294117647058
752,14,1,2,0,0,17,0.8235294117647058
753,15,1,2,0,0,18,0.8333333333333334
754,12,1,2,0,0,15,0.8
755,13,1,2,0,0,16,0.8125
756,15,1,2,0,0,18,0.8333333333333334
757,14,1,2,0,0,17,0.8235294117647058
758,13,1,2,0,0,16,0.8125
759,15,1,1,0,0,17,0.8823529411764706
760,14,1,3,0,0,18,0.7777777777777778
761,14,1,3,0,0,18,0.7777777777777778
762,15,1,2,0,0,18,0.8333333333333334
763,16,1,2,0,0,19,0.8421052631578947
764,15,1,3,0,0,19,0.7894736842105263
765,15,1,3,0,0,19,0.7894736842105263
766,13,1,3,0,0,17,0.7647058823529411
767,13,1,2,0,0,16,0.8125
768,15,1,3,0,0,19,0.7894736842105263
769,12,1,4,0,0,17,0.7058823529411765
770,13,1,3,0,0,17,0.7647058823529411
771,15,1,3,0,0,19,0.7894736842105263
772,14,1,4,0,0,19,0.7368421052631579
773,13,1,2,0,0,16,0.8125
774,15,2,2,0,0,19,0.7894736842105263
775,14,1,2,0,0,17,0.8235294117647058
776,13,1,3,0,0,17,0.7647058823529411
777,14,2,3,0,0,19,0.7368421052631579
778,16,1,3,0,0,20,0.8
779,14,2,2,0,0,18,0.7777777777777778
780,14,1,2,0,0,17,0.8235294117647058
781,15,1,3,0,0,19,0.7894736842105263
782,14,1,2,0,0,17,0.8235294117647058
783,14,1,2,0,0,17,0.8235294117647058
784,14,2,2,0,0,18,0.7777777777777778
785,14,1,3,0,0,18,0.7777777777777778
786,15,1,2,0,0,18,0.8333333333333334
787,13,1,2,0,0,16,0.8125
788,14,0,2,0,0,16,0.875
789,15,2,2,0,0,19,0.7894736842105263
790,14,1,2,0,0,17,0.8235294117647058
791,15,1,2,0,0,18,0.8333333333333334
792,14,1,3,0,0,18,0.7777777777777778
793,14,1,2,0,0,17,0.8235294117647058
794,13,1,4,0,0,18,0.7222222222222222
795,15,1,3,0,0,19,0.7894736842105263
796,14,1,3,0,0,18,0.7777777777777778
797,14,1,2,0,0,17,0.8235294117647058
798,14,1,3,0,0,18,0.7777777777777778
799,15,2,2,0,0,19,0.7894736842105263
800,14,1,2,0,0,17,0.8235294117647058
801,15,2,2,0,0,19,0.7894736842105263
802,14,1,2,0,0,17,0.8235294117647058
803,14,1,2,0,0,17,0.8235294117647058
804,14,1,2,0,0,17,0.8235294117647058
805,15,1,3,0,0,19,0.7894736842105263
806,14,2,3,0,0,19,0.7368421052631579
807,15,1,2,0,0,18,0.8333333333333334
808,14,1,2,0,0,17,0.8235294117647058
809,15,1,2,0,0,18,0.8333333333333334
810,15,1,1,0,0,17,0.8823529411764706
811,13,1,2,0,0,16,0.8125
812,13,2,2,0,0,17,0.7647058823529411
813,12,1,1,0,0,14,0.8571428571428571
814,12,1,2,0,0,15,0.8
815,15,1,2,0,0,18,0.8333333333333334
816,15,1,3,0,0,19,0.7894736842105263
817,15,1,2,0,0,18,0.8333333333333334
818,15,1,3,0,0,19,0.7894736842105263
819,15,1,2,0,0,18,0.8333333333333334
820,14,1,3,0,0,18,0.7777777777777778
821,14,1,2,0,0,17,0.8235294117647058
822,16,1,2,0,0,19,0.8421052631578947
823,13,1,3,0,0,17,0.7647058823529411
824,15,1,2,0,0,18,0.8333333333333334
825,13,1,2,0,0,16,0.8125
826,16,1,3,0,0,20,0.8
827,14,1,3,0,0,18,0.7777777777777778
828,16,2,2,0,0,20,0.8
829,16,1,2,0,0,19,0.8421052631578947
830,14,0,2,0,0,16,0.875
831,14,1,3,0,0,18,0.7777777777777778
832,15,1,2,0,0,18,0.8333333333333334
833,15,1,3,0,0,19,0.7894736842105263
834,14,1,3,0,0,18,0.7777777777777778
835,14,1,2,0,0,17,0.8235294117647058
836,15,1,2,0,0,18,0.8333333333333334
837,16,1,2,0,0,19,0.8421052631578947
838,15,1,2,0,0,18,0.8333333333333334
839,16,1,2,0,0,19,0.8421052631578947
840,14,2,2,0,0,18,0.7777777777777778
841,15,1,3,0,0,19,0.7894736842105263
842,14,1,1,0,0,16,0.875
843,14,1,2,0,0,17,0.8235294117647058
844,14,0,2,0,0,16,0.875
845,15,1,2,0,0,18,0.8333333333333334
846,16,1,2,0,0,19,0.8421052631578947
847,15,1,2,0,0,18,0.8333333333333334
848,14,1,2,0,0,17,0.8235294117647058
849,14,1,2,0,0,17,0.8235294117647058
850,15,1,2,0,0,18,0.8333333333333334
851,15,1,2,0,0,18,0.8333333333333334
852,15,1,2,0,0,18,0.8333333333333334
853,16,1,2,0,0,19,0.8421052631578947
854,16,1,2,0,0,19,0.8421052631578947
855,15,2,2,0,0,19,0.7894736842105263
856,15,0,2,0,0,17,0.8823529411764706
857,16,1,2,0,0,19,0.8421052631578947
858,17,1,2,0,0,20,0.85
859,15,1,2,0,0,18,0.8333333333333334
860,14,1,2,0,0,17,0.8235294117647058
861,15,1,1,0,0,17,0.8823529411764706
862,14,1,2,0,0,17,0.8235294117647058
863,14,1,2,0,0,17,0.8235294117647058
864,14,1,2,0,0,17,0.8235294117647058
865,17,1,2,0,0,20,0.85
866,16,1,2,0,0,19,0.8421052631578947
867,15,1,2,0,0,18,0.8333333333333334
868,13,1,2,0,0,16,0.8125
869,15,1,2,0,0,18,0.8333333333333334
870,15,1,1,0,0,17,0.8823529411764706
871,15,1,2,0,0,18,0.8333333333333334
872,14,1,2,0,0,17,0.8235294117647058
873,15,1,2,0,0,18,0.8333333333333334
874,14,1,2,0,0,17,0.8235294117647058
875,13,1,1,0,0,15,0.8666666666666667
876,14,0,2,0,0,16,0.875
877,15,0,2,0,0,17,0.8823529411764706
878,15,0,2,0,0,17,0.8823529411764706
879,16,1,2,0,0,19,0.8421052631578947
880,14,0,2,0,0,16,0.875
881,16,0,2,0,0,18,0.8888888888888888
882,15,0,2,0,0,17,0.8823529411764706
883,15,0,2,0,0,17,0.8823529411764706
884,16,1,2,0,0,19,0.8421052631578947
885,15,0,2,0,0,17,0.8823529411764706
886,15,1,2,0,0,18,0.8333333333333334
887,12,0,2,0,0,14,0.8571428571428571
888,15,1,2,0,0,18,0.8333333333333334
889,16,1,2,0,0,19,0.8421052631578947
890,15,0,2,0,0,17,0.8823529411764706
891,15,0,2,0,0,17,0.8823529411764706
892,13,0,2,0,0,15,0.8666666666666667
893,15,0,2,0,0,17,0.8823529411764706
894,13,1,1,0,0,15,0.8666666666666667
895,15,0,2,0,0,17,0.8823529411764706
896,16,0,2,0,0,18,0.8888888888888888
897,15,0,2,0,0,17,0.8823529411764706
898,15,0,2,0,0,17,0.8823529411764706
899,15,1,1,0,0,17,0.8823529411764706
900,17,0,1,0,0,18,0.9444444444444444
901,16,1,2,0,0,19,0.8421052631578947
902,16,1,3,0,0,20,0.8
903,15,0,2,0,0,17,0.8823529411764706
904,14,1,3,0,0,18,0.7777777777777778
905,13,1,2,0,0,16,0.8125
906,15,1,3,0,0,19,0.7894736842105263
907,14,1,2,0,0,17,0.8235294117647058
908,16,0,2,0,0,18,0.8888888888888888
909,14,2,2,0,0,18,0.7777777777777778
910,14,0,2,0,0,16,0.875
911,13,0,3,0,0,16,0.8125
912,16,0,2,0,0,18,0.8888888888888888
913,15,0,2,0,0,17,0.8823529411764706
914,14,0,2,0,0,16,0.875
915,13,1,2,0,0,16,0.8125
916,13,0,2,0,0,15,0.8666666666666667
917,14,0,3,0,0,17,0.8235294117647058
918,13,0,1,0,0,14,0.9285714285714286
919,12,0,2,0,0,14,0.8571428571428571
920,16,1,2,0,0,19,0.8421052631578947
921,15,1,2,0,0,18,0.8333333333333334
922,14,1,2,0,0,17,0.8235294117647058
923,15,1,2,0,0,18,0.8333333333333334
924,14,1,2,0,0,17,0.8235294117647058
925,16,1,2,0,0,19,0.8421052631578947
926,11,0,2,0,0,13,0.8461538461538461
927,14,1,2,0,0,17,0.8235294117647058
928,14,1,2,0,0,17,0.8235294117647058
929,13,1,2,0,0,16,0.8125
930,12,1,2,0,0,15,0.8
931,15,1,2,0,0,18,0.8333333333333334
932,14,1,2,0,0,17,0.8235294117647058
933,13,1,2,0,0,16,0.8125
934,14,1,2,0,0,17,0.8235294117647058
935,14,1,2,0,0,17,0.8235294117647058
936,15,1,2,0,0,18,0.8333333333333334
937,13,1,2,0,0,16,0.8125
938,15,1,2,0,0,18,0.8333333333333334
939,16,1,2,0,0,19,0.8421052631578947
940,15,1,2,0,0,18,0.8333333333333334
941,14,2,2,0,0,18,0.7777777777777778
942,13,0,2,0,0,15,0.8666666666666667
943,15,0,2,0,0,17,0.8823529411764706
944,16,1,2,0,0,19,0.8421052631578947
945,15,1,2,0,0,18,0.8333333333333334
946,14,1,2,0,0,17,0.8235294117647058
947,13,1,3,0,0,17,0.7647058823529411
948,13,1,2,0,0,16,0.8125
949,15,1,2,0,0,18,0.8333333333333334
950,12,1,2,0,0,15,0.8
951,13,1,2,0,0,16,0.8125
952,15,0,2,0,0,17,0.8823529411764706
953,14,1,2,0,0,17,0.8235294117647058
954,14,1,2,0,0,17,0.8235294117647058
955,16,1,2,0,0,19,0.8421052631578947
956,12,1,2,0,0,15,0.8
957,14,1,2,0,0,17,0.8235294117647058
958,16,1,3,0,0,20,0.8
959,12,1,2,0,0,15,0.8
960,14,1,2,0,0,17,0.8235294117647058
961,13,1,2,0,0,16,0.8125
962,15,1,2,0,0,18,0.8333333333333334
963,14,1,2,0,0,17,0.8235294117647058
964,15,1,2,0,0,18,0.8333333333333334
965,14,0,1,0,0,15,0.9333333333333333
966,15,1,2,0,0,18,0.8333333333333334
967,13,1,2,0,0,16,0.8125
968,13,0,2,0,0,15,0.8666666666666667
969,14,1,2,0,0,17,0.8235294117647058
970,15,1,2,0,0,18,0.8333333333333334
971,15,1,2,0,0,18,0.8333333333333334
972,15,1,2,0,0,18,0.8333333333333334
973,16,2,2,0,0,20,0.8
974,15,1,2,0,0,18,0.8333333333333334
975,15,1,3,0,0,19,0.7894736842105263
976,16,1,2,0,0,19,0.8421052631578947
977,15,0,2,0,0,17,0.8823529411764706
978,15,1,2,0,0,18,0.8333333333333334
979,14,1,2,0,0,17,0.8235294117647058
980,16,1,2,0,0,19,0.8421052631578947
981,16,2,2,0,0,20,0.8
982,14,1,2,0,0,17,0.8235294117647058
983,14,1,2,0,0,17,0.8235294117647058
984,13,0,2,0,0,15,0.8666666666666667
985,15,1,2,0,0,18,0.8333333333333334
986,13,1,2,0,0,16,0.8125
987,15,1,3,0,0,19,0.7894736842105263
988,15,2,2,0,0,19,0.7894736842105263
989,14,1,3,0,0,18,0.7777777777777778
990,15,1,2,0,0,18,0.8333333333333334
991,13,1,1,0,0,15,0.8666666666666667
992,14,1,2,0,0,17,0.8235294117647058
993,14,1,2,0,0,17,0.8235294117647058
994,15,1,2,0,0,18,0.8333333333333334
995,14,1,2,0,0,17,0.8235294117647058
996,15,1,2,0,0,18,0.8333333333333334
997,17,1,2,0,0,20,0.85
998,15,1,2,0,0,18,0.8333333333333334
999,15,1,2,0,0,18,0.8333333333333334
1000,14,1,2,0,0,17,0.8235294117647058
1001,15,1,2,0,0,18,0.8333333333333334
1002,16,1,2,0,0,19,0.8421052631578947
1003,13,2,2,0,0,17,0.7647058823529411
1004,13,1,2,0,0,16,0.8125
1005,15,1,2,0,0,18,0.8333333333333334
1006,13,2,3,0,0,18,0.7222222222222222
1007,14,2,2,0,0,18,0.7777777777777778
1008,14,2,2,0,0,18,0.7777777777777778
1009,12,2,2,0,0,16,0.75
1010,14,2,2,0,0,18,0.7777777777777778
1011,14,2,2,0,0,18,0.7777777777777778
1012,13,1,2,0,0,16,0.8125
1013,13,1,2,0,0,16,0.8125
1014,14,1,2,0,0,17,0.8235294117647058
1015,14,0,3,0,0,17,0.8235294117647058
1016,14,0,1,0,0,15,0.9333333333333333
1017,14,0,2,0,0,16,0.875
1018,14,2,1,0,0,17,0.8235294117647058
1019,13,2,2,0,0,17,0.7647058823529411
1020,11,1,2,0,0,14,0.7857142857142857
1021,12,1,2,0,0,15,0.8
1022,16,2,2,0,0,20,0.8
1023,15,0,2,0,0,17,0.8823529411764706
1024,13,2,2,0,0,17,0.7647058823529411
1025,14,1,1,0,0,16,0.875
1026,15,2,2,0,0,19,0.7894736842105263
1027,16,0,1,0,0,17,0.9411764705882353
1028,14,1,2,0,0,17,0.8235294117647058
1029,14,1,2,0,0,17,0.8235294117647058
1030,14,1,2,0,0,17,0.8235294117647058
1031,13,2,2,0,0,17,0.7647058823529411
1032,14,2,3,0,0,19,0.7368421052631579
1033,11,1,2,0,0,14,0.7857142857142857
1034,15,2,2,0,0,19,0.7894736842105263
1035,15,2,2,0,0,19,0.7894736842105263
1036,13,2,2,0,0,17,0.7647058823529411
1037,12,1,2,0,0,15,0.8
1038,15,0,2,0,0,17,0.8823529411764706
1039,14,0,2,0,0,16,0.875
1040,16,1,2,0,0,19,0.8421052631578947
1041,14,0,2,0,0,16,0.875
1042,13,1,2,0,0,16,0.8125
1043,12,1,2,0,0,15,0.8
1044,16,0,2,0,0,18,0.8888888888888888
1045,15,2,2,0,0,19,0.7894736842105263
1046,12,0,2,0,0,14,0.8571428571428571
1047,14,1,2,0,0,17,0.8235294117647058
1048,14,1,2,0,0,17,0.8235294117647058
1049,12,0,2,0,0,14,0.8571428571428571
1050,15,1,2,0,0,18,0.8333333333333334
1051,16,1,2,0,0,19,0.8421052631578947
1052,12,2,2,0,0,16,0.75
1053,12,1,2,0,0,15,0.8
1054,15,1,2,0,0,18,0.8333333333333334
1055,14,1,2,0,0,17,0.8235294117647058
1056,14,1,2,0,0,17,0.8235294117647058
1057,13,1,2,0,0,16,0.8125
1058,14,1,2,0,0,17,0.8235294117647058
1059,14,1,2,0,0,17,0.8235294117647058
1060,13,0,2,0,0,15,0.8666666666666667
1061,14,1,2,0,0,17,0.8235294117647058
1062,12,1,2,0,0,15,0.8
1063,13,2,1,0,0,16,0.8125
1064,13,0,2,0,0,15,0.8666666666666667
1065,12,2,2,0,0,16,0.75
1066,15,2,2,0,0,19,0.7894736842105263
1067,15,1,2,0,0,18,0.8333333333333334
1068,15,1,2,0,0,18,0.8333333333333334
1069,13,1,3,0,0,17,0.7647058823529411
1070,16,1,1,0,0,18,0.8888888888888888
1071,14,0,2,0,0,16,0.875
1072,13,0,2,0,0,15,0.8666666666666667
1073,12,3,2,0,0,17,0.7058823529411765
1074,13,3,2,0,0,18,0.7222222222222222
1075,14,1,2,0,0,17,0.8235294117647058
1076,12,1,2,0,0,15,0.8
1077,13,1,2,0,0,16,0.8125
1078,14,1,2,0,0,17,0.8235294117647058
1079,14,2,2,0,0,18,0.7777777777777778
1080,15,2,2,0,0,19,0.7894736842105263
1081,12,1,2,0,0,15,0.8
1082,14,1,2,0,0,17,0.8235294117647058
1083,12,1,1,0,0,14,0.8571428571428571
1084,13,1,2,0,0,16,0.8125
1085,11,1,2,0,0,14,0.7857142857142857
1086,13,1,2,0,0,16,0.8125
1087,12,1,2,0,0,15,0.8
1088,14,0,2,0,0,16,0.875
1089,13,1,2,0,0,16,0.8125
1090,13,1,2,0,0,16,0.8125
1091,14,1,2,0,0,17,0.8235294117647058
1092,13,1,2,0,0,16,0.8125
1093,15,0,2,0,0,17,0.8823529411764706
1094,14,1,2,0,0,17,0.8235294117647058
1095,14,1,2,0,0,17,0.8235294117647058
1096,11,0,2,0,0,13,0.8461538461538461
1097,15,0,3,0,0,18,0.8333333333333334
1098,14,1,2,0,0,17,0.8235294117647058
1099,13,1,2,0,0,16,0.8125
1100,14,0,2,0,0,16,0.875
1101,13,1,2,0,0,16,0.8125
1102,13,1,2,0,0,16,0.8125
1103,15,0,2,0,0,17,0.8823529411764706
1104,15,1,2,0,0,18,0.8333333333333334
1105,13,2,2,0,0,17,0.7647058823529411
1106,14,1,2,0,0,17,0.8235294117647058
1107,12,1,3,0,0,16,0.75
1108,13,2,2,0,0,17,0.7647058823529411
1109,13,2,2,0,0,17,0.7647058823529411
1110,14,1,2,0,0,17,0.8235294117647058
1111,14,0,2,0,0,16,0.875
1112,15,1,2,0,0,18,0.8333333333333334
1113,14,1,2,0,0,17,0.8235294117647058
1114,14,1,2,0,0,17,0.8235294117647058
1115,13,0,3,0,0,16,0.8125
1116,14,0,2,0,0,16,0.875
1117,14,0,2,0,0,16,0.875
1118,12,0,2,0,0,14,0.8571428571428571
1119,13,1,2,0,0,16,0.8125
1120,12,2,2,0,0,16,0.75
1121,13,1,2,0,0,16,0.8125
1122,15,1,2,0,0,18,0.8333333333333334
1123,14,1,1,0,0,16,0.875
1124,14,1,1,0,0,16,0.875
1125,15,0,3,0,0,18,0.8333333333333334
1126,16,1,1,0,0,18,0.8888888888888888
1127,12,0,2,0,0,14,0.8571428571428571
1128,14,0,2,0,0,16,0.875
1129,13,0,2,0,0,15,0.8666666666666667
1130,15,2,2,0,0,19,0.7894736842105263
1131,14,2,2,0,0,18,0.7777777777777778
1132,13,2,1,0,0,16,0.8125
1133,14,2,2,0,0,18,0.7777777777777778
1134,15,1,2,0,0,18,0.8333333333333334
1135,15,1,2,0,0,18,0.8333333333333334
1136,11,1,2,0,0,14,0.7857142857142857
1137,15,2,2,0,0,19,0.7894736842105263
1138,16,1,2,0,0,19,0.8421052631578947
1139,12,2,2,0,0,16,0.75
1140,14,0,2,0,0,16,0.875
1141,12,1,2,0,0,15,0.8
1142,15,2,2,0,0,19,0.7894736842105263
1143,14,1,2,0,0,17,0.8235294117647058
1144,15,2,2,0,0,19,0.7894736842105263
1145,15,1,2,0,0,18,0.8333333333333334
1146,14,1,2,0,0,17,0.8235294117647058
1147,14,1,1,0,0,16,0.875
1148,17,0,2,0,0,19,0.8947368421052632
1149,15,0,2,0,0,17,0.8823529411764706
1150,14,0,2,0,0,16,0.875
1151,15,0,3,0,0,18,0.8333333333333334
1152,12,0,3,0,0,15,0.8
1153,12,0,3,0,0,15,0.8
1154,12,1,2,0,0,15,0.8
1155,14,1,2,0,0,17,0.8235294117647058
1156,14,1,2,0,0,17,0.8235294117647058
1157,14,3,2,0,0,19,0.7368421052631579
1158,15,1,2,0,0,18,0.8333333333333334
1159,14,1,2,0,0,17,0.8235294117647058
1160,16,1,2,0,0,19,0.8421052631578947
1161,13,0,2,0,0,15,0.8666666666666667
1162,15,0,2,0,0,17,0.8823529411764706
1163,15,1,2,0,0,18,0.8333333333333334
1164,13,1,2,0,0,16,0.8125
1165,14,2,2,0,0,18,0.7777777777777778
1166,14,3,2,0,0,19,0.7368421052631579
1167,15,1,2,0,0,18,0.8333333333333334
1168,12,1,2,0,0,15,0.8
1169,14,0,2,0,0,16,0.875
1170,15,1,2,0,0,18,0.8333333333333334
1171,14,3,2,0,0,19,0.7368421052631579
1172,15,1,2,0,0,18,0.8333333333333334
1173,13,0,2,0,0,15,0.8666666666666667
1174,14,1,2,0,0,17,0.8235294117647058
1175,13,2,2,0,0,17,0.7647058823529411
1176,11,1,2,0,0,14,0.7857142857142857
1177,12,2,2,0,0,16,0.75
1178,14,3,2,0,0,19,0.7368421052631579
1179,15,1,2,0,0,18,0.8333333333333334
1180,14,1,2,0,0,17,0.8235294117647058
1181,12,2,2,0,0,16,0.75
1182,14,3,2,0,0,19,0.7368421052631579
1183,12,2,2,0,0,16,0.75
1184,14,3,2,0,0,19,0.7368421052631579
1185,16,0,2,0,0,18,0.8888888888888888
1186,14,0,1,0,0,15,0.9333333333333333
1187,11,1,2,0,0,14,0.7857142857142857
1188,13,2,2,0,0,17,0.7647058823529411
1189,14,1,1,0,0,16,0.875
1190,14,1,3,0,0,18,0.7777777777777778
1191,13,2,2,0,0,17,0.7647058823529411
1192,15,3,2,0,0,20,0.75
1193,13,3,2,0,0,18,0.7222222222222222
1194,11,2,2,0,0,15,0.7333333333333333
1195,14,2,2,0,0,18,0.7777777777777778
1196,12,2,1,0,0,15,0.8
1197,13,0,3,0,0,16,0.8125
1198,11,1,2,0,0,14,0.7857142857142857
1199,16,1,1,0,0,18,0.8888888888888888
1200,15,3,2,0,0,20,0.75
1201,12,1,2,0,0,15,0.8
1202,14,1,2,0,0,17,0.8235294117647058
1203,16,1,2,0,0,19,0.8421052631578947
1204,13,1,3,0,0,17,0.7647058823529411
1205,14,1,2,0,0,17,0.8235294117647058
1206,15,3,3,0,0,21,0.7142857142857143
1207,17,3,2,0,0,22,0.7727272727272727
1208,14,3,2,0,0,19,0.7368421052631579
1209,16,2,3,0,0,21,0.7619047619047619
1210,14,3,3,0,0,20,0.7
1211,15,3,3,0,0,21,0.7142857142857143
1212,15,3,3,0,0,21,0.7142857142857143
1213,14,2,2,0,0,18,0.7777777777777778
1214,13,2,2,0,0,17,0.7647058823529411
1215,14,3,2,0,0,19,0.7368421052631579
1216,11,3,2,0,0,16,0.6875
1217,14,3,3,0,0,20,0.7
1218,15,3,2,0,0,20,0.75
1219,14,2,2,0,0,18,0.7777777777777778
1220,13,3,2,0,0,18,0.7222222222222222
1221,14,3,2,0,0,19,0.7368421052631579
1222,13,3,2,0,0,18,0.7222222222222222
1223,13,3,2,0,0,18,0.7222222222222222
1224,13,1,2,0,0,16,0.8125
1225,12,2,2,0,0,16,0.75
1226,14,2,2,0,0,18,0.7777777777777778
1227,14,3,2,0,0,19,0.7368421052631579
1228,11,2,2,0,0,15,0.7333333333333333
1229,13,2,2,0,0,17,0.7647058823529411
1230,14,3,2,0,0,19,0.7368421052631579
1231,15,2,2,0,0,19,0.7894736842105263
1232,12,2,2,0,0,16,0.75
1233,14,2,2,0,0,18,0.7777777777777778
1234,12,2,2,0,0,16,0.75
1235,12,1,2,0,0,15,0.8
1236,14,1,2,0,0,17,0.8235294117647058
1237,13,1,2,0,0,16,0.8125
1238,13,1,2,0,0,16,0.8125
1239,11,2,2,0,0,15,0.7333333333333333
1240,13,1,2,0,0,16,0.8125
1241,12,1,2,0,0,15,0.8
1242,14,1,2,0,0,17,0.8235294117647058
1243,14,1,2,0,0,17,0.8235294117647058
1244,12,1,2,0,0,15,0.8
1245,14,1,2,0,0,17,0.8235294117647058
1246,13,2,2,0,0,17,0.7647058823529411
1247,13,1,2,0,0,16,0.8125
1248,12,3,2,0,0,17,0.7058823529411765
1249,13,1,1,0,0,15,0.8666666666666667
1250,13,2,1,0,0,16,0.8125
1251,13,2,2,0,0,17,0.7647058823529411
1252,15,2,2,0,0,19,0.7894736842105263
1253,11,3,2,0,0,16,0.6875
1254,15,2,2,0,0,19,0.7894736842105263
1255,16,2,3,0,0,21,0.7619047619047619
1256,14,3,2,0,0,19,0.7368421052631579
1257,14,0,2,0,0,16,0.875
1258,15,0,3,0,0,18,0.8333333333333334
1259,15,2,2,0,0,19,0.7894736842105263
1260,15,1,2,0,0,18,0.8333333333333334
1261,13,1,2,0,0,16,0.8125
1262,15,1,2,0,0,18,0.8333333333333334
1263,16,2,2,0,0,20,0.8
1264,13,0,2,0,0,15,0.8666666666666667
1265,15,1,2,0,0,18,0.8333333333333334
1266,13,1,2,0,0,16,0.8125
1267,15,3,1,0,0,19,0.7894736842105263
1268,14,2,1,0,0,17,0.8235294117647058
1269,14,2,1,0,0,17,0.8235294117647058
1270,15,3,2,0,0,20,0.75
1271,14,1,1,0,0,16,0.875
1272,14,2,2,0,0,18,0.7777777777777778
1273,15,3,2,0,0,20,0.75
1274,14,3,2,0,0,19,0.7368421052631579
1275,16,1,3,0,0,20,0.8
1276,13,3,2,0,0,18,0.7222222222222222
1277,16,1,2,0,0,19,0.8421052631578947
1278,16,3,1,0,0,20,0.8
1279,13,2,1,0,0,16,0.8125
1280,12,1,2,0,0,15,0.8
1281,13,1,2,0,0,16,0.8125
1282,14,1,1,0,0,16,0.875
1283,14,2,2,0,0,18,0.7777777777777778
1284,13,3,2,0,0,18,0.7222222222222222
1285,14,2,1,0,0,17,0.8235294117647058
1286,15,1,2,0,0,18,0.8333333333333334
1287,13,3,2,0,0,18,0.7222222222222222
1288,13,2,2,0,0,17,0.7647058823529411
1289,16,2,1,0,0,19,0.8421052631578947
1290,13,2,2,0,0,17,0.7647058823529411
1291,16,2,2,0,0,20,0.8
1292,16,2,1,0,0,19,0.8421052631578947
1293,13,2,1,0,0,16,0.8125
1294,15,2,1,0,0,18,0.8333333333333334
1295,16,3,2,0,0,21,0.7619047619047619
1296,13,3,1,0,0,17,0.7647058823529411
1297,14,2,2,0,0,18,0.7777777777777778
1298,15,2,1,0,0,18,0.8333333333333334
1299,14,1,1,0,0,16,0.875
1300,14,2,2,0,0,18,0.7777777777777778
1301,14,1,2,0,0,17,0.8235294117647058
1302,15,1,1,0,0,17,0.8823529411764706
1303,14,1,1,0,0,16,0.875
1304,15,3,1,0,0,19,0.7894736842105263
1305,16,1,2,0,0,19,0.8421052631578947
1306,15,1,2,0,0,18,0.8333333333333334
1307,15,2,2,0,0,19,0.7894736842105263
1308,15,2,2,0,0,19,0.7894736842105263
1309,15,2,2,0,0,19,0.7894736842105263
1310,16,2,1,0,0,19,0.8421052631578947
1311,13,1,2,0,0,16,0.8125
1312,15,1,1,0,0,17,0.8823529411764706
1313,14,3,1,0,0,18,0.7777777777777778
1314,13,1,1,0,0,15,0.8666666666666667
1315,14,3,1,0,0,18,0.7777777777777778
1316,15,1,2,0,0,18,0.8333333333333334
1317,14,1,2,0,0,17,0.8235294117647058
1318,12,1,2,0,0,15,0.8
1319,14,1,2,0,0,17,0.8235294117647058
1320,13,1,1,0,0,15,0.8666666666666667
1321,12,1,1,0,0,14,0.8571428571428571
1322,16,1,2,0,0,19,0.8421052631578947
1323,14,1,2,0,0,17,0.8235294117647058
1324,16,1,1,0,0,18,0.8888888888888888
1325,16,0,1,0,0,17,0.9411764705882353
1326,16,1,1,0,0,18,0.8888888888888888
1327,13,1,2,0,0,16,0.8125
1328,16,2,2,0,0,20,0.8
1329,16,3,1,0,0,20,0.8
1330,14,1,1,0,0,16,0.875
1331,12,1,2,0,0,15,0.8
1332,14,1,2,0,0,17,0.8235294117647058
1333,13,1,2,0,0,16,0.8125
1334,13,1,2,0,0,16,0.8125
1335,13,1,2,0,0,16,0.8125
1336,14,0,1,0,0,15,0.9333333333333333
1337,14,3,2,0,0,19,0.7368421052631579
1338,13,2,2,0,0,17,0.7647058823529411
1339,13,2,2,0,0,17,0.7647058823529411
1340,14,2,2,0,0,18,0.7777777777777778
1341,16,1,2,0,0,19,0.8421052631578947
1342,14,2,2,0,0,18,0.7777777777777778
1343,13,1,2,0,0,16,0.8125
1344,14,2,2,0,0,18,0.7777777777777778
1345,15,1,2,0,0,18,0.8333333333333334
1346,14,1,2,0,0,17,0.8235294117647058
1347,16,1,2,0,0,19,0.8421052631578947
1348,16,1,2,0,0,19,0.8421052631578947
1349,16,1,1,0,0,18,0.8888888888888888
1350,16,0,1,0,0,17,0.9411764705882353
1351,16,1,1,0,0,18,0.8888888888888888
1352,16,3,2,0,0,21,0.7619047619047619
1353,13,3,2,0,0,18,0.7222222222222222
1354,13,3,1,0,0,17,0.7647058823529411
1355,13,3,2,0,0,18,0.7222222222222222
1356,12,2,1,0,0,15,0.8
1357,15,2,2,0,0,19,0.7894736842105263
1358,14,1,2,0,0,17,0.8235294117647058
1359,14,1,2,0,0,17,0.8235294117647058
1360,12,1,2,0,0,15,0.8
1361,15,1,2,0,0,18,0.8333333333333334
1362,16,1,3,0,0,20,0.8
1363,15,1,3,0,0,19,0.7894736842105263
1364,15,1,1,0,0,17,0.8823529411764706
1365,16,1,2,0,0,19,0.8421052631578947
1366,17,0,2,0,0,19,0.8947368421052632
1367,15,2,2,0,0,19,0.7894736842105263
1368,17,1,1,0,0,19,0.8947368421052632
1369,14,2,2,0,0,18,0.7777777777777778
1370,16,1,2,0,0,19,0.8421052631578947
1371,16,0,1,0,0,17,0.9411764705882353
1372,16,1,0,0,0,17,0.9411764705882353
1373,14,0,2,0,0,16,0.875
1374,14,1,1,0,0,16,0.875
1375,15,2,1,0,0,18,0.8333333333333334
1376,16,2,2,0,0,20,0.8
1377,15,0,2,0,0,17,0.8823529411764706
1378,14,0,2,0,0,16,0.875
1379,15,0,1,0,0,16,0.9375
1380,14,2,1,0,0,17,0.8235294117647058
1381,18,2,2,0,0,22,0.8181818181818182
1382,15,2,2,0,0,19,0.7894736842105263
1383,17,2,1,0,0,20,0.85
1384,17,1,1,0,0,19,0.8947368421052632
1385,15,1,2,0,0,18,0.8333333333333334
1386,17,2,2,0,0,21,0.8095238095238095
1387,15,2,2,0,0,19,0.7894736842105263
1388,14,3,2,0,0,19,0.7368421052631579
1389,14,0,2,0,0,16,0.875
1390,16,1,2,0,0,19,0.8421052631578947
1391,15,1,3,0,0,19,0.7894736842105263
1392,15,1,2,0,0,18,0.8333333333333334
1393,15,1,2,0,0,18,0.8333333333333334
1394,16,3,2,0,0,21,0.7619047619047619
1395,17,2,2,0,0,21,0.8095238095238095
1396,16,2,2,0,0,20,0.8
1397,15,0,2,0,0,17,0.8823529411764706
1398,14,2,2,0,0,18,0.7777777777777778
1399,14,1,2,0,0,17,0.8235294117647058
1400,13,0,2,0,0,15,0.8666666666666667
1401,16,1,2,0,0,19,0.8421052631578947
1402,16,1,2,0,0,19,0.8421052631578947
1403,16,1,2,0,0,19,0.8421052631578947
1404,15,0,2,0,0,17,0.8823529411764706
1405,17,0,3,0,0,20,0.85
1406,12,1,2,0,0,15,0.8
1407,15,0,2,0,0,17,0.8823529411764706
1408,15,2,2,0,0,19,0.7894736842105263
1409,16,1,2,0,0,19,0.8421052631578947
1410,16,0,2,0,0,18,0.8888888888888888
1411,15,0,2,0,0,17,0.8823529411764706
1412,14,0,2,0,0,16,0.875
1413,15,1,2,0,0,18,0.8333333333333334
1414,15,0,2,0,0,17,0.8823529411764706
1415,14,0,2,0,0,16,0.875
1416,13,1,2,0,0,16,0.8125
1417,16,1,3,0,0,20,0.8
1418,15,2,2,0,0,19,0.7894736842105263
1419,15,2,2,0,0,19,0.7894736842105263
1420,13,1,2,0,0,16,0.8125
1421,12,0,2,0,0,14,0.8571428571428571
1422,14,0,2,0,0,16,0.875
1423,12,0,2,0,0,14,0.8571428571428571
1424,16,0,2,0,0,18,0.8888888888888888
1425,13,2,2,0,0,17,0.7647058823529411
1426,14,1,2,0,0,17,0.8235294117647058
1427,13,1,3,0,0,17,0.7647058823529411
1428,14,0,2,0,0,16,0.875
1429,12,2,2,0,0,16,0.75
1430,14,1,2,0,0,17,0.8235294117647058
1431,13,3,2,0,0,18,0.7222222222222222
1432,14,1,2,0,0,17,0.8235294117647058
1433,14,2,2,0,0,18,0.7777777777777778
1434,13,2,2,0,0,17,0.7647058823529411
1435,15,1,2,0,0,18,0.8333333333333334
1436,12,1,2,0,0,15,0.8
1437,9,1,2,0,0,12,0.75
1438,15,1,2,0,0,18,0.8333333333333334
1439,14,3,2,0,0,19,0.7368421052631579
1440,12,0,2,0,0,14,0.8571428571428571
1441,15,1,2,0,0,18,0.8333333333333334
1442,15,2,3,0,0,20,0.75
1443,12,1,2,0,0,15,0.8
1444,14,1,2,0,0,17,0.8235294117647058
1445,12,1,2,0,0,15,0.8
1446,12,1,2,0,0,15,0.8
1447,13,0,3,0,0,16,0.8125
1448,15,1,2,0,0,18,0.8333333333333334
1449,13,2,2,0,0,17,0.7647058823529411
1450,13,1,2,0,0,16,0.8125
1451,14,1,2,0,0,17,0.8235294117647058
1452,14,1,3,0,0,18,0.7777777777777778
1453,16,2,2,0,0,20,0.8
1454,14,1,2,0,0,17,0.8235294117647058
1455,14,2,2,0,0,18,0.7777777777777778
1456,14,2,2,0,0,18,0.7777777777777778
1457,14,1,2,0,0,17,0.8235294117647058
1458,14,2,2,0,0,18,0.7777777777777778
1459,14,0,2,0,0,16,0.875
1460,14,1,2,0,0,17,0.8235294117647058
1461,14,1,2,0,0,17,0.8235294117647058
1462,16,1,2,0,0,19,0.8421052631578947
1463,14,1,2,0,0,17,0.8235294117647058
1464,15,1,2,0,0,18,0.8333333333333334
1465,16,1,2,0,0,19,0.8421052631578947
1466,15,1,2,0,0,18,0.8333333333333334
1467,10,1,2,0,0,13,0.7692307692307693
1468,15,1,2,0,0,18,0.8333333333333334
1469,14,1,2,0,0,17,0.8235294117647058
1470,15,2,2,0,0,19,0.7894736842105263
1471,14,2,2,0,0,18,0.7777777777777778
1472,15,1,2,0,0,18,0.8333333333333334
1473,15,1,2,0,0,18,0.8333333333333334
1474,14,1,2,0,0,17,0.8235294117647058
1475,14,1,2,0,0,17,0.8235294117647058
1476,14,1,1,0,0,16,0.875
1477,12,3,2,0,0,17,0.7058823529411765
1478,14,1,2,0,0,17,0.8235294117647058
1479,15,1,2,0,0,18,0.8333333333333334
1480,15,2,2,0,0,19,0.7894736842105263
1481,13,3,2,0,0,18,0.7222222222222222
1482,14,2,2,0,0,18,0.7777777777777778
1483,14,3,2,0,0,19,0.7368421052631579
1484,14,2,2,0,0,18,0.7777777777777778
1485,16,1,2,0,0,19,0.8421052631578947
1486,14,1,2,0,0,17,0.8235294117647058
1487,14,2,2,0,0,18,0.7777777777777778
1488,14,2,2,0,0,18,0.7777777777777778
1489,12,1,2,0,0,15,0.8
1490,16,0,2,0,0,18,0.8888888888888888
1491,12,0,2,0,0,14,0.8571428571428571
1492,13,1,2,0,0,16,0.8125
1493,14,2,2,0,0,18,0.7777777777777778
1494,16,1,2,0,0,19,0.8421052631578947
1495,13,2,2,0,0,17,0.7647058823529411
1496,16,1,1,0,0,18,0.8888888888888888
1497,14,2,2,0,0,18,0.7777777777777778
1498,14,2,2,0,0,18,0.7777777777777778
1499,16,0,1,0,0,17,0.9411764705882353
1500,16,1,2,0,0,19,0.8421052631578947
1501,16,1,2,0,0,19,0.8421052631578947
1502,15,1,2,0,0,18,0.8333333333333334
1503,14,1,2,0,0,17,0.8235294117647058
1504,16,1,2,0,0,19,0.8421052631578947
1505,12,3,2,0,0,17,0.7058823529411765
1506,13,2,2,0,0,17,0.7647058823529411
1507,13,3,2,0,0,18,0.7222222222222222
1508,14,1,2,0,0,17,0.8235294117647058
1509,11,1,1,0,0,13,0.8461538461538461
1510,13,2,2,0,0,17,0.7647058823529411
1511,14,2,2,0,0,18,0.7777777777777778
1512,15,1,2,0,0,18,0.8333333333333334
1513,14,2,2,0,0,18,0.7777777777777778
1514,16,2,2,0,0,20,0.8
1515,12,1,2,0,0,15,0.8
1516,15,3,2,0,0,20,0.75
1517,13,1,2,0,0,16,0.8125
1518,15,1,2,0,0,18,0.8333333333333334
1519,14,2,2,0,0,18,0.7777777777777778
1520,12,2,2,0,0,16,0.75
1521,14,3,2,0,0,19,0.7368421052631579
1522,14,3,2,0,0,19,0.7368421052631579
1523,13,2,1,0,0,16,0.8125
1524,15,2,2,0,0,19,0.7894736842105263
1525,13,1,2,0,0,16,0.8125
1526,16,1,2,0,0,19,0.8421052631578947
1527,13,1,2,0,0,16,0.8125
1528,14,1,2,0,0,17,0.8235294117647058
1529,13,1,2,0,0,16,0.8125
1530,14,1,2,0,0,17,0.8235294117647058
1531,16,1,2,0,0,19,0.8421052631578947
1532,15,1,2,0,0,18,0.8333333333333334
1533,16,1,2,0,0,19,0.8421052631578947
1534,15,2,2,0,0,19,0.7894736842105263
1535,14,2,2,0,0,18,0.7777777777777778
1536,16,2,1,0,0,19,0.8421052631578947
1537,14,1,2,0,0,17,0.8235294117647058
1538,16,1,2,0,0,19,0.8421052631578947
1539,15,0,2,0,0,17,0.8823529411764706
1540,15,1,2,0,0,18,0.8333333333333334
1541,13,1,2,0,0,16,0.8125
1542,15,2,2,0,0,19,0.7894736842105263
1543,14,0,2,0,0,16,0.875
1544,13,0,2,0,0,15,0.8666666666666667
1545,16,1,2,0,0,19,0.8421052631578947
1546,14,0,2,0,0,16,0.875
1547,16,0,2,0,0,18,0.8888888888888888
1548,16,1,2,0,0,19,0.8421052631578947
1549,13,0,2,0,0,15,0.8666666666666667
1550,13,0,2,0,0,15,0.8666666666666667
1551,13,1,2,0,0,16,0.8125
1552,14,1,2,0,0,17,0.8235294117647058
1553,12,1,2,0,0,15,0.8
1554,13,1,2,0,0,16,0.8125
1555,13,1,2,0,0,16,0.8125
1556,12,1,2,0,0,15,0.8
1557,13,1,2,0,0,16,0.8125
1558,15,0,2,0,0,17,0.8823529411764706
1559,13,1,2,0,0,16,0.8125
1560,15,1,2,0,0,18,0.8333333333333334
1561,16,1,2,0,0,19,0.8421052631578947
1562,16,1,2,0,0,19,0.8421052631578947
1563,14,1,2,0,0,17,0.8235294117647058
1564,13,0,2,0,0,15,0.8666666666666667
1565,13,1,2,0,0,16,0.8125
1566,15,1,2,0,0,18,0.8333333333333334
1567,14,1,2,0,0,17,0.8235294117647058
1568,12,1,2,0,0,15,0.8
1569,13,1,2,0,0,16,0.8125
1570,13,1,3,0,0,17,0.7647058823529411
1571,12,1,2,0,0,15,0.8
1572,12,1,2,0,0,15,0.8
1573,12,1,2,0,0,15,0.8
1574,10,1,3,0,0,14,0.7142857142857143
1575,12,1,2,0,0,15,0.8
1576,11,1,2,0,0,14,0.7857142857142857
1577,13,1,2,0,0,16,0.8125
1578,13,1,2,0,0,16,0.8125
1579,12,1,2,0,0,15,0.8
1580,12,1,2,0,0,15,0.8
1581,12,1,2,0,0,15,0.8
1582,13,1,2,0,0,16,0.8125
1583,12,1,2,0,0,15,0.8
1584,13,1,2,0,0,16,0.8125
1585,11,1,2,0,0,14,0.7857142857142857
1586,14,1,2,0,0,17,0.8235294117647058
1587,12,1,2,0,0,15,0.8
1588,11,1,2,0,0,14,0.7857142857142857
1589,12,1,2,0,0,15,0.8
1590,12,1,2,0,0,15,0.8
1591,11,1,2,0,0,14,0.7857142857142857
1592,13,1,2,0,0,16,0.8125
1593,12,1,2,0,0,15,0.8
1594,12,1,2,0,0,15,0.8
1595,11,1,2,0,0,14,0.7857142857142857
1596,12,1,3,0,0,16,0.75
1597,13,1,3,0,0,17,0.7647058823529411
1598,11,1,2,0,0,14,0.7857142857142857
1599,14,1,3,0,0,18,0.7777777777777778
1600,12,1,2,0,0,15,0.8
1601,12,1,2,0,0,15,0.8
1602,11,1,2,0,0,14,0.7857142857142857
1603,13,1,2,0,0,16,0.8125
1604,12,1,2,0,0,15,0.8
1605,12,1,2,0,0,15,0.8
1606,12,1,2,0,0,15,0.8
1607,11,1,2,0,0,14,0.7857142857142857
1608,12,1,2,0,0,15,0.8
1609,12,1,2,0,0,15,0.8
1610,13,1,2,0,0,16,0.8125
1611,13,1,2,0,0,16,0.8125
1612,12,1,2,0,0,15,0.8
1613,13,1,2,0,0,16,0.8125
1614,11,1,2,0,0,14,0.7857142857142857
1615,12,1,2,0,0,15,0.8
1616,11,1,2,0,0,14,0.7857142857142857
1617,13,1,2,0,0,16,0.8125
1618,13,1,2,0,0,16,0.8125
1619,14,1,2,0,0,17,0.8235294117647058
1620,15,0,2,0,0,17,0.8823529411764706
1621,12,0,2,0,0,14,0.8571428571428571
1622,13,1,2,0,0,16,0.8125
1623,11,1,2,0,0,14,0.7857142857142857
1624,13,0,2,0,0,15,0.8666666666666667
1625,14,1,2,0,0,17,0.8235294117647058
1626,12,0,2,0,0,14,0.8571428571428571
1627,14,1,2,0,0,17,0.8235294117647058
1628,11,0,2,0,0,13,0.8461538461538461
1629,11,3,2,0,0,16,0.6875
1630,12,3,1,0,0,16,0.75
1631,13,3,1,0,0,17,0.7647058823529411
1632,11,3,1,0,0,15,0.7333333333333333
1633,13,3,3,0,0,19,0.6842105263157895
1634,14,3,2,0,0,19,0.7368421052631579
1635,12,3,2,0,0,17,0.7058823529411765
1636,12,3,2,0,0,17,0.7058823529411765
1637,10,3,2,0,0,15,0.6666666666666666
1638,10,3,1,0,0,14,0.7142857142857143
1639,12,3,2,0,0,17,0.7058823529411765
1640,12,3,2,0,0,17,0.7058823529411765
1641,12,3,2,0,0,17,0.7058823529411765
1642,11,3,1,0,0,15,0.7333333333333333
1643,13,3,1,0,0,17,0.7647058823529411
1644,12,3,2,0,0,17,0.7058823529411765
1645,11,3,1,0,0,15,0.7333333333333333
1646,10,3,1,0,0,14,0.7142857142857143
1647,11,3,2,0,0,16,0.6875
1648,15,3,1,0,0,19,0.7894736842105263
1649,12,3,2,0,0,17,0.7058823529411765
1650,11,3,2,0,0,16,0.6875
1651,9,3,2,0,0,14,0.6428571428571429
1652,11,3,2,0,0,16,0.6875
1653,12,3,1,0,0,16,0.75
1654,12,3,2,0,0,17,0.7058823529411765
1655,13,0,2,0,0,15,0.8666666666666667
1656,12,0,2,0,0,14,0.8571428571428571
1657,13,1,2,0,0,16,0.8125
1658,10,0,3,0,0,13,0.7692307692307693
1659,13,1,3,0,0,17,0.7647058823529411
1660,11,1,2,0,0,14,0.7857142857142857
1661,13,1,3,0,0,17,0.7647058823529411
1662,12,1,2,0,0,15,0.8
1663,11,1,2,0,0,14,0.7857142857142857
1664,10,1,2,0,0,13,0.7692307692307693
1665,11,1,2,0,0,14,0.7857142857142857
1666,12,0,2,0,0,14,0.8571428571428571
1667,12,1,2,0,0,15,0.8
1668,13,2,2,0,0,17,0.7647058823529411
1669,14,1,2,0,0,17,0.8235294117647058
1670,16,1,2,0,0,19,0.8421052631578947
1671,13,0,2,0,0,15,0.8666666666666667
1672,10,0,2,0,0,12,0.8333333333333334
1673,12,1,2,0,0,15,0.8
1674,12,1,2,0,0,15,0.8
1675,11,1,2,0,0,14,0.7857142857142857
1676,12,1,2,0,0,15,0.8
1677,11,1,2,0,0,14,0.7857142857142857
1678,11,1,2,0,0,14,0.7857142857142857
1679,14,0,2,0,0,16,0.875
1680,13,1,2,0,0,16,0.8125
1681,12,1,2,0,0,15,0.8
1682,12,1,2,0,0,15,0.8
1683,12,0,2,0,0,14,0.8571428571428571
1684,11,1,2,0,0,14,0.7857142857142857
1685,10,1,2,0,0,13,0.7692307692307693
1686,13,1,2,0,0,16,0.8125
1687,13,1,2,0,0,16,0.8125
1688,13,1,2,0,0,16,0.8125
1689,11,1,2,0,0,14,0.7857142857142857
1690,12,1,2,0,0,15,0.8
1691,12,1,2,0,0,15,0.8
1692,14,2,2,0,0,18,0.7777777777777778
1693,12,1,2,0,0,15,0.8
1694,11,2,3,0,0,16,0.6875
1695,13,1,2,0,0,16,0.8125
1696,14,1,2,0,0,17,0.8235294117647058
1697,11,1,2,0,0,14,0.7857142857142857
1698,13,2,2,0,0,17,0.7647058823529411
1699,10,1,3,0,0,14,0.7142857142857143
1700,10,1,3,0,0,14,0.7142857142857143
1701,13,1,3,0,0,17,0.7647058823529411
1702,12,1,3,0,0,16,0.75
1703,12,1,3,0,0,16,0.75
1704,12,1,2,0,0,15,0.8
1705,12,1,2,0,0,15,0.8
1706,14,3,2,0,0,19,0.7368421052631579
1707,15,1,1,0,0,17,0.8823529411764706
1708,12,1,2,0,0,15,0.8
1709,14,2,2,0,0,18,0.7777777777777778
1710,15,2,2,0,0,19,0.7894736842105263
1711,14,3,2,0,0,19,0.7368421052631579
1712,12,3,3,0,0,18,0.6666666666666666
1713,13,2,2,0,0,17,0.7647058823529411
1714,14,1,2,0,0,17,0.8235294117647058
1715,14,1,3,0,0,18,0.7777777777777778
1716,14,1,3,0,0,18,0.7777777777777778
1717,15,1,2,0,0,18,0.8333333333333334
1718,14,3,2,0,0,19,0.7368421052631579
1719,14,2,2,0,0,18,0.7777777777777778
1720,15,3,2,0,0,20,0.75
1721,13,0,3,0,0,16,0.8125
1722,14,1,3,0,0,18,0.7777777777777778
1723,15,1,2,0,0,18,0.8333333333333334
1724,14,3,2,0,0,19,0.7368421052631579
1725,15,2,3,0,0,20,0.75
1726,12,2,2,0,0,16,0.75
1727,13,2,2,0,0,17,0.7647058823529411
1728,13,3,2,0,0,18,0.7222222222222222
1729,12,1,2,0,0,15,0.8
1730,13,2,2,0,0,17,0.7647058823529411
1731,14,2,3,0,0,19,0.7368421052631579
1732,14,1,2,0,0,17,0.8235294117647058
1733,14,1,3,0,0,18,0.7777777777777778
1734,12,2,2,0,0,16,0.75
1735,14,3,3,0,0,20,0.7
1736,15,3,2,0,0,20,0.75
1737,13,2,2,0,0,17,0.7647058823529411
1738,13,2,2,0,0,17,0.7647058823529411
1739,15,2,2,0,0,19,0.7894736842105263
1740,11,1,2,0,0,14,0.7857142857142857
1741,14,2,3,0,0,19,0.7368421052631579
1742,12,2,2,0,0,16,0.75
1743,10,2,3,0,0,15,0.6666666666666666
1744,11,2,2,0,0,15,0.7333333333333333
1745,13,3,2,0,0,18,0.7222222222222222
1746,15,2,2,0,0,19,0.7894736842105263
1747,13,3,2,0,0,18,0.7222222222222222
1748,13,3,2,0,0,18,0.7222222222222222
1749,15,3,2,0,0,20,0.75
1750,14,2,2,0,0,18,0.7777777777777778
1751,14,2,2,0,0,18,0.7777777777777778
1752,12,1,2,0,0,15,0.8
1753,13,2,2,0,0,17,0.7647058823529411
1754,12,1,2,0,0,15,0.8
1755,16,2,2,0,0,20,0.8
1756,14,2,2,0,0,18,0.7777777777777778
1757,11,1,2,0,0,14,0.7857142857142857
1758,11,2,2,0,0,15,0.7333333333333333
1759,14,3,2,0,0,19,0.7368421052631579
1760,14,2,2,0,0,18,0.7777777777777778
1761,14,3,2,0,0,19,0.7368421052631579
1762,12,2,2,0,0,16,0.75
1763,12,3,2,0,0,17,0.7058823529411765
1764,15,3,1,0,0,19,0.7894736842105263
1765,13,2,2,0,0,17,0.7647058823529411
1766,14,1,2,0,0,17,0.8235294117647058
1767,14,1,3,0,0,18,0.7777777777777778
1768,11,2,3,0,0,16,0.6875
1769,14,1,2,0,0,17,0.8235294117647058
1770,15,1,2,0,0,18,0.8333333333333334
1771,12,1,2,0,0,15,0.8
1772,16,0,2,0,0,18,0.8888888888888888
1773,13,1,2,0,0,16,0.8125
1774,14,0,2,0,0,16,0.875
1775,14,1,2,0,0,17,0.8235294117647058
1776,13,0,2,0,0,15,0.8666666666666667
1777,12,1,2,0,0,15,0.8
1778,13,1,2,0,0,16,0.8125
1779,12,1,2,0,0,15,0.8
1780,13,1,2,0,0,16,0.8125
1781,14,1,2,0,0,17,0.8235294117647058
1782,11,1,2,0,0,14,0.7857142857142857
1783,13,1,2,0,0,16,0.8125
1784,12,1,2,0,0,15,0.8
1785,12,0,2,0,0,14,0.8571428571428571
1786,12,1,2,0,0,15,0.8
1787,12,1,2,0,0,15,0.8
1788,13,1,2,0,0,16,0.8125
1789,11,1,3,0,0,15,0.7333333333333333
1790,13,1,3,0,0,17,0.7647058823529411
1791,12,1,2,0,0,15,0.8
1792,13,1,2,0,0,16,0.8125
1793,12,0,2,0,0,14,0.8571428571428571
1794,12,1,2,0,0,15,0.8
1795,11,1,3,0,0,15,0.7333333333333333
1796,10,1,3,0,0,14,0.7142857142857143
1797,12,1,3,0,0,16,0.75
1798,14,1,3,0,0,18,0.7777777777777778
1799,13,1,2,0,0,16,0.8125
1800,14,1,3,0,0,18,0.7777777777777778
1801,14,2,2,0,0,18,0.7777777777777778
1802,13,1,3,0,0,17,0.7647058823529411
1803,10,1,3,0,0,14,0.7142857142857143
1804,13,2,2,0,0,17,0.7647058823529411
1805,10,1,2,0,0,13,0.7692307692307693
1806,12,1,2,0,0,15,0.8
1807,14,1,2,0,0,17,0.8235294117647058
1808,12,1,2,0,0,15,0.8
1809,13,1,2,0,0,16,0.8125
1810,12,1,2,0,0,15,0.8
1811,13,1,2,0,0,16,0.8125
1812,12,1,2,0,0,15,0.8
1813,10,1,2,0,0,13,0.7692307692307693
1814,12,2,2,0,0,16,0.75
1815,13,1,2,0,0,16,0.8125
1816,13,1,2,0,0,16,0.8125
1817,13,1,2,0,0,16,0.8125
1818,12,1,2,0,0,15,0.8
1819,13,1,2,0,0,16,0.8125
1820,12,1,2,0,0,15,0.8
1821,14,1,2,0,0,17,0.8235294117647058
1822,13,1,2,0,0,16,0.8125
1823,12,1,2,0,0,15,0.8
1824,13,1,2,0,0,16,0.8125
1825,12,1,2,0,0,15,0.8
1826,15,1,2,0,0,18,0.8333333333333334
1827,14,1,2,0,0,17,0.8235294117647058
1828,13,1,2,0,0,16,0.8125
1829,14,1,2,0,0,17,0.8235294117647058
1830,12,1,2,0,0,15,0.8
1831,14,1,2,0,0,17,0.8235294117647058
1832,15,1,2,0,0,18,0.8333333333333334
1833,16,1,2,0,0,19,0.8421052631578947
1834,13,2,2,0,0,17,0.7647058823529411
1835,14,1,2,0,0,17,0.8235294117647058
1836,12,1,2,0,0,15,0.8
1837,12,2,2,0,0,16,0.75
1838,15,1,3,0,0,19,0.7894736842105263
1839,14,1,2,0,0,17,0.8235294117647058
1840,13,1,2,0,0,16,0.8125
1841,12,1,2,0,0,15,0.8
1842,12,1,2,0,0,15,0.8
1843,11,1,2,0,0,14,0.7857142857142857
1844,12,1,2,0,0,15,0.8
1845,10,1,2,0,0,13,0.7692307692307693
1846,13,1,2,0,0,16,0.8125
1847,13,1,2,0,0,16,0.8125
1848,10,1,2,0,0,13,0.7692307692307693
1849,12,1,2,0,0,15,0.8
1850,11,1,3,0,0,15,0.7333333333333333
1851,11,1,2,0,0,14,0.7857142857142857
1852,13,1,2,0,0,16,0.8125
1853,14,1,2,0,0,17,0.8235294117647058
1854,12,1,2,0,0,15,0.8
1855,12,1,3,0,0,16,0.75
1856,12,1,2,0,0,15,0.8
1857,13,1,2,0,0,16,0.8125
1858,15,1,2,0,0,18,0.8333333333333334
1859,12,1,2,0,0,15,0.8
1860,14,1,2,0,0,17,0.8235294117647058
1861,13,1,2,0,0,16,0.8125
1862,14,1,2,0,0,17,0.8235294117647058
1863,10,1,2,0,0,13,0.7692307692307693
1864,10,1,2,0,0,13,0.7692307692307693
1865,12,1,2,0,0,15,0.8
1866,12,1,2,0,0,15,0.8
1867,13,1,3,0,0,17,0.7647058823529411
1868,14,1,2,0,0,17,0.8235294117647058
1869,13,1,3,0,0,17,0.7647058823529411
1870,14,1,2,0,0,17,0.8235294117647058
1871,13,1,2,0,0,16,0.8125
1872,14,1,2,0,0,17,0.8235294117647058
1873,13,1,2,0,0,16,0.8125
1874,14,1,2,0,0,17,0.8235294117647058
1875,13,1,2,0,0,16,0.8125
1876,13,1,2,0,0,16,0.8125
1877,11,1,3,0,0,15,0.7333333333333333
1878,13,1,2,0,0,16,0.8125
1879,15,1,2,0,0,18,0.8333333333333334
1880,13,1,2,0,0,16,0.8125
1881,12,2,2,0,0,16,0.75
1882,14,1,2,0,0,17,0.8235294117647058
1883,13,2,2,0,0,17,0.7647058823529411
1884,13,2,2,0,0,17,0.7647058823529411
1885,13,1,2,0,0,16,0.8125
1886,13,2,2,0,0,17,0.7647058823529411
1887,13,1,2,0,0,16,0.8125
1888,13,1,2,0,0,16,0.8125
1889,12,1,3,0,0,16,0.75
1890,13,1,2,0,0,16,0.8125
1891,13,1,2,0,0,16,0.8125
1892,12,1,2,0,0,15,0.8
1893,13,1,2,0,0,16,0.8125
1894,13,1,2,0,0,16,0.8125
1895,12,1,2,0,0,15,0.8
1896,15,1,2,0,0,18,0.8333333333333334
1897,11,0,2,0,0,13,0.8461538461538461
1898,11,1,2,0,0,14,0.7857142857142857
1899,14,1,2,0,0,17,0.8235294117647058
1900,15,0,2,0,0,17,0.8823529411764706
1901,12,1,2,0,0,15,0.8
1902,12,1,2,0,0,15,0.8
1903,11,1,2,0,0,14,0.7857142857142857
1904,13,1,2,0,0,16,0.8125
1905,13,1,2,0,0,16,0.8125
1906,12,2,2,0,0,16,0.75
1907,14,2,2,0,0,18,0.7777777777777778
1908,12,1,2,0,0,15,0.8
1909,13,1,2,0,0,16,0.8125
1910,12,1,2,0,0,15,0.8
1911,13,2,2,0,0,17,0.7647058823529411
1912,13,1,2,0,0,16,0.8125
1913,13,2,1,0,0,16,0.8125
1914,13,1,2,0,0,16,0.8125
1915,13,1,2,0,0,16,0.8125
1916,13,1,2,0,0,16,0.8125
1917,13,2,2,0,0,17,0.7647058823529411
1918,13,1,2,0,0,16,0.8125
1919,14,1,2,0,0,17,0.8235294117647058
1920,14,2,2,0,0,18,0.7777777777777778
1921,12,2,2,0,0,16,0.75
1922,14,2,2,0,0,18,0.7777777777777778
1923,14,1,2,0,0,17,0.8235294117647058
1924,12,1,2,0,0,15,0.8
1925,14,1,2,0,0,17,0.8235294117647058
1926,14,1,2,0,0,17,0.8235294117647058
1927,13,1,2,0,0,16,0.8125
1928,13,1,2,0,0,16,0.8125
1929,14,1,2,0,0,17,0.8235294117647058
1930,13,1,2,0,0,16,0.8125
1931,13,1,2,0,0,16,0.8125
1932,13,1,2,0,0,16,0.8125
1933,12,1,2,0,0,15,0.8
1934,13,1,2,0,0,16,0.8125
1935,12,1,2,0,0,15,0.8
1936,13,1,2,0,0,16,0.8125
1937,11,1,2,0,0,14,0.7857142857142857
1938,13,1,2,0,0,16,0.8125
1939,11,1,2,0,0,14,0.7857142857142857
1940,13,1,2,0,0,16,0.8125
1941,13,1,1,0,0,15,0.8666666666666667
1942,15,2,2,0,0,19,0.7894736842105263
1943,11,1,2,0,0,14,0.7857142857142857
1944,13,1,2,0,0,16,0.8125
1945,13,1,2,0,0,16,0.8125
1946,13,1,2,0,0,16,0.8125
1947,12,1,2,0,0,15,0.8
1948,13,1,2,0,0,16,0.8125
1949,13,1,2,0,0,16,0.8125
1950,12,1,2,0,0,15,0.8
1951,13,1,3,0,0,17,0.7647058823529411
1952,11,1,3,0,0,15,0.7333333333333333
1953,12,1,3,0,0,16,0.75
1954,11,1,2,0,0,14,0.7857142857142857
1955,13,1,2,0,0,16,0.8125
1956,12,1,2,0,0,15,0.8
1957,13,1,2,0,0,16,0.8125
1958,12,1,2,0,0,15,0.8
1959,11,1,2,0,0,14,0.7857142857142857
1960,12,1,2,0,0,15,0.8
1961,15,1,2,0,0,18,0.8333333333333334
1962,13,0,1,0,0,14,0.9285714285714286
1963,13,0,2,0,0,15,0.8666666666666667
1964,13,0,2,0,0,15,0.8666666666666667
1965,12,1,2,0,0,15,0.8
1966,13,1,2,0,0,16,0.8125
1967,13,1,2,0,0,16,0.8125
1968,13,1,2,0,0,16,0.8125
1969,11,1,2,0,0,14,0.7857142857142857
1970,12,1,2,0,0,15,0.8
1971,11,1,2,0,0,14,0.7857142857142857
1972,12,1,2,0,0,15,0.8
1973,12,1,2,0,0,15,0.8
1974,15,1,2,0,0,18,0.8333333333333334
1975,12,1,2,0,0,15,0.8
1976,12,1,2,0,0,15,0.8
1977,15,1,2,0,0,18,0.8333333333333334
1978,13,1,2,0,0,16,0.8125
1979,13,1,2,0,0,16,0.8125
1980,14,1,2,0,0,17,0.8235294117647058
1981,14,1,2,0,0,17,0.8235294117647058
1982,13,1,2,0,0,16,0.8125
1983,13,1,2,0,0,16,0.8125
1984,14,1,2,0,0,17,0.8235294117647058
1985,11,1,2,0,0,14,0.7857142857142857
1986,11,1,2,0,0,14,0.7857142857142857
1987,12,1,2,0,0,15,0.8
1988,12,1,2,0,0,15,0.8
1989,12,1,2,0,0,15,0.8
1990,12,1,2,0,0,15,0.8
1991,12,1,2,0,0,15,0.8
1992,13,1,3,0,0,17,0.7647058823529411
1993,11,1,2,0,0,14,0.7857142857142857
1994,14,1,2,0,0,17,0.8235294117647058
1995,13,1,2,0,0,16,0.8125
1996,13,1,2,0,0,16,0.8125
1997,13,1,2,0,0,16,0.8125
1998,14,2,2,0,0,18,0.7777777777777778
1999,12,2,2,0,0,16,0.75
2000,14,1,2,0,0,17,0.8235294117647058
2001,14,2,2,0,0,18,0.7777777777777778
2002,13,1,2,0,0,16,0.8125
2003,12,1,2,0,0,15,0.8
2004,15,0,2,0,0,17,0.8823529411764706
2005,13,1,4,0,0,18,0.7222222222222222
2006,13,1,3,0,0,17,0.7647058823529411
2007,13,1,2,0,0,16,0.8125
2008,12,1,2,0,0,15,0.8
2009,12,0,2,0,0,14,0.8571428571428571
2010,15,1,3,0,0,19,0.7894736842105263
2011,13,1,2,0,0,16,0.8125
2012,12,1,2,0,0,15,0.8
2013,13,1,2,0,0,16,0.8125
2014,13,1,2,0,0,16,0.8125
2015,13,1,2,0,0,16,0.8125
2016,11,1,2,0,0,14,0.7857142857142857
2017,12,1,2,0,0,15,0.8
2018,13,1,2,0,0,16,0.8125
2019,13,1,2,0,0,16,0.8125
2020,13,1,2,0,0,16,0.8125
2021,11,1,1,0,0,13,0.8461538461538461
2022,12,1,2,0,0,15,0.8
2023,13,1,2,0,0,16,0.8125
2024,13,1,2,0,0,16,0.8125
2025,12,1,1,0,0,14,0.8571428571428571
2026,13,1,2,0,0,16,0.8125
2027,13,1,2,0,0,16,0.8125
2028,14,1,2,0,0,17,0.8235294117647058
2029,12,1,2,0,0,15,0.8
2030,12,1,2,0,0,15,0.8
2031,13,1,2,0,0,16,0.8125
2032,13,1,2,0,0,16,0.8125
2033,13,1,2,0,0,16,0.8125
2034,12,1,2,0,0,15,0.8
2035,10,1,2,0,0,13,0.7692307692307693
2036,12,1,2,0,0,15,0.8
2037,12,1,2,0,0,15,0.8
2038,12,1,2,0,0,15,0.8
2039,11,1,2,0,0,14,0.7857142857142857
2040,13,1,2,0,0,16,0.8125
2041,14,1,2,0,0,17,0.8235294117647058
2042,11,1,2,0,0,14,0.7857142857142857
2043,10,1,3,0,0,14,0.7142857142857143
2044,12,1,2,0,0,15,0.8
2045,12,1,2,0,0,15,0.8
2046,12,1,2,0,0,15,0.8
2047,13,1,2,0,0,16,0.8125
2048,12,1,2,0,0,15,0.8
2049,13,1,2,0,0,16,0.8125
2050,13,1,2,0,0,16,0.8125
2051,12,1,2,0,0,15,0.8
2052,10,1,2,0,0,13,0.7692307692307693
2053,12,1,2,0,0,15,0.8
2054,12,1,2,0,0,15,0.8
2055,12,1,2,0,0,15,0.8
2056,12,1,2,0,0,15,0.8
2057,12,1,2,0,0,15,0.8
2058,12,1,2,0,0,15,0.8
2059,12,1,2,0,0,15,0.8
2060,10,1,2,0,0,13,0.7692307692307693
2061,12,1,2,0,0,15,0.8
2062,11,1,2,0,0,14,0.7857142857142857
2063,13,1,2,0,0,16,0.8125
2064,12,1,2,0,0,15,0.8
2065,12,1,2,0,0,15,0.8
2066,12,1,2,0,0,15,0.8
2067,13,1,2,0,0,16,0.8125
2068,13,0,2,0,0,15,0.8666666666666667
2069,13,1,2,0,0,16,0.8125
2070,12,1,2,0,0,15,0.8
2071,12,1,2,0,0,15,0.8
2072,11,1,2,0,0,14,0.7857142857142857
2073,11,0,2,0,0,13,0.8461538461538461
2074,11,1,2,0,0,14,0.7857142857142857
2075,12,1,2,0,0,15,0.8
2076,13,1,2,0,0,16,0.8125
2077,13,1,2,0,0,16,0.8125
2078,13,1,2,0,0,16,0.8125
2079,12,1,2,0,0,15,0.8
2080,11,1,2,0,0,14,0.7857142857142857
2081,13,1,2,0,0,16,0.8125
2082,11,1,3,0,0,15,0.7333333333333333
2083,12,1,2,0,0,15,0.8
2084,13,1,2,0,0,16,0.8125
2085,12,1,3,0,0,16,0.75
2086,12,1,3,0,0,16,0.75
2087,13,1,2,0,0,16,0.8125
2088,11,1,2,0,0,14,0.7857142857142857
2089,13,1,2,0,0,16,0.8125
2090,13,1,2,0,0,16,0.8125
2091,12,1,2,0,0,15,0.8
2092,13,1,2,0,0,16,0.8125
2093,12,1,2,0,0,15,0.8
2094,11,1,2,0,0,14,0.7857142857142857
2095,11,1,2,0,0,14,0.7857142857142857
2096,11,1,2,0,0,14,0.7857142857142857
2097,14,1,2,0,0,17,0.8235294117647058
2098,12,1,2,0,0,15,0.8
2099,12,1,3,0,0,16,0.75
2100,13,1,2,0,0,16,0.8125
2101,12,1,2,0,0,15,0.8
2102,12,0,2,0,0,14,0.8571428571428571
2103,10,1,2,0,0,13,0.7692307692307693
2104,13,1,3,0,0,17,0.7647058823529411
2105,10,1,3,0,0,14,0.7142857142857143
2106,10,1,2,0,0,13,0.7692307692307693
2107,11,1,3,0,0,15,0.7333333333333333
2108,11,1,2,0,0,14,0.7857142857142857
2109,12,1,2,0,0,15,0.8
2110,13,1,2,0,0,16,0.8125
2111,11,1,3,0,0,15,0.7333333333333333
2112,10,1,2,0,0,13,0.7692307692307693
2113,13,1,2,0,0,16,0.8125
2114,11,1,2,0,0,14,0.7857142857142857
2115,12,1,2,0,0,15,0.8
2116,10,1,2,0,0,13,0.7692307692307693
2117,14,1,2,0,0,17,0.8235294117647058
2118,12,1,2,0,0,15,0.8
2119,12,1,2,0,0,15,0.8
2120,11,1,3,0,0,15,0.7333333333333333
2121,12,1,2,0,0,15,0.8
2122,11,1,2,0,0,14,0.7857142857142857
2123,11,1,2,0,0,14,0.7857142857142857
2124,11,1,3,0,0,15,0.7333333333333333
2125,13,1,2,0,0,16,0.8125
2126,12,1,2,0,0,15,0.8
2127,12,1,2,0,0,15,0.8
2128,13,1,1,0,0,15,0.8666666666666667
2129,12,0,1,0,0,13,0.9230769230769231
2130,12,1,1,0,0,14,0.8571428571428571
2131,12,1,1,0,0,14,0.8571428571428571
2132,12,1,2,0,0,15,0.8
2133,13,1,2,0,0,16,0.8125
2134,11,1,2,0,0,14,0.7857142857142857
2135,11,1,2,0,0,14,0.7857142857142857
2136,11,1,3,0,0,15,0.7333333333333333
2137,13,1,3,0,0,17,0.7647058823529411
2138,11,1,2,0,0,14,0.7857142857142857
2139,11,1,2,0,0,14,0.7857142857142857
2140,12,1,2,0,0,15,0.8
2141,13,1,2,0,0,16,0.8125
2142,11,1,2,0,0,14,0.7857142857142857
2143,12,2,2,0,0,16,0.75
2144,12,1,2,0,0,15,0.8
2145,12,1,2,0,0,15,0.8
2146,10,1,2,0,0,13,0.7692307692307693
2147,12,1,2,0,0,15,0.8
2148,11,1,2,0,0,14,0.7857142857142857
2149,11,1,2,0,0,14,0.7857142857142857
2150,10,1,2,0,0,13,0.7692307692307693
2151,12,1,2,0,0,15,0.8
2152,11,1,2,0,0,14,0.7857142857142857
2153,11,1,2,0,0,14,0.7857142857142857
2154,11,1,2,0,0,14,0.7857142857142857
2155,13,1,2,0,0,16,0.8125
2156,11,1,2,0,0,14,0.7857142857142857
2157,11,1,2,0,0,14,0.7857142857142857
2158,12,1,2,0,0,15,0.8
2159,13,2,2,0,0,17,0.7647058823529411
2160,11,1,2,0,0,14,0.7857142857142857
2161,14,1,2,0,0,17,0.8235294117647058
2162,13,1,2,0,0,16,0.8125
2163,12,1,2,0,0,15,0.8
2164,11,1,2,0,0,14,0.7857142857142857
2165,12,2,2,0,0,16,0.75
2166,12,1,2,0,0,15,0.8
2167,12,1,2,0,0,15,0.8
2168,14,2,2,0,0,18,0.7777777777777778
2169,11,1,2,0,0,14,0.7857142857142857
2170,11,1,3,0,0,15,0.7333333333333333
2171,12,1,3,0,0,16,0.75
2172,10,1,2,0,0,13,0.7692307692307693
2173,12,1,2,0,0,15,0.8
2174,12,1,2,0,0,15,0.8
2175,12,1,2,0,0,15,0.8
2176,13,2,2,0,0,17,0.7647058823529411
2177,11,1,2,0,0,14,0.7857142857142857
2178,13,1,2,0,0,16,0.8125
2179,14,1,2,0,0,17,0.8235294117647058
2180,13,1,2,0,0,16,0.8125
2181,13,1,2,0,0,16,0.8125
2182,12,1,2,0,0,15,0.8
2183,13,1,2,0,0,16,0.8125
2184,13,1,2,0,0,16,0.8125
2185,12,1,2,0,0,15,0.8
2186,12,0,2,0,0,14,0.8571428571428571
2187,11,2,2,0,0,15,0.7333333333333333
2188,12,1,3,0,0,16,0.75
2189,12,1,2,0,0,15,0.8
2190,13,1,3,0,0,17,0.7647058823529411
2191,13,1,2,0,0,16,0.8125
2192,11,1,2,0,0,14,0.7857142857142857
2193,12,1,2,0,0,15,0.8
2194,10,1,2,0,0,13,0.7692307692307693
2195,10,1,2,0,0,13,0.7692307692307693
2196,11,1,2,0,0,14,0.7857142857142857
2197,10,1,2,0,0,13,0.7692307692307693
2198,12,1,2,0,0,15,0.8
2199,10,1,2,0,0,13,0.7692307692307693
2200,12,1,2,0,0,15,0.8
2201,11,1,2,0,0,14,0.7857142857142857
2202,12,1,2,0,0,15,0.8
2203,10,1,2,0,0,13,0.7692307692307693
2204,12,1,2,0,0,15,0.8
2205,12,1,3,0,0,16,0.75
2206,12,1,2,0,0,15,0.8
2207,13,1,2,0,0,16,0.8125
2208,11,1,2,0,0,14,0.7857142857142857
2209,13,1,2,0,0,16,0.8125
2210,12,1,2,0,0,15,0.8
2211,14,1,2,0,0,17,0.8235294117647058
2212,11,1,2,0,0,14,0.7857142857142857
2213,11,1,2,0,0,14,0.7857142857142857
2214,11,1,2,0,0,14,0.7857142857142857
2215,13,1,2,0,0,16,0.8125
2216,12,1,2,0,0,15,0.8
2217,11,0,2,0,0,13,0.8461538461538461
2218,13,1,3,0,0,17,0.7647058823529411
2219,12,1,2,0,0,15,0.8
2220,12,1,2,0,0,15,0.8
2221,12,1,2,0,0,15,0.8
2222,12,1,2,0,0,15,0.8
2223,9,1,2,0,0,12,0.75
2224,13,1,2,0,0,16,0.8125
2225,13,2,2,0,0,17,0.7647058823529411
2226,12,1,2,0,0,15,0.8
2227,11,1,2,0,0,14,0.7857142857142857
2228,12,1,2,0,0,15,0.8
2229,12,1,2,0,0,15,0.8
2230,11,1,2,0,0,14,0.7857142857142857
2231,11,0,2,0,0,13,0.8461538461538461
2232,12,1,2,0,0,15,0.8
2233,13,1,2,0,0,16,0.8125
2234,12,0,3,0,0,15,0.8
2235,11,1,2,0,0,14,0.7857142857142857
2236,12,1,3,0,0,16,0.75
2237,13,2,3,0,0,18,0.7222222222222222
2238,12,1,2,0,0,15,0.8
2239,12,1,2,0,0,15,0.8
2240,12,1,2,0,0,15,0.8
2241,12,1,3,0,0,16,0.75
2242,13,1,2,0,0,16,0.8125
2243,11,1,2,0,0,14,0.7857142857142857
2244,12,1,2,0,0,15,0.8
2245,12,1,2,0,0,15,0.8
2246,12,1,2,0,0,15,0.8
2247,11,1,2,0,0,14,0.7857142857142857
2248,12,1,2,0,0,15,0.8
2249,13,1,2,0,0,16,0.8125
2250,12,1,2,0,0,15,0.8
2251,12,1,2,0,0,15,0.8
2252,13,0,2,0,0,15,0.8666666666666667
2253,12,1,2,0,0,15,0.8
2254,11,1,3,0,0,15,0.7333333333333333
2255,11,1,3,0,0,15,0.7333333333333333
2256,12,1,3,0,0,16,0.75
2257,10,0,2,0,0,12,0.8333333333333334
2258,12,1,3,0,0,16,0.75
2259,12,1,3,0,0,16,0.75
2260,12,1,2,0,0,15,0.8
2261,12,0,2,0,0,14,0.8571428571428571
2262,13,1,2,0,0,16,0.8125
2263,12,1,3,0,0,16,0.75
2264,11,1,2,0,0,14,0.7857142857142857
2265,13,1,2,0,0,16,0.8125
2266,12,1,2,0,0,15,0.8
2267,12,1,2,0,0,15,0.8
2268,10,1,2,0,0,13,0.7692307692307693
2269,13,2,2,0,0,17,0.7647058823529411
2270,11,2,2,0,0,15,0.7333333333333333
2271,10,2,2,0,0,14,0.7142857142857143
2272,14,2,2,0,0,18,0.7777777777777778
2273,10,1,2,0,0,13,0.7692307692307693
2274,15,1,2,0,0,18,0.8333333333333334
2275,13,1,2,0,0,16,0.8125
2276,12,2,2,0,0,16,0.75
2277,12,1,2,0,0,15,0.8
2278,13,1,2,0,0,16,0.8125
2279,14,1,2,0,0,17,0.8235294117647058
2280,13,1,2,0,0,16,0.8125
2281,11,1,2,0,0,14,0.7857142857142857
2282,12,1,2,0,0,15,0.8
2283,11,1,3,0,0,15,0.7333333333333333
2284,12,1,2,0,0,15,0.8
2285,12,1,2,0,0,15,0.8
2286,10,1,2,0,0,13,0.7692307692307693
2287,12,1,3,0,0,16,0.75
2288,12,1,2,0,0,15,0.8
2289,13,1,2,0,0,16,0.8125
2290,11,1,2,0,0,14,0.7857142857142857
2291,10,1,2,0,0,13,0.7692307692307693
2292,11,1,2,0,0,14,0.7857142857142857
2293,11,1,2,0,0,14,0.7857142857142857
2294,13,0,2,0,0,15,0.8666666666666667
2295,9,1,3,0,0,13,0.6923076923076923
2296,13,0,3,0,0,16,0.8125
2297,11,1,3,0,0,15,0.7333333333333333
2298,11,1,1,0,0,13,0.8461538461538461
2299,12,1,3,0,0,16,0.75
2300,13,1,2,0,0,16,0.8125
2301,12,1,2,0,0,15,0.8
2302,11,1,2,0,0,14,0.7857142857142857
2303,12,1,2,0,0,15,0.8
2304,10,1,2,0,0,13,0.7692307692307693
2305,11,1,2,0,0,14,0.7857142857142857
2306,12,1,2,0,0,15,0.8
2307,13,1,2,0,0,16,0.8125
2308,13,1,2,0,0,16,0.8125
2309,12,1,2,0,0,15,0.8
2310,10,1,2,0,0,13,0.7692307692307693
2311,11,1,2,0,0,14,0.7857142857142857
2312,12,1,2,0,0,15,0.8
2313,12,1,1,0,0,14,0.8571428571428571
2314,11,1,3,0,0,15,0.7333333333333333
2315,12,1,3,0,0,16,0.75
2316,12,1,1,0,0,14,0.8571428571428571
2317,12,1,2,0,0,15,0.8
2318,12,1,2,0,0,15,0.8
2319,12,1,2,0,0,15,0.8
2320,11,1,2,0,0,14,0.7857142857142857
2321,11,1,2,0,0,14,0.7857142857142857
2322,12,1,2,0,0,15,0.8
2323,12,1,2,0,0,15,0.8
2324,12,1,2,0,0,15,0.8
2325,11,1,2,0,0,14,0.7857142857142857
2326,13,1,2,0,0,16,0.8125
2327,12,1,2,0,0,15,0.8
2328,12,1,3,0,0,16,0.75
2329,10,1,2,0,0,13,0.7692307692307693
2330,11,1,2,0,0,14,0.7857142857142857
2331,11,1,2,0,0,14,0.7857142857142857
2332,12,1,2,0,0,15,0.8
2333,11,1,2,0,0,14,0.7857142857142857
2334,11,1,2,0,0,14,0.7857142857142857
2335,12,1,3,0,0,16,0.75
2336,12,1,2,0,0,15,0.8
2337,12,1,2,0,0,15,0.8
2338,13,1,2,0,0,16,0.8125
2339,10,1,2,0,0,13,0.7692307692307693
2340,12,1,2,0,0,15,0.8
2341,13,1,2,0,0,16,0.8125
2342,14,1,2,0,0,17,0.8235294117647058
2343,13,1,2,0,0,16,0.8125
2344,11,1,2,0,0,14,0.7857142857142857
2345,11,1,2,0,0,14,0.7857142857142857
2346,12,1,2,0,0,15,0.8
2347,12,1,2,0,0,15,0.8
2348,12,0,2,0,0,14,0.8571428571428571
2349,13,1,2,0,0,16,0.8125
2350,12,1,2,0,0,15,0.8
2351,12,1,2,0,0,15,0.8
2352,12,1,2,0,0,15,0.8
2353,11,1,2,0,0,14,0.7857142857142857
2354,12,1,2,0,0,15,0.8
2355,12,1,2,0,0,15,0.8
2356,14,1,2,0,0,17,0.8235294117647058
2357,13,1,2,0,0,16,0.8125
2358,12,1,2,0,0,15,0.8
2359,13,1,3,0,0,17,0.7647058823529411
2360,13,1,2,0,0,16,0.8125
2361,14,1,2,0,0,17,0.8235294117647058
2362,12,1,2,0,0,15,0.8
2363,13,1,2,0,0,16,0.8125
2364,12,1,2,0,0,15,0.8
2365,11,1,3,0,0,15,0.7333333333333333
2366,12,1,3,1,0,17,0.7058823529411765
2367,13,1,2,0,0,16,0.8125
2368,12,1,2,0,0,15,0.8
2369,13,1,2,0,0,16,0.8125
2370,13,1,2,0,0,16,0.8125
2371,10,1,2,1,0,14,0.7142857142857143
2372,12,1,2,0,0,15,0.8
2373,13,1,2,1,0,17,0.7647058823529411
2374,12,1,2,0,0,15,0.8
2375,12,1,3,0,0,16,0.75
2376,12,1,2,1,0,16,0.75
2377,12,1,3,0,0,16,0.75
2378,13,1,2,0,0,16,0.8125
2379,11,1,2,0,0,14,0.7857142857142857
2380,12,1,3,1,0,17,0.7058823529411765
2381,12,1,2,0,0,15,0.8
2382,12,1,1,0,0,14,0.8571428571428571
2383,12,1,3,0,0,16,0.75
2384,13,1,3,0,0,17,0.7647058823529411
2385,10,0,3,0,0,13,0.7692307692307693
2386,11,1,2,0,0,14,0.7857142857142857
2387,13,1,2,1,0,17,0.7647058823529411
2388,11,1,2,0,0,14,0.7857142857142857
2389,11,0,3,0,0,14,0.7857142857142857
2390,14,1,2,0,0,17,0.8235294117647058
2391,14,1,2,0,0,17,0.8235294117647058
2392,13,1,2,0,0,16,0.8125
2393,15,0,2,0,0,17,0.8823529411764706
2394,14,1,2,0,0,17,0.8235294117647058
2395,12,1,2,0,0,15,0.8
2396,14,0,2,0,0,16,0.875
2397,16,1,2,0,0,19,0.8421052631578947
2398,14,1,2,0,0,17,0.8235294117647058
2399,16,1,2,0,0,19,0.8421052631578947
2400,14,1,2,0,0,17,0.8235294117647058
2401,13,0,2,0,0,15,0.8666666666666667
2402,12,0,2,0,0,14,0.8571428571428571
2403,14,1,2,0,0,17,0.8235294117647058
2404,13,1,2,0,0,16,0.8125
2405,15,1,2,0,0,18,0.8333333333333334
2406,12,1,2,0,0,15,0.8
2407,15,1,2,0,0,18,0.8333333333333334
2408,15,1,2,0,0,18,0.8333333333333334
2409,15,0,2,0,0,17,0.8823529411764706
2410,11,1,2,0,0,14,0.7857142857142857
2411,13,1,2,0,0,16,0.8125
2412,14,1,2,0,0,17,0.8235294117647058
2413,14,1,2,0,0,17,0.8235294117647058
2414,14,1,2,0,0,17,0.8235294117647058
2415,11,1,2,0,0,14,0.7857142857142857
2416,11,1,2,0,0,14,0.7857142857142857
2417,13,1,2,0,0,16,0.8125
2418,14,1,2,0,0,17,0.8235294117647058
2419,14,1,2,0,0,17,0.8235294117647058
2420,14,1,2,0,0,17,0.8235294117647058
2421,15,1,2,0,0,18,0.8333333333333334
2422,16,1,2,0,0,19,0.8421052631578947
2423,14,1,2,0,0,17,0.8235294117647058
2424,13,0,2,0,0,15,0.8666666666666667
2425,12,1,2,0,0,15,0.8
2426,12,1,2,0,0,15,0.8
2427,12,1,2,0,0,15,0.8
2428,12,0,2,0,0,14,0.8571428571428571
2429,16,1,2,0,0,19,0.8421052631578947
2430,12,1,2,0,0,15,0.8
2431,13,1,2,0,0,16,0.8125
2432,14,1,2,0,0,17,0.8235294117647058
2433,13,1,2,0,0,16,0.8125
2434,13,1,2,0,0,16,0.8125
2435,12,1,2,0,0,15,0.8
2436,11,1,2,0,0,14,0.7857142857142857
2437,11,1,3,0,0,15,0.7333333333333333
2438,14,1,3,0,0,18,0.7777777777777778
2439,12,0,3,0,0,15,0.8
2440,14,1,2,0,0,17,0.8235294117647058
2441,13,0,2,0,0,15,0.8666666666666667
2442,12,1,2,0,0,15,0.8
2443,13,1,2,0,0,16,0.8125
2444,13,1,2,0,0,16,0.8125
2445,14,1,2,0,0,17,0.8235294117647058
2446,12,1,2,0,0,15,0.8
2447,13,1,3,0,0,17,0.7647058823529411
2448,13,1,3,0,0,17,0.7647058823529411
2449,12,1,3,0,0,16,0.75
2450,12,1,3,0,0,16,0.75
2451,11,1,3,0,0,15,0.7333333333333333
2452,11,1,3,0,0,15,0.7333333333333333
2453,10,1,2,0,0,13,0.7692307692307693
2454,12,1,2,0,0,15,0.8
2455,13,1,3,0,0,17,0.7647058823529411
2456,14,1,2,0,0,17,0.8235294117647058
2457,11,1,3,0,0,15,0.7333333333333333
2458,11,1,3,0,0,15,0.7333333333333333
2459,13,1,2,0,0,16,0.8125
2460,14,1,2,0,0,17,0.8235294117647058
2461,13,1,2,0,0,16,0.8125
2462,11,1,2,0,0,14,0.7857142857142857
2463,13,1,2,0,0,16,0.8125
2464,13,1,2,0,0,16,0.8125
2465,12,1,3,0,0,16,0.75
2466,12,1,2,0,0,15,0.8
2467,14,1,2,0,0,17,0.8235294117647058
2468,13,1,2,0,0,16,0.8125
2469,13,1,2,0,0,16,0.8125
2470,12,1,2,0,0,15,0.8
2471,14,1,2,0,0,17,0.8235294117647058
2472,12,0,2,0,0,14,0.8571428571428571
2473,14,1,2,0,0,17,0.8235294117647058
2474,14,1,2,0,0,17,0.8235294117647058
2475,15,1,2,0,0,18,0.8333333333333334
2476,13,1,2,0,0,16,0.8125
2477,14,1,2,0,0,17,0.8235294117647058
2478,13,1,2,0,0,16,0.8125
2479,11,0,2,0,0,13,0.8461538461538461
2480,13,1,2,0,0,16,0.8125
2481,13,1,2,0,0,16,0.8125
2482,13,1,2,0,0,16,0.8125
2483,13,1,2,0,0,16,0.8125
2484,12,0,2,0,0,14,0.8571428571428571
2485,14,0,2,0,0,16,0.875
2486,14,1,2,0,0,17,0.8235294117647058
2487,14,1,2,0,0,17,0.8235294117647058
2488,13,1,2,0,0,16,0.8125
2489,10,1,2,0,0,13,0.7692307692307693
2490,14,1,2,0,0,17,0.8235294117647058
2491,12,0,2,0,0,14,0.8571428571428571
2492,14,0,3,0,0,17,0.8235294117647058
2493,14,1,2,0,0,17,0.8235294117647058
2494,14,1,2,0,0,17,0.8235294117647058
2495,12,1,2,0,0,15,0.8
2496,12,1,1,0,0,14,0.8571428571428571
2497,13,1,2,0,0,16,0.8125
2498,14,1,2,0,0,17,0.8235294117647058
2499,14,1,2,0,0,17,0.8235294117647058
2500,13,1,2,0,0,16,0.8125
2501,12,2,2,0,0,16,0.75
2502,11,1,2,0,0,14,0.7857142857142857
2503,10,1,3,0,0,14,0.7142857142857143
2504,12,1,2,0,0,15,0.8
2505,12,1,2,0,0,15,0.8
2506,11,2,2,0,0,15,0.7333333333333333
2507,10,0,2,0,0,12,0.8333333333333334
2508,11,0,3,0,0,14,0.7857142857142857
2509,14,2,1,0,0,17,0.8235294117647058
2510,12,1,1,0,0,14,0.8571428571428571
2511,15,1,2,0,0,18,0.8333333333333334
2512,14,1,2,0,0,17,0.8235294117647058
2513,14,1,2,0,0,17,0.8235294117647058
2514,14,1,2,0,0,17,0.8235294117647058
2515,12,1,2,0,0,15,0.8
2516,15,1,2,0,0,18,0.8333333333333334
2517,13,1,3,0,0,17,0.7647058823529411
2518,13,1,2,0,0,16,0.8125
2519,13,1,2,0,0,16,0.8125
2520,10,1,2,0,0,13,0.7692307692307693
2521,12,1,2,0,0,15,0.8
2522,12,1,2,0,0,15,0.8
2523,11,1,2,0,0,14,0.7857142857142857
2524,13,1,2,0,0,16,0.8125
2525,13,1,2,0,0,16,0.8125
2526,13,1,2,0,0,16,0.8125
2527,12,1,2,0,0,15,0.8
2528,12,1,2,0,0,15,0.8
2529,12,1,2,0,0,15,0.8
2530,11,2,2,0,0,15,0.7333333333333333
2531,12,1,2,0,0,15,0.8
2532,14,1,2,0,0,17,0.8235294117647058
2533,14,1,2,0,0,17,0.8235294117647058
2534,12,1,2,0,0,15,0.8
2535,13,2,2,0,0,17,0.7647058823529411
2536,11,1,2,0,0,14,0.7857142857142857
2537,13,2,1,0,0,16,0.8125
2538,12,2,1,0,0,15,0.8
2539,13,2,2,0,0,17,0.7647058823529411
2540,13,1,2,0,0,16,0.8125
2541,12,2,2,0,0,16,0.75
2542,12,2,3,0,0,17,0.7058823529411765
2543,15,2,2,0,0,19,0.7894736842105263
2544,13,2,2,0,0,17,0.7647058823529411
2545,15,2,2,0,0,19,0.7894736842105263
2546,14,2,2,0,0,18,0.7777777777777778
2547,13,2,2,0,0,17,0.7647058823529411
2548,13,2,2,0,0,17,0.7647058823529411
2549,12,1,2,0,0,15,0.8
2550,14,2,2,0,0,18,0.7777777777777778
2551,13,2,2,0,0,17,0.7647058823529411
2552,14,2,2,0,0,18,0.7777777777777778
2553,13,2,2,0,0,17,0.7647058823529411
2554,13,2,2,0,0,17,0.7647058823529411
2555,14,2,2,0,0,18,0.7777777777777778
2556,14,2,2,0,0,18,0.7777777777777778
2557,15,2,2,0,0,19,0.7894736842105263
2558,14,2,2,0,0,18,0.7777777777777778
2559,15,2,2,0,0,19,0.7894736842105263
2560,14,2,2,0,0,18,0.7777777777777778
2561,13,2,1,0,0,16,0.8125
2562,12,2,2,0,0,16,0.75
2563,14,2,2,0,0,18,0.7777777777777778
2564,14,2,2,0,0,18,0.7777777777777778
2565,13,2,2,0,0,17,0.7647058823529411
2566,13,2,2,0,0,17,0.7647058823529411
2567,15,2,1,0,0,18,0.8333333333333334
2568,10,2,2,0,0,14,0.7142857142857143
2569,13,2,2,0,0,17,0.7647058823529411
2570,14,2,2,0,0,18,0.7777777777777778
2571,13,2,1,0,0,16,0.8125
2572,15,2,1,0,0,18,0.8333333333333334
2573,14,2,2,0,0,18,0.7777777777777778
2574,12,2,2,0,0,16,0.75
2575,11,2,1,0,0,14,0.7857142857142857
2576,12,2,2,0,0,16,0.75
2577,11,2,2,0,0,15,0.7333333333333333
2578,14,2,1,0,0,17,0.8235294117647058
2579,12,2,2,0,0,16,0.75
2580,12,2,2,0,0,16,0.75
2581,12,2,2,0,0,16,0.75
2582,12,2,2,0,0,16,0.75
2583,12,2,1,0,0,15,0.8
2584,13,2,2,0,0,17,0.7647058823529411
2585,14,2,2,0,0,18,0.7777777777777778
2586,13,2,2,0,0,17,0.7647058823529411
2587,12,2,2,0,0,16,0.75
2588,13,2,2,0,0,17,0.7647058823529411
2589,14,2,2,0,0,18,0.7777777777777778
2590,13,2,2,0,0,17,0.7647058823529411
2591,14,2,2,0,0,18,0.7777777777777778
2592,14,2,2,0,0,18,0.7777777777777778
2593,12,2,2,0,0,16,0.75
2594,11,2,2,0,0,15,0.7333333333333333
2595,12,2,2,0,0,16,0.75
2596,12,2,2,0,0,16,0.75
2597,12,2,2,0,0,16,0.75
2598,11,1,2,0,0,14,0.7857142857142857
2599,13,2,2,0,0,17,0.7647058823529411
2600,11,2,2,0,0,15,0.7333333333333333
2601,13,2,2,0,0,17,0.7647058823529411
2602,12,2,3,0,0,17,0.7058823529411765
2603,11,2,1,0,0,14,0.7857142857142857
2604,12,2,2,0,0,16,0.75
2605,13,2,1,0,0,16,0.8125
2606,12,2,2,0,0,16,0.75
2607,11,2,2,0,0,15,0.7333333333333333
2608,15,2,2,0,0,19,0.7894736842105263
2609,14,2,2,0,0,18,0.7777777777777778
2610,14,2,2,0,0,18,0.7777777777777778
2611,12,2,2,0,0,16,0.75
2612,15,2,2,0,0,19,0.7894736842105263
2613,15,2,2,0,0,19,0.7894736842105263
2614,14,2,2,0,0,18,0.7777777777777778
2615,12,1,2,0,0,15,0.8
2616,16,2,2,0,0,20,0.8
2617,14,2,2,0,0,18,0.7777777777777778
2618,14,2,2,0,0,18,0.7777777777777778
2619,13,2,2,0,0,17,0.7647058823529411
2620,14,2,2,0,0,18,0.7777777777777778
2621,14,2,2,0,0,18,0.7777777777777778
2622,14,2,1,0,0,17,0.8235294117647058
2623,14,2,2,0,0,18,0.7777777777777778
2624,14,2,2,0,0,18,0.7777777777777778
2625,14,2,2,0,0,18,0.7777777777777778
2626,14,2,2,0,0,18,0.7777777777777778
2627,12,2,2,0,0,16,0.75
2628,14,2,2,0,0,18,0.7777777777777778
2629,13,2,2,0,0,17,0.7647058823529411
2630,12,2,2,0,0,16,0.75
2631,11,2,2,0,0,15,0.7333333333333333
2632,12,2,2,0,0,16,0.75
2633,12,2,2,0,0,16,0.75
2634,13,2,2,0,0,17,0.7647058823529411
2635,12,2,2,0,0,16,0.75
2636,14,2,2,0,0,18,0.7777777777777778
2637,12,2,2,0,0,16,0.75
2638,13,2,2,0,0,17,0.7647058823529411
2639,13,2,2,0,0,17,0.7647058823529411
2640,12,2,2,0,0,16,0.75
2641,13,2,2,0,0,17,0.7647058823529411
2642,15,2,2,0,0,19,0.7894736842105263
2643,13,2,2,0,0,17,0.7647058823529411
2644,12,2,2,0,0,16,0.75
2645,14,2,2,0,0,18,0.7777777777777778
2646,13,2,2,0,0,17,0.7647058823529411
2647,14,2,2,0,0,18,0.7777777777777778
2648,15,2,2,0,0,19,0.7894736842105263
2649,13,2,2,0,0,17,0.7647058823529411
2650,14,2,2,0,0,18,0.7777777777777778
2651,14,2,2,0,0,18,0.7777777777777778
2652,13,2,2,0,0,17,0.7647058823529411
2653,14,2,2,0,0,18,0.7777777777777778
2654,13,2,2,0,0,17,0.7647058823529411
2655,13,2,2,0,0,17,0.7647058823529411
2656,13,2,2,0,0,17,0.7647058823529411
2657,12,2,2,0,0,16,0.75
2658,15,1,2,0,0,18,0.8333333333333334
2659,14,2,2,0,0,18,0.7777777777777778
2660,13,2,2,0,0,17,0.7647058823529411
2661,15,2,2,0,0,19,0.7894736842105263
2662,11,2,2,0,0,15,0.7333333333333333
2663,13,1,2,0,0,16,0.8125
2664,14,2,2,0,0,18,0.7777777777777778
2665,14,1,2,0,0,17,0.8235294117647058
2666,14,1,2,0,0,17,0.8235294117647058
2667,13,2,2,0,0,17,0.7647058823529411
2668,14,2,2,0,0,18,0.7777777777777778
2669,12,2,2,0,0,16,0.75
2670,10,2,2,0,0,14,0.7142857142857143
2671,10,1,2,0,0,13,0.7692307692307693
2672,13,2,2,0,0,17,0.7647058823529411
2673,13,2,2,0,0,17,0.7647058823529411
2674,13,2,2,0,0,17,0.7647058823529411
2675,14,2,2,0,0,18,0.7777777777777778
2676,13,2,2,0,0,17,0.7647058823529411
2677,13,2,2,0,0,17,0.7647058823529411
2678,11,2,2,0,0,15,0.7333333333333333
2679,13,2,2,0,0,17,0.7647058823529411
2680,11,2,2,0,0,15,0.7333333333333333
2681,14,2,2,0,0,18,0.7777777777777778
2682,13,2,2,0,0,17,0.7647058823529411
2683,14,2,2,0,0,18,0.7777777777777778
2684,14,2,2,0,0,18,0.7777777777777778
2685,14,2,2,0,0,18,0.7777777777777778
2686,13,2,2,0,0,17,0.7647058823529411
2687,13,2,2,0,0,17,0.7647058823529411
2688,13,2,2,0,0,17,0.7647058823529411
2689,13,2,2,0,0,17,0.7647058823529411
2690,14,2,2,0,0,18,0.7777777777777778
2691,13,2,2,0,0,17,0.7647058823529411
2692,14,2,2,0,0,18,0.7777777777777778
2693,13,2,2,0,0,17,0.7647058823529411
2694,13,2,2,0,0,17,0.7647058823529411
2695,13,2,2,0,0,17,0.7647058823529411
2696,14,2,2,0,0,18,0.7777777777777778
2697,13,2,2,0,0,17,0.7647058823529411
2698,14,2,2,0,0,18,0.7777777777777778
2699,11,2,2,0,0,15,0.7333333333333333
2700,12,2,2,0,0,16,0.75
2701,13,2,2,0,0,17,0.7647058823529411
2702,11,2,2,0,0,15,0.7333333333333333
2703,13,2,2,0,0,17,0.7647058823529411
2704,14,2,2,0,0,18,0.7777777777777778
2705,12,2,2,0,0,16,0.75
2706,14,1,2,0,0,17,0.8235294117647058
2707,14,2,2,0,0,18,0.7777777777777778
2708,13,2,2,0,0,17,0.7647058823529411
2709,13,2,2,0,0,17,0.7647058823529411
2710,12,1,2,0,0,15,0.8
2711,13,2,2,0,0,17,0.7647058823529411
2712,13,2,2,0,0,17,0.7647058823529411
2713,13,2,2,0,0,17,0.7647058823529411
2714,13,2,2,0,0,17,0.7647058823529411
2715,11,2,2,0,0,15,0.7333333333333333
2716,12,2,2,0,0,16,0.75
2717,14,2,2,0,0,18,0.7777777777777778
2718,14,2,2,0,0,18,0.7777777777777778
2719,13,2,2,0,0,17,0.7647058823529411
2720,13,2,2,0,0,17,0.7647058823529411
2721,11,2,2,0,0,15,0.7333333333333333
2722,13,2,2,0,0,17,0.7647058823529411
2723,12,2,2,0,0,16,0.75
2724,13,2,2,0,0,17,0.7647058823529411
2725,14,2,2,0,0,18,0.7777777777777778
2726,13,2,2,0,0,17,0.7647058823529411
2727,14,2,2,0,0,18,0.7777777777777778
2728,13,2,2,0,0,17,0.7647058823529411
2729,14,2,2,0,0,18,0.7777777777777778
2730,12,2,2,0,0,16,0.75
2731,14,2,2,0,0,18,0.7777777777777778
2732,13,2,2,0,0,17,0.7647058823529411
2733,14,2,2,0,0,18,0.7777777777777778
2734,11,2,3,0,0,16,0.6875
2735,11,2,2,0,0,15,0.7333333333333333
2736,12,2,2,0,0,16,0.75
2737,12,2,2,0,0,16,0.75
2738,12,2,2,0,0,16,0.75
2739,13,2,2,0,0,17,0.7647058823529411
2740,11,2,2,0,0,15,0.7333333333333333
2741,12,2,2,0,0,16,0.75
2742,11,2,2,0,0,15,0.7333333333333333
2743,12,2,2,0,0,16,0.75
2744,15,2,2,0,0,19,0.7894736842105263
2745,13,2,2,0,0,17,0.7647058823529411
2746,13,2,2,0,0,17,0.7647058823529411
2747,12,2,2,0,0,16,0.75
2748,12,2,2,0,0,16,0.75
2749,13,2,2,0,0,17,0.7647058823529411
2750,12,2,2,0,0,16,0.75
2751,12,2,2,0,0,16,0.75
2752,12,2,2,0,0,16,0.75
2753,13,2,2,0,0,17,0.7647058823529411
2754,13,2,3,0,0,18,0.7222222222222222
2755,12,2,2,0,0,16,0.75
2756,13,2,2,0,0,17,0.7647058823529411
2757,14,2,2,0,0,18,0.7777777777777778
2758,13,2,2,0,0,17,0.7647058823529411
2759,11,2,2,0,0,15,0.7333333333333333
2760,11,2,2,0,0,15,0.7333333333333333
2761,11,2,2,0,0,15,0.7333333333333333
2762,12,2,2,0,0,16,0.75
2763,13,2,2,0,0,17,0.7647058823529411
2764,11,2,2,0,0,15,0.7333333333333333
2765,11,2,3,0,0,16,0.6875
2766,12,2,2,0,0,16,0.75
2767,11,2,2,0,0,15,0.7333333333333333
2768,13,2,2,0,0,17,0.7647058823529411
2769,12,2,2,0,0,16,0.75
2770,14,2,2,0,0,18,0.7777777777777778
2771,13,2,2,0,0,17,0.7647058823529411
2772,12,2,2,0,0,16,0.75
2773,13,2,2,0,0,17,0.7647058823529411
2774,12,2,2,0,0,16,0.75
2775,13,2,2,0,0,17,0.7647058823529411
2776,13,2,2,0,0,17,0.7647058823529411
2777,12,2,2,0,0,16,0.75
2778,12,2,2,0,0,16,0.75
2779,12,2,2,0,0,16,0.75
2780,9,1,3,0,0,13,0.6923076923076923
2781,11,1,2,0,0,14,0.7857142857142857
2782,10,1,3,0,0,14,0.7142857142857143
2783,13,2,2,0,0,17,0.7647058823529411
2784,11,1,2,0,0,14,0.7857142857142857
2785,11,2,1,0,0,14,0.7857142857142857
2786,11,2,2,0,0,15,0.7333333333333333
2787,12,2,2,0,0,16,0.75
2788,11,2,2,0,0,15,0.7333333333333333
2789,12,2,2,0,0,16,0.75
2790,12,2,2,0,0,16,0.75
2791,12,2,2,0,0,16,0.75
2792,13,2,2,0,0,17,0.7647058823529411
2793,12,2,2,0,0,16,0.75
2794,13,2,2,0,0,17,0.7647058823529411
2795,12,3,2,0,0,17,0.7058823529411765
2796,12,2,2,0,0,16,0.75
2797,12,2,2,0,0,16,0.75
2798,12,2,2,0,0,16,0.75
2799,12,2,2,0,0,16,0.75
2800,15,2,2,0,0,19,0.7894736842105263
2801,14,2,2,0,0,18,0.7777777777777778
2802,12,2,2,0,0,16,0.75
2803,13,2,2,0,0,17,0.7647058823529411
2804,13,2,2,0,0,17,0.7647058823529411
2805,12,2,2,0,0,16,0.75
2806,13,2,2,0,0,17,0.7647058823529411
2807,13,2,2,0,0,17,0.7647058823529411
2808,14,2,2,0,0,18,0.7777777777777778
2809,12,2,2,0,0,16,0.75
2810,14,2,2,0,0,18,0.7777777777777778
2811,12,1,2,0,0,15,0.8
2812,14,2,2,0,0,18,0.7777777777777778
2813,12,2,2,0,0,16,0.75
2814,12,2,2,0,0,16,0.75
2815,14,2,2,0,0,18,0.7777777777777778
2816,14,2,2,0,0,18,0.7777777777777778
2817,14,2,2,0,0,18,0.7777777777777778
2818,14,2,2,0,0,18,0.7777777777777778
2819,14,2,2,0,0,18,0.7777777777777778
2820,12,2,2,0,0,16,0.75
2821,10,2,2,0,0,14,0.7142857142857143
2822,12,2,2,0,0,16,0.75
2823,12,2,2,0,0,16,0.75
2824,13,2,2,0,0,17,0.7647058823529411
2825,12,2,2,0,0,16,0.75
2826,12,2,2,0,0,16,0.75
2827,13,2,2,0,0,17,0.7647058823529411
2828,11,2,2,0,0,15,0.7333333333333333
2829,13,2,2,0,0,17,0.7647058823529411
2830,12,2,2,0,0,16,0.75
2831,12,2,2,0,0,16,0.75
2832,13,2,2,0,0,17,0.7647058823529411
2833,13,2,2,0,0,17,0.7647058823529411
2834,13,2,2,0,0,17,0.7647058823529411
2835,14,2,2,0,0,18,0.7777777777777778
2836,13,2,2,0,0,17,0.7647058823529411
2837,13,2,2,0,0,17,0.7647058823529411
2838,14,2,2,0,0,18,0.7777777777777778
2839,12,2,2,0,0,16,0.75
2840,13,2,2,0,0,17,0.7647058823529411
2841,13,2,2,0,0,17,0.7647058823529411
2842,13,2,2,0,0,17,0.7647058823529411
2843,13,2,2,0,0,17,0.7647058823529411
2844,14,2,2,0,0,18,0.7777777777777778
2845,13,2,2,0,0,17,0.7647058823529411
2846,12,2,2,0,0,16,0.75
2847,13,2,2,0,0,17,0.7647058823529411
2848,11,2,2,0,0,15,0.7333333333333333
2849,11,2,2,0,0,15,0.7333333333333333
2850,15,2,2,0,0,19,0.7894736842105263
2851,12,2,2,0,0,16,0.75
2852,12,2,2,0,0,16,0.75
2853,13,2,2,0,0,17,0.7647058823529411
2854,12,2,2,0,0,16,0.75
2855,13,2,2,0,0,17,0.7647058823529411
2856,12,2,2,0,0,16,0.75
2857,14,2,2,0,0,18,0.7777777777777778
2858,12,2,2,0,0,16,0.75
2859,13,2,2,0,0,17,0.7647058823529411
2860,13,3,2,0,0,18,0.7222222222222222
2861,13,2,2,0,0,17,0.7647058823529411
2862,14,2,2,0,0,18,0.7777777777777778
2863,14,1,2,0,0,17,0.8235294117647058
2864,11,1,2,0,0,14,0.7857142857142857
2865,13,2,2,0,0,17,0.7647058823529411
2866,13,2,2,0,0,17,0.7647058823529411
2867,13,2,2,0,0,17,0.7647058823529411
2868,13,2,2,0,0,17,0.7647058823529411
2869,14,2,2,0,0,18,0.7777777777777778
2870,13,2,2,0,0,17,0.7647058823529411
2871,13,2,2,0,0,17,0.7647058823529411
2872,14,2,2,0,0,18,0.7777777777777778
2873,14,2,2,0,0,18,0.7777777777777778
2874,14,2,2,0,0,18,0.7777777777777778
2875,14,2,2,0,0,18,0.7777777777777778
2876,14,2,2,0,0,18,0.7777777777777778
2877,14,2,2,0,0,18,0.7777777777777778
2878,14,2,2,0,0,18,0.7777777777777778
2879,13,2,2,0,0,17,0.7647058823529411
2880,12,2,2,0,0,16,0.75
2881,12,3,2,0,0,17,0.7058823529411765
2882,14,2,2,0,0,18,0.7777777777777778
2883,14,2,2,0,0,18,0.7777777777777778
2884,15,2,2,0,0,19,0.7894736842105263
2885,14,2,2,0,0,18,0.7777777777777778
2886,13,2,2,0,0,17,0.7647058823529411
2887,13,2,2,0,0,17,0.7647058823529411
2888,13,2,2,0,0,17,0.7647058823529411
2889,13,2,2,0,0,17,0.7647058823529411
2890,13,2,2,0,0,17,0.7647058823529411
2891,12,3,2,0,0,17,0.7058823529411765
2892,13,2,2,0,0,17,0.7647058823529411
2893,14,2,2,0,0,18,0.7777777777777778
2894,13,2,2,0,0,17,0.7647058823529411
2895,14,2,2,0,0,18,0.7777777777777778
2896,12,2,2,0,0,16,0.75
2897,13,2,2,0,0,17,0.7647058823529411
2898,12,2,2,0,0,16,0.75
2899,11,2,2,0,0,15,0.7333333333333333
2900,13,2,2,0,0,17,0.7647058823529411
2901,13,2,2,0,0,17,0.7647058823529411
2902,12,2,2,0,0,16,0.75
2903,13,2,2,0,0,17,0.7647058823529411
2904,11,2,2,0,0,15,0.7333333333333333
2905,11,2,2,0,0,15,0.7333333333333333
2906,13,2,2,0,0,17,0.7647058823529411
2907,13,2,2,0,0,17,0.7647058823529411
2908,12,2,2,0,0,16,0.75
2909,12,2,2,0,0,16,0.75
2910,12,2,2,0,0,16,0.75
2911,12,2,2,0,0,16,0.75
2912,13,2,2,0,0,17,0.7647058823529411
2913,12,2,2,0,0,16,0.75
2914,13,2,2,0,0,17,0.7647058823529411
2915,11,2,2,0,0,15,0.7333333333333333
2916,12,2,2,0,0,16,0.75
2917,13,2,2,0,0,17,0.7647058823529411
2918,13,2,2,0,0,17,0.7647058823529411
2919,14,2,2,0,0,18,0.7777777777777778
2920,12,2,2,0,0,16,0.75
2921,13,2,2,0,0,17,0.7647058823529411
2922,12,2,2,0,0,16,0.75
2923,13,2,2,0,0,17,0.7647058823529411
2924,12,2,2,0,0,16,0.75
2925,12,2,3,0,0,17,0.7058823529411765
2926,12,2,2,0,0,16,0.75
2927,10,2,2,0,0,14,0.7142857142857143
2928,13,2,2,0,0,17,0.7647058823529411
2929,12,1,3,0,0,16,0.75
2930,12,2,2,0,0,16,0.75
2931,13,2,2,0,0,17,0.7647058823529411
2932,12,2,2,0,0,16,0.75
2933,12,2,2,0,0,16,0.75
2934,12,2,2,0,0,16,0.75
2935,13,2,2,0,0,17,0.7647058823529411
2936,13,2,2,0,0,17,0.7647058823529411
2937,13,2,2,0,0,17,0.7647058823529411
2938,13,2,2,0,0,17,0.7647058823529411
2939,12,2,2,0,0,16,0.75
2940,12,2,2,0,0,16,0.75
2941,13,2,1,0,0,16,0.8125
2942,11,2,2,0,0,15,0.7333333333333333
2943,13,2,2,0,0,17,0.7647058823529411
2944,15,2,2,0,0,19,0.7894736842105263
2945,14,2,2,0,0,18,0.7777777777777778
2946,13,2,2,0,0,17,0.7647058823529411
2947,13,1,2,0,0,16,0.8125
2948,13,2,2,0,0,17,0.7647058823529411
2949,14,2,2,0,0,18,0.7777777777777778
2950,13,2,2,0,0,17,0.7647058823529411
2951,11,2,2,0,0,15,0.7333333333333333
2952,13,2,2,0,0,17,0.7647058823529411
2953,14,2,2,0,0,18,0.7777777777777778
2954,11,2,2,0,0,15,0.7333333333333333
2955,13,2,2,0,0,17,0.7647058823529411
2956,13,2,2,0,0,17,0.7647058823529411
2957,13,2,2,0,0,17,0.7647058823529411
2958,13,2,2,0,0,17,0.7647058823529411
2959,11,2,2,0,0,15,0.7333333333333333
2960,14,2,2,0,0,18,0.7777777777777778
2961,15,2,2,0,0,19,0.7894736842105263
2962,12,2,2,0,0,16,0.75
2963,12,2,2,0,0,16,0.75
2964,12,2,2,0,0,16,0.75
2965,13,2,2,0,0,17,0.7647058823529411
2966,12,2,2,0,0,16,0.75
2967,12,2,2,0,0,16,0.75
2968,12,2,2,0,0,16,0.75
2969,13,2,2,0,0,17,0.7647058823529411
2970,14,2,2,0,0,18,0.7777777777777778
2971,13,2,2,0,0,17,0.7647058823529411
2972,13,2,2,0,0,17,0.7647058823529411
2973,12,2,2,1,0,17,0.7058823529411765
2974,11,2,2,0,0,15,0.7333333333333333
2975,11,2,2,0,0,15,0.7333333333333333
2976,12,2,2,0,0,16,0.75
2977,12,2,2,0,0,16,0.75
2978,12,2,2,0,0,16,0.75
2979,13,2,2,0,0,17,0.7647058823529411
2980,11,2,3,0,0,16,0.6875
2981,12,1,2,0,0,15,0.8
2982,13,1,3,0,0,17,0.7647058823529411
2983,13,2,3,0,0,18,0.7222222222222222
2984,12,1,2,0,0,15,0.8
2985,12,1,3,0,0,16,0.75
2986,12,2,2,0,0,16,0.75
2987,14,2,3,0,0,19,0.7368421052631579
2988,13,2,3,0,0,18,0.7222222222222222
2989,11,2,3,0,0,16,0.6875
2990,11,2,3,0,0,16,0.6875
2991,11,1,2,0,0,14,0.7857142857142857
2992,10,2,2,0,0,14,0.7142857142857143
2993,12,1,2,0,0,15,0.8
2994,12,1,2,0,0,15,0.8
2995,12,1,2,0,0,15,0.8
2996,10,1,2,0,0,13,0.7692307692307693
2997,12,2,2,0,0,16,0.75
2998,12,1,2,0,0,15,0.8
2999,12,1,2,0,0,15,0.8
3000,12,1,2,0,0,15,0.8
3001,11,1,2,0,0,14,0.7857142857142857
3002,13,1,3,0,0,17,0.7647058823529411
3003,13,1,2,0,0,16,0.8125
3004,12,1,2,0,0,15,0.8
3005,12,1,3,0,0,16,0.75
3006,13,1,2,0,0,16,0.8125
3007,13,1,3,0,0,17,0.7647058823529411
3008,13,1,2,0,0,16,0.8125
3009,11,0,3,0,0,14,0.7857142857142857
3010,12,1,2,0,0,15,0.8
3011,14,2,2,0,0,18,0.7777777777777778
3012,13,1,2,0,0,16,0.8125
3013,12,1,2,0,0,15,0.8
3014,13,1,2,0,0,16,0.8125
3015,13,1,2,0,0,16,0.8125
3016,12,0,2,0,0,14,0.8571428571428571
3017,13,1,2,0,0,16,0.8125
3018,14,2,2,0,0,18,0.7777777777777778
3019,13,2,2,0,0,17,0.7647058823529411
3020,13,2,2,0,0,17,0.7647058823529411
3021,12,2,2,0,0,16,0.75
3022,14,2,2,0,0,18,0.7777777777777778
3023,16,2,4,0,0,22,0.7272727272727273
3024,13,2,2,0,0,17,0.7647058823529411
3025,13,2,3,0,0,18,0.7222222222222222
3026,12,1,2,0,0,15,0.8
3027,15,2,2,0,0,19,0.7894736842105263
3028,11,0,3,0,0,14,0.7857142857142857
3029,12,1,2,0,0,15,0.8
3030,11,1,2,0,0,14,0.7857142857142857
3031,14,1,2,0,0,17,0.8235294117647058
3032,11,1,3,0,0,15,0.7333333333333333
3033,12,1,1,0,0,14,0.8571428571428571
3034,13,2,2,0,0,17,0.7647058823529411
3035,14,1,3,0,0,18,0.7777777777777778
3036,15,2,1,0,0,18,0.8333333333333334
3037,13,2,2,0,0,17,0.7647058823529411
3038,12,2,2,0,0,16,0.75
3039,14,2,2,0,0,18,0.7777777777777778
3040,14,2,2,0,0,18,0.7777777777777778
3041,15,2,2,0,0,19,0.7894736842105263
3042,13,2,2,0,0,17,0.7647058823529411
3043,13,2,2,0,0,17,0.7647058823529411
3044,14,2,2,0,0,18,0.7777777777777778
3045,15,2,3,0,0,20,0.75
3046,14,2,2,0,0,18,0.7777777777777778
3047,15,2,2,0,0,19,0.7894736842105263
3048,13,2,3,0,0,18,0.7222222222222222
3049,14,2,2,0,0,18,0.7777777777777778
3050,14,2,3,0,0,19,0.7368421052631579
3051,13,2,2,0,0,17,0.7647058823529411
3052,14,2,2,0,0,18,0.7777777777777778
3053,13,2,2,0,0,17,0.7647058823529411
3054,13,2,2,0,0,17,0.7647058823529411
3055,13,2,2,0,0,17,0.7647058823529411
3056,14,2,2,0,0,18,0.7777777777777778
3057,14,2,3,0,0,19,0.7368421052631579
3058,14,2,2,0,0,18,0.7777777777777778
3059,15,2,3,0,0,20,0.75
3060,14,2,2,0,0,18,0.7777777777777778
3061,15,2,2,0,0,19,0.7894736842105263
3062,14,2,2,0,0,18,0.7777777777777778
3063,14,2,2,0,0,18,0.7777777777777778
3064,13,2,2,0,0,17,0.7647058823529411
3065,14,2,2,0,0,18,0.7777777777777778
3066,14,2,3,0,0,19,0.7368421052631579
3067,14,2,2,0,0,18,0.7777777777777778
3068,12,2,2,0,0,16,0.75
3069,15,2,2,0,0,19,0.7894736842105263
3070,14,2,2,0,0,18,0.7777777777777778
3071,15,2,2,0,0,19,0.7894736842105263
3072,13,2,2,0,0,17,0.7647058823529411
3073,14,2,2,0,0,18,0.7777777777777778
3074,14,2,1,0,0,17,0.8235294117647058
3075,13,2,1,0,0,16,0.8125
3076,13,2,2,0,0,17,0.7647058823529411
3077,15,2,3,0,0,20,0.75
3078,15,2,2,0,0,19,0.7894736842105263
3079,13,2,2,0,0,17,0.7647058823529411
3080,15,2,3,0,0,20,0.75
3081,12,1,2,0,0,15,0.8
3082,14,1,2,0,0,17,0.8235294117647058
3083,13,2,2,0,0,17,0.7647058823529411
3084,14,2,2,0,0,18,0.7777777777777778
3085,14,2,3,0,0,19,0.7368421052631579
3086,13,2,2,0,0,17,0.7647058823529411
3087,13,2,2,0,0,17,0.7647058823529411
3088,13,2,2,0,0,17,0.7647058823529411
3089,14,2,2,0,0,18,0.7777777777777778
3090,14,2,1,0,0,17,0.8235294117647058
3091,13,2,2,0,0,17,0.7647058823529411
3092,13,2,2,0,0,17,0.7647058823529411
3093,13,2,2,0,0,17,0.7647058823529411
3094,12,1,2,0,0,15,0.8
3095,12,1,2,0,0,15,0.8
3096,13,2,2,0,0,17,0.7647058823529411
3097,12,2,2,0,0,16,0.75
3098,13,2,2,0,0,17,0.7647058823529411
3099,12,1,2,0,0,15,0.8
3100,12,1,2,0,0,15,0.8
3101,13,2,2,0,0,17,0.7647058823529411
3102,14,2,2,0,0,18,0.7777777777777778
3103,13,2,2,0,0,17,0.7647058823529411
3104,14,2,2,0,0,18,0.7777777777777778
3105,13,2,2,0,0,17,0.7647058823529411
3106,15,2,2,0,0,19,0.7894736842105263
3107,16,2,2,0,0,20,0.8
3108,13,2,2,0,0,17,0.7647058823529411
3109,15,2,2,0,0,19,0.7894736842105263
3110,15,2,2,0,0,19,0.7894736842105263
3111,15,2,2,0,0,19,0.7894736842105263
3112,14,2,2,0,0,18,0.7777777777777778
3113,13,2,3,0,0,18,0.7222222222222222
3114,13,2,2,0,0,17,0.7647058823529411
3115,12,2,3,0,0,17,0.7058823529411765
3116,13,2,2,0,0,17,0.7647058823529411
3117,13,2,3,0,0,18,0.7222222222222222
3118,13,2,3,0,0,18,0.7222222222222222
3119,14,2,2,0,0,18,0.7777777777777778
3120,13,2,3,0,0,18,0.7222222222222222
3121,13,2,3,0,0,18,0.7222222222222222
3122,15,2,3,0,0,20,0.75
3123,14,2,2,0,0,18,0.7777777777777778
3124,13,2,2,0,0,17,0.7647058823529411
3125,12,2,2,0,0,16,0.75
3126,13,2,2,0,0,17,0.7647058823529411
3127,13,2,2,0,0,17,0.7647058823529411
3128,13,2,2,0,0,17,0.7647058823529411
3129,14,2,2,0,0,18,0.7777777777777778
3130,13,2,2,0,0,17,0.7647058823529411
3131,13,2,2,0,0,17,0.7647058823529411
3132,11,2,2,0,0,15,0.7333333333333333
3133,12,1,2,0,0,15,0.8
3134,11,2,3,0,0,16,0.6875
3135,12,2,2,0,0,16,0.75
3136,13,2,2,0,0,17,0.7647058823529411
3137,14,2,2,0,0,18,0.7777777777777778
3138,13,2,2,0,0,17,0.7647058823529411
3139,15,2,2,0,0,19,0.7894736842105263
3140,14,2,2,0,0,18,0.7777777777777778
3141,14,2,2,0,0,18,0.7777777777777778
3142,14,2,2,0,0,18,0.7777777777777778
3143,13,2,2,0,0,17,0.7647058823529411
3144,13,2,2,0,0,17,0.7647058823529411
3145,13,2,2,0,0,17,0.7647058823529411
3146,13,2,2,0,0,17,0.7647058823529411
3147,13,2,3,0,0,18,0.7222222222222222
3148,14,2,2,0,0,18,0.7777777777777778
3149,13,2,2,0,0,17,0.7647058823529411
3150,13,2,2,0,0,17,0.7647058823529411
3151,13,2,2,0,0,17,0.7647058823529411
3152,13,2,2,0,0,17,0.7647058823529411
3153,12,2,2,0,0,16,0.75
3154,13,2,2,0,0,17,0.7647058823529411
3155,13,2,2,0,0,17,0.7647058823529411
3156,14,2,3,0,0,19,0.7368421052631579
3157,12,2,2,0,0,16,0.75
3158,15,2,2,0,0,19,0.7894736842105263
3159,13,2,2,0,0,17,0.7647058823529411
3160,14,2,3,0,0,19,0.7368421052631579
3161,13,2,2,0,0,17,0.7647058823529411
3162,13,2,2,0,0,17,0.7647058823529411
3163,12,2,2,0,0,16,0.75
3164,14,2,2,0,0,18,0.7777777777777778
3165,13,2,2,0,0,17,0.7647058823529411
3166,14,2,2,0,0,18,0.7777777777777778
3167,13,2,3,0,0,18,0.7222222222222222
3168,14,2,3,0,0,19,0.7368421052631579
3169,13,2,2,0,0,17,0.7647058823529411
3170,13,2,2,0,0,17,0.7647058823529411
3171,13,2,2,0,0,17,0.7647058823529411
3172,14,2,2,0,0,18,0.7777777777777778
3173,13,2,2,0,0,17,0.7647058823529411
3174,14,2,2,0,0,18,0.7777777777777778
3175,14,2,2,0,0,18,0.7777777777777778
3176,13,2,2,0,0,17,0.7647058823529411
3177,14,2,2,0,0,18,0.7777777777777778
3178,14,2,3,0,0,19,0.7368421052631579
3179,13,2,2,0,0,17,0.7647058823529411
3180,14,2,2,0,0,18,0.7777777777777778
3181,13,2,3,0,0,18,0.7222222222222222
3182,14,2,3,0,0,19,0.7368421052631579
3183,15,2,2,0,0,19,0.7894736842105263
3184,12,2,2,0,0,16,0.75
3185,15,2,2,0,0,19,0.7894736842105263
3186,12,2,2,0,0,16,0.75
3187,13,2,2,0,0,17,0.7647058823529411
3188,16,2,2,0,0,20,0.8
3189,15,2,2,0,0,19,0.7894736842105263
3190,15,2,2,0,0,19,0.7894736842105263
3191,14,2,3,0,0,19,0.7368421052631579
3192,13,2,3,0,0,18,0.7222222222222222
3193,12,2,2,0,0,16,0.75
3194,14,2,3,0,0,19,0.7368421052631579
3195,12,2,2,0,0,16,0.75
3196,14,2,3,0,0,19,0.7368421052631579
3197,9,2,3,0,0,14,0.6428571428571429
3198,14,2,3,0,0,19,0.7368421052631579
3199,15,2,2,0,0,19,0.7894736842105263
3200,15,2,2,0,0,19,0.7894736842105263
3201,14,2,2,0,0,18,0.7777777777777778
3202,12,2,3,0,0,17,0.7058823529411765
3203,13,2,2,0,0,17,0.7647058823529411
3204,13,2,3,0,0,18,0.7222222222222222
3205,11,2,2,0,0,15,0.7333333333333333
3206,12,2,2,0,0,16,0.75
3207,13,2,3,0,0,18,0.7222222222222222
3208,13,2,2,0,0,17,0.7647058823529411
3209,15,2,3,0,0,20,0.75
3210,13,2,2,0,0,17,0.7647058823529411
3211,14,2,2,0,0,18,0.7777777777777778
3212,13,2,2,0,0,17,0.7647058823529411
3213,14,2,2,0,0,18,0.7777777777777778
3214,14,2,2,0,0,18,0.7777777777777778
3215,13,2,2,0,0,17,0.7647058823529411
3216,10,2,2,0,0,14,0.7142857142857143
3217,12,2,2,0,0,16,0.75
3218,14,2,2,0,0,18,0.7777777777777778
3219,13,2,2,0,0,17,0.7647058823529411
3220,14,2,2,0,0,18,0.7777777777777778
3221,13,2,2,0,0,17,0.7647058823529411
3222,13,2,2,0,0,17,0.7647058823529411
3223,10,2,2,0,0,14,0.7142857142857143
3224,13,2,2,0,0,17,0.7647058823529411
3225,13,2,3,0,0,18,0.7222222222222222
3226,12,2,2,0,0,16,0.75
3227,11,2,2,0,0,15,0.7333333333333333
3228,13,2,2,0,0,17,0.7647058823529411
3229,11,2,2,0,0,15,0.7333333333333333
3230,14,2,2,0,0,18,0.7777777777777778
3231,12,2,2,0,0,16,0.75
3232,12,2,2,0,0,16,0.75
3233,12,1,2,0,0,15,0.8
3234,10,2,2,0,0,14,0.7142857142857143
3235,12,2,2,0,0,16,0.75
3236,12,2,2,0,0,16,0.75
3237,12,1,2,0,0,15,0.8
3238,12,2,3,0,0,17,0.7058823529411765
3239,12,2,2,0,0,16,0.75
3240,12,2,2,0,0,16,0.75
3241,10,2,2,0,0,14,0.7142857142857143
3242,13,2,2,0,0,17,0.7647058823529411
3243,13,2,2,0,0,17,0.7647058823529411
3244,11,2,2,0,0,15,0.7333333333333333
3245,12,2,2,0,0,16,0.75
3246,13,2,2,0,0,17,0.7647058823529411
3247,13,2,3,0,0,18,0.7222222222222222
3248,12,2,2,0,0,16,0.75
3249,13,2,2,0,0,17,0.7647058823529411
3250,13,2,2,0,0,17,0.7647058823529411
3251,11,3,2,0,0,16,0.6875
3252,14,2,2,0,0,18,0.7777777777777778
3253,12,2,2,0,0,16,0.75
3254,13,2,2,0,0,17,0.7647058823529411
3255,13,2,2,0,0,17,0.7647058823529411
3256,9,1,2,0,0,12,0.75
3257,12,2,2,0,0,16,0.75
3258,9,1,2,0,0,12,0.75
3259,12,2,2,0,0,16,0.75
3260,12,2,2,0,0,16,0.75
3261,10,1,3,0,0,14,0.7142857142857143
3262,11,1,2,0,0,14,0.7857142857142857
3263,14,1,2,0,0,17,0.8235294117647058
3264,12,1,2,0,0,15,0.8
3265,12,1,2,0,0,15,0.8
3266,12,1,2,0,0,15,0.8
3267,14,1,2,0,0,17,0.8235294117647058
3268,12,1,2,0,0,15,0.8
3269,12,1,2,0,0,15,0.8
3270,13,2,2,0,0,17,0.7647058823529411
3271,12,2,2,0,0,16,0.75
3272,12,2,2,0,0,16,0.75
3273,14,2,2,0,0,18,0.7777777777777778
3274,11,1,2,0,0,14,0.7857142857142857
3275,13,2,2,0,0,17,0.7647058823529411
3276,12,2,2,0,0,16,0.75
3277,13,2,2,0,0,17,0.7647058823529411
3278,12,2,2,0,0,16,0.75
3279,12,2,2,0,0,16,0.75
3280,13,2,2,0,0,17,0.7647058823529411
3281,14,2,2,0,0,18,0.7777777777777778
3282,11,2,2,0,0,15,0.7333333333333333
3283,12,2,2,0,0,16,0.75
3284,11,2,2,0,0,15,0.7333333333333333
3285,11,1,2,0,0,14,0.7857142857142857
3286,12,2,2,0,0,16,0.75
3287,13,2,2,0,0,17,0.7647058823529411
3288,14,2,2,0,0,18,0.7777777777777778
3289,11,1,3,0,0,15,0.7333333333333333
3290,12,1,2,0,0,15,0.8
3291,11,1,2,0,0,14,0.7857142857142857
3292,13,2,2,0,0,17,0.7647058823529411
3293,14,2,2,0,0,18,0.7777777777777778
3294,12,1,2,0,0,15,0.8
3295,13,2,2,0,0,17,0.7647058823529411
3296,11,1,2,0,0,14,0.7857142857142857
3297,11,1,2,0,0,14,0.7857142857142857
3298,11,2,2,0,0,15,0.7333333333333333
3299,11,1,2,0,0,14,0.7857142857142857
3300,13,2,2,0,0,17,0.7647058823529411
3301,13,2,2,0,0,17,0.7647058823529411
3302,14,2,2,0,0,18,0.7777777777777778
3303,12,2,2,0,0,16,0.75
3304,12,2,2,0,0,16,0.75
3305,10,1,2,0,0,13,0.7692307692307693
3306,12,2,2,0,0,16,0.75
3307,12,1,2,0,0,15,0.8
3308,15,2,2,0,0,19,0.7894736842105263
3309,12,1,2,0,0,15,0.8
3310,11,1,2,0,0,14,0.7857142857142857
3311,10,2,2,0,0,14,0.7142857142857143
3312,10,1,2,0,0,13,0.7692307692307693
3313,12,1,2,0,0,15,0.8
3314,11,1,2,0,0,14,0.7857142857142857
3315,12,2,2,0,0,16,0.75
3316,13,1,2,0,0,16,0.8125
3317,13,2,2,0,0,17,0.7647058823529411
3318,12,1,3,0,0,16,0.75
3319,12,2,3,0,0,17,0.7058823529411765
3320,11,1,2,0,0,14,0.7857142857142857
3321,13,2,2,0,0,17,0.7647058823529411
3322,11,1,3,0,0,15,0.7333333333333333
3323,14,2,2,0,0,18,0.7777777777777778
3324,11,2,2,0,0,15,0.7333333333333333
3325,13,1,2,0,0,16,0.8125
3326,11,2,2,0,0,15,0.7333333333333333
3327,14,2,3,0,0,19,0.7368421052631579
3328,14,2,3,0,0,19,0.7368421052631579
3329,11,1,2,0,0,14,0.7857142857142857
3330,12,1,3,0,0,16,0.75
3331,13,2,2,0,0,17,0.7647058823529411
3332,12,2,2,0,0,16,0.75
3333,13,2,2,0,0,17,0.7647058823529411
3334,12,2,3,0,0,17,0.7058823529411765
3335,11,2,3,0,0,16,0.6875
3336,12,2,2,0,0,16,0.75
3337,12,2,2,0,0,16,0.75
3338,13,2,2,0,0,17,0.7647058823529411
3339,13,2,2,0,0,17,0.7647058823529411
3340,13,2,2,0,0,17,0.7647058823529411
3341,13,2,2,0,0,17,0.7647058823529411
3342,12,2,2,0,0,16,0.75
3343,13,2,2,0,0,17,0.7647058823529411
3344,13,2,2,0,0,17,0.7647058823529411
3345,13,2,2,0,0,17,0.7647058823529411
3346,13,2,2,0,0,17,0.7647058823529411
3347,15,2,2,0,0,19,0.7894736842105263
3348,14,2,2,0,0,18,0.7777777777777778
3349,15,1,2,0,0,18,0.8333333333333334
3350,14,2,3,0,0,19,0.7368421052631579
3351,14,2,2,0,0,18,0.7777777777777778
3352,14,2,2,0,0,18,0.7777777777777778
3353,11,2,2,0,0,15,0.7333333333333333
3354,12,2,3,0,0,17,0.7058823529411765
3355,12,2,2,0,0,16,0.75
3356,12,2,2,0,0,16,0.75
3357,14,2,3,0,0,19,0.7368421052631579
3358,12,2,2,0,0,16,0.75
3359,13,2,2,0,0,17,0.7647058823529411
3360,12,2,2,0,0,16,0.75
3361,13,2,2,0,0,17,0.7647058823529411
3362,13,2,3,0,0,18,0.7222222222222222
3363,12,2,3,0,0,17,0.7058823529411765
3364,14,2,2,0,0,18,0.7777777777777778
3365,12,2,2,0,0,16,0.75
3366,13,2,2,0,0,17,0.7647058823529411
3367,14,2,3,0,0,19,0.7368421052631579
3368,14,2,3,0,0,19,0.7368421052631579
3369,13,1,3,0,0,17,0.7647058823529411
3370,14,2,2,0,0,18,0.7777777777777778
3371,15,2,3,0,0,20,0.75
3372,12,2,3,0,0,17,0.7058823529411765
3373,13,2,2,0,0,17,0.7647058823529411
3374,13,2,2,0,0,17,0.7647058823529411
3375,13,2,3,0,0,18,0.7222222222222222
3376,13,2,3,0,0,18,0.7222222222222222
3377,14,2,2,0,0,18,0.7777777777777778
3378,12,2,2,0,0,16,0.75
3379,14,2,2,0,0,18,0.7777777777777778
3380,13,2,3,0,0,18,0.7222222222222222
3381,13,2,3,0,0,18,0.7222222222222222
3382,13,2,3,0,0,18,0.7222222222222222
3383,11,2,3,0,0,16,0.6875
3384,14,2,2,0,0,18,0.7777777777777778
3385,12,2,3,0,0,17,0.7058823529411765
3386,14,2,3,0,0,19,0.7368421052631579
3387,12,2,2,0,0,16,0.75
3388,12,2,3,0,0,17,0.7058823529411765
3389,13,2,3,0,0,18,0.7222222222222222
3390,14,2,3,0,0,19,0.7368421052631579
3391,12,2,3,0,0,17,0.7058823529411765
3392,12,2,3,0,0,17,0.7058823529411765
3393,14,2,2,0,0,18,0.7777777777777778
3394,13,2,3,0,0,18,0.7222222222222222
3395,13,2,3,0,0,18,0.7222222222222222
3396,13,2,2,0,0,17,0.7647058823529411
3397,12,2,2,0,0,16,0.75
3398,11,2,2,0,0,15,0.7333333333333333
3399,11,2,2,0,0,15,0.7333333333333333
3400,13,2,3,0,0,18,0.7222222222222222
3401,13,2,3,0,0,18,0.7222222222222222
3402,16,2,3,0,0,21,0.7619047619047619
3403,15,2,2,0,0,19,0.7894736842105263
3404,14,2,3,0,0,19,0.7368421052631579
3405,15,2,2,0,0,19,0.7894736842105263
3406,14,2,3,0,0,19,0.7368421052631579
3407,15,2,2,0,0,19,0.7894736842105263
3408,12,2,3,0,0,17,0.7058823529411765
3409,10,2,3,0,0,15,0.6666666666666666
3410,12,2,3,0,0,17,0.7058823529411765
3411,14,2,3,0,0,19,0.7368421052631579
3412,13,2,3,0,0,18,0.7222222222222222
3413,13,2,2,0,0,17,0.7647058823529411
3414,12,2,2,0,0,16,0.75
3415,13,2,2,0,0,17,0.7647058823529411
3416,14,2,2,0,0,18,0.7777777777777778
3417,16,2,2,0,0,20,0.8
3418,14,2,2,0,0,18,0.7777777777777778
3419,13,2,2,0,0,17,0.7647058823529411
3420,14,2,3,0,0,19,0.7368421052631579
3421,14,2,3,0,0,19,0.7368421052631579
3422,14,2,2,0,0,18,0.7777777777777778
3423,16,2,2,0,0,20,0.8
3424,13,2,3,0,0,18,0.7222222222222222
3425,13,2,2,0,0,17,0.7647058823529411
3426,13,2,2,0,0,17,0.7647058823529411
3427,13,2,3,0,0,18,0.7222222222222222
3428,13,2,3,0,0,18,0.7222222222222222
3429,12,1,2,0,0,15,0.8
3430,14,1,3,0,0,18,0.7777777777777778
3431,14,2,2,0,0,18,0.7777777777777778
3432,13,2,3,0,0,18,0.7222222222222222
3433,14,1,2,0,0,17,0.8235294117647058
3434,14,2,3,0,0,19,0.7368421052631579
3435,13,2,2,0,0,17,0.7647058823529411
3436,13,2,2,0,0,17,0.7647058823529411
3437,12,1,3,0,0,16,0.75
3438,13,2,3,0,0,18,0.7222222222222222
3439,13,1,2,0,0,16,0.8125
3440,14,1,3,0,0,18,0.7777777777777778
3441,14,2,2,0,0,18,0.7777777777777778
3442,15,2,3,0,0,20,0.75
3443,12,2,2,0,0,16,0.75
3444,13,2,3,0,0,18,0.7222222222222222
3445,14,2,2,0,0,18,0.7777777777777778
3446,12,2,2,0,0,16,0.75
3447,14,2,3,0,0,19,0.7368421052631579
3448,14,2,3,0,0,19,0.7368421052631579
3449,14,2,3,0,0,19,0.7368421052631579
3450,12,2,2,0,0,16,0.75
3451,14,2,2,0,0,18,0.7777777777777778
3452,13,2,2,0,0,17,0.7647058823529411
3453,13,2,3,0,0,18,0.7222222222222222
3454,14,2,2,0,0,18,0.7777777777777778
3455,15,2,3,0,0,20,0.75
3456,14,2,2,0,0,18,0.7777777777777778
3457,12,2,2,0,0,16,0.75
3458,11,2,2,0,0,15,0.7333333333333333
3459,14,2,3,0,0,19,0.7368421052631579
3460,12,2,2,0,0,16,0.75
3461,14,2,2,0,0,18,0.7777777777777778
3462,12,2,2,0,0,16,0.75
3463,12,2,2,0,0,16,0.75
3464,12,2,2,0,0,16,0.75
3465,12,2,2,0,0,16,0.75
3466,13,2,2,0,0,17,0.7647058823529411
3467,15,2,2,0,0,19,0.7894736842105263
3468,15,2,2,0,0,19,0.7894736842105263
3469,14,2,2,0,0,18,0.7777777777777778
3470,14,2,2,0,0,18,0.7777777777777778
3471,13,1,2,0,0,16,0.8125
3472,11,1,2,0,0,14,0.7857142857142857
3473,12,1,2,0,0,15,0.8
3474,13,1,2,0,0,16,0.8125
3475,12,1,3,0,0,16,0.75
3476,12,2,2,0,0,16,0.75
3477,13,2,2,0,0,17,0.7647058823529411
3478,12,1,3,0,0,16,0.75
3479,13,1,3,0,0,17,0.7647058823529411
3480,12,2,2,0,0,16,0.75
3481,12,1,2,0,0,15,0.8
3482,11,2,2,0,0,15,0.7333333333333333
3483,14,2,2,0,0,18,0.7777777777777778
3484,14,2,2,0,0,18,0.7777777777777778
3485,16,2,2,0,0,20,0.8
3486,14,2,2,0,0,18,0.7777777777777778
3487,14,2,2,0,0,18,0.7777777777777778
3488,11,1,3,0,0,15,0.7333333333333333
3489,12,2,2,0,0,16,0.75
3490,13,2,2,0,0,17,0.7647058823529411
3491,14,2,2,0,0,18,0.7777777777777778
3492,14,2,2,0,0,18,0.7777777777777778
3493,13,1,2,0,0,16,0.8125
3494,15,2,2,0,0,19,0.7894736842105263
3495,14,2,2,0,0,18,0.7777777777777778
3496,12,2,2,0,0,16,0.75
3497,13,1,2,0,0,16,0.8125
3498,12,2,2,0,0,16,0.75
3499,12,2,2,0,0,16,0.75
3500,12,2,2,0,0,16,0.75
3501,15,2,2,0,0,19,0.7894736842105263
3502,14,2,2,0,0,18,0.7777777777777778
3503,12,2,2,0,0,16,0.75
3504,13,2,2,0,0,17,0.7647058823529411
3505,13,2,2,0,0,17,0.7647058823529411
3506,14,2,2,0,0,18,0.7777777777777778
3507,12,2,2,0,0,16,0.75
3508,14,2,2,0,0,18,0.7777777777777778
3509,14,2,2,0,0,18,0.7777777777777778
3510,13,2,2,0,0,17,0.7647058823529411
3511,15,2,2,0,0,19,0.7894736842105263
3512,15,2,2,0,0,19,0.7894736842105263
3513,13,2,2,0,0,17,0.7647058823529411
3514,12,2,2,0,0,16,0.75
3515,12,2,2,0,0,16,0.75
3516,12,2,2,0,0,16,0.75
3517,15,2,2,0,0,19,0.7894736842105263
3518,12,2,2,0,0,16,0.75
3519,13,2,2,0,0,17,0.7647058823529411
3520,14,2,2,0,0,18,0.7777777777777778
3521,12,2,2,0,0,16,0.75
3522,13,2,2,0,0,17,0.7647058823529411
3523,14,2,2,0,0,18,0.7777777777777778
3524,12,2,2,0,0,16,0.75
3525,15,2,2,0,0,19,0.7894736842105263
3526,15,2,2,0,0,19,0.7894736842105263
3527,13,2,2,0,0,17,0.7647058823529411
3528,13,2,3,0,0,18,0.7222222222222222
3529,13,2,2,0,0,17,0.7647058823529411
3530,14,2,2,0,0,18,0.7777777777777778
3531,12,2,2,0,0,16,0.75
3532,12,2,2,0,0,16,0.75
3533,12,2,2,0,0,16,0.75
3534,14,2,2,0,0,18,0.7777777777777778
3535,14,2,2,0,0,18,0.7777777777777778
3536,13,2,2,0,0,17,0.7647058823529411
3537,14,2,2,0,0,18,0.7777777777777778
3538,13,2,2,0,0,17,0.7647058823529411
3539,12,2,2,0,0,16,0.75
3540,13,2,2,0,0,17,0.7647058823529411
3541,13,2,2,0,0,17,0.7647058823529411
3542,14,2,2,0,0,18,0.7777777777777778
3543,14,2,2,0,0,18,0.7777777777777778
3544,15,2,2,0,0,19,0.7894736842105263
3545,14,2,3,0,0,19,0.7368421052631579
3546,13,2,3,0,0,18,0.7222222222222222
3547,11,1,2,0,0,14,0.7857142857142857
3548,13,1,2,0,0,16,0.8125
3549,14,2,2,0,0,18,0.7777777777777778
3550,13,2,2,0,0,17,0.7647058823529411
3551,13,2,3,0,0,18,0.7222222222222222
3552,13,1,3,0,0,17,0.7647058823529411
3553,14,2,2,0,0,18,0.7777777777777778
3554,12,1,3,0,0,16,0.75
3555,13,0,2,0,0,15,0.8666666666666667
3556,11,2,2,0,0,15,0.7333333333333333
3557,12,2,2,0,0,16,0.75
3558,12,2,3,0,0,17,0.7058823529411765
3559,15,2,2,0,0,19,0.7894736842105263
3560,12,2,2,0,0,16,0.75
3561,13,2,3,0,0,18,0.7222222222222222
3562,12,2,2,0,0,16,0.75
3563,15,2,3,0,0,20,0.75
3564,12,2,2,0,0,16,0.75
3565,12,2,3,0,0,17,0.7058823529411765
3566,10,2,3,0,0,15,0.6666666666666666
3567,10,2,3,0,0,15,0.6666666666666666
3568,12,2,3,0,0,17,0.7058823529411765
3569,14,3,3,0,0,20,0.7
3570,13,2,2,0,0,17,0.7647058823529411
3571,13,2,3,0,0,18,0.7222222222222222
3572,14,2,2,0,0,18,0.7777777777777778
3573,14,2,2,0,0,18,0.7777777777777778
3574,13,3,3,0,0,19,0.6842105263157895
3575,13,2,3,0,0,18,0.7222222222222222
3576,11,2,3,0,0,16,0.6875
3577,12,2,3,0,0,17,0.7058823529411765
3578,14,2,3,0,0,19,0.7368421052631579
3579,15,2,2,0,0,19,0.7894736842105263
3580,13,2,2,0,0,17,0.7647058823529411
3581,14,2,2,0,0,18,0.7777777777777778
3582,14,3,3,0,0,20,0.7
3583,14,2,2,0,0,18,0.7777777777777778
3584,13,2,2,0,0,17,0.7647058823529411
3585,15,2,2,0,0,19,0.7894736842105263
3586,14,1,2,0,0,17,0.8235294117647058
3587,13,2,3,0,0,18,0.7222222222222222
3588,14,2,2,0,0,18,0.7777777777777778
3589,14,2,2,0,0,18,0.7777777777777778
3590,14,2,2,0,0,18,0.7777777777777778
3591,15,2,2,0,0,19,0.7894736842105263
3592,14,2,2,0,0,18,0.7777777777777778
3593,14,2,2,0,0,18,0.7777777777777778
3594,16,2,2,0,0,20,0.8
3595,12,2,2,0,0,16,0.75
3596,13,1,2,0,0,16,0.8125
3597,15,2,2,0,0,19,0.7894736842105263
3598,13,2,2,0,0,17,0.7647058823529411
3599,13,2,2,0,0,17,0.7647058823529411
3600,15,2,3,0,0,20,0.75
3601,14,2,2,0,0,18,0.7777777777777778
3602,13,1,3,0,0,17,0.7647058823529411
3603,15,2,2,0,0,19,0.7894736842105263
3604,12,2,2,0,0,16,0.75
3605,12,2,3,0,0,17,0.7058823529411765
3606,13,2,2,0,0,17,0.7647058823529411
3607,13,2,2,0,0,17,0.7647058823529411
3608,13,1,3,0,0,17,0.7647058823529411
3609,14,2,2,0,0,18,0.7777777777777778
3610,14,2,3,0,0,19,0.7368421052631579
3611,11,1,3,0,0,15,0.7333333333333333
3612,11,2,3,0,0,16,0.6875
3613,10,1,3,0,0,14,0.7142857142857143
3614,13,1,3,0,0,17,0.7647058823529411
3615,12,2,3,0,0,17,0.7058823529411765
3616,13,2,3,0,0,18,0.7222222222222222
3617,14,2,2,0,0,18,0.7777777777777778
3618,12,1,3,0,0,16,0.75
3619,14,2,2,0,0,18,0.7777777777777778
3620,12,2,3,0,0,17,0.7058823529411765
3621,13,2,2,0,0,17,0.7647058823529411
3622,11,2,3,0,0,16,0.6875
3623,13,2,3,0,0,18,0.7222222222222222
3624,13,1,3,0,0,17,0.7647058823529411
3625,15,2,3,0,0,20,0.75
3626,13,2,3,0,0,18,0.7222222222222222
3627,14,2,3,0,0,19,0.7368421052631579
3628,13,2,3,0,0,18,0.7222222222222222
3629,13,2,2,0,0,17,0.7647058823529411
3630,15,2,3,0,0,20,0.75
3631,15,2,3,0,0,20,0.75
3632,15,2,2,0,0,19,0.7894736842105263
3633,15,2,2,0,0,19,0.7894736842105263
3634,14,2,3,0,0,19,0.7368421052631579
3635,15,2,3,0,0,20,0.75
3636,11,2,2,0,0,15,0.7333333333333333
3637,11,2,3,0,0,16,0.6875
3638,12,1,3,0,0,16,0.75
3639,13,2,3,0,0,18,0.7222222222222222
3640,13,2,2,0,0,17,0.7647058823529411
3641,15,2,2,0,0,19,0.7894736842105263
3642,10,1,3,0,0,14,0.7142857142857143
3643,13,2,3,0,0,18,0.7222222222222222
3644,14,2,3,0,0,19,0.7368421052631579
3645,13,2,2,0,0,17,0.7647058823529411
3646,13,1,3,0,0,17,0.7647058823529411
3647,13,2,3,0,0,18,0.7222222222222222
3648,14,2,3,0,0,19,0.7368421052631579
3649,14,2,2,0,0,18,0.7777777777777778
3650,13,2,3,0,0,18,0.7222222222222222
3651,13,2,3,0,0,18,0.7222222222222222
3652,11,1,3,0,0,15,0.7333333333333333
3653,13,2,2,0,0,17,0.7647058823529411
3654,14,2,3,0,0,19,0.7368421052631579
3655,14,2,3,0,0,19,0.7368421052631579
3656,12,1,2,0,0,15,0.8
3657,15,2,2,0,0,19,0.7894736842105263
3658,14,2,2,0,0,18,0.7777777777777778
3659,11,2,2,0,0,15,0.7333333333333333
3660,13,2,3,0,0,18,0.7222222222222222
3661,13,2,2,0,0,17,0.7647058823529411
3662,12,1,2,0,0,15,0.8
3663,12,2,3,0,0,17,0.7058823529411765
3664,14,2,3,0,0,19,0.7368421052631579
3665,12,1,3,0,0,16,0.75
3666,12,2,3,0,0,17,0.7058823529411765
3667,14,2,3,0,0,19,0.7368421052631579
3668,14,2,2,0,0,18,0.7777777777777778
3669,14,1,2,0,0,17,0.8235294117647058
3670,15,2,3,0,0,20,0.75
3671,12,1,3,0,0,16,0.75
3672,13,2,2,0,0,17,0.7647058823529411
3673,11,2,2,0,0,15,0.7333333333333333
3674,14,2,2,0,0,18,0.7777777777777778
3675,12,2,2,0,0,16,0.75
3676,13,2,2,0,0,17,0.7647058823529411
3677,11,1,2,0,0,14,0.7857142857142857
3678,12,2,3,0,0,17,0.7058823529411765
3679,12,1,2,0,0,15,0.8
3680,13,2,3,0,0,18,0.7222222222222222
3681,14,2,2,0,0,18,0.7777777777777778
3682,12,2,2,0,0,16,0.75
3683,14,2,2,0,0,18,0.7777777777777778
3684,14,2,2,0,0,18,0.7777777777777778
3685,13,1,2,0,0,16,0.8125
3686,13,2,2,0,0,17,0.7647058823529411
3687,14,2,2,0,0,18,0.7777777777777778
3688,14,2,1,0,0,17,0.8235294117647058
3689,12,2,2,0,0,16,0.75
3690,13,2,3,0,0,18,0.7222222222222222
3691,11,2,2,0,0,15,0.7333333333333333
3692,13,2,1,0,0,16,0.8125
3693,10,3,2,0,0,15,0.6666666666666666
3694,13,3,2,0,0,18,0.7222222222222222
3695,13,2,2,0,0,17,0.7647058823529411
3696,13,2,2,0,0,17,0.7647058823529411
3697,14,3,2,0,0,19,0.7368421052631579
3698,13,2,3,0,0,18,0.7222222222222222
3699,12,2,2,0,0,16,0.75
3700,13,2,2,0,0,17,0.7647058823529411
3701,12,2,2,0,0,16,0.75
3702,11,3,2,0,0,16,0.6875
3703,13,3,3,0,0,19,0.6842105263157895
3704,13,2,2,0,0,17,0.7647058823529411
3705,12,3,2,0,0,17,0.7058823529411765
3706,11,3,2,0,0,16,0.6875
3707,13,3,2,0,0,18,0.7222222222222222
3708,13,3,1,0,0,17,0.7647058823529411
3709,11,2,2,0,0,15,0.7333333333333333
3710,12,3,2,0,0,17,0.7058823529411765
3711,11,3,2,0,0,16,0.6875
3712,12,3,2,0,0,17,0.7058823529411765
3713,11,3,2,0,0,16,0.6875
3714,13,2,1,0,0,16,0.8125
3715,10,3,2,0,0,15,0.6666666666666666
3716,13,1,2,0,0,16,0.8125
3717,12,2,2,0,0,16,0.75
3718,12,3,2,0,0,17,0.7058823529411765
3719,14,3,2,0,0,19,0.7368421052631579
3720,12,3,2,0,0,17,0.7058823529411765
3721,13,3,2,0,0,18,0.7222222222222222
3722,13,2,2,0,0,17,0.7647058823529411
3723,12,3,2,0,0,17,0.7058823529411765
3724,11,3,2,0,0,16,0.6875
3725,8,3,2,0,0,13,0.6153846153846154
3726,12,2,2,0,0,16,0.75
3727,13,2,2,0,0,17,0.7647058823529411
3728,13,3,2,0,0,18,0.7222222222222222
3729,12,3,2,0,0,17,0.7058823529411765
3730,11,3,2,0,0,16,0.6875
3731,12,3,2,0,0,17,0.7058823529411765
3732,15,3,2,0,0,20,0.75
3733,12,3,3,0,0,18,0.6666666666666666
3734,13,2,2,0,0,17,0.7647058823529411
3735,12,3,2,0,0,17,0.7058823529411765
3736,13,3,2,0,0,18,0.7222222222222222
3737,14,3,2,0,0,19,0.7368421052631579
3738,13,3,2,0,0,18,0.7222222222222222
3739,13,3,2,0,0,18,0.7222222222222222
3740,12,3,2,0,0,17,0.7058823529411765
3741,12,3,2,0,0,17,0.7058823529411765
3742,14,3,2,0,0,19,0.7368421052631579
3743,12,3,2,0,0,17,0.7058823529411765
3744,11,3,2,0,0,16,0.6875
3745,12,3,2,0,0,17,0.7058823529411765
3746,14,3,2,0,0,19,0.7368421052631579
3747,12,3,2,0,0,17,0.7058823529411765
3748,12,2,3,0,0,17,0.7058823529411765
3749,12,3,3,0,0,18,0.6666666666666666
3750,12,3,3,0,0,18,0.6666666666666666
3751,12,2,1,0,0,15,0.8
3752,10,2,3,0,0,15,0.6666666666666666
3753,13,3,2,0,0,18,0.7222222222222222
3754,14,2,2,0,0,18,0.7777777777777778
3755,11,3,3,0,0,17,0.6470588235294118
3756,11,2,2,0,0,15,0.7333333333333333
3757,13,3,2,0,0,18,0.7222222222222222
3758,12,3,2,0,0,17,0.7058823529411765
3759,12,3,2,0,0,17,0.7058823529411765
3760,12,3,2,0,0,17,0.7058823529411765
3761,13,3,3,0,0,19,0.6842105263157895
3762,12,3,2,0,0,17,0.7058823529411765
3763,12,3,2,0,0,17,0.7058823529411765
3764,12,3,3,0,0,18,0.6666666666666666
3765,12,2,2,0,0,16,0.75
3766,13,3,2,0,0,18,0.7222222222222222
3767,12,3,2,0,0,17,0.7058823529411765
3768,11,2,2,0,0,15,0.7333333333333333
3769,12,3,2,0,0,17,0.7058823529411765
3770,14,3,2,0,0,19,0.7368421052631579
3771,14,3,2,0,0,19,0.7368421052631579
3772,14,3,2,0,0,19,0.7368421052631579
3773,13,3,2,0,0,18,0.7222222222222222
3774,12,2,2,0,0,16,0.75
3775,13,2,2,0,0,17,0.7647058823529411
3776,13,3,2,0,0,18,0.7222222222222222
3777,13,2,2,0,0,17,0.7647058823529411
3778,14,3,2,0,0,19,0.7368421052631579
3779,13,3,2,0,0,18,0.7222222222222222
3780,13,2,2,0,0,17,0.7647058823529411
3781,14,3,2,0,0,19,0.7368421052631579
3782,10,2,2,0,0,14,0.7142857142857143
3783,12,3,2,0,0,17,0.7058823529411765
3784,12,3,2,0,0,17,0.7058823529411765
3785,12,2,2,0,0,16,0.75
3786,12,3,2,0,0,17,0.7058823529411765
3787,11,3,2,0,0,16,0.6875
3788,11,3,2,0,0,16,0.6875
3789,12,3,2,0,0,17,0.7058823529411765
3790,12,3,2,0,0,17,0.7058823529411765
3791,12,3,2,0,0,17,0.7058823529411765
3792,12,3,2,0,0,17,0.7058823529411765
3793,13,3,2,0,0,18,0.7222222222222222
3794,13,3,2,0,0,18,0.7222222222222222
3795,11,3,2,0,0,16,0.6875
3796,13,3,2,0,0,18,0.7222222222222222
3797,13,3,2,0,0,18,0.7222222222222222
3798,14,2,3,0,0,19,0.7368421052631579
3799,14,3,3,0,0,20,0.7
3800,12,2,2,0,0,16,0.75
3801,14,3,3,0,0,20,0.7
3802,13,3,2,0,0,18,0.7222222222222222
3803,14,3,2,0,0,19,0.7368421052631579
3804,14,3,1,0,0,18,0.7777777777777778
3805,13,2,2,0,0,17,0.7647058823529411
3806,13,3,1,0,0,17,0.7647058823529411
3807,13,2,2,0,0,17,0.7647058823529411
3808,12,2,2,0,0,16,0.75
3809,14,2,1,0,0,17,0.8235294117647058
3810,12,2,1,0,0,15,0.8
3811,13,2,2,0,0,17,0.7647058823529411
3812,13,2,2,0,0,17,0.7647058823529411
3813,12,3,2,0,0,17,0.7058823529411765
3814,14,3,1,0,0,18,0.7777777777777778
3815,13,2,1,0,0,16,0.8125
3816,15,2,3,0,0,20,0.75
3817,15,2,2,0,0,19,0.7894736842105263
3818,14,3,2,0,0,19,0.7368421052631579
3819,15,2,2,0,0,19,0.7894736842105263
3820,14,2,2,0,0,18,0.7777777777777778
3821,13,2,2,0,0,17,0.7647058823529411
3822,13,3,2,0,0,18,0.7222222222222222
3823,12,3,2,0,0,17,0.7058823529411765
3824,13,2,2,0,0,17,0.7647058823529411
3825,14,3,2,0,0,19,0.7368421052631579
3826,14,2,2,0,0,18,0.7777777777777778
3827,12,3,2,0,0,17,0.7058823529411765
3828,14,3,2,0,0,19,0.7368421052631579
3829,14,3,1,0,0,18,0.7777777777777778
3830,12,3,2,0,0,17,0.7058823529411765
3831,11,2,2,0,0,15,0.7333333333333333
3832,13,2,3,0,0,18,0.7222222222222222
3833,14,2,2,0,0,18,0.7777777777777778
3834,10,2,2,0,0,14,0.7142857142857143
3835,12,3,1,0,0,16,0.75
3836,12,3,1,0,0,16,0.75
3837,13,3,1,0,0,17,0.7647058823529411
3838,12,3,2,0,0,17,0.7058823529411765
3839,12,3,1,0,0,16,0.75
3840,12,5,2,0,0,19,0.631578947368421
3841,13,2,1,0,0,16,0.8125
3842,11,3,3,0,0,17,0.6470588235294118
3843,13,4,1,0,0,18,0.7222222222222222
3844,13,2,1,0,0,16,0.8125
3845,13,5,1,0,0,19,0.6842105263157895
3846,16,3,1,0,0,20,0.8
3847,11,5,1,0,0,17,0.6470588235294118
3848,13,5,1,0,0,19,0.6842105263157895
3849,12,4,1,0,0,17,0.7058823529411765
3850,13,4,1,0,0,18,0.7222222222222222
3851,12,3,2,0,0,17,0.7058823529411765
3852,9,4,2,0,0,15,0.6
3853,11,3,2,0,0,16,0.6875
3854,14,3,2,0,0,19,0.7368421052631579
3855,11,3,3,0,0,17,0.6470588235294118
3856,12,3,2,0,0,17,0.7058823529411765
3857,13,2,3,0,0,18,0.7222222222222222
3858,12,3,3,0,0,18,0.6666666666666666
3859,13,2,2,0,0,17,0.7647058823529411
3860,12,2,3,0,0,17,0.7058823529411765
3861,13,3,2,0,0,18,0.7222222222222222
3862,12,3,2,0,0,17,0.7058823529411765
3863,13,2,1,0,0,16,0.8125
3864,12,2,3,0,0,17,0.7058823529411765
3865,13,2,2,0,0,17,0.7647058823529411
3866,12,3,3,0,0,18,0.6666666666666666
3867,12,3,3,0,0,18,0.6666666666666666
3868,13,3,2,0,0,18,0.7222222222222222
3869,13,3,3,0,0,19,0.6842105263157895
3870,12,2,3,0,0,17,0.7058823529411765
3871,10,1,2,0,0,13,0.7692307692307693
3872,11,2,2,0,0,15,0.7333333333333333
3873,10,3,2,0,0,15,0.6666666666666666
3874,11,3,2,0,0,16,0.6875
3875,12,3,3,0,0,18,0.6666666666666666
3876,13,3,2,0,0,18,0.7222222222222222
3877,11,3,2,0,0,16,0.6875
3878,13,3,2,0,0,18,0.7222222222222222
3879,15,3,2,0,0,20,0.75
3880,11,3,3,0,0,17,0.6470588235294118
3881,13,2,2,0,0,17,0.7647058823529411
3882,12,3,2,0,0,17,0.7058823529411765
3883,12,3,2,0,0,17,0.7058823529411765
3884,11,3,2,0,0,16,0.6875
3885,12,3,2,0,0,17,0.7058823529411765
3886,15,3,2,0,0,20,0.75
3887,10,3,2,0,0,15,0.6666666666666666
3888,12,2,3,0,0,17,0.7058823529411765
3889,12,2,3,0,0,17,0.7058823529411765
3890,12,3,2,0,0,17,0.7058823529411765
3891,13,3,2,0,0,18,0.7222222222222222
3892,11,3,2,0,0,16,0.6875
3893,11,3,2,0,0,16,0.6875
3894,13,2,2,0,0,17,0.7647058823529411
3895,11,3,1,0,0,15,0.7333333333333333
3896,14,3,3,0,0,20,0.7
3897,14,3,2,0,0,19,0.7368421052631579
3898,12,3,2,0,0,17,0.7058823529411765
3899,12,3,2,0,0,17,0.7058823529411765
3900,13,3,2,0,0,18,0.7222222222222222
3901,11,2,2,0,0,15,0.7333333333333333
3902,12,3,2,0,0,17,0.7058823529411765
3903,13,2,2,0,0,17,0.7647058823529411
3904,11,3,1,0,0,15,0.7333333333333333
3905,11,3,2,0,0,16,0.6875
3906,12,3,2,0,0,17,0.7058823529411765
3907,9,3,3,0,0,15,0.6
3908,11,2,2,0,0,15,0.7333333333333333
3909,11,3,3,0,0,17,0.6470588235294118
3910,13,3,3,0,0,19,0.6842105263157895
3911,13,3,2,0,0,18,0.7222222222222222
3912,12,3,2,0,0,17,0.7058823529411765
3913,14,1,1,0,0,16,0.875
3914,12,3,2,0,0,17,0.7058823529411765
3915,12,3,1,0,0,16,0.75
3916,13,3,3,0,0,19,0.6842105263157895
3917,12,3,1,0,0,16,0.75
3918,13,3,2,0,0,18,0.7222222222222222
3919,13,2,2,0,0,17,0.7647058823529411
3920,11,3,2,0,0,16,0.6875
3921,12,2,2,0,0,16,0.75
3922,12,3,2,0,0,17,0.7058823529411765
3923,15,2,3,0,0,20,0.75
3924,12,2,2,0,0,16,0.75
3925,10,3,3,0,0,16,0.625
3926,12,3,2,0,0,17,0.7058823529411765
3927,12,3,2,0,0,17,0.7058823529411765
3928,12,3,1,0,0,16,0.75
3929,11,3,2,0,0,16,0.6875
3930,10,2,2,0,0,14,0.7142857142857143
3931,12,3,2,0,0,17,0.7058823529411765
3932,12,3,2,0,0,17,0.7058823529411765
3933,14,3,2,0,0,19,0.7368421052631579
3934,11,3,2,0,0,16,0.6875
3935,13,3,2,0,0,18,0.7222222222222222
3936,13,3,2,0,0,18,0.7222222222222222
3937,13,3,2,0,0,18,0.7222222222222222
3938,11,3,2,0,0,16,0.6875
3939,12,2,2,0,0,16,0.75
3940,11,3,2,0,0,16,0.6875
3941,12,2,2,0,0,16,0.75
3942,15,3,2,0,0,20,0.75
3943,12,2,2,0,0,16,0.75
3944,12,2,2,0,0,16,0.75
3945,11,3,2,0,0,16,0.6875
3946,11,3,2,0,0,16,0.6875
3947,12,2,2,0,0,16,0.75
3948,11,2,2,0,0,15,0.7333333333333333
3949,12,3,2,0,0,17,0.7058823529411765
3950,11,2,2,0,0,15,0.7333333333333333
3951,14,3,2,0,0,19,0.7368421052631579
3952,14,3,1,0,0,18,0.7777777777777778
3953,13,3,2,0,0,18,0.7222222222222222
3954,13,2,2,0,0,17,0.7647058823529411
3955,12,3,2,0,0,17,0.7058823529411765
3956,14,2,2,0,0,18,0.7777777777777778
3957,14,3,2,0,0,19,0.7368421052631579
3958,13,3,2,0,0,18,0.7222222222222222
3959,15,3,2,0,0,20,0.75
3960,12,3,3,0,0,18,0.6666666666666666
3961,12,3,3,0,0,18,0.6666666666666666
3962,12,3,2,0,0,17,0.7058823529411765
3963,12,3,2,0,0,17,0.7058823529411765
3964,13,3,2,0,0,18,0.7222222222222222
3965,13,3,2,0,0,18,0.7222222222222222
3966,12,3,3,0,0,18,0.6666666666666666
3967,14,3,2,0,0,19,0.7368421052631579
3968,10,2,2,0,0,14,0.7142857142857143
3969,13,3,1,0,0,17,0.7647058823529411
3970,14,2,1,0,0,17,0.8235294117647058
3971,13,2,2,0,0,17,0.7647058823529411
3972,14,2,4,0,0,20,0.7
3973,14,1,3,0,0,18,0.7777777777777778
3974,12,2,2,0,0,16,0.75
3975,10,2,2,0,0,14,0.7142857142857143
3976,13,3,2,0,0,18,0.7222222222222222
3977,12,2,1,0,0,15,0.8
3978,12,3,1,0,0,16,0.75
3979,13,3,2,0,0,18,0.7222222222222222
3980,12,2,2,0,0,16,0.75
3981,11,3,2,0,0,16,0.6875
3982,13,3,2,0,0,18,0.7222222222222222
3983,12,3,3,0,0,18,0.6666666666666666
3984,12,2,2,0,0,16,0.75
3985,9,2,1,0,0,12,0.75
3986,13,3,2,0,0,18,0.7222222222222222
3987,14,3,1,0,0,18,0.7777777777777778
3988,15,2,1,0,0,18,0.8333333333333334
3989,13,3,3,0,0,19,0.6842105263157895
3990,13,2,2,0,0,17,0.7647058823529411
3991,12,3,2,0,0,17,0.7058823529411765
3992,13,2,2,0,0,17,0.7647058823529411
3993,12,2,2,0,0,16,0.75
3994,13,3,2,0,0,18,0.7222222222222222
3995,12,3,3,0,0,18,0.6666666666666666
3996,13,1,3,0,0,17,0.7647058823529411
3997,13,3,2,0,0,18,0.7222222222222222
3998,14,3,3,0,0,20,0.7
3999,11,3,3,0,0,17,0.6470588235294118
4000,12,3,1,0,0,16,0.75
4001,14,2,3,0,0,19,0.7368421052631579
4002,13,2,1,0,0,16,0.8125
4003,14,3,1,0,0,18,0.7777777777777778
4004,12,3,2,0,0,17,0.7058823529411765
4005,11,3,1,0,0,15,0.7333333333333333
4006,13,2,2,0,0,17,0.7647058823529411
4007,12,2,2,0,0,16,0.75
4008,13,3,2,0,0,18,0.7222222222222222
4009,13,3,2,0,0,18,0.7222222222222222
4010,12,3,1,0,0,16,0.75
4011,12,3,3,0,0,18,0.6666666666666666
4012,13,3,2,0,0,18,0.7222222222222222
4013,10,2,2,0,0,14,0.7142857142857143
4014,12,3,1,0,0,16,0.75
4015,12,3,1,0,0,16,0.75
4016,13,2,2,0,0,17,0.7647058823529411
4017,12,3,2,0,0,17,0.7058823529411765
4018,13,2,3,0,0,18,0.7222222222222222
4019,14,3,3,0,0,20,0.7
4020,9,2,3,0,0,14,0.6428571428571429
4021,11,3,2,0,0,16,0.6875
4022,13,3,3,0,0,19,0.6842105263157895
4023,15,3,3,0,0,21,0.7142857142857143
4024,13,3,3,0,0,19,0.6842105263157895
4025,13,3,1,0,0,17,0.7647058823529411
4026,14,3,1,0,0,18,0.7777777777777778
4027,11,3,1,0,0,15,0.7333333333333333
4028,13,3,2,0,0,18,0.7222222222222222
4029,13,3,2,0,0,18,0.7222222222222222
4030,13,3,1,0,0,17,0.7647058823529411
4031,14,3,2,0,0,19,0.7368421052631579
4032,13,2,1,0,0,16,0.8125
4033,14,3,2,0,0,19,0.7368421052631579
4034,12,3,2,0,0,17,0.7058823529411765
4035,12,3,2,0,0,17,0.7058823529411765
4036,13,3,2,0,0,18,0.7222222222222222
4037,13,3,2,0,0,18,0.7222222222222222
4038,12,3,2,0,0,17,0.7058823529411765
4039,13,3,2,0,0,18,0.7222222222222222
4040,12,3,2,0,0,17,0.7058823529411765
4041,14,3,2,0,0,19,0.7368421052631579
4042,15,3,2,0,0,20,0.75
4043,13,3,2,0,0,18,0.7222222222222222
4044,13,3,2,0,0,18,0.7222222222222222
4045,12,3,2,0,0,17,0.7058823529411765
4046,15,3,3,0,0,21,0.7142857142857143
4047,13,3,2,0,0,18,0.7222222222222222
4048,13,2,2,0,0,17,0.7647058823529411
4049,13,2,3,0,0,18,0.7222222222222222
4050,13,3,1,0,0,17,0.7647058823529411
4051,9,3,3,0,0,15,0.6
4052,11,3,3,0,0,17,0.6470588235294118
4053,12,3,3,0,0,18,0.6666666666666666
4054,13,3,3,0,0,19,0.6842105263157895
4055,10,4,3,0,0,17,0.5882352941176471
4056,12,3,3,0,0,18,0.6666666666666666
4057,11,2,3,0,0,16,0.6875
4058,12,3,1,0,0,16,0.75
4059,13,3,4,0,0,20,0.65
4060,14,2,3,0,0,19,0.7368421052631579
4061,14,3,4,0,0,21,0.6666666666666666
4062,13,3,3,0,0,19,0.6842105263157895
4063,13,3,3,0,0,19,0.6842105263157895
4064,14,3,4,0,0,21,0.6666666666666666
4065,15,3,3,0,0,21,0.7142857142857143
4066,14,3,3,0,0,20,0.7
4067,11,3,2,0,0,16,0.6875
4068,13,3,3,0,0,19,0.6842105263157895
4069,11,2,3,0,0,16,0.6875
4070,15,2,3,0,0,20,0.75
4071,15,3,2,0,0,20,0.75
4072,15,1,4,0,0,20,0.75
4073,11,3,3,0,0,17,0.6470588235294118
4074,14,3,3,0,0,20,0.7
4075,13,3,3,0,0,19,0.6842105263157895
4076,12,2,4,0,0,18,0.6666666666666666
4077,11,3,2,0,0,16,0.6875
4078,13,3,3,0,0,19,0.6842105263157895
4079,14,3,3,0,0,20,0.7
4080,12,3,2,0,0,17,0.7058823529411765
4081,16,3,3,0,0,22,0.7272727272727273
4082,12,3,2,0,0,17,0.7058823529411765
4083,12,3,2,0,0,17,0.7058823529411765
4084,12,3,2,0,0,17,0.7058823529411765
4085,12,3,3,0,0,18,0.6666666666666666
4086,13,3,3,0,0,19,0.6842105263157895
4087,13,3,3,0,0,19,0.6842105263157895
4088,14,3,2,0,0,19,0.7368421052631579
4089,13,3,3,0,0,19,0.6842105263157895
4090,15,2,3,0,0,20,0.75
4091,14,2,3,0,0,19,0.7368421052631579
4092,13,3,3,0,0,19,0.6842105263157895
4093,12,3,2,0,0,17,0.7058823529411765
4094,13,3,2,0,0,18,0.7222222222222222
4095,13,3,2,0,0,18,0.7222222222222222
4096,11,3,2,0,0,16,0.6875
4097,12,3,2,0,0,17,0.7058823529411765
4098,12,3,2,0,0,17,0.7058823529411765
4099,13,2,2,0,0,17,0.7647058823529411
4100,13,3,2,0,0,18,0.7222222222222222
4101,14,3,2,0,0,19,0.7368421052631579
4102,12,3,2,0,0,17,0.7058823529411765
4103,16,2,2,0,0,20,0.8
4104,14,3,2,0,0,19,0.7368421052631579
4105,14,2,2,0,0,18,0.7777777777777778
4106,13,2,2,0,0,17,0.7647058823529411
4107,14,3,2,0,0,19,0.7368421052631579
4108,13,3,2,0,0,18,0.7222222222222222
4109,13,2,2,0,0,17,0.7647058823529411
4110,12,3,2,0,0,17,0.7058823529411765
4111,14,3,2,0,0,19,0.7368421052631579
4112,14,3,2,0,0,19,0.7368421052631579
4113,12,3,2,0,0,17,0.7058823529411765
4114,11,2,2,0,0,15,0.7333333333333333
4115,14,3,3,0,0,20,0.7
4116,13,2,2,0,0,17,0.7647058823529411
4117,11,3,2,0,0,16,0.6875
4118,12,3,2,0,0,17,0.7058823529411765
4119,11,3,2,0,0,16,0.6875
4120,11,3,2,0,0,16,0.6875
4121,11,3,2,0,0,16,0.6875
4122,13,3,2,0,0,18,0.7222222222222222
4123,11,2,2,0,0,15,0.7333333333333333
4124,11,3,2,0,0,16,0.6875
4125,15,2,2,0,0,19,0.7894736842105263
4126,12,2,2,0,0,16,0.75
4127,12,3,2,0,0,17,0.7058823529411765
4128,11,3,2,0,0,16,0.6875
4129,10,3,2,0,0,15,0.6666666666666666
4130,12,3,2,0,0,17,0.7058823529411765
4131,12,3,2,0,0,17,0.7058823529411765
4132,13,3,2,0,0,18,0.7222222222222222
4133,12,2,2,0,0,16,0.75
4134,12,2,2,0,0,16,0.75
4135,12,3,2,0,0,17,0.7058823529411765
4136,14,3,2,0,0,19,0.7368421052631579
4137,12,2,3,0,0,17,0.7058823529411765
4138,10,3,2,0,0,15,0.6666666666666666
4139,11,2,2,0,0,15,0.7333333333333333
4140,12,3,3,0,0,18,0.6666666666666666
4141,15,3,2,0,0,20,0.75
4142,12,3,2,0,0,17,0.7058823529411765
4143,11,2,2,0,0,15,0.7333333333333333
4144,13,2,3,0,0,18,0.7222222222222222
4145,13,2,3,0,0,18,0.7222222222222222
4146,13,3,3,0,0,19,0.6842105263157895
4147,13,3,2,0,0,18,0.7222222222222222
4148,13,2,3,0,0,18,0.7222222222222222
4149,13,2,2,0,0,17,0.7647058823529411
4150,13,2,3,0,0,18,0.7222222222222222
4151,12,3,1,0,0,16,0.75
4152,13,2,3,0,0,18,0.7222222222222222
4153,13,3,3,0,0,19,0.6842105263157895
4154,13,3,2,0,0,18,0.7222222222222222
4155,14,3,2,0,0,19,0.7368421052631579
4156,15,3,2,0,0,20,0.75
4157,16,2,3,0,0,21,0.7619047619047619
4158,14,3,2,0,0,19,0.7368421052631579
4159,11,3,2,0,0,16,0.6875
4160,14,3,2,0,0,19,0.7368421052631579
4161,15,2,3,0,0,20,0.75
4162,16,2,3,0,0,21,0.7619047619047619
4163,13,3,2,0,0,18,0.7222222222222222
4164,15,2,2,0,0,19,0.7894736842105263
4165,14,3,2,0,0,19,0.7368421052631579
4166,15,3,3,0,0,21,0.7142857142857143
4167,14,3,1,0,0,18,0.7777777777777778
4168,14,2,2,0,0,18,0.7777777777777778
4169,14,2,2,0,0,18,0.7777777777777778
4170,13,3,2,0,0,18,0.7222222222222222
4171,13,2,2,0,0,17,0.7647058823529411
4172,13,3,2,0,0,18,0.7222222222222222
4173,14,3,2,0,0,19,0.7368421052631579
4174,12,2,2,0,0,16,0.75
4175,14,2,2,0,0,18,0.7777777777777778
4176,15,2,1,0,0,18,0.8333333333333334
4177,14,2,1,0,0,17,0.8235294117647058
4178,13,3,2,0,0,18,0.7222222222222222
4179,15,2,2,0,0,19,0.7894736842105263
4180,14,3,2,0,0,19,0.7368421052631579
4181,12,2,2,0,0,16,0.75
4182,16,2,1,0,0,19,0.8421052631578947
4183,16,3,2,0,0,21,0.7619047619047619
4184,14,3,3,0,0,20,0.7
4185,15,3,3,0,0,21,0.7142857142857143
4186,14,3,2,0,0,19,0.7368421052631579
4187,15,3,2,0,0,20,0.75
4188,15,1,3,0,0,19,0.7894736842105263
4189,13,3,2,0,0,18,0.7222222222222222
4190,14,2,3,0,0,19,0.7368421052631579
4191,15,2,2,0,0,19,0.7894736842105263
4192,14,3,2,0,0,19,0.7368421052631579
4193,15,2,3,0,0,20,0.75
4194,15,3,2,0,0,20,0.75
4195,12,1,3,0,0,16,0.75
4196,14,2,2,0,0,18,0.7777777777777778
4197,15,2,3,0,0,20,0.75
4198,15,1,2,0,0,18,0.8333333333333334
4199,14,2,2,0,0,18,0.7777777777777778
4200,13,3,2,0,0,18,0.7222222222222222
4201,15,1,3,0,0,19,0.7894736842105263
4202,13,2,2,0,0,17,0.7647058823529411
4203,14,2,3,0,0,19,0.7368421052631579
4204,15,3,2,0,0,20,0.75
4205,14,2,3,0,0,19,0.7368421052631579
4206,12,2,3,0,0,17,0.7058823529411765
4207,13,2,3,0,0,18,0.7222222222222222
4208,14,2,2,0,0,18,0.7777777777777778
4209,13,3,2,0,0,18,0.7222222222222222
4210,15,2,2,0,0,19,0.7894736842105263
4211,15,2,2,0,0,19,0.7894736842105263
4212,14,2,3,0,0,19,0.7368421052631579
4213,11,2,3,0,0,16,0.6875
4214,13,2,2,0,0,17,0.7647058823529411
4215,16,2,3,0,0,21,0.7619047619047619
4216,15,2,2,0,0,19,0.7894736842105263
4217,13,3,2,0,0,18,0.7222222222222222
4218,15,1,2,0,0,18,0.8333333333333334
4219,15,1,3,0,0,19,0.7894736842105263
4220,13,2,2,0,0,17,0.7647058823529411
4221,13,3,2,0,0,18,0.7222222222222222
4222,12,2,3,0,0,17,0.7058823529411765
4223,13,2,2,0,0,17,0.7647058823529411
4224,15,2,2,0,0,19,0.7894736842105263
4225,13,2,3,0,0,18,0.7222222222222222
4226,12,3,2,0,0,17,0.7058823529411765
4227,13,2,2,0,0,17,0.7647058823529411
4228,14,2,1,0,0,17,0.8235294117647058
4229,15,1,3,0,0,19,0.7894736842105263
4230,14,3,1,0,0,18,0.7777777777777778
4231,15,2,2,0,0,19,0.7894736842105263
4232,15,2,1,0,0,18,0.8333333333333334
4233,14,3,2,0,0,19,0.7368421052631579
4234,16,3,2,0,0,21,0.7619047619047619
4235,15,3,3,0,0,21,0.7142857142857143
4236,13,3,3,0,0,19,0.6842105263157895
4237,13,3,3,0,0,19,0.6842105263157895
4238,13,2,3,0,0,18,0.7222222222222222
4239,14,2,3,0,0,19,0.7368421052631579
4240,15,3,2,0,0,20,0.75
4241,14,3,2,0,0,19,0.7368421052631579
4242,14,3,2,0,0,19,0.7368421052631579
4243,12,3,2,0,0,17,0.7058823529411765
4244,14,3,3,0,0,20,0.7
4245,14,2,3,0,0,19,0.7368421052631579
4246,11,3,2,0,0,16,0.6875
4247,13,2,2,0,0,17,0.7647058823529411
4248,14,0,2,0,0,16,0.875
4249,14,3,2,0,0,19,0.7368421052631579
4250,13,3,2,0,0,18,0.7222222222222222
4251,10,3,3,0,0,16,0.625
4252,13,3,2,0,0,18,0.7222222222222222
4253,13,2,3,0,0,18,0.7222222222222222
4254,14,2,2,0,0,18,0.7777777777777778
4255,13,3,3,0,0,19,0.6842105263157895
4256,14,2,2,0,0,18,0.7777777777777778
4257,13,3,3,0,0,19,0.6842105263157895
4258,14,3,3,0,0,20,0.7
4259,15,2,2,0,0,19,0.7894736842105263
4260,14,3,2,0,0,19,0.7368421052631579
4261,14,1,3,0,0,18,0.7777777777777778
4262,14,2,3,0,0,19,0.7368421052631579
4263,14,1,3,0,0,18,0.7777777777777778
4264,15,3,3,0,0,21,0.7142857142857143
4265,15,2,2,0,0,19,0.7894736842105263
4266,17,2,2,0,0,21,0.8095238095238095
4267,14,3,2,0,0,19,0.7368421052631579
4268,13,3,3,0,0,19,0.6842105263157895
4269,15,3,3,0,0,21,0.7142857142857143
4270,14,2,3,0,0,19,0.7368421052631579
4271,15,3,3,0,0,21,0.7142857142857143
4272,12,3,3,0,0,18,0.6666666666666666
4273,15,2,2,0,0,19,0.7894736842105263
4274,14,3,2,0,0,19,0.7368421052631579
4275,14,2,3,0,0,19,0.7368421052631579
4276,13,2,1,0,0,16,0.8125
4277,13,2,1,0,0,16,0.8125
4278,13,2,2,0,0,17,0.7647058823529411
4279,14,2,2,0,0,18,0.7777777777777778
4280,14,2,3,0,0,19,0.7368421052631579
4281,14,2,3,0,0,19,0.7368421052631579
4282,14,3,3,0,0,20,0.7
4283,14,2,2,0,0,18,0.7777777777777778
4284,12,3,2,0,0,17,0.7058823529411765
4285,14,3,1,0,0,18,0.7777777777777778
4286,14,3,3,0,0,20,0.7
4287,14,3,3,0,0,20,0.7
4288,13,2,3,0,0,18,0.7222222222222222
4289,14,1,2,0,0,17,0.8235294117647058
4290,12,2,2,0,0,16,0.75
4291,14,2,2,0,0,18,0.7777777777777778
4292,14,3,3,0,0,20,0.7
4293,12,2,3,0,0,17,0.7058823529411765
4294,14,2,2,0,0,18,0.7777777777777778
4295,12,3,2,0,0,17,0.7058823529411765
4296,12,2,2,0,0,16,0.75
4297,13,3,2,0,0,18,0.7222222222222222
4298,12,2,2,0,0,16,0.75
4299,12,2,2,0,0,16,0.75
4300,12,3,2,0,0,17,0.7058823529411765
4301,12,2,2,0,0,16,0.75
4302,11,2,2,0,0,15,0.7333333333333333
4303,12,3,2,0,0,17,0.7058823529411765
4304,13,3,2,0,0,18,0.7222222222222222
4305,13,3,3,0,0,19,0.6842105263157895
4306,11,2,2,0,0,15,0.7333333333333333
4307,13,3,2,0,0,18,0.7222222222222222
4308,12,3,2,0,0,17,0.7058823529411765
4309,12,3,2,0,0,17,0.7058823529411765
4310,13,1,2,0,0,16,0.8125
4311,11,3,2,0,0,16,0.6875
4312,12,1,2,0,0,15,0.8
4313,12,3,2,0,0,17,0.7058823529411765
4314,12,3,3,0,0,18,0.6666666666666666
4315,13,3,3,0,0,19,0.6842105263157895
4316,14,2,2,0,0,18,0.7777777777777778
4317,13,2,3,0,0,18,0.7222222222222222
4318,12,2,2,0,0,16,0.75
4319,13,3,3,0,0,19,0.6842105263157895
4320,12,2,2,0,0,16,0.75
4321,13,2,2,0,0,17,0.7647058823529411
4322,13,2,3,0,0,18,0.7222222222222222
4323,13,3,3,0,0,19,0.6842105263157895
4324,11,3,2,0,0,16,0.6875
4325,12,2,2,0,0,16,0.75
4326,11,2,2,0,0,15,0.7333333333333333
4327,14,2,2,0,0,18,0.7777777777777778
4328,12,3,2,0,0,17,0.7058823529411765
4329,13,3,3,0,0,19,0.6842105263157895
4330,12,3,2,0,0,17,0.7058823529411765
4331,11,3,2,0,0,16,0.6875
4332,12,2,3,0,0,17,0.7058823529411765
4333,12,3,3,0,0,18,0.6666666666666666
4334,14,2,2,0,0,18,0.7777777777777778
4335,12,2,2,0,0,16,0.75
4336,12,2,2,0,0,16,0.75
4337,13,2,2,0,0,17,0.7647058823529411
4338,13,2,2,0,0,17,0.7647058823529411
4339,13,3,3,0,0,19,0.6842105263157895
4340,13,3,3,0,0,19,0.6842105263157895
4341,12,3,2,0,0,17,0.7058823529411765
4342,13,3,3,0,0,19,0.6842105263157895
4343,13,2,2,0,0,17,0.7647058823529411
4344,14,2,2,0,0,18,0.7777777777777778
4345,13,2,3,0,0,18,0.7222222222222222
4346,13,3,2,0,0,18,0.7222222222222222
4347,14,3,1,0,0,18,0.7777777777777778
4348,12,3,2,0,0,17,0.7058823529411765
4349,13,2,2,0,0,17,0.7647058823529411
4350,12,3,3,0,0,18,0.6666666666666666
4351,12,3,3,0,0,18,0.6666666666666666
4352,11,3,2,0,0,16,0.6875
4353,13,2,2,0,0,17,0.7647058823529411
4354,13,3,3,0,0,19,0.6842105263157895
4355,12,2,3,0,0,17,0.7058823529411765
4356,11,2,2,0,0,15,0.7333333333333333
4357,12,3,3,0,0,18,0.6666666666666666
4358,14,2,3,0,0,19,0.7368421052631579
4359,12,3,2,0,0,17,0.7058823529411765
4360,13,2,2,0,0,17,0.7647058823529411
4361,13,2,2,0,0,17,0.7647058823529411
4362,13,2,2,0,0,17,0.7647058823529411
4363,14,3,2,0,0,19,0.7368421052631579
4364,12,3,2,0,0,17,0.7058823529411765
4365,11,2,2,0,0,15,0.7333333333333333
4366,12,3,2,0,0,17,0.7058823529411765
4367,13,2,3,0,0,18,0.7222222222222222
4368,14,3,3,0,0,20,0.7
4369,12,3,2,0,0,17,0.7058823529411765
4370,14,2,2,0,0,18,0.7777777777777778
4371,13,3,2,0,0,18,0.7222222222222222
4372,12,3,2,0,0,17,0.7058823529411765
4373,13,3,2,0,0,18,0.7222222222222222
4374,13,3,2,0,0,18,0.7222222222222222
4375,13,2,2,0,0,17,0.7647058823529411
4376,13,3,3,0,0,19,0.6842105263157895
4377,13,3,2,0,0,18,0.7222222222222222
4378,14,3,3,0,0,20,0.7
4379,12,3,2,0,0,17,0.7058823529411765
4380,13,2,2,0,0,17,0.7647058823529411
4381,13,2,3,0,0,18,0.7222222222222222
4382,14,3,2,0,0,19,0.7368421052631579
4383,14,3,3,0,0,20,0.7
4384,12,1,3,0,0,16,0.75
4385,11,2,2,0,0,15,0.7333333333333333
4386,14,2,2,0,0,18,0.7777777777777778
4387,14,2,2,0,0,18,0.7777777777777778
4388,13,3,2,0,0,18,0.7222222222222222
4389,13,2,2,0,0,17,0.7647058823529411
4390,14,2,2,0,0,18,0.7777777777777778
4391,12,3,2,0,0,17,0.7058823529411765
4392,12,2,3,0,0,17,0.7058823529411765
4393,12,2,2,0,0,16,0.75
4394,13,3,2,0,0,18,0.7222222222222222
4395,13,2,2,0,0,17,0.7647058823529411
4396,15,3,3,0,0,21,0.7142857142857143
4397,13,3,3,0,0,19,0.6842105263157895
4398,15,2,2,0,0,19,0.7894736842105263
4399,13,3,2,0,0,18,0.7222222222222222
4400,14,3,2,0,0,19,0.7368421052631579
4401,11,3,2,0,0,16,0.6875
4402,13,3,2,0,0,18,0.7222222222222222
4403,13,2,2,0,0,17,0.7647058823529411
4404,14,2,2,0,0,18,0.7777777777777778
4405,11,2,3,0,0,16,0.6875
4406,12,3,2,0,0,17,0.7058823529411765
4407,13,2,2,0,0,17,0.7647058823529411
4408,14,2,2,0,0,18,0.7777777777777778
4409,13,3,2,0,0,18,0.7222222222222222
4410,13,2,3,0,0,18,0.7222222222222222
4411,14,1,2,0,0,17,0.8235294117647058
4412,13,2,2,0,0,17,0.7647058823529411
4413,14,3,2,0,0,19,0.7368421052631579
4414,12,2,2,0,0,16,0.75
4415,14,3,3,0,0,20,0.7
4416,13,2,2,0,0,17,0.7647058823529411
4417,12,3,3,0,0,18,0.6666666666666666
4418,14,2,3,0,0,19,0.7368421052631579
4419,13,3,2,0,0,18,0.7222222222222222
4420,12,2,1,0,0,15,0.8
4421,13,2,2,0,0,17,0.7647058823529411
4422,13,3,2,0,0,18,0.7222222222222222
4423,13,3,3,0,0,19,0.6842105263157895
4424,14,3,2,0,0,19,0.7368421052631579
4425,13,2,2,0,0,17,0.7647058823529411
4426,14,2,1,0,0,17,0.8235294117647058
4427,14,2,3,0,0,19,0.7368421052631579
4428,15,3,2,0,0,20,0.75
4429,12,3,2,0,0,17,0.7058823529411765
4430,15,3,2,0,0,20,0.75
4431,11,3,2,0,0,16,0.6875
4432,11,3,2,0,0,16,0.6875
4433,14,3,2,0,0,19,0.7368421052631579
4434,12,3,2,0,0,17,0.7058823529411765
4435,12,2,2,0,0,16,0.75
4436,12,2,3,0,0,17,0.7058823529411765
4437,13,3,1,0,0,17,0.7647058823529411
4438,12,2,2,0,0,16,0.75
4439,15,3,2,0,0,20,0.75
4440,14,2,2,0,0,18,0.7777777777777778
4441,12,3,2,0,0,17,0.7058823529411765
4442,12,2,2,0,0,16,0.75
4443,11,2,2,0,0,15,0.7333333333333333
4444,13,2,3,0,0,18,0.7222222222222222
4445,12,3,2,0,0,17,0.7058823529411765
4446,13,2,2,0,0,17,0.7647058823529411
4447,15,2,2,0,0,19,0.7894736842105263
4448,13,3,2,0,0,18,0.7222222222222222
4449,13,2,2,0,0,17,0.7647058823529411
4450,13,2,2,0,0,17,0.7647058823529411
4451,11,3,2,0,0,16,0.6875
4452,12,3,2,0,0,17,0.7058823529411765
4453,13,1,2,0,0,16,0.8125
4454,12,3,3,0,0,18,0.6666666666666666
4455,13,3,2,0,0,18,0.7222222222222222
4456,13,2,2,0,0,17,0.7647058823529411
4457,12,2,2,0,0,16,0.75
4458,12,3,2,0,0,17,0.7058823529411765
4459,14,2,2,0,0,18,0.7777777777777778
4460,13,3,2,0,0,18,0.7222222222222222
4461,11,3,2,0,0,16,0.6875
4462,12,2,2,0,0,16,0.75
4463,13,2,2,0,0,17,0.7647058823529411
4464,11,3,2,0,0,16,0.6875
4465,11,3,2,0,0,16,0.6875
4466,14,2,2,0,0,18,0.7777777777777778
4467,11,3,2,0,0,16,0.6875
4468,12,2,2,0,0,16,0.75
4469,12,2,3,0,0,17,0.7058823529411765
4470,11,2,3,0,0,16,0.6875
4471,13,2,3,0,0,18,0.7222222222222222
4472,12,2,3,0,0,17,0.7058823529411765
4473,14,3,2,0,0,19,0.7368421052631579
4474,13,2,2,0,0,17,0.7647058823529411
4475,12,2,3,0,0,17,0.7058823529411765
4476,11,1,2,0,0,14,0.7857142857142857
4477,12,3,2,0,0,17,0.7058823529411765
4478,11,2,2,0,0,15,0.7333333333333333
4479,13,3,2,0,0,18,0.7222222222222222
4480,10,2,2,0,0,14,0.7142857142857143
4481,12,3,3,0,0,18,0.6666666666666666
4482,12,2,2,0,0,16,0.75
4483,12,3,2,0,0,17,0.7058823529411765
4484,14,3,2,0,0,19,0.7368421052631579
4485,13,3,3,0,0,19,0.6842105263157895
4486,14,3,1,0,0,18,0.7777777777777778
4487,12,3,3,0,0,18,0.6666666666666666
4488,11,2,2,0,0,15,0.7333333333333333
4489,15,2,3,0,0,20,0.75
4490,14,3,2,0,0,19,0.7368421052631579
4491,14,2,2,0,0,18,0.7777777777777778
4492,13,2,2,0,0,17,0.7647058823529411
4493,12,3,3,0,0,18,0.6666666666666666
4494,13,3,2,0,0,18,0.7222222222222222
4495,12,3,2,0,0,17,0.7058823529411765
4496,13,2,3,0,0,18,0.7222222222222222
4497,14,3,3,0,0,20,0.7
4498,15,2,2,0,0,19,0.7894736842105263
4499,12,2,3,0,0,17,0.7058823529411765
4500,12,3,2,0,0,17,0.7058823529411765
4501,11,3,3,0,0,17,0.6470588235294118
4502,11,3,2,0,0,16,0.6875
4503,11,3,2,0,0,16,0.6875
4504,12,3,3,0,0,18,0.6666666666666666
4505,13,2,2,0,0,17,0.7647058823529411
4506,14,3,3,0,0,20,0.7
4507,13,3,3,0,0,19,0.6842105263157895
4508,11,3,2,0,0,16,0.6875
4509,13,2,2,0,0,17,0.7647058823529411
4510,13,3,2,0,0,18,0.7222222222222222
4511,11,3,2,0,0,16,0.6875
4512,13,2,2,0,0,17,0.7647058823529411
4513,12,3,2,0,0,17,0.7058823529411765
4514,15,2,2,0,0,19,0.7894736842105263
4515,14,3,2,0,0,19,0.7368421052631579
4516,13,3,2,0,0,18,0.7222222222222222
4517,13,3,2,0,0,18,0.7222222222222222
4518,12,3,2,0,0,17,0.7058823529411765
4519,13,3,2,0,0,18,0.7222222222222222
4520,13,3,2,0,0,18,0.7222222222222222
4521,13,3,2,0,0,18,0.7222222222222222
4522,12,2,2,0,0,16,0.75
4523,11,2,2,0,0,15,0.7333333333333333
4524,11,3,2,0,0,16,0.6875
4525,13,1,3,0,0,17,0.7647058823529411
4526,14,2,2,0,0,18,0.7777777777777778
4527,12,3,2,0,0,17,0.7058823529411765
4528,14,3,2,0,0,19,0.7368421052631579
4529,12,2,2,0,0,16,0.75
4530,13,2,2,0,0,17,0.7647058823529411
4531,12,3,3,0,0,18,0.6666666666666666
4532,12,3,2,0,0,17,0.7058823529411765
4533,14,3,2,0,0,19,0.7368421052631579
4534,13,2,3,0,0,18,0.7222222222222222
4535,14,3,2,0,0,19,0.7368421052631579
4536,13,3,2,0,0,18,0.7222222222222222
4537,12,3,2,0,0,17,0.7058823529411765
4538,13,3,2,0,0,18,0.7222222222222222
4539,14,2,3,0,0,19,0.7368421052631579
4540,11,1,2,0,0,14,0.7857142857142857
4541,10,3,2,0,0,15,0.6666666666666666
4542,14,1,2,0,0,17,0.8235294117647058
4543,13,2,2,0,0,17,0.7647058823529411
4544,13,3,3,0,0,19,0.6842105263157895
4545,13,2,3,0,0,18,0.7222222222222222
4546,13,2,1,0,0,16,0.8125
4547,13,3,2,0,0,18,0.7222222222222222
4548,12,3,2,0,0,17,0.7058823529411765
4549,13,2,2,0,0,17,0.7647058823529411
4550,13,3,3,0,0,19,0.6842105263157895
4551,13,3,2,0,0,18,0.7222222222222222
4552,12,3,4,0,0,19,0.631578947368421
4553,14,3,2,0,0,19,0.7368421052631579
4554,12,2,4,0,0,18,0.6666666666666666
4555,14,3,2,0,0,19,0.7368421052631579
4556,13,3,2,0,0,18,0.7222222222222222
4557,12,3,3,0,0,18,0.6666666666666666
4558,13,1,2,0,0,16,0.8125
4559,13,2,2,0,0,17,0.7647058823529411
4560,13,3,1,0,0,17,0.7647058823529411
4561,11,3,3,0,0,17,0.6470588235294118
4562,13,2,2,0,0,17,0.7647058823529411
4563,13,2,3,0,0,18,0.7222222222222222
4564,12,2,1,0,0,15,0.8
4565,14,3,2,0,0,19,0.7368421052631579
4566,13,3,2,0,0,18,0.7222222222222222
4567,13,2,3,0,0,18,0.7222222222222222
4568,10,2,2,0,0,14,0.7142857142857143
4569,12,3,3,0,0,18,0.6666666666666666
4570,13,3,3,0,0,19,0.6842105263157895
4571,13,2,3,0,0,18,0.7222222222222222
4572,13,2,3,0,0,18,0.7222222222222222
4573,12,3,3,0,0,18,0.6666666666666666
4574,12,3,2,0,0,17,0.7058823529411765
4575,13,3,2,0,0,18,0.7222222222222222
4576,13,3,3,0,0,19,0.6842105263157895
4577,14,2,2,0,0,18,0.7777777777777778
4578,13,1,3,0,0,17,0.7647058823529411
4579,13,3,2,0,0,18,0.7222222222222222
4580,14,2,3,0,0,19,0.7368421052631579
4581,13,3,2,0,0,18,0.7222222222222222
4582,14,3,2,0,0,19,0.7368421052631579
4583,12,3,2,0,0,17,0.7058823529411765
4584,15,3,3,0,0,21,0.7142857142857143
4585,13,2,3,0,0,18,0.7222222222222222
4586,13,3,2,0,0,18,0.7222222222222222
4587,15,2,3,0,0,20,0.75
4588,14,3,3,0,0,20,0.7
4589,13,3,3,0,0,19,0.6842105263157895
4590,13,3,2,0,0,18,0.7222222222222222
4591,13,3,3,0,0,19,0.6842105263157895
4592,12,3,2,0,0,17,0.7058823529411765
4593,13,3,3,0,0,19,0.6842105263157895
4594,13,3,3,0,0,19,0.6842105263157895
4595,11,3,3,0,0,17,0.6470588235294118
4596,11,3,2,0,0,16,0.6875
4597,12,3,2,0,0,17,0.7058823529411765
4598,10,2,2,0,0,14,0.7142857142857143
4599,11,2,3,0,0,16,0.6875
4600,12,1,3,0,0,16,0.75
4601,12,1,2,0,0,15,0.8
4602,11,3,2,0,0,16,0.6875
4603,12,1,4,0,0,17,0.7058823529411765
4604,11,1,2,0,0,14,0.7857142857142857
4605,12,2,3,0,0,17,0.7058823529411765
4606,12,2,4,0,0,18,0.6666666666666666
4607,10,1,4,0,0,15,0.6666666666666666
4608,12,2,3,0,0,17,0.7058823529411765
4609,10,2,4,0,0,16,0.625
4610,9,1,4,0,0,14,0.6428571428571429
4611,13,2,3,0,0,18,0.7222222222222222
4612,13,3,2,0,0,18,0.7222222222222222
4613,12,2,3,0,0,17,0.7058823529411765
4614,12,3,3,0,0,18,0.6666666666666666
4615,11,3,2,0,0,16,0.6875
4616,11,2,2,0,0,15,0.7333333333333333
4617,12,3,3,0,0,18,0.6666666666666666
4618,12,2,2,0,0,16,0.75
4619,14,2,2,0,0,18,0.7777777777777778
4620,14,3,3,0,0,20,0.7
4621,14,3,3,0,0,20,0.7
4622,14,2,2,0,0,18,0.7777777777777778
4623,12,2,3,0,0,17,0.7058823529411765
4624,13,2,3,0,0,18,0.7222222222222222
4625,10,2,2,0,0,14,0.7142857142857143
4626,12,3,2,0,0,17,0.7058823529411765
4627,13,2,2,0,0,17,0.7647058823529411
4628,12,1,2,0,0,15,0.8
4629,11,3,3,0,0,17,0.6470588235294118
4630,12,3,3,0,0,18,0.6666666666666666
4631,12,2,2,0,0,16,0.75
4632,12,1,4,0,0,17,0.7058823529411765
4633,11,2,3,0,0,16,0.6875
4634,13,3,4,0,0,20,0.65
4635,13,3,2,0,0,18,0.7222222222222222
4636,12,2,3,0,0,17,0.7058823529411765
4637,13,2,2,0,0,17,0.7647058823529411
4638,12,3,3,0,0,18,0.6666666666666666
4639,12,3,2,0,0,17,0.7058823529411765
4640,10,3,2,0,0,15,0.6666666666666666
4641,15,2,3,0,0,20,0.75
4642,13,2,3,0,0,18,0.7222222222222222
4643,15,2,3,0,0,20,0.75
4644,11,2,3,0,0,16,0.6875
4645,13,2,2,0,0,17,0.7647058823529411
4646,12,2,2,0,0,16,0.75
4647,13,2,2,0,0,17,0.7647058823529411
4648,12,3,2,0,0,17,0.7058823529411765
4649,11,3,2,0,0,16,0.6875
4650,13,2,3,0,0,18,0.7222222222222222
4651,12,2,2,0,0,16,0.75
4652,13,3,3,0,0,19,0.6842105263157895
4653,15,2,3,0,0,20,0.75
4654,12,3,2,0,0,17,0.7058823529411765
4655,12,3,2,0,0,17,0.7058823529411765
4656,12,3,2,0,0,17,0.7058823529411765
4657,11,3,3,0,0,17,0.6470588235294118
4658,13,2,3,0,0,18,0.7222222222222222
4659,12,2,3,0,0,17,0.7058823529411765
4660,11,3,3,0,0,17,0.6470588235294118
4661,13,2,3,0,0,18,0.7222222222222222
4662,13,3,3,0,0,19,0.6842105263157895
4663,10,3,4,0,0,17,0.5882352941176471
4664,11,3,2,0,0,16,0.6875
4665,10,3,3,0,0,16,0.625
4666,12,2,3,0,0,17,0.7058823529411765
4667,13,2,4,0,0,19,0.6842105263157895
4668,12,2,3,0,0,17,0.7058823529411765
4669,13,3,4,0,0,20,0.65
4670,13,3,3,0,0,19,0.6842105263157895
4671,13,2,2,0,0,17,0.7647058823529411
4672,11,2,3,0,0,16,0.6875
4673,12,2,3,0,0,17,0.7058823529411765
4674,11,3,3,0,0,17,0.6470588235294118
4675,14,2,3,0,0,19,0.7368421052631579
4676,12,2,2,0,0,16,0.75
4677,13,1,3,0,0,17,0.7647058823529411
4678,11,1,3,0,0,15,0.7333333333333333
4679,12,3,3,0,0,18,0.6666666666666666
4680,11,3,3,0,0,17,0.6470588235294118
4681,12,3,3,0,0,18,0.6666666666666666
4682,12,3,2,0,0,17,0.7058823529411765
4683,11,1,2,0,0,14,0.7857142857142857
4684,11,3,3,0,0,17,0.6470588235294118
4685,9,2,4,0,0,15,0.6
4686,13,3,3,0,0,19,0.6842105263157895
4687,13,3,2,0,0,18,0.7222222222222222
4688,12,3,2,0,0,17,0.7058823529411765
4689,13,2,2,0,0,17,0.7647058823529411
4690,13,3,2,0,0,18,0.7222222222222222
4691,10,2,2,0,0,14,0.7142857142857143
4692,11,2,2,0,0,15,0.7333333333333333
4693,11,3,2,0,0,16,0.6875
4694,10,2,3,0,0,15,0.6666666666666666
4695,12,3,2,0,0,17,0.7058823529411765
4696,13,1,3,0,0,17,0.7647058823529411
4697,12,2,3,0,0,17,0.7058823529411765
4698,12,2,3,0,0,17,0.7058823529411765
4699,14,2,2,0,0,18,0.7777777777777778
4700,12,3,2,0,0,17,0.7058823529411765
4701,13,3,2,0,0,18,0.7222222222222222
4702,14,2,2,0,0,18,0.7777777777777778
4703,13,3,2,0,0,18,0.7222222222222222
4704,12,3,2,0,0,17,0.7058823529411765
4705,11,2,2,0,0,15,0.7333333333333333
4706,13,2,2,0,0,17,0.7647058823529411
4707,12,3,3,0,0,18,0.6666666666666666
4708,12,3,3,0,0,18,0.6666666666666666
4709,13,2,4,0,0,19,0.6842105263157895
4710,14,3,3,0,0,20,0.7
4711,14,3,2,0,0,19,0.7368421052631579
4712,13,2,2,0,0,17,0.7647058823529411
4713,12,2,2,0,0,16,0.75
4714,14,3,2,0,0,19,0.7368421052631579
4715,11,3,2,0,0,16,0.6875
4716,12,3,2,0,0,17,0.7058823529411765
4717,12,3,2,0,0,17,0.7058823529411765
4718,13,2,2,0,0,17,0.7647058823529411
4719,12,3,1,0,0,16,0.75
4720,12,2,3,0,0,17,0.7058823529411765
4721,12,2,2,0,0,16,0.75
4722,12,2,2,0,0,16,0.75
4723,13,2,2,0,0,17,0.7647058823529411
4724,12,2,2,0,0,16,0.75
4725,12,2,2,0,0,16,0.75
4726,12,3,3,0,0,18,0.6666666666666666
4727,12,2,2,0,0,16,0.75
4728,11,3,2,0,0,16,0.6875
4729,12,2,3,0,0,17,0.7058823529411765
4730,12,3,2,0,0,17,0.7058823529411765
4731,12,2,2,0,0,16,0.75
4732,12,3,2,0,0,17,0.7058823529411765
4733,11,2,3,0,0,16,0.6875
4734,12,3,2,0,0,17,0.7058823529411765
4735,13,3,2,0,0,18,0.7222222222222222
4736,13,3,2,0,0,18,0.7222222222222222
4737,13,3,2,0,0,18,0.7222222222222222
4738,13,3,2,0,0,18,0.7222222222222222
4739,13,3,2,0,0,18,0.7222222222222222
4740,12,3,2,0,0,17,0.7058823529411765
4741,13,3,2,0,0,18,0.7222222222222222
4742,12,2,2,0,0,16,0.75
4743,12,2,2,0,0,16,0.75
4744,13,2,1,0,0,16,0.8125
4745,12,3,2,0,0,17,0.7058823529411765
4746,13,2,3,0,0,18,0.7222222222222222
4747,14,2,3,0,0,19,0.7368421052631579
4748,12,1,3,0,0,16,0.75
4749,13,2,2,0,0,17,0.7647058823529411
4750,10,3,3,0,0,16,0.625
4751,11,2,3,0,0,16,0.6875
4752,14,2,2,0,0,18,0.7777777777777778
4753,14,2,2,0,0,18,0.7777777777777778
4754,12,3,3,0,0,18,0.6666666666666666
4755,15,2,3,0,0,20,0.75
4756,13,2,2,0,0,17,0.7647058823529411
4757,13,3,3,0,0,19,0.6842105263157895
4758,14,2,2,0,0,18,0.7777777777777778
4759,13,2,2,0,0,17,0.7647058823529411
4760,14,2,2,0,0,18,0.7777777777777778
4761,15,2,2,0,0,19,0.7894736842105263
4762,13,2,2,0,0,17,0.7647058823529411
4763,13,2,2,0,0,17,0.7647058823529411
4764,14,2,3,0,0,19,0.7368421052631579
4765,13,1,2,0,0,16,0.8125
4766,13,2,2,0,0,17,0.7647058823529411
4767,16,2,1,0,0,19,0.8421052631578947
4768,13,1,2,0,0,16,0.8125
4769,13,2,2,0,0,17,0.7647058823529411
4770,11,2,2,0,0,15,0.7333333333333333
4771,12,2,2,0,0,16,0.75
4772,15,2,2,0,0,19,0.7894736842105263
4773,13,2,2,0,0,17,0.7647058823529411
4774,12,2,2,0,0,16,0.75
4775,13,2,3,0,0,18,0.7222222222222222
4776,12,2,2,0,0,16,0.75
4777,12,2,2,0,0,16,0.75
4778,11,1,2,0,0,14,0.7857142857142857
4779,11,2,2,0,0,15,0.7333333333333333
4780,12,2,2,0,0,16,0.75
4781,14,2,3,0,0,19,0.7368421052631579
4782,13,2,2,0,0,17,0.7647058823529411
4783,13,2,2,0,0,17,0.7647058823529411
4784,13,2,2,0,0,17,0.7647058823529411
4785,13,2,3,0,0,18,0.7222222222222222
4786,13,2,2,0,0,17,0.7647058823529411
4787,13,2,2,0,0,17,0.7647058823529411
4788,13,1,2,0,0,16,0.8125
4789,14,2,2,0,0,18,0.7777777777777778
4790,13,2,2,0,0,17,0.7647058823529411
4791,13,2,2,0,0,17,0.7647058823529411
4792,12,1,2,0,0,15,0.8
4793,14,2,2,0,0,18,0.7777777777777778
4794,12,2,2,0,0,16,0.75
4795,12,2,2,0,0,16,0.75
4796,12,1,2,0,0,15,0.8
4797,11,1,2,0,0,14,0.7857142857142857
4798,12,1,2,0,0,15,0.8
4799,11,1,2,0,0,14,0.7857142857142857
4800,12,2,2,0,0,16,0.75
4801,11,2,2,0,0,15,0.7333333333333333
4802,12,2,2,0,0,16,0.75
4803,13,1,2,0,0,16,0.8125
4804,13,2,3,0,0,18,0.7222222222222222
4805,12,2,2,0,0,16,0.75
4806,11,2,2,0,0,15,0.7333333333333333
4807,11,2,2,0,0,15,0.7333333333333333
4808,14,2,2,0,0,18,0.7777777777777778
4809,12,2,2,0,0,16,0.75
4810,13,2,3,0,0,18,0.7222222222222222
4811,12,2,2,0,0,16,0.75
4812,12,2,2,0,0,16,0.75
4813,11,2,3,0,0,16,0.6875
4814,13,2,3,0,0,18,0.7222222222222222
4815,13,2,3,0,0,18,0.7222222222222222
4816,14,2,3,0,0,19,0.7368421052631579
4817,14,2,3,0,0,19,0.7368421052631579
4818,13,2,2,0,0,17,0.7647058823529411
4819,13,2,2,0,0,17,0.7647058823529411
4820,11,2,2,0,0,15,0.7333333333333333
4821,13,2,3,0,0,18,0.7222222222222222
4822,13,2,2,0,0,17,0.7647058823529411
4823,14,2,3,0,0,19,0.7368421052631579
4824,12,2,2,0,0,16,0.75
4825,14,2,2,0,0,18,0.7777777777777778
4826,13,2,2,0,0,17,0.7647058823529411
4827,14,2,2,0,0,18,0.7777777777777778
4828,13,1,3,0,0,17,0.7647058823529411
4829,13,2,2,0,0,17,0.7647058823529411
4830,13,2,2,0,0,17,0.7647058823529411
4831,12,2,2,0,0,16,0.75
4832,12,2,2,0,0,16,0.75
4833,12,2,2,0,0,16,0.75
4834,13,2,2,0,0,17,0.7647058823529411
4835,11,2,2,0,0,15,0.7333333333333333
4836,13,2,2,0,0,17,0.7647058823529411
4837,14,2,2,0,0,18,0.7777777777777778
4838,13,2,2,0,0,17,0.7647058823529411
4839,14,2,2,0,0,18,0.7777777777777778
4840,12,2,2,0,0,16,0.75
4841,14,2,2,0,0,18,0.7777777777777778
4842,12,2,3,0,0,17,0.7058823529411765
4843,13,2,2,0,0,17,0.7647058823529411
4844,13,2,2,0,0,17,0.7647058823529411
4845,13,2,2,0,0,17,0.7647058823529411
4846,14,2,2,0,0,18,0.7777777777777778
4847,14,2,2,0,0,18,0.7777777777777778
4848,14,2,2,0,0,18,0.7777777777777778
4849,11,2,2,0,0,15,0.7333333333333333
4850,14,2,2,0,0,18,0.7777777777777778
4851,14,2,2,0,0,18,0.7777777777777778
4852,12,2,2,0,0,16,0.75
4853,12,2,2,0,0,16,0.75
4854,14,2,2,0,0,18,0.7777777777777778
4855,12,2,2,0,0,16,0.75
4856,12,2,2,0,0,16,0.75
4857,14,2,2,0,0,18,0.7777777777777778
4858,13,2,3,0,0,18,0.7222222222222222
4859,13,2,2,0,0,17,0.7647058823529411
4860,15,2,3,0,0,20,0.75
4861,11,2,2,0,0,15,0.7333333333333333
4862,12,2,2,0,0,16,0.75
4863,13,2,2,0,0,17,0.7647058823529411
4864,11,2,2,0,0,15,0.7333333333333333
4865,13,2,2,0,0,17,0.7647058823529411
4866,12,2,2,0,0,16,0.75
4867,12,2,2,0,0,16,0.75
4868,12,2,2,0,0,16,0.75
4869,12,2,2,0,0,16,0.75
4870,13,2,2,0,0,17,0.7647058823529411
4871,13,2,2,0,0,17,0.7647058823529411
4872,13,2,2,0,0,17,0.7647058823529411
4873,11,2,2,0,0,15,0.7333333333333333
4874,14,2,2,0,0,18,0.7777777777777778
4875,13,2,2,0,0,17,0.7647058823529411
4876,14,2,2,0,0,18,0.7777777777777778
4877,12,2,2,0,0,16,0.75
4878,14,2,2,0,0,18,0.7777777777777778
4879,12,2,2,0,0,16,0.75
4880,12,2,3,0,0,17,0.7058823529411765
4881,12,2,2,0,0,16,0.75
4882,13,2,2,0,0,17,0.7647058823529411
4883,13,2,2,0,0,17,0.7647058823529411
4884,11,2,2,0,0,15,0.7333333333333333
4885,11,2,2,0,0,15,0.7333333333333333
4886,13,2,2,0,0,17,0.7647058823529411
4887,13,2,2,0,0,17,0.7647058823529411
4888,12,2,2,0,0,16,0.75
4889,13,2,3,0,0,18,0.7222222222222222
4890,11,2,2,0,0,15,0.7333333333333333
4891,11,2,2,0,0,15,0.7333333333333333
4892,13,2,2,0,0,17,0.7647058823529411
4893,13,2,2,0,0,17,0.7647058823529411
4894,12,2,2,0,0,16,0.75
4895,12,2,2,0,0,16,0.75
4896,13,2,2,0,0,17,0.7647058823529411
4897,11,2,2,0,0,15,0.7333333333333333
4898,13,2,2,0,0,17,0.7647058823529411
4899,12,2,2,0,0,16,0.75
4900,11,2,2,0,0,15,0.7333333333333333
4901,13,2,2,0,0,17,0.7647058823529411
4902,12,2,2,0,0,16,0.75
4903,14,2,2,0,0,18,0.7777777777777778
4904,13,2,2,0,0,17,0.7647058823529411
4905,12,2,2,0,0,16,0.75
4906,10,2,2,0,0,14,0.7142857142857143
4907,12,2,2,0,0,16,0.75
4908,12,2,2,0,0,16,0.75
4909,12,2,2,0,0,16,0.75
4910,14,2,2,0,0,18,0.7777777777777778
4911,12,2,2,0,0,16,0.75
4912,12,2,2,0,0,16,0.75
4913,12,2,2,0,0,16,0.75
4914,13,2,2,0,0,17,0.7647058823529411
4915,14,2,2,0,0,18,0.7777777777777778
4916,12,2,2,0,0,16,0.75
4917,13,2,2,0,0,17,0.7647058823529411
4918,11,2,2,0,0,15,0.7333333333333333
4919,12,2,2,0,0,16,0.75
4920,11,2,2,0,0,15,0.7333333333333333
4921,13,2,3,0,0,18,0.7222222222222222
4922,13,2,2,0,0,17,0.7647058823529411
4923,13,2,2,0,0,17,0.7647058823529411
4924,13,2,2,0,0,17,0.7647058823529411
4925,12,2,2,0,0,16,0.75
4926,13,2,3,0,0,18,0.7222222222222222
4927,12,2,2,0,0,16,0.75
4928,12,2,3,0,0,17,0.7058823529411765
4929,13,2,2,0,0,17,0.7647058823529411
4930,12,2,4,0,0,18,0.6666666666666666
4931,13,2,2,0,0,17,0.7647058823529411
4932,11,2,2,0,0,15,0.7333333333333333
4933,15,2,2,0,0,19,0.7894736842105263
4934,14,2,2,0,0,18,0.7777777777777778
4935,11,2,2,0,0,15,0.7333333333333333
4936,15,2,2,0,0,19,0.7894736842105263
4937,12,2,2,0,0,16,0.75
4938,12,2,4,0,0,18,0.6666666666666666
4939,13,2,3,0,0,18,0.7222222222222222
4940,12,2,2,0,0,16,0.75
4941,12,2,3,0,0,17,0.7058823529411765
4942,12,3,2,0,0,17,0.7058823529411765
4943,12,2,3,0,0,17,0.7058823529411765
4944,12,2,2,0,0,16,0.75
4945,12,2,2,0,0,16,0.75
4946,13,2,2,0,0,17,0.7647058823529411
4947,12,2,3,0,0,17,0.7058823529411765
4948,13,2,3,0,0,18,0.7222222222222222
4949,14,2,2,0,0,18,0.7777777777777778
4950,12,2,2,0,0,16,0.75
4951,13,2,2,0,0,17,0.7647058823529411
4952,14,2,2,0,0,18,0.7777777777777778
4953,12,2,2,0,0,16,0.75
4954,13,2,2,0,0,17,0.7647058823529411
4955,10,2,2,0,0,14,0.7142857142857143
4956,12,2,2,0,0,16,0.75
4957,11,2,2,0,0,15,0.7333333333333333
4958,14,2,2,0,0,18,0.7777777777777778
4959,13,2,2,0,0,17,0.7647058823529411
4960,14,2,2,0,0,18,0.7777777777777778
4961,14,2,2,0,0,18,0.7777777777777778
4962,13,2,2,0,0,17,0.7647058823529411
4963,13,2,2,0,0,17,0.7647058823529411
4964,14,2,2,0,0,18,0.7777777777777778
4965,12,2,3,0,0,17,0.7058823529411765
4966,13,2,2,0,0,17,0.7647058823529411
4967,10,2,2,0,0,14,0.7142857142857143
4968,13,2,3,0,0,18,0.7222222222222222
4969,12,2,2,0,0,16,0.75
4970,13,2,2,0,0,17,0.7647058823529411
4971,12,2,3,0,0,17,0.7058823529411765
4972,13,2,3,0,0,18,0.7222222222222222
4973,13,2,3,0,0,18,0.7222222222222222
4974,12,2,2,0,0,16,0.75
4975,12,2,2,0,0,16,0.75
4976,13,2,2,0,0,17,0.7647058823529411
4977,11,2,2,0,0,15,0.7333333333333333
4978,12,2,2,0,0,16,0.75
4979,13,2,4,0,0,19,0.6842105263157895
4980,13,2,3,0,0,18,0.7222222222222222
4981,13,2,3,0,0,18,0.7222222222222222
4982,12,2,3,0,0,17,0.7058823529411765
4983,12,2,2,0,0,16,0.75
4984,15,2,2,0,0,19,0.7894736842105263
4985,12,2,2,0,0,16,0.75
4986,11,2,2,0,0,15,0.7333333333333333
4987,13,2,2,0,0,17,0.7647058823529411
4988,13,2,2,0,0,17,0.7647058823529411
4989,12,2,2,0,0,16,0.75
4990,13,2,2,0,0,17,0.7647058823529411
4991,12,2,2,0,0,16,0.75
4992,14,3,2,0,0,19,0.7368421052631579
4993,14,2,3,0,0,19,0.7368421052631579
4994,13,3,3,0,0,19,0.6842105263157895
4995,14,3,2,0,0,19,0.7368421052631579
4996,12,3,2,0,0,17,0.7058823529411765
4997,13,2,2,0,0,17,0.7647058823529411
4998,11,3,3,0,0,17,0.6470588235294118
4999,14,3,3,0,0,20,0.7
5000,14,3,2,0,0,19,0.7368421052631579
5001,14,3,3,0,0,20,0.7
5002,14,2,3,0,0,19,0.7368421052631579
5003,13,3,3,0,0,19,0.6842105263157895
5004,12,2,3,0,0,17,0.7058823529411765
5005,13,2,3,0,0,18,0.7222222222222222
5006,13,3,3,0,0,19,0.6842105263157895
5007,14,2,3,0,0,19,0.7368421052631579
5008,12,3,2,0,0,17,0.7058823529411765
5009,14,2,3,0,0,19,0.7368421052631579
5010,11,3,3,0,0,17,0.6470588235294118
5011,13,3,3,0,0,19,0.6842105263157895
5012,14,3,2,0,0,19,0.7368421052631579
5013,13,3,3,0,0,19,0.6842105263157895
5014,12,2,3,0,0,17,0.7058823529411765
5015,14,3,3,0,0,20,0.7
5016,11,2,3,0,0,16,0.6875
5017,14,2,2,0,0,18,0.7777777777777778
5018,13,3,3,0,0,19,0.6842105263157895
5019,11,3,3,0,0,17,0.6470588235294118
5020,12,3,2,0,0,17,0.7058823529411765
5021,13,3,2,0,0,18,0.7222222222222222
5022,12,3,2,0,0,17,0.7058823529411765
5023,12,2,3,0,0,17,0.7058823529411765
5024,13,3,2,0,0,18,0.7222222222222222
5025,10,2,2,0,0,14,0.7142857142857143
5026,12,2,2,0,0,16,0.75
5027,11,2,2,0,0,15,0.7333333333333333
5028,13,3,2,0,0,18,0.7222222222222222
5029,11,3,2,0,0,16,0.6875
5030,13,3,2,0,0,18,0.7222222222222222
5031,13,3,2,0,0,18,0.7222222222222222
5032,13,3,2,0,0,18,0.7222222222222222
5033,11,3,2,0,0,16,0.6875
5034,13,3,2,0,0,18,0.7222222222222222
5035,12,2,2,0,0,16,0.75
5036,14,3,2,0,0,19,0.7368421052631579
5037,12,3,2,0,0,17,0.7058823529411765
5038,12,3,2,0,0,17,0.7058823529411765
5039,14,3,2,0,0,19,0.7368421052631579
5040,13,3,2,0,0,18,0.7222222222222222
5041,12,2,2,0,0,16,0.75
5042,13,3,2,0,0,18,0.7222222222222222
5043,12,2,2,0,0,16,0.75
5044,13,2,3,0,0,18,0.7222222222222222
5045,13,2,2,0,0,17,0.7647058823529411
5046,12,2,2,0,0,16,0.75
5047,12,2,2,0,0,16,0.75
5048,12,2,2,0,0,16,0.75
5049,11,2,2,0,0,15,0.7333333333333333
5050,13,3,2,0,0,18,0.7222222222222222
5051,13,2,2,0,0,17,0.7647058823529411
5052,12,3,2,0,0,17,0.7058823529411765
5053,13,3,2,0,0,18,0.7222222222222222
5054,12,3,2,0,0,17,0.7058823529411765
5055,12,2,2,0,0,16,0.75
5056,13,2,2,0,0,17,0.7647058823529411
5057,14,2,2,0,0,18,0.7777777777777778
5058,13,2,2,0,0,17,0.7647058823529411
5059,13,2,3,0,0,18,0.7222222222222222
5060,13,2,2,0,0,17,0.7647058823529411
5061,11,2,2,0,0,15,0.7333333333333333
5062,12,1,2,0,0,15,0.8
5063,11,2,2,0,0,15,0.7333333333333333
5064,13,2,2,0,0,17,0.7647058823529411
5065,12,2,2,0,0,16,0.75
5066,11,2,2,0,0,15,0.7333333333333333
5067,12,2,2,0,0,16,0.75
5068,12,2,2,0,0,16,0.75
5069,14,2,2,0,0,18,0.7777777777777778
5070,13,2,2,0,0,17,0.7647058823529411
5071,13,2,2,0,0,17,0.7647058823529411
5072,11,2,2,0,0,15,0.7333333333333333
5073,13,2,2,0,0,17,0.7647058823529411
5074,13,2,2,0,0,17,0.7647058823529411
5075,12,2,2,0,0,16,0.75
5076,12,3,2,0,0,17,0.7058823529411765
5077,12,2,2,0,0,16,0.75
5078,10,2,3,0,0,15,0.6666666666666666
5079,14,2,2,0,0,18,0.7777777777777778
5080,14,2,2,0,0,18,0.7777777777777778
5081,12,2,2,0,0,16,0.75
5082,13,2,2,0,0,17,0.7647058823529411
5083,13,2,2,0,0,17,0.7647058823529411
5084,14,2,2,0,0,18,0.7777777777777778
5085,13,2,2,0,0,17,0.7647058823529411
5086,12,2,2,0,0,16,0.75
5087,14,2,2,0,0,18,0.7777777777777778
5088,13,2,2,0,0,17,0.7647058823529411
5089,12,2,2,0,0,16,0.75
5090,13,3,2,0,0,18,0.7222222222222222
5091,11,1,2,0,0,14,0.7857142857142857
5092,12,2,2,0,0,16,0.75
5093,11,1,2,0,0,14,0.7857142857142857
5094,14,1,2,0,0,17,0.8235294117647058
5095,13,1,2,0,0,16,0.8125
5096,13,2,2,0,0,17,0.7647058823529411
5097,12,2,3,0,0,17,0.7058823529411765
5098,12,1,2,0,0,15,0.8
5099,13,1,3,0,0,17,0.7647058823529411
5100,13,1,3,0,0,17,0.7647058823529411
5101,14,1,2,0,0,17,0.8235294117647058
5102,13,2,3,0,0,18,0.7222222222222222
5103,12,1,2,0,0,15,0.8
5104,12,1,2,0,0,15,0.8
5105,12,1,2,0,0,15,0.8
5106,11,2,3,0,0,16,0.6875
5107,11,1,3,0,0,15,0.7333333333333333
5108,12,2,2,0,0,16,0.75
5109,12,1,2,0,0,15,0.8
5110,10,2,2,0,0,14,0.7142857142857143
5111,13,1,2,0,0,16,0.8125
5112,12,1,3,0,0,16,0.75
5113,13,1,3,0,0,17,0.7647058823529411
5114,12,3,3,0,0,18,0.6666666666666666
5115,10,1,2,0,0,13,0.7692307692307693
5116,12,2,2,0,0,16,0.75
5117,10,2,3,0,0,15,0.6666666666666666
5118,12,2,2,0,0,16,0.75
5119,11,2,3,0,0,16,0.6875
5120,11,1,3,0,0,15,0.7333333333333333
5121,12,2,2,0,0,16,0.75
5122,12,1,2,0,0,15,0.8
5123,12,2,3,0,0,17,0.7058823529411765
5124,11,2,3,0,0,16,0.6875
5125,12,2,3,0,0,17,0.7058823529411765
5126,12,2,3,0,0,17,0.7058823529411765
5127,11,2,3,0,0,16,0.6875
5128,13,2,3,0,0,18,0.7222222222222222
5129,10,2,2,0,0,14,0.7142857142857143
5130,12,2,2,0,0,16,0.75
5131,11,1,3,0,0,15,0.7333333333333333
5132,13,3,3,0,0,19,0.6842105263157895
5133,12,3,2,0,0,17,0.7058823529411765
5134,12,2,2,0,0,16,0.75
5135,14,3,2,0,0,19,0.7368421052631579
5136,14,1,2,0,0,17,0.8235294117647058
5137,12,2,3,0,0,17,0.7058823529411765
5138,13,2,2,0,0,17,0.7647058823529411
5139,13,3,2,0,0,18,0.7222222222222222
5140,13,2,2,0,0,17,0.7647058823529411
5141,14,2,2,0,0,18,0.7777777777777778
5142,14,2,2,0,0,18,0.7777777777777778
5143,12,1,2,0,0,15,0.8
5144,13,3,2,0,0,18,0.7222222222222222
5145,13,3,2,0,0,18,0.7222222222222222
5146,13,2,2,0,0,17,0.7647058823529411
5147,14,2,2,0,0,18,0.7777777777777778
5148,13,2,2,0,0,17,0.7647058823529411
5149,11,1,3,0,0,15,0.7333333333333333
5150,13,2,2,0,0,17,0.7647058823529411
5151,11,2,2,0,0,15,0.7333333333333333
5152,12,3,2,0,0,17,0.7058823529411765
5153,13,2,2,0,0,17,0.7647058823529411
5154,14,2,2,0,0,18,0.7777777777777778
5155,15,3,2,0,0,20,0.75
5156,12,2,2,0,0,16,0.75
5157,15,3,2,0,0,20,0.75
5158,13,2,2,0,0,17,0.7647058823529411
5159,13,3,2,0,0,18,0.7222222222222222
5160,13,3,2,0,0,18,0.7222222222222222
5161,13,3,2,0,0,18,0.7222222222222222
5162,13,2,2,0,0,17,0.7647058823529411
5163,12,3,2,0,0,17,0.7058823529411765
5164,14,3,2,0,0,19,0.7368421052631579
5165,12,2,2,0,0,16,0.75
5166,11,3,2,0,0,16,0.6875
5167,13,3,2,0,0,18,0.7222222222222222
5168,12,3,2,0,0,17,0.7058823529411765
5169,12,3,2,0,0,17,0.7058823529411765
5170,14,3,2,0,0,19,0.7368421052631579
5171,13,2,2,0,0,17,0.7647058823529411
5172,12,2,2,0,0,16,0.75
5173,12,2,2,0,0,16,0.75
5174,14,2,2,0,0,18,0.7777777777777778
5175,12,2,2,0,0,16,0.75
5176,11,3,2,0,0,16,0.6875
5177,13,2,2,0,0,17,0.7647058823529411
5178,13,2,3,0,0,18,0.7222222222222222
5179,12,2,2,0,0,16,0.75
5180,13,2,2,0,0,17,0.7647058823529411
5181,13,3,2,0,0,18,0.7222222222222222
5182,12,2,2,0,0,16,0.75
5183,13,2,2,0,0,17,0.7647058823529411
5184,14,2,2,0,0,18,0.7777777777777778
5185,12,2,3,0,0,17,0.7058823529411765
5186,13,2,3,0,0,18,0.7222222222222222
5187,12,2,2,0,0,16,0.75
5188,13,2,2,0,0,17,0.7647058823529411
5189,13,3,2,0,0,18,0.7222222222222222
5190,14,2,2,0,0,18,0.7777777777777778
5191,12,2,2,0,0,16,0.75
5192,11,2,2,0,0,15,0.7333333333333333
5193,12,2,2,0,0,16,0.75
5194,13,2,2,0,0,17,0.7647058823529411
5195,13,2,2,0,0,17,0.7647058823529411
5196,12,2,2,0,0,16,0.75
5197,13,2,2,0,0,17,0.7647058823529411
5198,13,2,3,0,0,18,0.7222222222222222
5199,13,2,3,0,0,18,0.7222222222222222
5200,14,3,2,0,0,19,0.7368421052631579
5201,12,2,2,0,0,16,0.75
5202,14,3,2,0,0,19,0.7368421052631579
5203,13,3,2,0,0,18,0.7222222222222222
5204,12,3,3,0,0,18,0.6666666666666666
5205,13,3,3,0,0,19,0.6842105263157895
5206,13,3,2,0,0,18,0.7222222222222222
5207,14,3,2,0,0,19,0.7368421052631579
5208,13,2,2,0,0,17,0.7647058823529411
5209,14,2,2,0,0,18,0.7777777777777778
5210,13,3,2,0,0,18,0.7222222222222222
5211,10,2,2,0,0,14,0.7142857142857143
5212,13,2,2,0,0,17,0.7647058823529411
5213,14,2,3,0,0,19,0.7368421052631579
5214,14,2,2,0,0,18,0.7777777777777778
5215,13,2,2,0,0,17,0.7647058823529411
5216,15,3,2,0,0,20,0.75
5217,13,2,3,0,0,18,0.7222222222222222
5218,14,3,2,0,0,19,0.7368421052631579
5219,15,3,2,0,0,20,0.75
5220,14,3,2,0,0,19,0.7368421052631579
5221,13,3,2,0,0,18,0.7222222222222222
5222,14,3,2,0,0,19,0.7368421052631579
5223,12,3,2,0,0,17,0.7058823529411765
5224,13,2,2,0,0,17,0.7647058823529411
5225,13,3,2,0,0,18,0.7222222222222222
5226,13,3,2,0,0,18,0.7222222222222222
5227,13,3,2,0,0,18,0.7222222222222222
5228,13,3,2,0,0,18,0.7222222222222222
5229,13,3,2,0,0,18,0.7222222222222222
5230,14,3,2,0,0,19,0.7368421052631579
5231,12,3,2,0,0,17,0.7058823529411765
5232,14,3,2,0,0,19,0.7368421052631579
5233,12,2,3,0,0,17,0.7058823529411765
5234,14,2,2,0,0,18,0.7777777777777778
5235,13,2,3,0,0,18,0.7222222222222222
5236,12,2,3,0,0,17,0.7058823529411765
5237,12,3,3,0,0,18,0.6666666666666666
5238,14,2,3,0,0,19,0.7368421052631579
5239,13,2,2,0,0,17,0.7647058823529411
5240,12,2,3,0,0,17,0.7058823529411765
5241,13,2,3,0,0,18,0.7222222222222222
5242,14,2,3,0,0,19,0.7368421052631579
5243,12,2,3,0,0,17,0.7058823529411765
5244,12,2,2,0,0,16,0.75
5245,14,2,3,0,0,19,0.7368421052631579
5246,12,3,2,0,0,17,0.7058823529411765
5247,13,2,2,0,0,17,0.7647058823529411
5248,12,3,2,0,0,17,0.7058823529411765
5249,13,2,3,0,0,18,0.7222222222222222
5250,13,3,2,0,0,18,0.7222222222222222
5251,14,2,2,0,0,18,0.7777777777777778
5252,11,2,2,0,0,15,0.7333333333333333
5253,14,3,2,0,0,19,0.7368421052631579
5254,13,2,3,0,0,18,0.7222222222222222
5255,10,3,2,0,0,15,0.6666666666666666
5256,14,2,3,0,0,19,0.7368421052631579
5257,13,2,2,0,0,17,0.7647058823529411
5258,12,2,2,0,0,16,0.75
5259,13,2,2,0,0,17,0.7647058823529411
5260,15,2,3,0,0,20,0.75
5261,15,3,2,0,0,20,0.75
5262,12,2,3,0,0,17,0.7058823529411765
5263,13,3,2,0,0,18,0.7222222222222222
5264,13,2,2,0,0,17,0.7647058823529411
5265,13,2,3,0,0,18,0.7222222222222222
5266,11,2,2,0,0,15,0.7333333333333333
5267,13,2,2,0,0,17,0.7647058823529411
5268,14,2,2,0,0,18,0.7777777777777778
5269,13,2,2,0,0,17,0.7647058823529411
5270,13,3,2,0,0,18,0.7222222222222222
5271,11,2,2,0,0,15,0.7333333333333333
5272,13,3,2,0,0,18,0.7222222222222222
5273,14,2,2,0,0,18,0.7777777777777778
5274,12,2,2,0,0,16,0.75
5275,12,2,2,0,0,16,0.75
5276,13,2,2,0,0,17,0.7647058823529411
5277,15,2,2,0,0,19,0.7894736842105263
5278,12,2,3,0,0,17,0.7058823529411765
5279,13,2,2,0,0,17,0.7647058823529411
5280,13,2,2,0,0,17,0.7647058823529411
5281,13,2,3,0,0,18,0.7222222222222222
5282,14,2,3,0,0,19,0.7368421052631579
5283,12,2,2,0,0,16,0.75
5284,13,2,2,0,0,17,0.7647058823529411
5285,14,2,2,0,0,18,0.7777777777777778
5286,12,2,3,0,0,17,0.7058823529411765
5287,13,2,3,0,0,18,0.7222222222222222
5288,12,2,2,0,0,16,0.75
5289,9,2,3,0,0,14,0.6428571428571429
5290,14,2,3,0,0,19,0.7368421052631579
5291,12,3,2,0,0,17,0.7058823529411765
5292,13,3,2,0,0,18,0.7222222222222222
5293,13,2,2,0,0,17,0.7647058823529411
5294,14,2,2,0,0,18,0.7777777777777778
5295,14,2,2,0,0,18,0.7777777777777778
5296,13,2,2,0,0,17,0.7647058823529411
5297,15,3,2,0,0,20,0.75
5298,12,3,2,0,0,17,0.7058823529411765
5299,14,3,2,0,0,19,0.7368421052631579
5300,13,3,2,0,0,18,0.7222222222222222
5301,14,3,2,0,0,19,0.7368421052631579
5302,13,3,2,0,0,18,0.7222222222222222
5303,14,3,2,0,0,19,0.7368421052631579
5304,13,3,2,0,0,18,0.7222222222222222
5305,13,3,2,0,0,18,0.7222222222222222
5306,15,3,2,0,0,20,0.75
5307,15,3,2,0,0,20,0.75
5308,12,3,2,0,0,17,0.7058823529411765
5309,14,3,2,0,0,19,0.7368421052631579
5310,12,3,2,0,0,17,0.7058823529411765
5311,15,3,2,0,0,20,0.75
5312,14,3,2,0,0,19,0.7368421052631579
5313,13,3,2,0,0,18,0.7222222222222222
5314,13,3,2,0,0,18,0.7222222222222222
5315,13,3,2,0,0,18,0.7222222222222222
5316,12,3,2,0,0,17,0.7058823529411765
5317,14,3,2,0,0,19,0.7368421052631579
5318,14,3,2,0,0,19,0.7368421052631579
5319,14,3,0,0,0,17,0.8235294117647058
5320,11,3,1,0,0,15,0.7333333333333333
5321,11,3,2,0,0,16,0.6875
5322,13,3,1,0,0,17,0.7647058823529411
5323,12,3,2,0,0,17,0.7058823529411765
5324,12,3,2,0,0,17,0.7058823529411765
5325,13,3,2,0,0,18,0.7222222222222222
5326,14,3,2,0,0,19,0.7368421052631579
5327,13,3,2,0,0,18,0.7222222222222222
5328,13,3,1,0,0,17,0.7647058823529411
5329,15,3,2,0,0,20,0.75
5330,14,3,2,0,0,19,0.7368421052631579
5331,15,3,2,0,0,20,0.75
5332,14,3,2,0,0,19,0.7368421052631579
5333,12,3,2,0,0,17,0.7058823529411765
5334,14,3,2,0,0,19,0.7368421052631579
5335,13,3,2,0,0,18,0.7222222222222222
5336,13,3,2,0,0,18,0.7222222222222222
5337,14,3,2,0,0,19,0.7368421052631579
5338,13,2,1,0,0,16,0.8125
5339,14,3,2,0,0,19,0.7368421052631579
5340,13,3,2,0,0,18,0.7222222222222222
5341,12,3,2,0,0,17,0.7058823529411765
5342,13,3,2,0,0,18,0.7222222222222222
5343,12,2,2,0,0,16,0.75
5344,14,3,2,0,0,19,0.7368421052631579
5345,15,3,2,0,0,20,0.75
5346,11,3,3,0,0,17,0.6470588235294118
5347,12,3,2,0,0,17,0.7058823529411765
5348,14,2,3,0,0,19,0.7368421052631579
5349,12,3,2,0,0,17,0.7058823529411765
5350,13,2,2,0,0,17,0.7647058823529411
5351,13,3,2,0,0,18,0.7222222222222222
5352,14,3,2,0,0,19,0.7368421052631579
5353,15,3,2,0,0,20,0.75
5354,13,3,2,0,0,18,0.7222222222222222
5355,13,3,2,0,0,18,0.7222222222222222
5356,16,3,2,0,0,21,0.7619047619047619
5357,11,3,2,0,0,16,0.6875
5358,12,3,2,0,0,17,0.7058823529411765
5359,13,3,2,0,0,18,0.7222222222222222
5360,10,3,2,0,0,15,0.6666666666666666
5361,14,3,2,0,0,19,0.7368421052631579
5362,14,3,2,0,0,19,0.7368421052631579
5363,14,3,2,0,0,19,0.7368421052631579
5364,14,3,2,0,0,19,0.7368421052631579
5365,10,3,3,0,0,16,0.625
5366,14,3,3,0,0,20,0.7
5367,13,3,2,0,0,18,0.7222222222222222
5368,13,3,2,0,0,18,0.7222222222222222
5369,13,3,3,0,0,19,0.6842105263157895
5370,12,3,2,0,0,17,0.7058823529411765
5371,13,3,3,0,0,19,0.6842105263157895
5372,12,3,3,0,0,18,0.6666666666666666
5373,12,3,2,0,0,17,0.7058823529411765
5374,13,3,2,0,0,18,0.7222222222222222
5375,14,3,2,0,0,19,0.7368421052631579
5376,11,3,3,0,0,17,0.6470588235294118
5377,13,3,2,0,0,18,0.7222222222222222
5378,14,3,1,0,0,18,0.7777777777777778
5379,13,3,3,0,0,19,0.6842105263157895
5380,12,3,2,0,0,17,0.7058823529411765
5381,12,3,3,0,0,18,0.6666666666666666
5382,13,3,2,0,0,18,0.7222222222222222
5383,14,3,2,0,0,19,0.7368421052631579
5384,15,3,2,0,0,20,0.75
5385,13,3,2,0,0,18,0.7222222222222222
5386,12,3,2,0,0,17,0.7058823529411765
5387,11,3,3,0,0,17,0.6470588235294118
5388,12,3,2,0,0,17,0.7058823529411765
5389,13,3,2,0,0,18,0.7222222222222222
5390,11,3,3,0,0,17,0.6470588235294118
5391,12,3,3,0,0,18,0.6666666666666666
5392,13,3,2,0,0,18,0.7222222222222222
5393,11,3,2,0,0,16,0.6875
5394,12,3,2,0,0,17,0.7058823529411765
5395,13,3,2,0,0,18,0.7222222222222222
5396,14,3,2,0,0,19,0.7368421052631579
5397,14,3,2,0,0,19,0.7368421052631579
5398,14,3,1,0,0,18,0.7777777777777778
5399,14,3,1,0,0,18,0.7777777777777778
5400,14,3,1,0,0,18,0.7777777777777778
5401,14,3,2,0,0,19,0.7368421052631579
5402,12,3,2,0,0,17,0.7058823529411765
5403,14,3,2,0,0,19,0.7368421052631579
5404,12,3,1,0,0,16,0.75
5405,13,3,2,0,0,18,0.7222222222222222
5406,12,3,2,0,0,17,0.7058823529411765
5407,13,3,1,0,0,17,0.7647058823529411
5408,13,3,2,0,0,18,0.7222222222222222
5409,13,3,1,0,0,17,0.7647058823529411
5410,12,3,1,0,0,16,0.75
5411,13,3,1,0,0,17,0.7647058823529411
5412,13,3,2,0,0,18,0.7222222222222222
5413,14,3,1,0,0,18,0.7777777777777778
5414,14,3,1,0,0,18,0.7777777777777778
5415,14,3,1,0,0,18,0.7777777777777778
5416,13,3,2,0,0,18,0.7222222222222222
5417,12,3,1,0,0,16,0.75
5418,15,3,2,0,0,20,0.75
5419,15,3,2,0,0,20,0.75
5420,14,3,1,0,0,18,0.7777777777777778
5421,14,3,1,0,0,18,0.7777777777777778
5422,12,3,2,0,0,17,0.7058823529411765
5423,12,3,1,0,0,16,0.75
5424,13,3,1,0,0,17,0.7647058823529411
5425,15,3,2,0,0,20,0.75
5426,14,3,1,0,0,18,0.7777777777777778
5427,14,3,2,0,0,19,0.7368421052631579
5428,14,3,2,0,0,19,0.7368421052631579
5429,14,3,1,0,0,18,0.7777777777777778
5430,14,3,2,0,0,19,0.7368421052631579
5431,13,3,2,0,0,18,0.7222222222222222
5432,14,3,2,0,0,19,0.7368421052631579
5433,13,3,2,0,0,18,0.7222222222222222
5434,14,3,1,0,0,18,0.7777777777777778
5435,15,3,2,0,0,20,0.75
5436,12,3,1,0,0,16,0.75
5437,14,3,2,0,0,19,0.7368421052631579
5438,14,3,2,0,0,19,0.7368421052631579
5439,13,3,2,0,0,18,0.7222222222222222
5440,14,3,2,0,0,19,0.7368421052631579
5441,13,3,2,0,0,18,0.7222222222222222
5442,14,3,2,0,0,19,0.7368421052631579
5443,14,3,2,0,0,19,0.7368421052631579
5444,14,3,2,0,0,19,0.7368421052631579
5445,12,3,1,0,0,16,0.75
5446,15,3,2,0,0,20,0.75
5447,15,3,2,0,0,20,0.75
5448,13,3,1,0,0,17,0.7647058823529411
5449,12,3,2,0,0,17,0.7058823529411765
5450,13,3,2,0,0,18,0.7222222222222222
5451,14,3,1,0,0,18,0.7777777777777778
5452,13,3,1,0,0,17,0.7647058823529411
5453,13,3,1,0,0,17,0.7647058823529411
5454,13,3,1,0,0,17,0.7647058823529411
5455,13,3,2,0,0,18,0.7222222222222222
5456,15,3,2,0,0,20,0.75
5457,14,3,2,0,0,19,0.7368421052631579
5458,11,3,2,0,0,16,0.6875
5459,13,3,1,0,0,17,0.7647058823529411
5460,14,3,2,0,0,19,0.7368421052631579
5461,13,3,2,0,0,18,0.7222222222222222
5462,14,3,1,0,0,18,0.7777777777777778
5463,14,3,2,0,0,19,0.7368421052631579
5464,12,3,2,0,0,17,0.7058823529411765
5465,13,3,2,0,0,18,0.7222222222222222
5466,14,3,2,0,0,19,0.7368421052631579
5467,15,3,2,0,0,20,0.75
5468,14,3,2,0,0,19,0.7368421052631579
5469,14,3,2,0,0,19,0.7368421052631579
5470,14,3,2,0,0,19,0.7368421052631579
5471,14,3,1,0,0,18,0.7777777777777778
5472,14,3,2,0,0,19,0.7368421052631579
5473,15,3,2,0,0,20,0.75
5474,14,3,2,0,0,19,0.7368421052631579
5475,14,3,2,0,0,19,0.7368421052631579
5476,14,3,1,0,0,18,0.7777777777777778
5477,13,3,2,0,0,18,0.7222222222222222
5478,14,3,2,0,0,19,0.7368421052631579
5479,14,3,2,0,0,19,0.7368421052631579
5480,14,3,1,0,0,18,0.7777777777777778
5481,13,3,2,0,0,18,0.7222222222222222
5482,14,3,2,0,0,19,0.7368421052631579
5483,14,3,1,0,0,18,0.7777777777777778
5484,13,3,1,0,0,17,0.7647058823529411
5485,12,3,2,0,0,17,0.7058823529411765
5486,15,3,1,0,0,19,0.7894736842105263
5487,14,3,1,0,0,18,0.7777777777777778
5488,14,3,1,0,0,18,0.7777777777777778
5489,13,3,1,0,0,17,0.7647058823529411
5490,13,3,1,0,0,17,0.7647058823529411
5491,12,3,2,0,0,17,0.7058823529411765
5492,14,3,1,0,0,18,0.7777777777777778
5493,15,3,1,0,0,19,0.7894736842105263
5494,15,3,1,0,0,19,0.7894736842105263
5495,15,3,1,0,0,19,0.7894736842105263
5496,11,3,2,0,0,16,0.6875
5497,15,3,1,0,0,19,0.7894736842105263
5498,13,3,1,0,0,17,0.7647058823529411
5499,14,3,1,0,0,18,0.7777777777777778
5500,14,3,1,0,0,18,0.7777777777777778
5501,14,3,1,0,0,18,0.7777777777777778
5502,13,3,1,0,0,17,0.7647058823529411
5503,14,3,2,0,0,19,0.7368421052631579
5504,14,3,1,0,0,18,0.7777777777777778
5505,13,3,1,0,0,17,0.7647058823529411
5506,15,3,2,0,0,20,0.75
5507,13,3,1,0,0,17,0.7647058823529411
5508,14,3,1,0,0,18,0.7777777777777778
5509,13,3,2,0,0,18,0.7222222222222222
5510,13,3,2,0,0,18,0.7222222222222222
5511,12,3,1,0,0,16,0.75
5512,13,3,1,0,0,17,0.7647058823529411
5513,13,3,2,0,0,18,0.7222222222222222
5514,15,3,2,0,0,20,0.75
5515,14,3,2,0,0,19,0.7368421052631579
5516,12,3,2,0,0,17,0.7058823529411765
5517,14,3,1,0,0,18,0.7777777777777778
5518,14,3,1,0,0,18,0.7777777777777778
5519,13,2,1,0,0,16,0.8125
5520,13,3,1,0,0,17,0.7647058823529411
5521,15,3,1,0,0,19,0.7894736842105263
5522,14,3,1,0,0,18,0.7777777777777778
5523,15,3,1,0,0,19,0.7894736842105263
5524,14,3,1,0,0,18,0.7777777777777778
5525,13,3,2,0,0,18,0.7222222222222222
5526,14,3,2,0,0,19,0.7368421052631579
5527,13,3,2,0,0,18,0.7222222222222222
5528,14,3,2,0,0,19,0.7368421052631579
5529,15,3,2,0,0,20,0.75
5530,13,3,2,0,0,18,0.7222222222222222
5531,10,3,2,0,0,15,0.6666666666666666
5532,13,3,2,0,0,18,0.7222222222222222
5533,13,2,2,0,0,17,0.7647058823529411
5534,13,3,2,0,0,18,0.7222222222222222
5535,14,3,1,0,0,18,0.7777777777777778
5536,15,3,2,0,0,20,0.75
5537,14,3,2,0,0,19,0.7368421052631579
5538,14,3,2,0,0,19,0.7368421052631579
5539,13,3,2,0,0,18,0.7222222222222222
5540,16,3,2,0,0,21,0.7619047619047619
5541,13,3,2,0,0,18,0.7222222222222222
5542,13,3,2,0,0,18,0.7222222222222222
5543,13,3,2,0,0,18,0.7222222222222222
5544,13,3,2,0,0,18,0.7222222222222222
5545,14,3,2,0,0,19,0.7368421052631579
5546,12,3,2,0,0,17,0.7058823529411765
5547,13,3,2,0,0,18,0.7222222222222222
5548,14,3,2,0,0,19,0.7368421052631579
5549,13,3,2,0,0,18,0.7222222222222222
5550,13,2,2,0,0,17,0.7647058823529411
5551,13,3,2,0,0,18,0.7222222222222222
5552,13,3,2,0,0,18,0.7222222222222222
5553,14,3,2,0,0,19,0.7368421052631579
5554,13,3,2,0,0,18,0.7222222222222222
5555,15,3,1,0,0,19,0.7894736842105263
5556,11,3,2,0,0,16,0.6875
5557,13,3,2,0,0,18,0.7222222222222222
5558,14,3,2,0,0,19,0.7368421052631579
5559,14,3,2,0,0,19,0.7368421052631579
5560,13,3,2,0,0,18,0.7222222222222222
5561,15,3,2,0,0,20,0.75
5562,15,3,2,0,0,20,0.75
5563,15,3,2,0,0,20,0.75
5564,13,3,2,0,0,18,0.7222222222222222
5565,15,3,1,0,0,19,0.7894736842105263
5566,13,3,2,0,0,18,0.7222222222222222
5567,12,3,2,0,0,17,0.7058823529411765
5568,11,3,1,0,0,15,0.7333333333333333
5569,15,3,2,0,0,20,0.75
5570,12,3,1,0,0,16,0.75
5571,13,3,2,0,0,18,0.7222222222222222
5572,12,3,2,0,0,17,0.7058823529411765
5573,13,3,1,0,0,17,0.7647058823529411
5574,14,3,1,0,0,18,0.7777777777777778
5575,11,3,1,0,0,15,0.7333333333333333
5576,11,3,1,0,0,15,0.7333333333333333
5577,13,2,1,0,0,16,0.8125
5578,14,3,2,0,0,19,0.7368421052631579
5579,15,3,1,0,0,19,0.7894736842105263
5580,11,3,2,0,0,16,0.6875
5581,12,3,1,0,0,16,0.75
5582,12,3,1,0,0,16,0.75
5583,12,3,2,0,0,17,0.7058823529411765
5584,12,3,2,0,0,17,0.7058823529411765
5585,13,3,1,0,0,17,0.7647058823529411
5586,12,2,1,0,0,15,0.8
5587,14,3,1,0,0,18,0.7777777777777778
5588,14,3,1,0,0,18,0.7777777777777778
5589,12,3,2,0,0,17,0.7058823529411765
5590,13,3,1,0,0,17,0.7647058823529411
5591,14,3,2,0,0,19,0.7368421052631579
5592,14,3,1,0,0,18,0.7777777777777778
5593,13,3,1,0,0,17,0.7647058823529411
5594,14,3,1,0,0,18,0.7777777777777778
5595,14,3,1,0,0,18,0.7777777777777778
5596,14,3,1,0,0,18,0.7777777777777778
5597,14,3,2,0,0,19,0.7368421052631579
5598,13,3,2,0,0,18,0.7222222222222222
5599,14,3,1,0,0,18,0.7777777777777778
